"locus","chr","start","stop","processed","K","n_snps","h2_MDD_noUKB","h2_BIP_noUKB","p_MDD_noUKB","p_BIP_noUKB","gate_pass","rho_hat","rho_raw","paramlim_drop","rho_lower","rho_upper","bivar_p","n_pheno_returned","dropped_pheno"
1,1,10539,1376204,TRUE,201,1421,0.000318125,0.000303989,0.0172513,8.37358e-06,TRUE,0.132318,0.132318,FALSE,-0.56259,0.80345,0.637855,2,NA
2,1,1376205,2215495,TRUE,171,1235,NA,0.000109619,NA,0.0285589,FALSE,NA,NA,NA,NA,NA,NA,1,"MDD_noUKB"
3,1,2215496,2983519,TRUE,289,1560,0.000709343,0.000410497,7.71154e-05,2.88982e-07,TRUE,-0.134695,-0.134695,FALSE,-0.60897,0.25016,0.49362,2,NA
4,1,2983520,3582047,TRUE,334,1544,NA,8.62382e-05,NA,0.13246,FALSE,NA,NA,NA,NA,NA,NA,1,"MDD_noUKB"
5,1,3582048,4281476,TRUE,264,1882,0.000114331,0.000305538,0.237036,3.4496e-05,FALSE,NA,NA,NA,NA,NA,NA,2,NA
6,1,4281477,4773403,TRUE,272,1915,8.90473e-05,0.000161741,0.288288,0.0120222,FALSE,NA,NA,NA,NA,NA,NA,2,NA
7,1,4773404,5362404,TRUE,328,1796,0.000319854,0.00031441,0.0429667,7.47885e-05,TRUE,-0.328939,-0.328939,FALSE,-1,0.30865,0.300087,2,NA
8,1,5362405,6136814,TRUE,318,1860,0.00015213,0.000224232,0.195027,0.00235567,FALSE,NA,NA,NA,NA,NA,NA,2,NA
9,1,6136815,7711794,TRUE,500,3244,0.000520393,0.000306094,0.012565,0.000974599,TRUE,-0.314559,-0.314559,FALSE,-1,0.2658,0.293567,2,NA
10,1,7711795,8580987,TRUE,272,1862,0.000325821,7.55094e-05,0.0283007,0.134425,FALSE,NA,NA,NA,NA,NA,NA,2,NA
11,1,8580988,9475966,TRUE,359,1757,0.000645396,0.000191312,0.000736374,0.00995445,TRUE,-0.306115,-0.306115,FALSE,-1,0.27255,0.299191,2,NA
12,1,9475967,10753427,TRUE,294,2147,0.000170901,0.00021386,0.159947,0.00265636,FALSE,NA,NA,NA,NA,NA,NA,2,NA
13,1,10753428,11709173,TRUE,333,2003,0.000218458,0.000196783,0.120276,0.010326,FALSE,NA,NA,NA,NA,NA,NA,2,NA
14,1,11709174,13481025,TRUE,366,2534,0.000300967,0.000210395,0.0629788,0.00665225,FALSE,NA,NA,NA,NA,NA,NA,2,NA
15,1,13481026,14720131,TRUE,412,2742,0.000417284,0.000448629,0.0231477,8.2115e-07,TRUE,0.205324,0.205324,FALSE,-0.39911,0.89178,0.435878,2,NA
16,1,14720132,15755230,TRUE,517,2849,NA,5.9609e-05,NA,0.260263,FALSE,NA,NA,NA,NA,NA,NA,1,"MDD_noUKB"
17,1,15755231,16732168,TRUE,216,2238,NA,8.38573e-05,NA,0.0895272,FALSE,NA,NA,NA,NA,NA,NA,1,"MDD_noUKB"
18,1,16732169,17557746,TRUE,171,1095,NA,0.000207458,NA,0.000322346,FALSE,NA,NA,NA,NA,NA,NA,1,"MDD_noUKB"
19,1,17557747,18427820,TRUE,353,2155,0.000586402,0.000249165,0.00169271,0.00144617,TRUE,-0.0290814,-0.0290814,FALSE,-0.77999,0.55485,0.915194,2,NA
20,1,18427821,19238924,TRUE,459,2294,0.000675311,0.000127029,0.0014311,0.0791817,FALSE,NA,NA,NA,NA,NA,NA,2,NA
21,1,19238925,20556202,TRUE,433,3341,NA,0.000368274,NA,4.00905e-05,FALSE,NA,NA,NA,NA,NA,NA,1,"MDD_noUKB"
22,1,20556203,21416121,TRUE,226,1878,0.000143288,0.000103306,0.16931,0.054493,FALSE,NA,NA,NA,NA,NA,NA,2,NA
23,1,21416122,22145629,TRUE,258,1835,9.38357e-06,0.000289752,0.465062,4.62366e-05,FALSE,NA,NA,NA,NA,NA,NA,2,NA
24,1,22145630,22740287,TRUE,252,1720,0.000148276,0.000175811,0.173767,0.00620155,FALSE,NA,NA,NA,NA,NA,NA,2,NA
25,1,22740288,23907045,TRUE,328,1950,0.000168332,0.000275247,0.175633,0.00039394,FALSE,NA,NA,NA,NA,NA,NA,2,NA
26,1,23907046,25885138,TRUE,506,3292,0.000205388,0.000341801,0.18027,0.000337701,FALSE,NA,NA,NA,NA,NA,NA,2,NA
27,1,25885139,27992665,TRUE,418,3023,0.000717872,0.000496818,0.000518506,1.27281e-07,TRUE,-0.394743,-0.394743,FALSE,-0.99949,0.00087,0.0516091,2,NA
28,1,27992666,29188426,TRUE,218,1921,0.000223908,9.41583e-05,0.071294,0.0834754,FALSE,NA,NA,NA,NA,NA,NA,2,NA
29,1,29188427,30405182,TRUE,357,2265,0.000347418,0.000353378,0.0370057,2.04729e-05,TRUE,0.343114,0.343114,FALSE,-0.31542,1,0.251403,2,NA
30,1,30405183,31639217,TRUE,402,2944,0.00018924,0.000454316,0.171946,5.65372e-07,FALSE,NA,NA,NA,NA,NA,NA,2,NA
31,1,31639218,33066846,TRUE,298,2147,0.000313759,0.000235368,0.0404369,0.00114528,TRUE,-0.560725,-0.560725,FALSE,-1,0.13083,0.106106,2,NA
32,1,33066847,34371022,TRUE,329,2137,0.00081183,0.000573713,2.39253e-05,4.11167e-11,TRUE,-0.115229,-0.115229,FALSE,-0.49832,0.213,0.495912,2,NA
33,1,34371023,35201626,TRUE,339,2044,NA,0.000174426,NA,0.0157094,FALSE,NA,NA,NA,NA,NA,NA,1,"MDD_noUKB"
34,1,35201627,36855139,TRUE,273,1656,0.000350995,0.000276782,0.0213225,0.000151247,TRUE,-0.118703,-0.118703,FALSE,-1,0.53126,0.694235,2,NA
35,1,36855140,38474036,TRUE,498,3349,0.000400728,0.000219505,0.0396449,0.0117425,TRUE,0.344135,0.344135,FALSE,-0.63742,1,0.374845,2,NA
36,1,38474037,40200950,TRUE,479,3255,0.00042966,0.000812611,0.0282474,8.9966e-15,TRUE,0.236987,0.236987,FALSE,-0.24607,0.83278,0.283832,2,NA
37,1,40200951,41093875,TRUE,239,1839,0.000162457,0.000158821,0.146732,0.00980914,FALSE,NA,NA,NA,NA,NA,NA,2,NA
38,1,41093876,41977966,TRUE,280,2128,0.000339748,0.000379115,0.0252479,6.72505e-07,TRUE,0.0960126,0.0960126,FALSE,-0.58346,0.71927,0.723062,2,NA
39,1,41977967,43512669,TRUE,310,2979,0.000408831,0.000379982,0.0132674,1.96446e-06,TRUE,0.270322,0.270322,FALSE,-0.29205,0.93976,0.296386,2,NA
40,1,43512670,45167235,TRUE,380,2947,0.000470155,0.000227864,0.0106579,0.00437449,TRUE,0.114325,0.114325,FALSE,-0.74792,0.95696,0.722899,2,NA
41,1,45167236,47257261,TRUE,279,3254,0.00065684,0.000378252,0.000163548,7.91655e-07,TRUE,-0.0341167,-0.0341167,FALSE,-0.50907,0.39181,0.867505,2,NA
42,1,47257262,48105233,TRUE,187,1512,0.000415216,0.000106414,0.00250063,0.034827,TRUE,-0.135004,-0.135004,FALSE,-1,0.68943,0.709169,2,NA
43,1,48105234,49185414,TRUE,301,2031,7.45192e-05,0.00025844,0.325745,0.000511413,FALSE,NA,NA,NA,NA,NA,NA,2,NA
44,1,49185415,51777577,TRUE,212,2776,0.000237491,8.06637e-05,0.0562539,0.092343,FALSE,NA,NA,NA,NA,NA,NA,2,NA
45,1,51777578,53114186,TRUE,154,1852,0.000177069,0.000105915,0.0816786,0.0266181,FALSE,NA,NA,NA,NA,NA,NA,2,NA
46,1,53114187,54771293,TRUE,479,3473,0.000466569,0.000454269,0.0199104,3.54358e-06,TRUE,0.0864598,0.0864598,FALSE,-0.59647,0.7249,0.744604,2,NA
47,1,54771294,55727134,TRUE,395,2434,NA,0.000292283,NA,0.000508741,FALSE,NA,NA,NA,NA,NA,NA,1,"MDD_noUKB"
48,1,55727135,56799636,TRUE,286,2785,0.000107701,0.000502611,0.256623,6.03858e-10,FALSE,NA,NA,NA,NA,NA,NA,2,NA
49,1,56799637,57529670,TRUE,266,1866,0.000111331,6.11883e-05,0.242633,0.183017,FALSE,NA,NA,NA,NA,NA,NA,2,NA
50,1,57529671,58387483,TRUE,258,2010,NA,1.47612e-05,NA,0.402294,FALSE,NA,NA,NA,NA,NA,NA,1,"MDD_noUKB"
51,1,58387484,59889045,TRUE,417,3325,9.47912e-06,0.000297501,0.472314,0.000488253,FALSE,NA,NA,NA,NA,NA,NA,2,NA
52,1,59889046,61377615,TRUE,380,2704,NA,0.000201161,NA,0.00926389,FALSE,NA,NA,NA,NA,NA,NA,1,"MDD_noUKB"
53,1,61377616,62778733,TRUE,507,3173,0.000240709,0.000385988,0.143282,7.10852e-05,FALSE,NA,NA,NA,NA,NA,NA,2,NA
54,1,62778734,64344226,TRUE,411,3105,0.00017994,0.000305493,0.185644,0.000338084,FALSE,NA,NA,NA,NA,NA,NA,2,NA
55,1,64344227,65894184,TRUE,399,3058,0.000147239,0.00022392,0.227345,0.00544035,FALSE,NA,NA,NA,NA,NA,NA,2,NA
56,1,65894185,66778015,TRUE,166,1896,0.000183569,NA,0.0823607,NA,FALSE,NA,NA,NA,NA,NA,NA,1,"BIP_noUKB"
57,1,66778016,67761890,TRUE,225,2324,0.000178086,6.974e-05,0.118945,0.130495,FALSE,NA,NA,NA,NA,NA,NA,2,NA
58,1,67761891,68633860,TRUE,265,1834,0.000164051,0.000234829,0.156704,0.000800163,FALSE,NA,NA,NA,NA,NA,NA,2,NA
59,1,68633861,69438909,TRUE,194,1863,0.000184164,0.000191468,0.0964288,0.00118752,FALSE,NA,NA,NA,NA,NA,NA,2,NA
60,1,69438910,70992905,TRUE,357,2840,0.000277193,0.00044414,0.0745183,2.50843e-07,FALSE,NA,NA,NA,NA,NA,NA,2,NA
61,1,70992906,72513119,TRUE,265,2674,0.000579412,0.000295932,0.000525973,3.86743e-05,TRUE,-0.0132411,-0.0132411,FALSE,-0.60865,0.45243,0.954528,2,NA
62,1,72513120,73992170,TRUE,159,2718,0.000288722,0.000296055,0.0158161,7.01118e-07,TRUE,0.497861,0.497861,FALSE,-0.04342,1,0.0656282,2,NA
63,1,73992171,75132092,TRUE,200,1864,0.000239256,3.16418e-05,0.0508711,0.285354,FALSE,NA,NA,NA,NA,NA,NA,2,NA
64,1,75132093,76097247,TRUE,153,1828,NA,0.000260859,NA,5.04142e-06,FALSE,NA,NA,NA,NA,NA,NA,1,"MDD_noUKB"
65,1,76097248,76977915,TRUE,217,2245,5.40275e-05,0.000177335,0.346511,0.00332329,FALSE,NA,NA,NA,NA,NA,NA,2,NA
66,1,76977916,77895394,TRUE,231,2194,0.000211775,0.000241962,0.0855257,0.000268728,FALSE,NA,NA,NA,NA,NA,NA,2,NA
67,1,77895395,79065286,TRUE,205,2198,0.000145578,0.000440809,0.155222,8.13137e-10,FALSE,NA,NA,NA,NA,NA,NA,2,NA
68,1,79065287,80099353,TRUE,187,2681,0.00015967,0.000239213,0.123016,8.00393e-05,FALSE,NA,NA,NA,NA,NA,NA,2,NA
69,1,80099354,80781442,TRUE,131,1740,2.97014e-05,9.91423e-05,0.383311,0.0255618,FALSE,NA,NA,NA,NA,NA,NA,2,NA
70,1,80781443,82123368,TRUE,415,3380,0.000555629,0.000495994,0.00487648,2.39282e-07,TRUE,-0.42425,-0.42425,FALSE,-1,0.02718,0.0631574,2,NA
71,1,82123369,83461215,TRUE,323,3123,NA,0.00026955,NA,0.000390013,FALSE,NA,NA,NA,NA,NA,NA,1,"MDD_noUKB"
72,1,83461216,84728347,TRUE,261,2296,NA,0.000405277,NA,6.54106e-08,FALSE,NA,NA,NA,NA,NA,NA,1,"MDD_noUKB"
73,1,84728348,86017267,TRUE,392,3069,NA,0.000386931,NA,1.10147e-05,FALSE,NA,NA,NA,NA,NA,NA,1,"MDD_noUKB"
74,1,86017268,86761554,TRUE,174,1935,4.19181e-05,0.000203029,0.3629,0.000398784,FALSE,NA,NA,NA,NA,NA,NA,2,NA
75,1,86761555,87667572,TRUE,175,1870,2.23469e-05,0.000250504,0.419377,2.93562e-05,FALSE,NA,NA,NA,NA,NA,NA,2,NA
76,1,87667573,88656689,TRUE,349,1876,0.000407539,0.000141764,0.0179513,0.0389507,TRUE,-0.516904,-0.516904,FALSE,-1,0.30548,0.204482,2,NA
77,1,88656690,89753964,TRUE,224,2145,0.000633154,0.000151502,7.30754e-05,0.0108484,TRUE,-0.528207,-0.528207,FALSE,-1,0.02678,0.0611177,2,NA
78,1,89753965,90941549,TRUE,317,2113,5.828e-05,0.0003029,0.36268,9.5278e-05,FALSE,NA,NA,NA,NA,NA,NA,2,NA
79,1,90941550,91870059,TRUE,241,1939,0.000164554,6.39884e-05,0.145056,0.162004,FALSE,NA,NA,NA,NA,NA,NA,2,NA
80,1,91870060,92904465,TRUE,259,2021,0.00041704,0.0003676,0.00717822,8.2349e-07,TRUE,0.219921,0.219921,FALSE,-0.33262,0.7924,0.372221,2,NA
81,1,92904466,94168576,TRUE,182,1920,NA,6.00765e-05,NA,0.140968,FALSE,NA,NA,NA,NA,NA,NA,1,"MDD_noUKB"
82,1,94168577,95122541,TRUE,259,2004,0.000328638,0.000331938,0.0254469,9.74941e-06,TRUE,-0.0184361,-0.0184361,FALSE,-0.82043,0.62309,0.949006,2,NA
83,1,95122542,96147576,TRUE,289,2521,NA,0.000388413,NA,6.1736e-07,FALSE,NA,NA,NA,NA,NA,NA,1,"MDD_noUKB"
84,1,96147577,97721186,TRUE,309,3114,0.000321992,0.000352294,0.0377774,7.20482e-06,TRUE,0.622892,0.622892,FALSE,0.06725,1,0.0358485,2,NA
85,1,97721187,99425000,TRUE,400,3602,0.000946335,0.000294397,8.28932e-06,0.00050596,TRUE,-0.0416832,-0.0416832,FALSE,-0.59037,0.3977,0.848696,2,NA
86,1,99425001,100269207,TRUE,248,2022,0.000109572,0.000282645,0.238008,5.28078e-05,FALSE,NA,NA,NA,NA,NA,NA,2,NA
87,1,100269208,101188315,TRUE,150,1705,NA,0.000384693,NA,1.0156e-09,FALSE,NA,NA,NA,NA,NA,NA,1,"MDD_noUKB"
88,1,101188316,102424611,TRUE,331,3004,7.11059e-05,0.000251842,0.339984,0.000979895,FALSE,NA,NA,NA,NA,NA,NA,2,NA
89,1,102424612,103148412,TRUE,130,1801,NA,0.000178607,NA,0.000386621,FALSE,NA,NA,NA,NA,NA,NA,1,"MDD_noUKB"
90,1,103148413,103784541,TRUE,78,1925,0.00010875,NA,0.112246,NA,FALSE,NA,NA,NA,NA,NA,NA,1,"BIP_noUKB"
91,1,103784542,104984435,TRUE,165,1913,NA,0.000314185,NA,5.89167e-07,FALSE,NA,NA,NA,NA,NA,NA,1,"MDD_noUKB"
92,1,104984436,106089656,TRUE,200,3280,NA,0.000266801,NA,2.54064e-05,FALSE,NA,NA,NA,NA,NA,NA,1,"MDD_noUKB"
93,1,106089657,106864947,TRUE,206,1787,0.000341227,8.8698e-05,0.0122706,0.0734597,FALSE,NA,NA,NA,NA,NA,NA,2,NA
94,1,106864948,107874653,TRUE,235,1877,7.86339e-05,0.000211777,0.295724,0.000997585,FALSE,NA,NA,NA,NA,NA,NA,2,NA
95,1,107874654,109271449,TRUE,347,2750,0.00036046,0.000353505,0.0306145,1.6207e-05,TRUE,0.0905996,0.0905996,FALSE,-0.71626,0.80576,0.756332,2,NA
96,1,109271450,110224230,TRUE,283,1968,0.000153899,0.000263211,0.1784,0.000270425,FALSE,NA,NA,NA,NA,NA,NA,2,NA
97,1,110224231,111134062,TRUE,350,1733,0.000668982,0.000447456,0.000455743,2.2142e-07,TRUE,-0.0658731,-0.0658731,FALSE,-0.55304,0.32907,0.748203,2,NA
98,1,111134063,112489248,TRUE,455,3378,NA,0.000568166,NA,4.63788e-09,FALSE,NA,NA,NA,NA,NA,NA,1,"MDD_noUKB"
99,1,112489249,113418037,TRUE,289,1764,0.000249776,0.000311569,0.0750532,3.24974e-05,FALSE,NA,NA,NA,NA,NA,NA,2,NA
100,1,113418038,114664387,TRUE,266,2032,0.000381352,0.000275477,0.013375,0.00017312,TRUE,0.268657,0.268657,FALSE,-0.38558,1,0.35727,2,NA
101,1,114664388,116207297,TRUE,395,3506,9.03483e-05,0.000343186,0.317649,5.28634e-05,FALSE,NA,NA,NA,NA,NA,NA,2,NA
102,1,116207298,117046311,TRUE,251,1762,3.12967e-05,0.000163028,0.410471,0.00935635,FALSE,NA,NA,NA,NA,NA,NA,2,NA
103,1,117046312,118118667,TRUE,309,1893,NA,0.000220698,NA,0.00233681,FALSE,NA,NA,NA,NA,NA,NA,1,"MDD_noUKB"
104,1,118118668,119408888,TRUE,260,2528,NA,0.000256929,NA,0.000244967,FALSE,NA,NA,NA,NA,NA,NA,1,"MDD_noUKB"
105,1,119408889,120345066,TRUE,245,1869,0.000332137,0.00020496,0.0211451,0.00174381,TRUE,0.537497,0.537497,FALSE,-0.128,1,0.106741,2,NA
106,1,120345067,145803848,TRUE,63,262,3.79334e-05,0.000164658,0.30651,0.000144948,FALSE,NA,NA,NA,NA,NA,NA,2,NA
107,1,145803849,147083835,TRUE,130,1584,0.000145527,9.64124e-05,0.111726,0.0273573,FALSE,NA,NA,NA,NA,NA,NA,2,NA
108,1,147083836,149716037,TRUE,129,907,2.2658e-05,7.26445e-05,0.409065,0.0749309,FALSE,NA,NA,NA,NA,NA,NA,2,NA
109,1,149716038,151146407,TRUE,173,2045,NA,0.000170505,NA,0.00260241,FALSE,NA,NA,NA,NA,NA,NA,1,"MDD_noUKB"
110,1,151146408,152535630,TRUE,268,2022,0.000254532,0.000226056,0.0645911,0.000957996,FALSE,NA,NA,NA,NA,NA,NA,2,NA
111,1,152535631,153410809,TRUE,179,1698,NA,0.000201161,NA,0.000482204,FALSE,NA,NA,NA,NA,NA,NA,1,"MDD_noUKB"
112,1,153410810,154685545,TRUE,282,1939,0.000484208,0.00047334,0.00370837,3.61471e-09,TRUE,-0.000390608,-0.000390608,FALSE,-0.54429,0.4565,0.998565,2,NA
113,1,154685546,156813845,TRUE,519,2822,0.00100775,0.000452758,2.22044e-05,6.5784e-06,TRUE,-0.0119199,-0.0119199,FALSE,-0.45718,0.37871,0.950995,2,NA
114,1,156813846,158081627,TRUE,404,2989,NA,0.000189162,NA,0.0144383,FALSE,NA,NA,NA,NA,NA,NA,1,"MDD_noUKB"
115,1,158081628,158900369,TRUE,197,2302,0.000153022,2.48795e-05,0.138704,0.324779,FALSE,NA,NA,NA,NA,NA,NA,2,NA
116,1,158900370,159882515,TRUE,260,2091,NA,0.000190097,NA,0.0040672,FALSE,NA,NA,NA,NA,NA,NA,1,"MDD_noUKB"
117,1,159882516,161054076,TRUE,390,2425,NA,0.00030007,NA,0.000393385,FALSE,NA,NA,NA,NA,NA,NA,1,"MDD_noUKB"
118,1,161054077,161945442,TRUE,218,1784,NA,0.000131966,NA,0.0205148,FALSE,NA,NA,NA,NA,NA,NA,1,"MDD_noUKB"
119,1,161945443,163141862,TRUE,429,2986,0.000304515,0.00031577,0.0739589,0.000326702,FALSE,NA,NA,NA,NA,NA,NA,2,NA
120,1,163141863,163854567,TRUE,176,1868,NA,0.000161593,NA,0.00328305,FALSE,NA,NA,NA,NA,NA,NA,1,"MDD_noUKB"
121,1,163854568,164726579,TRUE,254,1787,5.43518e-05,0.000183353,0.356912,0.00475885,FALSE,NA,NA,NA,NA,NA,NA,2,NA
122,1,164726580,165553812,TRUE,327,2118,0.000303087,0.000222132,0.0509628,0.00263404,FALSE,NA,NA,NA,NA,NA,NA,2,NA
123,1,165553813,166458031,TRUE,285,1831,9.53244e-05,0.000102928,0.280413,0.0799143,FALSE,NA,NA,NA,NA,NA,NA,2,NA
124,1,166458032,167163954,TRUE,192,1970,4.00245e-05,0.00018208,0.374365,0.00180021,FALSE,NA,NA,NA,NA,NA,NA,2,NA
125,1,167163955,168179086,TRUE,333,2016,0.000259538,0.000295149,0.0813282,0.000186422,FALSE,NA,NA,NA,NA,NA,NA,2,NA
126,1,168179087,169521551,TRUE,409,3398,0.000152311,0.000338612,0.222418,9.04811e-05,FALSE,NA,NA,NA,NA,NA,NA,2,NA
127,1,169521552,170193207,FALSE,NA,NA,NA,NA,NA,NA,FALSE,NA,NA,NA,NA,NA,NA,NA,NA
128,1,170193208,171044255,TRUE,180,1791,0.000137967,4.61175e-05,0.151472,0.198669,FALSE,NA,NA,NA,NA,NA,NA,2,NA
129,1,171044256,172465153,TRUE,292,3231,0.000201241,0.000545496,0.120749,2.47368e-11,FALSE,NA,NA,NA,NA,NA,NA,2,NA
130,1,172465154,173582511,TRUE,270,1775,NA,0.000238428,NA,0.000580081,FALSE,NA,NA,NA,NA,NA,NA,1,"MDD_noUKB"
131,1,173582512,175385220,TRUE,179,2986,9.66127e-05,0.000259892,0.229445,1.71816e-05,FALSE,NA,NA,NA,NA,NA,NA,2,NA
132,1,175385221,176449096,TRUE,239,2003,0.000176326,0.000191084,0.129595,0.00301413,FALSE,NA,NA,NA,NA,NA,NA,2,NA
133,1,176449097,177746472,TRUE,266,2302,0.000328383,0.00015752,0.0264603,0.0133563,TRUE,-0.338304,-0.338304,FALSE,-1,0.44205,0.379174,2,NA
134,1,177746473,178915113,TRUE,221,2213,0.000341137,0.000304297,0.0146577,6.75953e-06,TRUE,0.467101,0.467101,FALSE,-0.06772,1,0.0887251,2,NA
135,1,178915114,180221608,TRUE,233,3393,0.000410229,0.000405248,0.00577481,1.73642e-08,TRUE,0.0742172,0.0742172,FALSE,-0.47829,0.56355,0.747384,2,NA
136,1,180221609,181324205,TRUE,266,2303,0.00016763,0.000237796,0.151855,0.000603567,FALSE,NA,NA,NA,NA,NA,NA,2,NA
137,1,181324206,182420540,TRUE,315,2430,NA,0.000209403,NA,0.00376346,FALSE,NA,NA,NA,NA,NA,NA,1,"MDD_noUKB"
138,1,182420541,183920616,TRUE,328,3125,0.000213721,0.000715001,0.121036,2.65979e-15,FALSE,NA,NA,NA,NA,NA,NA,2,NA
139,1,183920617,184953089,TRUE,239,1958,NA,0.000205289,NA,0.00166951,FALSE,NA,NA,NA,NA,NA,NA,1,"MDD_noUKB"
140,1,184953090,186179447,TRUE,234,1570,0.000115636,0.000266064,0.221744,0.000103516,FALSE,NA,NA,NA,NA,NA,NA,2,NA
141,1,186179448,187072605,TRUE,165,1837,5.27431e-05,0.000101775,0.329115,0.0320503,FALSE,NA,NA,NA,NA,NA,NA,2,NA
142,1,187072606,187757076,TRUE,159,1748,NA,0.000114213,NA,0.0197451,FALSE,NA,NA,NA,NA,NA,NA,1,"MDD_noUKB"
143,1,187757077,188625772,TRUE,144,2636,6.15999e-05,0.000142863,0.29435,0.00425992,FALSE,NA,NA,NA,NA,NA,NA,2,NA
144,1,188625773,189904637,TRUE,163,3054,9.41339e-05,0.000133781,0.229236,0.016066,FALSE,NA,NA,NA,NA,NA,NA,2,NA
145,1,189904638,191419275,TRUE,212,3300,NA,0.000233366,NA,0.000245454,FALSE,NA,NA,NA,NA,NA,NA,1,"MDD_noUKB"
146,1,191419276,192468373,TRUE,194,2144,NA,0.000162282,NA,0.0043577,FALSE,NA,NA,NA,NA,NA,NA,1,"MDD_noUKB"
147,1,192468374,193575516,TRUE,224,1865,NA,5.08702e-05,NA,0.207228,FALSE,NA,NA,NA,NA,NA,NA,1,"MDD_noUKB"
148,1,193575517,194365688,TRUE,158,2192,0.000210564,0.00011481,0.053423,0.0200737,FALSE,NA,NA,NA,NA,NA,NA,2,NA
149,1,194365689,195161235,TRUE,118,2366,0.000288394,3.61876e-05,0.00717246,0.203116,FALSE,NA,NA,NA,NA,NA,NA,2,NA
150,1,195161236,196179110,TRUE,211,2212,NA,0.000113415,NA,0.0346893,FALSE,NA,NA,NA,NA,NA,NA,1,"MDD_noUKB"
151,1,196179111,197935821,TRUE,241,2283,0.000288415,0.000278886,0.0367063,4.62279e-05,TRUE,0.176879,0.176879,FALSE,-0.61973,1,0.570465,2,NA
152,1,197935822,199263389,TRUE,288,2824,NA,0.000298327,NA,7.3936e-05,FALSE,NA,NA,NA,NA,NA,NA,1,"MDD_noUKB"
153,1,199263390,200134005,TRUE,199,2406,0.000298536,0.000217727,0.0217711,0.000357143,TRUE,-0.172085,-0.172085,FALSE,-1,0.51478,0.588075,2,NA
154,1,200134006,201067952,TRUE,248,2031,0.000408285,0.000287762,0.00722928,3.65574e-05,TRUE,-0.597244,-0.597244,FALSE,-1,-0.08087,0.0262123,2,NA
155,1,201067953,202583884,TRUE,578,3251,0.00030757,0.000373826,0.102282,0.000222164,FALSE,NA,NA,NA,NA,NA,NA,2,NA
156,1,202583885,204092537,TRUE,523,3143,2.34294e-05,0.000559673,0.451201,5.86434e-08,FALSE,NA,NA,NA,NA,NA,NA,2,NA
157,1,204092538,205009623,TRUE,321,1990,0.000318545,0.000285536,0.0424742,0.00023238,TRUE,-0.390497,-0.390497,FALSE,-1,0.2624,0.233907,2,NA
158,1,205009624,205917548,TRUE,307,2180,0.000111177,0.00022753,0.257675,0.00179509,FALSE,NA,NA,NA,NA,NA,NA,2,NA
159,1,205917549,208162951,TRUE,408,3028,9.81342e-05,0.000465308,0.309082,4.60521e-07,FALSE,NA,NA,NA,NA,NA,NA,2,NA
160,1,208162952,209711169,TRUE,594,3287,0.000284736,0.000164498,0.122531,0.0550619,FALSE,NA,NA,NA,NA,NA,NA,2,NA
161,1,209711170,211082892,TRUE,403,3064,0.000273581,0.000528752,0.0893906,9.91749e-09,FALSE,NA,NA,NA,NA,NA,NA,2,NA
162,1,211082893,212347582,TRUE,320,3409,9.7145e-05,0.000520233,0.287771,1.78542e-09,FALSE,NA,NA,NA,NA,NA,NA,2,NA
163,1,212347583,213958292,TRUE,465,3575,4.2584e-05,0.000235694,0.413584,0.00631149,FALSE,NA,NA,NA,NA,NA,NA,2,NA
164,1,213958293,214783872,TRUE,287,1905,0.000191727,0.000233567,0.130293,0.00107496,FALSE,NA,NA,NA,NA,NA,NA,2,NA
165,1,214783873,215825791,TRUE,193,1807,0.000132311,0.000230157,0.170387,0.000224918,FALSE,NA,NA,NA,NA,NA,NA,2,NA
166,1,215825792,216658126,TRUE,267,1859,0.000121176,0.00024366,0.225417,0.000511972,FALSE,NA,NA,NA,NA,NA,NA,2,NA
167,1,216658127,217352165,TRUE,270,1790,0.000156924,0.000161917,0.169226,0.0125677,FALSE,NA,NA,NA,NA,NA,NA,2,NA
168,1,217352166,218563960,TRUE,342,3223,NA,0.000413938,NA,7.37815e-07,FALSE,NA,NA,NA,NA,NA,NA,1,"MDD_noUKB"
169,1,218563961,220073132,TRUE,321,3632,NA,2.66919e-05,NA,0.349841,FALSE,NA,NA,NA,NA,NA,NA,1,"MDD_noUKB"
170,1,220073133,220978151,TRUE,212,1969,4.38273e-05,0.000321106,0.370869,1.97231e-06,FALSE,NA,NA,NA,NA,NA,NA,2,NA
171,1,220978152,221856864,TRUE,190,2050,NA,0.000281152,NA,9.91078e-06,FALSE,NA,NA,NA,NA,NA,NA,1,"MDD_noUKB"
172,1,221856865,222763597,TRUE,259,1717,0.000232883,0.00032064,0.0777436,8.86611e-06,FALSE,NA,NA,NA,NA,NA,NA,2,NA
173,1,222763598,223654902,TRUE,226,1782,6.36935e-05,0.000295635,0.326561,1.38549e-05,FALSE,NA,NA,NA,NA,NA,NA,2,NA
174,1,223654903,224943337,TRUE,280,2307,0.000460809,8.6843e-05,0.00475152,0.108732,FALSE,NA,NA,NA,NA,NA,NA,2,NA
175,1,224943338,226534711,TRUE,327,3297,0.0002023,0.000231758,0.132724,0.00187433,FALSE,NA,NA,NA,NA,NA,NA,2,NA
176,1,226534712,228045554,TRUE,309,3720,NA,0.000244728,NA,0.000818144,FALSE,NA,NA,NA,NA,NA,NA,1,"MDD_noUKB"
177,1,228045555,229075156,TRUE,226,1791,NA,0.000187942,NA,0.00294513,FALSE,NA,NA,NA,NA,NA,NA,1,"MDD_noUKB"
178,1,229075157,230227247,TRUE,394,1981,0.00104893,0.000306485,1.02426e-06,0.000285289,TRUE,0.507808,0.507808,FALSE,0.12267,0.99528,0.0137725,2,NA
179,1,230227248,231287764,TRUE,461,3196,0.000246698,0.000192645,0.126239,0.018396,FALSE,NA,NA,NA,NA,NA,NA,2,NA
180,1,231287765,232177704,TRUE,289,1791,0.000187524,0.00044135,0.136727,5.41476e-08,FALSE,NA,NA,NA,NA,NA,NA,2,NA
181,1,232177705,232954942,TRUE,337,2002,0.000434448,0.000420683,0.0119553,4.10081e-07,TRUE,-0.0335465,-0.0335465,FALSE,-0.72803,0.48212,0.892522,2,NA
182,1,232954943,233639473,TRUE,224,1888,NA,0.000265528,NA,6.87977e-05,FALSE,NA,NA,NA,NA,NA,NA,1,"MDD_noUKB"
183,1,233639474,234365796,TRUE,289,2033,6.95156e-05,6.91091e-05,0.33284,0.163466,FALSE,NA,NA,NA,NA,NA,NA,2,NA
184,1,234365797,235097113,TRUE,360,1910,5.46502e-05,9.40181e-05,0.377875,0.120691,FALSE,NA,NA,NA,NA,NA,NA,2,NA
185,1,235097114,236199671,TRUE,244,1890,NA,0.000136085,NA,0.0224779,FALSE,NA,NA,NA,NA,NA,NA,1,"MDD_noUKB"
186,1,236199672,237409458,TRUE,452,3356,NA,0.000423803,NA,5.60132e-06,FALSE,NA,NA,NA,NA,NA,NA,1,"MDD_noUKB"
187,1,237409459,238094455,TRUE,301,1904,0.000194162,0.000235497,0.133058,0.00132777,FALSE,NA,NA,NA,NA,NA,NA,2,NA
188,1,238094456,238704857,TRUE,165,1873,NA,0.000702671,NA,3.63607e-21,FALSE,NA,NA,NA,NA,NA,NA,1,"MDD_noUKB"
189,1,238704858,239332148,TRUE,194,1890,NA,0.000148497,NA,0.00745437,FALSE,NA,NA,NA,NA,NA,NA,1,"MDD_noUKB"
190,1,239332149,240248508,TRUE,337,2228,0.000399765,0.000237936,0.0180371,0.00162422,TRUE,0.132043,0.132043,FALSE,-0.71737,0.9361,0.681905,2,NA
191,1,240248509,241033584,TRUE,331,1777,8.49331e-05,0.000166084,0.31261,0.0165309,FALSE,NA,NA,NA,NA,NA,NA,2,NA
192,1,241033585,241813534,TRUE,340,1902,4.26688e-05,0.000446823,0.399225,1.09768e-07,FALSE,NA,NA,NA,NA,NA,NA,2,NA
193,1,241813535,242417923,TRUE,275,1770,0.000159202,0.000105049,0.167269,0.0663614,FALSE,NA,NA,NA,NA,NA,NA,2,NA
194,1,242417924,243048003,TRUE,225,1712,3.51621e-05,0.000102936,0.395665,0.0533314,FALSE,NA,NA,NA,NA,NA,NA,2,NA
195,1,243048004,244723196,TRUE,438,2649,0.000333495,0.000232189,0.0594275,0.00563929,FALSE,NA,NA,NA,NA,NA,NA,2,NA
196,1,244723197,245970505,TRUE,597,2942,0.000177018,0.000190524,0.23176,0.0333988,FALSE,NA,NA,NA,NA,NA,NA,2,NA
197,1,245970506,246610290,TRUE,165,2029,0.000176864,0.000197568,0.0885324,0.000403697,FALSE,NA,NA,NA,NA,NA,NA,2,NA
198,1,246610291,247531112,TRUE,332,2536,0.000562673,0.000190623,0.00188943,0.00843167,TRUE,-0.180845,-0.180845,FALSE,-1,0.44927,0.553005,2,NA
199,1,247531113,248341594,TRUE,287,2382,NA,4.10774e-05,NA,0.272039,FALSE,NA,NA,NA,NA,NA,NA,1,"MDD_noUKB"
200,1,248341595,249240538,TRUE,96,1160,0.000104457,0.000108316,0.145039,0.0082055,FALSE,NA,NA,NA,NA,NA,NA,2,NA
201,2,10181,789195,TRUE,228,1813,0.000275599,0.000164441,0.0388813,0.00657332,TRUE,0.194117,0.194117,FALSE,-0.89071,1,0.613262,2,NA
202,2,789196,1376545,TRUE,149,2099,2.63051e-05,4.99182e-05,0.400482,0.159838,FALSE,NA,NA,NA,NA,NA,NA,2,NA
203,2,1376546,1875060,TRUE,233,1662,8.06922e-05,0.000181851,0.291302,0.00410506,FALSE,NA,NA,NA,NA,NA,NA,2,NA
204,2,1875061,2680063,TRUE,322,1983,0.000287912,0.000207956,0.0585241,0.00436037,FALSE,NA,NA,NA,NA,NA,NA,2,NA
205,2,2680064,3314202,TRUE,325,1819,0.000396098,0.000194186,0.0174863,0.00686215,TRUE,-0.396895,-0.396895,FALSE,-1,0.30779,0.254212,2,NA
206,2,3314203,4016104,TRUE,312,1861,NA,0.000209257,NA,0.00351282,FALSE,NA,NA,NA,NA,NA,NA,1,"MDD_noUKB"
207,2,4016105,4766969,TRUE,238,1877,0.000285385,7.5301e-06,0.037613,0.441346,FALSE,NA,NA,NA,NA,NA,NA,2,NA
208,2,4766970,5568653,TRUE,215,1710,0.000100709,0.000211323,0.240221,0.000707355,FALSE,NA,NA,NA,NA,NA,NA,2,NA
209,2,5568654,6306606,TRUE,311,2190,6.11673e-05,0.000237076,0.356757,0.00118641,FALSE,NA,NA,NA,NA,NA,NA,2,NA
210,2,6306607,7108208,TRUE,291,1878,7.36016e-05,0.000151045,0.324816,0.0204979,FALSE,NA,NA,NA,NA,NA,NA,2,NA
211,2,7108209,7966709,TRUE,253,2012,NA,0.000106642,NA,0.0562295,FALSE,NA,NA,NA,NA,NA,NA,1,"MDD_noUKB"
212,2,7966710,8978798,TRUE,376,1991,NA,0.000230712,NA,0.00360125,FALSE,NA,NA,NA,NA,NA,NA,1,"MDD_noUKB"
213,2,8978799,9960670,TRUE,271,1809,NA,0.00016977,NA,0.00938533,FALSE,NA,NA,NA,NA,NA,NA,1,"MDD_noUKB"
214,2,9960671,10611654,TRUE,332,2084,NA,8.87465e-05,NA,0.121557,FALSE,NA,NA,NA,NA,NA,NA,1,"MDD_noUKB"
215,2,10611655,11230349,TRUE,299,1935,0.00013332,0.000117907,0.21672,0.0545323,FALSE,NA,NA,NA,NA,NA,NA,2,NA
216,2,11230350,11995765,TRUE,305,1832,0.000410858,6.66843e-05,0.0124285,0.178902,FALSE,NA,NA,NA,NA,NA,NA,2,NA
217,2,11995766,12732506,TRUE,351,1934,0.000203254,0.000174415,0.139863,0.0163923,FALSE,NA,NA,NA,NA,NA,NA,2,NA
218,2,12732507,13625450,TRUE,199,2231,0.00013685,4.77152e-05,0.164628,0.201453,FALSE,NA,NA,NA,NA,NA,NA,2,NA
219,2,13625451,14692120,TRUE,269,2703,NA,0.000193968,NA,0.0034978,FALSE,NA,NA,NA,NA,NA,NA,1,"MDD_noUKB"
220,2,14692121,15721703,TRUE,236,2104,9.22393e-05,0.000202786,0.267216,0.0014661,FALSE,NA,NA,NA,NA,NA,NA,2,NA
221,2,15721704,17241115,TRUE,543,3434,3.43647e-05,0.000859653,0.433693,1.65624e-14,FALSE,NA,NA,NA,NA,NA,NA,2,NA
222,2,17241116,18656325,TRUE,391,3690,NA,0.00025349,NA,0.00173105,FALSE,NA,NA,NA,NA,NA,NA,1,"MDD_noUKB"
223,2,18656326,20064517,TRUE,438,3601,0.00019642,0.000197311,0.173418,0.0145978,FALSE,NA,NA,NA,NA,NA,NA,2,NA
224,2,20064518,21084898,TRUE,387,2372,0.000200453,0.000150902,0.153566,0.0366407,FALSE,NA,NA,NA,NA,NA,NA,2,NA
225,2,21084899,22429640,TRUE,279,2168,9.94679e-05,0.00023726,0.26999,0.000916916,FALSE,NA,NA,NA,NA,NA,NA,2,NA
226,2,22429641,23538527,TRUE,360,2329,0.000446997,0.000481623,0.0122744,3.90125e-08,TRUE,0.500499,0.500499,FALSE,0.03833,1,0.0368354,2,NA
227,2,23538528,24669224,TRUE,283,2760,0.000118193,0.000454233,0.236942,1.19985e-08,FALSE,NA,NA,NA,NA,NA,NA,2,NA
228,2,24669225,25895394,TRUE,277,2093,4.23772e-05,8.32986e-05,0.389064,0.114867,FALSE,NA,NA,NA,NA,NA,NA,2,NA
229,2,25895395,26894102,TRUE,271,1822,0.000286249,0.000218406,0.0457876,0.00158619,TRUE,-0.000734878,-0.000734878,FALSE,-1,0.8619,0.998365,2,NA
230,2,26894103,28819510,TRUE,376,2977,0.000711873,0.000655759,0.000335165,3.73927e-12,TRUE,-0.0192159,-0.0192159,FALSE,-0.43102,0.33797,0.914511,2,NA
231,2,28819511,29627932,TRUE,278,1906,0.000123027,0.000249161,0.225796,0.000466682,FALSE,NA,NA,NA,NA,NA,NA,2,NA
232,2,29627933,30575619,TRUE,349,2178,NA,0.000323152,NA,7.6793e-05,FALSE,NA,NA,NA,NA,NA,NA,1,"MDD_noUKB"
233,2,30575620,31457418,TRUE,312,2529,0.000580903,0.000219236,0.00112988,0.00324662,TRUE,0.642642,0.642642,FALSE,0.10445,1,0.0226609,2,NA
234,2,31457419,33123604,TRUE,353,3140,0.000217124,0.000345944,0.129477,5.4424e-05,FALSE,NA,NA,NA,NA,NA,NA,2,NA
235,2,33123605,33735318,TRUE,299,1904,7.61011e-05,0.000220029,0.321773,0.0021819,FALSE,NA,NA,NA,NA,NA,NA,2,NA
236,2,33735319,34239776,TRUE,184,1790,NA,7.00963e-05,NA,0.114326,FALSE,NA,NA,NA,NA,NA,NA,1,"MDD_noUKB"
237,2,34239777,34890558,TRUE,206,1685,0.00013588,0.000298572,0.17145,6.17781e-06,FALSE,NA,NA,NA,NA,NA,NA,2,NA
238,2,34890559,35609257,TRUE,195,1972,NA,0.000259378,NA,3.19813e-05,FALSE,NA,NA,NA,NA,NA,NA,1,"MDD_noUKB"
239,2,35609258,36120743,TRUE,131,1844,1.21551e-05,8.49977e-05,0.441406,0.0414126,FALSE,NA,NA,NA,NA,NA,NA,2,NA
240,2,36120744,36867389,TRUE,273,1991,0.00033586,0.000489885,0.0264817,7.50958e-10,TRUE,0.0357075,0.0357075,FALSE,-0.61464,0.59442,0.886805,2,NA
241,2,36867390,37603360,TRUE,257,1922,4.83209e-05,0.000238707,0.371476,0.000470656,FALSE,NA,NA,NA,NA,NA,NA,2,NA
242,2,37603361,38887393,TRUE,441,3289,0.000384159,0.000665277,0.0381365,6.31388e-11,TRUE,-0.217279,-0.217279,FALSE,-1,0.28882,0.378267,2,NA
243,2,38887394,40087418,TRUE,279,1895,0.000240189,0.000245829,0.0798988,0.000584854,FALSE,NA,NA,NA,NA,NA,NA,2,NA
244,2,40087419,40786176,TRUE,304,1893,0.000457997,0.000405976,0.00678794,7.25e-07,TRUE,0.116621,0.116621,FALSE,-0.45625,0.67304,0.62946,2,NA
245,2,40786177,41540439,TRUE,217,1868,0.000271508,0.00029528,0.0378535,1.07015e-05,TRUE,0.0428123,0.0428123,FALSE,-0.82902,0.77707,0.888141,2,NA
246,2,41540440,42307418,TRUE,250,2365,0.000189649,0.000211292,0.116968,0.00130881,FALSE,NA,NA,NA,NA,NA,NA,2,NA
247,2,42307419,43295776,TRUE,326,2233,0.000205681,6.13293e-06,0.128562,0.457118,FALSE,NA,NA,NA,NA,NA,NA,2,NA
248,2,43295777,44104110,TRUE,275,1973,0.000287529,0.000231518,0.0464343,0.00102406,TRUE,1,1.06501,FALSE,0.37487,1,0.00279989,2,NA
249,2,44104111,45189468,TRUE,339,2340,0.000185245,0.000517927,0.156786,1.89516e-09,FALSE,NA,NA,NA,NA,NA,NA,2,NA
250,2,45189469,45850047,TRUE,341,1812,0.000110088,0.000225777,0.270015,0.00261646,FALSE,NA,NA,NA,NA,NA,NA,2,NA
251,2,45850048,46499326,TRUE,439,1866,0.000234664,0.000388555,0.132156,2.11627e-05,FALSE,NA,NA,NA,NA,NA,NA,2,NA
252,2,46499327,47320114,TRUE,375,2259,4.08401e-06,0.000185763,0.481899,0.0144683,FALSE,NA,NA,NA,NA,NA,NA,2,NA
253,2,47320115,48171058,TRUE,412,1976,0.000338197,0.000370341,0.0517561,2.92318e-05,FALSE,NA,NA,NA,NA,NA,NA,2,NA
254,2,48171059,49114132,TRUE,279,2202,0.000172374,0.000356331,0.151156,2.88898e-06,FALSE,NA,NA,NA,NA,NA,NA,2,NA
255,2,49114133,49849185,TRUE,261,2057,0.000119555,0.000323689,0.225305,8.09125e-06,FALSE,NA,NA,NA,NA,NA,NA,2,NA
256,2,49849186,50756240,TRUE,246,2189,6.06391e-05,0.000395314,0.339751,6.911e-08,FALSE,NA,NA,NA,NA,NA,NA,2,NA
257,2,50756241,51669493,TRUE,268,2164,NA,0.000312105,NA,2.21743e-05,FALSE,NA,NA,NA,NA,NA,NA,1,"MDD_noUKB"
258,2,51669494,52494111,TRUE,265,1943,0.000113849,0.000682424,0.237113,1.87902e-16,FALSE,NA,NA,NA,NA,NA,NA,2,NA
259,2,52494112,53032976,TRUE,149,1847,0.000365082,1.60823e-05,0.0030493,0.361782,FALSE,NA,NA,NA,NA,NA,NA,2,NA
260,2,53032977,53852120,TRUE,308,2411,0.000540132,8.98271e-05,0.00196849,0.111048,FALSE,NA,NA,NA,NA,NA,NA,2,NA
261,2,53852121,54688234,TRUE,215,1888,NA,0.000244062,NA,0.000169414,FALSE,NA,NA,NA,NA,NA,NA,1,"MDD_noUKB"
262,2,54688235,55663336,TRUE,285,2393,0.000275611,0.000496097,0.0558438,1.28814e-09,FALSE,NA,NA,NA,NA,NA,NA,2,NA
263,2,55663337,56394698,TRUE,205,1914,NA,0.00011211,NA,0.0406129,FALSE,NA,NA,NA,NA,NA,NA,1,"MDD_noUKB"
264,2,56394699,57433653,TRUE,275,2312,NA,0.000379026,NA,5.02335e-07,FALSE,NA,NA,NA,NA,NA,NA,1,"MDD_noUKB"
265,2,57433654,57952945,TRUE,125,1604,NA,4.28633e-05,NA,0.175893,FALSE,NA,NA,NA,NA,NA,NA,1,"MDD_noUKB"
266,2,57952946,59251996,TRUE,309,2128,0.00017629,0.000550657,0.157958,1.12072e-10,FALSE,NA,NA,NA,NA,NA,NA,2,NA
267,2,59251997,60775066,TRUE,522,3211,6.31773e-05,0.000867672,0.383693,2.11936e-15,FALSE,NA,NA,NA,NA,NA,NA,2,NA
268,2,60775067,62429910,TRUE,366,2720,0.000531385,0.000330142,0.00431669,8.7402e-05,TRUE,0.0856608,0.0856608,FALSE,-0.55495,0.64232,0.740515,2,NA
269,2,62429911,63672118,TRUE,286,1955,NA,0.000950788,NA,1.48666e-25,FALSE,NA,NA,NA,NA,NA,NA,1,"MDD_noUKB"
270,2,63672119,64696089,TRUE,218,1908,0.000349425,0.000443274,0.0126141,8.38999e-10,TRUE,-0.184445,-0.184445,FALSE,-0.95095,0.30075,0.438244,2,NA
271,2,64696090,65938002,TRUE,442,2712,0.000180718,0.000660225,0.19323,2.77552e-11,FALSE,NA,NA,NA,NA,NA,NA,2,NA
272,2,65938003,67224027,TRUE,404,2798,7.02534e-05,0.000108328,0.355715,0.102276,FALSE,NA,NA,NA,NA,NA,NA,2,NA
273,2,67224028,67979828,TRUE,256,2111,NA,0.000268059,NA,0.000126716,FALSE,NA,NA,NA,NA,NA,NA,1,"MDD_noUKB"
274,2,67979829,68877774,TRUE,248,2092,1.0299e-05,0.000313049,0.462126,1.18433e-05,FALSE,NA,NA,NA,NA,NA,NA,2,NA
275,2,68877775,70756283,TRUE,440,3512,0.000179774,0.000404296,0.193938,9.11793e-06,FALSE,NA,NA,NA,NA,NA,NA,2,NA
276,2,70756284,71385813,TRUE,258,1787,NA,0.000246457,NA,0.000352089,FALSE,NA,NA,NA,NA,NA,NA,1,"MDD_noUKB"
277,2,71385814,72160302,TRUE,283,1870,NA,0.000274111,NA,0.000224592,FALSE,NA,NA,NA,NA,NA,NA,1,"MDD_noUKB"
278,2,72160303,73544290,TRUE,264,1953,0.000150692,0.00016384,0.175845,0.010728,FALSE,NA,NA,NA,NA,NA,NA,2,NA
279,2,73544291,75148103,TRUE,327,2273,0.0002109,0.000241519,0.123636,0.00136726,FALSE,NA,NA,NA,NA,NA,NA,2,NA
280,2,75148104,75942397,TRUE,291,1957,NA,0.000130355,NA,0.0390408,FALSE,NA,NA,NA,NA,NA,NA,1,"MDD_noUKB"
281,2,75942398,76649030,TRUE,154,1914,NA,0.000107166,NA,0.022866,FALSE,NA,NA,NA,NA,NA,NA,1,"MDD_noUKB"
282,2,76649031,77372830,TRUE,247,1964,NA,7.7975e-05,NA,0.116855,FALSE,NA,NA,NA,NA,NA,NA,1,"MDD_noUKB"
283,2,77372831,78080057,TRUE,271,1805,1.801e-06,0.000214506,0.484217,0.00178705,FALSE,NA,NA,NA,NA,NA,NA,2,NA
284,2,78080058,79019676,TRUE,191,2136,0.000229642,0.000365567,0.0536378,3.59701e-08,FALSE,NA,NA,NA,NA,NA,NA,2,NA
285,2,79019677,79900055,TRUE,324,2341,7.56456e-05,0.000354814,0.328761,7.59856e-06,FALSE,NA,NA,NA,NA,NA,NA,2,NA
286,2,79900056,80737811,TRUE,368,1876,0.000218912,0.000382737,0.128157,7.10862e-06,FALSE,NA,NA,NA,NA,NA,NA,2,NA
287,2,80737812,81623357,TRUE,192,1800,0.000152062,0.000188441,0.138095,0.00137175,FALSE,NA,NA,NA,NA,NA,NA,2,NA
288,2,81623358,82941455,TRUE,165,3419,NA,0.00019493,NA,0.000446047,FALSE,NA,NA,NA,NA,NA,NA,1,"MDD_noUKB"
289,2,82941456,84395899,TRUE,187,3131,0.000316003,0.000214071,0.0144455,0.00036143,TRUE,0.217478,0.217478,FALSE,-0.5237,0.95135,0.477655,2,NA
290,2,84395900,85992794,TRUE,399,3289,0.000199234,0.000529821,0.15972,1.73859e-08,FALSE,NA,NA,NA,NA,NA,NA,2,NA
291,2,85992795,86867032,TRUE,145,2035,NA,0.000106669,NA,0.0216499,FALSE,NA,NA,NA,NA,NA,NA,1,"MDD_noUKB"
292,2,86867033,88547312,TRUE,149,853,0.000106559,0.000103883,0.189803,0.0260565,FALSE,NA,NA,NA,NA,NA,NA,2,NA
293,2,88547313,91860961,TRUE,115,1190,1.53214e-05,NA,0.427089,NA,FALSE,NA,NA,NA,NA,NA,NA,1,"BIP_noUKB"
294,2,91860962,97339301,TRUE,176,1327,0.000562048,0.000232071,0.000103587,0.000120729,TRUE,0.178794,0.178794,FALSE,-0.35089,0.6612,0.44465,2,NA
295,2,97339302,98989360,TRUE,172,1826,1.53624e-05,0.000348093,0.439376,3.37677e-08,FALSE,NA,NA,NA,NA,NA,NA,2,NA
296,2,98989361,100202436,TRUE,176,2056,0.000433056,0.000417899,0.00152328,1.74391e-09,TRUE,0.138744,0.138744,FALSE,-0.34272,0.58971,0.517266,2,NA
297,2,100202437,101556799,TRUE,270,3023,7.96047e-05,7.52604e-05,0.306654,0.137604,FALSE,NA,NA,NA,NA,NA,NA,2,NA
298,2,101556800,102494487,TRUE,253,1886,NA,1.63982e-05,NA,0.392752,FALSE,NA,NA,NA,NA,NA,NA,1,"MDD_noUKB"
299,2,102494488,103305257,TRUE,166,2003,6.38611e-05,NA,0.299854,NA,FALSE,NA,NA,NA,NA,NA,NA,1,"BIP_noUKB"
300,2,103305258,105120578,TRUE,365,2814,0.000461695,0.000538497,0.0106512,2.39068e-09,TRUE,0.261504,0.261504,FALSE,-0.23395,0.84332,0.250891,2,NA
301,2,105120579,106546524,TRUE,464,3472,0.000314856,0.000130222,0.0748254,0.0754887,FALSE,NA,NA,NA,NA,NA,NA,2,NA
302,2,106546525,107412295,TRUE,266,2164,0.000513077,0.000217653,0.00169639,0.00159326,TRUE,0.234486,0.234486,FALSE,-0.4107,0.89222,0.400915,2,NA
303,2,107412296,108417773,TRUE,233,2479,0.000189629,9.46541e-05,0.109228,0.0706547,FALSE,NA,NA,NA,NA,NA,NA,2,NA
304,2,108417774,110097868,TRUE,347,3264,NA,0.000329316,NA,6.28668e-05,FALSE,NA,NA,NA,NA,NA,NA,1,"MDD_noUKB"
305,2,110097869,112644828,TRUE,377,2540,0.000492622,0.000248059,0.00788681,0.0020303,TRUE,0.00784861,0.00784861,FALSE,-0.87457,0.65339,0.979307,2,NA
306,2,112644829,113930668,TRUE,249,2551,0.000287617,0.000200638,0.0389142,0.00213874,TRUE,0.0323141,0.0323141,FALSE,-1,0.90402,0.928334,2,NA
307,2,113930669,115203835,TRUE,238,2205,0.000160746,8.04724e-05,0.14931,0.107743,FALSE,NA,NA,NA,NA,NA,NA,2,NA
308,2,115203836,116415816,TRUE,271,2324,0.000311383,0.000121851,0.0340498,0.0428151,TRUE,-0.494408,-0.494408,FALSE,-1,0.40718,0.265185,2,NA
309,2,116415817,117822516,TRUE,211,2995,5.31591e-05,0.000191011,0.347124,0.00193605,FALSE,NA,NA,NA,NA,NA,NA,2,NA
310,2,117822517,118663653,TRUE,161,1930,8.71032e-05,0.000172448,0.240295,0.00153839,FALSE,NA,NA,NA,NA,NA,NA,2,NA
311,2,118663654,119635489,TRUE,278,2283,0.000269728,0.000192419,0.0573369,0.00443398,FALSE,NA,NA,NA,NA,NA,NA,2,NA
312,2,119635490,121073752,TRUE,367,2986,0.000226063,0.000351472,0.12121,3.33487e-05,FALSE,NA,NA,NA,NA,NA,NA,2,NA
313,2,121073753,122026817,TRUE,380,2103,0.000160225,0.00057065,0.204185,5.99961e-10,FALSE,NA,NA,NA,NA,NA,NA,2,NA
314,2,122026818,123219243,TRUE,197,2225,NA,0.000135648,NA,0.0143196,FALSE,NA,NA,NA,NA,NA,NA,1,"MDD_noUKB"
315,2,123219244,123929872,TRUE,129,1904,9.50147e-05,9.47292e-06,0.197411,0.404583,FALSE,NA,NA,NA,NA,NA,NA,2,NA
316,2,123929873,124730991,TRUE,140,1921,5.07794e-05,0.000156856,0.321772,0.00204692,FALSE,NA,NA,NA,NA,NA,NA,2,NA
317,2,124730992,125741528,TRUE,266,2275,0.000182969,0.000276852,0.131643,9.2258e-05,FALSE,NA,NA,NA,NA,NA,NA,2,NA
318,2,125741529,126754027,TRUE,160,2470,NA,8.59119e-05,NA,0.0560553,FALSE,NA,NA,NA,NA,NA,NA,1,"MDD_noUKB"
319,2,126754028,127895644,TRUE,323,2986,9.82017e-05,0.000189527,0.2863,0.00811792,FALSE,NA,NA,NA,NA,NA,NA,2,NA
320,2,127895645,129486897,TRUE,416,3747,0.000192119,0.000416093,0.17234,4.54528e-06,FALSE,NA,NA,NA,NA,NA,NA,2,NA
321,2,129486898,130485398,TRUE,252,2449,NA,0.000259589,NA,0.000165204,FALSE,NA,NA,NA,NA,NA,NA,1,"MDD_noUKB"
322,2,130485399,131760638,TRUE,194,1304,0.00023266,0.000179753,0.0536568,0.00290522,FALSE,NA,NA,NA,NA,NA,NA,2,NA
323,2,131760639,132598285,TRUE,115,1335,6.63678e-06,0.000131088,0.457939,0.00368941,FALSE,NA,NA,NA,NA,NA,NA,2,NA
324,2,132598286,133352950,TRUE,99,979,3.86836e-05,7.41666e-05,0.334981,0.047325,FALSE,NA,NA,NA,NA,NA,NA,2,NA
325,2,133352951,134359059,TRUE,343,1959,NA,0.000421585,NA,5.29282e-07,FALSE,NA,NA,NA,NA,NA,NA,1,"MDD_noUKB"
326,2,134359060,135160197,TRUE,269,1882,9.20328e-05,0.000201297,0.280499,0.002847,FALSE,NA,NA,NA,NA,NA,NA,2,NA
327,2,135160198,137061003,TRUE,182,2666,2.89718e-05,0.000222013,0.403328,0.0004251,FALSE,NA,NA,NA,NA,NA,NA,2,NA
328,2,137061004,138073791,TRUE,191,2718,NA,0.000319949,NA,7.74156e-07,FALSE,NA,NA,NA,NA,NA,NA,1,"MDD_noUKB"
329,2,138073792,139505819,TRUE,271,2848,NA,0.000304146,NA,3.34578e-05,FALSE,NA,NA,NA,NA,NA,NA,1,"MDD_noUKB"
330,2,139505820,140934531,TRUE,281,3748,NA,0.000225535,NA,0.00130583,FALSE,NA,NA,NA,NA,NA,NA,1,"MDD_noUKB"
331,2,140934532,141802664,TRUE,210,2720,8.92567e-05,5.10843e-05,0.261691,0.193343,FALSE,NA,NA,NA,NA,NA,NA,2,NA
332,2,141802665,142494980,TRUE,174,2366,6.33281e-05,7.69845e-05,0.305341,0.082485,FALSE,NA,NA,NA,NA,NA,NA,2,NA
333,2,142494981,143259780,TRUE,222,1952,0.000289567,5.90863e-05,0.0308932,0.169162,FALSE,NA,NA,NA,NA,NA,NA,2,NA
334,2,143259781,144503688,TRUE,269,2218,2.60431e-05,0.000257855,0.426017,0.000304982,FALSE,NA,NA,NA,NA,NA,NA,2,NA
335,2,144503689,145977920,TRUE,331,1851,0.000248351,0.000172832,0.0894561,0.0147981,FALSE,NA,NA,NA,NA,NA,NA,2,NA
336,2,145977921,147252196,TRUE,257,2094,0.000608674,0.000228689,0.000263894,0.000805473,TRUE,0.0961059,0.0961059,FALSE,-0.50533,0.63814,0.702872,2,NA
337,2,147252197,149568875,TRUE,355,3564,NA,0.000421114,NA,7.14579e-07,FALSE,NA,NA,NA,NA,NA,NA,1,"MDD_noUKB"
338,2,149568876,151428988,TRUE,464,3317,0.000272689,0.000336948,0.105422,0.00022783,FALSE,NA,NA,NA,NA,NA,NA,2,NA
339,2,151428989,152497375,TRUE,259,2477,0.000303328,0.000167311,0.0342759,0.0090176,TRUE,0.162757,0.162757,FALSE,-0.96262,1,0.672488,2,NA
340,2,152497376,153999309,TRUE,308,3167,0.000359734,0.000311979,0.0242294,4.86255e-05,TRUE,0.187271,0.187271,FALSE,-0.52973,0.95122,0.523763,2,NA
341,2,153999310,155207969,TRUE,249,2794,NA,0.000215104,NA,0.00107485,FALSE,NA,NA,NA,NA,NA,NA,1,"MDD_noUKB"
342,2,155207970,156130947,TRUE,232,1975,NA,0.000145387,NA,0.0141354,FALSE,NA,NA,NA,NA,NA,NA,1,"MDD_noUKB"
343,2,156130948,157556096,TRUE,263,2555,NA,0.000423305,NA,5.28448e-08,FALSE,NA,NA,NA,NA,NA,NA,1,"MDD_noUKB"
344,2,157556097,159040979,TRUE,332,2134,0.000342755,0.000130929,0.0347008,0.045992,TRUE,0.472391,0.472391,FALSE,-0.5804,1,0.288695,2,NA
345,2,159040980,160200379,TRUE,296,3165,0.000591832,0.000500535,0.000726949,1.35471e-09,TRUE,-0.0257358,-0.0257358,FALSE,-0.49539,0.37022,0.896421,2,NA
346,2,160200380,161432089,TRUE,233,2882,0.000458016,0.000119751,0.00264651,0.0359155,TRUE,0.463511,0.463511,FALSE,-0.34238,1,0.199464,2,NA
347,2,161432090,163607635,TRUE,359,3547,3.31247e-05,0.000419924,0.421431,1.22208e-06,FALSE,NA,NA,NA,NA,NA,NA,2,NA
348,2,163607636,164702312,TRUE,229,1968,0.000215022,NA,0.0822038,NA,FALSE,NA,NA,NA,NA,NA,NA,1,"BIP_noUKB"
349,2,164702313,165917788,TRUE,250,2022,0.00041198,0.000296817,0.00698543,2.67431e-05,TRUE,0.133829,0.133829,FALSE,-0.49952,0.73563,0.612135,2,NA
350,2,165917789,167488576,TRUE,304,3162,NA,0.000549872,NA,6.37166e-11,FALSE,NA,NA,NA,NA,NA,NA,1,"MDD_noUKB"
351,2,167488577,168437445,TRUE,137,1971,NA,7.91206e-05,NA,0.0601413,FALSE,NA,NA,NA,NA,NA,NA,1,"MDD_noUKB"
352,2,168437446,169224445,TRUE,279,1848,0.000201945,0.00027999,0.115264,0.000120443,FALSE,NA,NA,NA,NA,NA,NA,2,NA
353,2,169224446,170155561,TRUE,333,1990,0.000193432,0.00048429,0.147061,1.76326e-08,FALSE,NA,NA,NA,NA,NA,NA,2,NA
354,2,170155562,170865765,TRUE,137,1904,0.000177092,0.000517902,0.0708604,9.39318e-16,FALSE,NA,NA,NA,NA,NA,NA,2,NA
355,2,170865766,171566482,TRUE,321,1881,NA,0.000364612,NA,4.87931e-06,FALSE,NA,NA,NA,NA,NA,NA,1,"MDD_noUKB"
356,2,171566483,172501315,TRUE,189,1934,0.000105087,6.2625e-05,0.218008,0.137865,FALSE,NA,NA,NA,NA,NA,NA,2,NA
357,2,172501316,173287857,TRUE,215,1759,NA,7.4648e-05,NA,0.113869,FALSE,NA,NA,NA,NA,NA,NA,1,"MDD_noUKB"
358,2,173287858,174118389,TRUE,237,2155,0.000169941,0.000379974,0.136754,2.57904e-07,FALSE,NA,NA,NA,NA,NA,NA,2,NA
359,2,174118390,174927563,TRUE,340,1816,NA,0.000207104,NA,0.00518197,FALSE,NA,NA,NA,NA,NA,NA,1,"MDD_noUKB"
360,2,174927564,176734750,TRUE,420,3488,NA,0.000334638,NA,0.000135478,FALSE,NA,NA,NA,NA,NA,NA,1,"MDD_noUKB"
361,2,176734751,178149981,TRUE,449,2904,3.77252e-05,0.00016356,0.420998,0.0356569,FALSE,NA,NA,NA,NA,NA,NA,2,NA
362,2,178149982,179224870,TRUE,178,2549,NA,0.000263968,NA,1.6764e-05,FALSE,NA,NA,NA,NA,NA,NA,1,"MDD_noUKB"
363,2,179224871,180336045,TRUE,293,2116,NA,0.000237349,NA,0.000967875,FALSE,NA,NA,NA,NA,NA,NA,1,"MDD_noUKB"
364,2,180336046,181309939,TRUE,285,2499,0.000128692,0.00021508,0.218919,0.00186731,FALSE,NA,NA,NA,NA,NA,NA,2,NA
365,2,181309940,182307877,TRUE,230,2302,2.90655e-05,0.000389194,0.412386,5.98154e-08,FALSE,NA,NA,NA,NA,NA,NA,2,NA
366,2,182307878,183352290,TRUE,241,2074,2.52176e-05,0.00030925,0.424538,4.14303e-05,FALSE,NA,NA,NA,NA,NA,NA,2,NA
367,2,183352291,184148655,TRUE,178,1985,NA,0.000116897,NA,0.0257764,FALSE,NA,NA,NA,NA,NA,NA,1,"MDD_noUKB"
368,2,184148656,184866232,TRUE,167,1679,NA,0.000254626,NA,1.84629e-05,FALSE,NA,NA,NA,NA,NA,NA,1,"MDD_noUKB"
369,2,184866233,186244920,TRUE,204,2649,4.47401e-05,0.000362466,0.365738,8.28146e-08,FALSE,NA,NA,NA,NA,NA,NA,2,NA
370,2,186244921,187498047,TRUE,102,2228,1.21234e-05,0.000154909,0.433995,0.000567483,FALSE,NA,NA,NA,NA,NA,NA,2,NA
371,2,187498048,188895310,TRUE,197,2635,9.92247e-05,0.000126018,0.234851,0.0210646,FALSE,NA,NA,NA,NA,NA,NA,2,NA
372,2,188895311,189882702,TRUE,125,1963,3.15577e-06,4.90403e-05,0.471948,0.148044,FALSE,NA,NA,NA,NA,NA,NA,2,NA
373,2,189882703,191051954,TRUE,188,2208,8.43125e-05,0.00025551,0.262923,4.52285e-05,FALSE,NA,NA,NA,NA,NA,NA,2,NA
374,2,191051955,193033982,TRUE,440,3329,0.000579844,0.000325718,0.00421183,0.000228875,TRUE,0.537234,0.537234,FALSE,0.01409,1,0.0415314,2,NA
375,2,193033983,195300250,TRUE,296,2527,0.000509854,0.000411137,0.00279958,2.1816e-07,TRUE,0.18766,0.18766,FALSE,-0.33347,0.7064,0.404595,2,NA
376,2,195300251,196446299,TRUE,205,2585,NA,0.000257235,NA,7.37131e-05,FALSE,NA,NA,NA,NA,NA,NA,1,"MDD_noUKB"
377,2,196446300,198140350,TRUE,288,3175,0.000526607,0.000265533,0.00190746,0.000288332,TRUE,0.100337,0.100337,FALSE,-0.52201,0.66838,0.700438,2,NA
378,2,198140351,199654969,TRUE,206,1961,0.000163895,0.000366062,0.129315,1.09271e-07,FALSE,NA,NA,NA,NA,NA,NA,2,NA
379,2,199654970,201324132,TRUE,275,2451,0.00042937,0.000486375,0.00715871,7.68493e-10,TRUE,0.0921798,0.0921798,FALSE,-0.44687,0.58501,0.68034,2,NA
380,2,201324133,202504862,TRUE,217,2068,NA,0.000342078,NA,7.66379e-07,FALSE,NA,NA,NA,NA,NA,NA,1,"MDD_noUKB"
381,2,202504863,203639686,TRUE,255,1820,NA,0.000252536,NA,0.000271646,FALSE,NA,NA,NA,NA,NA,NA,1,"MDD_noUKB"
382,2,203639687,205038119,TRUE,229,2347,0.000155027,0.000364366,0.153093,3.19214e-07,FALSE,NA,NA,NA,NA,NA,NA,2,NA
383,2,205038120,206821199,TRUE,657,3238,0.000799019,0.000404271,0.00149017,0.000165404,TRUE,-0.199704,-0.199704,FALSE,-0.92888,0.27015,0.410246,2,NA
384,2,206821200,207726594,TRUE,244,1905,0.00013615,0.000214774,0.189324,0.00107412,FALSE,NA,NA,NA,NA,NA,NA,2,NA
385,2,207726595,208674588,TRUE,301,1907,0.000305082,0.000474851,0.0438967,7.33311e-09,TRUE,0.262307,0.262307,FALSE,-0.3503,1,0.333236,2,NA
386,2,208674589,209940230,TRUE,323,2608,0.000442321,0.000278825,0.0101451,0.000284028,TRUE,-0.463539,-0.463539,FALSE,-1,0.08781,0.105792,2,NA
387,2,209940231,210842457,TRUE,143,2106,0.000102801,0.000267391,0.191965,2.7265e-06,FALSE,NA,NA,NA,NA,NA,NA,2,NA
388,2,210842458,212520453,TRUE,374,3327,3.24118e-06,0.000275221,0.483592,0.000720148,FALSE,NA,NA,NA,NA,NA,NA,2,NA
389,2,212520454,213194362,TRUE,214,2020,8.73894e-05,0.000173793,0.267484,0.00343197,FALSE,NA,NA,NA,NA,NA,NA,2,NA
390,2,213194363,214044566,TRUE,264,1971,3.13895e-05,0.000372093,0.412621,9.87824e-07,FALSE,NA,NA,NA,NA,NA,NA,2,NA
391,2,214044567,215002484,TRUE,146,2197,0.000158506,3.96529e-05,0.0986078,0.21361,FALSE,NA,NA,NA,NA,NA,NA,2,NA
392,2,215002485,215899570,TRUE,238,1952,0.000278157,0.000385243,0.041125,2.45619e-07,TRUE,-0.183098,-0.183098,FALSE,-1,0.40829,0.52272,2,NA
393,2,215899571,217566011,TRUE,575,3499,0.000255099,0.00094202,0.144921,5.24883e-16,FALSE,NA,NA,NA,NA,NA,NA,2,NA
394,2,217566012,218396258,TRUE,266,2112,0.000236933,0.000155381,0.0772785,0.0145357,FALSE,NA,NA,NA,NA,NA,NA,2,NA
395,2,218396259,219678783,TRUE,291,2189,0.000107046,0.0001168,0.259911,0.0529731,FALSE,NA,NA,NA,NA,NA,NA,2,NA
396,2,219678784,220771552,TRUE,324,1855,0.000759999,0.000501442,6.60917e-05,5.82002e-09,TRUE,0.0920448,0.0920448,FALSE,-0.30937,0.45194,0.616338,2,NA
397,2,220771553,221445191,TRUE,202,1870,0.000183366,0.000174454,0.101223,0.00295435,FALSE,NA,NA,NA,NA,NA,NA,2,NA
398,2,221445192,222327713,TRUE,283,1794,NA,0.000260034,NA,0.000298025,FALSE,NA,NA,NA,NA,NA,NA,1,"MDD_noUKB"
399,2,222327714,223353965,TRUE,298,1840,6.4492e-05,0.000192923,0.345326,0.00506451,FALSE,NA,NA,NA,NA,NA,NA,2,NA
400,2,223353966,224123079,TRUE,190,2044,NA,0.000149081,NA,0.00766571,FALSE,NA,NA,NA,NA,NA,NA,1,"MDD_noUKB"
401,2,224123080,224938731,TRUE,242,1765,NA,0.000379493,NA,2.12013e-07,FALSE,NA,NA,NA,NA,NA,NA,1,"MDD_noUKB"
402,2,224938732,226242842,TRUE,294,3135,0.000333908,0.00042563,0.0299115,8.00402e-08,TRUE,0.60924,0.60924,FALSE,0.12051,1,0.0228437,2,NA
403,2,226242843,227557841,TRUE,291,2428,0.000266855,0.000130504,0.0630316,0.0381614,FALSE,NA,NA,NA,NA,NA,NA,2,NA
404,2,227557842,228812485,TRUE,402,3606,NA,NA,NA,NA,FALSE,NA,NA,NA,NA,NA,NA,0,"MDD_noUKB,BIP_noUKB"
405,2,228812486,229764918,TRUE,244,2116,0.000129426,0.000185729,0.202357,0.00369736,FALSE,NA,NA,NA,NA,NA,NA,2,NA
406,2,229764919,230541092,TRUE,308,2048,0.000348172,7.09353e-05,0.0275734,0.163788,FALSE,NA,NA,NA,NA,NA,NA,2,NA
407,2,230541093,231847386,TRUE,436,3133,0.00022889,0.000287519,0.137587,0.000992845,FALSE,NA,NA,NA,NA,NA,NA,2,NA
408,2,231847387,233352722,TRUE,399,3155,0.00047913,0.000338871,0.0106381,8.57924e-05,TRUE,-0.507566,-0.507566,FALSE,-1,0.02727,0.0642564,2,NA
409,2,233352723,234115092,TRUE,266,1788,7.12221e-05,0.000232084,0.322352,0.000740008,FALSE,NA,NA,NA,NA,NA,NA,2,NA
410,2,234115093,234945577,TRUE,273,1918,0.000286747,0.00021972,0.0459107,0.00142243,TRUE,-0.0467495,-0.0467495,FALSE,-1,0.8015,0.896119,2,NA
411,2,234945578,235625789,TRUE,344,2250,0.000354271,0.000276158,0.032368,0.000470424,TRUE,0.497041,0.497041,FALSE,-0.15529,1,0.125557,2,NA
412,2,235625790,236276287,TRUE,329,1970,NA,1.34194e-06,NA,0.482505,FALSE,NA,NA,NA,NA,NA,NA,1,"MDD_noUKB"
413,2,236276288,237194297,TRUE,306,1887,0.000187625,0.000145608,0.143044,0.0269421,FALSE,NA,NA,NA,NA,NA,NA,2,NA
414,2,237194298,238185482,TRUE,316,2168,NA,0.000110192,NA,0.0739304,FALSE,NA,NA,NA,NA,NA,NA,1,"MDD_noUKB"
415,2,238185483,238814630,TRUE,245,1760,0.000206551,0.000168442,0.0970897,0.00732566,FALSE,NA,NA,NA,NA,NA,NA,2,NA
416,2,238814631,239634350,TRUE,262,2325,NA,0.000247561,NA,0.000374986,FALSE,NA,NA,NA,NA,NA,NA,1,"MDD_noUKB"
417,2,239634351,240325600,TRUE,336,1744,0.000245635,8.64234e-05,0.0934012,0.132658,FALSE,NA,NA,NA,NA,NA,NA,2,NA
418,2,240325601,241113279,TRUE,391,2395,0.000217957,0.000295125,0.136396,0.00047442,FALSE,NA,NA,NA,NA,NA,NA,2,NA
419,2,241113280,241910366,TRUE,351,2484,0.000704203,0.000388483,0.000251191,3.84252e-06,TRUE,-0.122161,-0.122161,FALSE,-0.658,0.30032,0.563881,2,NA
420,2,241910367,243188366,TRUE,287,2605,0.000158132,0.000270005,0.174364,0.000274031,FALSE,NA,NA,NA,NA,NA,NA,2,NA
421,3,60197,795746,TRUE,328,1780,3.4462e-05,0.000256001,0.414904,0.000930555,FALSE,NA,NA,NA,NA,NA,NA,2,NA
422,3,795747,1440048,TRUE,346,1879,NA,0.000182868,NA,0.0115614,FALSE,NA,NA,NA,NA,NA,NA,1,"MDD_noUKB"
423,3,1440049,2140011,TRUE,365,2742,NA,0.000234815,NA,0.002946,FALSE,NA,NA,NA,NA,NA,NA,1,"MDD_noUKB"
424,3,2140012,3128152,TRUE,613,3037,0.000836073,0.000276523,0.000683414,0.00461516,TRUE,-0.201404,-0.201404,FALSE,-1,0.34866,0.459873,2,NA
425,3,3128153,4109393,TRUE,472,3101,2.87945e-05,0.00029983,0.438881,0.000885292,FALSE,NA,NA,NA,NA,NA,NA,2,NA
426,3,4109394,4835083,TRUE,352,1890,0.000117417,0.000175448,0.260941,0.0157452,FALSE,NA,NA,NA,NA,NA,NA,2,NA
427,3,4835084,5496182,TRUE,378,1605,0.000321924,0.000114421,0.052905,0.0810669,FALSE,NA,NA,NA,NA,NA,NA,2,NA
428,3,5496183,6421145,TRUE,441,2965,3.83163e-06,0.000114092,0.483781,0.0999099,FALSE,NA,NA,NA,NA,NA,NA,2,NA
429,3,6421146,7529554,TRUE,392,2773,NA,0.000134475,NA,0.0574669,FALSE,NA,NA,NA,NA,NA,NA,1,"MDD_noUKB"
430,3,7529555,8664892,TRUE,452,3453,0.000177834,0.000578807,0.199149,2.33963e-09,FALSE,NA,NA,NA,NA,NA,NA,2,NA
431,3,8664893,9970731,TRUE,627,3010,0.000444855,0.000657401,0.0411712,6.18404e-09,TRUE,0.186791,0.186791,FALSE,-0.41465,0.90412,0.46591,2,NA
432,3,9970732,11226367,TRUE,522,3119,0.000280652,0.000556569,0.111626,6.91925e-08,FALSE,NA,NA,NA,NA,NA,NA,2,NA
433,3,11226368,11997658,TRUE,281,1771,0.000565634,0.000226977,0.000930263,0.00133025,TRUE,0.0605171,0.0605171,FALSE,-0.62263,0.6668,0.821122,2,NA
434,3,11997659,12859209,TRUE,211,1898,0.000115814,9.71845e-05,0.209702,0.0591567,FALSE,NA,NA,NA,NA,NA,NA,2,NA
435,3,12859210,14312007,TRUE,591,3607,0.000385642,0.000738476,0.0594305,6.82164e-11,FALSE,NA,NA,NA,NA,NA,NA,2,NA
436,3,14312008,15150876,TRUE,351,2022,0.000166786,0.000212135,0.1854,0.00499028,FALSE,NA,NA,NA,NA,NA,NA,2,NA
437,3,15150877,16084005,TRUE,220,1814,0.000105862,0.000142942,0.232821,0.0147159,FALSE,NA,NA,NA,NA,NA,NA,2,NA
438,3,16084006,17182494,TRUE,389,2885,0.000429625,0.000233082,0.0178985,0.00340623,TRUE,-0.0309673,-0.0309673,FALSE,-1,0.72734,0.925679,2,NA
439,3,17182495,19030988,TRUE,304,3492,0.00021334,0.000244951,0.112539,0.000936892,FALSE,NA,NA,NA,NA,NA,NA,2,NA
440,3,19030989,20754842,TRUE,370,3560,0.000466271,0.000478457,0.0101276,4.97484e-08,TRUE,-0.223778,-0.223778,FALSE,-0.94026,0.25714,0.343851,2,NA
441,3,20754843,21790867,TRUE,390,3098,0.000393418,0.000182723,0.0272484,0.0166315,TRUE,-0.0683575,-0.0683575,FALSE,-1,0.84552,0.859425,2,NA
442,3,21790868,22648001,TRUE,364,3016,0.000242089,0.000245584,0.104175,0.00173942,FALSE,NA,NA,NA,NA,NA,NA,2,NA
443,3,22648002,23426044,TRUE,162,1853,NA,9.13881e-06,NA,0.416483,FALSE,NA,NA,NA,NA,NA,NA,1,"MDD_noUKB"
444,3,23426045,24270189,TRUE,259,1868,NA,0.000250384,NA,0.000293879,FALSE,NA,NA,NA,NA,NA,NA,1,"MDD_noUKB"
445,3,24270190,25516193,TRUE,498,3489,0.000123097,0.00065107,0.285407,1.94233e-10,FALSE,NA,NA,NA,NA,NA,NA,2,NA
446,3,25516194,26905340,TRUE,360,2802,0.000765132,0.000475873,0.000106646,6.93707e-08,TRUE,-0.0278184,-0.0278184,FALSE,-0.47328,0.34995,0.884634,2,NA
447,3,26905341,27614908,TRUE,125,1846,1.29283e-05,0.000104111,0.43758,0.0183302,FALSE,NA,NA,NA,NA,NA,NA,2,NA
448,3,27614909,28649810,TRUE,255,1981,1.54933e-05,0.000225487,0.449947,0.000932625,FALSE,NA,NA,NA,NA,NA,NA,2,NA
449,3,28649811,29877022,TRUE,471,3502,0.000281696,0.000307549,0.0989249,0.000606148,FALSE,NA,NA,NA,NA,NA,NA,2,NA
450,3,29877023,31269697,TRUE,459,3529,NA,0.000583042,NA,3.30924e-09,FALSE,NA,NA,NA,NA,NA,NA,1,"MDD_noUKB"
451,3,31269698,32378805,TRUE,419,2515,2.91184e-05,0.000356972,0.434492,5.24202e-05,FALSE,NA,NA,NA,NA,NA,NA,2,NA
452,3,32378806,33020868,TRUE,205,1620,0.000511939,0.00026144,0.000595185,6.51116e-05,TRUE,0.147578,0.147578,FALSE,-0.39942,0.6587,0.539805,2,NA
453,3,33020869,33991869,TRUE,210,1967,0.000568544,0.000242597,0.000203146,0.000172171,TRUE,0.456754,0.456754,FALSE,-0.00075,1,0.0561247,2,NA
454,3,33991870,35009559,TRUE,232,2262,0.000228874,0.000166808,0.0708853,0.00645279,FALSE,NA,NA,NA,NA,NA,NA,2,NA
455,3,35009560,35913033,TRUE,210,1817,NA,0.000158031,NA,0.00706282,FALSE,NA,NA,NA,NA,NA,NA,1,"MDD_noUKB"
456,3,35913034,36840136,TRUE,269,2366,0.00034107,0.00044724,0.0229657,9.31193e-09,TRUE,-0.164078,-0.164078,FALSE,-0.99009,0.37762,0.518662,2,NA
457,3,36840137,38729767,TRUE,459,3373,0.000221916,0.000909985,0.150419,5.3858e-18,FALSE,NA,NA,NA,NA,NA,NA,2,NA
458,3,38729768,39605996,TRUE,194,2208,NA,7.96787e-05,NA,0.0877756,FALSE,NA,NA,NA,NA,NA,NA,1,"MDD_noUKB"
459,3,39605997,40897627,TRUE,242,2234,4.10699e-05,0.000292566,0.385585,3.11434e-05,FALSE,NA,NA,NA,NA,NA,NA,2,NA
460,3,40897628,42301657,TRUE,297,2956,NA,0.000289925,NA,0.000106408,FALSE,NA,NA,NA,NA,NA,NA,1,"MDD_noUKB"
461,3,42301658,44141693,TRUE,467,3339,0.000896181,0.000465172,6.20154e-05,2.07736e-06,TRUE,0.0554314,0.0554314,FALSE,-0.37133,0.4489,0.777701,2,NA
462,3,44141694,45844191,TRUE,360,3308,0.000337739,0.000386965,0.0414286,4.15025e-06,TRUE,-0.205766,-0.205766,FALSE,-1,0.41811,0.482174,2,NA
463,3,45844192,47588461,TRUE,268,3204,0.000585594,0.000308764,0.000506499,2.30737e-05,TRUE,0.121139,0.121139,FALSE,-0.4047,0.58715,0.59824,2,NA
464,3,47588462,50387742,TRUE,222,2776,0.000453939,0.000485402,0.00251184,5.93524e-11,TRUE,-0.231923,-0.231923,FALSE,-0.82308,0.17991,0.263377,2,NA
465,3,50387743,51953968,TRUE,134,1878,0.000494421,0.00043416,0.000104555,3.27978e-12,TRUE,0.108257,0.108257,FALSE,-0.28519,0.48344,0.559882,2,NA
466,3,51953969,54074844,TRUE,444,3374,0.000320148,0.000696381,0.0692593,2.24935e-12,FALSE,NA,NA,NA,NA,NA,NA,2,NA
467,3,54074845,54892586,TRUE,339,1829,0.000346101,0.000110996,0.0343992,0.0802923,FALSE,NA,NA,NA,NA,NA,NA,2,NA
468,3,54892587,55616625,TRUE,337,1762,3.70356e-05,0.000174957,0.410339,0.013609,FALSE,NA,NA,NA,NA,NA,NA,2,NA
469,3,55616626,56954878,TRUE,290,3202,0.000347747,0.000681564,0.0249976,8.79769e-15,TRUE,-0.0343941,-0.0343941,FALSE,-0.63582,0.46038,0.879431,2,NA
470,3,56954879,58557718,TRUE,287,3419,0.000357017,0.000195249,0.0215957,0.00434277,TRUE,-0.140435,-0.140435,FALSE,-1,0.62943,0.685006,2,NA
471,3,58557719,59998583,TRUE,457,3200,0.000860386,0.000259917,9.22727e-05,0.00277552,TRUE,0.0456503,0.0456503,FALSE,-0.59671,0.58409,0.855172,2,NA
472,3,59998584,60571139,TRUE,331,2015,0.000205224,0.000114645,0.131004,0.0686931,FALSE,NA,NA,NA,NA,NA,NA,2,NA
473,3,60571140,61277587,TRUE,270,1879,9.31769e-05,0.000601261,0.283702,1.6714e-13,FALSE,NA,NA,NA,NA,NA,NA,2,NA
474,3,61277588,62609818,TRUE,596,2856,0.000205432,0.000406683,0.198797,9.90057e-05,FALSE,NA,NA,NA,NA,NA,NA,2,NA
475,3,62609819,63670803,TRUE,381,3102,9.71389e-05,0.000248826,0.302661,0.00186933,FALSE,NA,NA,NA,NA,NA,NA,2,NA
476,3,63670804,64662373,TRUE,347,1888,0.000268956,0.00036349,0.0781627,1.25032e-05,FALSE,NA,NA,NA,NA,NA,NA,2,NA
477,3,64662374,65326751,TRUE,295,1975,NA,0.000198259,NA,0.00442136,FALSE,NA,NA,NA,NA,NA,NA,1,"MDD_noUKB"
478,3,65326752,66702084,TRUE,529,2923,0.000160299,0.000365819,0.239959,0.000173948,FALSE,NA,NA,NA,NA,NA,NA,2,NA
479,3,66702085,67454740,TRUE,228,2086,7.65488e-06,NA,0.467355,NA,FALSE,NA,NA,NA,NA,NA,NA,1,"BIP_noUKB"
480,3,67454741,68319770,TRUE,247,1966,5.65857e-05,0.000306418,0.349866,1.44748e-05,FALSE,NA,NA,NA,NA,NA,NA,2,NA
481,3,68319771,69784969,TRUE,427,3497,0.000169699,0.000665964,0.203401,9.89129e-12,FALSE,NA,NA,NA,NA,NA,NA,2,NA
482,3,69784970,71223281,TRUE,388,2335,NA,0.00101689,NA,1.74751e-23,FALSE,NA,NA,NA,NA,NA,NA,1,"MDD_noUKB"
483,3,71223282,72334704,TRUE,557,2520,NA,0.000278357,NA,0.00332795,FALSE,NA,NA,NA,NA,NA,NA,1,"MDD_noUKB"
484,3,72334705,73606612,TRUE,471,2545,0.000285835,0.000183732,0.0963659,0.024253,FALSE,NA,NA,NA,NA,NA,NA,2,NA
485,3,73606613,74383137,TRUE,282,1956,0.000434551,0.000227175,0.00724348,0.00144247,TRUE,-0.41896,-0.41896,FALSE,-1,0.18407,0.162501,2,NA
486,3,74383138,75374967,TRUE,170,1854,0.000331857,0.000240103,0.00933506,0.000129339,TRUE,-0.0134527,-0.0134527,FALSE,-0.79156,0.6129,0.962807,2,NA
487,3,75374968,76157470,TRUE,71,715,NA,1.449e-05,NA,0.326309,FALSE,NA,NA,NA,NA,NA,NA,1,"MDD_noUKB"
488,3,76157471,77507832,TRUE,362,3163,0.000256661,0.000367342,0.0922064,1.97312e-05,FALSE,NA,NA,NA,NA,NA,NA,2,NA
489,3,77507833,79023360,TRUE,333,2866,9.19518e-05,0.000193648,0.300655,0.00827054,FALSE,NA,NA,NA,NA,NA,NA,2,NA
490,3,79023361,80385708,TRUE,223,2491,0.000202258,0.000167068,0.0917402,0.00601223,FALSE,NA,NA,NA,NA,NA,NA,2,NA
491,3,80385709,81431496,TRUE,147,2297,0.000226058,0.000148088,0.0370154,0.00321914,TRUE,0.564907,0.564907,FALSE,-0.21456,1,0.132905,2,NA
492,3,81431497,82532742,TRUE,182,1860,NA,0.000162753,NA,0.00359133,FALSE,NA,NA,NA,NA,NA,NA,1,"MDD_noUKB"
493,3,82532743,83529394,TRUE,122,2004,0.000111326,0.000177362,0.156868,0.000314796,FALSE,NA,NA,NA,NA,NA,NA,2,NA
494,3,83529395,84698480,TRUE,146,2733,NA,0.000254603,NA,7.30333e-06,FALSE,NA,NA,NA,NA,NA,NA,1,"MDD_noUKB"
495,3,84698481,85807679,TRUE,153,2612,5.53083e-05,0.000284209,0.316602,1.14828e-06,FALSE,NA,NA,NA,NA,NA,NA,2,NA
496,3,85807680,86660979,TRUE,126,1702,0.0001348,8.80571e-05,0.11869,0.0382271,FALSE,NA,NA,NA,NA,NA,NA,2,NA
497,3,86660980,87411258,TRUE,128,1728,7.95725e-05,0.00039488,0.235247,9.87124e-11,FALSE,NA,NA,NA,NA,NA,NA,2,NA
498,3,87411259,88375763,TRUE,154,2086,0.000116394,5.12967e-05,0.173332,0.159588,FALSE,NA,NA,NA,NA,NA,NA,2,NA
499,3,88375764,89612939,TRUE,183,2585,0.000231884,0.000216278,0.0488658,0.000271346,TRUE,0.276607,0.276607,FALSE,-0.55955,1,0.424515,2,NA
500,3,89612940,94250144,TRUE,151,1649,0.000236085,0.000271519,0.0337815,2.49153e-06,TRUE,0.0142024,0.0142024,FALSE,-0.81126,0.69294,0.962147,2,NA
501,3,94250145,95088587,TRUE,107,1770,0.000135717,0.000174543,0.0995092,0.000174196,FALSE,NA,NA,NA,NA,NA,NA,2,NA
502,3,95088588,96055532,TRUE,103,2667,NA,0.000162422,NA,0.000621013,FALSE,NA,NA,NA,NA,NA,NA,1,"MDD_noUKB"
503,3,96055533,97351955,TRUE,169,1716,7.96868e-05,0.00020043,0.26214,0.000405969,FALSE,NA,NA,NA,NA,NA,NA,2,NA
504,3,97351956,98212868,TRUE,154,2180,NA,3.11575e-05,NA,0.262476,FALSE,NA,NA,NA,NA,NA,NA,1,"MDD_noUKB"
505,3,98212869,99045104,TRUE,166,2042,0.000180773,0.000160591,0.085095,0.00323866,FALSE,NA,NA,NA,NA,NA,NA,2,NA
506,3,99045105,100552522,TRUE,241,2583,0.000195949,0.000213337,0.10648,0.001054,FALSE,NA,NA,NA,NA,NA,NA,2,NA
507,3,100552523,101906989,TRUE,252,2775,0.000410365,6.26604e-05,0.00728692,0.168169,FALSE,NA,NA,NA,NA,NA,NA,2,NA
508,3,101906990,103450271,TRUE,226,3546,0.000104936,0.000127124,0.237432,0.0254239,FALSE,NA,NA,NA,NA,NA,NA,2,NA
509,3,103450272,104116563,TRUE,155,1947,0.000102223,0.000111249,0.201503,0.0199642,FALSE,NA,NA,NA,NA,NA,NA,2,NA
510,3,104116564,104878977,TRUE,159,2065,NA,0.000107103,NA,0.02552,FALSE,NA,NA,NA,NA,NA,NA,1,"MDD_noUKB"
511,3,104878978,106174685,TRUE,320,3127,0.000638889,0.000306633,0.000467968,8.12865e-05,TRUE,-0.100234,-0.100234,FALSE,-0.71076,0.35199,0.667809,2,NA
512,3,106174686,107736519,TRUE,414,3027,8.28931e-05,0.000374335,0.334986,2.64787e-05,FALSE,NA,NA,NA,NA,NA,NA,2,NA
513,3,107736520,108638900,TRUE,187,1930,1.39538e-05,0.000269453,0.445748,1.19225e-05,FALSE,NA,NA,NA,NA,NA,NA,2,NA
514,3,108638901,109519606,TRUE,147,1824,NA,0.000125041,NA,0.0127071,FALSE,NA,NA,NA,NA,NA,NA,1,"MDD_noUKB"
515,3,109519607,110935508,TRUE,227,2814,0.00024663,0.000155877,0.0563558,0.00951535,FALSE,NA,NA,NA,NA,NA,NA,2,NA
516,3,110935509,111693782,TRUE,182,1953,NA,9.36846e-05,NA,0.0513257,FALSE,NA,NA,NA,NA,NA,NA,1,"MDD_noUKB"
517,3,111693783,112408513,TRUE,183,1815,0.000185813,0.000112803,0.0886588,0.0276289,FALSE,NA,NA,NA,NA,NA,NA,2,NA
518,3,112408514,113657665,TRUE,300,2961,NA,0.000181814,NA,0.00843018,FALSE,NA,NA,NA,NA,NA,NA,1,"MDD_noUKB"
519,3,113657666,115649909,TRUE,512,3309,NA,0.000859466,NA,2.98157e-15,FALSE,NA,NA,NA,NA,NA,NA,1,"MDD_noUKB"
520,3,115649910,116498570,TRUE,210,1890,NA,6.5503e-05,NA,0.137118,FALSE,NA,NA,NA,NA,NA,NA,1,"MDD_noUKB"
521,3,116498571,117241644,TRUE,287,1885,NA,0.000176607,NA,0.0086101,FALSE,NA,NA,NA,NA,NA,NA,1,"MDD_noUKB"
522,3,117241645,118086929,TRUE,186,2045,0.000271709,4.25795e-05,0.0284563,0.220661,FALSE,NA,NA,NA,NA,NA,NA,2,NA
523,3,118086930,118903053,TRUE,174,1830,NA,6.91704e-05,NA,0.105979,FALSE,NA,NA,NA,NA,NA,NA,1,"MDD_noUKB"
524,3,118903054,119759983,TRUE,220,1923,NA,0.000111036,NA,0.0400509,FALSE,NA,NA,NA,NA,NA,NA,1,"MDD_noUKB"
525,3,119759984,120574477,TRUE,233,1909,0.000100592,0.000209488,0.248916,0.00111882,FALSE,NA,NA,NA,NA,NA,NA,2,NA
526,3,120574478,121362442,TRUE,92,1658,5.89025e-05,0.000211447,0.258973,5.66135e-06,FALSE,NA,NA,NA,NA,NA,NA,2,NA
527,3,121362443,122340832,TRUE,199,2160,NA,0.000162711,NA,0.00482858,FALSE,NA,NA,NA,NA,NA,NA,1,"MDD_noUKB"
528,3,122340833,123518507,TRUE,308,2275,0.000126667,0.000239096,0.231181,0.00112491,FALSE,NA,NA,NA,NA,NA,NA,2,NA
529,3,123518508,124823006,TRUE,347,2967,0.00028138,0.000341927,0.0692508,2.62396e-05,FALSE,NA,NA,NA,NA,NA,NA,2,NA
530,3,124823007,125475722,TRUE,154,1691,9.6619e-05,0.000188979,0.215655,0.000597846,FALSE,NA,NA,NA,NA,NA,NA,2,NA
531,3,125475723,125992650,TRUE,123,1696,0.000335731,5.77711e-05,0.00296353,0.109043,FALSE,NA,NA,NA,NA,NA,NA,2,NA
532,3,125992651,127495173,TRUE,428,3556,NA,0.000375667,NA,3.35507e-05,FALSE,NA,NA,NA,NA,NA,NA,1,"MDD_noUKB"
533,3,127495174,129091975,TRUE,325,2986,0.000389191,0.000234738,0.019076,0.00170877,TRUE,-0.021231,-0.021231,FALSE,-1,0.71879,0.947986,2,NA
534,3,129091976,130242360,TRUE,211,2106,0.000299541,0.000100777,0.0244611,0.0536403,FALSE,NA,NA,NA,NA,NA,NA,2,NA
535,3,130242361,131373470,TRUE,196,1938,5.45672e-05,0.000100719,0.33886,0.0539049,FALSE,NA,NA,NA,NA,NA,NA,2,NA
536,3,131373471,132124018,TRUE,167,2315,NA,NA,NA,NA,FALSE,NA,NA,NA,NA,NA,NA,0,"MDD_noUKB,BIP_noUKB"
537,3,132124019,132925967,TRUE,157,1790,8.02326e-05,0.000129963,0.253678,0.00993176,FALSE,NA,NA,NA,NA,NA,NA,2,NA
538,3,132925968,133718493,TRUE,293,1799,NA,0.00032817,NA,1.90205e-05,FALSE,NA,NA,NA,NA,NA,NA,1,"MDD_noUKB"
539,3,133718494,135288394,TRUE,438,3256,0.000546998,0.000626792,0.0063196,2.27364e-10,TRUE,-0.151768,-0.151768,FALSE,-0.76378,0.27367,0.474934,2,NA
540,3,135288395,137372141,TRUE,287,3063,0.000215318,0.000231353,0.105172,0.00135727,FALSE,NA,NA,NA,NA,NA,NA,2,NA
541,3,137372142,138693846,TRUE,259,2060,0.000368111,5.64972e-05,0.014754,0.196326,FALSE,NA,NA,NA,NA,NA,NA,2,NA
542,3,138693847,139831267,TRUE,284,2294,5.55871e-06,0.000297481,0.475687,5.42902e-05,FALSE,NA,NA,NA,NA,NA,NA,2,NA
543,3,139831268,141034637,TRUE,367,2478,NA,0.000402674,NA,2.6251e-06,FALSE,NA,NA,NA,NA,NA,NA,1,"MDD_noUKB"
544,3,141034638,141898978,TRUE,258,1937,0.000165042,0.000154849,0.151859,0.0130323,FALSE,NA,NA,NA,NA,NA,NA,2,NA
545,3,141898979,142976707,TRUE,247,1969,0.000307658,0.000280355,0.0298645,5.3437e-05,TRUE,-0.274944,-0.274944,FALSE,-1,0.32416,0.366531,2,NA
546,3,142976708,144408821,TRUE,386,3193,0.000578146,0.000310873,0.00272403,0.000236128,TRUE,-0.0495082,-0.0495082,FALSE,-0.74209,0.48776,0.848679,2,NA
547,3,144408822,145211907,TRUE,159,1943,9.82898e-05,0.000194379,0.213524,0.000437799,FALSE,NA,NA,NA,NA,NA,NA,2,NA
548,3,145211908,145903838,TRUE,180,2007,0.00019773,8.81859e-05,0.0757931,0.0689157,FALSE,NA,NA,NA,NA,NA,NA,2,NA
549,3,145903839,147358243,TRUE,326,3392,1.21042e-05,0.000179667,0.462886,0.0107117,FALSE,NA,NA,NA,NA,NA,NA,2,NA
550,3,147358244,148638308,TRUE,365,2864,NA,3.19766e-05,NA,0.335074,FALSE,NA,NA,NA,NA,NA,NA,1,"MDD_noUKB"
551,3,148638309,149998411,TRUE,421,3227,0.000199355,0.000285459,0.165354,0.000804625,FALSE,NA,NA,NA,NA,NA,NA,2,NA
552,3,149998412,151131307,TRUE,332,2281,3.84297e-06,0.000258098,0.481347,0.000919391,FALSE,NA,NA,NA,NA,NA,NA,2,NA
553,3,151131308,151904021,TRUE,192,1903,7.45217e-06,0.000112896,0.465272,0.0306235,FALSE,NA,NA,NA,NA,NA,NA,2,NA
554,3,151904022,153406718,TRUE,343,3171,NA,0.000510326,NA,5.88269e-09,FALSE,NA,NA,NA,NA,NA,NA,1,"MDD_noUKB"
555,3,153406719,155046423,TRUE,323,3494,0.000243267,0.000389439,0.0915634,1.98506e-06,FALSE,NA,NA,NA,NA,NA,NA,2,NA
556,3,155046424,155928190,TRUE,174,1869,4.10947e-05,0.000154732,0.366487,0.00611686,FALSE,NA,NA,NA,NA,NA,NA,2,NA
557,3,155928191,156795410,TRUE,198,1887,NA,9.14253e-05,NA,0.0683215,FALSE,NA,NA,NA,NA,NA,NA,1,"MDD_noUKB"
558,3,156795411,157633700,TRUE,175,1876,NA,0.000210566,NA,0.000418408,FALSE,NA,NA,NA,NA,NA,NA,1,"MDD_noUKB"
559,3,157633701,158460058,TRUE,85,1858,NA,3.49293e-05,NA,0.175345,FALSE,NA,NA,NA,NA,NA,NA,1,"MDD_noUKB"
560,3,158460059,159478751,TRUE,244,1827,0.000187978,0.000283158,0.11719,4.92331e-05,FALSE,NA,NA,NA,NA,NA,NA,2,NA
561,3,159478752,160584961,TRUE,196,2030,NA,0.000197969,NA,0.000954589,FALSE,NA,NA,NA,NA,NA,NA,1,"MDD_noUKB"
562,3,160584962,161628883,TRUE,157,2485,9.95994e-05,9.47298e-05,0.208846,0.0410703,FALSE,NA,NA,NA,NA,NA,NA,2,NA
563,3,161628884,162622604,TRUE,147,3122,0.000323556,0.000160288,0.00662005,0.00175283,TRUE,-0.123347,-0.123347,FALSE,-1,0.53911,0.69417,2,NA
564,3,162622605,163250112,TRUE,50,1870,2.32287e-06,5.26347e-06,0.460378,0.403215,FALSE,NA,NA,NA,NA,NA,NA,2,NA
565,3,163250113,164037360,TRUE,89,2063,3.95431e-05,8.64179e-05,0.322193,0.0191121,FALSE,NA,NA,NA,NA,NA,NA,2,NA
566,3,164037361,165054911,TRUE,155,1947,NA,0.000174168,NA,0.00114178,FALSE,NA,NA,NA,NA,NA,NA,1,"MDD_noUKB"
567,3,165054912,165936511,TRUE,138,2344,2.08075e-05,0.000124909,0.414858,0.010802,FALSE,NA,NA,NA,NA,NA,NA,2,NA
568,3,165936512,167118893,TRUE,161,3337,8.2939e-05,0.000310704,0.250578,3.8962e-07,FALSE,NA,NA,NA,NA,NA,NA,2,NA
569,3,167118894,168972662,TRUE,384,3460,0.000518468,0.000401149,0.0058941,3.87025e-06,TRUE,0.18252,0.18252,FALSE,-0.3756,0.73482,0.45442,2,NA
570,3,168972663,170174578,TRUE,330,2283,0.000209367,0.000472616,0.12674,3.16632e-08,FALSE,NA,NA,NA,NA,NA,NA,2,NA
571,3,170174579,171134849,TRUE,281,1863,NA,9.02517e-06,NA,0.437145,FALSE,NA,NA,NA,NA,NA,NA,1,"MDD_noUKB"
572,3,171134850,172004760,TRUE,270,1887,NA,6.22218e-05,NA,0.183084,FALSE,NA,NA,NA,NA,NA,NA,1,"MDD_noUKB"
573,3,172004761,173415591,TRUE,444,2890,1.94375e-05,0.000109871,0.454457,0.106571,FALSE,NA,NA,NA,NA,NA,NA,2,NA
574,3,173415592,174684707,TRUE,344,2790,0.0003361,0.000279083,0.0394633,0.000397304,TRUE,0.236202,0.236202,FALSE,-0.60051,1,0.47311,2,NA
575,3,174684708,175671424,TRUE,308,2474,0.000547211,0.0001769,0.00174645,0.00972813,TRUE,-0.296048,-0.296048,FALSE,-1,0.32354,0.336552,2,NA
576,3,175671425,176931163,TRUE,325,3120,4.14747e-06,0.000242611,0.480403,0.00120079,FALSE,NA,NA,NA,NA,NA,NA,2,NA
577,3,176931164,178110322,TRUE,387,2426,9.16845e-05,0.000515203,0.31392,1.18174e-08,FALSE,NA,NA,NA,NA,NA,NA,2,NA
578,3,178110323,179372165,TRUE,283,2551,9.10091e-05,0.000241297,0.286946,0.000698115,FALSE,NA,NA,NA,NA,NA,NA,2,NA
579,3,179372166,181424323,TRUE,383,3152,NA,0.000383615,NA,1.07816e-05,FALSE,NA,NA,NA,NA,NA,NA,1,"MDD_noUKB"
580,3,181424324,183203155,TRUE,443,2938,NA,0.000287705,NA,0.000983625,FALSE,NA,NA,NA,NA,NA,NA,1,"MDD_noUKB"
581,3,183203156,184524268,TRUE,516,3035,0.000593657,0.000334525,0.00609994,0.000414612,TRUE,0.375528,0.375528,FALSE,-0.19706,1,0.170941,2,NA
582,3,184524269,185709996,TRUE,230,2155,0.000189966,9.64275e-05,0.108286,0.0674798,FALSE,NA,NA,NA,NA,NA,NA,2,NA
583,3,185709997,186602045,TRUE,407,1899,NA,7.92631e-05,NA,0.172841,FALSE,NA,NA,NA,NA,NA,NA,1,"MDD_noUKB"
584,3,186602046,187939199,TRUE,601,3315,0.0006247,0.000437014,0.00708542,3.25844e-05,TRUE,-0.322834,-0.322834,FALSE,-1,0.16982,0.202952,2,NA
585,3,187939200,189451805,TRUE,528,3332,0.000114461,0.000364097,0.304443,0.000213321,FALSE,NA,NA,NA,NA,NA,NA,2,NA
586,3,189451806,190591293,TRUE,393,3154,0.000226765,0.0003301,0.127642,0.000107921,FALSE,NA,NA,NA,NA,NA,NA,2,NA
587,3,190591294,191229357,TRUE,150,1862,0.000276226,7.60327e-05,0.0168996,0.0737199,FALSE,NA,NA,NA,NA,NA,NA,2,NA
588,3,191229358,192049688,TRUE,234,2515,2.96348e-05,0.00017523,0.411615,0.00468619,FALSE,NA,NA,NA,NA,NA,NA,2,NA
589,3,192049689,193122090,TRUE,308,2324,NA,0.000213049,NA,0.0034312,FALSE,NA,NA,NA,NA,NA,NA,1,"MDD_noUKB"
590,3,193122091,194217140,TRUE,489,2713,NA,9.3065e-05,NA,0.155728,FALSE,NA,NA,NA,NA,NA,NA,1,"MDD_noUKB"
591,3,194217141,195196789,TRUE,447,3314,8.11506e-05,0.000251455,0.343532,0.00327612,FALSE,NA,NA,NA,NA,NA,NA,2,NA
592,3,195196790,195710290,TRUE,162,839,0.000516904,0.000316274,0.000170626,5.61563e-07,TRUE,-0.21718,-0.21718,FALSE,-0.7601,0.19753,0.306008,2,NA
593,3,195710291,196383152,TRUE,280,1655,0.000285992,0.000135049,0.0485775,0.0309014,TRUE,-0.0080261,-0.0080261,FALSE,-1,1,0.985657,2,NA
594,3,196383153,197147990,TRUE,295,1754,1.21233e-06,0.000338279,0.486239,1.23566e-05,FALSE,NA,NA,NA,NA,NA,NA,2,NA
595,3,197147991,197962380,TRUE,194,1396,4.76489e-05,NA,0.355314,NA,FALSE,NA,NA,NA,NA,NA,NA,1,"BIP_noUKB"
596,4,10227,812415,TRUE,158,1670,0.000163779,1.16426e-05,0.105466,0.398637,FALSE,NA,NA,NA,NA,NA,NA,2,NA
597,4,812416,1529267,TRUE,202,1875,0.000285155,0.000252225,0.0277696,8.36276e-05,TRUE,-0.675237,-0.675237,FALSE,-1,-0.0851,0.0305129,2,NA
598,4,1529268,2468935,TRUE,299,1936,0.000314316,0.000246276,0.0391002,0.000747195,TRUE,-0.324262,-0.324262,FALSE,-1,0.38084,0.338687,2,NA
599,4,2468936,3549229,TRUE,324,2391,5.51721e-06,0.000170901,0.477363,0.0148031,FALSE,NA,NA,NA,NA,NA,NA,2,NA
600,4,3549230,4266178,TRUE,347,1936,0.000444641,0.000164775,0.0127834,0.0211868,TRUE,-0.822613,-0.822613,FALSE,-1,-0.11511,0.0268551,2,NA
601,4,4266179,5051834,TRUE,386,2281,0.000185961,0.00011178,0.170766,0.0879255,FALSE,NA,NA,NA,NA,NA,NA,2,NA
602,4,5051835,5972709,TRUE,460,2918,NA,0.000102166,NA,0.127659,FALSE,NA,NA,NA,NA,NA,NA,1,"MDD_noUKB"
603,4,5972710,7135819,TRUE,672,3132,0.000282854,0.000321067,0.138634,0.00239098,FALSE,NA,NA,NA,NA,NA,NA,2,NA
604,4,7135820,7726034,TRUE,560,2355,0.000415043,0.000184941,0.0431107,0.0339299,TRUE,0.102954,0.102954,FALSE,-1,1,0.811751,2,NA
605,4,7726035,8309826,TRUE,383,1842,8.90778e-05,3.32044e-05,0.31796,0.334519,FALSE,NA,NA,NA,NA,NA,NA,2,NA
606,4,8309827,8882616,TRUE,203,1348,0.000402781,7.16164e-05,0.00426251,0.116401,FALSE,NA,NA,NA,NA,NA,NA,2,NA
607,4,8882617,9482867,TRUE,17,304,3.03101e-05,NA,0.215287,NA,FALSE,NA,NA,NA,NA,NA,NA,1,"BIP_noUKB"
608,4,9482868,9916156,TRUE,80,1490,NA,7.78532e-06,NA,0.397756,FALSE,NA,NA,NA,NA,NA,NA,1,"MDD_noUKB"
609,4,9916157,10370666,TRUE,107,1742,0.00014224,4.02666e-05,0.0897214,0.17219,FALSE,NA,NA,NA,NA,NA,NA,2,NA
610,4,10370667,11050119,TRUE,221,1827,0.000107375,0.000104095,0.232071,0.054073,FALSE,NA,NA,NA,NA,NA,NA,2,NA
611,4,11050120,12209028,TRUE,390,3280,3.4691e-05,0.00039199,0.421214,6.95189e-06,FALSE,NA,NA,NA,NA,NA,NA,2,NA
612,4,12209029,13127576,TRUE,259,2622,5.71749e-05,0.000544779,0.351532,6.01378e-12,FALSE,NA,NA,NA,NA,NA,NA,2,NA
613,4,13127577,14395886,TRUE,452,3492,6.04e-05,0.00074726,0.380646,2.79797e-13,FALSE,NA,NA,NA,NA,NA,NA,2,NA
614,4,14395887,14967147,TRUE,168,1771,NA,0.000378383,NA,3.63516e-09,FALSE,NA,NA,NA,NA,NA,NA,1,"MDD_noUKB"
615,4,14967148,15910801,TRUE,254,2203,1.29011e-05,0.000272414,0.455991,8.91906e-05,FALSE,NA,NA,NA,NA,NA,NA,2,NA
616,4,15910802,17290236,TRUE,505,3339,0.000134362,0.000200189,0.270604,0.0190061,FALSE,NA,NA,NA,NA,NA,NA,2,NA
617,4,17290237,18753263,TRUE,323,3424,0.00056789,0.000456354,0.00171023,3.1647e-07,TRUE,-0.348325,-0.348325,FALSE,-1,0.07218,0.112825,2,NA
618,4,18753264,20086838,TRUE,242,3630,4.94513e-05,0.000192437,0.364636,0.00250876,FALSE,NA,NA,NA,NA,NA,NA,2,NA
619,4,20086839,21416380,TRUE,448,3387,0.000776821,0.000266719,0.000308212,0.0022767,TRUE,0.0859792,0.0859792,FALSE,-0.53844,0.64334,0.738927,2,NA
620,4,21416381,22835185,TRUE,345,3693,NA,0.000483323,NA,4.57492e-08,FALSE,NA,NA,NA,NA,NA,NA,1,"MDD_noUKB"
621,4,22835186,23858350,TRUE,279,1940,0.000339835,0.00064098,0.0256457,2.25743e-14,TRUE,0.0558686,0.0558686,FALSE,-0.51387,0.59028,0.807511,2,NA
622,4,23858351,24764724,TRUE,352,1970,2.64746e-05,0.000365476,0.434232,1.08608e-05,FALSE,NA,NA,NA,NA,NA,NA,2,NA
623,4,24764725,25832018,TRUE,396,2683,0.000221614,0.000163336,0.134318,0.0284935,FALSE,NA,NA,NA,NA,NA,NA,2,NA
624,4,25832019,27385580,TRUE,498,2722,NA,0.000323482,NA,0.000702734,FALSE,NA,NA,NA,NA,NA,NA,1,"MDD_noUKB"
625,4,27385581,28177792,TRUE,249,2356,NA,NA,NA,NA,FALSE,NA,NA,NA,NA,NA,NA,0,"MDD_noUKB,BIP_noUKB"
626,4,28177793,28927438,TRUE,158,2123,0.000216555,0.000119571,0.0482989,0.015338,TRUE,0.0824618,0.0824618,FALSE,-1,1,0.847222,2,NA
627,4,28927439,29758399,TRUE,178,2136,0.000187369,0.000113065,0.0846999,0.0256352,FALSE,NA,NA,NA,NA,NA,NA,2,NA
628,4,29758400,30455555,TRUE,170,2017,0.000309406,0.000155741,0.0129853,0.00437892,TRUE,-0.224676,-0.224676,FALSE,-1,0.49001,0.510869,2,NA
629,4,30455556,31395092,TRUE,241,2647,7.70239e-06,0.000249293,0.468146,0.000220365,FALSE,NA,NA,NA,NA,NA,NA,2,NA
630,4,31395093,32260117,TRUE,183,2296,0.000154116,0.000194905,0.130096,0.00088707,FALSE,NA,NA,NA,NA,NA,NA,2,NA
631,4,32260118,32746820,TRUE,108,1705,NA,NA,NA,NA,FALSE,NA,NA,NA,NA,NA,NA,0,"MDD_noUKB,BIP_noUKB"
632,4,32746821,33640822,TRUE,142,1819,0.000214183,NA,0.0445107,NA,FALSE,NA,NA,NA,NA,NA,NA,1,"BIP_noUKB"
633,4,33640823,34721845,TRUE,87,2011,NA,7.58705e-05,NA,0.031508,FALSE,NA,NA,NA,NA,NA,NA,1,"MDD_noUKB"
634,4,34721846,35411236,TRUE,167,1642,NA,8.08947e-05,NA,0.0705435,FALSE,NA,NA,NA,NA,NA,NA,1,"MDD_noUKB"
635,4,35411237,35993838,TRUE,110,2211,NA,0.00019628,NA,4.70666e-05,FALSE,NA,NA,NA,NA,NA,NA,1,"MDD_noUKB"
636,4,35993839,36671801,TRUE,171,1916,0.00018688,0.000153576,0.0808801,0.00424259,FALSE,NA,NA,NA,NA,NA,NA,2,NA
637,4,36671802,37880860,TRUE,396,3739,NA,0.000303621,NA,0.000283625,FALSE,NA,NA,NA,NA,NA,NA,1,"MDD_noUKB"
638,4,37880861,38984838,TRUE,442,3014,0.000412398,0.000274816,0.0284843,0.00145775,TRUE,0.0903684,0.0903684,FALSE,-0.84002,0.90031,0.78461,2,NA
639,4,38984839,39820061,TRUE,211,1816,NA,0.000208639,NA,0.000738629,FALSE,NA,NA,NA,NA,NA,NA,1,"MDD_noUKB"
640,4,39820062,40590541,TRUE,317,1855,NA,0.000303667,NA,9.04946e-05,FALSE,NA,NA,NA,NA,NA,NA,1,"MDD_noUKB"
641,4,40590542,41360937,TRUE,241,1986,0.000190957,0.000157356,0.111574,0.0103893,FALSE,NA,NA,NA,NA,NA,NA,2,NA
642,4,41360938,42189251,TRUE,194,1873,0.00018488,0.000113287,0.0963627,0.0304731,FALSE,NA,NA,NA,NA,NA,NA,2,NA
643,4,42189252,43192424,TRUE,251,3075,0.000141723,0.000316954,0.183502,8.92306e-06,FALSE,NA,NA,NA,NA,NA,NA,2,NA
644,4,43192425,43962561,TRUE,152,1955,0.000363876,0.000209556,0.0036016,0.000283085,TRUE,0.075176,0.075176,FALSE,-0.62639,0.68254,0.788967,2,NA
645,4,43962562,45186767,TRUE,235,3411,NA,0.000180112,NA,0.00400329,FALSE,NA,NA,NA,NA,NA,NA,1,"MDD_noUKB"
646,4,45186768,46358360,TRUE,230,2178,NA,0.000429811,NA,3.47508e-09,FALSE,NA,NA,NA,NA,NA,NA,1,"MDD_noUKB"
647,4,46358361,47408265,TRUE,224,1785,NA,0.00025696,NA,9.12492e-05,FALSE,NA,NA,NA,NA,NA,NA,1,"MDD_noUKB"
648,4,47408266,49325138,TRUE,298,3074,0.000165518,0.000662202,0.168251,9.10284e-15,FALSE,NA,NA,NA,NA,NA,NA,2,NA
649,4,49325139,53879571,TRUE,205,1748,4.6844e-05,0.000183524,0.360876,0.00204753,FALSE,NA,NA,NA,NA,NA,NA,2,NA
650,4,53879572,54659778,TRUE,183,1708,6.34213e-05,0.000106657,0.309793,0.0341401,FALSE,NA,NA,NA,NA,NA,NA,2,NA
651,4,54659779,55681701,TRUE,317,1932,NA,0.000428717,NA,1.38315e-07,FALSE,NA,NA,NA,NA,NA,NA,1,"MDD_noUKB"
652,4,55681702,57103100,TRUE,402,3615,0.000389697,0.00028699,0.0297969,0.000667098,TRUE,0.0615299,0.0615299,FALSE,-0.8804,0.84245,0.848813,2,NA
653,4,57103101,58011085,TRUE,305,2497,5.20214e-05,0.000119579,0.373438,0.0535441,FALSE,NA,NA,NA,NA,NA,NA,2,NA
654,4,58011086,58940256,TRUE,286,2326,0.000373067,5.79927e-05,0.0173504,0.200034,FALSE,NA,NA,NA,NA,NA,NA,2,NA
655,4,58940257,59692948,TRUE,170,2105,0.00016582,5.76469e-05,0.104948,0.141764,FALSE,NA,NA,NA,NA,NA,NA,2,NA
656,4,59692949,60746709,TRUE,227,2853,0.000354343,0.000140875,0.0129374,0.0161838,TRUE,-0.234889,-0.234889,FALSE,-1,0.53949,0.523658,2,NA
657,4,60746710,61971161,TRUE,213,3603,4.2014e-05,0.000203647,0.375652,0.00106141,FALSE,NA,NA,NA,NA,NA,NA,2,NA
658,4,61971162,63337954,TRUE,348,2691,0.000400661,0.000204042,0.0195431,0.00626714,TRUE,-0.268961,-0.268961,FALSE,-1,0.44317,0.440013,2,NA
659,4,63337955,64117431,TRUE,176,2189,0.000480415,0.000185847,0.000550992,0.001373,TRUE,-0.442235,-0.442235,FALSE,-1,0.0912,0.103979,2,NA
660,4,64117432,65563100,TRUE,219,3535,0.000560557,0.000310563,0.000287731,4.42263e-06,TRUE,-0.122798,-0.122798,FALSE,-0.67729,0.30797,0.576967,2,NA
661,4,65563101,66597446,TRUE,223,2729,0.000235476,0.000129287,0.0621311,0.0238506,FALSE,NA,NA,NA,NA,NA,NA,2,NA
662,4,66597447,67616362,TRUE,195,2357,0.000133916,0.000242561,0.167466,8.57718e-05,FALSE,NA,NA,NA,NA,NA,NA,2,NA
663,4,67616363,68742859,TRUE,216,2624,NA,0.000101499,NA,0.0514796,FALSE,NA,NA,NA,NA,NA,NA,1,"MDD_noUKB"
664,4,68742860,69603368,TRUE,105,992,NA,9.5928e-06,NA,0.393182,FALSE,NA,NA,NA,NA,NA,NA,1,"MDD_noUKB"
665,4,69603369,70516836,TRUE,97,2133,0.000264226,NA,0.00722602,NA,FALSE,NA,NA,NA,NA,NA,NA,1,"BIP_noUKB"
666,4,70516837,71468300,TRUE,168,2830,NA,0.000118599,NA,0.0180039,FALSE,NA,NA,NA,NA,NA,NA,1,"MDD_noUKB"
667,4,71468301,73258294,TRUE,293,3133,0.0010171,0.000488809,1.17348e-07,5.63235e-09,TRUE,-0.0465342,-0.0465342,FALSE,-0.40421,0.26999,0.773279,2,NA
668,4,73258295,74885900,TRUE,263,2970,0.000164421,0.000307859,0.156301,2.5648e-05,FALSE,NA,NA,NA,NA,NA,NA,2,NA
669,4,74885901,76497358,TRUE,348,3411,1.30532e-05,0.00045903,0.462413,6.89024e-08,FALSE,NA,NA,NA,NA,NA,NA,2,NA
670,4,76497359,78045637,TRUE,360,3703,0.00048997,0.000345077,0.00685852,2.74822e-05,TRUE,-0.200266,-0.200266,FALSE,-1,0.31993,0.438879,2,NA
671,4,78045638,78967715,TRUE,202,2219,0.000319592,0.00025714,0.0165383,5.44233e-05,TRUE,0.119531,0.119531,FALSE,-0.60973,0.81549,0.681637,2,NA
672,4,78967716,79880101,TRUE,195,1908,0.000316612,0.000284435,0.0160874,8.76889e-06,TRUE,-0.0499846,-0.0499846,FALSE,-0.86565,0.54945,0.858255,2,NA
673,4,79880102,81206182,TRUE,268,2649,0.000130189,0.000287683,0.209894,5.86092e-05,FALSE,NA,NA,NA,NA,NA,NA,2,NA
674,4,81206183,82655623,TRUE,281,2597,0.000274895,0.000196303,0.0554009,0.00394119,FALSE,NA,NA,NA,NA,NA,NA,2,NA
675,4,82655624,84003062,TRUE,312,3069,0.000106826,0.00037136,0.267011,2.81088e-06,FALSE,NA,NA,NA,NA,NA,NA,2,NA
676,4,84003063,85437805,TRUE,320,2700,NA,5.50133e-05,NA,0.223872,FALSE,NA,NA,NA,NA,NA,NA,1,"MDD_noUKB"
677,4,85437806,86931670,TRUE,237,3115,0.000211286,0.000112774,0.0880291,0.0425832,FALSE,NA,NA,NA,NA,NA,NA,2,NA
678,4,86931671,88502717,TRUE,262,3296,0.000163715,0.000191837,0.156287,0.0036892,FALSE,NA,NA,NA,NA,NA,NA,2,NA
679,4,88502718,89244554,TRUE,208,1981,0.00012098,0.000233186,0.197912,0.000249462,FALSE,NA,NA,NA,NA,NA,NA,2,NA
680,4,89244555,90236971,TRUE,252,2055,7.02227e-05,0.000377907,0.320567,3.24727e-07,FALSE,NA,NA,NA,NA,NA,NA,2,NA
681,4,90236972,91309863,TRUE,216,2379,NA,0.000261331,NA,6.39286e-05,FALSE,NA,NA,NA,NA,NA,NA,1,"MDD_noUKB"
682,4,91309864,92219192,TRUE,237,2169,NA,0.000266206,NA,9.01176e-05,FALSE,NA,NA,NA,NA,NA,NA,1,"MDD_noUKB"
683,4,92219193,93451599,TRUE,236,2123,0.000294278,0.000157724,0.0323727,0.0091022,TRUE,-0.446413,-0.446413,FALSE,-1,0.31266,0.246031,2,NA
684,4,93451600,94757265,TRUE,266,2674,0.000345795,0.000420639,0.0223674,2.91463e-07,TRUE,-0.0916099,-0.0916099,FALSE,-0.8659,0.45939,0.730064,2,NA
685,4,94757266,96183801,TRUE,302,3076,NA,0.000153654,NA,0.0215423,FALSE,NA,NA,NA,NA,NA,NA,1,"MDD_noUKB"
686,4,96183802,97540787,TRUE,313,3485,NA,0.000252872,NA,0.000694087,FALSE,NA,NA,NA,NA,NA,NA,1,"MDD_noUKB"
687,4,97540788,98445515,TRUE,171,1872,NA,0.00028326,NA,2.64034e-06,FALSE,NA,NA,NA,NA,NA,NA,1,"MDD_noUKB"
688,4,98445516,99532480,TRUE,124,2073,0.000196469,0.000167222,0.0453964,0.000570564,TRUE,0.466967,0.466967,FALSE,-0.30044,1,0.194588,2,NA
689,4,99532481,100333334,TRUE,170,2115,7.7418e-05,6.00041e-05,0.268058,0.136317,FALSE,NA,NA,NA,NA,NA,NA,2,NA
690,4,100333335,101132995,TRUE,194,1918,0.000268201,4.88199e-05,0.0327803,0.196592,FALSE,NA,NA,NA,NA,NA,NA,2,NA
691,4,101132996,102544803,TRUE,297,3257,0.000252289,0.000232675,0.0749413,0.00110735,FALSE,NA,NA,NA,NA,NA,NA,2,NA
692,4,102544804,104384534,TRUE,334,3310,0.00039832,0.000351314,0.0181199,1.12598e-05,TRUE,-0.179801,-0.179801,FALSE,-1,0.38662,0.512255,2,NA
693,4,104384535,105319195,TRUE,162,1666,0.0003473,0.000231251,0.00572576,5.34252e-05,TRUE,0.228461,0.228461,FALSE,-0.39151,0.89079,0.40241,2,NA
694,4,105319196,106479155,TRUE,249,2296,0.000227978,0.000316773,0.0796949,1.03665e-05,FALSE,NA,NA,NA,NA,NA,NA,2,NA
695,4,106479156,108131206,TRUE,320,3033,0.000425315,0.000300912,0.0116861,0.000112041,TRUE,0.151756,0.151756,FALSE,-0.54472,0.79716,0.589697,2,NA
696,4,108131207,109122458,TRUE,217,1818,NA,0.000205956,NA,0.000883291,FALSE,NA,NA,NA,NA,NA,NA,1,"MDD_noUKB"
697,4,109122459,109978982,TRUE,246,1958,0.000187267,9.28409e-05,0.117969,0.0794512,FALSE,NA,NA,NA,NA,NA,NA,2,NA
698,4,109978983,111733579,TRUE,459,3425,0.000120576,0.000127751,0.281559,0.0773319,FALSE,NA,NA,NA,NA,NA,NA,2,NA
699,4,111733580,112830229,TRUE,242,1983,0.000291732,0.000273996,0.035542,7.19142e-05,TRUE,-0.259431,-0.259431,FALSE,-1,0.37669,0.409537,2,NA
700,4,112830230,113916002,TRUE,218,1992,0.000368136,0.000206307,0.00936146,0.00100732,TRUE,-0.299146,-0.299146,FALSE,-1,0.30914,0.326889,2,NA
701,4,113916003,115306149,TRUE,375,2939,NA,0.000249236,NA,0.00164868,FALSE,NA,NA,NA,NA,NA,NA,1,"MDD_noUKB"
702,4,115306150,116204703,TRUE,151,1951,7.59107e-05,8.36381e-06,0.260223,0.420062,FALSE,NA,NA,NA,NA,NA,NA,2,NA
703,4,116204704,117313636,TRUE,182,2457,NA,0.000194858,NA,0.000772998,FALSE,NA,NA,NA,NA,NA,NA,1,"MDD_noUKB"
704,4,117313637,118395262,TRUE,221,2820,0.000141126,0.000286646,0.170205,1.96011e-05,FALSE,NA,NA,NA,NA,NA,NA,2,NA
705,4,118395263,119138097,TRUE,139,1807,3.027e-05,0.000216015,0.384169,5.15815e-05,FALSE,NA,NA,NA,NA,NA,NA,2,NA
706,4,119138098,119927262,TRUE,152,1641,0.000114926,0.000209402,0.173173,0.000125069,FALSE,NA,NA,NA,NA,NA,NA,2,NA
707,4,119927263,120563073,TRUE,96,1585,NA,0.000108711,NA,0.00718278,FALSE,NA,NA,NA,NA,NA,NA,1,"MDD_noUKB"
708,4,120563074,121393008,TRUE,171,1905,NA,0.000364475,NA,1.49094e-08,FALSE,NA,NA,NA,NA,NA,NA,1,"MDD_noUKB"
709,4,121393009,121981243,TRUE,133,1866,6.20406e-05,0.000107205,0.285695,0.0197341,FALSE,NA,NA,NA,NA,NA,NA,2,NA
710,4,121981244,122655434,TRUE,231,2115,3.6988e-05,8.22317e-05,0.392781,0.10269,FALSE,NA,NA,NA,NA,NA,NA,2,NA
711,4,122655435,123768693,TRUE,213,2027,NA,0.000295285,NA,1.06356e-05,FALSE,NA,NA,NA,NA,NA,NA,1,"MDD_noUKB"
712,4,123768694,124534997,TRUE,174,1912,NA,0.000159319,NA,0.00409766,FALSE,NA,NA,NA,NA,NA,NA,1,"MDD_noUKB"
713,4,124534998,125486535,TRUE,207,2368,2.31895e-05,0.000117834,0.423301,0.02942,FALSE,NA,NA,NA,NA,NA,NA,2,NA
714,4,125486536,126476842,TRUE,253,2538,0.000141846,0.000118731,0.183647,0.0388316,FALSE,NA,NA,NA,NA,NA,NA,2,NA
715,4,126476843,127279171,TRUE,231,2000,NA,NA,NA,NA,FALSE,NA,NA,NA,NA,NA,NA,0,"MDD_noUKB,BIP_noUKB"
716,4,127279172,128321876,TRUE,210,2306,2.95132e-05,0.000319267,0.407409,2.69346e-06,FALSE,NA,NA,NA,NA,NA,NA,2,NA
717,4,128321877,129625376,TRUE,228,1912,0.000190796,0.000172143,0.107609,0.00705049,FALSE,NA,NA,NA,NA,NA,NA,2,NA
718,4,129625377,131098950,TRUE,298,3118,0.000287033,0.00025321,0.0535297,0.000545269,FALSE,NA,NA,NA,NA,NA,NA,2,NA
719,4,131098951,131873453,TRUE,163,1918,NA,7.97709e-05,NA,0.0700968,FALSE,NA,NA,NA,NA,NA,NA,1,"MDD_noUKB"
720,4,131873454,132801980,TRUE,134,1684,0.000149478,0.000142765,0.101567,0.00317789,FALSE,NA,NA,NA,NA,NA,NA,2,NA
721,4,132801981,133524886,TRUE,100,1681,5.43375e-05,4.96765e-05,0.281672,0.115648,FALSE,NA,NA,NA,NA,NA,NA,2,NA
722,4,133524887,134109978,TRUE,88,1558,7.6384e-05,5.85655e-05,0.20489,0.0783639,FALSE,NA,NA,NA,NA,NA,NA,2,NA
723,4,134109979,135809542,TRUE,256,3491,7.38282e-05,0.000124573,0.314006,0.0342195,FALSE,NA,NA,NA,NA,NA,NA,2,NA
724,4,135809543,137400031,TRUE,294,3444,NA,0.000262976,NA,0.000335628,FALSE,NA,NA,NA,NA,NA,NA,1,"MDD_noUKB"
725,4,137400032,138537344,TRUE,321,3534,0.000543354,0.00016079,0.00217498,0.0184339,TRUE,-0.253936,-0.253936,FALSE,-1,0.42626,0.437297,2,NA
726,4,138537345,139553760,TRUE,282,2418,NA,0.000194504,NA,0.00470573,FALSE,NA,NA,NA,NA,NA,NA,1,"MDD_noUKB"
727,4,139553761,141087047,TRUE,530,2908,0.00052053,0.00026057,0.0147562,0.00524505,TRUE,-0.192892,-0.192892,FALSE,-1,0.50179,0.558741,2,NA
728,4,141087048,142807914,TRUE,396,3232,NA,0.000246981,NA,0.00260235,FALSE,NA,NA,NA,NA,NA,NA,1,"MDD_noUKB"
729,4,142807915,144401042,TRUE,241,3294,0.000243476,0.000297702,0.0631146,1.80952e-05,FALSE,NA,NA,NA,NA,NA,NA,2,NA
730,4,144401043,146174871,TRUE,251,2567,NA,0.00011938,NA,0.0398967,FALSE,NA,NA,NA,NA,NA,NA,1,"MDD_noUKB"
731,4,146174872,147161042,TRUE,297,1912,0.000114096,0.000274572,0.248963,0.000225588,FALSE,NA,NA,NA,NA,NA,NA,2,NA
732,4,147161043,148462208,TRUE,232,2461,0.000233732,0.000183506,0.0681983,0.00361808,FALSE,NA,NA,NA,NA,NA,NA,2,NA
733,4,148462209,149998528,TRUE,384,2849,NA,0.000212663,NA,0.0066486,FALSE,NA,NA,NA,NA,NA,NA,1,"MDD_noUKB"
734,4,149998529,151014322,TRUE,209,1662,NA,0.000180841,NA,0.00258379,FALSE,NA,NA,NA,NA,NA,NA,1,"MDD_noUKB"
735,4,151014323,152162098,TRUE,170,1800,0.00044508,0.000372999,0.00100669,5.29757e-09,TRUE,0.206126,0.206126,FALSE,-0.25019,0.66348,0.33051,2,NA
736,4,152162099,153520883,TRUE,288,2749,0.000332471,0.000191288,0.0302816,0.00498529,TRUE,0.582687,0.582687,FALSE,-0.15126,1,0.108128,2,NA
737,4,153520884,155044409,TRUE,520,3493,0.000343102,0.00036282,0.0694864,0.000183029,FALSE,NA,NA,NA,NA,NA,NA,2,NA
738,4,155044410,156520288,TRUE,405,3023,0.000406122,0.000319663,0.0252869,0.000184477,TRUE,-0.129711,-0.129711,FALSE,-1,0.49668,0.668278,2,NA
739,4,156520289,157597309,TRUE,320,3310,8.99771e-06,0.000175344,0.469602,0.0115571,FALSE,NA,NA,NA,NA,NA,NA,2,NA
740,4,157597310,159176073,TRUE,303,3225,0.000275066,0.000115844,0.0624563,0.0620638,FALSE,NA,NA,NA,NA,NA,NA,2,NA
741,4,159176074,160828480,TRUE,303,3138,0.000194369,0.000316828,0.133537,4.32269e-05,FALSE,NA,NA,NA,NA,NA,NA,2,NA
742,4,160828481,161666201,TRUE,246,2077,NA,0.000204881,NA,0.00177055,FALSE,NA,NA,NA,NA,NA,NA,1,"MDD_noUKB"
743,4,161666202,162239289,TRUE,143,2214,8.50606e-05,0.000144923,0.231488,0.00343835,FALSE,NA,NA,NA,NA,NA,NA,2,NA
744,4,162239290,163245541,TRUE,251,2815,0.000259226,0.000210541,0.0553524,0.00139932,FALSE,NA,NA,NA,NA,NA,NA,2,NA
745,4,163245542,163937103,FALSE,NA,NA,NA,NA,NA,NA,FALSE,NA,NA,NA,NA,NA,NA,NA,NA
746,4,163937104,164781847,TRUE,224,1722,0.000142819,0.000219385,0.169015,0.000582806,FALSE,NA,NA,NA,NA,NA,NA,2,NA
747,4,164781848,165824650,TRUE,303,3002,NA,0.000247006,NA,0.000766913,FALSE,NA,NA,NA,NA,NA,NA,1,"MDD_noUKB"
748,4,165824651,166702855,TRUE,300,2397,4.15542e-05,0.000275791,0.395479,0.000222574,FALSE,NA,NA,NA,NA,NA,NA,2,NA
749,4,166702856,167643768,TRUE,184,2297,9.54018e-05,0.000173507,0.235189,0.00232442,FALSE,NA,NA,NA,NA,NA,NA,2,NA
750,4,167643769,168623790,TRUE,228,2511,0.000205825,4.32903e-05,0.0919036,0.246539,FALSE,NA,NA,NA,NA,NA,NA,2,NA
751,4,168623791,169555114,TRUE,252,2424,7.52284e-05,8.47369e-05,0.309553,0.101538,FALSE,NA,NA,NA,NA,NA,NA,2,NA
752,4,169555115,170682809,TRUE,279,2101,2.99669e-05,0.000159439,0.418242,0.0136435,FALSE,NA,NA,NA,NA,NA,NA,2,NA
753,4,170682810,171643019,TRUE,216,2629,NA,0.000191066,NA,0.00193574,FALSE,NA,NA,NA,NA,NA,NA,1,"MDD_noUKB"
754,4,171643020,172555990,TRUE,149,2525,NA,0.000141143,NA,0.00477188,FALSE,NA,NA,NA,NA,NA,NA,1,"MDD_noUKB"
755,4,172555991,174470206,TRUE,400,3206,3.18193e-06,0.000154028,0.484268,0.0363192,FALSE,NA,NA,NA,NA,NA,NA,2,NA
756,4,174470207,175295842,TRUE,309,1714,NA,0.000217138,NA,0.00262437,FALSE,NA,NA,NA,NA,NA,NA,1,"MDD_noUKB"
757,4,175295843,175959697,TRUE,228,1884,0.000146707,0.000194041,0.164219,0.00187954,FALSE,NA,NA,NA,NA,NA,NA,2,NA
758,4,175959698,177129678,TRUE,331,2502,NA,0.000687874,NA,1.72842e-13,FALSE,NA,NA,NA,NA,NA,NA,1,"MDD_noUKB"
759,4,177129679,178314527,TRUE,378,3100,0.000125322,0.000389461,0.25489,5.43843e-06,FALSE,NA,NA,NA,NA,NA,NA,2,NA
760,4,178314528,179233905,TRUE,257,2091,NA,7.36365e-05,NA,0.133518,FALSE,NA,NA,NA,NA,NA,NA,1,"MDD_noUKB"
761,4,179233906,179932391,TRUE,199,1919,NA,4.55594e-05,NA,0.214003,FALSE,NA,NA,NA,NA,NA,NA,1,"MDD_noUKB"
762,4,179932392,180540877,TRUE,189,2032,NA,0.000216803,NA,0.000273665,FALSE,NA,NA,NA,NA,NA,NA,1,"MDD_noUKB"
763,4,180540878,181122433,TRUE,236,1964,8.99123e-05,7.63961e-05,0.272091,0.118285,FALSE,NA,NA,NA,NA,NA,NA,2,NA
764,4,181122434,182065646,TRUE,457,2800,NA,0.000459479,NA,1.27935e-06,FALSE,NA,NA,NA,NA,NA,NA,1,"MDD_noUKB"
765,4,182065647,182946258,TRUE,470,2840,7.31642e-05,0.00030588,0.360642,0.000745265,FALSE,NA,NA,NA,NA,NA,NA,2,NA
766,4,182946259,183603892,TRUE,380,1819,0.000167172,0.000469646,0.193547,1.02029e-07,FALSE,NA,NA,NA,NA,NA,NA,2,NA
767,4,183603893,184338584,TRUE,320,1862,7.86005e-05,7.96339e-05,0.322964,0.143706,FALSE,NA,NA,NA,NA,NA,NA,2,NA
768,4,184338585,185483262,TRUE,606,3208,8.83269e-05,0.000281232,0.353609,0.004241,FALSE,NA,NA,NA,NA,NA,NA,2,NA
769,4,185483263,186232882,FALSE,NA,NA,NA,NA,NA,NA,FALSE,NA,NA,NA,NA,NA,NA,NA,NA
770,4,186232883,186881568,TRUE,354,1838,NA,0.000106793,NA,0.0889733,FALSE,NA,NA,NA,NA,NA,NA,1,"MDD_noUKB"
771,4,186881569,187985393,TRUE,538,3055,0.000647874,0.000636266,0.00380856,2.05619e-09,TRUE,-0.0428989,-0.0428989,FALSE,-0.57819,0.38505,0.835784,2,NA
772,4,187985394,189153279,TRUE,494,3282,0.000792992,0.000386539,0.000406087,5.24158e-05,TRUE,0.133333,0.133333,FALSE,-0.37712,0.60137,0.552553,2,NA
773,4,189153280,189899573,TRUE,350,3283,NA,0.000356967,NA,1.45463e-05,FALSE,NA,NA,NA,NA,NA,NA,1,"MDD_noUKB"
774,4,189899574,191043880,TRUE,275,2220,0.000305789,0.000294781,0.0375917,5.73691e-05,TRUE,0.114645,0.114645,FALSE,-0.70525,0.90487,0.713816,2,NA
775,5,10043,598320,TRUE,159,1634,0.000209209,NA,0.0545559,NA,FALSE,NA,NA,NA,NA,NA,NA,1,"BIP_noUKB"
776,5,598321,1206609,TRUE,208,1153,0.000606031,6.80833e-05,8.86968e-05,0.131859,FALSE,NA,NA,NA,NA,NA,NA,2,NA
777,5,1206610,2106885,TRUE,514,2937,0.000669479,8.04231e-05,0.00245969,0.197873,FALSE,NA,NA,NA,NA,NA,NA,2,NA
778,5,2106886,2960068,TRUE,471,2738,1.39118e-05,6.52473e-05,0.465856,0.233657,FALSE,NA,NA,NA,NA,NA,NA,2,NA
779,5,2960069,3677595,TRUE,379,2791,8.42372e-05,0.00032899,0.325182,8.27349e-05,FALSE,NA,NA,NA,NA,NA,NA,2,NA
780,5,3677596,4636542,TRUE,315,2113,0.000352538,2.5449e-05,0.0274099,0.354503,FALSE,NA,NA,NA,NA,NA,NA,2,NA
781,5,4636543,5828694,TRUE,488,3245,0.000421907,0.00033329,0.0323995,0.000389843,TRUE,0.175406,0.175406,FALSE,-0.66026,1,0.579452,2,NA
782,5,5828695,6936733,TRUE,479,3567,0.00023549,0.000453911,0.141386,3.21313e-06,FALSE,NA,NA,NA,NA,NA,NA,2,NA
783,5,6936734,8079415,TRUE,338,3150,0.000504068,0.000492938,0.00471795,1.51389e-08,TRUE,-0.0786965,-0.0786965,FALSE,-0.64881,0.36893,0.722715,2,NA
784,5,8079416,9203855,TRUE,275,3272,6.42697e-05,0.000141908,0.340332,0.0244367,FALSE,NA,NA,NA,NA,NA,NA,2,NA
785,5,9203856,10549029,TRUE,532,3267,0.000283968,0.000512661,0.110815,5.82731e-07,FALSE,NA,NA,NA,NA,NA,NA,2,NA
786,5,10549030,11850850,TRUE,460,3089,7.92058e-05,0.00062498,0.349025,3.94644e-10,FALSE,NA,NA,NA,NA,NA,NA,2,NA
787,5,11850851,12867189,TRUE,150,1983,0.000220669,6.54425e-05,0.0424335,0.104197,FALSE,NA,NA,NA,NA,NA,NA,2,NA
788,5,12867190,13608147,TRUE,147,1948,NA,0.000154161,NA,0.00248567,FALSE,NA,NA,NA,NA,NA,NA,1,"MDD_noUKB"
789,5,13608148,14910295,TRUE,436,2954,0.000334657,0.000190316,0.0579551,0.0168643,FALSE,NA,NA,NA,NA,NA,NA,2,NA
790,5,14910296,16592319,TRUE,417,2954,NA,0.000626721,NA,8.69001e-11,FALSE,NA,NA,NA,NA,NA,NA,1,"MDD_noUKB"
791,5,16592320,17803477,TRUE,495,2721,NA,0.000316329,NA,0.000639843,FALSE,NA,NA,NA,NA,NA,NA,1,"MDD_noUKB"
792,5,17803478,18791410,TRUE,209,2533,NA,0.000186026,NA,0.00209337,FALSE,NA,NA,NA,NA,NA,NA,1,"MDD_noUKB"
793,5,18791411,20397013,TRUE,276,3438,9.22937e-05,0.000247798,0.282868,0.000510258,FALSE,NA,NA,NA,NA,NA,NA,2,NA
794,5,20397014,21211399,TRUE,125,1582,8.80719e-05,6.4508e-05,0.210407,0.0848162,FALSE,NA,NA,NA,NA,NA,NA,2,NA
795,5,21211400,22149042,TRUE,162,1564,NA,6.55304e-05,NA,0.110787,FALSE,NA,NA,NA,NA,NA,NA,1,"MDD_noUKB"
796,5,22149043,23246745,TRUE,197,2329,NA,0.000243826,NA,0.000109152,FALSE,NA,NA,NA,NA,NA,NA,1,"MDD_noUKB"
797,5,23246746,24362661,TRUE,169,3120,9.70398e-05,0.000165961,0.223159,0.00273972,FALSE,NA,NA,NA,NA,NA,NA,2,NA
798,5,24362662,25722097,TRUE,318,2943,0.000238685,0.000388789,0.0933598,1.63796e-06,FALSE,NA,NA,NA,NA,NA,NA,2,NA
799,5,25722098,26938178,TRUE,257,3478,0.000326937,0.000378559,0.0249311,3.49131e-07,TRUE,0.354439,0.354439,FALSE,-0.20788,1,0.188592,2,NA
800,5,26938179,28315653,TRUE,306,2716,0.00047929,0.000303144,0.00484267,6.89683e-05,TRUE,0.304935,0.304935,FALSE,-0.24906,0.93073,0.243702,2,NA
801,5,28315654,29593755,TRUE,241,3329,0.000264336,0.000148539,0.0506199,0.0135976,FALSE,NA,NA,NA,NA,NA,NA,2,NA
802,5,29593756,30416066,TRUE,192,2883,0.000156474,0.000136461,0.130241,0.0121615,FALSE,NA,NA,NA,NA,NA,NA,2,NA
803,5,30416067,31679464,TRUE,428,3011,0.000133195,0.00041227,0.255245,5.41697e-06,FALSE,NA,NA,NA,NA,NA,NA,2,NA
804,5,31679465,32727914,TRUE,440,2596,0.000269494,6.86523e-05,0.102034,0.215263,FALSE,NA,NA,NA,NA,NA,NA,2,NA
805,5,32727915,33971056,TRUE,319,2925,0.000261523,NA,0.0757636,NA,FALSE,NA,NA,NA,NA,NA,NA,1,"BIP_noUKB"
806,5,33971057,35157146,TRUE,293,2745,NA,0.000100797,NA,0.0812762,FALSE,NA,NA,NA,NA,NA,NA,1,"MDD_noUKB"
807,5,35157147,36431967,TRUE,303,2959,0.000255847,5.60073e-05,0.0754032,0.224105,FALSE,NA,NA,NA,NA,NA,NA,2,NA
808,5,36431968,37925487,TRUE,305,2595,NA,8.65971e-05,NA,0.120289,FALSE,NA,NA,NA,NA,NA,NA,1,"MDD_noUKB"
809,5,37925488,39438985,TRUE,430,3188,NA,0.000303105,NA,0.000502384,FALSE,NA,NA,NA,NA,NA,NA,1,"MDD_noUKB"
810,5,39438986,40290851,TRUE,181,2550,4.96241e-05,8.27879e-05,0.345124,0.073845,FALSE,NA,NA,NA,NA,NA,NA,2,NA
811,5,40290852,41279590,TRUE,215,2397,NA,0.000105877,NA,0.045479,FALSE,NA,NA,NA,NA,NA,NA,1,"MDD_noUKB"
812,5,41279591,42856332,TRUE,201,2966,0.000340903,2.28213e-05,0.0116212,0.339626,FALSE,NA,NA,NA,NA,NA,NA,2,NA
813,5,42856333,44049878,TRUE,169,2508,0.00024296,8.27038e-05,0.0371408,0.0711807,FALSE,NA,NA,NA,NA,NA,NA,2,NA
814,5,44049879,45305566,TRUE,166,1911,NA,0.000154561,NA,0.00400947,FALSE,NA,NA,NA,NA,NA,NA,1,"MDD_noUKB"
815,5,45305567,46388848,TRUE,90,1881,0.000390842,0.000220008,0.000222384,3.55796e-06,TRUE,-0.260446,-0.260446,FALSE,-0.85643,0.19371,0.263636,2,NA
816,5,46388849,50164835,TRUE,65,1412,8.79194e-05,6.25889e-05,0.139967,0.0389475,FALSE,NA,NA,NA,NA,NA,NA,2,NA
817,5,50164836,51203265,TRUE,210,1922,0.000436652,0.000305605,0.00262694,4.14025e-06,TRUE,0.00963718,0.00963718,FALSE,-0.59593,0.52254,0.968243,2,NA
818,5,51203266,52139773,TRUE,210,2288,0.000390717,0.000188413,0.00583994,0.00196599,TRUE,0.185937,0.185937,FALSE,-0.56228,0.94883,0.542962,2,NA
819,5,52139774,52837225,TRUE,203,1960,0.00030801,5.82895e-05,0.0200621,0.165276,FALSE,NA,NA,NA,NA,NA,NA,2,NA
820,5,52837226,53747856,TRUE,288,2300,NA,0.000157101,NA,0.0165063,FALSE,NA,NA,NA,NA,NA,NA,1,"MDD_noUKB"
821,5,53747857,55221398,TRUE,327,3844,0.000584091,4.30328e-05,0.0013012,0.280121,FALSE,NA,NA,NA,NA,NA,NA,2,NA
822,5,55221399,55968966,TRUE,347,1967,NA,0.000206031,NA,0.00596172,FALSE,NA,NA,NA,NA,NA,NA,1,"MDD_noUKB"
823,5,55968967,56896890,TRUE,281,2065,5.81393e-05,0.000121604,0.355254,0.0481748,FALSE,NA,NA,NA,NA,NA,NA,2,NA
824,5,56896891,57895012,TRUE,247,2518,7.23304e-05,0.000125667,0.314078,0.0313423,FALSE,NA,NA,NA,NA,NA,NA,2,NA
825,5,57895013,58721458,TRUE,290,2245,NA,0.000394413,NA,3.80109e-07,FALSE,NA,NA,NA,NA,NA,NA,1,"MDD_noUKB"
826,5,58721459,59868567,TRUE,214,1720,0.000107439,0.000287761,0.226434,1.3087e-05,FALSE,NA,NA,NA,NA,NA,NA,2,NA
827,5,59868568,60930753,TRUE,158,1843,NA,0.000314486,NA,2.45849e-07,FALSE,NA,NA,NA,NA,NA,NA,1,"MDD_noUKB"
828,5,60930754,62180368,TRUE,263,2185,0.000409403,8.31194e-05,0.0084063,0.10972,FALSE,NA,NA,NA,NA,NA,NA,2,NA
829,5,62180369,63214089,TRUE,210,2573,0.000329668,0.000561815,0.015443,5.27957e-14,TRUE,0.0700667,0.0700667,FALSE,-0.46795,0.56269,0.75584,2,NA
830,5,63214090,64438518,TRUE,212,1875,0.000139671,0.000104309,0.167966,0.0462034,FALSE,NA,NA,NA,NA,NA,NA,2,NA
831,5,64438519,65606870,TRUE,221,2121,0.000160112,3.94684e-05,0.142647,0.257567,FALSE,NA,NA,NA,NA,NA,NA,2,NA
832,5,65606871,67096191,TRUE,401,3236,0.000106588,0.000271388,0.291675,0.00107288,FALSE,NA,NA,NA,NA,NA,NA,2,NA
833,5,67096192,68006993,TRUE,340,2050,NA,0.00028529,NA,0.000334511,FALSE,NA,NA,NA,NA,NA,NA,1,"MDD_noUKB"
834,5,68006994,71468651,TRUE,327,3046,4.73775e-05,0.000712866,0.388131,5.89125e-15,FALSE,NA,NA,NA,NA,NA,NA,2,NA
835,5,71468652,73314061,TRUE,441,3526,0.000122215,0.000267563,0.275227,0.00178417,FALSE,NA,NA,NA,NA,NA,NA,2,NA
836,5,73314062,74245354,TRUE,312,2161,NA,3.308e-05,NA,0.317645,FALSE,NA,NA,NA,NA,NA,NA,1,"MDD_noUKB"
837,5,74245355,75239302,TRUE,148,1926,2.01206e-06,0.000387073,0.47797,3.72407e-10,FALSE,NA,NA,NA,NA,NA,NA,2,NA
838,5,75239303,75959515,TRUE,267,1718,0.000375719,0.000170981,0.014131,0.00846149,TRUE,-0.750277,-0.750277,FALSE,-1,-0.06825,0.0325381,2,NA
839,5,75959516,77290255,TRUE,456,3171,0.000884656,0.000292951,6.31492e-05,0.00108299,TRUE,-0.292031,-0.292031,FALSE,-1,0.18448,0.215515,2,NA
840,5,77290256,79005158,TRUE,394,3217,0.000473899,0.000594883,0.0112746,3.24397e-10,TRUE,-0.27582,-0.27582,FALSE,-1,0.1565,0.216473,2,NA
841,5,79005159,80448225,TRUE,484,3524,0.000835358,0.000524997,0.000192421,1.08876e-07,TRUE,-0.0711143,-0.0711143,FALSE,-0.53273,0.30931,0.711808,2,NA
842,5,80448226,81710194,TRUE,313,2132,NA,0.000219594,NA,0.00260416,FALSE,NA,NA,NA,NA,NA,NA,1,"MDD_noUKB"
843,5,81710195,82720248,TRUE,292,2066,NA,0.000239282,NA,0.000824161,FALSE,NA,NA,NA,NA,NA,NA,1,"MDD_noUKB"
844,5,82720249,84094797,TRUE,419,2405,8.58903e-06,0.000381365,0.474121,2.36263e-05,FALSE,NA,NA,NA,NA,NA,NA,2,NA
845,5,84094798,84697850,TRUE,126,1938,NA,3.4426e-05,NA,0.222204,FALSE,NA,NA,NA,NA,NA,NA,1,"MDD_noUKB"
846,5,84697851,85311779,TRUE,88,1858,NA,5.14135e-05,NA,0.0972523,FALSE,NA,NA,NA,NA,NA,NA,1,"MDD_noUKB"
847,5,85311780,86493763,TRUE,242,2496,NA,0.000377,NA,2.53166e-07,FALSE,NA,NA,NA,NA,NA,NA,1,"MDD_noUKB"
848,5,86493764,87943482,TRUE,206,2125,0.000596713,0.000577593,0.000109203,2.52873e-13,TRUE,0.153736,0.153736,FALSE,-0.21944,0.51509,0.381782,2,NA
849,5,87943483,89584466,TRUE,360,2022,0.000755078,0.000402784,0.000126658,2.73452e-06,TRUE,0.316526,0.316526,FALSE,-0.09973,0.74583,0.122903,2,NA
850,5,89584467,90793804,TRUE,299,2077,0.000188656,0.000463412,0.138808,1.04621e-08,FALSE,NA,NA,NA,NA,NA,NA,2,NA
851,5,90793805,91956905,TRUE,208,1895,0.00037558,0.000489574,0.00736862,2.96545e-11,TRUE,0.0048085,0.0048085,FALSE,-0.56476,0.47128,0.982703,2,NA
852,5,91956906,93814604,TRUE,373,2318,0.000768049,0.000374497,0.000129182,1.66561e-05,TRUE,-0.0111989,-0.0111989,FALSE,-0.51064,0.40672,0.958063,2,NA
853,5,93814605,95117259,TRUE,353,2374,0.000221092,0.000473116,0.121908,4.68887e-08,FALSE,NA,NA,NA,NA,NA,NA,2,NA
854,5,95117260,96467377,TRUE,337,2769,NA,0.000245793,NA,0.001299,FALSE,NA,NA,NA,NA,NA,NA,1,"MDD_noUKB"
855,5,96467378,97316601,TRUE,118,2406,4.99547e-06,8.73235e-05,0.464372,0.0324741,FALSE,NA,NA,NA,NA,NA,NA,2,NA
856,5,97316602,98567769,TRUE,246,2718,0.000268504,0.000358358,0.0488305,1.08135e-06,TRUE,0.183093,0.183093,FALSE,-0.54229,0.97275,0.540287,2,NA
857,5,98567770,99257995,TRUE,89,1616,0.000268368,9.57829e-05,0.00522723,0.012922,TRUE,0.0515619,0.0515619,FALSE,-1,0.8974,0.885915,2,NA
858,5,99257996,100594081,TRUE,158,2494,0.000700239,5.22905e-05,1.06449e-06,0.155921,FALSE,NA,NA,NA,NA,NA,NA,2,NA
859,5,100594082,101575367,TRUE,152,2465,9.8688e-05,6.52162e-05,0.207681,0.106898,FALSE,NA,NA,NA,NA,NA,NA,2,NA
860,5,101575368,102903985,TRUE,172,2923,0.000280886,8.02845e-05,0.0233717,0.102574,FALSE,NA,NA,NA,NA,NA,NA,2,NA
861,5,102903986,103788460,TRUE,298,1913,0.00047414,0.000398254,0.00477462,4.78495e-07,TRUE,0.205266,0.205266,FALSE,-0.31117,0.73949,0.382341,2,NA
862,5,103788461,104850490,TRUE,199,2446,0.000450528,0.000285487,0.00163619,1.03543e-05,TRUE,0.260113,0.260113,FALSE,-0.24759,0.80261,0.281752,2,NA
863,5,104850491,106389388,TRUE,328,3237,NA,0.00044061,NA,1.20566e-07,FALSE,NA,NA,NA,NA,NA,NA,1,"MDD_noUKB"
864,5,106389389,107265911,TRUE,312,2041,0.000143444,0.000410474,0.205172,3.65965e-07,FALSE,NA,NA,NA,NA,NA,NA,2,NA
865,5,107265912,108641784,TRUE,269,3356,0.000118457,0.000236227,0.230032,0.000630974,FALSE,NA,NA,NA,NA,NA,NA,2,NA
866,5,108641785,109606905,TRUE,279,2490,4.36792e-05,9.02976e-05,0.386608,0.0991383,FALSE,NA,NA,NA,NA,NA,NA,2,NA
867,5,109606906,110819517,TRUE,242,2353,0.000324411,0.00026456,0.0245451,0.000230456,TRUE,-0.370868,-0.370868,FALSE,-1,0.26699,0.234697,2,NA
868,5,110819518,111983115,TRUE,288,2754,9.73815e-05,0.000224214,0.276465,0.00145795,FALSE,NA,NA,NA,NA,NA,NA,2,NA
869,5,111983116,113121555,TRUE,247,3333,NA,0.000343449,NA,2.94243e-06,FALSE,NA,NA,NA,NA,NA,NA,1,"MDD_noUKB"
870,5,113121556,113998532,TRUE,254,2299,0.000119809,0.000352214,0.221745,1.52925e-06,FALSE,NA,NA,NA,NA,NA,NA,2,NA
871,5,113998533,115117631,TRUE,283,2619,NA,0.000284589,NA,0.000106938,FALSE,NA,NA,NA,NA,NA,NA,1,"MDD_noUKB"
872,5,115117632,116208000,TRUE,401,3254,NA,0.000347803,NA,5.84364e-05,FALSE,NA,NA,NA,NA,NA,NA,1,"MDD_noUKB"
873,5,116208001,117348497,TRUE,372,3212,0.00038596,0.000490678,0.0268102,4.28237e-08,TRUE,0.336891,0.336891,FALSE,-0.21038,1,0.189909,2,NA
874,5,117348498,118605251,TRUE,350,3142,NA,0.000517953,NA,3.51114e-09,FALSE,NA,NA,NA,NA,NA,NA,1,"MDD_noUKB"
875,5,118605252,119664173,TRUE,282,2522,0.000430152,0.000230724,0.00758043,0.00102953,TRUE,-0.315758,-0.315758,FALSE,-1,0.27278,0.287147,2,NA
876,5,119664174,120371857,TRUE,163,1959,0.00020957,7.10886e-05,0.0577824,0.108027,FALSE,NA,NA,NA,NA,NA,NA,2,NA
877,5,120371858,120960737,TRUE,184,2068,6.84776e-05,0.000288446,0.297498,4.11273e-06,FALSE,NA,NA,NA,NA,NA,NA,2,NA
878,5,120960738,122005291,TRUE,255,1863,NA,0.000158374,NA,0.012196,FALSE,NA,NA,NA,NA,NA,NA,1,"MDD_noUKB"
879,5,122005292,123191941,TRUE,237,2934,0.000107401,0.000231401,0.237379,0.000448989,FALSE,NA,NA,NA,NA,NA,NA,2,NA
880,5,123191942,124109485,TRUE,329,2041,NA,0.000167564,NA,0.0167358,FALSE,NA,NA,NA,NA,NA,NA,1,"MDD_noUKB"
881,5,124109486,125131720,TRUE,421,2613,4.4074e-05,0.0002128,0.406407,0.00815981,FALSE,NA,NA,NA,NA,NA,NA,2,NA
882,5,125131721,126054697,TRUE,260,2546,0.000190165,0.000214094,0.120195,0.00150418,FALSE,NA,NA,NA,NA,NA,NA,2,NA
883,5,126054698,126992836,TRUE,209,2196,0.000262626,0.000218984,0.0423225,0.00104569,TRUE,0.158829,0.158829,FALSE,-0.80437,1,0.654871,2,NA
884,5,126992837,128067414,TRUE,188,2004,0.000153869,0.000177214,0.133195,0.00335827,FALSE,NA,NA,NA,NA,NA,NA,2,NA
885,5,128067415,128734905,TRUE,151,2116,5.23874e-05,0.000228462,0.323121,5.04994e-05,FALSE,NA,NA,NA,NA,NA,NA,2,NA
886,5,128734906,130573817,TRUE,219,2970,0.000217344,0.000360728,0.0752012,1.71408e-07,FALSE,NA,NA,NA,NA,NA,NA,2,NA
887,5,130573818,132554690,TRUE,260,2800,0.000201642,0.000381703,0.10866,4.61802e-07,FALSE,NA,NA,NA,NA,NA,NA,2,NA
888,5,132554691,134556570,TRUE,628,3696,0.000155213,0.00128545,0.264353,1.35672e-24,FALSE,NA,NA,NA,NA,NA,NA,2,NA
889,5,134556571,135344943,TRUE,262,2028,NA,0.000272175,NA,0.000172873,FALSE,NA,NA,NA,NA,NA,NA,1,"MDD_noUKB"
890,5,135344944,136949853,TRUE,367,3206,8.12538e-07,0.000407398,0.488501,4.01379e-06,FALSE,NA,NA,NA,NA,NA,NA,2,NA
891,5,136949854,139408116,TRUE,386,3078,0.000699844,0.000816489,0.00049038,2.9547e-16,TRUE,0.0731876,0.0731876,FALSE,-0.30252,0.42202,0.664687,2,NA
892,5,139408117,141253830,TRUE,387,3077,0.00049667,0.000580135,0.00878532,6.85311e-10,TRUE,-0.125043,-0.125043,FALSE,-0.76689,0.31932,0.571688,2,NA
893,5,141253831,142532956,TRUE,453,2912,0.000290218,0.00038488,0.089366,3.72132e-05,FALSE,NA,NA,NA,NA,NA,NA,2,NA
894,5,142532957,143605908,TRUE,286,2206,NA,0.00023939,NA,0.000871805,FALSE,NA,NA,NA,NA,NA,NA,1,"MDD_noUKB"
895,5,143605909,145319096,TRUE,291,3429,0.000539561,0.000346021,0.00158996,6.47337e-06,TRUE,0.312856,0.312856,FALSE,-0.16932,0.83978,0.178886,2,NA
896,5,145319097,147180171,TRUE,437,3712,0.000121596,0.000448539,0.275191,1.25378e-06,FALSE,NA,NA,NA,NA,NA,NA,2,NA
897,5,147180172,148662214,TRUE,359,3248,NA,0.000499297,NA,1.55496e-08,FALSE,NA,NA,NA,NA,NA,NA,1,"MDD_noUKB"
898,5,148662215,149850203,TRUE,468,2539,NA,0.000302147,NA,0.000750479,FALSE,NA,NA,NA,NA,NA,NA,1,"MDD_noUKB"
899,5,149850204,150981934,TRUE,355,2830,NA,0.000267448,NA,0.000684319,FALSE,NA,NA,NA,NA,NA,NA,1,"MDD_noUKB"
900,5,150981935,151892617,TRUE,190,2083,NA,0.000223349,NA,0.000210503,FALSE,NA,NA,NA,NA,NA,NA,1,"MDD_noUKB"
901,5,151892618,152878627,TRUE,181,2083,0.00020096,4.18218e-05,0.0725602,0.224011,FALSE,NA,NA,NA,NA,NA,NA,2,NA
902,5,152878628,153734494,TRUE,197,2305,0.000357149,0.000280637,0.00856307,1.58429e-05,TRUE,0.122683,0.122683,FALSE,-0.52254,0.74842,0.648677,2,NA
903,5,153734495,154599750,TRUE,293,1894,0.000353719,0.000276471,0.0245634,0.000340459,TRUE,-0.305989,-0.305989,FALSE,-1,0.33749,0.328335,2,NA
904,5,154599751,155459556,TRUE,224,1954,6.34088e-06,0.000222029,0.470557,0.000505912,FALSE,NA,NA,NA,NA,NA,NA,2,NA
905,5,155459557,156345451,TRUE,208,2146,0.000292106,0.000279276,0.0281561,2.35957e-05,TRUE,-0.133861,-0.133861,FALSE,-1,0.49723,0.655767,2,NA
906,5,156345452,157191081,TRUE,229,2301,2.59188e-05,0.000142991,0.420537,0.0152994,FALSE,NA,NA,NA,NA,NA,NA,2,NA
907,5,157191082,158484775,TRUE,359,2916,NA,0.000247467,NA,0.00150516,FALSE,NA,NA,NA,NA,NA,NA,1,"MDD_noUKB"
908,5,158484776,159663733,TRUE,343,2674,0.000145603,0.000132701,0.213037,0.0473521,FALSE,NA,NA,NA,NA,NA,NA,2,NA
909,5,159663734,160519049,TRUE,312,2139,0.000360569,0.000208466,0.0248032,0.00383303,TRUE,0.187523,0.187523,FALSE,-0.74503,1,0.589648,2,NA
910,5,160519050,161478177,TRUE,207,2201,0.000104468,0.000266795,0.228926,3.44999e-05,FALSE,NA,NA,NA,NA,NA,NA,2,NA
911,5,161478178,162386027,TRUE,234,1745,NA,8.52068e-05,NA,0.0919393,FALSE,NA,NA,NA,NA,NA,NA,1,"MDD_noUKB"
912,5,162386028,163781268,TRUE,422,3221,NA,0.000324317,NA,0.000222201,FALSE,NA,NA,NA,NA,NA,NA,1,"MDD_noUKB"
913,5,163781269,165289211,TRUE,444,3209,4.508e-05,0.000416479,0.40679,6.45848e-06,FALSE,NA,NA,NA,NA,NA,NA,2,NA
914,5,165289212,166863413,TRUE,549,3039,0.000124985,0.000557049,0.292018,9.52421e-08,FALSE,NA,NA,NA,NA,NA,NA,2,NA
915,5,166863414,168342743,TRUE,596,2930,0.00062603,0.000352198,0.00686904,0.000490925,TRUE,-0.0797529,-0.0797529,FALSE,-0.85922,0.49126,0.77243,2,NA
916,5,168342744,169506966,TRUE,434,3098,NA,0.000712887,NA,2.15959e-12,FALSE,NA,NA,NA,NA,NA,NA,1,"MDD_noUKB"
917,5,169506967,170898340,TRUE,469,3119,0.000281437,0.000313585,0.0990693,0.000524696,FALSE,NA,NA,NA,NA,NA,NA,2,NA
918,5,170898341,172285682,TRUE,596,3184,9.73272e-05,0.00038203,0.339431,0.000239148,FALSE,NA,NA,NA,NA,NA,NA,2,NA
919,5,172285683,173606995,TRUE,498,3270,NA,0.000131558,NA,0.0802487,FALSE,NA,NA,NA,NA,NA,NA,1,"MDD_noUKB"
920,5,173606996,174662885,TRUE,511,2799,0.000220843,0.000298482,0.163757,0.00134193,FALSE,NA,NA,NA,NA,NA,NA,2,NA
921,5,174662886,176180301,TRUE,461,2637,0.000111258,0.000418834,0.29708,8.15344e-06,FALSE,NA,NA,NA,NA,NA,NA,2,NA
922,5,176180302,177659902,TRUE,326,2335,0.000461551,0.000527538,0.00822518,1.00104e-09,TRUE,-0.196279,-0.196279,FALSE,-0.87461,0.24165,0.37909,2,NA
923,5,177659903,178595252,TRUE,425,3059,0.000668638,0.000225411,0.00113864,0.00614613,TRUE,-0.369851,-0.369851,FALSE,-1,0.19208,0.19891,2,NA
924,5,178595253,179794710,TRUE,565,3025,0.000169225,0.000481813,0.235292,4.14963e-06,FALSE,NA,NA,NA,NA,NA,NA,2,NA
925,5,179794711,180902886,TRUE,353,2398,0.000576093,0.000214359,0.00205749,0.0058202,TRUE,0.323083,0.323083,FALSE,-0.33035,1,0.277977,2,NA
926,6,63979,1380679,TRUE,578,3212,0.000390895,0.000306624,0.0553781,0.00182678,FALSE,NA,NA,NA,NA,NA,NA,2,NA
927,6,1380680,2746531,TRUE,524,3198,0.00067489,0.000126607,0.0024953,0.0933407,FALSE,NA,NA,NA,NA,NA,NA,2,NA
928,6,2746532,3964072,TRUE,523,3103,NA,0.000429487,NA,1.55362e-05,FALSE,NA,NA,NA,NA,NA,NA,1,"MDD_noUKB"
929,6,3964073,4657086,TRUE,215,1920,6.71945e-05,7.25139e-05,0.313993,0.117895,FALSE,NA,NA,NA,NA,NA,NA,2,NA
930,6,4657087,5378213,TRUE,229,1848,0.000510689,7.10311e-05,0.000933558,0.128027,FALSE,NA,NA,NA,NA,NA,NA,2,NA
931,6,5378214,6621937,TRUE,571,3394,NA,0.00021584,NA,0.0177465,FALSE,NA,NA,NA,NA,NA,NA,1,"MDD_noUKB"
932,6,6621938,7808323,TRUE,555,3235,0.000201222,0.000281918,0.194612,0.00289298,FALSE,NA,NA,NA,NA,NA,NA,2,NA
933,6,7808324,9020710,TRUE,310,3174,NA,0.000231353,NA,0.0014929,FALSE,NA,NA,NA,NA,NA,NA,1,"MDD_noUKB"
934,6,9020711,10416550,TRUE,411,3299,0.000287843,6.18557e-05,0.0807252,0.226479,FALSE,NA,NA,NA,NA,NA,NA,2,NA
935,6,10416551,11790671,TRUE,501,3267,0.000515853,0.000392552,0.0132629,6.1612e-05,TRUE,0.275435,0.275435,FALSE,-0.34417,1,0.312117,2,NA
936,6,11790672,13352326,TRUE,474,3525,0.000250368,0.00054336,0.126549,4.57456e-08,FALSE,NA,NA,NA,NA,NA,NA,2,NA
937,6,13352327,15069421,TRUE,535,3247,0.000450173,0.000242226,0.0290702,0.00769142,TRUE,-0.487146,-0.487146,FALSE,-1,0.21659,0.178198,2,NA
938,6,15069422,16566882,TRUE,489,3569,0.000228385,0.000600896,0.151636,3.63019e-09,FALSE,NA,NA,NA,NA,NA,NA,2,NA
939,6,16566883,17391994,TRUE,297,1821,0.000132578,0.000501463,0.217117,8.1884e-10,FALSE,NA,NA,NA,NA,NA,NA,2,NA
940,6,17391995,18208676,TRUE,219,1951,0.000124913,0.000315899,0.196297,3.06135e-06,FALSE,NA,NA,NA,NA,NA,NA,2,NA
941,6,18208677,18775022,TRUE,134,1883,NA,0.000164009,NA,0.00110874,FALSE,NA,NA,NA,NA,NA,NA,1,"MDD_noUKB"
942,6,18775023,19449152,TRUE,135,1848,2.57599e-05,0.000391313,0.397263,6.3493e-11,FALSE,NA,NA,NA,NA,NA,NA,2,NA
943,6,19449153,20418020,TRUE,383,2328,0.000146079,0.000284396,0.224277,0.000518681,FALSE,NA,NA,NA,NA,NA,NA,2,NA
944,6,20418021,21295864,TRUE,254,2102,2.67783e-05,0.000156142,0.421901,0.0120429,FALSE,NA,NA,NA,NA,NA,NA,2,NA
945,6,21295865,22199713,TRUE,350,1847,0.000138052,0.000237107,0.227479,0.00211233,FALSE,NA,NA,NA,NA,NA,NA,2,NA
946,6,22199714,23192337,TRUE,306,2711,0.000187225,0.000182029,0.14266,0.00848509,FALSE,NA,NA,NA,NA,NA,NA,2,NA
947,6,23192338,23939306,TRUE,312,2119,0.000253362,0.000357378,0.0801068,7.26759e-06,FALSE,NA,NA,NA,NA,NA,NA,2,NA
948,6,23939307,24950379,TRUE,356,3017,8.85636e-05,0.000622902,0.313415,1.04495e-11,FALSE,NA,NA,NA,NA,NA,NA,2,NA
949,6,24950380,25684629,TRUE,248,2307,0.000492841,0.000447949,0.00181941,2.68073e-09,TRUE,-0.22132,-0.22132,FALSE,-0.80066,0.19072,0.293114,2,NA
950,6,25684630,26396200,TRUE,133,1822,5.70211e-05,0.000568972,0.300182,4.51193e-18,FALSE,NA,NA,NA,NA,NA,NA,2,NA
951,6,26396201,27261035,TRUE,88,1380,0.000496204,0.000306677,7.69097e-06,1.90661e-09,TRUE,0.738362,0.738362,FALSE,0.4147,1,0.000174612,2,NA
952,6,27261036,28666364,TRUE,147,2536,0.00051156,0.000417578,0.000101871,3.26962e-11,TRUE,0.590364,0.590364,FALSE,0.25269,0.99868,0.00194672,2,NA
953,6,28666365,29529755,TRUE,57,256,0.00038671,0.000228657,4.26227e-05,5.94748e-07,TRUE,0.660378,0.660378,FALSE,0.27146,1,0.00371708,2,NA
954,6,29529756,29833843,TRUE,34,294,8.87555e-05,0.000215681,0.0828235,1.45627e-08,FALSE,NA,NA,NA,NA,NA,NA,2,NA
955,6,29833844,30070717,TRUE,22,73,NA,4.40747e-05,NA,0.0411708,FALSE,NA,NA,NA,NA,NA,NA,1,"MDD_noUKB"
956,6,30070718,30715006,TRUE,52,256,8.87581e-06,0.000212379,0.429523,8.63396e-05,FALSE,NA,NA,NA,NA,NA,NA,2,NA
957,6,30715007,31106493,TRUE,79,385,0.000285165,0.000566857,0.00379725,8.30213e-18,TRUE,0.566965,0.566965,FALSE,0.18058,1,0.00841919,2,NA
958,6,31106494,31250556,TRUE,32,200,0.000202858,6.18705e-05,0.00224479,0.0125595,TRUE,0.536945,0.536945,FALSE,-0.23397,1,0.153265,2,NA
959,6,31250557,31320268,TRUE,19,185,0.00013194,0.000140624,0.00837358,4.82948e-07,TRUE,0.521157,0.521157,FALSE,-0.0927,1,0.0993628,2,NA
960,6,31320269,31427209,TRUE,44,331,0.000217133,0.000247644,0.00357094,8.42036e-09,TRUE,0.62513,0.62513,FALSE,0.15948,1,0.0168794,2,NA
961,6,31427210,32208901,TRUE,136,697,0.000454162,0.000524339,0.00049505,6.72898e-13,TRUE,0.388374,0.388374,FALSE,0.0115,0.81019,0.0461926,2,NA
962,6,32208902,32454577,TRUE,24,86,2.90685e-05,8.07478e-05,0.279151,0.0057334,FALSE,NA,NA,NA,NA,NA,NA,2,NA
963,6,32454578,32539567,TRUE,3,4,NA,2.84872e-05,NA,0.016646,FALSE,NA,NA,NA,NA,NA,NA,1,"MDD_noUKB"
964,6,32539568,32586784,TRUE,12,175,9.71389e-05,5.85423e-05,0.014115,0.00302312,TRUE,NA,1.28563,TRUE,NA,NA,NA,2,NA
965,6,32586785,32629239,TRUE,17,197,0.000127671,5.69266e-05,0.0075409,0.00506228,TRUE,0.811891,0.811891,FALSE,0.1076,1,0.046467,2,NA
966,6,32629240,32682213,TRUE,12,62,5.0046e-05,8.88463e-05,0.0957883,0.000101596,FALSE,NA,NA,NA,NA,NA,NA,2,NA
967,6,32682214,32897998,TRUE,65,393,5.11279e-05,3.07332e-05,0.25976,0.206062,FALSE,NA,NA,NA,NA,NA,NA,2,NA
968,6,32897999,33194975,TRUE,73,352,0.000170174,0.000186201,0.0373434,8.80833e-05,TRUE,0.179643,0.179643,FALSE,-0.69057,1,0.604007,2,NA
969,6,33194976,33864262,TRUE,203,1584,0.000385465,0.000307227,0.00589885,4.00436e-06,TRUE,0.513959,0.513959,FALSE,0.02582,1,0.0435113,2,NA
970,6,33864263,34979270,TRUE,282,2420,0.000298557,0.000298413,0.0426607,6.60529e-05,TRUE,-0.412223,-0.412223,FALSE,-1,0.2337,0.195878,2,NA
971,6,34979271,36346353,TRUE,309,2610,0.000189521,0.00051989,0.142425,9.30925e-10,FALSE,NA,NA,NA,NA,NA,NA,2,NA
972,6,36346354,37570051,TRUE,445,2907,NA,0.000392575,NA,2.19376e-05,FALSE,NA,NA,NA,NA,NA,NA,1,"MDD_noUKB"
973,6,37570052,38688720,TRUE,353,2487,0.000541668,0.000478044,0.00326701,5.18982e-08,TRUE,0.420328,0.420328,FALSE,-0.00847,0.97858,0.0568566,2,NA
974,6,38688721,39785907,TRUE,366,3012,0.000361258,0.000145989,0.0332514,0.0362495,TRUE,-0.441245,-0.441245,FALSE,-1,0.45804,0.303007,2,NA
975,6,39785908,40778401,TRUE,339,2740,NA,0.000497397,NA,1.22717e-08,FALSE,NA,NA,NA,NA,NA,NA,1,"MDD_noUKB"
976,6,40778402,42103738,TRUE,493,2914,NA,0.000175223,NA,0.0340564,FALSE,NA,NA,NA,NA,NA,NA,1,"MDD_noUKB"
977,6,42103739,43770626,TRUE,423,2958,0.000189563,0.000520173,0.177248,3.63447e-08,FALSE,NA,NA,NA,NA,NA,NA,2,NA
978,6,43770627,44596897,TRUE,438,1934,NA,0.000334968,NA,0.000200353,FALSE,NA,NA,NA,NA,NA,NA,1,"MDD_noUKB"
979,6,44596898,45408421,TRUE,97,1987,NA,7.59879e-05,NA,0.0431106,FALSE,NA,NA,NA,NA,NA,NA,1,"MDD_noUKB"
980,6,45408422,46430701,TRUE,323,2084,0.000449994,0.00030466,0.00887303,0.000123066,TRUE,0.345089,0.345089,FALSE,-0.2434,1,0.213069,2,NA
981,6,46430702,47313443,TRUE,280,2011,NA,0.000159368,NA,0.0149483,FALSE,NA,NA,NA,NA,NA,NA,1,"MDD_noUKB"
982,6,47313444,48393981,TRUE,231,2483,NA,0.000118334,NA,0.035446,FALSE,NA,NA,NA,NA,NA,NA,1,"MDD_noUKB"
983,6,48393982,49528164,TRUE,148,2442,0.000207787,5.11132e-05,0.0501974,0.155471,FALSE,NA,NA,NA,NA,NA,NA,2,NA
984,6,49528165,50940767,TRUE,232,3121,0.000189939,0.000157051,0.108866,0.00911774,FALSE,NA,NA,NA,NA,NA,NA,2,NA
985,6,50940768,51826423,TRUE,165,2305,5.35909e-05,0.000239927,0.326698,3.14711e-05,FALSE,NA,NA,NA,NA,NA,NA,2,NA
986,6,51826424,52598879,TRUE,276,1999,0.000174565,0.000165936,0.147516,0.0116154,FALSE,NA,NA,NA,NA,NA,NA,2,NA
987,6,52598880,53425492,TRUE,239,1939,0.000165908,0.000349338,0.143764,1.69638e-06,FALSE,NA,NA,NA,NA,NA,NA,2,NA
988,6,53425493,54452767,TRUE,217,2286,1.3106e-05,3.98719e-05,0.451897,0.250527,FALSE,NA,NA,NA,NA,NA,NA,2,NA
989,6,54452768,55469137,TRUE,189,3253,NA,0.000218839,NA,0.0002725,FALSE,NA,NA,NA,NA,NA,NA,1,"MDD_noUKB"
990,6,55469138,56200985,TRUE,158,2099,0.000227173,0.000153956,0.0409366,0.00306273,TRUE,0.233969,0.233969,FALSE,-0.79696,1,0.535412,2,NA
991,6,56200986,57316157,TRUE,189,1646,NA,5.8575e-05,NA,0.15283,FALSE,NA,NA,NA,NA,NA,NA,1,"MDD_noUKB"
992,6,57316158,58141889,TRUE,46,1236,6.77465e-05,5.5367e-05,0.158181,0.034534,FALSE,NA,NA,NA,NA,NA,NA,2,NA
993,6,58141890,61883560,TRUE,50,1341,3.54989e-05,0.000129952,0.297913,0.000238998,FALSE,NA,NA,NA,NA,NA,NA,2,NA
994,6,61883561,62693128,TRUE,54,1656,NA,7.77188e-05,NA,0.0128579,FALSE,NA,NA,NA,NA,NA,NA,1,"MDD_noUKB"
995,6,62693129,64010286,TRUE,152,3136,0.000257154,0.000136724,0.0240308,0.00655947,TRUE,0.210634,0.210634,FALSE,-0.81783,1,0.572228,2,NA
996,6,64010287,65759861,TRUE,239,3454,0.000320384,0.000352758,0.0236052,6.60261e-07,TRUE,0.158594,0.158594,FALSE,-0.49179,0.86693,0.56113,2,NA
997,6,65759862,66445495,TRUE,136,1786,0.000426384,0.000225639,0.000551053,3.09412e-05,TRUE,-0.0462732,-0.0462732,FALSE,-0.64352,0.44113,0.848908,2,NA
998,6,66445496,67036787,TRUE,96,1915,0.000152252,9.86809e-05,0.0669992,0.0123673,FALSE,NA,NA,NA,NA,NA,NA,2,NA
999,6,67036788,67559694,TRUE,140,1804,NA,0.000256686,NA,3.57759e-06,FALSE,NA,NA,NA,NA,NA,NA,1,"MDD_noUKB"
1000,6,67559695,68547494,TRUE,175,3362,0.000190537,0.000112786,0.0788953,0.0239737,FALSE,NA,NA,NA,NA,NA,NA,2,NA
1001,6,68547495,69294227,TRUE,198,2505,0.000231697,0.000219289,0.0549765,0.000332704,FALSE,NA,NA,NA,NA,NA,NA,2,NA
1002,6,69294228,70363348,TRUE,190,2559,0.000190628,0.000320638,0.0869197,5.60849e-07,FALSE,NA,NA,NA,NA,NA,NA,2,NA
1003,6,70363349,71610787,TRUE,307,2639,0.000157658,4.6876e-05,0.18256,0.254065,FALSE,NA,NA,NA,NA,NA,NA,2,NA
1004,6,71610788,72290723,TRUE,177,2055,4.1991e-05,0.000467873,0.365121,7.36925e-11,FALSE,NA,NA,NA,NA,NA,NA,2,NA
1005,6,72290724,73170168,TRUE,190,1986,3.22777e-05,0.000300865,0.394783,2.13899e-06,FALSE,NA,NA,NA,NA,NA,NA,2,NA
1006,6,73170169,74401506,TRUE,276,2685,3.39908e-05,9.32456e-05,0.408373,0.0909147,FALSE,NA,NA,NA,NA,NA,NA,2,NA
1007,6,74401507,75461313,TRUE,179,2798,0.000181262,9.7803e-05,0.0913821,0.042573,FALSE,NA,NA,NA,NA,NA,NA,2,NA
1008,6,75461314,77274030,TRUE,291,2953,7.80533e-05,0.000138912,0.315891,0.0298374,FALSE,NA,NA,NA,NA,NA,NA,2,NA
1009,6,77274031,78168731,TRUE,201,2246,0.000112795,0.000341591,0.209387,3.09405e-07,FALSE,NA,NA,NA,NA,NA,NA,2,NA
1010,6,78168732,78959762,TRUE,108,1904,5.82143e-05,0.000132599,0.276915,0.00272952,FALSE,NA,NA,NA,NA,NA,NA,2,NA
1011,6,78959763,79859903,TRUE,128,2099,6.37328e-05,0.000137315,0.27644,0.00345452,FALSE,NA,NA,NA,NA,NA,NA,2,NA
1012,6,79859904,80693927,TRUE,227,2031,0.00013064,0.000265475,0.191325,6.85156e-05,FALSE,NA,NA,NA,NA,NA,NA,2,NA
1013,6,80693928,81567706,TRUE,136,2282,NA,8.9127e-05,NA,0.0373646,FALSE,NA,NA,NA,NA,NA,NA,1,"MDD_noUKB"
1014,6,81567707,82388204,TRUE,109,2228,NA,0.000172868,NA,0.00024401,FALSE,NA,NA,NA,NA,NA,NA,1,"MDD_noUKB"
1015,6,82388205,83571953,TRUE,262,2584,1.47508e-05,0.00043785,0.452371,1.08335e-08,FALSE,NA,NA,NA,NA,NA,NA,2,NA
1016,6,83571954,85038134,TRUE,259,2246,0.000113899,9.47923e-05,0.234861,0.08098,FALSE,NA,NA,NA,NA,NA,NA,2,NA
1017,6,85038135,85837203,TRUE,177,2014,NA,0.000163664,NA,0.00319085,FALSE,NA,NA,NA,NA,NA,NA,1,"MDD_noUKB"
1018,6,85837204,86818669,TRUE,128,1972,5.6961e-05,0.00011617,0.296142,0.0100693,FALSE,NA,NA,NA,NA,NA,NA,2,NA
1019,6,86818670,87516322,TRUE,164,1870,NA,3.97735e-05,NA,0.220728,FALSE,NA,NA,NA,NA,NA,NA,1,"MDD_noUKB"
1020,6,87516323,88499745,TRUE,152,2105,0.000181483,5.24722e-05,0.0754996,0.153214,FALSE,NA,NA,NA,NA,NA,NA,2,NA
1021,6,88499746,89974267,TRUE,436,3324,0.000231105,0.000400173,0.134743,1.05326e-05,FALSE,NA,NA,NA,NA,NA,NA,2,NA
1022,6,89974268,91097024,TRUE,333,1980,0.000338924,0.000356203,0.0362924,1.34411e-05,TRUE,-0.223175,-0.223175,FALSE,-1,0.40572,0.451889,2,NA
1023,6,91097025,92015279,TRUE,270,2097,2.56711e-05,5.18122e-05,0.427,0.219226,FALSE,NA,NA,NA,NA,NA,NA,2,NA
1024,6,92015280,92953798,TRUE,231,1996,NA,0.000260995,NA,8.77399e-05,FALSE,NA,NA,NA,NA,NA,NA,1,"MDD_noUKB"
1025,6,92953799,93696825,TRUE,183,1889,NA,0.000104812,NA,0.0394953,FALSE,NA,NA,NA,NA,NA,NA,1,"MDD_noUKB"
1026,6,93696826,95176337,TRUE,352,3440,0.000611026,0.000289546,0.00118152,0.000389406,TRUE,0.112267,0.112267,FALSE,-0.5025,0.65125,0.660041,2,NA
1027,6,95176338,96480153,TRUE,201,2609,0.000277254,9.33683e-05,0.0311299,0.06234,FALSE,NA,NA,NA,NA,NA,NA,2,NA
1028,6,96480154,98173003,TRUE,300,3693,0.000228184,0.000470836,0.0971795,8.72151e-09,FALSE,NA,NA,NA,NA,NA,NA,2,NA
1029,6,98173004,99678876,TRUE,325,2558,7.16318e-05,0.000198616,0.337414,0.0056863,FALSE,NA,NA,NA,NA,NA,NA,2,NA
1030,6,99678877,100878645,TRUE,306,2650,0.000119718,0.000279378,0.24222,0.000193997,FALSE,NA,NA,NA,NA,NA,NA,2,NA
1031,6,100878646,101793542,TRUE,124,1926,0.000223224,6.46273e-05,0.0290811,0.084971,FALSE,NA,NA,NA,NA,NA,NA,2,NA
1032,6,101793543,102637706,TRUE,228,1840,NA,0.000198031,NA,0.00189637,FALSE,NA,NA,NA,NA,NA,NA,1,"MDD_noUKB"
1033,6,102637707,103612625,TRUE,166,2031,0.000161221,0.000255581,0.107986,1.894e-05,FALSE,NA,NA,NA,NA,NA,NA,2,NA
1034,6,103612626,104209796,TRUE,101,1935,3.33542e-05,NA,0.353846,NA,FALSE,NA,NA,NA,NA,NA,NA,1,"BIP_noUKB"
1035,6,104209797,104951344,TRUE,170,1845,NA,0.000126727,NA,0.0135433,FALSE,NA,NA,NA,NA,NA,NA,1,"MDD_noUKB"
1036,6,104951345,106053915,TRUE,256,1912,NA,7.16331e-05,NA,0.141072,FALSE,NA,NA,NA,NA,NA,NA,1,"MDD_noUKB"
1037,6,106053916,107309327,TRUE,443,3223,0.000214367,0.00018265,0.155749,0.0220671,FALSE,NA,NA,NA,NA,NA,NA,2,NA
1038,6,107309328,109043244,TRUE,409,2977,0.000284218,0.000159615,0.0845736,0.0348613,FALSE,NA,NA,NA,NA,NA,NA,2,NA
1039,6,109043245,110647842,TRUE,255,3197,0.000188084,0.000111481,0.121627,0.0504083,FALSE,NA,NA,NA,NA,NA,NA,2,NA
1040,6,110647843,111363443,TRUE,165,1832,4.84292e-05,3.89403e-06,0.341229,0.456115,FALSE,NA,NA,NA,NA,NA,NA,2,NA
1041,6,111363444,112342873,TRUE,217,1924,0.000112832,0.000301455,0.219098,1.01147e-05,FALSE,NA,NA,NA,NA,NA,NA,2,NA
1042,6,112342874,113705003,TRUE,330,2488,0.000296717,0.000275618,0.0573128,0.000347525,FALSE,NA,NA,NA,NA,NA,NA,2,NA
1043,6,113705004,115062811,TRUE,290,2521,0.000142638,5.25935e-05,0.198211,0.222647,FALSE,NA,NA,NA,NA,NA,NA,2,NA
1044,6,115062812,116132147,TRUE,149,2490,NA,0.000261237,NA,4.99719e-06,FALSE,NA,NA,NA,NA,NA,NA,1,"MDD_noUKB"
1045,6,116132148,117674076,TRUE,271,3197,1.44886e-05,0.000199997,0.453703,0.00326729,FALSE,NA,NA,NA,NA,NA,NA,2,NA
1046,6,117674077,118529071,TRUE,182,1850,0.000130633,0.000243862,0.165425,5.29429e-05,FALSE,NA,NA,NA,NA,NA,NA,2,NA
1047,6,118529072,119451294,TRUE,148,2083,NA,0.000136027,NA,0.00682211,FALSE,NA,NA,NA,NA,NA,NA,1,"MDD_noUKB"
1048,6,119451295,120339244,TRUE,142,2426,3.56292e-05,0.000181734,0.369981,0.00110297,FALSE,NA,NA,NA,NA,NA,NA,2,NA
1049,6,120339245,121087444,TRUE,119,1927,8.97279e-05,6.99728e-05,0.200938,0.0654493,FALSE,NA,NA,NA,NA,NA,NA,2,NA
1050,6,121087445,121908063,FALSE,NA,NA,NA,NA,NA,NA,FALSE,NA,NA,NA,NA,NA,NA,NA,NA
1051,6,121908064,122929290,TRUE,146,2197,0.000149009,4.7563e-05,0.111327,0.168119,FALSE,NA,NA,NA,NA,NA,NA,2,NA
1052,6,122929291,123854857,TRUE,273,2170,1.47548e-05,0.000471899,0.453177,2.02457e-09,FALSE,NA,NA,NA,NA,NA,NA,2,NA
1053,6,123854858,125365054,TRUE,514,3186,0.000851524,0.000109299,0.00021923,0.12389,FALSE,NA,NA,NA,NA,NA,NA,2,NA
1054,6,125365055,127545459,TRUE,418,3089,0.000387046,0.000271367,0.0332729,0.00133585,TRUE,0.278598,0.278598,FALSE,-0.52605,1,0.407167,2,NA
1055,6,127545460,128763380,TRUE,242,2033,8.37183e-06,0.000456794,0.46656,1.65145e-09,FALSE,NA,NA,NA,NA,NA,NA,2,NA
1056,6,128763381,129850178,TRUE,242,2317,0.000355044,0.000325332,0.0146802,3.63522e-06,TRUE,-0.360049,-0.360049,FALSE,-1,0.18299,0.17994,2,NA
1057,6,129850179,130550137,TRUE,301,1887,0.000635588,0.000261143,0.000375951,0.000487942,TRUE,-0.0852682,-0.0852682,FALSE,-0.74854,0.42612,0.730106,2,NA
1058,6,130550138,131457164,TRUE,191,2580,0.00026742,5.29678e-05,0.0318515,0.178288,FALSE,NA,NA,NA,NA,NA,NA,2,NA
1059,6,131457165,132890694,TRUE,377,2711,0.000287786,0.000217334,0.0722261,0.00504562,FALSE,NA,NA,NA,NA,NA,NA,2,NA
1060,6,132890695,134313643,TRUE,381,3137,0.000742858,0.000158179,0.000209514,0.0300805,TRUE,-0.321262,-0.321262,FALSE,-1,0.29646,0.300788,2,NA
1061,6,134313644,135544083,TRUE,401,2501,NA,0.000213152,NA,0.00729807,FALSE,NA,NA,NA,NA,NA,NA,1,"MDD_noUKB"
1062,6,135544084,137553212,TRUE,463,2838,NA,0.000610159,NA,2.19375e-09,FALSE,NA,NA,NA,NA,NA,NA,1,"MDD_noUKB"
1063,6,137553213,138825721,TRUE,429,3125,0.000592316,0.000286084,0.00330305,0.000938604,TRUE,-0.32944,-0.32944,FALSE,-1,0.21719,0.231215,2,NA
1064,6,138825722,139716713,TRUE,277,2078,0.000387777,0.00039409,0.0133133,3.39168e-07,TRUE,0.0836953,0.0836953,FALSE,-0.53331,0.66306,0.740227,2,NA
1065,6,139716714,141449453,TRUE,338,3025,0.000274814,0.000212,0.071248,0.00439703,FALSE,NA,NA,NA,NA,NA,NA,2,NA
1066,6,141449454,143083347,TRUE,297,2900,0.000563263,0.000258744,0.00122443,0.000547985,TRUE,-0.115443,-0.115443,FALSE,-0.84247,0.41883,0.658952,2,NA
1067,6,143083348,144791455,TRUE,525,3224,0.000514913,0.000441663,0.0152039,1.27645e-05,TRUE,-0.150255,-0.150255,FALSE,-0.98056,0.38475,0.570846,2,NA
1068,6,144791456,145778282,TRUE,188,2173,0.000211981,7.06025e-05,0.0663468,0.110285,FALSE,NA,NA,NA,NA,NA,NA,2,NA
1069,6,145778283,147015882,TRUE,161,2003,NA,0.000137539,NA,0.00783249,FALSE,NA,NA,NA,NA,NA,NA,1,"MDD_noUKB"
1070,6,147015883,148184844,TRUE,328,2371,3.06718e-05,0.000243952,0.423002,0.00132457,FALSE,NA,NA,NA,NA,NA,NA,2,NA
1071,6,148184845,149278798,TRUE,467,3143,7.84579e-05,0.000313154,0.351176,0.000521226,FALSE,NA,NA,NA,NA,NA,NA,2,NA
1072,6,149278799,150635315,TRUE,382,3178,0.000256502,0.000196567,0.0975953,0.010388,FALSE,NA,NA,NA,NA,NA,NA,2,NA
1073,6,150635316,151629954,TRUE,449,3086,NA,0.000278219,NA,0.00165753,FALSE,NA,NA,NA,NA,NA,NA,1,"MDD_noUKB"
1074,6,151629955,152376499,TRUE,258,1871,9.73886e-05,0.000242869,0.266265,0.000458529,FALSE,NA,NA,NA,NA,NA,NA,2,NA
1075,6,152376500,153082361,TRUE,259,1910,NA,0.000423189,NA,3.42455e-08,FALSE,NA,NA,NA,NA,NA,NA,1,"MDD_noUKB"
1076,6,153082362,153791461,TRUE,204,1857,NA,0.000198614,NA,0.00106053,FALSE,NA,NA,NA,NA,NA,NA,1,"MDD_noUKB"
1077,6,153791462,154462010,TRUE,130,1834,NA,0.000170157,NA,0.000593958,FALSE,NA,NA,NA,NA,NA,NA,1,"MDD_noUKB"
1078,6,154462011,155523957,TRUE,498,2694,0.000214771,0.000407588,0.16769,2.82764e-05,FALSE,NA,NA,NA,NA,NA,NA,2,NA
1079,6,155523958,156762740,TRUE,461,3135,0.000434695,0.000590058,0.0250835,3.05792e-09,TRUE,-0.187035,-0.187035,FALSE,-1,0.31442,0.441327,2,NA
1080,6,156762741,158220143,TRUE,446,2654,NA,0.000242286,NA,0.00428798,FALSE,NA,NA,NA,NA,NA,NA,1,"MDD_noUKB"
1081,6,158220144,158952060,TRUE,204,1990,0.000241604,0.000232637,0.0504361,0.000195072,FALSE,NA,NA,NA,NA,NA,NA,2,NA
1082,6,158952061,159604052,TRUE,215,1943,0.000225769,4.21623e-05,0.0663223,0.237783,FALSE,NA,NA,NA,NA,NA,NA,2,NA
1083,6,159604053,160583918,TRUE,294,2384,0.000187447,0.000214646,0.138729,0.00239683,FALSE,NA,NA,NA,NA,NA,NA,2,NA
1084,6,160583919,161371014,TRUE,183,1911,NA,8.43878e-05,NA,0.0748555,FALSE,NA,NA,NA,NA,NA,NA,1,"MDD_noUKB"
1085,6,161371015,162254229,TRUE,379,2271,9.87619e-05,0.000228715,0.299389,0.00353368,FALSE,NA,NA,NA,NA,NA,NA,2,NA
1086,6,162254230,163336361,TRUE,303,2944,0.000191617,NA,0.135777,NA,FALSE,NA,NA,NA,NA,NA,NA,1,"BIP_noUKB"
1087,6,163336362,164687462,TRUE,512,3598,0.00065417,0.000612308,0.00291102,3.28966e-09,TRUE,0.00409428,0.00409428,FALSE,-0.50131,0.42744,0.984074,2,NA
1088,6,164687463,165835953,TRUE,329,3388,1.73747e-05,0.000361976,0.451563,6.62066e-06,FALSE,NA,NA,NA,NA,NA,NA,2,NA
1089,6,165835954,166853325,TRUE,432,2953,0.000365695,0.000133112,0.0426644,0.0639577,FALSE,NA,NA,NA,NA,NA,NA,2,NA
1090,6,166853326,167714865,TRUE,349,2573,NA,0.000518657,NA,3.54919e-09,FALSE,NA,NA,NA,NA,NA,NA,1,"MDD_noUKB"
1091,6,167714866,168707338,TRUE,386,2691,NA,0.000308032,NA,0.000220452,FALSE,NA,NA,NA,NA,NA,NA,1,"MDD_noUKB"
1092,6,168707339,169667886,TRUE,377,3438,0.00019267,NA,0.16239,NA,FALSE,NA,NA,NA,NA,NA,NA,1,"BIP_noUKB"
1093,6,169667887,171053405,TRUE,322,3148,9.56325e-05,0.000252493,0.290241,0.000819188,FALSE,NA,NA,NA,NA,NA,NA,2,NA
1094,7,15064,617319,TRUE,189,980,0.000207691,0.000206779,0.0736426,0.000859736,FALSE,NA,NA,NA,NA,NA,NA,2,NA
1095,7,617320,1366972,TRUE,320,2265,0.000528116,0.000235229,0.00291235,0.00183148,TRUE,-0.583691,-0.583691,FALSE,-1,-0.02977,0.0417074,2,NA
1096,7,1366973,2473749,TRUE,413,2989,0.00138574,0.000417743,1.20484e-09,6.60788e-06,TRUE,-0.236489,-0.236489,FALSE,-0.63186,0.08998,0.157296,2,NA
1097,7,2473750,3100211,TRUE,378,1789,3.47928e-05,0.000335912,0.419996,7.80242e-05,FALSE,NA,NA,NA,NA,NA,NA,2,NA
1098,7,3100212,4139431,TRUE,413,3233,0.00038523,0.000301015,0.0325602,0.000438843,TRUE,-0.542605,-0.542605,FALSE,-1,0.08961,0.0901324,2,NA
1099,7,4139432,4938442,TRUE,432,2530,0.000276241,0.000143546,0.0943655,0.0532413,FALSE,NA,NA,NA,NA,NA,NA,2,NA
1100,7,4938443,6020653,TRUE,508,2994,0.00026467,0.00022363,0.12281,0.0111355,FALSE,NA,NA,NA,NA,NA,NA,2,NA
1101,7,6020654,6716905,TRUE,242,1821,0.000312969,0.000296713,0.0271207,2.33491e-05,TRUE,0.179608,0.179608,FALSE,-0.54189,0.91713,0.54312,2,NA
1102,7,6716906,7167610,TRUE,140,1146,NA,6.29898e-05,NA,0.103979,FALSE,NA,NA,NA,NA,NA,NA,1,"MDD_noUKB"
1103,7,7167611,7926500,TRUE,324,2262,0.000171256,0.000228371,0.169812,0.00200603,FALSE,NA,NA,NA,NA,NA,NA,2,NA
1104,7,7926501,8718351,TRUE,369,2313,NA,0.000123076,NA,0.0732982,FALSE,NA,NA,NA,NA,NA,NA,1,"MDD_noUKB"
1105,7,8718352,9225106,TRUE,290,1761,NA,0.000174435,NA,0.0105113,FALSE,NA,NA,NA,NA,NA,NA,1,"MDD_noUKB"
1106,7,9225107,9900801,TRUE,255,2318,3.70396e-05,0.000173589,0.397236,0.00646504,FALSE,NA,NA,NA,NA,NA,NA,2,NA
1107,7,9900802,10481677,TRUE,203,1927,0.000111652,NA,0.212268,NA,FALSE,NA,NA,NA,NA,NA,NA,1,"BIP_noUKB"
1108,7,10481678,11232447,TRUE,191,2135,NA,6.15276e-07,NA,0.482118,FALSE,NA,NA,NA,NA,NA,NA,1,"MDD_noUKB"
1109,7,11232448,11855413,TRUE,283,1924,0.000410395,0.000212441,0.0102194,0.00217702,TRUE,0.211739,0.211739,FALSE,-0.5571,1,0.50063,2,NA
1110,7,11855414,12694915,TRUE,247,3151,NA,0.00021506,NA,0.00105661,FALSE,NA,NA,NA,NA,NA,NA,1,"MDD_noUKB"
1111,7,12694916,13213541,TRUE,189,1713,0.000261694,0.000331431,0.0340671,5.24963e-07,TRUE,0.507801,0.507801,FALSE,-0.03147,1,0.0783294,2,NA
1112,7,13213542,13676747,TRUE,185,1594,9.54563e-05,0.000208803,0.236086,0.000488827,FALSE,NA,NA,NA,NA,NA,NA,2,NA
1113,7,13676748,15013694,TRUE,515,3281,0.000446698,0.000365127,0.0276062,0.000133151,TRUE,0.11934,0.11934,FALSE,-0.65275,0.83864,0.689493,2,NA
1114,7,15013695,15877564,TRUE,308,2171,5.06522e-05,0.000132382,0.377078,0.0385225,FALSE,NA,NA,NA,NA,NA,NA,2,NA
1115,7,15877565,16739013,TRUE,277,2212,4.54312e-05,0.00020384,0.382605,0.00297339,FALSE,NA,NA,NA,NA,NA,NA,2,NA
1116,7,16739014,17596578,TRUE,421,2165,2.41927e-05,0.000376375,0.444111,2.85612e-05,FALSE,NA,NA,NA,NA,NA,NA,2,NA
1117,7,17596579,19131026,TRUE,560,3182,0.000675901,0.000579883,0.00330622,8.68892e-08,TRUE,-0.1102,-0.1102,FALSE,-0.68882,0.31594,0.609827,2,NA
1118,7,19131027,20122179,TRUE,333,3013,0.000368154,0.000266012,0.0256745,0.00059264,TRUE,-0.736036,-0.736036,FALSE,-1,-0.10929,0.0215678,2,NA
1119,7,20122180,21390644,TRUE,487,3176,0.000256808,0.000632321,0.123254,4.02492e-10,FALSE,NA,NA,NA,NA,NA,NA,2,NA
1120,7,21390645,22165060,TRUE,474,2368,0.000340201,0.00054793,0.0625602,3.46321e-08,FALSE,NA,NA,NA,NA,NA,NA,2,NA
1121,7,22165061,23106680,TRUE,285,2365,NA,0.000218323,NA,0.00174698,FALSE,NA,NA,NA,NA,NA,NA,1,"MDD_noUKB"
1122,7,23106681,24151099,TRUE,261,2271,0.00030121,0.000343544,0.0357916,2.51058e-06,TRUE,-0.376434,-0.376434,FALSE,-1,0.19272,0.195124,2,NA
1123,7,24151100,24894119,TRUE,240,2160,0.000498332,0.000274393,0.00142677,5.40292e-05,TRUE,0.0507021,0.0507021,FALSE,-0.54255,0.56897,0.837259,2,NA
1124,7,24894120,25671575,TRUE,346,2117,0.000336113,0.00048576,0.0393632,1.36586e-08,TRUE,0.23679,0.23679,FALSE,-0.35285,0.94248,0.372309,2,NA
1125,7,25671576,27351286,TRUE,440,3550,0.000292598,0.000486538,0.0842157,2.51602e-07,FALSE,NA,NA,NA,NA,NA,NA,2,NA
1126,7,27351287,28890886,TRUE,537,3460,0.000497791,0.000565554,0.0187218,5.42632e-08,TRUE,-0.440019,-0.440019,FALSE,-1,0.04709,0.0712267,2,NA
1127,7,28890887,30175113,TRUE,476,3429,0.000358865,0.000359597,0.0531667,0.000105373,FALSE,NA,NA,NA,NA,NA,NA,2,NA
1128,7,30175114,31730554,TRUE,535,3389,0.000609619,0.000298405,0.005961,0.00191787,TRUE,-0.462011,-0.462011,FALSE,-1,0.10394,0.113572,2,NA
1129,7,31730555,32460228,TRUE,249,2076,6.04048e-05,0.00026708,0.341719,0.000121439,FALSE,NA,NA,NA,NA,NA,NA,2,NA
1130,7,32460229,33159277,TRUE,107,1703,NA,2.19127e-05,NA,0.293781,FALSE,NA,NA,NA,NA,NA,NA,1,"MDD_noUKB"
1131,7,33159278,34114532,TRUE,251,1940,2.22993e-05,0.000628078,0.432764,2.32623e-14,FALSE,NA,NA,NA,NA,NA,NA,2,NA
1132,7,34114533,35354135,TRUE,250,2850,0.000127759,1.01504e-05,0.206318,0.42665,FALSE,NA,NA,NA,NA,NA,NA,2,NA
1133,7,35354136,36507690,TRUE,348,2860,NA,0.000284486,NA,0.000328458,FALSE,NA,NA,NA,NA,NA,NA,1,"MDD_noUKB"
1134,7,36507691,37981936,TRUE,511,3629,0.000199709,0.000380212,0.187458,8.25489e-05,FALSE,NA,NA,NA,NA,NA,NA,2,NA
1135,7,37981937,38966483,TRUE,313,3020,0.000315308,NA,0.0415832,NA,FALSE,NA,NA,NA,NA,NA,NA,1,"BIP_noUKB"
1136,7,38966484,40261240,TRUE,288,2483,0.000179921,4.00332e-05,0.145058,0.281668,FALSE,NA,NA,NA,NA,NA,NA,2,NA
1137,7,40261241,41415925,TRUE,271,1980,0.000136914,0.000119194,0.200083,0.0457649,FALSE,NA,NA,NA,NA,NA,NA,2,NA
1138,7,41415926,42494806,TRUE,366,2397,NA,0.000279792,NA,0.000531515,FALSE,NA,NA,NA,NA,NA,NA,1,"MDD_noUKB"
1139,7,42494807,43448815,TRUE,255,2239,3.90021e-05,0.000215106,0.392767,0.00141353,FALSE,NA,NA,NA,NA,NA,NA,2,NA
1140,7,43448816,44989571,TRUE,371,2958,0.000275682,0.000438766,0.0800469,7.5201e-07,FALSE,NA,NA,NA,NA,NA,NA,2,NA
1141,7,44989572,46247335,TRUE,350,3348,NA,0.000339205,NA,3.82261e-05,FALSE,NA,NA,NA,NA,NA,NA,1,"MDD_noUKB"
1142,7,46247336,47253454,TRUE,316,2960,4.09978e-05,0.000217468,0.399233,0.00299373,FALSE,NA,NA,NA,NA,NA,NA,2,NA
1143,7,47253455,48363585,TRUE,412,2666,NA,0.000157416,NA,0.034176,FALSE,NA,NA,NA,NA,NA,NA,1,"MDD_noUKB"
1144,7,48363586,48984625,TRUE,175,1835,0.000121814,0.000356441,0.177144,2.49414e-08,FALSE,NA,NA,NA,NA,NA,NA,2,NA
1145,7,48984626,49632426,TRUE,177,1924,5.81086e-05,0.000192401,0.32056,0.000780448,FALSE,NA,NA,NA,NA,NA,NA,2,NA
1146,7,49632427,50894508,TRUE,323,3086,0.000275845,0.00021441,0.0664086,0.00332991,FALSE,NA,NA,NA,NA,NA,NA,2,NA
1147,7,50894509,51951647,TRUE,325,2378,0.00054364,0.000345466,0.00228444,1.39784e-05,TRUE,0.165926,0.165926,FALSE,-0.3954,0.69002,0.488012,2,NA
1148,7,51951648,52635123,TRUE,163,2360,1.50025e-05,0.000108292,0.438712,0.0253122,FALSE,NA,NA,NA,NA,NA,NA,2,NA
1149,7,52635124,53176523,TRUE,162,2268,NA,0.000273414,NA,3.64441e-06,FALSE,NA,NA,NA,NA,NA,NA,1,"MDD_noUKB"
1150,7,53176524,54086987,TRUE,180,2959,0.000270709,0.000201112,0.0270139,0.000535578,TRUE,0.0590924,0.0590924,FALSE,-0.86706,0.84532,0.85837,2,NA
1151,7,54086988,54550500,TRUE,83,1823,8.27402e-05,0.0001421,0.178811,0.000568455,FALSE,NA,NA,NA,NA,NA,NA,2,NA
1152,7,54550501,55161394,TRUE,169,1658,0.000126741,0.00024318,0.163969,2.8963e-05,FALSE,NA,NA,NA,NA,NA,NA,2,NA
1153,7,55161395,56303513,TRUE,283,3079,NA,2.56868e-05,NA,0.357434,FALSE,NA,NA,NA,NA,NA,NA,1,"MDD_noUKB"
1154,7,56303514,57383657,TRUE,113,2187,4.44366e-05,0.000123521,0.325396,0.00530121,FALSE,NA,NA,NA,NA,NA,NA,2,NA
1155,7,57383658,61969717,TRUE,48,803,7.66482e-05,4.81234e-05,0.140888,0.0555442,FALSE,NA,NA,NA,NA,NA,NA,2,NA
1156,7,61969718,63311297,TRUE,78,1607,NA,7.99864e-05,NA,0.0225992,FALSE,NA,NA,NA,NA,NA,NA,1,"MDD_noUKB"
1157,7,63311298,64216135,TRUE,113,2568,6.15414e-05,0.000165766,0.271484,0.0004919,FALSE,NA,NA,NA,NA,NA,NA,2,NA
1158,7,64216136,65294277,TRUE,93,1764,0.000338782,0.000128012,0.000997165,0.00198173,TRUE,0.104266,0.104266,FALSE,-0.65592,0.77628,0.723918,2,NA
1159,7,65294278,66453993,TRUE,57,2303,8.09245e-05,4.17639e-05,0.142619,0.0965481,FALSE,NA,NA,NA,NA,NA,NA,2,NA
1160,7,66453994,66914875,TRUE,83,1572,NA,3.57142e-05,NA,0.168358,FALSE,NA,NA,NA,NA,NA,NA,1,"MDD_noUKB"
1161,7,66914876,67474722,TRUE,172,1922,NA,0.000126242,NA,0.0149185,FALSE,NA,NA,NA,NA,NA,NA,1,"MDD_noUKB"
1162,7,67474723,68569224,TRUE,391,3618,0.00077308,0.000277385,0.000270704,0.000967173,TRUE,-0.154708,-0.154708,FALSE,-0.84743,0.32841,0.532601,2,NA
1163,7,68569225,70144614,TRUE,320,2831,NA,0.000135148,NA,0.0418344,FALSE,NA,NA,NA,NA,NA,NA,1,"MDD_noUKB"
1164,7,70144615,71215741,TRUE,354,3008,0.000229585,0.000655936,0.123954,5.94841e-13,FALSE,NA,NA,NA,NA,NA,NA,2,NA
1165,7,71215742,73128830,TRUE,327,2857,0.000599473,0.000512671,0.00163754,3.45603e-09,TRUE,-0.0474334,-0.0474334,FALSE,-0.55946,0.36458,0.817123,2,NA
1166,7,73128831,75243899,TRUE,310,1640,0.000341694,0.000108594,0.0366681,0.0739703,FALSE,NA,NA,NA,NA,NA,NA,2,NA
1167,7,75243900,76451928,TRUE,267,2223,0.000525874,0.00016693,0.00214229,0.0102184,TRUE,0.644291,0.644291,FALSE,0.03023,1,0.0415954,2,NA
1168,7,76451929,77663964,TRUE,241,2248,6.00112e-05,6.9297e-05,0.346857,0.143086,FALSE,NA,NA,NA,NA,NA,NA,2,NA
1169,7,77663965,78685009,TRUE,386,3144,NA,0.000709956,NA,5.06029e-14,FALSE,NA,NA,NA,NA,NA,NA,1,"MDD_noUKB"
1170,7,78685010,80055721,TRUE,289,2848,0.000250159,0.000307433,0.084221,5.242e-05,FALSE,NA,NA,NA,NA,NA,NA,2,NA
1171,7,80055722,81533566,TRUE,445,2978,0.000491504,0.000306559,0.01665,0.000619048,TRUE,-0.415494,-0.415494,FALSE,-1,0.17343,0.169651,2,NA
1172,7,81533567,82759283,TRUE,362,2856,0.000572238,0.00033603,0.00338607,4.76535e-05,TRUE,0.311211,0.311211,FALSE,-0.22884,0.90643,0.21582,2,NA
1173,7,82759284,83953009,TRUE,274,3010,NA,0.000194085,NA,0.00420453,FALSE,NA,NA,NA,NA,NA,NA,1,"MDD_noUKB"
1174,7,83953010,85356715,TRUE,212,2296,2.38987e-05,0.000226724,0.422539,0.000329106,FALSE,NA,NA,NA,NA,NA,NA,2,NA
1175,7,85356716,86446538,TRUE,143,2413,NA,0.000113313,NA,0.0154139,FALSE,NA,NA,NA,NA,NA,NA,1,"MDD_noUKB"
1176,7,86446539,87836641,TRUE,237,2289,0.000324134,0.000221302,0.0219225,0.000692715,TRUE,-0.00676337,-0.00676337,FALSE,-0.94715,0.72489,0.983209,2,NA
1177,7,87836642,89330087,TRUE,299,3352,0.000310606,0.000403672,0.0405042,3.01715e-07,TRUE,0.119067,0.119067,FALSE,-0.58984,0.81068,0.67242,2,NA
1178,7,89330088,90660831,TRUE,213,3384,0.000151068,0.000322436,0.150034,1.50167e-06,FALSE,NA,NA,NA,NA,NA,NA,2,NA
1179,7,90660832,92530165,TRUE,359,2452,0.000352534,0.000676088,0.0352602,1.52111e-13,TRUE,0.562078,0.562078,FALSE,0.11707,1,0.0174543,2,NA
1180,7,92530166,93691725,TRUE,297,2198,0.000105542,0.000179246,0.264523,0.00876563,FALSE,NA,NA,NA,NA,NA,NA,2,NA
1181,7,93691726,95174847,TRUE,321,2284,1.3113e-05,0.000327759,0.460549,3.60416e-05,FALSE,NA,NA,NA,NA,NA,NA,2,NA
1182,7,95174848,96564981,TRUE,309,2747,0.000276826,0.000186156,0.0620078,0.00825593,FALSE,NA,NA,NA,NA,NA,NA,2,NA
1183,7,96564982,97420207,TRUE,250,1710,2.32264e-06,6.3159e-05,0.482256,0.166094,FALSE,NA,NA,NA,NA,NA,NA,2,NA
1184,7,97420208,98173564,TRUE,174,1692,NA,0.000106726,NA,0.0332851,FALSE,NA,NA,NA,NA,NA,NA,1,"MDD_noUKB"
1185,7,98173565,99465540,TRUE,246,2273,0.000190174,0.00019282,0.118939,0.0031739,FALSE,NA,NA,NA,NA,NA,NA,2,NA
1186,7,99465541,100849307,TRUE,282,2074,0.000204214,0.000566212,0.114654,7.31716e-12,FALSE,NA,NA,NA,NA,NA,NA,2,NA
1187,7,100849308,101950748,TRUE,352,2956,NA,0.000215821,NA,0.00433693,FALSE,NA,NA,NA,NA,NA,NA,1,"MDD_noUKB"
1188,7,101950749,103191322,TRUE,162,1688,0.000409513,2.91223e-05,0.00166788,0.280491,FALSE,NA,NA,NA,NA,NA,NA,2,NA
1189,7,103191323,104109231,TRUE,266,2582,NA,9.27415e-05,NA,0.0879096,FALSE,NA,NA,NA,NA,NA,NA,1,"MDD_noUKB"
1190,7,104109232,105312563,TRUE,323,2185,NA,0.000265878,NA,0.000474158,FALSE,NA,NA,NA,NA,NA,NA,1,"MDD_noUKB"
1191,7,105312564,106399739,TRUE,473,2614,0.000139768,0.000203701,0.255692,0.0146615,FALSE,NA,NA,NA,NA,NA,NA,2,NA
1192,7,106399740,107658603,TRUE,342,2264,0.000195167,0.0004403,0.146395,1.62066e-07,FALSE,NA,NA,NA,NA,NA,NA,2,NA
1193,7,107658604,109095558,TRUE,334,3216,0.000279258,0.000391426,0.0676576,2.41745e-06,FALSE,NA,NA,NA,NA,NA,NA,2,NA
1194,7,109095559,110479479,TRUE,373,2996,0.000337901,0.000545344,0.0442796,1.92029e-09,TRUE,0.204539,0.204539,FALSE,-0.37555,0.93696,0.43729,2,NA
1195,7,110479480,111795299,TRUE,311,1999,0.000619543,0.000381455,0.0005779,2.18482e-06,TRUE,0.301759,0.301759,FALSE,-0.1471,0.78032,0.16518,2,NA
1196,7,111795300,113339386,TRUE,303,2878,0.000176482,0.000344165,0.155572,1.00747e-05,FALSE,NA,NA,NA,NA,NA,NA,2,NA
1197,7,113339387,115321301,TRUE,341,2860,7.69334e-05,0.000730695,0.331329,2.49694e-15,FALSE,NA,NA,NA,NA,NA,NA,2,NA
1198,7,115321302,116835336,TRUE,335,2664,8.84797e-06,0.000485837,0.470566,1.19322e-08,FALSE,NA,NA,NA,NA,NA,NA,2,NA
1199,7,116835337,118342090,TRUE,229,2649,0.000400285,0.000279743,0.00638232,3.01548e-05,TRUE,-0.288186,-0.288186,FALSE,-1,0.24862,0.276702,2,NA
1200,7,118342091,119568236,TRUE,106,1873,0.000136627,6.11955e-05,0.0982861,0.0818096,FALSE,NA,NA,NA,NA,NA,NA,2,NA
1201,7,119568237,121042050,TRUE,244,2413,0.000545505,NA,0.000712023,NA,FALSE,NA,NA,NA,NA,NA,NA,1,"BIP_noUKB"
1202,7,121042051,121946052,TRUE,194,1905,0.000245002,6.4236e-05,0.0450492,0.133172,FALSE,NA,NA,NA,NA,NA,NA,2,NA
1203,7,121946053,123859746,TRUE,365,3602,0.000102894,0.00045685,0.289185,1.47149e-07,FALSE,NA,NA,NA,NA,NA,NA,2,NA
1204,7,123859747,125389586,TRUE,237,3499,7.94448e-05,2.78464e-05,0.295495,0.324209,FALSE,NA,NA,NA,NA,NA,NA,2,NA
1205,7,125389587,126640872,TRUE,199,3206,NA,0.000342522,NA,2.64161e-07,FALSE,NA,NA,NA,NA,NA,NA,1,"MDD_noUKB"
1206,7,126640873,127903738,TRUE,263,2346,0.000126342,9.68968e-05,0.214808,0.0780492,FALSE,NA,NA,NA,NA,NA,NA,2,NA
1207,7,127903739,128779173,TRUE,234,2124,6.84337e-06,0.00015506,0.469912,0.0108521,FALSE,NA,NA,NA,NA,NA,NA,2,NA
1208,7,128779174,130418704,TRUE,432,3245,0.000372035,0.000376898,0.0413487,2.97913e-05,TRUE,0.228189,0.228189,FALSE,-0.52088,1,0.452042,2,NA
1209,7,130418705,131856481,TRUE,526,3096,0.000231496,0.000742967,0.158498,3.46561e-12,FALSE,NA,NA,NA,NA,NA,NA,2,NA
1210,7,131856482,133807216,TRUE,424,3288,8.16397e-05,0.000535841,0.339025,1.44992e-08,FALSE,NA,NA,NA,NA,NA,NA,2,NA
1211,7,133807217,134943221,TRUE,274,2693,5.99065e-05,0.000194289,0.349683,0.00428469,FALSE,NA,NA,NA,NA,NA,NA,2,NA
1212,7,134943222,136113467,TRUE,374,2821,0.000238971,0.000271365,0.109812,0.000768279,FALSE,NA,NA,NA,NA,NA,NA,2,NA
1213,7,136113468,137657459,TRUE,395,2820,0.000250313,0.000486365,0.10686,9.62134e-08,FALSE,NA,NA,NA,NA,NA,NA,2,NA
1214,7,137657460,138755107,TRUE,460,2563,9.18476e-05,0.000175335,0.327835,0.0283397,FALSE,NA,NA,NA,NA,NA,NA,2,NA
1215,7,138755108,140217630,TRUE,484,2923,3.04369e-05,0.000537894,0.436797,7.90477e-08,FALSE,NA,NA,NA,NA,NA,NA,2,NA
1216,7,140217631,142098979,TRUE,389,3037,0.000173694,0.000238293,0.190977,0.00301642,FALSE,NA,NA,NA,NA,NA,NA,2,NA
1217,7,142098980,144324464,TRUE,359,3394,0.000147727,6.94549e-05,0.22041,0.204813,FALSE,NA,NA,NA,NA,NA,NA,2,NA
1218,7,144324465,145415775,TRUE,260,2661,NA,0.000262725,NA,0.000178559,FALSE,NA,NA,NA,NA,NA,NA,1,"MDD_noUKB"
1219,7,145415776,146574327,TRUE,256,2636,0.000242101,0.000203182,0.0697497,0.00225904,FALSE,NA,NA,NA,NA,NA,NA,2,NA
1220,7,146574328,147352171,TRUE,213,2186,0.000371067,0.000187663,0.0082404,0.00186247,TRUE,0.00392095,0.00392095,FALSE,-0.91373,0.70785,0.989964,2,NA
1221,7,147352172,148622913,TRUE,456,3354,0.000803419,0.000190463,0.000225994,0.0189105,TRUE,-0.152435,-0.152435,FALSE,-1,0.44212,0.603823,2,NA
1222,7,148622914,149842999,TRUE,351,2405,0.00048608,0.000207225,0.00692296,0.00604825,TRUE,-0.0216251,-0.0216251,FALSE,-1,0.70427,0.946261,2,NA
1223,7,149843000,150897818,TRUE,320,2513,NA,0.000150347,NA,0.0241596,FALSE,NA,NA,NA,NA,NA,NA,1,"MDD_noUKB"
1224,7,150897819,152253294,TRUE,521,2508,NA,0.000251349,NA,0.00754189,FALSE,NA,NA,NA,NA,NA,NA,1,"MDD_noUKB"
1225,7,152253295,153241228,TRUE,429,3039,0.000691609,NA,0.000855514,NA,FALSE,NA,NA,NA,NA,NA,NA,1,"BIP_noUKB"
1226,7,153241229,154407487,TRUE,426,2522,NA,0.00040627,NA,8.05912e-06,FALSE,NA,NA,NA,NA,NA,NA,1,"MDD_noUKB"
1227,7,154407488,155280610,TRUE,510,2806,0.000693842,0.000162206,0.00179282,0.0455027,TRUE,-0.0972748,-0.0972748,FALSE,-1,0.71736,0.782048,2,NA
1228,7,155280611,156344386,TRUE,583,2975,0.000236715,0.000582168,0.163409,7.67209e-08,FALSE,NA,NA,NA,NA,NA,NA,2,NA
1229,7,156344387,157199331,TRUE,283,2413,9.991e-05,0.00026182,0.270289,0.000308336,FALSE,NA,NA,NA,NA,NA,NA,2,NA
1230,7,157199332,158031247,TRUE,424,2506,0.00010943,0.000293055,0.292438,0.000792846,FALSE,NA,NA,NA,NA,NA,NA,2,NA
1231,7,158031248,159128566,TRUE,345,2864,NA,0.000172504,NA,0.0172439,FALSE,NA,NA,NA,NA,NA,NA,1,"MDD_noUKB"
1232,8,11740,660414,TRUE,281,1773,6.83769e-05,0.000201582,0.333073,0.00356672,FALSE,NA,NA,NA,NA,NA,NA,2,NA
1233,8,660415,1161824,TRUE,285,1685,0.000185165,0.000188607,0.138564,0.00668651,FALSE,NA,NA,NA,NA,NA,NA,2,NA
1234,8,1161825,1628039,TRUE,330,1781,0.000622007,0.000452323,0.000751941,9.20228e-08,TRUE,-0.230354,-0.230354,FALSE,-0.78058,0.16207,0.267768,2,NA
1235,8,1628040,2070902,TRUE,414,1564,0.000327945,0.000500683,0.0604653,6.82314e-08,FALSE,NA,NA,NA,NA,NA,NA,2,NA
1236,8,2070903,2396122,TRUE,151,1203,0.000332687,0.000219541,0.00900484,0.000243877,TRUE,0.189408,0.189408,FALSE,-0.51468,0.90936,0.52401,2,NA
1237,8,2396123,2970491,TRUE,391,2229,0.000159901,0.000317701,0.209362,0.000197376,FALSE,NA,NA,NA,NA,NA,NA,2,NA
1238,8,2970492,3386667,TRUE,358,2342,NA,0.000271232,NA,0.000710502,FALSE,NA,NA,NA,NA,NA,NA,1,"MDD_noUKB"
1239,8,3386668,3787248,TRUE,395,2512,NA,0.000277056,NA,0.00101569,FALSE,NA,NA,NA,NA,NA,NA,1,"MDD_noUKB"
1240,8,3787249,4273083,TRUE,520,2771,0.000451055,0.000496444,0.0273194,9.79703e-07,TRUE,0.119773,0.119773,FALSE,-0.50037,0.76705,0.651758,2,NA
1241,8,4273084,4893120,TRUE,598,2870,0.000156848,0.000852005,0.257589,1.81749e-13,FALSE,NA,NA,NA,NA,NA,NA,2,NA
1242,8,4893121,5566269,TRUE,433,3181,0.000679901,0.000346225,0.0010289,9.78911e-05,TRUE,-0.276797,-0.276797,FALSE,-0.99749,0.21307,0.247775,2,NA
1243,8,5566270,6019163,TRUE,281,2373,0.000243054,0.000206017,0.0768612,0.00275583,FALSE,NA,NA,NA,NA,NA,NA,2,NA
1244,8,6019164,6663427,TRUE,483,2812,0.000144975,0.000763238,0.251572,7.41773e-13,FALSE,NA,NA,NA,NA,NA,NA,2,NA
1245,8,6663428,8064600,TRUE,249,1188,NA,0.000212361,NA,0.00145233,FALSE,NA,NA,NA,NA,NA,NA,1,"MDD_noUKB"
1246,8,8064601,8589770,TRUE,220,1679,7.65399e-05,0.000279713,0.294879,2.99237e-05,FALSE,NA,NA,NA,NA,NA,NA,2,NA
1247,8,8589771,9167795,TRUE,291,1890,0.00011998,0.000432037,0.237227,6.89368e-08,FALSE,NA,NA,NA,NA,NA,NA,2,NA
1248,8,9167796,9835863,TRUE,235,1937,0.000226456,0.000551806,0.0742906,6.91146e-13,FALSE,NA,NA,NA,NA,NA,NA,2,NA
1249,8,9835864,10478851,TRUE,344,2036,0.000396617,0.000453554,0.0197108,9.01799e-08,TRUE,-0.10898,-0.10898,FALSE,-0.85262,0.42143,0.666778,2,NA
1250,8,10478852,11466761,TRUE,400,2695,0.000178253,0.00037009,0.185268,2.42628e-05,FALSE,NA,NA,NA,NA,NA,NA,2,NA
1251,8,11466762,12296849,TRUE,227,1466,0.000175505,0.000157198,0.123764,0.00917263,FALSE,NA,NA,NA,NA,NA,NA,2,NA
1252,8,12296850,12947935,TRUE,185,1427,0.000154115,0.000120253,0.131927,0.0215306,FALSE,NA,NA,NA,NA,NA,NA,2,NA
1253,8,12947936,13395051,TRUE,186,1710,NA,0.000139044,NA,0.0118414,FALSE,NA,NA,NA,NA,NA,NA,1,"MDD_noUKB"
1254,8,13395052,13948095,TRUE,269,3109,0.000143284,0.000241337,0.188909,0.00051375,FALSE,NA,NA,NA,NA,NA,NA,2,NA
1255,8,13948096,14389305,TRUE,176,1789,1.49755e-05,0.000148119,0.441141,0.00626655,FALSE,NA,NA,NA,NA,NA,NA,2,NA
1256,8,14389306,14872767,TRUE,215,1895,2.17539e-05,0.000190087,0.428739,0.00219139,FALSE,NA,NA,NA,NA,NA,NA,2,NA
1257,8,14872768,15359692,TRUE,229,1927,0.000232091,0.000116462,0.0665823,0.0360285,FALSE,NA,NA,NA,NA,NA,NA,2,NA
1258,8,15359693,15999328,TRUE,292,2285,0.000308856,0.000207,0.039792,0.00336406,TRUE,-0.287165,-0.287165,FALSE,-1,0.4643,0.432832,2,NA
1259,8,15999329,16988030,TRUE,380,2807,NA,0.000905913,NA,4.72623e-18,FALSE,NA,NA,NA,NA,NA,NA,1,"MDD_noUKB"
1260,8,16988031,17492672,TRUE,312,1742,0.000419099,0.000258938,0.0118001,0.000522787,TRUE,-0.179301,-0.179301,FALSE,-1,0.42843,0.545891,2,NA
1261,8,17492673,17947004,TRUE,193,1886,0.000423089,0.000131035,0.00247869,0.0157755,TRUE,-0.0803464,-0.0803464,FALSE,-1,0.6446,0.809827,2,NA
1262,8,17947005,18668609,TRUE,395,2835,NA,0.000598388,NA,3.23525e-10,FALSE,NA,NA,NA,NA,NA,NA,1,"MDD_noUKB"
1263,8,18668610,19488888,TRUE,439,2635,0.000125905,0.000376745,0.268952,3.36323e-05,FALSE,NA,NA,NA,NA,NA,NA,2,NA
1264,8,19488889,20135628,TRUE,337,1986,0.000339552,0.000237701,0.036719,0.00199855,TRUE,0.0178315,0.0178315,FALSE,-1,0.87891,0.959418,2,NA
1265,8,20135629,20812107,TRUE,266,1923,0.000263258,0.000194976,0.0577612,0.00363682,FALSE,NA,NA,NA,NA,NA,NA,2,NA
1266,8,20812108,21650453,TRUE,380,2266,0.000310789,0.000245797,0.0599652,0.00236145,FALSE,NA,NA,NA,NA,NA,NA,2,NA
1267,8,21650454,22895018,TRUE,503,2557,0.000391411,0.000395848,0.0447785,5.33489e-05,TRUE,-0.110654,-0.110654,FALSE,-1,0.5526,0.719925,2,NA
1268,8,22895019,23788494,TRUE,376,2684,2.89513e-05,0.000230465,0.431301,0.00345901,FALSE,NA,NA,NA,NA,NA,NA,2,NA
1269,8,23788495,24863243,TRUE,264,2311,8.9675e-05,0.000241457,0.285692,0.000593645,FALSE,NA,NA,NA,NA,NA,NA,2,NA
1270,8,24863244,25859277,TRUE,328,2270,0.000270946,0.000323091,0.0713457,5.67574e-05,FALSE,NA,NA,NA,NA,NA,NA,2,NA
1271,8,25859278,26679135,TRUE,330,2647,0.000571794,0.000391496,0.00157946,1.66382e-06,TRUE,0.0643134,0.0643134,FALSE,-0.45442,0.53934,0.774953,2,NA
1272,8,26679136,27406511,TRUE,224,2264,9.02473e-05,0.000296305,0.26662,1.53567e-05,FALSE,NA,NA,NA,NA,NA,NA,2,NA
1273,8,27406512,28344176,TRUE,315,2322,NA,0.000275668,NA,0.000262309,FALSE,NA,NA,NA,NA,NA,NA,1,"MDD_noUKB"
1274,8,28344177,29744540,TRUE,424,2514,3.08038e-05,0.000436587,0.431788,1.84423e-06,FALSE,NA,NA,NA,NA,NA,NA,2,NA
1275,8,29744541,31134786,TRUE,294,2633,0.00013111,1.25668e-05,0.21859,0.419356,FALSE,NA,NA,NA,NA,NA,NA,2,NA
1276,8,31134787,32454962,TRUE,313,3396,NA,0.000360866,NA,4.56797e-06,FALSE,NA,NA,NA,NA,NA,NA,1,"MDD_noUKB"
1277,8,32454963,33982537,TRUE,293,2691,0.000479183,0.000485314,0.00427249,2.30379e-09,TRUE,0.0988824,0.0988824,FALSE,-0.39909,0.5853,0.648882,2,NA
1278,8,33982538,34792220,TRUE,123,1906,6.04392e-05,0.000178493,0.286323,0.000877726,FALSE,NA,NA,NA,NA,NA,NA,2,NA
1279,8,34792221,36641174,TRUE,287,2113,0.000283106,0.000304416,0.053051,6.88308e-05,FALSE,NA,NA,NA,NA,NA,NA,2,NA
1280,8,36641175,38803980,TRUE,574,3124,0.000848008,0.00046292,0.000430855,9.27913e-06,TRUE,-0.0810794,-0.0810794,FALSE,-0.61583,0.34483,0.704922,2,NA
1281,8,38803981,40179577,TRUE,310,2745,NA,0.000392515,NA,1.03105e-06,FALSE,NA,NA,NA,NA,NA,NA,1,"MDD_noUKB"
1282,8,40179578,40974254,TRUE,247,2393,0.000102707,0.000441213,0.251278,3.67415e-09,FALSE,NA,NA,NA,NA,NA,NA,2,NA
1283,8,40974255,41725002,TRUE,268,2000,9.32861e-05,0.0002132,0.277761,0.00173479,FALSE,NA,NA,NA,NA,NA,NA,2,NA
1284,8,41725003,43825633,TRUE,290,3368,0.000574595,0.000273115,0.00099866,0.000538262,TRUE,0.00395443,0.00395443,FALSE,-0.68851,0.54302,0.987801,2,NA
1285,8,43825634,49044813,TRUE,121,2348,8.34414e-05,5.9106e-05,0.221773,0.110441,FALSE,NA,NA,NA,NA,NA,NA,2,NA
1286,8,49044814,50288660,TRUE,208,2289,NA,0.000135442,NA,0.015521,FALSE,NA,NA,NA,NA,NA,NA,1,"MDD_noUKB"
1287,8,50288661,51461455,TRUE,140,2463,8.87593e-05,0.000128407,0.221218,0.00799036,FALSE,NA,NA,NA,NA,NA,NA,2,NA
1288,8,51461456,52326236,TRUE,142,2131,0.000204757,0.000102615,0.0494271,0.0251975,TRUE,-0.0661457,-0.0661457,FALSE,-1,1,0.883534,2,NA
1289,8,52326237,53108910,TRUE,158,2102,0.000111957,0.000142285,0.185286,0.00593766,FALSE,NA,NA,NA,NA,NA,NA,2,NA
1290,8,53108911,54119373,TRUE,202,2234,0.000106847,0.000190284,0.22314,0.00167783,FALSE,NA,NA,NA,NA,NA,NA,2,NA
1291,8,54119374,55275354,TRUE,222,2363,0.000184939,0.000138523,0.10958,0.0160671,FALSE,NA,NA,NA,NA,NA,NA,2,NA
1292,8,55275355,56346878,TRUE,257,2343,0.000118154,0.000176117,0.227113,0.00643257,FALSE,NA,NA,NA,NA,NA,NA,2,NA
1293,8,56346879,57436722,TRUE,270,2517,0.000320229,0.000285807,0.0305363,9.47059e-05,TRUE,0.251551,0.251551,FALSE,-0.48048,1,0.416481,2,NA
1294,8,57436723,58675117,TRUE,316,3340,NA,0.000314079,NA,5.28725e-05,FALSE,NA,NA,NA,NA,NA,NA,1,"MDD_noUKB"
1295,8,58675118,59555977,TRUE,255,2171,0.00024461,0.000258634,0.067525,0.000222088,FALSE,NA,NA,NA,NA,NA,NA,2,NA
1296,8,59555978,60476248,TRUE,245,1718,0.000649116,0.000518179,9.01896e-05,2.18405e-11,TRUE,0.192046,0.192046,FALSE,-0.17556,0.55919,0.282777,2,NA
1297,8,60476249,61324889,TRUE,162,1860,0.000184874,0.000167427,0.0784944,0.00209262,FALSE,NA,NA,NA,NA,NA,NA,2,NA
1298,8,61324890,62330900,TRUE,283,1961,0.000327191,0.000309107,0.0303748,3.1917e-05,TRUE,-0.511647,-0.511647,FALSE,-1,0.06855,0.0882487,2,NA
1299,8,62330901,63253462,TRUE,200,2246,NA,0.000247485,NA,0.000116457,FALSE,NA,NA,NA,NA,NA,NA,1,"MDD_noUKB"
1300,8,63253463,64215358,TRUE,169,2404,0.000127847,0.000242051,0.161379,3.47784e-05,FALSE,NA,NA,NA,NA,NA,NA,2,NA
1301,8,64215359,66018204,TRUE,318,2876,0.000525751,0.000532136,0.00282606,3.96789e-10,TRUE,0.485413,0.485413,FALSE,0.09243,1,0.0193193,2,NA
1302,8,66018205,66960438,TRUE,197,2025,3.58319e-05,0.000219406,0.387093,0.000333707,FALSE,NA,NA,NA,NA,NA,NA,2,NA
1303,8,66960439,68683823,TRUE,321,2522,0.000185583,0.000293267,0.150459,0.000155737,FALSE,NA,NA,NA,NA,NA,NA,2,NA
1304,8,68683824,70004665,TRUE,421,3053,9.3618e-05,0.00056517,0.317203,1.63991e-09,FALSE,NA,NA,NA,NA,NA,NA,2,NA
1305,8,70004666,70872088,TRUE,289,1822,1.00228e-05,0.00010888,0.465581,0.0682736,FALSE,NA,NA,NA,NA,NA,NA,2,NA
1306,8,70872089,72013184,TRUE,182,2133,0.000250743,0.000132869,0.0372477,0.0121766,TRUE,0.41134,0.41134,FALSE,-0.53626,1,0.30905,2,NA
1307,8,72013185,72917489,TRUE,365,2137,7.92415e-05,0.000267735,0.331462,0.000758492,FALSE,NA,NA,NA,NA,NA,NA,2,NA
1308,8,72917490,73838027,TRUE,267,2292,NA,0.000398509,NA,1.41086e-07,FALSE,NA,NA,NA,NA,NA,NA,1,"MDD_noUKB"
1309,8,73838028,75011699,TRUE,374,2504,7.05453e-05,0.000391263,0.349622,4.83057e-06,FALSE,NA,NA,NA,NA,NA,NA,2,NA
1310,8,75011700,76295483,TRUE,329,2942,NA,0.000437627,NA,1.85901e-07,FALSE,NA,NA,NA,NA,NA,NA,1,"MDD_noUKB"
1311,8,76295484,77377989,TRUE,179,2640,5.85146e-05,0.000124928,0.321423,0.0172308,FALSE,NA,NA,NA,NA,NA,NA,2,NA
1312,8,77377990,78633659,TRUE,230,2771,4.57002e-05,7.90231e-05,0.370943,0.108143,FALSE,NA,NA,NA,NA,NA,NA,2,NA
1313,8,78633660,79756169,TRUE,167,2611,NA,0.000199722,NA,0.000396529,FALSE,NA,NA,NA,NA,NA,NA,1,"MDD_noUKB"
1314,8,79756170,81340231,TRUE,395,3388,9.08063e-05,0.000284496,0.31689,0.000642673,FALSE,NA,NA,NA,NA,NA,NA,2,NA
1315,8,81340232,82878769,TRUE,373,2910,1.70609e-05,0.000240098,0.455285,0.00279371,FALSE,NA,NA,NA,NA,NA,NA,2,NA
1316,8,82878770,83730337,TRUE,169,2133,NA,0.000139533,NA,0.00721944,FALSE,NA,NA,NA,NA,NA,NA,1,"MDD_noUKB"
1317,8,83730338,85116734,TRUE,231,3608,NA,0.000353123,NA,5.83553e-07,FALSE,NA,NA,NA,NA,NA,NA,1,"MDD_noUKB"
1318,8,85116735,86251870,TRUE,153,1882,2.27486e-05,0.000171438,0.412732,0.00128931,FALSE,NA,NA,NA,NA,NA,NA,2,NA
1319,8,86251871,87563145,TRUE,149,1755,0.00013571,0.000113418,0.134714,0.0172982,FALSE,NA,NA,NA,NA,NA,NA,2,NA
1320,8,87563146,89081177,TRUE,301,3182,3.8021e-05,0.000282007,0.403341,0.00017196,FALSE,NA,NA,NA,NA,NA,NA,2,NA
1321,8,89081178,90364149,TRUE,230,2939,0.000150376,0.000130522,0.159952,0.0230714,FALSE,NA,NA,NA,NA,NA,NA,2,NA
1322,8,90364150,91457962,TRUE,220,2009,NA,0.000141289,NA,0.0150928,FALSE,NA,NA,NA,NA,NA,NA,1,"MDD_noUKB"
1323,8,91457963,92876620,TRUE,183,2052,NA,0.000130916,NA,0.0136835,FALSE,NA,NA,NA,NA,NA,NA,1,"MDD_noUKB"
1324,8,92876621,94999066,TRUE,476,3407,2.47946e-06,0.000462138,0.486854,2.074e-06,FALSE,NA,NA,NA,NA,NA,NA,2,NA
1325,8,94999067,96175630,TRUE,287,2955,0.000359116,0.000236467,0.020919,0.000872127,TRUE,0.0440045,0.0440045,FALSE,-0.86918,0.78144,0.89065,2,NA
1326,8,96175631,96900513,TRUE,319,1991,8.36735e-05,0.000256278,0.312272,0.000728909,FALSE,NA,NA,NA,NA,NA,NA,2,NA
1327,8,96900514,98132519,TRUE,315,2081,2.40358e-05,0.000271659,0.435786,0.000334042,FALSE,NA,NA,NA,NA,NA,NA,2,NA
1328,8,98132520,99388944,TRUE,394,2711,0.000153866,6.36053e-05,0.21578,0.215848,FALSE,NA,NA,NA,NA,NA,NA,2,NA
1329,8,99388945,101448439,TRUE,249,2693,NA,0.000237359,NA,0.000472267,FALSE,NA,NA,NA,NA,NA,NA,1,"MDD_noUKB"
1330,8,101448440,102548680,TRUE,414,2156,0.000608312,0.000249943,0.00234064,0.00253384,TRUE,-0.0943139,-0.0943139,FALSE,-0.93929,0.48268,0.73867,2,NA
1331,8,102548681,103716053,TRUE,373,2765,0.000130801,0.000447861,0.244617,3.43005e-07,FALSE,NA,NA,NA,NA,NA,NA,2,NA
1332,8,103716054,104467845,TRUE,228,1858,NA,0.00012066,NA,0.0303896,FALSE,NA,NA,NA,NA,NA,NA,1,"MDD_noUKB"
1333,8,104467846,105370130,TRUE,112,2290,2.92558e-06,4.14209e-05,0.471212,0.167812,FALSE,NA,NA,NA,NA,NA,NA,2,NA
1334,8,105370131,106500950,TRUE,300,2255,NA,0.000182735,NA,0.00830844,FALSE,NA,NA,NA,NA,NA,NA,1,"MDD_noUKB"
1335,8,106500951,107787163,TRUE,276,2599,0.000338821,0.000382992,0.025192,6.89276e-07,TRUE,-0.256031,-0.256031,FALSE,-1,0.28789,0.345862,2,NA
1336,8,107787164,108647463,TRUE,204,2071,NA,9.82661e-05,NA,0.0542494,FALSE,NA,NA,NA,NA,NA,NA,1,"MDD_noUKB"
1337,8,108647464,109920827,TRUE,246,2743,6.64456e-05,8.34451e-05,0.326917,0.107539,FALSE,NA,NA,NA,NA,NA,NA,2,NA
1338,8,109920828,111207349,TRUE,244,2424,0.000100894,0.000234717,0.253355,0.000461666,FALSE,NA,NA,NA,NA,NA,NA,2,NA
1339,8,111207350,112601513,TRUE,146,2024,1.50663e-05,0.00016801,0.43514,0.00110767,FALSE,NA,NA,NA,NA,NA,NA,2,NA
1340,8,112601514,113650853,TRUE,132,2032,NA,0.000184777,NA,0.00031219,FALSE,NA,NA,NA,NA,NA,NA,1,"MDD_noUKB"
1341,8,113650854,114781574,TRUE,102,2285,NA,0.000103843,NA,0.0104525,FALSE,NA,NA,NA,NA,NA,NA,1,"MDD_noUKB"
1342,8,114781575,115334858,TRUE,117,1494,NA,7.94955e-05,NA,0.043514,FALSE,NA,NA,NA,NA,NA,NA,1,"MDD_noUKB"
1343,8,115334859,116094203,TRUE,108,1937,5.35013e-06,0.000127364,0.461529,0.00447517,FALSE,NA,NA,NA,NA,NA,NA,2,NA
1344,8,116094204,118300068,TRUE,443,3288,3.3487e-05,0.000260887,0.428199,0.0022289,FALSE,NA,NA,NA,NA,NA,NA,2,NA
1345,8,118300069,119423298,TRUE,328,2196,0.000320045,0.000148031,0.0431431,0.0295875,TRUE,0.946646,0.946646,FALSE,0.13524,1,0.0293985,2,NA
1346,8,119423299,120216587,TRUE,219,1989,0.000159801,0.000105158,0.140785,0.0483797,FALSE,NA,NA,NA,NA,NA,NA,2,NA
1347,8,120216588,121554390,TRUE,264,2937,9.6375e-05,0.000205571,0.26993,0.00221147,FALSE,NA,NA,NA,NA,NA,NA,2,NA
1348,8,121554391,122622804,TRUE,309,2514,NA,0.000170942,NA,0.0125545,FALSE,NA,NA,NA,NA,NA,NA,1,"MDD_noUKB"
1349,8,122622805,124001019,TRUE,373,2471,0.000164726,0.000194308,0.194401,0.00966635,FALSE,NA,NA,NA,NA,NA,NA,2,NA
1350,8,124001020,125453322,TRUE,427,3080,0.000652489,0.000500484,0.00142719,7.47808e-08,TRUE,0.034125,0.034125,FALSE,-0.45792,0.46034,0.870941,2,NA
1351,8,125453323,126766827,TRUE,423,3022,0.000254355,7.96659e-05,0.109858,0.173662,FALSE,NA,NA,NA,NA,NA,NA,2,NA
1352,8,126766828,128073654,TRUE,399,3044,NA,0.000242449,NA,0.00265031,FALSE,NA,NA,NA,NA,NA,NA,1,"MDD_noUKB"
1353,8,128073655,129291118,TRUE,570,3112,0.000269041,0.000522608,0.130934,6.56912e-07,FALSE,NA,NA,NA,NA,NA,NA,2,NA
1354,8,129291119,130383563,TRUE,260,2478,0.000343582,0.000289264,0.02079,5.53388e-05,TRUE,0.195258,0.195258,FALSE,-0.50963,0.92727,0.506553,2,NA
1355,8,130383564,131545725,TRUE,295,2832,0.000272517,0.000132207,0.062482,0.0388209,FALSE,NA,NA,NA,NA,NA,NA,2,NA
1356,8,131545726,132534636,TRUE,339,2599,4.67793e-05,0.000118487,0.390342,0.062652,FALSE,NA,NA,NA,NA,NA,NA,2,NA
1357,8,132534637,133461551,TRUE,292,2504,9.03676e-05,0.000148695,0.292403,0.024373,FALSE,NA,NA,NA,NA,NA,NA,2,NA
1358,8,133461552,134509448,TRUE,422,2635,8.29657e-05,0.000257767,0.336174,0.00206987,FALSE,NA,NA,NA,NA,NA,NA,2,NA
1359,8,134509449,135313673,TRUE,396,2652,0.00014513,0.000360941,0.22934,3.41989e-05,FALSE,NA,NA,NA,NA,NA,NA,2,NA
1360,8,135313674,136220342,TRUE,330,2291,0.000198594,0.000307707,0.138005,9.39069e-05,FALSE,NA,NA,NA,NA,NA,NA,2,NA
1361,8,136220343,137527617,TRUE,290,3109,9.23098e-05,0.00075183,0.287388,1.11048e-17,FALSE,NA,NA,NA,NA,NA,NA,2,NA
1362,8,137527618,138564843,TRUE,247,2923,0.000224843,0.000374939,0.080371,3.38294e-07,FALSE,NA,NA,NA,NA,NA,NA,2,NA
1363,8,138564844,139404631,TRUE,316,2334,NA,0.000209995,NA,0.00390098,FALSE,NA,NA,NA,NA,NA,NA,1,"MDD_noUKB"
1364,8,139404632,140355988,TRUE,353,2429,NA,0.000374807,NA,9.26357e-06,FALSE,NA,NA,NA,NA,NA,NA,1,"MDD_noUKB"
1365,8,140355989,141527881,TRUE,436,2722,0.000238493,0.000282631,0.128024,0.0010684,FALSE,NA,NA,NA,NA,NA,NA,2,NA
1366,8,141527882,142611889,TRUE,389,2423,NA,0.000149219,NA,0.0395915,FALSE,NA,NA,NA,NA,NA,NA,1,"MDD_noUKB"
1367,8,142611890,143611461,TRUE,363,2430,0.00014073,0.000277624,0.226707,0.000633524,FALSE,NA,NA,NA,NA,NA,NA,2,NA
1368,8,143611462,144934288,TRUE,403,3350,8.6491e-05,0.000234285,0.327957,0.00403024,FALSE,NA,NA,NA,NA,NA,NA,2,NA
1369,8,144934289,146303787,TRUE,263,1551,0.00021499,0.000537456,0.0995289,8.06234e-11,FALSE,NA,NA,NA,NA,NA,NA,2,NA
1370,9,10469,653661,TRUE,239,1646,5.15026e-05,0.00011311,0.359249,0.0438088,FALSE,NA,NA,NA,NA,NA,NA,2,NA
1371,9,653662,1103598,TRUE,286,1499,0.00054005,0.000269325,0.00145983,0.000212407,TRUE,-0.357614,-0.357614,FALSE,-1,0.14494,0.161074,2,NA
1372,9,1103599,1874961,TRUE,394,2530,0.000345918,0.000128868,0.0445695,0.0618495,FALSE,NA,NA,NA,NA,NA,NA,2,NA
1373,9,1874962,2441120,TRUE,377,1635,0.000112015,NA,0.276707,NA,FALSE,NA,NA,NA,NA,NA,NA,1,"BIP_noUKB"
1374,9,2441121,3079045,TRUE,322,1643,0.000197484,0.000178004,0.136135,0.0110914,FALSE,NA,NA,NA,NA,NA,NA,2,NA
1375,9,3079046,4025355,TRUE,447,2107,NA,0.000335472,NA,0.000201541,FALSE,NA,NA,NA,NA,NA,NA,1,"MDD_noUKB"
1376,9,4025356,4596614,TRUE,398,1773,0.000273509,0.000256206,0.0881523,0.0017647,FALSE,NA,NA,NA,NA,NA,NA,2,NA
1377,9,4596615,5437591,TRUE,304,1906,0.00032362,9.41752e-05,0.0362011,0.0983317,FALSE,NA,NA,NA,NA,NA,NA,2,NA
1378,9,5437592,6859791,TRUE,509,3244,0.000412635,0.000392868,0.0372117,4.67018e-05,TRUE,-0.205133,-0.205133,FALSE,-1,0.40954,0.49571,2,NA
1379,9,6859792,7388202,TRUE,271,1955,NA,0.000307586,NA,2.75474e-05,FALSE,NA,NA,NA,NA,NA,NA,1,"MDD_noUKB"
1380,9,7388203,8262303,TRUE,448,2572,0.000252508,0.000318354,0.121503,0.000478347,FALSE,NA,NA,NA,NA,NA,NA,2,NA
1381,9,8262304,9170120,TRUE,470,2949,0.000594526,0.000130725,0.00449724,0.0785449,FALSE,NA,NA,NA,NA,NA,NA,2,NA
1382,9,9170121,9920258,TRUE,366,2306,0.000206754,0.000402363,0.140538,2.58642e-06,FALSE,NA,NA,NA,NA,NA,NA,2,NA
1383,9,9920259,10675474,TRUE,349,2500,NA,0.000166085,NA,0.0193132,FALSE,NA,NA,NA,NA,NA,NA,1,"MDD_noUKB"
1384,9,10675475,11270764,TRUE,201,1800,0.000107027,4.63166e-05,0.220502,0.210365,FALSE,NA,NA,NA,NA,NA,NA,2,NA
1385,9,11270765,12044915,TRUE,138,2464,6.4139e-05,8.88393e-05,0.282432,0.0397842,FALSE,NA,NA,NA,NA,NA,NA,2,NA
1386,9,12044916,12664858,TRUE,218,1765,0.000316847,0.000384421,0.0204773,3.58842e-08,TRUE,0.0661635,0.0661635,FALSE,-0.61109,0.65462,0.798061,2,NA
1387,9,12664859,13512852,TRUE,312,1707,0.000219863,0.000253805,0.110274,0.000850512,FALSE,NA,NA,NA,NA,NA,NA,2,NA
1388,9,13512853,14244747,TRUE,352,2078,5.7501e-05,0.000167185,0.371475,0.021361,FALSE,NA,NA,NA,NA,NA,NA,2,NA
1389,9,14244748,14902924,TRUE,448,1797,0.000769752,0.000487382,0.000342477,3.52255e-07,TRUE,-0.411915,-0.411915,FALSE,-0.99138,-0.00943,0.0413704,2,NA
1390,9,14902925,15839403,TRUE,318,2147,0.00024446,0.000182869,0.0890729,0.0095949,FALSE,NA,NA,NA,NA,NA,NA,2,NA
1391,9,15839404,16658377,TRUE,361,1911,0.000348189,0.000213685,0.0377549,0.00546778,TRUE,NA,-1.36279,TRUE,NA,NA,NA,2,NA
1392,9,16658378,17392382,TRUE,188,2111,NA,0.00016162,NA,0.00391508,FALSE,NA,NA,NA,NA,NA,NA,1,"MDD_noUKB"
1393,9,17392383,17990565,TRUE,208,1684,0.000157689,0.000200737,0.138669,0.00108223,FALSE,NA,NA,NA,NA,NA,NA,2,NA
1394,9,17990566,18754196,TRUE,316,2007,0.000360444,0.000344694,0.0252993,1.46018e-05,TRUE,0.234384,0.234384,FALSE,-0.43401,0.96779,0.412751,2,NA
1395,9,18754197,19463292,FALSE,NA,NA,NA,NA,NA,NA,FALSE,NA,NA,NA,NA,NA,NA,NA,NA
1396,9,19463293,20483880,TRUE,432,2219,0.000360397,0.000329619,0.0455185,0.000190323,TRUE,-0.143334,-0.143334,FALSE,-1,0.55999,0.658114,2,NA
1397,9,20483881,21674032,TRUE,346,2613,0.000362038,0.000194227,0.0295759,0.00813168,TRUE,-1,-1.13303,FALSE,-1,-0.2662,0.00237807,2,NA
1398,9,21674033,23091193,TRUE,451,2997,0.000215357,0.00021841,0.155046,0.00840287,FALSE,NA,NA,NA,NA,NA,NA,2,NA
1399,9,23091194,23859374,TRUE,366,1759,NA,0.000437878,NA,5.89071e-07,FALSE,NA,NA,NA,NA,NA,NA,1,"MDD_noUKB"
1400,9,23859375,24757729,TRUE,284,1761,0.000167025,0.000359848,0.160268,2.37185e-06,FALSE,NA,NA,NA,NA,NA,NA,2,NA
1401,9,24757730,25957606,TRUE,426,3017,NA,0.000252914,NA,0.00245574,FALSE,NA,NA,NA,NA,NA,NA,1,"MDD_noUKB"
1402,9,25957607,26747214,TRUE,283,1802,NA,0.000224399,NA,0.00134763,FALSE,NA,NA,NA,NA,NA,NA,1,"MDD_noUKB"
1403,9,26747215,27366479,TRUE,243,1785,NA,0.000124686,NA,0.0313111,FALSE,NA,NA,NA,NA,NA,NA,1,"MDD_noUKB"
1404,9,27366480,28067454,TRUE,283,1789,NA,NA,NA,NA,FALSE,NA,NA,NA,NA,NA,NA,0,"MDD_noUKB,BIP_noUKB"
1405,9,28067455,28766060,TRUE,288,1783,1.51337e-05,0.000279165,0.453475,0.000140248,FALSE,NA,NA,NA,NA,NA,NA,2,NA
1406,9,28766061,29596501,TRUE,185,2669,0.000344893,8.2553e-05,0.00863917,0.0742372,FALSE,NA,NA,NA,NA,NA,NA,2,NA
1407,9,29596502,30410078,TRUE,173,1902,0.000439352,0.000269679,0.00119563,1.12828e-05,TRUE,0.320398,0.320398,FALSE,-0.17742,0.869,0.185506,2,NA
1408,9,30410079,31115153,TRUE,121,1772,0.000200137,0.000269821,0.0418867,6.06402e-07,TRUE,0.152914,0.152914,FALSE,-0.6319,0.91949,0.617259,2,NA
1409,9,31115154,32253283,TRUE,189,3431,1.73269e-05,0.000128124,0.436447,0.0156941,FALSE,NA,NA,NA,NA,NA,NA,2,NA
1410,9,32253284,33194892,TRUE,279,2265,8.66071e-05,0.00012404,0.294597,0.0414622,FALSE,NA,NA,NA,NA,NA,NA,2,NA
1411,9,33194893,34704544,TRUE,288,2952,0.000136297,8.69858e-05,0.20783,0.109298,FALSE,NA,NA,NA,NA,NA,NA,2,NA
1412,9,34704545,36749273,TRUE,496,3444,0.000283656,0.000405401,0.10373,2.878e-05,FALSE,NA,NA,NA,NA,NA,NA,2,NA
1413,9,36749274,37687112,TRUE,328,2006,8.57895e-05,0.000117141,0.310324,0.0629182,FALSE,NA,NA,NA,NA,NA,NA,2,NA
1414,9,37687113,38822977,TRUE,366,2372,NA,0.000169486,NA,0.021277,FALSE,NA,NA,NA,NA,NA,NA,1,"MDD_noUKB"
1415,9,38822978,43903829,TRUE,11,64,NA,2.84317e-05,NA,0.0513086,FALSE,NA,NA,NA,NA,NA,NA,1,"MDD_noUKB"
1416,9,43903830,66673058,TRUE,4,30,0.000115878,1.80458e-05,0.00874946,0.0523563,FALSE,NA,NA,NA,NA,NA,NA,2,NA
1417,9,66673059,70939677,TRUE,2,9,1.48045e-05,3.47972e-06,0.149843,0.206538,FALSE,NA,NA,NA,NA,NA,NA,2,NA
1418,9,70939678,72288878,TRUE,356,2538,3.66269e-05,0.000462082,0.414048,1.14205e-07,FALSE,NA,NA,NA,NA,NA,NA,2,NA
1419,9,72288879,73915494,TRUE,351,3670,0.00040968,0.000274185,0.0179012,0.000457251,TRUE,0.14923,0.14923,FALSE,-0.62574,0.90582,0.623789,2,NA
1420,9,73915495,74950318,TRUE,325,1993,0.000181125,0.000367555,0.157738,5.4561e-06,FALSE,NA,NA,NA,NA,NA,NA,2,NA
1421,9,74950319,76197744,TRUE,202,2440,0.000159937,0.000171383,0.131194,0.00335814,FALSE,NA,NA,NA,NA,NA,NA,2,NA
1422,9,76197745,77862308,TRUE,385,3197,0.000339474,0.000569994,0.0465548,1.49594e-09,TRUE,0.313123,0.313123,FALSE,-0.23817,1,0.235709,2,NA
1423,9,77862309,78630915,TRUE,316,2189,0.000253821,0.000131175,0.0799548,0.0411288,FALSE,NA,NA,NA,NA,NA,NA,2,NA
1424,9,78630916,79451035,TRUE,409,2164,0.000231811,0.00035739,0.126857,4.16349e-05,FALSE,NA,NA,NA,NA,NA,NA,2,NA
1425,9,79451036,80137024,TRUE,238,1909,0.00022316,0.00034439,0.0787819,3.1829e-06,FALSE,NA,NA,NA,NA,NA,NA,2,NA
1426,9,80137025,81161597,TRUE,269,2113,NA,0.000263319,NA,0.000274225,FALSE,NA,NA,NA,NA,NA,NA,1,"MDD_noUKB"
1427,9,81161598,82601465,TRUE,521,2807,0.000291995,0.000486774,0.102229,1.3093e-06,FALSE,NA,NA,NA,NA,NA,NA,2,NA
1428,9,82601466,83455502,TRUE,230,2656,0.000155504,7.76174e-05,0.152053,0.109854,FALSE,NA,NA,NA,NA,NA,NA,2,NA
1429,9,83455503,85135751,TRUE,472,3215,0.000278893,0.000396343,0.102227,3.24744e-05,FALSE,NA,NA,NA,NA,NA,NA,2,NA
1430,9,85135752,86769886,TRUE,454,3407,2.58998e-05,0.000492312,0.442967,2.41188e-07,FALSE,NA,NA,NA,NA,NA,NA,2,NA
1431,9,86769887,87815449,TRUE,320,2602,0.000162099,0.000180376,0.180283,0.0100979,FALSE,NA,NA,NA,NA,NA,NA,2,NA
1432,9,87815450,89171796,TRUE,319,2635,0.000512937,0.000500981,0.00353162,6.4057e-09,TRUE,-0.187916,-0.187916,FALSE,-0.80146,0.24845,0.385253,2,NA
1433,9,89171797,90135154,TRUE,347,2416,5.26536e-05,0.000161761,0.379973,0.0219002,FALSE,NA,NA,NA,NA,NA,NA,2,NA
1434,9,90135155,90890979,TRUE,241,1935,0.000194149,0.000236444,0.109041,0.000424717,FALSE,NA,NA,NA,NA,NA,NA,2,NA
1435,9,90890980,91643255,TRUE,193,1862,0.000138356,9.90896e-05,0.158438,0.0476944,FALSE,NA,NA,NA,NA,NA,NA,2,NA
1436,9,91643256,92500277,TRUE,259,1917,5.01582e-05,0.000294389,0.368836,3.88228e-05,FALSE,NA,NA,NA,NA,NA,NA,2,NA
1437,9,92500278,93441050,TRUE,255,2203,3.32762e-05,0.000257411,0.406779,0.000272856,FALSE,NA,NA,NA,NA,NA,NA,2,NA
1438,9,93441051,94175374,TRUE,255,1831,NA,0.000113652,NA,0.0534873,FALSE,NA,NA,NA,NA,NA,NA,1,"MDD_noUKB"
1439,9,94175375,94924482,TRUE,203,2249,0.000228478,0.000151372,0.0590367,0.00840959,FALSE,NA,NA,NA,NA,NA,NA,2,NA
1440,9,94924483,95854925,TRUE,159,2002,0.000246611,0.000139561,0.0311992,0.00794026,TRUE,-0.435869,-0.435869,FALSE,-1,0.3493,0.259481,2,NA
1441,9,95854926,96670171,TRUE,207,2247,0.000300498,0.000324659,0.0238692,2.45392e-06,TRUE,0.340593,0.340593,FALSE,-0.26856,1,0.228154,2,NA
1442,9,96670172,97418633,TRUE,170,1662,0.000186491,0.000283321,0.0807153,2.85807e-06,FALSE,NA,NA,NA,NA,NA,NA,2,NA
1443,9,97418634,98885862,TRUE,356,2794,0.00021023,0.000308526,0.134427,0.000169136,FALSE,NA,NA,NA,NA,NA,NA,2,NA
1444,9,98885863,100310517,TRUE,250,2122,0.000382987,0.000275527,0.0112091,8.3856e-05,TRUE,-0.0184812,-0.0184812,FALSE,-0.79427,0.59224,0.947743,2,NA
1445,9,100310518,101596750,TRUE,414,2917,NA,0.00052596,NA,2.54424e-08,FALSE,NA,NA,NA,NA,NA,NA,1,"MDD_noUKB"
1446,9,101596751,103165725,TRUE,326,2566,0.000339764,0.000441104,0.034243,1.06277e-07,TRUE,0.293877,0.293877,FALSE,-0.29879,1,0.277752,2,NA
1447,9,103165726,104222848,TRUE,235,2406,NA,0.000122922,NA,0.0332989,FALSE,NA,NA,NA,NA,NA,NA,1,"MDD_noUKB"
1448,9,104222849,105043411,TRUE,259,2409,NA,0.000230075,NA,0.000674649,FALSE,NA,NA,NA,NA,NA,NA,1,"MDD_noUKB"
1449,9,105043412,105846545,TRUE,202,2626,7.13318e-05,0.000122245,0.298644,0.0233889,FALSE,NA,NA,NA,NA,NA,NA,2,NA
1450,9,105846546,107061019,TRUE,259,3319,0.000274656,0.000213569,0.0490736,0.00207758,TRUE,0.630076,0.630076,FALSE,-0.10323,1,0.088973,2,NA
1451,9,107061020,108203095,TRUE,376,3182,0.000533573,0.000185562,0.00456027,0.0140039,TRUE,-0.212188,-0.212188,FALSE,-1,0.46923,0.521041,2,NA
1452,9,108203096,109150717,TRUE,212,1737,0.00021695,0.00015045,0.0730944,0.00995861,FALSE,NA,NA,NA,NA,NA,NA,2,NA
1453,9,109150718,110630150,TRUE,551,3379,NA,0.000342378,NA,0.00046529,FALSE,NA,NA,NA,NA,NA,NA,1,"MDD_noUKB"
1454,9,110630151,111368107,TRUE,245,1889,0.000155307,0.000163597,0.159966,0.00870735,FALSE,NA,NA,NA,NA,NA,NA,2,NA
1455,9,111368108,112076381,TRUE,211,1931,NA,5.63641e-05,NA,0.17089,FALSE,NA,NA,NA,NA,NA,NA,1,"MDD_noUKB"
1456,9,112076382,112865520,TRUE,306,2157,NA,0.000480167,NA,3.87886e-09,FALSE,NA,NA,NA,NA,NA,NA,1,"MDD_noUKB"
1457,9,112865521,113646149,TRUE,313,2264,NA,0.000511262,NA,1.08716e-09,FALSE,NA,NA,NA,NA,NA,NA,1,"MDD_noUKB"
1458,9,113646150,114443475,TRUE,256,1946,NA,0.000248125,NA,0.000345928,FALSE,NA,NA,NA,NA,NA,NA,1,"MDD_noUKB"
1459,9,114443476,115390112,TRUE,223,2329,9.70578e-05,8.1001e-05,0.253179,0.104198,FALSE,NA,NA,NA,NA,NA,NA,2,NA
1460,9,115390113,116159540,TRUE,273,1858,NA,NA,NA,NA,FALSE,NA,NA,NA,NA,NA,NA,0,"MDD_noUKB,BIP_noUKB"
1461,9,116159541,117054909,TRUE,383,2121,0.000344496,0.000245406,0.0428805,0.00204547,TRUE,-0.0654847,-0.0654847,FALSE,-1,0.72106,0.853746,2,NA
1462,9,117054910,117989017,TRUE,320,2281,0.00028419,0.000370211,0.0603529,3.93576e-06,FALSE,NA,NA,NA,NA,NA,NA,2,NA
1463,9,117989018,119001227,TRUE,232,2297,9.78397e-05,0.000308462,0.25501,9.33611e-06,FALSE,NA,NA,NA,NA,NA,NA,2,NA
1464,9,119001228,119890464,TRUE,321,2025,0.000135447,0.000241878,0.22155,0.00114087,FALSE,NA,NA,NA,NA,NA,NA,2,NA
1465,9,119890465,121008529,TRUE,347,2537,NA,0.000353083,NA,1.57984e-05,FALSE,NA,NA,NA,NA,NA,NA,1,"MDD_noUKB"
1466,9,121008530,122677719,TRUE,454,3205,0.00040518,0.000584377,0.0321947,2.03425e-09,TRUE,0.53815,0.53815,FALSE,0.06003,1,0.0315694,2,NA
1467,9,122677720,124119883,TRUE,316,2045,0.000265388,0.000287054,0.0716772,0.000162045,FALSE,NA,NA,NA,NA,NA,NA,2,NA
1468,9,124119884,125137578,TRUE,343,2142,0.000249732,0.000265475,0.0919383,0.000775289,FALSE,NA,NA,NA,NA,NA,NA,2,NA
1469,9,125137579,126092931,TRUE,220,1759,NA,0.000250175,NA,0.000242086,FALSE,NA,NA,NA,NA,NA,NA,1,"MDD_noUKB"
1470,9,126092932,127184582,TRUE,330,2371,0.000499634,0.000194947,0.00457952,0.00715682,TRUE,0.0207351,0.0207351,FALSE,-0.89085,0.75615,0.947701,2,NA
1471,9,127184583,128785782,TRUE,248,1928,0.000456357,0.000265377,0.00342646,0.000132577,TRUE,-0.127421,-0.127421,FALSE,-0.87032,0.42031,0.629787,2,NA
1472,9,128785783,129617771,TRUE,377,1861,0.000155846,0.000202552,0.208489,0.00851612,FALSE,NA,NA,NA,NA,NA,NA,2,NA
1473,9,129617772,130902727,TRUE,284,1971,NA,0.000144124,NA,0.0252715,FALSE,NA,NA,NA,NA,NA,NA,1,"MDD_noUKB"
1474,9,130902728,132193798,TRUE,297,1802,0.000359898,0.000323325,0.0228836,2.97441e-05,TRUE,-0.341408,-0.341408,FALSE,-1,0.23662,0.238777,2,NA
1475,9,132193799,132999452,TRUE,331,2403,0.000357434,0.000416931,0.0308789,2.21484e-06,TRUE,-0.0202035,-0.0202035,FALSE,-0.87292,0.60049,0.94238,2,NA
1476,9,132999453,134141936,TRUE,466,2249,NA,0.000133442,NA,0.0754008,FALSE,NA,NA,NA,NA,NA,NA,1,"MDD_noUKB"
1477,9,134141937,135135887,TRUE,327,1807,0.000177599,0.000318111,0.162224,5.75635e-05,FALSE,NA,NA,NA,NA,NA,NA,2,NA
1478,9,135135888,136042490,TRUE,373,2043,NA,0.00010005,NA,0.110342,FALSE,NA,NA,NA,NA,NA,NA,1,"MDD_noUKB"
1479,9,136042491,136770926,TRUE,373,2305,0.000207789,0.000292485,0.144977,0.000535419,FALSE,NA,NA,NA,NA,NA,NA,2,NA
1480,9,136770927,137593527,TRUE,378,2174,0.000194034,8.49808e-05,0.162622,0.151138,FALSE,NA,NA,NA,NA,NA,NA,2,NA
1481,9,137593528,138202112,TRUE,442,2106,0.000621493,0.000280127,0.0026505,0.00158739,TRUE,-0.302207,-0.302207,FALSE,-1,0.25423,0.276579,2,NA
1482,9,138202113,138995791,TRUE,416,2009,0.000924102,0.00026525,1.84524e-05,0.00207157,TRUE,-0.505568,-0.505568,FALSE,-1,-0.04459,0.0334453,2,NA
1483,9,138995792,140097759,TRUE,448,2431,0.000794329,0.000412108,0.000255743,1.17204e-05,TRUE,-0.0418504,-0.0418504,FALSE,-0.58846,0.38685,0.844566,2,NA
1484,9,140097760,141146682,TRUE,334,1386,0.00074047,0.00059543,0.000106498,2.71568e-11,TRUE,0.00809858,0.00809858,FALSE,-0.38757,0.35614,0.963237,2,NA
1485,10,60515,1329232,TRUE,349,2639,0.000484916,0.000411954,0.00718622,1.26024e-06,TRUE,-0.10656,-0.10656,FALSE,-0.78785,0.39758,0.661072,2,NA
1486,10,1329233,1872960,TRUE,301,1623,0.000335077,0.000307347,0.0313279,5.96508e-05,TRUE,-0.468581,-0.468581,FALSE,-1,0.12067,0.124143,2,NA
1487,10,1872961,2637065,TRUE,324,3044,0.00013094,0.000183373,0.2298,0.00983163,FALSE,NA,NA,NA,NA,NA,NA,2,NA
1488,10,2637066,3225336,TRUE,312,2004,0.000180765,4.36174e-05,0.15345,0.272077,FALSE,NA,NA,NA,NA,NA,NA,2,NA
1489,10,3225337,3880322,TRUE,267,1835,3.48504e-05,0.000305203,0.404877,2.76224e-05,FALSE,NA,NA,NA,NA,NA,NA,2,NA
1490,10,3880323,4813182,TRUE,399,2419,NA,0.000469673,NA,2.13001e-07,FALSE,NA,NA,NA,NA,NA,NA,1,"MDD_noUKB"
1491,10,4813183,5396242,TRUE,211,2290,5.92556e-05,9.26884e-05,0.334877,0.0646837,FALSE,NA,NA,NA,NA,NA,NA,2,NA
1492,10,5396243,6234718,TRUE,443,2506,NA,0.000216795,NA,0.00920877,FALSE,NA,NA,NA,NA,NA,NA,1,"MDD_noUKB"
1493,10,6234719,6897037,TRUE,362,1773,0.000146545,0.000514944,0.217992,6.80243e-09,FALSE,NA,NA,NA,NA,NA,NA,2,NA
1494,10,6897038,7659872,TRUE,411,2333,3.25144e-05,7.9824e-05,0.42733,0.172365,FALSE,NA,NA,NA,NA,NA,NA,2,NA
1495,10,7659873,8771920,TRUE,458,3324,0.0003248,0.000257692,0.0676575,0.00333355,FALSE,NA,NA,NA,NA,NA,NA,2,NA
1496,10,8771921,10081279,TRUE,314,3173,0.000586636,0.000122608,0.000999159,0.0509383,FALSE,NA,NA,NA,NA,NA,NA,2,NA
1497,10,10081280,10969481,TRUE,289,2238,0.000282335,0.000165099,0.0523277,0.0127795,FALSE,NA,NA,NA,NA,NA,NA,2,NA
1498,10,10969482,11856924,TRUE,391,2240,NA,0.000282497,NA,0.000626567,FALSE,NA,NA,NA,NA,NA,NA,1,"MDD_noUKB"
1499,10,11856925,12581571,TRUE,323,1883,0.000343324,0.000341519,0.0319791,1.4795e-05,TRUE,-0.134225,-0.134225,FALSE,-1,0.4982,0.647099,2,NA
1500,10,12581572,13208061,TRUE,339,1766,0.000325793,0.000118287,0.0426488,0.0664973,FALSE,NA,NA,NA,NA,NA,NA,2,NA
1501,10,13208062,14008135,TRUE,474,2257,NA,0.000300475,NA,0.000893071,FALSE,NA,NA,NA,NA,NA,NA,1,"MDD_noUKB"
1502,10,14008136,14820755,TRUE,379,2528,NA,0.000128652,NA,0.0603346,FALSE,NA,NA,NA,NA,NA,NA,1,"MDD_noUKB"
1503,10,14820756,15946677,TRUE,424,2807,0.000140874,0.000342915,0.242854,0.000113092,FALSE,NA,NA,NA,NA,NA,NA,2,NA
1504,10,15946678,17065860,TRUE,346,2606,8.83411e-05,0.000292107,0.310307,0.000225623,FALSE,NA,NA,NA,NA,NA,NA,2,NA
1505,10,17065861,18529742,TRUE,366,3172,0.000142793,0.000365317,0.225869,1.21901e-05,FALSE,NA,NA,NA,NA,NA,NA,2,NA
1506,10,18529743,19421514,TRUE,280,2578,0.000132113,0.000287369,0.211372,7.37147e-05,FALSE,NA,NA,NA,NA,NA,NA,2,NA
1507,10,19421515,19965624,TRUE,144,1871,5.63839e-05,0.00015104,0.308797,0.00356356,FALSE,NA,NA,NA,NA,NA,NA,2,NA
1508,10,19965625,20616432,TRUE,223,1885,6.65404e-05,0.000192505,0.318239,0.00190099,FALSE,NA,NA,NA,NA,NA,NA,2,NA
1509,10,20616433,21477692,TRUE,269,2131,0.000183282,1.28501e-05,0.13232,0.413326,FALSE,NA,NA,NA,NA,NA,NA,2,NA
1510,10,21477693,23365685,TRUE,411,2935,0.000565863,0.0007937,0.0042122,1.22076e-14,TRUE,-0.164785,-0.164785,FALSE,-0.69332,0.22462,0.389247,2,NA
1511,10,23365686,24489447,TRUE,261,2144,NA,0.000126412,NA,0.0378635,FALSE,NA,NA,NA,NA,NA,NA,1,"MDD_noUKB"
1512,10,24489448,25577761,TRUE,378,2096,0.000163697,0.000107513,0.19813,0.09739,FALSE,NA,NA,NA,NA,NA,NA,2,NA
1513,10,25577762,26161974,TRUE,176,1985,0.000195663,9.87813e-05,0.0746262,0.0417783,FALSE,NA,NA,NA,NA,NA,NA,2,NA
1514,10,26161975,26888716,TRUE,155,2243,3.49652e-05,NA,0.375812,NA,FALSE,NA,NA,NA,NA,NA,NA,1,"BIP_noUKB"
1515,10,26888717,27669566,TRUE,176,2218,NA,0.000100852,NA,0.0378141,FALSE,NA,NA,NA,NA,NA,NA,1,"MDD_noUKB"
1516,10,27669567,28734422,TRUE,280,2719,6.67891e-05,9.72664e-05,0.336106,0.0835804,FALSE,NA,NA,NA,NA,NA,NA,2,NA
1517,10,28734423,29393749,TRUE,238,1859,0.000310606,0.000134833,0.0266602,0.0217928,TRUE,-0.285702,-0.285702,FALSE,-1,0.58127,0.478911,2,NA
1518,10,29393750,30000223,TRUE,264,1877,4.95962e-06,2.94765e-05,0.476282,0.32062,FALSE,NA,NA,NA,NA,NA,NA,2,NA
1519,10,30000224,30919469,TRUE,330,2388,NA,9.3172e-05,NA,0.108259,FALSE,NA,NA,NA,NA,NA,NA,1,"MDD_noUKB"
1520,10,30919470,32457293,TRUE,313,2991,0.000120477,0.000152269,0.242912,0.022147,FALSE,NA,NA,NA,NA,NA,NA,2,NA
1521,10,32457294,33655458,TRUE,237,3301,9.23396e-05,0.000307033,0.268448,1.00969e-05,FALSE,NA,NA,NA,NA,NA,NA,2,NA
1522,10,33655459,35178224,TRUE,466,3249,0.000484124,0.000653067,0.0151774,1.05228e-10,TRUE,-0.116581,-0.116581,FALSE,-0.78737,0.33211,0.602704,2,NA
1523,10,35178225,36475838,TRUE,264,2474,9.52634e-05,0.000182854,0.272665,0.00547575,FALSE,NA,NA,NA,NA,NA,NA,2,NA
1524,10,36475839,37561443,TRUE,242,2399,NA,9.01647e-05,NA,0.0851208,FALSE,NA,NA,NA,NA,NA,NA,1,"MDD_noUKB"
1525,10,37561444,38566460,TRUE,82,2451,NA,5.74917e-05,NA,0.0719474,FALSE,NA,NA,NA,NA,NA,NA,1,"MDD_noUKB"
1526,10,38566461,42392742,TRUE,20,481,NA,6.38423e-06,NA,0.331124,FALSE,NA,NA,NA,NA,NA,NA,1,"MDD_noUKB"
1527,10,42392743,42984427,FALSE,NA,NA,NA,NA,NA,NA,FALSE,NA,NA,NA,NA,NA,NA,NA,NA
1528,10,42984428,43769842,TRUE,156,2135,NA,2.1275e-05,NA,0.3287,FALSE,NA,NA,NA,NA,NA,NA,1,"MDD_noUKB"
1529,10,43769843,44893846,TRUE,286,3367,NA,0.000142882,NA,0.0266455,FALSE,NA,NA,NA,NA,NA,NA,1,"MDD_noUKB"
1530,10,44893847,46327144,TRUE,277,3126,0.000210073,0.00018459,0.108404,0.00581427,FALSE,NA,NA,NA,NA,NA,NA,2,NA
1531,10,46327145,49197320,TRUE,80,504,6.26677e-05,0.000151279,0.243513,0.000430906,FALSE,NA,NA,NA,NA,NA,NA,2,NA
1532,10,49197321,50145673,TRUE,231,1784,8.31718e-05,0.000188928,0.284665,0.00275023,FALSE,NA,NA,NA,NA,NA,NA,2,NA
1533,10,50145674,51724039,TRUE,241,2156,0.00050169,0.000300288,0.00142702,1.90292e-05,TRUE,-0.140471,-0.140471,FALSE,-0.77798,0.33277,0.559363,2,NA
1534,10,51724040,53129609,TRUE,282,2235,0.000504145,0.000264487,0.00253361,0.000240604,TRUE,0.508574,0.508574,FALSE,-0.00432,1,0.0534999,2,NA
1535,10,53129610,53919161,TRUE,297,2268,NA,0.000287815,NA,0.000123948,FALSE,NA,NA,NA,NA,NA,NA,1,"MDD_noUKB"
1536,10,53919162,55104428,TRUE,343,2915,0.000165745,0.000433988,0.183986,2.99557e-07,FALSE,NA,NA,NA,NA,NA,NA,2,NA
1537,10,55104429,55867694,TRUE,200,2289,NA,0.000115204,NA,0.0290583,FALSE,NA,NA,NA,NA,NA,NA,1,"MDD_noUKB"
1538,10,55867695,57044845,TRUE,334,3411,0.000149761,0.000205225,0.204089,0.00535561,FALSE,NA,NA,NA,NA,NA,NA,2,NA
1539,10,57044846,57955671,TRUE,134,2080,NA,0.00028399,NA,3.87774e-07,FALSE,NA,NA,NA,NA,NA,NA,1,"MDD_noUKB"
1540,10,57955672,58809133,TRUE,95,2297,NA,3.66488e-05,NA,0.18792,FALSE,NA,NA,NA,NA,NA,NA,1,"MDD_noUKB"
1541,10,58809134,59822946,TRUE,171,3188,0.000349382,0.000136717,0.00649312,0.0087031,TRUE,-0.187093,-0.187093,FALSE,-1,0.54212,0.582456,2,NA
1542,10,59822947,61470383,TRUE,375,3147,0.000161308,0.000380463,0.200593,1.09207e-05,FALSE,NA,NA,NA,NA,NA,NA,2,NA
1543,10,61470384,62626465,TRUE,298,3071,0.000258713,0.000641008,0.0706712,6.03109e-14,FALSE,NA,NA,NA,NA,NA,NA,2,NA
1544,10,62626466,64069687,TRUE,374,3051,0.000196279,0.000757859,0.157084,3.73844e-15,FALSE,NA,NA,NA,NA,NA,NA,2,NA
1545,10,64069688,65400431,TRUE,267,2875,NA,0.000441586,NA,2.22085e-08,FALSE,NA,NA,NA,NA,NA,NA,1,"MDD_noUKB"
1546,10,65400432,66510387,TRUE,233,2048,0.000147653,0.000214595,0.165731,0.000947941,FALSE,NA,NA,NA,NA,NA,NA,2,NA
1547,10,66510388,67146043,TRUE,128,1855,0.000162459,0.000158973,0.0809007,0.00115577,FALSE,NA,NA,NA,NA,NA,NA,2,NA
1548,10,67146044,67769822,TRUE,155,1960,0.000101286,3.48658e-05,0.203794,0.243444,FALSE,NA,NA,NA,NA,NA,NA,2,NA
1549,10,67769823,68623274,TRUE,191,3079,0.000144429,0.000171631,0.148272,0.00263419,FALSE,NA,NA,NA,NA,NA,NA,2,NA
1550,10,68623275,69904170,TRUE,207,2504,NA,0.000242565,NA,0.000117226,FALSE,NA,NA,NA,NA,NA,NA,1,"MDD_noUKB"
1551,10,69904171,71050504,TRUE,270,2931,0.000219748,0.000299427,0.0939649,3.93185e-05,FALSE,NA,NA,NA,NA,NA,NA,2,NA
1552,10,71050505,71672997,TRUE,400,2031,0.000482787,0.000239171,0.0104223,0.00320652,TRUE,-0.406199,-0.406199,FALSE,-1,0.20228,0.199062,2,NA
1553,10,71672998,72659223,TRUE,426,2842,1.82386e-05,0.000150918,0.455758,0.0424991,FALSE,NA,NA,NA,NA,NA,NA,2,NA
1554,10,72659224,73514214,TRUE,467,2359,5.25745e-05,0.00032627,0.396093,0.000354495,FALSE,NA,NA,NA,NA,NA,NA,2,NA
1555,10,73514215,75694023,TRUE,304,3126,0.000241285,0.000348781,0.0880094,9.24642e-06,FALSE,NA,NA,NA,NA,NA,NA,2,NA
1556,10,75694024,77144961,TRUE,219,2029,0.000302656,0.000236214,0.0259434,0.000303678,TRUE,0.183975,0.183975,FALSE,-0.63361,1,0.564474,2,NA
1557,10,77144962,78665481,TRUE,373,2582,0.000321901,0.000439184,0.0520982,5.35945e-07,FALSE,NA,NA,NA,NA,NA,NA,2,NA
1558,10,78665482,79952996,TRUE,397,2737,0.000202013,0.000363955,0.155116,3.07649e-05,FALSE,NA,NA,NA,NA,NA,NA,2,NA
1559,10,79952997,81190573,TRUE,587,3027,0.000282189,0.000273155,0.123137,0.00484323,FALSE,NA,NA,NA,NA,NA,NA,2,NA
1560,10,81190574,81763230,TRUE,63,1338,NA,1.41074e-05,NA,0.324577,FALSE,NA,NA,NA,NA,NA,NA,1,"MDD_noUKB"
1561,10,81763231,82378048,TRUE,165,1797,NA,7.07572e-05,NA,0.0948962,FALSE,NA,NA,NA,NA,NA,NA,1,"MDD_noUKB"
1562,10,82378049,83596350,TRUE,301,3366,NA,0.000284268,NA,0.000128517,FALSE,NA,NA,NA,NA,NA,NA,1,"MDD_noUKB"
1563,10,83596351,84679429,TRUE,301,2368,0.0001478,0.000196759,0.19584,0.00513684,FALSE,NA,NA,NA,NA,NA,NA,2,NA
1564,10,84679430,85463484,TRUE,135,2627,1.46003e-05,0.000160071,0.434181,0.00124272,FALSE,NA,NA,NA,NA,NA,NA,2,NA
1565,10,85463485,86459980,TRUE,295,2723,NA,0.000187997,NA,0.00615299,FALSE,NA,NA,NA,NA,NA,NA,1,"MDD_noUKB"
1566,10,86459981,87287935,TRUE,174,2367,NA,5.63469e-05,NA,0.153682,FALSE,NA,NA,NA,NA,NA,NA,1,"MDD_noUKB"
1567,10,87287936,88443652,TRUE,325,2812,NA,0.000168465,NA,0.0162048,FALSE,NA,NA,NA,NA,NA,NA,1,"MDD_noUKB"
1568,10,88443653,89971628,TRUE,348,2393,NA,0.000255661,NA,0.00112151,FALSE,NA,NA,NA,NA,NA,NA,1,"MDD_noUKB"
1569,10,89971629,91021321,TRUE,330,2306,NA,0.000313124,NA,8.72087e-05,FALSE,NA,NA,NA,NA,NA,NA,1,"MDD_noUKB"
1570,10,91021322,91960435,TRUE,239,2378,NA,0.000238582,NA,0.000412205,FALSE,NA,NA,NA,NA,NA,NA,1,"MDD_noUKB"
1571,10,91960436,92911506,TRUE,234,2308,0.000268952,0.000157271,0.0441934,0.00939368,TRUE,-0.807006,-0.807006,FALSE,-1,-0.02338,0.0441086,2,NA
1572,10,92911507,94503299,TRUE,249,2690,0.000325551,0.000124845,0.0242259,0.0345372,TRUE,-0.330915,-0.330915,FALSE,-1,0.53658,0.43012,2,NA
1573,10,94503300,95528160,TRUE,331,2754,0.000162211,0.00038352,0.185048,2.64756e-06,FALSE,NA,NA,NA,NA,NA,NA,2,NA
1574,10,95528161,97040172,TRUE,247,2827,0.000292607,0.000222896,0.035936,0.000788862,TRUE,0.256316,0.256316,FALSE,-0.58092,1,0.450293,2,NA
1575,10,97040173,98005994,TRUE,247,2364,0.000192237,0.000142339,0.114542,0.0191333,FALSE,NA,NA,NA,NA,NA,NA,2,NA
1576,10,98005995,99367800,TRUE,425,2696,2.26252e-05,0.000335909,0.447469,0.000184059,FALSE,NA,NA,NA,NA,NA,NA,2,NA
1577,10,99367801,100337830,TRUE,306,1946,8.35815e-06,0.000455887,0.470256,2.14297e-08,FALSE,NA,NA,NA,NA,NA,NA,2,NA
1578,10,100337831,101271451,TRUE,136,1633,NA,8.14051e-05,NA,0.0507576,FALSE,NA,NA,NA,NA,NA,NA,1,"MDD_noUKB"
1579,10,101271452,102509298,TRUE,281,2385,0.000388735,0.000254622,0.0137963,0.000536745,TRUE,-0.0855838,-0.0855838,FALSE,-1,0.54626,0.777443,2,NA
1580,10,102509299,104206837,TRUE,367,2492,0.000204147,0.000355493,0.143836,2.72585e-05,FALSE,NA,NA,NA,NA,NA,NA,2,NA
1581,10,104206838,106142283,TRUE,378,3507,0.000577006,0.000740658,0.0025487,1.097e-14,TRUE,0.308408,0.308408,FALSE,-0.06293,0.73965,0.0997629,2,NA
1582,10,106142284,107877787,TRUE,333,3532,0.000463346,0.00031154,0.0078507,7.9449e-05,TRUE,0.500026,0.500026,FALSE,-0.02133,1,0.0646265,2,NA
1583,10,107877788,108725997,TRUE,248,2074,0.00046717,0.000193907,0.00301003,0.00326271,TRUE,-0.261975,-0.261975,FALSE,-1,0.33593,0.381068,2,NA
1584,10,108725998,109579149,TRUE,225,2354,4.498e-05,0.000446726,0.372395,2.82626e-09,FALSE,NA,NA,NA,NA,NA,NA,2,NA
1585,10,109579150,110358382,TRUE,196,2111,0.000170282,0.000272017,0.113787,1.70494e-05,FALSE,NA,NA,NA,NA,NA,NA,2,NA
1586,10,110358383,112164981,TRUE,335,3494,0.000341105,0.00047743,0.0352738,2.17351e-08,TRUE,-0.0496057,-0.0496057,FALSE,-0.86234,0.51504,0.851421,2,NA
1587,10,112164982,113117615,TRUE,356,2061,0.000261758,0.000214614,0.0859991,0.0048003,FALSE,NA,NA,NA,NA,NA,NA,2,NA
1588,10,113117616,114255954,TRUE,290,2529,0.000186552,0.00026528,0.137218,0.000259563,FALSE,NA,NA,NA,NA,NA,NA,2,NA
1589,10,114255955,115588903,TRUE,479,2630,0.00044431,0.000863844,0.0247636,1.70512e-15,TRUE,0.0862087,0.0862087,FALSE,-0.4215,0.60028,0.689174,2,NA
1590,10,115588904,116845213,TRUE,342,2530,5.6608e-05,0.000229983,0.371153,0.00237062,FALSE,NA,NA,NA,NA,NA,NA,2,NA
1591,10,116845214,118416049,TRUE,318,3021,0.000358748,0.0001962,0.0282321,0.00592952,TRUE,0.320915,0.320915,FALSE,-0.58177,1,0.375705,2,NA
1592,10,118416050,119528730,TRUE,360,2119,0.00067948,0.000275478,0.0004818,0.00060496,TRUE,-0.156922,-0.156922,FALSE,-0.84738,0.35011,0.529309,2,NA
1593,10,119528731,120592839,TRUE,372,2498,0.000146611,0.000202976,0.222685,0.0101978,FALSE,NA,NA,NA,NA,NA,NA,2,NA
1594,10,120592840,121874445,TRUE,388,3055,0.000116981,0.000214661,0.270997,0.00623293,FALSE,NA,NA,NA,NA,NA,NA,2,NA
1595,10,121874446,122803506,TRUE,351,2482,0.00012573,4.20248e-05,0.24645,0.289274,FALSE,NA,NA,NA,NA,NA,NA,2,NA
1596,10,122803507,123856184,TRUE,408,2617,0.000175377,0.000232556,0.191412,0.00456225,FALSE,NA,NA,NA,NA,NA,NA,2,NA
1597,10,123856185,124894142,TRUE,402,2637,0.000543787,0.000491517,0.00515464,1.39725e-07,TRUE,0.183031,0.183031,FALSE,-0.31529,0.69841,0.421374,2,NA
1598,10,124894143,125798319,TRUE,416,2733,0.000426189,0.000334274,0.0216956,0.00013389,TRUE,0.138862,0.138862,FALSE,-0.61655,0.86814,0.636953,2,NA
1599,10,125798320,126875816,TRUE,402,2636,6.30155e-05,0.000205711,0.368334,0.00858204,FALSE,NA,NA,NA,NA,NA,NA,2,NA
1600,10,126875817,127997708,TRUE,356,2614,9.16996e-05,0.000595466,0.306608,3.57526e-11,FALSE,NA,NA,NA,NA,NA,NA,2,NA
1601,10,127997709,129134738,TRUE,427,2344,NA,0.000207008,NA,0.0107733,FALSE,NA,NA,NA,NA,NA,NA,1,"MDD_noUKB"
1602,10,129134739,129831969,TRUE,406,2617,0.000404923,0.000331772,0.025761,0.000111959,TRUE,-0.936675,-0.936675,FALSE,-1,-0.33715,0.00182962,2,NA
1603,10,129831970,130694008,TRUE,486,2453,4.96515e-05,0.000420066,0.402934,1.15401e-05,FALSE,NA,NA,NA,NA,NA,NA,2,NA
1604,10,130694009,131694738,TRUE,385,2669,0.000235271,0.000244185,0.117039,0.00227853,FALSE,NA,NA,NA,NA,NA,NA,2,NA
1605,10,131694739,132576793,TRUE,329,2852,NA,0.000387664,NA,1.85559e-06,FALSE,NA,NA,NA,NA,NA,NA,1,"MDD_noUKB"
1606,10,132576794,133111170,TRUE,388,2287,0.000260287,0.000300947,0.0957601,0.000307747,FALSE,NA,NA,NA,NA,NA,NA,2,NA
1607,10,133111171,133818036,TRUE,335,2138,9.45797e-05,0.000129434,0.298678,0.0503622,FALSE,NA,NA,NA,NA,NA,NA,2,NA
1608,10,133818037,134856054,TRUE,489,3243,0.00122492,0.000550301,3.41676e-07,1.55466e-07,TRUE,0.032519,0.032519,FALSE,-0.32921,0.35888,0.845281,2,NA
1609,10,134856055,135524372,TRUE,209,1562,0.000251079,0.00012238,0.0471456,0.0285838,TRUE,-0.891246,-0.891246,FALSE,-1,-0.03037,0.0466522,2,NA
1610,11,87150,1061399,TRUE,371,2222,0.000409374,0.000122443,0.0203162,0.07242,FALSE,NA,NA,NA,NA,NA,NA,2,NA
1611,11,1061400,1857845,TRUE,301,2431,0.00039128,0.000312573,0.0155381,6.36973e-05,TRUE,-0.10075,-0.10075,FALSE,-0.94339,0.49492,0.722672,2,NA
1612,11,1857846,2477449,TRUE,299,1711,0.000138724,6.85494e-05,0.210856,0.179912,FALSE,NA,NA,NA,NA,NA,NA,2,NA
1613,11,2477450,3362508,TRUE,458,1978,0.000446844,5.62061e-05,0.0217626,0.266109,FALSE,NA,NA,NA,NA,NA,NA,2,NA
1614,11,3362509,4405707,TRUE,239,2092,0.000249556,5.56766e-05,0.0591128,0.195606,FALSE,NA,NA,NA,NA,NA,NA,2,NA
1615,11,4405708,4946051,TRUE,259,2013,NA,0.00015531,NA,0.0136926,FALSE,NA,NA,NA,NA,NA,NA,1,"MDD_noUKB"
1616,11,4946052,5533057,TRUE,211,2125,0.000144474,NA,0.158881,NA,FALSE,NA,NA,NA,NA,NA,NA,1,"BIP_noUKB"
1617,11,5533058,6180840,TRUE,259,2361,NA,0.000182619,NA,0.00473245,FALSE,NA,NA,NA,NA,NA,NA,1,"MDD_noUKB"
1618,11,6180841,7191230,TRUE,384,2429,NA,0.000356241,NA,4.11973e-05,FALSE,NA,NA,NA,NA,NA,NA,1,"MDD_noUKB"
1619,11,7191231,7915071,TRUE,316,2217,NA,0.00043116,NA,2.23951e-07,FALSE,NA,NA,NA,NA,NA,NA,1,"MDD_noUKB"
1620,11,7915072,9080939,TRUE,424,2973,0.000364299,0.00052305,0.0427145,3.83437e-08,TRUE,-0.022771,-0.022771,FALSE,-0.82627,0.56976,0.93273,2,NA
1621,11,9080940,10370100,TRUE,275,2778,0.00011374,NA,0.241367,NA,FALSE,NA,NA,NA,NA,NA,NA,1,"BIP_noUKB"
1622,11,10370101,11081299,TRUE,299,1939,NA,0.000139035,NA,0.0311533,FALSE,NA,NA,NA,NA,NA,NA,1,"MDD_noUKB"
1623,11,11081300,11632650,TRUE,388,1906,0.000128257,0.000354414,0.252475,2.93137e-05,FALSE,NA,NA,NA,NA,NA,NA,2,NA
1624,11,11632651,12470449,TRUE,434,2338,NA,0.000430606,NA,3.06579e-06,FALSE,NA,NA,NA,NA,NA,NA,1,"MDD_noUKB"
1625,11,12470450,13364727,TRUE,318,2137,NA,0.000340097,NA,1.49347e-05,FALSE,NA,NA,NA,NA,NA,NA,1,"MDD_noUKB"
1626,11,13364728,15126767,TRUE,332,2968,0.00033775,0.000391073,0.0375223,1.53232e-06,TRUE,0.225979,0.225979,FALSE,-0.44574,0.99093,0.427708,2,NA
1627,11,15126768,16383386,TRUE,292,2285,0.000378126,6.7279e-05,0.0171525,0.170046,FALSE,NA,NA,NA,NA,NA,NA,2,NA
1628,11,16383387,17583948,TRUE,275,2343,NA,0.000258982,NA,0.000327307,FALSE,NA,NA,NA,NA,NA,NA,1,"MDD_noUKB"
1629,11,17583949,18740267,TRUE,337,2488,0.000188303,0.000377846,0.152854,4.1311e-06,FALSE,NA,NA,NA,NA,NA,NA,2,NA
1630,11,18740268,19780784,TRUE,334,2320,0.000140796,0.000132405,0.217188,0.0431162,FALSE,NA,NA,NA,NA,NA,NA,2,NA
1631,11,19780785,20686336,TRUE,453,2391,NA,0.000331647,NA,0.000223896,FALSE,NA,NA,NA,NA,NA,NA,1,"MDD_noUKB"
1632,11,20686337,21442722,TRUE,351,1885,0.000195763,0.00016034,0.14809,0.022901,FALSE,NA,NA,NA,NA,NA,NA,2,NA
1633,11,21442723,22368743,TRUE,228,2226,0.000229367,0.000154145,0.0695546,0.0102415,FALSE,NA,NA,NA,NA,NA,NA,2,NA
1634,11,22368744,23164544,TRUE,176,1783,0.000339735,0.000153905,0.00824481,0.00448375,TRUE,-0.0640149,-0.0640149,FALSE,-1,0.65478,0.846215,2,NA
1635,11,23164545,24091272,TRUE,242,2768,0.000162759,0.000357802,0.147574,5.2945e-07,FALSE,NA,NA,NA,NA,NA,NA,2,NA
1636,11,24091273,24892439,TRUE,267,2624,0.000408786,9.19111e-05,0.00900217,0.0911087,FALSE,NA,NA,NA,NA,NA,NA,2,NA
1637,11,24892440,25662918,TRUE,147,2135,0.00015277,0.000111107,0.110725,0.0214932,FALSE,NA,NA,NA,NA,NA,NA,2,NA
1638,11,25662919,26356980,TRUE,181,2775,NA,0.000335329,NA,3.22477e-07,FALSE,NA,NA,NA,NA,NA,NA,1,"MDD_noUKB"
1639,11,26356981,27018307,TRUE,186,2001,8.70557e-05,0.00036623,0.254559,2.55017e-08,FALSE,NA,NA,NA,NA,NA,NA,2,NA
1640,11,27018308,28577718,TRUE,273,2390,0.000222947,0.00015718,0.0917511,0.0140805,FALSE,NA,NA,NA,NA,NA,NA,2,NA
1641,11,28577719,29530460,TRUE,188,1892,NA,0.000370442,NA,2.04539e-08,FALSE,NA,NA,NA,NA,NA,NA,1,"MDD_noUKB"
1642,11,29530461,30570129,TRUE,195,2047,0.000152493,7.63765e-05,0.138437,0.0986446,FALSE,NA,NA,NA,NA,NA,NA,2,NA
1643,11,30570130,32065771,TRUE,222,1855,0.000420685,0.0002133,0.00428083,0.000819568,TRUE,0.0904527,0.0904527,FALSE,-0.66212,0.73571,0.753245,2,NA
1644,11,32065772,32830422,TRUE,200,1845,9.44694e-05,0.000317764,0.245849,1.61825e-06,FALSE,NA,NA,NA,NA,NA,NA,2,NA
1645,11,32830423,33905327,TRUE,230,2282,3.24219e-05,0.000240199,0.40395,0.000264456,FALSE,NA,NA,NA,NA,NA,NA,2,NA
1646,11,33905328,34672697,TRUE,297,1777,0.000480743,0.000111058,0.00426053,0.0698657,FALSE,NA,NA,NA,NA,NA,NA,2,NA
1647,11,34672698,35500367,TRUE,226,2290,0.000154513,0.0002162,0.15186,0.000713173,FALSE,NA,NA,NA,NA,NA,NA,2,NA
1648,11,35500368,36331189,TRUE,319,1821,NA,5.4294e-05,NA,0.229567,FALSE,NA,NA,NA,NA,NA,NA,1,"MDD_noUKB"
1649,11,36331190,37119024,TRUE,239,1958,9.49757e-05,0.00016036,0.264228,0.0109709,FALSE,NA,NA,NA,NA,NA,NA,2,NA
1650,11,37119025,37953086,TRUE,194,2066,NA,8.42576e-05,NA,0.0764484,FALSE,NA,NA,NA,NA,NA,NA,1,"MDD_noUKB"
1651,11,37953087,39329140,TRUE,196,2574,5.8497e-05,0.000246875,0.329213,9.03367e-05,FALSE,NA,NA,NA,NA,NA,NA,2,NA
1652,11,39329141,40362940,TRUE,273,2128,0.000412902,0.000124148,0.00913297,0.0439892,TRUE,0.339226,0.339226,FALSE,-0.6632,1,0.391398,2,NA
1653,11,40362941,41603195,TRUE,286,2719,NA,0.00033558,NA,9.85182e-06,FALSE,NA,NA,NA,NA,NA,NA,1,"MDD_noUKB"
1654,11,41603196,42858197,TRUE,232,3539,0.000149749,9.43195e-05,0.162547,0.0751429,FALSE,NA,NA,NA,NA,NA,NA,2,NA
1655,11,42858198,43949377,TRUE,250,2846,0.000359825,0.000280027,0.0150049,5.9168e-05,TRUE,0.0606483,0.0606483,FALSE,-0.69599,0.68607,0.832238,2,NA
1656,11,43949378,45019559,TRUE,522,2715,0.000227021,0.000357204,0.159881,0.000210666,FALSE,NA,NA,NA,NA,NA,NA,2,NA
1657,11,45019560,46316005,TRUE,345,2612,0.000561639,0.00067957,0.00224515,9.97793e-14,TRUE,0.232389,0.232389,FALSE,-0.16884,0.65982,0.221471,2,NA
1658,11,46316006,48066366,TRUE,180,2092,0.000313133,0.000361702,0.0145491,4.31763e-08,TRUE,0.251738,0.251738,FALSE,-0.31744,0.89362,0.323383,2,NA
1659,11,48066367,48765366,TRUE,50,1591,0.000151847,0.000220288,0.0249249,1.86102e-08,TRUE,-0.114127,-0.114127,FALSE,-1,0.52746,0.703164,2,NA
1660,11,48765367,49386071,TRUE,42,1408,0.000135975,0.000114782,0.0277739,0.000252006,TRUE,-0.182556,-0.182556,FALSE,-1,0.61244,0.612636,2,NA
1661,11,49386072,50217008,TRUE,33,1913,7.14709e-05,1.72604e-05,0.116169,0.219892,FALSE,NA,NA,NA,NA,NA,NA,2,NA
1662,11,50217009,51098366,TRUE,27,1824,3.26279e-05,8.49243e-06,0.247464,0.318793,FALSE,NA,NA,NA,NA,NA,NA,2,NA
1663,11,51098367,51581595,FALSE,NA,NA,NA,NA,NA,NA,FALSE,NA,NA,NA,NA,NA,NA,NA,NA
1664,11,51581596,55477633,TRUE,39,2120,8.51434e-05,7.80667e-05,0.0945345,0.00494603,FALSE,NA,NA,NA,NA,NA,NA,2,NA
1665,11,55477634,55947452,TRUE,29,2140,2.34584e-05,6.77376e-05,0.305636,0.00480002,FALSE,NA,NA,NA,NA,NA,NA,2,NA
1666,11,55947453,56623494,TRUE,61,1940,7.21735e-05,3.62845e-05,0.179569,0.130377,FALSE,NA,NA,NA,NA,NA,NA,2,NA
1667,11,56623495,57675986,TRUE,219,1933,NA,0.000266145,NA,5.3489e-05,FALSE,NA,NA,NA,NA,NA,NA,1,"MDD_noUKB"
1668,11,57675987,58452708,TRUE,93,1878,1.41669e-05,6.89934e-05,0.422679,0.0479522,FALSE,NA,NA,NA,NA,NA,NA,2,NA
1669,11,58452709,59256232,TRUE,142,1803,0.000150394,0.000126257,0.106928,0.00939425,FALSE,NA,NA,NA,NA,NA,NA,2,NA
1670,11,59256233,60515105,TRUE,270,2341,5.65753e-07,0.000358997,0.48719,1.95727e-06,FALSE,NA,NA,NA,NA,NA,NA,2,NA
1671,11,60515106,61717117,TRUE,338,1811,NA,0.000516305,NA,3.39017e-09,FALSE,NA,NA,NA,NA,NA,NA,1,"MDD_noUKB"
1672,11,61717118,62800368,TRUE,304,1959,0.000368023,0.000427092,0.0210737,1.23042e-07,TRUE,0.255995,0.255995,FALSE,-0.33273,0.95162,0.321731,2,NA
1673,11,62800369,64594822,TRUE,368,2697,0.000212907,0.000627512,0.134779,9.72073e-12,FALSE,NA,NA,NA,NA,NA,NA,2,NA
1674,11,64594823,66782661,TRUE,386,2993,0.000575331,0.000722051,0.00286614,6.60303e-14,TRUE,-0.105924,-0.105924,FALSE,-0.59732,0.27903,0.577524,2,NA
1675,11,66782662,68000949,TRUE,253,1785,0.000147933,0.000190889,0.177054,0.00455393,FALSE,NA,NA,NA,NA,NA,NA,2,NA
1676,11,68000950,68887344,TRUE,203,1734,NA,0.000195381,NA,0.00138729,FALSE,NA,NA,NA,NA,NA,NA,1,"MDD_noUKB"
1677,11,68887345,69713996,TRUE,324,1952,NA,0.000323035,NA,4.25813e-05,FALSE,NA,NA,NA,NA,NA,NA,1,"MDD_noUKB"
1678,11,69713997,71242834,TRUE,509,3733,0.000320824,0.000420897,0.0856636,1.90806e-05,FALSE,NA,NA,NA,NA,NA,NA,2,NA
1679,11,71242835,72875068,TRUE,304,3063,0.000620112,0.00034074,0.000534698,1.66392e-05,TRUE,-0.269034,-0.269034,FALSE,-0.90432,0.17132,0.234814,2,NA
1680,11,72875069,74399331,TRUE,296,2878,0.000537579,0.000160964,0.00175944,0.0169766,TRUE,-0.179604,-0.179604,FALSE,-1,0.51743,0.578564,2,NA
1681,11,74399332,75445253,TRUE,297,1883,0.000322647,0.000384278,0.0351879,1.02101e-06,TRUE,0.313377,0.313377,FALSE,-0.30913,1,0.268964,2,NA
1682,11,75445254,76518906,TRUE,353,2168,NA,0.000373272,NA,7.93769e-06,FALSE,NA,NA,NA,NA,NA,NA,1,"MDD_noUKB"
1683,11,76518907,77719870,TRUE,215,2259,9.77689e-06,NA,0.460992,NA,FALSE,NA,NA,NA,NA,NA,NA,1,"BIP_noUKB"
1684,11,77719871,78912252,TRUE,400,2308,0.000252001,0.000461587,0.106814,3.92359e-07,FALSE,NA,NA,NA,NA,NA,NA,2,NA
1685,11,78912253,79802286,TRUE,379,2083,NA,0.000476478,NA,1.35112e-07,FALSE,NA,NA,NA,NA,NA,NA,1,"MDD_noUKB"
1686,11,79802287,80726012,TRUE,351,2264,NA,0.000401745,NA,1.79686e-06,FALSE,NA,NA,NA,NA,NA,NA,1,"MDD_noUKB"
1687,11,80726013,81658298,TRUE,292,2830,7.48093e-05,0.000411347,0.322902,2.12257e-07,FALSE,NA,NA,NA,NA,NA,NA,2,NA
1688,11,81658299,82833181,TRUE,269,3023,0.000347608,0.000364974,0.021102,1.13484e-06,TRUE,0.144069,0.144069,FALSE,-0.5133,0.78666,0.592902,2,NA
1689,11,82833182,83677773,TRUE,205,1804,0.000357732,0.000178744,0.00936521,0.00283776,TRUE,-0.374391,-0.374391,FALSE,-1,0.26536,0.24618,2,NA
1690,11,83677774,84613229,TRUE,250,2011,0.000302848,0.000282632,0.032976,7.08971e-05,TRUE,-0.0321052,-0.0321052,FALSE,-0.96759,0.66171,0.917597,2,NA
1691,11,84613230,85869059,TRUE,192,2511,0.000188615,0.000430138,0.0908384,7.69435e-10,FALSE,NA,NA,NA,NA,NA,NA,2,NA
1692,11,85869060,86629333,TRUE,237,2024,0.000352652,0.000312121,0.014479,6.7008e-06,TRUE,-0.356911,-0.356911,FALSE,-1,0.19282,0.190169,2,NA
1693,11,86629334,87676870,TRUE,292,3303,0.0001497,0.000164441,0.188704,0.0129506,FALSE,NA,NA,NA,NA,NA,NA,2,NA
1694,11,87676871,88359287,TRUE,197,1819,NA,0.000142219,NA,0.0102625,FALSE,NA,NA,NA,NA,NA,NA,1,"MDD_noUKB"
1695,11,88359288,89209738,TRUE,97,1806,0.000199441,0.000236239,0.028635,1.09145e-06,TRUE,-0.405617,-0.405617,FALSE,-1,0.18275,0.178905,2,NA
1696,11,89209739,90199932,TRUE,112,1510,NA,9.69345e-05,NA,0.0186254,FALSE,NA,NA,NA,NA,NA,NA,1,"MDD_noUKB"
1697,11,90199933,90967061,TRUE,129,1872,0.000111886,0.000219331,0.160992,2.54091e-05,FALSE,NA,NA,NA,NA,NA,NA,2,NA
1698,11,90967062,92209168,TRUE,260,2810,0.000133165,7.74293e-05,0.202032,0.127654,FALSE,NA,NA,NA,NA,NA,NA,2,NA
1699,11,92209169,93576641,TRUE,320,2669,0.000254762,7.52043e-05,0.0807382,0.157768,FALSE,NA,NA,NA,NA,NA,NA,2,NA
1700,11,93576642,94384535,TRUE,182,1911,0.000196178,0.000230753,0.0781937,0.000128822,FALSE,NA,NA,NA,NA,NA,NA,2,NA
1701,11,94384536,95327210,TRUE,329,1896,0.000401894,0.000423796,0.0181607,3.40952e-07,TRUE,-0.0129447,-0.0129447,FALSE,-0.70249,0.54952,0.959841,2,NA
1702,11,95327211,96150134,TRUE,311,1953,0.000385443,7.38014e-05,0.0183966,0.158621,FALSE,NA,NA,NA,NA,NA,NA,2,NA
1703,11,96150135,97091671,TRUE,246,1876,NA,0.000131066,NA,0.027373,FALSE,NA,NA,NA,NA,NA,NA,1,"MDD_noUKB"
1704,11,97091672,98145570,TRUE,321,2927,NA,0.000277064,NA,0.000348723,FALSE,NA,NA,NA,NA,NA,NA,1,"MDD_noUKB"
1705,11,98145571,98929380,TRUE,212,2535,9.44669e-05,0.000125647,0.251834,0.0241078,FALSE,NA,NA,NA,NA,NA,NA,2,NA
1706,11,98929381,99619347,TRUE,208,2443,0.000200388,0.000288353,0.0860747,1.26273e-05,FALSE,NA,NA,NA,NA,NA,NA,2,NA
1707,11,99619348,100423901,TRUE,277,1958,NA,0.000152751,NA,0.0165078,FALSE,NA,NA,NA,NA,NA,NA,1,"MDD_noUKB"
1708,11,100423902,101152831,TRUE,220,2254,NA,0.000142577,NA,0.0146773,FALSE,NA,NA,NA,NA,NA,NA,1,"MDD_noUKB"
1709,11,101152832,101881252,TRUE,176,2024,4.55929e-05,0.00024861,0.353743,3.48935e-05,FALSE,NA,NA,NA,NA,NA,NA,2,NA
1710,11,101881253,102671665,TRUE,287,1835,0.000144315,0.000174936,0.194447,0.00858283,FALSE,NA,NA,NA,NA,NA,NA,2,NA
1711,11,102671666,103495635,TRUE,199,2523,0.000310973,2.104e-05,0.0183684,0.348971,FALSE,NA,NA,NA,NA,NA,NA,2,NA
1712,11,103495636,104875270,TRUE,236,2964,9.88062e-05,0.000105136,0.253949,0.0538271,FALSE,NA,NA,NA,NA,NA,NA,2,NA
1713,11,104875271,105932282,TRUE,142,1969,6.10666e-05,9.14689e-05,0.29378,0.0372831,FALSE,NA,NA,NA,NA,NA,NA,2,NA
1714,11,105932283,107054024,TRUE,272,2308,0.000381896,0.000261344,0.0136081,0.000238052,TRUE,0.213797,0.213797,FALSE,-0.50373,0.96319,0.468739,2,NA
1715,11,107054025,107846824,TRUE,193,2303,NA,0.000329236,NA,4.24585e-07,FALSE,NA,NA,NA,NA,NA,NA,1,"MDD_noUKB"
1716,11,107846825,109891837,TRUE,377,3053,9.87574e-05,0.000585055,0.299928,2.06891e-10,FALSE,NA,NA,NA,NA,NA,NA,2,NA
1717,11,109891838,111117780,TRUE,311,2587,0.000415885,0.000199606,0.0120665,0.00480049,TRUE,-0.112825,-0.112825,FALSE,-1,0.60171,0.733135,2,NA
1718,11,111117781,112755446,TRUE,355,2796,0.000156739,0.000591174,0.202086,6.60682e-11,FALSE,NA,NA,NA,NA,NA,NA,2,NA
1719,11,112755447,113889019,TRUE,306,2506,0.000161141,0.000363667,0.181633,4.41589e-06,FALSE,NA,NA,NA,NA,NA,NA,2,NA
1720,11,113889020,114742317,TRUE,302,1827,9.49332e-05,0.000166373,0.285891,0.0133755,FALSE,NA,NA,NA,NA,NA,NA,2,NA
1721,11,114742318,116247377,TRUE,507,3017,0.000438937,0.00031867,0.0291017,0.000760211,TRUE,0.505835,0.505835,FALSE,-0.12545,1,0.114553,2,NA
1722,11,116247378,117295641,TRUE,363,2793,0.000271549,0.000409586,0.0798793,1.35929e-06,FALSE,NA,NA,NA,NA,NA,NA,2,NA
1723,11,117295642,118901213,TRUE,574,3630,0.000239691,0.000184259,0.161056,0.0378563,FALSE,NA,NA,NA,NA,NA,NA,2,NA
1724,11,118901214,120064528,TRUE,397,2326,0.000291668,0.00055403,0.0747879,1.77118e-09,FALSE,NA,NA,NA,NA,NA,NA,2,NA
1725,11,120064529,121208186,TRUE,403,2276,NA,0.000306249,NA,0.000306338,FALSE,NA,NA,NA,NA,NA,NA,1,"MDD_noUKB"
1726,11,121208187,122589224,TRUE,407,2668,NA,0.000303126,NA,0.000357626,FALSE,NA,NA,NA,NA,NA,NA,1,"MDD_noUKB"
1727,11,122589225,123398882,TRUE,386,2098,0.000561095,0.000141333,0.00341127,0.0461815,TRUE,-0.357365,-0.357365,FALSE,-1,0.38602,0.332803,2,NA
1728,11,123398883,124403477,TRUE,251,2908,NA,0.000143745,NA,0.0188028,FALSE,NA,NA,NA,NA,NA,NA,1,"MDD_noUKB"
1729,11,124403478,125266684,TRUE,386,1884,NA,0.000321241,NA,0.000130576,FALSE,NA,NA,NA,NA,NA,NA,1,"MDD_noUKB"
1730,11,125266685,126304240,TRUE,324,2571,NA,0.000575801,NA,2.46844e-11,FALSE,NA,NA,NA,NA,NA,NA,1,"MDD_noUKB"
1731,11,126304241,127306871,TRUE,422,2615,0.000117048,0.000407802,0.279473,7.61919e-06,FALSE,NA,NA,NA,NA,NA,NA,2,NA
1732,11,127306872,128262550,TRUE,285,2284,0.00037343,0.000436287,0.0170161,2.74092e-08,TRUE,-0.155447,-0.155447,FALSE,-0.88139,0.35204,0.532487,2,NA
1733,11,128262551,129451784,TRUE,459,2559,0.000108741,0.000120568,0.300971,0.0915322,FALSE,NA,NA,NA,NA,NA,NA,2,NA
1734,11,129451785,130500783,TRUE,404,2418,0.000347272,0.000235728,0.0465805,0.0044175,TRUE,0.110878,0.110878,FALSE,-1,1,0.7671,2,NA
1735,11,130500784,131424361,TRUE,456,2202,NA,0.00038613,NA,3.03757e-05,FALSE,NA,NA,NA,NA,NA,NA,1,"MDD_noUKB"
1736,11,131424362,132584401,TRUE,514,2784,0.000445377,0.000426127,0.0280547,1.58337e-05,TRUE,0.135607,0.135607,FALSE,-0.56549,0.81073,0.630452,2,NA
1737,11,132584402,133521642,TRUE,500,2385,NA,0.000461075,NA,3.04299e-06,FALSE,NA,NA,NA,NA,NA,NA,1,"MDD_noUKB"
1738,11,133521643,134351064,TRUE,408,1848,0.00047298,0.000594229,0.0122879,3.35301e-10,TRUE,-0.0601044,-0.0601044,FALSE,-0.67055,0.40352,0.788352,2,NA
1739,11,134351065,134946450,TRUE,305,2348,0.00044435,0.000141259,0.00774418,0.0287782,TRUE,0.184781,0.184781,FALSE,-0.85988,1,0.617454,2,NA
1740,12,60317,1078397,TRUE,352,2077,NA,0.000463977,NA,1.03132e-07,FALSE,NA,NA,NA,NA,NA,NA,1,"MDD_noUKB"
1741,12,1078398,1942426,TRUE,345,2272,0.000225524,1.99079e-05,0.115239,0.390407,FALSE,NA,NA,NA,NA,NA,NA,2,NA
1742,12,1942427,3069506,TRUE,445,2460,NA,0.000442894,NA,2.09114e-06,FALSE,NA,NA,NA,NA,NA,NA,1,"MDD_noUKB"
1743,12,3069507,3871114,TRUE,434,2276,NA,0.000495368,NA,1.49774e-07,FALSE,NA,NA,NA,NA,NA,NA,1,"MDD_noUKB"
1744,12,3871115,4967643,TRUE,466,2319,0.000315697,0.000249273,0.0746356,0.00371435,FALSE,NA,NA,NA,NA,NA,NA,2,NA
1745,12,4967644,6023700,TRUE,446,2427,5.28969e-05,0.000324677,0.393026,0.000261284,FALSE,NA,NA,NA,NA,NA,NA,2,NA
1746,12,6023701,6948954,TRUE,352,1993,0.000356042,0.000175697,0.0335386,0.0155561,TRUE,-0.728985,-0.728985,FALSE,-1,0.04287,0.0649165,2,NA
1747,12,6948955,8123317,TRUE,342,2410,NA,0.000404778,NA,1.02094e-06,FALSE,NA,NA,NA,NA,NA,NA,1,"MDD_noUKB"
1748,12,8123318,8760628,FALSE,NA,NA,NA,NA,NA,NA,FALSE,NA,NA,NA,NA,NA,NA,NA,NA
1749,12,8760629,10176713,TRUE,391,2966,0.000349386,0.000287924,0.0424815,0.000521128,TRUE,0.0745724,0.0745724,FALSE,-0.90061,0.90243,0.823193,2,NA
1750,12,10176714,10946140,TRUE,203,1789,5.77284e-05,0.000177167,0.332444,0.00256045,FALSE,NA,NA,NA,NA,NA,NA,2,NA
1751,12,10946141,11742149,TRUE,143,1927,0.000752262,0.000143876,2.11361e-07,0.00636982,TRUE,0.0143273,0.0143273,FALSE,-0.60779,0.54538,0.954255,2,NA
1752,12,11742150,12721874,TRUE,377,2142,NA,0.000280555,NA,0.000685884,FALSE,NA,NA,NA,NA,NA,NA,1,"MDD_noUKB"
1753,12,12721875,13559527,TRUE,332,1695,6.79553e-05,0.000161813,0.346395,0.0199288,FALSE,NA,NA,NA,NA,NA,NA,2,NA
1754,12,13559528,14656849,TRUE,365,2744,NA,0.000398431,NA,2.9622e-06,FALSE,NA,NA,NA,NA,NA,NA,1,"MDD_noUKB"
1755,12,14656850,16136742,TRUE,348,2296,NA,0.000358294,NA,1.35381e-05,FALSE,NA,NA,NA,NA,NA,NA,1,"MDD_noUKB"
1756,12,16136743,17374895,TRUE,325,1958,NA,5.13918e-05,NA,0.241364,FALSE,NA,NA,NA,NA,NA,NA,1,"MDD_noUKB"
1757,12,17374896,18470023,TRUE,239,2721,0.000247333,0.000288945,0.0591621,2.43898e-05,FALSE,NA,NA,NA,NA,NA,NA,2,NA
1758,12,18470024,19532765,TRUE,289,2507,0.000229807,0.00044577,0.0919514,2.86124e-08,FALSE,NA,NA,NA,NA,NA,NA,2,NA
1759,12,19532766,20074930,TRUE,182,2013,NA,0.000230547,NA,0.000130755,FALSE,NA,NA,NA,NA,NA,NA,1,"MDD_noUKB"
1760,12,20074931,20866285,TRUE,321,1982,NA,0.000168698,NA,0.0155546,FALSE,NA,NA,NA,NA,NA,NA,1,"MDD_noUKB"
1761,12,20866286,21572252,FALSE,NA,NA,NA,NA,NA,NA,FALSE,NA,NA,NA,NA,NA,NA,NA,NA
1762,12,21572253,22928055,TRUE,332,2555,0.000298947,0.000261312,0.054952,0.00078663,FALSE,NA,NA,NA,NA,NA,NA,2,NA
1763,12,22928056,23923798,TRUE,370,1926,1.58228e-06,0.00044722,0.48694,2.65498e-07,FALSE,NA,NA,NA,NA,NA,NA,2,NA
1764,12,23923799,25058714,TRUE,465,2788,0.000431,0.000344495,0.0259599,0.000161079,TRUE,0.381706,0.381706,FALSE,-0.26292,1,0.204379,2,NA
1765,12,25058715,25990813,TRUE,331,2501,0.000147254,0.000165002,0.206465,0.0179192,FALSE,NA,NA,NA,NA,NA,NA,2,NA
1766,12,25990814,26958056,TRUE,313,2650,3.79534e-05,0.0004656,0.404964,1.27557e-08,FALSE,NA,NA,NA,NA,NA,NA,2,NA
1767,12,26958057,27797262,TRUE,201,2116,NA,0.000193607,NA,0.00121015,FALSE,NA,NA,NA,NA,NA,NA,1,"MDD_noUKB"
1768,12,27797263,28753585,TRUE,263,2128,0.000223685,0.000153456,0.0890157,0.0154729,FALSE,NA,NA,NA,NA,NA,NA,2,NA
1769,12,28753586,29647193,TRUE,184,2448,NA,8.82668e-05,NA,0.0635066,FALSE,NA,NA,NA,NA,NA,NA,1,"MDD_noUKB"
1770,12,29647194,30358377,TRUE,287,2211,NA,0.000278188,NA,0.000139555,FALSE,NA,NA,NA,NA,NA,NA,1,"MDD_noUKB"
1771,12,30358378,31067298,TRUE,174,2330,0.000274658,0.000183563,0.0240077,0.00126413,TRUE,0.249361,0.249361,FALSE,-0.59224,1,0.46249,2,NA
1772,12,31067299,31797152,TRUE,197,1788,NA,0.000148984,NA,0.00957864,FALSE,NA,NA,NA,NA,NA,NA,1,"MDD_noUKB"
1773,12,31797153,32368905,TRUE,236,1973,0.000513591,9.81938e-05,0.000997598,0.0660377,FALSE,NA,NA,NA,NA,NA,NA,2,NA
1774,12,32368906,33076722,TRUE,209,2157,0.000178469,0.000261697,0.110844,4.90091e-05,FALSE,NA,NA,NA,NA,NA,NA,2,NA
1775,12,33076723,34340495,TRUE,113,3249,0.000118242,0.000207038,0.13405,3.15245e-05,FALSE,NA,NA,NA,NA,NA,NA,2,NA
1776,12,34340496,38108284,TRUE,38,1559,0.000141156,7.35034e-05,0.0215163,0.0100477,TRUE,0.795647,0.795647,FALSE,0.03068,1,0.0606815,2,NA
1777,12,38108285,38746760,TRUE,46,1652,0.000268181,NA,0.000607126,NA,FALSE,NA,NA,NA,NA,NA,NA,1,"BIP_noUKB"
1778,12,38746761,40017396,TRUE,135,2372,0.000102946,0.00020075,0.184689,0.000158972,FALSE,NA,NA,NA,NA,NA,NA,2,NA
1779,12,40017397,41198229,TRUE,221,3031,0.000282158,0.000265691,0.0335808,4.89856e-05,TRUE,0.196908,0.196908,FALSE,-0.56799,1,0.525985,2,NA
1780,12,41198230,42117736,TRUE,159,2386,NA,0.000282082,NA,2.19781e-06,FALSE,NA,NA,NA,NA,NA,NA,1,"MDD_noUKB"
1781,12,42117737,43072679,TRUE,184,2049,3.10907e-05,5.22027e-05,0.396494,0.176095,FALSE,NA,NA,NA,NA,NA,NA,2,NA
1782,12,43072680,43980531,TRUE,208,2416,0.000255013,6.90076e-05,0.0433434,0.128352,FALSE,NA,NA,NA,NA,NA,NA,2,NA
1783,12,43980532,44923825,TRUE,161,1813,0.000314062,0.000261859,0.0102686,8.86418e-06,TRUE,0.0217466,0.0217466,FALSE,-0.70438,0.61512,0.936592,2,NA
1784,12,44923826,46037744,TRUE,207,2112,0.000220591,4.57132e-05,0.0696928,0.220642,FALSE,NA,NA,NA,NA,NA,NA,2,NA
1785,12,46037745,47499603,TRUE,284,2491,0.000301586,0.000280471,0.041803,0.000182247,TRUE,-0.481479,-0.481479,FALSE,-1,0.16244,0.140343,2,NA
1786,12,47499604,48227035,TRUE,270,2044,0.000230553,0.000350691,0.0837077,2.56651e-06,FALSE,NA,NA,NA,NA,NA,NA,2,NA
1787,12,48227036,48960265,TRUE,149,1862,0.000125706,3.93825e-05,0.150989,0.212345,FALSE,NA,NA,NA,NA,NA,NA,2,NA
1788,12,48960266,50344346,TRUE,265,2130,0.000344045,0.000248621,0.0218269,0.000437818,TRUE,-0.258932,-0.258932,FALSE,-1,0.38587,0.410252,2,NA
1789,12,50344347,51769419,TRUE,164,2309,1.09091e-05,4.60526e-05,0.451655,0.190204,FALSE,NA,NA,NA,NA,NA,NA,2,NA
1790,12,51769420,53039987,TRUE,451,3157,0.000279685,0.000423853,0.0964126,5.46577e-06,FALSE,NA,NA,NA,NA,NA,NA,2,NA
1791,12,53039988,54371448,TRUE,343,2779,0.000267037,0.000474398,0.0781319,2.97082e-08,FALSE,NA,NA,NA,NA,NA,NA,2,NA
1792,12,54371449,55416802,TRUE,336,2027,0.000105813,0.000358622,0.276612,1.35314e-05,FALSE,NA,NA,NA,NA,NA,NA,2,NA
1793,12,55416803,56987105,TRUE,296,2242,0.00027796,0.000243129,0.0575755,0.000880771,FALSE,NA,NA,NA,NA,NA,NA,2,NA
1794,12,56987106,58748139,TRUE,313,2520,NA,0.000333236,NA,1.97384e-05,FALSE,NA,NA,NA,NA,NA,NA,1,"MDD_noUKB"
1795,12,58748140,60000363,TRUE,246,2775,6.00764e-05,0.000122483,0.341988,0.0364749,FALSE,NA,NA,NA,NA,NA,NA,2,NA
1796,12,60000364,61737953,TRUE,210,3674,NA,0.000231427,NA,0.000573711,FALSE,NA,NA,NA,NA,NA,NA,1,"MDD_noUKB"
1797,12,61737954,63055936,TRUE,287,2875,0.000103239,0.000216092,0.265253,0.00200313,FALSE,NA,NA,NA,NA,NA,NA,2,NA
1798,12,63055937,63764111,TRUE,243,1742,4.08399e-05,NA,0.385776,NA,FALSE,NA,NA,NA,NA,NA,NA,1,"BIP_noUKB"
1799,12,63764112,64403857,TRUE,133,1546,6.69788e-05,9.36939e-05,0.271735,0.0321439,FALSE,NA,NA,NA,NA,NA,NA,2,NA
1800,12,64403858,66114643,TRUE,383,2443,0.000121919,0.000426821,0.262443,1.249e-06,FALSE,NA,NA,NA,NA,NA,NA,2,NA
1801,12,66114644,67183620,TRUE,301,2059,0.000173824,0.00027422,0.158396,0.00025553,FALSE,NA,NA,NA,NA,NA,NA,2,NA
1802,12,67183621,68006682,TRUE,247,2012,NA,0.000371099,NA,3.52947e-07,FALSE,NA,NA,NA,NA,NA,NA,1,"MDD_noUKB"
1803,12,68006683,68839661,TRUE,263,1848,NA,0.000263319,NA,0.000183667,FALSE,NA,NA,NA,NA,NA,NA,1,"MDD_noUKB"
1804,12,68839662,70097805,TRUE,426,3059,0.000390734,0.000357046,0.0332301,7.985e-05,TRUE,0.0217447,0.0217447,FALSE,-0.88238,0.72222,0.942839,2,NA
1805,12,70097806,71177961,TRUE,264,2935,0.000418726,0.000343446,0.00746139,3.28729e-06,TRUE,0.154964,0.154964,FALSE,-0.42848,0.72646,0.541209,2,NA
1806,12,71177962,71948185,TRUE,185,1863,1.48664e-05,0.000216689,0.442983,0.000305657,FALSE,NA,NA,NA,NA,NA,NA,2,NA
1807,12,71948186,73154515,TRUE,228,2014,0.000400468,0.000243936,0.00665899,0.000315842,TRUE,0.47889,0.47889,FALSE,-0.09223,1,0.0930726,2,NA
1808,12,73154516,74080747,TRUE,140,2256,0.000117733,7.06073e-05,0.158538,0.0795318,FALSE,NA,NA,NA,NA,NA,NA,2,NA
1809,12,74080748,75563968,TRUE,212,3143,4.87741e-06,0.000134046,0.473713,0.016898,FALSE,NA,NA,NA,NA,NA,NA,2,NA
1810,12,75563969,76524573,TRUE,302,1955,0.000346694,0.000272197,0.0271778,0.000230829,TRUE,0.549226,0.549226,FALSE,-0.0688,1,0.0782688,2,NA
1811,12,76524574,77800463,TRUE,348,2959,NA,0.000543532,NA,1.63023e-09,FALSE,NA,NA,NA,NA,NA,NA,1,"MDD_noUKB"
1812,12,77800464,79315178,TRUE,465,3353,0.000285294,0.000388889,0.0956906,3.52064e-05,FALSE,NA,NA,NA,NA,NA,NA,2,NA
1813,12,79315179,80952472,TRUE,253,2417,NA,0.000308686,NA,1.91889e-05,FALSE,NA,NA,NA,NA,NA,NA,1,"MDD_noUKB"
1814,12,80952473,81843890,TRUE,163,1861,NA,0.000124103,NA,0.0131428,FALSE,NA,NA,NA,NA,NA,NA,1,"MDD_noUKB"
1815,12,81843891,82576129,TRUE,142,1829,4.5653e-05,0.000178919,0.338086,0.000613577,FALSE,NA,NA,NA,NA,NA,NA,2,NA
1816,12,82576130,83551125,TRUE,198,1876,5.62737e-05,0.00024537,0.334403,0.000104047,FALSE,NA,NA,NA,NA,NA,NA,2,NA
1817,12,83551126,84356775,TRUE,108,2306,NA,0.000264036,NA,5.58863e-07,FALSE,NA,NA,NA,NA,NA,NA,1,"MDD_noUKB"
1818,12,84356776,85345631,TRUE,141,2148,NA,1.62736e-05,NA,0.356683,FALSE,NA,NA,NA,NA,NA,NA,1,"MDD_noUKB"
1819,12,85345632,86933476,TRUE,167,3092,0.000317549,0.000147624,0.0109402,0.00533275,TRUE,0.196228,0.196228,FALSE,-0.68496,1,0.56584,2,NA
1820,12,86933477,88344764,TRUE,165,3115,NA,0.000162653,NA,0.00267686,FALSE,NA,NA,NA,NA,NA,NA,1,"MDD_noUKB"
1821,12,88344765,90567001,TRUE,331,3122,0.00047018,0.000162363,0.00714907,0.0202666,TRUE,0.00309234,0.00309234,FALSE,-1,0.82552,0.993028,2,NA
1822,12,90567002,92061179,TRUE,279,2996,0.000207199,0.000232188,0.109554,0.000886457,FALSE,NA,NA,NA,NA,NA,NA,2,NA
1823,12,92061180,93487547,TRUE,394,3220,NA,0.000397703,NA,5.94745e-06,FALSE,NA,NA,NA,NA,NA,NA,1,"MDD_noUKB"
1824,12,93487548,94385884,TRUE,315,1919,0.000283004,0.000157316,0.0594219,0.0207366,FALSE,NA,NA,NA,NA,NA,NA,2,NA
1825,12,94385885,95147845,TRUE,375,2081,0.000379204,0.000477144,0.0288354,7.17394e-08,TRUE,-0.523936,-0.523936,FALSE,-1,-0.02323,0.0449455,2,NA
1826,12,95147846,96017782,TRUE,239,2725,0.000146555,0.000131683,0.169749,0.0237325,FALSE,NA,NA,NA,NA,NA,NA,2,NA
1827,12,96017783,96828314,TRUE,303,1995,0.000195967,0.00032943,0.131454,1.9378e-05,FALSE,NA,NA,NA,NA,NA,NA,2,NA
1828,12,96828315,97814021,TRUE,274,2535,0.000244704,8.95969e-05,0.073893,0.0979471,FALSE,NA,NA,NA,NA,NA,NA,2,NA
1829,12,97814022,99244337,TRUE,421,2927,0.000506275,0.000347909,0.00907265,8.05025e-05,TRUE,-0.120183,-0.120183,FALSE,-0.94049,0.42619,0.65482,2,NA
1830,12,99244338,100931423,TRUE,381,3105,1.39565e-05,0.000761217,0.461981,3.97172e-15,FALSE,NA,NA,NA,NA,NA,NA,2,NA
1831,12,100931424,101825061,TRUE,296,1990,0.000155313,8.37806e-05,0.184585,0.126465,FALSE,NA,NA,NA,NA,NA,NA,2,NA
1832,12,101825062,102966633,TRUE,305,2457,0.000592758,0.000204952,0.000868503,0.00420758,TRUE,0.678495,0.678495,FALSE,0.15916,1,0.0169532,2,NA
1833,12,102966634,104140831,TRUE,349,2582,NA,0.000123413,NA,0.0605651,FALSE,NA,NA,NA,NA,NA,NA,1,"MDD_noUKB"
1834,12,104140832,105079100,TRUE,318,2771,9.4522e-05,0.000526805,0.291127,4.33013e-10,FALSE,NA,NA,NA,NA,NA,NA,2,NA
1835,12,105079101,106153787,TRUE,289,2638,0.000190226,0.000149657,0.133364,0.0213646,FALSE,NA,NA,NA,NA,NA,NA,2,NA
1836,12,106153788,106964977,TRUE,287,1784,0.000180127,0.000281774,0.144166,0.00013026,FALSE,NA,NA,NA,NA,NA,NA,2,NA
1837,12,106964978,108183188,TRUE,279,2483,0.000206406,0.000410006,0.11074,1.55386e-07,FALSE,NA,NA,NA,NA,NA,NA,2,NA
1838,12,108183189,109031819,TRUE,248,2169,0.000140525,0.000273694,0.183977,8.44628e-05,FALSE,NA,NA,NA,NA,NA,NA,2,NA
1839,12,109031820,110111514,TRUE,264,2203,0.000258912,0.000331676,0.059823,6.10664e-06,FALSE,NA,NA,NA,NA,NA,NA,2,NA
1840,12,110111515,111592381,TRUE,198,1893,8.03506e-05,0.000245937,0.276965,9.2582e-05,FALSE,NA,NA,NA,NA,NA,NA,2,NA
1841,12,111592382,113947983,TRUE,356,3134,0.000423094,0.000287847,0.016129,0.000386808,TRUE,0.374907,0.374907,FALSE,-0.27458,1,0.210615,2,NA
1842,12,113947984,114685670,TRUE,276,2255,NA,0.000183548,NA,0.0062783,FALSE,NA,NA,NA,NA,NA,NA,1,"MDD_noUKB"
1843,12,114685671,115439451,TRUE,293,1905,7.17138e-05,0.000242864,0.329098,0.000693599,FALSE,NA,NA,NA,NA,NA,NA,2,NA
1844,12,115439452,116197675,TRUE,357,2037,0.00042636,0.000258711,0.0153664,0.00114762,TRUE,-0.689141,-0.689141,FALSE,-1,-0.09184,0.027212,2,NA
1845,12,116197676,117091843,TRUE,368,2073,0.000605171,0.000464958,0.00154331,1.21228e-07,TRUE,0.252812,0.252812,FALSE,-0.19032,0.71877,0.237747,2,NA
1846,12,117091844,118256124,TRUE,441,2628,0.000226096,0.000190936,0.143589,0.0184794,FALSE,NA,NA,NA,NA,NA,NA,2,NA
1847,12,118256125,119301061,TRUE,308,2384,NA,0.000438543,NA,6.56417e-08,FALSE,NA,NA,NA,NA,NA,NA,1,"MDD_noUKB"
1848,12,119301062,120567740,TRUE,394,2695,0.000336669,0.0003509,0.0487498,4.05256e-05,TRUE,-0.0386165,-0.0386165,FALSE,-0.99716,0.66448,0.902097,2,NA
1849,12,120567741,121817509,TRUE,281,2962,0.000493079,0.000704268,0.00291171,3.57971e-16,TRUE,0.0856236,0.0856236,FALSE,-0.33931,0.49346,0.649986,2,NA
1850,12,121817510,123396634,TRUE,260,2599,0.000243156,0.000241313,0.0715348,0.000546052,FALSE,NA,NA,NA,NA,NA,NA,2,NA
1851,12,123396635,124843768,TRUE,323,2963,0.00049017,0.000347684,0.00514762,1.44702e-05,TRUE,0.0050731,0.0050731,FALSE,-0.64154,0.53431,0.983935,2,NA
1852,12,124843769,126079935,TRUE,593,3078,0.000720904,0.000421254,0.00234152,5.45795e-05,TRUE,-0.286293,-0.286293,FALSE,-1,0.17672,0.233151,2,NA
1853,12,126079936,126871452,TRUE,270,2105,0.00040578,0.000385586,0.00984449,2.85759e-07,TRUE,-0.0531408,-0.0531408,FALSE,-0.72331,0.46369,0.829288,2,NA
1854,12,126871453,127545377,TRUE,233,1879,NA,0.0003183,NA,4.76571e-06,FALSE,NA,NA,NA,NA,NA,NA,1,"MDD_noUKB"
1855,12,127545378,128372588,TRUE,392,2166,0.000199916,0.000214928,0.157365,0.00695851,FALSE,NA,NA,NA,NA,NA,NA,2,NA
1856,12,128372589,129170296,TRUE,424,2168,0.000357896,0.000369117,0.0447851,3.36483e-05,TRUE,0.192535,0.192535,FALSE,-0.5724,1,0.532223,2,NA
1857,12,129170297,129887418,TRUE,462,2273,NA,0.000175397,NA,0.0298928,FALSE,NA,NA,NA,NA,NA,NA,1,"MDD_noUKB"
1858,12,129887419,130629840,TRUE,418,2123,6.10722e-05,0.000176403,0.374559,0.0262652,FALSE,NA,NA,NA,NA,NA,NA,2,NA
1859,12,130629841,131404042,TRUE,421,2363,NA,0.000226664,NA,0.00567944,FALSE,NA,NA,NA,NA,NA,NA,1,"MDD_noUKB"
1860,12,131404043,132012316,TRUE,251,1827,0.000303947,0.000301736,0.0326856,2.37637e-05,TRUE,0.0025815,0.0025815,FALSE,-0.856,0.68097,0.993168,2,NA
1861,12,132012317,132957945,TRUE,330,1883,0.000430104,0.000358059,0.0128192,1.04644e-05,TRUE,-0.413232,-0.413232,FALSE,-1,0.11612,0.120116,2,NA
1862,12,132957946,133841814,TRUE,231,2074,0.000474898,5.16459e-06,0.00206031,0.456016,FALSE,NA,NA,NA,NA,NA,NA,2,NA
1863,13,19020095,19648628,TRUE,106,1080,0.000295873,0.000135093,0.00473056,0.00260564,TRUE,-0.477036,-0.477036,FALSE,-1,0.16103,0.136859,2,NA
1864,13,19648629,20491181,TRUE,143,2545,NA,4.88819e-05,NA,0.161241,FALSE,NA,NA,NA,NA,NA,NA,1,"MDD_noUKB"
1865,13,20491182,21540733,TRUE,336,2468,NA,0.000211122,NA,0.00486368,FALSE,NA,NA,NA,NA,NA,NA,1,"MDD_noUKB"
1866,13,21540734,22795188,TRUE,516,3011,NA,0.000235057,NA,0.00803119,FALSE,NA,NA,NA,NA,NA,NA,1,"MDD_noUKB"
1867,13,22795189,23729049,TRUE,467,3069,0.000234996,7.45916e-05,0.138715,0.199495,FALSE,NA,NA,NA,NA,NA,NA,2,NA
1868,13,23729050,24818333,TRUE,480,3579,NA,0.000204807,NA,0.0143188,FALSE,NA,NA,NA,NA,NA,NA,1,"MDD_noUKB"
1869,13,24818334,25977140,TRUE,346,3094,0.000404141,0.000113873,0.0181442,0.0724562,FALSE,NA,NA,NA,NA,NA,NA,2,NA
1870,13,25977141,26681709,TRUE,211,1851,0.000242232,0.000188592,0.0526094,0.00184862,FALSE,NA,NA,NA,NA,NA,NA,2,NA
1871,13,26681710,27392005,TRUE,202,1879,0.000179188,0.000115787,0.107393,0.0326859,FALSE,NA,NA,NA,NA,NA,NA,2,NA
1872,13,27392006,28587125,TRUE,470,3353,0.000417477,0.000189147,0.0304961,0.0206481,TRUE,0.565453,0.565453,FALSE,-0.28808,1,0.153672,2,NA
1873,13,28587126,30068525,TRUE,454,3293,2.87022e-05,0.000430805,0.437904,4.24059e-06,FALSE,NA,NA,NA,NA,NA,NA,2,NA
1874,13,30068526,31433218,TRUE,512,3530,0.000159694,0.000527317,0.236744,1.71868e-07,FALSE,NA,NA,NA,NA,NA,NA,2,NA
1875,13,31433219,32986686,TRUE,455,3458,NA,0.000386283,NA,2.70256e-05,FALSE,NA,NA,NA,NA,NA,NA,1,"MDD_noUKB"
1876,13,32986687,34722391,TRUE,418,3220,NA,0.000472623,NA,2.84187e-07,FALSE,NA,NA,NA,NA,NA,NA,1,"MDD_noUKB"
1877,13,34722392,35744568,TRUE,270,2088,0.000257167,0.00019447,0.0638296,0.00417675,FALSE,NA,NA,NA,NA,NA,NA,2,NA
1878,13,35744569,36579413,TRUE,247,2043,NA,0.000135999,NA,0.0223686,FALSE,NA,NA,NA,NA,NA,NA,1,"MDD_noUKB"
1879,13,36579414,37499810,TRUE,228,1893,NA,0.000170885,NA,0.00521276,FALSE,NA,NA,NA,NA,NA,NA,1,"MDD_noUKB"
1880,13,37499811,38290689,TRUE,156,2057,0.000266986,8.56431e-05,0.0214238,0.0553834,FALSE,NA,NA,NA,NA,NA,NA,2,NA
1881,13,38290690,39381743,TRUE,240,2163,0.000546727,0.000316541,0.000587963,5.72196e-06,TRUE,0.162981,0.162981,FALSE,-0.33625,0.63084,0.469834,2,NA
1882,13,39381744,40091623,TRUE,192,2179,2.25775e-05,6.83205e-05,0.422071,0.116638,FALSE,NA,NA,NA,NA,NA,NA,2,NA
1883,13,40091624,41003943,TRUE,355,2106,0.000270069,0.000415536,0.0793034,1.01607e-06,FALSE,NA,NA,NA,NA,NA,NA,2,NA
1884,13,41003944,42037054,TRUE,230,1668,0.000139825,0.000328862,0.177558,3.64839e-06,FALSE,NA,NA,NA,NA,NA,NA,2,NA
1885,13,42037055,42950157,TRUE,226,2091,0.00011137,0.000200676,0.225715,0.00201396,FALSE,NA,NA,NA,NA,NA,NA,2,NA
1886,13,42950158,43931931,TRUE,311,2050,0.000281264,0.000105101,0.060357,0.0808112,FALSE,NA,NA,NA,NA,NA,NA,2,NA
1887,13,43931932,45476446,TRUE,383,3021,6.6658e-05,0.000548321,0.359152,2.30996e-09,FALSE,NA,NA,NA,NA,NA,NA,2,NA
1888,13,45476447,46493236,TRUE,269,1962,NA,0.000105053,NA,0.0653878,FALSE,NA,NA,NA,NA,NA,NA,1,"MDD_noUKB"
1889,13,46493237,47433528,TRUE,232,1850,6.88494e-05,0.000163566,0.3173,0.00791726,FALSE,NA,NA,NA,NA,NA,NA,2,NA
1890,13,47433529,48137479,TRUE,214,1923,0.000338474,0.000208596,0.0140399,0.00119949,TRUE,0.218021,0.218021,FALSE,-0.55612,1,0.492166,2,NA
1891,13,48137480,49381727,TRUE,225,2752,0.000361408,0.000196465,0.0118286,0.00221372,TRUE,-0.0879416,-0.0879416,FALSE,-1,0.61679,0.784924,2,NA
1892,13,49381728,50419896,TRUE,237,2186,NA,0.000343989,NA,1.51748e-06,FALSE,NA,NA,NA,NA,NA,NA,1,"MDD_noUKB"
1893,13,50419897,51554236,TRUE,255,2151,NA,0.00037183,NA,6.12324e-07,FALSE,NA,NA,NA,NA,NA,NA,1,"MDD_noUKB"
1894,13,51554237,53336571,TRUE,366,2929,4.81808e-05,0.000316881,0.391858,0.000115333,FALSE,NA,NA,NA,NA,NA,NA,2,NA
1895,13,53336572,54684856,TRUE,327,2931,0.000351717,0.000385279,0.0297244,1.91354e-06,TRUE,0.449447,0.449447,FALSE,-0.13013,1,0.106855,2,NA
1896,13,54684857,55576912,TRUE,177,1935,0.000233738,0.000266233,0.0451667,1.38548e-05,TRUE,-0.170298,-0.170298,FALSE,-1,0.48254,0.591825,2,NA
1897,13,55576913,56434007,TRUE,100,1859,5.66428e-05,4.08663e-05,0.274704,0.15706,FALSE,NA,NA,NA,NA,NA,NA,2,NA
1898,13,56434008,58245843,TRUE,197,2608,0.000181911,0.000117559,0.101149,0.0271376,FALSE,NA,NA,NA,NA,NA,NA,2,NA
1899,13,58245844,59751795,TRUE,207,3150,0.000347837,0.0002275,0.0110247,0.000257409,TRUE,0.68234,0.68234,FALSE,0.13844,1,0.0214152,2,NA
1900,13,59751796,61268155,TRUE,322,3374,0.000645831,0.00019177,0.000420645,0.00704321,TRUE,0.415092,0.415092,FALSE,-0.16693,1,0.143399,2,NA
1901,13,61268156,62135827,TRUE,193,2555,NA,0.000100625,NA,0.0467878,FALSE,NA,NA,NA,NA,NA,NA,1,"MDD_noUKB"
1902,13,62135828,63206535,TRUE,153,2951,NA,0.000114336,NA,0.0177816,FALSE,NA,NA,NA,NA,NA,NA,1,"MDD_noUKB"
1903,13,63206536,63973941,TRUE,142,1825,NA,7.7649e-05,NA,0.0632606,FALSE,NA,NA,NA,NA,NA,NA,1,"MDD_noUKB"
1904,13,63973942,65187138,TRUE,179,3626,0.000147235,0.00016404,0.136538,0.00331951,FALSE,NA,NA,NA,NA,NA,NA,2,NA
1905,13,65187139,66382286,TRUE,215,2122,NA,0.000134608,NA,0.0167107,FALSE,NA,NA,NA,NA,NA,NA,1,"MDD_noUKB"
1906,13,66382287,67718879,TRUE,288,2581,NA,0.000351491,NA,4.94738e-06,FALSE,NA,NA,NA,NA,NA,NA,1,"MDD_noUKB"
1907,13,67718880,69004702,TRUE,255,2464,NA,0.000171067,NA,0.00769937,FALSE,NA,NA,NA,NA,NA,NA,1,"MDD_noUKB"
1908,13,69004703,69751491,TRUE,138,2461,4.42615e-05,7.95412e-05,0.340137,0.0563182,FALSE,NA,NA,NA,NA,NA,NA,2,NA
1909,13,69751492,70427880,TRUE,134,1924,0.000196486,0.000122425,0.0507557,0.00851164,FALSE,NA,NA,NA,NA,NA,NA,2,NA
1910,13,70427881,71010208,TRUE,187,1856,0.000209246,0.000146356,0.0673993,0.007559,FALSE,NA,NA,NA,NA,NA,NA,2,NA
1911,13,71010209,71976862,TRUE,343,2594,NA,0.000258472,NA,0.000893661,FALSE,NA,NA,NA,NA,NA,NA,1,"MDD_noUKB"
1912,13,71976863,73114509,TRUE,337,2250,NA,0.00014682,NA,0.0317718,FALSE,NA,NA,NA,NA,NA,NA,1,"MDD_noUKB"
1913,13,73114510,74437635,TRUE,408,3214,NA,0.000431116,NA,2.14265e-06,FALSE,NA,NA,NA,NA,NA,NA,1,"MDD_noUKB"
1914,13,74437636,75882384,TRUE,442,3416,0.000602543,0.00025356,0.00323917,0.00298953,TRUE,-0.0978481,-0.0978481,FALSE,-0.9562,0.51028,0.735691,2,NA
1915,13,75882385,76671493,TRUE,213,2031,0.000342709,0.000116716,0.0129942,0.0306917,TRUE,0.63447,0.63447,FALSE,-0.14077,1,0.107563,2,NA
1916,13,76671494,77460044,TRUE,263,2006,6.44926e-05,0.000309272,0.336181,1.74134e-05,FALSE,NA,NA,NA,NA,NA,NA,2,NA
1917,13,77460045,78693310,TRUE,193,2653,NA,0.000272205,NA,1.75892e-05,FALSE,NA,NA,NA,NA,NA,NA,1,"MDD_noUKB"
1918,13,78693311,79489045,TRUE,216,1910,NA,0.000143197,NA,0.01347,FALSE,NA,NA,NA,NA,NA,NA,1,"MDD_noUKB"
1919,13,79489046,80778339,TRUE,292,2338,1.78025e-05,0.000241761,0.44765,0.000784286,FALSE,NA,NA,NA,NA,NA,NA,2,NA
1920,13,80778340,81724089,TRUE,194,2212,0.00020063,0.00011187,0.0798861,0.0363226,FALSE,NA,NA,NA,NA,NA,NA,2,NA
1921,13,81724090,82582821,TRUE,169,2087,7.51417e-05,0.000170686,0.27301,0.00180151,FALSE,NA,NA,NA,NA,NA,NA,2,NA
1922,13,82582822,83829835,TRUE,160,2784,NA,0.000189908,NA,0.000481965,FALSE,NA,NA,NA,NA,NA,NA,1,"MDD_noUKB"
1923,13,83829836,85035400,TRUE,245,2509,0.000324722,0.00021141,0.0242024,0.00149903,TRUE,0.0797082,0.0797082,FALSE,-0.84547,0.86266,0.811933,2,NA
1924,13,85035401,85650680,TRUE,118,1874,NA,0.000102066,NA,0.0169886,FALSE,NA,NA,NA,NA,NA,NA,1,"MDD_noUKB"
1925,13,85650681,86321288,TRUE,136,1799,0.000324063,4.05364e-05,0.00533089,0.200843,FALSE,NA,NA,NA,NA,NA,NA,2,NA
1926,13,86321289,87043588,TRUE,105,1987,5.73752e-05,6.27849e-05,0.276693,0.076675,FALSE,NA,NA,NA,NA,NA,NA,2,NA
1927,13,87043589,88029523,TRUE,121,2114,2.84355e-05,5.13427e-05,0.382616,0.130061,FALSE,NA,NA,NA,NA,NA,NA,2,NA
1928,13,88029524,88968400,TRUE,188,1915,NA,0.000211493,NA,0.000409048,FALSE,NA,NA,NA,NA,NA,NA,1,"MDD_noUKB"
1929,13,88968401,89764426,TRUE,98,2002,NA,NA,NA,NA,FALSE,NA,NA,NA,NA,NA,NA,0,"MDD_noUKB,BIP_noUKB"
1930,13,89764427,90518147,TRUE,155,1874,NA,4.79649e-05,NA,0.177832,FALSE,NA,NA,NA,NA,NA,NA,1,"MDD_noUKB"
1931,13,90518148,91764204,TRUE,311,3202,NA,0.000166291,NA,0.0147685,FALSE,NA,NA,NA,NA,NA,NA,1,"MDD_noUKB"
1932,13,91764205,93285142,TRUE,376,3282,0.000280527,7.2085e-05,0.0773165,0.182294,FALSE,NA,NA,NA,NA,NA,NA,2,NA
1933,13,93285143,94925136,TRUE,425,3597,0.00013574,0.000419631,0.250802,3.7797e-06,FALSE,NA,NA,NA,NA,NA,NA,2,NA
1934,13,94925137,96132647,TRUE,482,3469,0.000643631,0.000340778,0.00264025,0.000234923,TRUE,-0.0898567,-0.0898567,FALSE,-0.82066,0.429,0.725629,2,NA
1935,13,96132648,97516609,TRUE,221,2474,NA,0.000135676,NA,0.0182782,FALSE,NA,NA,NA,NA,NA,NA,1,"MDD_noUKB"
1936,13,97516610,98527335,TRUE,250,1829,0.000221083,0.00034134,0.0861625,3.30874e-06,FALSE,NA,NA,NA,NA,NA,NA,2,NA
1937,13,98527336,99402294,TRUE,388,2172,0.000537218,0.000260546,0.00484502,0.00143951,TRUE,-0.133559,-0.133559,FALSE,-1,0.45779,0.642702,2,NA
1938,13,99402295,100470868,TRUE,243,2621,NA,0.000274879,NA,6.97828e-05,FALSE,NA,NA,NA,NA,NA,NA,1,"MDD_noUKB"
1939,13,100470869,101573736,TRUE,343,2190,0.000652846,0.000119384,0.000529764,0.0646197,FALSE,NA,NA,NA,NA,NA,NA,2,NA
1940,13,101573737,103050417,TRUE,513,3498,0.000388182,0.000737489,0.0468176,3.65672e-12,TRUE,0.0521024,0.0521024,FALSE,-0.59195,0.60797,0.83108,2,NA
1941,13,103050418,104378435,TRUE,435,3530,NA,0.000404384,NA,8.53043e-06,FALSE,NA,NA,NA,NA,NA,NA,1,"MDD_noUKB"
1942,13,104378436,105672500,TRUE,401,3019,NA,7.36883e-06,NA,0.455322,FALSE,NA,NA,NA,NA,NA,NA,1,"MDD_noUKB"
1943,13,105672501,106313847,TRUE,243,1684,NA,0.000178133,NA,0.00491033,FALSE,NA,NA,NA,NA,NA,NA,1,"MDD_noUKB"
1944,13,106313848,107037864,TRUE,302,1880,8.83304e-05,0.00024908,0.298853,0.000855449,FALSE,NA,NA,NA,NA,NA,NA,2,NA
1945,13,107037865,108521978,TRUE,612,3423,0.000222668,0.000355696,0.183213,0.000562297,FALSE,NA,NA,NA,NA,NA,NA,2,NA
1946,13,108521979,109156765,TRUE,251,1765,0.00023868,0.000312104,0.0702981,1.03708e-05,FALSE,NA,NA,NA,NA,NA,NA,2,NA
1947,13,109156766,109813576,TRUE,256,1931,NA,0.000274537,NA,7.48573e-05,FALSE,NA,NA,NA,NA,NA,NA,1,"MDD_noUKB"
1948,13,109813577,110995432,TRUE,546,3423,0.000298165,0.000605708,0.102969,1.04615e-08,FALSE,NA,NA,NA,NA,NA,NA,2,NA
1949,13,110995433,111621244,TRUE,350,1881,0.000518648,0.000324565,0.00426938,6.25487e-05,TRUE,0.0135601,0.0135601,FALSE,-0.65029,0.55758,0.957872,2,NA
1950,13,111621245,112319064,TRUE,328,2152,0.000143415,0.000287734,0.211471,0.000211908,FALSE,NA,NA,NA,NA,NA,NA,2,NA
1951,13,112319065,113573118,TRUE,484,2814,0.0001577,0.000164248,0.234416,0.0408779,FALSE,NA,NA,NA,NA,NA,NA,2,NA
1952,13,113573119,114302561,TRUE,296,1740,0.000140008,0.000427912,0.204976,9.36759e-08,FALSE,NA,NA,NA,NA,NA,NA,2,NA
1953,13,114302562,115109851,TRUE,186,1560,0.000228653,0.000107266,0.052714,0.0347345,FALSE,NA,NA,NA,NA,NA,NA,2,NA
1954,14,19000059,20876080,TRUE,209,1548,0.000305717,6.11129e-05,0.0221432,0.157521,FALSE,NA,NA,NA,NA,NA,NA,2,NA
1955,14,20876081,21982654,TRUE,592,2605,NA,0.000194924,NA,0.0295106,FALSE,NA,NA,NA,NA,NA,NA,1,"MDD_noUKB"
1956,14,21982655,22760700,TRUE,280,2796,0.000423583,0.000197552,0.00852854,0.00401117,TRUE,0.100864,0.100864,FALSE,-0.78162,0.85425,0.752867,2,NA
1957,14,22760701,23985936,TRUE,533,2745,0.000230525,0.000276726,0.159284,0.00288494,FALSE,NA,NA,NA,NA,NA,NA,2,NA
1958,14,23985937,24906056,TRUE,308,1795,0.000187849,0.000285708,0.142893,0.000162487,FALSE,NA,NA,NA,NA,NA,NA,2,NA
1959,14,24906057,25585041,TRUE,179,1866,0.000245748,7.45267e-05,0.0384538,0.091817,FALSE,NA,NA,NA,NA,NA,NA,2,NA
1960,14,25585042,26395690,TRUE,217,1791,0.000465311,0.000118344,0.00181409,0.0305452,TRUE,0.313834,0.313834,FALSE,-0.51903,1,0.367838,2,NA
1961,14,26395691,27720240,TRUE,349,2505,NA,0.000198859,NA,0.00704776,FALSE,NA,NA,NA,NA,NA,NA,1,"MDD_noUKB"
1962,14,27720241,29029224,TRUE,275,3263,NA,2.80712e-05,NA,0.33285,FALSE,NA,NA,NA,NA,NA,NA,1,"MDD_noUKB"
1963,14,29029225,30831154,TRUE,465,2949,0.000404361,0.000757478,0.0338657,3.16605e-13,TRUE,0.747319,0.747319,FALSE,0.32855,1,0.00130772,2,NA
1964,14,30831155,32382245,TRUE,280,2790,5.12543e-05,7.17013e-05,0.369849,0.150595,FALSE,NA,NA,NA,NA,NA,NA,2,NA
1965,14,32382246,33591113,TRUE,500,2648,0.000507652,0.000406775,0.014068,2.2828e-05,TRUE,-0.0268111,-0.0268111,FALSE,-0.79059,0.55238,0.920059,2,NA
1966,14,33591114,34695195,TRUE,670,2693,NA,0.000434667,NA,7.7067e-05,FALSE,NA,NA,NA,NA,NA,NA,1,"MDD_noUKB"
1967,14,34695196,35379988,TRUE,181,1759,NA,0.000128131,NA,0.0147468,FALSE,NA,NA,NA,NA,NA,NA,1,"MDD_noUKB"
1968,14,35379989,36422077,TRUE,178,2025,NA,0.000204334,NA,0.000408812,FALSE,NA,NA,NA,NA,NA,NA,1,"MDD_noUKB"
1969,14,36422078,37282012,TRUE,247,1829,9.81041e-05,0.000159644,0.25977,0.00998267,FALSE,NA,NA,NA,NA,NA,NA,2,NA
1970,14,37282013,38722114,TRUE,295,2725,0.00033418,6.75088e-05,0.0307771,0.176708,FALSE,NA,NA,NA,NA,NA,NA,2,NA
1971,14,38722115,40343754,TRUE,277,3229,NA,0.000163763,NA,0.0121656,FALSE,NA,NA,NA,NA,NA,NA,1,"MDD_noUKB"
1972,14,40343755,40965849,TRUE,100,1963,0.000102365,8.26313e-05,0.153086,0.0316291,FALSE,NA,NA,NA,NA,NA,NA,2,NA
1973,14,40965850,41614833,TRUE,82,2055,0.000147497,6.01968e-05,0.0592501,0.0603736,FALSE,NA,NA,NA,NA,NA,NA,2,NA
1974,14,41614834,42562550,TRUE,135,2060,0.000448688,0.000171645,0.000366448,0.00143371,TRUE,0.0954662,0.0954662,FALSE,-0.59351,0.69044,0.727232,2,NA
1975,14,42562551,43321168,TRUE,150,1989,0.000267144,0.00022148,0.0195995,6.39109e-05,TRUE,0.201844,0.201844,FALSE,-0.51325,0.99063,0.506374,2,NA
1976,14,43321169,44623273,TRUE,248,3429,NA,0.000438507,NA,4.83381e-09,FALSE,NA,NA,NA,NA,NA,NA,1,"MDD_noUKB"
1977,14,44623274,45817082,TRUE,250,2448,0.000134304,4.21781e-05,0.195582,0.256344,FALSE,NA,NA,NA,NA,NA,NA,2,NA
1978,14,45817083,46748238,TRUE,133,1694,NA,6.53317e-05,NA,0.0878892,FALSE,NA,NA,NA,NA,NA,NA,1,"MDD_noUKB"
1979,14,46748239,48177483,TRUE,246,3115,NA,0.000126645,NA,0.029091,FALSE,NA,NA,NA,NA,NA,NA,1,"MDD_noUKB"
1980,14,48177484,49002065,TRUE,179,2416,NA,0.000308724,NA,1.0161e-06,FALSE,NA,NA,NA,NA,NA,NA,1,"MDD_noUKB"
1981,14,49002066,50500564,TRUE,378,3069,0.000315176,0.000113095,0.0561895,0.083034,FALSE,NA,NA,NA,NA,NA,NA,2,NA
1982,14,50500565,51418371,TRUE,246,1868,0.000491497,0.000301556,0.00180911,1.59521e-05,TRUE,-0.0591344,-0.0591344,FALSE,-0.69272,0.43851,0.806589,2,NA
1983,14,51418372,52206122,TRUE,300,2067,NA,0.000355396,NA,5.46424e-06,FALSE,NA,NA,NA,NA,NA,NA,1,"MDD_noUKB"
1984,14,52206123,52760553,TRUE,220,1726,0.000245089,0.000165571,0.0545946,0.00653634,FALSE,NA,NA,NA,NA,NA,NA,2,NA
1985,14,52760554,54359598,TRUE,379,3173,0.000347144,0.00075489,0.0412733,4.98015e-15,TRUE,0.455143,0.455143,FALSE,0.00152,1,0.0520711,2,NA
1986,14,54359599,55292832,TRUE,272,1768,NA,0.000175736,NA,0.00751014,FALSE,NA,NA,NA,NA,NA,NA,1,"MDD_noUKB"
1987,14,55292833,56206430,TRUE,123,1915,NA,8.78832e-05,NA,0.0352105,FALSE,NA,NA,NA,NA,NA,NA,1,"MDD_noUKB"
1988,14,56206431,57460781,TRUE,435,3114,0.000489599,8.02731e-05,0.0121096,0.1774,FALSE,NA,NA,NA,NA,NA,NA,2,NA
1989,14,57460782,58447798,TRUE,258,2139,NA,0.000715343,NA,3.92252e-17,FALSE,NA,NA,NA,NA,NA,NA,1,"MDD_noUKB"
1990,14,58447799,59447537,TRUE,307,1953,0.000148103,0.000379398,0.196474,1.57056e-06,FALSE,NA,NA,NA,NA,NA,NA,2,NA
1991,14,59447538,60099482,TRUE,156,1935,8.48296e-05,0.000126283,0.241939,0.0109879,FALSE,NA,NA,NA,NA,NA,NA,2,NA
1992,14,60099483,61652816,TRUE,200,2197,0.000117081,0.000260682,0.202112,4.82012e-05,FALSE,NA,NA,NA,NA,NA,NA,2,NA
1993,14,61652817,62717985,TRUE,383,2417,0.000311188,0.000111782,0.0617021,0.0970922,FALSE,NA,NA,NA,NA,NA,NA,2,NA
1994,14,62717986,64033237,TRUE,343,3186,0.00017217,0.000425805,0.175995,7.15233e-07,FALSE,NA,NA,NA,NA,NA,NA,2,NA
1995,14,64033238,65229391,TRUE,210,2314,0.00032652,0.000235464,0.0162717,0.000204269,TRUE,0.157668,0.157668,FALSE,-0.60857,0.89423,0.601505,2,NA
1996,14,65229392,66300066,TRUE,248,2533,NA,0.000570983,NA,9.90102e-13,FALSE,NA,NA,NA,NA,NA,NA,1,"MDD_noUKB"
1997,14,66300067,67891839,TRUE,159,3695,NA,0.000140425,NA,0.00641515,FALSE,NA,NA,NA,NA,NA,NA,1,"MDD_noUKB"
1998,14,67891840,68976912,TRUE,247,1960,0.000186418,0.000277357,0.122023,8.80501e-05,FALSE,NA,NA,NA,NA,NA,NA,2,NA
1999,14,68976913,69794542,TRUE,314,2001,0.000432201,0.000347775,0.00993923,8.76467e-06,TRUE,-0.302069,-0.302069,FALSE,-1,0.21242,0.246384,2,NA
2000,14,69794543,71140426,TRUE,334,3198,4.53685e-05,0.000319382,0.392552,5.61826e-05,FALSE,NA,NA,NA,NA,NA,NA,2,NA
2001,14,71140427,72665319,TRUE,301,3212,NA,0.000373082,NA,2.7572e-06,FALSE,NA,NA,NA,NA,NA,NA,1,"MDD_noUKB"
2002,14,72665320,73373373,TRUE,276,1840,NA,0.000817913,NA,3.85652e-20,FALSE,NA,NA,NA,NA,NA,NA,1,"MDD_noUKB"
2003,14,73373374,74245428,TRUE,167,1781,0.000185738,0.000239331,0.0800337,4.86274e-05,FALSE,NA,NA,NA,NA,NA,NA,2,NA
2004,14,74245429,75699501,TRUE,286,2813,0.00039637,0.000320247,0.0128693,2.54596e-05,TRUE,0.080608,0.080608,FALSE,-0.63525,0.67626,0.768529,2,NA
2005,14,75699502,76694201,TRUE,326,2053,1.55937e-05,0.000439312,0.455456,1.69217e-07,FALSE,NA,NA,NA,NA,NA,NA,2,NA
2006,14,76694202,77425453,TRUE,335,1827,0.000389912,0.000462384,0.0204889,9.95281e-08,TRUE,0.210802,0.210802,FALSE,-0.37362,0.86177,0.409189,2,NA
2007,14,77425454,78374053,TRUE,282,2715,NA,0.000314948,NA,2.17113e-05,FALSE,NA,NA,NA,NA,NA,NA,1,"MDD_noUKB"
2008,14,78374054,79199451,TRUE,296,2059,NA,0.000665962,NA,1.7229e-14,FALSE,NA,NA,NA,NA,NA,NA,1,"MDD_noUKB"
2009,14,79199452,81001920,TRUE,492,3461,0.000578198,0.000433047,0.00642894,1.07889e-05,TRUE,-0.483377,-0.483377,FALSE,-1,-0.00428,0.0512898,2,NA
2010,14,81001921,82524785,TRUE,379,3483,4.82379e-05,0.000501673,0.39321,1.69617e-08,FALSE,NA,NA,NA,NA,NA,NA,2,NA
2011,14,82524786,84087372,TRUE,418,3624,0.00025077,0.000418522,0.111115,2.8528e-06,FALSE,NA,NA,NA,NA,NA,NA,2,NA
2012,14,84087373,85562936,TRUE,325,3497,NA,0.000284658,NA,0.000277237,FALSE,NA,NA,NA,NA,NA,NA,1,"MDD_noUKB"
2013,14,85562937,86653343,TRUE,294,2608,NA,0.000214512,NA,0.00281031,FALSE,NA,NA,NA,NA,NA,NA,1,"MDD_noUKB"
2014,14,86653344,87350275,TRUE,181,1788,0.00023007,NA,0.0490041,NA,FALSE,NA,NA,NA,NA,NA,NA,1,"BIP_noUKB"
2015,14,87350276,88208595,TRUE,188,1984,NA,0.000188229,NA,0.00133465,FALSE,NA,NA,NA,NA,NA,NA,1,"MDD_noUKB"
2016,14,88208596,89482883,TRUE,287,2897,NA,0.000299944,NA,5.495e-05,FALSE,NA,NA,NA,NA,NA,NA,1,"MDD_noUKB"
2017,14,89482884,90662836,TRUE,436,2589,NA,0.000387797,NA,2.24084e-05,FALSE,NA,NA,NA,NA,NA,NA,1,"MDD_noUKB"
2018,14,90662837,92101228,TRUE,415,3119,0.000321045,0.000483047,0.0613035,1.7507e-07,FALSE,NA,NA,NA,NA,NA,NA,2,NA
2019,14,92101229,93386328,TRUE,472,3314,NA,0.000492994,NA,4.19593e-07,FALSE,NA,NA,NA,NA,NA,NA,1,"MDD_noUKB"
2020,14,93386329,94892240,TRUE,496,3700,0.000323033,0.000436142,0.0766894,7.26042e-06,FALSE,NA,NA,NA,NA,NA,NA,2,NA
2021,14,94892241,95946792,TRUE,584,3367,0.000546427,6.31138e-05,0.0142277,0.260452,FALSE,NA,NA,NA,NA,NA,NA,2,NA
2022,14,95946793,97174314,TRUE,485,3397,NA,0.000201255,NA,0.0172852,FALSE,NA,NA,NA,NA,NA,NA,1,"MDD_noUKB"
2023,14,97174315,98268391,TRUE,396,2471,NA,0.000525147,NA,1.11186e-08,FALSE,NA,NA,NA,NA,NA,NA,1,"MDD_noUKB"
2024,14,98268392,98885322,TRUE,219,2018,9.46595e-05,0.000277227,0.254622,2.63399e-05,FALSE,NA,NA,NA,NA,NA,NA,2,NA
2025,14,98885323,99474533,TRUE,250,1926,0.000196774,0.000305958,0.110305,2.68162e-05,FALSE,NA,NA,NA,NA,NA,NA,2,NA
2026,14,99474534,100786189,TRUE,507,2832,0.000309179,0.000422375,0.0872206,1.45569e-05,FALSE,NA,NA,NA,NA,NA,NA,2,NA
2027,14,100786190,102004377,TRUE,565,2721,0.000256148,0.000215794,0.141093,0.0171526,FALSE,NA,NA,NA,NA,NA,NA,2,NA
2028,14,102004378,103617472,TRUE,366,3289,0.000587895,0.000485978,0.00201091,7.49281e-08,TRUE,0.518818,0.518818,FALSE,0.11106,1,0.0157988,2,NA
2029,14,103617473,104439106,TRUE,177,1950,0.000217924,0.000130358,0.0567374,0.0137024,FALSE,NA,NA,NA,NA,NA,NA,2,NA
2030,14,104439107,105091340,TRUE,268,1747,0.000149343,0.000137784,0.182945,0.0300642,FALSE,NA,NA,NA,NA,NA,NA,2,NA
2031,14,105091341,106347143,TRUE,229,1669,0.000466361,0.000195367,0.00232117,0.00282329,TRUE,-0.311063,-0.311063,FALSE,-1,0.27739,0.289714,2,NA
2032,14,106347144,106876548,TRUE,5,35,6.88184e-06,NA,0.313013,NA,FALSE,NA,NA,NA,NA,NA,NA,1,"BIP_noUKB"
2033,14,106876549,107289435,TRUE,47,1103,1.12982e-05,NA,0.411935,NA,FALSE,NA,NA,NA,NA,NA,NA,1,"BIP_noUKB"
2034,15,20000205,22799926,TRUE,11,88,6.47308e-05,1.64109e-05,0.0696174,0.13102,FALSE,NA,NA,NA,NA,NA,NA,2,NA
2035,15,22799927,24099946,TRUE,235,1072,8.77271e-05,0.000283231,0.280651,0.000179885,FALSE,NA,NA,NA,NA,NA,NA,2,NA
2036,15,24099947,24531187,TRUE,114,1896,9.43793e-05,NA,0.184758,NA,FALSE,NA,NA,NA,NA,NA,NA,1,"BIP_noUKB"
2037,15,24531188,25384327,TRUE,199,2718,6.47159e-05,2.42843e-05,0.313296,0.327913,FALSE,NA,NA,NA,NA,NA,NA,2,NA
2038,15,25384328,26392947,TRUE,510,2803,NA,0.000371479,NA,0.000127576,FALSE,NA,NA,NA,NA,NA,NA,1,"MDD_noUKB"
2039,15,26392948,27563172,TRUE,445,2556,NA,0.000431002,NA,3.72431e-06,FALSE,NA,NA,NA,NA,NA,NA,1,"MDD_noUKB"
2040,15,27563173,29141035,TRUE,252,2090,NA,4.316e-05,NA,0.251023,FALSE,NA,NA,NA,NA,NA,NA,1,"MDD_noUKB"
2041,15,29141036,30604119,TRUE,355,2519,0.000227144,0.000276088,0.116208,0.000535207,FALSE,NA,NA,NA,NA,NA,NA,2,NA
2042,15,30604120,32177320,TRUE,368,2511,0.000482102,0.000237447,0.00836123,0.00253828,TRUE,0.168058,0.168058,FALSE,-0.627,0.92494,0.584769,2,NA
2043,15,32177321,33484267,TRUE,389,2339,0.000285655,2.69961e-05,0.0769084,0.363542,FALSE,NA,NA,NA,NA,NA,NA,2,NA
2044,15,33484268,34410072,TRUE,432,2723,0.000198092,0.000428157,0.16958,3.36373e-06,FALSE,NA,NA,NA,NA,NA,NA,2,NA
2045,15,34410073,35118927,TRUE,200,1480,3.62603e-05,0.000184609,0.386926,0.00218124,FALSE,NA,NA,NA,NA,NA,NA,2,NA
2046,15,35118928,36583327,TRUE,402,3010,0.00042691,0.000394993,0.0199639,7.72188e-06,TRUE,0.249784,0.249784,FALSE,-0.37158,0.95857,0.358032,2,NA
2047,15,36583328,37962915,TRUE,476,3027,NA,0.000181063,NA,0.0261172,FALSE,NA,NA,NA,NA,NA,NA,1,"MDD_noUKB"
2048,15,37962916,39238840,TRUE,440,2827,0.000611707,0.000468983,0.00283156,6.59999e-07,TRUE,0.0461408,0.0461408,FALSE,-0.49937,0.51008,0.837342,2,NA
2049,15,39238841,40604780,TRUE,386,2787,6.70822e-05,1.22479e-05,0.358332,0.430786,FALSE,NA,NA,NA,NA,NA,NA,2,NA
2050,15,40604781,42332685,TRUE,319,3016,0.000138482,0.00066135,0.216771,2.51501e-13,FALSE,NA,NA,NA,NA,NA,NA,2,NA
2051,15,42332686,44987755,TRUE,310,3070,0.000856663,0.000378265,6.2335e-06,1.89998e-06,TRUE,0.00323555,0.00323555,FALSE,-0.41305,0.37752,0.986399,2,NA
2052,15,44987756,46022642,TRUE,205,1831,NA,9.38255e-05,NA,0.061725,FALSE,NA,NA,NA,NA,NA,NA,1,"MDD_noUKB"
2053,15,46022643,46884071,TRUE,189,1771,0.000189314,0.000198256,0.0894011,0.000897298,FALSE,NA,NA,NA,NA,NA,NA,2,NA
2054,15,46884072,47693316,TRUE,117,1861,0.000250396,0.000137643,0.0153939,0.0029635,TRUE,0.00960028,0.00960028,FALSE,-1,0.83552,0.977939,2,NA
2055,15,47693317,49260006,TRUE,287,2313,0.000300878,0.000358183,0.0424243,3.26297e-06,TRUE,0.666819,0.666819,FALSE,0.11004,1,0.0253351,2,NA
2056,15,49260007,50195876,TRUE,108,1890,NA,2.89755e-05,NA,0.243134,FALSE,NA,NA,NA,NA,NA,NA,1,"MDD_noUKB"
2057,15,50195877,51605477,TRUE,227,3182,NA,0.000388541,NA,3.97822e-08,FALSE,NA,NA,NA,NA,NA,NA,1,"MDD_noUKB"
2058,15,51605478,53263126,TRUE,368,3285,4.88067e-05,0.00049606,0.390885,2.17258e-08,FALSE,NA,NA,NA,NA,NA,NA,2,NA
2059,15,53263127,54332799,TRUE,311,3014,0.000306339,0.000346155,0.0460227,1.76738e-05,TRUE,0.573918,0.573918,FALSE,-0.03934,1,0.0639076,2,NA
2060,15,54332800,55136717,TRUE,247,2616,0.000203462,0.000422495,0.100006,1.17366e-08,FALSE,NA,NA,NA,NA,NA,NA,2,NA
2061,15,55136718,56322588,TRUE,294,3407,NA,0.000243534,NA,0.000753007,FALSE,NA,NA,NA,NA,NA,NA,1,"MDD_noUKB"
2062,15,56322589,57641164,TRUE,218,2557,NA,0.000262778,NA,6.14837e-05,FALSE,NA,NA,NA,NA,NA,NA,1,"MDD_noUKB"
2063,15,57641165,58712954,TRUE,517,2954,NA,0.000450448,NA,5.89584e-06,FALSE,NA,NA,NA,NA,NA,NA,1,"MDD_noUKB"
2064,15,58712955,59901116,TRUE,408,2401,4.72845e-05,0.000138425,0.399154,0.0529091,FALSE,NA,NA,NA,NA,NA,NA,2,NA
2065,15,59901117,61130595,TRUE,416,2469,0.000233248,0.000368798,0.128141,3.40794e-05,FALSE,NA,NA,NA,NA,NA,NA,2,NA
2066,15,61130596,62106138,TRUE,491,2411,0.000436256,0.000363152,0.0276366,0.000110912,TRUE,-0.419253,-0.419253,FALSE,-1,0.16535,0.159075,2,NA
2067,15,62106139,63218978,TRUE,445,2505,9.0631e-05,0.000453013,0.327123,1.40069e-06,FALSE,NA,NA,NA,NA,NA,NA,2,NA
2068,15,63218979,64339945,TRUE,298,2656,0.00016373,0.000338001,0.170899,1.1266e-05,FALSE,NA,NA,NA,NA,NA,NA,2,NA
2069,15,64339946,66355634,TRUE,360,3278,0.000784597,0.000339033,8.20001e-05,4.75761e-05,TRUE,0.337282,0.337282,FALSE,-0.10468,0.8109,0.11933,2,NA
2070,15,66355635,67396520,TRUE,401,2856,0.000494862,0.000330107,0.00949126,0.000118228,TRUE,-0.421093,-0.421093,FALSE,-1,0.11615,0.124844,2,NA
2071,15,67396521,69089815,TRUE,440,3190,0.00041123,0.000308955,0.0287114,0.000457798,TRUE,0.26768,0.26768,FALSE,-0.48882,1,0.39544,2,NA
2072,15,69089816,70767983,TRUE,591,3315,0.000310333,0.000457497,0.10399,2.01386e-05,FALSE,NA,NA,NA,NA,NA,NA,2,NA
2073,15,70767984,72058129,TRUE,398,2437,NA,6.06048e-06,NA,0.461361,FALSE,NA,NA,NA,NA,NA,NA,1,"MDD_noUKB"
2074,15,72058130,73375718,TRUE,203,1791,0.000736804,0.000319322,3.37171e-06,1.82457e-06,TRUE,0.138378,0.138378,FALSE,-0.27881,0.52514,0.474144,2,NA
2075,15,73375719,74458113,TRUE,268,2058,0.0003821,0.000596029,0.0131262,3.63372e-13,TRUE,0.0272368,0.0272368,FALSE,-0.50242,0.53234,0.901146,2,NA
2076,15,74458114,76401952,TRUE,354,2814,NA,0.000346901,NA,3.70763e-05,FALSE,NA,NA,NA,NA,NA,NA,1,"MDD_noUKB"
2077,15,76401953,77897163,TRUE,171,2362,3.24666e-06,8.38509e-05,0.475714,0.0645122,FALSE,NA,NA,NA,NA,NA,NA,2,NA
2078,15,77897164,78514101,TRUE,212,1621,NA,0.000105859,NA,0.0502869,FALSE,NA,NA,NA,NA,NA,NA,1,"MDD_noUKB"
2079,15,78514102,79292536,TRUE,221,1741,6.22895e-05,0.000156355,0.327828,0.0084318,FALSE,NA,NA,NA,NA,NA,NA,2,NA
2080,15,79292537,79998206,TRUE,261,1778,0.00018801,2.45393e-05,0.123897,0.347237,FALSE,NA,NA,NA,NA,NA,NA,2,NA
2081,15,79998207,81077025,TRUE,409,2666,7.94227e-05,0.000399174,0.339874,7.17614e-06,FALSE,NA,NA,NA,NA,NA,NA,2,NA
2082,15,81077026,82191077,TRUE,328,1824,0.000456537,0.000214036,0.00828533,0.00361218,TRUE,0.240548,0.240548,FALSE,-0.51372,1,0.446078,2,NA
2083,15,82191078,84209760,TRUE,331,2506,5.74118e-05,0.000498716,0.367865,9.7321e-09,FALSE,NA,NA,NA,NA,NA,NA,2,NA
2084,15,84209761,85494083,TRUE,257,2208,0.000235922,0.000407918,0.0747943,4.76966e-08,FALSE,NA,NA,NA,NA,NA,NA,2,NA
2085,15,85494084,86341598,TRUE,176,2166,0.000198799,0.00017086,0.0732732,0.00247195,FALSE,NA,NA,NA,NA,NA,NA,2,NA
2086,15,86341599,87158587,TRUE,311,2610,0.000675043,0.000234694,0.000239461,0.0018447,TRUE,-0.128922,-0.128922,FALSE,-0.86392,0.39422,0.616032,2,NA
2087,15,87158588,88035757,TRUE,335,2362,9.60613e-05,0.000248937,0.293223,0.00110349,FALSE,NA,NA,NA,NA,NA,NA,2,NA
2088,15,88035758,89385187,TRUE,526,2519,0.000303207,0.000388918,0.0956478,7.38296e-05,FALSE,NA,NA,NA,NA,NA,NA,2,NA
2089,15,89385188,90632718,TRUE,436,2497,9.82885e-05,0.000449731,0.312785,1.3317e-06,FALSE,NA,NA,NA,NA,NA,NA,2,NA
2090,15,90632719,91593623,TRUE,276,2214,0.000126759,0.000317506,0.218945,1.589e-05,FALSE,NA,NA,NA,NA,NA,NA,2,NA
2091,15,91593624,92675405,TRUE,487,2524,NA,0.000356227,NA,0.000126122,FALSE,NA,NA,NA,NA,NA,NA,1,"MDD_noUKB"
2092,15,92675406,93707010,TRUE,535,2880,0.000569747,0.000306279,0.0088529,0.0012425,TRUE,-0.163355,-0.163355,FALSE,-1,0.44009,0.577441,2,NA
2093,15,93707011,94565521,TRUE,485,2708,NA,1.06722e-05,NA,0.444681,FALSE,NA,NA,NA,NA,NA,NA,1,"MDD_noUKB"
2094,15,94565522,95662425,TRUE,543,2674,NA,0.000163404,NA,0.0480924,FALSE,NA,NA,NA,NA,NA,NA,1,"MDD_noUKB"
2095,15,95662426,96864278,TRUE,489,2533,0.000408442,0.000445081,0.0361883,5.24058e-06,TRUE,0.262445,0.262445,FALSE,-0.37241,1,0.355189,2,NA
2096,15,96864279,98025684,TRUE,447,2314,0.000244717,0.000302847,0.125269,0.000669565,FALSE,NA,NA,NA,NA,NA,NA,2,NA
2097,15,98025685,98828261,TRUE,374,2435,8.15186e-05,0.000222665,0.329246,0.00414142,FALSE,NA,NA,NA,NA,NA,NA,2,NA
2098,15,98828262,99925972,TRUE,509,2783,0.000203651,0.000261573,0.184117,0.00376935,FALSE,NA,NA,NA,NA,NA,NA,2,NA
2099,15,99925973,100742117,TRUE,355,2410,NA,0.000165694,NA,0.021659,FALSE,NA,NA,NA,NA,NA,NA,1,"MDD_noUKB"
2100,15,100742118,101550750,TRUE,371,2424,0.000238589,0.000144993,0.109889,0.0380781,FALSE,NA,NA,NA,NA,NA,NA,2,NA
2101,15,101550751,102520975,TRUE,443,2188,3.11096e-05,0.000339968,0.432933,0.000193185,FALSE,NA,NA,NA,NA,NA,NA,2,NA
2102,16,60169,1049079,TRUE,386,2436,0.00056371,8.35158e-05,0.00358299,0.163499,FALSE,NA,NA,NA,NA,NA,NA,2,NA
2103,16,1049080,1996492,TRUE,408,2777,0.000350879,0.000510173,0.0456838,4.94027e-08,TRUE,-0.0368303,-0.0368303,FALSE,-0.82591,0.55703,0.892734,2,NA
2104,16,1996493,3379996,TRUE,447,1995,0.0002566,0.000388009,0.115247,2.9445e-05,FALSE,NA,NA,NA,NA,NA,NA,2,NA
2105,16,3379997,4816145,TRUE,561,2998,0.00010554,0.000366063,0.323049,0.000299737,FALSE,NA,NA,NA,NA,NA,NA,2,NA
2106,16,4816146,5782968,TRUE,613,3180,0.000383843,0.000498828,0.0637994,3.84106e-06,FALSE,NA,NA,NA,NA,NA,NA,2,NA
2107,16,5782969,6446081,TRUE,489,2114,NA,0.000332054,NA,0.000344749,FALSE,NA,NA,NA,NA,NA,NA,1,"MDD_noUKB"
2108,16,6446082,7051429,TRUE,441,2640,0.00023052,0.000108476,0.13693,0.108936,FALSE,NA,NA,NA,NA,NA,NA,2,NA
2109,16,7051430,7704354,TRUE,445,2829,4.89352e-05,0.000365857,0.400131,6.81973e-05,FALSE,NA,NA,NA,NA,NA,NA,2,NA
2110,16,7704355,8341012,TRUE,378,2687,5.36537e-05,0.000188035,0.3826,0.0124405,FALSE,NA,NA,NA,NA,NA,NA,2,NA
2111,16,8341013,9104469,TRUE,440,2694,0.000131299,0.000472331,0.261476,6.16761e-07,FALSE,NA,NA,NA,NA,NA,NA,2,NA
2112,16,9104470,9754796,TRUE,367,1996,NA,0.000594209,NA,8.39086e-11,FALSE,NA,NA,NA,NA,NA,NA,1,"MDD_noUKB"
2113,16,9754797,10351808,TRUE,217,1934,0.000402704,0.000421822,0.00527264,3.48581e-09,TRUE,0.446132,0.446132,FALSE,0.00057,1,0.0490853,2,NA
2114,16,10351809,11022542,TRUE,323,1808,4.26954e-06,0.000258187,0.480087,0.000990029,FALSE,NA,NA,NA,NA,NA,NA,2,NA
2115,16,11022543,11916631,TRUE,381,2611,6.48272e-05,0.00021151,0.361829,0.00672941,FALSE,NA,NA,NA,NA,NA,NA,2,NA
2116,16,11916632,12793149,TRUE,417,2865,NA,0.000364253,NA,5.89949e-05,FALSE,NA,NA,NA,NA,NA,NA,1,"MDD_noUKB"
2117,16,12793150,13893407,TRUE,419,3426,0.000333244,0.000952829,0.0559611,1.12645e-19,FALSE,NA,NA,NA,NA,NA,NA,2,NA
2118,16,13893408,15921108,TRUE,407,2500,3.67756e-05,0.000495138,0.419186,8.41684e-08,FALSE,NA,NA,NA,NA,NA,NA,2,NA
2119,16,15921109,17343277,TRUE,333,2395,0.000502695,0.000267598,0.00481632,0.000593188,TRUE,0.238224,0.238224,FALSE,-0.40911,0.90694,0.394094,2,NA
2120,16,17343278,19104257,TRUE,324,2630,2.17637e-06,0.000366994,0.484736,5.89628e-06,FALSE,NA,NA,NA,NA,NA,NA,2,NA
2121,16,19104258,20351261,TRUE,396,2928,0.000180533,0.000165391,0.181079,0.0279435,FALSE,NA,NA,NA,NA,NA,NA,2,NA
2122,16,20351262,22667048,TRUE,372,2439,0.000416298,0.000275876,0.0193174,0.000716472,TRUE,-0.106425,-0.106425,FALSE,-1,0.56451,0.732151,2,NA
2123,16,22667049,24014705,TRUE,394,2941,0.000138204,0.000425618,0.240381,2.53762e-06,FALSE,NA,NA,NA,NA,NA,NA,2,NA
2124,16,24014706,25235251,TRUE,467,2581,0.000117573,0.000250656,0.288044,0.0038405,FALSE,NA,NA,NA,NA,NA,NA,2,NA
2125,16,25235252,26154122,TRUE,374,2664,NA,0.000425557,NA,9.77582e-07,FALSE,NA,NA,NA,NA,NA,NA,1,"MDD_noUKB"
2126,16,26154123,27443061,TRUE,606,3518,0.000113647,0.000293057,0.317017,0.00307991,FALSE,NA,NA,NA,NA,NA,NA,2,NA
2127,16,27443062,29043177,TRUE,323,1839,0.00041133,0.000232905,0.0143076,0.00170704,TRUE,-0.0152106,-0.0152106,FALSE,-0.9311,0.70544,0.961631,2,NA
2128,16,29043178,31384210,TRUE,288,1958,0.000383908,0.000318146,0.0154111,2.65349e-05,TRUE,-0.121103,-0.121103,FALSE,-0.97197,0.46479,0.66393,2,NA
2129,16,31384211,32847928,TRUE,90,924,NA,0.000265563,NA,8.29496e-08,FALSE,NA,NA,NA,NA,NA,NA,1,"MDD_noUKB"
2130,16,32847929,35259453,TRUE,54,330,0.000122878,0.000105867,0.0625096,0.00208426,FALSE,NA,NA,NA,NA,NA,NA,2,NA
2131,16,35259454,49010761,TRUE,316,2531,0.000773165,0.000309559,4.01312e-05,7.05561e-05,TRUE,-0.147453,-0.147453,FALSE,-0.70526,0.27722,0.495472,2,NA
2132,16,49010762,50467033,TRUE,537,3037,0.000173107,0.000828654,0.224742,4.90866e-14,FALSE,NA,NA,NA,NA,NA,NA,2,NA
2133,16,50467034,52041336,TRUE,521,3035,0.000318361,0.000563373,0.0841452,3.87032e-08,FALSE,NA,NA,NA,NA,NA,NA,2,NA
2134,16,52041337,53393882,TRUE,385,2813,0.00048367,0.000260985,0.00918744,0.00131123,TRUE,-0.0314812,-0.0314812,FALSE,-0.91939,0.6103,0.91648,2,NA
2135,16,53393883,54866095,TRUE,547,3344,0.00046894,0.000640591,0.0255674,2.5379e-09,TRUE,-0.0537817,-0.0537817,FALSE,-0.7819,0.46593,0.823551,2,NA
2136,16,54866096,55907389,TRUE,389,2775,0.000149187,0.000141288,0.222096,0.0485491,FALSE,NA,NA,NA,NA,NA,NA,2,NA
2137,16,55907390,57119889,TRUE,440,3026,0.000292701,0.000265322,0.0851516,0.00212359,FALSE,NA,NA,NA,NA,NA,NA,2,NA
2138,16,57119890,58508978,TRUE,517,3492,0.000118549,0.000562301,0.296429,5.08967e-08,FALSE,NA,NA,NA,NA,NA,NA,2,NA
2139,16,58508979,59885499,TRUE,319,3317,7.15289e-06,0.000407111,0.47354,7.13065e-07,FALSE,NA,NA,NA,NA,NA,NA,2,NA
2140,16,59885500,61092844,TRUE,314,2722,0.00038615,0.000366958,0.0181893,3.76549e-06,TRUE,0.222603,0.222603,FALSE,-0.37917,0.9173,0.408573,2,NA
2141,16,61092845,62607090,TRUE,335,2528,0.0001035,0.000341457,0.280504,2.13098e-05,FALSE,NA,NA,NA,NA,NA,NA,2,NA
2142,16,62607091,64207176,TRUE,382,3138,0.000461907,0.000242849,0.0119114,0.00241017,TRUE,-0.0597826,-0.0597826,FALSE,-1,0.61946,0.849358,2,NA
2143,16,64207177,65072403,TRUE,198,2160,NA,0.000418664,NA,1.38318e-09,FALSE,NA,NA,NA,NA,NA,NA,1,"MDD_noUKB"
2144,16,65072404,65882820,TRUE,275,1810,0.000178278,0.000410898,0.142038,8.731e-08,FALSE,NA,NA,NA,NA,NA,NA,2,NA
2145,16,65882821,66738843,TRUE,321,1928,5.38269e-05,0.000552589,0.373024,1.56913e-10,FALSE,NA,NA,NA,NA,NA,NA,2,NA
2146,16,66738844,68435728,TRUE,188,1916,0.000576263,0.000279224,9.31709e-05,1.12778e-05,TRUE,0.350994,0.350994,FALSE,-0.08596,0.81289,0.108562,2,NA
2147,16,68435729,69549149,TRUE,228,1991,0.000345968,0.00035593,0.0151171,4.10492e-07,TRUE,0.217017,0.217017,FALSE,-0.36724,0.87661,0.403794,2,NA
2148,16,69549150,71062712,TRUE,184,1626,0.000474421,0.00012263,0.000767312,0.0203437,TRUE,0.148572,0.148572,FALSE,-0.70094,0.98018,0.648635,2,NA
2149,16,71062713,72089511,TRUE,160,1679,0.000148454,0.000222426,0.121979,8.93864e-05,FALSE,NA,NA,NA,NA,NA,NA,2,NA
2150,16,72089512,73140781,TRUE,305,1694,5.80222e-05,0.000291016,0.361664,0.000176737,FALSE,NA,NA,NA,NA,NA,NA,2,NA
2151,16,73140782,74135275,TRUE,513,2176,0.000310616,9.53404e-06,0.0880224,0.451831,FALSE,NA,NA,NA,NA,NA,NA,2,NA
2152,16,74135276,74889127,TRUE,229,1610,0.00052243,6.72249e-05,0.000775224,0.144026,FALSE,NA,NA,NA,NA,NA,NA,2,NA
2153,16,74889128,75525959,TRUE,199,1594,0.000253115,NA,0.0416842,NA,FALSE,NA,NA,NA,NA,NA,NA,1,"BIP_noUKB"
2154,16,75525960,76635467,TRUE,338,2873,NA,7.18028e-05,NA,0.173623,FALSE,NA,NA,NA,NA,NA,NA,1,"MDD_noUKB"
2155,16,76635468,77270665,TRUE,206,1889,0.000306984,9.84709e-05,0.0205596,0.0524333,FALSE,NA,NA,NA,NA,NA,NA,2,NA
2156,16,77270666,77739132,TRUE,215,1770,NA,0.000228613,NA,0.000286436,FALSE,NA,NA,NA,NA,NA,NA,1,"MDD_noUKB"
2157,16,77739133,78280636,TRUE,334,2235,NA,0.000141229,NA,0.0357451,FALSE,NA,NA,NA,NA,NA,NA,1,"MDD_noUKB"
2158,16,78280637,78973580,TRUE,535,3064,0.00039935,0.000671423,0.0463733,9.19079e-10,TRUE,-0.472436,-0.472436,FALSE,-1,0.027,0.0658772,2,NA
2159,16,78973581,79662634,TRUE,599,2355,NA,6.10628e-05,NA,0.270648,FALSE,NA,NA,NA,NA,NA,NA,1,"MDD_noUKB"
2160,16,79662635,80559685,TRUE,446,2885,0.000234697,0.000446239,0.134225,1.93329e-06,FALSE,NA,NA,NA,NA,NA,NA,2,NA
2161,16,80559686,81437861,TRUE,441,2774,0.00035322,0.000322091,0.0502229,0.000309749,FALSE,NA,NA,NA,NA,NA,NA,2,NA
2162,16,81437862,82310204,TRUE,577,2798,NA,0.000370515,NA,0.000274626,FALSE,NA,NA,NA,NA,NA,NA,1,"MDD_noUKB"
2163,16,82310205,83077869,TRUE,545,2998,NA,0.00042497,NA,2.65495e-05,FALSE,NA,NA,NA,NA,NA,NA,1,"MDD_noUKB"
2164,16,83077870,83778371,TRUE,509,2858,0.000500997,0.000134196,0.0160477,0.0794249,FALSE,NA,NA,NA,NA,NA,NA,2,NA
2165,16,83778372,84440154,TRUE,630,2789,NA,0.00038954,NA,0.000211301,FALSE,NA,NA,NA,NA,NA,NA,1,"MDD_noUKB"
2166,16,84440155,85146805,TRUE,572,2745,0.000318256,0.000266186,0.0937844,0.00506393,FALSE,NA,NA,NA,NA,NA,NA,2,NA
2167,16,85146806,86058597,TRUE,675,2311,0.000222039,0.000365509,0.196046,0.000740731,FALSE,NA,NA,NA,NA,NA,NA,2,NA
2168,16,86058598,86748867,TRUE,640,2596,8.59288e-05,0.000374269,0.360906,0.000437952,FALSE,NA,NA,NA,NA,NA,NA,2,NA
2169,16,86748868,87669168,TRUE,598,2787,0.00044652,0.000669109,0.0373392,2.75385e-09,TRUE,-0.143405,-0.143405,FALSE,-0.9414,0.38145,0.567886,2,NA
2170,16,87669169,88387228,TRUE,412,2400,0.000760094,3.13395e-05,0.000264988,0.347857,FALSE,NA,NA,NA,NA,NA,NA,2,NA
2171,16,88387229,89106304,TRUE,438,2097,0.00133472,0.000479957,8.15719e-09,6.04786e-07,TRUE,-0.23882,-0.23882,FALSE,-0.6178,0.07835,0.140502,2,NA
2172,16,89106305,90292787,TRUE,383,2784,0.000525858,0.000494142,0.00538695,6.26145e-08,TRUE,0.332492,0.332492,FALSE,-0.12734,0.93149,0.143345,2,NA
2173,17,52,815653,TRUE,404,2092,0.000417185,NA,0.024518,NA,FALSE,NA,NA,NA,NA,NA,NA,1,"BIP_noUKB"
2174,17,815654,1480056,TRUE,433,1895,0.000775382,0.000527382,0.000265557,3.35593e-08,TRUE,-0.240682,-0.240682,FALSE,-0.75359,0.13264,0.212885,2,NA
2175,17,1480057,2699135,TRUE,484,2542,0.000425555,9.40707e-05,0.030378,0.152948,FALSE,NA,NA,NA,NA,NA,NA,2,NA
2176,17,2699136,3430440,TRUE,290,1798,0.000286018,6.88272e-05,0.0515346,0.169497,FALSE,NA,NA,NA,NA,NA,NA,2,NA
2177,17,3430441,4463971,TRUE,482,2512,0.000168905,0.000286903,0.218973,0.00170155,FALSE,NA,NA,NA,NA,NA,NA,2,NA
2178,17,4463972,5573784,TRUE,371,2845,NA,0.000311784,NA,0.000176685,FALSE,NA,NA,NA,NA,NA,NA,1,"MDD_noUKB"
2179,17,5573785,6305078,TRUE,386,2116,1.38992e-05,0.000129065,0.462321,0.0600937,FALSE,NA,NA,NA,NA,NA,NA,2,NA
2180,17,6305079,7264458,TRUE,418,2140,3.24924e-05,0.000111047,0.428235,0.0994486,FALSE,NA,NA,NA,NA,NA,NA,2,NA
2181,17,7264459,8554763,TRUE,401,2569,0.000235586,0.000190549,0.12161,0.0140426,FALSE,NA,NA,NA,NA,NA,NA,2,NA
2182,17,8554764,9619356,TRUE,472,2306,3.84579e-05,0.000264255,0.421609,0.00281649,FALSE,NA,NA,NA,NA,NA,NA,2,NA
2183,17,9619357,10572617,TRUE,445,2552,0.00010024,0.000103864,0.311306,0.119046,FALSE,NA,NA,NA,NA,NA,NA,2,NA
2184,17,10572618,11778164,TRUE,451,2626,9.14629e-05,0.000123963,0.32724,0.0822152,FALSE,NA,NA,NA,NA,NA,NA,2,NA
2185,17,11778165,12676353,TRUE,297,1743,4.04209e-05,0.000134562,0.397437,0.0340657,FALSE,NA,NA,NA,NA,NA,NA,2,NA
2186,17,12676354,13648446,TRUE,475,3019,0.000666392,0.000233154,0.00186576,0.00642847,TRUE,-0.454826,-0.454826,FALSE,-1,0.12515,0.122368,2,NA
2187,17,13648447,14508610,TRUE,362,2294,0.000278745,0.000224057,0.0754783,0.00373478,FALSE,NA,NA,NA,NA,NA,NA,2,NA
2188,17,14508611,15308722,TRUE,375,2525,NA,0.000218525,NA,0.00485603,FALSE,NA,NA,NA,NA,NA,NA,1,"MDD_noUKB"
2189,17,15308723,16405207,TRUE,196,1622,0.000340621,0.000103713,0.011398,0.0443968,TRUE,-0.265408,-0.265408,FALSE,-1,0.60225,0.516493,2,NA
2190,17,16405208,17326540,TRUE,215,1713,NA,6.49117e-05,NA,0.144976,FALSE,NA,NA,NA,NA,NA,NA,1,"MDD_noUKB"
2191,17,17326541,18900978,TRUE,225,2059,NA,0.000105039,NA,0.0502952,FALSE,NA,NA,NA,NA,NA,NA,1,"MDD_noUKB"
2192,17,18900979,20402494,TRUE,194,1503,NA,6.78703e-05,NA,0.127223,FALSE,NA,NA,NA,NA,NA,NA,1,"MDD_noUKB"
2193,17,20402495,21432873,TRUE,227,1272,0.000519921,0.000259592,0.000825372,9.49205e-05,TRUE,-0.0597464,-0.0597464,FALSE,-0.70178,0.44979,0.807661,2,NA
2194,17,21432874,25872110,TRUE,163,2278,NA,0.000187531,NA,0.000958311,FALSE,NA,NA,NA,NA,NA,NA,1,"MDD_noUKB"
2195,17,25872111,27344401,TRUE,313,1830,0.000358384,0.000518797,0.0263167,7.50142e-10,TRUE,-0.0896999,-0.0896999,FALSE,-0.83433,0.43486,0.717005,2,NA
2196,17,27344402,29783141,TRUE,277,2938,0.000408387,0.000213539,0.00991406,0.0019063,TRUE,0.208815,0.208815,FALSE,-0.53352,0.98992,0.502606,2,NA
2197,17,29783142,31318753,TRUE,430,2903,0.000481877,0.000300005,0.0128032,0.000607305,TRUE,0.232456,0.232456,FALSE,-0.45953,1,0.433065,2,NA
2198,17,31318754,32356061,TRUE,488,2757,0.00025582,0.000471382,0.12471,1.46971e-06,FALSE,NA,NA,NA,NA,NA,NA,2,NA
2199,17,32356062,33614189,TRUE,418,2727,0.000324393,0.000150683,0.0600217,0.0416966,FALSE,NA,NA,NA,NA,NA,NA,2,NA
2200,17,33614190,34474611,TRUE,250,1996,NA,0.000100753,NA,0.0667718,FALSE,NA,NA,NA,NA,NA,NA,1,"MDD_noUKB"
2201,17,34474612,36116884,TRUE,406,2132,2.16071e-05,0.000415032,0.448516,3.25412e-06,FALSE,NA,NA,NA,NA,NA,NA,2,NA
2202,17,36116885,37361178,TRUE,382,1990,0.000125259,2.21935e-05,0.258686,0.384329,FALSE,NA,NA,NA,NA,NA,NA,2,NA
2203,17,37361179,38880481,TRUE,286,2405,2.34506e-05,0.000424366,0.434445,1.52861e-07,FALSE,NA,NA,NA,NA,NA,NA,2,NA
2204,17,38880482,40233545,TRUE,302,3261,NA,0.000197648,NA,0.00512442,FALSE,NA,NA,NA,NA,NA,NA,1,"MDD_noUKB"
2205,17,40233546,42348003,TRUE,369,2938,9.97025e-05,0.000453818,0.296369,2.41031e-07,FALSE,NA,NA,NA,NA,NA,NA,2,NA
2206,17,42348004,43460500,TRUE,237,1844,0.000146594,0.000335022,0.169804,2.8531e-06,FALSE,NA,NA,NA,NA,NA,NA,2,NA
2207,17,43460501,44865832,TRUE,94,471,0.000178554,6.26274e-05,0.0459847,0.066696,FALSE,NA,NA,NA,NA,NA,NA,2,NA
2208,17,44865833,45883901,TRUE,157,1884,8.10627e-05,0.000280719,0.252581,2.74411e-06,FALSE,NA,NA,NA,NA,NA,NA,2,NA
2209,17,45883902,47516224,TRUE,336,3409,0.000169882,0.000505783,0.175992,4.57746e-09,FALSE,NA,NA,NA,NA,NA,NA,2,NA
2210,17,47516225,48722590,TRUE,564,2227,0.000779229,0.000325099,0.000991286,0.00116749,TRUE,0.0124955,0.0124955,FALSE,-0.65965,0.54145,0.961357,2,NA
2211,17,48722591,49909298,TRUE,350,2262,0.000161403,0.000533558,0.192716,1.58343e-09,FALSE,NA,NA,NA,NA,NA,NA,2,NA
2212,17,49909299,51110385,TRUE,189,2849,0.000362175,0.000225793,0.00699671,0.000288813,TRUE,-0.138195,-0.138195,FALSE,-1,0.46357,0.631215,2,NA
2213,17,51110386,52102649,TRUE,201,2037,NA,9.01028e-05,NA,0.0661462,FALSE,NA,NA,NA,NA,NA,NA,1,"MDD_noUKB"
2214,17,52102650,53468006,TRUE,385,2947,NA,0.000490992,NA,5.22795e-08,FALSE,NA,NA,NA,NA,NA,NA,1,"MDD_noUKB"
2215,17,53468007,54950107,TRUE,356,2835,NA,0.000172893,NA,0.0165545,FALSE,NA,NA,NA,NA,NA,NA,1,"MDD_noUKB"
2216,17,54950108,56245227,TRUE,622,2670,0.000116382,9.78005e-05,0.315315,0.173173,FALSE,NA,NA,NA,NA,NA,NA,2,NA
2217,17,56245228,58652809,TRUE,301,2872,0.000207993,0.000472466,0.119416,1.71341e-08,FALSE,NA,NA,NA,NA,NA,NA,2,NA
2218,17,58652810,60453120,TRUE,377,2211,NA,NA,NA,NA,FALSE,NA,NA,NA,NA,NA,NA,0,"MDD_noUKB,BIP_noUKB"
2219,17,60453121,62112373,TRUE,266,2096,NA,0.000219097,NA,0.00136355,FALSE,NA,NA,NA,NA,NA,NA,1,"MDD_noUKB"
2220,17,62112374,63548724,TRUE,311,2314,0.000192582,0.000123906,0.141355,0.0527399,FALSE,NA,NA,NA,NA,NA,NA,2,NA
2221,17,63548725,64438387,TRUE,180,2550,0.000140685,0.000136569,0.147101,0.00990729,FALSE,NA,NA,NA,NA,NA,NA,2,NA
2222,17,64438388,65582327,TRUE,477,2606,NA,0.00038157,NA,7.78026e-05,FALSE,NA,NA,NA,NA,NA,NA,1,"MDD_noUKB"
2223,17,65582328,66757556,TRUE,378,2481,0.000262776,0.000207451,0.0942648,0.00726737,FALSE,NA,NA,NA,NA,NA,NA,2,NA
2224,17,66757557,68176219,TRUE,321,2530,7.98836e-05,NA,0.320029,NA,FALSE,NA,NA,NA,NA,NA,NA,1,"BIP_noUKB"
2225,17,68176220,69245590,TRUE,323,2693,0.00010819,0.000219697,0.269763,0.00259015,FALSE,NA,NA,NA,NA,NA,NA,2,NA
2226,17,69245591,70495119,TRUE,497,2592,0.000630596,0.00026509,0.00358915,0.00369674,TRUE,-0.360135,-0.360135,FALSE,-1,0.21257,0.219906,2,NA
2227,17,70495120,71466953,TRUE,543,2324,NA,4.0784e-05,NA,0.330772,FALSE,NA,NA,NA,NA,NA,NA,1,"MDD_noUKB"
2228,17,71466954,72383472,TRUE,541,2430,0.000468159,0.000532513,0.0257204,4.00658e-07,TRUE,-0.0636009,-0.0636009,FALSE,-0.84184,0.49656,0.806361,2,NA
2229,17,72383473,73741321,TRUE,438,2903,6.4388e-05,0.000391297,0.371816,2.18333e-05,FALSE,NA,NA,NA,NA,NA,NA,2,NA
2230,17,73741322,74908266,TRUE,375,2551,0.000335414,0.000447468,0.0460493,4.29494e-07,TRUE,0.0876842,0.0876842,FALSE,-0.6726,0.79507,0.75859,2,NA
2231,17,74908267,75619256,TRUE,419,2122,0.000210199,0.000118258,0.153614,0.0893657,FALSE,NA,NA,NA,NA,NA,NA,2,NA
2232,17,75619257,76596287,TRUE,578,2806,0.000460264,0.000415733,0.0313748,5.81276e-05,TRUE,-0.164511,-0.164511,FALSE,-1,0.45169,0.576242,2,NA
2233,17,76596288,77412786,TRUE,508,2313,NA,0.000270213,NA,0.00324565,FALSE,NA,NA,NA,NA,NA,NA,1,"MDD_noUKB"
2234,17,77412787,78438332,TRUE,466,2406,0.000166071,0.000357126,0.221433,0.000130457,FALSE,NA,NA,NA,NA,NA,NA,2,NA
2235,17,78438333,79333774,TRUE,350,2734,NA,0.000401853,NA,1.99226e-06,FALSE,NA,NA,NA,NA,NA,NA,1,"MDD_noUKB"
2236,17,79333775,80459149,TRUE,305,2619,0.0002455,0.000220219,0.0855588,0.00237535,FALSE,NA,NA,NA,NA,NA,NA,2,NA
2237,17,80459150,81192460,TRUE,217,1841,0.00021293,0.000191488,0.079479,0.00211692,FALSE,NA,NA,NA,NA,NA,NA,2,NA
2238,18,10719,848350,TRUE,342,2086,NA,0.000269612,NA,0.000525357,FALSE,NA,NA,NA,NA,NA,NA,1,"MDD_noUKB"
2239,18,848351,1940211,TRUE,340,2605,NA,0.000224823,NA,0.00271291,FALSE,NA,NA,NA,NA,NA,NA,1,"MDD_noUKB"
2240,18,1940212,2839842,TRUE,379,2584,5.39767e-05,NA,0.382014,NA,FALSE,NA,NA,NA,NA,NA,NA,1,"BIP_noUKB"
2241,18,2839843,3722828,TRUE,450,2216,0.000195249,NA,0.17832,NA,FALSE,NA,NA,NA,NA,NA,NA,1,"BIP_noUKB"
2242,18,3722829,4603961,TRUE,417,2055,8.119e-05,0.000414732,0.338392,5.35804e-06,FALSE,NA,NA,NA,NA,NA,NA,2,NA
2243,18,4603962,5575812,TRUE,365,2498,0.000208254,9.25267e-05,0.138997,0.126365,FALSE,NA,NA,NA,NA,NA,NA,2,NA
2244,18,5575813,6756496,TRUE,507,2719,0.0003318,0.000244406,0.0738741,0.00658162,FALSE,NA,NA,NA,NA,NA,NA,2,NA
2245,18,6756497,7862479,TRUE,440,2382,NA,0.000251762,NA,0.00293066,FALSE,NA,NA,NA,NA,NA,NA,1,"MDD_noUKB"
2246,18,7862480,8788524,TRUE,404,2552,6.87659e-05,0.000137844,0.359541,0.0549741,FALSE,NA,NA,NA,NA,NA,NA,2,NA
2247,18,8788525,9816164,TRUE,456,2932,0.000667493,0.000293874,0.00155943,0.000903371,TRUE,-0.33405,-0.33405,FALSE,-1,0.18371,0.205009,2,NA
2248,18,9816165,10675548,TRUE,472,2298,NA,0.000204074,NA,0.0141537,FALSE,NA,NA,NA,NA,NA,NA,1,"MDD_noUKB"
2249,18,10675549,11872226,TRUE,461,3134,NA,9.07814e-05,NA,0.153107,FALSE,NA,NA,NA,NA,NA,NA,1,"MDD_noUKB"
2250,18,11872227,12735558,TRUE,256,2193,0.000365959,0.000174155,0.0146303,0.00645998,TRUE,-0.229245,-0.229245,FALSE,-1,0.47717,0.507207,2,NA
2251,18,12735559,13641479,TRUE,345,1990,1.82223e-05,0.000301955,0.450907,0.00015733,FALSE,NA,NA,NA,NA,NA,NA,2,NA
2252,18,13641480,14439251,TRUE,171,1811,0.000386232,7.06062e-05,0.00332938,0.100979,FALSE,NA,NA,NA,NA,NA,NA,2,NA
2253,18,14439252,15220934,TRUE,70,723,1.27553e-05,5.98918e-05,0.418009,0.0495926,FALSE,NA,NA,NA,NA,NA,NA,2,NA
2254,18,15220935,20009696,TRUE,220,1701,NA,0.000323365,NA,3.28874e-06,FALSE,NA,NA,NA,NA,NA,NA,1,"MDD_noUKB"
2255,18,20009697,21622716,TRUE,298,2761,NA,0.000222074,NA,0.00241595,FALSE,NA,NA,NA,NA,NA,NA,1,"MDD_noUKB"
2256,18,21622717,22746153,TRUE,379,2447,0.000253494,9.69488e-06,0.0984271,0.442576,FALSE,NA,NA,NA,NA,NA,NA,2,NA
2257,18,22746154,24088163,TRUE,402,2759,0.000376366,0.000373928,0.0343533,1.94141e-05,TRUE,0.0849079,0.0849079,FALSE,-0.68739,0.78903,0.773132,2,NA
2258,18,24088164,25305260,TRUE,412,2584,0.000119033,0.000373812,0.273326,2.16526e-05,FALSE,NA,NA,NA,NA,NA,NA,2,NA
2259,18,25305261,26861067,TRUE,289,2924,0.000219392,0.000199267,0.100769,0.00423315,FALSE,NA,NA,NA,NA,NA,NA,2,NA
2260,18,26861068,27823155,TRUE,157,2095,NA,9.97627e-05,NA,0.0325786,FALSE,NA,NA,NA,NA,NA,NA,1,"MDD_noUKB"
2261,18,27823156,28792734,TRUE,258,2288,0.000155423,0.000259081,0.165624,0.000211933,FALSE,NA,NA,NA,NA,NA,NA,2,NA
2262,18,28792735,30401128,TRUE,423,3355,0.000123558,0.000359651,0.268963,4.67182e-05,FALSE,NA,NA,NA,NA,NA,NA,2,NA
2263,18,30401129,32458907,TRUE,354,3418,0.000501186,0.000432293,0.00589949,7.24405e-07,TRUE,-0.209513,-0.209513,FALSE,-0.90922,0.2695,0.376974,2,NA
2264,18,32458908,34153297,TRUE,427,3142,0.000682115,0.00054192,0.000955923,1.36734e-08,TRUE,0.106955,0.106955,FALSE,-0.3374,0.5217,0.593741,2,NA
2265,18,34153298,36056932,TRUE,457,3747,0.00018461,0.000344105,0.192238,0.000155916,FALSE,NA,NA,NA,NA,NA,NA,2,NA
2266,18,36056933,37679127,TRUE,284,2868,0.000384086,0.000498472,0.0148713,9.22447e-10,TRUE,0.650478,0.650478,FALSE,0.21352,1,0.00604232,2,NA
2267,18,37679128,38498381,TRUE,185,2226,3.4824e-05,0.000126778,0.386453,0.0168046,FALSE,NA,NA,NA,NA,NA,NA,2,NA
2268,18,38498382,39410165,TRUE,248,1911,0.000129329,0.000240174,0.20374,0.000463211,FALSE,NA,NA,NA,NA,NA,NA,2,NA
2269,18,39410166,40471407,TRUE,185,2180,NA,0.000155092,NA,0.00564708,FALSE,NA,NA,NA,NA,NA,NA,1,"MDD_noUKB"
2270,18,40471408,41425454,TRUE,198,2044,0.000213398,0.000385498,0.0693173,1.02306e-08,FALSE,NA,NA,NA,NA,NA,NA,2,NA
2271,18,41425455,42974165,TRUE,419,2894,0.000249986,0.000631336,0.113113,5.50543e-11,FALSE,NA,NA,NA,NA,NA,NA,2,NA
2272,18,42974166,44300145,TRUE,491,3093,0.000224721,0.000415415,0.155182,1.58096e-05,FALSE,NA,NA,NA,NA,NA,NA,2,NA
2273,18,44300146,45718492,TRUE,428,3173,6.06851e-06,0.000288578,0.479239,0.000815593,FALSE,NA,NA,NA,NA,NA,NA,2,NA
2274,18,45718493,46558306,TRUE,475,2133,NA,0.000177617,NA,0.0301357,FALSE,NA,NA,NA,NA,NA,NA,1,"MDD_noUKB"
2275,18,46558307,47455925,TRUE,197,2128,0.000153332,0.000214898,0.137856,0.000431701,FALSE,NA,NA,NA,NA,NA,NA,2,NA
2276,18,47455926,48228379,TRUE,259,1812,0.000204332,0.00040645,0.108228,5.37297e-08,FALSE,NA,NA,NA,NA,NA,NA,2,NA
2277,18,48228380,49790996,TRUE,422,3187,0.000462854,0.000569778,0.0158061,3.10713e-09,TRUE,-0.139345,-0.139345,FALSE,-0.83436,0.33552,0.552927,2,NA
2278,18,49790997,50372823,TRUE,196,1971,0.000319099,0.000147999,0.0153492,0.00856923,TRUE,0.184043,0.184043,FALSE,-0.76697,1,0.608066,2,NA
2279,18,50372824,51060986,TRUE,99,1799,7.75775e-05,0.000273798,0.211191,4.89821e-08,FALSE,NA,NA,NA,NA,NA,NA,2,NA
2280,18,51060987,52512523,TRUE,184,3493,8.34824e-05,0.000361202,0.26134,2.16472e-08,FALSE,NA,NA,NA,NA,NA,NA,2,NA
2281,18,52512524,53762996,TRUE,279,2105,0.000533312,0.000298432,0.00143829,3.85626e-05,TRUE,0.65439,0.65439,FALSE,0.22451,1,0.00725961,2,NA
2282,18,53762997,54957867,TRUE,284,2394,0.000728831,0.000294857,4.76317e-05,9.80629e-05,TRUE,0.209982,0.209982,FALSE,-0.26106,0.676,0.341826,2,NA
2283,18,54957868,55809315,TRUE,323,2404,3.97777e-06,9.30027e-05,0.480722,0.107235,FALSE,NA,NA,NA,NA,NA,NA,2,NA
2284,18,55809316,56832312,TRUE,425,2530,0.000347569,0.000212475,0.0492619,0.00863339,TRUE,-0.356314,-0.356314,FALSE,-1,0.48003,0.364266,2,NA
2285,18,56832313,57635821,TRUE,340,2185,0.000465184,0.000205975,0.00821878,0.00607461,TRUE,0.334309,0.334309,FALSE,-0.41981,1,0.303344,2,NA
2286,18,57635822,58527236,TRUE,205,2374,0.000294167,0.000149885,0.0259087,0.00983148,TRUE,-0.334795,-0.334795,FALSE,-1,0.45253,0.377844,2,NA
2287,18,58527237,59449422,TRUE,311,1831,0.000136085,0.000230304,0.217655,0.00189445,FALSE,NA,NA,NA,NA,NA,NA,2,NA
2288,18,59449423,60780194,TRUE,357,3246,0.00035013,0.000259064,0.0359107,0.000899331,TRUE,0.176745,0.176745,FALSE,-0.70851,1,0.598762,2,NA
2289,18,60780195,62074993,TRUE,356,3117,7.48731e-05,0.000388529,0.338474,4.85773e-06,FALSE,NA,NA,NA,NA,NA,NA,2,NA
2290,18,62074994,63109755,TRUE,225,2575,0.000280998,1.17038e-05,0.0359516,0.413692,FALSE,NA,NA,NA,NA,NA,NA,2,NA
2291,18,63109756,64253143,TRUE,208,2574,2.92197e-05,0.00011702,0.407454,0.0297942,FALSE,NA,NA,NA,NA,NA,NA,2,NA
2292,18,64253144,65294195,TRUE,222,2709,7.4213e-05,7.18344e-05,0.301478,0.123001,FALSE,NA,NA,NA,NA,NA,NA,2,NA
2293,18,65294196,66407960,TRUE,350,3154,0.000104358,0.000408644,0.282197,9.66758e-07,FALSE,NA,NA,NA,NA,NA,NA,2,NA
2294,18,66407961,67195980,TRUE,239,1982,0.00021234,0.000269447,0.088521,7.53997e-05,FALSE,NA,NA,NA,NA,NA,NA,2,NA
2295,18,67195981,68051035,TRUE,304,2053,NA,0.000677144,NA,9.50499e-15,FALSE,NA,NA,NA,NA,NA,NA,1,"MDD_noUKB"
2296,18,68051036,69311742,TRUE,409,3445,0.000193461,0.000197943,0.168427,0.012026,FALSE,NA,NA,NA,NA,NA,NA,2,NA
2297,18,69311743,70540349,TRUE,393,3336,0.000376704,0.000316223,0.0327692,0.000195029,TRUE,-0.142784,-0.142784,FALSE,-1,0.5337,0.647432,2,NA
2298,18,70540350,71491860,TRUE,370,2793,0.000416868,NA,0.018911,NA,FALSE,NA,NA,NA,NA,NA,NA,1,"BIP_noUKB"
2299,18,71491861,72785206,TRUE,458,2881,0.000190626,0.000128873,0.185128,0.0754874,FALSE,NA,NA,NA,NA,NA,NA,2,NA
2300,18,72785207,73568260,TRUE,356,2203,4.47991e-05,0.000119157,0.397144,0.0697999,FALSE,NA,NA,NA,NA,NA,NA,2,NA
2301,18,73568261,74471745,TRUE,458,2704,NA,0.000441753,NA,4.45002e-06,FALSE,NA,NA,NA,NA,NA,NA,1,"MDD_noUKB"
2302,18,74471746,75240760,TRUE,435,2644,0.000506708,0.00043462,0.00984241,2.35954e-06,TRUE,0.513901,0.513901,FALSE,0.02693,1,0.0386405,2,NA
2303,18,75240761,76231685,TRUE,500,3193,NA,0.000389,NA,5.061e-05,FALSE,NA,NA,NA,NA,NA,NA,1,"MDD_noUKB"
2304,18,76231686,77148137,TRUE,327,2880,0.000107515,0.000179435,0.274877,0.0122625,FALSE,NA,NA,NA,NA,NA,NA,2,NA
2305,18,77148138,78017072,TRUE,376,2516,0.000484662,0.000319699,0.00855515,0.000141343,TRUE,-0.388099,-0.388099,FALSE,-1,0.16458,0.157613,2,NA
2306,19,64705,762046,TRUE,386,1533,0.000504092,0.000159526,0.0113666,0.0374896,TRUE,0.124665,0.124665,FALSE,-1,1,0.747942,2,NA
2307,19,762047,1515920,TRUE,432,1765,0.000499907,1.87555e-06,0.0119141,0.482575,FALSE,NA,NA,NA,NA,NA,NA,2,NA
2308,19,1515921,2253174,TRUE,348,1568,0.000119428,0.000479607,0.25774,8.33331e-08,FALSE,NA,NA,NA,NA,NA,NA,2,NA
2309,19,2253175,3085446,TRUE,425,2237,0.0001404,0.000364855,0.24497,5.79495e-05,FALSE,NA,NA,NA,NA,NA,NA,2,NA
2310,19,3085447,3893909,TRUE,414,1923,7.83605e-05,2.72621e-05,0.343697,0.367034,FALSE,NA,NA,NA,NA,NA,NA,2,NA
2311,19,3893910,4741718,TRUE,338,1756,0.000852271,0.000159318,1.42869e-05,0.0249337,TRUE,-0.150131,-0.150131,FALSE,-1,0.44914,0.597282,2,NA
2312,19,4741719,5478684,TRUE,396,1958,0.00037227,0.000573224,0.0346673,1.04516e-09,TRUE,0.00227168,0.00227168,FALSE,-0.69391,0.57714,0.99281,2,NA
2313,19,5478685,6455428,TRUE,362,2414,0.000376343,0.000845904,0.0291474,1.66188e-17,TRUE,0.0875365,0.0875365,FALSE,-0.4647,0.62416,0.6889,2,NA
2314,19,6455429,7249359,TRUE,420,2234,0.000126329,1.01499e-05,0.264242,0.443678,FALSE,NA,NA,NA,NA,NA,NA,2,NA
2315,19,7249360,8199016,TRUE,387,2326,0.00052625,9.889e-05,0.00552711,0.11607,FALSE,NA,NA,NA,NA,NA,NA,2,NA
2316,19,8199017,9105577,TRUE,331,2060,0.000124547,9.20855e-05,0.244345,0.114793,FALSE,NA,NA,NA,NA,NA,NA,2,NA
2317,19,9105578,10028840,TRUE,151,2043,NA,9.11811e-05,NA,0.043379,FALSE,NA,NA,NA,NA,NA,NA,1,"MDD_noUKB"
2318,19,10028841,11681978,TRUE,524,3435,0.00027277,0.000217273,0.119055,0.0152762,FALSE,NA,NA,NA,NA,NA,NA,2,NA
2319,19,11681979,13213186,TRUE,311,2696,0.000382566,0.000355636,0.0195301,1.35032e-05,TRUE,0.35842,0.35842,FALSE,-0.22093,1,0.19943,2,NA
2320,19,13213187,13968319,TRUE,328,1660,0.000525742,4.70385e-05,0.00324473,0.264952,FALSE,NA,NA,NA,NA,NA,NA,2,NA
2321,19,13968320,14891100,TRUE,330,1742,0.000274346,0.000144699,0.0702966,0.0331637,FALSE,NA,NA,NA,NA,NA,NA,2,NA
2322,19,14891101,15650185,TRUE,279,1879,0.000329458,0.000136029,0.0287615,0.0297009,TRUE,-0.444798,-0.444798,FALSE,-1,0.41452,0.286462,2,NA
2323,19,15650186,16079006,TRUE,128,1777,1.61286e-05,2.15893e-05,0.427113,0.309924,FALSE,NA,NA,NA,NA,NA,NA,2,NA
2324,19,16079007,17045963,TRUE,266,1996,NA,0.000276054,NA,0.000110239,FALSE,NA,NA,NA,NA,NA,NA,1,"MDD_noUKB"
2325,19,17045964,17750518,TRUE,303,1842,6.27941e-05,3.46957e-05,0.350623,0.309177,FALSE,NA,NA,NA,NA,NA,NA,2,NA
2326,19,17750519,18504867,TRUE,296,1759,7.95328e-05,0.000131732,0.314379,0.0393066,FALSE,NA,NA,NA,NA,NA,NA,2,NA
2327,19,18504868,19749166,TRUE,303,2108,0.000373915,0.000443381,0.0199512,4.80747e-08,TRUE,0.0750397,0.0750397,FALSE,-0.56765,0.66679,0.767053,2,NA
2328,19,19749167,20485499,TRUE,169,1884,0.000134502,0.000278228,0.155569,8.62295e-06,FALSE,NA,NA,NA,NA,NA,NA,2,NA
2329,19,20485500,21155862,TRUE,73,1937,NA,7.66259e-05,NA,0.0211548,FALSE,NA,NA,NA,NA,NA,NA,1,"MDD_noUKB"
2330,19,21155863,21822653,TRUE,85,1670,NA,7.06711e-05,NA,0.0427023,FALSE,NA,NA,NA,NA,NA,NA,1,"MDD_noUKB"
2331,19,21822654,22729408,TRUE,157,2318,3.54335e-05,0.000281303,0.377147,2.41755e-06,FALSE,NA,NA,NA,NA,NA,NA,2,NA
2332,19,22729409,23468992,TRUE,94,1979,NA,NA,NA,NA,FALSE,NA,NA,NA,NA,NA,NA,0,"MDD_noUKB,BIP_noUKB"
2333,19,23468993,24567341,TRUE,72,1080,NA,0.000105876,NA,0.00380023,FALSE,NA,NA,NA,NA,NA,NA,1,"MDD_noUKB"
2334,19,24567342,28555845,TRUE,95,2297,0.000528634,0.000283042,4.44309e-06,4.91606e-08,TRUE,-0.267464,-0.267464,FALSE,-0.72642,0.1131,0.171687,2,NA
2335,19,28555846,29389090,TRUE,206,2769,7.07542e-05,0.000286536,0.302275,1.19542e-05,FALSE,NA,NA,NA,NA,NA,NA,2,NA
2336,19,29389091,30375792,TRUE,408,2771,0.000431646,0.000244648,0.0194975,0.00292719,TRUE,-0.40898,-0.40898,FALSE,-1,0.24811,0.216718,2,NA
2337,19,30375793,31763008,TRUE,469,2430,0.000125978,0.000537467,0.276434,1.14173e-07,FALSE,NA,NA,NA,NA,NA,NA,2,NA
2338,19,31763009,33028099,TRUE,404,2470,9.58742e-05,0.000306486,0.310112,0.000312042,FALSE,NA,NA,NA,NA,NA,NA,2,NA
2339,19,33028100,33785835,TRUE,236,2150,0.000241789,6.032e-05,0.0623006,0.171216,FALSE,NA,NA,NA,NA,NA,NA,2,NA
2340,19,33785836,34633274,TRUE,358,2346,4.86108e-05,0.000110485,0.389745,0.0867884,FALSE,NA,NA,NA,NA,NA,NA,2,NA
2341,19,34633275,35649343,TRUE,283,2199,0.000240813,0.000132436,0.0807911,0.0355653,FALSE,NA,NA,NA,NA,NA,NA,2,NA
2342,19,35649344,36638122,TRUE,394,2237,0.000315714,0.000202062,0.0595315,0.00998079,FALSE,NA,NA,NA,NA,NA,NA,2,NA
2343,19,36638123,38472870,TRUE,157,3061,0.000591886,0.000196342,1.9762e-05,0.000484477,TRUE,0.00582218,0.00582218,FALSE,-0.56354,0.49034,0.98042,2,NA
2344,19,38472871,39370419,TRUE,264,2088,0.000130967,0.000358577,0.207703,1.76886e-06,FALSE,NA,NA,NA,NA,NA,NA,2,NA
2345,19,39370420,40171413,TRUE,243,1828,NA,5.04171e-05,NA,0.215701,FALSE,NA,NA,NA,NA,NA,NA,1,"MDD_noUKB"
2346,19,40171414,41004105,TRUE,214,1719,0.000317646,0.000143295,0.0208887,0.0185589,TRUE,0.0319371,0.0319371,FALSE,-1,1,0.934693,2,NA
2347,19,41004106,41733463,TRUE,271,1700,0.000162072,1.22878e-05,0.162216,0.41811,FALSE,NA,NA,NA,NA,NA,NA,2,NA
2348,19,41733464,43317282,TRUE,295,2004,0.000591536,0.0003188,0.000901925,3.54169e-05,TRUE,-0.0644454,-0.0644454,FALSE,-0.67483,0.4165,0.785053,2,NA
2349,19,43317283,43960958,TRUE,130,1642,1.19063e-05,1.60276e-05,0.443015,0.354428,FALSE,NA,NA,NA,NA,NA,NA,2,NA
2350,19,43960959,45040932,TRUE,318,2457,0.000142429,0.000178836,0.209798,0.0110974,FALSE,NA,NA,NA,NA,NA,NA,2,NA
2351,19,45040933,45893307,TRUE,386,1933,0.000422634,0.000482308,0.0195374,1.55192e-07,TRUE,0.233185,0.233185,FALSE,-0.33054,0.86082,0.357621,2,NA
2352,19,45893308,46765060,TRUE,306,1957,0.000312153,0.000279473,0.0418324,0.000236885,TRUE,-0.0688598,-0.0688598,FALSE,-1,0.69196,0.833698,2,NA
2353,19,46765061,47752727,TRUE,362,1934,NA,0.000261013,NA,0.00111253,FALSE,NA,NA,NA,NA,NA,NA,1,"MDD_noUKB"
2354,19,47752728,48573065,TRUE,280,1916,0.000252921,0.000225227,0.0706946,0.00180502,FALSE,NA,NA,NA,NA,NA,NA,2,NA
2355,19,48573066,49415189,TRUE,315,2147,0.000591082,0.000371117,0.00104957,6.12641e-06,TRUE,-0.227983,-0.227983,FALSE,-0.87117,0.22892,0.317332,2,NA
2356,19,49415190,50451925,TRUE,375,1976,0.000338013,0.000307818,0.0453061,0.000236939,TRUE,-0.0687901,-0.0687901,FALSE,-1,0.67347,0.834165,2,NA
2357,19,50451926,51259178,TRUE,334,1603,0.000595185,0.000170502,0.00120145,0.0158091,TRUE,-0.251748,-0.251748,FALSE,-1,0.39505,0.422045,2,NA
2358,19,51259179,51903804,TRUE,359,1618,0.00047277,0.000110145,0.00869604,0.0840821,FALSE,NA,NA,NA,NA,NA,NA,2,NA
2359,19,51903805,52678748,TRUE,353,2452,NA,0.000111205,NA,0.0792277,FALSE,NA,NA,NA,NA,NA,NA,1,"MDD_noUKB"
2360,19,52678749,53431217,TRUE,359,2440,0.000151716,0.000166253,0.209054,0.020824,FALSE,NA,NA,NA,NA,NA,NA,2,NA
2361,19,53431218,54042240,TRUE,371,2052,0.000414276,0.000178944,0.0194321,0.0168909,TRUE,-0.0654531,-0.0654531,FALSE,-1,0.80674,0.861505,2,NA
2362,19,54042241,54602370,TRUE,311,1346,NA,7.78482e-05,NA,0.146135,FALSE,NA,NA,NA,NA,NA,NA,1,"MDD_noUKB"
2363,19,54602371,55182973,TRUE,321,1608,0.000351136,4.30032e-05,0.0346374,0.276197,FALSE,NA,NA,NA,NA,NA,NA,2,NA
2364,19,55182974,55714085,TRUE,209,1295,NA,0.000231845,NA,0.000269787,FALSE,NA,NA,NA,NA,NA,NA,1,"MDD_noUKB"
2365,19,55714086,56411086,TRUE,457,1740,0.00023502,0.000259781,0.13702,0.00305315,FALSE,NA,NA,NA,NA,NA,NA,2,NA
2366,19,56411087,57143509,TRUE,380,2068,0.000229471,0.000150644,0.121764,0.0367509,FALSE,NA,NA,NA,NA,NA,NA,2,NA
2367,19,57143510,57959952,TRUE,375,2026,NA,0.000228583,NA,0.00404958,FALSE,NA,NA,NA,NA,NA,NA,1,"MDD_noUKB"
2368,19,57959953,59118811,TRUE,298,2342,9.97388e-05,0.00021742,0.275377,0.00235996,FALSE,NA,NA,NA,NA,NA,NA,2,NA
2369,20,60795,884241,TRUE,513,2198,NA,0.000121013,NA,0.101411,FALSE,NA,NA,NA,NA,NA,NA,1,"MDD_noUKB"
2370,20,884242,1771285,TRUE,413,2242,8.87996e-05,3.15789e-05,0.324166,0.347167,FALSE,NA,NA,NA,NA,NA,NA,2,NA
2371,20,1771286,2668108,TRUE,401,2351,0.000123978,7.07843e-05,0.263234,0.196299,FALSE,NA,NA,NA,NA,NA,NA,2,NA
2372,20,2668109,3736551,TRUE,332,2300,0.000285719,2.3524e-05,0.0622143,0.368857,FALSE,NA,NA,NA,NA,NA,NA,2,NA
2373,20,3736552,4591847,TRUE,361,2339,NA,0.000258734,NA,0.00109282,FALSE,NA,NA,NA,NA,NA,NA,1,"MDD_noUKB"
2374,20,4591848,5379450,TRUE,323,2151,NA,0.000201342,NA,0.00548692,FALSE,NA,NA,NA,NA,NA,NA,1,"MDD_noUKB"
2375,20,5379451,6128358,TRUE,310,2048,1.1214e-05,6.28305e-05,0.463945,0.192723,FALSE,NA,NA,NA,NA,NA,NA,2,NA
2376,20,6128359,7231796,TRUE,380,2387,1.6327e-05,0.000222031,0.457219,0.00479625,FALSE,NA,NA,NA,NA,NA,NA,2,NA
2377,20,7231797,7959828,TRUE,167,1831,8.19548e-05,5.59776e-05,0.256367,0.146435,FALSE,NA,NA,NA,NA,NA,NA,2,NA
2378,20,7959829,9279550,TRUE,428,2973,1.99404e-05,0.000262308,0.452604,0.00185231,FALSE,NA,NA,NA,NA,NA,NA,2,NA
2379,20,9279551,10279603,TRUE,390,2268,0.000228059,0.000103322,0.125253,0.105127,FALSE,NA,NA,NA,NA,NA,NA,2,NA
2380,20,10279604,11257012,TRUE,372,2405,0.000116346,0.000166838,0.268033,0.0215023,FALSE,NA,NA,NA,NA,NA,NA,2,NA
2381,20,11257013,12353961,TRUE,302,2577,NA,0.000419938,NA,1.17461e-07,FALSE,NA,NA,NA,NA,NA,NA,1,"MDD_noUKB"
2382,20,12353962,13202335,TRUE,273,2415,0.00014949,0.00021169,0.180709,0.00181577,FALSE,NA,NA,NA,NA,NA,NA,2,NA
2383,20,13202336,14203755,TRUE,236,2124,0.000358121,6.56033e-05,0.0135116,0.151916,FALSE,NA,NA,NA,NA,NA,NA,2,NA
2384,20,14203756,15238519,TRUE,264,2396,0.000610421,0.000241718,0.000294994,0.000534811,TRUE,0.254556,0.254556,FALSE,-0.29194,0.83204,0.305846,2,NA
2385,20,15238520,15962576,TRUE,336,1914,0.000233247,0.000391637,0.104196,2.47804e-06,FALSE,NA,NA,NA,NA,NA,NA,2,NA
2386,20,15962577,16661516,TRUE,277,2224,0.000164693,0.000241615,0.160741,0.000625533,FALSE,NA,NA,NA,NA,NA,NA,2,NA
2387,20,16661517,17359290,TRUE,282,1965,0.000392013,0.000164769,0.0128953,0.0125412,TRUE,0.224735,0.224735,FALSE,-0.76248,1,0.528548,2,NA
2388,20,17359291,18058524,TRUE,295,1964,0.000356195,0.000250251,0.0243214,0.000679994,TRUE,0.40635,0.40635,FALSE,-0.29114,1,0.204426,2,NA
2389,20,18058525,18959419,TRUE,218,2431,8.48489e-05,0.0004939,0.276455,2.508e-11,FALSE,NA,NA,NA,NA,NA,NA,2,NA
2390,20,18959420,19957928,TRUE,384,2430,0.000463135,0.000172661,0.0121276,0.0242071,TRUE,-0.0850243,-0.0850243,FALSE,-1,0.78006,0.8192,2,NA
2391,20,19957929,21682377,TRUE,438,3013,NA,0.000389957,NA,1.7948e-05,FALSE,NA,NA,NA,NA,NA,NA,1,"MDD_noUKB"
2392,20,21682378,22780956,TRUE,253,2058,0.000445621,0.000205476,0.00426612,0.00186511,TRUE,-0.0721059,-0.0721059,FALSE,-0.92113,0.56971,0.807387,2,NA
2393,20,22780957,23808562,TRUE,314,2621,NA,0.000308507,NA,6.19423e-05,FALSE,NA,NA,NA,NA,NA,NA,1,"MDD_noUKB"
2394,20,23808563,24487128,TRUE,187,1887,0.00019359,0.000201059,0.0831312,0.000792096,FALSE,NA,NA,NA,NA,NA,NA,2,NA
2395,20,24487129,25181038,TRUE,159,1955,NA,4.30545e-05,NA,0.208282,FALSE,NA,NA,NA,NA,NA,NA,1,"MDD_noUKB"
2396,20,25181039,26318858,TRUE,88,1532,NA,7.33605e-06,NA,0.407284,FALSE,NA,NA,NA,NA,NA,NA,1,"MDD_noUKB"
2397,20,26318859,30569659,TRUE,107,1387,NA,0.000162392,NA,0.000449994,FALSE,NA,NA,NA,NA,NA,NA,1,"MDD_noUKB"
2398,20,30569660,32484506,TRUE,418,2867,0.000323165,0.000564895,0.0610598,3.29273e-09,FALSE,NA,NA,NA,NA,NA,NA,2,NA
2399,20,32484507,33890060,TRUE,131,1811,2.48949e-05,0.000271882,0.398843,8.12695e-07,FALSE,NA,NA,NA,NA,NA,NA,2,NA
2400,20,33890061,35990261,TRUE,326,2805,NA,0.000614223,NA,3.57009e-12,FALSE,NA,NA,NA,NA,NA,NA,1,"MDD_noUKB"
2401,20,35990262,37253657,TRUE,370,2307,7.59282e-05,0.000257851,0.338937,0.001283,FALSE,NA,NA,NA,NA,NA,NA,2,NA
2402,20,37253658,38427594,TRUE,276,2488,0.000273751,0.000506627,0.0544409,2.99204e-10,FALSE,NA,NA,NA,NA,NA,NA,2,NA
2403,20,38427595,40272390,TRUE,471,3412,NA,0.000453938,NA,2.3448e-06,FALSE,NA,NA,NA,NA,NA,NA,1,"MDD_noUKB"
2404,20,40272391,41351514,TRUE,430,2686,0.00035053,0.000444186,0.0494451,1.8792e-06,TRUE,-0.818503,-0.818503,FALSE,-1,-0.23913,0.00525207,2,NA
2405,20,41351515,42185671,TRUE,353,1783,0.00080961,0.000559619,4.09642e-05,3.65324e-10,TRUE,-0.35723,-0.35723,FALSE,-0.81988,-0.02078,0.0409379,2,NA
2406,20,42185672,43008890,TRUE,320,1792,9.14e-05,0.000133987,0.298089,0.0400948,FALSE,NA,NA,NA,NA,NA,NA,2,NA
2407,20,43008891,44072210,TRUE,305,1858,NA,0.00032294,NA,2.56935e-05,FALSE,NA,NA,NA,NA,NA,NA,1,"MDD_noUKB"
2408,20,44072211,45673603,TRUE,497,3551,7.13209e-05,0.000705502,0.367692,3.07827e-11,FALSE,NA,NA,NA,NA,NA,NA,2,NA
2409,20,45673604,46486132,TRUE,287,1834,0.000411694,0.000207642,0.0104717,0.00291159,TRUE,-0.0601459,-0.0601459,FALSE,-1,0.62181,0.850561,2,NA
2410,20,46486133,47203836,TRUE,290,1732,3.86025e-05,0.000420497,0.400169,1.12967e-07,FALSE,NA,NA,NA,NA,NA,NA,2,NA
2411,20,47203837,48212975,TRUE,238,2404,0.00010636,0.00051938,0.241107,1.77505e-11,FALSE,NA,NA,NA,NA,NA,NA,2,NA
2412,20,48212976,49236418,TRUE,343,2401,0.000840137,0.000466874,2.06105e-05,1.17068e-07,TRUE,-0.0744581,-0.0744581,FALSE,-0.49639,0.28314,0.686927,2,NA
2413,20,49236419,50653620,TRUE,543,3556,0.000202545,0.000549191,0.190548,1.35177e-07,FALSE,NA,NA,NA,NA,NA,NA,2,NA
2414,20,50653621,51533750,TRUE,198,1936,0.000359489,0.000210543,0.00827041,0.000513305,TRUE,-0.0274776,-0.0274776,FALSE,-0.87739,0.59961,0.926279,2,NA
2415,20,51533751,52411532,TRUE,410,1824,0.000456726,0.000260196,0.0151242,0.00171968,TRUE,0.634646,0.634646,FALSE,0.02411,1,0.0441473,2,NA
2416,20,52411533,53120334,TRUE,299,1993,0.000163621,0.000213969,0.171504,0.00248899,FALSE,NA,NA,NA,NA,NA,NA,2,NA
2417,20,53120335,53879803,TRUE,199,1848,0.000127691,NA,0.181668,NA,FALSE,NA,NA,NA,NA,NA,NA,1,"BIP_noUKB"
2418,20,53879804,54743694,TRUE,243,1887,0.000280004,0.000108846,0.0434625,0.052878,FALSE,NA,NA,NA,NA,NA,NA,2,NA
2419,20,54743695,55448075,TRUE,361,1841,9.93674e-05,0.000136357,0.294302,0.0484659,FALSE,NA,NA,NA,NA,NA,NA,2,NA
2420,20,55448076,56172843,TRUE,396,2196,NA,NA,NA,NA,FALSE,NA,NA,NA,NA,NA,NA,0,"MDD_noUKB,BIP_noUKB"
2421,20,56172844,56951773,FALSE,NA,NA,NA,NA,NA,NA,FALSE,NA,NA,NA,NA,NA,NA,NA,NA
2422,20,56951774,57924037,TRUE,408,1976,0.000828365,0.000457267,7.69204e-05,5.20358e-07,TRUE,-0.0230577,-0.0230577,FALSE,-0.46818,0.35979,0.905353,2,NA
2423,20,57924038,58780894,TRUE,405,1887,0.000533202,0.000253812,0.00584495,0.00225652,TRUE,0.153989,0.153989,FALSE,-0.5918,0.85197,0.604756,2,NA
2424,20,58780895,59560457,TRUE,312,1970,0.000292296,0.000570853,0.0533099,1.57961e-11,FALSE,NA,NA,NA,NA,NA,NA,2,NA
2425,20,59560458,60125333,FALSE,NA,NA,NA,NA,NA,NA,FALSE,NA,NA,NA,NA,NA,NA,NA,NA
2426,20,60125334,60766557,TRUE,349,1830,0.00025126,0.000194431,0.0928586,0.00922252,FALSE,NA,NA,NA,NA,NA,NA,2,NA
2427,20,60766558,61470768,TRUE,353,1872,0.000371383,0.000334517,0.0294473,5.54954e-05,TRUE,0.00628121,0.00628121,FALSE,-0.8742,0.66804,0.983258,2,NA
2428,20,61470769,62179241,TRUE,419,2299,0.000279174,0.000381384,0.0893398,2.39664e-05,FALSE,NA,NA,NA,NA,NA,NA,2,NA
2429,20,62179242,62963627,TRUE,281,1777,0.000426459,0.000343583,0.00806176,6.59502e-06,TRUE,0.0224503,0.0224503,FALSE,-0.66661,0.58669,0.930462,2,NA
2430,21,9411245,15026792,TRUE,28,439,0.000155341,0.000126847,0.00732799,7.03959e-05,TRUE,0.515906,0.515906,FALSE,-0.11427,1,0.115522,2,NA
2431,21,15026793,15840033,TRUE,172,1936,NA,7.0681e-05,NA,0.0988637,FALSE,NA,NA,NA,NA,NA,NA,1,"MDD_noUKB"
2432,21,15840034,16873443,TRUE,398,2201,9.58237e-05,0.000118929,0.310249,0.0796444,FALSE,NA,NA,NA,NA,NA,NA,2,NA
2433,21,16873444,18222037,TRUE,362,2111,NA,0.00022532,NA,0.00372187,FALSE,NA,NA,NA,NA,NA,NA,1,"MDD_noUKB"
2434,21,18222038,19479024,TRUE,392,2803,0.000936471,0.000246979,8.6552e-06,0.00253269,TRUE,-0.0838263,-0.0838263,FALSE,-0.70239,0.40307,0.72245,2,NA
2435,21,19479025,20407307,TRUE,339,2478,NA,0.000334857,NA,3.90676e-05,FALSE,NA,NA,NA,NA,NA,NA,1,"MDD_noUKB"
2436,21,20407308,21632916,TRUE,346,3178,0.00034108,6.04966e-05,0.037587,0.212278,FALSE,NA,NA,NA,NA,NA,NA,2,NA
2437,21,21632917,22201890,TRUE,245,1869,0.000274977,0.000307543,0.0442062,1.16396e-05,TRUE,-0.168806,-0.168806,FALSE,-1,0.47483,0.58558,2,NA
2438,21,22201891,23266941,TRUE,303,2907,NA,0.000192235,NA,0.00607393,FALSE,NA,NA,NA,NA,NA,NA,1,"MDD_noUKB"
2439,21,23266942,24055941,TRUE,263,1809,NA,0.000296278,NA,4.85516e-05,FALSE,NA,NA,NA,NA,NA,NA,1,"MDD_noUKB"
2440,21,24055942,25247986,TRUE,351,3224,0.000194662,0.000311865,0.149112,0.000103835,FALSE,NA,NA,NA,NA,NA,NA,2,NA
2441,21,25247987,26467826,TRUE,309,3347,0.000158347,0.000259005,0.18166,0.000455189,FALSE,NA,NA,NA,NA,NA,NA,2,NA
2442,21,26467827,27774350,TRUE,343,2860,0.000174029,0.000564712,0.173493,2.47803e-10,FALSE,NA,NA,NA,NA,NA,NA,2,NA
2443,21,27774351,28616539,TRUE,315,2537,0.000291597,0.000235537,0.0543879,0.00150651,FALSE,NA,NA,NA,NA,NA,NA,2,NA
2444,21,28616540,29449870,TRUE,248,2078,0.000283603,0.000265268,0.0407945,0.000120448,TRUE,-0.499174,-0.499174,FALSE,-1,0.14746,0.12366,2,NA
2445,21,29449871,30847296,TRUE,194,3109,NA,0.000126771,NA,0.0179017,FALSE,NA,NA,NA,NA,NA,NA,1,"MDD_noUKB"
2446,21,30847297,32202239,TRUE,274,3264,NA,0.000239842,NA,0.00080463,FALSE,NA,NA,NA,NA,NA,NA,1,"MDD_noUKB"
2447,21,32202240,33270272,TRUE,357,2538,NA,0.000172651,NA,0.0176286,FALSE,NA,NA,NA,NA,NA,NA,1,"MDD_noUKB"
2448,21,33270273,34383794,TRUE,351,2438,0.000194516,0.000205904,0.150493,0.00608878,FALSE,NA,NA,NA,NA,NA,NA,2,NA
2449,21,34383795,35729261,TRUE,493,2647,0.000272913,0.000342185,0.112177,0.000260846,FALSE,NA,NA,NA,NA,NA,NA,2,NA
2450,21,35729262,37303548,TRUE,530,3618,0.000403209,NA,0.0447196,NA,FALSE,NA,NA,NA,NA,NA,NA,1,"BIP_noUKB"
2451,21,37303549,38046449,TRUE,247,2260,2.37918e-06,0.000107399,0.482029,0.056233,FALSE,NA,NA,NA,NA,NA,NA,2,NA
2452,21,38046450,39252059,TRUE,392,2883,NA,0.000434837,NA,1.06233e-06,FALSE,NA,NA,NA,NA,NA,NA,1,"MDD_noUKB"
2453,21,39252060,40480831,TRUE,477,2747,0.00068696,0.000737589,0.00143458,6.29595e-13,TRUE,-0.173744,-0.173744,FALSE,-0.64916,0.18656,0.344716,2,NA
2454,21,40480832,41344742,TRUE,286,2512,NA,0.000183835,NA,0.006538,FALSE,NA,NA,NA,NA,NA,NA,1,"MDD_noUKB"
2455,21,41344743,42187152,TRUE,377,2459,0.000138578,0.000120291,0.234031,0.0705551,FALSE,NA,NA,NA,NA,NA,NA,2,NA
2456,21,42187153,43081434,TRUE,483,2390,6.30001e-05,0.000434415,0.380245,7.08502e-06,FALSE,NA,NA,NA,NA,NA,NA,2,NA
2457,21,43081435,43812791,TRUE,524,2601,1.03387e-05,0.000414714,0.473781,2.74754e-05,FALSE,NA,NA,NA,NA,NA,NA,2,NA
2458,21,43812792,44815008,TRUE,420,3046,0.000705959,0.000463957,0.000664934,6.90573e-07,TRUE,-0.299854,-0.299854,FALSE,-0.88593,0.10627,0.153375,2,NA
2459,21,44815009,46045433,TRUE,484,2713,0.000619041,0.000529352,0.00450861,3.79144e-07,TRUE,0.353922,0.353922,FALSE,-0.11076,0.92884,0.118995,2,NA
2460,21,46045434,47014880,TRUE,447,2927,0.000390676,0.000442915,0.0374219,2.89723e-06,TRUE,0.470336,0.470336,FALSE,-0.09237,1,0.0970095,2,NA
2461,21,47014881,48119633,TRUE,308,2919,7.05591e-05,0.000418003,0.335918,2.29385e-07,FALSE,NA,NA,NA,NA,NA,NA,2,NA
2462,22,16050213,17587474,TRUE,140,961,0.000103209,0.000100658,0.188542,0.0267572,FALSE,NA,NA,NA,NA,NA,NA,2,NA
2463,22,17587475,18535225,TRUE,452,2634,0.000321077,0.000291523,0.0690068,0.00107214,FALSE,NA,NA,NA,NA,NA,NA,2,NA
2464,22,18535226,19635654,TRUE,277,2149,0.000353632,0.000390831,0.0224328,5.52774e-07,TRUE,-0.0130898,-0.0130898,FALSE,-0.74413,0.57534,0.960878,2,NA
2465,22,19635655,20969184,TRUE,375,2280,0.000761407,0.000261431,0.000142738,0.00123266,TRUE,-0.124283,-0.124283,FALSE,-0.7984,0.37086,0.612165,2,NA
2466,22,20969185,22404422,TRUE,252,2072,8.72661e-05,7.53186e-05,0.284001,0.127801,FALSE,NA,NA,NA,NA,NA,NA,2,NA
2467,22,22404423,23143364,FALSE,NA,NA,NA,NA,NA,NA,FALSE,NA,NA,NA,NA,NA,NA,NA,NA
2468,22,23143365,23950732,TRUE,280,1891,0.000115119,0.000277258,0.241787,0.000138111,FALSE,NA,NA,NA,NA,NA,NA,2,NA
2469,22,23950733,25282436,TRUE,311,2617,0.00028665,0.000145018,0.0584351,0.0299917,FALSE,NA,NA,NA,NA,NA,NA,2,NA
2470,22,25282437,26166934,TRUE,301,1915,0.000217059,0.00031725,0.110093,6.9851e-05,FALSE,NA,NA,NA,NA,NA,NA,2,NA
2471,22,26166935,27192923,TRUE,471,2807,0.00013268,0.000438074,0.266309,4.86366e-06,FALSE,NA,NA,NA,NA,NA,NA,2,NA
2472,22,27192924,27952441,TRUE,521,2444,NA,0.000165276,NA,0.0443831,FALSE,NA,NA,NA,NA,NA,NA,1,"MDD_noUKB"
2473,22,27952442,29457601,TRUE,335,2620,NA,0.000481884,NA,2.76756e-08,FALSE,NA,NA,NA,NA,NA,NA,1,"MDD_noUKB"
2474,22,29457602,30962255,TRUE,319,3005,0.000187501,0.000347178,0.147011,1.16213e-05,FALSE,NA,NA,NA,NA,NA,NA,2,NA
2475,22,30962256,31904549,TRUE,229,1900,1.42646e-05,0.000226744,0.450413,0.000619566,FALSE,NA,NA,NA,NA,NA,NA,2,NA
2476,22,31904550,32662293,TRUE,137,1889,NA,0.000170959,NA,0.000889795,FALSE,NA,NA,NA,NA,NA,NA,1,"MDD_noUKB"
2477,22,32662294,33501725,TRUE,341,2374,7.49978e-05,9.78419e-05,0.334554,0.104423,FALSE,NA,NA,NA,NA,NA,NA,2,NA
2478,22,33501726,34361897,TRUE,341,2325,7.25217e-05,0.000212588,0.33985,0.00465805,FALSE,NA,NA,NA,NA,NA,NA,2,NA
2479,22,34361898,35368341,TRUE,258,3024,6.75015e-06,0.00011796,0.471558,0.0429563,FALSE,NA,NA,NA,NA,NA,NA,2,NA
2480,22,35368342,36135968,TRUE,276,1938,0.000184752,0.000222909,0.134718,0.00149332,FALSE,NA,NA,NA,NA,NA,NA,2,NA
2481,22,36135969,37364004,TRUE,428,2732,NA,8.07235e-05,NA,0.173923,FALSE,NA,NA,NA,NA,NA,NA,1,"MDD_noUKB"
2482,22,37364005,38718589,TRUE,499,2894,0.000177026,0.000242343,0.211816,0.00645221,FALSE,NA,NA,NA,NA,NA,NA,2,NA
2483,22,38718590,40378783,TRUE,476,2974,0.000302512,0.000553788,0.0871693,4.00204e-08,FALSE,NA,NA,NA,NA,NA,NA,2,NA
2484,22,40378784,41722787,TRUE,193,1782,7.48312e-05,0.000259365,0.286856,2.98371e-05,FALSE,NA,NA,NA,NA,NA,NA,2,NA
2485,22,41722788,42867927,TRUE,205,1963,0.000492166,0.000440283,0.000945948,6.82527e-10,TRUE,0.242265,0.242265,FALSE,-0.18904,0.68367,0.237586,2,NA
2486,22,42867928,43574017,TRUE,223,1810,1.95953e-05,0.000196994,0.43549,0.00166154,FALSE,NA,NA,NA,NA,NA,NA,2,NA
2487,22,43574018,44409533,TRUE,328,2363,3.28085e-05,0.000190863,0.4182,0.00845283,FALSE,NA,NA,NA,NA,NA,NA,2,NA
2488,22,44409534,45170649,TRUE,539,2404,NA,0.000409948,NA,4.23875e-05,FALSE,NA,NA,NA,NA,NA,NA,1,"MDD_noUKB"
2489,22,45170650,46351048,TRUE,589,3352,0.00105134,0.000148676,2.89359e-05,0.0730957,FALSE,NA,NA,NA,NA,NA,NA,2,NA
2490,22,46351049,47299625,TRUE,409,2454,7.65992e-05,8.38438e-05,0.345578,0.159476,FALSE,NA,NA,NA,NA,NA,NA,2,NA
2491,22,47299626,48269177,TRUE,437,2645,7.36182e-05,0.000581413,0.355128,2.07625e-09,FALSE,NA,NA,NA,NA,NA,NA,2,NA
2492,22,48269178,48977538,TRUE,413,2192,0.0001327,0.000225981,0.253127,0.00614999,FALSE,NA,NA,NA,NA,NA,NA,2,NA
2493,22,48977539,49559207,TRUE,463,2922,0.000154249,8.07752e-05,0.233772,0.181919,FALSE,NA,NA,NA,NA,NA,NA,2,NA
2494,22,49559208,50347996,TRUE,386,2676,NA,6.6591e-05,NA,0.204481,FALSE,NA,NA,NA,NA,NA,NA,1,"MDD_noUKB"
2495,22,50347997,51244236,TRUE,375,2246,0.000851142,0.000238274,2.94562e-05,0.00288344,TRUE,0.272623,0.272623,FALSE,-0.26479,0.84864,0.266622,2,NA
