"K","r_e","rho_true","p_lava_1","p_direct_1","p_lava_2","p_direct_2","rho_lava","rho_direct","estimable","bivar_aborted","rel_p","rel_rho","gated"
100,0,-0.8,0.441969,0.441969,0.337113,0.337113,NA,NA,TRUE,FALSE,0,NA,FALSE
100,0,-0.8,0.0605302,0.0605302,0.115882,0.115882,0.0629113,0.0629113,TRUE,FALSE,0,0,FALSE
100,0,-0.8,0.65827,0.65827,0.0933942,0.0933942,NA,NA,FALSE,TRUE,0,NA,FALSE
100,0,-0.8,0.967332,0.967332,0.404116,0.404116,NA,NA,FALSE,TRUE,0,NA,FALSE
100,0,-0.8,0.535907,0.535907,0.204879,0.204879,NA,NA,FALSE,TRUE,0,NA,FALSE
100,0,-0.8,0.33758,0.33758,0.133108,0.133108,0.961874,0.961874,TRUE,FALSE,0,0,FALSE
100,0,-0.8,0.414229,0.414229,0.0641385,0.0641385,-0.133931,-0.133931,TRUE,FALSE,0,0,FALSE
100,0,-0.8,0.183777,0.183777,0.0491949,0.0491949,-0.578514,-0.578514,TRUE,FALSE,0,0,FALSE
100,0,-0.8,0.0727091,0.0727091,0.0026038,0.0026038,-0.398106,-0.398106,TRUE,FALSE,0,0,FALSE
100,0,-0.8,0.763844,0.763844,0.0643788,0.0643788,NA,NA,FALSE,TRUE,0,NA,FALSE
100,0,-0.8,0.207491,0.207491,0.43782,0.43782,NA,NA,TRUE,FALSE,0,NA,FALSE
100,0,-0.8,0.108504,0.108504,0.542802,0.542802,NA,NA,FALSE,TRUE,0,NA,FALSE
100,0,-0.8,0.938776,0.938776,0.83293,0.83293,0.451672,NA,FALSE,FALSE,0,NA,FALSE
100,0,-0.8,0.146703,0.146703,0.0523153,0.0523153,-0.659497,-0.659497,TRUE,FALSE,0,0,FALSE
100,0,-0.8,0.648042,0.648042,0.0793701,0.0793701,NA,NA,FALSE,TRUE,0,NA,FALSE
100,0,-0.8,0.465552,0.465552,0.782517,0.782517,NA,NA,FALSE,TRUE,0,NA,FALSE
100,0,-0.8,0.709947,0.709947,0.4909,0.4909,NA,NA,FALSE,FALSE,0,NA,FALSE
100,0,-0.8,0.346465,0.346465,0.000432789,0.000432789,0.43832,0.43832,TRUE,FALSE,0,0,FALSE
100,0,-0.8,0.494433,0.494433,0.319335,0.319335,NA,NA,FALSE,TRUE,0,NA,FALSE
100,0,-0.8,0.259105,0.259105,0.019767,0.019767,-0.65377,-0.65377,TRUE,FALSE,0,0,FALSE
100,0,-0.8,0.331507,0.331507,0.638861,0.638861,NA,NA,FALSE,TRUE,0,NA,FALSE
100,0,-0.8,0.485726,0.485726,0.60662,0.60662,NA,NA,FALSE,FALSE,0,NA,FALSE
100,0,-0.8,0.203899,0.203899,0.0654613,0.0654613,-0.585768,-0.585768,TRUE,FALSE,0,0,FALSE
100,0,-0.8,0.556343,0.556343,0.156737,0.156737,NA,NA,FALSE,TRUE,0,NA,FALSE
100,0,-0.8,0.0565401,0.0565401,0.139416,0.139416,-0.515167,-0.515167,TRUE,FALSE,0,0,FALSE
100,0,-0.8,0.284152,0.284152,0.000438533,0.000438533,-0.286534,-0.286534,TRUE,FALSE,0,0,FALSE
100,0,-0.8,0.366558,0.366558,0.180331,0.180331,0.814398,0.814398,TRUE,FALSE,0,0,FALSE
100,0,-0.8,0.238757,0.238757,0.535258,0.535258,NA,NA,FALSE,TRUE,0,NA,FALSE
100,0,-0.8,0.638034,0.638034,0.688443,0.688443,NA,NA,FALSE,FALSE,0,NA,FALSE
100,0,-0.8,0.202562,0.202562,0.291775,0.291775,NA,NA,TRUE,FALSE,0,NA,FALSE
100,0,-0.8,0.274852,0.274852,0.279444,0.279444,0.486451,0.486451,TRUE,FALSE,0,0,FALSE
100,0,-0.8,0.549479,0.549479,0.0546927,0.0546927,NA,NA,FALSE,TRUE,0,NA,FALSE
100,0,-0.8,0.291716,0.291716,5.08826e-05,5.08826e-05,-0.562496,-0.562496,TRUE,FALSE,0,0,FALSE
100,0,-0.8,0.583962,0.583962,0.0445829,0.0445829,NA,NA,FALSE,TRUE,0,NA,FALSE
100,0,-0.8,0.441044,0.441044,0.0484424,0.0484424,0.541641,0.541641,TRUE,FALSE,0,0,FALSE
100,0,-0.8,0.187499,0.187499,0.017985,0.017985,NA,NA,TRUE,FALSE,0,NA,FALSE
100,0,-0.8,0.938867,0.938867,0.0360684,0.0360684,NA,NA,FALSE,TRUE,0,NA,FALSE
100,0,-0.8,0.29513,0.29513,0.286222,0.286222,-0.37307,-0.37307,TRUE,FALSE,0,0,FALSE
100,0,-0.8,0.00205681,0.00205681,0.506538,0.506538,NA,NA,FALSE,TRUE,0,NA,FALSE
100,0,-0.8,0.0135932,0.0135932,0.164636,0.164636,0.619175,0.619175,TRUE,FALSE,0,0,FALSE
100,0,-0.8,0.106536,0.106536,0.299636,0.299636,1,1,TRUE,FALSE,0,0,FALSE
100,0,-0.8,0.252607,0.252607,2.89028e-05,2.89028e-05,0.326094,0.326094,TRUE,FALSE,0,0,FALSE
100,0,-0.8,0.515157,0.515157,0.646999,0.646999,NA,NA,FALSE,FALSE,0,NA,FALSE
100,0,-0.8,0.66268,0.66268,0.464299,0.464299,NA,NA,FALSE,TRUE,0,NA,FALSE
100,0,-0.8,0.334401,0.334401,0.499486,0.499486,NA,NA,FALSE,TRUE,0,NA,FALSE
100,0,-0.8,0.495672,0.495672,0.267627,0.267627,NA,NA,FALSE,TRUE,0,NA,FALSE
100,0,-0.8,0.297358,0.297358,0.139806,0.139806,0.798605,0.798605,TRUE,FALSE,0,0,FALSE
100,0,-0.8,0.132476,0.132476,0.49447,0.49447,NA,NA,FALSE,TRUE,0,NA,FALSE
100,0,-0.8,0.80794,0.80794,0.153415,0.153415,NA,NA,FALSE,TRUE,0,NA,FALSE
100,0,-0.8,0.0772438,0.0772438,0.0181684,0.0181684,0.0640081,0.0640081,TRUE,FALSE,0,0,FALSE
100,0,-0.8,0.899931,0.899931,0.458202,0.458202,NA,NA,FALSE,TRUE,0,NA,FALSE
100,0,-0.8,0.293757,0.293757,0.0882082,0.0882082,-1,-1,TRUE,FALSE,0,0,FALSE
100,0,-0.8,0.442221,0.442221,0.0266166,0.0266166,-0.8717,-0.8717,TRUE,FALSE,0,0,FALSE
100,0,-0.8,0.196311,0.196311,0.000288628,0.000288628,-0.744841,-0.744841,TRUE,FALSE,0,0,FALSE
100,0,-0.8,0.716032,0.716032,0.48652,0.48652,NA,NA,FALSE,FALSE,0,NA,FALSE
100,0,-0.8,0.784683,0.784683,0.102608,0.102608,NA,NA,FALSE,TRUE,0,NA,FALSE
100,0,-0.8,0.0511076,0.0511076,0.0337359,0.0337359,0.18196,0.18196,TRUE,FALSE,0,0,FALSE
100,0,-0.8,0.777513,0.777513,0.00538915,0.00538915,NA,NA,FALSE,TRUE,0,NA,FALSE
100,0,-0.8,0.596983,0.596983,0.328463,0.328463,NA,NA,FALSE,TRUE,0,NA,FALSE
100,0,-0.8,0.835544,0.835544,0.00074907,0.00074907,NA,NA,FALSE,TRUE,0,NA,FALSE
100,0,-0.8,0.714116,0.714116,0.000584383,0.000584383,NA,NA,FALSE,TRUE,0,NA,FALSE
100,0,-0.8,0.257644,0.257644,0.15637,0.15637,NA,NA,TRUE,FALSE,0,NA,FALSE
100,0,-0.8,0.540207,0.540207,0.0871851,0.0871851,NA,NA,FALSE,TRUE,0,NA,FALSE
100,0,-0.8,0.437699,0.437699,0.0561123,0.0561123,NA,NA,TRUE,FALSE,0,NA,FALSE
100,0,-0.8,0.725989,0.725989,0.156549,0.156549,NA,NA,FALSE,TRUE,0,NA,FALSE
100,0,-0.8,0.154341,0.154341,0.0450644,0.0450644,-0.332244,-0.332244,TRUE,FALSE,0,0,FALSE
100,0,-0.8,0.0490535,0.0490535,0.339752,0.339752,NA,NA,TRUE,FALSE,0,NA,FALSE
100,0,-0.8,0.878431,0.878431,0.0768473,0.0768473,NA,NA,FALSE,TRUE,0,NA,FALSE
100,0,-0.8,0.901386,0.901386,0.0591139,0.0591139,NA,NA,FALSE,TRUE,0,NA,FALSE
100,0,-0.8,0.17254,0.17254,0.894356,0.894356,NA,NA,FALSE,TRUE,0,NA,FALSE
100,0,-0.8,0.269679,0.269679,0.0082725,0.0082725,-0.0334307,-0.0334307,TRUE,FALSE,0,0,FALSE
100,0,-0.8,0.675791,0.675791,0.162426,0.162426,NA,NA,FALSE,TRUE,0,NA,FALSE
100,0,-0.8,0.033976,0.033976,0.937475,0.937475,NA,NA,FALSE,TRUE,0,NA,FALSE
100,0,-0.8,0.097793,0.097793,0.385818,0.385818,NA,NA,TRUE,FALSE,0,NA,FALSE
100,0,-0.8,0.0847992,0.0847992,0.248142,0.248142,-0.229593,-0.229593,TRUE,FALSE,0,0,FALSE
100,0,-0.8,0.0488363,0.0488363,0.0749093,0.0749093,-0.483784,-0.483784,TRUE,FALSE,0,0,FALSE
100,0,-0.8,0.292545,0.292545,0.0010832,0.0010832,-0.137229,-0.137229,TRUE,FALSE,0,0,FALSE
100,0,-0.8,0.437926,0.437926,0.279232,0.279232,NA,NA,TRUE,FALSE,0,NA,FALSE
100,0,-0.8,0.141342,0.141342,0.0157197,0.0157197,-0.888112,-0.888112,TRUE,FALSE,0,0,FALSE
100,0,-0.8,0.391436,0.391436,0.00334499,0.00334499,-0.0668234,-0.0668234,TRUE,FALSE,0,0,FALSE
100,0,-0.8,0.140312,0.140312,0.0083326,0.0083326,-0.30081,-0.30081,TRUE,FALSE,0,0,FALSE
100,0,-0.8,0.0837207,0.0837207,0.175171,0.175171,-0.813446,-0.813446,TRUE,FALSE,0,0,FALSE
100,0,-0.8,0.274331,0.274331,0.00981721,0.00981721,NA,NA,TRUE,FALSE,0,NA,FALSE
100,0,-0.8,0.406244,0.406244,0.475538,0.475538,-0.931745,-0.931745,TRUE,FALSE,0,0,FALSE
100,0,-0.8,0.361548,0.361548,0.0183915,0.0183915,-0.19588,-0.19588,TRUE,FALSE,0,0,FALSE
100,0,-0.8,0.743335,0.743335,0.0938254,0.0938254,NA,NA,FALSE,TRUE,0,NA,FALSE
100,0,-0.8,0.305825,0.305825,0.446206,0.446206,NA,NA,TRUE,FALSE,0,NA,FALSE
100,0,-0.8,0.117622,0.117622,0.0622356,0.0622356,-0.183654,-0.183654,TRUE,FALSE,0,0,FALSE
100,0,-0.8,0.977263,0.977263,0.450756,0.450756,NA,NA,FALSE,TRUE,0,NA,FALSE
100,0,-0.8,0.493945,0.493945,0.0125541,0.0125541,NA,NA,FALSE,TRUE,0,NA,FALSE
100,0,-0.8,0.583973,0.583973,0.832455,0.832455,NA,NA,FALSE,FALSE,0,NA,FALSE
100,0,-0.8,0.755729,0.755729,0.0860609,0.0860609,NA,NA,FALSE,TRUE,0,NA,FALSE
100,0,-0.8,0.748334,0.748334,0.0940326,0.0940326,NA,NA,FALSE,TRUE,0,NA,FALSE
100,0,-0.8,0.988163,0.988163,0.0797504,0.0797504,NA,NA,FALSE,TRUE,0,NA,FALSE
100,0,-0.8,0.954796,0.954796,0.00196625,0.00196625,NA,NA,FALSE,TRUE,0,NA,FALSE
100,0,-0.8,0.435045,0.435045,0.833631,0.833631,NA,NA,FALSE,TRUE,0,NA,FALSE
100,0,-0.8,0.900313,0.900313,0.00699102,0.00699102,NA,NA,FALSE,TRUE,0,NA,FALSE
100,0,-0.8,0.900396,0.900396,0.68422,0.68422,0.123591,NA,FALSE,FALSE,0,NA,FALSE
100,0,-0.8,0.0125671,0.0125671,0.00980381,0.00980381,0.352714,0.352714,TRUE,FALSE,0,0,TRUE
100,0,-0.8,0.290548,0.290548,0.433388,0.433388,NA,NA,TRUE,FALSE,0,NA,FALSE
100,0,-0.8,0.592542,0.592542,0.580981,0.580981,NA,NA,FALSE,FALSE,0,NA,FALSE
100,0,-0.8,0.832688,0.832688,0.564533,0.564533,1,NA,FALSE,FALSE,0,NA,FALSE
100,0,-0.8,0.351239,0.351239,0.473384,0.473384,NA,NA,TRUE,FALSE,0,NA,FALSE
100,0,-0.8,0.258413,0.258413,0.0566135,0.0566135,NA,NA,TRUE,FALSE,0,NA,FALSE
100,0,-0.8,0.963472,0.963472,0.149745,0.149745,NA,NA,FALSE,TRUE,0,NA,FALSE
100,0,-0.8,0.373979,0.373979,0.0321363,0.0321363,-0.700941,-0.700941,TRUE,FALSE,0,0,FALSE
100,0,-0.8,0.885552,0.885552,0.308607,0.308607,NA,NA,FALSE,TRUE,0,NA,FALSE
100,0,-0.8,0.151323,0.151323,0.275688,0.275688,-0.0793292,-0.0793292,TRUE,FALSE,0,0,FALSE
100,0,-0.8,0.265195,0.265195,0.00264378,0.00264378,-0.0208796,-0.0208796,TRUE,FALSE,0,0,FALSE
100,0,-0.8,0.327075,0.327075,0.109675,0.109675,0.943325,0.943325,TRUE,FALSE,0,0,FALSE
100,0,-0.8,0.498756,0.498756,0.33396,0.33396,NA,NA,FALSE,TRUE,0,NA,FALSE
100,0,-0.8,0.176761,0.176761,0.000945783,0.000945783,0.921231,0.921231,TRUE,FALSE,0,0,FALSE
100,0,-0.8,0.694535,0.694535,0.288229,0.288229,NA,NA,FALSE,TRUE,0,NA,FALSE
100,0,-0.8,0.92682,0.92682,0.232066,0.232066,NA,NA,FALSE,TRUE,0,NA,FALSE
100,0,-0.8,0.776116,0.776116,0.258863,0.258863,NA,NA,FALSE,TRUE,0,NA,FALSE
100,0,-0.8,0.886426,0.886426,0.0092359,0.0092359,NA,NA,FALSE,TRUE,0,NA,FALSE
100,0,-0.8,0.35913,0.35913,0.223508,0.223508,-0.00805761,-0.00805761,TRUE,FALSE,0,0,FALSE
100,0,-0.8,0.569922,0.569922,0.121124,0.121124,NA,NA,FALSE,TRUE,0,NA,FALSE
100,0,-0.8,0.425664,0.425664,0.274579,0.274579,-0.267554,-0.267554,TRUE,FALSE,0,0,FALSE
100,0,-0.8,0.808499,0.808499,0.596523,0.596523,-0.404574,NA,FALSE,FALSE,0,NA,FALSE
100,0,-0.8,0.309736,0.309736,0.118799,0.118799,-0.432662,-0.432662,TRUE,FALSE,0,0,FALSE
100,0,-0.8,0.43242,0.43242,0.0360208,0.0360208,-0.716074,-0.716074,TRUE,FALSE,0,0,FALSE
100,0,-0.8,0.890266,0.890266,0.236429,0.236429,NA,NA,FALSE,TRUE,0,NA,FALSE
100,0,-0.8,0.129799,0.129799,0.0223556,0.0223556,-1,-1,TRUE,FALSE,0,0,FALSE
100,0,-0.8,0.905718,0.905718,0.026816,0.026816,NA,NA,FALSE,TRUE,0,NA,FALSE
100,0,-0.8,0.00304012,0.00304012,0.633122,0.633122,NA,NA,FALSE,TRUE,0,NA,FALSE
100,0,-0.8,0.189153,0.189153,0.0685125,0.0685125,-0.652486,-0.652486,TRUE,FALSE,0,0,FALSE
100,0,-0.8,0.752302,0.752302,0.282599,0.282599,NA,NA,FALSE,TRUE,0,NA,FALSE
100,0,-0.8,0.19992,0.19992,0.0531592,0.0531592,-0.855734,-0.855734,TRUE,FALSE,0,0,FALSE
100,0,-0.8,0.0117923,0.0117923,0.00427383,0.00427383,-0.274019,-0.274019,TRUE,FALSE,0,0,TRUE
100,0,-0.8,0.693393,0.693393,0.0147227,0.0147227,NA,NA,FALSE,TRUE,0,NA,FALSE
100,0,-0.8,0.284608,0.284608,0.230384,0.230384,-0.666048,-0.666048,TRUE,FALSE,0,0,FALSE
100,0,-0.8,0.117077,0.117077,0.00244892,0.00244892,0.979143,0.979143,TRUE,FALSE,0,0,FALSE
100,0,-0.8,0.566427,0.566427,0.133964,0.133964,NA,NA,FALSE,TRUE,0,NA,FALSE
100,0,-0.8,0.0973919,0.0973919,0.738416,0.738416,NA,NA,FALSE,TRUE,0,NA,FALSE
100,0,-0.8,0.802138,0.802138,0.204659,0.204659,NA,NA,FALSE,TRUE,0,NA,FALSE
100,0,-0.8,0.442194,0.442194,0.0820155,0.0820155,NA,NA,TRUE,FALSE,0,NA,FALSE
100,0,-0.8,0.768453,0.768453,0.225388,0.225388,NA,NA,FALSE,TRUE,0,NA,FALSE
100,0,-0.8,0.213426,0.213426,0.000142089,0.000142089,-0.490507,-0.490507,TRUE,FALSE,0,0,FALSE
100,0,-0.8,0.511201,0.511201,0.0701899,0.0701899,NA,NA,FALSE,TRUE,0,NA,FALSE
100,0,-0.8,0.601166,0.601166,0.0327342,0.0327342,NA,NA,FALSE,TRUE,0,NA,FALSE
100,0,-0.8,0.31338,0.31338,0.0564507,0.0564507,-0.161497,-0.161497,TRUE,FALSE,0,0,FALSE
100,0,-0.8,0.204866,0.204866,0.412062,0.412062,-0.0724685,-0.0724685,TRUE,FALSE,0,0,FALSE
100,0,-0.8,0.00725623,0.00725623,0.0307881,0.0307881,-0.0843558,-0.0843558,TRUE,FALSE,0,0,TRUE
100,0,-0.8,0.613394,0.613394,0.000304574,0.000304574,NA,NA,FALSE,TRUE,0,NA,FALSE
100,0,-0.8,0.0740684,0.0740684,0.0994193,0.0994193,-0.168292,-0.168292,TRUE,FALSE,0,0,FALSE
100,0,-0.8,0.338734,0.338734,0.306579,0.306579,0.682335,0.682335,TRUE,FALSE,0,0,FALSE
100,0,-0.8,0.733891,0.733891,0.370884,0.370884,NA,NA,FALSE,TRUE,0,NA,FALSE
100,0,-0.8,0.538919,0.538919,0.0500055,0.0500055,NA,NA,FALSE,TRUE,0,NA,FALSE
100,0,-0.8,0.0151634,0.0151634,0.0214076,0.0214076,0.350673,0.350673,TRUE,FALSE,0,0,TRUE
100,0,-0.8,0.833747,0.833747,0.58571,0.58571,-1,NA,FALSE,FALSE,0,NA,FALSE
100,0,-0.8,0.73064,0.73064,0.00476817,0.00476817,NA,NA,FALSE,TRUE,0,NA,FALSE
100,0,-0.8,0.456437,0.456437,0.535602,0.535602,NA,NA,FALSE,TRUE,0,NA,FALSE
100,0,-0.8,0.639096,0.639096,0.0831392,0.0831392,NA,NA,FALSE,TRUE,0,NA,FALSE
100,0,-0.8,0.473109,0.473109,8.86102e-05,8.86102e-05,0.727149,0.727149,TRUE,FALSE,0,0,FALSE
100,0,-0.8,0.224736,0.224736,0.0256046,0.0256046,0.00860966,0.00860966,TRUE,FALSE,0,0,FALSE
100,0,-0.8,0.396628,0.396628,0.144203,0.144203,-0.770822,-0.770822,TRUE,FALSE,0,0,FALSE
100,0,-0.8,0.711059,0.711059,0.138721,0.138721,NA,NA,FALSE,TRUE,0,NA,FALSE
100,0,-0.8,0.875462,0.875462,0.0780759,0.0780759,NA,NA,FALSE,TRUE,0,NA,FALSE
100,0,-0.8,0.963168,0.963168,0.438869,0.438869,NA,NA,FALSE,TRUE,0,NA,FALSE
100,0,-0.8,0.128655,0.128655,0.0388706,0.0388706,-0.431869,-0.431869,TRUE,FALSE,0,0,FALSE
100,0,-0.8,0.31826,0.31826,0.146488,0.146488,-0.229236,-0.229236,TRUE,FALSE,0,0,FALSE
100,0,-0.8,0.577866,0.577866,0.140472,0.140472,NA,NA,FALSE,TRUE,0,NA,FALSE
100,0,-0.8,0.985016,0.985016,0.231082,0.231082,NA,NA,FALSE,TRUE,0,NA,FALSE
100,0,-0.8,0.0404935,0.0404935,0.79483,0.79483,NA,NA,FALSE,TRUE,0,NA,FALSE
100,0,-0.8,0.945066,0.945066,0.3425,0.3425,NA,NA,FALSE,TRUE,0,NA,FALSE
100,0,-0.8,0.888252,0.888252,0.569508,0.569508,1,NA,FALSE,FALSE,0,NA,FALSE
100,0,-0.8,0.134471,0.134471,0.0342767,0.0342767,NA,NA,TRUE,FALSE,0,NA,FALSE
100,0,-0.8,0.673623,0.673623,0.0437841,0.0437841,NA,NA,FALSE,TRUE,0,NA,FALSE
100,0,-0.8,0.585124,0.585124,0.213694,0.213694,NA,NA,FALSE,TRUE,0,NA,FALSE
100,0,-0.8,0.196097,0.196097,0.000802035,0.000802035,-0.0525813,-0.0525813,TRUE,FALSE,0,0,FALSE
100,0,-0.8,0.711995,0.711995,0.543444,0.543444,NA,NA,FALSE,FALSE,0,NA,FALSE
100,0,-0.8,0.234296,0.234296,0.988661,0.988661,NA,NA,FALSE,TRUE,0,NA,FALSE
100,0,-0.8,0.853087,0.853087,0.603047,0.603047,0.841322,NA,FALSE,FALSE,0,NA,FALSE
100,0,-0.8,0.514507,0.514507,0.0399575,0.0399575,NA,NA,FALSE,TRUE,0,NA,FALSE
100,0,-0.8,0.588159,0.588159,0.479437,0.479437,NA,NA,FALSE,TRUE,0,NA,FALSE
100,0,-0.8,0.0566002,0.0566002,0.00602823,0.00602823,-0.0946339,-0.0946339,TRUE,FALSE,0,0,FALSE
100,0,-0.8,0.812295,0.812295,0.221841,0.221841,NA,NA,FALSE,TRUE,0,NA,FALSE
100,0,-0.8,0.801987,0.801987,0.0340739,0.0340739,NA,NA,FALSE,TRUE,0,NA,FALSE
100,0,-0.8,0.406986,0.406986,0.193711,0.193711,-0.803284,-0.803284,TRUE,FALSE,0,0,FALSE
100,0,-0.8,0.716587,0.716587,0.0859041,0.0859041,NA,NA,FALSE,TRUE,0,NA,FALSE
100,0,-0.8,0.545103,0.545103,0.00199866,0.00199866,NA,NA,FALSE,TRUE,0,NA,FALSE
100,0,-0.8,0.91521,0.91521,0.701419,0.701419,1,NA,FALSE,FALSE,0,NA,FALSE
100,0,-0.8,0.154252,0.154252,0.497248,0.497248,NA,NA,FALSE,TRUE,0,NA,FALSE
100,0,-0.8,0.498386,0.498386,0.0610585,0.0610585,NA,NA,FALSE,TRUE,0,NA,FALSE
100,0,-0.8,0.471549,0.471549,0.0178907,0.0178907,NA,NA,TRUE,FALSE,0,NA,FALSE
100,0,-0.8,0.105662,0.105662,0.065837,0.065837,-0.64286,-0.64286,TRUE,FALSE,0,0,FALSE
100,0,-0.8,0.381734,0.381734,0.0806293,0.0806293,-0.622301,-0.622301,TRUE,FALSE,0,0,FALSE
100,0,-0.8,0.289939,0.289939,0.6673,0.6673,NA,NA,FALSE,TRUE,0,NA,FALSE
100,0,-0.8,0.620018,0.620018,0.21033,0.21033,NA,NA,FALSE,TRUE,0,NA,FALSE
100,0,-0.8,0.330916,0.330916,0.170332,0.170332,NA,NA,TRUE,FALSE,0,NA,FALSE
100,0,-0.8,0.0296896,0.0296896,0.505978,0.505978,NA,NA,FALSE,TRUE,0,NA,FALSE
100,0,-0.8,0.637871,0.637871,0.177337,0.177337,NA,NA,FALSE,TRUE,0,NA,FALSE
100,0,-0.8,0.498459,0.498459,0.0251234,0.0251234,NA,NA,FALSE,TRUE,0,NA,FALSE
100,0,-0.8,0.513059,0.513059,0.176572,0.176572,NA,NA,FALSE,TRUE,0,NA,FALSE
100,0,-0.8,0.5945,0.5945,0.347884,0.347884,NA,NA,FALSE,TRUE,0,NA,FALSE
100,0,-0.8,0.722597,0.722597,0.00228191,0.00228191,NA,NA,FALSE,TRUE,0,NA,FALSE
100,0,-0.8,0.349349,0.349349,0.671725,0.671725,NA,NA,FALSE,TRUE,0,NA,FALSE
100,0,-0.8,0.120874,0.120874,0.118759,0.118759,0.0429028,0.0429028,TRUE,FALSE,0,0,FALSE
100,0,-0.8,0.887838,0.887838,0.671465,0.671465,-0.12801,NA,FALSE,FALSE,0,NA,FALSE
100,0,-0.3,0.968732,0.968732,0.04118,0.04118,NA,NA,FALSE,TRUE,0,NA,FALSE
100,0,-0.3,0.252356,0.252356,0.113849,0.113849,-0.325956,-0.325956,TRUE,FALSE,0,0,FALSE
100,0,-0.3,0.983733,0.983733,0.360602,0.360602,NA,NA,FALSE,TRUE,0,NA,FALSE
100,0,-0.3,0.325452,0.325452,0.514666,0.514666,NA,NA,FALSE,TRUE,0,NA,FALSE
100,0,-0.3,0.586035,0.586035,0.506009,0.506009,NA,NA,FALSE,FALSE,0,NA,FALSE
100,0,-0.3,0.528888,0.528888,0.035528,0.035528,NA,NA,FALSE,TRUE,0,NA,FALSE
100,0,-0.3,0.0523651,0.0523651,0.630818,0.630818,NA,NA,FALSE,TRUE,0,NA,FALSE
100,0,-0.3,0.151116,0.151116,0.486701,0.486701,NA,NA,FALSE,TRUE,0,NA,FALSE
100,0,-0.3,0.213917,0.213917,0.275901,0.275901,-0.573531,-0.573531,TRUE,FALSE,0,0,FALSE
100,0,-0.3,0.446625,0.446625,0.0957043,0.0957043,NA,NA,TRUE,FALSE,0,NA,FALSE
100,0,-0.3,0.334057,0.334057,0.00595613,0.00595613,NA,NA,TRUE,FALSE,0,NA,FALSE
100,0,-0.3,0.379184,0.379184,0.0232762,0.0232762,-0.604439,-0.604439,TRUE,FALSE,0,0,FALSE
100,0,-0.3,0.670388,0.670388,0.0273402,0.0273402,NA,NA,FALSE,TRUE,0,NA,FALSE
100,0,-0.3,0.587743,0.587743,0.030431,0.030431,NA,NA,FALSE,TRUE,0,NA,FALSE
100,0,-0.3,0.133372,0.133372,0.531513,0.531513,NA,NA,FALSE,TRUE,0,NA,FALSE
100,0,-0.3,0.733004,0.733004,0.0154382,0.0154382,NA,NA,FALSE,TRUE,0,NA,FALSE
100,0,-0.3,0.234085,0.234085,0.153567,0.153567,-0.629153,-0.629153,TRUE,FALSE,0,0,FALSE
100,0,-0.3,0.603763,0.603763,0.697788,0.697788,-1,NA,FALSE,FALSE,0,NA,FALSE
100,0,-0.3,0.485541,0.485541,0.243022,0.243022,NA,NA,FALSE,TRUE,0,NA,FALSE
100,0,-0.3,0.88228,0.88228,0.0308118,0.0308118,NA,NA,FALSE,TRUE,0,NA,FALSE
100,0,-0.3,0.0549127,0.0549127,0.327993,0.327993,NA,NA,TRUE,FALSE,0,NA,FALSE
100,0,-0.3,0.289415,0.289415,0.14768,0.14768,0.803067,0.803067,TRUE,FALSE,0,0,FALSE
100,0,-0.3,0.864435,0.864435,0.677391,0.677391,-0.938012,NA,FALSE,FALSE,0,NA,FALSE
100,0,-0.3,0.169868,0.169868,0.300788,0.300788,-0.248919,-0.248919,TRUE,FALSE,0,0,FALSE
100,0,-0.3,0.465082,0.465082,0.128831,0.128831,NA,NA,TRUE,FALSE,0,NA,FALSE
100,0,-0.3,0.259776,0.259776,0.70305,0.70305,NA,NA,FALSE,TRUE,0,NA,FALSE
100,0,-0.3,0.372814,0.372814,0.266654,0.266654,NA,NA,TRUE,FALSE,0,NA,FALSE
100,0,-0.3,0.24847,0.24847,0.000235077,0.000235077,0.307353,0.307353,TRUE,FALSE,0,0,FALSE
100,0,-0.3,0.861156,0.861156,0.175933,0.175933,NA,NA,FALSE,TRUE,0,NA,FALSE
100,0,-0.3,0.688327,0.688327,0.138335,0.138335,NA,NA,FALSE,TRUE,0,NA,FALSE
100,0,-0.3,0.401079,0.401079,0.188778,0.188778,NA,NA,TRUE,FALSE,0,NA,FALSE
100,0,-0.3,0.74989,0.74989,0.0319242,0.0319242,NA,NA,FALSE,TRUE,0,NA,FALSE
100,0,-0.3,0.9699,0.9699,0.0029981,0.0029981,NA,NA,FALSE,TRUE,0,NA,FALSE
100,0,-0.3,0.743675,0.743675,0.0112492,0.0112492,NA,NA,FALSE,TRUE,0,NA,FALSE
100,0,-0.3,0.0584256,0.0584256,0.328814,0.328814,0.0893001,0.0893001,TRUE,FALSE,0,0,FALSE
100,0,-0.3,0.0777906,0.0777906,0.108565,0.108565,-0.362263,-0.362263,TRUE,FALSE,0,0,FALSE
100,0,-0.3,0.982245,0.982245,0.0937739,0.0937739,NA,NA,FALSE,TRUE,0,NA,FALSE
100,0,-0.3,0.0166696,0.0166696,0.0922241,0.0922241,0.680169,0.680169,TRUE,FALSE,0,0,FALSE
100,0,-0.3,0.501376,0.501376,0.00117748,0.00117748,NA,NA,FALSE,TRUE,0,NA,FALSE
100,0,-0.3,0.406832,0.406832,0.188658,0.188658,NA,NA,TRUE,FALSE,0,NA,FALSE
100,0,-0.3,0.903417,0.903417,0.0385211,0.0385211,NA,NA,FALSE,TRUE,0,NA,FALSE
100,0,-0.3,0.508666,0.508666,0.161324,0.161324,NA,NA,FALSE,TRUE,0,NA,FALSE
100,0,-0.3,0.378801,0.378801,0.311473,0.311473,NA,NA,TRUE,FALSE,0,NA,FALSE
100,0,-0.3,0.536281,0.536281,0.0412995,0.0412995,NA,NA,FALSE,TRUE,0,NA,FALSE
100,0,-0.3,0.767734,0.767734,0.223566,0.223566,NA,NA,FALSE,TRUE,0,NA,FALSE
100,0,-0.3,0.253941,0.253941,0.159178,0.159178,0.0669602,0.0669602,TRUE,FALSE,0,0,FALSE
100,0,-0.3,0.541987,0.541987,0.704522,0.704522,NA,NA,FALSE,FALSE,0,NA,FALSE
100,0,-0.3,0.844597,0.844597,0.206165,0.206165,NA,NA,FALSE,TRUE,0,NA,FALSE
100,0,-0.3,0.0618607,0.0618607,0.0568029,0.0568029,-0.476146,-0.476146,TRUE,FALSE,0,0,FALSE
100,0,-0.3,0.921208,0.921208,0.744933,0.744933,-0.35593,NA,FALSE,FALSE,0,NA,FALSE
100,0,-0.3,0.591344,0.591344,0.0584424,0.0584424,NA,NA,FALSE,TRUE,0,NA,FALSE
100,0,-0.3,0.601219,0.601219,0.236822,0.236822,NA,NA,FALSE,TRUE,0,NA,FALSE
100,0,-0.3,0.567963,0.567963,0.00435828,0.00435828,NA,NA,FALSE,TRUE,0,NA,FALSE
100,0,-0.3,0.479426,0.479426,0.0846829,0.0846829,NA,NA,TRUE,FALSE,0,NA,FALSE
100,0,-0.3,0.355374,0.355374,0.00684212,0.00684212,-0.0501383,-0.0501383,TRUE,FALSE,0,0,FALSE
100,0,-0.3,0.233171,0.233171,0.138484,0.138484,NA,NA,TRUE,FALSE,0,NA,FALSE
100,0,-0.3,0.593781,0.593781,0.466302,0.466302,NA,NA,FALSE,TRUE,0,NA,FALSE
100,0,-0.3,0.840529,0.840529,0.219343,0.219343,NA,NA,FALSE,TRUE,0,NA,FALSE
100,0,-0.3,0.711118,0.711118,0.127875,0.127875,NA,NA,FALSE,TRUE,0,NA,FALSE
100,0,-0.3,0.977396,0.977396,0.387081,0.387081,NA,NA,FALSE,TRUE,0,NA,FALSE
100,0,-0.3,0.613843,0.613843,0.113111,0.113111,NA,NA,FALSE,TRUE,0,NA,FALSE
100,0,-0.3,0.930936,0.930936,0.563847,0.563847,-1,NA,FALSE,FALSE,0,NA,FALSE
100,0,-0.3,0.00618491,0.00618491,0.382462,0.382462,0.890208,0.890208,TRUE,FALSE,0,0,FALSE
100,0,-0.3,0.633921,0.633921,0.251643,0.251643,NA,NA,FALSE,TRUE,0,NA,FALSE
100,0,-0.3,0.678628,0.678628,0.400475,0.400475,NA,NA,FALSE,TRUE,0,NA,FALSE
100,0,-0.3,0.569774,0.569774,0.05054,0.05054,NA,NA,FALSE,TRUE,0,NA,FALSE
100,0,-0.3,0.510232,0.510232,0.0127941,0.0127941,NA,NA,FALSE,TRUE,0,NA,FALSE
100,0,-0.3,0.958919,0.958919,0.00468285,0.00468285,NA,NA,FALSE,TRUE,0,NA,FALSE
100,0,-0.3,0.325164,0.325164,0.710288,0.710288,NA,NA,FALSE,TRUE,0,NA,FALSE
100,0,-0.3,0.010274,0.010274,0.277983,0.277983,-0.746842,-0.746842,TRUE,FALSE,0,0,FALSE
100,0,-0.3,0.205697,0.205697,0.246891,0.246891,NA,NA,TRUE,FALSE,0,NA,FALSE
100,0,-0.3,0.433436,0.433436,0.00924069,0.00924069,NA,NA,TRUE,FALSE,0,NA,FALSE
100,0,-0.3,0.58113,0.58113,0.148018,0.148018,NA,NA,FALSE,TRUE,0,NA,FALSE
100,0,-0.3,0.169997,0.169997,0.0659653,0.0659653,0.441193,0.441193,TRUE,FALSE,0,0,FALSE
100,0,-0.3,0.592704,0.592704,0.403041,0.403041,NA,NA,FALSE,TRUE,0,NA,FALSE
100,0,-0.3,0.124363,0.124363,0.0425967,0.0425967,-0.227719,-0.227719,TRUE,FALSE,0,0,FALSE
100,0,-0.3,0.11818,0.11818,0.0704033,0.0704033,-0.104754,-0.104754,TRUE,FALSE,0,0,FALSE
100,0,-0.3,0.751237,0.751237,0.373138,0.373138,NA,NA,FALSE,TRUE,0,NA,FALSE
100,0,-0.3,0.958048,0.958048,0.261309,0.261309,NA,NA,FALSE,TRUE,0,NA,FALSE
100,0,-0.3,0.295639,0.295639,0.161276,0.161276,-1,-1,TRUE,FALSE,0,0,FALSE
100,0,-0.3,0.958926,0.958926,0.336795,0.336795,NA,NA,FALSE,TRUE,0,NA,FALSE
100,0,-0.3,0.68392,0.68392,0.440958,0.440958,NA,NA,FALSE,TRUE,0,NA,FALSE
100,0,-0.3,0.0726757,0.0726757,0.278097,0.278097,NA,NA,TRUE,FALSE,0,NA,FALSE
100,0,-0.3,0.850289,0.850289,0.000996747,0.000996747,NA,NA,FALSE,TRUE,0,NA,FALSE
100,0,-0.3,0.611206,0.611206,0.068591,0.068591,NA,NA,FALSE,TRUE,0,NA,FALSE
100,0,-0.3,0.406983,0.406983,0.132432,0.132432,0.423143,0.423143,TRUE,FALSE,0,0,FALSE
100,0,-0.3,0.0507756,0.0507756,0.00662556,0.00662556,0.226328,0.226328,TRUE,FALSE,0,0,FALSE
100,0,-0.3,0.753423,0.753423,0.303498,0.303498,NA,NA,FALSE,TRUE,0,NA,FALSE
100,0,-0.3,0.544264,0.544264,0.0387735,0.0387735,NA,NA,FALSE,TRUE,0,NA,FALSE
100,0,-0.3,0.127338,0.127338,0.0757622,0.0757622,0.627294,0.627294,TRUE,FALSE,0,0,FALSE
100,0,-0.3,0.617472,0.617472,0.221836,0.221836,NA,NA,FALSE,TRUE,0,NA,FALSE
100,0,-0.3,0.87103,0.87103,0.000777948,0.000777948,NA,NA,FALSE,TRUE,0,NA,FALSE
100,0,-0.3,0.513954,0.513954,0.3057,0.3057,NA,NA,FALSE,TRUE,0,NA,FALSE
100,0,-0.3,0.383856,0.383856,0.0171218,0.0171218,0.373385,0.373385,TRUE,FALSE,0,0,FALSE
100,0,-0.3,0.392462,0.392462,0.00449505,0.00449505,-0.267154,-0.267154,TRUE,FALSE,0,0,FALSE
100,0,-0.3,0.386954,0.386954,0.0979489,0.0979489,0.753798,0.753798,TRUE,FALSE,0,0,FALSE
100,0,-0.3,0.312278,0.312278,0.56375,0.56375,NA,NA,FALSE,TRUE,0,NA,FALSE
100,0,-0.3,0.719992,0.719992,0.194638,0.194638,NA,NA,FALSE,TRUE,0,NA,FALSE
100,0,-0.3,0.826999,0.826999,0.538667,0.538667,NA,NA,FALSE,FALSE,0,NA,FALSE
100,0,-0.3,0.0748501,0.0748501,0.15687,0.15687,1,1,TRUE,FALSE,0,0,FALSE
100,0,-0.3,0.0756543,0.0756543,0.585275,0.585275,NA,NA,FALSE,TRUE,0,NA,FALSE
100,0,-0.3,0.0182659,0.0182659,0.372892,0.372892,0.694408,0.694408,TRUE,FALSE,0,0,FALSE
100,0,-0.3,0.537138,0.537138,0.00556829,0.00556829,NA,NA,FALSE,TRUE,0,NA,FALSE
100,0,-0.3,0.679641,0.679641,0.17981,0.17981,NA,NA,FALSE,TRUE,0,NA,FALSE
100,0,-0.3,0.783648,0.783648,0.542443,0.542443,-0.158061,NA,FALSE,FALSE,0,NA,FALSE
100,0,-0.3,0.69997,0.69997,0.189587,0.189587,NA,NA,FALSE,TRUE,0,NA,FALSE
100,0,-0.3,0.65021,0.65021,0.0118709,0.0118709,NA,NA,FALSE,TRUE,0,NA,FALSE
100,0,-0.3,0.251286,0.251286,0.0737288,0.0737288,1,1,TRUE,FALSE,0,0,FALSE
100,0,-0.3,0.0906412,0.0906412,0.296085,0.296085,-0.303417,-0.303417,TRUE,FALSE,0,0,FALSE
100,0,-0.3,0.929491,0.929491,0.141791,0.141791,NA,NA,FALSE,TRUE,0,NA,FALSE
100,0,-0.3,0.237347,0.237347,0.913401,0.913401,NA,NA,FALSE,TRUE,0,NA,FALSE
100,0,-0.3,0.716154,0.716154,0.00097508,0.00097508,NA,NA,FALSE,TRUE,0,NA,FALSE
100,0,-0.3,0.562262,0.562262,0.0246731,0.0246731,NA,NA,FALSE,TRUE,0,NA,FALSE
100,0,-0.3,0.344414,0.344414,0.00256612,0.00256612,0.424575,0.424575,TRUE,FALSE,0,0,FALSE
100,0,-0.3,0.439487,0.439487,0.124714,0.124714,NA,NA,TRUE,FALSE,0,NA,FALSE
100,0,-0.3,0.597024,0.597024,0.073254,0.073254,NA,NA,FALSE,TRUE,0,NA,FALSE
100,0,-0.3,0.4972,0.4972,0.125336,0.125336,NA,NA,FALSE,TRUE,0,NA,FALSE
100,0,-0.3,0.841153,0.841153,0.308534,0.308534,NA,NA,FALSE,TRUE,0,NA,FALSE
100,0,-0.3,0.886035,0.886035,0.822565,0.822565,0.750633,NA,FALSE,FALSE,0,NA,FALSE
100,0,-0.3,0.915164,0.915164,0.338228,0.338228,NA,NA,FALSE,TRUE,0,NA,FALSE
100,0,-0.3,0.479164,0.479164,0.982573,0.982573,NA,NA,FALSE,TRUE,0,NA,FALSE
100,0,-0.3,0.363559,0.363559,0.00192864,0.00192864,-1,-1,TRUE,FALSE,0,0,FALSE
100,0,-0.3,0.795551,0.795551,0.0761193,0.0761193,NA,NA,FALSE,TRUE,0,NA,FALSE
100,0,-0.3,0.884267,0.884267,0.0352233,0.0352233,NA,NA,FALSE,TRUE,0,NA,FALSE
100,0,-0.3,0.32533,0.32533,0.0715448,0.0715448,NA,NA,TRUE,FALSE,0,NA,FALSE
100,0,-0.3,0.859059,0.859059,0.56295,0.56295,NA,NA,FALSE,FALSE,0,NA,FALSE
100,0,-0.3,0.128463,0.128463,0.233335,0.233335,NA,NA,TRUE,FALSE,0,NA,FALSE
100,0,-0.3,0.84447,0.84447,0.0117402,0.0117402,NA,NA,FALSE,TRUE,0,NA,FALSE
100,0,-0.3,0.482624,0.482624,0.192837,0.192837,NA,NA,FALSE,TRUE,0,NA,FALSE
100,0,-0.3,0.131102,0.131102,0.0109037,0.0109037,-1,-1,TRUE,FALSE,0,0,FALSE
100,0,-0.3,0.676541,0.676541,0.347307,0.347307,NA,NA,FALSE,TRUE,0,NA,FALSE
100,0,-0.3,0.244109,0.244109,0.674255,0.674255,NA,NA,FALSE,TRUE,0,NA,FALSE
100,0,-0.3,0.367183,0.367183,0.671547,0.671547,NA,NA,FALSE,TRUE,0,NA,FALSE
100,0,-0.3,0.844781,0.844781,0.459732,0.459732,NA,NA,FALSE,TRUE,0,NA,FALSE
100,0,-0.3,0.0506426,0.0506426,0.00851039,0.00851039,-0.172852,-0.172852,TRUE,FALSE,0,0,FALSE
100,0,-0.3,0.134123,0.134123,0.424941,0.424941,NA,NA,TRUE,FALSE,0,NA,FALSE
100,0,-0.3,0.966888,0.966888,0.322681,0.322681,NA,NA,FALSE,TRUE,0,NA,FALSE
100,0,-0.3,0.230792,0.230792,0.846909,0.846909,NA,NA,FALSE,TRUE,0,NA,FALSE
100,0,-0.3,0.792322,0.792322,0.080103,0.080103,NA,NA,FALSE,TRUE,0,NA,FALSE
100,0,-0.3,0.856414,0.856414,0.460539,0.460539,NA,NA,FALSE,TRUE,0,NA,FALSE
100,0,-0.3,0.996601,0.996601,0.492,0.492,-0.203045,NA,FALSE,FALSE,0,NA,FALSE
100,0,-0.3,0.022505,0.022505,0.00819294,0.00819294,0.261297,0.261297,TRUE,FALSE,0,0,TRUE
100,0,-0.3,0.427064,0.427064,0.0250158,0.0250158,-0.568149,-0.568149,TRUE,FALSE,0,0,FALSE
100,0,-0.3,0.443318,0.443318,0.215645,0.215645,NA,NA,TRUE,FALSE,0,NA,FALSE
100,0,-0.3,0.0254571,0.0254571,0.778688,0.778688,NA,NA,FALSE,TRUE,0,NA,FALSE
100,0,-0.3,0.809013,0.809013,0.620044,0.620044,-0.815362,NA,FALSE,FALSE,0,NA,FALSE
100,0,-0.3,0.493912,0.493912,0.436738,0.436738,NA,NA,FALSE,TRUE,0,NA,FALSE
100,0,-0.3,0.578099,0.578099,0.0384362,0.0384362,NA,NA,FALSE,TRUE,0,NA,FALSE
100,0,-0.3,0.365812,0.365812,0.0368907,0.0368907,0.0687328,0.0687328,TRUE,FALSE,0,0,FALSE
100,0,-0.3,0.73377,0.73377,0.052056,0.052056,NA,NA,FALSE,TRUE,0,NA,FALSE
100,0,-0.3,0.148372,0.148372,0.738909,0.738909,NA,NA,FALSE,TRUE,0,NA,FALSE
100,0,-0.3,0.467834,0.467834,0.328172,0.328172,NA,NA,TRUE,FALSE,0,NA,FALSE
100,0,-0.3,0.559863,0.559863,0.0259074,0.0259074,NA,NA,FALSE,TRUE,0,NA,FALSE
100,0,-0.3,0.325092,0.325092,0.118894,0.118894,-0.719379,-0.719379,TRUE,FALSE,0,0,FALSE
100,0,-0.3,0.25699,0.25699,0.000544605,0.000544605,0.266655,0.266655,TRUE,FALSE,0,0,FALSE
100,0,-0.3,0.436109,0.436109,0.476729,0.476729,NA,NA,TRUE,FALSE,0,NA,FALSE
100,0,-0.3,0.165329,0.165329,0.00352851,0.00352851,-0.645418,-0.645418,TRUE,FALSE,0,0,FALSE
100,0,-0.3,0.299166,0.299166,0.0342427,0.0342427,NA,NA,TRUE,FALSE,0,NA,FALSE
100,0,-0.3,0.636089,0.636089,0.110032,0.110032,NA,NA,FALSE,TRUE,0,NA,FALSE
100,0,-0.3,0.544504,0.544504,0.305508,0.305508,NA,NA,FALSE,TRUE,0,NA,FALSE
100,0,-0.3,0.670759,0.670759,0.0215998,0.0215998,NA,NA,FALSE,TRUE,0,NA,FALSE
100,0,-0.3,0.726756,0.726756,0.366149,0.366149,NA,NA,FALSE,TRUE,0,NA,FALSE
100,0,-0.3,0.0906326,0.0906326,0.00116649,0.00116649,-0.371975,-0.371975,TRUE,FALSE,0,0,FALSE
100,0,-0.3,0.476938,0.476938,0.198129,0.198129,NA,NA,TRUE,FALSE,0,NA,FALSE
100,0,-0.3,0.743713,0.743713,0.153727,0.153727,NA,NA,FALSE,TRUE,0,NA,FALSE
100,0,-0.3,0.92155,0.92155,0.144363,0.144363,NA,NA,FALSE,TRUE,0,NA,FALSE
100,0,-0.3,0.647183,0.647183,0.599089,0.599089,NA,NA,FALSE,FALSE,0,NA,FALSE
100,0,-0.3,0.138236,0.138236,0.394737,0.394737,-0.339386,-0.339386,TRUE,FALSE,0,0,FALSE
100,0,-0.3,0.980814,0.980814,0.0202842,0.0202842,NA,NA,FALSE,TRUE,0,NA,FALSE
100,0,-0.3,0.718181,0.718181,0.0374015,0.0374015,NA,NA,FALSE,TRUE,0,NA,FALSE
100,0,-0.3,0.314862,0.314862,0.420841,0.420841,NA,NA,TRUE,FALSE,0,NA,FALSE
100,0,-0.3,0.897731,0.897731,0.461161,0.461161,NA,NA,FALSE,TRUE,0,NA,FALSE
100,0,-0.3,0.345196,0.345196,0.698657,0.698657,NA,NA,FALSE,TRUE,0,NA,FALSE
100,0,-0.3,0.0446402,0.0446402,0.513628,0.513628,NA,NA,FALSE,TRUE,0,NA,FALSE
100,0,-0.3,0.37902,0.37902,0.907314,0.907314,NA,NA,FALSE,TRUE,0,NA,FALSE
100,0,-0.3,0.421494,0.421494,0.434666,0.434666,-1,-1,TRUE,FALSE,0,0,FALSE
100,0,-0.3,0.787901,0.787901,0.374037,0.374037,NA,NA,FALSE,TRUE,0,NA,FALSE
100,0,-0.3,0.869385,0.869385,0.843514,0.843514,0.399414,NA,FALSE,FALSE,0,NA,FALSE
100,0,-0.3,0.634318,0.634318,0.875511,0.875511,NA,NA,FALSE,FALSE,0,NA,FALSE
100,0,-0.3,0.824753,0.824753,0.17629,0.17629,NA,NA,FALSE,TRUE,0,NA,FALSE
100,0,-0.3,0.493748,0.493748,0.202367,0.202367,NA,NA,FALSE,TRUE,0,NA,FALSE
100,0,-0.3,0.219706,0.219706,0.105122,0.105122,0.380803,0.380803,TRUE,FALSE,0,0,FALSE
100,0,-0.3,0.246216,0.246216,0.170621,0.170621,-0.0859685,-0.0859685,TRUE,FALSE,0,0,FALSE
100,0,-0.3,0.827779,0.827779,0.232251,0.232251,NA,NA,FALSE,TRUE,0,NA,FALSE
100,0,-0.3,0.737332,0.737332,0.439121,0.439121,NA,NA,FALSE,TRUE,0,NA,FALSE
100,0,-0.3,0.446436,0.446436,0.105268,0.105268,-0.352877,-0.352877,TRUE,FALSE,0,0,FALSE
100,0,-0.3,0.17708,0.17708,0.011204,0.011204,0.856309,0.856309,TRUE,FALSE,0,0,FALSE
100,0,-0.3,0.0169042,0.0169042,0.64871,0.64871,NA,NA,FALSE,TRUE,0,NA,FALSE
100,0,-0.3,0.0420543,0.0420543,0.262886,0.262886,0.273438,0.273438,TRUE,FALSE,0,0,FALSE
100,0,-0.3,0.825755,0.825755,0.171786,0.171786,NA,NA,FALSE,TRUE,0,NA,FALSE
100,0,-0.3,0.606075,0.606075,0.151561,0.151561,NA,NA,FALSE,TRUE,0,NA,FALSE
100,0,-0.3,0.216093,0.216093,0.889271,0.889271,NA,NA,FALSE,TRUE,0,NA,FALSE
100,0,-0.3,0.169642,0.169642,0.0256813,0.0256813,NA,NA,TRUE,FALSE,0,NA,FALSE
100,0,-0.3,0.276484,0.276484,0.00127952,0.00127952,1,1,TRUE,FALSE,0,0,FALSE
100,0,-0.3,0.0227387,0.0227387,0.19561,0.19561,0.307012,0.307012,TRUE,FALSE,0,0,FALSE
100,0,-0.3,0.308659,0.308659,0.281077,0.281077,0.382567,0.382567,TRUE,FALSE,0,0,FALSE
100,0,-0.3,0.365298,0.365298,0.392786,0.392786,NA,NA,TRUE,FALSE,0,NA,FALSE
100,0,-0.3,0.605338,0.605338,0.251281,0.251281,NA,NA,FALSE,TRUE,0,NA,FALSE
100,0,-0.3,0.104216,0.104216,0.00246008,0.00246008,-0.271877,-0.271877,TRUE,FALSE,0,0,FALSE
100,0,-0.3,0.641959,0.641959,0.0846398,0.0846398,NA,NA,FALSE,TRUE,0,NA,FALSE
100,0,0,0.712403,0.712403,0.157096,0.157096,NA,NA,FALSE,TRUE,0,NA,FALSE
100,0,0,0.270544,0.270544,0.213795,0.213795,-0.30339,-0.30339,TRUE,FALSE,0,0,FALSE
100,0,0,0.0468568,0.0468568,0.293031,0.293031,-0.944215,-0.944215,TRUE,FALSE,0,0,FALSE
100,0,0,0.2665,0.2665,0.174314,0.174314,-1,-1,TRUE,FALSE,0,0,FALSE
100,0,0,0.069175,0.069175,0.0153642,0.0153642,-0.862104,-0.862104,TRUE,FALSE,0,0,FALSE
100,0,0,0.314653,0.314653,0.450075,0.450075,NA,NA,TRUE,FALSE,0,NA,FALSE
100,0,0,0.470467,0.470467,0.728573,0.728573,NA,NA,FALSE,TRUE,0,NA,FALSE
100,0,0,0.266447,0.266447,0.0803479,0.0803479,0.0662407,0.0662407,TRUE,FALSE,0,0,FALSE
100,0,0,0.707854,0.707854,0.568394,0.568394,-0.351618,NA,FALSE,FALSE,0,NA,FALSE
100,0,0,0.360084,0.360084,0.170767,0.170767,0.890751,0.890751,TRUE,FALSE,0,0,FALSE
100,0,0,0.835296,0.835296,0.172437,0.172437,NA,NA,FALSE,TRUE,0,NA,FALSE
100,0,0,0.143921,0.143921,0.488951,0.488951,NA,NA,FALSE,TRUE,0,NA,FALSE
100,0,0,0.755945,0.755945,0.0491601,0.0491601,NA,NA,FALSE,TRUE,0,NA,FALSE
100,0,0,0.433828,0.433828,0.439692,0.439692,NA,NA,TRUE,FALSE,0,NA,FALSE
100,0,0,0.317761,0.317761,0.0015022,0.0015022,0.560964,0.560964,TRUE,FALSE,0,0,FALSE
100,0,0,0.105684,0.105684,0.583493,0.583493,NA,NA,FALSE,TRUE,0,NA,FALSE
100,0,0,0.196083,0.196083,0.226162,0.226162,NA,NA,TRUE,FALSE,0,NA,FALSE
100,0,0,0.30843,0.30843,0.0809062,0.0809062,0.17671,0.17671,TRUE,FALSE,0,0,FALSE
100,0,0,0.511062,0.511062,0.0115584,0.0115584,NA,NA,FALSE,TRUE,0,NA,FALSE
100,0,0,0.382299,0.382299,0.622745,0.622745,NA,NA,FALSE,TRUE,0,NA,FALSE
100,0,0,0.934972,0.934972,0.802657,0.802657,0.305608,NA,FALSE,FALSE,0,NA,FALSE
100,0,0,0.531441,0.531441,0.116246,0.116246,NA,NA,FALSE,TRUE,0,NA,FALSE
100,0,0,0.373664,0.373664,0.531065,0.531065,NA,NA,FALSE,TRUE,0,NA,FALSE
100,0,0,0.0348945,0.0348945,0.293523,0.293523,NA,NA,TRUE,FALSE,0,NA,FALSE
100,0,0,0.192736,0.192736,0.323373,0.323373,NA,NA,TRUE,FALSE,0,NA,FALSE
100,0,0,0.505714,0.505714,0.148394,0.148394,NA,NA,FALSE,TRUE,0,NA,FALSE
100,0,0,0.337164,0.337164,0.364675,0.364675,NA,NA,TRUE,FALSE,0,NA,FALSE
100,0,0,0.749677,0.749677,0.0256307,0.0256307,NA,NA,FALSE,TRUE,0,NA,FALSE
100,0,0,0.515357,0.515357,0.0205837,0.0205837,NA,NA,FALSE,TRUE,0,NA,FALSE
100,0,0,0.0847629,0.0847629,0.0315005,0.0315005,1,1,TRUE,FALSE,0,0,FALSE
100,0,0,0.0504597,0.0504597,0.00686467,0.00686467,0.0285196,0.0285196,TRUE,FALSE,0,0,FALSE
100,0,0,0.488043,0.488043,0.568223,0.568223,NA,NA,FALSE,FALSE,0,NA,FALSE
100,0,0,0.0757666,0.0757666,0.053044,0.053044,0.591707,0.591707,TRUE,FALSE,0,0,FALSE
100,0,0,0.416758,0.416758,0.0505204,0.0505204,-0.253401,-0.253401,TRUE,FALSE,0,0,FALSE
100,0,0,0.0141397,0.0141397,0.00423992,0.00423992,-0.908233,-0.908233,TRUE,FALSE,0,0,TRUE
100,0,0,0.628295,0.628295,0.345615,0.345615,NA,NA,FALSE,TRUE,0,NA,FALSE
100,0,0,0.0375576,0.0375576,0.184508,0.184508,-0.814228,-0.814228,TRUE,FALSE,0,0,FALSE
100,0,0,0.671167,0.671167,0.293994,0.293994,NA,NA,FALSE,TRUE,0,NA,FALSE
100,0,0,0.300919,0.300919,0.103964,0.103964,0.701884,0.701884,TRUE,FALSE,0,0,FALSE
100,0,0,0.857382,0.857382,0.0131266,0.0131266,NA,NA,FALSE,TRUE,0,NA,FALSE
100,0,0,0.663506,0.663506,0.00752726,0.00752726,NA,NA,FALSE,TRUE,0,NA,FALSE
100,0,0,0.820468,0.820468,0.116845,0.116845,NA,NA,FALSE,TRUE,0,NA,FALSE
100,0,0,0.953303,0.953303,0.0399458,0.0399458,NA,NA,FALSE,TRUE,0,NA,FALSE
100,0,0,0.0975437,0.0975437,0.0221153,0.0221153,0.438318,0.438318,TRUE,FALSE,0,0,FALSE
100,0,0,0.985368,0.985368,0.002258,0.002258,NA,NA,FALSE,TRUE,0,NA,FALSE
100,0,0,0.352524,0.352524,0.00976343,0.00976343,0.306358,0.306358,TRUE,FALSE,0,0,FALSE
100,0,0,0.637174,0.637174,0.00140433,0.00140433,NA,NA,FALSE,TRUE,0,NA,FALSE
100,0,0,0.241803,0.241803,0.0597237,0.0597237,-0.296538,-0.296538,TRUE,FALSE,0,0,FALSE
100,0,0,0.252335,0.252335,0.00861023,0.00861023,-0.0113847,-0.0113847,TRUE,FALSE,0,0,FALSE
100,0,0,0.05401,0.05401,0.16928,0.16928,-0.910847,-0.910847,TRUE,FALSE,0,0,FALSE
100,0,0,0.0226339,0.0226339,0.620415,0.620415,NA,NA,FALSE,TRUE,0,NA,FALSE
100,0,0,0.150603,0.150603,0.192494,0.192494,-0.862622,-0.862622,TRUE,FALSE,0,0,FALSE
100,0,0,0.835157,0.835157,0.0466121,0.0466121,NA,NA,FALSE,TRUE,0,NA,FALSE
100,0,0,0.606503,0.606503,0.468675,0.468675,NA,NA,FALSE,TRUE,0,NA,FALSE
100,0,0,0.997976,0.997976,0.0583228,0.0583228,NA,NA,FALSE,TRUE,0,NA,FALSE
100,0,0,0.240582,0.240582,0.105456,0.105456,-0.681126,-0.681126,TRUE,FALSE,0,0,FALSE
100,0,0,0.889784,0.889784,0.279995,0.279995,NA,NA,FALSE,TRUE,0,NA,FALSE
100,0,0,0.567773,0.567773,0.000103234,0.000103234,NA,NA,FALSE,TRUE,0,NA,FALSE
100,0,0,0.426967,0.426967,0.309506,0.309506,0.249213,0.249213,TRUE,FALSE,0,0,FALSE
100,0,0,0.88441,0.88441,0.0770347,0.0770347,NA,NA,FALSE,TRUE,0,NA,FALSE
100,0,0,0.77309,0.77309,0.200079,0.200079,NA,NA,FALSE,TRUE,0,NA,FALSE
100,0,0,0.0864148,0.0864148,0.31019,0.31019,0.175063,0.175063,TRUE,FALSE,0,0,FALSE
100,0,0,0.849371,0.849371,0.0701062,0.0701062,NA,NA,FALSE,TRUE,0,NA,FALSE
100,0,0,0.452994,0.452994,0.0252837,0.0252837,NA,NA,TRUE,FALSE,0,NA,FALSE
100,0,0,0.912673,0.912673,0.0664062,0.0664062,NA,NA,FALSE,TRUE,0,NA,FALSE
100,0,0,0.0782315,0.0782315,0.0496938,0.0496938,0.332576,0.332576,TRUE,FALSE,0,0,FALSE
100,0,0,0.407431,0.407431,0.153381,0.153381,NA,NA,TRUE,FALSE,0,NA,FALSE
100,0,0,0.10563,0.10563,0.196856,0.196856,-0.425119,-0.425119,TRUE,FALSE,0,0,FALSE
100,0,0,0.225248,0.225248,0.46154,0.46154,0.511779,0.511779,TRUE,FALSE,0,0,FALSE
100,0,0,0.567245,0.567245,0.795295,0.795295,1,NA,FALSE,FALSE,0,NA,FALSE
100,0,0,0.411159,0.411159,0.333228,0.333228,-0.215156,-0.215156,TRUE,FALSE,0,0,FALSE
100,0,0,0.61367,0.61367,0.131351,0.131351,NA,NA,FALSE,TRUE,0,NA,FALSE
100,0,0,0.538705,0.538705,0.0898361,0.0898361,NA,NA,FALSE,TRUE,0,NA,FALSE
100,0,0,0.357525,0.357525,0.723585,0.723585,NA,NA,FALSE,TRUE,0,NA,FALSE
100,0,0,0.950626,0.950626,0.0449467,0.0449467,NA,NA,FALSE,TRUE,0,NA,FALSE
100,0,0,0.561493,0.561493,0.112177,0.112177,NA,NA,FALSE,TRUE,0,NA,FALSE
100,0,0,0.267684,0.267684,0.734672,0.734672,NA,NA,FALSE,TRUE,0,NA,FALSE
100,0,0,0.539391,0.539391,0.228889,0.228889,NA,NA,FALSE,TRUE,0,NA,FALSE
100,0,0,0.443145,0.443145,0.814644,0.814644,NA,NA,FALSE,TRUE,0,NA,FALSE
100,0,0,0.678841,0.678841,0.127075,0.127075,NA,NA,FALSE,TRUE,0,NA,FALSE
100,0,0,0.122519,0.122519,0.303311,0.303311,0.431067,0.431067,TRUE,FALSE,0,0,FALSE
100,0,0,0.289406,0.289406,0.0143937,0.0143937,0.275125,0.275125,TRUE,FALSE,0,0,FALSE
100,0,0,0.749348,0.749348,0.645462,0.645462,NA,NA,FALSE,FALSE,0,NA,FALSE
100,0,0,0.5441,0.5441,0.403542,0.403542,NA,NA,FALSE,TRUE,0,NA,FALSE
100,0,0,0.721322,0.721322,0.00612547,0.00612547,NA,NA,FALSE,TRUE,0,NA,FALSE
100,0,0,0.281877,0.281877,0.103039,0.103039,NA,NA,TRUE,FALSE,0,NA,FALSE
100,0,0,0.328312,0.328312,0.209034,0.209034,NA,NA,TRUE,FALSE,0,NA,FALSE
100,0,0,0.572166,0.572166,0.00183353,0.00183353,NA,NA,FALSE,TRUE,0,NA,FALSE
100,0,0,0.836382,0.836382,0.00472846,0.00472846,NA,NA,FALSE,TRUE,0,NA,FALSE
100,0,0,0.607828,0.607828,0.224062,0.224062,NA,NA,FALSE,TRUE,0,NA,FALSE
100,0,0,0.266575,0.266575,0.139934,0.139934,-1,-1,TRUE,FALSE,0,0,FALSE
100,0,0,0.169534,0.169534,0.183106,0.183106,-0.394816,-0.394816,TRUE,FALSE,0,0,FALSE
100,0,0,0.712853,0.712853,0.276814,0.276814,NA,NA,FALSE,TRUE,0,NA,FALSE
100,0,0,0.139196,0.139196,0.0191792,0.0191792,0.194783,0.194783,TRUE,FALSE,0,0,FALSE
100,0,0,0.324775,0.324775,0.231722,0.231722,NA,NA,TRUE,FALSE,0,NA,FALSE
100,0,0,0.297148,0.297148,0.399441,0.399441,1,1,TRUE,FALSE,0,0,FALSE
100,0,0,0.304469,0.304469,0.490132,0.490132,NA,NA,FALSE,TRUE,0,NA,FALSE
100,0,0,0.277075,0.277075,0.0112498,0.0112498,0.350088,0.350088,TRUE,FALSE,0,0,FALSE
100,0,0,0.872402,0.872402,0.162404,0.162404,NA,NA,FALSE,TRUE,0,NA,FALSE
100,0,0,0.647322,0.647322,0.0586812,0.0586812,NA,NA,FALSE,TRUE,0,NA,FALSE
100,0,0,0.523994,0.523994,0.317746,0.317746,NA,NA,FALSE,TRUE,0,NA,FALSE
100,0,0,0.875598,0.875598,0.165008,0.165008,NA,NA,FALSE,TRUE,0,NA,FALSE
100,0,0,0.251989,0.251989,0.195781,0.195781,-1,-1,TRUE,FALSE,0,0,FALSE
100,0,0,0.60586,0.60586,0.478252,0.478252,NA,NA,FALSE,TRUE,0,NA,FALSE
100,0,0,0.567067,0.567067,0.653022,0.653022,NA,NA,FALSE,FALSE,0,NA,FALSE
100,0,0,0.200774,0.200774,0.931374,0.931374,NA,NA,FALSE,TRUE,0,NA,FALSE
100,0,0,0.143853,0.143853,0.506321,0.506321,NA,NA,FALSE,TRUE,0,NA,FALSE
100,0,0,0.101121,0.101121,0.985556,0.985556,NA,NA,FALSE,TRUE,0,NA,FALSE
100,0,0,0.574794,0.574794,0.162437,0.162437,NA,NA,FALSE,TRUE,0,NA,FALSE
100,0,0,0.478318,0.478318,0.0460026,0.0460026,0.525708,0.525708,TRUE,FALSE,0,0,FALSE
100,0,0,0.581308,0.581308,0.660384,0.660384,NA,NA,FALSE,FALSE,0,NA,FALSE
100,0,0,0.436589,0.436589,0.92659,0.92659,NA,NA,FALSE,TRUE,0,NA,FALSE
100,0,0,0.495621,0.495621,0.00399864,0.00399864,NA,NA,FALSE,TRUE,0,NA,FALSE
100,0,0,0.155181,0.155181,0.106731,0.106731,0.435545,0.435545,TRUE,FALSE,0,0,FALSE
100,0,0,0.894926,0.894926,0.01325,0.01325,NA,NA,FALSE,TRUE,0,NA,FALSE
100,0,0,0.624014,0.624014,0.720099,0.720099,-1,NA,FALSE,FALSE,0,NA,FALSE
100,0,0,0.666169,0.666169,0.266217,0.266217,NA,NA,FALSE,TRUE,0,NA,FALSE
100,0,0,0.835787,0.835787,0.580736,0.580736,NA,NA,FALSE,FALSE,0,NA,FALSE
100,0,0,0.488179,0.488179,0.26983,0.26983,NA,NA,FALSE,TRUE,0,NA,FALSE
100,0,0,0.910165,0.910165,0.2699,0.2699,NA,NA,FALSE,TRUE,0,NA,FALSE
100,0,0,0.0510699,0.0510699,0.425076,0.425076,0.695066,0.695066,TRUE,FALSE,0,0,FALSE
100,0,0,0.287204,0.287204,0.0880597,0.0880597,-1,-1,TRUE,FALSE,0,0,FALSE
100,0,0,0.434605,0.434605,0.00355716,0.00355716,NA,NA,TRUE,FALSE,0,NA,FALSE
100,0,0,0.768963,0.768963,0.422872,0.422872,NA,NA,FALSE,TRUE,0,NA,FALSE
100,0,0,0.201961,0.201961,0.0812044,0.0812044,-0.615922,-0.615922,TRUE,FALSE,0,0,FALSE
100,0,0,0.0966278,0.0966278,0.267483,0.267483,-0.607161,-0.607161,TRUE,FALSE,0,0,FALSE
100,0,0,0.717267,0.717267,0.198309,0.198309,NA,NA,FALSE,TRUE,0,NA,FALSE
100,0,0,0.556036,0.556036,0.007027,0.007027,NA,NA,FALSE,TRUE,0,NA,FALSE
100,0,0,0.950112,0.950112,0.048984,0.048984,NA,NA,FALSE,TRUE,0,NA,FALSE
100,0,0,0.732085,0.732085,0.0621579,0.0621579,NA,NA,FALSE,TRUE,0,NA,FALSE
100,0,0,0.48165,0.48165,0.196198,0.196198,NA,NA,FALSE,TRUE,0,NA,FALSE
100,0,0,0.729149,0.729149,0.347278,0.347278,NA,NA,FALSE,TRUE,0,NA,FALSE
100,0,0,0.412016,0.412016,0.127991,0.127991,NA,NA,TRUE,FALSE,0,NA,FALSE
100,0,0,0.245651,0.245651,0.0497613,0.0497613,-0.529114,-0.529114,TRUE,FALSE,0,0,FALSE
100,0,0,0.349871,0.349871,0.230158,0.230158,NA,NA,TRUE,FALSE,0,NA,FALSE
100,0,0,0.992036,0.992036,0.0150366,0.0150366,NA,NA,FALSE,TRUE,0,NA,FALSE
100,0,0,0.751375,0.751375,0.0492982,0.0492982,NA,NA,FALSE,TRUE,0,NA,FALSE
100,0,0,0.277976,0.277976,0.0784992,0.0784992,1,1,TRUE,FALSE,0,0,FALSE
100,0,0,0.0710965,0.0710965,0.701155,0.701155,NA,NA,FALSE,TRUE,0,NA,FALSE
100,0,0,0.670682,0.670682,0.570403,0.570403,-0.936584,NA,FALSE,FALSE,0,NA,FALSE
100,0,0,0.200356,0.200356,0.57919,0.57919,NA,NA,FALSE,TRUE,0,NA,FALSE
100,0,0,0.374212,0.374212,0.0235788,0.0235788,NA,NA,TRUE,FALSE,0,NA,FALSE
100,0,0,0.157488,0.157488,0.1245,0.1245,-0.406345,-0.406345,TRUE,FALSE,0,0,FALSE
100,0,0,0.586344,0.586344,0.244254,0.244254,NA,NA,FALSE,TRUE,0,NA,FALSE
100,0,0,0.734964,0.734964,0.688737,0.688737,-0.339993,NA,FALSE,FALSE,0,NA,FALSE
100,0,0,0.18983,0.18983,0.131539,0.131539,-0.107216,-0.107216,TRUE,FALSE,0,0,FALSE
100,0,0,0.0325477,0.0325477,0.336461,0.336461,0.375984,0.375984,TRUE,FALSE,0,0,FALSE
100,0,0,0.171554,0.171554,0.151621,0.151621,-0.209408,-0.209408,TRUE,FALSE,0,0,FALSE
100,0,0,0.30181,0.30181,0.10306,0.10306,0.280711,0.280711,TRUE,FALSE,0,0,FALSE
100,0,0,0.736458,0.736458,0.000389956,0.000389956,NA,NA,FALSE,TRUE,0,NA,FALSE
100,0,0,0.158436,0.158436,0.0739431,0.0739431,0.554719,0.554719,TRUE,FALSE,0,0,FALSE
100,0,0,0.0160463,0.0160463,0.070007,0.070007,-0.249448,-0.249448,TRUE,FALSE,0,0,FALSE
100,0,0,0.772738,0.772738,0.59113,0.59113,0.325518,NA,FALSE,FALSE,0,NA,FALSE
100,0,0,0.521543,0.521543,0.558727,0.558727,-0.154816,NA,FALSE,FALSE,0,NA,FALSE
100,0,0,0.0483363,0.0483363,0.0193196,0.0193196,0.181481,0.181481,TRUE,FALSE,0,0,TRUE
100,0,0,0.46751,0.46751,0.584433,0.584433,NA,NA,FALSE,TRUE,0,NA,FALSE
100,0,0,0.385997,0.385997,0.123999,0.123999,NA,NA,TRUE,FALSE,0,NA,FALSE
100,0,0,0.739452,0.739452,0.50829,0.50829,NA,NA,FALSE,FALSE,0,NA,FALSE
100,0,0,0.472976,0.472976,0.494526,0.494526,NA,NA,FALSE,TRUE,0,NA,FALSE
100,0,0,0.621679,0.621679,0.311678,0.311678,NA,NA,FALSE,TRUE,0,NA,FALSE
100,0,0,0.78092,0.78092,0.998812,0.998812,0.196999,NA,FALSE,FALSE,0,NA,FALSE
100,0,0,0.313773,0.313773,0.0219104,0.0219104,0.429585,0.429585,TRUE,FALSE,0,0,FALSE
100,0,0,0.0724439,0.0724439,0.391871,0.391871,NA,NA,TRUE,FALSE,0,NA,FALSE
100,0,0,0.985108,0.985108,0.0991001,0.0991001,NA,NA,FALSE,TRUE,0,NA,FALSE
100,0,0,0.938341,0.938341,0.350764,0.350764,NA,NA,FALSE,TRUE,0,NA,FALSE
100,0,0,0.150826,0.150826,0.250619,0.250619,NA,NA,TRUE,FALSE,0,NA,FALSE
100,0,0,0.0146037,0.0146037,0.0112627,0.0112627,-0.0123721,-0.0123721,TRUE,FALSE,0,0,TRUE
100,0,0,0.292377,0.292377,0.021306,0.021306,0.170632,0.170632,TRUE,FALSE,0,0,FALSE
100,0,0,0.317055,0.317055,0.0352907,0.0352907,0.265282,0.265282,TRUE,FALSE,0,0,FALSE
100,0,0,0.744602,0.744602,0.711012,0.711012,NA,NA,FALSE,FALSE,0,NA,FALSE
100,0,0,0.560432,0.560432,0.0848246,0.0848246,NA,NA,FALSE,TRUE,0,NA,FALSE
100,0,0,0.923779,0.923779,0.0318483,0.0318483,NA,NA,FALSE,TRUE,0,NA,FALSE
100,0,0,0.454801,0.454801,0.760645,0.760645,NA,NA,FALSE,TRUE,0,NA,FALSE
100,0,0,0.426127,0.426127,0.0313934,0.0313934,-0.604556,-0.604556,TRUE,FALSE,0,0,FALSE
100,0,0,0.128446,0.128446,0.221588,0.221588,NA,NA,TRUE,FALSE,0,NA,FALSE
100,0,0,0.381685,0.381685,0.333397,0.333397,0.931706,0.931706,TRUE,FALSE,0,0,FALSE
100,0,0,0.188561,0.188561,0.452272,0.452272,0.100271,0.100271,TRUE,FALSE,0,0,FALSE
100,0,0,0.428199,0.428199,0.091273,0.091273,1,1,TRUE,FALSE,0,0,FALSE
100,0,0,0.826639,0.826639,0.210927,0.210927,NA,NA,FALSE,TRUE,0,NA,FALSE
100,0,0,0.179355,0.179355,0.166912,0.166912,0.884198,0.884198,TRUE,FALSE,0,0,FALSE
100,0,0,0.366177,0.366177,0.149209,0.149209,-0.434068,-0.434068,TRUE,FALSE,0,0,FALSE
100,0,0,0.838669,0.838669,0.00165308,0.00165308,NA,NA,FALSE,TRUE,0,NA,FALSE
100,0,0,0.43715,0.43715,0.0133685,0.0133685,-0.0729145,-0.0729145,TRUE,FALSE,0,0,FALSE
100,0,0,0.19294,0.19294,0.376317,0.376317,NA,NA,TRUE,FALSE,0,NA,FALSE
100,0,0,0.0564827,0.0564827,0.25947,0.25947,-0.312639,-0.312639,TRUE,FALSE,0,0,FALSE
100,0,0,0.71984,0.71984,0.284568,0.284568,NA,NA,FALSE,TRUE,0,NA,FALSE
100,0,0,0.67062,0.67062,0.320895,0.320895,NA,NA,FALSE,TRUE,0,NA,FALSE
100,0,0,0.020579,0.020579,0.864794,0.864794,NA,NA,FALSE,TRUE,0,NA,FALSE
100,0,0,0.905804,0.905804,0.0123853,0.0123853,NA,NA,FALSE,TRUE,0,NA,FALSE
100,0,0,0.00138605,0.00138605,0.278181,0.278181,NA,NA,TRUE,FALSE,0,NA,FALSE
100,0,0,0.0737791,0.0737791,0.392148,0.392148,0.705204,0.705204,TRUE,FALSE,0,0,FALSE
100,0,0,0.745905,0.745905,0.177647,0.177647,NA,NA,FALSE,TRUE,0,NA,FALSE
100,0,0,0.919168,0.919168,0.201554,0.201554,NA,NA,FALSE,TRUE,0,NA,FALSE
100,0,0,0.854912,0.854912,0.283618,0.283618,NA,NA,FALSE,TRUE,0,NA,FALSE
100,0,0,0.530034,0.530034,0.00988663,0.00988663,NA,NA,FALSE,TRUE,0,NA,FALSE
100,0,0,0.383135,0.383135,0.110895,0.110895,-0.121898,-0.121898,TRUE,FALSE,0,0,FALSE
100,0,0,0.72972,0.72972,0.0641342,0.0641342,NA,NA,FALSE,TRUE,0,NA,FALSE
100,0,0,0.555366,0.555366,0.26006,0.26006,NA,NA,FALSE,TRUE,0,NA,FALSE
100,0,0,0.505694,0.505694,0.0525312,0.0525312,NA,NA,FALSE,TRUE,0,NA,FALSE
100,0,0,0.0610478,0.0610478,0.187858,0.187858,1,1,TRUE,FALSE,0,0,FALSE
100,0,0.45,0.849789,0.849789,0.0436899,0.0436899,NA,NA,FALSE,TRUE,0,NA,FALSE
100,0,0.45,0.149967,0.149967,0.0668479,0.0668479,-0.230718,-0.230718,TRUE,FALSE,0,0,FALSE
100,0,0.45,0.982143,0.982143,0.274897,0.274897,NA,NA,FALSE,TRUE,0,NA,FALSE
100,0,0.45,0.368858,0.368858,0.736248,0.736248,NA,NA,FALSE,TRUE,0,NA,FALSE
100,0,0.45,0.00205454,0.00205454,0.424406,0.424406,-0.0342077,-0.0342077,TRUE,FALSE,0,0,FALSE
100,0,0.45,0.0716834,0.0716834,0.28086,0.28086,NA,NA,TRUE,FALSE,0,NA,FALSE
100,0,0.45,0.825335,0.825335,0.142005,0.142005,NA,NA,FALSE,TRUE,0,NA,FALSE
100,0,0.45,0.51022,0.51022,0.933799,0.933799,NA,NA,FALSE,FALSE,0,NA,FALSE
100,0,0.45,0.0783654,0.0783654,0.423382,0.423382,NA,NA,TRUE,FALSE,0,NA,FALSE
100,0,0.45,0.283311,0.283311,0.630575,0.630575,NA,NA,FALSE,TRUE,0,NA,FALSE
100,0,0.45,0.396308,0.396308,0.078498,0.078498,0.370315,0.370315,TRUE,FALSE,0,0,FALSE
100,0,0.45,0.46126,0.46126,0.0432463,0.0432463,NA,NA,TRUE,FALSE,0,NA,FALSE
100,0,0.45,0.142016,0.142016,0.0893639,0.0893639,0.439688,0.439688,TRUE,FALSE,0,0,FALSE
100,0,0.45,0.00564068,0.00564068,0.0229688,0.0229688,0.2153,0.2153,TRUE,FALSE,0,0,TRUE
100,0,0.45,0.69082,0.69082,0.000123638,0.000123638,NA,NA,FALSE,TRUE,0,NA,FALSE
100,0,0.45,0.958833,0.958833,0.0578932,0.0578932,NA,NA,FALSE,TRUE,0,NA,FALSE
100,0,0.45,0.164586,0.164586,0.0990653,0.0990653,1,1,TRUE,FALSE,0,0,FALSE
100,0,0.45,0.0359016,0.0359016,0.0520964,0.0520964,-0.133021,-0.133021,TRUE,FALSE,0,0,FALSE
100,0,0.45,0.852285,0.852285,0.783832,0.783832,0.258079,NA,FALSE,FALSE,0,NA,FALSE
100,0,0.45,0.876976,0.876976,0.000313107,0.000313107,NA,NA,FALSE,TRUE,0,NA,FALSE
100,0,0.45,0.377876,0.377876,0.0326487,0.0326487,-0.162979,-0.162979,TRUE,FALSE,0,0,FALSE
100,0,0.45,0.164797,0.164797,0.461891,0.461891,NA,NA,TRUE,FALSE,0,NA,FALSE
100,0,0.45,0.450081,0.450081,0.0133989,0.0133989,NA,NA,TRUE,FALSE,0,NA,FALSE
100,0,0.45,0.66916,0.66916,0.549031,0.549031,-0.0431597,NA,FALSE,FALSE,0,NA,FALSE
100,0,0.45,0.846411,0.846411,0.702808,0.702808,NA,NA,FALSE,FALSE,0,NA,FALSE
100,0,0.45,0.735321,0.735321,0.452826,0.452826,NA,NA,FALSE,TRUE,0,NA,FALSE
100,0,0.45,0.0262598,0.0262598,0.443135,0.443135,1,1,TRUE,FALSE,0,0,FALSE
100,0,0.45,0.437153,0.437153,0.0425124,0.0425124,-0.684605,-0.684605,TRUE,FALSE,0,0,FALSE
100,0,0.45,0.684564,0.684564,0.841989,0.841989,-0.635057,NA,FALSE,FALSE,0,NA,FALSE
100,0,0.45,0.869604,0.869604,0.566333,0.566333,1,NA,FALSE,FALSE,0,NA,FALSE
100,0,0.45,0.520222,0.520222,0.0603791,0.0603791,NA,NA,FALSE,TRUE,0,NA,FALSE
100,0,0.45,0.176968,0.176968,0.599998,0.599998,NA,NA,FALSE,TRUE,0,NA,FALSE
100,0,0.45,0.114095,0.114095,0.00614931,0.00614931,-0.546162,-0.546162,TRUE,FALSE,0,0,FALSE
100,0,0.45,0.796232,0.796232,0.125865,0.125865,NA,NA,FALSE,TRUE,0,NA,FALSE
100,0,0.45,0.25436,0.25436,6.22356e-05,6.22356e-05,0.81625,0.81625,TRUE,FALSE,0,0,FALSE
100,0,0.45,0.179313,0.179313,0.00586682,0.00586682,-0.547841,-0.547841,TRUE,FALSE,0,0,FALSE
100,0,0.45,0.014154,0.014154,0.893444,0.893444,NA,NA,FALSE,TRUE,0,NA,FALSE
100,0,0.45,0.647905,0.647905,0.00297204,0.00297204,NA,NA,FALSE,TRUE,0,NA,FALSE
100,0,0.45,0.154816,0.154816,0.618748,0.618748,NA,NA,FALSE,TRUE,0,NA,FALSE
100,0,0.45,0.583414,0.583414,0.6557,0.6557,NA,NA,FALSE,FALSE,0,NA,FALSE
100,0,0.45,0.557071,0.557071,0.38386,0.38386,NA,NA,FALSE,TRUE,0,NA,FALSE
100,0,0.45,0.98309,0.98309,0.821901,0.821901,0.608586,NA,FALSE,FALSE,0,NA,FALSE
100,0,0.45,0.321434,0.321434,0.520167,0.520167,NA,NA,FALSE,TRUE,0,NA,FALSE
100,0,0.45,0.902503,0.902503,0.171269,0.171269,NA,NA,FALSE,TRUE,0,NA,FALSE
100,0,0.45,0.0196513,0.0196513,0.011674,0.011674,0.290853,0.290853,TRUE,FALSE,0,0,TRUE
100,0,0.45,0.851512,0.851512,0.112935,0.112935,NA,NA,FALSE,TRUE,0,NA,FALSE
100,0,0.45,0.152027,0.152027,0.224345,0.224345,-0.527893,-0.527893,TRUE,FALSE,0,0,FALSE
100,0,0.45,0.65707,0.65707,0.656042,0.656042,NA,NA,FALSE,FALSE,0,NA,FALSE
100,0,0.45,0.199046,0.199046,0.259314,0.259314,-0.340199,-0.340199,TRUE,FALSE,0,0,FALSE
100,0,0.45,0.557859,0.557859,0.0611718,0.0611718,NA,NA,FALSE,TRUE,0,NA,FALSE
100,0,0.45,0.189884,0.189884,0.348885,0.348885,-0.948452,-0.948452,TRUE,FALSE,0,0,FALSE
100,0,0.45,0.0256114,0.0256114,0.00174991,0.00174991,0.420555,0.420555,TRUE,FALSE,0,0,TRUE
100,0,0.45,0.421999,0.421999,0.351434,0.351434,NA,NA,TRUE,FALSE,0,NA,FALSE
100,0,0.45,0.690602,0.690602,0.0216103,0.0216103,NA,NA,FALSE,TRUE,0,NA,FALSE
100,0,0.45,0.953882,0.953882,0.33858,0.33858,NA,NA,FALSE,TRUE,0,NA,FALSE
100,0,0.45,0.0276853,0.0276853,0.00934719,0.00934719,0.157804,0.157804,TRUE,FALSE,0,0,TRUE
100,0,0.45,0.569553,0.569553,0.50836,0.50836,0.829375,NA,FALSE,FALSE,0,NA,FALSE
100,0,0.45,0.313718,0.313718,0.310082,0.310082,NA,NA,TRUE,FALSE,0,NA,FALSE
100,0,0.45,0.868062,0.868062,0.0401455,0.0401455,NA,NA,FALSE,TRUE,0,NA,FALSE
100,0,0.45,0.557215,0.557215,0.174765,0.174765,NA,NA,FALSE,TRUE,0,NA,FALSE
100,0,0.45,0.293722,0.293722,0.0990047,0.0990047,0.164231,0.164231,TRUE,FALSE,0,0,FALSE
100,0,0.45,0.890333,0.890333,0.227501,0.227501,NA,NA,FALSE,TRUE,0,NA,FALSE
100,0,0.45,0.17509,0.17509,0.159489,0.159489,-0.262413,-0.262413,TRUE,FALSE,0,0,FALSE
100,0,0.45,0.312839,0.312839,0.0507749,0.0507749,1,1,TRUE,FALSE,0,0,FALSE
100,0,0.45,0.588219,0.588219,0.0185075,0.0185075,NA,NA,FALSE,TRUE,0,NA,FALSE
100,0,0.45,0.736323,0.736323,0.875881,0.875881,0.0692572,NA,FALSE,FALSE,0,NA,FALSE
100,0,0.45,0.0376365,0.0376365,0.0140655,0.0140655,-0.226887,-0.226887,TRUE,FALSE,0,0,TRUE
100,0,0.45,0.60927,0.60927,0.462894,0.462894,NA,NA,FALSE,TRUE,0,NA,FALSE
100,0,0.45,0.847436,0.847436,0.0514503,0.0514503,NA,NA,FALSE,TRUE,0,NA,FALSE
100,0,0.45,0.802923,0.802923,0.0598422,0.0598422,NA,NA,FALSE,TRUE,0,NA,FALSE
100,0,0.45,0.779173,0.779173,0.0206367,0.0206367,NA,NA,FALSE,TRUE,0,NA,FALSE
100,0,0.45,0.814743,0.814743,0.183772,0.183772,NA,NA,FALSE,TRUE,0,NA,FALSE
100,0,0.45,0.0325364,0.0325364,0.771592,0.771592,NA,NA,FALSE,TRUE,0,NA,FALSE
100,0,0.45,0.0327777,0.0327777,0.318875,0.318875,NA,NA,TRUE,FALSE,0,NA,FALSE
100,0,0.45,0.740235,0.740235,0.0373912,0.0373912,NA,NA,FALSE,TRUE,0,NA,FALSE
100,0,0.45,0.290106,0.290106,0.087502,0.087502,-0.165587,-0.165587,TRUE,FALSE,0,0,FALSE
100,0,0.45,0.427154,0.427154,0.112028,0.112028,NA,NA,TRUE,FALSE,0,NA,FALSE
100,0,0.45,0.321341,0.321341,0.32085,0.32085,NA,NA,TRUE,FALSE,0,NA,FALSE
100,0,0.45,0.46889,0.46889,0.428372,0.428372,NA,NA,TRUE,FALSE,0,NA,FALSE
100,0,0.45,0.965503,0.965503,0.771398,0.771398,0.0936776,NA,FALSE,FALSE,0,NA,FALSE
100,0,0.45,0.624182,0.624182,0.451561,0.451561,NA,NA,FALSE,TRUE,0,NA,FALSE
100,0,0.45,0.680392,0.680392,0.452146,0.452146,NA,NA,FALSE,TRUE,0,NA,FALSE
100,0,0.45,0.857183,0.857183,0.532086,0.532086,1,NA,FALSE,FALSE,0,NA,FALSE
100,0,0.45,0.483348,0.483348,0.435906,0.435906,NA,NA,FALSE,TRUE,0,NA,FALSE
100,0,0.45,0.711712,0.711712,0.0125644,0.0125644,NA,NA,FALSE,TRUE,0,NA,FALSE
100,0,0.45,0.828452,0.828452,0.164256,0.164256,NA,NA,FALSE,TRUE,0,NA,FALSE
100,0,0.45,0.617621,0.617621,0.114263,0.114263,NA,NA,FALSE,TRUE,0,NA,FALSE
100,0,0.45,0.162077,0.162077,0.488164,0.488164,NA,NA,FALSE,TRUE,0,NA,FALSE
100,0,0.45,0.727062,0.727062,0.24435,0.24435,NA,NA,FALSE,TRUE,0,NA,FALSE
100,0,0.45,0.478562,0.478562,0.0188125,0.0188125,0.0283121,0.0283121,TRUE,FALSE,0,0,FALSE
100,0,0.45,0.720884,0.720884,0.397563,0.397563,NA,NA,FALSE,TRUE,0,NA,FALSE
100,0,0.45,0.573886,0.573886,0.126174,0.126174,NA,NA,FALSE,TRUE,0,NA,FALSE
100,0,0.45,0.943674,0.943674,0.510303,0.510303,NA,NA,FALSE,FALSE,0,NA,FALSE
100,0,0.45,0.154239,0.154239,0.00192867,0.00192867,0.333048,0.333048,TRUE,FALSE,0,0,FALSE
100,0,0.45,0.0986976,0.0986976,0.0392845,0.0392845,0.0854974,0.0854974,TRUE,FALSE,0,0,FALSE
100,0,0.45,0.349258,0.349258,0.128944,0.128944,1,1,TRUE,FALSE,0,0,FALSE
100,0,0.45,0.466502,0.466502,0.0444073,0.0444073,NA,NA,TRUE,FALSE,0,NA,FALSE
100,0,0.45,0.63738,0.63738,0.0637897,0.0637897,NA,NA,FALSE,TRUE,0,NA,FALSE
100,0,0.45,0.432904,0.432904,0.453625,0.453625,NA,NA,TRUE,FALSE,0,NA,FALSE
100,0,0.45,0.00920011,0.00920011,0.388678,0.388678,1,1,TRUE,FALSE,0,0,FALSE
100,0,0.45,0.699355,0.699355,0.0741409,0.0741409,NA,NA,FALSE,TRUE,0,NA,FALSE
100,0,0.45,0.768183,0.768183,0.60116,0.60116,NA,NA,FALSE,FALSE,0,NA,FALSE
100,0,0.45,0.344428,0.344428,0.219998,0.219998,-0.889683,-0.889683,TRUE,FALSE,0,0,FALSE
100,0,0.45,0.128268,0.128268,0.0521108,0.0521108,0.780377,0.780377,TRUE,FALSE,0,0,FALSE
100,0,0.45,0.956234,0.956234,0.0614443,0.0614443,NA,NA,FALSE,TRUE,0,NA,FALSE
100,0,0.45,0.612026,0.612026,0.0520226,0.0520226,NA,NA,FALSE,TRUE,0,NA,FALSE
100,0,0.45,0.61221,0.61221,0.132561,0.132561,NA,NA,FALSE,TRUE,0,NA,FALSE
100,0,0.45,0.508891,0.508891,0.14847,0.14847,NA,NA,FALSE,TRUE,0,NA,FALSE
100,0,0.45,0.76172,0.76172,0.756224,0.756224,-0.468202,NA,FALSE,FALSE,0,NA,FALSE
100,0,0.45,0.509233,0.509233,0.00535501,0.00535501,NA,NA,FALSE,TRUE,0,NA,FALSE
100,0,0.45,0.155284,0.155284,0.00512656,0.00512656,0.317639,0.317639,TRUE,FALSE,0,0,FALSE
100,0,0.45,0.229073,0.229073,0.169243,0.169243,0.22469,0.22469,TRUE,FALSE,0,0,FALSE
100,0,0.45,0.368098,0.368098,0.00190084,0.00190084,-0.673231,-0.673231,TRUE,FALSE,0,0,FALSE
100,0,0.45,0.426316,0.426316,0.0102445,0.0102445,1,1,TRUE,FALSE,0,0,FALSE
100,0,0.45,0.0311518,0.0311518,0.0286631,0.0286631,-0.014439,-0.014439,TRUE,FALSE,0,0,TRUE
100,0,0.45,0.660697,0.660697,0.101305,0.101305,NA,NA,FALSE,TRUE,0,NA,FALSE
100,0,0.45,0.0111778,0.0111778,0.174792,0.174792,-0.244481,-0.244481,TRUE,FALSE,0,0,FALSE
100,0,0.45,0.0686289,0.0686289,0.05926,0.05926,-0.128862,-0.128862,TRUE,FALSE,0,0,FALSE
100,0,0.45,0.277027,0.277027,0.0500395,0.0500395,1,1,TRUE,FALSE,0,0,FALSE
100,0,0.45,0.144108,0.144108,0.161795,0.161795,0.357899,0.357899,TRUE,FALSE,0,0,FALSE
100,0,0.45,0.546704,0.546704,0.29553,0.29553,NA,NA,FALSE,TRUE,0,NA,FALSE
100,0,0.45,0.014971,0.014971,0.347604,0.347604,0.973649,0.973649,TRUE,FALSE,0,0,FALSE
100,0,0.45,0.656703,0.656703,0.0469138,0.0469138,NA,NA,FALSE,TRUE,0,NA,FALSE
100,0,0.45,0.834039,0.834039,0.360815,0.360815,NA,NA,FALSE,TRUE,0,NA,FALSE
100,0,0.45,0.381962,0.381962,0.95701,0.95701,NA,NA,FALSE,TRUE,0,NA,FALSE
100,0,0.45,0.0758668,0.0758668,0.500995,0.500995,NA,NA,FALSE,TRUE,0,NA,FALSE
100,0,0.45,0.0801876,0.0801876,0.0159387,0.0159387,-0.240914,-0.240914,TRUE,FALSE,0,0,FALSE
100,0,0.45,0.137811,0.137811,0.776053,0.776053,NA,NA,FALSE,TRUE,0,NA,FALSE
100,0,0.45,0.630488,0.630488,0.0154618,0.0154618,NA,NA,FALSE,TRUE,0,NA,FALSE
100,0,0.45,0.20624,0.20624,0.00370101,0.00370101,0.646168,0.646168,TRUE,FALSE,0,0,FALSE
100,0,0.45,0.0845762,0.0845762,0.240685,0.240685,1,1,TRUE,FALSE,0,0,FALSE
100,0,0.45,0.446626,0.446626,0.314408,0.314408,-0.0609839,-0.0609839,TRUE,FALSE,0,0,FALSE
100,0,0.45,0.555592,0.555592,0.384027,0.384027,NA,NA,FALSE,TRUE,0,NA,FALSE
100,0,0.45,0.0182064,0.0182064,0.125578,0.125578,-0.160417,-0.160417,TRUE,FALSE,0,0,FALSE
100,0,0.45,0.788495,0.788495,0.458001,0.458001,NA,NA,FALSE,TRUE,0,NA,FALSE
100,0,0.45,0.181364,0.181364,0.0884705,0.0884705,-0.400596,-0.400596,TRUE,FALSE,0,0,FALSE
100,0,0.45,0.654508,0.654508,0.0220652,0.0220652,NA,NA,FALSE,TRUE,0,NA,FALSE
100,0,0.45,0.829877,0.829877,0.156245,0.156245,NA,NA,FALSE,TRUE,0,NA,FALSE
100,0,0.45,0.73802,0.73802,0.0803871,0.0803871,NA,NA,FALSE,TRUE,0,NA,FALSE
100,0,0.45,0.526868,0.526868,0.0657868,0.0657868,NA,NA,FALSE,TRUE,0,NA,FALSE
100,0,0.45,0.23557,0.23557,0.685123,0.685123,NA,NA,FALSE,TRUE,0,NA,FALSE
100,0,0.45,0.0318482,0.0318482,0.0152302,0.0152302,0.368278,0.368278,TRUE,FALSE,0,0,TRUE
100,0,0.45,0.315459,0.315459,0.677081,0.677081,NA,NA,FALSE,TRUE,0,NA,FALSE
100,0,0.45,0.934213,0.934213,0.263609,0.263609,NA,NA,FALSE,TRUE,0,NA,FALSE
100,0,0.45,0.252719,0.252719,0.296054,0.296054,NA,NA,TRUE,FALSE,0,NA,FALSE
100,0,0.45,0.288902,0.288902,0.0938253,0.0938253,-0.614293,-0.614293,TRUE,FALSE,0,0,FALSE
100,0,0.45,0.178249,0.178249,0.483101,0.483101,NA,NA,FALSE,TRUE,0,NA,FALSE
100,0,0.45,0.377494,0.377494,0.862961,0.862961,NA,NA,FALSE,TRUE,0,NA,FALSE
100,0,0.45,0.333838,0.333838,0.0114189,0.0114189,0.024954,0.024954,TRUE,FALSE,0,0,FALSE
100,0,0.45,0.441483,0.441483,0.815304,0.815304,NA,NA,FALSE,TRUE,0,NA,FALSE
100,0,0.45,0.13925,0.13925,0.14001,0.14001,-1,-1,TRUE,FALSE,0,0,FALSE
100,0,0.45,0.410833,0.410833,0.108021,0.108021,NA,NA,TRUE,FALSE,0,NA,FALSE
100,0,0.45,0.57411,0.57411,0.0537106,0.0537106,NA,NA,FALSE,TRUE,0,NA,FALSE
100,0,0.45,0.861826,0.861826,0.104265,0.104265,NA,NA,FALSE,TRUE,0,NA,FALSE
100,0,0.45,0.407602,0.407602,0.0661135,0.0661135,-0.678304,-0.678304,TRUE,FALSE,0,0,FALSE
100,0,0.45,0.366702,0.366702,0.0287732,0.0287732,0.582622,0.582622,TRUE,FALSE,0,0,FALSE
100,0,0.45,0.25995,0.25995,0.104354,0.104354,NA,NA,TRUE,FALSE,0,NA,FALSE
100,0,0.45,0.891423,0.891423,0.560466,0.560466,NA,NA,FALSE,FALSE,0,NA,FALSE
100,0,0.45,0.914011,0.914011,0.0284779,0.0284779,NA,NA,FALSE,TRUE,0,NA,FALSE
100,0,0.45,0.00787356,0.00787356,0.0360176,0.0360176,0.3095,0.3095,TRUE,FALSE,0,0,TRUE
100,0,0.45,0.289426,0.289426,0.249241,0.249241,0.718924,0.718924,TRUE,FALSE,0,0,FALSE
100,0,0.45,0.533569,0.533569,0.160257,0.160257,NA,NA,FALSE,TRUE,0,NA,FALSE
100,0,0.45,0.404711,0.404711,0.134189,0.134189,NA,NA,TRUE,FALSE,0,NA,FALSE
100,0,0.45,0.0710113,0.0710113,0.0251363,0.0251363,0.152314,0.152314,TRUE,FALSE,0,0,FALSE
100,0,0.45,0.747972,0.747972,0.0316359,0.0316359,NA,NA,FALSE,TRUE,0,NA,FALSE
100,0,0.45,0.345175,0.345175,0.141346,0.141346,NA,NA,TRUE,FALSE,0,NA,FALSE
100,0,0.45,0.0447284,0.0447284,0.0829477,0.0829477,0.0637995,0.0637995,TRUE,FALSE,0,0,FALSE
100,0,0.45,0.366319,0.366319,0.738435,0.738435,NA,NA,FALSE,TRUE,0,NA,FALSE
100,0,0.45,0.561938,0.561938,0.366579,0.366579,NA,NA,FALSE,TRUE,0,NA,FALSE
100,0,0.45,0.380334,0.380334,0.229997,0.229997,0.0877058,0.0877058,TRUE,FALSE,0,0,FALSE
100,0,0.45,0.899949,0.899949,0.0194149,0.0194149,NA,NA,FALSE,TRUE,0,NA,FALSE
100,0,0.45,0.816037,0.816037,0.227692,0.227692,NA,NA,FALSE,TRUE,0,NA,FALSE
100,0,0.45,0.854368,0.854368,0.974115,0.974115,-0.157518,NA,FALSE,FALSE,0,NA,FALSE
100,0,0.45,0.0217076,0.0217076,0.845011,0.845011,NA,NA,FALSE,TRUE,0,NA,FALSE
100,0,0.45,0.914378,0.914378,0.890066,0.890066,0.483631,NA,FALSE,FALSE,0,NA,FALSE
100,0,0.45,0.822906,0.822906,0.764833,0.764833,-0.135946,NA,FALSE,FALSE,0,NA,FALSE
100,0,0.45,0.7481,0.7481,0.000117587,0.000117587,NA,NA,FALSE,TRUE,0,NA,FALSE
100,0,0.45,0.38422,0.38422,0.0257465,0.0257465,NA,NA,TRUE,FALSE,0,NA,FALSE
100,0,0.45,0.372042,0.372042,0.00140502,0.00140502,0.275644,0.275644,TRUE,FALSE,0,0,FALSE
100,0,0.45,0.034656,0.034656,0.191642,0.191642,0.528969,0.528969,TRUE,FALSE,0,0,FALSE
100,0,0.45,0.019709,0.019709,0.311953,0.311953,-0.27852,-0.27852,TRUE,FALSE,0,0,FALSE
100,0,0.45,0.150901,0.150901,0.105376,0.105376,1,1,TRUE,FALSE,0,0,FALSE
100,0,0.45,0.129376,0.129376,0.0491344,0.0491344,0.601321,0.601321,TRUE,FALSE,0,0,FALSE
100,0,0.45,0.559462,0.559462,0.671246,0.671246,0.80186,NA,FALSE,FALSE,0,NA,FALSE
100,0,0.45,0.153952,0.153952,0.68888,0.68888,NA,NA,FALSE,TRUE,0,NA,FALSE
100,0,0.45,0.547567,0.547567,0.0182763,0.0182763,NA,NA,FALSE,TRUE,0,NA,FALSE
100,0,0.45,0.114429,0.114429,0.135679,0.135679,0.84836,0.84836,TRUE,FALSE,0,0,FALSE
100,0,0.45,0.909167,0.909167,0.013844,0.013844,NA,NA,FALSE,TRUE,0,NA,FALSE
100,0,0.45,0.567441,0.567441,0.0356932,0.0356932,NA,NA,FALSE,TRUE,0,NA,FALSE
100,0,0.45,0.00107374,0.00107374,0.632544,0.632544,NA,NA,FALSE,TRUE,0,NA,FALSE
100,0,0.45,0.812457,0.812457,0.377939,0.377939,NA,NA,FALSE,TRUE,0,NA,FALSE
100,0,0.45,0.580523,0.580523,0.227374,0.227374,NA,NA,FALSE,TRUE,0,NA,FALSE
100,0,0.45,0.648933,0.648933,0.343603,0.343603,NA,NA,FALSE,TRUE,0,NA,FALSE
100,0,0.45,0.196607,0.196607,0.476105,0.476105,-0.0413588,-0.0413588,TRUE,FALSE,0,0,FALSE
100,0,0.45,0.499552,0.499552,0.457206,0.457206,NA,NA,FALSE,TRUE,0,NA,FALSE
100,0,0.45,0.84986,0.84986,0.699101,0.699101,0.633382,NA,FALSE,FALSE,0,NA,FALSE
100,0,0.45,0.57006,0.57006,0.131143,0.131143,NA,NA,FALSE,TRUE,0,NA,FALSE
100,0,0.45,0.651994,0.651994,0.328286,0.328286,NA,NA,FALSE,TRUE,0,NA,FALSE
100,0,0.45,0.575078,0.575078,0.547808,0.547808,NA,NA,FALSE,FALSE,0,NA,FALSE
100,0,0.45,0.0741005,0.0741005,0.196575,0.196575,-0.423155,-0.423155,TRUE,FALSE,0,0,FALSE
100,0,0.9,0.67265,0.67265,0.00121031,0.00121031,NA,NA,FALSE,TRUE,0,NA,FALSE
100,0,0.9,0.218337,0.218337,0.414864,0.414864,NA,NA,TRUE,FALSE,0,NA,FALSE
100,0,0.9,0.810516,0.810516,0.407355,0.407355,NA,NA,FALSE,TRUE,0,NA,FALSE
100,0,0.9,0.0844074,0.0844074,0.0127894,0.0127894,0.858927,0.858927,TRUE,FALSE,0,0,FALSE
100,0,0.9,0.313887,0.313887,0.100367,0.100367,NA,NA,TRUE,FALSE,0,NA,FALSE
100,0,0.9,0.657057,0.657057,0.3749,0.3749,NA,NA,FALSE,TRUE,0,NA,FALSE
100,0,0.9,0.478559,0.478559,0.694683,0.694683,NA,NA,FALSE,TRUE,0,NA,FALSE
100,0,0.9,0.55607,0.55607,0.147739,0.147739,NA,NA,FALSE,TRUE,0,NA,FALSE
100,0,0.9,0.0862401,0.0862401,0.0861583,0.0861583,0.820004,0.820004,TRUE,FALSE,0,0,FALSE
100,0,0.9,0.943762,0.943762,0.0572319,0.0572319,NA,NA,FALSE,TRUE,0,NA,FALSE
100,0,0.9,0.851461,0.851461,0.0121265,0.0121265,NA,NA,FALSE,TRUE,0,NA,FALSE
100,0,0.9,0.547189,0.547189,0.163426,0.163426,NA,NA,FALSE,TRUE,0,NA,FALSE
100,0,0.9,0.414251,0.414251,0.139626,0.139626,NA,NA,TRUE,FALSE,0,NA,FALSE
100,0,0.9,0.846923,0.846923,0.00742217,0.00742217,NA,NA,FALSE,TRUE,0,NA,FALSE
100,0,0.9,0.8993,0.8993,0.00406423,0.00406423,NA,NA,FALSE,TRUE,0,NA,FALSE
100,0,0.9,0.0348592,0.0348592,0.0725595,0.0725595,-0.10025,-0.10025,TRUE,FALSE,0,0,FALSE
100,0,0.9,0.669232,0.669232,0.509259,0.509259,0.347878,NA,FALSE,FALSE,0,NA,FALSE
100,0,0.9,0.252985,0.252985,0.135813,0.135813,0.576366,0.576366,TRUE,FALSE,0,0,FALSE
100,0,0.9,0.94506,0.94506,0.313416,0.313416,NA,NA,FALSE,TRUE,0,NA,FALSE
100,0,0.9,0.928522,0.928522,0.0163415,0.0163415,NA,NA,FALSE,TRUE,0,NA,FALSE
100,0,0.9,0.73134,0.73134,0.297383,0.297383,NA,NA,FALSE,TRUE,0,NA,FALSE
100,0,0.9,0.440866,0.440866,0.0304656,0.0304656,NA,NA,TRUE,FALSE,0,NA,FALSE
100,0,0.9,0.402477,0.402477,0.125862,0.125862,-1,-1,TRUE,FALSE,0,0,FALSE
100,0,0.9,0.146488,0.146488,0.442177,0.442177,NA,NA,TRUE,FALSE,0,NA,FALSE
100,0,0.9,0.0104208,0.0104208,0.00655182,0.00655182,0.578856,0.578856,TRUE,FALSE,0,0,TRUE
100,0,0.9,0.240917,0.240917,0.110097,0.110097,NA,NA,TRUE,FALSE,0,NA,FALSE
100,0,0.9,0.267003,0.267003,0.066456,0.066456,0.560721,0.560721,TRUE,FALSE,0,0,FALSE
100,0,0.9,0.335649,0.335649,0.117845,0.117845,0.260216,0.260216,TRUE,FALSE,0,0,FALSE
100,0,0.9,0.736581,0.736581,0.131809,0.131809,NA,NA,FALSE,TRUE,0,NA,FALSE
100,0,0.9,0.963395,0.963395,0.00188491,0.00188491,NA,NA,FALSE,TRUE,0,NA,FALSE
100,0,0.9,0.90041,0.90041,0.889955,0.889955,-0.253724,NA,FALSE,FALSE,0,NA,FALSE
100,0,0.9,0.616413,0.616413,0.420492,0.420492,NA,NA,FALSE,TRUE,0,NA,FALSE
100,0,0.9,0.789319,0.789319,0.00152631,0.00152631,NA,NA,FALSE,TRUE,0,NA,FALSE
100,0,0.9,0.310841,0.310841,0.00109545,0.00109545,0.283599,0.283599,TRUE,FALSE,0,0,FALSE
100,0,0.9,0.689425,0.689425,0.105534,0.105534,NA,NA,FALSE,TRUE,0,NA,FALSE
100,0,0.9,0.0765103,0.0765103,0.0012106,0.0012106,-0.314362,-0.314362,TRUE,FALSE,0,0,FALSE
100,0,0.9,0.870472,0.870472,0.250961,0.250961,NA,NA,FALSE,TRUE,0,NA,FALSE
100,0,0.9,0.19911,0.19911,0.391426,0.391426,NA,NA,TRUE,FALSE,0,NA,FALSE
100,0,0.9,0.160962,0.160962,0.208379,0.208379,0.373646,0.373646,TRUE,FALSE,0,0,FALSE
100,0,0.9,0.545244,0.545244,0.03174,0.03174,NA,NA,FALSE,TRUE,0,NA,FALSE
100,0,0.9,0.398371,0.398371,0.309557,0.309557,NA,NA,TRUE,FALSE,0,NA,FALSE
100,0,0.9,0.926981,0.926981,0.0581311,0.0581311,NA,NA,FALSE,TRUE,0,NA,FALSE
100,0,0.9,0.339859,0.339859,0.961192,0.961192,NA,NA,FALSE,TRUE,0,NA,FALSE
100,0,0.9,0.0117821,0.0117821,0.368596,0.368596,-0.482596,-0.482596,TRUE,FALSE,0,0,FALSE
100,0,0.9,0.103381,0.103381,0.0762637,0.0762637,0.0224681,0.0224681,TRUE,FALSE,0,0,FALSE
100,0,0.9,0.559138,0.559138,0.548798,0.548798,NA,NA,FALSE,FALSE,0,NA,FALSE
100,0,0.9,0.142546,0.142546,0.10782,0.10782,NA,NA,TRUE,FALSE,0,NA,FALSE
100,0,0.9,0.538543,0.538543,0.700721,0.700721,NA,NA,FALSE,FALSE,0,NA,FALSE
100,0,0.9,0.86083,0.86083,0.652096,0.652096,-0.684733,NA,FALSE,FALSE,0,NA,FALSE
100,0,0.9,0.88192,0.88192,0.749318,0.749318,-0.188286,NA,FALSE,FALSE,0,NA,FALSE
100,0,0.9,0.104812,0.104812,0.615638,0.615638,NA,NA,FALSE,TRUE,0,NA,FALSE
100,0,0.9,0.84609,0.84609,0.146661,0.146661,NA,NA,FALSE,TRUE,0,NA,FALSE
100,0,0.9,0.49609,0.49609,0.098165,0.098165,NA,NA,FALSE,TRUE,0,NA,FALSE
100,0,0.9,0.626531,0.626531,0.122847,0.122847,NA,NA,FALSE,TRUE,0,NA,FALSE
100,0,0.9,0.0962321,0.0962321,0.23199,0.23199,-0.806361,-0.806361,TRUE,FALSE,0,0,FALSE
100,0,0.9,0.834467,0.834467,0.189708,0.189708,NA,NA,FALSE,TRUE,0,NA,FALSE
100,0,0.9,0.671735,0.671735,0.0563132,0.0563132,NA,NA,FALSE,TRUE,0,NA,FALSE
100,0,0.9,0.24686,0.24686,0.105812,0.105812,NA,NA,TRUE,FALSE,0,NA,FALSE
100,0,0.9,0.663032,0.663032,0.128288,0.128288,NA,NA,FALSE,TRUE,0,NA,FALSE
100,0,0.9,0.998774,0.998774,0.0916443,0.0916443,NA,NA,FALSE,TRUE,0,NA,FALSE
100,0,0.9,0.116443,0.116443,0.137969,0.137969,0.0966259,0.0966259,TRUE,FALSE,0,0,FALSE
100,0,0.9,0.577155,0.577155,0.414361,0.414361,NA,NA,FALSE,TRUE,0,NA,FALSE
100,0,0.9,0.774711,0.774711,0.100628,0.100628,NA,NA,FALSE,TRUE,0,NA,FALSE
100,0,0.9,0.678468,0.678468,0.13773,0.13773,NA,NA,FALSE,TRUE,0,NA,FALSE
100,0,0.9,0.578993,0.578993,0.00191746,0.00191746,NA,NA,FALSE,TRUE,0,NA,FALSE
100,0,0.9,0.345881,0.345881,0.231333,0.231333,NA,NA,TRUE,FALSE,0,NA,FALSE
100,0,0.9,0.960806,0.960806,0.398548,0.398548,NA,NA,FALSE,TRUE,0,NA,FALSE
100,0,0.9,0.282019,0.282019,0.00357148,0.00357148,NA,NA,TRUE,FALSE,0,NA,FALSE
100,0,0.9,0.975747,0.975747,0.00361201,0.00361201,NA,NA,FALSE,TRUE,0,NA,FALSE
100,0,0.9,0.229146,0.229146,0.14957,0.14957,-0.724556,-0.724556,TRUE,FALSE,0,0,FALSE
100,0,0.9,0.0438201,0.0438201,0.577865,0.577865,NA,NA,FALSE,TRUE,0,NA,FALSE
100,0,0.9,0.224971,0.224971,0.181761,0.181761,0.545952,0.545952,TRUE,FALSE,0,0,FALSE
100,0,0.9,0.0450215,0.0450215,0.00199454,0.00199454,-0.348166,-0.348166,TRUE,FALSE,0,0,TRUE
100,0,0.9,0.790588,0.790588,0.00646407,0.00646407,NA,NA,FALSE,TRUE,0,NA,FALSE
100,0,0.9,0.215805,0.215805,0.46113,0.46113,-0.514732,-0.514732,TRUE,FALSE,0,0,FALSE
100,0,0.9,0.0457882,0.0457882,0.0300566,0.0300566,0.155977,0.155977,TRUE,FALSE,0,0,TRUE
100,0,0.9,0.62464,0.62464,0.00583583,0.00583583,NA,NA,FALSE,TRUE,0,NA,FALSE
100,0,0.9,0.0196581,0.0196581,0.00429129,0.00429129,0.0901562,0.0901562,TRUE,FALSE,0,0,TRUE
100,0,0.9,0.205337,0.205337,0.939056,0.939056,NA,NA,FALSE,TRUE,0,NA,FALSE
100,0,0.9,0.459001,0.459001,0.0334582,0.0334582,NA,NA,TRUE,FALSE,0,NA,FALSE
100,0,0.9,0.00805347,0.00805347,0.0660442,0.0660442,-0.0592336,-0.0592336,TRUE,FALSE,0,0,FALSE
100,0,0.9,0.964495,0.964495,0.0612661,0.0612661,NA,NA,FALSE,TRUE,0,NA,FALSE
100,0,0.9,0.327654,0.327654,0.279214,0.279214,-0.0152611,-0.0152611,TRUE,FALSE,0,0,FALSE
100,0,0.9,0.0256519,0.0256519,0.00220004,0.00220004,0.0894885,0.0894885,TRUE,FALSE,0,0,TRUE
100,0,0.9,0.649258,0.649258,0.267627,0.267627,NA,NA,FALSE,TRUE,0,NA,FALSE
100,0,0.9,0.583084,0.583084,0.203908,0.203908,NA,NA,FALSE,TRUE,0,NA,FALSE
100,0,0.9,0.357317,0.357317,0.00264668,0.00264668,0.309007,0.309007,TRUE,FALSE,0,0,FALSE
100,0,0.9,0.166781,0.166781,0.114002,0.114002,-0.187469,-0.187469,TRUE,FALSE,0,0,FALSE
100,0,0.9,0.434863,0.434863,0.177591,0.177591,NA,NA,TRUE,FALSE,0,NA,FALSE
100,0,0.9,0.257819,0.257819,0.0182626,0.0182626,-0.240306,-0.240306,TRUE,FALSE,0,0,FALSE
100,0,0.9,0.484743,0.484743,0.382309,0.382309,NA,NA,FALSE,TRUE,0,NA,FALSE
100,0,0.9,0.582814,0.582814,0.0637367,0.0637367,NA,NA,FALSE,TRUE,0,NA,FALSE
100,0,0.9,0.75709,0.75709,0.000168967,0.000168967,NA,NA,FALSE,TRUE,0,NA,FALSE
100,0,0.9,0.267128,0.267128,0.0161241,0.0161241,0.745486,0.745486,TRUE,FALSE,0,0,FALSE
100,0,0.9,0.0348064,0.0348064,0.21699,0.21699,NA,NA,TRUE,FALSE,0,NA,FALSE
100,0,0.9,0.0924316,0.0924316,0.0762136,0.0762136,1,1,TRUE,FALSE,0,0,FALSE
100,0,0.9,0.281602,0.281602,0.200195,0.200195,NA,NA,TRUE,FALSE,0,NA,FALSE
100,0,0.9,0.0200984,0.0200984,0.0546247,0.0546247,0.967962,0.967962,TRUE,FALSE,0,0,FALSE
100,0,0.9,0.978772,0.978772,0.0492559,0.0492559,NA,NA,FALSE,TRUE,0,NA,FALSE
100,0,0.9,0.40648,0.40648,0.38108,0.38108,NA,NA,TRUE,FALSE,0,NA,FALSE
100,0,0.9,0.515742,0.515742,0.596285,0.596285,NA,NA,FALSE,FALSE,0,NA,FALSE
100,0,0.9,0.33497,0.33497,0.177869,0.177869,0.19517,0.19517,TRUE,FALSE,0,0,FALSE
100,0,0.9,0.5166,0.5166,0.068973,0.068973,NA,NA,FALSE,TRUE,0,NA,FALSE
100,0,0.9,0.0549968,0.0549968,0.104126,0.104126,0.475326,0.475326,TRUE,FALSE,0,0,FALSE
100,0,0.9,0.158542,0.158542,0.310061,0.310061,-0.93275,-0.93275,TRUE,FALSE,0,0,FALSE
100,0,0.9,0.0670465,0.0670465,0.107436,0.107436,-0.2538,-0.2538,TRUE,FALSE,0,0,FALSE
100,0,0.9,0.803387,0.803387,0.120932,0.120932,NA,NA,FALSE,TRUE,0,NA,FALSE
100,0,0.9,0.274598,0.274598,0.310942,0.310942,NA,NA,TRUE,FALSE,0,NA,FALSE
100,0,0.9,0.511378,0.511378,0.0723244,0.0723244,NA,NA,FALSE,TRUE,0,NA,FALSE
100,0,0.9,0.0818658,0.0818658,0.520819,0.520819,NA,NA,FALSE,TRUE,0,NA,FALSE
100,0,0.9,0.877316,0.877316,0.0182728,0.0182728,NA,NA,FALSE,TRUE,0,NA,FALSE
100,0,0.9,0.488974,0.488974,0.0962287,0.0962287,NA,NA,FALSE,TRUE,0,NA,FALSE
100,0,0.9,0.0103209,0.0103209,0.729911,0.729911,NA,NA,FALSE,TRUE,0,NA,FALSE
100,0,0.9,0.510905,0.510905,0.0984094,0.0984094,NA,NA,FALSE,TRUE,0,NA,FALSE
100,0,0.9,0.738048,0.738048,0.000154574,0.000154574,NA,NA,FALSE,TRUE,0,NA,FALSE
100,0,0.9,0.100157,0.100157,0.604431,0.604431,NA,NA,FALSE,TRUE,0,NA,FALSE
100,0,0.9,0.39674,0.39674,0.0555181,0.0555181,1,1,TRUE,FALSE,0,0,FALSE
100,0,0.9,0.196999,0.196999,0.062229,0.062229,-1,-1,TRUE,FALSE,0,0,FALSE
100,0,0.9,0.0299152,0.0299152,0.283332,0.283332,NA,NA,TRUE,FALSE,0,NA,FALSE
100,0,0.9,0.232117,0.232117,0.253611,0.253611,-0.451351,-0.451351,TRUE,FALSE,0,0,FALSE
100,0,0.9,0.159403,0.159403,0.164632,0.164632,-0.524263,-0.524263,TRUE,FALSE,0,0,FALSE
100,0,0.9,0.960296,0.960296,0.0147671,0.0147671,NA,NA,FALSE,TRUE,0,NA,FALSE
100,0,0.9,0.819883,0.819883,0.185537,0.185537,NA,NA,FALSE,TRUE,0,NA,FALSE
100,0,0.9,0.248363,0.248363,0.573776,0.573776,NA,NA,FALSE,TRUE,0,NA,FALSE
100,0,0.9,0.138716,0.138716,0.340855,0.340855,-0.0814234,-0.0814234,TRUE,FALSE,0,0,FALSE
100,0,0.9,0.102052,0.102052,0.423136,0.423136,-1,-1,TRUE,FALSE,0,0,FALSE
100,0,0.9,0.759507,0.759507,0.0872095,0.0872095,NA,NA,FALSE,TRUE,0,NA,FALSE
100,0,0.9,0.0461097,0.0461097,0.646093,0.646093,NA,NA,FALSE,TRUE,0,NA,FALSE
100,0,0.9,0.620515,0.620515,0.267142,0.267142,NA,NA,FALSE,TRUE,0,NA,FALSE
100,0,0.9,0.178805,0.178805,0.097802,0.097802,-0.125753,-0.125753,TRUE,FALSE,0,0,FALSE
100,0,0.9,0.342232,0.342232,0.552001,0.552001,NA,NA,FALSE,TRUE,0,NA,FALSE
100,0,0.9,0.190942,0.190942,0.250775,0.250775,0.357125,0.357125,TRUE,FALSE,0,0,FALSE
100,0,0.9,0.666884,0.666884,0.676926,0.676926,NA,NA,FALSE,FALSE,0,NA,FALSE
100,0,0.9,0.0272548,0.0272548,0.0262914,0.0262914,0.110952,0.110952,TRUE,FALSE,0,0,TRUE
100,0,0.9,0.21976,0.21976,0.265956,0.265956,-1,-1,TRUE,FALSE,0,0,FALSE
100,0,0.9,0.685443,0.685443,0.128337,0.128337,NA,NA,FALSE,TRUE,0,NA,FALSE
100,0,0.9,0.611486,0.611486,0.00572149,0.00572149,NA,NA,FALSE,TRUE,0,NA,FALSE
100,0,0.9,0.628719,0.628719,0.260324,0.260324,NA,NA,FALSE,TRUE,0,NA,FALSE
100,0,0.9,0.421013,0.421013,0.0678213,0.0678213,NA,NA,TRUE,FALSE,0,NA,FALSE
100,0,0.9,0.82838,0.82838,0.319899,0.319899,NA,NA,FALSE,TRUE,0,NA,FALSE
100,0,0.9,0.00176776,0.00176776,0.594402,0.594402,NA,NA,FALSE,TRUE,0,NA,FALSE
100,0,0.9,0.0709713,0.0709713,0.890047,0.890047,NA,NA,FALSE,TRUE,0,NA,FALSE
100,0,0.9,0.346256,0.346256,0.0105798,0.0105798,0.597748,0.597748,TRUE,FALSE,0,0,FALSE
100,0,0.9,0.412024,0.412024,0.290317,0.290317,0.105542,0.105542,TRUE,FALSE,0,0,FALSE
100,0,0.9,0.531624,0.531624,0.0444109,0.0444109,NA,NA,FALSE,TRUE,0,NA,FALSE
100,0,0.9,0.176874,0.176874,0.0439712,0.0439712,-0.136854,-0.136854,TRUE,FALSE,0,0,FALSE
100,0,0.9,0.331738,0.331738,0.687781,0.687781,NA,NA,FALSE,TRUE,0,NA,FALSE
100,0,0.9,0.0256122,0.0256122,0.551257,0.551257,NA,NA,FALSE,TRUE,0,NA,FALSE
100,0,0.9,0.213184,0.213184,0.0417309,0.0417309,0.108656,0.108656,TRUE,FALSE,0,0,FALSE
100,0,0.9,0.183181,0.183181,0.146312,0.146312,0.577255,0.577255,TRUE,FALSE,0,0,FALSE
100,0,0.9,0.984342,0.984342,0.162469,0.162469,NA,NA,FALSE,TRUE,0,NA,FALSE
100,0,0.9,0.776569,0.776569,0.246751,0.246751,NA,NA,FALSE,TRUE,0,NA,FALSE
100,0,0.9,0.0427937,0.0427937,0.203881,0.203881,0.809196,0.809196,TRUE,FALSE,0,0,FALSE
100,0,0.9,0.231348,0.231348,0.466762,0.466762,NA,NA,TRUE,FALSE,0,NA,FALSE
100,0,0.9,0.364801,0.364801,0.270923,0.270923,0.818478,0.818478,TRUE,FALSE,0,0,FALSE
100,0,0.9,0.00713334,0.00713334,0.0372638,0.0372638,0.00879587,0.00879587,TRUE,FALSE,0,0,TRUE
100,0,0.9,0.246931,0.246931,0.0072713,0.0072713,0.541059,0.541059,TRUE,FALSE,0,0,FALSE
100,0,0.9,0.665369,0.665369,0.106341,0.106341,NA,NA,FALSE,TRUE,0,NA,FALSE
100,0,0.9,0.0402702,0.0402702,0.798946,0.798946,NA,NA,FALSE,TRUE,0,NA,FALSE
100,0,0.9,0.460538,0.460538,0.340084,0.340084,NA,NA,TRUE,FALSE,0,NA,FALSE
100,0,0.9,0.511588,0.511588,0.352632,0.352632,NA,NA,FALSE,TRUE,0,NA,FALSE
100,0,0.9,0.777932,0.777932,0.00305455,0.00305455,NA,NA,FALSE,TRUE,0,NA,FALSE
100,0,0.9,0.431188,0.431188,0.338302,0.338302,-0.96347,-0.96347,TRUE,FALSE,0,0,FALSE
100,0,0.9,0.238892,0.238892,0.87541,0.87541,NA,NA,FALSE,TRUE,0,NA,FALSE
100,0,0.9,0.320532,0.320532,0.000949168,0.000949168,0.0218388,0.0218388,TRUE,FALSE,0,0,FALSE
100,0,0.9,0.735758,0.735758,0.35838,0.35838,NA,NA,FALSE,TRUE,0,NA,FALSE
100,0,0.9,0.0960324,0.0960324,0.0787252,0.0787252,0.450129,0.450129,TRUE,FALSE,0,0,FALSE
100,0,0.9,0.80131,0.80131,0.474837,0.474837,NA,NA,FALSE,TRUE,0,NA,FALSE
100,0,0.9,0.56017,0.56017,0.00655358,0.00655358,NA,NA,FALSE,TRUE,0,NA,FALSE
100,0,0.9,0.294662,0.294662,0.058629,0.058629,0.780798,0.780798,TRUE,FALSE,0,0,FALSE
100,0,0.9,0.472851,0.472851,0.0922415,0.0922415,NA,NA,TRUE,FALSE,0,NA,FALSE
100,0,0.9,0.278109,0.278109,0.0682227,0.0682227,NA,NA,TRUE,FALSE,0,NA,FALSE
100,0,0.9,0.850854,0.850854,0.209218,0.209218,NA,NA,FALSE,TRUE,0,NA,FALSE
100,0,0.9,0.147248,0.147248,0.019677,0.019677,-0.75148,-0.75148,TRUE,FALSE,0,0,FALSE
100,0,0.9,0.448218,0.448218,0.0103434,0.0103434,-0.16119,-0.16119,TRUE,FALSE,0,0,FALSE
100,0,0.9,0.0508542,0.0508542,0.0913191,0.0913191,0.365632,0.365632,TRUE,FALSE,0,0,FALSE
100,0,0.9,0.445859,0.445859,0.012464,0.012464,0.952728,0.952728,TRUE,FALSE,0,0,FALSE
100,0,0.9,0.848565,0.848565,0.25741,0.25741,NA,NA,FALSE,TRUE,0,NA,FALSE
100,0,0.9,0.29534,0.29534,0.0261137,0.0261137,0.94745,0.94745,TRUE,FALSE,0,0,FALSE
100,0,0.9,0.738482,0.738482,0.546818,0.546818,-0.448446,NA,FALSE,FALSE,0,NA,FALSE
100,0,0.9,0.458475,0.458475,0.207133,0.207133,NA,NA,TRUE,FALSE,0,NA,FALSE
100,0,0.9,0.665463,0.665463,0.221119,0.221119,NA,NA,FALSE,TRUE,0,NA,FALSE
100,0,0.9,0.231601,0.231601,0.442124,0.442124,-0.118381,-0.118381,TRUE,FALSE,0,0,FALSE
100,0,0.9,0.594166,0.594166,0.0518553,0.0518553,NA,NA,FALSE,TRUE,0,NA,FALSE
100,0,0.9,0.580735,0.580735,0.112433,0.112433,NA,NA,FALSE,TRUE,0,NA,FALSE
100,0,0.9,0.151552,0.151552,0.22698,0.22698,-0.541519,-0.541519,TRUE,FALSE,0,0,FALSE
100,0,0.9,0.496556,0.496556,0.0777272,0.0777272,NA,NA,FALSE,TRUE,0,NA,FALSE
100,0,0.9,0.211112,0.211112,0.927001,0.927001,NA,NA,FALSE,TRUE,0,NA,FALSE
100,0,0.9,0.852689,0.852689,0.46772,0.46772,NA,NA,FALSE,TRUE,0,NA,FALSE
100,0,0.9,0.106469,0.106469,0.365694,0.365694,NA,NA,TRUE,FALSE,0,NA,FALSE
100,0,0.9,0.112373,0.112373,0.0328651,0.0328651,0.688821,0.688821,TRUE,FALSE,0,0,FALSE
100,0,0.9,0.536242,0.536242,0.2499,0.2499,NA,NA,FALSE,TRUE,0,NA,FALSE
100,0,0.9,0.0475956,0.0475956,0.117604,0.117604,-0.139031,-0.139031,TRUE,FALSE,0,0,FALSE
100,0,0.9,0.525753,0.525753,0.211653,0.211653,NA,NA,FALSE,TRUE,0,NA,FALSE
100,0,0.9,0.335597,0.335597,0.604952,0.604952,NA,NA,FALSE,TRUE,0,NA,FALSE
100,0,0.9,0.233758,0.233758,0.0744475,0.0744475,-0.19438,-0.19438,TRUE,FALSE,0,0,FALSE
100,0,0.9,0.0237211,0.0237211,0.482669,0.482669,NA,NA,FALSE,TRUE,0,NA,FALSE
100,0,0.9,0.347125,0.347125,0.0497067,0.0497067,-0.117938,-0.117938,TRUE,FALSE,0,0,FALSE
100,0,0.9,0.431873,0.431873,0.0426987,0.0426987,NA,NA,TRUE,FALSE,0,NA,FALSE
100,0,0.9,0.553234,0.553234,0.0683351,0.0683351,NA,NA,FALSE,TRUE,0,NA,FALSE
270,0.02756,-0.8,0.0261633,0.0261633,0.836218,0.836218,NA,NA,FALSE,TRUE,0,NA,FALSE
270,0.02756,-0.8,0.659246,0.659246,0.775002,0.775002,-0.841638,NA,FALSE,FALSE,0,NA,FALSE
270,0.02756,-0.8,0.975712,0.975712,0.1556,0.1556,NA,NA,FALSE,TRUE,0,NA,FALSE
270,0.02756,-0.8,0.11036,0.11036,0.473509,0.473509,NA,NA,TRUE,FALSE,0,NA,FALSE
270,0.02756,-0.8,0.35891,0.35891,0.00522547,0.00522547,-0.78831,-0.78831,TRUE,FALSE,0,0,FALSE
270,0.02756,-0.8,0.978608,0.978608,0.10599,0.10599,NA,NA,FALSE,TRUE,0,NA,FALSE
270,0.02756,-0.8,0.0492872,0.0492872,0.502574,0.502574,NA,NA,FALSE,TRUE,0,NA,FALSE
270,0.02756,-0.8,0.771774,0.771774,0.444892,0.444892,NA,NA,FALSE,TRUE,0,NA,FALSE
270,0.02756,-0.8,0.898192,0.898192,0.894065,0.894065,-0.363915,NA,FALSE,FALSE,0,NA,FALSE
270,0.02756,-0.8,0.335877,0.335877,0.891137,0.891137,NA,NA,FALSE,TRUE,0,NA,FALSE
270,0.02756,-0.8,0.948979,0.948979,0.256365,0.256365,NA,NA,FALSE,TRUE,0,NA,FALSE
270,0.02756,-0.8,0.65352,0.65352,0.210562,0.210562,NA,NA,FALSE,TRUE,0,NA,FALSE
270,0.02756,-0.8,0.111563,0.111563,0.56756,0.56756,NA,NA,FALSE,TRUE,0,NA,FALSE
270,0.02756,-0.8,0.284864,0.284864,0.196127,0.196127,0.786169,0.786169,TRUE,FALSE,0,0,FALSE
270,0.02756,-0.8,0.0241808,0.0241808,0.621827,0.621827,NA,NA,FALSE,TRUE,0,NA,FALSE
270,0.02756,-0.8,0.677761,0.677761,0.0306251,0.0306251,NA,NA,FALSE,TRUE,0,NA,FALSE
270,0.02756,-0.8,0.787842,0.787842,0.191158,0.191158,NA,NA,FALSE,TRUE,0,NA,FALSE
270,0.02756,-0.8,0.675171,0.675171,0.00342485,0.00342485,NA,NA,FALSE,TRUE,0,NA,FALSE
270,0.02756,-0.8,0.851768,0.851768,0.198176,0.198176,NA,NA,FALSE,TRUE,0,NA,FALSE
270,0.02756,-0.8,0.193391,0.193391,0.35161,0.35161,NA,NA,TRUE,FALSE,0,NA,FALSE
270,0.02756,-0.8,0.221369,0.221369,0.0202805,0.0202805,-0.94288,-0.94288,TRUE,FALSE,0,0,FALSE
270,0.02756,-0.8,0.291905,0.291905,0.549154,0.549154,NA,NA,FALSE,TRUE,0,NA,FALSE
270,0.02756,-0.8,0.72495,0.72495,0.0439896,0.0439896,NA,NA,FALSE,TRUE,0,NA,FALSE
270,0.02756,-0.8,0.221324,0.221324,0.211982,0.211982,0.406047,0.406047,TRUE,FALSE,0,0,FALSE
270,0.02756,-0.8,0.703885,0.703885,0.662115,0.662115,0.0376952,NA,FALSE,FALSE,0,NA,FALSE
270,0.02756,-0.8,0.753566,0.753566,0.0630522,0.0630522,NA,NA,FALSE,TRUE,0,NA,FALSE
270,0.02756,-0.8,0.0805923,0.0805923,0.0658727,0.0658727,0.090233,0.090233,TRUE,FALSE,0,0,FALSE
270,0.02756,-0.8,0.425709,0.425709,0.867392,0.867392,NA,NA,FALSE,TRUE,0,NA,FALSE
270,0.02756,-0.8,0.880577,0.880577,0.166025,0.166025,NA,NA,FALSE,TRUE,0,NA,FALSE
270,0.02756,-0.8,0.739204,0.739204,0.0805867,0.0805867,NA,NA,FALSE,TRUE,0,NA,FALSE
270,0.02756,-0.8,0.77599,0.77599,0.100698,0.100698,NA,NA,FALSE,TRUE,0,NA,FALSE
270,0.02756,-0.8,0.70667,0.70667,0.443856,0.443856,NA,NA,FALSE,TRUE,0,NA,FALSE
270,0.02756,-0.8,0.251486,0.251486,0.045448,0.045448,-0.216767,-0.216767,TRUE,FALSE,0,0,FALSE
270,0.02756,-0.8,0.903354,0.903354,0.4031,0.4031,NA,NA,FALSE,TRUE,0,NA,FALSE
270,0.02756,-0.8,0.940315,0.940315,0.109557,0.109557,NA,NA,FALSE,TRUE,0,NA,FALSE
270,0.02756,-0.8,0.870245,0.870245,0.574102,0.574102,-0.49473,NA,FALSE,FALSE,0,NA,FALSE
270,0.02756,-0.8,0.0868565,0.0868565,0.202901,0.202901,0.716533,0.716533,TRUE,FALSE,0,0,FALSE
270,0.02756,-0.8,0.228709,0.228709,3.56694e-05,3.56694e-05,-0.525014,-0.525014,TRUE,FALSE,0,0,FALSE
270,0.02756,-0.8,0.118311,0.118311,0.00801307,0.00801307,-0.482457,-0.482457,TRUE,FALSE,0,0,FALSE
270,0.02756,-0.8,0.132809,0.132809,0.0351946,0.0351946,0.330271,0.330271,TRUE,FALSE,0,0,FALSE
270,0.02756,-0.8,0.0277035,0.0277035,0.457664,0.457664,-0.00297701,-0.00297701,TRUE,FALSE,0,0,FALSE
270,0.02756,-0.8,0.374669,0.374669,0.0986447,0.0986447,0.593191,0.593191,TRUE,FALSE,0,0,FALSE
270,0.02756,-0.8,0.0570018,0.0570018,0.0973986,0.0973986,0.245126,0.245126,TRUE,FALSE,0,0,FALSE
270,0.02756,-0.8,0.146102,0.146102,0.320627,0.320627,0.0458592,0.0458592,TRUE,FALSE,0,0,FALSE
270,0.02756,-0.8,0.77051,0.77051,0.10393,0.10393,NA,NA,FALSE,TRUE,0,NA,FALSE
270,0.02756,-0.8,0.357246,0.357246,0.200743,0.200743,0.141736,0.141736,TRUE,FALSE,0,0,FALSE
270,0.02756,-0.8,0.460282,0.460282,0.194975,0.194975,NA,NA,TRUE,FALSE,0,NA,FALSE
270,0.02756,-0.8,0.327781,0.327781,0.0144432,0.0144432,NA,NA,TRUE,FALSE,0,NA,FALSE
270,0.02756,-0.8,0.450574,0.450574,0.00406654,0.00406654,-0.576085,-0.576085,TRUE,FALSE,0,0,FALSE
270,0.02756,-0.8,0.0946734,0.0946734,0.240498,0.240498,NA,NA,TRUE,FALSE,0,NA,FALSE
270,0.02756,-0.8,0.169475,0.169475,0.00521683,0.00521683,-0.2953,-0.2953,TRUE,FALSE,0,0,FALSE
270,0.02756,-0.8,0.663656,0.663656,0.0144902,0.0144902,NA,NA,FALSE,TRUE,0,NA,FALSE
270,0.02756,-0.8,0.680208,0.680208,0.0358651,0.0358651,NA,NA,FALSE,TRUE,0,NA,FALSE
270,0.02756,-0.8,0.13944,0.13944,0.0995933,0.0995933,0.178265,0.178265,TRUE,FALSE,0,0,FALSE
270,0.02756,-0.8,0.540276,0.540276,0.0785518,0.0785518,NA,NA,FALSE,TRUE,0,NA,FALSE
270,0.02756,-0.8,0.311606,0.311606,0.411931,0.411931,NA,NA,TRUE,FALSE,0,NA,FALSE
270,0.02756,-0.8,0.184802,0.184802,0.241356,0.241356,-1,-1,TRUE,FALSE,0,0,FALSE
270,0.02756,-0.8,0.652086,0.652086,0.36492,0.36492,NA,NA,FALSE,TRUE,0,NA,FALSE
270,0.02756,-0.8,0.104488,0.104488,0.792183,0.792183,NA,NA,FALSE,TRUE,0,NA,FALSE
270,0.02756,-0.8,0.860743,0.860743,0.0714875,0.0714875,NA,NA,FALSE,TRUE,0,NA,FALSE
270,0.02756,-0.8,0.551163,0.551163,0.01535,0.01535,NA,NA,FALSE,TRUE,0,NA,FALSE
270,0.02756,-0.8,0.851281,0.851281,0.496112,0.496112,NA,NA,FALSE,FALSE,0,NA,FALSE
270,0.02756,-0.8,0.0532726,0.0532726,0.205357,0.205357,0.495071,0.495071,TRUE,FALSE,0,0,FALSE
270,0.02756,-0.8,0.322342,0.322342,0.179269,0.179269,-1,-1,TRUE,FALSE,0,0,FALSE
270,0.02756,-0.8,0.56193,0.56193,0.257113,0.257113,NA,NA,FALSE,TRUE,0,NA,FALSE
270,0.02756,-0.8,0.121468,0.121468,0.481613,0.481613,NA,NA,TRUE,FALSE,0,NA,FALSE
270,0.02756,-0.8,0.82434,0.82434,0.0155366,0.0155366,NA,NA,FALSE,TRUE,0,NA,FALSE
270,0.02756,-0.8,0.654174,0.654174,0.2466,0.2466,NA,NA,FALSE,TRUE,0,NA,FALSE
270,0.02756,-0.8,0.0463099,0.0463099,0.808844,0.808844,NA,NA,FALSE,TRUE,0,NA,FALSE
270,0.02756,-0.8,0.9681,0.9681,0.137868,0.137868,NA,NA,FALSE,TRUE,0,NA,FALSE
270,0.02756,-0.8,0.609133,0.609133,0.0799899,0.0799899,NA,NA,FALSE,TRUE,0,NA,FALSE
270,0.02756,-0.8,0.876178,0.876178,0.054056,0.054056,NA,NA,FALSE,TRUE,0,NA,FALSE
270,0.02756,-0.8,0.79318,0.79318,0.00311431,0.00311431,NA,NA,FALSE,TRUE,0,NA,FALSE
270,0.02756,-0.8,0.171859,0.171859,0.0132813,0.0132813,-0.442003,-0.442003,TRUE,FALSE,0,0,FALSE
270,0.02756,-0.8,0.734649,0.734649,0.360675,0.360675,NA,NA,FALSE,TRUE,0,NA,FALSE
270,0.02756,-0.8,0.414439,0.414439,0.411792,0.411792,NA,NA,TRUE,FALSE,0,NA,FALSE
270,0.02756,-0.8,0.309997,0.309997,0.171677,0.171677,-1,-1,TRUE,FALSE,0,0,FALSE
270,0.02756,-0.8,0.0576693,0.0576693,0.789578,0.789578,NA,NA,FALSE,TRUE,0,NA,FALSE
270,0.02756,-0.8,0.389757,0.389757,0.79334,0.79334,NA,NA,FALSE,TRUE,0,NA,FALSE
270,0.02756,-0.8,0.742669,0.742669,0.0668697,0.0668697,NA,NA,FALSE,TRUE,0,NA,FALSE
270,0.02756,-0.8,0.743519,0.743519,0.293299,0.293299,NA,NA,FALSE,TRUE,0,NA,FALSE
270,0.02756,-0.8,0.859607,0.859607,0.00383625,0.00383625,NA,NA,FALSE,TRUE,0,NA,FALSE
270,0.02756,-0.8,0.535324,0.535324,0.152772,0.152772,NA,NA,FALSE,TRUE,0,NA,FALSE
270,0.02756,-0.8,0.0882197,0.0882197,0.045556,0.045556,-0.882228,-0.882228,TRUE,FALSE,0,0,FALSE
270,0.02756,-0.8,0.301506,0.301506,0.0931281,0.0931281,0.828026,0.828026,TRUE,FALSE,0,0,FALSE
270,0.02756,-0.8,0.393915,0.393915,0.249385,0.249385,NA,NA,TRUE,FALSE,0,NA,FALSE
270,0.02756,-0.8,0.35214,0.35214,0.564938,0.564938,NA,NA,FALSE,TRUE,0,NA,FALSE
270,0.02756,-0.8,0.0173759,0.0173759,0.578578,0.578578,NA,NA,FALSE,TRUE,0,NA,FALSE
270,0.02756,-0.8,0.930589,0.930589,0.861711,0.861711,-0.317703,NA,FALSE,FALSE,0,NA,FALSE
270,0.02756,-0.8,0.151478,0.151478,0.333597,0.333597,-0.841654,-0.841654,TRUE,FALSE,0,0,FALSE
270,0.02756,-0.8,0.803209,0.803209,0.00057713,0.00057713,NA,NA,FALSE,TRUE,0,NA,FALSE
270,0.02756,-0.8,0.812777,0.812777,0.0978108,0.0978108,NA,NA,FALSE,TRUE,0,NA,FALSE
270,0.02756,-0.8,0.530189,0.530189,0.0515409,0.0515409,NA,NA,FALSE,TRUE,0,NA,FALSE
270,0.02756,-0.8,0.153775,0.153775,0.102413,0.102413,-0.401518,-0.401518,TRUE,FALSE,0,0,FALSE
270,0.02756,-0.8,0.198038,0.198038,0.356367,0.356367,NA,NA,TRUE,FALSE,0,NA,FALSE
270,0.02756,-0.8,0.0736574,0.0736574,0.258315,0.258315,-1,-1,TRUE,FALSE,0,0,FALSE
270,0.02756,-0.8,0.543969,0.543969,0.0656111,0.0656111,NA,NA,FALSE,TRUE,0,NA,FALSE
270,0.02756,-0.8,0.148403,0.148403,0.0157504,0.0157504,0.488991,0.488991,TRUE,FALSE,0,0,FALSE
270,0.02756,-0.8,0.239967,0.239967,0.098169,0.098169,-0.409896,-0.409896,TRUE,FALSE,0,0,FALSE
270,0.02756,-0.8,0.763199,0.763199,0.033773,0.033773,NA,NA,FALSE,TRUE,0,NA,FALSE
270,0.02756,-0.8,0.255969,0.255969,0.038423,0.038423,-0.0484455,-0.0484455,TRUE,FALSE,0,0,FALSE
270,0.02756,-0.8,0.865824,0.865824,0.475346,0.475346,NA,NA,FALSE,TRUE,0,NA,FALSE
270,0.02756,-0.8,0.563893,0.563893,0.00204916,0.00204916,NA,NA,FALSE,TRUE,0,NA,FALSE
270,0.02756,-0.8,0.294385,0.294385,0.0180521,0.0180521,NA,NA,TRUE,FALSE,0,NA,FALSE
270,0.02756,-0.8,0.176872,0.176872,0.0390388,0.0390388,-1,-1,TRUE,FALSE,0,0,FALSE
270,0.02756,-0.8,0.302076,0.302076,0.44382,0.44382,NA,NA,TRUE,FALSE,0,NA,FALSE
270,0.02756,-0.8,0.80012,0.80012,0.728702,0.728702,-0.348093,NA,FALSE,FALSE,0,NA,FALSE
270,0.02756,-0.8,0.187108,0.187108,0.446883,0.446883,NA,NA,TRUE,FALSE,0,NA,FALSE
270,0.02756,-0.8,0.492716,0.492716,0.0240698,0.0240698,NA,NA,FALSE,TRUE,0,NA,FALSE
270,0.02756,-0.8,0.362571,0.362571,0.334413,0.334413,0.894955,0.894955,TRUE,FALSE,0,0,FALSE
270,0.02756,-0.8,0.129984,0.129984,0.200519,0.200519,1,1,TRUE,FALSE,0,0,FALSE
270,0.02756,-0.8,0.0425617,0.0425617,0.517307,0.517307,NA,NA,FALSE,TRUE,0,NA,FALSE
270,0.02756,-0.8,0.375203,0.375203,0.059731,0.059731,-1,-1,TRUE,FALSE,0,0,FALSE
270,0.02756,-0.8,0.506023,0.506023,0.418091,0.418091,NA,NA,FALSE,TRUE,0,NA,FALSE
270,0.02756,-0.8,0.866344,0.866344,0.289415,0.289415,NA,NA,FALSE,TRUE,0,NA,FALSE
270,0.02756,-0.8,0.189386,0.189386,0.128562,0.128562,0.8013,0.8013,TRUE,FALSE,0,0,FALSE
270,0.02756,-0.8,0.343706,0.343706,0.233288,0.233288,-0.669088,-0.669088,TRUE,FALSE,0,0,FALSE
270,0.02756,-0.8,0.0708042,0.0708042,0.00205995,0.00205995,-0.372246,-0.372246,TRUE,FALSE,0,0,FALSE
270,0.02756,-0.8,0.278524,0.278524,0.477507,0.477507,NA,NA,TRUE,FALSE,0,NA,FALSE
270,0.02756,-0.8,0.457239,0.457239,0.0130074,0.0130074,-0.258327,-0.258327,TRUE,FALSE,0,0,FALSE
270,0.02756,-0.8,0.842507,0.842507,0.181074,0.181074,NA,NA,FALSE,TRUE,0,NA,FALSE
270,0.02756,-0.8,0.910801,0.910801,0.0781069,0.0781069,NA,NA,FALSE,TRUE,0,NA,FALSE
270,0.02756,-0.8,0.775389,0.775389,0.554416,0.554416,NA,NA,FALSE,FALSE,0,NA,FALSE
270,0.02756,-0.8,0.940618,0.940618,0.111312,0.111312,NA,NA,FALSE,TRUE,0,NA,FALSE
270,0.02756,-0.8,0.197535,0.197535,0.129846,0.129846,0.432422,0.432422,TRUE,FALSE,0,0,FALSE
270,0.02756,-0.8,0.684614,0.684614,0.0304635,0.0304635,NA,NA,FALSE,TRUE,0,NA,FALSE
270,0.02756,-0.8,0.618416,0.618416,0.00586031,0.00586031,NA,NA,FALSE,TRUE,0,NA,FALSE
270,0.02756,-0.8,0.920267,0.920267,0.000733411,0.000733411,NA,NA,FALSE,TRUE,0,NA,FALSE
270,0.02756,-0.8,0.00759295,0.00759295,0.43025,0.43025,0.911181,0.911181,TRUE,FALSE,0,0,FALSE
270,0.02756,-0.8,0.630796,0.630796,0.49944,0.49944,NA,NA,FALSE,FALSE,0,NA,FALSE
270,0.02756,-0.8,0.303356,0.303356,0.67658,0.67658,NA,NA,FALSE,TRUE,0,NA,FALSE
270,0.02756,-0.8,0.474079,0.474079,0.619892,0.619892,NA,NA,FALSE,TRUE,0,NA,FALSE
270,0.02756,-0.8,0.839314,0.839314,0.00372353,0.00372353,NA,NA,FALSE,TRUE,0,NA,FALSE
270,0.02756,-0.8,0.105057,0.105057,0.0843771,0.0843771,0.469572,0.469572,TRUE,FALSE,0,0,FALSE
270,0.02756,-0.8,0.886228,0.886228,0.856858,0.856858,0.51999,NA,FALSE,FALSE,0,NA,FALSE
270,0.02756,-0.8,0.857695,0.857695,0.243604,0.243604,NA,NA,FALSE,TRUE,0,NA,FALSE
270,0.02756,-0.8,0.0932171,0.0932171,0.388885,0.388885,-0.101992,-0.101992,TRUE,FALSE,0,0,FALSE
270,0.02756,-0.8,0.644946,0.644946,0.380885,0.380885,NA,NA,FALSE,TRUE,0,NA,FALSE
270,0.02756,-0.8,0.208577,0.208577,0.12449,0.12449,0.875122,0.875122,TRUE,FALSE,0,0,FALSE
270,0.02756,-0.8,0.785417,0.785417,0.147773,0.147773,NA,NA,FALSE,TRUE,0,NA,FALSE
270,0.02756,-0.8,0.0472718,0.0472718,0.201392,0.201392,0.471369,0.471369,TRUE,FALSE,0,0,FALSE
270,0.02756,-0.8,0.396548,0.396548,0.089206,0.089206,-0.746031,-0.746031,TRUE,FALSE,0,0,FALSE
270,0.02756,-0.8,0.248157,0.248157,0.252685,0.252685,NA,NA,TRUE,FALSE,0,NA,FALSE
270,0.02756,-0.8,0.0949704,0.0949704,0.0277219,0.0277219,0.235135,0.235135,TRUE,FALSE,0,0,FALSE
270,0.02756,-0.8,0.664423,0.664423,0.305655,0.305655,NA,NA,FALSE,TRUE,0,NA,FALSE
270,0.02756,-0.8,0.547715,0.547715,0.0641425,0.0641425,NA,NA,FALSE,TRUE,0,NA,FALSE
270,0.02756,-0.8,0.590128,0.590128,0.118839,0.118839,NA,NA,FALSE,TRUE,0,NA,FALSE
270,0.02756,-0.8,0.42614,0.42614,0.568674,0.568674,NA,NA,FALSE,TRUE,0,NA,FALSE
270,0.02756,-0.8,0.256314,0.256314,0.0623764,0.0623764,0.823803,0.823803,TRUE,FALSE,0,0,FALSE
270,0.02756,-0.8,0.904045,0.904045,0.346077,0.346077,NA,NA,FALSE,TRUE,0,NA,FALSE
270,0.02756,-0.8,0.0630592,0.0630592,0.267581,0.267581,0.314108,0.314108,TRUE,FALSE,0,0,FALSE
270,0.02756,-0.8,0.139774,0.139774,0.175293,0.175293,0.768868,0.768868,TRUE,FALSE,0,0,FALSE
270,0.02756,-0.8,0.540031,0.540031,0.426784,0.426784,NA,NA,FALSE,TRUE,0,NA,FALSE
270,0.02756,-0.8,0.633679,0.633679,0.00532327,0.00532327,NA,NA,FALSE,TRUE,0,NA,FALSE
270,0.02756,-0.8,0.114216,0.114216,0.25092,0.25092,0.802555,0.802555,TRUE,FALSE,0,0,FALSE
270,0.02756,-0.8,0.153103,0.153103,0.620694,0.620694,NA,NA,FALSE,TRUE,0,NA,FALSE
270,0.02756,-0.8,0.874862,0.874862,0.118692,0.118692,NA,NA,FALSE,TRUE,0,NA,FALSE
270,0.02756,-0.8,0.396148,0.396148,0.152728,0.152728,NA,NA,TRUE,FALSE,0,NA,FALSE
270,0.02756,-0.8,0.450259,0.450259,0.0254472,0.0254472,NA,NA,TRUE,FALSE,0,NA,FALSE
270,0.02756,-0.8,0.788273,0.788273,0.295676,0.295676,NA,NA,FALSE,TRUE,0,NA,FALSE
270,0.02756,-0.8,0.632074,0.632074,0.224309,0.224309,NA,NA,FALSE,TRUE,0,NA,FALSE
270,0.02756,-0.8,0.741495,0.741495,0.28793,0.28793,NA,NA,FALSE,TRUE,0,NA,FALSE
270,0.02756,-0.8,0.939931,0.939931,0.147344,0.147344,NA,NA,FALSE,TRUE,0,NA,FALSE
270,0.02756,-0.8,0.646005,0.646005,0.0372951,0.0372951,NA,NA,FALSE,TRUE,0,NA,FALSE
270,0.02756,-0.8,0.920414,0.920414,0.0239154,0.0239154,NA,NA,FALSE,TRUE,0,NA,FALSE
270,0.02756,-0.8,0.55804,0.55804,0.0445753,0.0445753,NA,NA,FALSE,TRUE,0,NA,FALSE
270,0.02756,-0.8,0.490062,0.490062,0.0350186,0.0350186,NA,NA,FALSE,TRUE,0,NA,FALSE
270,0.02756,-0.8,0.835838,0.835838,0.12235,0.12235,NA,NA,FALSE,TRUE,0,NA,FALSE
270,0.02756,-0.8,0.318642,0.318642,0.446901,0.446901,NA,NA,TRUE,FALSE,0,NA,FALSE
270,0.02756,-0.8,0.875783,0.875783,0.324876,0.324876,NA,NA,FALSE,TRUE,0,NA,FALSE
270,0.02756,-0.8,0.267867,0.267867,0.324759,0.324759,NA,NA,TRUE,FALSE,0,NA,FALSE
270,0.02756,-0.8,0.64172,0.64172,0.280108,0.280108,NA,NA,FALSE,TRUE,0,NA,FALSE
270,0.02756,-0.8,0.121682,0.121682,0.277217,0.277217,NA,NA,TRUE,FALSE,0,NA,FALSE
270,0.02756,-0.8,0.0318775,0.0318775,0.00558816,0.00558816,-0.348098,-0.348098,TRUE,FALSE,0,0,TRUE
270,0.02756,-0.8,0.019635,0.019635,0.269822,0.269822,0.396941,0.396941,TRUE,FALSE,0,0,FALSE
270,0.02756,-0.8,0.0821423,0.0821423,0.026506,0.026506,0.0938652,0.0938652,TRUE,FALSE,0,0,FALSE
270,0.02756,-0.8,0.391611,0.391611,0.0844161,0.0844161,-0.158457,-0.158457,TRUE,FALSE,0,0,FALSE
270,0.02756,-0.8,0.887467,0.887467,0.657964,0.657964,-0.0344271,NA,FALSE,FALSE,0,NA,FALSE
270,0.02756,-0.8,0.271872,0.271872,0.0240772,0.0240772,NA,NA,TRUE,FALSE,0,NA,FALSE
270,0.02756,-0.8,0.517882,0.517882,0.00777744,0.00777744,NA,NA,FALSE,TRUE,0,NA,FALSE
270,0.02756,-0.8,0.496186,0.496186,0.0323127,0.0323127,NA,NA,FALSE,TRUE,0,NA,FALSE
270,0.02756,-0.8,0.331753,0.331753,0.1658,0.1658,0.092323,0.092323,TRUE,FALSE,0,0,FALSE
270,0.02756,-0.8,0.214405,0.214405,0.411931,0.411931,NA,NA,TRUE,FALSE,0,NA,FALSE
270,0.02756,-0.8,0.532115,0.532115,0.353282,0.353282,NA,NA,FALSE,TRUE,0,NA,FALSE
270,0.02756,-0.8,0.788936,0.788936,0.339252,0.339252,NA,NA,FALSE,TRUE,0,NA,FALSE
270,0.02756,-0.8,0.838022,0.838022,0.135915,0.135915,NA,NA,FALSE,TRUE,0,NA,FALSE
270,0.02756,-0.8,0.309323,0.309323,0.857059,0.857059,NA,NA,FALSE,TRUE,0,NA,FALSE
270,0.02756,-0.8,0.0640444,0.0640444,0.486967,0.486967,-0.553614,-0.553614,TRUE,FALSE,0,0,FALSE
270,0.02756,-0.8,0.00893794,0.00893794,0.567725,0.567725,NA,NA,FALSE,TRUE,0,NA,FALSE
270,0.02756,-0.8,0.110467,0.110467,0.000867601,0.000867601,-0.344806,-0.344806,TRUE,FALSE,0,0,FALSE
270,0.02756,-0.8,0.0976142,0.0976142,0.0117344,0.0117344,-0.45173,-0.45173,TRUE,FALSE,0,0,FALSE
270,0.02756,-0.8,0.888082,0.888082,0.067154,0.067154,NA,NA,FALSE,TRUE,0,NA,FALSE
270,0.02756,-0.8,0.417398,0.417398,0.0360835,0.0360835,-0.637223,-0.637223,TRUE,FALSE,0,0,FALSE
270,0.02756,-0.8,0.143571,0.143571,0.382346,0.382346,1,1,TRUE,FALSE,0,0,FALSE
270,0.02756,-0.8,0.927273,0.927273,0.790641,0.790641,0.550523,NA,FALSE,FALSE,0,NA,FALSE
270,0.02756,-0.8,0.901023,0.901023,0.073024,0.073024,NA,NA,FALSE,TRUE,0,NA,FALSE
270,0.02756,-0.8,0.823236,0.823236,0.662271,0.662271,0.402045,NA,FALSE,FALSE,0,NA,FALSE
270,0.02756,-0.8,0.862596,0.862596,0.281167,0.281167,NA,NA,FALSE,TRUE,0,NA,FALSE
270,0.02756,-0.8,0.315142,0.315142,0.109725,0.109725,0.68487,0.68487,TRUE,FALSE,0,0,FALSE
270,0.02756,-0.8,0.36395,0.36395,0.310666,0.310666,-0.493387,-0.493387,TRUE,FALSE,0,0,FALSE
270,0.02756,-0.3,0.76071,0.76071,0.156708,0.156708,NA,NA,FALSE,TRUE,0,NA,FALSE
270,0.02756,-0.3,0.00103888,0.00103888,0.355984,0.355984,0.0898312,0.0898312,TRUE,FALSE,0,0,FALSE
270,0.02756,-0.3,0.877459,0.877459,0.403681,0.403681,NA,NA,FALSE,TRUE,0,NA,FALSE
270,0.02756,-0.3,0.527971,0.527971,0.16302,0.16302,NA,NA,FALSE,TRUE,0,NA,FALSE
270,0.02756,-0.3,0.147933,0.147933,0.230344,0.230344,-0.944015,-0.944015,TRUE,FALSE,0,0,FALSE
270,0.02756,-0.3,0.380387,0.380387,0.0052349,0.0052349,-0.335283,-0.335283,TRUE,FALSE,0,0,FALSE
270,0.02756,-0.3,0.729561,0.729561,0.267021,0.267021,NA,NA,FALSE,TRUE,0,NA,FALSE
270,0.02756,-0.3,0.87745,0.87745,0.618705,0.618705,-1,NA,FALSE,FALSE,0,NA,FALSE
270,0.02756,-0.3,0.566588,0.566588,0.033357,0.033357,NA,NA,FALSE,TRUE,0,NA,FALSE
270,0.02756,-0.3,0.898579,0.898579,0.000151572,0.000151572,NA,NA,FALSE,TRUE,0,NA,FALSE
270,0.02756,-0.3,0.245621,0.245621,0.873009,0.873009,NA,NA,FALSE,TRUE,0,NA,FALSE
270,0.02756,-0.3,0.526115,0.526115,0.0382143,0.0382143,NA,NA,FALSE,TRUE,0,NA,FALSE
270,0.02756,-0.3,0.379031,0.379031,0.166054,0.166054,NA,NA,TRUE,FALSE,0,NA,FALSE
270,0.02756,-0.3,0.902284,0.902284,0.0946015,0.0946015,NA,NA,FALSE,TRUE,0,NA,FALSE
270,0.02756,-0.3,0.502046,0.502046,0.00101752,0.00101752,NA,NA,FALSE,TRUE,0,NA,FALSE
270,0.02756,-0.3,0.915147,0.915147,0.330392,0.330392,NA,NA,FALSE,TRUE,0,NA,FALSE
270,0.02756,-0.3,0.685248,0.685248,0.0211989,0.0211989,NA,NA,FALSE,TRUE,0,NA,FALSE
270,0.02756,-0.3,0.645835,0.645835,0.176181,0.176181,NA,NA,FALSE,TRUE,0,NA,FALSE
270,0.02756,-0.3,0.217019,0.217019,0.340413,0.340413,1,1,TRUE,FALSE,0,0,FALSE
270,0.02756,-0.3,0.531641,0.531641,0.907286,0.907286,NA,NA,FALSE,FALSE,0,NA,FALSE
270,0.02756,-0.3,0.29381,0.29381,0.187622,0.187622,NA,NA,TRUE,FALSE,0,NA,FALSE
270,0.02756,-0.3,0.583946,0.583946,0.0966817,0.0966817,NA,NA,FALSE,TRUE,0,NA,FALSE
270,0.02756,-0.3,0.189479,0.189479,0.207085,0.207085,1,1,TRUE,FALSE,0,0,FALSE
270,0.02756,-0.3,0.663152,0.663152,0.130119,0.130119,NA,NA,FALSE,TRUE,0,NA,FALSE
270,0.02756,-0.3,0.352445,0.352445,0.442777,0.442777,NA,NA,TRUE,FALSE,0,NA,FALSE
270,0.02756,-0.3,0.822928,0.822928,0.0864319,0.0864319,NA,NA,FALSE,TRUE,0,NA,FALSE
270,0.02756,-0.3,0.139799,0.139799,0.117713,0.117713,0.571063,0.571063,TRUE,FALSE,0,0,FALSE
270,0.02756,-0.3,0.712103,0.712103,0.283301,0.283301,NA,NA,FALSE,TRUE,0,NA,FALSE
270,0.02756,-0.3,0.553009,0.553009,0.206934,0.206934,NA,NA,FALSE,TRUE,0,NA,FALSE
270,0.02756,-0.3,0.0635501,0.0635501,0.0121404,0.0121404,-0.0728331,-0.0728331,TRUE,FALSE,0,0,FALSE
270,0.02756,-0.3,0.352771,0.352771,0.0016394,0.0016394,NA,NA,TRUE,FALSE,0,NA,FALSE
270,0.02756,-0.3,0.0265982,0.0265982,0.0487997,0.0487997,-0.632371,-0.632371,TRUE,FALSE,0,0,TRUE
270,0.02756,-0.3,0.794196,0.794196,0.315089,0.315089,NA,NA,FALSE,TRUE,0,NA,FALSE
270,0.02756,-0.3,0.604669,0.604669,0.273156,0.273156,NA,NA,FALSE,TRUE,0,NA,FALSE
270,0.02756,-0.3,0.919307,0.919307,0.546687,0.546687,NA,NA,FALSE,FALSE,0,NA,FALSE
270,0.02756,-0.3,0.0191436,0.0191436,0.0034337,0.0034337,-0.356475,-0.356475,TRUE,FALSE,0,0,TRUE
270,0.02756,-0.3,0.770698,0.770698,0.118641,0.118641,NA,NA,FALSE,TRUE,0,NA,FALSE
270,0.02756,-0.3,0.50027,0.50027,0.61717,0.61717,NA,NA,FALSE,FALSE,0,NA,FALSE
270,0.02756,-0.3,0.760431,0.760431,0.0175426,0.0175426,NA,NA,FALSE,TRUE,0,NA,FALSE
270,0.02756,-0.3,0.296832,0.296832,0.254166,0.254166,NA,NA,TRUE,FALSE,0,NA,FALSE
270,0.02756,-0.3,0.154651,0.154651,0.237014,0.237014,-0.971582,-0.971582,TRUE,FALSE,0,0,FALSE
270,0.02756,-0.3,0.914152,0.914152,0.187442,0.187442,NA,NA,FALSE,TRUE,0,NA,FALSE
270,0.02756,-0.3,0.60997,0.60997,0.214595,0.214595,NA,NA,FALSE,TRUE,0,NA,FALSE
270,0.02756,-0.3,0.418989,0.418989,0.440856,0.440856,NA,NA,TRUE,FALSE,0,NA,FALSE
270,0.02756,-0.3,0.432607,0.432607,0.11288,0.11288,-1,-1,TRUE,FALSE,0,0,FALSE
270,0.02756,-0.3,0.268958,0.268958,0.938944,0.938944,NA,NA,FALSE,TRUE,0,NA,FALSE
270,0.02756,-0.3,0.959717,0.959717,0.0716049,0.0716049,NA,NA,FALSE,TRUE,0,NA,FALSE
270,0.02756,-0.3,0.206578,0.206578,0.49803,0.49803,NA,NA,FALSE,TRUE,0,NA,FALSE
270,0.02756,-0.3,0.526555,0.526555,0.0016726,0.0016726,NA,NA,FALSE,TRUE,0,NA,FALSE
270,0.02756,-0.3,0.124942,0.124942,0.34741,0.34741,1,1,TRUE,FALSE,0,0,FALSE
270,0.02756,-0.3,0.0130325,0.0130325,0.794426,0.794426,NA,NA,FALSE,TRUE,0,NA,FALSE
270,0.02756,-0.3,0.8488,0.8488,0.197321,0.197321,NA,NA,FALSE,TRUE,0,NA,FALSE
270,0.02756,-0.3,0.935397,0.935397,0.0903835,0.0903835,NA,NA,FALSE,TRUE,0,NA,FALSE
270,0.02756,-0.3,0.184793,0.184793,0.00126652,0.00126652,0.0334814,0.0334814,TRUE,FALSE,0,0,FALSE
270,0.02756,-0.3,0.11409,0.11409,0.0803484,0.0803484,0.134315,0.134315,TRUE,FALSE,0,0,FALSE
270,0.02756,-0.3,0.919421,0.919421,0.846926,0.846926,-0.143169,NA,FALSE,FALSE,0,NA,FALSE
270,0.02756,-0.3,0.753649,0.753649,0.146052,0.146052,NA,NA,FALSE,TRUE,0,NA,FALSE
270,0.02756,-0.3,0.24996,0.24996,0.0381001,0.0381001,-0.442397,-0.442397,TRUE,FALSE,0,0,FALSE
270,0.02756,-0.3,0.297426,0.297426,0.508225,0.508225,NA,NA,FALSE,TRUE,0,NA,FALSE
270,0.02756,-0.3,0.929791,0.929791,0.453928,0.453928,NA,NA,FALSE,TRUE,0,NA,FALSE
270,0.02756,-0.3,0.0221564,0.0221564,0.203,0.203,0.136884,0.136884,TRUE,FALSE,0,0,FALSE
270,0.02756,-0.3,0.135934,0.135934,0.120492,0.120492,0.234037,0.234037,TRUE,FALSE,0,0,FALSE
270,0.02756,-0.3,0.193999,0.193999,0.770335,0.770335,NA,NA,FALSE,TRUE,0,NA,FALSE
270,0.02756,-0.3,0.128661,0.128661,0.363954,0.363954,-1,-1,TRUE,FALSE,0,0,FALSE
270,0.02756,-0.3,0.139202,0.139202,0.128729,0.128729,-0.760308,-0.760308,TRUE,FALSE,0,0,FALSE
270,0.02756,-0.3,0.996383,0.996383,0.53858,0.53858,NA,NA,FALSE,FALSE,0,NA,FALSE
270,0.02756,-0.3,0.127011,0.127011,0.411876,0.411876,NA,NA,TRUE,FALSE,0,NA,FALSE
270,0.02756,-0.3,0.490639,0.490639,0.698284,0.698284,-0.745523,NA,FALSE,FALSE,0,NA,FALSE
270,0.02756,-0.3,0.384349,0.384349,0.200197,0.200197,NA,NA,TRUE,FALSE,0,NA,FALSE
270,0.02756,-0.3,0.270911,0.270911,0.0736783,0.0736783,-0.29696,-0.29696,TRUE,FALSE,0,0,FALSE
270,0.02756,-0.3,0.673809,0.673809,0.666089,0.666089,NA,NA,FALSE,FALSE,0,NA,FALSE
270,0.02756,-0.3,0.158004,0.158004,0.50146,0.50146,NA,NA,FALSE,TRUE,0,NA,FALSE
270,0.02756,-0.3,0.272025,0.272025,0.029174,0.029174,0.175015,0.175015,TRUE,FALSE,0,0,FALSE
270,0.02756,-0.3,0.95673,0.95673,0.135537,0.135537,NA,NA,FALSE,TRUE,0,NA,FALSE
270,0.02756,-0.3,0.0557428,0.0557428,0.613608,0.613608,NA,NA,FALSE,TRUE,0,NA,FALSE
270,0.02756,-0.3,0.0303909,0.0303909,0.21291,0.21291,0.340012,0.340012,TRUE,FALSE,0,0,FALSE
270,0.02756,-0.3,0.281612,0.281612,0.272591,0.272591,-1,-1,TRUE,FALSE,0,0,FALSE
270,0.02756,-0.3,0.250268,0.250268,0.834176,0.834176,NA,NA,FALSE,TRUE,0,NA,FALSE
270,0.02756,-0.3,0.75428,0.75428,0.429346,0.429346,NA,NA,FALSE,TRUE,0,NA,FALSE
270,0.02756,-0.3,0.519774,0.519774,0.306943,0.306943,NA,NA,FALSE,TRUE,0,NA,FALSE
270,0.02756,-0.3,0.0374172,0.0374172,0.0483476,0.0483476,0.317043,0.317043,TRUE,FALSE,0,0,TRUE
270,0.02756,-0.3,0.215637,0.215637,0.712503,0.712503,NA,NA,FALSE,TRUE,0,NA,FALSE
270,0.02756,-0.3,0.164503,0.164503,0.224777,0.224777,NA,NA,TRUE,FALSE,0,NA,FALSE
270,0.02756,-0.3,0.262999,0.262999,0.875434,0.875434,NA,NA,FALSE,TRUE,0,NA,FALSE
270,0.02756,-0.3,0.579287,0.579287,0.0873759,0.0873759,NA,NA,FALSE,TRUE,0,NA,FALSE
270,0.02756,-0.3,0.143346,0.143346,0.597577,0.597577,NA,NA,FALSE,TRUE,0,NA,FALSE
270,0.02756,-0.3,0.184016,0.184016,0.234145,0.234145,0.433116,0.433116,TRUE,FALSE,0,0,FALSE
270,0.02756,-0.3,0.660893,0.660893,0.0766395,0.0766395,NA,NA,FALSE,TRUE,0,NA,FALSE
270,0.02756,-0.3,0.0554642,0.0554642,0.0551645,0.0551645,-0.0694241,-0.0694241,TRUE,FALSE,0,0,FALSE
270,0.02756,-0.3,0.0228903,0.0228903,0.791402,0.791402,NA,NA,FALSE,TRUE,0,NA,FALSE
270,0.02756,-0.3,0.964396,0.964396,0.0765113,0.0765113,NA,NA,FALSE,TRUE,0,NA,FALSE
270,0.02756,-0.3,0.0864817,0.0864817,0.0271382,0.0271382,-0.134609,-0.134609,TRUE,FALSE,0,0,FALSE
270,0.02756,-0.3,0.124792,0.124792,0.0663816,0.0663816,0.421708,0.421708,TRUE,FALSE,0,0,FALSE
270,0.02756,-0.3,0.968653,0.968653,0.171202,0.171202,NA,NA,FALSE,TRUE,0,NA,FALSE
270,0.02756,-0.3,0.43934,0.43934,0.191203,0.191203,NA,NA,TRUE,FALSE,0,NA,FALSE
270,0.02756,-0.3,0.539399,0.539399,0.0641484,0.0641484,NA,NA,FALSE,TRUE,0,NA,FALSE
270,0.02756,-0.3,0.291811,0.291811,0.165783,0.165783,-0.185938,-0.185938,TRUE,FALSE,0,0,FALSE
270,0.02756,-0.3,0.0778036,0.0778036,0.025136,0.025136,0.141099,0.141099,TRUE,FALSE,0,0,FALSE
270,0.02756,-0.3,0.728094,0.728094,0.64583,0.64583,-0.20344,NA,FALSE,FALSE,0,NA,FALSE
270,0.02756,-0.3,0.400424,0.400424,0.0630476,0.0630476,-0.967103,-0.967103,TRUE,FALSE,0,0,FALSE
270,0.02756,-0.3,0.828025,0.828025,0.167187,0.167187,NA,NA,FALSE,TRUE,0,NA,FALSE
270,0.02756,-0.3,0.160593,0.160593,0.63188,0.63188,NA,NA,FALSE,TRUE,0,NA,FALSE
270,0.02756,-0.3,0.0716514,0.0716514,0.547329,0.547329,NA,NA,FALSE,TRUE,0,NA,FALSE
270,0.02756,-0.3,0.272677,0.272677,0.0054008,0.0054008,-0.237731,-0.237731,TRUE,FALSE,0,0,FALSE
270,0.02756,-0.3,0.191612,0.191612,0.412268,0.412268,-1,-1,TRUE,FALSE,0,0,FALSE
270,0.02756,-0.3,0.263433,0.263433,0.333967,0.333967,NA,NA,TRUE,FALSE,0,NA,FALSE
270,0.02756,-0.3,0.766092,0.766092,0.00686783,0.00686783,NA,NA,FALSE,TRUE,0,NA,FALSE
270,0.02756,-0.3,0.36767,0.36767,0.00303108,0.00303108,-0.214639,-0.214639,TRUE,FALSE,0,0,FALSE
270,0.02756,-0.3,0.624658,0.624658,0.165512,0.165512,NA,NA,FALSE,TRUE,0,NA,FALSE
270,0.02756,-0.3,0.212309,0.212309,0.0763544,0.0763544,-0.192405,-0.192405,TRUE,FALSE,0,0,FALSE
270,0.02756,-0.3,0.183958,0.183958,0.00344819,0.00344819,-0.257955,-0.257955,TRUE,FALSE,0,0,FALSE
270,0.02756,-0.3,0.780683,0.780683,0.246964,0.246964,NA,NA,FALSE,TRUE,0,NA,FALSE
270,0.02756,-0.3,0.613559,0.613559,0.0097708,0.0097708,NA,NA,FALSE,TRUE,0,NA,FALSE
270,0.02756,-0.3,0.811784,0.811784,0.808247,0.808247,-0.833769,NA,FALSE,FALSE,0,NA,FALSE
270,0.02756,-0.3,0.752751,0.752751,0.290039,0.290039,NA,NA,FALSE,TRUE,0,NA,FALSE
270,0.02756,-0.3,0.925297,0.925297,0.00199929,0.00199929,NA,NA,FALSE,TRUE,0,NA,FALSE
270,0.02756,-0.3,0.595278,0.595278,0.0771288,0.0771288,NA,NA,FALSE,TRUE,0,NA,FALSE
270,0.02756,-0.3,0.578237,0.578237,0.00178986,0.00178986,NA,NA,FALSE,TRUE,0,NA,FALSE
270,0.02756,-0.3,0.249079,0.249079,0.656076,0.656076,NA,NA,FALSE,TRUE,0,NA,FALSE
270,0.02756,-0.3,0.0637989,0.0637989,0.0369254,0.0369254,-0.597539,-0.597539,TRUE,FALSE,0,0,FALSE
270,0.02756,-0.3,0.230916,0.230916,0.382627,0.382627,0.969594,0.969594,TRUE,FALSE,0,0,FALSE
270,0.02756,-0.3,0.0302031,0.0302031,0.0702819,0.0702819,0.368309,0.368309,TRUE,FALSE,0,0,FALSE
270,0.02756,-0.3,0.873989,0.873989,0.202227,0.202227,NA,NA,FALSE,TRUE,0,NA,FALSE
270,0.02756,-0.3,0.460523,0.460523,0.0108026,0.0108026,-0.559919,-0.559919,TRUE,FALSE,0,0,FALSE
270,0.02756,-0.3,0.447585,0.447585,0.0316631,0.0316631,-0.498278,-0.498278,TRUE,FALSE,0,0,FALSE
270,0.02756,-0.3,0.175385,0.175385,0.713779,0.713779,NA,NA,FALSE,TRUE,0,NA,FALSE
270,0.02756,-0.3,0.656895,0.656895,0.0549171,0.0549171,NA,NA,FALSE,TRUE,0,NA,FALSE
270,0.02756,-0.3,0.803735,0.803735,0.178811,0.178811,NA,NA,FALSE,TRUE,0,NA,FALSE
270,0.02756,-0.3,0.241692,0.241692,0.0020054,0.0020054,-0.755919,-0.755919,TRUE,FALSE,0,0,FALSE
270,0.02756,-0.3,0.650755,0.650755,0.480796,0.480796,NA,NA,FALSE,TRUE,0,NA,FALSE
270,0.02756,-0.3,0.76443,0.76443,0.00352118,0.00352118,NA,NA,FALSE,TRUE,0,NA,FALSE
270,0.02756,-0.3,0.156368,0.156368,0.0296493,0.0296493,0.369656,0.369656,TRUE,FALSE,0,0,FALSE
270,0.02756,-0.3,0.0392089,0.0392089,0.163244,0.163244,0.0747634,0.0747634,TRUE,FALSE,0,0,FALSE
270,0.02756,-0.3,0.2751,0.2751,0.0513762,0.0513762,-0.287458,-0.287458,TRUE,FALSE,0,0,FALSE
270,0.02756,-0.3,0.65708,0.65708,0.0111606,0.0111606,NA,NA,FALSE,TRUE,0,NA,FALSE
270,0.02756,-0.3,0.945728,0.945728,0.499052,0.499052,NA,NA,FALSE,FALSE,0,NA,FALSE
270,0.02756,-0.3,0.417379,0.417379,0.0702158,0.0702158,NA,NA,TRUE,FALSE,0,NA,FALSE
270,0.02756,-0.3,0.832027,0.832027,0.567914,0.567914,NA,NA,FALSE,FALSE,0,NA,FALSE
270,0.02756,-0.3,0.442379,0.442379,0.0269223,0.0269223,NA,NA,TRUE,FALSE,0,NA,FALSE
270,0.02756,-0.3,0.875936,0.875936,0.000977098,0.000977098,NA,NA,FALSE,TRUE,0,NA,FALSE
270,0.02756,-0.3,0.00717561,0.00717561,0.22865,0.22865,0.32476,0.32476,TRUE,FALSE,0,0,FALSE
270,0.02756,-0.3,0.16287,0.16287,0.286478,0.286478,-0.462699,-0.462699,TRUE,FALSE,0,0,FALSE
270,0.02756,-0.3,0.841232,0.841232,0.225629,0.225629,NA,NA,FALSE,TRUE,0,NA,FALSE
270,0.02756,-0.3,0.186892,0.186892,0.365491,0.365491,0.188509,0.188509,TRUE,FALSE,0,0,FALSE
270,0.02756,-0.3,0.100912,0.100912,0.0116239,0.0116239,0.0918602,0.0918602,TRUE,FALSE,0,0,FALSE
270,0.02756,-0.3,0.491755,0.491755,0.0432372,0.0432372,NA,NA,FALSE,TRUE,0,NA,FALSE
270,0.02756,-0.3,0.929955,0.929955,0.0381974,0.0381974,NA,NA,FALSE,TRUE,0,NA,FALSE
270,0.02756,-0.3,0.696723,0.696723,0.0685985,0.0685985,NA,NA,FALSE,TRUE,0,NA,FALSE
270,0.02756,-0.3,0.350856,0.350856,0.0851821,0.0851821,NA,NA,TRUE,FALSE,0,NA,FALSE
270,0.02756,-0.3,0.821799,0.821799,0.00156325,0.00156325,NA,NA,FALSE,TRUE,0,NA,FALSE
270,0.02756,-0.3,0.191354,0.191354,0.20924,0.20924,0.162049,0.162049,TRUE,FALSE,0,0,FALSE
270,0.02756,-0.3,0.642143,0.642143,0.140395,0.140395,NA,NA,FALSE,TRUE,0,NA,FALSE
270,0.02756,-0.3,0.575678,0.575678,0.256555,0.256555,NA,NA,FALSE,TRUE,0,NA,FALSE
270,0.02756,-0.3,0.437167,0.437167,0.164673,0.164673,0.30738,0.30738,TRUE,FALSE,0,0,FALSE
270,0.02756,-0.3,0.903326,0.903326,0.604548,0.604548,-0.559905,NA,FALSE,FALSE,0,NA,FALSE
270,0.02756,-0.3,0.0480906,0.0480906,0.105442,0.105442,-0.0053539,-0.0053539,TRUE,FALSE,0,0,FALSE
270,0.02756,-0.3,0.708644,0.708644,0.639958,0.639958,0.335881,NA,FALSE,FALSE,0,NA,FALSE
270,0.02756,-0.3,0.0252261,0.0252261,0.562259,0.562259,NA,NA,FALSE,TRUE,0,NA,FALSE
270,0.02756,-0.3,0.203248,0.203248,0.22547,0.22547,-1,-1,TRUE,FALSE,0,0,FALSE
270,0.02756,-0.3,0.742681,0.742681,0.0003801,0.0003801,NA,NA,FALSE,TRUE,0,NA,FALSE
270,0.02756,-0.3,0.486914,0.486914,0.256475,0.256475,NA,NA,TRUE,FALSE,0,NA,FALSE
270,0.02756,-0.3,0.702347,0.702347,0.05905,0.05905,NA,NA,FALSE,TRUE,0,NA,FALSE
270,0.02756,-0.3,0.273685,0.273685,0.01182,0.01182,0.1981,0.1981,TRUE,FALSE,0,0,FALSE
270,0.02756,-0.3,0.862926,0.862926,0.00588493,0.00588493,NA,NA,FALSE,TRUE,0,NA,FALSE
270,0.02756,-0.3,0.925093,0.925093,0.0603046,0.0603046,NA,NA,FALSE,TRUE,0,NA,FALSE
270,0.02756,-0.3,0.306069,0.306069,0.201188,0.201188,0.292523,0.292523,TRUE,FALSE,0,0,FALSE
270,0.02756,-0.3,0.689074,0.689074,0.283545,0.283545,NA,NA,FALSE,TRUE,0,NA,FALSE
270,0.02756,-0.3,0.219346,0.219346,0.265385,0.265385,0.684914,0.684914,TRUE,FALSE,0,0,FALSE
270,0.02756,-0.3,0.985603,0.985603,0.847314,0.847314,0.0230195,NA,FALSE,FALSE,0,NA,FALSE
270,0.02756,-0.3,0.452275,0.452275,0.0321378,0.0321378,NA,NA,TRUE,FALSE,0,NA,FALSE
270,0.02756,-0.3,0.615654,0.615654,0.0370934,0.0370934,NA,NA,FALSE,TRUE,0,NA,FALSE
270,0.02756,-0.3,0.857681,0.857681,0.03369,0.03369,NA,NA,FALSE,TRUE,0,NA,FALSE
270,0.02756,-0.3,0.0510788,0.0510788,0.825074,0.825074,NA,NA,FALSE,TRUE,0,NA,FALSE
270,0.02756,-0.3,0.931143,0.931143,0.247545,0.247545,NA,NA,FALSE,TRUE,0,NA,FALSE
270,0.02756,-0.3,0.218227,0.218227,0.493002,0.493002,NA,NA,FALSE,TRUE,0,NA,FALSE
270,0.02756,-0.3,0.901378,0.901378,0.471992,0.471992,NA,NA,FALSE,TRUE,0,NA,FALSE
270,0.02756,-0.3,0.918904,0.918904,0.275457,0.275457,NA,NA,FALSE,TRUE,0,NA,FALSE
270,0.02756,-0.3,0.412723,0.412723,0.61583,0.61583,NA,NA,FALSE,TRUE,0,NA,FALSE
270,0.02756,-0.3,0.805429,0.805429,0.297706,0.297706,NA,NA,FALSE,TRUE,0,NA,FALSE
270,0.02756,-0.3,0.647674,0.647674,0.235812,0.235812,NA,NA,FALSE,TRUE,0,NA,FALSE
270,0.02756,-0.3,0.722315,0.722315,0.324535,0.324535,NA,NA,FALSE,TRUE,0,NA,FALSE
270,0.02756,-0.3,0.495398,0.495398,0.622516,0.622516,-0.569491,NA,FALSE,FALSE,0,NA,FALSE
270,0.02756,-0.3,0.894236,0.894236,0.186255,0.186255,NA,NA,FALSE,TRUE,0,NA,FALSE
270,0.02756,-0.3,0.993031,0.993031,0.00236485,0.00236485,NA,NA,FALSE,TRUE,0,NA,FALSE
270,0.02756,-0.3,0.822746,0.822746,0.0837874,0.0837874,NA,NA,FALSE,TRUE,0,NA,FALSE
270,0.02756,-0.3,0.408759,0.408759,0.0026247,0.0026247,0.387986,0.387986,TRUE,FALSE,0,0,FALSE
270,0.02756,-0.3,0.629039,0.629039,0.280635,0.280635,NA,NA,FALSE,TRUE,0,NA,FALSE
270,0.02756,-0.3,0.890566,0.890566,0.0831898,0.0831898,NA,NA,FALSE,TRUE,0,NA,FALSE
270,0.02756,-0.3,0.924767,0.924767,0.332787,0.332787,NA,NA,FALSE,TRUE,0,NA,FALSE
270,0.02756,-0.3,0.813082,0.813082,0.184083,0.184083,NA,NA,FALSE,TRUE,0,NA,FALSE
270,0.02756,-0.3,0.384607,0.384607,0.079097,0.079097,-0.803196,-0.803196,TRUE,FALSE,0,0,FALSE
270,0.02756,-0.3,0.970847,0.970847,0.00623855,0.00623855,NA,NA,FALSE,TRUE,0,NA,FALSE
270,0.02756,-0.3,0.503637,0.503637,0.0176062,0.0176062,NA,NA,FALSE,TRUE,0,NA,FALSE
270,0.02756,-0.3,0.928588,0.928588,0.000303116,0.000303116,NA,NA,FALSE,TRUE,0,NA,FALSE
270,0.02756,-0.3,0.182684,0.182684,0.0822049,0.0822049,0.130224,0.130224,TRUE,FALSE,0,0,FALSE
270,0.02756,-0.3,0.507097,0.507097,0.0158131,0.0158131,NA,NA,FALSE,TRUE,0,NA,FALSE
270,0.02756,-0.3,0.717856,0.717856,0.534706,0.534706,NA,NA,FALSE,FALSE,0,NA,FALSE
270,0.02756,-0.3,0.897518,0.897518,0.0927205,0.0927205,NA,NA,FALSE,TRUE,0,NA,FALSE
270,0.02756,-0.3,0.238149,0.238149,0.231841,0.231841,1,1,TRUE,FALSE,0,0,FALSE
270,0.02756,-0.3,0.644813,0.644813,0.286753,0.286753,NA,NA,FALSE,TRUE,0,NA,FALSE
270,0.02756,0,0.839775,0.839775,0.147252,0.147252,NA,NA,FALSE,TRUE,0,NA,FALSE
270,0.02756,0,0.99132,0.99132,0.608043,0.608043,NA,NA,FALSE,FALSE,0,NA,FALSE
270,0.02756,0,0.0778364,0.0778364,0.308786,0.308786,1,1,TRUE,FALSE,0,0,FALSE
270,0.02756,0,0.815633,0.815633,0.213258,0.213258,NA,NA,FALSE,TRUE,0,NA,FALSE
270,0.02756,0,0.679499,0.679499,0.215209,0.215209,NA,NA,FALSE,TRUE,0,NA,FALSE
270,0.02756,0,0.453898,0.453898,0.0916059,0.0916059,NA,NA,TRUE,FALSE,0,NA,FALSE
270,0.02756,0,0.589118,0.589118,0.498709,0.498709,-0.0115949,NA,FALSE,FALSE,0,NA,FALSE
270,0.02756,0,0.671624,0.671624,0.0634546,0.0634546,NA,NA,FALSE,TRUE,0,NA,FALSE
270,0.02756,0,0.238371,0.238371,0.258131,0.258131,NA,NA,TRUE,FALSE,0,NA,FALSE
270,0.02756,0,0.88046,0.88046,0.0631225,0.0631225,NA,NA,FALSE,TRUE,0,NA,FALSE
270,0.02756,0,0.869739,0.869739,0.456137,0.456137,NA,NA,FALSE,TRUE,0,NA,FALSE
270,0.02756,0,0.90773,0.90773,0.0363543,0.0363543,NA,NA,FALSE,TRUE,0,NA,FALSE
270,0.02756,0,0.532126,0.532126,0.779798,0.779798,NA,NA,FALSE,FALSE,0,NA,FALSE
270,0.02756,0,0.976888,0.976888,0.0180269,0.0180269,NA,NA,FALSE,TRUE,0,NA,FALSE
270,0.02756,0,0.411445,0.411445,0.568243,0.568243,NA,NA,FALSE,TRUE,0,NA,FALSE
270,0.02756,0,0.388116,0.388116,0.157834,0.157834,-1,-1,TRUE,FALSE,0,0,FALSE
270,0.02756,0,0.933542,0.933542,0.182483,0.182483,NA,NA,FALSE,TRUE,0,NA,FALSE
270,0.02756,0,0.404942,0.404942,0.1481,0.1481,-0.97223,-0.97223,TRUE,FALSE,0,0,FALSE
270,0.02756,0,0.751,0.751,0.322624,0.322624,NA,NA,FALSE,TRUE,0,NA,FALSE
270,0.02756,0,0.303693,0.303693,0.396835,0.396835,NA,NA,TRUE,FALSE,0,NA,FALSE
270,0.02756,0,0.737028,0.737028,0.0728075,0.0728075,NA,NA,FALSE,TRUE,0,NA,FALSE
270,0.02756,0,0.0956246,0.0956246,0.0334281,0.0334281,0.478843,0.478843,TRUE,FALSE,0,0,FALSE
270,0.02756,0,0.76542,0.76542,0.00146213,0.00146213,NA,NA,FALSE,TRUE,0,NA,FALSE
270,0.02756,0,0.459441,0.459441,0.369392,0.369392,-1,-1,TRUE,FALSE,0,0,FALSE
270,0.02756,0,0.370353,0.370353,0.361649,0.361649,-0.33573,-0.33573,TRUE,FALSE,0,0,FALSE
270,0.02756,0,0.394036,0.394036,0.242548,0.242548,-0.331876,-0.331876,TRUE,FALSE,0,0,FALSE
270,0.02756,0,0.494508,0.494508,0.74403,0.74403,NA,NA,FALSE,FALSE,0,NA,FALSE
270,0.02756,0,0.895235,0.895235,0.000607847,0.000607847,NA,NA,FALSE,TRUE,0,NA,FALSE
270,0.02756,0,0.234245,0.234245,0.00890439,0.00890439,-0.529113,-0.529113,TRUE,FALSE,0,0,FALSE
270,0.02756,0,0.870357,0.870357,0.086677,0.086677,NA,NA,FALSE,TRUE,0,NA,FALSE
270,0.02756,0,0.555501,0.555501,0.00685399,0.00685399,NA,NA,FALSE,TRUE,0,NA,FALSE
270,0.02756,0,0.974904,0.974904,0.380092,0.380092,NA,NA,FALSE,TRUE,0,NA,FALSE
270,0.02756,0,0.99807,0.99807,5.97093e-05,5.97093e-05,NA,NA,FALSE,TRUE,0,NA,FALSE
270,0.02756,0,0.183081,0.183081,0.242553,0.242553,0.826598,0.826598,TRUE,FALSE,0,0,FALSE
270,0.02756,0,0.571451,0.571451,0.45656,0.45656,NA,NA,FALSE,TRUE,0,NA,FALSE
270,0.02756,0,0.0156287,0.0156287,0.0183312,0.0183312,-0.454756,-0.454756,TRUE,FALSE,0,0,TRUE
270,0.02756,0,0.204281,0.204281,0.205965,0.205965,NA,NA,TRUE,FALSE,0,NA,FALSE
270,0.02756,0,0.536967,0.536967,0.65682,0.65682,NA,NA,FALSE,FALSE,0,NA,FALSE
270,0.02756,0,0.841822,0.841822,0.231,0.231,NA,NA,FALSE,TRUE,0,NA,FALSE
270,0.02756,0,0.512996,0.512996,0.246839,0.246839,NA,NA,FALSE,TRUE,0,NA,FALSE
270,0.02756,0,0.888194,0.888194,0.384605,0.384605,NA,NA,FALSE,TRUE,0,NA,FALSE
270,0.02756,0,0.98978,0.98978,0.0526174,0.0526174,NA,NA,FALSE,TRUE,0,NA,FALSE
270,0.02756,0,0.164435,0.164435,0.113291,0.113291,0.218434,0.218434,TRUE,FALSE,0,0,FALSE
270,0.02756,0,0.85104,0.85104,0.141417,0.141417,NA,NA,FALSE,TRUE,0,NA,FALSE
270,0.02756,0,0.864304,0.864304,0.212741,0.212741,NA,NA,FALSE,TRUE,0,NA,FALSE
270,0.02756,0,0.0676096,0.0676096,0.45177,0.45177,NA,NA,TRUE,FALSE,0,NA,FALSE
270,0.02756,0,0.751632,0.751632,0.416201,0.416201,NA,NA,FALSE,TRUE,0,NA,FALSE
270,0.02756,0,0.0257103,0.0257103,0.366818,0.366818,0.592777,0.592777,TRUE,FALSE,0,0,FALSE
270,0.02756,0,0.370271,0.370271,0.166829,0.166829,0.996455,0.996455,TRUE,FALSE,0,0,FALSE
270,0.02756,0,0.413919,0.413919,0.0794463,0.0794463,NA,NA,TRUE,FALSE,0,NA,FALSE
270,0.02756,0,0.359663,0.359663,0.0845133,0.0845133,0.274511,0.274511,TRUE,FALSE,0,0,FALSE
270,0.02756,0,0.490933,0.490933,0.0552722,0.0552722,NA,NA,FALSE,TRUE,0,NA,FALSE
270,0.02756,0,0.896307,0.896307,0.0756403,0.0756403,NA,NA,FALSE,TRUE,0,NA,FALSE
270,0.02756,0,0.866517,0.866517,0.00585864,0.00585864,NA,NA,FALSE,TRUE,0,NA,FALSE
270,0.02756,0,0.39705,0.39705,0.167955,0.167955,0.0762082,0.0762082,TRUE,FALSE,0,0,FALSE
270,0.02756,0,0.0879039,0.0879039,0.684484,0.684484,NA,NA,FALSE,TRUE,0,NA,FALSE
270,0.02756,0,0.493573,0.493573,0.0250686,0.0250686,NA,NA,FALSE,TRUE,0,NA,FALSE
270,0.02756,0,0.307905,0.307905,0.0438038,0.0438038,-0.590338,-0.590338,TRUE,FALSE,0,0,FALSE
270,0.02756,0,0.385806,0.385806,0.0408614,0.0408614,-0.110219,-0.110219,TRUE,FALSE,0,0,FALSE
270,0.02756,0,0.695337,0.695337,0.117505,0.117505,NA,NA,FALSE,TRUE,0,NA,FALSE
270,0.02756,0,0.0985124,0.0985124,0.123608,0.123608,0.315594,0.315594,TRUE,FALSE,0,0,FALSE
270,0.02756,0,0.310996,0.310996,0.390368,0.390368,-0.234977,-0.234977,TRUE,FALSE,0,0,FALSE
270,0.02756,0,0.626649,0.626649,0.156218,0.156218,NA,NA,FALSE,TRUE,0,NA,FALSE
270,0.02756,0,0.519245,0.519245,0.661813,0.661813,-0.265418,NA,FALSE,FALSE,0,NA,FALSE
270,0.02756,0,0.837659,0.837659,0.0573864,0.0573864,NA,NA,FALSE,TRUE,0,NA,FALSE
270,0.02756,0,0.0331684,0.0331684,0.034156,0.034156,-1,-1,TRUE,FALSE,0,0,TRUE
270,0.02756,0,0.186203,0.186203,0.395808,0.395808,NA,NA,TRUE,FALSE,0,NA,FALSE
270,0.02756,0,0.191744,0.191744,0.634804,0.634804,NA,NA,FALSE,TRUE,0,NA,FALSE
270,0.02756,0,0.402152,0.402152,0.196682,0.196682,0.891657,0.891657,TRUE,FALSE,0,0,FALSE
270,0.02756,0,0.660598,0.660598,0.000708029,0.000708029,NA,NA,FALSE,TRUE,0,NA,FALSE
270,0.02756,0,0.372107,0.372107,0.3083,0.3083,NA,NA,TRUE,FALSE,0,NA,FALSE
270,0.02756,0,0.354977,0.354977,0.124775,0.124775,-0.675659,-0.675659,TRUE,FALSE,0,0,FALSE
270,0.02756,0,0.205791,0.205791,0.0872401,0.0872401,-0.960032,-0.960032,TRUE,FALSE,0,0,FALSE
270,0.02756,0,0.111887,0.111887,0.0373807,0.0373807,-0.270663,-0.270663,TRUE,FALSE,0,0,FALSE
270,0.02756,0,0.646253,0.646253,0.582358,0.582358,NA,NA,FALSE,FALSE,0,NA,FALSE
270,0.02756,0,0.365582,0.365582,0.0753945,0.0753945,0.590033,0.590033,TRUE,FALSE,0,0,FALSE
270,0.02756,0,0.122746,0.122746,0.0168489,0.0168489,-0.59884,-0.59884,TRUE,FALSE,0,0,FALSE
270,0.02756,0,0.0938364,0.0938364,0.0260835,0.0260835,0.819388,0.819388,TRUE,FALSE,0,0,FALSE
270,0.02756,0,0.377049,0.377049,0.122129,0.122129,NA,NA,TRUE,FALSE,0,NA,FALSE
270,0.02756,0,0.567538,0.567538,0.150549,0.150549,NA,NA,FALSE,TRUE,0,NA,FALSE
270,0.02756,0,0.852388,0.852388,0.414921,0.414921,NA,NA,FALSE,TRUE,0,NA,FALSE
270,0.02756,0,0.220477,0.220477,0.0321028,0.0321028,-0.199356,-0.199356,TRUE,FALSE,0,0,FALSE
270,0.02756,0,0.643428,0.643428,0.017381,0.017381,NA,NA,FALSE,TRUE,0,NA,FALSE
270,0.02756,0,0.455191,0.455191,0.518888,0.518888,NA,NA,FALSE,TRUE,0,NA,FALSE
270,0.02756,0,0.435862,0.435862,0.305487,0.305487,NA,NA,TRUE,FALSE,0,NA,FALSE
270,0.02756,0,0.673423,0.673423,0.342228,0.342228,NA,NA,FALSE,TRUE,0,NA,FALSE
270,0.02756,0,0.64097,0.64097,0.088401,0.088401,NA,NA,FALSE,TRUE,0,NA,FALSE
270,0.02756,0,0.0916021,0.0916021,0.0299688,0.0299688,-0.862727,-0.862727,TRUE,FALSE,0,0,FALSE
270,0.02756,0,0.843502,0.843502,0.0338071,0.0338071,NA,NA,FALSE,TRUE,0,NA,FALSE
270,0.02756,0,0.74419,0.74419,0.521593,0.521593,NA,NA,FALSE,FALSE,0,NA,FALSE
270,0.02756,0,0.327244,0.327244,0.245812,0.245812,NA,NA,TRUE,FALSE,0,NA,FALSE
270,0.02756,0,0.973159,0.973159,0.0102305,0.0102305,NA,NA,FALSE,TRUE,0,NA,FALSE
270,0.02756,0,0.635771,0.635771,0.221836,0.221836,NA,NA,FALSE,TRUE,0,NA,FALSE
270,0.02756,0,0.0373835,0.0373835,0.0486683,0.0486683,0.217966,0.217966,TRUE,FALSE,0,0,TRUE
270,0.02756,0,0.633281,0.633281,0.281995,0.281995,NA,NA,FALSE,TRUE,0,NA,FALSE
270,0.02756,0,0.596814,0.596814,0.016603,0.016603,NA,NA,FALSE,TRUE,0,NA,FALSE
270,0.02756,0,0.108632,0.108632,0.272935,0.272935,-0.749538,-0.749538,TRUE,FALSE,0,0,FALSE
270,0.02756,0,0.812754,0.812754,0.0763449,0.0763449,NA,NA,FALSE,TRUE,0,NA,FALSE
270,0.02756,0,0.48526,0.48526,0.584424,0.584424,NA,NA,FALSE,TRUE,0,NA,FALSE
270,0.02756,0,0.606795,0.606795,0.00727744,0.00727744,NA,NA,FALSE,TRUE,0,NA,FALSE
270,0.02756,0,0.163283,0.163283,0.367285,0.367285,-1,-1,TRUE,FALSE,0,0,FALSE
270,0.02756,0,0.192281,0.192281,0.608931,0.608931,NA,NA,FALSE,TRUE,0,NA,FALSE
270,0.02756,0,0.238852,0.238852,0.0101161,0.0101161,0.30405,0.30405,TRUE,FALSE,0,0,FALSE
270,0.02756,0,0.781831,0.781831,0.0394392,0.0394392,NA,NA,FALSE,TRUE,0,NA,FALSE
270,0.02756,0,0.136939,0.136939,0.772305,0.772305,NA,NA,FALSE,TRUE,0,NA,FALSE
270,0.02756,0,0.20792,0.20792,0.263692,0.263692,0.0266183,0.0266183,TRUE,FALSE,0,0,FALSE
270,0.02756,0,0.655947,0.655947,0.453883,0.453883,NA,NA,FALSE,TRUE,0,NA,FALSE
270,0.02756,0,0.819549,0.819549,0.0748048,0.0748048,NA,NA,FALSE,TRUE,0,NA,FALSE
270,0.02756,0,0.964582,0.964582,0.0762902,0.0762902,NA,NA,FALSE,TRUE,0,NA,FALSE
270,0.02756,0,0.241963,0.241963,0.371784,0.371784,NA,NA,TRUE,FALSE,0,NA,FALSE
270,0.02756,0,0.410671,0.410671,0.000124814,0.000124814,-1,-1,TRUE,FALSE,0,0,FALSE
270,0.02756,0,0.109252,0.109252,0.459814,0.459814,NA,NA,TRUE,FALSE,0,NA,FALSE
270,0.02756,0,0.969854,0.969854,0.018978,0.018978,NA,NA,FALSE,TRUE,0,NA,FALSE
270,0.02756,0,0.368776,0.368776,0.545199,0.545199,NA,NA,FALSE,TRUE,0,NA,FALSE
270,0.02756,0,0.817537,0.817537,0.145313,0.145313,NA,NA,FALSE,TRUE,0,NA,FALSE
270,0.02756,0,0.294411,0.294411,0.177959,0.177959,0.206069,0.206069,TRUE,FALSE,0,0,FALSE
270,0.02756,0,0.466112,0.466112,0.479362,0.479362,NA,NA,TRUE,FALSE,0,NA,FALSE
270,0.02756,0,0.644701,0.644701,0.0313617,0.0313617,NA,NA,FALSE,TRUE,0,NA,FALSE
270,0.02756,0,0.451822,0.451822,0.206982,0.206982,1,1,TRUE,FALSE,0,0,FALSE
270,0.02756,0,0.124389,0.124389,0.342616,0.342616,0.133742,0.133742,TRUE,FALSE,0,0,FALSE
270,0.02756,0,0.822484,0.822484,0.032009,0.032009,NA,NA,FALSE,TRUE,0,NA,FALSE
270,0.02756,0,0.597548,0.597548,0.270938,0.270938,NA,NA,FALSE,TRUE,0,NA,FALSE
270,0.02756,0,0.00972844,0.00972844,0.193072,0.193072,0.952577,0.952577,TRUE,FALSE,0,0,FALSE
270,0.02756,0,0.183555,0.183555,0.769673,0.769673,NA,NA,FALSE,TRUE,0,NA,FALSE
270,0.02756,0,0.394633,0.394633,0.0477023,0.0477023,NA,NA,TRUE,FALSE,0,NA,FALSE
270,0.02756,0,0.562232,0.562232,0.314203,0.314203,NA,NA,FALSE,TRUE,0,NA,FALSE
270,0.02756,0,0.689163,0.689163,0.399722,0.399722,NA,NA,FALSE,TRUE,0,NA,FALSE
270,0.02756,0,0.76315,0.76315,0.245031,0.245031,NA,NA,FALSE,TRUE,0,NA,FALSE
270,0.02756,0,0.790041,0.790041,0.127309,0.127309,NA,NA,FALSE,TRUE,0,NA,FALSE
270,0.02756,0,0.450131,0.450131,0.0114771,0.0114771,0.281551,0.281551,TRUE,FALSE,0,0,FALSE
270,0.02756,0,0.353096,0.353096,0.748851,0.748851,NA,NA,FALSE,TRUE,0,NA,FALSE
270,0.02756,0,0.868227,0.868227,0.0916908,0.0916908,NA,NA,FALSE,TRUE,0,NA,FALSE
270,0.02756,0,0.92056,0.92056,0.372829,0.372829,NA,NA,FALSE,TRUE,0,NA,FALSE
270,0.02756,0,0.577195,0.577195,0.0144023,0.0144023,NA,NA,FALSE,TRUE,0,NA,FALSE
270,0.02756,0,0.593693,0.593693,0.155492,0.155492,NA,NA,FALSE,TRUE,0,NA,FALSE
270,0.02756,0,0.94088,0.94088,0.354967,0.354967,NA,NA,FALSE,TRUE,0,NA,FALSE
270,0.02756,0,0.671002,0.671002,0.230163,0.230163,NA,NA,FALSE,TRUE,0,NA,FALSE
270,0.02756,0,0.644798,0.644798,0.0310833,0.0310833,NA,NA,FALSE,TRUE,0,NA,FALSE
270,0.02756,0,0.220632,0.220632,0.935304,0.935304,NA,NA,FALSE,TRUE,0,NA,FALSE
270,0.02756,0,0.0571119,0.0571119,0.154659,0.154659,-0.46537,-0.46537,TRUE,FALSE,0,0,FALSE
270,0.02756,0,0.0372377,0.0372377,0.11322,0.11322,0.022494,0.022494,TRUE,FALSE,0,0,FALSE
270,0.02756,0,0.749262,0.749262,0.329171,0.329171,NA,NA,FALSE,TRUE,0,NA,FALSE
270,0.02756,0,0.769038,0.769038,0.0303633,0.0303633,NA,NA,FALSE,TRUE,0,NA,FALSE
270,0.02756,0,0.07461,0.07461,0.244798,0.244798,1,1,TRUE,FALSE,0,0,FALSE
270,0.02756,0,0.442026,0.442026,0.46179,0.46179,NA,NA,TRUE,FALSE,0,NA,FALSE
270,0.02756,0,0.432725,0.432725,0.724426,0.724426,NA,NA,FALSE,TRUE,0,NA,FALSE
270,0.02756,0,0.83511,0.83511,0.578397,0.578397,-0.234484,NA,FALSE,FALSE,0,NA,FALSE
270,0.02756,0,0.871536,0.871536,0.00918393,0.00918393,NA,NA,FALSE,TRUE,0,NA,FALSE
270,0.02756,0,0.8242,0.8242,0.923387,0.923387,0.6402,NA,FALSE,FALSE,0,NA,FALSE
270,0.02756,0,0.223781,0.223781,0.02344,0.02344,0.150827,0.150827,TRUE,FALSE,0,0,FALSE
270,0.02756,0,0.76325,0.76325,0.404951,0.404951,NA,NA,FALSE,TRUE,0,NA,FALSE
270,0.02756,0,0.450725,0.450725,0.00167088,0.00167088,0.118909,0.118909,TRUE,FALSE,0,0,FALSE
270,0.02756,0,0.541526,0.541526,0.950617,0.950617,NA,NA,FALSE,FALSE,0,NA,FALSE
270,0.02756,0,0.540282,0.540282,0.322015,0.322015,NA,NA,FALSE,TRUE,0,NA,FALSE
270,0.02756,0,0.442988,0.442988,0.120895,0.120895,NA,NA,TRUE,FALSE,0,NA,FALSE
270,0.02756,0,0.913184,0.913184,0.199149,0.199149,NA,NA,FALSE,TRUE,0,NA,FALSE
270,0.02756,0,0.278029,0.278029,0.130078,0.130078,1,1,TRUE,FALSE,0,0,FALSE
270,0.02756,0,0.933489,0.933489,0.500273,0.500273,-0.777338,NA,FALSE,FALSE,0,NA,FALSE
270,0.02756,0,0.285537,0.285537,0.0969573,0.0969573,0.277484,0.277484,TRUE,FALSE,0,0,FALSE
270,0.02756,0,0.5652,0.5652,0.132329,0.132329,NA,NA,FALSE,TRUE,0,NA,FALSE
270,0.02756,0,0.784525,0.784525,0.389124,0.389124,NA,NA,FALSE,TRUE,0,NA,FALSE
270,0.02756,0,0.538342,0.538342,0.30548,0.30548,NA,NA,FALSE,TRUE,0,NA,FALSE
270,0.02756,0,0.326193,0.326193,0.0585782,0.0585782,NA,NA,TRUE,FALSE,0,NA,FALSE
270,0.02756,0,0.91689,0.91689,0.209755,0.209755,NA,NA,FALSE,TRUE,0,NA,FALSE
270,0.02756,0,0.844161,0.844161,0.0316654,0.0316654,NA,NA,FALSE,TRUE,0,NA,FALSE
270,0.02756,0,0.342212,0.342212,0.349954,0.349954,-1,-1,TRUE,FALSE,0,0,FALSE
270,0.02756,0,0.534576,0.534576,0.923552,0.923552,-0.887257,NA,FALSE,FALSE,0,NA,FALSE
270,0.02756,0,0.105062,0.105062,0.00332335,0.00332335,0.85695,0.85695,TRUE,FALSE,0,0,FALSE
270,0.02756,0,0.302239,0.302239,0.350628,0.350628,-0.678228,-0.678228,TRUE,FALSE,0,0,FALSE
270,0.02756,0,0.0187064,0.0187064,0.000413951,0.000413951,0.39577,0.39577,TRUE,FALSE,0,0,TRUE
270,0.02756,0,0.635797,0.635797,0.160229,0.160229,NA,NA,FALSE,TRUE,0,NA,FALSE
270,0.02756,0,0.264576,0.264576,0.0593413,0.0593413,-0.757138,-0.757138,TRUE,FALSE,0,0,FALSE
270,0.02756,0,0.632175,0.632175,0.824614,0.824614,0.245871,NA,FALSE,FALSE,0,NA,FALSE
270,0.02756,0,0.935994,0.935994,0.380066,0.380066,NA,NA,FALSE,TRUE,0,NA,FALSE
270,0.02756,0,0.696384,0.696384,0.446967,0.446967,NA,NA,FALSE,TRUE,0,NA,FALSE
270,0.02756,0,0.835566,0.835566,0.0114553,0.0114553,NA,NA,FALSE,TRUE,0,NA,FALSE
270,0.02756,0,0.694667,0.694667,0.306233,0.306233,NA,NA,FALSE,TRUE,0,NA,FALSE
270,0.02756,0,0.256687,0.256687,0.296448,0.296448,0.240992,0.240992,TRUE,FALSE,0,0,FALSE
270,0.02756,0,0.00136161,0.00136161,0.265604,0.265604,-0.430426,-0.430426,TRUE,FALSE,0,0,FALSE
270,0.02756,0,0.337418,0.337418,0.00884495,0.00884495,-0.256118,-0.256118,TRUE,FALSE,0,0,FALSE
270,0.02756,0,0.381245,0.381245,0.126409,0.126409,0.343038,0.343038,TRUE,FALSE,0,0,FALSE
270,0.02756,0,0.582499,0.582499,0.569621,0.569621,NA,NA,FALSE,FALSE,0,NA,FALSE
270,0.02756,0,0.105291,0.105291,0.0575632,0.0575632,0.601732,0.601732,TRUE,FALSE,0,0,FALSE
270,0.02756,0,0.635997,0.635997,0.217139,0.217139,NA,NA,FALSE,TRUE,0,NA,FALSE
270,0.02756,0,0.616571,0.616571,0.083703,0.083703,NA,NA,FALSE,TRUE,0,NA,FALSE
270,0.02756,0,0.359909,0.359909,0.202463,0.202463,NA,NA,TRUE,FALSE,0,NA,FALSE
270,0.02756,0,0.858198,0.858198,0.180539,0.180539,NA,NA,FALSE,TRUE,0,NA,FALSE
270,0.02756,0,0.294827,0.294827,0.273146,0.273146,0.00853077,0.00853077,TRUE,FALSE,0,0,FALSE
270,0.02756,0,0.275047,0.275047,0.985822,0.985822,NA,NA,FALSE,TRUE,0,NA,FALSE
270,0.02756,0,0.894365,0.894365,0.474101,0.474101,NA,NA,FALSE,TRUE,0,NA,FALSE
270,0.02756,0,0.0706175,0.0706175,0.0230271,0.0230271,-0.339326,-0.339326,TRUE,FALSE,0,0,FALSE
270,0.02756,0,0.774871,0.774871,0.147589,0.147589,NA,NA,FALSE,TRUE,0,NA,FALSE
270,0.02756,0,0.300387,0.300387,0.574533,0.574533,NA,NA,FALSE,TRUE,0,NA,FALSE
270,0.02756,0,0.448579,0.448579,0.127494,0.127494,NA,NA,TRUE,FALSE,0,NA,FALSE
270,0.02756,0,0.835825,0.835825,0.296811,0.296811,NA,NA,FALSE,TRUE,0,NA,FALSE
270,0.02756,0,0.527198,0.527198,0.173542,0.173542,NA,NA,FALSE,TRUE,0,NA,FALSE
270,0.02756,0,0.32937,0.32937,0.0906095,0.0906095,0.0012992,0.0012992,TRUE,FALSE,0,0,FALSE
270,0.02756,0,0.246825,0.246825,0.248175,0.248175,-0.864323,-0.864323,TRUE,FALSE,0,0,FALSE
270,0.02756,0,0.318738,0.318738,0.538775,0.538775,NA,NA,FALSE,TRUE,0,NA,FALSE
270,0.02756,0,0.449888,0.449888,0.476611,0.476611,NA,NA,TRUE,FALSE,0,NA,FALSE
270,0.02756,0.45,0.32579,0.32579,0.091886,0.091886,0.573299,0.573299,TRUE,FALSE,0,0,FALSE
270,0.02756,0.45,0.386378,0.386378,0.204752,0.204752,-0.616371,-0.616371,TRUE,FALSE,0,0,FALSE
270,0.02756,0.45,0.0640893,0.0640893,0.663074,0.663074,NA,NA,FALSE,TRUE,0,NA,FALSE
270,0.02756,0.45,0.680064,0.680064,0.440234,0.440234,NA,NA,FALSE,TRUE,0,NA,FALSE
270,0.02756,0.45,0.44512,0.44512,0.653918,0.653918,NA,NA,FALSE,TRUE,0,NA,FALSE
270,0.02756,0.45,0.727458,0.727458,0.0170737,0.0170737,NA,NA,FALSE,TRUE,0,NA,FALSE
270,0.02756,0.45,0.424315,0.424315,0.10614,0.10614,NA,NA,TRUE,FALSE,0,NA,FALSE
270,0.02756,0.45,0.741304,0.741304,0.0872827,0.0872827,NA,NA,FALSE,TRUE,0,NA,FALSE
270,0.02756,0.45,0.445476,0.445476,0.546029,0.546029,NA,NA,FALSE,TRUE,0,NA,FALSE
270,0.02756,0.45,0.332149,0.332149,0.428336,0.428336,NA,NA,TRUE,FALSE,0,NA,FALSE
270,0.02756,0.45,0.00801315,0.00801315,0.172746,0.172746,0.552844,0.552844,TRUE,FALSE,0,0,FALSE
270,0.02756,0.45,0.743595,0.743595,0.104714,0.104714,NA,NA,FALSE,TRUE,0,NA,FALSE
270,0.02756,0.45,0.392855,0.392855,0.0359966,0.0359966,0.37692,0.37692,TRUE,FALSE,0,0,FALSE
270,0.02756,0.45,0.315959,0.315959,0.0599355,0.0599355,0.0620643,0.0620643,TRUE,FALSE,0,0,FALSE
270,0.02756,0.45,0.450673,0.450673,0.0629364,0.0629364,-0.790561,-0.790561,TRUE,FALSE,0,0,FALSE
270,0.02756,0.45,0.139038,0.139038,0.121686,0.121686,-0.845527,-0.845527,TRUE,FALSE,0,0,FALSE
270,0.02756,0.45,0.136162,0.136162,0.543176,0.543176,NA,NA,FALSE,TRUE,0,NA,FALSE
270,0.02756,0.45,0.802389,0.802389,0.300048,0.300048,NA,NA,FALSE,TRUE,0,NA,FALSE
270,0.02756,0.45,0.776541,0.776541,0.0131092,0.0131092,NA,NA,FALSE,TRUE,0,NA,FALSE
270,0.02756,0.45,0.845486,0.845486,0.0462822,0.0462822,NA,NA,FALSE,TRUE,0,NA,FALSE
270,0.02756,0.45,0.759064,0.759064,0.1555,0.1555,NA,NA,FALSE,TRUE,0,NA,FALSE
270,0.02756,0.45,0.918106,0.918106,0.0874367,0.0874367,NA,NA,FALSE,TRUE,0,NA,FALSE
270,0.02756,0.45,0.659997,0.659997,0.36766,0.36766,NA,NA,FALSE,TRUE,0,NA,FALSE
270,0.02756,0.45,0.299649,0.299649,0.903615,0.903615,NA,NA,FALSE,TRUE,0,NA,FALSE
270,0.02756,0.45,0.229806,0.229806,0.10685,0.10685,-0.0122618,-0.0122618,TRUE,FALSE,0,0,FALSE
270,0.02756,0.45,0.352868,0.352868,0.528463,0.528463,NA,NA,FALSE,TRUE,0,NA,FALSE
270,0.02756,0.45,0.141847,0.141847,0.0470032,0.0470032,1,1,TRUE,FALSE,0,0,FALSE
270,0.02756,0.45,0.255943,0.255943,0.514222,0.514222,NA,NA,FALSE,TRUE,0,NA,FALSE
270,0.02756,0.45,0.922233,0.922233,0.112347,0.112347,NA,NA,FALSE,TRUE,0,NA,FALSE
270,0.02756,0.45,0.309705,0.309705,0.000388105,0.000388105,-0.598097,-0.598097,TRUE,FALSE,0,0,FALSE
270,0.02756,0.45,0.640486,0.640486,0.0667631,0.0667631,NA,NA,FALSE,TRUE,0,NA,FALSE
270,0.02756,0.45,0.3018,0.3018,0.0486817,0.0486817,0.733449,0.733449,TRUE,FALSE,0,0,FALSE
270,0.02756,0.45,0.275274,0.275274,0.00964443,0.00964443,-0.153832,-0.153832,TRUE,FALSE,0,0,FALSE
270,0.02756,0.45,0.203109,0.203109,0.203835,0.203835,-0.888404,-0.888404,TRUE,FALSE,0,0,FALSE
270,0.02756,0.45,0.973569,0.973569,0.310707,0.310707,NA,NA,FALSE,TRUE,0,NA,FALSE
270,0.02756,0.45,0.967086,0.967086,0.803766,0.803766,0.0263039,NA,FALSE,FALSE,0,NA,FALSE
270,0.02756,0.45,0.898874,0.898874,0.00173157,0.00173157,NA,NA,FALSE,TRUE,0,NA,FALSE
270,0.02756,0.45,0.296717,0.296717,0.144052,0.144052,0.0151848,0.0151848,TRUE,FALSE,0,0,FALSE
270,0.02756,0.45,0.571472,0.571472,0.794353,0.794353,-0.0304827,NA,FALSE,FALSE,0,NA,FALSE
270,0.02756,0.45,0.374456,0.374456,0.0734057,0.0734057,-0.743151,-0.743151,TRUE,FALSE,0,0,FALSE
270,0.02756,0.45,0.428867,0.428867,0.0947695,0.0947695,0.999308,0.999308,TRUE,FALSE,0,0,FALSE
270,0.02756,0.45,0.937711,0.937711,0.337819,0.337819,NA,NA,FALSE,TRUE,0,NA,FALSE
270,0.02756,0.45,0.242306,0.242306,0.0110994,0.0110994,-0.170683,-0.170683,TRUE,FALSE,0,0,FALSE
270,0.02756,0.45,0.84755,0.84755,0.457315,0.457315,NA,NA,FALSE,TRUE,0,NA,FALSE
270,0.02756,0.45,0.293611,0.293611,0.00227204,0.00227204,0.228253,0.228253,TRUE,FALSE,0,0,FALSE
270,0.02756,0.45,0.390242,0.390242,0.0615357,0.0615357,-1,-1,TRUE,FALSE,0,0,FALSE
270,0.02756,0.45,0.988627,0.988627,0.172118,0.172118,NA,NA,FALSE,TRUE,0,NA,FALSE
270,0.02756,0.45,0.343705,0.343705,0.582477,0.582477,NA,NA,FALSE,TRUE,0,NA,FALSE
270,0.02756,0.45,0.814805,0.814805,0.334749,0.334749,NA,NA,FALSE,TRUE,0,NA,FALSE
270,0.02756,0.45,0.521217,0.521217,0.681307,0.681307,NA,NA,FALSE,FALSE,0,NA,FALSE
270,0.02756,0.45,0.392935,0.392935,0.0148091,0.0148091,-0.165851,-0.165851,TRUE,FALSE,0,0,FALSE
270,0.02756,0.45,0.372855,0.372855,0.0565863,0.0565863,-1,-1,TRUE,FALSE,0,0,FALSE
270,0.02756,0.45,0.905563,0.905563,0.678532,0.678532,-0.725284,NA,FALSE,FALSE,0,NA,FALSE
270,0.02756,0.45,0.24681,0.24681,0.0591995,0.0591995,-0.424851,-0.424851,TRUE,FALSE,0,0,FALSE
270,0.02756,0.45,0.425727,0.425727,0.0583627,0.0583627,0.872807,0.872807,TRUE,FALSE,0,0,FALSE
270,0.02756,0.45,0.764151,0.764151,0.210025,0.210025,NA,NA,FALSE,TRUE,0,NA,FALSE
270,0.02756,0.45,0.175225,0.175225,0.000472737,0.000472737,0.880065,0.880065,TRUE,FALSE,0,0,FALSE
270,0.02756,0.45,0.536183,0.536183,0.342107,0.342107,NA,NA,FALSE,TRUE,0,NA,FALSE
270,0.02756,0.45,0.998376,0.998376,0.611212,0.611212,-0.0831237,NA,FALSE,FALSE,0,NA,FALSE
270,0.02756,0.45,0.640936,0.640936,0.83594,0.83594,-0.181241,NA,FALSE,FALSE,0,NA,FALSE
270,0.02756,0.45,0.74843,0.74843,0.868392,0.868392,0.791155,NA,FALSE,FALSE,0,NA,FALSE
270,0.02756,0.45,0.862379,0.862379,0.555619,0.555619,NA,NA,FALSE,FALSE,0,NA,FALSE
270,0.02756,0.45,0.418176,0.418176,0.282881,0.282881,0.72956,0.72956,TRUE,FALSE,0,0,FALSE
270,0.02756,0.45,0.950701,0.950701,0.0206084,0.0206084,NA,NA,FALSE,TRUE,0,NA,FALSE
270,0.02756,0.45,0.400569,0.400569,0.186414,0.186414,NA,NA,TRUE,FALSE,0,NA,FALSE
270,0.02756,0.45,0.682197,0.682197,0.628533,0.628533,NA,NA,FALSE,FALSE,0,NA,FALSE
270,0.02756,0.45,0.0358112,0.0358112,0.82026,0.82026,NA,NA,FALSE,TRUE,0,NA,FALSE
270,0.02756,0.45,0.771217,0.771217,0.75207,0.75207,NA,NA,FALSE,FALSE,0,NA,FALSE
270,0.02756,0.45,0.277279,0.277279,0.100467,0.100467,0.566754,0.566754,TRUE,FALSE,0,0,FALSE
270,0.02756,0.45,0.378089,0.378089,0.209861,0.209861,0.406039,0.406039,TRUE,FALSE,0,0,FALSE
270,0.02756,0.45,0.539823,0.539823,0.000215484,0.000215484,NA,NA,FALSE,TRUE,0,NA,FALSE
270,0.02756,0.45,0.977699,0.977699,0.0604229,0.0604229,NA,NA,FALSE,TRUE,0,NA,FALSE
270,0.02756,0.45,0.225851,0.225851,0.00658039,0.00658039,0.709709,0.709709,TRUE,FALSE,0,0,FALSE
270,0.02756,0.45,0.921422,0.921422,0.00433442,0.00433442,NA,NA,FALSE,TRUE,0,NA,FALSE
270,0.02756,0.45,0.806816,0.806816,0.153159,0.153159,NA,NA,FALSE,TRUE,0,NA,FALSE
270,0.02756,0.45,0.438515,0.438515,0.830339,0.830339,NA,NA,FALSE,TRUE,0,NA,FALSE
270,0.02756,0.45,0.257387,0.257387,0.230277,0.230277,1,1,TRUE,FALSE,0,0,FALSE
270,0.02756,0.45,0.373509,0.373509,0.225495,0.225495,NA,NA,TRUE,FALSE,0,NA,FALSE
270,0.02756,0.45,0.794928,0.794928,0.0611217,0.0611217,NA,NA,FALSE,TRUE,0,NA,FALSE
270,0.02756,0.45,0.963839,0.963839,0.815153,0.815153,-0.46953,NA,FALSE,FALSE,0,NA,FALSE
270,0.02756,0.45,0.26236,0.26236,0.109326,0.109326,-0.127162,-0.127162,TRUE,FALSE,0,0,FALSE
270,0.02756,0.45,0.0100864,0.0100864,0.0788654,0.0788654,0.769025,0.769025,TRUE,FALSE,0,0,FALSE
270,0.02756,0.45,0.207896,0.207896,0.213723,0.213723,-0.0234205,-0.0234205,TRUE,FALSE,0,0,FALSE
270,0.02756,0.45,0.755846,0.755846,0.472694,0.472694,NA,NA,FALSE,TRUE,0,NA,FALSE
270,0.02756,0.45,0.677469,0.677469,0.77787,0.77787,-0.449559,NA,FALSE,FALSE,0,NA,FALSE
270,0.02756,0.45,0.370027,0.370027,0.00315588,0.00315588,NA,NA,TRUE,FALSE,0,NA,FALSE
270,0.02756,0.45,0.63018,0.63018,0.0394435,0.0394435,NA,NA,FALSE,TRUE,0,NA,FALSE
270,0.02756,0.45,0.40553,0.40553,0.881485,0.881485,NA,NA,FALSE,TRUE,0,NA,FALSE
270,0.02756,0.45,0.04563,0.04563,0.266108,0.266108,-0.114052,-0.114052,TRUE,FALSE,0,0,FALSE
270,0.02756,0.45,0.865006,0.865006,0.218996,0.218996,NA,NA,FALSE,TRUE,0,NA,FALSE
270,0.02756,0.45,0.589795,0.589795,1.11463e-05,1.11463e-05,NA,NA,FALSE,TRUE,0,NA,FALSE
270,0.02756,0.45,0.405555,0.405555,0.0440617,0.0440617,0.984251,0.984251,TRUE,FALSE,0,0,FALSE
270,0.02756,0.45,0.150192,0.150192,0.00608944,0.00608944,0.542951,0.542951,TRUE,FALSE,0,0,FALSE
270,0.02756,0.45,0.394208,0.394208,0.446606,0.446606,-0.273804,-0.273804,TRUE,FALSE,0,0,FALSE
270,0.02756,0.45,0.787462,0.787462,0.321777,0.321777,NA,NA,FALSE,TRUE,0,NA,FALSE
270,0.02756,0.45,0.958996,0.958996,0.139072,0.139072,NA,NA,FALSE,TRUE,0,NA,FALSE
270,0.02756,0.45,0.189565,0.189565,0.0123094,0.0123094,0.115163,0.115163,TRUE,FALSE,0,0,FALSE
270,0.02756,0.45,0.46949,0.46949,0.0495812,0.0495812,NA,NA,TRUE,FALSE,0,NA,FALSE
270,0.02756,0.45,0.569862,0.569862,0.666694,0.666694,NA,NA,FALSE,FALSE,0,NA,FALSE
270,0.02756,0.45,0.744565,0.744565,0.915774,0.915774,0.116654,NA,FALSE,FALSE,0,NA,FALSE
270,0.02756,0.45,0.781185,0.781185,0.196207,0.196207,NA,NA,FALSE,TRUE,0,NA,FALSE
270,0.02756,0.45,0.655924,0.655924,0.432976,0.432976,NA,NA,FALSE,TRUE,0,NA,FALSE
270,0.02756,0.45,0.607448,0.607448,0.498098,0.498098,NA,NA,FALSE,FALSE,0,NA,FALSE
270,0.02756,0.45,0.17846,0.17846,0.168105,0.168105,0.579829,0.579829,TRUE,FALSE,0,0,FALSE
270,0.02756,0.45,0.0770856,0.0770856,0.293588,0.293588,0.773378,0.773378,TRUE,FALSE,0,0,FALSE
270,0.02756,0.45,0.553295,0.553295,0.120788,0.120788,NA,NA,FALSE,TRUE,0,NA,FALSE
270,0.02756,0.45,0.605969,0.605969,0.0563827,0.0563827,NA,NA,FALSE,TRUE,0,NA,FALSE
270,0.02756,0.45,0.764316,0.764316,0.64791,0.64791,0.103694,NA,FALSE,FALSE,0,NA,FALSE
270,0.02756,0.45,0.260355,0.260355,0.00914994,0.00914994,NA,NA,TRUE,FALSE,0,NA,FALSE
270,0.02756,0.45,0.275019,0.275019,0.731641,0.731641,NA,NA,FALSE,TRUE,0,NA,FALSE
270,0.02756,0.45,0.821547,0.821547,0.116977,0.116977,NA,NA,FALSE,TRUE,0,NA,FALSE
270,0.02756,0.45,0.54548,0.54548,0.0536648,0.0536648,NA,NA,FALSE,TRUE,0,NA,FALSE
270,0.02756,0.45,0.630525,0.630525,0.0140182,0.0140182,NA,NA,FALSE,TRUE,0,NA,FALSE
270,0.02756,0.45,0.291359,0.291359,0.0170677,0.0170677,-0.760722,-0.760722,TRUE,FALSE,0,0,FALSE
270,0.02756,0.45,0.118371,0.118371,0.0343525,0.0343525,0.710327,0.710327,TRUE,FALSE,0,0,FALSE
270,0.02756,0.45,0.998617,0.998617,0.116659,0.116659,NA,NA,FALSE,TRUE,0,NA,FALSE
270,0.02756,0.45,0.978774,0.978774,0.0140719,0.0140719,NA,NA,FALSE,TRUE,0,NA,FALSE
270,0.02756,0.45,0.0452795,0.0452795,0.388865,0.388865,1,1,TRUE,FALSE,0,0,FALSE
270,0.02756,0.45,0.260302,0.260302,0.165069,0.165069,NA,NA,TRUE,FALSE,0,NA,FALSE
270,0.02756,0.45,0.455091,0.455091,0.0744297,0.0744297,NA,NA,TRUE,FALSE,0,NA,FALSE
270,0.02756,0.45,0.918686,0.918686,0.108095,0.108095,NA,NA,FALSE,TRUE,0,NA,FALSE
270,0.02756,0.45,0.642922,0.642922,0.0651581,0.0651581,NA,NA,FALSE,TRUE,0,NA,FALSE
270,0.02756,0.45,0.151054,0.151054,0.182761,0.182761,-0.214357,-0.214357,TRUE,FALSE,0,0,FALSE
270,0.02756,0.45,0.0430642,0.0430642,0.0169861,0.0169861,0.421506,0.421506,TRUE,FALSE,0,0,TRUE
270,0.02756,0.45,0.980763,0.980763,0.0678789,0.0678789,NA,NA,FALSE,TRUE,0,NA,FALSE
270,0.02756,0.45,0.0384194,0.0384194,0.739125,0.739125,NA,NA,FALSE,TRUE,0,NA,FALSE
270,0.02756,0.45,0.169736,0.169736,0.158677,0.158677,0.476762,0.476762,TRUE,FALSE,0,0,FALSE
270,0.02756,0.45,0.103594,0.103594,0.514565,0.514565,NA,NA,FALSE,TRUE,0,NA,FALSE
270,0.02756,0.45,0.0763942,0.0763942,0.0115456,0.0115456,0.570909,0.570909,TRUE,FALSE,0,0,FALSE
270,0.02756,0.45,0.845422,0.845422,0.0077194,0.0077194,NA,NA,FALSE,TRUE,0,NA,FALSE
270,0.02756,0.45,0.721514,0.721514,0.787732,0.787732,-0.850232,NA,FALSE,FALSE,0,NA,FALSE
270,0.02756,0.45,0.849252,0.849252,0.0739764,0.0739764,NA,NA,FALSE,TRUE,0,NA,FALSE
270,0.02756,0.45,0.773514,0.773514,0.0434855,0.0434855,NA,NA,FALSE,TRUE,0,NA,FALSE
270,0.02756,0.45,0.287409,0.287409,0.00103146,0.00103146,NA,NA,TRUE,FALSE,0,NA,FALSE
270,0.02756,0.45,0.038636,0.038636,0.103034,0.103034,0.238386,0.238386,TRUE,FALSE,0,0,FALSE
270,0.02756,0.45,0.384485,0.384485,0.114462,0.114462,0.584893,0.584893,TRUE,FALSE,0,0,FALSE
270,0.02756,0.45,0.331788,0.331788,0.928366,0.928366,NA,NA,FALSE,TRUE,0,NA,FALSE
270,0.02756,0.45,0.130471,0.130471,0.758119,0.758119,NA,NA,FALSE,TRUE,0,NA,FALSE
270,0.02756,0.45,0.652582,0.652582,0.125572,0.125572,NA,NA,FALSE,TRUE,0,NA,FALSE
270,0.02756,0.45,0.509103,0.509103,0.0870817,0.0870817,NA,NA,FALSE,TRUE,0,NA,FALSE
270,0.02756,0.45,0.864247,0.864247,0.0202453,0.0202453,NA,NA,FALSE,TRUE,0,NA,FALSE
270,0.02756,0.45,0.618582,0.618582,0.05264,0.05264,NA,NA,FALSE,TRUE,0,NA,FALSE
270,0.02756,0.45,0.658757,0.658757,0.0205939,0.0205939,NA,NA,FALSE,TRUE,0,NA,FALSE
270,0.02756,0.45,0.154344,0.154344,0.349216,0.349216,0.0835401,0.0835401,TRUE,FALSE,0,0,FALSE
270,0.02756,0.45,0.299028,0.299028,0.097475,0.097475,-0.377451,-0.377451,TRUE,FALSE,0,0,FALSE
270,0.02756,0.45,0.470953,0.470953,0.449029,0.449029,0.574464,0.574464,TRUE,FALSE,0,0,FALSE
270,0.02756,0.45,0.558564,0.558564,0.0659766,0.0659766,NA,NA,FALSE,TRUE,0,NA,FALSE
270,0.02756,0.45,0.655783,0.655783,8.9262e-05,8.9262e-05,NA,NA,FALSE,TRUE,0,NA,FALSE
270,0.02756,0.45,0.0829977,0.0829977,0.0930369,0.0930369,0.993067,0.993067,TRUE,FALSE,0,0,FALSE
270,0.02756,0.45,0.700628,0.700628,0.0440961,0.0440961,NA,NA,FALSE,TRUE,0,NA,FALSE
270,0.02756,0.45,0.989067,0.989067,0.00183968,0.00183968,NA,NA,FALSE,TRUE,0,NA,FALSE
270,0.02756,0.45,0.534208,0.534208,0.250194,0.250194,NA,NA,FALSE,TRUE,0,NA,FALSE
270,0.02756,0.45,0.684915,0.684915,0.210618,0.210618,NA,NA,FALSE,TRUE,0,NA,FALSE
270,0.02756,0.45,0.440967,0.440967,0.662191,0.662191,NA,NA,FALSE,TRUE,0,NA,FALSE
270,0.02756,0.45,0.604214,0.604214,0.212586,0.212586,NA,NA,FALSE,TRUE,0,NA,FALSE
270,0.02756,0.45,0.919159,0.919159,0.319757,0.319757,NA,NA,FALSE,TRUE,0,NA,FALSE
270,0.02756,0.45,0.21515,0.21515,0.449308,0.449308,NA,NA,TRUE,FALSE,0,NA,FALSE
270,0.02756,0.45,0.790096,0.790096,0.816714,0.816714,NA,NA,FALSE,FALSE,0,NA,FALSE
270,0.02756,0.45,0.924572,0.924572,0.701767,0.701767,0.197571,NA,FALSE,FALSE,0,NA,FALSE
270,0.02756,0.45,0.939257,0.939257,0.066296,0.066296,NA,NA,FALSE,TRUE,0,NA,FALSE
270,0.02756,0.45,0.790184,0.790184,0.603676,0.603676,0.753832,NA,FALSE,FALSE,0,NA,FALSE
270,0.02756,0.45,0.842801,0.842801,0.0041073,0.0041073,NA,NA,FALSE,TRUE,0,NA,FALSE
270,0.02756,0.45,0.786508,0.786508,0.135773,0.135773,NA,NA,FALSE,TRUE,0,NA,FALSE
270,0.02756,0.45,0.134325,0.134325,0.224406,0.224406,0.884281,0.884281,TRUE,FALSE,0,0,FALSE
270,0.02756,0.45,0.00962168,0.00962168,0.290572,0.290572,0.941827,0.941827,TRUE,FALSE,0,0,FALSE
270,0.02756,0.45,0.12281,0.12281,0.0446772,0.0446772,0.92815,0.92815,TRUE,FALSE,0,0,FALSE
270,0.02756,0.45,0.772037,0.772037,0.755047,0.755047,0.114451,NA,FALSE,FALSE,0,NA,FALSE
270,0.02756,0.45,0.0238883,0.0238883,0.00201163,0.00201163,-0.3002,-0.3002,TRUE,FALSE,0,0,TRUE
270,0.02756,0.45,0.602516,0.602516,0.297574,0.297574,NA,NA,FALSE,TRUE,0,NA,FALSE
270,0.02756,0.45,0.447152,0.447152,0.0157518,0.0157518,0.739826,0.739826,TRUE,FALSE,0,0,FALSE
270,0.02756,0.45,0.029287,0.029287,0.0395412,0.0395412,-0.0213208,-0.0213208,TRUE,FALSE,0,0,TRUE
270,0.02756,0.45,0.559328,0.559328,0.0547316,0.0547316,NA,NA,FALSE,TRUE,0,NA,FALSE
270,0.02756,0.45,0.415141,0.415141,0.0926423,0.0926423,0.497002,0.497002,TRUE,FALSE,0,0,FALSE
270,0.02756,0.45,0.458181,0.458181,0.393567,0.393567,NA,NA,TRUE,FALSE,0,NA,FALSE
270,0.02756,0.45,0.764161,0.764161,0.0502289,0.0502289,NA,NA,FALSE,TRUE,0,NA,FALSE
270,0.02756,0.45,0.722687,0.722687,0.00203882,0.00203882,NA,NA,FALSE,TRUE,0,NA,FALSE
270,0.02756,0.45,0.149258,0.149258,0.059253,0.059253,-0.139111,-0.139111,TRUE,FALSE,0,0,FALSE
270,0.02756,0.45,0.419694,0.419694,0.320751,0.320751,NA,NA,TRUE,FALSE,0,NA,FALSE
270,0.02756,0.45,0.8232,0.8232,0.260528,0.260528,NA,NA,FALSE,TRUE,0,NA,FALSE
270,0.02756,0.45,0.660903,0.660903,0.47436,0.47436,NA,NA,FALSE,TRUE,0,NA,FALSE
270,0.02756,0.45,0.91019,0.91019,0.429226,0.429226,NA,NA,FALSE,TRUE,0,NA,FALSE
270,0.02756,0.45,0.874945,0.874945,0.0883625,0.0883625,NA,NA,FALSE,TRUE,0,NA,FALSE
270,0.02756,0.45,0.479575,0.479575,0.0979095,0.0979095,NA,NA,TRUE,FALSE,0,NA,FALSE
270,0.02756,0.45,0.152125,0.152125,0.186145,0.186145,0.0532871,0.0532871,TRUE,FALSE,0,0,FALSE
270,0.02756,0.45,0.874694,0.874694,0.77275,0.77275,-0.476606,NA,FALSE,FALSE,0,NA,FALSE
270,0.02756,0.45,0.354007,0.354007,0.00710151,0.00710151,-0.315977,-0.315977,TRUE,FALSE,0,0,FALSE
270,0.02756,0.45,0.796558,0.796558,0.669953,0.669953,NA,NA,FALSE,FALSE,0,NA,FALSE
270,0.02756,0.45,0.248387,0.248387,0.172368,0.172368,NA,NA,TRUE,FALSE,0,NA,FALSE
270,0.02756,0.45,0.733141,0.733141,0.404033,0.404033,NA,NA,FALSE,TRUE,0,NA,FALSE
270,0.02756,0.45,0.150266,0.150266,0.134215,0.134215,-0.515161,-0.515161,TRUE,FALSE,0,0,FALSE
270,0.02756,0.45,0.0616868,0.0616868,0.0568289,0.0568289,0.266979,0.266979,TRUE,FALSE,0,0,FALSE
270,0.02756,0.45,0.545401,0.545401,0.00203266,0.00203266,NA,NA,FALSE,TRUE,0,NA,FALSE
270,0.02756,0.45,0.912257,0.912257,0.392788,0.392788,NA,NA,FALSE,TRUE,0,NA,FALSE
270,0.02756,0.45,0.0500433,0.0500433,0.771329,0.771329,NA,NA,FALSE,TRUE,0,NA,FALSE
270,0.02756,0.45,0.701629,0.701629,0.0476207,0.0476207,NA,NA,FALSE,TRUE,0,NA,FALSE
270,0.02756,0.45,0.295123,0.295123,0.00483503,0.00483503,-0.109961,-0.109961,TRUE,FALSE,0,0,FALSE
270,0.02756,0.45,0.747674,0.747674,0.799968,0.799968,0.695066,NA,FALSE,FALSE,0,NA,FALSE
270,0.02756,0.45,0.0779423,0.0779423,0.49402,0.49402,NA,NA,FALSE,TRUE,0,NA,FALSE
270,0.02756,0.45,0.354815,0.354815,0.36263,0.36263,NA,NA,TRUE,FALSE,0,NA,FALSE
270,0.02756,0.45,0.899468,0.899468,0.396422,0.396422,NA,NA,FALSE,TRUE,0,NA,FALSE
270,0.02756,0.9,0.123055,0.123055,0.345462,0.345462,NA,NA,TRUE,FALSE,0,NA,FALSE
270,0.02756,0.9,0.0316064,0.0316064,0.0690538,0.0690538,0.48294,0.48294,TRUE,FALSE,0,0,FALSE
270,0.02756,0.9,0.719867,0.719867,0.435356,0.435356,NA,NA,FALSE,TRUE,0,NA,FALSE
270,0.02756,0.9,0.840836,0.840836,0.0393984,0.0393984,NA,NA,FALSE,TRUE,0,NA,FALSE
270,0.02756,0.9,0.382636,0.382636,0.441858,0.441858,NA,NA,TRUE,FALSE,0,NA,FALSE
270,0.02756,0.9,0.135991,0.135991,0.102961,0.102961,0.108464,0.108464,TRUE,FALSE,0,0,FALSE
270,0.02756,0.9,0.047431,0.047431,0.0513422,0.0513422,0.0347955,0.0347955,TRUE,FALSE,0,0,FALSE
270,0.02756,0.9,0.418958,0.418958,0.561347,0.561347,NA,NA,FALSE,TRUE,0,NA,FALSE
270,0.02756,0.9,0.00454111,0.00454111,0.00429727,0.00429727,-0.0391819,-0.0391819,TRUE,FALSE,0,0,TRUE
270,0.02756,0.9,0.718055,0.718055,0.932124,0.932124,0.755889,NA,FALSE,FALSE,0,NA,FALSE
270,0.02756,0.9,0.574605,0.574605,0.0178708,0.0178708,NA,NA,FALSE,TRUE,0,NA,FALSE
270,0.02756,0.9,0.521741,0.521741,0.444451,0.444451,NA,NA,FALSE,TRUE,0,NA,FALSE
270,0.02756,0.9,0.778848,0.778848,0.000360818,0.000360818,NA,NA,FALSE,TRUE,0,NA,FALSE
270,0.02756,0.9,0.524687,0.524687,0.0393153,0.0393153,NA,NA,FALSE,TRUE,0,NA,FALSE
270,0.02756,0.9,0.00565096,0.00565096,0.0174863,0.0174863,1,1,TRUE,FALSE,0,0,TRUE
270,0.02756,0.9,0.25295,0.25295,0.00882293,0.00882293,0.912982,0.912982,TRUE,FALSE,0,0,FALSE
270,0.02756,0.9,0.614687,0.614687,0.469864,0.469864,NA,NA,FALSE,TRUE,0,NA,FALSE
270,0.02756,0.9,0.359588,0.359588,0.0908331,0.0908331,-0.491457,-0.491457,TRUE,FALSE,0,0,FALSE
270,0.02756,0.9,0.396416,0.396416,0.181661,0.181661,-0.980042,-0.980042,TRUE,FALSE,0,0,FALSE
270,0.02756,0.9,0.664731,0.664731,0.296364,0.296364,NA,NA,FALSE,TRUE,0,NA,FALSE
270,0.02756,0.9,0.438976,0.438976,0.714175,0.714175,NA,NA,FALSE,TRUE,0,NA,FALSE
270,0.02756,0.9,0.111661,0.111661,0.000427772,0.000427772,0.256287,0.256287,TRUE,FALSE,0,0,FALSE
270,0.02756,0.9,0.36995,0.36995,0.188386,0.188386,1,1,TRUE,FALSE,0,0,FALSE
270,0.02756,0.9,0.343821,0.343821,0.826123,0.826123,NA,NA,FALSE,TRUE,0,NA,FALSE
270,0.02756,0.9,0.810772,0.810772,0.095323,0.095323,NA,NA,FALSE,TRUE,0,NA,FALSE
270,0.02756,0.9,0.187257,0.187257,0.139623,0.139623,0.918594,0.918594,TRUE,FALSE,0,0,FALSE
270,0.02756,0.9,0.830623,0.830623,0.394545,0.394545,NA,NA,FALSE,TRUE,0,NA,FALSE
270,0.02756,0.9,0.0810441,0.0810441,0.835344,0.835344,NA,NA,FALSE,TRUE,0,NA,FALSE
270,0.02756,0.9,0.857665,0.857665,0.0983965,0.0983965,NA,NA,FALSE,TRUE,0,NA,FALSE
270,0.02756,0.9,0.389221,0.389221,0.0333495,0.0333495,0.620014,0.620014,TRUE,FALSE,0,0,FALSE
270,0.02756,0.9,0.450167,0.450167,0.900305,0.900305,NA,NA,FALSE,TRUE,0,NA,FALSE
270,0.02756,0.9,0.402254,0.402254,0.505851,0.505851,NA,NA,FALSE,TRUE,0,NA,FALSE
270,0.02756,0.9,0.499454,0.499454,0.100918,0.100918,NA,NA,FALSE,TRUE,0,NA,FALSE
270,0.02756,0.9,0.465108,0.465108,0.450751,0.450751,NA,NA,TRUE,FALSE,0,NA,FALSE
270,0.02756,0.9,0.0674884,0.0674884,0.180449,0.180449,NA,NA,TRUE,FALSE,0,NA,FALSE
270,0.02756,0.9,0.171827,0.171827,0.00350426,0.00350426,0.388784,0.388784,TRUE,FALSE,0,0,FALSE
270,0.02756,0.9,0.115571,0.115571,0.556066,0.556066,NA,NA,FALSE,TRUE,0,NA,FALSE
270,0.02756,0.9,0.585005,0.585005,0.053814,0.053814,NA,NA,FALSE,TRUE,0,NA,FALSE
270,0.02756,0.9,0.448666,0.448666,0.0581438,0.0581438,NA,NA,TRUE,FALSE,0,NA,FALSE
270,0.02756,0.9,0.127533,0.127533,0.0250906,0.0250906,-0.143534,-0.143534,TRUE,FALSE,0,0,FALSE
270,0.02756,0.9,0.188248,0.188248,0.0442694,0.0442694,1,1,TRUE,FALSE,0,0,FALSE
270,0.02756,0.9,0.83731,0.83731,0.0537132,0.0537132,NA,NA,FALSE,TRUE,0,NA,FALSE
270,0.02756,0.9,0.662616,0.662616,0.0516038,0.0516038,NA,NA,FALSE,TRUE,0,NA,FALSE
270,0.02756,0.9,0.823451,0.823451,0.0397419,0.0397419,NA,NA,FALSE,TRUE,0,NA,FALSE
270,0.02756,0.9,0.436327,0.436327,0.232393,0.232393,0.999638,0.999638,TRUE,FALSE,0,0,FALSE
270,0.02756,0.9,0.23806,0.23806,0.0405579,0.0405579,-0.0654752,-0.0654752,TRUE,FALSE,0,0,FALSE
270,0.02756,0.9,0.625455,0.625455,0.390007,0.390007,NA,NA,FALSE,TRUE,0,NA,FALSE
270,0.02756,0.9,0.00645106,0.00645106,0.259846,0.259846,0.651923,0.651923,TRUE,FALSE,0,0,FALSE
270,0.02756,0.9,0.589875,0.589875,0.394909,0.394909,NA,NA,FALSE,TRUE,0,NA,FALSE
270,0.02756,0.9,0.490809,0.490809,0.0465116,0.0465116,NA,NA,FALSE,TRUE,0,NA,FALSE
270,0.02756,0.9,0.00329079,0.00329079,0.00231445,0.00231445,0.484363,0.484363,TRUE,FALSE,0,0,TRUE
270,0.02756,0.9,0.882631,0.882631,0.653789,0.653789,-0.636549,NA,FALSE,FALSE,0,NA,FALSE
270,0.02756,0.9,0.0229645,0.0229645,0.693071,0.693071,NA,NA,FALSE,TRUE,0,NA,FALSE
270,0.02756,0.9,0.776865,0.776865,0.141696,0.141696,NA,NA,FALSE,TRUE,0,NA,FALSE
270,0.02756,0.9,0.8544,0.8544,0.455819,0.455819,NA,NA,FALSE,TRUE,0,NA,FALSE
270,0.02756,0.9,0.700947,0.700947,0.480928,0.480928,NA,NA,FALSE,TRUE,0,NA,FALSE
270,0.02756,0.9,0.987206,0.987206,0.100021,0.100021,NA,NA,FALSE,TRUE,0,NA,FALSE
270,0.02756,0.9,0.380683,0.380683,0.161373,0.161373,0.205089,0.205089,TRUE,FALSE,0,0,FALSE
270,0.02756,0.9,0.217818,0.217818,0.664349,0.664349,NA,NA,FALSE,TRUE,0,NA,FALSE
270,0.02756,0.9,0.247332,0.247332,0.0253989,0.0253989,0.917719,0.917719,TRUE,FALSE,0,0,FALSE
270,0.02756,0.9,0.338194,0.338194,0.034175,0.034175,NA,NA,TRUE,FALSE,0,NA,FALSE
270,0.02756,0.9,0.216209,0.216209,0.12331,0.12331,0.722048,0.722048,TRUE,FALSE,0,0,FALSE
270,0.02756,0.9,0.0987879,0.0987879,0.196526,0.196526,0.417065,0.417065,TRUE,FALSE,0,0,FALSE
270,0.02756,0.9,0.166988,0.166988,0.347723,0.347723,NA,NA,TRUE,FALSE,0,NA,FALSE
270,0.02756,0.9,0.815474,0.815474,0.227869,0.227869,NA,NA,FALSE,TRUE,0,NA,FALSE
270,0.02756,0.9,0.659581,0.659581,0.217866,0.217866,NA,NA,FALSE,TRUE,0,NA,FALSE
270,0.02756,0.9,0.869761,0.869761,0.566136,0.566136,-0.0838218,NA,FALSE,FALSE,0,NA,FALSE
270,0.02756,0.9,0.840325,0.840325,0.120741,0.120741,NA,NA,FALSE,TRUE,0,NA,FALSE
270,0.02756,0.9,0.417184,0.417184,0.00346071,0.00346071,NA,NA,TRUE,FALSE,0,NA,FALSE
270,0.02756,0.9,0.396009,0.396009,0.621437,0.621437,NA,NA,FALSE,TRUE,0,NA,FALSE
270,0.02756,0.9,0.930413,0.930413,0.769195,0.769195,NA,NA,FALSE,FALSE,0,NA,FALSE
270,0.02756,0.9,0.698375,0.698375,0.228953,0.228953,NA,NA,FALSE,TRUE,0,NA,FALSE
270,0.02756,0.9,0.241175,0.241175,0.673564,0.673564,NA,NA,FALSE,TRUE,0,NA,FALSE
270,0.02756,0.9,0.556474,0.556474,0.238068,0.238068,NA,NA,FALSE,TRUE,0,NA,FALSE
270,0.02756,0.9,0.238963,0.238963,0.640183,0.640183,NA,NA,FALSE,TRUE,0,NA,FALSE
270,0.02756,0.9,0.886106,0.886106,0.200974,0.200974,NA,NA,FALSE,TRUE,0,NA,FALSE
270,0.02756,0.9,0.340558,0.340558,0.677015,0.677015,NA,NA,FALSE,TRUE,0,NA,FALSE
270,0.02756,0.9,0.676116,0.676116,0.000354616,0.000354616,NA,NA,FALSE,TRUE,0,NA,FALSE
270,0.02756,0.9,0.847677,0.847677,0.975547,0.975547,0.476176,NA,FALSE,FALSE,0,NA,FALSE
270,0.02756,0.9,0.781481,0.781481,0.0110978,0.0110978,NA,NA,FALSE,TRUE,0,NA,FALSE
270,0.02756,0.9,0.299962,0.299962,0.57987,0.57987,NA,NA,FALSE,TRUE,0,NA,FALSE
270,0.02756,0.9,0.602913,0.602913,0.863746,0.863746,-1,NA,FALSE,FALSE,0,NA,FALSE
270,0.02756,0.9,0.513748,0.513748,0.13482,0.13482,NA,NA,FALSE,TRUE,0,NA,FALSE
270,0.02756,0.9,0.689614,0.689614,0.0475801,0.0475801,NA,NA,FALSE,TRUE,0,NA,FALSE
270,0.02756,0.9,0.633691,0.633691,0.439714,0.439714,NA,NA,FALSE,TRUE,0,NA,FALSE
270,0.02756,0.9,0.179937,0.179937,0.155104,0.155104,0.730551,0.730551,TRUE,FALSE,0,0,FALSE
270,0.02756,0.9,0.617308,0.617308,0.642077,0.642077,0.409758,NA,FALSE,FALSE,0,NA,FALSE
270,0.02756,0.9,0.676467,0.676467,0.286753,0.286753,NA,NA,FALSE,TRUE,0,NA,FALSE
270,0.02756,0.9,0.858023,0.858023,0.940008,0.940008,-0.273717,NA,FALSE,FALSE,0,NA,FALSE
270,0.02756,0.9,0.744827,0.744827,0.0904028,0.0904028,NA,NA,FALSE,TRUE,0,NA,FALSE
270,0.02756,0.9,0.453454,0.453454,0.190477,0.190477,-0.0234457,-0.0234457,TRUE,FALSE,0,0,FALSE
270,0.02756,0.9,0.496047,0.496047,0.215397,0.215397,NA,NA,FALSE,TRUE,0,NA,FALSE
270,0.02756,0.9,0.535882,0.535882,0.0735298,0.0735298,NA,NA,FALSE,TRUE,0,NA,FALSE
270,0.02756,0.9,0.646224,0.646224,0.399289,0.399289,NA,NA,FALSE,TRUE,0,NA,FALSE
270,0.02756,0.9,0.647659,0.647659,0.061451,0.061451,NA,NA,FALSE,TRUE,0,NA,FALSE
270,0.02756,0.9,0.920309,0.920309,0.384126,0.384126,NA,NA,FALSE,TRUE,0,NA,FALSE
270,0.02756,0.9,0.586469,0.586469,0.203039,0.203039,NA,NA,FALSE,TRUE,0,NA,FALSE
270,0.02756,0.9,0.020329,0.020329,0.153301,0.153301,0.351564,0.351564,TRUE,FALSE,0,0,FALSE
270,0.02756,0.9,0.570602,0.570602,0.623895,0.623895,NA,NA,FALSE,FALSE,0,NA,FALSE
270,0.02756,0.9,0.933355,0.933355,0.20261,0.20261,NA,NA,FALSE,TRUE,0,NA,FALSE
270,0.02756,0.9,0.538779,0.538779,0.00213502,0.00213502,NA,NA,FALSE,TRUE,0,NA,FALSE
270,0.02756,0.9,0.548993,0.548993,6.62391e-06,6.62391e-06,NA,NA,FALSE,TRUE,0,NA,FALSE
270,0.02756,0.9,0.262594,0.262594,0.3062,0.3062,0.0454034,0.0454034,TRUE,FALSE,0,0,FALSE
270,0.02756,0.9,0.292569,0.292569,0.20703,0.20703,0.47222,0.47222,TRUE,FALSE,0,0,FALSE
270,0.02756,0.9,0.44865,0.44865,0.448859,0.448859,NA,NA,TRUE,FALSE,0,NA,FALSE
270,0.02756,0.9,0.325375,0.325375,0.635955,0.635955,NA,NA,FALSE,TRUE,0,NA,FALSE
270,0.02756,0.9,0.663082,0.663082,0.363026,0.363026,NA,NA,FALSE,TRUE,0,NA,FALSE
270,0.02756,0.9,0.386163,0.386163,0.613245,0.613245,NA,NA,FALSE,TRUE,0,NA,FALSE
270,0.02756,0.9,0.582831,0.582831,0.179246,0.179246,NA,NA,FALSE,TRUE,0,NA,FALSE
270,0.02756,0.9,0.615735,0.615735,0.242315,0.242315,NA,NA,FALSE,TRUE,0,NA,FALSE
270,0.02756,0.9,0.296345,0.296345,0.916181,0.916181,NA,NA,FALSE,TRUE,0,NA,FALSE
270,0.02756,0.9,0.987404,0.987404,0.13562,0.13562,NA,NA,FALSE,TRUE,0,NA,FALSE
270,0.02756,0.9,0.103377,0.103377,0.0707043,0.0707043,-0.474973,-0.474973,TRUE,FALSE,0,0,FALSE
270,0.02756,0.9,0.67609,0.67609,0.24968,0.24968,NA,NA,FALSE,TRUE,0,NA,FALSE
270,0.02756,0.9,0.000677153,0.000677153,0.35348,0.35348,0.432363,0.432363,TRUE,FALSE,0,0,FALSE
270,0.02756,0.9,0.134875,0.134875,0.106725,0.106725,-0.968033,-0.968033,TRUE,FALSE,0,0,FALSE
270,0.02756,0.9,0.23001,0.23001,0.330667,0.330667,1,1,TRUE,FALSE,0,0,FALSE
270,0.02756,0.9,0.21125,0.21125,0.622162,0.622162,NA,NA,FALSE,TRUE,0,NA,FALSE
270,0.02756,0.9,0.616791,0.616791,0.103704,0.103704,NA,NA,FALSE,TRUE,0,NA,FALSE
270,0.02756,0.9,0.307129,0.307129,0.07811,0.07811,-1,-1,TRUE,FALSE,0,0,FALSE
270,0.02756,0.9,0.163314,0.163314,0.0387306,0.0387306,0.562538,0.562538,TRUE,FALSE,0,0,FALSE
270,0.02756,0.9,0.862913,0.862913,0.301142,0.301142,NA,NA,FALSE,TRUE,0,NA,FALSE
270,0.02756,0.9,0.658745,0.658745,0.0177288,0.0177288,NA,NA,FALSE,TRUE,0,NA,FALSE
270,0.02756,0.9,0.0354299,0.0354299,0.934363,0.934363,NA,NA,FALSE,TRUE,0,NA,FALSE
270,0.02756,0.9,0.523891,0.523891,0.00465577,0.00465577,NA,NA,FALSE,TRUE,0,NA,FALSE
270,0.02756,0.9,0.260534,0.260534,0.000205033,0.000205033,0.00255133,0.00255133,TRUE,FALSE,0,0,FALSE
270,0.02756,0.9,0.430794,0.430794,0.0191358,0.0191358,-1,-1,TRUE,FALSE,0,0,FALSE
270,0.02756,0.9,0.131529,0.131529,0.0197108,0.0197108,0.466727,0.466727,TRUE,FALSE,0,0,FALSE
270,0.02756,0.9,0.619752,0.619752,0.100669,0.100669,NA,NA,FALSE,TRUE,0,NA,FALSE
270,0.02756,0.9,0.172917,0.172917,0.0631613,0.0631613,0.763392,0.763392,TRUE,FALSE,0,0,FALSE
270,0.02756,0.9,0.0738318,0.0738318,0.642885,0.642885,NA,NA,FALSE,TRUE,0,NA,FALSE
270,0.02756,0.9,0.678545,0.678545,0.140871,0.140871,NA,NA,FALSE,TRUE,0,NA,FALSE
270,0.02756,0.9,0.215258,0.215258,0.755149,0.755149,NA,NA,FALSE,TRUE,0,NA,FALSE
270,0.02756,0.9,0.134226,0.134226,0.0579941,0.0579941,0.449826,0.449826,TRUE,FALSE,0,0,FALSE
270,0.02756,0.9,0.131772,0.131772,0.0898886,0.0898886,-0.117722,-0.117722,TRUE,FALSE,0,0,FALSE
270,0.02756,0.9,0.508162,0.508162,0.887329,0.887329,NA,NA,FALSE,FALSE,0,NA,FALSE
270,0.02756,0.9,0.972025,0.972025,0.442369,0.442369,NA,NA,FALSE,TRUE,0,NA,FALSE
270,0.02756,0.9,0.825645,0.825645,0.266232,0.266232,NA,NA,FALSE,TRUE,0,NA,FALSE
270,0.02756,0.9,0.917417,0.917417,0.101792,0.101792,NA,NA,FALSE,TRUE,0,NA,FALSE
270,0.02756,0.9,0.501445,0.501445,0.911342,0.911342,NA,NA,FALSE,FALSE,0,NA,FALSE
270,0.02756,0.9,0.379851,0.379851,0.071731,0.071731,-0.688864,-0.688864,TRUE,FALSE,0,0,FALSE
270,0.02756,0.9,0.893337,0.893337,0.118599,0.118599,NA,NA,FALSE,TRUE,0,NA,FALSE
270,0.02756,0.9,0.382641,0.382641,0.220134,0.220134,NA,NA,TRUE,FALSE,0,NA,FALSE
270,0.02756,0.9,0.579665,0.579665,0.651646,0.651646,NA,NA,FALSE,FALSE,0,NA,FALSE
270,0.02756,0.9,0.581912,0.581912,0.11335,0.11335,NA,NA,FALSE,TRUE,0,NA,FALSE
270,0.02756,0.9,0.90096,0.90096,0.152544,0.152544,NA,NA,FALSE,TRUE,0,NA,FALSE
270,0.02756,0.9,0.733218,0.733218,0.00514026,0.00514026,NA,NA,FALSE,TRUE,0,NA,FALSE
270,0.02756,0.9,0.577642,0.577642,0.199785,0.199785,NA,NA,FALSE,TRUE,0,NA,FALSE
270,0.02756,0.9,0.792942,0.792942,0.0302509,0.0302509,NA,NA,FALSE,TRUE,0,NA,FALSE
270,0.02756,0.9,0.196075,0.196075,0.0098574,0.0098574,0.673121,0.673121,TRUE,FALSE,0,0,FALSE
270,0.02756,0.9,0.624196,0.624196,0.341034,0.341034,NA,NA,FALSE,TRUE,0,NA,FALSE
270,0.02756,0.9,0.934105,0.934105,0.0933643,0.0933643,NA,NA,FALSE,TRUE,0,NA,FALSE
270,0.02756,0.9,0.827904,0.827904,0.0994397,0.0994397,NA,NA,FALSE,TRUE,0,NA,FALSE
270,0.02756,0.9,0.372417,0.372417,0.00544712,0.00544712,0.642361,0.642361,TRUE,FALSE,0,0,FALSE
270,0.02756,0.9,0.134546,0.134546,0.252256,0.252256,-0.628735,-0.628735,TRUE,FALSE,0,0,FALSE
270,0.02756,0.9,0.391462,0.391462,0.0597988,0.0597988,NA,NA,TRUE,FALSE,0,NA,FALSE
270,0.02756,0.9,0.526955,0.526955,0.117523,0.117523,NA,NA,FALSE,TRUE,0,NA,FALSE
270,0.02756,0.9,0.323077,0.323077,0.0952709,0.0952709,0.478842,0.478842,TRUE,FALSE,0,0,FALSE
270,0.02756,0.9,0.530416,0.530416,0.51351,0.51351,NA,NA,FALSE,FALSE,0,NA,FALSE
270,0.02756,0.9,0.326197,0.326197,0.00590701,0.00590701,0.0458479,0.0458479,TRUE,FALSE,0,0,FALSE
270,0.02756,0.9,0.45461,0.45461,0.569856,0.569856,NA,NA,FALSE,TRUE,0,NA,FALSE
270,0.02756,0.9,0.124046,0.124046,0.820091,0.820091,NA,NA,FALSE,TRUE,0,NA,FALSE
270,0.02756,0.9,0.52665,0.52665,0.0769672,0.0769672,NA,NA,FALSE,TRUE,0,NA,FALSE
270,0.02756,0.9,0.18195,0.18195,0.120046,0.120046,0.183316,0.183316,TRUE,FALSE,0,0,FALSE
270,0.02756,0.9,0.959959,0.959959,0.0731431,0.0731431,NA,NA,FALSE,TRUE,0,NA,FALSE
270,0.02756,0.9,0.875052,0.875052,0.514829,0.514829,NA,NA,FALSE,FALSE,0,NA,FALSE
270,0.02756,0.9,0.239038,0.239038,0.0101363,0.0101363,0.0498615,0.0498615,TRUE,FALSE,0,0,FALSE
270,0.02756,0.9,0.0725881,0.0725881,0.468764,0.468764,0.754287,0.754287,TRUE,FALSE,0,0,FALSE
270,0.02756,0.9,0.964854,0.964854,0.00362006,0.00362006,NA,NA,FALSE,TRUE,0,NA,FALSE
270,0.02756,0.9,0.0149432,0.0149432,0.649681,0.649681,NA,NA,FALSE,TRUE,0,NA,FALSE
270,0.02756,0.9,0.0438049,0.0438049,0.453174,0.453174,NA,NA,TRUE,FALSE,0,NA,FALSE
270,0.02756,0.9,0.760135,0.760135,0.129441,0.129441,NA,NA,FALSE,TRUE,0,NA,FALSE
270,0.02756,0.9,0.809039,0.809039,0.195667,0.195667,NA,NA,FALSE,TRUE,0,NA,FALSE
270,0.02756,0.9,0.600249,0.600249,0.207572,0.207572,NA,NA,FALSE,TRUE,0,NA,FALSE
270,0.02756,0.9,0.0776924,0.0776924,0.0057937,0.0057937,0.780378,0.780378,TRUE,FALSE,0,0,FALSE
270,0.02756,0.9,0.841558,0.841558,0.0458339,0.0458339,NA,NA,FALSE,TRUE,0,NA,FALSE
270,0.02756,0.9,0.216305,0.216305,0.141695,0.141695,-0.192334,-0.192334,TRUE,FALSE,0,0,FALSE
270,0.02756,0.9,0.725561,0.725561,0.532023,0.532023,0.834227,NA,FALSE,FALSE,0,NA,FALSE
270,0.02756,0.9,0.398218,0.398218,0.0215797,0.0215797,0.987958,0.987958,TRUE,FALSE,0,0,FALSE
270,0.02756,0.9,0.0670796,0.0670796,0.333526,0.333526,-0.16367,-0.16367,TRUE,FALSE,0,0,FALSE
270,0.02756,0.9,0.275518,0.275518,0.290742,0.290742,-0.0687315,-0.0687315,TRUE,FALSE,0,0,FALSE
270,0.02756,0.9,0.794683,0.794683,0.0169196,0.0169196,NA,NA,FALSE,TRUE,0,NA,FALSE
270,0.02756,0.9,0.965596,0.965596,0.118244,0.118244,NA,NA,FALSE,TRUE,0,NA,FALSE
270,0.02756,0.9,0.606484,0.606484,0.0102229,0.0102229,NA,NA,FALSE,TRUE,0,NA,FALSE
270,0.02756,0.9,0.454434,0.454434,0.0334551,0.0334551,NA,NA,TRUE,FALSE,0,NA,FALSE
270,0.02756,0.9,0.634786,0.634786,0.797421,0.797421,-0.086298,NA,FALSE,FALSE,0,NA,FALSE
270,0.02756,0.9,0.302865,0.302865,0.143815,0.143815,-0.358483,-0.358483,TRUE,FALSE,0,0,FALSE
270,0.02756,0.9,0.703433,0.703433,0.621457,0.621457,NA,NA,FALSE,FALSE,0,NA,FALSE
270,0.02756,0.9,0.144158,0.144158,0.0100982,0.0100982,1,1,TRUE,FALSE,0,0,FALSE
270,0.02756,0.9,0.401546,0.401546,0.530961,0.530961,NA,NA,FALSE,TRUE,0,NA,FALSE
270,0.02756,0.9,0.629444,0.629444,0.64801,0.64801,NA,NA,FALSE,FALSE,0,NA,FALSE
270,0.02756,0.9,0.930125,0.930125,0.357095,0.357095,NA,NA,FALSE,TRUE,0,NA,FALSE
270,0.02756,0.9,0.13488,0.13488,0.563072,0.563072,NA,NA,FALSE,TRUE,0,NA,FALSE
270,0.02756,0.9,0.428605,0.428605,0.475851,0.475851,NA,NA,TRUE,FALSE,0,NA,FALSE
270,0.02756,0.9,0.27333,0.27333,0.136783,0.136783,0.00371741,0.00371741,TRUE,FALSE,0,0,FALSE
270,0.02756,0.9,0.603506,0.603506,0.260831,0.260831,NA,NA,FALSE,TRUE,0,NA,FALSE
270,0.02756,0.9,0.383931,0.383931,0.0226041,0.0226041,NA,NA,TRUE,FALSE,0,NA,FALSE
270,0.02756,0.9,0.784066,0.784066,0.452385,0.452385,NA,NA,FALSE,TRUE,0,NA,FALSE
270,0.02756,0.9,0.7311,0.7311,0.00351228,0.00351228,NA,NA,FALSE,TRUE,0,NA,FALSE
270,0.02756,0.9,0.419199,0.419199,0.476887,0.476887,NA,NA,TRUE,FALSE,0,NA,FALSE
500,0.2,-0.8,0.174353,0.174353,0.972946,0.972946,NA,NA,FALSE,TRUE,0,NA,FALSE
500,0.2,-0.8,0.713372,0.713372,0.675381,0.675381,0.0880503,NA,FALSE,FALSE,0,NA,FALSE
500,0.2,-0.8,0.668394,0.668394,0.22196,0.22196,NA,NA,FALSE,TRUE,0,NA,FALSE
500,0.2,-0.8,0.0570576,0.0570576,0.0815793,0.0815793,0.0383541,0.0383541,TRUE,FALSE,0,0,FALSE
500,0.2,-0.8,0.119069,0.119069,0.00999946,0.00999946,-0.404484,-0.404484,TRUE,FALSE,0,0,FALSE
500,0.2,-0.8,0.080323,0.080323,0.00242209,0.00242209,-0.256978,-0.256978,TRUE,FALSE,0,0,FALSE
500,0.2,-0.8,0.06497,0.06497,0.99247,0.99247,NA,NA,FALSE,TRUE,0,NA,FALSE
500,0.2,-0.8,0.227124,0.227124,0.191285,0.191285,-0.930758,-0.930758,TRUE,FALSE,0,0,FALSE
500,0.2,-0.8,0.0787143,0.0787143,0.59072,0.59072,NA,NA,FALSE,TRUE,0,NA,FALSE
500,0.2,-0.8,0.181268,0.181268,0.280651,0.280651,NA,NA,TRUE,FALSE,0,NA,FALSE
500,0.2,-0.8,0.0913313,0.0913313,0.459333,0.459333,NA,NA,TRUE,FALSE,0,NA,FALSE
500,0.2,-0.8,0.0377968,0.0377968,0.0741222,0.0741222,-0.977064,-0.977064,TRUE,FALSE,0,0,FALSE
500,0.2,-0.8,0.297465,0.297465,0.0893701,0.0893701,-0.209987,-0.209987,TRUE,FALSE,0,0,FALSE
500,0.2,-0.8,0.166293,0.166293,0.424371,0.424371,0.903176,0.903176,TRUE,FALSE,0,0,FALSE
500,0.2,-0.8,0.0716743,0.0716743,0.000393579,0.000393579,-0.496934,-0.496934,TRUE,FALSE,0,0,FALSE
500,0.2,-0.8,0.216339,0.216339,0.405545,0.405545,NA,NA,TRUE,FALSE,0,NA,FALSE
500,0.2,-0.8,0.45988,0.45988,0.78684,0.78684,NA,NA,FALSE,TRUE,0,NA,FALSE
500,0.2,-0.8,0.304668,0.304668,0.366239,0.366239,NA,NA,TRUE,FALSE,0,NA,FALSE
500,0.2,-0.8,0.600483,0.600483,0.143017,0.143017,NA,NA,FALSE,TRUE,0,NA,FALSE
500,0.2,-0.8,0.00790193,0.00790193,0.0978689,0.0978689,-0.324958,-0.324958,TRUE,FALSE,0,0,FALSE
500,0.2,-0.8,0.147074,0.147074,0.154535,0.154535,0.202557,0.202557,TRUE,FALSE,0,0,FALSE
500,0.2,-0.8,0.15954,0.15954,0.145521,0.145521,-0.377529,-0.377529,TRUE,FALSE,0,0,FALSE
500,0.2,-0.8,0.0509689,0.0509689,0.056114,0.056114,-0.856381,-0.856381,TRUE,FALSE,0,0,FALSE
500,0.2,-0.8,0.484477,0.484477,0.0521441,0.0521441,NA,NA,TRUE,FALSE,0,NA,FALSE
500,0.2,-0.8,0.427448,0.427448,0.830301,0.830301,NA,NA,FALSE,TRUE,0,NA,FALSE
500,0.2,-0.8,0.0196642,0.0196642,0.000366982,0.000366982,0.216039,0.216039,TRUE,FALSE,0,0,TRUE
500,0.2,-0.8,0.197672,0.197672,0.147675,0.147675,-0.856189,-0.856189,TRUE,FALSE,0,0,FALSE
500,0.2,-0.8,0.191638,0.191638,0.112171,0.112171,-0.814828,-0.814828,TRUE,FALSE,0,0,FALSE
500,0.2,-0.8,0.140304,0.140304,0.581988,0.581988,NA,NA,FALSE,TRUE,0,NA,FALSE
500,0.2,-0.8,0.766587,0.766587,0.0797745,0.0797745,NA,NA,FALSE,TRUE,0,NA,FALSE
500,0.2,-0.8,0.0645227,0.0645227,0.551985,0.551985,NA,NA,FALSE,TRUE,0,NA,FALSE
500,0.2,-0.8,0.351114,0.351114,0.0838477,0.0838477,1,1,TRUE,FALSE,0,0,FALSE
500,0.2,-0.8,0.285877,0.285877,0.128476,0.128476,NA,NA,TRUE,FALSE,0,NA,FALSE
500,0.2,-0.8,0.149428,0.149428,0.086028,0.086028,-0.626764,-0.626764,TRUE,FALSE,0,0,FALSE
500,0.2,-0.8,0.311871,0.311871,0.2719,0.2719,-1,-1,TRUE,FALSE,0,0,FALSE
500,0.2,-0.8,0.599102,0.599102,0.109532,0.109532,NA,NA,FALSE,TRUE,0,NA,FALSE
500,0.2,-0.8,0.187831,0.187831,0.591076,0.591076,NA,NA,FALSE,TRUE,0,NA,FALSE
500,0.2,-0.8,0.334412,0.334412,0.72854,0.72854,NA,NA,FALSE,TRUE,0,NA,FALSE
500,0.2,-0.8,0.82684,0.82684,0.437963,0.437963,NA,NA,FALSE,TRUE,0,NA,FALSE
500,0.2,-0.8,0.0374518,0.0374518,0.139115,0.139115,-1,-1,TRUE,FALSE,0,0,FALSE
500,0.2,-0.8,0.0651684,0.0651684,0.350629,0.350629,-0.0419462,-0.0419462,TRUE,FALSE,0,0,FALSE
500,0.2,-0.8,0.162629,0.162629,0.107488,0.107488,-0.763766,-0.763766,TRUE,FALSE,0,0,FALSE
500,0.2,-0.8,0.382836,0.382836,0.318986,0.318986,NA,NA,TRUE,FALSE,0,NA,FALSE
500,0.2,-0.8,0.643007,0.643007,0.236694,0.236694,NA,NA,FALSE,TRUE,0,NA,FALSE
500,0.2,-0.8,0.782019,0.782019,0.203873,0.203873,NA,NA,FALSE,TRUE,0,NA,FALSE
500,0.2,-0.8,0.117753,0.117753,0.411159,0.411159,-1,-1,TRUE,FALSE,0,0,FALSE
500,0.2,-0.8,0.304807,0.304807,0.00637336,0.00637336,0.149863,0.149863,TRUE,FALSE,0,0,FALSE
500,0.2,-0.8,0.356315,0.356315,0.412424,0.412424,NA,NA,TRUE,FALSE,0,NA,FALSE
500,0.2,-0.8,0.168168,0.168168,0.228552,0.228552,NA,NA,TRUE,FALSE,0,NA,FALSE
500,0.2,-0.8,0.1769,0.1769,0.0570551,0.0570551,-0.696197,-0.696197,TRUE,FALSE,0,0,FALSE
500,0.2,-0.8,0.555454,0.555454,0.0371777,0.0371777,NA,NA,FALSE,TRUE,0,NA,FALSE
500,0.2,-0.8,0.00535042,0.00535042,0.268064,0.268064,-0.694181,-0.694181,TRUE,FALSE,0,0,FALSE
500,0.2,-0.8,0.88624,0.88624,0.0844903,0.0844903,NA,NA,FALSE,TRUE,0,NA,FALSE
500,0.2,-0.8,0.213169,0.213169,0.162024,0.162024,-1,-1,TRUE,FALSE,0,0,FALSE
500,0.2,-0.8,0.172483,0.172483,0.122294,0.122294,-0.253749,-0.253749,TRUE,FALSE,0,0,FALSE
500,0.2,-0.8,0.431496,0.431496,0.428664,0.428664,NA,NA,TRUE,FALSE,0,NA,FALSE
500,0.2,-0.8,0.123192,0.123192,0.00111712,0.00111712,-0.273293,-0.273293,TRUE,FALSE,0,0,FALSE
500,0.2,-0.8,0.242126,0.242126,0.0315313,0.0315313,NA,NA,TRUE,FALSE,0,NA,FALSE
500,0.2,-0.8,0.383418,0.383418,0.581647,0.581647,NA,NA,FALSE,TRUE,0,NA,FALSE
500,0.2,-0.8,0.118524,0.118524,0.405626,0.405626,0.442207,0.442207,TRUE,FALSE,0,0,FALSE
500,0.2,-0.8,0.425379,0.425379,0.0247601,0.0247601,-0.674903,-0.674903,TRUE,FALSE,0,0,FALSE
500,0.2,-0.8,0.87246,0.87246,0.0853579,0.0853579,NA,NA,FALSE,TRUE,0,NA,FALSE
500,0.2,-0.8,0.221814,0.221814,0.117174,0.117174,-0.424438,-0.424438,TRUE,FALSE,0,0,FALSE
500,0.2,-0.8,0.697079,0.697079,0.0396083,0.0396083,NA,NA,FALSE,TRUE,0,NA,FALSE
500,0.2,-0.8,0.0672236,0.0672236,0.447692,0.447692,0.126802,0.126802,TRUE,FALSE,0,0,FALSE
500,0.2,-0.8,0.0932546,0.0932546,0.162086,0.162086,NA,NA,TRUE,FALSE,0,NA,FALSE
500,0.2,-0.8,0.00970311,0.00970311,0.373744,0.373744,-0.671959,-0.671959,TRUE,FALSE,0,0,FALSE
500,0.2,-0.8,0.395265,0.395265,0.00461042,0.00461042,NA,NA,TRUE,FALSE,0,NA,FALSE
500,0.2,-0.8,0.0343296,0.0343296,0.23689,0.23689,-1,-1,TRUE,FALSE,0,0,FALSE
500,0.2,-0.8,0.877065,0.877065,0.373921,0.373921,NA,NA,FALSE,TRUE,0,NA,FALSE
500,0.2,-0.8,0.45576,0.45576,0.923827,0.923827,NA,NA,FALSE,TRUE,0,NA,FALSE
500,0.2,-0.8,0.656645,0.656645,0.7055,0.7055,NA,NA,FALSE,FALSE,0,NA,FALSE
500,0.2,-0.8,0.0488187,0.0488187,0.0370284,0.0370284,-0.796272,-0.796272,TRUE,FALSE,0,0,TRUE
500,0.2,-0.8,0.119535,0.119535,0.782211,0.782211,NA,NA,FALSE,TRUE,0,NA,FALSE
500,0.2,-0.8,0.419091,0.419091,0.505918,0.505918,NA,NA,FALSE,TRUE,0,NA,FALSE
500,0.2,-0.8,0.896445,0.896445,0.0132613,0.0132613,NA,NA,FALSE,TRUE,0,NA,FALSE
500,0.2,-0.8,0.0204584,0.0204584,0.119595,0.119595,-0.637604,-0.637604,TRUE,FALSE,0,0,FALSE
500,0.2,-0.8,0.697315,0.697315,0.0897381,0.0897381,NA,NA,FALSE,TRUE,0,NA,FALSE
500,0.2,-0.8,0.0820766,0.0820766,0.0865203,0.0865203,NA,NA,TRUE,FALSE,0,NA,FALSE
500,0.2,-0.8,0.0149491,0.0149491,0.346731,0.346731,-0.166205,-0.166205,TRUE,FALSE,0,0,FALSE
500,0.2,-0.8,0.255587,0.255587,0.0372228,0.0372228,0.132012,0.132012,TRUE,FALSE,0,0,FALSE
500,0.2,-0.8,0.32933,0.32933,0.30459,0.30459,NA,NA,TRUE,FALSE,0,NA,FALSE
500,0.2,-0.8,0.0745823,0.0745823,0.0631873,0.0631873,-0.283384,-0.283384,TRUE,FALSE,0,0,FALSE
500,0.2,-0.8,0.209245,0.209245,0.347969,0.347969,NA,NA,TRUE,FALSE,0,NA,FALSE
500,0.2,-0.8,0.10482,0.10482,0.152872,0.152872,0.530402,0.530402,TRUE,FALSE,0,0,FALSE
500,0.2,-0.8,0.700964,0.700964,0.0822451,0.0822451,NA,NA,FALSE,TRUE,0,NA,FALSE
500,0.2,-0.8,0.702155,0.702155,0.157141,0.157141,NA,NA,FALSE,TRUE,0,NA,FALSE
500,0.2,-0.8,0.700261,0.700261,0.237282,0.237282,NA,NA,FALSE,TRUE,0,NA,FALSE
500,0.2,-0.8,0.038986,0.038986,0.146834,0.146834,-1,-1,TRUE,FALSE,0,0,FALSE
500,0.2,-0.8,0.0401583,0.0401583,0.152682,0.152682,0.0687319,0.0687319,TRUE,FALSE,0,0,FALSE
500,0.2,-0.8,0.137468,0.137468,0.573539,0.573539,NA,NA,FALSE,TRUE,0,NA,FALSE
500,0.2,-0.8,0.176773,0.176773,0.0111189,0.0111189,-0.895921,-0.895921,TRUE,FALSE,0,0,FALSE
500,0.2,-0.8,0.0339786,0.0339786,0.240665,0.240665,-0.867812,-0.867812,TRUE,FALSE,0,0,FALSE
500,0.2,-0.8,0.648455,0.648455,0.42715,0.42715,NA,NA,FALSE,TRUE,0,NA,FALSE
500,0.2,-0.8,0.171896,0.171896,0.0551611,0.0551611,-0.311749,-0.311749,TRUE,FALSE,0,0,FALSE
500,0.2,-0.8,0.225729,0.225729,0.846751,0.846751,NA,NA,FALSE,TRUE,0,NA,FALSE
500,0.2,-0.8,0.116896,0.116896,0.197542,0.197542,NA,NA,TRUE,FALSE,0,NA,FALSE
500,0.2,-0.8,0.0241136,0.0241136,0.743063,0.743063,NA,NA,FALSE,TRUE,0,NA,FALSE
500,0.2,-0.8,0.216265,0.216265,0.335166,0.335166,NA,NA,TRUE,FALSE,0,NA,FALSE
500,0.2,-0.8,0.131434,0.131434,0.0768115,0.0768115,-0.430686,-0.430686,TRUE,FALSE,0,0,FALSE
500,0.2,-0.8,0.616084,0.616084,0.224608,0.224608,NA,NA,FALSE,TRUE,0,NA,FALSE
500,0.2,-0.8,0.0172068,0.0172068,0.0242252,0.0242252,0.0704728,0.0704728,TRUE,FALSE,0,0,TRUE
500,0.2,-0.8,0.00580611,0.00580611,0.139918,0.139918,-0.136705,-0.136705,TRUE,FALSE,0,0,FALSE
500,0.2,-0.8,0.590083,0.590083,0.00684746,0.00684746,NA,NA,FALSE,TRUE,0,NA,FALSE
500,0.2,-0.8,0.101543,0.101543,0.290002,0.290002,-0.496861,-0.496861,TRUE,FALSE,0,0,FALSE
500,0.2,-0.8,0.168492,0.168492,0.0425918,0.0425918,-0.878784,-0.878784,TRUE,FALSE,0,0,FALSE
500,0.2,-0.8,0.0249859,0.0249859,0.0096618,0.0096618,-0.595137,-0.595137,TRUE,FALSE,0,0,TRUE
500,0.2,-0.8,0.702548,0.702548,0.665243,0.665243,NA,NA,FALSE,FALSE,0,NA,FALSE
500,0.2,-0.8,0.01169,0.01169,0.0370887,0.0370887,0.274369,0.274369,TRUE,FALSE,0,0,TRUE
500,0.2,-0.8,0.0121149,0.0121149,0.189486,0.189486,0.0252208,0.0252208,TRUE,FALSE,0,0,FALSE
500,0.2,-0.8,0.747731,0.747731,0.56952,0.56952,NA,NA,FALSE,FALSE,0,NA,FALSE
500,0.2,-0.8,0.691653,0.691653,0.0127176,0.0127176,NA,NA,FALSE,TRUE,0,NA,FALSE
500,0.2,-0.8,0.0706846,0.0706846,0.897081,0.897081,NA,NA,FALSE,TRUE,0,NA,FALSE
500,0.2,-0.8,0.0838369,0.0838369,0.0285647,0.0285647,-0.330248,-0.330248,TRUE,FALSE,0,0,FALSE
500,0.2,-0.8,0.209279,0.209279,0.698365,0.698365,NA,NA,FALSE,TRUE,0,NA,FALSE
500,0.2,-0.8,0.207446,0.207446,0.523127,0.523127,NA,NA,FALSE,TRUE,0,NA,FALSE
500,0.2,-0.8,0.0980856,0.0980856,0.540628,0.540628,NA,NA,FALSE,TRUE,0,NA,FALSE
500,0.2,-0.8,0.311387,0.311387,0.624154,0.624154,NA,NA,FALSE,TRUE,0,NA,FALSE
500,0.2,-0.8,0.350068,0.350068,0.70605,0.70605,NA,NA,FALSE,TRUE,0,NA,FALSE
500,0.2,-0.8,0.476178,0.476178,0.2322,0.2322,NA,NA,TRUE,FALSE,0,NA,FALSE
500,0.2,-0.8,0.830444,0.830444,0.450504,0.450504,NA,NA,FALSE,TRUE,0,NA,FALSE
500,0.2,-0.8,0.0145646,0.0145646,0.571287,0.571287,NA,NA,FALSE,TRUE,0,NA,FALSE
500,0.2,-0.8,0.829443,0.829443,0.0649121,0.0649121,NA,NA,FALSE,TRUE,0,NA,FALSE
500,0.2,-0.8,0.460431,0.460431,0.221219,0.221219,NA,NA,TRUE,FALSE,0,NA,FALSE
500,0.2,-0.8,0.683052,0.683052,0.00369866,0.00369866,NA,NA,FALSE,TRUE,0,NA,FALSE
500,0.2,-0.8,0.327958,0.327958,0.0520801,0.0520801,-0.139852,-0.139852,TRUE,FALSE,0,0,FALSE
500,0.2,-0.8,0.149838,0.149838,0.158799,0.158799,-0.044904,-0.044904,TRUE,FALSE,0,0,FALSE
500,0.2,-0.8,0.249241,0.249241,0.268093,0.268093,NA,NA,TRUE,FALSE,0,NA,FALSE
500,0.2,-0.8,0.309093,0.309093,0.207683,0.207683,0.0290033,0.0290033,TRUE,FALSE,0,0,FALSE
500,0.2,-0.8,0.571818,0.571818,0.255094,0.255094,NA,NA,FALSE,TRUE,0,NA,FALSE
500,0.2,-0.8,0.41864,0.41864,0.543332,0.543332,NA,NA,FALSE,TRUE,0,NA,FALSE
500,0.2,-0.8,0.6642,0.6642,0.243848,0.243848,NA,NA,FALSE,TRUE,0,NA,FALSE
500,0.2,-0.8,0.582555,0.582555,0.137391,0.137391,NA,NA,FALSE,TRUE,0,NA,FALSE
500,0.2,-0.8,0.375989,0.375989,0.461204,0.461204,NA,NA,TRUE,FALSE,0,NA,FALSE
500,0.2,-0.8,0.495666,0.495666,0.11693,0.11693,NA,NA,FALSE,TRUE,0,NA,FALSE
500,0.2,-0.8,0.229164,0.229164,0.103782,0.103782,-0.0187166,-0.0187166,TRUE,FALSE,0,0,FALSE
500,0.2,-0.8,0.00520511,0.00520511,0.0999355,0.0999355,-0.0822565,-0.0822565,TRUE,FALSE,0,0,FALSE
500,0.2,-0.8,0.029167,0.029167,0.025087,0.025087,-0.238882,-0.238882,TRUE,FALSE,0,0,TRUE
500,0.2,-0.8,0.0485577,0.0485577,0.0263017,0.0263017,0.174239,0.174239,TRUE,FALSE,0,0,TRUE
500,0.2,-0.8,0.935238,0.935238,0.735138,0.735138,0.811197,NA,FALSE,FALSE,0,NA,FALSE
500,0.2,-0.8,0.423232,0.423232,0.20496,0.20496,NA,NA,TRUE,FALSE,0,NA,FALSE
500,0.2,-0.8,0.0113239,0.0113239,0.186277,0.186277,-0.344022,-0.344022,TRUE,FALSE,0,0,FALSE
500,0.2,-0.8,0.0771728,0.0771728,0.763783,0.763783,NA,NA,FALSE,TRUE,0,NA,FALSE
500,0.2,-0.8,0.284989,0.284989,0.168091,0.168091,0.438704,0.438704,TRUE,FALSE,0,0,FALSE
500,0.2,-0.8,0.237913,0.237913,0.0953701,0.0953701,-1,-1,TRUE,FALSE,0,0,FALSE
500,0.2,-0.8,0.46482,0.46482,0.154057,0.154057,NA,NA,TRUE,FALSE,0,NA,FALSE
500,0.2,-0.8,0.234056,0.234056,0.561143,0.561143,NA,NA,FALSE,TRUE,0,NA,FALSE
500,0.2,-0.8,0.481372,0.481372,0.790199,0.790199,NA,NA,FALSE,TRUE,0,NA,FALSE
500,0.2,-0.8,0.623981,0.623981,0.103933,0.103933,NA,NA,FALSE,TRUE,0,NA,FALSE
500,0.2,-0.8,0.402451,0.402451,0.10909,0.10909,NA,NA,TRUE,FALSE,0,NA,FALSE
500,0.2,-0.8,0.134359,0.134359,0.332608,0.332608,-0.629386,-0.629386,TRUE,FALSE,0,0,FALSE
500,0.2,-0.8,0.682469,0.682469,0.451689,0.451689,NA,NA,FALSE,TRUE,0,NA,FALSE
500,0.2,-0.8,0.0106163,0.0106163,0.0104989,0.0104989,0.0471766,0.0471766,TRUE,FALSE,0,0,TRUE
500,0.2,-0.8,0.129275,0.129275,0.350743,0.350743,NA,NA,TRUE,FALSE,0,NA,FALSE
500,0.2,-0.8,0.70207,0.70207,0.00418246,0.00418246,NA,NA,FALSE,TRUE,0,NA,FALSE
500,0.2,-0.8,0.692829,0.692829,0.362655,0.362655,NA,NA,FALSE,TRUE,0,NA,FALSE
500,0.2,-0.8,0.105456,0.105456,0.886867,0.886867,NA,NA,FALSE,TRUE,0,NA,FALSE
500,0.2,-0.8,0.0217123,0.0217123,0.154532,0.154532,-0.446875,-0.446875,TRUE,FALSE,0,0,FALSE
500,0.2,-0.8,0.00194635,0.00194635,0.307293,0.307293,0.0964623,0.0964623,TRUE,FALSE,0,0,FALSE
500,0.2,-0.8,0.343489,0.343489,0.344396,0.344396,-0.0205475,-0.0205475,TRUE,FALSE,0,0,FALSE
500,0.2,-0.8,0.0813412,0.0813412,0.587274,0.587274,NA,NA,FALSE,TRUE,0,NA,FALSE
500,0.2,-0.8,0.0816823,0.0816823,0.953727,0.953727,NA,NA,FALSE,TRUE,0,NA,FALSE
500,0.2,-0.8,0.764921,0.764921,0.343592,0.343592,NA,NA,FALSE,TRUE,0,NA,FALSE
500,0.2,-0.8,0.115958,0.115958,0.0778103,0.0778103,0.385739,0.385739,TRUE,FALSE,0,0,FALSE
500,0.2,-0.8,0.837211,0.837211,0.109105,0.109105,NA,NA,FALSE,TRUE,0,NA,FALSE
500,0.2,-0.8,0.62006,0.62006,0.00319772,0.00319772,NA,NA,FALSE,TRUE,0,NA,FALSE
500,0.2,-0.8,0.422071,0.422071,0.10245,0.10245,NA,NA,TRUE,FALSE,0,NA,FALSE
500,0.2,-0.8,0.00857792,0.00857792,0.404454,0.404454,NA,NA,TRUE,FALSE,0,NA,FALSE
500,0.2,-0.8,0.356508,0.356508,0.559211,0.559211,NA,NA,FALSE,TRUE,0,NA,FALSE
500,0.2,-0.8,0.0401118,0.0401118,0.0882531,0.0882531,-0.413911,-0.413911,TRUE,FALSE,0,0,FALSE
500,0.2,-0.8,0.119224,0.119224,0.386989,0.386989,-1,-1,TRUE,FALSE,0,0,FALSE
500,0.2,-0.8,0.469397,0.469397,0.426911,0.426911,NA,NA,TRUE,FALSE,0,NA,FALSE
500,0.2,-0.8,0.276869,0.276869,0.0533986,0.0533986,-0.407973,-0.407973,TRUE,FALSE,0,0,FALSE
500,0.2,-0.8,0.0762105,0.0762105,0.186642,0.186642,-1,-1,TRUE,FALSE,0,0,FALSE
500,0.2,-0.8,0.00273359,0.00273359,0.00532498,0.00532498,0.0303263,0.0303263,TRUE,FALSE,0,0,TRUE
500,0.2,-0.8,0.868689,0.868689,0.64596,0.64596,NA,NA,FALSE,FALSE,0,NA,FALSE
500,0.2,-0.8,0.200156,0.200156,0.652126,0.652126,NA,NA,FALSE,TRUE,0,NA,FALSE
500,0.2,-0.8,0.000122676,0.000122676,0.172215,0.172215,-0.921569,-0.921569,TRUE,FALSE,0,0,FALSE
500,0.2,-0.8,0.0188293,0.0188293,0.367274,0.367274,0.628294,0.628294,TRUE,FALSE,0,0,FALSE
500,0.2,-0.8,0.294949,0.294949,0.498356,0.498356,NA,NA,FALSE,TRUE,0,NA,FALSE
500,0.2,-0.8,0.629647,0.629647,0.184281,0.184281,NA,NA,FALSE,TRUE,0,NA,FALSE
500,0.2,-0.8,0.117396,0.117396,0.0488586,0.0488586,0.198215,0.198215,TRUE,FALSE,0,0,FALSE
500,0.2,-0.8,0.651414,0.651414,0.419973,0.419973,NA,NA,FALSE,TRUE,0,NA,FALSE
500,0.2,-0.8,0.112944,0.112944,0.89734,0.89734,NA,NA,FALSE,TRUE,0,NA,FALSE
500,0.2,-0.8,0.00913304,0.00913304,0.45861,0.45861,-0.854573,-0.854573,TRUE,FALSE,0,0,FALSE
500,0.2,-0.8,0.355249,0.355249,0.0209092,0.0209092,-1,-1,TRUE,FALSE,0,0,FALSE
500,0.2,-0.8,0.00872876,0.00872876,0.0251659,0.0251659,-0.68461,-0.68461,TRUE,FALSE,0,0,TRUE
500,0.2,-0.8,0.446917,0.446917,0.637384,0.637384,NA,NA,FALSE,TRUE,0,NA,FALSE
500,0.2,-0.8,0.510454,0.510454,0.629541,0.629541,NA,NA,FALSE,FALSE,0,NA,FALSE
500,0.2,-0.8,0.10283,0.10283,0.374266,0.374266,-0.768946,-0.768946,TRUE,FALSE,0,0,FALSE
500,0.2,-0.8,0.234258,0.234258,0.0818944,0.0818944,NA,NA,TRUE,FALSE,0,NA,FALSE
500,0.2,-0.8,0.28081,0.28081,0.0173906,0.0173906,-0.52531,-0.52531,TRUE,FALSE,0,0,FALSE
500,0.2,-0.8,0.628511,0.628511,0.181526,0.181526,NA,NA,FALSE,TRUE,0,NA,FALSE
500,0.2,-0.8,0.35462,0.35462,0.385076,0.385076,NA,NA,TRUE,FALSE,0,NA,FALSE
500,0.2,-0.8,0.0716158,0.0716158,0.0891665,0.0891665,NA,NA,TRUE,FALSE,0,NA,FALSE
500,0.2,-0.8,0.0159604,0.0159604,0.455204,0.455204,0.770816,0.770816,TRUE,FALSE,0,0,FALSE
500,0.2,-0.8,0.00571299,0.00571299,0.178115,0.178115,-0.586522,-0.586522,TRUE,FALSE,0,0,FALSE
500,0.2,-0.8,0.360598,0.360598,0.367644,0.367644,-1,-1,TRUE,FALSE,0,0,FALSE
500,0.2,-0.8,0.128628,0.128628,0.0927346,0.0927346,0.00296791,0.00296791,TRUE,FALSE,0,0,FALSE
500,0.2,-0.8,0.612566,0.612566,0.535152,0.535152,NA,NA,FALSE,FALSE,0,NA,FALSE
500,0.2,-0.3,0.40949,0.40949,0.732437,0.732437,NA,NA,FALSE,TRUE,0,NA,FALSE
500,0.2,-0.3,0.618683,0.618683,0.171366,0.171366,NA,NA,FALSE,TRUE,0,NA,FALSE
500,0.2,-0.3,0.139336,0.139336,0.00101404,0.00101404,0.121929,0.121929,TRUE,FALSE,0,0,FALSE
500,0.2,-0.3,0.783901,0.783901,0.017718,0.017718,NA,NA,FALSE,TRUE,0,NA,FALSE
500,0.2,-0.3,0.742084,0.742084,0.780192,0.780192,-0.194584,NA,FALSE,FALSE,0,NA,FALSE
500,0.2,-0.3,0.24366,0.24366,0.263772,0.263772,NA,NA,TRUE,FALSE,0,NA,FALSE
500,0.2,-0.3,0.85545,0.85545,0.233901,0.233901,NA,NA,FALSE,TRUE,0,NA,FALSE
500,0.2,-0.3,0.945919,0.945919,0.3301,0.3301,NA,NA,FALSE,TRUE,0,NA,FALSE
500,0.2,-0.3,0.318036,0.318036,0.606177,0.606177,NA,NA,FALSE,TRUE,0,NA,FALSE
500,0.2,-0.3,0.0127192,0.0127192,0.272015,0.272015,NA,NA,TRUE,FALSE,0,NA,FALSE
500,0.2,-0.3,0.204705,0.204705,0.329828,0.329828,0.519762,0.519762,TRUE,FALSE,0,0,FALSE
500,0.2,-0.3,0.542506,0.542506,0.424194,0.424194,NA,NA,FALSE,TRUE,0,NA,FALSE
500,0.2,-0.3,0.0665698,0.0665698,0.0599361,0.0599361,-0.471904,-0.471904,TRUE,FALSE,0,0,FALSE
500,0.2,-0.3,0.00291924,0.00291924,0.905037,0.905037,NA,NA,FALSE,TRUE,0,NA,FALSE
500,0.2,-0.3,0.280585,0.280585,0.0692009,0.0692009,-0.366695,-0.366695,TRUE,FALSE,0,0,FALSE
500,0.2,-0.3,0.0647742,0.0647742,0.664475,0.664475,NA,NA,FALSE,TRUE,0,NA,FALSE
500,0.2,-0.3,0.490608,0.490608,0.715944,0.715944,NA,NA,FALSE,TRUE,0,NA,FALSE
500,0.2,-0.3,0.170098,0.170098,0.402702,0.402702,-1,-1,TRUE,FALSE,0,0,FALSE
500,0.2,-0.3,0.386107,0.386107,0.00998958,0.00998958,-0.901141,-0.901141,TRUE,FALSE,0,0,FALSE
500,0.2,-0.3,0.133095,0.133095,0.255464,0.255464,0.0344321,0.0344321,TRUE,FALSE,0,0,FALSE
500,0.2,-0.3,0.314706,0.314706,0.617811,0.617811,NA,NA,FALSE,TRUE,0,NA,FALSE
500,0.2,-0.3,0.717807,0.717807,0.0103485,0.0103485,NA,NA,FALSE,TRUE,0,NA,FALSE
500,0.2,-0.3,0.0168875,0.0168875,0.414605,0.414605,0.304199,0.304199,TRUE,FALSE,0,0,FALSE
500,0.2,-0.3,2.0307e-05,2.0307e-05,0.0239032,0.0239032,0.508937,0.508937,TRUE,FALSE,0,0,TRUE
500,0.2,-0.3,0.0398029,0.0398029,0.568675,0.568675,NA,NA,FALSE,TRUE,0,NA,FALSE
500,0.2,-0.3,0.466749,0.466749,0.264468,0.264468,0.849367,0.849367,TRUE,FALSE,0,0,FALSE
500,0.2,-0.3,0.0744724,0.0744724,0.0454017,0.0454017,-0.620979,-0.620979,TRUE,FALSE,0,0,FALSE
500,0.2,-0.3,0.0630931,0.0630931,0.0221367,0.0221367,0.306611,0.306611,TRUE,FALSE,0,0,FALSE
500,0.2,-0.3,0.0326069,0.0326069,0.088261,0.088261,0.733288,0.733288,TRUE,FALSE,0,0,FALSE
500,0.2,-0.3,0.504969,0.504969,0.579013,0.579013,NA,NA,FALSE,FALSE,0,NA,FALSE
500,0.2,-0.3,0.0758837,0.0758837,0.893478,0.893478,NA,NA,FALSE,TRUE,0,NA,FALSE
500,0.2,-0.3,0.14282,0.14282,0.348543,0.348543,0.0738444,0.0738444,TRUE,FALSE,0,0,FALSE
500,0.2,-0.3,0.166302,0.166302,0.278256,0.278256,0.580764,0.580764,TRUE,FALSE,0,0,FALSE
500,0.2,-0.3,0.144787,0.144787,0.286234,0.286234,-0.231164,-0.231164,TRUE,FALSE,0,0,FALSE
500,0.2,-0.3,0.163371,0.163371,0.686427,0.686427,NA,NA,FALSE,TRUE,0,NA,FALSE
500,0.2,-0.3,0.0473733,0.0473733,0.839583,0.839583,NA,NA,FALSE,TRUE,0,NA,FALSE
500,0.2,-0.3,0.0494075,0.0494075,0.0647651,0.0647651,0.379468,0.379468,TRUE,FALSE,0,0,FALSE
500,0.2,-0.3,0.702115,0.702115,0.343185,0.343185,NA,NA,FALSE,TRUE,0,NA,FALSE
500,0.2,-0.3,0.300876,0.300876,0.102181,0.102181,-0.836557,-0.836557,TRUE,FALSE,0,0,FALSE
500,0.2,-0.3,0.605954,0.605954,0.124893,0.124893,NA,NA,FALSE,TRUE,0,NA,FALSE
500,0.2,-0.3,0.698427,0.698427,0.108224,0.108224,NA,NA,FALSE,TRUE,0,NA,FALSE
500,0.2,-0.3,0.821035,0.821035,0.122679,0.122679,NA,NA,FALSE,TRUE,0,NA,FALSE
500,0.2,-0.3,0.00115021,0.00115021,0.202259,0.202259,0.306781,0.306781,TRUE,FALSE,0,0,FALSE
500,0.2,-0.3,0.559846,0.559846,0.532179,0.532179,NA,NA,FALSE,FALSE,0,NA,FALSE
500,0.2,-0.3,0.400705,0.400705,0.0167576,0.0167576,0.564352,0.564352,TRUE,FALSE,0,0,FALSE
500,0.2,-0.3,0.0702503,0.0702503,0.894908,0.894908,NA,NA,FALSE,TRUE,0,NA,FALSE
500,0.2,-0.3,0.0059438,0.0059438,0.172884,0.172884,-0.301216,-0.301216,TRUE,FALSE,0,0,FALSE
500,0.2,-0.3,0.313226,0.313226,0.0796106,0.0796106,-0.901957,-0.901957,TRUE,FALSE,0,0,FALSE
500,0.2,-0.3,0.0644592,0.0644592,0.0953042,0.0953042,-0.500201,-0.500201,TRUE,FALSE,0,0,FALSE
500,0.2,-0.3,0.854401,0.854401,0.341075,0.341075,NA,NA,FALSE,TRUE,0,NA,FALSE
500,0.2,-0.3,0.126438,0.126438,0.732154,0.732154,NA,NA,FALSE,TRUE,0,NA,FALSE
500,0.2,-0.3,0.0361268,0.0361268,0.382684,0.382684,0.692026,0.692026,TRUE,FALSE,0,0,FALSE
500,0.2,-0.3,0.180154,0.180154,0.0617472,0.0617472,-0.037109,-0.037109,TRUE,FALSE,0,0,FALSE
500,0.2,-0.3,0.512939,0.512939,0.00297341,0.00297341,NA,NA,FALSE,TRUE,0,NA,FALSE
500,0.2,-0.3,0.013144,0.013144,0.257634,0.257634,0.253524,0.253524,TRUE,FALSE,0,0,FALSE
500,0.2,-0.3,0.0995673,0.0995673,5.96261e-05,5.96261e-05,0.229005,0.229005,TRUE,FALSE,0,0,FALSE
500,0.2,-0.3,0.0614175,0.0614175,0.0603138,0.0603138,-0.140161,-0.140161,TRUE,FALSE,0,0,FALSE
500,0.2,-0.3,0.0314114,0.0314114,0.159752,0.159752,-0.407126,-0.407126,TRUE,FALSE,0,0,FALSE
500,0.2,-0.3,0.0263189,0.0263189,0.908824,0.908824,NA,NA,FALSE,TRUE,0,NA,FALSE
500,0.2,-0.3,0.00990342,0.00990342,0.150313,0.150313,0.519701,0.519701,TRUE,FALSE,0,0,FALSE
500,0.2,-0.3,0.0266269,0.0266269,0.376225,0.376225,NA,NA,TRUE,FALSE,0,NA,FALSE
500,0.2,-0.3,0.750127,0.750127,0.144203,0.144203,NA,NA,FALSE,TRUE,0,NA,FALSE
500,0.2,-0.3,0.490133,0.490133,0.0591573,0.0591573,NA,NA,TRUE,FALSE,0,NA,FALSE
500,0.2,-0.3,0.0489393,0.0489393,0.334092,0.334092,0.444329,0.444329,TRUE,FALSE,0,0,FALSE
500,0.2,-0.3,0.707928,0.707928,0.437914,0.437914,NA,NA,FALSE,TRUE,0,NA,FALSE
500,0.2,-0.3,0.340876,0.340876,0.291889,0.291889,0.719326,0.719326,TRUE,FALSE,0,0,FALSE
500,0.2,-0.3,0.165974,0.165974,0.251911,0.251911,NA,NA,TRUE,FALSE,0,NA,FALSE
500,0.2,-0.3,0.506752,0.506752,0.0506481,0.0506481,NA,NA,FALSE,TRUE,0,NA,FALSE
500,0.2,-0.3,0.0271756,0.0271756,0.886186,0.886186,NA,NA,FALSE,TRUE,0,NA,FALSE
500,0.2,-0.3,0.475149,0.475149,0.385203,0.385203,NA,NA,TRUE,FALSE,0,NA,FALSE
500,0.2,-0.3,0.222207,0.222207,0.255985,0.255985,-0.489025,-0.489025,TRUE,FALSE,0,0,FALSE
500,0.2,-0.3,0.0583428,0.0583428,0.044336,0.044336,0.186261,0.186261,TRUE,FALSE,0,0,FALSE
500,0.2,-0.3,0.708721,0.708721,0.472854,0.472854,NA,NA,FALSE,TRUE,0,NA,FALSE
500,0.2,-0.3,0.0373363,0.0373363,0.28157,0.28157,0.453955,0.453955,TRUE,FALSE,0,0,FALSE
500,0.2,-0.3,0.267044,0.267044,0.375331,0.375331,NA,NA,TRUE,FALSE,0,NA,FALSE
500,0.2,-0.3,0.226213,0.226213,0.646051,0.646051,NA,NA,FALSE,TRUE,0,NA,FALSE
500,0.2,-0.3,0.0742356,0.0742356,0.814861,0.814861,NA,NA,FALSE,TRUE,0,NA,FALSE
500,0.2,-0.3,0.0600237,0.0600237,0.161749,0.161749,-0.308285,-0.308285,TRUE,FALSE,0,0,FALSE
500,0.2,-0.3,0.0238689,0.0238689,0.373696,0.373696,-0.205428,-0.205428,TRUE,FALSE,0,0,FALSE
500,0.2,-0.3,0.323889,0.323889,0.206564,0.206564,NA,NA,TRUE,FALSE,0,NA,FALSE
500,0.2,-0.3,0.169708,0.169708,0.12408,0.12408,-0.500934,-0.500934,TRUE,FALSE,0,0,FALSE
500,0.2,-0.3,0.48919,0.48919,0.617471,0.617471,NA,NA,FALSE,TRUE,0,NA,FALSE
500,0.2,-0.3,0.0736651,0.0736651,0.161243,0.161243,-1,-1,TRUE,FALSE,0,0,FALSE
500,0.2,-0.3,0.243392,0.243392,0.0407875,0.0407875,-0.0880646,-0.0880646,TRUE,FALSE,0,0,FALSE
500,0.2,-0.3,0.319869,0.319869,0.0307934,0.0307934,0.0133643,0.0133643,TRUE,FALSE,0,0,FALSE
500,0.2,-0.3,0.377055,0.377055,0.588281,0.588281,NA,NA,FALSE,TRUE,0,NA,FALSE
500,0.2,-0.3,0.246486,0.246486,0.0748945,0.0748945,-1,-1,TRUE,FALSE,0,0,FALSE
500,0.2,-0.3,0.284854,0.284854,0.0133141,0.0133141,0.252286,0.252286,TRUE,FALSE,0,0,FALSE
500,0.2,-0.3,0.147011,0.147011,0.1144,0.1144,-0.41726,-0.41726,TRUE,FALSE,0,0,FALSE
500,0.2,-0.3,0.0251063,0.0251063,0.722609,0.722609,NA,NA,FALSE,TRUE,0,NA,FALSE
500,0.2,-0.3,0.917601,0.917601,0.307564,0.307564,NA,NA,FALSE,TRUE,0,NA,FALSE
500,0.2,-0.3,0.266937,0.266937,0.0363147,0.0363147,-0.490245,-0.490245,TRUE,FALSE,0,0,FALSE
500,0.2,-0.3,0.53853,0.53853,0.23012,0.23012,NA,NA,FALSE,TRUE,0,NA,FALSE
500,0.2,-0.3,0.551662,0.551662,0.368726,0.368726,NA,NA,FALSE,TRUE,0,NA,FALSE
500,0.2,-0.3,0.244926,0.244926,0.104297,0.104297,-0.0195965,-0.0195965,TRUE,FALSE,0,0,FALSE
500,0.2,-0.3,0.28176,0.28176,0.0201477,0.0201477,-0.664607,-0.664607,TRUE,FALSE,0,0,FALSE
500,0.2,-0.3,0.0985697,0.0985697,0.0335227,0.0335227,-0.264233,-0.264233,TRUE,FALSE,0,0,FALSE
500,0.2,-0.3,5.74707e-05,5.74707e-05,0.0211821,0.0211821,0.0179086,0.0179086,TRUE,FALSE,0,0,TRUE
500,0.2,-0.3,0.018918,0.018918,0.103757,0.103757,-0.171851,-0.171851,TRUE,FALSE,0,0,FALSE
500,0.2,-0.3,0.489818,0.489818,0.0523367,0.0523367,NA,NA,TRUE,FALSE,0,NA,FALSE
500,0.2,-0.3,0.412604,0.412604,0.00524568,0.00524568,0.716889,0.716889,TRUE,FALSE,0,0,FALSE
500,0.2,-0.3,0.0578553,0.0578553,0.961029,0.961029,NA,NA,FALSE,TRUE,0,NA,FALSE
500,0.2,-0.3,0.340159,0.340159,0.396746,0.396746,NA,NA,TRUE,FALSE,0,NA,FALSE
500,0.2,-0.3,0.020167,0.020167,0.0344056,0.0344056,0.221331,0.221331,TRUE,FALSE,0,0,TRUE
500,0.2,-0.3,0.134599,0.134599,0.652585,0.652585,NA,NA,FALSE,TRUE,0,NA,FALSE
500,0.2,-0.3,0.714499,0.714499,0.171405,0.171405,NA,NA,FALSE,TRUE,0,NA,FALSE
500,0.2,-0.3,0.35204,0.35204,0.087606,0.087606,0.611264,0.611264,TRUE,FALSE,0,0,FALSE
500,0.2,-0.3,0.716373,0.716373,0.9059,0.9059,1,NA,FALSE,FALSE,0,NA,FALSE
500,0.2,-0.3,0.256903,0.256903,0.00308066,0.00308066,0.737641,0.737641,TRUE,FALSE,0,0,FALSE
500,0.2,-0.3,0.00743574,0.00743574,0.41623,0.41623,0.104402,0.104402,TRUE,FALSE,0,0,FALSE
500,0.2,-0.3,0.63703,0.63703,0.177671,0.177671,NA,NA,FALSE,TRUE,0,NA,FALSE
500,0.2,-0.3,0.108512,0.108512,0.210415,0.210415,-1,-1,TRUE,FALSE,0,0,FALSE
500,0.2,-0.3,0.0123635,0.0123635,0.298093,0.298093,-0.273227,-0.273227,TRUE,FALSE,0,0,FALSE
500,0.2,-0.3,0.010325,0.010325,0.104058,0.104058,-0.131057,-0.131057,TRUE,FALSE,0,0,FALSE
500,0.2,-0.3,0.00270441,0.00270441,0.0920148,0.0920148,-0.767886,-0.767886,TRUE,FALSE,0,0,FALSE
500,0.2,-0.3,0.139499,0.139499,0.756263,0.756263,NA,NA,FALSE,TRUE,0,NA,FALSE
500,0.2,-0.3,0.507971,0.507971,0.178933,0.178933,NA,NA,FALSE,TRUE,0,NA,FALSE
500,0.2,-0.3,0.00673649,0.00673649,0.0814117,0.0814117,0.959245,0.959245,TRUE,FALSE,0,0,FALSE
500,0.2,-0.3,0.291622,0.291622,0.0132566,0.0132566,0.00177105,0.00177105,TRUE,FALSE,0,0,FALSE
500,0.2,-0.3,0.646346,0.646346,0.639012,0.639012,NA,NA,FALSE,FALSE,0,NA,FALSE
500,0.2,-0.3,0.046931,0.046931,0.672126,0.672126,NA,NA,FALSE,TRUE,0,NA,FALSE
500,0.2,-0.3,0.0598282,0.0598282,0.0963105,0.0963105,-0.494753,-0.494753,TRUE,FALSE,0,0,FALSE
500,0.2,-0.3,0.00829097,0.00829097,0.0108509,0.0108509,0.61834,0.61834,TRUE,FALSE,0,0,TRUE
500,0.2,-0.3,0.00160001,0.00160001,0.790352,0.790352,NA,NA,FALSE,TRUE,0,NA,FALSE
500,0.2,-0.3,0.0174658,0.0174658,0.186603,0.186603,0.0760153,0.0760153,TRUE,FALSE,0,0,FALSE
500,0.2,-0.3,0.0300534,0.0300534,0.29413,0.29413,0.677791,0.677791,TRUE,FALSE,0,0,FALSE
500,0.2,-0.3,0.400246,0.400246,0.174902,0.174902,NA,NA,TRUE,FALSE,0,NA,FALSE
500,0.2,-0.3,0.297524,0.297524,0.597558,0.597558,NA,NA,FALSE,TRUE,0,NA,FALSE
500,0.2,-0.3,0.0826045,0.0826045,0.0687705,0.0687705,-0.373338,-0.373338,TRUE,FALSE,0,0,FALSE
500,0.2,-0.3,0.55164,0.55164,0.757365,0.757365,NA,NA,FALSE,FALSE,0,NA,FALSE
500,0.2,-0.3,0.0191084,0.0191084,0.0189783,0.0189783,0.246461,0.246461,TRUE,FALSE,0,0,TRUE
500,0.2,-0.3,0.668737,0.668737,0.222594,0.222594,NA,NA,FALSE,TRUE,0,NA,FALSE
500,0.2,-0.3,0.120451,0.120451,0.716358,0.716358,NA,NA,FALSE,TRUE,0,NA,FALSE
500,0.2,-0.3,0.421649,0.421649,0.0675955,0.0675955,0.502364,0.502364,TRUE,FALSE,0,0,FALSE
500,0.2,-0.3,0.0465675,0.0465675,0.531031,0.531031,NA,NA,FALSE,TRUE,0,NA,FALSE
500,0.2,-0.3,0.023226,0.023226,0.18134,0.18134,-0.481418,-0.481418,TRUE,FALSE,0,0,FALSE
500,0.2,-0.3,0.257758,0.257758,0.166112,0.166112,NA,NA,TRUE,FALSE,0,NA,FALSE
500,0.2,-0.3,0.528135,0.528135,0.589225,0.589225,NA,NA,FALSE,FALSE,0,NA,FALSE
500,0.2,-0.3,0.00898133,0.00898133,0.577193,0.577193,NA,NA,FALSE,TRUE,0,NA,FALSE
500,0.2,-0.3,0.437629,0.437629,0.457205,0.457205,NA,NA,TRUE,FALSE,0,NA,FALSE
500,0.2,-0.3,0.634155,0.634155,0.737245,0.737245,NA,NA,FALSE,FALSE,0,NA,FALSE
500,0.2,-0.3,0.128926,0.128926,0.0337166,0.0337166,0.575746,0.575746,TRUE,FALSE,0,0,FALSE
500,0.2,-0.3,0.153952,0.153952,0.0340816,0.0340816,-0.678359,-0.678359,TRUE,FALSE,0,0,FALSE
500,0.2,-0.3,0.297903,0.297903,0.696916,0.696916,NA,NA,FALSE,TRUE,0,NA,FALSE
500,0.2,-0.3,0.0244018,0.0244018,0.0387593,0.0387593,-0.132997,-0.132997,TRUE,FALSE,0,0,TRUE
500,0.2,-0.3,0.597249,0.597249,0.332162,0.332162,NA,NA,FALSE,TRUE,0,NA,FALSE
500,0.2,-0.3,0.066709,0.066709,0.331745,0.331745,-0.715557,-0.715557,TRUE,FALSE,0,0,FALSE
500,0.2,-0.3,0.272166,0.272166,0.0612002,0.0612002,0.0904345,0.0904345,TRUE,FALSE,0,0,FALSE
500,0.2,-0.3,0.0943265,0.0943265,0.0753703,0.0753703,-0.251802,-0.251802,TRUE,FALSE,0,0,FALSE
500,0.2,-0.3,0.505305,0.505305,0.195866,0.195866,NA,NA,FALSE,TRUE,0,NA,FALSE
500,0.2,-0.3,0.48426,0.48426,0.0204961,0.0204961,NA,NA,TRUE,FALSE,0,NA,FALSE
500,0.2,-0.3,0.088711,0.088711,0.164379,0.164379,-1,-1,TRUE,FALSE,0,0,FALSE
500,0.2,-0.3,0.792941,0.792941,0.273109,0.273109,NA,NA,FALSE,TRUE,0,NA,FALSE
500,0.2,-0.3,0.784511,0.784511,0.431109,0.431109,NA,NA,FALSE,TRUE,0,NA,FALSE
500,0.2,-0.3,0.762821,0.762821,0.658973,0.658973,NA,NA,FALSE,FALSE,0,NA,FALSE
500,0.2,-0.3,0.0015371,0.0015371,0.21855,0.21855,-0.0349395,-0.0349395,TRUE,FALSE,0,0,FALSE
500,0.2,-0.3,0.892685,0.892685,0.764671,0.764671,0.588924,NA,FALSE,FALSE,0,NA,FALSE
500,0.2,-0.3,0.0432115,0.0432115,0.0900212,0.0900212,0.413792,0.413792,TRUE,FALSE,0,0,FALSE
500,0.2,-0.3,0.781814,0.781814,0.28655,0.28655,NA,NA,FALSE,TRUE,0,NA,FALSE
500,0.2,-0.3,0.0625291,0.0625291,0.0239163,0.0239163,-0.565101,-0.565101,TRUE,FALSE,0,0,FALSE
500,0.2,-0.3,0.0791701,0.0791701,0.279046,0.279046,-0.550086,-0.550086,TRUE,FALSE,0,0,FALSE
500,0.2,-0.3,0.0718417,0.0718417,0.0219061,0.0219061,0.664836,0.664836,TRUE,FALSE,0,0,FALSE
500,0.2,-0.3,0.817912,0.817912,0.671515,0.671515,0.749554,NA,FALSE,FALSE,0,NA,FALSE
500,0.2,-0.3,0.0790615,0.0790615,0.0854082,0.0854082,-0.424442,-0.424442,TRUE,FALSE,0,0,FALSE
500,0.2,-0.3,0.63378,0.63378,0.557723,0.557723,-0.632529,NA,FALSE,FALSE,0,NA,FALSE
500,0.2,-0.3,0.870262,0.870262,0.358444,0.358444,NA,NA,FALSE,TRUE,0,NA,FALSE
500,0.2,-0.3,0.0116357,0.0116357,0.522181,0.522181,NA,NA,FALSE,TRUE,0,NA,FALSE
500,0.2,-0.3,0.238466,0.238466,0.16241,0.16241,NA,NA,TRUE,FALSE,0,NA,FALSE
500,0.2,-0.3,0.0206544,0.0206544,0.0143574,0.0143574,0.77076,0.77076,TRUE,FALSE,0,0,TRUE
500,0.2,-0.3,0.586351,0.586351,0.837463,0.837463,-0.0283393,NA,FALSE,FALSE,0,NA,FALSE
500,0.2,-0.3,0.457498,0.457498,0.360454,0.360454,NA,NA,TRUE,FALSE,0,NA,FALSE
500,0.2,-0.3,0.371835,0.371835,0.0725961,0.0725961,-0.0202427,-0.0202427,TRUE,FALSE,0,0,FALSE
500,0.2,-0.3,0.505403,0.505403,0.664761,0.664761,NA,NA,FALSE,FALSE,0,NA,FALSE
500,0.2,-0.3,0.0816625,0.0816625,0.0906847,0.0906847,0.147781,0.147781,TRUE,FALSE,0,0,FALSE
500,0.2,-0.3,0.0765544,0.0765544,0.23291,0.23291,0.640201,0.640201,TRUE,FALSE,0,0,FALSE
500,0.2,-0.3,0.897773,0.897773,0.00479645,0.00479645,NA,NA,FALSE,TRUE,0,NA,FALSE
500,0.2,-0.3,0.601659,0.601659,0.670627,0.670627,NA,NA,FALSE,FALSE,0,NA,FALSE
500,0.2,-0.3,0.327809,0.327809,0.0817933,0.0817933,1,1,TRUE,FALSE,0,0,FALSE
500,0.2,-0.3,0.0642566,0.0642566,0.00193146,0.00193146,0.451292,0.451292,TRUE,FALSE,0,0,FALSE
500,0.2,-0.3,0.0350721,0.0350721,0.0119802,0.0119802,0.249436,0.249436,TRUE,FALSE,0,0,TRUE
500,0.2,-0.3,0.364854,0.364854,0.0184521,0.0184521,NA,NA,TRUE,FALSE,0,NA,FALSE
500,0.2,-0.3,0.0864565,0.0864565,0.158356,0.158356,0.612801,0.612801,TRUE,FALSE,0,0,FALSE
500,0.2,-0.3,0.00929944,0.00929944,0.0250204,0.0250204,0.206413,0.206413,TRUE,FALSE,0,0,TRUE
500,0.2,-0.3,0.302314,0.302314,0.457617,0.457617,-0.0765412,-0.0765412,TRUE,FALSE,0,0,FALSE
500,0.2,-0.3,0.0399547,0.0399547,0.392962,0.392962,0.614103,0.614103,TRUE,FALSE,0,0,FALSE
500,0.2,-0.3,0.953821,0.953821,0.000421809,0.000421809,NA,NA,FALSE,TRUE,0,NA,FALSE
500,0.2,-0.3,0.531342,0.531342,0.343025,0.343025,NA,NA,FALSE,TRUE,0,NA,FALSE
500,0.2,-0.3,0.102364,0.102364,0.0313162,0.0313162,NA,NA,TRUE,FALSE,0,NA,FALSE
500,0.2,-0.3,0.0019657,0.0019657,0.193921,0.193921,-0.682689,-0.682689,TRUE,FALSE,0,0,FALSE
500,0.2,-0.3,0.674223,0.674223,0.0786609,0.0786609,NA,NA,FALSE,TRUE,0,NA,FALSE
500,0.2,-0.3,0.266762,0.266762,0.0262843,0.0262843,-0.190768,-0.190768,TRUE,FALSE,0,0,FALSE
500,0.2,-0.3,0.0484879,0.0484879,0.035954,0.035954,-0.844404,-0.844404,TRUE,FALSE,0,0,TRUE
500,0.2,-0.3,0.768854,0.768854,0.266636,0.266636,NA,NA,FALSE,TRUE,0,NA,FALSE
500,0.2,-0.3,0.01061,0.01061,0.137931,0.137931,0.743845,0.743845,TRUE,FALSE,0,0,FALSE
500,0.2,-0.3,0.0446059,0.0446059,0.359128,0.359128,0.296002,0.296002,TRUE,FALSE,0,0,FALSE
500,0.2,-0.3,0.302605,0.302605,0.000553391,0.000553391,0.388117,0.388117,TRUE,FALSE,0,0,FALSE
500,0.2,-0.3,0.270127,0.270127,0.0195328,0.0195328,-0.139287,-0.139287,TRUE,FALSE,0,0,FALSE
500,0.2,-0.3,0.00888152,0.00888152,0.291126,0.291126,-0.290635,-0.290635,TRUE,FALSE,0,0,FALSE
500,0.2,-0.3,0.946913,0.946913,0.770754,0.770754,0.587999,NA,FALSE,FALSE,0,NA,FALSE
500,0.2,-0.3,0.150554,0.150554,0.567158,0.567158,NA,NA,FALSE,TRUE,0,NA,FALSE
500,0.2,0,0.131781,0.131781,0.0446041,0.0446041,-0.00987679,-0.00987679,TRUE,FALSE,0,0,FALSE
500,0.2,0,0.0423776,0.0423776,0.476523,0.476523,-0.378417,-0.378417,TRUE,FALSE,0,0,FALSE
500,0.2,0,0.195437,0.195437,0.122069,0.122069,-0.401133,-0.401133,TRUE,FALSE,0,0,FALSE
500,0.2,0,0.0824453,0.0824453,0.372937,0.372937,-1,-1,TRUE,FALSE,0,0,FALSE
500,0.2,0,0.118832,0.118832,0.0109302,0.0109302,0.677469,0.677469,TRUE,FALSE,0,0,FALSE
500,0.2,0,0.0439018,0.0439018,0.00787213,0.00787213,-0.387147,-0.387147,TRUE,FALSE,0,0,TRUE
500,0.2,0,0.174683,0.174683,0.0476793,0.0476793,-0.520036,-0.520036,TRUE,FALSE,0,0,FALSE
500,0.2,0,0.282489,0.282489,0.083244,0.083244,-0.243258,-0.243258,TRUE,FALSE,0,0,FALSE
500,0.2,0,0.579407,0.579407,0.065261,0.065261,NA,NA,FALSE,TRUE,0,NA,FALSE
500,0.2,0,0.322018,0.322018,0.0179552,0.0179552,-0.187885,-0.187885,TRUE,FALSE,0,0,FALSE
500,0.2,0,0.227776,0.227776,0.021551,0.021551,0.0933901,0.0933901,TRUE,FALSE,0,0,FALSE
500,0.2,0,0.149455,0.149455,0.0596148,0.0596148,-0.0258406,-0.0258406,TRUE,FALSE,0,0,FALSE
500,0.2,0,0.191197,0.191197,0.944644,0.944644,NA,NA,FALSE,TRUE,0,NA,FALSE
500,0.2,0,0.0417864,0.0417864,0.309102,0.309102,-0.396374,-0.396374,TRUE,FALSE,0,0,FALSE
500,0.2,0,0.108222,0.108222,0.678728,0.678728,NA,NA,FALSE,TRUE,0,NA,FALSE
500,0.2,0,0.125143,0.125143,0.098675,0.098675,0.178775,0.178775,TRUE,FALSE,0,0,FALSE
500,0.2,0,0.0525913,0.0525913,0.709739,0.709739,NA,NA,FALSE,TRUE,0,NA,FALSE
500,0.2,0,0.165094,0.165094,0.0535808,0.0535808,-1,-1,TRUE,FALSE,0,0,FALSE
500,0.2,0,0.0427432,0.0427432,0.0812929,0.0812929,-0.247079,-0.247079,TRUE,FALSE,0,0,FALSE
500,0.2,0,0.436171,0.436171,0.644455,0.644455,NA,NA,FALSE,TRUE,0,NA,FALSE
500,0.2,0,0.00224736,0.00224736,0.102688,0.102688,0.116807,0.116807,TRUE,FALSE,0,0,FALSE
500,0.2,0,0.0836312,0.0836312,0.0202296,0.0202296,0.157252,0.157252,TRUE,FALSE,0,0,FALSE
500,0.2,0,0.316805,0.316805,0.251277,0.251277,-0.516229,-0.516229,TRUE,FALSE,0,0,FALSE
500,0.2,0,0.389194,0.389194,0.0368556,0.0368556,0.786149,0.786149,TRUE,FALSE,0,0,FALSE
500,0.2,0,0.757466,0.757466,0.665325,0.665325,0.306528,NA,FALSE,FALSE,0,NA,FALSE
500,0.2,0,0.491768,0.491768,0.24013,0.24013,NA,NA,FALSE,TRUE,0,NA,FALSE
500,0.2,0,0.274217,0.274217,0.0465697,0.0465697,0.147794,0.147794,TRUE,FALSE,0,0,FALSE
500,0.2,0,0.377272,0.377272,0.710416,0.710416,NA,NA,FALSE,TRUE,0,NA,FALSE
500,0.2,0,0.0560043,0.0560043,0.0034314,0.0034314,0.162316,0.162316,TRUE,FALSE,0,0,FALSE
500,0.2,0,0.0139112,0.0139112,0.237565,0.237565,0.382558,0.382558,TRUE,FALSE,0,0,FALSE
500,0.2,0,0.32805,0.32805,0.358928,0.358928,NA,NA,TRUE,FALSE,0,NA,FALSE
500,0.2,0,0.106364,0.106364,0.149105,0.149105,0.22224,0.22224,TRUE,FALSE,0,0,FALSE
500,0.2,0,0.172327,0.172327,0.0352934,0.0352934,0.435724,0.435724,TRUE,FALSE,0,0,FALSE
500,0.2,0,0.613432,0.613432,0.251042,0.251042,NA,NA,FALSE,TRUE,0,NA,FALSE
500,0.2,0,0.888866,0.888866,0.145004,0.145004,NA,NA,FALSE,TRUE,0,NA,FALSE
500,0.2,0,0.45387,0.45387,0.017635,0.017635,0.324261,0.324261,TRUE,FALSE,0,0,FALSE
500,0.2,0,0.02927,0.02927,0.0103685,0.0103685,0.283759,0.283759,TRUE,FALSE,0,0,TRUE
500,0.2,0,0.0154099,0.0154099,0.137844,0.137844,0.283099,0.283099,TRUE,FALSE,0,0,FALSE
500,0.2,0,0.0195149,0.0195149,0.0579015,0.0579015,-0.560405,-0.560405,TRUE,FALSE,0,0,FALSE
500,0.2,0,0.0972433,0.0972433,0.137065,0.137065,-0.0684818,-0.0684818,TRUE,FALSE,0,0,FALSE
500,0.2,0,0.375254,0.375254,0.0625073,0.0625073,-0.353557,-0.353557,TRUE,FALSE,0,0,FALSE
500,0.2,0,0.544398,0.544398,0.204741,0.204741,NA,NA,FALSE,TRUE,0,NA,FALSE
500,0.2,0,0.980776,0.980776,0.820345,0.820345,NA,NA,FALSE,FALSE,0,NA,FALSE
500,0.2,0,0.0417398,0.0417398,0.0759994,0.0759994,-0.0698553,-0.0698553,TRUE,FALSE,0,0,FALSE
500,0.2,0,0.46237,0.46237,0.486783,0.486783,NA,NA,TRUE,FALSE,0,NA,FALSE
500,0.2,0,0.0461983,0.0461983,0.2225,0.2225,0.42268,0.42268,TRUE,FALSE,0,0,FALSE
500,0.2,0,0.2961,0.2961,0.0509499,0.0509499,-0.904554,-0.904554,TRUE,FALSE,0,0,FALSE
500,0.2,0,0.421701,0.421701,0.0196457,0.0196457,0.868249,0.868249,TRUE,FALSE,0,0,FALSE
500,0.2,0,0.00530865,0.00530865,0.365372,0.365372,0.157517,0.157517,TRUE,FALSE,0,0,FALSE
500,0.2,0,0.499273,0.499273,0.140911,0.140911,NA,NA,FALSE,TRUE,0,NA,FALSE
500,0.2,0,0.0744582,0.0744582,0.133757,0.133757,0.0609893,0.0609893,TRUE,FALSE,0,0,FALSE
500,0.2,0,0.0673662,0.0673662,0.0546391,0.0546391,0.0149785,0.0149785,TRUE,FALSE,0,0,FALSE
500,0.2,0,0.349327,0.349327,0.290065,0.290065,0.467396,0.467396,TRUE,FALSE,0,0,FALSE
500,0.2,0,0.030168,0.030168,0.391611,0.391611,-0.226342,-0.226342,TRUE,FALSE,0,0,FALSE
500,0.2,0,0.277548,0.277548,0.261058,0.261058,0.328543,0.328543,TRUE,FALSE,0,0,FALSE
500,0.2,0,0.793042,0.793042,0.0209149,0.0209149,NA,NA,FALSE,TRUE,0,NA,FALSE
500,0.2,0,0.474346,0.474346,0.0140382,0.0140382,0.79536,0.79536,TRUE,FALSE,0,0,FALSE
500,0.2,0,0.604524,0.604524,0.0740606,0.0740606,NA,NA,FALSE,TRUE,0,NA,FALSE
500,0.2,0,0.890912,0.890912,0.173732,0.173732,NA,NA,FALSE,TRUE,0,NA,FALSE
500,0.2,0,0.0116613,0.0116613,0.184582,0.184582,0.0040012,0.0040012,TRUE,FALSE,0,0,FALSE
500,0.2,0,0.152896,0.152896,0.169086,0.169086,0.358144,0.358144,TRUE,FALSE,0,0,FALSE
500,0.2,0,0.35364,0.35364,0.2661,0.2661,NA,NA,TRUE,FALSE,0,NA,FALSE
500,0.2,0,0.00646987,0.00646987,0.540247,0.540247,NA,NA,FALSE,TRUE,0,NA,FALSE
500,0.2,0,0.149121,0.149121,0.0805489,0.0805489,-0.0857871,-0.0857871,TRUE,FALSE,0,0,FALSE
500,0.2,0,0.447056,0.447056,0.0577594,0.0577594,NA,NA,TRUE,FALSE,0,NA,FALSE
500,0.2,0,0.198125,0.198125,0.430921,0.430921,NA,NA,TRUE,FALSE,0,NA,FALSE
500,0.2,0,0.395942,0.395942,0.64769,0.64769,NA,NA,FALSE,TRUE,0,NA,FALSE
500,0.2,0,0.0347912,0.0347912,0.0565919,0.0565919,-0.269557,-0.269557,TRUE,FALSE,0,0,FALSE
500,0.2,0,0.75449,0.75449,0.145282,0.145282,NA,NA,FALSE,TRUE,0,NA,FALSE
500,0.2,0,0.211844,0.211844,0.377409,0.377409,0.346725,0.346725,TRUE,FALSE,0,0,FALSE
500,0.2,0,0.986219,0.986219,0.214431,0.214431,NA,NA,FALSE,TRUE,0,NA,FALSE
500,0.2,0,0.314572,0.314572,0.983418,0.983418,NA,NA,FALSE,TRUE,0,NA,FALSE
500,0.2,0,0.407599,0.407599,0.145286,0.145286,NA,NA,TRUE,FALSE,0,NA,FALSE
500,0.2,0,0.362492,0.362492,0.0840584,0.0840584,-0.143942,-0.143942,TRUE,FALSE,0,0,FALSE
500,0.2,0,0.127876,0.127876,0.4652,0.4652,-0.760242,-0.760242,TRUE,FALSE,0,0,FALSE
500,0.2,0,0.504156,0.504156,0.781784,0.781784,-0.317663,NA,FALSE,FALSE,0,NA,FALSE
500,0.2,0,0.0167776,0.0167776,0.524453,0.524453,NA,NA,FALSE,TRUE,0,NA,FALSE
500,0.2,0,0.0557484,0.0557484,0.0374529,0.0374529,0.628744,0.628744,TRUE,FALSE,0,0,FALSE
500,0.2,0,0.180963,0.180963,0.073105,0.073105,-0.203083,-0.203083,TRUE,FALSE,0,0,FALSE
500,0.2,0,0.0672451,0.0672451,0.642519,0.642519,NA,NA,FALSE,TRUE,0,NA,FALSE
500,0.2,0,0.894421,0.894421,0.248995,0.248995,NA,NA,FALSE,TRUE,0,NA,FALSE
500,0.2,0,0.137239,0.137239,0.528444,0.528444,NA,NA,FALSE,TRUE,0,NA,FALSE
500,0.2,0,0.669421,0.669421,0.041767,0.041767,NA,NA,FALSE,TRUE,0,NA,FALSE
500,0.2,0,0.389716,0.389716,0.0767774,0.0767774,-0.029246,-0.029246,TRUE,FALSE,0,0,FALSE
500,0.2,0,0.201798,0.201798,0.132823,0.132823,0.778289,0.778289,TRUE,FALSE,0,0,FALSE
500,0.2,0,0.374414,0.374414,0.252254,0.252254,-0.533008,-0.533008,TRUE,FALSE,0,0,FALSE
500,0.2,0,0.0163477,0.0163477,0.471059,0.471059,NA,NA,TRUE,FALSE,0,NA,FALSE
500,0.2,0,0.237485,0.237485,0.0209985,0.0209985,0.467645,0.467645,TRUE,FALSE,0,0,FALSE
500,0.2,0,0.232946,0.232946,0.00991631,0.00991631,0.863682,0.863682,TRUE,FALSE,0,0,FALSE
500,0.2,0,0.0908906,0.0908906,0.149209,0.149209,-0.268956,-0.268956,TRUE,FALSE,0,0,FALSE
500,0.2,0,0.0550627,0.0550627,0.730602,0.730602,NA,NA,FALSE,TRUE,0,NA,FALSE
500,0.2,0,0.201163,0.201163,0.0223495,0.0223495,0.127359,0.127359,TRUE,FALSE,0,0,FALSE
500,0.2,0,0.00224432,0.00224432,0.18418,0.18418,0.174647,0.174647,TRUE,FALSE,0,0,FALSE
500,0.2,0,0.0691181,0.0691181,0.974856,0.974856,NA,NA,FALSE,TRUE,0,NA,FALSE
500,0.2,0,0.394333,0.394333,0.115201,0.115201,-0.777126,-0.777126,TRUE,FALSE,0,0,FALSE
500,0.2,0,0.0177938,0.0177938,0.309218,0.309218,1,1,TRUE,FALSE,0,0,FALSE
500,0.2,0,0.871004,0.871004,0.329594,0.329594,NA,NA,FALSE,TRUE,0,NA,FALSE
500,0.2,0,0.990792,0.990792,0.65696,0.65696,0.387044,NA,FALSE,FALSE,0,NA,FALSE
500,0.2,0,0.629772,0.629772,0.0308315,0.0308315,NA,NA,FALSE,TRUE,0,NA,FALSE
500,0.2,0,0.707412,0.707412,0.195181,0.195181,NA,NA,FALSE,TRUE,0,NA,FALSE
500,0.2,0,0.856631,0.856631,0.297718,0.297718,NA,NA,FALSE,TRUE,0,NA,FALSE
500,0.2,0,0.596325,0.596325,0.357527,0.357527,NA,NA,FALSE,TRUE,0,NA,FALSE
500,0.2,0,0.0907791,0.0907791,0.0166191,0.0166191,0.434507,0.434507,TRUE,FALSE,0,0,FALSE
500,0.2,0,0.0149311,0.0149311,0.38184,0.38184,-0.629166,-0.629166,TRUE,FALSE,0,0,FALSE
500,0.2,0,0.282864,0.282864,0.015506,0.015506,-1,-1,TRUE,FALSE,0,0,FALSE
500,0.2,0,0.00890654,0.00890654,0.510563,0.510563,NA,NA,FALSE,TRUE,0,NA,FALSE
500,0.2,0,0.209762,0.209762,0.335998,0.335998,0.84325,0.84325,TRUE,FALSE,0,0,FALSE
500,0.2,0,0.590917,0.590917,0.138645,0.138645,NA,NA,FALSE,TRUE,0,NA,FALSE
500,0.2,0,0.216521,0.216521,0.339817,0.339817,-0.510637,-0.510637,TRUE,FALSE,0,0,FALSE
500,0.2,0,0.129619,0.129619,0.120484,0.120484,0.372233,0.372233,TRUE,FALSE,0,0,FALSE
500,0.2,0,0.722812,0.722812,0.676197,0.676197,NA,NA,FALSE,FALSE,0,NA,FALSE
500,0.2,0,0.0664632,0.0664632,0.0439407,0.0439407,0.0723327,0.0723327,TRUE,FALSE,0,0,FALSE
500,0.2,0,0.50115,0.50115,0.0858252,0.0858252,NA,NA,FALSE,TRUE,0,NA,FALSE
500,0.2,0,0.306985,0.306985,0.194888,0.194888,-0.43115,-0.43115,TRUE,FALSE,0,0,FALSE
500,0.2,0,0.000222269,0.000222269,0.22031,0.22031,0.158655,0.158655,TRUE,FALSE,0,0,FALSE
500,0.2,0,0.0141818,0.0141818,0.00342344,0.00342344,0.241106,0.241106,TRUE,FALSE,0,0,TRUE
500,0.2,0,0.000842958,0.000842958,0.287024,0.287024,0.0116471,0.0116471,TRUE,FALSE,0,0,FALSE
500,0.2,0,0.103682,0.103682,0.336393,0.336393,-0.462688,-0.462688,TRUE,FALSE,0,0,FALSE
500,0.2,0,0.552468,0.552468,0.534235,0.534235,NA,NA,FALSE,FALSE,0,NA,FALSE
500,0.2,0,0.158477,0.158477,0.477223,0.477223,NA,NA,TRUE,FALSE,0,NA,FALSE
500,0.2,0,0.502378,0.502378,0.0708903,0.0708903,NA,NA,FALSE,TRUE,0,NA,FALSE
500,0.2,0,0.326722,0.326722,0.249524,0.249524,0.221866,0.221866,TRUE,FALSE,0,0,FALSE
500,0.2,0,0.00382881,0.00382881,0.190913,0.190913,0.0421831,0.0421831,TRUE,FALSE,0,0,FALSE
500,0.2,0,0.0267625,0.0267625,0.0685821,0.0685821,-0.0667371,-0.0667371,TRUE,FALSE,0,0,FALSE
500,0.2,0,0.59232,0.59232,0.328106,0.328106,NA,NA,FALSE,TRUE,0,NA,FALSE
500,0.2,0,0.0688143,0.0688143,0.340223,0.340223,-0.447083,-0.447083,TRUE,FALSE,0,0,FALSE
500,0.2,0,0.220366,0.220366,0.946273,0.946273,NA,NA,FALSE,TRUE,0,NA,FALSE
500,0.2,0,0.313535,0.313535,0.347135,0.347135,0.348007,0.348007,TRUE,FALSE,0,0,FALSE
500,0.2,0,0.237532,0.237532,0.0684185,0.0684185,0.553217,0.553217,TRUE,FALSE,0,0,FALSE
500,0.2,0,0.178642,0.178642,0.168247,0.168247,0.513307,0.513307,TRUE,FALSE,0,0,FALSE
500,0.2,0,0.00944403,0.00944403,0.0509397,0.0509397,-0.0628619,-0.0628619,TRUE,FALSE,0,0,FALSE
500,0.2,0,0.478127,0.478127,0.131069,0.131069,NA,NA,TRUE,FALSE,0,NA,FALSE
500,0.2,0,0.099354,0.099354,0.0350786,0.0350786,-0.118708,-0.118708,TRUE,FALSE,0,0,FALSE
500,0.2,0,0.204304,0.204304,0.0585498,0.0585498,0.0342181,0.0342181,TRUE,FALSE,0,0,FALSE
500,0.2,0,0.0081945,0.0081945,0.0469101,0.0469101,0.111427,0.111427,TRUE,FALSE,0,0,TRUE
500,0.2,0,0.759434,0.759434,0.0680168,0.0680168,NA,NA,FALSE,TRUE,0,NA,FALSE
500,0.2,0,0.00468935,0.00468935,0.228635,0.228635,-0.147175,-0.147175,TRUE,FALSE,0,0,FALSE
500,0.2,0,0.33448,0.33448,0.692672,0.692672,NA,NA,FALSE,TRUE,0,NA,FALSE
500,0.2,0,0.270465,0.270465,0.966528,0.966528,NA,NA,FALSE,TRUE,0,NA,FALSE
500,0.2,0,0.277525,0.277525,0.226714,0.226714,-0.807338,-0.807338,TRUE,FALSE,0,0,FALSE
500,0.2,0,0.136722,0.136722,0.641413,0.641413,NA,NA,FALSE,TRUE,0,NA,FALSE
500,0.2,0,0.46768,0.46768,0.138952,0.138952,0.287352,0.287352,TRUE,FALSE,0,0,FALSE
500,0.2,0,0.0516734,0.0516734,0.352748,0.352748,-0.0229333,-0.0229333,TRUE,FALSE,0,0,FALSE
500,0.2,0,0.475338,0.475338,0.2068,0.2068,NA,NA,TRUE,FALSE,0,NA,FALSE
500,0.2,0,0.154116,0.154116,0.0654301,0.0654301,0.0877497,0.0877497,TRUE,FALSE,0,0,FALSE
500,0.2,0,0.468,0.468,0.135083,0.135083,NA,NA,TRUE,FALSE,0,NA,FALSE
500,0.2,0,0.390198,0.390198,0.0285936,0.0285936,-0.612916,-0.612916,TRUE,FALSE,0,0,FALSE
500,0.2,0,0.666657,0.666657,0.0595871,0.0595871,NA,NA,FALSE,TRUE,0,NA,FALSE
500,0.2,0,0.0735991,0.0735991,0.0125489,0.0125489,-0.0184441,-0.0184441,TRUE,FALSE,0,0,FALSE
500,0.2,0,0.349755,0.349755,0.112691,0.112691,0.00068474,0.00068474,TRUE,FALSE,0,0,FALSE
500,0.2,0,0.158218,0.158218,0.0201835,0.0201835,0.202526,0.202526,TRUE,FALSE,0,0,FALSE
500,0.2,0,0.104861,0.104861,0.419689,0.419689,NA,NA,TRUE,FALSE,0,NA,FALSE
500,0.2,0,0.0320385,0.0320385,0.239537,0.239537,0.207686,0.207686,TRUE,FALSE,0,0,FALSE
500,0.2,0,0.000943384,0.000943384,0.119981,0.119981,0.680205,0.680205,TRUE,FALSE,0,0,FALSE
500,0.2,0,0.37489,0.37489,0.565775,0.565775,NA,NA,FALSE,TRUE,0,NA,FALSE
500,0.2,0,0.526094,0.526094,0.0459029,0.0459029,NA,NA,FALSE,TRUE,0,NA,FALSE
500,0.2,0,0.215426,0.215426,0.195693,0.195693,1,1,TRUE,FALSE,0,0,FALSE
500,0.2,0,0.00297139,0.00297139,0.456182,0.456182,1,1,TRUE,FALSE,0,0,FALSE
500,0.2,0,0.204086,0.204086,0.0382446,0.0382446,0.654408,0.654408,TRUE,FALSE,0,0,FALSE
500,0.2,0,0.00703441,0.00703441,0.371358,0.371358,NA,NA,TRUE,FALSE,0,NA,FALSE
500,0.2,0,0.0264861,0.0264861,0.0527152,0.0527152,0.640518,0.640518,TRUE,FALSE,0,0,FALSE
500,0.2,0,0.528795,0.528795,0.524217,0.524217,NA,NA,FALSE,FALSE,0,NA,FALSE
500,0.2,0,0.587483,0.587483,0.550735,0.550735,0.242589,NA,FALSE,FALSE,0,NA,FALSE
500,0.2,0,0.445346,0.445346,0.314648,0.314648,NA,NA,TRUE,FALSE,0,NA,FALSE
500,0.2,0,0.542145,0.542145,0.132415,0.132415,NA,NA,FALSE,TRUE,0,NA,FALSE
500,0.2,0,0.483534,0.483534,0.0160183,0.0160183,NA,NA,TRUE,FALSE,0,NA,FALSE
500,0.2,0,0.256534,0.256534,0.341284,0.341284,0.806804,0.806804,TRUE,FALSE,0,0,FALSE
500,0.2,0,0.0791696,0.0791696,0.245877,0.245877,0.714263,0.714263,TRUE,FALSE,0,0,FALSE
500,0.2,0,0.21976,0.21976,0.242783,0.242783,0.485074,0.485074,TRUE,FALSE,0,0,FALSE
500,0.2,0,0.670979,0.670979,0.514696,0.514696,1,NA,FALSE,FALSE,0,NA,FALSE
500,0.2,0,0.158113,0.158113,0.314331,0.314331,-1,-1,TRUE,FALSE,0,0,FALSE
500,0.2,0,0.417519,0.417519,0.494106,0.494106,NA,NA,FALSE,TRUE,0,NA,FALSE
500,0.2,0,0.0150971,0.0150971,0.381591,0.381591,0.99455,0.99455,TRUE,FALSE,0,0,FALSE
500,0.2,0,0.263325,0.263325,0.849691,0.849691,NA,NA,FALSE,TRUE,0,NA,FALSE
500,0.2,0,0.259677,0.259677,0.071219,0.071219,0.6264,0.6264,TRUE,FALSE,0,0,FALSE
500,0.2,0,0.124519,0.124519,0.0213165,0.0213165,0.423667,0.423667,TRUE,FALSE,0,0,FALSE
500,0.2,0,0.135766,0.135766,0.0863329,0.0863329,0.394355,0.394355,TRUE,FALSE,0,0,FALSE
500,0.2,0,0.370528,0.370528,0.32861,0.32861,NA,NA,TRUE,FALSE,0,NA,FALSE
500,0.2,0,0.0994059,0.0994059,0.00249742,0.00249742,-0.00205449,-0.00205449,TRUE,FALSE,0,0,FALSE
500,0.2,0,0.126332,0.126332,0.237305,0.237305,-1,-1,TRUE,FALSE,0,0,FALSE
500,0.2,0,0.097978,0.097978,0.0168627,0.0168627,0.176576,0.176576,TRUE,FALSE,0,0,FALSE
500,0.2,0,0.223102,0.223102,0.13392,0.13392,0.578646,0.578646,TRUE,FALSE,0,0,FALSE
500,0.2,0,0.0580797,0.0580797,0.89721,0.89721,NA,NA,FALSE,TRUE,0,NA,FALSE
500,0.2,0,0.311349,0.311349,0.0100031,0.0100031,0.54945,0.54945,TRUE,FALSE,0,0,FALSE
500,0.2,0,0.484965,0.484965,0.242609,0.242609,NA,NA,TRUE,FALSE,0,NA,FALSE
500,0.2,0,0.103087,0.103087,0.503161,0.503161,NA,NA,FALSE,TRUE,0,NA,FALSE
500,0.2,0,0.0371833,0.0371833,0.033402,0.033402,1,1,TRUE,FALSE,0,0,TRUE
500,0.2,0,0.0248901,0.0248901,0.0836243,0.0836243,0.291927,0.291927,TRUE,FALSE,0,0,FALSE
500,0.2,0,0.0520955,0.0520955,0.790347,0.790347,NA,NA,FALSE,TRUE,0,NA,FALSE
500,0.2,0,0.642506,0.642506,0.324432,0.324432,NA,NA,FALSE,TRUE,0,NA,FALSE
500,0.2,0,0.314451,0.314451,0.0683789,0.0683789,NA,NA,TRUE,FALSE,0,NA,FALSE
500,0.2,0,0.45516,0.45516,0.217001,0.217001,-0.475227,-0.475227,TRUE,FALSE,0,0,FALSE
500,0.2,0,0.0115093,0.0115093,0.794419,0.794419,NA,NA,FALSE,TRUE,0,NA,FALSE
500,0.2,0,0.76843,0.76843,0.224535,0.224535,NA,NA,FALSE,TRUE,0,NA,FALSE
500,0.2,0,0.00982056,0.00982056,0.0373452,0.0373452,0.0685286,0.0685286,TRUE,FALSE,0,0,TRUE
500,0.2,0,0.637759,0.637759,0.00196344,0.00196344,NA,NA,FALSE,TRUE,0,NA,FALSE
500,0.2,0,0.0388269,0.0388269,0.851611,0.851611,NA,NA,FALSE,TRUE,0,NA,FALSE
500,0.2,0,0.0214715,0.0214715,0.298277,0.298277,0.768151,0.768151,TRUE,FALSE,0,0,FALSE
500,0.2,0,0.562319,0.562319,0.438613,0.438613,NA,NA,FALSE,TRUE,0,NA,FALSE
500,0.2,0,0.347817,0.347817,0.604567,0.604567,NA,NA,FALSE,TRUE,0,NA,FALSE
500,0.2,0.45,0.676017,0.676017,0.910697,0.910697,1,NA,FALSE,FALSE,0,NA,FALSE
500,0.2,0.45,0.357604,0.357604,0.601593,0.601593,NA,NA,FALSE,TRUE,0,NA,FALSE
500,0.2,0.45,0.696964,0.696964,0.976538,0.976538,0.409772,NA,FALSE,FALSE,0,NA,FALSE
500,0.2,0.45,0.00230779,0.00230779,0.00156601,0.00156601,0.28909,0.28909,TRUE,FALSE,0,0,TRUE
500,0.2,0.45,0.00228591,0.00228591,0.147512,0.147512,0.253116,0.253116,TRUE,FALSE,0,0,FALSE
500,0.2,0.45,0.206761,0.206761,0.0472514,0.0472514,-0.256085,-0.256085,TRUE,FALSE,0,0,FALSE
500,0.2,0.45,0.12446,0.12446,0.176997,0.176997,NA,NA,TRUE,FALSE,0,NA,FALSE
500,0.2,0.45,0.566296,0.566296,0.428322,0.428322,NA,NA,FALSE,TRUE,0,NA,FALSE
500,0.2,0.45,0.00917191,0.00917191,0.140277,0.140277,0.395932,0.395932,TRUE,FALSE,0,0,FALSE
500,0.2,0.45,0.634129,0.634129,0.0359792,0.0359792,NA,NA,FALSE,TRUE,0,NA,FALSE
500,0.2,0.45,0.454925,0.454925,0.0179622,0.0179622,NA,NA,TRUE,FALSE,0,NA,FALSE
500,0.2,0.45,0.252055,0.252055,0.687661,0.687661,NA,NA,FALSE,TRUE,0,NA,FALSE
500,0.2,0.45,0.0201953,0.0201953,0.268924,0.268924,0.231727,0.231727,TRUE,FALSE,0,0,FALSE
500,0.2,0.45,0.123272,0.123272,0.0784581,0.0784581,0.76243,0.76243,TRUE,FALSE,0,0,FALSE
500,0.2,0.45,0.0123389,0.0123389,0.0876329,0.0876329,0.539387,0.539387,TRUE,FALSE,0,0,FALSE
500,0.2,0.45,0.074542,0.074542,0.0671002,0.0671002,0.979163,0.979163,TRUE,FALSE,0,0,FALSE
500,0.2,0.45,0.46524,0.46524,0.120357,0.120357,NA,NA,TRUE,FALSE,0,NA,FALSE
500,0.2,0.45,0.552195,0.552195,0.100144,0.100144,NA,NA,FALSE,TRUE,0,NA,FALSE
500,0.2,0.45,0.22802,0.22802,0.663507,0.663507,NA,NA,FALSE,TRUE,0,NA,FALSE
500,0.2,0.45,0.170178,0.170178,0.843603,0.843603,NA,NA,FALSE,TRUE,0,NA,FALSE
500,0.2,0.45,0.00276774,0.00276774,0.381603,0.381603,0.51753,0.51753,TRUE,FALSE,0,0,FALSE
500,0.2,0.45,0.552077,0.552077,0.365325,0.365325,NA,NA,FALSE,TRUE,0,NA,FALSE
500,0.2,0.45,0.449477,0.449477,0.242317,0.242317,NA,NA,TRUE,FALSE,0,NA,FALSE
500,0.2,0.45,0.599808,0.599808,0.248017,0.248017,NA,NA,FALSE,TRUE,0,NA,FALSE
500,0.2,0.45,0.160084,0.160084,0.145601,0.145601,-0.0346518,-0.0346518,TRUE,FALSE,0,0,FALSE
500,0.2,0.45,0.557583,0.557583,0.0729498,0.0729498,NA,NA,FALSE,TRUE,0,NA,FALSE
500,0.2,0.45,0.400677,0.400677,0.118752,0.118752,NA,NA,TRUE,FALSE,0,NA,FALSE
500,0.2,0.45,0.611485,0.611485,0.0119837,0.0119837,NA,NA,FALSE,TRUE,0,NA,FALSE
500,0.2,0.45,0.000400956,0.000400956,0.000576862,0.000576862,-0.0882144,-0.0882144,TRUE,FALSE,0,0,TRUE
500,0.2,0.45,0.782987,0.782987,0.80463,0.80463,-0.115737,NA,FALSE,FALSE,0,NA,FALSE
500,0.2,0.45,0.981789,0.981789,0.0918775,0.0918775,NA,NA,FALSE,TRUE,0,NA,FALSE
500,0.2,0.45,0.53612,0.53612,0.571261,0.571261,NA,NA,FALSE,FALSE,0,NA,FALSE
500,0.2,0.45,0.75275,0.75275,0.683993,0.683993,NA,NA,FALSE,FALSE,0,NA,FALSE
500,0.2,0.45,0.00576402,0.00576402,0.388728,0.388728,1,1,TRUE,FALSE,0,0,FALSE
500,0.2,0.45,0.0203203,0.0203203,0.488876,0.488876,0.523475,0.523475,TRUE,FALSE,0,0,FALSE
500,0.2,0.45,0.179309,0.179309,0.489083,0.489083,NA,NA,TRUE,FALSE,0,NA,FALSE
500,0.2,0.45,0.663216,0.663216,0.0986732,0.0986732,NA,NA,FALSE,TRUE,0,NA,FALSE
500,0.2,0.45,0.473444,0.473444,0.572656,0.572656,NA,NA,FALSE,TRUE,0,NA,FALSE
500,0.2,0.45,0.408903,0.408903,0.237518,0.237518,NA,NA,TRUE,FALSE,0,NA,FALSE
500,0.2,0.45,0.0409678,0.0409678,0.0475257,0.0475257,0.171283,0.171283,TRUE,FALSE,0,0,TRUE
500,0.2,0.45,0.171094,0.171094,0.159057,0.159057,0.510891,0.510891,TRUE,FALSE,0,0,FALSE
500,0.2,0.45,0.347868,0.347868,0.242279,0.242279,0.367311,0.367311,TRUE,FALSE,0,0,FALSE
500,0.2,0.45,0.0536281,0.0536281,0.00658431,0.00658431,0.285761,0.285761,TRUE,FALSE,0,0,FALSE
500,0.2,0.45,0.108215,0.108215,0.207387,0.207387,0.513309,0.513309,TRUE,FALSE,0,0,FALSE
500,0.2,0.45,0.322045,0.322045,0.415624,0.415624,-0.746438,-0.746438,TRUE,FALSE,0,0,FALSE
500,0.2,0.45,0.101911,0.101911,0.47319,0.47319,NA,NA,TRUE,FALSE,0,NA,FALSE
500,0.2,0.45,0.186369,0.186369,0.965347,0.965347,NA,NA,FALSE,TRUE,0,NA,FALSE
500,0.2,0.45,0.137262,0.137262,0.436228,0.436228,1,1,TRUE,FALSE,0,0,FALSE
500,0.2,0.45,0.92945,0.92945,0.134706,0.134706,NA,NA,FALSE,TRUE,0,NA,FALSE
500,0.2,0.45,0.151929,0.151929,0.808289,0.808289,NA,NA,FALSE,TRUE,0,NA,FALSE
500,0.2,0.45,0.00501298,0.00501298,0.342546,0.342546,0.750597,0.750597,TRUE,FALSE,0,0,FALSE
500,0.2,0.45,0.440336,0.440336,0.616261,0.616261,NA,NA,FALSE,TRUE,0,NA,FALSE
500,0.2,0.45,0.214459,0.214459,0.0468018,0.0468018,1,1,TRUE,FALSE,0,0,FALSE
500,0.2,0.45,0.088068,0.088068,0.193031,0.193031,0.757626,0.757626,TRUE,FALSE,0,0,FALSE
500,0.2,0.45,0.493358,0.493358,0.158902,0.158902,NA,NA,FALSE,TRUE,0,NA,FALSE
500,0.2,0.45,0.02804,0.02804,0.0217599,0.0217599,0.297805,0.297805,TRUE,FALSE,0,0,TRUE
500,0.2,0.45,0.744567,0.744567,0.333693,0.333693,NA,NA,FALSE,TRUE,0,NA,FALSE
500,0.2,0.45,0.0223538,0.0223538,0.0420505,0.0420505,0.278129,0.278129,TRUE,FALSE,0,0,TRUE
500,0.2,0.45,0.536216,0.536216,0.911027,0.911027,NA,NA,FALSE,FALSE,0,NA,FALSE
500,0.2,0.45,0.124303,0.124303,0.3399,0.3399,-0.0480057,-0.0480057,TRUE,FALSE,0,0,FALSE
500,0.2,0.45,0.315271,0.315271,0.516168,0.516168,NA,NA,FALSE,TRUE,0,NA,FALSE
500,0.2,0.45,0.783439,0.783439,0.122168,0.122168,NA,NA,FALSE,TRUE,0,NA,FALSE
500,0.2,0.45,0.0732533,0.0732533,0.44472,0.44472,0.671284,0.671284,TRUE,FALSE,0,0,FALSE
500,0.2,0.45,0.000499656,0.000499656,0.852798,0.852798,NA,NA,FALSE,TRUE,0,NA,FALSE
500,0.2,0.45,0.294476,0.294476,0.275878,0.275878,NA,NA,TRUE,FALSE,0,NA,FALSE
500,0.2,0.45,0.12632,0.12632,0.503496,0.503496,NA,NA,FALSE,TRUE,0,NA,FALSE
500,0.2,0.45,0.627784,0.627784,0.471166,0.471166,NA,NA,FALSE,TRUE,0,NA,FALSE
500,0.2,0.45,0.774358,0.774358,0.28681,0.28681,NA,NA,FALSE,TRUE,0,NA,FALSE
500,0.2,0.45,0.0100907,0.0100907,0.0524897,0.0524897,0.748821,0.748821,TRUE,FALSE,0,0,FALSE
500,0.2,0.45,0.967169,0.967169,0.490261,0.490261,NA,NA,FALSE,TRUE,0,NA,FALSE
500,0.2,0.45,0.227362,0.227362,0.166901,0.166901,-1,-1,TRUE,FALSE,0,0,FALSE
500,0.2,0.45,0.273035,0.273035,0.205549,0.205549,0.163393,0.163393,TRUE,FALSE,0,0,FALSE
500,0.2,0.45,0.0733375,0.0733375,0.465821,0.465821,NA,NA,TRUE,FALSE,0,NA,FALSE
500,0.2,0.45,0.874585,0.874585,0.115886,0.115886,NA,NA,FALSE,TRUE,0,NA,FALSE
500,0.2,0.45,0.00294966,0.00294966,0.0628197,0.0628197,0.248689,0.248689,TRUE,FALSE,0,0,FALSE
500,0.2,0.45,0.578707,0.578707,0.546502,0.546502,NA,NA,FALSE,FALSE,0,NA,FALSE
500,0.2,0.45,0.382955,0.382955,0.801554,0.801554,NA,NA,FALSE,TRUE,0,NA,FALSE
500,0.2,0.45,0.233179,0.233179,0.498607,0.498607,NA,NA,FALSE,TRUE,0,NA,FALSE
500,0.2,0.45,0.402466,0.402466,0.545238,0.545238,NA,NA,FALSE,TRUE,0,NA,FALSE
500,0.2,0.45,0.124667,0.124667,0.15735,0.15735,0.170867,0.170867,TRUE,FALSE,0,0,FALSE
500,0.2,0.45,0.220734,0.220734,0.543146,0.543146,NA,NA,FALSE,TRUE,0,NA,FALSE
500,0.2,0.45,0.456831,0.456831,0.745919,0.745919,NA,NA,FALSE,TRUE,0,NA,FALSE
500,0.2,0.45,0.00443606,0.00443606,0.161923,0.161923,1,1,TRUE,FALSE,0,0,FALSE
500,0.2,0.45,0.988203,0.988203,0.0755253,0.0755253,NA,NA,FALSE,TRUE,0,NA,FALSE
500,0.2,0.45,0.025625,0.025625,0.343407,0.343407,1,1,TRUE,FALSE,0,0,FALSE
500,0.2,0.45,0.3925,0.3925,0.0213357,0.0213357,0.482476,0.482476,TRUE,FALSE,0,0,FALSE
500,0.2,0.45,0.155722,0.155722,0.471406,0.471406,0.751517,0.751517,TRUE,FALSE,0,0,FALSE
500,0.2,0.45,0.521687,0.521687,0.0538504,0.0538504,NA,NA,FALSE,TRUE,0,NA,FALSE
500,0.2,0.45,0.0174202,0.0174202,0.265101,0.265101,-0.429149,-0.429149,TRUE,FALSE,0,0,FALSE
500,0.2,0.45,0.401531,0.401531,0.0910106,0.0910106,0.626188,0.626188,TRUE,FALSE,0,0,FALSE
500,0.2,0.45,0.0484229,0.0484229,0.0203844,0.0203844,1,1,TRUE,FALSE,0,0,TRUE
500,0.2,0.45,0.00181445,0.00181445,0.0797728,0.0797728,0.356105,0.356105,TRUE,FALSE,0,0,FALSE
500,0.2,0.45,0.361381,0.361381,0.0320144,0.0320144,0.67303,0.67303,TRUE,FALSE,0,0,FALSE
500,0.2,0.45,0.805729,0.805729,0.34582,0.34582,NA,NA,FALSE,TRUE,0,NA,FALSE
500,0.2,0.45,0.218538,0.218538,0.711127,0.711127,NA,NA,FALSE,TRUE,0,NA,FALSE
500,0.2,0.45,0.00352769,0.00352769,0.258474,0.258474,NA,NA,TRUE,FALSE,0,NA,FALSE
500,0.2,0.45,0.110481,0.110481,0.0415827,0.0415827,0.679008,0.679008,TRUE,FALSE,0,0,FALSE
500,0.2,0.45,0.431449,0.431449,0.0321765,0.0321765,NA,NA,TRUE,FALSE,0,NA,FALSE
500,0.2,0.45,0.178033,0.178033,0.00628684,0.00628684,0.642374,0.642374,TRUE,FALSE,0,0,FALSE
500,0.2,0.45,0.00427313,0.00427313,0.220371,0.220371,1,1,TRUE,FALSE,0,0,FALSE
500,0.2,0.45,0.046585,0.046585,0.793369,0.793369,NA,NA,FALSE,TRUE,0,NA,FALSE
500,0.2,0.45,0.0219968,0.0219968,0.161546,0.161546,0.166778,0.166778,TRUE,FALSE,0,0,FALSE
500,0.2,0.45,0.610297,0.610297,0.0287188,0.0287188,NA,NA,FALSE,TRUE,0,NA,FALSE
500,0.2,0.45,0.519258,0.519258,0.0487972,0.0487972,NA,NA,FALSE,TRUE,0,NA,FALSE
500,0.2,0.45,0.440583,0.440583,0.0711438,0.0711438,0.844281,0.844281,TRUE,FALSE,0,0,FALSE
500,0.2,0.45,0.388052,0.388052,0.31819,0.31819,-0.0961124,-0.0961124,TRUE,FALSE,0,0,FALSE
500,0.2,0.45,0.0338196,0.0338196,0.583064,0.583064,NA,NA,FALSE,TRUE,0,NA,FALSE
500,0.2,0.45,0.846323,0.846323,0.00402522,0.00402522,NA,NA,FALSE,TRUE,0,NA,FALSE
500,0.2,0.45,0.0158226,0.0158226,0.0293257,0.0293257,0.102805,0.102805,TRUE,FALSE,0,0,TRUE
500,0.2,0.45,0.818675,0.818675,0.425024,0.425024,NA,NA,FALSE,TRUE,0,NA,FALSE
500,0.2,0.45,0.234487,0.234487,0.048278,0.048278,1,1,TRUE,FALSE,0,0,FALSE
500,0.2,0.45,0.202654,0.202654,0.350748,0.350748,NA,NA,TRUE,FALSE,0,NA,FALSE
500,0.2,0.45,0.041755,0.041755,0.847687,0.847687,NA,NA,FALSE,TRUE,0,NA,FALSE
500,0.2,0.45,0.00708351,0.00708351,0.88163,0.88163,NA,NA,FALSE,TRUE,0,NA,FALSE
500,0.2,0.45,0.177763,0.177763,0.677426,0.677426,NA,NA,FALSE,TRUE,0,NA,FALSE
500,0.2,0.45,0.354086,0.354086,0.000106976,0.000106976,-0.438708,-0.438708,TRUE,FALSE,0,0,FALSE
500,0.2,0.45,0.430966,0.430966,0.0730696,0.0730696,NA,NA,TRUE,FALSE,0,NA,FALSE
500,0.2,0.45,0.208525,0.208525,0.441315,0.441315,NA,NA,TRUE,FALSE,0,NA,FALSE
500,0.2,0.45,0.0330665,0.0330665,0.0313581,0.0313581,0.626573,0.626573,TRUE,FALSE,0,0,TRUE
500,0.2,0.45,0.345309,0.345309,0.0128559,0.0128559,0.895409,0.895409,TRUE,FALSE,0,0,FALSE
500,0.2,0.45,0.269167,0.269167,0.0596345,0.0596345,-0.332477,-0.332477,TRUE,FALSE,0,0,FALSE
500,0.2,0.45,0.0967004,0.0967004,0.205813,0.205813,0.977285,0.977285,TRUE,FALSE,0,0,FALSE
500,0.2,0.45,0.670716,0.670716,0.408565,0.408565,NA,NA,FALSE,TRUE,0,NA,FALSE
500,0.2,0.45,0.0610575,0.0610575,0.000489918,0.000489918,0.465284,0.465284,TRUE,FALSE,0,0,FALSE
500,0.2,0.45,0.256189,0.256189,0.122721,0.122721,NA,NA,TRUE,FALSE,0,NA,FALSE
500,0.2,0.45,0.0951001,0.0951001,0.055542,0.055542,1,1,TRUE,FALSE,0,0,FALSE
500,0.2,0.45,0.732049,0.732049,0.0125284,0.0125284,NA,NA,FALSE,TRUE,0,NA,FALSE
500,0.2,0.45,0.403688,0.403688,0.956584,0.956584,NA,NA,FALSE,TRUE,0,NA,FALSE
500,0.2,0.45,0.176772,0.176772,0.0374954,0.0374954,0.766315,0.766315,TRUE,FALSE,0,0,FALSE
500,0.2,0.45,0.022402,0.022402,0.00340522,0.00340522,NA,NA,TRUE,FALSE,0,NA,TRUE
500,0.2,0.45,0.217646,0.217646,0.649866,0.649866,NA,NA,FALSE,TRUE,0,NA,FALSE
500,0.2,0.45,0.458326,0.458326,0.0335053,0.0335053,1,1,TRUE,FALSE,0,0,FALSE
500,0.2,0.45,0.246926,0.246926,0.177585,0.177585,-0.42829,-0.42829,TRUE,FALSE,0,0,FALSE
500,0.2,0.45,0.0105284,0.0105284,0.118318,0.118318,NA,NA,TRUE,FALSE,0,NA,FALSE
500,0.2,0.45,0.0195061,0.0195061,0.293355,0.293355,1,1,TRUE,FALSE,0,0,FALSE
500,0.2,0.45,0.139994,0.139994,0.176531,0.176531,-0.0908536,-0.0908536,TRUE,FALSE,0,0,FALSE
500,0.2,0.45,0.666959,0.666959,0.397797,0.397797,NA,NA,FALSE,TRUE,0,NA,FALSE
500,0.2,0.45,0.262782,0.262782,0.150561,0.150561,0.227196,0.227196,TRUE,FALSE,0,0,FALSE
500,0.2,0.45,0.923042,0.923042,0.415286,0.415286,NA,NA,FALSE,TRUE,0,NA,FALSE
500,0.2,0.45,0.245795,0.245795,0.393037,0.393037,NA,NA,TRUE,FALSE,0,NA,FALSE
500,0.2,0.45,0.453626,0.453626,0.242244,0.242244,-0.905753,-0.905753,TRUE,FALSE,0,0,FALSE
500,0.2,0.45,0.185697,0.185697,0.00214652,0.00214652,0.467997,0.467997,TRUE,FALSE,0,0,FALSE
500,0.2,0.45,0.664357,0.664357,0.0581598,0.0581598,NA,NA,FALSE,TRUE,0,NA,FALSE
500,0.2,0.45,0.000191599,0.000191599,0.0780838,0.0780838,1,1,TRUE,FALSE,0,0,FALSE
500,0.2,0.45,0.00177419,0.00177419,0.0813948,0.0813948,0.660272,0.660272,TRUE,FALSE,0,0,FALSE
500,0.2,0.45,0.43174,0.43174,0.971415,0.971415,NA,NA,FALSE,TRUE,0,NA,FALSE
500,0.2,0.45,0.672825,0.672825,0.634584,0.634584,1,NA,FALSE,FALSE,0,NA,FALSE
500,0.2,0.45,0.151333,0.151333,0.00295169,0.00295169,-0.0212103,-0.0212103,TRUE,FALSE,0,0,FALSE
500,0.2,0.45,0.159025,0.159025,0.416631,0.416631,1,1,TRUE,FALSE,0,0,FALSE
500,0.2,0.45,0.141864,0.141864,0.0647297,0.0647297,0.31463,0.31463,TRUE,FALSE,0,0,FALSE
500,0.2,0.45,0.339115,0.339115,0.0153498,0.0153498,-0.738455,-0.738455,TRUE,FALSE,0,0,FALSE
500,0.2,0.45,0.348111,0.348111,0.157109,0.157109,0.967262,0.967262,TRUE,FALSE,0,0,FALSE
500,0.2,0.45,0.0294699,0.0294699,0.205207,0.205207,0.3609,0.3609,TRUE,FALSE,0,0,FALSE
500,0.2,0.45,0.0092664,0.0092664,0.0756907,0.0756907,0.433075,0.433075,TRUE,FALSE,0,0,FALSE
500,0.2,0.45,0.148652,0.148652,0.16677,0.16677,NA,NA,TRUE,FALSE,0,NA,FALSE
500,0.2,0.45,0.250647,0.250647,0.12371,0.12371,0.257254,0.257254,TRUE,FALSE,0,0,FALSE
500,0.2,0.45,0.0356734,0.0356734,0.0115214,0.0115214,0.795228,0.795228,TRUE,FALSE,0,0,TRUE
500,0.2,0.45,0.0736895,0.0736895,0.633941,0.633941,NA,NA,FALSE,TRUE,0,NA,FALSE
500,0.2,0.45,0.198993,0.198993,0.280627,0.280627,0.289376,0.289376,TRUE,FALSE,0,0,FALSE
500,0.2,0.45,0.0454671,0.0454671,0.632343,0.632343,NA,NA,FALSE,TRUE,0,NA,FALSE
500,0.2,0.45,0.511025,0.511025,0.714612,0.714612,NA,NA,FALSE,FALSE,0,NA,FALSE
500,0.2,0.45,0.277566,0.277566,0.518282,0.518282,NA,NA,FALSE,TRUE,0,NA,FALSE
500,0.2,0.45,0.11884,0.11884,0.0153386,0.0153386,-0.383837,-0.383837,TRUE,FALSE,0,0,FALSE
500,0.2,0.45,0.776409,0.776409,0.0991327,0.0991327,NA,NA,FALSE,TRUE,0,NA,FALSE
500,0.2,0.45,0.150773,0.150773,0.0267228,0.0267228,0.799999,0.799999,TRUE,FALSE,0,0,FALSE
500,0.2,0.45,0.167155,0.167155,0.419185,0.419185,NA,NA,TRUE,FALSE,0,NA,FALSE
500,0.2,0.45,0.02766,0.02766,0.316669,0.316669,0.284778,0.284778,TRUE,FALSE,0,0,FALSE
500,0.2,0.45,0.125222,0.125222,0.0149632,0.0149632,0.945676,0.945676,TRUE,FALSE,0,0,FALSE
500,0.2,0.45,0.237033,0.237033,0.280761,0.280761,1,1,TRUE,FALSE,0,0,FALSE
500,0.2,0.45,0.892622,0.892622,0.99219,0.99219,0.696699,NA,FALSE,FALSE,0,NA,FALSE
500,0.2,0.45,0.810954,0.810954,0.172259,0.172259,NA,NA,FALSE,TRUE,0,NA,FALSE
500,0.2,0.45,0.045457,0.045457,0.00312397,0.00312397,0.646961,0.646961,TRUE,FALSE,0,0,TRUE
500,0.2,0.45,0.364078,0.364078,0.545725,0.545725,NA,NA,FALSE,TRUE,0,NA,FALSE
500,0.2,0.45,0.598556,0.598556,0.302001,0.302001,NA,NA,FALSE,TRUE,0,NA,FALSE
500,0.2,0.45,0.292125,0.292125,0.147637,0.147637,1,1,TRUE,FALSE,0,0,FALSE
500,0.2,0.45,0.13488,0.13488,0.398963,0.398963,-0.120229,-0.120229,TRUE,FALSE,0,0,FALSE
500,0.2,0.45,0.523018,0.523018,0.237854,0.237854,NA,NA,FALSE,TRUE,0,NA,FALSE
500,0.2,0.45,0.186753,0.186753,0.0118456,0.0118456,0.874462,0.874462,TRUE,FALSE,0,0,FALSE
500,0.2,0.45,0.858711,0.858711,0.0883735,0.0883735,NA,NA,FALSE,TRUE,0,NA,FALSE
500,0.2,0.45,0.25872,0.25872,0.027564,0.027564,0.17745,0.17745,TRUE,FALSE,0,0,FALSE
500,0.2,0.45,0.327759,0.327759,0.444554,0.444554,1,1,TRUE,FALSE,0,0,FALSE
500,0.2,0.45,0.566167,0.566167,0.379219,0.379219,NA,NA,FALSE,TRUE,0,NA,FALSE
500,0.2,0.45,0.5462,0.5462,0.0613451,0.0613451,NA,NA,FALSE,TRUE,0,NA,FALSE
500,0.2,0.45,0.0834586,0.0834586,0.576391,0.576391,NA,NA,FALSE,TRUE,0,NA,FALSE
500,0.2,0.45,0.0140679,0.0140679,0.051756,0.051756,0.477704,0.477704,TRUE,FALSE,0,0,FALSE
500,0.2,0.45,0.584224,0.584224,0.000373042,0.000373042,NA,NA,FALSE,TRUE,0,NA,FALSE
500,0.2,0.45,0.321535,0.321535,0.607887,0.607887,NA,NA,FALSE,TRUE,0,NA,FALSE
500,0.2,0.45,0.139147,0.139147,0.0939259,0.0939259,0.879111,0.879111,TRUE,FALSE,0,0,FALSE
500,0.2,0.45,0.521696,0.521696,0.372093,0.372093,NA,NA,FALSE,TRUE,0,NA,FALSE
500,0.2,0.45,0.426833,0.426833,0.692965,0.692965,NA,NA,FALSE,TRUE,0,NA,FALSE
500,0.2,0.45,0.172651,0.172651,0.165238,0.165238,-0.0521966,-0.0521966,TRUE,FALSE,0,0,FALSE
500,0.2,0.45,0.273284,0.273284,0.403191,0.403191,NA,NA,TRUE,FALSE,0,NA,FALSE
500,0.2,0.45,0.355428,0.355428,0.403835,0.403835,NA,NA,TRUE,FALSE,0,NA,FALSE
500,0.2,0.45,0.18661,0.18661,0.086736,0.086736,0.371935,0.371935,TRUE,FALSE,0,0,FALSE
500,0.2,0.45,0.0217602,0.0217602,0.141685,0.141685,0.208076,0.208076,TRUE,FALSE,0,0,FALSE
500,0.2,0.45,0.213987,0.213987,0.0191515,0.0191515,0.313254,0.313254,TRUE,FALSE,0,0,FALSE
500,0.2,0.45,0.194554,0.194554,0.125346,0.125346,1,1,TRUE,FALSE,0,0,FALSE
500,0.2,0.45,0.0258533,0.0258533,0.0783197,0.0783197,-0.00982266,-0.00982266,TRUE,FALSE,0,0,FALSE
500,0.2,0.45,0.0315512,0.0315512,0.556747,0.556747,NA,NA,FALSE,TRUE,0,NA,FALSE
500,0.2,0.45,0.658744,0.658744,0.374791,0.374791,NA,NA,FALSE,TRUE,0,NA,FALSE
500,0.2,0.9,0.0120144,0.0120144,0.552157,0.552157,NA,NA,FALSE,TRUE,0,NA,FALSE
500,0.2,0.9,0.0270439,0.0270439,0.366671,0.366671,0.0967338,0.0967338,TRUE,FALSE,0,0,FALSE
500,0.2,0.9,0.237786,0.237786,0.021051,0.021051,1,1,TRUE,FALSE,0,0,FALSE
500,0.2,0.9,0.0261652,0.0261652,0.0986037,0.0986037,0.523689,0.523689,TRUE,FALSE,0,0,FALSE
500,0.2,0.9,0.479042,0.479042,0.0526991,0.0526991,-0.875898,-0.875898,TRUE,FALSE,0,0,FALSE
500,0.2,0.9,0.702334,0.702334,0.122915,0.122915,NA,NA,FALSE,TRUE,0,NA,FALSE
500,0.2,0.9,0.281483,0.281483,0.797784,0.797784,NA,NA,FALSE,TRUE,0,NA,FALSE
500,0.2,0.9,0.00121481,0.00121481,0.465506,0.465506,NA,NA,TRUE,FALSE,0,NA,FALSE
500,0.2,0.9,0.154103,0.154103,0.00451773,0.00451773,-0.101791,-0.101791,TRUE,FALSE,0,0,FALSE
500,0.2,0.9,0.109774,0.109774,0.369453,0.369453,0.7034,0.7034,TRUE,FALSE,0,0,FALSE
500,0.2,0.9,0.365274,0.365274,0.00710979,0.00710979,NA,NA,TRUE,FALSE,0,NA,FALSE
500,0.2,0.9,0.533114,0.533114,0.00687214,0.00687214,NA,NA,FALSE,TRUE,0,NA,FALSE
500,0.2,0.9,0.553421,0.553421,0.467654,0.467654,NA,NA,FALSE,TRUE,0,NA,FALSE
500,0.2,0.9,0.39329,0.39329,0.208335,0.208335,0.776921,0.776921,TRUE,FALSE,0,0,FALSE
500,0.2,0.9,0.38988,0.38988,0.204861,0.204861,NA,NA,TRUE,FALSE,0,NA,FALSE
500,0.2,0.9,0.557593,0.557593,0.0123016,0.0123016,NA,NA,FALSE,TRUE,0,NA,FALSE
500,0.2,0.9,0.163498,0.163498,0.0587753,0.0587753,0.681339,0.681339,TRUE,FALSE,0,0,FALSE
500,0.2,0.9,0.723352,0.723352,0.207035,0.207035,NA,NA,FALSE,TRUE,0,NA,FALSE
500,0.2,0.9,0.0447054,0.0447054,0.398812,0.398812,NA,NA,TRUE,FALSE,0,NA,FALSE
500,0.2,0.9,0.108427,0.108427,0.310665,0.310665,1,1,TRUE,FALSE,0,0,FALSE
500,0.2,0.9,0.0682555,0.0682555,0.343355,0.343355,0.0258661,0.0258661,TRUE,FALSE,0,0,FALSE
500,0.2,0.9,0.740124,0.740124,0.146376,0.146376,NA,NA,FALSE,TRUE,0,NA,FALSE
500,0.2,0.9,0.00473809,0.00473809,0.375838,0.375838,0.183905,0.183905,TRUE,FALSE,0,0,FALSE
500,0.2,0.9,0.845794,0.845794,0.217386,0.217386,NA,NA,FALSE,TRUE,0,NA,FALSE
500,0.2,0.9,0.925274,0.925274,0.277999,0.277999,NA,NA,FALSE,TRUE,0,NA,FALSE
500,0.2,0.9,0.199412,0.199412,0.755742,0.755742,NA,NA,FALSE,TRUE,0,NA,FALSE
500,0.2,0.9,0.232303,0.232303,0.411946,0.411946,NA,NA,TRUE,FALSE,0,NA,FALSE
500,0.2,0.9,0.697678,0.697678,0.205647,0.205647,NA,NA,FALSE,TRUE,0,NA,FALSE
500,0.2,0.9,0.0908898,0.0908898,0.0295401,0.0295401,0.627878,0.627878,TRUE,FALSE,0,0,FALSE
500,0.2,0.9,0.218143,0.218143,0.000128266,0.000128266,-0.0963113,-0.0963113,TRUE,FALSE,0,0,FALSE
500,0.2,0.9,0.399675,0.399675,0.374162,0.374162,-0.257554,-0.257554,TRUE,FALSE,0,0,FALSE
500,0.2,0.9,0.0597156,0.0597156,0.0045504,0.0045504,0.763744,0.763744,TRUE,FALSE,0,0,FALSE
500,0.2,0.9,0.000539733,0.000539733,0.232998,0.232998,0.423845,0.423845,TRUE,FALSE,0,0,FALSE
500,0.2,0.9,0.200395,0.200395,0.0783012,0.0783012,0.505745,0.505745,TRUE,FALSE,0,0,FALSE
500,0.2,0.9,0.834667,0.834667,0.320807,0.320807,NA,NA,FALSE,TRUE,0,NA,FALSE
500,0.2,0.9,0.0841923,0.0841923,0.946028,0.946028,NA,NA,FALSE,TRUE,0,NA,FALSE
500,0.2,0.9,0.573518,0.573518,0.444788,0.444788,NA,NA,FALSE,TRUE,0,NA,FALSE
500,0.2,0.9,0.168712,0.168712,0.12442,0.12442,0.788839,0.788839,TRUE,FALSE,0,0,FALSE
500,0.2,0.9,0.235387,0.235387,0.991543,0.991543,NA,NA,FALSE,TRUE,0,NA,FALSE
500,0.2,0.9,0.000257563,0.000257563,0.147761,0.147761,0.880742,0.880742,TRUE,FALSE,0,0,FALSE
500,0.2,0.9,0.0560508,0.0560508,0.171611,0.171611,0.409714,0.409714,TRUE,FALSE,0,0,FALSE
500,0.2,0.9,0.222882,0.222882,0.147532,0.147532,-0.222799,-0.222799,TRUE,FALSE,0,0,FALSE
500,0.2,0.9,0.0280741,0.0280741,0.497644,0.497644,NA,NA,FALSE,TRUE,0,NA,FALSE
500,0.2,0.9,0.0693521,0.0693521,0.641137,0.641137,NA,NA,FALSE,TRUE,0,NA,FALSE
500,0.2,0.9,0.0420107,0.0420107,0.0205614,0.0205614,0.785611,0.785611,TRUE,FALSE,0,0,TRUE
500,0.2,0.9,0.0218193,0.0218193,0.290588,0.290588,1,1,TRUE,FALSE,0,0,FALSE
500,0.2,0.9,0.0956027,0.0956027,0.275266,0.275266,NA,NA,TRUE,FALSE,0,NA,FALSE
500,0.2,0.9,0.151197,0.151197,0.141229,0.141229,0.10281,0.10281,TRUE,FALSE,0,0,FALSE
500,0.2,0.9,0.617434,0.617434,0.0138544,0.0138544,NA,NA,FALSE,TRUE,0,NA,FALSE
500,0.2,0.9,0.413396,0.413396,0.321024,0.321024,NA,NA,TRUE,FALSE,0,NA,FALSE
500,0.2,0.9,0.477663,0.477663,0.494694,0.494694,NA,NA,FALSE,TRUE,0,NA,FALSE
500,0.2,0.9,0.0786139,0.0786139,0.117127,0.117127,0.893933,0.893933,TRUE,FALSE,0,0,FALSE
500,0.2,0.9,0.00552476,0.00552476,0.430641,0.430641,NA,NA,TRUE,FALSE,0,NA,FALSE
500,0.2,0.9,0.871726,0.871726,0.549329,0.549329,-0.304519,NA,FALSE,FALSE,0,NA,FALSE
500,0.2,0.9,0.312397,0.312397,0.0190202,0.0190202,0.501572,0.501572,TRUE,FALSE,0,0,FALSE
500,0.2,0.9,0.451932,0.451932,0.602318,0.602318,NA,NA,FALSE,TRUE,0,NA,FALSE
500,0.2,0.9,0.364655,0.364655,0.169591,0.169591,NA,NA,TRUE,FALSE,0,NA,FALSE
500,0.2,0.9,0.166608,0.166608,0.314958,0.314958,0.780225,0.780225,TRUE,FALSE,0,0,FALSE
500,0.2,0.9,0.824534,0.824534,0.0938251,0.0938251,NA,NA,FALSE,TRUE,0,NA,FALSE
500,0.2,0.9,0.519055,0.519055,0.116348,0.116348,NA,NA,FALSE,TRUE,0,NA,FALSE
500,0.2,0.9,0.394721,0.394721,0.234966,0.234966,NA,NA,TRUE,FALSE,0,NA,FALSE
500,0.2,0.9,0.637436,0.637436,0.818164,0.818164,1,NA,FALSE,FALSE,0,NA,FALSE
500,0.2,0.9,0.401577,0.401577,0.268807,0.268807,NA,NA,TRUE,FALSE,0,NA,FALSE
500,0.2,0.9,0.221374,0.221374,0.277342,0.277342,NA,NA,TRUE,FALSE,0,NA,FALSE
500,0.2,0.9,0.0721024,0.0721024,0.0522321,0.0522321,0.737496,0.737496,TRUE,FALSE,0,0,FALSE
500,0.2,0.9,0.37128,0.37128,0.236987,0.236987,NA,NA,TRUE,FALSE,0,NA,FALSE
500,0.2,0.9,0.016359,0.016359,0.0734545,0.0734545,1,1,TRUE,FALSE,0,0,FALSE
500,0.2,0.9,0.0137222,0.0137222,0.384865,0.384865,0.577728,0.577728,TRUE,FALSE,0,0,FALSE
500,0.2,0.9,0.284197,0.284197,0.459318,0.459318,NA,NA,TRUE,FALSE,0,NA,FALSE
500,0.2,0.9,0.30791,0.30791,0.124714,0.124714,1,1,TRUE,FALSE,0,0,FALSE
500,0.2,0.9,0.0403505,0.0403505,0.056473,0.056473,1,1,TRUE,FALSE,0,0,FALSE
500,0.2,0.9,0.639366,0.639366,0.250358,0.250358,NA,NA,FALSE,TRUE,0,NA,FALSE
500,0.2,0.9,0.292433,0.292433,0.125662,0.125662,NA,NA,TRUE,FALSE,0,NA,FALSE
500,0.2,0.9,0.604832,0.604832,0.378515,0.378515,NA,NA,FALSE,TRUE,0,NA,FALSE
500,0.2,0.9,0.00952825,0.00952825,0.793611,0.793611,NA,NA,FALSE,TRUE,0,NA,FALSE
500,0.2,0.9,0.19738,0.19738,0.0782897,0.0782897,1,1,TRUE,FALSE,0,0,FALSE
500,0.2,0.9,0.0886801,0.0886801,0.197718,0.197718,0.862018,0.862018,TRUE,FALSE,0,0,FALSE
500,0.2,0.9,0.0756537,0.0756537,0.315017,0.315017,NA,NA,TRUE,FALSE,0,NA,FALSE
500,0.2,0.9,0.046131,0.046131,0.00628747,0.00628747,0.810444,0.810444,TRUE,FALSE,0,0,TRUE
500,0.2,0.9,0.0118229,0.0118229,0.511775,0.511775,NA,NA,FALSE,TRUE,0,NA,FALSE
500,0.2,0.9,0.39653,0.39653,0.0808495,0.0808495,0.866351,0.866351,TRUE,FALSE,0,0,FALSE
500,0.2,0.9,0.054996,0.054996,0.879636,0.879636,NA,NA,FALSE,TRUE,0,NA,FALSE
500,0.2,0.9,0.826739,0.826739,0.396326,0.396326,NA,NA,FALSE,TRUE,0,NA,FALSE
500,0.2,0.9,0.051906,0.051906,0.293556,0.293556,NA,NA,TRUE,FALSE,0,NA,FALSE
500,0.2,0.9,0.57877,0.57877,0.580961,0.580961,NA,NA,FALSE,FALSE,0,NA,FALSE
500,0.2,0.9,0.177689,0.177689,0.843388,0.843388,NA,NA,FALSE,TRUE,0,NA,FALSE
500,0.2,0.9,0.519495,0.519495,0.0413007,0.0413007,NA,NA,FALSE,TRUE,0,NA,FALSE
500,0.2,0.9,0.882476,0.882476,0.579622,0.579622,-0.399435,NA,FALSE,FALSE,0,NA,FALSE
500,0.2,0.9,0.306171,0.306171,0.346996,0.346996,NA,NA,TRUE,FALSE,0,NA,FALSE
500,0.2,0.9,0.128183,0.128183,0.597839,0.597839,NA,NA,FALSE,TRUE,0,NA,FALSE
500,0.2,0.9,0.478595,0.478595,0.11815,0.11815,NA,NA,TRUE,FALSE,0,NA,FALSE
500,0.2,0.9,0.719319,0.719319,0.311725,0.311725,NA,NA,FALSE,TRUE,0,NA,FALSE
500,0.2,0.9,0.254772,0.254772,0.154435,0.154435,NA,NA,TRUE,FALSE,0,NA,FALSE
500,0.2,0.9,0.573649,0.573649,0.498833,0.498833,NA,NA,FALSE,FALSE,0,NA,FALSE
500,0.2,0.9,0.0642586,0.0642586,0.607583,0.607583,NA,NA,FALSE,TRUE,0,NA,FALSE
500,0.2,0.9,0.127426,0.127426,0.0168391,0.0168391,-0.11645,-0.11645,TRUE,FALSE,0,0,FALSE
500,0.2,0.9,0.43671,0.43671,0.0398338,0.0398338,NA,NA,TRUE,FALSE,0,NA,FALSE
500,0.2,0.9,0.376902,0.376902,0.162484,0.162484,NA,NA,TRUE,FALSE,0,NA,FALSE
500,0.2,0.9,0.482842,0.482842,0.358804,0.358804,NA,NA,TRUE,FALSE,0,NA,FALSE
500,0.2,0.9,0.249071,0.249071,0.21562,0.21562,0.647594,0.647594,TRUE,FALSE,0,0,FALSE
500,0.2,0.9,0.0674331,0.0674331,0.0907951,0.0907951,NA,NA,TRUE,FALSE,0,NA,FALSE
500,0.2,0.9,0.247091,0.247091,0.0299149,0.0299149,0.839823,0.839823,TRUE,FALSE,0,0,FALSE
500,0.2,0.9,0.0718994,0.0718994,0.104472,0.104472,-0.364291,-0.364291,TRUE,FALSE,0,0,FALSE
500,0.2,0.9,0.0332658,0.0332658,0.000162078,0.000162078,0.542416,0.542416,TRUE,FALSE,0,0,TRUE
500,0.2,0.9,0.29162,0.29162,0.00104932,0.00104932,0.95989,0.95989,TRUE,FALSE,0,0,FALSE
500,0.2,0.9,0.244424,0.244424,0.00262403,0.00262403,NA,NA,TRUE,FALSE,0,NA,FALSE
500,0.2,0.9,0.514544,0.514544,0.00823509,0.00823509,NA,NA,FALSE,TRUE,0,NA,FALSE
500,0.2,0.9,0.0922308,0.0922308,0.256555,0.256555,NA,NA,TRUE,FALSE,0,NA,FALSE
500,0.2,0.9,0.324109,0.324109,0.0508227,0.0508227,-0.409743,-0.409743,TRUE,FALSE,0,0,FALSE
500,0.2,0.9,0.339219,0.339219,0.156614,0.156614,NA,NA,TRUE,FALSE,0,NA,FALSE
500,0.2,0.9,0.00653123,0.00653123,0.312812,0.312812,NA,NA,TRUE,FALSE,0,NA,FALSE
500,0.2,0.9,0.405352,0.405352,0.108068,0.108068,NA,NA,TRUE,FALSE,0,NA,FALSE
500,0.2,0.9,0.337362,0.337362,0.57039,0.57039,NA,NA,FALSE,TRUE,0,NA,FALSE
500,0.2,0.9,0.337129,0.337129,0.0423324,0.0423324,NA,NA,TRUE,FALSE,0,NA,FALSE
500,0.2,0.9,0.332549,0.332549,0.323259,0.323259,NA,NA,TRUE,FALSE,0,NA,FALSE
500,0.2,0.9,0.746883,0.746883,0.074506,0.074506,NA,NA,FALSE,TRUE,0,NA,FALSE
500,0.2,0.9,0.0805532,0.0805532,0.0153679,0.0153679,0.201719,0.201719,TRUE,FALSE,0,0,FALSE
500,0.2,0.9,0.128174,0.128174,0.985914,0.985914,NA,NA,FALSE,TRUE,0,NA,FALSE
500,0.2,0.9,0.077468,0.077468,0.0880127,0.0880127,1,1,TRUE,FALSE,0,0,FALSE
500,0.2,0.9,0.0145412,0.0145412,0.00503992,0.00503992,-0.0478394,-0.0478394,TRUE,FALSE,0,0,TRUE
500,0.2,0.9,0.025867,0.025867,0.580076,0.580076,NA,NA,FALSE,TRUE,0,NA,FALSE
500,0.2,0.9,0.955986,0.955986,0.100218,0.100218,NA,NA,FALSE,TRUE,0,NA,FALSE
500,0.2,0.9,0.233451,0.233451,0.399946,0.399946,-0.420003,-0.420003,TRUE,FALSE,0,0,FALSE
500,0.2,0.9,0.426216,0.426216,0.125046,0.125046,-0.253047,-0.253047,TRUE,FALSE,0,0,FALSE
500,0.2,0.9,0.370159,0.370159,0.0139256,0.0139256,0.697422,0.697422,TRUE,FALSE,0,0,FALSE
500,0.2,0.9,0.152928,0.152928,0.00306341,0.00306341,0.352561,0.352561,TRUE,FALSE,0,0,FALSE
500,0.2,0.9,0.586096,0.586096,0.202045,0.202045,NA,NA,FALSE,TRUE,0,NA,FALSE
500,0.2,0.9,0.368045,0.368045,0.417484,0.417484,NA,NA,TRUE,FALSE,0,NA,FALSE
500,0.2,0.9,0.000244182,0.000244182,0.461966,0.461966,NA,NA,TRUE,FALSE,0,NA,FALSE
500,0.2,0.9,0.65432,0.65432,0.262691,0.262691,NA,NA,FALSE,TRUE,0,NA,FALSE
500,0.2,0.9,0.0871888,0.0871888,0.134893,0.134893,NA,NA,TRUE,FALSE,0,NA,FALSE
500,0.2,0.9,0.432974,0.432974,0.182194,0.182194,NA,NA,TRUE,FALSE,0,NA,FALSE
500,0.2,0.9,0.731654,0.731654,0.00677806,0.00677806,NA,NA,FALSE,TRUE,0,NA,FALSE
500,0.2,0.9,0.00993789,0.00993789,0.295032,0.295032,NA,NA,TRUE,FALSE,0,NA,FALSE
500,0.2,0.9,0.291002,0.291002,0.00456374,0.00456374,0.765006,0.765006,TRUE,FALSE,0,0,FALSE
500,0.2,0.9,0.0953645,0.0953645,0.168645,0.168645,1,1,TRUE,FALSE,0,0,FALSE
500,0.2,0.9,0.323217,0.323217,0.370817,0.370817,NA,NA,TRUE,FALSE,0,NA,FALSE
500,0.2,0.9,0.508094,0.508094,0.481605,0.481605,NA,NA,FALSE,TRUE,0,NA,FALSE
500,0.2,0.9,0.0407512,0.0407512,0.215808,0.215808,NA,NA,TRUE,FALSE,0,NA,FALSE
500,0.2,0.9,0.38275,0.38275,0.182964,0.182964,NA,NA,TRUE,FALSE,0,NA,FALSE
500,0.2,0.9,0.307336,0.307336,0.503441,0.503441,NA,NA,FALSE,TRUE,0,NA,FALSE
500,0.2,0.9,0.193662,0.193662,0.239039,0.239039,-0.207388,-0.207388,TRUE,FALSE,0,0,FALSE
500,0.2,0.9,0.0188334,0.0188334,0.513743,0.513743,NA,NA,FALSE,TRUE,0,NA,FALSE
500,0.2,0.9,0.0741386,0.0741386,0.659229,0.659229,NA,NA,FALSE,TRUE,0,NA,FALSE
500,0.2,0.9,0.461415,0.461415,0.140231,0.140231,NA,NA,TRUE,FALSE,0,NA,FALSE
500,0.2,0.9,0.473982,0.473982,0.0739998,0.0739998,NA,NA,TRUE,FALSE,0,NA,FALSE
500,0.2,0.9,0.117631,0.117631,0.0057567,0.0057567,0.79509,0.79509,TRUE,FALSE,0,0,FALSE
500,0.2,0.9,0.11996,0.11996,0.430086,0.430086,1,1,TRUE,FALSE,0,0,FALSE
500,0.2,0.9,0.0360772,0.0360772,0.0436771,0.0436771,1,1,TRUE,FALSE,0,0,TRUE
500,0.2,0.9,0.582301,0.582301,0.0953841,0.0953841,NA,NA,FALSE,TRUE,0,NA,FALSE
500,0.2,0.9,0.163186,0.163186,0.614416,0.614416,NA,NA,FALSE,TRUE,0,NA,FALSE
500,0.2,0.9,0.0688698,0.0688698,0.927003,0.927003,NA,NA,FALSE,TRUE,0,NA,FALSE
500,0.2,0.9,0.687911,0.687911,0.796652,0.796652,0.735944,NA,FALSE,FALSE,0,NA,FALSE
500,0.2,0.9,0.437968,0.437968,0.130487,0.130487,-0.112846,-0.112846,TRUE,FALSE,0,0,FALSE
500,0.2,0.9,0.169777,0.169777,0.358234,0.358234,NA,NA,TRUE,FALSE,0,NA,FALSE
500,0.2,0.9,0.303103,0.303103,0.374086,0.374086,0.634008,0.634008,TRUE,FALSE,0,0,FALSE
500,0.2,0.9,0.320489,0.320489,0.08161,0.08161,NA,NA,TRUE,FALSE,0,NA,FALSE
500,0.2,0.9,0.00211607,0.00211607,0.372657,0.372657,NA,NA,TRUE,FALSE,0,NA,FALSE
500,0.2,0.9,0.61491,0.61491,0.239601,0.239601,NA,NA,FALSE,TRUE,0,NA,FALSE
500,0.2,0.9,0.0740079,0.0740079,0.181618,0.181618,0.42226,0.42226,TRUE,FALSE,0,0,FALSE
500,0.2,0.9,0.0124133,0.0124133,0.0403571,0.0403571,NA,NA,TRUE,FALSE,0,NA,TRUE
500,0.2,0.9,0.492673,0.492673,0.96182,0.96182,NA,NA,FALSE,FALSE,0,NA,FALSE
500,0.2,0.9,0.433101,0.433101,0.379644,0.379644,1,1,TRUE,FALSE,0,0,FALSE
500,0.2,0.9,0.646176,0.646176,0.454438,0.454438,NA,NA,FALSE,TRUE,0,NA,FALSE
500,0.2,0.9,0.2338,0.2338,0.254645,0.254645,0.907039,0.907039,TRUE,FALSE,0,0,FALSE
500,0.2,0.9,0.00204271,0.00204271,0.00227406,0.00227406,NA,NA,TRUE,FALSE,0,NA,TRUE
500,0.2,0.9,0.885332,0.885332,0.0134334,0.0134334,NA,NA,FALSE,TRUE,0,NA,FALSE
500,0.2,0.9,0.395591,0.395591,0.53704,0.53704,NA,NA,FALSE,TRUE,0,NA,FALSE
500,0.2,0.9,0.645624,0.645624,0.540743,0.540743,NA,NA,FALSE,FALSE,0,NA,FALSE
500,0.2,0.9,0.168873,0.168873,0.817199,0.817199,NA,NA,FALSE,TRUE,0,NA,FALSE
500,0.2,0.9,0.00327885,0.00327885,0.325938,0.325938,0.356292,0.356292,TRUE,FALSE,0,0,FALSE
500,0.2,0.9,0.194939,0.194939,0.440805,0.440805,0.760411,0.760411,TRUE,FALSE,0,0,FALSE
500,0.2,0.9,0.219651,0.219651,0.0293393,0.0293393,0.792352,0.792352,TRUE,FALSE,0,0,FALSE
500,0.2,0.9,0.0577751,0.0577751,0.18046,0.18046,1,1,TRUE,FALSE,0,0,FALSE
500,0.2,0.9,0.271936,0.271936,0.0958226,0.0958226,-0.0413657,-0.0413657,TRUE,FALSE,0,0,FALSE
500,0.2,0.9,0.0543446,0.0543446,0.0605107,0.0605107,0.233735,0.233735,TRUE,FALSE,0,0,FALSE
500,0.2,0.9,0.496934,0.496934,0.351494,0.351494,NA,NA,FALSE,TRUE,0,NA,FALSE
500,0.2,0.9,0.499372,0.499372,0.715914,0.715914,NA,NA,FALSE,FALSE,0,NA,FALSE
500,0.2,0.9,0.0132073,0.0132073,0.0763073,0.0763073,0.206966,0.206966,TRUE,FALSE,0,0,FALSE
500,0.2,0.9,0.504081,0.504081,0.226037,0.226037,NA,NA,FALSE,TRUE,0,NA,FALSE
500,0.2,0.9,0.61873,0.61873,0.205196,0.205196,NA,NA,FALSE,TRUE,0,NA,FALSE
500,0.2,0.9,0.0503896,0.0503896,0.256401,0.256401,NA,NA,TRUE,FALSE,0,NA,FALSE
500,0.2,0.9,0.16155,0.16155,0.495081,0.495081,NA,NA,FALSE,TRUE,0,NA,FALSE
500,0.2,0.9,0.860262,0.860262,0.0387091,0.0387091,NA,NA,FALSE,TRUE,0,NA,FALSE
500,0.2,0.9,0.564006,0.564006,0.0821767,0.0821767,NA,NA,FALSE,TRUE,0,NA,FALSE
500,0.2,0.9,0.545286,0.545286,0.758127,0.758127,NA,NA,FALSE,FALSE,0,NA,FALSE
500,0.2,0.9,0.765087,0.765087,0.471596,0.471596,NA,NA,FALSE,TRUE,0,NA,FALSE
500,0.2,0.9,0.177194,0.177194,0.360164,0.360164,NA,NA,TRUE,FALSE,0,NA,FALSE
500,0.2,0.9,0.22688,0.22688,0.187378,0.187378,0.826918,0.826918,TRUE,FALSE,0,0,FALSE
500,0.2,0.9,0.00648313,0.00648313,0.0111742,0.0111742,0.619943,0.619943,TRUE,FALSE,0,0,TRUE
500,0.2,0.9,0.610407,0.610407,0.359585,0.359585,NA,NA,FALSE,TRUE,0,NA,FALSE
500,0.2,0.9,0.608236,0.608236,0.107493,0.107493,NA,NA,FALSE,TRUE,0,NA,FALSE
500,0.2,0.9,0.629752,0.629752,0.17098,0.17098,NA,NA,FALSE,TRUE,0,NA,FALSE
500,0.2,0.9,0.0776228,0.0776228,0.0417584,0.0417584,0.148324,0.148324,TRUE,FALSE,0,0,FALSE
500,0.2,0.9,0.401463,0.401463,0.0793507,0.0793507,0.647201,0.647201,TRUE,FALSE,0,0,FALSE
500,0.2,0.9,0.547618,0.547618,0.822686,0.822686,0.561634,NA,FALSE,FALSE,0,NA,FALSE
500,0.2,0.9,0.285585,0.285585,0.104062,0.104062,0.30075,0.30075,TRUE,FALSE,0,0,FALSE
500,0.2,0.9,0.499749,0.499749,0.78716,0.78716,-0.636851,NA,FALSE,FALSE,0,NA,FALSE
500,0.2,0.9,0.0812681,0.0812681,0.31759,0.31759,0.785613,0.785613,TRUE,FALSE,0,0,FALSE
500,0.2,0.9,0.0316998,0.0316998,0.0559018,0.0559018,1,1,TRUE,FALSE,0,0,FALSE
39,0.1,-0.8,0.00122447,0.00122447,0.476205,0.476205,NA,NA,FALSE,TRUE,0,NA,FALSE
39,0.1,-0.8,0.0905163,0.0905163,0.877251,0.877251,NA,NA,FALSE,TRUE,0,NA,FALSE
39,0.1,-0.8,0.0690786,0.0690786,0.632902,0.632902,NA,NA,FALSE,TRUE,0,NA,FALSE
39,0.1,-0.8,0.213072,0.213072,0.699256,0.699256,NA,NA,FALSE,TRUE,0,NA,FALSE
39,0.1,-0.8,0.431224,0.431224,0.132326,0.132326,0.0919823,0.0919823,TRUE,FALSE,0,0,FALSE
39,0.1,-0.8,0.243133,0.243133,0.158952,0.158952,NA,NA,TRUE,FALSE,0,NA,FALSE
39,0.1,-0.8,0.0243496,0.0243496,0.651404,0.651404,NA,NA,FALSE,TRUE,0,NA,FALSE
39,0.1,-0.8,0.0316087,0.0316087,0.219982,0.219982,0.753207,0.753207,TRUE,FALSE,0,0,FALSE
39,0.1,-0.8,0.00608821,0.00608821,0.632835,0.632835,NA,NA,FALSE,TRUE,0,NA,FALSE
39,0.1,-0.8,0.0285457,0.0285457,0.153141,0.153141,-0.582959,-0.582959,TRUE,FALSE,0,0,FALSE
39,0.1,-0.8,0.221243,0.221243,0.529823,0.529823,NA,NA,FALSE,TRUE,0,NA,FALSE
39,0.1,-0.8,0.0156543,0.0156543,0.592862,0.592862,NA,NA,FALSE,TRUE,0,NA,FALSE
39,0.1,-0.8,0.262326,0.262326,0.426936,0.426936,1,1,TRUE,FALSE,0,0,FALSE
39,0.1,-0.8,0.243791,0.243791,0.812068,0.812068,NA,NA,FALSE,TRUE,0,NA,FALSE
39,0.1,-0.8,0.0271597,0.0271597,0.509299,0.509299,NA,NA,FALSE,TRUE,0,NA,FALSE
39,0.1,-0.8,0.280439,0.280439,0.129327,0.129327,0.48418,0.48418,TRUE,FALSE,0,0,FALSE
39,0.1,-0.8,0.826061,0.826061,0.81866,0.81866,-0.395013,NA,FALSE,FALSE,0,NA,FALSE
39,0.1,-0.8,0.00709473,0.00709473,0.721901,0.721901,NA,NA,FALSE,TRUE,0,NA,FALSE
39,0.1,-0.8,0.52272,0.52272,0.42492,0.42492,NA,NA,FALSE,TRUE,0,NA,FALSE
39,0.1,-0.8,0.186501,0.186501,0.352598,0.352598,-0.388597,-0.388597,TRUE,FALSE,0,0,FALSE
39,0.1,-0.8,0.0114414,0.0114414,0.317886,0.317886,0.435352,0.435352,TRUE,FALSE,0,0,FALSE
39,0.1,-0.8,0.390365,0.390365,0.249732,0.249732,-1,-1,TRUE,FALSE,0,0,FALSE
39,0.1,-0.8,0.0749667,0.0749667,0.0986403,0.0986403,0.240595,0.240595,TRUE,FALSE,0,0,FALSE
39,0.1,-0.8,0.168283,0.168283,0.281414,0.281414,0.357909,0.357909,TRUE,FALSE,0,0,FALSE
39,0.1,-0.8,0.00268609,0.00268609,0.407739,0.407739,-0.187645,-0.187645,TRUE,FALSE,0,0,FALSE
39,0.1,-0.8,0.0505073,0.0505073,0.456292,0.456292,NA,NA,TRUE,FALSE,0,NA,FALSE
39,0.1,-0.8,0.513079,0.513079,0.356611,0.356611,NA,NA,FALSE,TRUE,0,NA,FALSE
39,0.1,-0.8,0.150308,0.150308,0.312054,0.312054,0.885662,0.885662,TRUE,FALSE,0,0,FALSE
39,0.1,-0.8,0.0101004,0.0101004,0.0928514,0.0928514,0.528343,0.528343,TRUE,FALSE,0,0,FALSE
39,0.1,-0.8,0.000116386,0.000116386,0.894184,0.894184,NA,NA,FALSE,TRUE,0,NA,FALSE
39,0.1,-0.8,0.0412251,0.0412251,0.641958,0.641958,NA,NA,FALSE,TRUE,0,NA,FALSE
39,0.1,-0.8,0.00690016,0.00690016,0.571159,0.571159,NA,NA,FALSE,TRUE,0,NA,FALSE
39,0.1,-0.8,0.105591,0.105591,0.621222,0.621222,NA,NA,FALSE,TRUE,0,NA,FALSE
39,0.1,-0.8,0.00651154,0.00651154,0.926782,0.926782,NA,NA,FALSE,TRUE,0,NA,FALSE
39,0.1,-0.8,0.207121,0.207121,0.785621,0.785621,NA,NA,FALSE,TRUE,0,NA,FALSE
39,0.1,-0.8,0.0166693,0.0166693,0.234621,0.234621,0.83237,0.83237,TRUE,FALSE,0,0,FALSE
39,0.1,-0.8,0.0220865,0.0220865,0.602533,0.602533,NA,NA,FALSE,TRUE,0,NA,FALSE
39,0.1,-0.8,0.819278,0.819278,0.407097,0.407097,NA,NA,FALSE,TRUE,0,NA,FALSE
39,0.1,-0.8,0.0765233,0.0765233,0.369644,0.369644,NA,NA,TRUE,FALSE,0,NA,FALSE
39,0.1,-0.8,0.388634,0.388634,0.500325,0.500325,NA,NA,FALSE,TRUE,0,NA,FALSE
39,0.1,-0.8,0.508667,0.508667,0.247154,0.247154,NA,NA,FALSE,TRUE,0,NA,FALSE
39,0.1,-0.8,0.0407547,0.0407547,0.559991,0.559991,NA,NA,FALSE,TRUE,0,NA,FALSE
39,0.1,-0.8,0.07177,0.07177,0.0785055,0.0785055,0.269432,0.269432,TRUE,FALSE,0,0,FALSE
39,0.1,-0.8,0.147585,0.147585,0.285103,0.285103,NA,NA,TRUE,FALSE,0,NA,FALSE
39,0.1,-0.8,0.694495,0.694495,0.82689,0.82689,0.0809925,NA,FALSE,FALSE,0,NA,FALSE
39,0.1,-0.8,0.0569899,0.0569899,0.756751,0.756751,NA,NA,FALSE,TRUE,0,NA,FALSE
39,0.1,-0.8,0.016554,0.016554,0.282129,0.282129,-0.0563059,-0.0563059,TRUE,FALSE,0,0,FALSE
39,0.1,-0.8,0.0501985,0.0501985,0.637652,0.637652,NA,NA,FALSE,TRUE,0,NA,FALSE
39,0.1,-0.8,0.578577,0.578577,0.962965,0.962965,0.128288,NA,FALSE,FALSE,0,NA,FALSE
39,0.1,-0.8,0.00595268,0.00595268,0.531656,0.531656,NA,NA,FALSE,TRUE,0,NA,FALSE
39,0.1,-0.8,0.194731,0.194731,0.14644,0.14644,0.719556,0.719556,TRUE,FALSE,0,0,FALSE
39,0.1,-0.8,0.0253709,0.0253709,0.722449,0.722449,NA,NA,FALSE,TRUE,0,NA,FALSE
39,0.1,-0.8,0.00606851,0.00606851,0.349167,0.349167,NA,NA,TRUE,FALSE,0,NA,FALSE
39,0.1,-0.8,0.00200958,0.00200958,0.151759,0.151759,-0.591572,-0.591572,TRUE,FALSE,0,0,FALSE
39,0.1,-0.8,0.118819,0.118819,0.00551217,0.00551217,NA,NA,TRUE,FALSE,0,NA,FALSE
39,0.1,-0.8,0.609884,0.609884,0.429974,0.429974,NA,NA,FALSE,TRUE,0,NA,FALSE
39,0.1,-0.8,0.0116192,0.0116192,0.531001,0.531001,NA,NA,FALSE,TRUE,0,NA,FALSE
39,0.1,-0.8,0.440163,0.440163,0.0796788,0.0796788,0.095996,0.095996,TRUE,FALSE,0,0,FALSE
39,0.1,-0.8,0.439302,0.439302,0.453069,0.453069,NA,NA,TRUE,FALSE,0,NA,FALSE
39,0.1,-0.8,0.024051,0.024051,0.0504477,0.0504477,0.182643,0.182643,TRUE,FALSE,0,0,FALSE
39,0.1,-0.8,0.00109732,0.00109732,0.417335,0.417335,-0.119026,-0.119026,TRUE,FALSE,0,0,FALSE
39,0.1,-0.8,0.763053,0.763053,0.695047,0.695047,0.52861,NA,FALSE,FALSE,0,NA,FALSE
39,0.1,-0.8,0.198324,0.198324,0.902583,0.902583,NA,NA,FALSE,TRUE,0,NA,FALSE
39,0.1,-0.8,0.0132269,0.0132269,0.201906,0.201906,1,1,TRUE,FALSE,0,0,FALSE
39,0.1,-0.8,0.00739716,0.00739716,0.124787,0.124787,-0.814778,-0.814778,TRUE,FALSE,0,0,FALSE
39,0.1,-0.8,0.319977,0.319977,0.587956,0.587956,NA,NA,FALSE,TRUE,0,NA,FALSE
39,0.1,-0.8,0.0512407,0.0512407,0.734375,0.734375,NA,NA,FALSE,TRUE,0,NA,FALSE
39,0.1,-0.8,0.645114,0.645114,0.0970609,0.0970609,NA,NA,FALSE,TRUE,0,NA,FALSE
39,0.1,-0.8,0.565135,0.565135,0.643467,0.643467,-1,NA,FALSE,FALSE,0,NA,FALSE
39,0.1,-0.8,0.812816,0.812816,0.398747,0.398747,NA,NA,FALSE,TRUE,0,NA,FALSE
39,0.1,-0.8,0.50646,0.50646,0.850544,0.850544,0.179419,NA,FALSE,FALSE,0,NA,FALSE
39,0.1,-0.8,0.11978,0.11978,0.310835,0.310835,NA,NA,TRUE,FALSE,0,NA,FALSE
39,0.1,-0.8,0.000230274,0.000230274,0.391934,0.391934,NA,NA,TRUE,FALSE,0,NA,FALSE
39,0.1,-0.8,0.267571,0.267571,0.0607615,0.0607615,-0.693045,-0.693045,TRUE,FALSE,0,0,FALSE
39,0.1,-0.8,0.0340122,0.0340122,0.0642348,0.0642348,-0.250231,-0.250231,TRUE,FALSE,0,0,FALSE
39,0.1,-0.8,0.00542842,0.00542842,0.690076,0.690076,NA,NA,FALSE,TRUE,0,NA,FALSE
39,0.1,-0.8,0.000855112,0.000855112,0.561592,0.561592,NA,NA,FALSE,TRUE,0,NA,FALSE
39,0.1,-0.8,0.81254,0.81254,0.190594,0.190594,NA,NA,FALSE,TRUE,0,NA,FALSE
39,0.1,-0.8,0.352444,0.352444,0.632677,0.632677,NA,NA,FALSE,TRUE,0,NA,FALSE
39,0.1,-0.8,0.0371758,0.0371758,0.362633,0.362633,NA,NA,TRUE,FALSE,0,NA,FALSE
39,0.1,-0.8,0.862034,0.862034,0.507194,0.507194,0.493009,NA,FALSE,FALSE,0,NA,FALSE
39,0.1,-0.8,0.0708862,0.0708862,0.604393,0.604393,NA,NA,FALSE,TRUE,0,NA,FALSE
39,0.1,-0.8,0.00465479,0.00465479,0.0343827,0.0343827,0.425419,0.425419,TRUE,FALSE,0,0,TRUE
39,0.1,-0.8,0.211311,0.211311,0.27681,0.27681,-0.145041,-0.145041,TRUE,FALSE,0,0,FALSE
39,0.1,-0.8,0.0562699,0.0562699,0.432684,0.432684,NA,NA,TRUE,FALSE,0,NA,FALSE
39,0.1,-0.8,0.115673,0.115673,0.612256,0.612256,NA,NA,FALSE,TRUE,0,NA,FALSE
39,0.1,-0.8,0.354656,0.354656,0.812264,0.812264,NA,NA,FALSE,TRUE,0,NA,FALSE
39,0.1,-0.8,0.000515477,0.000515477,0.577706,0.577706,NA,NA,FALSE,TRUE,0,NA,FALSE
39,0.1,-0.8,0.0207095,0.0207095,0.820752,0.820752,NA,NA,FALSE,TRUE,0,NA,FALSE
39,0.1,-0.8,0.141895,0.141895,0.123335,0.123335,-0.557628,-0.557628,TRUE,FALSE,0,0,FALSE
39,0.1,-0.8,0.0122686,0.0122686,0.757375,0.757375,NA,NA,FALSE,TRUE,0,NA,FALSE
39,0.1,-0.8,0.672524,0.672524,0.163721,0.163721,NA,NA,FALSE,TRUE,0,NA,FALSE
39,0.1,-0.8,0.052797,0.052797,0.575173,0.575173,NA,NA,FALSE,TRUE,0,NA,FALSE
39,0.1,-0.8,1.73679e-05,1.73679e-05,0.169358,0.169358,0.545255,0.545255,TRUE,FALSE,0,0,FALSE
39,0.1,-0.8,0.241665,0.241665,0.470792,0.470792,NA,NA,FALSE,TRUE,0,NA,FALSE
39,0.1,-0.8,0.011954,0.011954,0.876732,0.876732,NA,NA,FALSE,TRUE,0,NA,FALSE
39,0.1,-0.8,0.663672,0.663672,0.834452,0.834452,0.807268,NA,FALSE,FALSE,0,NA,FALSE
39,0.1,-0.8,0.110468,0.110468,0.292613,0.292613,-0.443853,-0.443853,TRUE,FALSE,0,0,FALSE
39,0.1,-0.8,0.777226,0.777226,0.232013,0.232013,NA,NA,FALSE,TRUE,0,NA,FALSE
39,0.1,-0.8,0.000275632,0.000275632,0.0555695,0.0555695,0.215791,0.215791,TRUE,FALSE,0,0,FALSE
39,0.1,-0.8,0.551068,0.551068,0.117638,0.117638,NA,NA,FALSE,TRUE,0,NA,FALSE
39,0.1,-0.8,0.0409602,0.0409602,0.407189,0.407189,NA,NA,TRUE,FALSE,0,NA,FALSE
39,0.1,-0.8,0.156277,0.156277,0.612597,0.612597,NA,NA,FALSE,TRUE,0,NA,FALSE
39,0.1,-0.8,0.00694929,0.00694929,0.958543,0.958543,NA,NA,FALSE,TRUE,0,NA,FALSE
39,0.1,-0.8,0.00850503,0.00850503,0.742389,0.742389,NA,NA,FALSE,TRUE,0,NA,FALSE
39,0.1,-0.8,0.00562065,0.00562065,0.123335,0.123335,-0.109656,-0.109656,TRUE,FALSE,0,0,FALSE
39,0.1,-0.8,0.418791,0.418791,0.844799,0.844799,NA,NA,FALSE,TRUE,0,NA,FALSE
39,0.1,-0.8,0.219546,0.219546,0.220441,0.220441,NA,NA,TRUE,FALSE,0,NA,FALSE
39,0.1,-0.8,0.103845,0.103845,0.550341,0.550341,NA,NA,FALSE,TRUE,0,NA,FALSE
39,0.1,-0.8,0.00986911,0.00986911,0.1531,0.1531,-0.0405024,-0.0405024,TRUE,FALSE,0,0,FALSE
39,0.1,-0.8,0.0720717,0.0720717,0.464848,0.464848,NA,NA,TRUE,FALSE,0,NA,FALSE
39,0.1,-0.8,0.702943,0.702943,0.0318506,0.0318506,NA,NA,FALSE,TRUE,0,NA,FALSE
39,0.1,-0.8,0.0208952,0.0208952,0.0338807,0.0338807,-0.532524,-0.532524,TRUE,FALSE,0,0,TRUE
39,0.1,-0.8,0.201783,0.201783,0.214052,0.214052,NA,NA,TRUE,FALSE,0,NA,FALSE
39,0.1,-0.8,0.976779,0.976779,0.434828,0.434828,NA,NA,FALSE,TRUE,0,NA,FALSE
39,0.1,-0.8,0.00697273,0.00697273,0.13379,0.13379,1,1,TRUE,FALSE,0,0,FALSE
39,0.1,-0.8,0.0664991,0.0664991,0.658852,0.658852,NA,NA,FALSE,TRUE,0,NA,FALSE
39,0.1,-0.8,0.00534829,0.00534829,0.990355,0.990355,NA,NA,FALSE,TRUE,0,NA,FALSE
39,0.1,-0.8,0.0726208,0.0726208,0.995364,0.995364,NA,NA,FALSE,TRUE,0,NA,FALSE
39,0.1,-0.8,0.391039,0.391039,0.573891,0.573891,NA,NA,FALSE,TRUE,0,NA,FALSE
39,0.1,-0.8,0.426996,0.426996,0.165614,0.165614,-0.915677,-0.915677,TRUE,FALSE,0,0,FALSE
39,0.1,-0.8,0.0898498,0.0898498,0.945438,0.945438,NA,NA,FALSE,TRUE,0,NA,FALSE
39,0.1,-0.8,0.074893,0.074893,0.56233,0.56233,NA,NA,FALSE,TRUE,0,NA,FALSE
39,0.1,-0.8,0.103609,0.103609,0.0975615,0.0975615,-0.607398,-0.607398,TRUE,FALSE,0,0,FALSE
39,0.1,-0.8,0.00561699,0.00561699,0.684751,0.684751,NA,NA,FALSE,TRUE,0,NA,FALSE
39,0.1,-0.8,0.118289,0.118289,0.203106,0.203106,-1,-1,TRUE,FALSE,0,0,FALSE
39,0.1,-0.8,0.168231,0.168231,0.820781,0.820781,NA,NA,FALSE,TRUE,0,NA,FALSE
39,0.1,-0.8,0.0294273,0.0294273,0.899273,0.899273,NA,NA,FALSE,TRUE,0,NA,FALSE
39,0.1,-0.8,0.232145,0.232145,0.400729,0.400729,NA,NA,TRUE,FALSE,0,NA,FALSE
39,0.1,-0.8,0.00352539,0.00352539,0.443104,0.443104,-0.785157,-0.785157,TRUE,FALSE,0,0,FALSE
39,0.1,-0.8,0.00611681,0.00611681,0.20579,0.20579,-0.380218,-0.380218,TRUE,FALSE,0,0,FALSE
39,0.1,-0.8,0.117195,0.117195,0.420605,0.420605,NA,NA,TRUE,FALSE,0,NA,FALSE
39,0.1,-0.8,0.106009,0.106009,0.77498,0.77498,NA,NA,FALSE,TRUE,0,NA,FALSE
39,0.1,-0.8,0.0211613,0.0211613,0.791011,0.791011,NA,NA,FALSE,TRUE,0,NA,FALSE
39,0.1,-0.8,0.227873,0.227873,0.495118,0.495118,NA,NA,FALSE,TRUE,0,NA,FALSE
39,0.1,-0.8,0.370453,0.370453,0.0894948,0.0894948,NA,NA,TRUE,FALSE,0,NA,FALSE
39,0.1,-0.8,0.298148,0.298148,0.901103,0.901103,NA,NA,FALSE,TRUE,0,NA,FALSE
39,0.1,-0.8,0.0169971,0.0169971,0.124672,0.124672,-0.0757612,-0.0757612,TRUE,FALSE,0,0,FALSE
39,0.1,-0.8,0.306053,0.306053,0.664364,0.664364,NA,NA,FALSE,TRUE,0,NA,FALSE
39,0.1,-0.8,0.0744666,0.0744666,0.0851585,0.0851585,0.144345,0.144345,TRUE,FALSE,0,0,FALSE
39,0.1,-0.8,0.305527,0.305527,0.295689,0.295689,NA,NA,TRUE,FALSE,0,NA,FALSE
39,0.1,-0.8,0.177644,0.177644,0.477791,0.477791,NA,NA,FALSE,TRUE,0,NA,FALSE
39,0.1,-0.8,0.206938,0.206938,0.449557,0.449557,NA,NA,TRUE,FALSE,0,NA,FALSE
39,0.1,-0.8,0.0461295,0.0461295,0.547571,0.547571,NA,NA,FALSE,TRUE,0,NA,FALSE
39,0.1,-0.8,0.0549151,0.0549151,0.482066,0.482066,NA,NA,FALSE,TRUE,0,NA,FALSE
39,0.1,-0.8,0.265778,0.265778,0.641699,0.641699,NA,NA,FALSE,TRUE,0,NA,FALSE
39,0.1,-0.8,0.220006,0.220006,0.431954,0.431954,NA,NA,TRUE,FALSE,0,NA,FALSE
39,0.1,-0.8,0.0327677,0.0327677,0.385936,0.385936,NA,NA,TRUE,FALSE,0,NA,FALSE
39,0.1,-0.8,0.711004,0.711004,0.370509,0.370509,NA,NA,FALSE,TRUE,0,NA,FALSE
39,0.1,-0.8,0.264324,0.264324,0.105474,0.105474,0.168451,0.168451,TRUE,FALSE,0,0,FALSE
39,0.1,-0.8,0.0480351,0.0480351,0.260138,0.260138,-0.638136,-0.638136,TRUE,FALSE,0,0,FALSE
39,0.1,-0.8,0.0974426,0.0974426,0.770503,0.770503,NA,NA,FALSE,TRUE,0,NA,FALSE
39,0.1,-0.8,0.278218,0.278218,0.252517,0.252517,0.497569,0.497569,TRUE,FALSE,0,0,FALSE
39,0.1,-0.8,0.37979,0.37979,0.72874,0.72874,NA,NA,FALSE,TRUE,0,NA,FALSE
39,0.1,-0.8,0.520935,0.520935,0.368328,0.368328,NA,NA,FALSE,TRUE,0,NA,FALSE
39,0.1,-0.8,0.00128132,0.00128132,0.442674,0.442674,1,1,TRUE,FALSE,0,0,FALSE
39,0.1,-0.8,0.155018,0.155018,0.0484386,0.0484386,-0.232749,-0.232749,TRUE,FALSE,0,0,FALSE
39,0.1,-0.8,0.157491,0.157491,0.732227,0.732227,NA,NA,FALSE,TRUE,0,NA,FALSE
39,0.1,-0.8,0.283869,0.283869,0.113134,0.113134,-0.91602,-0.91602,TRUE,FALSE,0,0,FALSE
39,0.1,-0.8,0.000277731,0.000277731,0.11715,0.11715,0.563391,0.563391,TRUE,FALSE,0,0,FALSE
39,0.1,-0.8,0.00260191,0.00260191,0.208403,0.208403,0.632838,0.632838,TRUE,FALSE,0,0,FALSE
39,0.1,-0.8,0.484323,0.484323,0.602607,0.602607,NA,NA,FALSE,FALSE,0,NA,FALSE
39,0.1,-0.8,0.575454,0.575454,0.451006,0.451006,NA,NA,FALSE,TRUE,0,NA,FALSE
39,0.1,-0.8,0.152564,0.152564,0.716186,0.716186,NA,NA,FALSE,TRUE,0,NA,FALSE
39,0.1,-0.8,0.0281119,0.0281119,0.807622,0.807622,NA,NA,FALSE,TRUE,0,NA,FALSE
39,0.1,-0.8,0.144783,0.144783,0.827924,0.827924,NA,NA,FALSE,TRUE,0,NA,FALSE
39,0.1,-0.8,0.0225087,0.0225087,0.216277,0.216277,-0.720867,-0.720867,TRUE,FALSE,0,0,FALSE
39,0.1,-0.8,0.0501163,0.0501163,0.227004,0.227004,-0.286013,-0.286013,TRUE,FALSE,0,0,FALSE
39,0.1,-0.8,0.711042,0.711042,0.659317,0.659317,1,NA,FALSE,FALSE,0,NA,FALSE
39,0.1,-0.8,0.00907585,0.00907585,0.0733018,0.0733018,-0.0223032,-0.0223032,TRUE,FALSE,0,0,FALSE
39,0.1,-0.8,0.276145,0.276145,0.954897,0.954897,NA,NA,FALSE,TRUE,0,NA,FALSE
39,0.1,-0.8,0.104973,0.104973,0.00203673,0.00203673,-0.0392986,-0.0392986,TRUE,FALSE,0,0,FALSE
39,0.1,-0.8,0.190865,0.190865,0.20789,0.20789,-0.699847,-0.699847,TRUE,FALSE,0,0,FALSE
39,0.1,-0.8,0.0186037,0.0186037,0.446915,0.446915,NA,NA,TRUE,FALSE,0,NA,FALSE
39,0.1,-0.8,0.0431858,0.0431858,0.176072,0.176072,NA,NA,TRUE,FALSE,0,NA,FALSE
39,0.1,-0.8,0.000441592,0.000441592,0.633742,0.633742,NA,NA,FALSE,TRUE,0,NA,FALSE
39,0.1,-0.8,0.00855166,0.00855166,0.23526,0.23526,0.367794,0.367794,TRUE,FALSE,0,0,FALSE
39,0.1,-0.8,0.103871,0.103871,0.20768,0.20768,NA,NA,TRUE,FALSE,0,NA,FALSE
39,0.1,-0.8,0.121666,0.121666,0.0897314,0.0897314,-0.145849,-0.145849,TRUE,FALSE,0,0,FALSE
39,0.1,-0.8,0.0104168,0.0104168,0.555847,0.555847,NA,NA,FALSE,TRUE,0,NA,FALSE
39,0.1,-0.8,0.0139653,0.0139653,0.785885,0.785885,NA,NA,FALSE,TRUE,0,NA,FALSE
39,0.1,-0.8,0.361401,0.361401,0.096673,0.096673,0.187486,0.187486,TRUE,FALSE,0,0,FALSE
39,0.1,-0.8,0.0372084,0.0372084,0.0188049,0.0188049,-0.661401,-0.661401,TRUE,FALSE,0,0,TRUE
39,0.1,-0.8,0.0345535,0.0345535,0.407966,0.407966,0.639922,0.639922,TRUE,FALSE,0,0,FALSE
39,0.1,-0.8,0.464789,0.464789,0.352229,0.352229,NA,NA,TRUE,FALSE,0,NA,FALSE
39,0.1,-0.8,0.389657,0.389657,0.301113,0.301113,0.46359,0.46359,TRUE,FALSE,0,0,FALSE
39,0.1,-0.8,0.0163606,0.0163606,0.641202,0.641202,NA,NA,FALSE,TRUE,0,NA,FALSE
39,0.1,-0.8,0.064036,0.064036,0.581859,0.581859,NA,NA,FALSE,TRUE,0,NA,FALSE
39,0.1,-0.8,0.013472,0.013472,0.221025,0.221025,0.912508,0.912508,TRUE,FALSE,0,0,FALSE
39,0.1,-0.8,0.354533,0.354533,0.0153767,0.0153767,-0.671903,-0.671903,TRUE,FALSE,0,0,FALSE
39,0.1,-0.8,0.522824,0.522824,0.145607,0.145607,NA,NA,FALSE,TRUE,0,NA,FALSE
39,0.1,-0.8,0.425633,0.425633,0.871569,0.871569,NA,NA,FALSE,TRUE,0,NA,FALSE
39,0.1,-0.8,0.000204548,0.000204548,0.931602,0.931602,NA,NA,FALSE,TRUE,0,NA,FALSE
39,0.1,-0.8,0.861193,0.861193,0.319365,0.319365,NA,NA,FALSE,TRUE,0,NA,FALSE
39,0.1,-0.8,0.228316,0.228316,0.207253,0.207253,0.656148,0.656148,TRUE,FALSE,0,0,FALSE
39,0.1,-0.8,0.140854,0.140854,0.77391,0.77391,NA,NA,FALSE,TRUE,0,NA,FALSE
39,0.1,-0.8,0.0151483,0.0151483,0.449103,0.449103,0.940925,0.940925,TRUE,FALSE,0,0,FALSE
39,0.1,-0.8,0.268578,0.268578,0.753653,0.753653,NA,NA,FALSE,TRUE,0,NA,FALSE
39,0.1,-0.8,0.00232684,0.00232684,0.454958,0.454958,NA,NA,TRUE,FALSE,0,NA,FALSE
39,0.1,-0.8,0.271415,0.271415,0.765213,0.765213,NA,NA,FALSE,TRUE,0,NA,FALSE
39,0.1,-0.3,0.0111561,0.0111561,0.935783,0.935783,NA,NA,FALSE,TRUE,0,NA,FALSE
39,0.1,-0.3,0.0241193,0.0241193,0.103854,0.103854,0.484114,0.484114,TRUE,FALSE,0,0,FALSE
39,0.1,-0.3,0.257687,0.257687,0.080617,0.080617,0.363371,0.363371,TRUE,FALSE,0,0,FALSE
39,0.1,-0.3,0.484514,0.484514,0.147287,0.147287,NA,NA,FALSE,TRUE,0,NA,FALSE
39,0.1,-0.3,0.102754,0.102754,0.263814,0.263814,0.138112,0.138112,TRUE,FALSE,0,0,FALSE
39,0.1,-0.3,0.57663,0.57663,0.524507,0.524507,0.441784,NA,FALSE,FALSE,0,NA,FALSE
39,0.1,-0.3,0.111629,0.111629,0.249985,0.249985,0.201212,0.201212,TRUE,FALSE,0,0,FALSE
39,0.1,-0.3,0.161114,0.161114,0.99926,0.99926,NA,NA,FALSE,TRUE,0,NA,FALSE
39,0.1,-0.3,0.55089,0.55089,0.800773,0.800773,-0.0555136,NA,FALSE,FALSE,0,NA,FALSE
39,0.1,-0.3,0.00191372,0.00191372,0.190419,0.190419,-0.0465882,-0.0465882,TRUE,FALSE,0,0,FALSE
39,0.1,-0.3,0.0219672,0.0219672,0.194064,0.194064,0.643208,0.643208,TRUE,FALSE,0,0,FALSE
39,0.1,-0.3,0.163584,0.163584,0.109726,0.109726,0.603993,0.603993,TRUE,FALSE,0,0,FALSE
39,0.1,-0.3,0.000331104,0.000331104,0.608711,0.608711,NA,NA,FALSE,TRUE,0,NA,FALSE
39,0.1,-0.3,0.0547902,0.0547902,0.908561,0.908561,NA,NA,FALSE,TRUE,0,NA,FALSE
39,0.1,-0.3,0.0958681,0.0958681,0.243238,0.243238,0.0364452,0.0364452,TRUE,FALSE,0,0,FALSE
39,0.1,-0.3,0.321106,0.321106,0.289514,0.289514,0.681322,0.681322,TRUE,FALSE,0,0,FALSE
39,0.1,-0.3,0.266645,0.266645,0.283613,0.283613,-0.886123,-0.886123,TRUE,FALSE,0,0,FALSE
39,0.1,-0.3,0.208998,0.208998,0.109482,0.109482,-0.40926,-0.40926,TRUE,FALSE,0,0,FALSE
39,0.1,-0.3,0.297483,0.297483,0.816621,0.816621,NA,NA,FALSE,TRUE,0,NA,FALSE
39,0.1,-0.3,0.0748059,0.0748059,0.929261,0.929261,NA,NA,FALSE,TRUE,0,NA,FALSE
39,0.1,-0.3,0.551831,0.551831,0.536812,0.536812,NA,NA,FALSE,FALSE,0,NA,FALSE
39,0.1,-0.3,0.18415,0.18415,0.735289,0.735289,NA,NA,FALSE,TRUE,0,NA,FALSE
39,0.1,-0.3,0.163267,0.163267,0.695692,0.695692,NA,NA,FALSE,TRUE,0,NA,FALSE
39,0.1,-0.3,0.319508,0.319508,0.182333,0.182333,NA,NA,TRUE,FALSE,0,NA,FALSE
39,0.1,-0.3,0.670176,0.670176,0.950909,0.950909,0.430563,NA,FALSE,FALSE,0,NA,FALSE
39,0.1,-0.3,0.0432481,0.0432481,0.0171593,0.0171593,0.45523,0.45523,TRUE,FALSE,0,0,TRUE
39,0.1,-0.3,0.0304325,0.0304325,0.709941,0.709941,NA,NA,FALSE,TRUE,0,NA,FALSE
39,0.1,-0.3,0.474737,0.474737,0.163523,0.163523,NA,NA,FALSE,TRUE,0,NA,FALSE
39,0.1,-0.3,0.378248,0.378248,0.472392,0.472392,NA,NA,FALSE,TRUE,0,NA,FALSE
39,0.1,-0.3,0.000546145,0.000546145,0.48126,0.48126,NA,NA,FALSE,TRUE,0,NA,FALSE
39,0.1,-0.3,4.5331e-06,4.5331e-06,0.0973675,0.0973675,0.160308,0.160308,TRUE,FALSE,0,0,FALSE
39,0.1,-0.3,0.0859489,0.0859489,0.892572,0.892572,NA,NA,FALSE,TRUE,0,NA,FALSE
39,0.1,-0.3,0.184163,0.184163,0.405116,0.405116,NA,NA,TRUE,FALSE,0,NA,FALSE
39,0.1,-0.3,0.00212095,0.00212095,0.128111,0.128111,-0.396169,-0.396169,TRUE,FALSE,0,0,FALSE
39,0.1,-0.3,7.34763e-06,7.34763e-06,0.312172,0.312172,NA,NA,TRUE,FALSE,0,NA,FALSE
39,0.1,-0.3,0.0192259,0.0192259,0.80422,0.80422,NA,NA,FALSE,TRUE,0,NA,FALSE
39,0.1,-0.3,0.226271,0.226271,0.248265,0.248265,NA,NA,TRUE,FALSE,0,NA,FALSE
39,0.1,-0.3,0.0680184,0.0680184,0.195593,0.195593,0.441537,0.441537,TRUE,FALSE,0,0,FALSE
39,0.1,-0.3,0.0193444,0.0193444,0.312826,0.312826,0.302758,0.302758,TRUE,FALSE,0,0,FALSE
39,0.1,-0.3,0.006679,0.006679,0.557532,0.557532,NA,NA,FALSE,TRUE,0,NA,FALSE
39,0.1,-0.3,0.050904,0.050904,0.567226,0.567226,NA,NA,FALSE,TRUE,0,NA,FALSE
39,0.1,-0.3,0.0666078,0.0666078,0.918146,0.918146,NA,NA,FALSE,TRUE,0,NA,FALSE
39,0.1,-0.3,0.666605,0.666605,0.679263,0.679263,NA,NA,FALSE,FALSE,0,NA,FALSE
39,0.1,-0.3,0.340502,0.340502,0.289412,0.289412,-0.737857,-0.737857,TRUE,FALSE,0,0,FALSE
39,0.1,-0.3,0.0980614,0.0980614,0.430506,0.430506,0.184431,0.184431,TRUE,FALSE,0,0,FALSE
39,0.1,-0.3,0.0267547,0.0267547,0.317203,0.317203,-1,-1,TRUE,FALSE,0,0,FALSE
39,0.1,-0.3,0.126464,0.126464,0.165471,0.165471,0.40986,0.40986,TRUE,FALSE,0,0,FALSE
39,0.1,-0.3,0.0542616,0.0542616,0.439242,0.439242,NA,NA,TRUE,FALSE,0,NA,FALSE
39,0.1,-0.3,0.225955,0.225955,0.752844,0.752844,NA,NA,FALSE,TRUE,0,NA,FALSE
39,0.1,-0.3,0.00020869,0.00020869,0.263632,0.263632,0.592666,0.592666,TRUE,FALSE,0,0,FALSE
39,0.1,-0.3,0.0583666,0.0583666,0.883753,0.883753,NA,NA,FALSE,TRUE,0,NA,FALSE
39,0.1,-0.3,0.278514,0.278514,0.855867,0.855867,NA,NA,FALSE,TRUE,0,NA,FALSE
39,0.1,-0.3,0.805003,0.805003,0.917547,0.917547,0.0511598,NA,FALSE,FALSE,0,NA,FALSE
39,0.1,-0.3,0.694563,0.694563,0.723569,0.723569,NA,NA,FALSE,FALSE,0,NA,FALSE
39,0.1,-0.3,0.0702975,0.0702975,0.289174,0.289174,0.163003,0.163003,TRUE,FALSE,0,0,FALSE
39,0.1,-0.3,0.11292,0.11292,0.686021,0.686021,NA,NA,FALSE,TRUE,0,NA,FALSE
39,0.1,-0.3,0.0188826,0.0188826,0.707744,0.707744,NA,NA,FALSE,TRUE,0,NA,FALSE
39,0.1,-0.3,0.017268,0.017268,0.417485,0.417485,0.808652,0.808652,TRUE,FALSE,0,0,FALSE
39,0.1,-0.3,0.0708612,0.0708612,0.223986,0.223986,-0.249551,-0.249551,TRUE,FALSE,0,0,FALSE
39,0.1,-0.3,0.0846168,0.0846168,0.322782,0.322782,-0.563841,-0.563841,TRUE,FALSE,0,0,FALSE
39,0.1,-0.3,0.835464,0.835464,0.298034,0.298034,NA,NA,FALSE,TRUE,0,NA,FALSE
39,0.1,-0.3,0.000381869,0.000381869,0.70273,0.70273,NA,NA,FALSE,TRUE,0,NA,FALSE
39,0.1,-0.3,0.18169,0.18169,0.932803,0.932803,NA,NA,FALSE,TRUE,0,NA,FALSE
39,0.1,-0.3,0.157761,0.157761,0.825125,0.825125,NA,NA,FALSE,TRUE,0,NA,FALSE
39,0.1,-0.3,0.037077,0.037077,0.643128,0.643128,NA,NA,FALSE,TRUE,0,NA,FALSE
39,0.1,-0.3,0.476852,0.476852,0.664738,0.664738,NA,NA,FALSE,FALSE,0,NA,FALSE
39,0.1,-0.3,0.140451,0.140451,0.847006,0.847006,NA,NA,FALSE,TRUE,0,NA,FALSE
39,0.1,-0.3,0.570554,0.570554,0.142964,0.142964,NA,NA,FALSE,TRUE,0,NA,FALSE
39,0.1,-0.3,0.913322,0.913322,0.735255,0.735255,0.45959,NA,FALSE,FALSE,0,NA,FALSE
39,0.1,-0.3,0.430219,0.430219,0.629274,0.629274,NA,NA,FALSE,TRUE,0,NA,FALSE
39,0.1,-0.3,0.0101271,0.0101271,0.237889,0.237889,-0.427105,-0.427105,TRUE,FALSE,0,0,FALSE
39,0.1,-0.3,0.0207207,0.0207207,0.902826,0.902826,NA,NA,FALSE,TRUE,0,NA,FALSE
39,0.1,-0.3,0.137614,0.137614,0.510436,0.510436,NA,NA,FALSE,TRUE,0,NA,FALSE
39,0.1,-0.3,0.141089,0.141089,0.90948,0.90948,NA,NA,FALSE,TRUE,0,NA,FALSE
39,0.1,-0.3,0.0813771,0.0813771,0.330477,0.330477,-0.134231,-0.134231,TRUE,FALSE,0,0,FALSE
39,0.1,-0.3,0.04136,0.04136,0.736006,0.736006,NA,NA,FALSE,TRUE,0,NA,FALSE
39,0.1,-0.3,0.109952,0.109952,0.0647213,0.0647213,0.791487,0.791487,TRUE,FALSE,0,0,FALSE
39,0.1,-0.3,0.0358145,0.0358145,0.0355507,0.0355507,-0.0320378,-0.0320378,TRUE,FALSE,0,0,TRUE
39,0.1,-0.3,0.0403861,0.0403861,0.355815,0.355815,0.0835874,0.0835874,TRUE,FALSE,0,0,FALSE
39,0.1,-0.3,0.304248,0.304248,0.51604,0.51604,NA,NA,FALSE,TRUE,0,NA,FALSE
39,0.1,-0.3,0.0139956,0.0139956,0.541894,0.541894,NA,NA,FALSE,TRUE,0,NA,FALSE
39,0.1,-0.3,0.0124644,0.0124644,0.341243,0.341243,NA,NA,TRUE,FALSE,0,NA,FALSE
39,0.1,-0.3,0.0476035,0.0476035,0.86901,0.86901,NA,NA,FALSE,TRUE,0,NA,FALSE
39,0.1,-0.3,0.210027,0.210027,0.38438,0.38438,NA,NA,TRUE,FALSE,0,NA,FALSE
39,0.1,-0.3,0.000105235,0.000105235,0.0954221,0.0954221,0.755562,0.755562,TRUE,FALSE,0,0,FALSE
39,0.1,-0.3,0.582596,0.582596,0.487256,0.487256,NA,NA,FALSE,FALSE,0,NA,FALSE
39,0.1,-0.3,0.0914126,0.0914126,0.63184,0.63184,NA,NA,FALSE,TRUE,0,NA,FALSE
39,0.1,-0.3,0.39514,0.39514,0.679181,0.679181,NA,NA,FALSE,TRUE,0,NA,FALSE
39,0.1,-0.3,0.00670228,0.00670228,0.26614,0.26614,NA,NA,TRUE,FALSE,0,NA,FALSE
39,0.1,-0.3,0.00674499,0.00674499,0.616844,0.616844,NA,NA,FALSE,TRUE,0,NA,FALSE
39,0.1,-0.3,0.0487547,0.0487547,0.366246,0.366246,0.871533,0.871533,TRUE,FALSE,0,0,FALSE
39,0.1,-0.3,0.00204811,0.00204811,0.0897621,0.0897621,-0.189539,-0.189539,TRUE,FALSE,0,0,FALSE
39,0.1,-0.3,0.0937107,0.0937107,0.038752,0.038752,0.364169,0.364169,TRUE,FALSE,0,0,FALSE
39,0.1,-0.3,0.243159,0.243159,0.349534,0.349534,-0.000353801,-0.000353801,TRUE,FALSE,0,0,FALSE
39,0.1,-0.3,0.219425,0.219425,0.83806,0.83806,NA,NA,FALSE,TRUE,0,NA,FALSE
39,0.1,-0.3,0.0254655,0.0254655,0.766177,0.766177,NA,NA,FALSE,TRUE,0,NA,FALSE
39,0.1,-0.3,0.038029,0.038029,0.849515,0.849515,NA,NA,FALSE,TRUE,0,NA,FALSE
39,0.1,-0.3,0.0103042,0.0103042,0.560396,0.560396,NA,NA,FALSE,TRUE,0,NA,FALSE
39,0.1,-0.3,0.552896,0.552896,0.256857,0.256857,NA,NA,FALSE,TRUE,0,NA,FALSE
39,0.1,-0.3,0.000604934,0.000604934,0.45864,0.45864,NA,NA,TRUE,FALSE,0,NA,FALSE
39,0.1,-0.3,0.00101785,0.00101785,0.667265,0.667265,NA,NA,FALSE,TRUE,0,NA,FALSE
39,0.1,-0.3,0.00683473,0.00683473,0.16605,0.16605,0.316143,0.316143,TRUE,FALSE,0,0,FALSE
39,0.1,-0.3,0.391604,0.391604,0.0911492,0.0911492,1,1,TRUE,FALSE,0,0,FALSE
39,0.1,-0.3,0.0538773,0.0538773,0.655885,0.655885,NA,NA,FALSE,TRUE,0,NA,FALSE
39,0.1,-0.3,0.31083,0.31083,0.0250273,0.0250273,-0.512808,-0.512808,TRUE,FALSE,0,0,FALSE
39,0.1,-0.3,0.0199477,0.0199477,0.669881,0.669881,NA,NA,FALSE,TRUE,0,NA,FALSE
39,0.1,-0.3,9.62398e-05,9.62398e-05,0.411286,0.411286,-0.743122,-0.743122,TRUE,FALSE,0,0,FALSE
39,0.1,-0.3,0.0129166,0.0129166,0.678105,0.678105,NA,NA,FALSE,TRUE,0,NA,FALSE
39,0.1,-0.3,0.0035651,0.0035651,0.923764,0.923764,NA,NA,FALSE,TRUE,0,NA,FALSE
39,0.1,-0.3,0.567249,0.567249,0.777698,0.777698,0.491759,NA,FALSE,FALSE,0,NA,FALSE
39,0.1,-0.3,0.636063,0.636063,0.982362,0.982362,0.520731,NA,FALSE,FALSE,0,NA,FALSE
39,0.1,-0.3,0.116428,0.116428,0.242092,0.242092,NA,NA,TRUE,FALSE,0,NA,FALSE
39,0.1,-0.3,0.446198,0.446198,0.592057,0.592057,NA,NA,FALSE,TRUE,0,NA,FALSE
39,0.1,-0.3,0.0124984,0.0124984,0.473043,0.473043,NA,NA,FALSE,TRUE,0,NA,FALSE
39,0.1,-0.3,0.0795018,0.0795018,0.513508,0.513508,NA,NA,FALSE,TRUE,0,NA,FALSE
39,0.1,-0.3,0.0117778,0.0117778,0.942085,0.942085,NA,NA,FALSE,TRUE,0,NA,FALSE
39,0.1,-0.3,0.060408,0.060408,0.756962,0.756962,NA,NA,FALSE,TRUE,0,NA,FALSE
39,0.1,-0.3,0.095598,0.095598,0.783728,0.783728,NA,NA,FALSE,TRUE,0,NA,FALSE
39,0.1,-0.3,0.0890254,0.0890254,0.700358,0.700358,NA,NA,FALSE,TRUE,0,NA,FALSE
39,0.1,-0.3,0.0340853,0.0340853,0.0153139,0.0153139,-0.345375,-0.345375,TRUE,FALSE,0,0,TRUE
39,0.1,-0.3,0.182869,0.182869,0.906181,0.906181,NA,NA,FALSE,TRUE,0,NA,FALSE
39,0.1,-0.3,0.00489344,0.00489344,0.880172,0.880172,NA,NA,FALSE,TRUE,0,NA,FALSE
39,0.1,-0.3,0.0122693,0.0122693,0.495627,0.495627,NA,NA,FALSE,TRUE,0,NA,FALSE
39,0.1,-0.3,0.055518,0.055518,0.165998,0.165998,0.253455,0.253455,TRUE,FALSE,0,0,FALSE
39,0.1,-0.3,0.962665,0.962665,0.657999,0.657999,0.75501,NA,FALSE,FALSE,0,NA,FALSE
39,0.1,-0.3,0.480401,0.480401,0.862256,0.862256,NA,NA,FALSE,FALSE,0,NA,FALSE
39,0.1,-0.3,0.254459,0.254459,0.60157,0.60157,NA,NA,FALSE,TRUE,0,NA,FALSE
39,0.1,-0.3,0.153712,0.153712,0.903432,0.903432,NA,NA,FALSE,TRUE,0,NA,FALSE
39,0.1,-0.3,0.00259938,0.00259938,0.942142,0.942142,NA,NA,FALSE,TRUE,0,NA,FALSE
39,0.1,-0.3,0.138968,0.138968,0.346176,0.346176,1,1,TRUE,FALSE,0,0,FALSE
39,0.1,-0.3,0.52322,0.52322,0.849505,0.849505,NA,NA,FALSE,FALSE,0,NA,FALSE
39,0.1,-0.3,0.0160773,0.0160773,0.0838987,0.0838987,-0.00877234,-0.00877234,TRUE,FALSE,0,0,FALSE
39,0.1,-0.3,0.0886464,0.0886464,0.359075,0.359075,0.9261,0.9261,TRUE,FALSE,0,0,FALSE
39,0.1,-0.3,0.00856753,0.00856753,0.256,0.256,0.730744,0.730744,TRUE,FALSE,0,0,FALSE
39,0.1,-0.3,0.0421136,0.0421136,0.450345,0.450345,NA,NA,TRUE,FALSE,0,NA,FALSE
39,0.1,-0.3,0.331252,0.331252,0.204672,0.204672,0.932349,0.932349,TRUE,FALSE,0,0,FALSE
39,0.1,-0.3,0.470836,0.470836,0.537434,0.537434,NA,NA,FALSE,FALSE,0,NA,FALSE
39,0.1,-0.3,0.354773,0.354773,0.0147197,0.0147197,NA,NA,TRUE,FALSE,0,NA,FALSE
39,0.1,-0.3,0.0360952,0.0360952,0.878701,0.878701,NA,NA,FALSE,TRUE,0,NA,FALSE
39,0.1,-0.3,0.537062,0.537062,0.472178,0.472178,NA,NA,FALSE,FALSE,0,NA,FALSE
39,0.1,-0.3,0.0530058,0.0530058,0.0538433,0.0538433,0.40333,0.40333,TRUE,FALSE,0,0,FALSE
39,0.1,-0.3,0.0055342,0.0055342,0.840667,0.840667,NA,NA,FALSE,TRUE,0,NA,FALSE
39,0.1,-0.3,0.190086,0.190086,0.621384,0.621384,NA,NA,FALSE,TRUE,0,NA,FALSE
39,0.1,-0.3,0.0554643,0.0554643,0.641582,0.641582,NA,NA,FALSE,TRUE,0,NA,FALSE
39,0.1,-0.3,0.00443484,0.00443484,0.601264,0.601264,NA,NA,FALSE,TRUE,0,NA,FALSE
39,0.1,-0.3,0.00417619,0.00417619,0.615582,0.615582,NA,NA,FALSE,TRUE,0,NA,FALSE
39,0.1,-0.3,0.0114683,0.0114683,0.792277,0.792277,NA,NA,FALSE,TRUE,0,NA,FALSE
39,0.1,-0.3,0.281776,0.281776,0.68628,0.68628,NA,NA,FALSE,TRUE,0,NA,FALSE
39,0.1,-0.3,0.0484509,0.0484509,0.554458,0.554458,NA,NA,FALSE,TRUE,0,NA,FALSE
39,0.1,-0.3,0.000170241,0.000170241,0.0495031,0.0495031,-0.810784,-0.810784,TRUE,FALSE,0,0,TRUE
39,0.1,-0.3,0.0315949,0.0315949,0.202277,0.202277,0.336467,0.336467,TRUE,FALSE,0,0,FALSE
39,0.1,-0.3,0.00386537,0.00386537,0.896092,0.896092,NA,NA,FALSE,TRUE,0,NA,FALSE
39,0.1,-0.3,0.00609108,0.00609108,0.338805,0.338805,NA,NA,TRUE,FALSE,0,NA,FALSE
39,0.1,-0.3,0.797865,0.797865,0.0283215,0.0283215,NA,NA,FALSE,TRUE,0,NA,FALSE
39,0.1,-0.3,0.169971,0.169971,0.112495,0.112495,-0.397222,-0.397222,TRUE,FALSE,0,0,FALSE
39,0.1,-0.3,0.593579,0.593579,0.301061,0.301061,NA,NA,FALSE,TRUE,0,NA,FALSE
39,0.1,-0.3,0.133315,0.133315,0.831018,0.831018,NA,NA,FALSE,TRUE,0,NA,FALSE
39,0.1,-0.3,0.0859782,0.0859782,0.00150414,0.00150414,-0.939988,-0.939988,TRUE,FALSE,0,0,FALSE
39,0.1,-0.3,0.0409226,0.0409226,0.809174,0.809174,NA,NA,FALSE,TRUE,0,NA,FALSE
39,0.1,-0.3,0.295304,0.295304,0.185577,0.185577,1,1,TRUE,FALSE,0,0,FALSE
39,0.1,-0.3,0.0395708,0.0395708,0.90232,0.90232,NA,NA,FALSE,TRUE,0,NA,FALSE
39,0.1,-0.3,0.00157765,0.00157765,0.562463,0.562463,NA,NA,FALSE,TRUE,0,NA,FALSE
39,0.1,-0.3,0.0618068,0.0618068,0.120474,0.120474,NA,NA,TRUE,FALSE,0,NA,FALSE
39,0.1,-0.3,0.0225114,0.0225114,0.416643,0.416643,0.264547,0.264547,TRUE,FALSE,0,0,FALSE
39,0.1,-0.3,0.38225,0.38225,0.530571,0.530571,NA,NA,FALSE,TRUE,0,NA,FALSE
39,0.1,-0.3,0.104923,0.104923,0.838824,0.838824,NA,NA,FALSE,TRUE,0,NA,FALSE
39,0.1,-0.3,0.43704,0.43704,0.910855,0.910855,NA,NA,FALSE,TRUE,0,NA,FALSE
39,0.1,-0.3,0.295278,0.295278,0.938749,0.938749,NA,NA,FALSE,TRUE,0,NA,FALSE
39,0.1,-0.3,0.0512595,0.0512595,0.998963,0.998963,NA,NA,FALSE,TRUE,0,NA,FALSE
39,0.1,-0.3,0.0020803,0.0020803,0.802418,0.802418,NA,NA,FALSE,TRUE,0,NA,FALSE
39,0.1,-0.3,0.00285366,0.00285366,0.722028,0.722028,NA,NA,FALSE,TRUE,0,NA,FALSE
39,0.1,-0.3,0.36486,0.36486,0.873243,0.873243,NA,NA,FALSE,TRUE,0,NA,FALSE
39,0.1,-0.3,0.0114739,0.0114739,0.16549,0.16549,0.973882,0.973882,TRUE,FALSE,0,0,FALSE
39,0.1,-0.3,0.110709,0.110709,0.432013,0.432013,0.381902,0.381902,TRUE,FALSE,0,0,FALSE
39,0.1,-0.3,0.214803,0.214803,0.523928,0.523928,NA,NA,FALSE,TRUE,0,NA,FALSE
39,0.1,-0.3,0.118456,0.118456,0.309445,0.309445,NA,NA,TRUE,FALSE,0,NA,FALSE
39,0.1,-0.3,0.0226761,0.0226761,0.751956,0.751956,NA,NA,FALSE,TRUE,0,NA,FALSE
39,0.1,-0.3,0.00235233,0.00235233,0.336199,0.336199,0.094119,0.094119,TRUE,FALSE,0,0,FALSE
39,0.1,-0.3,0.0164503,0.0164503,0.632193,0.632193,NA,NA,FALSE,TRUE,0,NA,FALSE
39,0.1,-0.3,0.106799,0.106799,0.74531,0.74531,NA,NA,FALSE,TRUE,0,NA,FALSE
39,0.1,-0.3,0.0152256,0.0152256,0.592073,0.592073,NA,NA,FALSE,TRUE,0,NA,FALSE
39,0.1,-0.3,0.0848461,0.0848461,0.349033,0.349033,0.556005,0.556005,TRUE,FALSE,0,0,FALSE
39,0.1,-0.3,0.0908015,0.0908015,0.886209,0.886209,NA,NA,FALSE,TRUE,0,NA,FALSE
39,0.1,-0.3,0.0091337,0.0091337,0.829437,0.829437,NA,NA,FALSE,TRUE,0,NA,FALSE
39,0.1,-0.3,0.0445918,0.0445918,0.973683,0.973683,NA,NA,FALSE,TRUE,0,NA,FALSE
39,0.1,-0.3,0.113328,0.113328,0.0224301,0.0224301,-0.799458,-0.799458,TRUE,FALSE,0,0,FALSE
39,0.1,-0.3,0.0198882,0.0198882,0.420441,0.420441,NA,NA,TRUE,FALSE,0,NA,FALSE
39,0.1,-0.3,0.34703,0.34703,0.400519,0.400519,0.639356,0.639356,TRUE,FALSE,0,0,FALSE
39,0.1,-0.3,0.0225739,0.0225739,0.496397,0.496397,NA,NA,FALSE,TRUE,0,NA,FALSE
39,0.1,-0.3,0.0320171,0.0320171,0.977707,0.977707,NA,NA,FALSE,TRUE,0,NA,FALSE
39,0.1,-0.3,0.290167,0.290167,0.984675,0.984675,NA,NA,FALSE,TRUE,0,NA,FALSE
39,0.1,-0.3,0.00642967,0.00642967,0.723796,0.723796,NA,NA,FALSE,TRUE,0,NA,FALSE
39,0.1,-0.3,0.335645,0.335645,0.272081,0.272081,-0.124941,-0.124941,TRUE,FALSE,0,0,FALSE
39,0.1,-0.3,0.913787,0.913787,0.872011,0.872011,0.379875,NA,FALSE,FALSE,0,NA,FALSE
39,0.1,-0.3,0.045735,0.045735,0.407644,0.407644,0.322374,0.322374,TRUE,FALSE,0,0,FALSE
39,0.1,-0.3,0.0675368,0.0675368,0.983642,0.983642,NA,NA,FALSE,TRUE,0,NA,FALSE
39,0.1,-0.3,0.321503,0.321503,0.755542,0.755542,NA,NA,FALSE,TRUE,0,NA,FALSE
39,0.1,-0.3,0.234271,0.234271,0.0936636,0.0936636,-0.108389,-0.108389,TRUE,FALSE,0,0,FALSE
39,0.1,-0.3,0.813064,0.813064,0.176811,0.176811,NA,NA,FALSE,TRUE,0,NA,FALSE
39,0.1,-0.3,0.0578551,0.0578551,0.0901594,0.0901594,NA,NA,TRUE,FALSE,0,NA,FALSE
39,0.1,0,0.0402378,0.0402378,0.438171,0.438171,0.28829,0.28829,TRUE,FALSE,0,0,FALSE
39,0.1,0,0.110701,0.110701,0.129306,0.129306,NA,NA,TRUE,FALSE,0,NA,FALSE
39,0.1,0,0.288115,0.288115,0.368945,0.368945,NA,NA,TRUE,FALSE,0,NA,FALSE
39,0.1,0,0.446822,0.446822,0.139595,0.139595,NA,NA,TRUE,FALSE,0,NA,FALSE
39,0.1,0,0.202453,0.202453,0.822618,0.822618,NA,NA,FALSE,TRUE,0,NA,FALSE
39,0.1,0,0.123051,0.123051,0.869112,0.869112,NA,NA,FALSE,TRUE,0,NA,FALSE
39,0.1,0,0.150508,0.150508,0.731237,0.731237,NA,NA,FALSE,TRUE,0,NA,FALSE
39,0.1,0,0.0891529,0.0891529,0.654738,0.654738,NA,NA,FALSE,TRUE,0,NA,FALSE
39,0.1,0,0.0124595,0.0124595,0.679169,0.679169,NA,NA,FALSE,TRUE,0,NA,FALSE
39,0.1,0,0.154004,0.154004,0.14036,0.14036,0.472258,0.472258,TRUE,FALSE,0,0,FALSE
39,0.1,0,0.488963,0.488963,0.110869,0.110869,NA,NA,FALSE,TRUE,0,NA,FALSE
39,0.1,0,0.76006,0.76006,0.360364,0.360364,NA,NA,FALSE,TRUE,0,NA,FALSE
39,0.1,0,0.160423,0.160423,0.258801,0.258801,-0.342454,-0.342454,TRUE,FALSE,0,0,FALSE
39,0.1,0,0.385523,0.385523,0.947509,0.947509,NA,NA,FALSE,TRUE,0,NA,FALSE
39,0.1,0,0.0744907,0.0744907,0.0969241,0.0969241,-0.0165617,-0.0165617,TRUE,FALSE,0,0,FALSE
39,0.1,0,0.293227,0.293227,0.101049,0.101049,0.143735,0.143735,TRUE,FALSE,0,0,FALSE
39,0.1,0,0.090516,0.090516,0.395285,0.395285,NA,NA,TRUE,FALSE,0,NA,FALSE
39,0.1,0,0.0615796,0.0615796,0.0514888,0.0514888,-0.373938,-0.373938,TRUE,FALSE,0,0,FALSE
39,0.1,0,0.517458,0.517458,0.683608,0.683608,-0.0697806,NA,FALSE,FALSE,0,NA,FALSE
39,0.1,0,0.0887721,0.0887721,0.631091,0.631091,NA,NA,FALSE,TRUE,0,NA,FALSE
39,0.1,0,0.194754,0.194754,0.206634,0.206634,-0.712632,-0.712632,TRUE,FALSE,0,0,FALSE
39,0.1,0,0.50964,0.50964,0.328759,0.328759,NA,NA,FALSE,TRUE,0,NA,FALSE
39,0.1,0,0.00189416,0.00189416,0.895707,0.895707,NA,NA,FALSE,TRUE,0,NA,FALSE
39,0.1,0,0.004413,0.004413,0.0139831,0.0139831,0.194267,0.194267,TRUE,FALSE,0,0,TRUE
39,0.1,0,0.133034,0.133034,0.214799,0.214799,-0.0550493,-0.0550493,TRUE,FALSE,0,0,FALSE
39,0.1,0,0.590669,0.590669,0.905152,0.905152,0.160785,NA,FALSE,FALSE,0,NA,FALSE
39,0.1,0,0.469827,0.469827,0.410817,0.410817,NA,NA,TRUE,FALSE,0,NA,FALSE
39,0.1,0,0.279037,0.279037,0.465025,0.465025,NA,NA,TRUE,FALSE,0,NA,FALSE
39,0.1,0,0.0115463,0.0115463,0.23862,0.23862,1,1,TRUE,FALSE,0,0,FALSE
39,0.1,0,0.105001,0.105001,0.825129,0.825129,NA,NA,FALSE,TRUE,0,NA,FALSE
39,0.1,0,0.336892,0.336892,0.660645,0.660645,NA,NA,FALSE,TRUE,0,NA,FALSE
39,0.1,0,0.734902,0.734902,0.0734494,0.0734494,NA,NA,FALSE,TRUE,0,NA,FALSE
39,0.1,0,0.68473,0.68473,0.087643,0.087643,NA,NA,FALSE,TRUE,0,NA,FALSE
39,0.1,0,0.146077,0.146077,0.687144,0.687144,NA,NA,FALSE,TRUE,0,NA,FALSE
39,0.1,0,0.164043,0.164043,0.718861,0.718861,NA,NA,FALSE,TRUE,0,NA,FALSE
39,0.1,0,0.241278,0.241278,0.0454692,0.0454692,0.281906,0.281906,TRUE,FALSE,0,0,FALSE
39,0.1,0,0.060206,0.060206,0.401612,0.401612,-0.764213,-0.764213,TRUE,FALSE,0,0,FALSE
39,0.1,0,0.00505195,0.00505195,0.915406,0.915406,NA,NA,FALSE,TRUE,0,NA,FALSE
39,0.1,0,0.49434,0.49434,0.588566,0.588566,NA,NA,FALSE,FALSE,0,NA,FALSE
39,0.1,0,0.435696,0.435696,0.0396406,0.0396406,NA,NA,TRUE,FALSE,0,NA,FALSE
39,0.1,0,0.0789588,0.0789588,0.027707,0.027707,-0.46602,-0.46602,TRUE,FALSE,0,0,FALSE
39,0.1,0,0.263501,0.263501,0.179582,0.179582,NA,NA,TRUE,FALSE,0,NA,FALSE
39,0.1,0,0.0632087,0.0632087,0.834485,0.834485,NA,NA,FALSE,TRUE,0,NA,FALSE
39,0.1,0,0.112236,0.112236,0.0287455,0.0287455,-0.398456,-0.398456,TRUE,FALSE,0,0,FALSE
39,0.1,0,0.689854,0.689854,0.479986,0.479986,NA,NA,FALSE,FALSE,0,NA,FALSE
39,0.1,0,0.526052,0.526052,0.760535,0.760535,NA,NA,FALSE,FALSE,0,NA,FALSE
39,0.1,0,0.185651,0.185651,0.254244,0.254244,0.336292,0.336292,TRUE,FALSE,0,0,FALSE
39,0.1,0,0.680155,0.680155,0.413291,0.413291,NA,NA,FALSE,TRUE,0,NA,FALSE
39,0.1,0,0.321494,0.321494,0.574748,0.574748,NA,NA,FALSE,TRUE,0,NA,FALSE
39,0.1,0,0.0203434,0.0203434,0.353371,0.353371,0.520745,0.520745,TRUE,FALSE,0,0,FALSE
39,0.1,0,0.00715107,0.00715107,0.151926,0.151926,0.211301,0.211301,TRUE,FALSE,0,0,FALSE
39,0.1,0,0.0346117,0.0346117,0.0964131,0.0964131,-0.541374,-0.541374,TRUE,FALSE,0,0,FALSE
39,0.1,0,0.258972,0.258972,0.441539,0.441539,NA,NA,TRUE,FALSE,0,NA,FALSE
39,0.1,0,0.0755171,0.0755171,0.722687,0.722687,NA,NA,FALSE,TRUE,0,NA,FALSE
39,0.1,0,0.00512266,0.00512266,0.384297,0.384297,-0.00605814,-0.00605814,TRUE,FALSE,0,0,FALSE
39,0.1,0,0.0454755,0.0454755,0.964584,0.964584,NA,NA,FALSE,TRUE,0,NA,FALSE
39,0.1,0,0.134313,0.134313,0.0423528,0.0423528,0.0314343,0.0314343,TRUE,FALSE,0,0,FALSE
39,0.1,0,0.0680276,0.0680276,0.91301,0.91301,NA,NA,FALSE,TRUE,0,NA,FALSE
39,0.1,0,0.0218924,0.0218924,0.000661676,0.000661676,-0.300455,-0.300455,TRUE,FALSE,0,0,TRUE
39,0.1,0,0.136686,0.136686,0.271783,0.271783,0.50566,0.50566,TRUE,FALSE,0,0,FALSE
39,0.1,0,0.244796,0.244796,0.14725,0.14725,-1,-1,TRUE,FALSE,0,0,FALSE
39,0.1,0,0.0195812,0.0195812,0.15974,0.15974,0.247489,0.247489,TRUE,FALSE,0,0,FALSE
39,0.1,0,0.0875913,0.0875913,0.205766,0.205766,-0.982482,-0.982482,TRUE,FALSE,0,0,FALSE
39,0.1,0,0.882411,0.882411,0.757117,0.757117,1,NA,FALSE,FALSE,0,NA,FALSE
39,0.1,0,0.228513,0.228513,0.70602,0.70602,NA,NA,FALSE,TRUE,0,NA,FALSE
39,0.1,0,0.0255305,0.0255305,0.304722,0.304722,0.733412,0.733412,TRUE,FALSE,0,0,FALSE
39,0.1,0,0.439659,0.439659,0.0354105,0.0354105,NA,NA,TRUE,FALSE,0,NA,FALSE
39,0.1,0,0.0107741,0.0107741,0.491854,0.491854,NA,NA,FALSE,TRUE,0,NA,FALSE
39,0.1,0,0.505568,0.505568,0.67403,0.67403,NA,NA,FALSE,FALSE,0,NA,FALSE
39,0.1,0,0.00567832,0.00567832,0.0236536,0.0236536,0.695821,0.695821,TRUE,FALSE,0,0,TRUE
39,0.1,0,0.0865923,0.0865923,0.100554,0.100554,-0.120921,-0.120921,TRUE,FALSE,0,0,FALSE
39,0.1,0,0.197745,0.197745,0.680767,0.680767,NA,NA,FALSE,TRUE,0,NA,FALSE
39,0.1,0,0.233557,0.233557,0.246092,0.246092,NA,NA,TRUE,FALSE,0,NA,FALSE
39,0.1,0,0.00821972,0.00821972,0.948669,0.948669,NA,NA,FALSE,TRUE,0,NA,FALSE
39,0.1,0,0.0254403,0.0254403,0.596145,0.596145,NA,NA,FALSE,TRUE,0,NA,FALSE
39,0.1,0,0.150664,0.150664,0.950927,0.950927,NA,NA,FALSE,TRUE,0,NA,FALSE
39,0.1,0,0.0338304,0.0338304,0.19779,0.19779,NA,NA,TRUE,FALSE,0,NA,FALSE
39,0.1,0,0.021816,0.021816,0.240789,0.240789,-0.914629,-0.914629,TRUE,FALSE,0,0,FALSE
39,0.1,0,0.0275133,0.0275133,0.43961,0.43961,0.525771,0.525771,TRUE,FALSE,0,0,FALSE
39,0.1,0,0.128007,0.128007,0.254913,0.254913,-0.0902166,-0.0902166,TRUE,FALSE,0,0,FALSE
39,0.1,0,0.00663174,0.00663174,0.38015,0.38015,0.572499,0.572499,TRUE,FALSE,0,0,FALSE
39,0.1,0,0.152038,0.152038,0.672948,0.672948,NA,NA,FALSE,TRUE,0,NA,FALSE
39,0.1,0,0.0115474,0.0115474,0.159218,0.159218,0.463685,0.463685,TRUE,FALSE,0,0,FALSE
39,0.1,0,0.0132097,0.0132097,0.670563,0.670563,NA,NA,FALSE,TRUE,0,NA,FALSE
39,0.1,0,0.000168704,0.000168704,0.320748,0.320748,-0.535243,-0.535243,TRUE,FALSE,0,0,FALSE
39,0.1,0,0.0732554,0.0732554,0.276175,0.276175,0.937366,0.937366,TRUE,FALSE,0,0,FALSE
39,0.1,0,0.518699,0.518699,0.534096,0.534096,NA,NA,FALSE,FALSE,0,NA,FALSE
39,0.1,0,0.144029,0.144029,0.407615,0.407615,NA,NA,TRUE,FALSE,0,NA,FALSE
39,0.1,0,0.0496693,0.0496693,0.31663,0.31663,1,1,TRUE,FALSE,0,0,FALSE
39,0.1,0,0.136646,0.136646,0.363703,0.363703,0.393135,0.393135,TRUE,FALSE,0,0,FALSE
39,0.1,0,0.203291,0.203291,0.331484,0.331484,-1,-1,TRUE,FALSE,0,0,FALSE
39,0.1,0,0.125048,0.125048,0.25497,0.25497,NA,NA,TRUE,FALSE,0,NA,FALSE
39,0.1,0,0.427012,0.427012,0.0402985,0.0402985,-0.286247,-0.286247,TRUE,FALSE,0,0,FALSE
39,0.1,0,0.890177,0.890177,0.398757,0.398757,NA,NA,FALSE,TRUE,0,NA,FALSE
39,0.1,0,0.429719,0.429719,0.210489,0.210489,0.252565,0.252565,TRUE,FALSE,0,0,FALSE
39,0.1,0,0.161746,0.161746,0.0397003,0.0397003,-0.330681,-0.330681,TRUE,FALSE,0,0,FALSE
39,0.1,0,0.0436082,0.0436082,0.118668,0.118668,0.481417,0.481417,TRUE,FALSE,0,0,FALSE
39,0.1,0,0.0257057,0.0257057,0.699069,0.699069,NA,NA,FALSE,TRUE,0,NA,FALSE
39,0.1,0,0.0247767,0.0247767,0.497776,0.497776,NA,NA,FALSE,TRUE,0,NA,FALSE
39,0.1,0,0.0274184,0.0274184,0.963483,0.963483,NA,NA,FALSE,TRUE,0,NA,FALSE
39,0.1,0,0.551099,0.551099,0.193845,0.193845,NA,NA,FALSE,TRUE,0,NA,FALSE
39,0.1,0,0.281606,0.281606,0.632221,0.632221,NA,NA,FALSE,TRUE,0,NA,FALSE
39,0.1,0,0.0132678,0.0132678,0.375638,0.375638,0.30601,0.30601,TRUE,FALSE,0,0,FALSE
39,0.1,0,0.0058198,0.0058198,0.484699,0.484699,NA,NA,FALSE,TRUE,0,NA,FALSE
39,0.1,0,0.323509,0.323509,0.887692,0.887692,NA,NA,FALSE,TRUE,0,NA,FALSE
39,0.1,0,0.027738,0.027738,0.10773,0.10773,0.599268,0.599268,TRUE,FALSE,0,0,FALSE
39,0.1,0,0.000228896,0.000228896,0.401069,0.401069,-0.43942,-0.43942,TRUE,FALSE,0,0,FALSE
39,0.1,0,0.389444,0.389444,0.505092,0.505092,NA,NA,FALSE,TRUE,0,NA,FALSE
39,0.1,0,0.251858,0.251858,0.138572,0.138572,0.825985,0.825985,TRUE,FALSE,0,0,FALSE
39,0.1,0,0.0234974,0.0234974,0.435413,0.435413,1,1,TRUE,FALSE,0,0,FALSE
39,0.1,0,0.314068,0.314068,0.966643,0.966643,NA,NA,FALSE,TRUE,0,NA,FALSE
39,0.1,0,0.00108371,0.00108371,0.697579,0.697579,NA,NA,FALSE,TRUE,0,NA,FALSE
39,0.1,0,0.239935,0.239935,0.671909,0.671909,NA,NA,FALSE,TRUE,0,NA,FALSE
39,0.1,0,0.166221,0.166221,0.295053,0.295053,NA,NA,TRUE,FALSE,0,NA,FALSE
39,0.1,0,0.00713958,0.00713958,0.0468089,0.0468089,-0.155991,-0.155991,TRUE,FALSE,0,0,TRUE
39,0.1,0,0.00412096,0.00412096,0.0251036,0.0251036,0.290932,0.290932,TRUE,FALSE,0,0,TRUE
39,0.1,0,0.15432,0.15432,0.239977,0.239977,-0.784562,-0.784562,TRUE,FALSE,0,0,FALSE
39,0.1,0,0.21726,0.21726,0.153197,0.153197,0.82115,0.82115,TRUE,FALSE,0,0,FALSE
39,0.1,0,0.554448,0.554448,0.919153,0.919153,-0.255082,NA,FALSE,FALSE,0,NA,FALSE
39,0.1,0,0.272725,0.272725,0.00802492,0.00802492,0.0297874,0.0297874,TRUE,FALSE,0,0,FALSE
39,0.1,0,0.123446,0.123446,0.348932,0.348932,-0.808399,-0.808399,TRUE,FALSE,0,0,FALSE
39,0.1,0,0.176003,0.176003,0.81356,0.81356,NA,NA,FALSE,TRUE,0,NA,FALSE
39,0.1,0,0.00134303,0.00134303,0.501102,0.501102,NA,NA,FALSE,TRUE,0,NA,FALSE
39,0.1,0,0.317963,0.317963,0.340348,0.340348,0.0104202,0.0104202,TRUE,FALSE,0,0,FALSE
39,0.1,0,0.0116,0.0116,0.374254,0.374254,-0.491409,-0.491409,TRUE,FALSE,0,0,FALSE
39,0.1,0,0.000324428,0.000324428,0.503233,0.503233,NA,NA,FALSE,TRUE,0,NA,FALSE
39,0.1,0,0.861778,0.861778,0.00753013,0.00753013,NA,NA,FALSE,TRUE,0,NA,FALSE
39,0.1,0,0.333268,0.333268,0.180967,0.180967,0.684276,0.684276,TRUE,FALSE,0,0,FALSE
39,0.1,0,0.0966888,0.0966888,0.464289,0.464289,NA,NA,TRUE,FALSE,0,NA,FALSE
39,0.1,0,0.0430264,0.0430264,0.119402,0.119402,0.0958462,0.0958462,TRUE,FALSE,0,0,FALSE
39,0.1,0,0.0603096,0.0603096,0.0873216,0.0873216,-0.102056,-0.102056,TRUE,FALSE,0,0,FALSE
39,0.1,0,0.277265,0.277265,0.52559,0.52559,NA,NA,FALSE,TRUE,0,NA,FALSE
39,0.1,0,0.00567665,0.00567665,0.149612,0.149612,-0.141534,-0.141534,TRUE,FALSE,0,0,FALSE
39,0.1,0,0.302322,0.302322,0.607607,0.607607,NA,NA,FALSE,TRUE,0,NA,FALSE
39,0.1,0,0.0859868,0.0859868,0.30494,0.30494,1,1,TRUE,FALSE,0,0,FALSE
39,0.1,0,0.27147,0.27147,0.444434,0.444434,NA,NA,TRUE,FALSE,0,NA,FALSE
39,0.1,0,0.368518,0.368518,0.766032,0.766032,NA,NA,FALSE,TRUE,0,NA,FALSE
39,0.1,0,0.0264621,0.0264621,0.831659,0.831659,NA,NA,FALSE,TRUE,0,NA,FALSE
39,0.1,0,0.00384036,0.00384036,0.0715877,0.0715877,0.167633,0.167633,TRUE,FALSE,0,0,FALSE
39,0.1,0,0.550429,0.550429,0.0968908,0.0968908,NA,NA,FALSE,TRUE,0,NA,FALSE
39,0.1,0,0.135109,0.135109,0.126164,0.126164,0.591819,0.591819,TRUE,FALSE,0,0,FALSE
39,0.1,0,0.277963,0.277963,0.870332,0.870332,NA,NA,FALSE,TRUE,0,NA,FALSE
39,0.1,0,0.0165757,0.0165757,0.603688,0.603688,NA,NA,FALSE,TRUE,0,NA,FALSE
39,0.1,0,0.0477385,0.0477385,0.191304,0.191304,0.185695,0.185695,TRUE,FALSE,0,0,FALSE
39,0.1,0,3.79459e-07,3.79459e-07,0.00868357,0.00868357,0.146903,0.146903,TRUE,FALSE,0,0,TRUE
39,0.1,0,0.569032,0.569032,0.0560993,0.0560993,NA,NA,FALSE,TRUE,0,NA,FALSE
39,0.1,0,0.077492,0.077492,0.309694,0.309694,-0.301061,-0.301061,TRUE,FALSE,0,0,FALSE
39,0.1,0,0.158202,0.158202,0.299377,0.299377,-0.487454,-0.487454,TRUE,FALSE,0,0,FALSE
39,0.1,0,0.0789704,0.0789704,0.965098,0.965098,NA,NA,FALSE,TRUE,0,NA,FALSE
39,0.1,0,0.451723,0.451723,0.434537,0.434537,NA,NA,TRUE,FALSE,0,NA,FALSE
39,0.1,0,0.00920198,0.00920198,0.735722,0.735722,NA,NA,FALSE,TRUE,0,NA,FALSE
39,0.1,0,0.0117951,0.0117951,0.273539,0.273539,0.703446,0.703446,TRUE,FALSE,0,0,FALSE
39,0.1,0,0.0251882,0.0251882,0.721987,0.721987,NA,NA,FALSE,TRUE,0,NA,FALSE
39,0.1,0,0.0261791,0.0261791,0.722124,0.722124,NA,NA,FALSE,TRUE,0,NA,FALSE
39,0.1,0,0.840496,0.840496,0.668044,0.668044,-0.315296,NA,FALSE,FALSE,0,NA,FALSE
39,0.1,0,0.426929,0.426929,0.147519,0.147519,NA,NA,TRUE,FALSE,0,NA,FALSE
39,0.1,0,0.56883,0.56883,0.254989,0.254989,NA,NA,FALSE,TRUE,0,NA,FALSE
39,0.1,0,0.00147059,0.00147059,0.290668,0.290668,-0.0998727,-0.0998727,TRUE,FALSE,0,0,FALSE
39,0.1,0,0.190826,0.190826,0.282631,0.282631,NA,NA,TRUE,FALSE,0,NA,FALSE
39,0.1,0,6.32463e-05,6.32463e-05,0.477366,0.477366,NA,NA,FALSE,TRUE,0,NA,FALSE
39,0.1,0,0.321263,0.321263,0.151091,0.151091,0.396866,0.396866,TRUE,FALSE,0,0,FALSE
39,0.1,0,0.110987,0.110987,0.620772,0.620772,NA,NA,FALSE,TRUE,0,NA,FALSE
39,0.1,0,0.0311026,0.0311026,0.589464,0.589464,NA,NA,FALSE,TRUE,0,NA,FALSE
39,0.1,0,0.456426,0.456426,0.707317,0.707317,NA,NA,FALSE,TRUE,0,NA,FALSE
39,0.1,0,0.102152,0.102152,0.179375,0.179375,0.223865,0.223865,TRUE,FALSE,0,0,FALSE
39,0.1,0,0.0572204,0.0572204,0.814899,0.814899,NA,NA,FALSE,TRUE,0,NA,FALSE
39,0.1,0,0.307436,0.307436,0.348273,0.348273,NA,NA,TRUE,FALSE,0,NA,FALSE
39,0.1,0,0.257427,0.257427,0.985104,0.985104,NA,NA,FALSE,TRUE,0,NA,FALSE
39,0.1,0,0.0332213,0.0332213,0.44396,0.44396,-0.928842,-0.928842,TRUE,FALSE,0,0,FALSE
39,0.1,0,0.0798013,0.0798013,0.052421,0.052421,-0.921551,-0.921551,TRUE,FALSE,0,0,FALSE
39,0.1,0,0.326831,0.326831,0.928871,0.928871,NA,NA,FALSE,TRUE,0,NA,FALSE
39,0.1,0,0.0737525,0.0737525,0.157602,0.157602,-0.233057,-0.233057,TRUE,FALSE,0,0,FALSE
39,0.1,0,0.773712,0.773712,0.275272,0.275272,NA,NA,FALSE,TRUE,0,NA,FALSE
39,0.1,0,0.150807,0.150807,0.393693,0.393693,NA,NA,TRUE,FALSE,0,NA,FALSE
39,0.1,0,0.0969327,0.0969327,0.181929,0.181929,-0.404163,-0.404163,TRUE,FALSE,0,0,FALSE
39,0.1,0,0.440758,0.440758,0.091918,0.091918,0.374296,0.374296,TRUE,FALSE,0,0,FALSE
39,0.1,0,0.330548,0.330548,0.358639,0.358639,-0.496675,-0.496675,TRUE,FALSE,0,0,FALSE
39,0.1,0,0.177011,0.177011,0.165013,0.165013,0.785172,0.785172,TRUE,FALSE,0,0,FALSE
39,0.1,0,0.00680523,0.00680523,0.639842,0.639842,NA,NA,FALSE,TRUE,0,NA,FALSE
39,0.1,0,0.00547028,0.00547028,0.00703791,0.00703791,-0.383432,-0.383432,TRUE,FALSE,0,0,TRUE
39,0.1,0,0.111026,0.111026,0.681083,0.681083,NA,NA,FALSE,TRUE,0,NA,FALSE
39,0.1,0,0.285243,0.285243,0.399847,0.399847,NA,NA,TRUE,FALSE,0,NA,FALSE
39,0.1,0,0.195698,0.195698,0.496009,0.496009,NA,NA,FALSE,TRUE,0,NA,FALSE
39,0.1,0,0.641205,0.641205,0.28391,0.28391,NA,NA,FALSE,TRUE,0,NA,FALSE
39,0.1,0,0.0672717,0.0672717,0.162528,0.162528,-0.5883,-0.5883,TRUE,FALSE,0,0,FALSE
39,0.1,0,0.14719,0.14719,0.346167,0.346167,-0.630442,-0.630442,TRUE,FALSE,0,0,FALSE
39,0.1,0,0.0653657,0.0653657,0.100741,0.100741,0.397641,0.397641,TRUE,FALSE,0,0,FALSE
39,0.1,0,0.0601133,0.0601133,0.22129,0.22129,0.138066,0.138066,TRUE,FALSE,0,0,FALSE
39,0.1,0,0.024688,0.024688,0.466177,0.466177,NA,NA,TRUE,FALSE,0,NA,FALSE
39,0.1,0,0.0182551,0.0182551,0.90365,0.90365,NA,NA,FALSE,TRUE,0,NA,FALSE
39,0.1,0,0.251272,0.251272,0.102197,0.102197,0.968661,0.968661,TRUE,FALSE,0,0,FALSE
39,0.1,0,0.492318,0.492318,0.541588,0.541588,NA,NA,FALSE,FALSE,0,NA,FALSE
39,0.1,0,0.100445,0.100445,0.835186,0.835186,NA,NA,FALSE,TRUE,0,NA,FALSE
39,0.1,0,0.229177,0.229177,0.376883,0.376883,NA,NA,TRUE,FALSE,0,NA,FALSE
39,0.1,0,0.00439039,0.00439039,0.425048,0.425048,NA,NA,TRUE,FALSE,0,NA,FALSE
39,0.1,0,0.0176629,0.0176629,0.778659,0.778659,NA,NA,FALSE,TRUE,0,NA,FALSE
39,0.1,0,0.995561,0.995561,0.94952,0.94952,0.103017,NA,FALSE,FALSE,0,NA,FALSE
39,0.1,0,0.027084,0.027084,0.839392,0.839392,NA,NA,FALSE,TRUE,0,NA,FALSE
39,0.1,0,0.0360487,0.0360487,0.95062,0.95062,NA,NA,FALSE,TRUE,0,NA,FALSE
39,0.1,0,8.5408e-07,8.5408e-07,0.8064,0.8064,NA,NA,FALSE,TRUE,0,NA,FALSE
39,0.1,0.45,0.0017682,0.0017682,0.326365,0.326365,0.661005,0.661005,TRUE,FALSE,0,0,FALSE
39,0.1,0.45,0.724451,0.724451,0.970896,0.970896,0.19991,NA,FALSE,FALSE,0,NA,FALSE
39,0.1,0.45,0.0384794,0.0384794,0.374692,0.374692,1,1,TRUE,FALSE,0,0,FALSE
39,0.1,0.45,0.286856,0.286856,0.836133,0.836133,NA,NA,FALSE,TRUE,0,NA,FALSE
39,0.1,0.45,0.0023729,0.0023729,0.361456,0.361456,NA,NA,TRUE,FALSE,0,NA,FALSE
39,0.1,0.45,0.174599,0.174599,0.173564,0.173564,-0.670075,-0.670075,TRUE,FALSE,0,0,FALSE
39,0.1,0.45,0.0149243,0.0149243,0.0141527,0.0141527,0.787799,0.787799,TRUE,FALSE,0,0,TRUE
39,0.1,0.45,0.161912,0.161912,0.978554,0.978554,NA,NA,FALSE,TRUE,0,NA,FALSE
39,0.1,0.45,0.375907,0.375907,0.152968,0.152968,NA,NA,TRUE,FALSE,0,NA,FALSE
39,0.1,0.45,0.00363911,0.00363911,0.504997,0.504997,NA,NA,FALSE,TRUE,0,NA,FALSE
39,0.1,0.45,0.1878,0.1878,0.414068,0.414068,1,1,TRUE,FALSE,0,0,FALSE
39,0.1,0.45,0.255183,0.255183,0.0908967,0.0908967,-0.905427,-0.905427,TRUE,FALSE,0,0,FALSE
39,0.1,0.45,0.0324539,0.0324539,0.656232,0.656232,NA,NA,FALSE,TRUE,0,NA,FALSE
39,0.1,0.45,0.00831151,0.00831151,0.586079,0.586079,NA,NA,FALSE,TRUE,0,NA,FALSE
39,0.1,0.45,0.300901,0.300901,0.772739,0.772739,NA,NA,FALSE,TRUE,0,NA,FALSE
39,0.1,0.45,0.193925,0.193925,0.694086,0.694086,NA,NA,FALSE,TRUE,0,NA,FALSE
39,0.1,0.45,0.614243,0.614243,0.668464,0.668464,0.631185,NA,FALSE,FALSE,0,NA,FALSE
39,0.1,0.45,0.454709,0.454709,0.383765,0.383765,NA,NA,TRUE,FALSE,0,NA,FALSE
39,0.1,0.45,0.0400466,0.0400466,0.608559,0.608559,NA,NA,FALSE,TRUE,0,NA,FALSE
39,0.1,0.45,0.0479635,0.0479635,0.0825726,0.0825726,NA,NA,TRUE,FALSE,0,NA,FALSE
39,0.1,0.45,0.135547,0.135547,0.816238,0.816238,NA,NA,FALSE,TRUE,0,NA,FALSE
39,0.1,0.45,0.147591,0.147591,0.643022,0.643022,NA,NA,FALSE,TRUE,0,NA,FALSE
39,0.1,0.45,0.00700354,0.00700354,0.532912,0.532912,NA,NA,FALSE,TRUE,0,NA,FALSE
39,0.1,0.45,0.0146224,0.0146224,0.674044,0.674044,NA,NA,FALSE,TRUE,0,NA,FALSE
39,0.1,0.45,0.957609,0.957609,0.638409,0.638409,NA,NA,FALSE,FALSE,0,NA,FALSE
39,0.1,0.45,0.600865,0.600865,0.247543,0.247543,NA,NA,FALSE,TRUE,0,NA,FALSE
39,0.1,0.45,0.141078,0.141078,0.758521,0.758521,NA,NA,FALSE,TRUE,0,NA,FALSE
39,0.1,0.45,0.0577973,0.0577973,0.799021,0.799021,NA,NA,FALSE,TRUE,0,NA,FALSE
39,0.1,0.45,0.109845,0.109845,0.153642,0.153642,-0.313192,-0.313192,TRUE,FALSE,0,0,FALSE
39,0.1,0.45,0.308776,0.308776,0.132654,0.132654,NA,NA,TRUE,FALSE,0,NA,FALSE
39,0.1,0.45,0.160373,0.160373,0.421251,0.421251,0.376381,0.376381,TRUE,FALSE,0,0,FALSE
39,0.1,0.45,0.0137567,0.0137567,0.892146,0.892146,NA,NA,FALSE,TRUE,0,NA,FALSE
39,0.1,0.45,0.0266297,0.0266297,0.566522,0.566522,NA,NA,FALSE,TRUE,0,NA,FALSE
39,0.1,0.45,0.153022,0.153022,0.422407,0.422407,-0.389446,-0.389446,TRUE,FALSE,0,0,FALSE
39,0.1,0.45,0.152377,0.152377,0.141793,0.141793,-0.332991,-0.332991,TRUE,FALSE,0,0,FALSE
39,0.1,0.45,0.00341921,0.00341921,0.773873,0.773873,NA,NA,FALSE,TRUE,0,NA,FALSE
39,0.1,0.45,0.513472,0.513472,0.0772028,0.0772028,NA,NA,FALSE,TRUE,0,NA,FALSE
39,0.1,0.45,0.162243,0.162243,0.671667,0.671667,NA,NA,FALSE,TRUE,0,NA,FALSE
39,0.1,0.45,0.493844,0.493844,0.883059,0.883059,NA,NA,FALSE,FALSE,0,NA,FALSE
39,0.1,0.45,0.39918,0.39918,0.500162,0.500162,NA,NA,FALSE,TRUE,0,NA,FALSE
39,0.1,0.45,0.475583,0.475583,0.27995,0.27995,NA,NA,FALSE,TRUE,0,NA,FALSE
39,0.1,0.45,0.00297253,0.00297253,0.643042,0.643042,NA,NA,FALSE,TRUE,0,NA,FALSE
39,0.1,0.45,0.172802,0.172802,0.630018,0.630018,NA,NA,FALSE,TRUE,0,NA,FALSE
39,0.1,0.45,0.28556,0.28556,0.934634,0.934634,NA,NA,FALSE,TRUE,0,NA,FALSE
39,0.1,0.45,0.102874,0.102874,0.656292,0.656292,NA,NA,FALSE,TRUE,0,NA,FALSE
39,0.1,0.45,0.0398339,0.0398339,0.359683,0.359683,-0.653961,-0.653961,TRUE,FALSE,0,0,FALSE
39,0.1,0.45,0.0464726,0.0464726,0.844179,0.844179,NA,NA,FALSE,TRUE,0,NA,FALSE
39,0.1,0.45,0.117722,0.117722,0.989205,0.989205,NA,NA,FALSE,TRUE,0,NA,FALSE
39,0.1,0.45,0.15366,0.15366,0.604842,0.604842,NA,NA,FALSE,TRUE,0,NA,FALSE
39,0.1,0.45,0.125174,0.125174,0.044176,0.044176,-0.0165369,-0.0165369,TRUE,FALSE,0,0,FALSE
39,0.1,0.45,0.63093,0.63093,0.743607,0.743607,0.493428,NA,FALSE,FALSE,0,NA,FALSE
39,0.1,0.45,0.0638668,0.0638668,0.4104,0.4104,NA,NA,TRUE,FALSE,0,NA,FALSE
39,0.1,0.45,0.768505,0.768505,0.245555,0.245555,NA,NA,FALSE,TRUE,0,NA,FALSE
39,0.1,0.45,0.0324005,0.0324005,0.39445,0.39445,NA,NA,TRUE,FALSE,0,NA,FALSE
39,0.1,0.45,0.429366,0.429366,0.875594,0.875594,NA,NA,FALSE,TRUE,0,NA,FALSE
39,0.1,0.45,0.00673888,0.00673888,0.942216,0.942216,NA,NA,FALSE,TRUE,0,NA,FALSE
39,0.1,0.45,0.0366856,0.0366856,0.629807,0.629807,NA,NA,FALSE,TRUE,0,NA,FALSE
39,0.1,0.45,0.022319,0.022319,0.429761,0.429761,0.71033,0.71033,TRUE,FALSE,0,0,FALSE
39,0.1,0.45,0.442475,0.442475,0.194238,0.194238,0.913737,0.913737,TRUE,FALSE,0,0,FALSE
39,0.1,0.45,0.238362,0.238362,0.594575,0.594575,NA,NA,FALSE,TRUE,0,NA,FALSE
39,0.1,0.45,0.136175,0.136175,0.177643,0.177643,NA,NA,TRUE,FALSE,0,NA,FALSE
39,0.1,0.45,0.00215386,0.00215386,0.406191,0.406191,-0.48429,-0.48429,TRUE,FALSE,0,0,FALSE
39,0.1,0.45,0.486476,0.486476,0.854222,0.854222,0.913307,NA,FALSE,FALSE,0,NA,FALSE
39,0.1,0.45,0.68884,0.68884,0.0430336,0.0430336,NA,NA,FALSE,TRUE,0,NA,FALSE
39,0.1,0.45,0.0609942,0.0609942,0.501646,0.501646,NA,NA,FALSE,TRUE,0,NA,FALSE
39,0.1,0.45,0.136686,0.136686,0.565871,0.565871,NA,NA,FALSE,TRUE,0,NA,FALSE
39,0.1,0.45,0.104527,0.104527,0.952481,0.952481,NA,NA,FALSE,TRUE,0,NA,FALSE
39,0.1,0.45,0.331633,0.331633,0.287182,0.287182,NA,NA,TRUE,FALSE,0,NA,FALSE
39,0.1,0.45,0.0228603,0.0228603,0.420358,0.420358,NA,NA,TRUE,FALSE,0,NA,FALSE
39,0.1,0.45,0.00523232,0.00523232,0.882037,0.882037,NA,NA,FALSE,TRUE,0,NA,FALSE
39,0.1,0.45,0.0334412,0.0334412,0.994,0.994,NA,NA,FALSE,TRUE,0,NA,FALSE
39,0.1,0.45,0.0268136,0.0268136,0.189275,0.189275,0.340082,0.340082,TRUE,FALSE,0,0,FALSE
39,0.1,0.45,0.657748,0.657748,0.154116,0.154116,NA,NA,FALSE,TRUE,0,NA,FALSE
39,0.1,0.45,0.260339,0.260339,0.996619,0.996619,NA,NA,FALSE,TRUE,0,NA,FALSE
39,0.1,0.45,0.281031,0.281031,0.643603,0.643603,NA,NA,FALSE,TRUE,0,NA,FALSE
39,0.1,0.45,0.0479778,0.0479778,0.897751,0.897751,NA,NA,FALSE,TRUE,0,NA,FALSE
39,0.1,0.45,0.00210135,0.00210135,0.5089,0.5089,NA,NA,FALSE,TRUE,0,NA,FALSE
39,0.1,0.45,0.00133258,0.00133258,0.145238,0.145238,0.355946,0.355946,TRUE,FALSE,0,0,FALSE
39,0.1,0.45,0.129912,0.129912,0.334661,0.334661,NA,NA,TRUE,FALSE,0,NA,FALSE
39,0.1,0.45,0.109578,0.109578,0.344146,0.344146,1,1,TRUE,FALSE,0,0,FALSE
39,0.1,0.45,0.0530312,0.0530312,0.031068,0.031068,0.399464,0.399464,TRUE,FALSE,0,0,FALSE
39,0.1,0.45,0.00688211,0.00688211,0.0932472,0.0932472,0.159319,0.159319,TRUE,FALSE,0,0,FALSE
39,0.1,0.45,0.153646,0.153646,0.103247,0.103247,NA,NA,TRUE,FALSE,0,NA,FALSE
39,0.1,0.45,0.0742468,0.0742468,0.0625151,0.0625151,0.114541,0.114541,TRUE,FALSE,0,0,FALSE
39,0.1,0.45,0.164656,0.164656,0.141951,0.141951,0.731234,0.731234,TRUE,FALSE,0,0,FALSE
39,0.1,0.45,0.0979172,0.0979172,0.507342,0.507342,NA,NA,FALSE,TRUE,0,NA,FALSE
39,0.1,0.45,0.213009,0.213009,0.812445,0.812445,NA,NA,FALSE,TRUE,0,NA,FALSE
39,0.1,0.45,0.00114658,0.00114658,0.0187637,0.0187637,0.0626659,0.0626659,TRUE,FALSE,0,0,TRUE
39,0.1,0.45,0.0652467,0.0652467,0.223655,0.223655,1,1,TRUE,FALSE,0,0,FALSE
39,0.1,0.45,0.00277361,0.00277361,0.718641,0.718641,NA,NA,FALSE,TRUE,0,NA,FALSE
39,0.1,0.45,0.0165317,0.0165317,0.226294,0.226294,-0.146266,-0.146266,TRUE,FALSE,0,0,FALSE
39,0.1,0.45,0.0797985,0.0797985,0.0390836,0.0390836,0.356025,0.356025,TRUE,FALSE,0,0,FALSE
39,0.1,0.45,0.0818463,0.0818463,0.0980649,0.0980649,-0.216635,-0.216635,TRUE,FALSE,0,0,FALSE
39,0.1,0.45,0.0745383,0.0745383,0.703095,0.703095,NA,NA,FALSE,TRUE,0,NA,FALSE
39,0.1,0.45,0.00121501,0.00121501,0.429907,0.429907,NA,NA,TRUE,FALSE,0,NA,FALSE
39,0.1,0.45,0.36843,0.36843,0.841536,0.841536,NA,NA,FALSE,TRUE,0,NA,FALSE
39,0.1,0.45,0.0707916,0.0707916,0.595029,0.595029,NA,NA,FALSE,TRUE,0,NA,FALSE
39,0.1,0.45,0.06744,0.06744,0.146057,0.146057,NA,NA,TRUE,FALSE,0,NA,FALSE
39,0.1,0.45,0.715745,0.715745,0.708005,0.708005,0.69103,NA,FALSE,FALSE,0,NA,FALSE
39,0.1,0.45,0.224868,0.224868,0.101133,0.101133,0.954575,0.954575,TRUE,FALSE,0,0,FALSE
39,0.1,0.45,0.0655558,0.0655558,0.0935159,0.0935159,0.625988,0.625988,TRUE,FALSE,0,0,FALSE
39,0.1,0.45,0.0536792,0.0536792,0.866256,0.866256,NA,NA,FALSE,TRUE,0,NA,FALSE
39,0.1,0.45,0.000315686,0.000315686,0.37825,0.37825,-0.0946275,-0.0946275,TRUE,FALSE,0,0,FALSE
39,0.1,0.45,0.0350562,0.0350562,0.514596,0.514596,NA,NA,FALSE,TRUE,0,NA,FALSE
39,0.1,0.45,0.0198288,0.0198288,0.797376,0.797376,NA,NA,FALSE,TRUE,0,NA,FALSE
39,0.1,0.45,0.00912038,0.00912038,0.00496219,0.00496219,0.442352,0.442352,TRUE,FALSE,0,0,TRUE
39,0.1,0.45,0.0617224,0.0617224,0.66565,0.66565,NA,NA,FALSE,TRUE,0,NA,FALSE
39,0.1,0.45,0.327108,0.327108,0.291245,0.291245,NA,NA,TRUE,FALSE,0,NA,FALSE
39,0.1,0.45,0.0891219,0.0891219,0.359395,0.359395,1,1,TRUE,FALSE,0,0,FALSE
39,0.1,0.45,0.404501,0.404501,0.434423,0.434423,NA,NA,TRUE,FALSE,0,NA,FALSE
39,0.1,0.45,0.382826,0.382826,0.884621,0.884621,NA,NA,FALSE,TRUE,0,NA,FALSE
39,0.1,0.45,0.268106,0.268106,0.475524,0.475524,NA,NA,FALSE,TRUE,0,NA,FALSE
39,0.1,0.45,0.447033,0.447033,0.876142,0.876142,NA,NA,FALSE,TRUE,0,NA,FALSE
39,0.1,0.45,0.00782723,0.00782723,0.22535,0.22535,0.903491,0.903491,TRUE,FALSE,0,0,FALSE
39,0.1,0.45,0.013689,0.013689,0.199444,0.199444,-0.279861,-0.279861,TRUE,FALSE,0,0,FALSE
39,0.1,0.45,0.123567,0.123567,0.847763,0.847763,NA,NA,FALSE,TRUE,0,NA,FALSE
39,0.1,0.45,0.113002,0.113002,0.0666716,0.0666716,-0.862817,-0.862817,TRUE,FALSE,0,0,FALSE
39,0.1,0.45,0.232406,0.232406,0.821877,0.821877,NA,NA,FALSE,TRUE,0,NA,FALSE
39,0.1,0.45,0.449595,0.449595,0.944147,0.944147,NA,NA,FALSE,TRUE,0,NA,FALSE
39,0.1,0.45,0.0272841,0.0272841,0.705347,0.705347,NA,NA,FALSE,TRUE,0,NA,FALSE
39,0.1,0.45,0.239765,0.239765,0.550964,0.550964,NA,NA,FALSE,TRUE,0,NA,FALSE
39,0.1,0.45,0.386877,0.386877,0.059795,0.059795,NA,NA,TRUE,FALSE,0,NA,FALSE
39,0.1,0.45,0.410172,0.410172,0.0322946,0.0322946,0.404363,0.404363,TRUE,FALSE,0,0,FALSE
39,0.1,0.45,0.448318,0.448318,0.433982,0.433982,0.527159,0.527159,TRUE,FALSE,0,0,FALSE
39,0.1,0.45,0.0252824,0.0252824,0.382647,0.382647,-0.768352,-0.768352,TRUE,FALSE,0,0,FALSE
39,0.1,0.45,0.179697,0.179697,0.418575,0.418575,NA,NA,TRUE,FALSE,0,NA,FALSE
39,0.1,0.45,0.000671035,0.000671035,0.598658,0.598658,NA,NA,FALSE,TRUE,0,NA,FALSE
39,0.1,0.45,0.103706,0.103706,0.991636,0.991636,NA,NA,FALSE,TRUE,0,NA,FALSE
39,0.1,0.45,0.722294,0.722294,0.925898,0.925898,NA,NA,FALSE,FALSE,0,NA,FALSE
39,0.1,0.45,0.00311229,0.00311229,0.349867,0.349867,1,1,TRUE,FALSE,0,0,FALSE
39,0.1,0.45,0.461577,0.461577,0.0469633,0.0469633,0.584982,0.584982,TRUE,FALSE,0,0,FALSE
39,0.1,0.45,0.00893028,0.00893028,0.0250169,0.0250169,0.137169,0.137169,TRUE,FALSE,0,0,TRUE
39,0.1,0.45,0.120278,0.120278,0.998588,0.998588,NA,NA,FALSE,TRUE,0,NA,FALSE
39,0.1,0.45,0.833639,0.833639,0.66255,0.66255,-0.93039,NA,FALSE,FALSE,0,NA,FALSE
39,0.1,0.45,0.148245,0.148245,0.734022,0.734022,NA,NA,FALSE,TRUE,0,NA,FALSE
39,0.1,0.45,0.12718,0.12718,0.580368,0.580368,NA,NA,FALSE,TRUE,0,NA,FALSE
39,0.1,0.45,0.417866,0.417866,0.558394,0.558394,NA,NA,FALSE,TRUE,0,NA,FALSE
39,0.1,0.45,0.000416179,0.000416179,0.824978,0.824978,NA,NA,FALSE,TRUE,0,NA,FALSE
39,0.1,0.45,0.000593898,0.000593898,0.583336,0.583336,NA,NA,FALSE,TRUE,0,NA,FALSE
39,0.1,0.45,0.312787,0.312787,0.827553,0.827553,NA,NA,FALSE,TRUE,0,NA,FALSE
39,0.1,0.45,0.0186223,0.0186223,0.64202,0.64202,NA,NA,FALSE,TRUE,0,NA,FALSE
39,0.1,0.45,0.00196697,0.00196697,0.717334,0.717334,NA,NA,FALSE,TRUE,0,NA,FALSE
39,0.1,0.45,0.116048,0.116048,0.0699311,0.0699311,-1,-1,TRUE,FALSE,0,0,FALSE
39,0.1,0.45,0.0986792,0.0986792,0.119749,0.119749,-0.293956,-0.293956,TRUE,FALSE,0,0,FALSE
39,0.1,0.45,0.255912,0.255912,0.683842,0.683842,NA,NA,FALSE,TRUE,0,NA,FALSE
39,0.1,0.45,0.0628994,0.0628994,0.385163,0.385163,-0.46969,-0.46969,TRUE,FALSE,0,0,FALSE
39,0.1,0.45,0.00178407,0.00178407,0.561485,0.561485,NA,NA,FALSE,TRUE,0,NA,FALSE
39,0.1,0.45,0.479956,0.479956,0.974253,0.974253,0.384089,NA,FALSE,FALSE,0,NA,FALSE
39,0.1,0.45,9.8085e-05,9.8085e-05,0.236341,0.236341,0.740923,0.740923,TRUE,FALSE,0,0,FALSE
39,0.1,0.45,0.0513066,0.0513066,0.640144,0.640144,NA,NA,FALSE,TRUE,0,NA,FALSE
39,0.1,0.45,0.0170543,0.0170543,0.379565,0.379565,-0.708441,-0.708441,TRUE,FALSE,0,0,FALSE
39,0.1,0.45,0.0104707,0.0104707,0.723696,0.723696,NA,NA,FALSE,TRUE,0,NA,FALSE
39,0.1,0.45,0.660184,0.660184,0.0341813,0.0341813,NA,NA,FALSE,TRUE,0,NA,FALSE
39,0.1,0.45,0.334563,0.334563,0.079379,0.079379,NA,NA,TRUE,FALSE,0,NA,FALSE
39,0.1,0.45,0.210202,0.210202,0.559549,0.559549,NA,NA,FALSE,TRUE,0,NA,FALSE
39,0.1,0.45,0.0209581,0.0209581,0.352511,0.352511,0.639503,0.639503,TRUE,FALSE,0,0,FALSE
39,0.1,0.45,0.0599574,0.0599574,0.196553,0.196553,0.811264,0.811264,TRUE,FALSE,0,0,FALSE
39,0.1,0.45,0.0811176,0.0811176,0.632356,0.632356,NA,NA,FALSE,TRUE,0,NA,FALSE
39,0.1,0.45,0.375077,0.375077,0.208944,0.208944,-0.0957907,-0.0957907,TRUE,FALSE,0,0,FALSE
39,0.1,0.45,0.811094,0.811094,0.934601,0.934601,-0.139195,NA,FALSE,FALSE,0,NA,FALSE
39,0.1,0.45,0.114161,0.114161,0.140632,0.140632,-0.780219,-0.780219,TRUE,FALSE,0,0,FALSE
39,0.1,0.45,0.00895811,0.00895811,0.424255,0.424255,0.562508,0.562508,TRUE,FALSE,0,0,FALSE
39,0.1,0.45,0.0352519,0.0352519,0.852271,0.852271,NA,NA,FALSE,TRUE,0,NA,FALSE
39,0.1,0.45,0.00300176,0.00300176,0.611082,0.611082,NA,NA,FALSE,TRUE,0,NA,FALSE
39,0.1,0.45,0.727997,0.727997,0.184619,0.184619,NA,NA,FALSE,TRUE,0,NA,FALSE
39,0.1,0.45,0.954034,0.954034,0.290835,0.290835,NA,NA,FALSE,TRUE,0,NA,FALSE
39,0.1,0.45,0.140717,0.140717,0.837766,0.837766,NA,NA,FALSE,TRUE,0,NA,FALSE
39,0.1,0.45,0.126783,0.126783,0.683212,0.683212,NA,NA,FALSE,TRUE,0,NA,FALSE
39,0.1,0.45,0.797701,0.797701,0.442734,0.442734,NA,NA,FALSE,TRUE,0,NA,FALSE
39,0.1,0.45,0.662848,0.662848,0.366224,0.366224,NA,NA,FALSE,TRUE,0,NA,FALSE
39,0.1,0.45,0.502139,0.502139,0.203247,0.203247,NA,NA,FALSE,TRUE,0,NA,FALSE
39,0.1,0.45,0.0122948,0.0122948,0.214859,0.214859,0.685454,0.685454,TRUE,FALSE,0,0,FALSE
39,0.1,0.45,0.195666,0.195666,0.648963,0.648963,NA,NA,FALSE,TRUE,0,NA,FALSE
39,0.1,0.45,0.146267,0.146267,0.635817,0.635817,NA,NA,FALSE,TRUE,0,NA,FALSE
39,0.1,0.45,0.380202,0.380202,0.312768,0.312768,0.875498,0.875498,TRUE,FALSE,0,0,FALSE
39,0.1,0.45,0.140102,0.140102,0.823612,0.823612,NA,NA,FALSE,TRUE,0,NA,FALSE
39,0.1,0.45,0.338896,0.338896,0.853705,0.853705,NA,NA,FALSE,TRUE,0,NA,FALSE
39,0.1,0.45,0.0378723,0.0378723,0.214775,0.214775,-0.691515,-0.691515,TRUE,FALSE,0,0,FALSE
39,0.1,0.45,0.0221616,0.0221616,0.266924,0.266924,-0.014116,-0.014116,TRUE,FALSE,0,0,FALSE
39,0.1,0.45,0.380456,0.380456,0.601034,0.601034,NA,NA,FALSE,TRUE,0,NA,FALSE
39,0.1,0.45,0.0100412,0.0100412,0.12907,0.12907,NA,NA,TRUE,FALSE,0,NA,FALSE
39,0.1,0.45,0.000612112,0.000612112,0.752574,0.752574,NA,NA,FALSE,TRUE,0,NA,FALSE
39,0.1,0.45,0.307574,0.307574,0.435223,0.435223,-0.993468,-0.993468,TRUE,FALSE,0,0,FALSE
39,0.1,0.45,0.689296,0.689296,0.0842259,0.0842259,NA,NA,FALSE,TRUE,0,NA,FALSE
39,0.1,0.45,0.0190224,0.0190224,0.723184,0.723184,NA,NA,FALSE,TRUE,0,NA,FALSE
39,0.1,0.45,0.00841049,0.00841049,0.769314,0.769314,NA,NA,FALSE,TRUE,0,NA,FALSE
39,0.1,0.45,0.783064,0.783064,0.888275,0.888275,-0.139262,NA,FALSE,FALSE,0,NA,FALSE
39,0.1,0.45,0.122381,0.122381,0.518834,0.518834,NA,NA,FALSE,TRUE,0,NA,FALSE
39,0.1,0.45,0.201808,0.201808,0.482406,0.482406,NA,NA,FALSE,TRUE,0,NA,FALSE
39,0.1,0.45,0.0218832,0.0218832,0.620857,0.620857,NA,NA,FALSE,TRUE,0,NA,FALSE
39,0.1,0.45,0.0500832,0.0500832,0.999972,0.999972,NA,NA,FALSE,TRUE,0,NA,FALSE
39,0.1,0.45,0.954425,0.954425,0.903557,0.903557,0.0930692,NA,FALSE,FALSE,0,NA,FALSE
39,0.1,0.45,0.13479,0.13479,0.729163,0.729163,NA,NA,FALSE,TRUE,0,NA,FALSE
39,0.1,0.45,0.354994,0.354994,0.535936,0.535936,NA,NA,FALSE,TRUE,0,NA,FALSE
39,0.1,0.45,0.182634,0.182634,0.738287,0.738287,NA,NA,FALSE,TRUE,0,NA,FALSE
39,0.1,0.45,0.910553,0.910553,0.480852,0.480852,1,NA,FALSE,FALSE,0,NA,FALSE
39,0.1,0.45,0.110273,0.110273,0.646439,0.646439,NA,NA,FALSE,TRUE,0,NA,FALSE
39,0.1,0.45,0.36903,0.36903,0.163532,0.163532,1,1,TRUE,FALSE,0,0,FALSE
39,0.1,0.45,0.529803,0.529803,0.507711,0.507711,NA,NA,FALSE,FALSE,0,NA,FALSE
39,0.1,0.45,0.34494,0.34494,0.426592,0.426592,NA,NA,TRUE,FALSE,0,NA,FALSE
39,0.1,0.9,0.0351301,0.0351301,0.317071,0.317071,0.586194,0.586194,TRUE,FALSE,0,0,FALSE
39,0.1,0.9,0.102219,0.102219,0.882815,0.882815,NA,NA,FALSE,TRUE,0,NA,FALSE
39,0.1,0.9,0.0307108,0.0307108,0.568257,0.568257,NA,NA,FALSE,TRUE,0,NA,FALSE
39,0.1,0.9,0.117788,0.117788,0.755802,0.755802,NA,NA,FALSE,TRUE,0,NA,FALSE
39,0.1,0.9,0.416214,0.416214,0.683436,0.683436,NA,NA,FALSE,TRUE,0,NA,FALSE
39,0.1,0.9,0.205826,0.205826,0.698681,0.698681,NA,NA,FALSE,TRUE,0,NA,FALSE
39,0.1,0.9,0.00288852,0.00288852,0.87278,0.87278,NA,NA,FALSE,TRUE,0,NA,FALSE
39,0.1,0.9,0.918985,0.918985,0.949658,0.949658,-0.087708,NA,FALSE,FALSE,0,NA,FALSE
39,0.1,0.9,0.0645618,0.0645618,0.724347,0.724347,NA,NA,FALSE,TRUE,0,NA,FALSE
39,0.1,0.9,0.0469079,0.0469079,0.108781,0.108781,-0.200637,-0.200637,TRUE,FALSE,0,0,FALSE
39,0.1,0.9,0.0263684,0.0263684,0.185595,0.185595,0.688243,0.688243,TRUE,FALSE,0,0,FALSE
39,0.1,0.9,0.095333,0.095333,0.981496,0.981496,NA,NA,FALSE,TRUE,0,NA,FALSE
39,0.1,0.9,0.421467,0.421467,0.838989,0.838989,NA,NA,FALSE,TRUE,0,NA,FALSE
39,0.1,0.9,0.812855,0.812855,0.665465,0.665465,1,NA,FALSE,FALSE,0,NA,FALSE
39,0.1,0.9,0.822773,0.822773,0.492287,0.492287,-1,NA,FALSE,FALSE,0,NA,FALSE
39,0.1,0.9,0.268497,0.268497,0.780238,0.780238,NA,NA,FALSE,TRUE,0,NA,FALSE
39,0.1,0.9,0.00996095,0.00996095,0.772389,0.772389,NA,NA,FALSE,TRUE,0,NA,FALSE
39,0.1,0.9,0.105381,0.105381,0.412168,0.412168,NA,NA,TRUE,FALSE,0,NA,FALSE
39,0.1,0.9,0.00115403,0.00115403,0.249544,0.249544,0.229007,0.229007,TRUE,FALSE,0,0,FALSE
39,0.1,0.9,0.00747524,0.00747524,0.417668,0.417668,NA,NA,TRUE,FALSE,0,NA,FALSE
39,0.1,0.9,0.210452,0.210452,0.363661,0.363661,NA,NA,TRUE,FALSE,0,NA,FALSE
39,0.1,0.9,0.0431911,0.0431911,0.411174,0.411174,-0.0886318,-0.0886318,TRUE,FALSE,0,0,FALSE
39,0.1,0.9,0.182512,0.182512,0.32329,0.32329,-0.898246,-0.898246,TRUE,FALSE,0,0,FALSE
39,0.1,0.9,0.314003,0.314003,0.156183,0.156183,NA,NA,TRUE,FALSE,0,NA,FALSE
39,0.1,0.9,0.147712,0.147712,0.146641,0.146641,NA,NA,TRUE,FALSE,0,NA,FALSE
39,0.1,0.9,0.00342298,0.00342298,0.273129,0.273129,NA,NA,TRUE,FALSE,0,NA,FALSE
39,0.1,0.9,0.369356,0.369356,0.68763,0.68763,NA,NA,FALSE,TRUE,0,NA,FALSE
39,0.1,0.9,0.0403394,0.0403394,0.0773241,0.0773241,-0.331467,-0.331467,TRUE,FALSE,0,0,FALSE
39,0.1,0.9,0.079102,0.079102,0.0900582,0.0900582,0.544739,0.544739,TRUE,FALSE,0,0,FALSE
39,0.1,0.9,0.00258964,0.00258964,0.480628,0.480628,NA,NA,FALSE,TRUE,0,NA,FALSE
39,0.1,0.9,0.0189283,0.0189283,0.408482,0.408482,0.479779,0.479779,TRUE,FALSE,0,0,FALSE
39,0.1,0.9,0.087784,0.087784,0.303333,0.303333,0.387758,0.387758,TRUE,FALSE,0,0,FALSE
39,0.1,0.9,0.0888492,0.0888492,0.483334,0.483334,NA,NA,FALSE,TRUE,0,NA,FALSE
39,0.1,0.9,0.0639878,0.0639878,0.348966,0.348966,-0.639846,-0.639846,TRUE,FALSE,0,0,FALSE
39,0.1,0.9,0.550962,0.550962,0.401597,0.401597,NA,NA,FALSE,TRUE,0,NA,FALSE
39,0.1,0.9,0.0109635,0.0109635,0.231951,0.231951,0.724204,0.724204,TRUE,FALSE,0,0,FALSE
39,0.1,0.9,0.590937,0.590937,0.306827,0.306827,NA,NA,FALSE,TRUE,0,NA,FALSE
39,0.1,0.9,0.0538895,0.0538895,0.0405658,0.0405658,0.246074,0.246074,TRUE,FALSE,0,0,FALSE
39,0.1,0.9,0.0154425,0.0154425,0.753949,0.753949,NA,NA,FALSE,TRUE,0,NA,FALSE
39,0.1,0.9,0.0642353,0.0642353,0.444629,0.444629,NA,NA,TRUE,FALSE,0,NA,FALSE
39,0.1,0.9,0.159074,0.159074,0.00407125,0.00407125,0.265215,0.265215,TRUE,FALSE,0,0,FALSE
39,0.1,0.9,0.0874879,0.0874879,0.506852,0.506852,NA,NA,FALSE,TRUE,0,NA,FALSE
39,0.1,0.9,0.748669,0.748669,0.783097,0.783097,0.715706,NA,FALSE,FALSE,0,NA,FALSE
39,0.1,0.9,0.01525,0.01525,0.249528,0.249528,0.395275,0.395275,TRUE,FALSE,0,0,FALSE
39,0.1,0.9,0.359897,0.359897,0.369441,0.369441,NA,NA,TRUE,FALSE,0,NA,FALSE
39,0.1,0.9,0.0661002,0.0661002,0.804361,0.804361,NA,NA,FALSE,TRUE,0,NA,FALSE
39,0.1,0.9,0.0423343,0.0423343,0.333717,0.333717,0.593151,0.593151,TRUE,FALSE,0,0,FALSE
39,0.1,0.9,0.0440529,0.0440529,0.585988,0.585988,NA,NA,FALSE,TRUE,0,NA,FALSE
39,0.1,0.9,0.000698786,0.000698786,0.429763,0.429763,0.100412,0.100412,TRUE,FALSE,0,0,FALSE
39,0.1,0.9,0.0104246,0.0104246,0.604118,0.604118,NA,NA,FALSE,TRUE,0,NA,FALSE
39,0.1,0.9,0.780513,0.780513,0.235382,0.235382,NA,NA,FALSE,TRUE,0,NA,FALSE
39,0.1,0.9,0.521316,0.521316,0.750337,0.750337,NA,NA,FALSE,FALSE,0,NA,FALSE
39,0.1,0.9,0.00337061,0.00337061,0.762123,0.762123,NA,NA,FALSE,TRUE,0,NA,FALSE
39,0.1,0.9,0.051518,0.051518,0.191186,0.191186,0.161803,0.161803,TRUE,FALSE,0,0,FALSE
39,0.1,0.9,0.0472021,0.0472021,0.998942,0.998942,NA,NA,FALSE,TRUE,0,NA,FALSE
39,0.1,0.9,0.378025,0.378025,0.744227,0.744227,NA,NA,FALSE,TRUE,0,NA,FALSE
39,0.1,0.9,0.00140499,0.00140499,0.255079,0.255079,NA,NA,TRUE,FALSE,0,NA,FALSE
39,0.1,0.9,0.0485159,0.0485159,0.069886,0.069886,0.703595,0.703595,TRUE,FALSE,0,0,FALSE
39,0.1,0.9,4.82771e-05,4.82771e-05,0.432406,0.432406,NA,NA,TRUE,FALSE,0,NA,FALSE
39,0.1,0.9,0.0828475,0.0828475,0.585014,0.585014,NA,NA,FALSE,TRUE,0,NA,FALSE
39,0.1,0.9,0.234018,0.234018,0.97132,0.97132,NA,NA,FALSE,TRUE,0,NA,FALSE
39,0.1,0.9,0.0135305,0.0135305,0.0978679,0.0978679,0.482736,0.482736,TRUE,FALSE,0,0,FALSE
39,0.1,0.9,0.0881885,0.0881885,0.160463,0.160463,0.838779,0.838779,TRUE,FALSE,0,0,FALSE
39,0.1,0.9,0.646864,0.646864,0.266229,0.266229,NA,NA,FALSE,TRUE,0,NA,FALSE
39,0.1,0.9,0.0645826,0.0645826,0.608865,0.608865,NA,NA,FALSE,TRUE,0,NA,FALSE
39,0.1,0.9,9.83429e-05,9.83429e-05,0.555505,0.555505,NA,NA,FALSE,TRUE,0,NA,FALSE
39,0.1,0.9,0.0305278,0.0305278,0.993682,0.993682,NA,NA,FALSE,TRUE,0,NA,FALSE
39,0.1,0.9,0.000972653,0.000972653,0.547034,0.547034,NA,NA,FALSE,TRUE,0,NA,FALSE
39,0.1,0.9,0.392489,0.392489,0.911688,0.911688,NA,NA,FALSE,TRUE,0,NA,FALSE
39,0.1,0.9,0.0505031,0.0505031,0.136708,0.136708,0.491677,0.491677,TRUE,FALSE,0,0,FALSE
39,0.1,0.9,0.666053,0.666053,0.836907,0.836907,0.163928,NA,FALSE,FALSE,0,NA,FALSE
39,0.1,0.9,0.0366561,0.0366561,0.819154,0.819154,NA,NA,FALSE,TRUE,0,NA,FALSE
39,0.1,0.9,0.537832,0.537832,0.0784749,0.0784749,NA,NA,FALSE,TRUE,0,NA,FALSE
39,0.1,0.9,0.217918,0.217918,0.580601,0.580601,NA,NA,FALSE,TRUE,0,NA,FALSE
39,0.1,0.9,9.80335e-06,9.80335e-06,0.159846,0.159846,0.612865,0.612865,TRUE,FALSE,0,0,FALSE
39,0.1,0.9,0.0565176,0.0565176,0.0107753,0.0107753,NA,NA,TRUE,FALSE,0,NA,FALSE
39,0.1,0.9,0.118031,0.118031,0.00416855,0.00416855,0.144989,0.144989,TRUE,FALSE,0,0,FALSE
39,0.1,0.9,0.0258257,0.0258257,0.922775,0.922775,NA,NA,FALSE,TRUE,0,NA,FALSE
39,0.1,0.9,0.75348,0.75348,0.852146,0.852146,-0.313171,NA,FALSE,FALSE,0,NA,FALSE
39,0.1,0.9,0.0655812,0.0655812,0.065324,0.065324,-0.384037,-0.384037,TRUE,FALSE,0,0,FALSE
39,0.1,0.9,0.000799698,0.000799698,0.26344,0.26344,NA,NA,TRUE,FALSE,0,NA,FALSE
39,0.1,0.9,0.274214,0.274214,0.0993874,0.0993874,NA,NA,TRUE,FALSE,0,NA,FALSE
39,0.1,0.9,0.254423,0.254423,0.254336,0.254336,0.176723,0.176723,TRUE,FALSE,0,0,FALSE
39,0.1,0.9,0.000950799,0.000950799,0.927284,0.927284,NA,NA,FALSE,TRUE,0,NA,FALSE
39,0.1,0.9,0.0246275,0.0246275,0.57034,0.57034,NA,NA,FALSE,TRUE,0,NA,FALSE
39,0.1,0.9,0.0372942,0.0372942,0.104978,0.104978,-0.346894,-0.346894,TRUE,FALSE,0,0,FALSE
39,0.1,0.9,0.261304,0.261304,0.662135,0.662135,NA,NA,FALSE,TRUE,0,NA,FALSE
39,0.1,0.9,0.302261,0.302261,0.980809,0.980809,NA,NA,FALSE,TRUE,0,NA,FALSE
39,0.1,0.9,0.602173,0.602173,0.712293,0.712293,-1,NA,FALSE,FALSE,0,NA,FALSE
39,0.1,0.9,0.00177664,0.00177664,0.696002,0.696002,NA,NA,FALSE,TRUE,0,NA,FALSE
39,0.1,0.9,0.325482,0.325482,0.192366,0.192366,-1,-1,TRUE,FALSE,0,0,FALSE
39,0.1,0.9,0.682946,0.682946,0.570658,0.570658,0.912197,NA,FALSE,FALSE,0,NA,FALSE
39,0.1,0.9,0.00404654,0.00404654,0.0749188,0.0749188,-0.512096,-0.512096,TRUE,FALSE,0,0,FALSE
39,0.1,0.9,0.11149,0.11149,0.431582,0.431582,NA,NA,TRUE,FALSE,0,NA,FALSE
39,0.1,0.9,0.699448,0.699448,0.0307144,0.0307144,NA,NA,FALSE,TRUE,0,NA,FALSE
39,0.1,0.9,0.036431,0.036431,0.309484,0.309484,0.291516,0.291516,TRUE,FALSE,0,0,FALSE
39,0.1,0.9,0.025288,0.025288,0.296676,0.296676,-0.281684,-0.281684,TRUE,FALSE,0,0,FALSE
39,0.1,0.9,0.0344686,0.0344686,0.00272534,0.00272534,-0.00522913,-0.00522913,TRUE,FALSE,0,0,TRUE
39,0.1,0.9,0.218202,0.218202,0.707385,0.707385,NA,NA,FALSE,TRUE,0,NA,FALSE
39,0.1,0.9,0.00382159,0.00382159,0.100027,0.100027,-0.10237,-0.10237,TRUE,FALSE,0,0,FALSE
39,0.1,0.9,0.113356,0.113356,0.995434,0.995434,NA,NA,FALSE,TRUE,0,NA,FALSE
39,0.1,0.9,0.0693666,0.0693666,0.516808,0.516808,NA,NA,FALSE,TRUE,0,NA,FALSE
39,0.1,0.9,0.395744,0.395744,0.8635,0.8635,NA,NA,FALSE,TRUE,0,NA,FALSE
39,0.1,0.9,0.103876,0.103876,0.903746,0.903746,NA,NA,FALSE,TRUE,0,NA,FALSE
39,0.1,0.9,0.0441469,0.0441469,0.31012,0.31012,-0.51543,-0.51543,TRUE,FALSE,0,0,FALSE
39,0.1,0.9,0.591808,0.591808,0.820474,0.820474,0.172751,NA,FALSE,FALSE,0,NA,FALSE
39,0.1,0.9,0.010542,0.010542,0.326873,0.326873,NA,NA,TRUE,FALSE,0,NA,FALSE
39,0.1,0.9,0.151695,0.151695,0.757907,0.757907,NA,NA,FALSE,TRUE,0,NA,FALSE
39,0.1,0.9,0.217643,0.217643,0.575255,0.575255,NA,NA,FALSE,TRUE,0,NA,FALSE
39,0.1,0.9,0.0079313,0.0079313,0.511992,0.511992,NA,NA,FALSE,TRUE,0,NA,FALSE
39,0.1,0.9,0.238741,0.238741,0.634122,0.634122,NA,NA,FALSE,TRUE,0,NA,FALSE
39,0.1,0.9,0.26816,0.26816,0.846889,0.846889,NA,NA,FALSE,TRUE,0,NA,FALSE
39,0.1,0.9,0.166161,0.166161,0.145675,0.145675,0.0938563,0.0938563,TRUE,FALSE,0,0,FALSE
39,0.1,0.9,0.700915,0.700915,0.162718,0.162718,NA,NA,FALSE,TRUE,0,NA,FALSE
39,0.1,0.9,0.0854389,0.0854389,0.0368711,0.0368711,-0.42742,-0.42742,TRUE,FALSE,0,0,FALSE
39,0.1,0.9,0.306997,0.306997,0.846633,0.846633,NA,NA,FALSE,TRUE,0,NA,FALSE
39,0.1,0.9,0.00624064,0.00624064,0.223615,0.223615,0.230702,0.230702,TRUE,FALSE,0,0,FALSE
39,0.1,0.9,0.0842044,0.0842044,0.836039,0.836039,NA,NA,FALSE,TRUE,0,NA,FALSE
39,0.1,0.9,0.000390398,0.000390398,0.227748,0.227748,-0.015944,-0.015944,TRUE,FALSE,0,0,FALSE
39,0.1,0.9,0.124508,0.124508,0.415388,0.415388,NA,NA,TRUE,FALSE,0,NA,FALSE
39,0.1,0.9,0.109493,0.109493,0.107476,0.107476,-0.0710544,-0.0710544,TRUE,FALSE,0,0,FALSE
39,0.1,0.9,0.00972331,0.00972331,0.358729,0.358729,NA,NA,TRUE,FALSE,0,NA,FALSE
39,0.1,0.9,0.19864,0.19864,0.568847,0.568847,NA,NA,FALSE,TRUE,0,NA,FALSE
39,0.1,0.9,0.061748,0.061748,0.400508,0.400508,NA,NA,TRUE,FALSE,0,NA,FALSE
39,0.1,0.9,0.0381867,0.0381867,0.686152,0.686152,NA,NA,FALSE,TRUE,0,NA,FALSE
39,0.1,0.9,0.155632,0.155632,0.940658,0.940658,NA,NA,FALSE,TRUE,0,NA,FALSE
39,0.1,0.9,0.00399546,0.00399546,0.349306,0.349306,0.811981,0.811981,TRUE,FALSE,0,0,FALSE
39,0.1,0.9,0.226122,0.226122,0.203666,0.203666,-0.211773,-0.211773,TRUE,FALSE,0,0,FALSE
39,0.1,0.9,0.175076,0.175076,0.485379,0.485379,NA,NA,FALSE,TRUE,0,NA,FALSE
39,0.1,0.9,0.244765,0.244765,0.267659,0.267659,NA,NA,TRUE,FALSE,0,NA,FALSE
39,0.1,0.9,0.188504,0.188504,0.168554,0.168554,0.107576,0.107576,TRUE,FALSE,0,0,FALSE
39,0.1,0.9,0.0238709,0.0238709,0.323318,0.323318,NA,NA,TRUE,FALSE,0,NA,FALSE
39,0.1,0.9,0.0203129,0.0203129,0.478165,0.478165,NA,NA,FALSE,TRUE,0,NA,FALSE
39,0.1,0.9,0.0206508,0.0206508,0.691873,0.691873,NA,NA,FALSE,TRUE,0,NA,FALSE
39,0.1,0.9,0.00119632,0.00119632,0.615179,0.615179,NA,NA,FALSE,TRUE,0,NA,FALSE
39,0.1,0.9,0.229363,0.229363,0.745355,0.745355,NA,NA,FALSE,TRUE,0,NA,FALSE
39,0.1,0.9,0.0133424,0.0133424,0.0819292,0.0819292,0.748766,0.748766,TRUE,FALSE,0,0,FALSE
39,0.1,0.9,0.121927,0.121927,0.653759,0.653759,NA,NA,FALSE,TRUE,0,NA,FALSE
39,0.1,0.9,0.142101,0.142101,0.898863,0.898863,NA,NA,FALSE,TRUE,0,NA,FALSE
39,0.1,0.9,0.478012,0.478012,0.244046,0.244046,NA,NA,FALSE,TRUE,0,NA,FALSE
39,0.1,0.9,0.00367044,0.00367044,0.539575,0.539575,NA,NA,FALSE,TRUE,0,NA,FALSE
39,0.1,0.9,0.000957733,0.000957733,0.972494,0.972494,NA,NA,FALSE,TRUE,0,NA,FALSE
39,0.1,0.9,0.000896152,0.000896152,0.303851,0.303851,0.853512,0.853512,TRUE,FALSE,0,0,FALSE
39,0.1,0.9,0.0129245,0.0129245,0.936393,0.936393,NA,NA,FALSE,TRUE,0,NA,FALSE
39,0.1,0.9,0.00373192,0.00373192,0.528752,0.528752,NA,NA,FALSE,TRUE,0,NA,FALSE
39,0.1,0.9,0.00706717,0.00706717,0.257263,0.257263,0.140551,0.140551,TRUE,FALSE,0,0,FALSE
39,0.1,0.9,0.24904,0.24904,0.52778,0.52778,NA,NA,FALSE,TRUE,0,NA,FALSE
39,0.1,0.9,0.191522,0.191522,0.410883,0.410883,NA,NA,TRUE,FALSE,0,NA,FALSE
39,0.1,0.9,0.114982,0.114982,0.247568,0.247568,0.272672,0.272672,TRUE,FALSE,0,0,FALSE
39,0.1,0.9,0.851358,0.851358,0.459829,0.459829,NA,NA,FALSE,TRUE,0,NA,FALSE
39,0.1,0.9,0.00835092,0.00835092,0.495633,0.495633,NA,NA,FALSE,TRUE,0,NA,FALSE
39,0.1,0.9,0.883423,0.883423,0.116371,0.116371,NA,NA,FALSE,TRUE,0,NA,FALSE
39,0.1,0.9,0.272477,0.272477,0.442283,0.442283,NA,NA,TRUE,FALSE,0,NA,FALSE
39,0.1,0.9,0.149502,0.149502,0.246862,0.246862,1,1,TRUE,FALSE,0,0,FALSE
39,0.1,0.9,0.0119621,0.0119621,0.500314,0.500314,NA,NA,FALSE,TRUE,0,NA,FALSE
39,0.1,0.9,0.621122,0.621122,0.232391,0.232391,NA,NA,FALSE,TRUE,0,NA,FALSE
39,0.1,0.9,0.275626,0.275626,0.40114,0.40114,NA,NA,TRUE,FALSE,0,NA,FALSE
39,0.1,0.9,3.74825e-06,3.74825e-06,0.62284,0.62284,NA,NA,FALSE,TRUE,0,NA,FALSE
39,0.1,0.9,0.0472467,0.0472467,0.402857,0.402857,NA,NA,TRUE,FALSE,0,NA,FALSE
39,0.1,0.9,0.0781309,0.0781309,0.866037,0.866037,NA,NA,FALSE,TRUE,0,NA,FALSE
39,0.1,0.9,0.000858814,0.000858814,0.915336,0.915336,NA,NA,FALSE,TRUE,0,NA,FALSE
39,0.1,0.9,0.321479,0.321479,0.522913,0.522913,NA,NA,FALSE,TRUE,0,NA,FALSE
39,0.1,0.9,7.9471e-05,7.9471e-05,0.172127,0.172127,0.859823,0.859823,TRUE,FALSE,0,0,FALSE
39,0.1,0.9,0.175876,0.175876,0.0902434,0.0902434,NA,NA,TRUE,FALSE,0,NA,FALSE
39,0.1,0.9,0.0946156,0.0946156,0.118617,0.118617,-0.750704,-0.750704,TRUE,FALSE,0,0,FALSE
39,0.1,0.9,0.0123805,0.0123805,0.445859,0.445859,NA,NA,TRUE,FALSE,0,NA,FALSE
39,0.1,0.9,0.441292,0.441292,0.0730082,0.0730082,-0.240581,-0.240581,TRUE,FALSE,0,0,FALSE
39,0.1,0.9,0.0165161,0.0165161,0.745188,0.745188,NA,NA,FALSE,TRUE,0,NA,FALSE
39,0.1,0.9,0.00317531,0.00317531,0.400645,0.400645,NA,NA,TRUE,FALSE,0,NA,FALSE
39,0.1,0.9,0.17123,0.17123,0.291396,0.291396,NA,NA,TRUE,FALSE,0,NA,FALSE
39,0.1,0.9,0.0299694,0.0299694,0.88253,0.88253,NA,NA,FALSE,TRUE,0,NA,FALSE
39,0.1,0.9,0.035624,0.035624,0.369204,0.369204,-0.658635,-0.658635,TRUE,FALSE,0,0,FALSE
39,0.1,0.9,0.612447,0.612447,0.0635166,0.0635166,NA,NA,FALSE,TRUE,0,NA,FALSE
39,0.1,0.9,0.098758,0.098758,0.117151,0.117151,0.57421,0.57421,TRUE,FALSE,0,0,FALSE
39,0.1,0.9,0.0961011,0.0961011,0.611508,0.611508,NA,NA,FALSE,TRUE,0,NA,FALSE
39,0.1,0.9,0.055156,0.055156,0.472751,0.472751,NA,NA,FALSE,TRUE,0,NA,FALSE
39,0.1,0.9,0.839327,0.839327,0.822181,0.822181,0.478197,NA,FALSE,FALSE,0,NA,FALSE
39,0.1,0.9,0.00508014,0.00508014,0.927961,0.927961,NA,NA,FALSE,TRUE,0,NA,FALSE
39,0.1,0.9,0.940847,0.940847,0.205707,0.205707,NA,NA,FALSE,TRUE,0,NA,FALSE
39,0.1,0.9,0.150961,0.150961,0.342883,0.342883,1,1,TRUE,FALSE,0,0,FALSE
39,0.1,0.9,0.0812047,0.0812047,0.652261,0.652261,NA,NA,FALSE,TRUE,0,NA,FALSE
39,0.1,0.9,0.0431172,0.0431172,0.484325,0.484325,NA,NA,FALSE,TRUE,0,NA,FALSE
39,0.1,0.9,0.116401,0.116401,0.00279227,0.00279227,0.185017,0.185017,TRUE,FALSE,0,0,FALSE
39,0.1,0.9,0.0696203,0.0696203,0.50596,0.50596,NA,NA,FALSE,TRUE,0,NA,FALSE
39,0.1,0.9,0.00680579,0.00680579,0.175823,0.175823,0.505095,0.505095,TRUE,FALSE,0,0,FALSE
39,0.1,0.9,0.165875,0.165875,0.865427,0.865427,NA,NA,FALSE,TRUE,0,NA,FALSE
39,0.1,0.9,7.04857e-05,7.04857e-05,0.19724,0.19724,-0.784251,-0.784251,TRUE,FALSE,0,0,FALSE
39,0.1,0.9,0.00898503,0.00898503,0.129764,0.129764,0.0411434,0.0411434,TRUE,FALSE,0,0,FALSE
39,0.1,0.9,0.0242119,0.0242119,0.493224,0.493224,NA,NA,FALSE,TRUE,0,NA,FALSE
39,0.1,0.9,0.661644,0.661644,0.366217,0.366217,NA,NA,FALSE,TRUE,0,NA,FALSE
39,0.1,0.9,0.00505901,0.00505901,0.058998,0.058998,0.785339,0.785339,TRUE,FALSE,0,0,FALSE
39,0.1,0.9,0.218459,0.218459,0.855484,0.855484,NA,NA,FALSE,TRUE,0,NA,FALSE
39,0.1,0.9,0.690134,0.690134,0.0289477,0.0289477,NA,NA,FALSE,TRUE,0,NA,FALSE
39,0.1,0.9,0.422968,0.422968,0.452471,0.452471,-0.482826,-0.482826,TRUE,FALSE,0,0,FALSE
39,0.1,0.9,0.225033,0.225033,0.556869,0.556869,NA,NA,FALSE,TRUE,0,NA,FALSE
39,0.1,0.9,0.666134,0.666134,0.555208,0.555208,-0.0907331,NA,FALSE,FALSE,0,NA,FALSE
39,0.1,0.9,0.307614,0.307614,0.465153,0.465153,NA,NA,TRUE,FALSE,0,NA,FALSE
39,0.1,0.9,0.172684,0.172684,0.913424,0.913424,NA,NA,FALSE,TRUE,0,NA,FALSE
39,0.1,0.9,0.324042,0.324042,0.479783,0.479783,NA,NA,FALSE,TRUE,0,NA,FALSE
39,0.1,0.9,0.0136158,0.0136158,0.655881,0.655881,NA,NA,FALSE,TRUE,0,NA,FALSE
584,0.2372,-0.8,0.728028,0.728028,2.2378e-12,2.2378e-12,NA,NA,FALSE,TRUE,0,NA,FALSE
584,0.2372,-0.8,0.0247927,0.0247927,5.22143e-07,5.22143e-07,0.116866,0.116866,TRUE,FALSE,0,0,TRUE
584,0.2372,-0.8,0.817402,0.817402,4.20322e-14,4.20322e-14,NA,NA,FALSE,TRUE,0,NA,FALSE
584,0.2372,-0.8,0.978559,0.978559,3.75823e-09,3.75823e-09,NA,NA,FALSE,TRUE,0,NA,FALSE
584,0.2372,-0.8,0.0731601,0.0731601,3.89936e-10,3.89936e-10,0.0027865,0.0027865,TRUE,FALSE,0,0,FALSE
584,0.2372,-0.8,0.940948,0.940948,3.00684e-08,3.00684e-08,NA,NA,FALSE,TRUE,0,NA,FALSE
584,0.2372,-0.8,0.767712,0.767712,9.44731e-10,9.44731e-10,NA,NA,FALSE,TRUE,0,NA,FALSE
584,0.2372,-0.8,0.838948,0.838948,1.13016e-10,1.13016e-10,NA,NA,FALSE,TRUE,0,NA,FALSE
584,0.2372,-0.8,0.99679,0.99679,1.39113e-12,1.39113e-12,NA,NA,FALSE,TRUE,0,NA,FALSE
584,0.2372,-0.8,0.693151,0.693151,6.46004e-09,6.46004e-09,NA,NA,FALSE,TRUE,0,NA,FALSE
584,0.2372,-0.8,0.37282,0.37282,2.11344e-12,2.11344e-12,-0.823674,-0.823674,TRUE,FALSE,0,0,FALSE
584,0.2372,-0.8,0.778057,0.778057,2.51267e-11,2.51267e-11,NA,NA,FALSE,TRUE,0,NA,FALSE
584,0.2372,-0.8,0.213398,0.213398,7.87678e-11,7.87678e-11,-0.0395582,-0.0395582,TRUE,FALSE,0,0,FALSE
584,0.2372,-0.8,0.267871,0.267871,1.96677e-14,1.96677e-14,-0.28194,-0.28194,TRUE,FALSE,0,0,FALSE
584,0.2372,-0.8,0.563744,0.563744,1.60976e-08,1.60976e-08,NA,NA,FALSE,TRUE,0,NA,FALSE
584,0.2372,-0.8,0.318046,0.318046,5.84346e-10,5.84346e-10,-0.0167898,-0.0167898,TRUE,FALSE,0,0,FALSE
584,0.2372,-0.8,0.340596,0.340596,5.12248e-20,5.12248e-20,-0.246036,-0.246036,TRUE,FALSE,0,0,FALSE
584,0.2372,-0.8,0.352067,0.352067,8.10147e-11,8.10147e-11,-0.654617,-0.654617,TRUE,FALSE,0,0,FALSE
584,0.2372,-0.8,0.880552,0.880552,9.33309e-08,9.33309e-08,NA,NA,FALSE,TRUE,0,NA,FALSE
584,0.2372,-0.8,0.899362,0.899362,2.08159e-08,2.08159e-08,NA,NA,FALSE,TRUE,0,NA,FALSE
584,0.2372,-0.8,0.422546,0.422546,5.87227e-09,5.87227e-09,0.671788,0.671788,TRUE,FALSE,0,0,FALSE
584,0.2372,-0.8,0.948977,0.948977,1.07012e-11,1.07012e-11,NA,NA,FALSE,TRUE,0,NA,FALSE
584,0.2372,-0.8,0.613392,0.613392,1.46635e-10,1.46635e-10,NA,NA,FALSE,TRUE,0,NA,FALSE
584,0.2372,-0.8,0.925896,0.925896,2.64615e-12,2.64615e-12,NA,NA,FALSE,TRUE,0,NA,FALSE
584,0.2372,-0.8,0.947124,0.947124,1.7207e-05,1.7207e-05,NA,NA,FALSE,TRUE,0,NA,FALSE
584,0.2372,-0.8,0.0325263,0.0325263,8.10198e-11,8.10198e-11,0.0962117,0.0962117,TRUE,FALSE,0,0,TRUE
584,0.2372,-0.8,0.974592,0.974592,4.80709e-15,4.80709e-15,NA,NA,FALSE,TRUE,0,NA,FALSE
584,0.2372,-0.8,0.066119,0.066119,8.23519e-05,8.23519e-05,-0.114038,-0.114038,TRUE,FALSE,0,0,FALSE
584,0.2372,-0.8,0.471293,0.471293,3.14154e-11,3.14154e-11,NA,NA,TRUE,FALSE,0,NA,FALSE
584,0.2372,-0.8,0.113101,0.113101,7.43515e-05,7.43515e-05,-0.0662,-0.0662,TRUE,FALSE,0,0,FALSE
584,0.2372,-0.8,0.176033,0.176033,1.02793e-08,1.02793e-08,-0.0366391,-0.0366391,TRUE,FALSE,0,0,FALSE
584,0.2372,-0.8,0.880031,0.880031,7.94796e-09,7.94796e-09,NA,NA,FALSE,TRUE,0,NA,FALSE
584,0.2372,-0.8,0.625029,0.625029,5.56916e-09,5.56916e-09,NA,NA,FALSE,TRUE,0,NA,FALSE
584,0.2372,-0.8,0.171325,0.171325,5.40908e-08,5.40908e-08,0.532576,0.532576,TRUE,FALSE,0,0,FALSE
584,0.2372,-0.8,0.795448,0.795448,1.55974e-09,1.55974e-09,NA,NA,FALSE,TRUE,0,NA,FALSE
584,0.2372,-0.8,0.73264,0.73264,1.17385e-11,1.17385e-11,NA,NA,FALSE,TRUE,0,NA,FALSE
584,0.2372,-0.8,0.44431,0.44431,1.31524e-11,1.31524e-11,0.165648,0.165648,TRUE,FALSE,0,0,FALSE
584,0.2372,-0.8,0.984051,0.984051,8.0301e-11,8.0301e-11,NA,NA,FALSE,TRUE,0,NA,FALSE
584,0.2372,-0.8,0.855961,0.855961,1.53991e-10,1.53991e-10,NA,NA,FALSE,TRUE,0,NA,FALSE
584,0.2372,-0.8,0.765552,0.765552,3.86956e-07,3.86956e-07,NA,NA,FALSE,TRUE,0,NA,FALSE
584,0.2372,-0.8,0.0281819,0.0281819,1.72003e-06,1.72003e-06,-0.0510162,-0.0510162,TRUE,FALSE,0,0,TRUE
584,0.2372,-0.8,0.0742816,0.0742816,2.35996e-15,2.35996e-15,0.124045,0.124045,TRUE,FALSE,0,0,FALSE
584,0.2372,-0.8,0.0577918,0.0577918,1.32265e-13,1.32265e-13,-0.147651,-0.147651,TRUE,FALSE,0,0,FALSE
584,0.2372,-0.8,0.624784,0.624784,1.58252e-08,1.58252e-08,NA,NA,FALSE,TRUE,0,NA,FALSE
584,0.2372,-0.8,0.856459,0.856459,7.58736e-11,7.58736e-11,NA,NA,FALSE,TRUE,0,NA,FALSE
584,0.2372,-0.8,0.598491,0.598491,5.1843e-07,5.1843e-07,NA,NA,FALSE,TRUE,0,NA,FALSE
584,0.2372,-0.8,0.0941818,0.0941818,8.36949e-14,8.36949e-14,0.126559,0.126559,TRUE,FALSE,0,0,FALSE
584,0.2372,-0.8,0.800059,0.800059,4.44276e-09,4.44276e-09,NA,NA,FALSE,TRUE,0,NA,FALSE
584,0.2372,-0.8,0.74243,0.74243,2.95076e-08,2.95076e-08,NA,NA,FALSE,TRUE,0,NA,FALSE
584,0.2372,-0.8,0.884646,0.884646,3.40763e-07,3.40763e-07,NA,NA,FALSE,TRUE,0,NA,FALSE
584,0.2372,-0.8,0.610126,0.610126,2.05471e-08,2.05471e-08,NA,NA,FALSE,TRUE,0,NA,FALSE
584,0.2372,-0.8,0.505814,0.505814,4.40389e-07,4.40389e-07,NA,NA,FALSE,TRUE,0,NA,FALSE
584,0.2372,-0.8,0.673029,0.673029,3.10598e-15,3.10598e-15,NA,NA,FALSE,TRUE,0,NA,FALSE
584,0.2372,-0.8,0.921094,0.921094,2.37299e-14,2.37299e-14,NA,NA,FALSE,TRUE,0,NA,FALSE
584,0.2372,-0.8,0.57327,0.57327,2.14362e-11,2.14362e-11,NA,NA,FALSE,TRUE,0,NA,FALSE
584,0.2372,-0.8,0.27255,0.27255,2.87299e-07,2.87299e-07,-0.315467,-0.315467,TRUE,FALSE,0,0,FALSE
584,0.2372,-0.8,0.378367,0.378367,2.75544e-11,2.75544e-11,0.285508,0.285508,TRUE,FALSE,0,0,FALSE
584,0.2372,-0.8,0.39045,0.39045,0.00018767,0.00018767,-0.58729,-0.58729,TRUE,FALSE,0,0,FALSE
584,0.2372,-0.8,0.973811,0.973811,4.72521e-06,4.72521e-06,NA,NA,FALSE,TRUE,0,NA,FALSE
584,0.2372,-0.8,0.143214,0.143214,1.34622e-10,1.34622e-10,-0.173764,-0.173764,TRUE,FALSE,0,0,FALSE
584,0.2372,-0.8,0.786194,0.786194,8.23881e-12,8.23881e-12,NA,NA,FALSE,TRUE,0,NA,FALSE
584,0.2372,-0.8,0.787852,0.787852,1.63231e-07,1.63231e-07,NA,NA,FALSE,TRUE,0,NA,FALSE
584,0.2372,-0.8,0.0917168,0.0917168,4.36239e-09,4.36239e-09,0.122105,0.122105,TRUE,FALSE,0,0,FALSE
584,0.2372,-0.8,0.240166,0.240166,3.77896e-09,3.77896e-09,-0.422344,-0.422344,TRUE,FALSE,0,0,FALSE
584,0.2372,-0.8,0.601339,0.601339,4.06663e-07,4.06663e-07,NA,NA,FALSE,TRUE,0,NA,FALSE
584,0.2372,-0.8,0.28151,0.28151,7.02278e-07,7.02278e-07,-0.396561,-0.396561,TRUE,FALSE,0,0,FALSE
584,0.2372,-0.8,0.870546,0.870546,6.14871e-07,6.14871e-07,NA,NA,FALSE,TRUE,0,NA,FALSE
584,0.2372,-0.8,0.32324,0.32324,1.73826e-06,1.73826e-06,-0.751331,-0.751331,TRUE,FALSE,0,0,FALSE
584,0.2372,-0.8,0.708037,0.708037,0.00360777,0.00360777,NA,NA,FALSE,TRUE,0,NA,FALSE
584,0.2372,-0.8,0.866398,0.866398,1.2292e-13,1.2292e-13,NA,NA,FALSE,TRUE,0,NA,FALSE
584,0.2372,-0.8,0.87068,0.87068,6.71499e-06,6.71499e-06,NA,NA,FALSE,TRUE,0,NA,FALSE
584,0.2372,-0.8,0.438285,0.438285,5.7227e-10,5.7227e-10,0.771054,0.771054,TRUE,FALSE,0,0,FALSE
584,0.2372,-0.8,0.158728,0.158728,8.2526e-13,8.2526e-13,-0.276829,-0.276829,TRUE,FALSE,0,0,FALSE
584,0.2372,-0.8,0.133042,0.133042,2.90011e-08,2.90011e-08,-0.433475,-0.433475,TRUE,FALSE,0,0,FALSE
584,0.2372,-0.8,0.769736,0.769736,6.09061e-13,6.09061e-13,NA,NA,FALSE,TRUE,0,NA,FALSE
584,0.2372,-0.8,0.808034,0.808034,2.20706e-11,2.20706e-11,NA,NA,FALSE,TRUE,0,NA,FALSE
584,0.2372,-0.8,0.699556,0.699556,2.18179e-10,2.18179e-10,NA,NA,FALSE,TRUE,0,NA,FALSE
584,0.2372,-0.8,0.0434562,0.0434562,3.06822e-15,3.06822e-15,0.343486,0.343486,TRUE,FALSE,0,0,TRUE
584,0.2372,-0.8,0.653687,0.653687,1.60141e-13,1.60141e-13,NA,NA,FALSE,TRUE,0,NA,FALSE
584,0.2372,-0.8,0.0243185,0.0243185,3.03036e-14,3.03036e-14,-0.0962515,-0.0962515,TRUE,FALSE,0,0,TRUE
584,0.2372,-0.8,0.0306193,0.0306193,4.23257e-12,4.23257e-12,0.469586,0.469586,TRUE,FALSE,0,0,TRUE
584,0.2372,-0.8,0.962537,0.962537,4.69111e-11,4.69111e-11,NA,NA,FALSE,TRUE,0,NA,FALSE
584,0.2372,-0.8,0.576257,0.576257,7.90647e-09,7.90647e-09,NA,NA,FALSE,TRUE,0,NA,FALSE
584,0.2372,-0.8,0.797759,0.797759,8.44581e-12,8.44581e-12,NA,NA,FALSE,TRUE,0,NA,FALSE
584,0.2372,-0.8,0.655503,0.655503,5.79738e-07,5.79738e-07,NA,NA,FALSE,TRUE,0,NA,FALSE
584,0.2372,-0.8,0.787994,0.787994,2.19497e-12,2.19497e-12,NA,NA,FALSE,TRUE,0,NA,FALSE
584,0.2372,-0.8,0.880554,0.880554,6.50924e-15,6.50924e-15,NA,NA,FALSE,TRUE,0,NA,FALSE
584,0.2372,-0.8,0.752748,0.752748,6.5802e-17,6.5802e-17,NA,NA,FALSE,TRUE,0,NA,FALSE
584,0.2372,-0.8,0.20287,0.20287,6.27826e-11,6.27826e-11,0.345439,0.345439,TRUE,FALSE,0,0,FALSE
584,0.2372,-0.8,0.673758,0.673758,5.84072e-05,5.84072e-05,NA,NA,FALSE,TRUE,0,NA,FALSE
584,0.2372,-0.8,0.930552,0.930552,5.49452e-08,5.49452e-08,NA,NA,FALSE,TRUE,0,NA,FALSE
584,0.2372,-0.8,0.512529,0.512529,2.53958e-09,2.53958e-09,NA,NA,FALSE,TRUE,0,NA,FALSE
584,0.2372,-0.8,0.865321,0.865321,9.11305e-09,9.11305e-09,NA,NA,FALSE,TRUE,0,NA,FALSE
584,0.2372,-0.8,0.357916,0.357916,4.59128e-13,4.59128e-13,-0.448637,-0.448637,TRUE,FALSE,0,0,FALSE
584,0.2372,-0.8,0.18961,0.18961,1.13556e-09,1.13556e-09,-0.130448,-0.130448,TRUE,FALSE,0,0,FALSE
584,0.2372,-0.8,0.646852,0.646852,0.00101363,0.00101363,NA,NA,FALSE,TRUE,0,NA,FALSE
584,0.2372,-0.8,0.919091,0.919091,5.69294e-11,5.69294e-11,NA,NA,FALSE,TRUE,0,NA,FALSE
584,0.2372,-0.8,0.0337453,0.0337453,5.88697e-09,5.88697e-09,0.554255,0.554255,TRUE,FALSE,0,0,TRUE
584,0.2372,-0.8,0.0900546,0.0900546,7.3648e-08,7.3648e-08,0.303692,0.303692,TRUE,FALSE,0,0,FALSE
584,0.2372,-0.8,0.146295,0.146295,3.38709e-10,3.38709e-10,0.054022,0.054022,TRUE,FALSE,0,0,FALSE
584,0.2372,-0.8,0.468305,0.468305,1.1993e-10,1.1993e-10,NA,NA,TRUE,FALSE,0,NA,FALSE
584,0.2372,-0.8,0.379455,0.379455,1.01795e-09,1.01795e-09,-0.539959,-0.539959,TRUE,FALSE,0,0,FALSE
584,0.2372,-0.8,0.659535,0.659535,3.76456e-08,3.76456e-08,NA,NA,FALSE,TRUE,0,NA,FALSE
584,0.2372,-0.8,0.64884,0.64884,7.13437e-11,7.13437e-11,NA,NA,FALSE,TRUE,0,NA,FALSE
584,0.2372,-0.8,0.0162343,0.0162343,3.25005e-11,3.25005e-11,-0.043235,-0.043235,TRUE,FALSE,0,0,TRUE
584,0.2372,-0.8,0.870694,0.870694,7.45326e-10,7.45326e-10,NA,NA,FALSE,TRUE,0,NA,FALSE
584,0.2372,-0.8,0.795397,0.795397,1.02397e-07,1.02397e-07,NA,NA,FALSE,TRUE,0,NA,FALSE
584,0.2372,-0.8,0.510828,0.510828,1.93654e-13,1.93654e-13,NA,NA,FALSE,TRUE,0,NA,FALSE
584,0.2372,-0.8,0.944516,0.944516,5.62698e-13,5.62698e-13,NA,NA,FALSE,TRUE,0,NA,FALSE
584,0.2372,-0.8,0.513308,0.513308,1.47339e-06,1.47339e-06,NA,NA,FALSE,TRUE,0,NA,FALSE
584,0.2372,-0.8,0.772697,0.772697,1.98292e-11,1.98292e-11,NA,NA,FALSE,TRUE,0,NA,FALSE
584,0.2372,-0.8,0.0858729,0.0858729,3.41196e-07,3.41196e-07,-0.00997277,-0.00997277,TRUE,FALSE,0,0,FALSE
584,0.2372,-0.8,0.461566,0.461566,1.44462e-07,1.44462e-07,NA,NA,TRUE,FALSE,0,NA,FALSE
584,0.2372,-0.8,0.990667,0.990667,2.69124e-12,2.69124e-12,NA,NA,FALSE,TRUE,0,NA,FALSE
584,0.2372,-0.8,0.274292,0.274292,1.58357e-10,1.58357e-10,-0.697708,-0.697708,TRUE,FALSE,0,0,FALSE
584,0.2372,-0.8,0.069368,0.069368,1.15738e-09,1.15738e-09,0.414458,0.414458,TRUE,FALSE,0,0,FALSE
584,0.2372,-0.8,0.324157,0.324157,2.13389e-08,2.13389e-08,0.257468,0.257468,TRUE,FALSE,0,0,FALSE
584,0.2372,-0.8,0.510138,0.510138,1.44974e-12,1.44974e-12,NA,NA,FALSE,TRUE,0,NA,FALSE
584,0.2372,-0.8,0.948252,0.948252,4.77292e-14,4.77292e-14,NA,NA,FALSE,TRUE,0,NA,FALSE
584,0.2372,-0.8,0.0143059,0.0143059,4.73027e-07,4.73027e-07,0.134752,0.134752,TRUE,FALSE,0,0,TRUE
584,0.2372,-0.8,0.444619,0.444619,2.01979e-17,2.01979e-17,-0.0248749,-0.0248749,TRUE,FALSE,0,0,FALSE
584,0.2372,-0.8,0.0457894,0.0457894,3.41308e-14,3.41308e-14,-0.104497,-0.104497,TRUE,FALSE,0,0,TRUE
584,0.2372,-0.8,0.873224,0.873224,6.94059e-15,6.94059e-15,NA,NA,FALSE,TRUE,0,NA,FALSE
584,0.2372,-0.8,0.851921,0.851921,3.16799e-07,3.16799e-07,NA,NA,FALSE,TRUE,0,NA,FALSE
584,0.2372,-0.8,0.252341,0.252341,4.58991e-19,4.58991e-19,0.185919,0.185919,TRUE,FALSE,0,0,FALSE
584,0.2372,-0.8,0.200073,0.200073,1.95202e-06,1.95202e-06,-0.234634,-0.234634,TRUE,FALSE,0,0,FALSE
584,0.2372,-0.8,0.483619,0.483619,2.55229e-08,2.55229e-08,-0.423934,-0.423934,TRUE,FALSE,0,0,FALSE
584,0.2372,-0.8,0.631874,0.631874,1.78044e-09,1.78044e-09,NA,NA,FALSE,TRUE,0,NA,FALSE
584,0.2372,-0.8,0.0337119,0.0337119,9.2882e-06,9.2882e-06,-0.123829,-0.123829,TRUE,FALSE,0,0,TRUE
584,0.2372,-0.8,0.534681,0.534681,2.19854e-11,2.19854e-11,NA,NA,FALSE,TRUE,0,NA,FALSE
584,0.2372,-0.8,0.818675,0.818675,3.3772e-09,3.3772e-09,NA,NA,FALSE,TRUE,0,NA,FALSE
584,0.2372,-0.8,0.603009,0.603009,7.91172e-07,7.91172e-07,NA,NA,FALSE,TRUE,0,NA,FALSE
584,0.2372,-0.8,0.780516,0.780516,3.52677e-09,3.52677e-09,NA,NA,FALSE,TRUE,0,NA,FALSE
584,0.2372,-0.8,0.0266638,0.0266638,1.4158e-07,1.4158e-07,-0.0173814,-0.0173814,TRUE,FALSE,0,0,TRUE
584,0.2372,-0.8,0.873195,0.873195,2.09051e-13,2.09051e-13,NA,NA,FALSE,TRUE,0,NA,FALSE
584,0.2372,-0.8,0.265457,0.265457,3.93631e-14,3.93631e-14,0.27614,0.27614,TRUE,FALSE,0,0,FALSE
584,0.2372,-0.8,0.53349,0.53349,1.38438e-08,1.38438e-08,NA,NA,FALSE,TRUE,0,NA,FALSE
584,0.2372,-0.8,0.311177,0.311177,9.90267e-10,9.90267e-10,-0.211905,-0.211905,TRUE,FALSE,0,0,FALSE
584,0.2372,-0.8,0.805114,0.805114,1.89572e-08,1.89572e-08,NA,NA,FALSE,TRUE,0,NA,FALSE
584,0.2372,-0.8,0.534349,0.534349,0.000169094,0.000169094,NA,NA,FALSE,TRUE,0,NA,FALSE
584,0.2372,-0.8,0.316581,0.316581,1.71331e-11,1.71331e-11,-0.763394,-0.763394,TRUE,FALSE,0,0,FALSE
584,0.2372,-0.8,0.0359206,0.0359206,2.51531e-12,2.51531e-12,0.252517,0.252517,TRUE,FALSE,0,0,TRUE
584,0.2372,-0.8,0.637145,0.637145,1.96275e-12,1.96275e-12,NA,NA,FALSE,TRUE,0,NA,FALSE
584,0.2372,-0.8,0.852393,0.852393,9.07564e-07,9.07564e-07,NA,NA,FALSE,TRUE,0,NA,FALSE
584,0.2372,-0.8,0.544477,0.544477,3.34982e-11,3.34982e-11,NA,NA,FALSE,TRUE,0,NA,FALSE
584,0.2372,-0.8,0.153599,0.153599,2.51138e-07,2.51138e-07,-0.528455,-0.528455,TRUE,FALSE,0,0,FALSE
584,0.2372,-0.8,0.70315,0.70315,4.46974e-08,4.46974e-08,NA,NA,FALSE,TRUE,0,NA,FALSE
584,0.2372,-0.8,0.167147,0.167147,5.67458e-06,5.67458e-06,-0.371832,-0.371832,TRUE,FALSE,0,0,FALSE
584,0.2372,-0.8,0.332913,0.332913,7.25237e-17,7.25237e-17,0.542039,0.542039,TRUE,FALSE,0,0,FALSE
584,0.2372,-0.8,0.569282,0.569282,2.09565e-09,2.09565e-09,NA,NA,FALSE,TRUE,0,NA,FALSE
584,0.2372,-0.8,0.332409,0.332409,3.93903e-08,3.93903e-08,0.0214276,0.0214276,TRUE,FALSE,0,0,FALSE
584,0.2372,-0.8,0.149812,0.149812,8.51949e-13,8.51949e-13,0.294964,0.294964,TRUE,FALSE,0,0,FALSE
584,0.2372,-0.8,0.979199,0.979199,4.27147e-09,4.27147e-09,NA,NA,FALSE,TRUE,0,NA,FALSE
584,0.2372,-0.8,0.514442,0.514442,2.9971e-10,2.9971e-10,NA,NA,FALSE,TRUE,0,NA,FALSE
584,0.2372,-0.8,0.583867,0.583867,8.82159e-09,8.82159e-09,NA,NA,FALSE,TRUE,0,NA,FALSE
584,0.2372,-0.8,0.424991,0.424991,1.59101e-11,1.59101e-11,-0.533261,-0.533261,TRUE,FALSE,0,0,FALSE
584,0.2372,-0.8,0.153234,0.153234,2.81146e-07,2.81146e-07,-0.52522,-0.52522,TRUE,FALSE,0,0,FALSE
584,0.2372,-0.8,0.169596,0.169596,1.20656e-08,1.20656e-08,-0.265186,-0.265186,TRUE,FALSE,0,0,FALSE
584,0.2372,-0.8,0.114031,0.114031,9.39872e-08,9.39872e-08,-0.170114,-0.170114,TRUE,FALSE,0,0,FALSE
584,0.2372,-0.8,0.728803,0.728803,1.15509e-10,1.15509e-10,NA,NA,FALSE,TRUE,0,NA,FALSE
584,0.2372,-0.8,0.923959,0.923959,2.20241e-10,2.20241e-10,NA,NA,FALSE,TRUE,0,NA,FALSE
584,0.2372,-0.8,0.660645,0.660645,4.81574e-09,4.81574e-09,NA,NA,FALSE,TRUE,0,NA,FALSE
584,0.2372,-0.8,0.0412971,0.0412971,1.46286e-09,1.46286e-09,0.206922,0.206922,TRUE,FALSE,0,0,TRUE
584,0.2372,-0.8,0.055991,0.055991,3.99326e-17,3.99326e-17,0.0731105,0.0731105,TRUE,FALSE,0,0,FALSE
584,0.2372,-0.8,0.33947,0.33947,2.29359e-12,2.29359e-12,0.599169,0.599169,TRUE,FALSE,0,0,FALSE
584,0.2372,-0.8,0.708368,0.708368,6.65226e-09,6.65226e-09,NA,NA,FALSE,TRUE,0,NA,FALSE
584,0.2372,-0.8,0.761014,0.761014,1.34538e-09,1.34538e-09,NA,NA,FALSE,TRUE,0,NA,FALSE
584,0.2372,-0.8,0.153399,0.153399,1.49448e-10,1.49448e-10,-0.147766,-0.147766,TRUE,FALSE,0,0,FALSE
584,0.2372,-0.8,0.185443,0.185443,0.00102937,0.00102937,0.233495,0.233495,TRUE,FALSE,0,0,FALSE
584,0.2372,-0.8,0.711374,0.711374,1.43598e-07,1.43598e-07,NA,NA,FALSE,TRUE,0,NA,FALSE
584,0.2372,-0.8,0.808678,0.808678,3.52801e-16,3.52801e-16,NA,NA,FALSE,TRUE,0,NA,FALSE
584,0.2372,-0.8,0.569735,0.569735,1.17662e-06,1.17662e-06,NA,NA,FALSE,TRUE,0,NA,FALSE
584,0.2372,-0.8,0.678296,0.678296,2.53353e-11,2.53353e-11,NA,NA,FALSE,TRUE,0,NA,FALSE
584,0.2372,-0.8,0.0214579,0.0214579,3.4747e-11,3.4747e-11,0.0332735,0.0332735,TRUE,FALSE,0,0,TRUE
584,0.2372,-0.8,0.0521429,0.0521429,1.23832e-07,1.23832e-07,-0.354446,-0.354446,TRUE,FALSE,0,0,FALSE
584,0.2372,-0.8,0.808227,0.808227,1.93401e-07,1.93401e-07,NA,NA,FALSE,TRUE,0,NA,FALSE
584,0.2372,-0.8,0.569687,0.569687,2.10434e-09,2.10434e-09,NA,NA,FALSE,TRUE,0,NA,FALSE
584,0.2372,-0.8,0.716579,0.716579,1.56879e-10,1.56879e-10,NA,NA,FALSE,TRUE,0,NA,FALSE
584,0.2372,-0.8,0.829453,0.829453,2.17711e-14,2.17711e-14,NA,NA,FALSE,TRUE,0,NA,FALSE
584,0.2372,-0.8,0.552636,0.552636,3.13818e-09,3.13818e-09,NA,NA,FALSE,TRUE,0,NA,FALSE
584,0.2372,-0.8,0.97264,0.97264,1.31228e-10,1.31228e-10,NA,NA,FALSE,TRUE,0,NA,FALSE
584,0.2372,-0.8,0.337014,0.337014,5.10271e-14,5.10271e-14,0.564528,0.564528,TRUE,FALSE,0,0,FALSE
584,0.2372,-0.8,0.133923,0.133923,1.30646e-09,1.30646e-09,-0.010554,-0.010554,TRUE,FALSE,0,0,FALSE
584,0.2372,-0.8,0.440924,0.440924,1.19521e-10,1.19521e-10,-0.336703,-0.336703,TRUE,FALSE,0,0,FALSE
584,0.2372,-0.8,0.831605,0.831605,1.05557e-08,1.05557e-08,NA,NA,FALSE,TRUE,0,NA,FALSE
584,0.2372,-0.8,0.318469,0.318469,5.91879e-09,5.91879e-09,-0.90535,-0.90535,TRUE,FALSE,0,0,FALSE
584,0.2372,-0.8,0.443646,0.443646,1.81914e-07,1.81914e-07,-0.669241,-0.669241,TRUE,FALSE,0,0,FALSE
584,0.2372,-0.8,0.713212,0.713212,2.86372e-06,2.86372e-06,NA,NA,FALSE,TRUE,0,NA,FALSE
584,0.2372,-0.8,0.100553,0.100553,9.40362e-12,9.40362e-12,-0.114203,-0.114203,TRUE,FALSE,0,0,FALSE
584,0.2372,-0.8,0.368316,0.368316,2.14632e-10,2.14632e-10,0.420102,0.420102,TRUE,FALSE,0,0,FALSE
584,0.2372,-0.8,0.935495,0.935495,1.88466e-14,1.88466e-14,NA,NA,FALSE,TRUE,0,NA,FALSE
584,0.2372,-0.8,0.376757,0.376757,1.18367e-07,1.18367e-07,-0.0893067,-0.0893067,TRUE,FALSE,0,0,FALSE
584,0.2372,-0.8,0.101712,0.101712,2.15358e-14,2.15358e-14,0.138052,0.138052,TRUE,FALSE,0,0,FALSE
584,0.2372,-0.8,0.438748,0.438748,5.82718e-13,5.82718e-13,NA,NA,TRUE,FALSE,0,NA,FALSE
584,0.2372,-0.8,0.461622,0.461622,9.73036e-12,9.73036e-12,-0.418717,-0.418717,TRUE,FALSE,0,0,FALSE
584,0.2372,-0.8,0.867586,0.867586,3.93904e-08,3.93904e-08,NA,NA,FALSE,TRUE,0,NA,FALSE
584,0.2372,-0.8,0.740142,0.740142,1.72662e-11,1.72662e-11,NA,NA,FALSE,TRUE,0,NA,FALSE
584,0.2372,-0.8,0.977211,0.977211,1.86169e-11,1.86169e-11,NA,NA,FALSE,TRUE,0,NA,FALSE
584,0.2372,-0.8,0.339999,0.339999,2.60218e-15,2.60218e-15,-0.294138,-0.294138,TRUE,FALSE,0,0,FALSE
584,0.2372,-0.8,0.719509,0.719509,1.28079e-11,1.28079e-11,NA,NA,FALSE,TRUE,0,NA,FALSE
584,0.2372,-0.3,0.923083,0.923083,2.22306e-07,2.22306e-07,NA,NA,FALSE,TRUE,0,NA,FALSE
584,0.2372,-0.3,0.82445,0.82445,1.28118e-13,1.28118e-13,NA,NA,FALSE,TRUE,0,NA,FALSE
584,0.2372,-0.3,0.4027,0.4027,1.72499e-08,1.72499e-08,-1,-1,TRUE,FALSE,0,0,FALSE
584,0.2372,-0.3,0.1855,0.1855,1.77984e-09,1.77984e-09,-0.695028,-0.695028,TRUE,FALSE,0,0,FALSE
584,0.2372,-0.3,0.48003,0.48003,7.13483e-09,7.13483e-09,NA,NA,TRUE,FALSE,0,NA,FALSE
584,0.2372,-0.3,0.424463,0.424463,1.39371e-07,1.39371e-07,-0.10936,-0.10936,TRUE,FALSE,0,0,FALSE
584,0.2372,-0.3,0.586675,0.586675,1.00298e-05,1.00298e-05,NA,NA,FALSE,TRUE,0,NA,FALSE
584,0.2372,-0.3,0.367364,0.367364,7.86494e-09,7.86494e-09,-0.782739,-0.782739,TRUE,FALSE,0,0,FALSE
584,0.2372,-0.3,0.0836821,0.0836821,2.52834e-13,2.52834e-13,-0.0418032,-0.0418032,TRUE,FALSE,0,0,FALSE
584,0.2372,-0.3,0.918943,0.918943,5.37715e-12,5.37715e-12,NA,NA,FALSE,TRUE,0,NA,FALSE
584,0.2372,-0.3,0.970482,0.970482,1.96926e-07,1.96926e-07,NA,NA,FALSE,TRUE,0,NA,FALSE
584,0.2372,-0.3,0.912473,0.912473,2.74775e-07,2.74775e-07,NA,NA,FALSE,TRUE,0,NA,FALSE
584,0.2372,-0.3,0.750262,0.750262,8.70851e-13,8.70851e-13,NA,NA,FALSE,TRUE,0,NA,FALSE
584,0.2372,-0.3,0.675832,0.675832,4.76987e-06,4.76987e-06,NA,NA,FALSE,TRUE,0,NA,FALSE
584,0.2372,-0.3,0.972554,0.972554,2.97651e-10,2.97651e-10,NA,NA,FALSE,TRUE,0,NA,FALSE
584,0.2372,-0.3,0.686909,0.686909,5.48521e-06,5.48521e-06,NA,NA,FALSE,TRUE,0,NA,FALSE
584,0.2372,-0.3,0.696597,0.696597,4.47128e-11,4.47128e-11,NA,NA,FALSE,TRUE,0,NA,FALSE
584,0.2372,-0.3,0.592968,0.592968,9.74666e-10,9.74666e-10,NA,NA,FALSE,TRUE,0,NA,FALSE
584,0.2372,-0.3,0.441128,0.441128,7.46508e-11,7.46508e-11,0.534926,0.534926,TRUE,FALSE,0,0,FALSE
584,0.2372,-0.3,0.79747,0.79747,1.38358e-15,1.38358e-15,NA,NA,FALSE,TRUE,0,NA,FALSE
584,0.2372,-0.3,0.996134,0.996134,1.85565e-09,1.85565e-09,NA,NA,FALSE,TRUE,0,NA,FALSE
584,0.2372,-0.3,0.444228,0.444228,1.04223e-09,1.04223e-09,-0.394636,-0.394636,TRUE,FALSE,0,0,FALSE
584,0.2372,-0.3,0.224841,0.224841,8.77457e-12,8.77457e-12,-0.271035,-0.271035,TRUE,FALSE,0,0,FALSE
584,0.2372,-0.3,0.814432,0.814432,5.94275e-09,5.94275e-09,NA,NA,FALSE,TRUE,0,NA,FALSE
584,0.2372,-0.3,0.654639,0.654639,6.43796e-10,6.43796e-10,NA,NA,FALSE,TRUE,0,NA,FALSE
584,0.2372,-0.3,0.777537,0.777537,9.7262e-13,9.7262e-13,NA,NA,FALSE,TRUE,0,NA,FALSE
584,0.2372,-0.3,0.617112,0.617112,9.11126e-07,9.11126e-07,NA,NA,FALSE,TRUE,0,NA,FALSE
584,0.2372,-0.3,0.707322,0.707322,1.44171e-13,1.44171e-13,NA,NA,FALSE,TRUE,0,NA,FALSE
584,0.2372,-0.3,0.83952,0.83952,2.14306e-10,2.14306e-10,NA,NA,FALSE,TRUE,0,NA,FALSE
584,0.2372,-0.3,0.615454,0.615454,7.74056e-08,7.74056e-08,NA,NA,FALSE,TRUE,0,NA,FALSE
584,0.2372,-0.3,0.756453,0.756453,4.19551e-08,4.19551e-08,NA,NA,FALSE,TRUE,0,NA,FALSE
584,0.2372,-0.3,0.550528,0.550528,1.52225e-11,1.52225e-11,NA,NA,FALSE,TRUE,0,NA,FALSE
584,0.2372,-0.3,0.766616,0.766616,1.42528e-08,1.42528e-08,NA,NA,FALSE,TRUE,0,NA,FALSE
584,0.2372,-0.3,0.646073,0.646073,4.65473e-11,4.65473e-11,NA,NA,FALSE,TRUE,0,NA,FALSE
584,0.2372,-0.3,0.126446,0.126446,3.48815e-13,3.48815e-13,0.400645,0.400645,TRUE,FALSE,0,0,FALSE
584,0.2372,-0.3,0.611106,0.611106,1.50197e-10,1.50197e-10,NA,NA,FALSE,TRUE,0,NA,FALSE
584,0.2372,-0.3,0.0838672,0.0838672,3.31062e-09,3.31062e-09,0.158536,0.158536,TRUE,FALSE,0,0,FALSE
584,0.2372,-0.3,0.217577,0.217577,5.53681e-07,5.53681e-07,-0.501083,-0.501083,TRUE,FALSE,0,0,FALSE
584,0.2372,-0.3,0.914951,0.914951,2.59873e-05,2.59873e-05,NA,NA,FALSE,TRUE,0,NA,FALSE
584,0.2372,-0.3,0.287273,0.287273,6.0749e-09,6.0749e-09,0.0150083,0.0150083,TRUE,FALSE,0,0,FALSE
584,0.2372,-0.3,0.647618,0.647618,9.46477e-13,9.46477e-13,NA,NA,FALSE,TRUE,0,NA,FALSE
584,0.2372,-0.3,0.459022,0.459022,1.58196e-08,1.58196e-08,-0.197974,-0.197974,TRUE,FALSE,0,0,FALSE
584,0.2372,-0.3,0.106694,0.106694,2.22122e-09,2.22122e-09,0.767226,0.767226,TRUE,FALSE,0,0,FALSE
584,0.2372,-0.3,0.180428,0.180428,1.82013e-08,1.82013e-08,-0.0674669,-0.0674669,TRUE,FALSE,0,0,FALSE
584,0.2372,-0.3,0.519068,0.519068,6.6357e-08,6.6357e-08,NA,NA,FALSE,TRUE,0,NA,FALSE
584,0.2372,-0.3,0.865977,0.865977,3.91689e-11,3.91689e-11,NA,NA,FALSE,TRUE,0,NA,FALSE
584,0.2372,-0.3,0.97386,0.97386,1.1742e-18,1.1742e-18,NA,NA,FALSE,TRUE,0,NA,FALSE
584,0.2372,-0.3,0.432598,0.432598,8.21184e-08,8.21184e-08,-0.644333,-0.644333,TRUE,FALSE,0,0,FALSE
584,0.2372,-0.3,0.529417,0.529417,1.99366e-08,1.99366e-08,NA,NA,FALSE,TRUE,0,NA,FALSE
584,0.2372,-0.3,0.731888,0.731888,1.84447e-08,1.84447e-08,NA,NA,FALSE,TRUE,0,NA,FALSE
584,0.2372,-0.3,0.337786,0.337786,8.91425e-09,8.91425e-09,0.475595,0.475595,TRUE,FALSE,0,0,FALSE
584,0.2372,-0.3,0.834548,0.834548,3.27072e-06,3.27072e-06,NA,NA,FALSE,TRUE,0,NA,FALSE
584,0.2372,-0.3,0.104675,0.104675,7.09916e-15,7.09916e-15,-0.125211,-0.125211,TRUE,FALSE,0,0,FALSE
584,0.2372,-0.3,0.997193,0.997193,9.51993e-05,9.51993e-05,NA,NA,FALSE,TRUE,0,NA,FALSE
584,0.2372,-0.3,0.0768014,0.0768014,1.07662e-08,1.07662e-08,0.253048,0.253048,TRUE,FALSE,0,0,FALSE
584,0.2372,-0.3,0.877566,0.877566,1.38276e-09,1.38276e-09,NA,NA,FALSE,TRUE,0,NA,FALSE
584,0.2372,-0.3,0.328603,0.328603,1.19199e-06,1.19199e-06,0.122338,0.122338,TRUE,FALSE,0,0,FALSE
584,0.2372,-0.3,0.0763395,0.0763395,4.3253e-14,4.3253e-14,0.220979,0.220979,TRUE,FALSE,0,0,FALSE
584,0.2372,-0.3,0.0936478,0.0936478,7.78978e-16,7.78978e-16,0.299875,0.299875,TRUE,FALSE,0,0,FALSE
584,0.2372,-0.3,0.986616,0.986616,2.15045e-11,2.15045e-11,NA,NA,FALSE,TRUE,0,NA,FALSE
584,0.2372,-0.3,0.206038,0.206038,7.99676e-13,7.99676e-13,0.473726,0.473726,TRUE,FALSE,0,0,FALSE
584,0.2372,-0.3,0.654042,0.654042,5.71252e-13,5.71252e-13,NA,NA,FALSE,TRUE,0,NA,FALSE
584,0.2372,-0.3,0.888275,0.888275,4.33199e-09,4.33199e-09,NA,NA,FALSE,TRUE,0,NA,FALSE
584,0.2372,-0.3,0.97696,0.97696,3.67118e-05,3.67118e-05,NA,NA,FALSE,TRUE,0,NA,FALSE
584,0.2372,-0.3,0.919691,0.919691,4.76565e-08,4.76565e-08,NA,NA,FALSE,TRUE,0,NA,FALSE
584,0.2372,-0.3,0.735015,0.735015,5.78431e-11,5.78431e-11,NA,NA,FALSE,TRUE,0,NA,FALSE
584,0.2372,-0.3,0.852906,0.852906,7.23906e-10,7.23906e-10,NA,NA,FALSE,TRUE,0,NA,FALSE
584,0.2372,-0.3,0.181245,0.181245,1.0188e-11,1.0188e-11,-0.115694,-0.115694,TRUE,FALSE,0,0,FALSE
584,0.2372,-0.3,0.789358,0.789358,6.95749e-17,6.95749e-17,NA,NA,FALSE,TRUE,0,NA,FALSE
584,0.2372,-0.3,0.116566,0.116566,2.80661e-10,2.80661e-10,-0.356311,-0.356311,TRUE,FALSE,0,0,FALSE
584,0.2372,-0.3,0.262497,0.262497,2.39692e-09,2.39692e-09,-0.701744,-0.701744,TRUE,FALSE,0,0,FALSE
584,0.2372,-0.3,0.698927,0.698927,1.13124e-10,1.13124e-10,NA,NA,FALSE,TRUE,0,NA,FALSE
584,0.2372,-0.3,0.46364,0.46364,2.98496e-11,2.98496e-11,1,1,TRUE,FALSE,0,0,FALSE
584,0.2372,-0.3,0.145225,0.145225,2.64953e-11,2.64953e-11,-0.319711,-0.319711,TRUE,FALSE,0,0,FALSE
584,0.2372,-0.3,0.877112,0.877112,2.66239e-10,2.66239e-10,NA,NA,FALSE,TRUE,0,NA,FALSE
584,0.2372,-0.3,0.024422,0.024422,5.14566e-13,5.14566e-13,0.262154,0.262154,TRUE,FALSE,0,0,TRUE
584,0.2372,-0.3,0.983394,0.983394,0.000142809,0.000142809,NA,NA,FALSE,TRUE,0,NA,FALSE
584,0.2372,-0.3,0.355375,0.355375,9.01119e-17,9.01119e-17,-0.0858785,-0.0858785,TRUE,FALSE,0,0,FALSE
584,0.2372,-0.3,0.082298,0.082298,2.58339e-11,2.58339e-11,0.271271,0.271271,TRUE,FALSE,0,0,FALSE
584,0.2372,-0.3,0.637798,0.637798,1.91357e-11,1.91357e-11,NA,NA,FALSE,TRUE,0,NA,FALSE
584,0.2372,-0.3,0.631704,0.631704,1.09002e-09,1.09002e-09,NA,NA,FALSE,TRUE,0,NA,FALSE
584,0.2372,-0.3,0.453886,0.453886,3.64302e-11,3.64302e-11,-0.989781,-0.989781,TRUE,FALSE,0,0,FALSE
584,0.2372,-0.3,0.198806,0.198806,3.26183e-11,3.26183e-11,-0.122663,-0.122663,TRUE,FALSE,0,0,FALSE
584,0.2372,-0.3,0.278524,0.278524,8.41853e-13,8.41853e-13,0.0096403,0.0096403,TRUE,FALSE,0,0,FALSE
584,0.2372,-0.3,0.124756,0.124756,8.01431e-12,8.01431e-12,0.306535,0.306535,TRUE,FALSE,0,0,FALSE
584,0.2372,-0.3,0.214655,0.214655,9.34809e-12,9.34809e-12,-0.00932255,-0.00932255,TRUE,FALSE,0,0,FALSE
584,0.2372,-0.3,0.407901,0.407901,3.75229e-06,3.75229e-06,-0.402442,-0.402442,TRUE,FALSE,0,0,FALSE
584,0.2372,-0.3,0.942881,0.942881,4.66911e-08,4.66911e-08,NA,NA,FALSE,TRUE,0,NA,FALSE
584,0.2372,-0.3,0.43373,0.43373,6.96542e-10,6.96542e-10,-0.54934,-0.54934,TRUE,FALSE,0,0,FALSE
584,0.2372,-0.3,0.307449,0.307449,3.25182e-11,3.25182e-11,0.470032,0.470032,TRUE,FALSE,0,0,FALSE
584,0.2372,-0.3,0.345016,0.345016,4.42622e-12,4.42622e-12,-0.20007,-0.20007,TRUE,FALSE,0,0,FALSE
584,0.2372,-0.3,0.701911,0.701911,1.59431e-09,1.59431e-09,NA,NA,FALSE,TRUE,0,NA,FALSE
584,0.2372,-0.3,0.284225,0.284225,9.3592e-12,9.3592e-12,0.0674624,0.0674624,TRUE,FALSE,0,0,FALSE
584,0.2372,-0.3,0.22773,0.22773,1.78855e-13,1.78855e-13,0.41175,0.41175,TRUE,FALSE,0,0,FALSE
584,0.2372,-0.3,0.178594,0.178594,9.75203e-10,9.75203e-10,-0.164291,-0.164291,TRUE,FALSE,0,0,FALSE
584,0.2372,-0.3,0.286423,0.286423,3.45775e-09,3.45775e-09,0.219379,0.219379,TRUE,FALSE,0,0,FALSE
584,0.2372,-0.3,0.480773,0.480773,2.25069e-08,2.25069e-08,-1,-1,TRUE,FALSE,0,0,FALSE
584,0.2372,-0.3,0.619423,0.619423,1.22447e-11,1.22447e-11,NA,NA,FALSE,TRUE,0,NA,FALSE
584,0.2372,-0.3,0.129747,0.129747,1.91421e-09,1.91421e-09,-0.115739,-0.115739,TRUE,FALSE,0,0,FALSE
584,0.2372,-0.3,0.201254,0.201254,1.27614e-10,1.27614e-10,0.247235,0.247235,TRUE,FALSE,0,0,FALSE
584,0.2372,-0.3,0.935946,0.935946,2.81686e-10,2.81686e-10,NA,NA,FALSE,TRUE,0,NA,FALSE
584,0.2372,-0.3,0.89931,0.89931,1.35353e-09,1.35353e-09,NA,NA,FALSE,TRUE,0,NA,FALSE
584,0.2372,-0.3,0.510756,0.510756,1.49012e-12,1.49012e-12,NA,NA,FALSE,TRUE,0,NA,FALSE
584,0.2372,-0.3,0.610429,0.610429,4.17768e-12,4.17768e-12,NA,NA,FALSE,TRUE,0,NA,FALSE
584,0.2372,-0.3,0.933401,0.933401,9.6817e-08,9.6817e-08,NA,NA,FALSE,TRUE,0,NA,FALSE
584,0.2372,-0.3,0.235767,0.235767,6.17536e-11,6.17536e-11,-0.222605,-0.222605,TRUE,FALSE,0,0,FALSE
584,0.2372,-0.3,0.331975,0.331975,9.96647e-07,9.96647e-07,-0.28429,-0.28429,TRUE,FALSE,0,0,FALSE
584,0.2372,-0.3,0.0678503,0.0678503,6.31491e-10,6.31491e-10,-0.138321,-0.138321,TRUE,FALSE,0,0,FALSE
584,0.2372,-0.3,0.128632,0.128632,3.80656e-09,3.80656e-09,0.351996,0.351996,TRUE,FALSE,0,0,FALSE
584,0.2372,-0.3,0.0830119,0.0830119,2.85317e-11,2.85317e-11,0.117743,0.117743,TRUE,FALSE,0,0,FALSE
584,0.2372,-0.3,0.257923,0.257923,3.48625e-09,3.48625e-09,-0.763587,-0.763587,TRUE,FALSE,0,0,FALSE
584,0.2372,-0.3,0.644545,0.644545,3.79906e-11,3.79906e-11,NA,NA,FALSE,TRUE,0,NA,FALSE
584,0.2372,-0.3,0.725598,0.725598,5.34532e-08,5.34532e-08,NA,NA,FALSE,TRUE,0,NA,FALSE
584,0.2372,-0.3,0.36336,0.36336,1.61184e-09,1.61184e-09,-0.638667,-0.638667,TRUE,FALSE,0,0,FALSE
584,0.2372,-0.3,0.262916,0.262916,1.47095e-17,1.47095e-17,-0.188642,-0.188642,TRUE,FALSE,0,0,FALSE
584,0.2372,-0.3,0.502021,0.502021,2.5179e-08,2.5179e-08,NA,NA,FALSE,TRUE,0,NA,FALSE
584,0.2372,-0.3,0.864679,0.864679,2.49026e-14,2.49026e-14,NA,NA,FALSE,TRUE,0,NA,FALSE
584,0.2372,-0.3,0.356333,0.356333,3.13012e-09,3.13012e-09,-0.614601,-0.614601,TRUE,FALSE,0,0,FALSE
584,0.2372,-0.3,0.220614,0.220614,3.45734e-09,3.45734e-09,0.138978,0.138978,TRUE,FALSE,0,0,FALSE
584,0.2372,-0.3,0.666126,0.666126,5.70616e-10,5.70616e-10,NA,NA,FALSE,TRUE,0,NA,FALSE
584,0.2372,-0.3,0.810493,0.810493,1.01289e-11,1.01289e-11,NA,NA,FALSE,TRUE,0,NA,FALSE
584,0.2372,-0.3,0.493364,0.493364,1.13124e-06,1.13124e-06,NA,NA,FALSE,TRUE,0,NA,FALSE
584,0.2372,-0.3,0.700151,0.700151,7.37651e-13,7.37651e-13,NA,NA,FALSE,TRUE,0,NA,FALSE
584,0.2372,-0.3,0.997645,0.997645,1.99998e-13,1.99998e-13,NA,NA,FALSE,TRUE,0,NA,FALSE
584,0.2372,-0.3,0.305348,0.305348,2.48436e-16,2.48436e-16,0.083914,0.083914,TRUE,FALSE,0,0,FALSE
584,0.2372,-0.3,0.897011,0.897011,1.10685e-13,1.10685e-13,NA,NA,FALSE,TRUE,0,NA,FALSE
584,0.2372,-0.3,0.670391,0.670391,7.60716e-10,7.60716e-10,NA,NA,FALSE,TRUE,0,NA,FALSE
584,0.2372,-0.3,0.376732,0.376732,7.15261e-12,7.15261e-12,0.0111614,0.0111614,TRUE,FALSE,0,0,FALSE
584,0.2372,-0.3,0.1471,0.1471,1.46176e-08,1.46176e-08,0.0552653,0.0552653,TRUE,FALSE,0,0,FALSE
584,0.2372,-0.3,0.0373949,0.0373949,2.89804e-07,2.89804e-07,0.142037,0.142037,TRUE,FALSE,0,0,TRUE
584,0.2372,-0.3,0.780227,0.780227,2.75187e-16,2.75187e-16,NA,NA,FALSE,TRUE,0,NA,FALSE
584,0.2372,-0.3,0.94078,0.94078,1.26255e-10,1.26255e-10,NA,NA,FALSE,TRUE,0,NA,FALSE
584,0.2372,-0.3,0.864153,0.864153,2.23926e-08,2.23926e-08,NA,NA,FALSE,TRUE,0,NA,FALSE
584,0.2372,-0.3,0.282108,0.282108,3.87166e-11,3.87166e-11,0.233568,0.233568,TRUE,FALSE,0,0,FALSE
584,0.2372,-0.3,0.91437,0.91437,2.96708e-12,2.96708e-12,NA,NA,FALSE,TRUE,0,NA,FALSE
584,0.2372,-0.3,0.939713,0.939713,9.90878e-12,9.90878e-12,NA,NA,FALSE,TRUE,0,NA,FALSE
584,0.2372,-0.3,0.817736,0.817736,7.56798e-14,7.56798e-14,NA,NA,FALSE,TRUE,0,NA,FALSE
584,0.2372,-0.3,0.262568,0.262568,3.95355e-11,3.95355e-11,0.920093,0.920093,TRUE,FALSE,0,0,FALSE
584,0.2372,-0.3,0.732789,0.732789,4.45175e-07,4.45175e-07,NA,NA,FALSE,TRUE,0,NA,FALSE
584,0.2372,-0.3,0.572002,0.572002,1.65473e-11,1.65473e-11,NA,NA,FALSE,TRUE,0,NA,FALSE
584,0.2372,-0.3,0.203221,0.203221,7.77466e-10,7.77466e-10,0.488437,0.488437,TRUE,FALSE,0,0,FALSE
584,0.2372,-0.3,0.0859057,0.0859057,3.42864e-10,3.42864e-10,0.364772,0.364772,TRUE,FALSE,0,0,FALSE
584,0.2372,-0.3,0.978434,0.978434,9.41702e-14,9.41702e-14,NA,NA,FALSE,TRUE,0,NA,FALSE
584,0.2372,-0.3,0.135856,0.135856,4.84331e-09,4.84331e-09,-0.767236,-0.767236,TRUE,FALSE,0,0,FALSE
584,0.2372,-0.3,0.867292,0.867292,2.0768e-07,2.0768e-07,NA,NA,FALSE,TRUE,0,NA,FALSE
584,0.2372,-0.3,0.974071,0.974071,1.78253e-09,1.78253e-09,NA,NA,FALSE,TRUE,0,NA,FALSE
584,0.2372,-0.3,0.396301,0.396301,2.64295e-07,2.64295e-07,-0.137434,-0.137434,TRUE,FALSE,0,0,FALSE
584,0.2372,-0.3,0.0929148,0.0929148,8.61351e-11,8.61351e-11,-0.252969,-0.252969,TRUE,FALSE,0,0,FALSE
584,0.2372,-0.3,0.659767,0.659767,1.23206e-14,1.23206e-14,NA,NA,FALSE,TRUE,0,NA,FALSE
584,0.2372,-0.3,0.744784,0.744784,1.55569e-07,1.55569e-07,NA,NA,FALSE,TRUE,0,NA,FALSE
584,0.2372,-0.3,0.899019,0.899019,1.52974e-17,1.52974e-17,NA,NA,FALSE,TRUE,0,NA,FALSE
584,0.2372,-0.3,0.44637,0.44637,0.000398606,0.000398606,-0.914004,-0.914004,TRUE,FALSE,0,0,FALSE
584,0.2372,-0.3,0.156391,0.156391,6.74587e-06,6.74587e-06,0.299759,0.299759,TRUE,FALSE,0,0,FALSE
584,0.2372,-0.3,0.679226,0.679226,2.04043e-07,2.04043e-07,NA,NA,FALSE,TRUE,0,NA,FALSE
584,0.2372,-0.3,0.594882,0.594882,8.33475e-08,8.33475e-08,NA,NA,FALSE,TRUE,0,NA,FALSE
584,0.2372,-0.3,0.125786,0.125786,1.65086e-10,1.65086e-10,0.320104,0.320104,TRUE,FALSE,0,0,FALSE
584,0.2372,-0.3,0.306499,0.306499,1.51449e-07,1.51449e-07,-0.0207799,-0.0207799,TRUE,FALSE,0,0,FALSE
584,0.2372,-0.3,0.607214,0.607214,2.48373e-13,2.48373e-13,NA,NA,FALSE,TRUE,0,NA,FALSE
584,0.2372,-0.3,0.21161,0.21161,1.65626e-13,1.65626e-13,0.0596492,0.0596492,TRUE,FALSE,0,0,FALSE
584,0.2372,-0.3,0.829348,0.829348,5.52872e-08,5.52872e-08,NA,NA,FALSE,TRUE,0,NA,FALSE
584,0.2372,-0.3,0.449864,0.449864,5.21678e-10,5.21678e-10,NA,NA,TRUE,FALSE,0,NA,FALSE
584,0.2372,-0.3,0.535693,0.535693,2.24538e-08,2.24538e-08,NA,NA,FALSE,TRUE,0,NA,FALSE
584,0.2372,-0.3,0.340932,0.340932,6.90559e-10,6.90559e-10,0.422404,0.422404,TRUE,FALSE,0,0,FALSE
584,0.2372,-0.3,0.0511078,0.0511078,1.03514e-05,1.03514e-05,-0.0638202,-0.0638202,TRUE,FALSE,0,0,FALSE
584,0.2372,-0.3,0.368703,0.368703,6.01733e-08,6.01733e-08,0.855891,0.855891,TRUE,FALSE,0,0,FALSE
584,0.2372,-0.3,0.911841,0.911841,5.2842e-08,5.2842e-08,NA,NA,FALSE,TRUE,0,NA,FALSE
584,0.2372,-0.3,0.26585,0.26585,3.53204e-07,3.53204e-07,-0.679493,-0.679493,TRUE,FALSE,0,0,FALSE
584,0.2372,-0.3,0.0400841,0.0400841,1.79705e-10,1.79705e-10,-0.186382,-0.186382,TRUE,FALSE,0,0,TRUE
584,0.2372,-0.3,0.792137,0.792137,2.32886e-10,2.32886e-10,NA,NA,FALSE,TRUE,0,NA,FALSE
584,0.2372,-0.3,0.703862,0.703862,1.31495e-05,1.31495e-05,NA,NA,FALSE,TRUE,0,NA,FALSE
584,0.2372,-0.3,0.0496063,0.0496063,5.13677e-06,5.13677e-06,-0.193,-0.193,TRUE,FALSE,0,0,TRUE
584,0.2372,-0.3,0.51271,0.51271,7.3519e-12,7.3519e-12,NA,NA,FALSE,TRUE,0,NA,FALSE
584,0.2372,-0.3,0.6239,0.6239,1.42699e-11,1.42699e-11,NA,NA,FALSE,TRUE,0,NA,FALSE
584,0.2372,-0.3,0.752727,0.752727,8.578e-09,8.578e-09,NA,NA,FALSE,TRUE,0,NA,FALSE
584,0.2372,-0.3,0.953475,0.953475,4.1069e-12,4.1069e-12,NA,NA,FALSE,TRUE,0,NA,FALSE
584,0.2372,-0.3,0.529083,0.529083,7.18156e-10,7.18156e-10,NA,NA,FALSE,TRUE,0,NA,FALSE
584,0.2372,-0.3,0.262402,0.262402,5.03997e-09,5.03997e-09,0.0244257,0.0244257,TRUE,FALSE,0,0,FALSE
584,0.2372,-0.3,0.690038,0.690038,5.2069e-09,5.2069e-09,NA,NA,FALSE,TRUE,0,NA,FALSE
584,0.2372,-0.3,0.956852,0.956852,7.36682e-08,7.36682e-08,NA,NA,FALSE,TRUE,0,NA,FALSE
584,0.2372,-0.3,0.567078,0.567078,9.94469e-10,9.94469e-10,NA,NA,FALSE,TRUE,0,NA,FALSE
584,0.2372,-0.3,0.232196,0.232196,1.14487e-08,1.14487e-08,0.241525,0.241525,TRUE,FALSE,0,0,FALSE
584,0.2372,-0.3,0.33077,0.33077,7.97796e-08,7.97796e-08,0.282688,0.282688,TRUE,FALSE,0,0,FALSE
584,0.2372,-0.3,0.826029,0.826029,2.62798e-09,2.62798e-09,NA,NA,FALSE,TRUE,0,NA,FALSE
584,0.2372,-0.3,0.758487,0.758487,2.03617e-11,2.03617e-11,NA,NA,FALSE,TRUE,0,NA,FALSE
584,0.2372,-0.3,0.417102,0.417102,2.35392e-11,2.35392e-11,-0.619293,-0.619293,TRUE,FALSE,0,0,FALSE
584,0.2372,-0.3,0.992936,0.992936,2.11553e-10,2.11553e-10,NA,NA,FALSE,TRUE,0,NA,FALSE
584,0.2372,-0.3,0.191391,0.191391,9.28163e-14,9.28163e-14,0.172968,0.172968,TRUE,FALSE,0,0,FALSE
584,0.2372,-0.3,0.295628,0.295628,8.8176e-08,8.8176e-08,-0.11122,-0.11122,TRUE,FALSE,0,0,FALSE
584,0.2372,-0.3,0.34753,0.34753,6.95285e-10,6.95285e-10,-0.0484276,-0.0484276,TRUE,FALSE,0,0,FALSE
584,0.2372,-0.3,0.809574,0.809574,1.34342e-09,1.34342e-09,NA,NA,FALSE,TRUE,0,NA,FALSE
584,0.2372,-0.3,0.193134,0.193134,1.43884e-14,1.43884e-14,0.274639,0.274639,TRUE,FALSE,0,0,FALSE
584,0.2372,-0.3,0.496325,0.496325,6.12262e-12,6.12262e-12,NA,NA,FALSE,TRUE,0,NA,FALSE
584,0.2372,-0.3,0.870367,0.870367,3.95982e-08,3.95982e-08,NA,NA,FALSE,TRUE,0,NA,FALSE
584,0.2372,-0.3,0.126036,0.126036,2.86164e-07,2.86164e-07,0.130851,0.130851,TRUE,FALSE,0,0,FALSE
584,0.2372,-0.3,0.832577,0.832577,1.57886e-11,1.57886e-11,NA,NA,FALSE,TRUE,0,NA,FALSE
584,0.2372,-0.3,0.482378,0.482378,8.39895e-17,8.39895e-17,-0.478551,-0.478551,TRUE,FALSE,0,0,FALSE
584,0.2372,-0.3,0.501645,0.501645,5.34108e-09,5.34108e-09,NA,NA,FALSE,TRUE,0,NA,FALSE
584,0.2372,-0.3,0.102396,0.102396,2.84832e-14,2.84832e-14,0.310157,0.310157,TRUE,FALSE,0,0,FALSE
584,0.2372,-0.3,0.0869953,0.0869953,2.27228e-07,2.27228e-07,-0.224086,-0.224086,TRUE,FALSE,0,0,FALSE
584,0.2372,-0.3,0.33759,0.33759,3.42326e-05,3.42326e-05,-0.360387,-0.360387,TRUE,FALSE,0,0,FALSE
584,0.2372,0,0.0313843,0.0313843,1.13728e-09,1.13728e-09,0.11357,0.11357,TRUE,FALSE,0,0,TRUE
584,0.2372,0,0.375774,0.375774,3.14414e-08,3.14414e-08,0.253081,0.253081,TRUE,FALSE,0,0,FALSE
584,0.2372,0,0.378993,0.378993,2.38994e-07,2.38994e-07,-0.0481987,-0.0481987,TRUE,FALSE,0,0,FALSE
584,0.2372,0,0.860413,0.860413,1.98935e-11,1.98935e-11,NA,NA,FALSE,TRUE,0,NA,FALSE
584,0.2372,0,0.805793,0.805793,1.30029e-08,1.30029e-08,NA,NA,FALSE,TRUE,0,NA,FALSE
584,0.2372,0,0.114151,0.114151,4.77023e-06,4.77023e-06,0.0123798,0.0123798,TRUE,FALSE,0,0,FALSE
584,0.2372,0,0.914796,0.914796,3.76784e-07,3.76784e-07,NA,NA,FALSE,TRUE,0,NA,FALSE
584,0.2372,0,0.531207,0.531207,1.68666e-06,1.68666e-06,NA,NA,FALSE,TRUE,0,NA,FALSE
584,0.2372,0,0.508743,0.508743,2.94336e-13,2.94336e-13,NA,NA,FALSE,TRUE,0,NA,FALSE
584,0.2372,0,0.110635,0.110635,2.21732e-08,2.21732e-08,0.405315,0.405315,TRUE,FALSE,0,0,FALSE
584,0.2372,0,0.226038,0.226038,7.06607e-06,7.06607e-06,0.152828,0.152828,TRUE,FALSE,0,0,FALSE
584,0.2372,0,0.313949,0.313949,1.60735e-09,1.60735e-09,-0.753256,-0.753256,TRUE,FALSE,0,0,FALSE
584,0.2372,0,0.257177,0.257177,3.97975e-13,3.97975e-13,-0.0238064,-0.0238064,TRUE,FALSE,0,0,FALSE
584,0.2372,0,0.117989,0.117989,8.00706e-11,8.00706e-11,-0.109559,-0.109559,TRUE,FALSE,0,0,FALSE
584,0.2372,0,0.0965472,0.0965472,1.9209e-07,1.9209e-07,-0.288618,-0.288618,TRUE,FALSE,0,0,FALSE
584,0.2372,0,0.094541,0.094541,3.78538e-14,3.78538e-14,0.215856,0.215856,TRUE,FALSE,0,0,FALSE
584,0.2372,0,0.352701,0.352701,4.47974e-12,4.47974e-12,0.495141,0.495141,TRUE,FALSE,0,0,FALSE
584,0.2372,0,0.781946,0.781946,3.15446e-10,3.15446e-10,NA,NA,FALSE,TRUE,0,NA,FALSE
584,0.2372,0,0.852225,0.852225,3.15659e-06,3.15659e-06,NA,NA,FALSE,TRUE,0,NA,FALSE
584,0.2372,0,0.0335063,0.0335063,2.32752e-14,2.32752e-14,0.184965,0.184965,TRUE,FALSE,0,0,TRUE
584,0.2372,0,0.638431,0.638431,8.58242e-08,8.58242e-08,NA,NA,FALSE,TRUE,0,NA,FALSE
584,0.2372,0,0.177311,0.177311,2.90437e-08,2.90437e-08,0.201408,0.201408,TRUE,FALSE,0,0,FALSE
584,0.2372,0,0.177583,0.177583,1.62384e-05,1.62384e-05,-0.480663,-0.480663,TRUE,FALSE,0,0,FALSE
584,0.2372,0,0.865714,0.865714,5.54633e-13,5.54633e-13,NA,NA,FALSE,TRUE,0,NA,FALSE
584,0.2372,0,0.696079,0.696079,1.11943e-09,1.11943e-09,NA,NA,FALSE,TRUE,0,NA,FALSE
584,0.2372,0,0.94575,0.94575,4.51312e-12,4.51312e-12,NA,NA,FALSE,TRUE,0,NA,FALSE
584,0.2372,0,0.296341,0.296341,7.74818e-08,7.74818e-08,NA,NA,TRUE,FALSE,0,NA,FALSE
584,0.2372,0,0.754026,0.754026,6.52141e-11,6.52141e-11,NA,NA,FALSE,TRUE,0,NA,FALSE
584,0.2372,0,0.135495,0.135495,6.2849e-12,6.2849e-12,0.32487,0.32487,TRUE,FALSE,0,0,FALSE
584,0.2372,0,0.995958,0.995958,3.12344e-14,3.12344e-14,NA,NA,FALSE,TRUE,0,NA,FALSE
584,0.2372,0,0.243299,0.243299,1.51469e-12,1.51469e-12,0.100977,0.100977,TRUE,FALSE,0,0,FALSE
584,0.2372,0,0.786496,0.786496,3.76513e-10,3.76513e-10,NA,NA,FALSE,TRUE,0,NA,FALSE
584,0.2372,0,0.151012,0.151012,2.09571e-05,2.09571e-05,0.0179478,0.0179478,TRUE,FALSE,0,0,FALSE
584,0.2372,0,0.148254,0.148254,2.92245e-08,2.92245e-08,0.187458,0.187458,TRUE,FALSE,0,0,FALSE
584,0.2372,0,0.424588,0.424588,9.77835e-09,9.77835e-09,-0.121425,-0.121425,TRUE,FALSE,0,0,FALSE
584,0.2372,0,0.0823995,0.0823995,6.46157e-09,6.46157e-09,-0.0241753,-0.0241753,TRUE,FALSE,0,0,FALSE
584,0.2372,0,0.837727,0.837727,1.15825e-12,1.15825e-12,NA,NA,FALSE,TRUE,0,NA,FALSE
584,0.2372,0,0.22928,0.22928,9.05927e-10,9.05927e-10,0.191228,0.191228,TRUE,FALSE,0,0,FALSE
584,0.2372,0,0.29914,0.29914,7.78878e-07,7.78878e-07,0.202572,0.202572,TRUE,FALSE,0,0,FALSE
584,0.2372,0,0.682256,0.682256,6.12034e-08,6.12034e-08,NA,NA,FALSE,TRUE,0,NA,FALSE
584,0.2372,0,0.438868,0.438868,8.72934e-13,8.72934e-13,0.278612,0.278612,TRUE,FALSE,0,0,FALSE
584,0.2372,0,0.670317,0.670317,2.77891e-17,2.77891e-17,NA,NA,FALSE,TRUE,0,NA,FALSE
584,0.2372,0,0.538843,0.538843,1.37167e-09,1.37167e-09,NA,NA,FALSE,TRUE,0,NA,FALSE
584,0.2372,0,0.799187,0.799187,6.00521e-10,6.00521e-10,NA,NA,FALSE,TRUE,0,NA,FALSE
584,0.2372,0,0.785616,0.785616,1.25564e-11,1.25564e-11,NA,NA,FALSE,TRUE,0,NA,FALSE
584,0.2372,0,0.241236,0.241236,4.66424e-09,4.66424e-09,0.0961845,0.0961845,TRUE,FALSE,0,0,FALSE
584,0.2372,0,0.863067,0.863067,2.37143e-12,2.37143e-12,NA,NA,FALSE,TRUE,0,NA,FALSE
584,0.2372,0,0.223325,0.223325,3.77419e-06,3.77419e-06,-0.584804,-0.584804,TRUE,FALSE,0,0,FALSE
584,0.2372,0,0.992723,0.992723,3.39764e-05,3.39764e-05,NA,NA,FALSE,TRUE,0,NA,FALSE
584,0.2372,0,0.915732,0.915732,8.56787e-07,8.56787e-07,NA,NA,FALSE,TRUE,0,NA,FALSE
584,0.2372,0,0.80725,0.80725,5.4795e-07,5.4795e-07,NA,NA,FALSE,TRUE,0,NA,FALSE
584,0.2372,0,0.501988,0.501988,1.3423e-15,1.3423e-15,NA,NA,FALSE,TRUE,0,NA,FALSE
584,0.2372,0,0.136409,0.136409,5.65858e-13,5.65858e-13,-0.0502924,-0.0502924,TRUE,FALSE,0,0,FALSE
584,0.2372,0,0.369424,0.369424,4.11259e-12,4.11259e-12,-0.125798,-0.125798,TRUE,FALSE,0,0,FALSE
584,0.2372,0,0.961509,0.961509,4.68658e-07,4.68658e-07,NA,NA,FALSE,TRUE,0,NA,FALSE
584,0.2372,0,0.210641,0.210641,1.3312e-06,1.3312e-06,-0.265524,-0.265524,TRUE,FALSE,0,0,FALSE
584,0.2372,0,0.0696837,0.0696837,9.87699e-07,9.87699e-07,0.29315,0.29315,TRUE,FALSE,0,0,FALSE
584,0.2372,0,0.769784,0.769784,3.00366e-12,3.00366e-12,NA,NA,FALSE,TRUE,0,NA,FALSE
584,0.2372,0,0.198018,0.198018,8.58539e-11,8.58539e-11,0.156032,0.156032,TRUE,FALSE,0,0,FALSE
584,0.2372,0,0.948256,0.948256,6.28112e-10,6.28112e-10,NA,NA,FALSE,TRUE,0,NA,FALSE
584,0.2372,0,0.877415,0.877415,4.86782e-13,4.86782e-13,NA,NA,FALSE,TRUE,0,NA,FALSE
584,0.2372,0,0.102128,0.102128,4.52702e-07,4.52702e-07,0.0949016,0.0949016,TRUE,FALSE,0,0,FALSE
584,0.2372,0,0.759714,0.759714,2.42781e-05,2.42781e-05,NA,NA,FALSE,TRUE,0,NA,FALSE
584,0.2372,0,0.354504,0.354504,4.33468e-12,4.33468e-12,-0.142622,-0.142622,TRUE,FALSE,0,0,FALSE
584,0.2372,0,0.096999,0.096999,6.40027e-10,6.40027e-10,0.584287,0.584287,TRUE,FALSE,0,0,FALSE
584,0.2372,0,0.10059,0.10059,3.43104e-08,3.43104e-08,0.302901,0.302901,TRUE,FALSE,0,0,FALSE
584,0.2372,0,0.0152246,0.0152246,3.50627e-15,3.50627e-15,0.107686,0.107686,TRUE,FALSE,0,0,TRUE
584,0.2372,0,0.478284,0.478284,5.88455e-11,5.88455e-11,0.586605,0.586605,TRUE,FALSE,0,0,FALSE
584,0.2372,0,0.186923,0.186923,5.448e-05,5.448e-05,0.707453,0.707453,TRUE,FALSE,0,0,FALSE
584,0.2372,0,0.0539165,0.0539165,1.1906e-11,1.1906e-11,0.485846,0.485846,TRUE,FALSE,0,0,FALSE
584,0.2372,0,0.669969,0.669969,3.62171e-06,3.62171e-06,NA,NA,FALSE,TRUE,0,NA,FALSE
584,0.2372,0,0.548549,0.548549,3.37273e-08,3.37273e-08,NA,NA,FALSE,TRUE,0,NA,FALSE
584,0.2372,0,0.565872,0.565872,7.7443e-13,7.7443e-13,NA,NA,FALSE,TRUE,0,NA,FALSE
584,0.2372,0,0.81034,0.81034,1.03776e-05,1.03776e-05,NA,NA,FALSE,TRUE,0,NA,FALSE
584,0.2372,0,0.0539671,0.0539671,1.01893e-07,1.01893e-07,0.0693984,0.0693984,TRUE,FALSE,0,0,FALSE
584,0.2372,0,0.537035,0.537035,2.03994e-08,2.03994e-08,NA,NA,FALSE,TRUE,0,NA,FALSE
584,0.2372,0,0.775723,0.775723,1.34455e-10,1.34455e-10,NA,NA,FALSE,TRUE,0,NA,FALSE
584,0.2372,0,0.167384,0.167384,2.26092e-10,2.26092e-10,0.384747,0.384747,TRUE,FALSE,0,0,FALSE
584,0.2372,0,0.730444,0.730444,9.79199e-10,9.79199e-10,NA,NA,FALSE,TRUE,0,NA,FALSE
584,0.2372,0,0.594621,0.594621,4.9733e-08,4.9733e-08,NA,NA,FALSE,TRUE,0,NA,FALSE
584,0.2372,0,0.708166,0.708166,7.12718e-09,7.12718e-09,NA,NA,FALSE,TRUE,0,NA,FALSE
584,0.2372,0,0.000792181,0.000792181,3.76999e-10,3.76999e-10,0.0257372,0.0257372,TRUE,FALSE,0,0,TRUE
584,0.2372,0,0.103502,0.103502,2.37087e-11,2.37087e-11,-0.0115364,-0.0115364,TRUE,FALSE,0,0,FALSE
584,0.2372,0,0.321221,0.321221,7.13475e-17,7.13475e-17,-0.0519665,-0.0519665,TRUE,FALSE,0,0,FALSE
584,0.2372,0,0.311146,0.311146,2.9277e-08,2.9277e-08,-0.443898,-0.443898,TRUE,FALSE,0,0,FALSE
584,0.2372,0,0.586388,0.586388,1.57903e-05,1.57903e-05,NA,NA,FALSE,TRUE,0,NA,FALSE
584,0.2372,0,0.517343,0.517343,6.81956e-09,6.81956e-09,NA,NA,FALSE,TRUE,0,NA,FALSE
584,0.2372,0,0.0228467,0.0228467,1.32292e-10,1.32292e-10,-0.131021,-0.131021,TRUE,FALSE,0,0,TRUE
584,0.2372,0,0.745757,0.745757,2.86994e-09,2.86994e-09,NA,NA,FALSE,TRUE,0,NA,FALSE
584,0.2372,0,0.523473,0.523473,1.60111e-11,1.60111e-11,NA,NA,FALSE,TRUE,0,NA,FALSE
584,0.2372,0,0.419328,0.419328,1.04112e-05,1.04112e-05,-0.778106,-0.778106,TRUE,FALSE,0,0,FALSE
584,0.2372,0,0.915563,0.915563,1.86697e-08,1.86697e-08,NA,NA,FALSE,TRUE,0,NA,FALSE
584,0.2372,0,0.86207,0.86207,6.60598e-08,6.60598e-08,NA,NA,FALSE,TRUE,0,NA,FALSE
584,0.2372,0,0.265107,0.265107,6.70932e-08,6.70932e-08,0.127589,0.127589,TRUE,FALSE,0,0,FALSE
584,0.2372,0,0.89735,0.89735,1.65396e-12,1.65396e-12,NA,NA,FALSE,TRUE,0,NA,FALSE
584,0.2372,0,0.00182448,0.00182448,1.82583e-12,1.82583e-12,0.151976,0.151976,TRUE,FALSE,0,0,TRUE
584,0.2372,0,0.433118,0.433118,1.2658e-11,1.2658e-11,1,1,TRUE,FALSE,0,0,FALSE
584,0.2372,0,0.228249,0.228249,8.4682e-15,8.4682e-15,-0.101851,-0.101851,TRUE,FALSE,0,0,FALSE
584,0.2372,0,0.438123,0.438123,4.88574e-08,4.88574e-08,-0.305874,-0.305874,TRUE,FALSE,0,0,FALSE
584,0.2372,0,0.00874668,0.00874668,4.5357e-09,4.5357e-09,0.419317,0.419317,TRUE,FALSE,0,0,TRUE
584,0.2372,0,0.607581,0.607581,0.00047687,0.00047687,NA,NA,FALSE,TRUE,0,NA,FALSE
584,0.2372,0,0.0878153,0.0878153,6.07805e-13,6.07805e-13,0.200785,0.200785,TRUE,FALSE,0,0,FALSE
584,0.2372,0,0.0273447,0.0273447,3.91664e-16,3.91664e-16,0.384223,0.384223,TRUE,FALSE,0,0,TRUE
584,0.2372,0,0.103321,0.103321,3.24942e-13,3.24942e-13,-0.0765875,-0.0765875,TRUE,FALSE,0,0,FALSE
584,0.2372,0,0.141593,0.141593,2.07322e-07,2.07322e-07,0.446279,0.446279,TRUE,FALSE,0,0,FALSE
584,0.2372,0,0.40815,0.40815,3.93935e-06,3.93935e-06,-0.517512,-0.517512,TRUE,FALSE,0,0,FALSE
584,0.2372,0,0.677367,0.677367,2.47332e-14,2.47332e-14,NA,NA,FALSE,TRUE,0,NA,FALSE
584,0.2372,0,0.752476,0.752476,1.78397e-11,1.78397e-11,NA,NA,FALSE,TRUE,0,NA,FALSE
584,0.2372,0,0.30028,0.30028,4.61253e-15,4.61253e-15,0.506904,0.506904,TRUE,FALSE,0,0,FALSE
584,0.2372,0,0.710904,0.710904,2.52006e-15,2.52006e-15,NA,NA,FALSE,TRUE,0,NA,FALSE
584,0.2372,0,0.868866,0.868866,1.74534e-13,1.74534e-13,NA,NA,FALSE,TRUE,0,NA,FALSE
584,0.2372,0,0.892698,0.892698,2.34636e-13,2.34636e-13,NA,NA,FALSE,TRUE,0,NA,FALSE
584,0.2372,0,0.559096,0.559096,4.02774e-16,4.02774e-16,NA,NA,FALSE,TRUE,0,NA,FALSE
584,0.2372,0,0.41399,0.41399,1.79876e-08,1.79876e-08,NA,NA,TRUE,FALSE,0,NA,FALSE
584,0.2372,0,0.281527,0.281527,1.3546e-11,1.3546e-11,0.135754,0.135754,TRUE,FALSE,0,0,FALSE
584,0.2372,0,0.451912,0.451912,2.48992e-10,2.48992e-10,0.571031,0.571031,TRUE,FALSE,0,0,FALSE
584,0.2372,0,0.81604,0.81604,4.63221e-12,4.63221e-12,NA,NA,FALSE,TRUE,0,NA,FALSE
584,0.2372,0,0.530836,0.530836,2.30417e-08,2.30417e-08,NA,NA,FALSE,TRUE,0,NA,FALSE
584,0.2372,0,0.217438,0.217438,4.65949e-06,4.65949e-06,NA,NA,TRUE,FALSE,0,NA,FALSE
584,0.2372,0,0.666758,0.666758,9.69706e-09,9.69706e-09,NA,NA,FALSE,TRUE,0,NA,FALSE
584,0.2372,0,0.902207,0.902207,4.71487e-07,4.71487e-07,NA,NA,FALSE,TRUE,0,NA,FALSE
584,0.2372,0,0.630327,0.630327,8.96603e-06,8.96603e-06,NA,NA,FALSE,TRUE,0,NA,FALSE
584,0.2372,0,0.642358,0.642358,2.68002e-07,2.68002e-07,NA,NA,FALSE,TRUE,0,NA,FALSE
584,0.2372,0,0.361727,0.361727,2.18114e-12,2.18114e-12,0.00458145,0.00458145,TRUE,FALSE,0,0,FALSE
584,0.2372,0,0.151782,0.151782,2.19214e-06,2.19214e-06,-0.0982338,-0.0982338,TRUE,FALSE,0,0,FALSE
584,0.2372,0,0.449469,0.449469,5.46574e-11,5.46574e-11,-0.765667,-0.765667,TRUE,FALSE,0,0,FALSE
584,0.2372,0,0.416709,0.416709,4.52343e-11,4.52343e-11,-0.478237,-0.478237,TRUE,FALSE,0,0,FALSE
584,0.2372,0,0.523323,0.523323,1.75086e-08,1.75086e-08,NA,NA,FALSE,TRUE,0,NA,FALSE
584,0.2372,0,0.384405,0.384405,7.22722e-09,7.22722e-09,-0.195278,-0.195278,TRUE,FALSE,0,0,FALSE
584,0.2372,0,0.825398,0.825398,1.33069e-06,1.33069e-06,NA,NA,FALSE,TRUE,0,NA,FALSE
584,0.2372,0,0.914534,0.914534,7.93344e-09,7.93344e-09,NA,NA,FALSE,TRUE,0,NA,FALSE
584,0.2372,0,0.706867,0.706867,4.25859e-06,4.25859e-06,NA,NA,FALSE,TRUE,0,NA,FALSE
584,0.2372,0,0.114728,0.114728,1.2169e-09,1.2169e-09,-0.0734589,-0.0734589,TRUE,FALSE,0,0,FALSE
584,0.2372,0,0.5598,0.5598,4.01927e-08,4.01927e-08,NA,NA,FALSE,TRUE,0,NA,FALSE
584,0.2372,0,0.42979,0.42979,1.12379e-09,1.12379e-09,0.624747,0.624747,TRUE,FALSE,0,0,FALSE
584,0.2372,0,0.927525,0.927525,1.12866e-11,1.12866e-11,NA,NA,FALSE,TRUE,0,NA,FALSE
584,0.2372,0,0.0667453,0.0667453,1.20389e-12,1.20389e-12,0.261033,0.261033,TRUE,FALSE,0,0,FALSE
584,0.2372,0,0.533126,0.533126,1.0012e-10,1.0012e-10,NA,NA,FALSE,TRUE,0,NA,FALSE
584,0.2372,0,0.623959,0.623959,5.37283e-12,5.37283e-12,NA,NA,FALSE,TRUE,0,NA,FALSE
584,0.2372,0,0.402768,0.402768,7.85019e-10,7.85019e-10,0.223703,0.223703,TRUE,FALSE,0,0,FALSE
584,0.2372,0,0.407418,0.407418,1.745e-06,1.745e-06,0.10432,0.10432,TRUE,FALSE,0,0,FALSE
584,0.2372,0,0.0287918,0.0287918,9.59169e-16,9.59169e-16,0.358633,0.358633,TRUE,FALSE,0,0,TRUE
584,0.2372,0,0.389855,0.389855,2.20893e-10,2.20893e-10,1,1,TRUE,FALSE,0,0,FALSE
584,0.2372,0,0.0910359,0.0910359,7.85714e-13,7.85714e-13,0.0832339,0.0832339,TRUE,FALSE,0,0,FALSE
584,0.2372,0,0.483766,0.483766,2.49916e-12,2.49916e-12,NA,NA,TRUE,FALSE,0,NA,FALSE
584,0.2372,0,0.676799,0.676799,3.0454e-09,3.0454e-09,NA,NA,FALSE,TRUE,0,NA,FALSE
584,0.2372,0,0.235996,0.235996,1.31461e-09,1.31461e-09,0.0491128,0.0491128,TRUE,FALSE,0,0,FALSE
584,0.2372,0,0.542968,0.542968,2.88825e-15,2.88825e-15,NA,NA,FALSE,TRUE,0,NA,FALSE
584,0.2372,0,0.791421,0.791421,2.37265e-06,2.37265e-06,NA,NA,FALSE,TRUE,0,NA,FALSE
584,0.2372,0,0.390129,0.390129,1.34247e-12,1.34247e-12,0.947883,0.947883,TRUE,FALSE,0,0,FALSE
584,0.2372,0,0.466666,0.466666,3.5273e-06,3.5273e-06,-1,-1,TRUE,FALSE,0,0,FALSE
584,0.2372,0,0.114946,0.114946,4.36698e-06,4.36698e-06,0.114428,0.114428,TRUE,FALSE,0,0,FALSE
584,0.2372,0,0.341937,0.341937,2.09849e-10,2.09849e-10,0.296868,0.296868,TRUE,FALSE,0,0,FALSE
584,0.2372,0,0.0915998,0.0915998,2.18559e-13,2.18559e-13,0.0591938,0.0591938,TRUE,FALSE,0,0,FALSE
584,0.2372,0,0.989669,0.989669,7.0723e-10,7.0723e-10,NA,NA,FALSE,TRUE,0,NA,FALSE
584,0.2372,0,0.266868,0.266868,2.30187e-09,2.30187e-09,-0.455933,-0.455933,TRUE,FALSE,0,0,FALSE
584,0.2372,0,0.451447,0.451447,1.53468e-11,1.53468e-11,-0.417456,-0.417456,TRUE,FALSE,0,0,FALSE
584,0.2372,0,0.164651,0.164651,3.56967e-06,3.56967e-06,-0.377134,-0.377134,TRUE,FALSE,0,0,FALSE
584,0.2372,0,0.276552,0.276552,1.18474e-11,1.18474e-11,-0.235275,-0.235275,TRUE,FALSE,0,0,FALSE
584,0.2372,0,0.334471,0.334471,4.94213e-12,4.94213e-12,0.533801,0.533801,TRUE,FALSE,0,0,FALSE
584,0.2372,0,0.38383,0.38383,9.2583e-06,9.2583e-06,NA,NA,TRUE,FALSE,0,NA,FALSE
584,0.2372,0,0.68089,0.68089,1.06958e-08,1.06958e-08,NA,NA,FALSE,TRUE,0,NA,FALSE
584,0.2372,0,0.655335,0.655335,9.02522e-09,9.02522e-09,NA,NA,FALSE,TRUE,0,NA,FALSE
584,0.2372,0,0.453392,0.453392,4.14335e-08,4.14335e-08,-0.928838,-0.928838,TRUE,FALSE,0,0,FALSE
584,0.2372,0,0.670915,0.670915,1.05201e-09,1.05201e-09,NA,NA,FALSE,TRUE,0,NA,FALSE
584,0.2372,0,0.970042,0.970042,1.449e-12,1.449e-12,NA,NA,FALSE,TRUE,0,NA,FALSE
584,0.2372,0,0.175754,0.175754,6.51585e-12,6.51585e-12,0.489798,0.489798,TRUE,FALSE,0,0,FALSE
584,0.2372,0,0.496151,0.496151,1.05152e-07,1.05152e-07,NA,NA,FALSE,TRUE,0,NA,FALSE
584,0.2372,0,0.407071,0.407071,2.79765e-11,2.79765e-11,0.136113,0.136113,TRUE,FALSE,0,0,FALSE
584,0.2372,0,0.186222,0.186222,1.46919e-13,1.46919e-13,0.273988,0.273988,TRUE,FALSE,0,0,FALSE
584,0.2372,0,0.50722,0.50722,8.96096e-07,8.96096e-07,NA,NA,FALSE,TRUE,0,NA,FALSE
584,0.2372,0,0.573832,0.573832,4.65212e-13,4.65212e-13,NA,NA,FALSE,TRUE,0,NA,FALSE
584,0.2372,0,0.755557,0.755557,1.75902e-12,1.75902e-12,NA,NA,FALSE,TRUE,0,NA,FALSE
584,0.2372,0,0.455002,0.455002,4.79496e-12,4.79496e-12,0.0631999,0.0631999,TRUE,FALSE,0,0,FALSE
584,0.2372,0,0.326304,0.326304,7.74696e-16,7.74696e-16,0.476617,0.476617,TRUE,FALSE,0,0,FALSE
584,0.2372,0,0.399775,0.399775,2.36931e-09,2.36931e-09,-0.252127,-0.252127,TRUE,FALSE,0,0,FALSE
584,0.2372,0,0.0886664,0.0886664,4.97897e-11,4.97897e-11,0.215372,0.215372,TRUE,FALSE,0,0,FALSE
584,0.2372,0,0.719186,0.719186,3.81249e-09,3.81249e-09,NA,NA,FALSE,TRUE,0,NA,FALSE
584,0.2372,0,0.942733,0.942733,1.82511e-06,1.82511e-06,NA,NA,FALSE,TRUE,0,NA,FALSE
584,0.2372,0,0.410709,0.410709,2.12508e-10,2.12508e-10,0.564772,0.564772,TRUE,FALSE,0,0,FALSE
584,0.2372,0,0.432485,0.432485,1.13615e-09,1.13615e-09,-0.547903,-0.547903,TRUE,FALSE,0,0,FALSE
584,0.2372,0,0.527639,0.527639,2.4549e-08,2.4549e-08,NA,NA,FALSE,TRUE,0,NA,FALSE
584,0.2372,0,0.402818,0.402818,2.46131e-08,2.46131e-08,0.18516,0.18516,TRUE,FALSE,0,0,FALSE
584,0.2372,0,0.991217,0.991217,4.50398e-11,4.50398e-11,NA,NA,FALSE,TRUE,0,NA,FALSE
584,0.2372,0,0.704419,0.704419,1.2428e-09,1.2428e-09,NA,NA,FALSE,TRUE,0,NA,FALSE
584,0.2372,0,0.758302,0.758302,4.68091e-07,4.68091e-07,NA,NA,FALSE,TRUE,0,NA,FALSE
584,0.2372,0,0.0721134,0.0721134,1.32013e-12,1.32013e-12,0.258537,0.258537,TRUE,FALSE,0,0,FALSE
584,0.2372,0,0.22798,0.22798,3.10292e-08,3.10292e-08,0.21465,0.21465,TRUE,FALSE,0,0,FALSE
584,0.2372,0,0.547001,0.547001,2.86388e-06,2.86388e-06,NA,NA,FALSE,TRUE,0,NA,FALSE
584,0.2372,0,0.982936,0.982936,1.10393e-11,1.10393e-11,NA,NA,FALSE,TRUE,0,NA,FALSE
584,0.2372,0,0.017682,0.017682,1.35585e-13,1.35585e-13,0.221755,0.221755,TRUE,FALSE,0,0,TRUE
584,0.2372,0,0.58746,0.58746,5.61771e-09,5.61771e-09,NA,NA,FALSE,TRUE,0,NA,FALSE
584,0.2372,0,0.395905,0.395905,1.30764e-08,1.30764e-08,-0.371584,-0.371584,TRUE,FALSE,0,0,FALSE
584,0.2372,0,0.19687,0.19687,6.84364e-08,6.84364e-08,-0.276149,-0.276149,TRUE,FALSE,0,0,FALSE
584,0.2372,0,0.446342,0.446342,4.23167e-12,4.23167e-12,0.564787,0.564787,TRUE,FALSE,0,0,FALSE
584,0.2372,0,0.923379,0.923379,3.06906e-09,3.06906e-09,NA,NA,FALSE,TRUE,0,NA,FALSE
584,0.2372,0,0.993102,0.993102,2.07673e-11,2.07673e-11,NA,NA,FALSE,TRUE,0,NA,FALSE
584,0.2372,0,0.47705,0.47705,8.17755e-12,8.17755e-12,NA,NA,TRUE,FALSE,0,NA,FALSE
584,0.2372,0,0.229783,0.229783,4.06575e-08,4.06575e-08,-0.358207,-0.358207,TRUE,FALSE,0,0,FALSE
584,0.2372,0,0.289353,0.289353,4.37329e-08,4.37329e-08,0.33589,0.33589,TRUE,FALSE,0,0,FALSE
584,0.2372,0.45,0.722797,0.722797,0.00145819,0.00145819,NA,NA,FALSE,TRUE,0,NA,FALSE
584,0.2372,0.45,0.73829,0.73829,4.07693e-09,4.07693e-09,NA,NA,FALSE,TRUE,0,NA,FALSE
584,0.2372,0.45,0.888782,0.888782,7.13556e-16,7.13556e-16,NA,NA,FALSE,TRUE,0,NA,FALSE
584,0.2372,0.45,0.493955,0.493955,6.18696e-10,6.18696e-10,NA,NA,FALSE,TRUE,0,NA,FALSE
584,0.2372,0.45,0.141105,0.141105,1.65287e-16,1.65287e-16,0.559976,0.559976,TRUE,FALSE,0,0,FALSE
584,0.2372,0.45,0.197831,0.197831,5.48602e-12,5.48602e-12,0.212346,0.212346,TRUE,FALSE,0,0,FALSE
584,0.2372,0.45,0.906446,0.906446,2.15641e-08,2.15641e-08,NA,NA,FALSE,TRUE,0,NA,FALSE
584,0.2372,0.45,0.594286,0.594286,2.96234e-11,2.96234e-11,NA,NA,FALSE,TRUE,0,NA,FALSE
584,0.2372,0.45,0.916628,0.916628,3.06814e-07,3.06814e-07,NA,NA,FALSE,TRUE,0,NA,FALSE
584,0.2372,0.45,0.689134,0.689134,2.08719e-09,2.08719e-09,NA,NA,FALSE,TRUE,0,NA,FALSE
584,0.2372,0.45,0.270028,0.270028,3.22584e-07,3.22584e-07,-0.0660342,-0.0660342,TRUE,FALSE,0,0,FALSE
584,0.2372,0.45,0.981092,0.981092,4.86754e-10,4.86754e-10,NA,NA,FALSE,TRUE,0,NA,FALSE
584,0.2372,0.45,0.402008,0.402008,3.8199e-07,3.8199e-07,NA,NA,TRUE,FALSE,0,NA,FALSE
584,0.2372,0.45,0.833885,0.833885,9.5693e-16,9.5693e-16,NA,NA,FALSE,TRUE,0,NA,FALSE
584,0.2372,0.45,0.787911,0.787911,1.43845e-07,1.43845e-07,NA,NA,FALSE,TRUE,0,NA,FALSE
584,0.2372,0.45,0.556469,0.556469,3.50104e-15,3.50104e-15,NA,NA,FALSE,TRUE,0,NA,FALSE
584,0.2372,0.45,0.44433,0.44433,5.8902e-07,5.8902e-07,0.955901,0.955901,TRUE,FALSE,0,0,FALSE
584,0.2372,0.45,0.658096,0.658096,9.11433e-07,9.11433e-07,NA,NA,FALSE,TRUE,0,NA,FALSE
584,0.2372,0.45,0.152696,0.152696,2.44534e-10,2.44534e-10,0.339749,0.339749,TRUE,FALSE,0,0,FALSE
584,0.2372,0.45,0.423416,0.423416,2.19718e-08,2.19718e-08,0.905144,0.905144,TRUE,FALSE,0,0,FALSE
584,0.2372,0.45,0.259985,0.259985,2.04229e-11,2.04229e-11,-0.458621,-0.458621,TRUE,FALSE,0,0,FALSE
584,0.2372,0.45,0.183336,0.183336,1.08567e-13,1.08567e-13,0.528325,0.528325,TRUE,FALSE,0,0,FALSE
584,0.2372,0.45,0.972444,0.972444,4.97283e-13,4.97283e-13,NA,NA,FALSE,TRUE,0,NA,FALSE
584,0.2372,0.45,0.0565837,0.0565837,1.45415e-08,1.45415e-08,0.30682,0.30682,TRUE,FALSE,0,0,FALSE
584,0.2372,0.45,0.967465,0.967465,1.35338e-11,1.35338e-11,NA,NA,FALSE,TRUE,0,NA,FALSE
584,0.2372,0.45,0.20104,0.20104,1.28862e-06,1.28862e-06,-0.0992678,-0.0992678,TRUE,FALSE,0,0,FALSE
584,0.2372,0.45,0.203264,0.203264,5.5859e-09,5.5859e-09,0.381076,0.381076,TRUE,FALSE,0,0,FALSE
584,0.2372,0.45,0.531476,0.531476,7.17981e-10,7.17981e-10,NA,NA,FALSE,TRUE,0,NA,FALSE
584,0.2372,0.45,0.278488,0.278488,4.46015e-15,4.46015e-15,-0.65468,-0.65468,TRUE,FALSE,0,0,FALSE
584,0.2372,0.45,0.275779,0.275779,4.66401e-10,4.66401e-10,-0.048466,-0.048466,TRUE,FALSE,0,0,FALSE
584,0.2372,0.45,0.734758,0.734758,5.06809e-07,5.06809e-07,NA,NA,FALSE,TRUE,0,NA,FALSE
584,0.2372,0.45,0.0155627,0.0155627,1.13067e-08,1.13067e-08,0.0773674,0.0773674,TRUE,FALSE,0,0,TRUE
584,0.2372,0.45,0.182053,0.182053,8.62487e-14,8.62487e-14,0.715133,0.715133,TRUE,FALSE,0,0,FALSE
584,0.2372,0.45,0.145704,0.145704,1.60668e-17,1.60668e-17,0.178041,0.178041,TRUE,FALSE,0,0,FALSE
584,0.2372,0.45,0.225933,0.225933,1.81124e-10,1.81124e-10,0.0169563,0.0169563,TRUE,FALSE,0,0,FALSE
584,0.2372,0.45,0.284996,0.284996,1.42695e-09,1.42695e-09,0.363065,0.363065,TRUE,FALSE,0,0,FALSE
584,0.2372,0.45,0.128972,0.128972,7.039e-12,7.039e-12,0.863566,0.863566,TRUE,FALSE,0,0,FALSE
584,0.2372,0.45,0.716519,0.716519,1.12413e-07,1.12413e-07,NA,NA,FALSE,TRUE,0,NA,FALSE
584,0.2372,0.45,0.413633,0.413633,2.60132e-10,2.60132e-10,-0.172354,-0.172354,TRUE,FALSE,0,0,FALSE
584,0.2372,0.45,0.938881,0.938881,1.45e-10,1.45e-10,NA,NA,FALSE,TRUE,0,NA,FALSE
584,0.2372,0.45,0.313746,0.313746,8.92034e-10,8.92034e-10,0.139757,0.139757,TRUE,FALSE,0,0,FALSE
584,0.2372,0.45,0.464388,0.464388,2.18721e-09,2.18721e-09,-0.389702,-0.389702,TRUE,FALSE,0,0,FALSE
584,0.2372,0.45,0.507182,0.507182,4.8037e-07,4.8037e-07,NA,NA,FALSE,TRUE,0,NA,FALSE
584,0.2372,0.45,0.604666,0.604666,1.92423e-16,1.92423e-16,NA,NA,FALSE,TRUE,0,NA,FALSE
584,0.2372,0.45,0.403646,0.403646,2.86251e-11,2.86251e-11,1,1,TRUE,FALSE,0,0,FALSE
584,0.2372,0.45,0.761948,0.761948,4.58609e-11,4.58609e-11,NA,NA,FALSE,TRUE,0,NA,FALSE
584,0.2372,0.45,0.251664,0.251664,7.1242e-09,7.1242e-09,0.245014,0.245014,TRUE,FALSE,0,0,FALSE
584,0.2372,0.45,0.907821,0.907821,7.4765e-10,7.4765e-10,NA,NA,FALSE,TRUE,0,NA,FALSE
584,0.2372,0.45,0.519794,0.519794,6.81476e-10,6.81476e-10,NA,NA,FALSE,TRUE,0,NA,FALSE
584,0.2372,0.45,0.0953671,0.0953671,2.28936e-11,2.28936e-11,0.0970753,0.0970753,TRUE,FALSE,0,0,FALSE
584,0.2372,0.45,0.0945023,0.0945023,3.12506e-08,3.12506e-08,-0.495625,-0.495625,TRUE,FALSE,0,0,FALSE
584,0.2372,0.45,0.367518,0.367518,3.08543e-16,3.08543e-16,0.474484,0.474484,TRUE,FALSE,0,0,FALSE
584,0.2372,0.45,0.841451,0.841451,1.44251e-12,1.44251e-12,NA,NA,FALSE,TRUE,0,NA,FALSE
584,0.2372,0.45,0.262551,0.262551,5.3339e-10,5.3339e-10,0.94897,0.94897,TRUE,FALSE,0,0,FALSE
584,0.2372,0.45,0.731457,0.731457,5.94796e-13,5.94796e-13,NA,NA,FALSE,TRUE,0,NA,FALSE
584,0.2372,0.45,0.208857,0.208857,1.02722e-05,1.02722e-05,-0.24173,-0.24173,TRUE,FALSE,0,0,FALSE
584,0.2372,0.45,0.480605,0.480605,4.34776e-10,4.34776e-10,1,1,TRUE,FALSE,0,0,FALSE
584,0.2372,0.45,0.943466,0.943466,6.01647e-14,6.01647e-14,NA,NA,FALSE,TRUE,0,NA,FALSE
584,0.2372,0.45,0.576517,0.576517,1.42332e-12,1.42332e-12,NA,NA,FALSE,TRUE,0,NA,FALSE
584,0.2372,0.45,0.429284,0.429284,5.27092e-07,5.27092e-07,-0.394587,-0.394587,TRUE,FALSE,0,0,FALSE
584,0.2372,0.45,0.5974,0.5974,5.57602e-13,5.57602e-13,NA,NA,FALSE,TRUE,0,NA,FALSE
584,0.2372,0.45,0.36478,0.36478,8.70346e-10,8.70346e-10,0.239956,0.239956,TRUE,FALSE,0,0,FALSE
584,0.2372,0.45,0.515026,0.515026,9.494e-12,9.494e-12,NA,NA,FALSE,TRUE,0,NA,FALSE
584,0.2372,0.45,0.442085,0.442085,2.46447e-09,2.46447e-09,-0.49555,-0.49555,TRUE,FALSE,0,0,FALSE
584,0.2372,0.45,0.364295,0.364295,3.19287e-08,3.19287e-08,0.900453,0.900453,TRUE,FALSE,0,0,FALSE
584,0.2372,0.45,0.391352,0.391352,1.88404e-07,1.88404e-07,0.180578,0.180578,TRUE,FALSE,0,0,FALSE
584,0.2372,0.45,0.183808,0.183808,1.07984e-07,1.07984e-07,-0.503629,-0.503629,TRUE,FALSE,0,0,FALSE
584,0.2372,0.45,0.979629,0.979629,2.99612e-08,2.99612e-08,NA,NA,FALSE,TRUE,0,NA,FALSE
584,0.2372,0.45,0.0209603,0.0209603,1.79047e-05,1.79047e-05,0.344702,0.344702,TRUE,FALSE,0,0,TRUE
584,0.2372,0.45,0.781441,0.781441,1.38251e-07,1.38251e-07,NA,NA,FALSE,TRUE,0,NA,FALSE
584,0.2372,0.45,0.680458,0.680458,2.75096e-09,2.75096e-09,NA,NA,FALSE,TRUE,0,NA,FALSE
584,0.2372,0.45,0.781988,0.781988,3.59601e-10,3.59601e-10,NA,NA,FALSE,TRUE,0,NA,FALSE
584,0.2372,0.45,0.169685,0.169685,1.09528e-07,1.09528e-07,-0.00921169,-0.00921169,TRUE,FALSE,0,0,FALSE
584,0.2372,0.45,0.324248,0.324248,1.0216e-07,1.0216e-07,0.11739,0.11739,TRUE,FALSE,0,0,FALSE
584,0.2372,0.45,0.290044,0.290044,2.93114e-10,2.93114e-10,0.120952,0.120952,TRUE,FALSE,0,0,FALSE
584,0.2372,0.45,0.320903,0.320903,7.17759e-09,7.17759e-09,0.372554,0.372554,TRUE,FALSE,0,0,FALSE
584,0.2372,0.45,0.0999409,0.0999409,3.17696e-12,3.17696e-12,0.252509,0.252509,TRUE,FALSE,0,0,FALSE
584,0.2372,0.45,0.0427011,0.0427011,2.60469e-07,2.60469e-07,0.124136,0.124136,TRUE,FALSE,0,0,TRUE
584,0.2372,0.45,0.11749,0.11749,1.45163e-08,1.45163e-08,-0.0696582,-0.0696582,TRUE,FALSE,0,0,FALSE
584,0.2372,0.45,0.399481,0.399481,3.4149e-13,3.4149e-13,0.0766983,0.0766983,TRUE,FALSE,0,0,FALSE
584,0.2372,0.45,0.0700198,0.0700198,2.27872e-08,2.27872e-08,-0.225913,-0.225913,TRUE,FALSE,0,0,FALSE
584,0.2372,0.45,0.225276,0.225276,1.85211e-09,1.85211e-09,0.697509,0.697509,TRUE,FALSE,0,0,FALSE
584,0.2372,0.45,0.944236,0.944236,3.76386e-07,3.76386e-07,NA,NA,FALSE,TRUE,0,NA,FALSE
584,0.2372,0.45,0.204852,0.204852,1.51443e-13,1.51443e-13,0.367728,0.367728,TRUE,FALSE,0,0,FALSE
584,0.2372,0.45,0.305341,0.305341,6.99493e-08,6.99493e-08,0.492964,0.492964,TRUE,FALSE,0,0,FALSE
584,0.2372,0.45,0.129913,0.129913,3.93672e-12,3.93672e-12,0.635689,0.635689,TRUE,FALSE,0,0,FALSE
584,0.2372,0.45,0.118937,0.118937,3.6465e-08,3.6465e-08,-0.333821,-0.333821,TRUE,FALSE,0,0,FALSE
584,0.2372,0.45,0.683549,0.683549,2.04624e-08,2.04624e-08,NA,NA,FALSE,TRUE,0,NA,FALSE
584,0.2372,0.45,0.115934,0.115934,8.17358e-11,8.17358e-11,0.676694,0.676694,TRUE,FALSE,0,0,FALSE
584,0.2372,0.45,0.0147898,0.0147898,5.67294e-12,5.67294e-12,0.26639,0.26639,TRUE,FALSE,0,0,TRUE
584,0.2372,0.45,0.250298,0.250298,2.80954e-08,2.80954e-08,-0.139356,-0.139356,TRUE,FALSE,0,0,FALSE
584,0.2372,0.45,0.852567,0.852567,2.56103e-10,2.56103e-10,NA,NA,FALSE,TRUE,0,NA,FALSE
584,0.2372,0.45,0.788456,0.788456,2.90812e-06,2.90812e-06,NA,NA,FALSE,TRUE,0,NA,FALSE
584,0.2372,0.45,0.203236,0.203236,6.9084e-06,6.9084e-06,0.438795,0.438795,TRUE,FALSE,0,0,FALSE
584,0.2372,0.45,0.282796,0.282796,6.06506e-08,6.06506e-08,-0.591637,-0.591637,TRUE,FALSE,0,0,FALSE
584,0.2372,0.45,0.251667,0.251667,5.19073e-08,5.19073e-08,-0.0898852,-0.0898852,TRUE,FALSE,0,0,FALSE
584,0.2372,0.45,0.472343,0.472343,6.54734e-09,6.54734e-09,-1,-1,TRUE,FALSE,0,0,FALSE
584,0.2372,0.45,0.960269,0.960269,1.53464e-05,1.53464e-05,NA,NA,FALSE,TRUE,0,NA,FALSE
584,0.2372,0.45,0.658031,0.658031,5.62689e-18,5.62689e-18,NA,NA,FALSE,TRUE,0,NA,FALSE
584,0.2372,0.45,0.0526318,0.0526318,2.08382e-06,2.08382e-06,0.353101,0.353101,TRUE,FALSE,0,0,FALSE
584,0.2372,0.45,0.650069,0.650069,1.49383e-10,1.49383e-10,NA,NA,FALSE,TRUE,0,NA,FALSE
584,0.2372,0.45,0.531194,0.531194,8.57439e-10,8.57439e-10,NA,NA,FALSE,TRUE,0,NA,FALSE
584,0.2372,0.45,0.143698,0.143698,4.38749e-06,4.38749e-06,-0.401804,-0.401804,TRUE,FALSE,0,0,FALSE
584,0.2372,0.45,0.940609,0.940609,8.26233e-13,8.26233e-13,NA,NA,FALSE,TRUE,0,NA,FALSE
584,0.2372,0.45,0.276528,0.276528,6.15681e-07,6.15681e-07,0.467438,0.467438,TRUE,FALSE,0,0,FALSE
584,0.2372,0.45,0.133204,0.133204,4.65299e-10,4.65299e-10,0.583942,0.583942,TRUE,FALSE,0,0,FALSE
584,0.2372,0.45,0.611842,0.611842,1.04443e-09,1.04443e-09,NA,NA,FALSE,TRUE,0,NA,FALSE
584,0.2372,0.45,0.803781,0.803781,3.97815e-06,3.97815e-06,NA,NA,FALSE,TRUE,0,NA,FALSE
584,0.2372,0.45,0.387756,0.387756,1.04062e-15,1.04062e-15,0.88138,0.88138,TRUE,FALSE,0,0,FALSE
584,0.2372,0.45,0.157976,0.157976,6.14664e-11,6.14664e-11,0.37681,0.37681,TRUE,FALSE,0,0,FALSE
584,0.2372,0.45,0.231042,0.231042,5.51818e-11,5.51818e-11,0.599574,0.599574,TRUE,FALSE,0,0,FALSE
584,0.2372,0.45,0.398576,0.398576,9.35049e-13,9.35049e-13,0.150666,0.150666,TRUE,FALSE,0,0,FALSE
584,0.2372,0.45,0.00417469,0.00417469,1.13047e-11,1.13047e-11,0.00925997,0.00925997,TRUE,FALSE,0,0,TRUE
584,0.2372,0.45,0.982701,0.982701,9.26552e-08,9.26552e-08,NA,NA,FALSE,TRUE,0,NA,FALSE
584,0.2372,0.45,0.334485,0.334485,1.96036e-08,1.96036e-08,0.408501,0.408501,TRUE,FALSE,0,0,FALSE
584,0.2372,0.45,0.324586,0.324586,5.6284e-09,5.6284e-09,-0.262242,-0.262242,TRUE,FALSE,0,0,FALSE
584,0.2372,0.45,0.574826,0.574826,3.71124e-12,3.71124e-12,NA,NA,FALSE,TRUE,0,NA,FALSE
584,0.2372,0.45,0.804068,0.804068,2.25448e-09,2.25448e-09,NA,NA,FALSE,TRUE,0,NA,FALSE
584,0.2372,0.45,0.850315,0.850315,8.13703e-13,8.13703e-13,NA,NA,FALSE,TRUE,0,NA,FALSE
584,0.2372,0.45,0.578688,0.578688,6.64139e-12,6.64139e-12,NA,NA,FALSE,TRUE,0,NA,FALSE
584,0.2372,0.45,0.00704361,0.00704361,8.98746e-07,8.98746e-07,0.405958,0.405958,TRUE,FALSE,0,0,TRUE
584,0.2372,0.45,0.839848,0.839848,1.02792e-08,1.02792e-08,NA,NA,FALSE,TRUE,0,NA,FALSE
584,0.2372,0.45,0.121494,0.121494,1.50735e-10,1.50735e-10,0.0632706,0.0632706,TRUE,FALSE,0,0,FALSE
584,0.2372,0.45,0.448897,0.448897,2.64718e-05,2.64718e-05,1,1,TRUE,FALSE,0,0,FALSE
584,0.2372,0.45,0.475847,0.475847,1.25784e-07,1.25784e-07,NA,NA,TRUE,FALSE,0,NA,FALSE
584,0.2372,0.45,0.759062,0.759062,1.00748e-06,1.00748e-06,NA,NA,FALSE,TRUE,0,NA,FALSE
584,0.2372,0.45,0.669583,0.669583,6.34028e-15,6.34028e-15,NA,NA,FALSE,TRUE,0,NA,FALSE
584,0.2372,0.45,0.545971,0.545971,1.62919e-10,1.62919e-10,NA,NA,FALSE,TRUE,0,NA,FALSE
584,0.2372,0.45,0.442085,0.442085,3.01655e-16,3.01655e-16,0.709618,0.709618,TRUE,FALSE,0,0,FALSE
584,0.2372,0.45,0.544532,0.544532,3.77841e-14,3.77841e-14,NA,NA,FALSE,TRUE,0,NA,FALSE
584,0.2372,0.45,0.204183,0.204183,2.33416e-07,2.33416e-07,-0.238051,-0.238051,TRUE,FALSE,0,0,FALSE
584,0.2372,0.45,0.944456,0.944456,4.2548e-08,4.2548e-08,NA,NA,FALSE,TRUE,0,NA,FALSE
584,0.2372,0.45,0.666444,0.666444,3.19664e-11,3.19664e-11,NA,NA,FALSE,TRUE,0,NA,FALSE
584,0.2372,0.45,0.237596,0.237596,1.0437e-07,1.0437e-07,-0.0729233,-0.0729233,TRUE,FALSE,0,0,FALSE
584,0.2372,0.45,0.914553,0.914553,0.00055647,0.00055647,NA,NA,FALSE,TRUE,0,NA,FALSE
584,0.2372,0.45,0.570922,0.570922,6.42488e-08,6.42488e-08,NA,NA,FALSE,TRUE,0,NA,FALSE
584,0.2372,0.45,0.147135,0.147135,6.01446e-12,6.01446e-12,0.0750563,0.0750563,TRUE,FALSE,0,0,FALSE
584,0.2372,0.45,0.898686,0.898686,1.05794e-09,1.05794e-09,NA,NA,FALSE,TRUE,0,NA,FALSE
584,0.2372,0.45,0.016819,0.016819,3.85623e-11,3.85623e-11,0.162562,0.162562,TRUE,FALSE,0,0,TRUE
584,0.2372,0.45,0.342731,0.342731,1.07579e-07,1.07579e-07,0.461265,0.461265,TRUE,FALSE,0,0,FALSE
584,0.2372,0.45,0.189773,0.189773,1.10741e-14,1.10741e-14,-0.0334756,-0.0334756,TRUE,FALSE,0,0,FALSE
584,0.2372,0.45,0.798489,0.798489,1.5397e-08,1.5397e-08,NA,NA,FALSE,TRUE,0,NA,FALSE
584,0.2372,0.45,0.590414,0.590414,1.19454e-07,1.19454e-07,NA,NA,FALSE,TRUE,0,NA,FALSE
584,0.2372,0.45,0.304656,0.304656,3.35358e-08,3.35358e-08,0.335746,0.335746,TRUE,FALSE,0,0,FALSE
584,0.2372,0.45,0.927649,0.927649,2.90934e-11,2.90934e-11,NA,NA,FALSE,TRUE,0,NA,FALSE
584,0.2372,0.45,0.430505,0.430505,7.80463e-14,7.80463e-14,NA,NA,TRUE,FALSE,0,NA,FALSE
584,0.2372,0.45,0.209788,0.209788,8.51716e-09,8.51716e-09,0.2178,0.2178,TRUE,FALSE,0,0,FALSE
584,0.2372,0.45,0.0298344,0.0298344,2.61525e-11,2.61525e-11,-0.258945,-0.258945,TRUE,FALSE,0,0,TRUE
584,0.2372,0.45,0.474116,0.474116,5.82297e-08,5.82297e-08,0.528899,0.528899,TRUE,FALSE,0,0,FALSE
584,0.2372,0.45,0.78332,0.78332,1.2142e-12,1.2142e-12,NA,NA,FALSE,TRUE,0,NA,FALSE
584,0.2372,0.45,0.649325,0.649325,3.31455e-08,3.31455e-08,NA,NA,FALSE,TRUE,0,NA,FALSE
584,0.2372,0.45,0.303754,0.303754,1.44983e-08,1.44983e-08,0.914763,0.914763,TRUE,FALSE,0,0,FALSE
584,0.2372,0.45,0.300012,0.300012,1.96835e-09,1.96835e-09,0.445211,0.445211,TRUE,FALSE,0,0,FALSE
584,0.2372,0.45,0.466713,0.466713,4.97736e-08,4.97736e-08,-1,-1,TRUE,FALSE,0,0,FALSE
584,0.2372,0.45,0.630422,0.630422,3.16433e-16,3.16433e-16,NA,NA,FALSE,TRUE,0,NA,FALSE
584,0.2372,0.45,0.181094,0.181094,3.24871e-11,3.24871e-11,0.351987,0.351987,TRUE,FALSE,0,0,FALSE
584,0.2372,0.45,0.312447,0.312447,5.2729e-09,5.2729e-09,0.0594624,0.0594624,TRUE,FALSE,0,0,FALSE
584,0.2372,0.45,0.873536,0.873536,2.22911e-14,2.22911e-14,NA,NA,FALSE,TRUE,0,NA,FALSE
584,0.2372,0.45,0.830341,0.830341,2.28891e-11,2.28891e-11,NA,NA,FALSE,TRUE,0,NA,FALSE
584,0.2372,0.45,0.627724,0.627724,2.61049e-10,2.61049e-10,NA,NA,FALSE,TRUE,0,NA,FALSE
584,0.2372,0.45,0.91723,0.91723,3.02202e-08,3.02202e-08,NA,NA,FALSE,TRUE,0,NA,FALSE
584,0.2372,0.45,0.378959,0.378959,9.76742e-14,9.76742e-14,0.190735,0.190735,TRUE,FALSE,0,0,FALSE
584,0.2372,0.45,0.0931056,0.0931056,1.11613e-06,1.11613e-06,0.0126727,0.0126727,TRUE,FALSE,0,0,FALSE
584,0.2372,0.45,0.688234,0.688234,6.18578e-11,6.18578e-11,NA,NA,FALSE,TRUE,0,NA,FALSE
584,0.2372,0.45,0.943832,0.943832,7.96097e-16,7.96097e-16,NA,NA,FALSE,TRUE,0,NA,FALSE
584,0.2372,0.45,0.952796,0.952796,5.70347e-11,5.70347e-11,NA,NA,FALSE,TRUE,0,NA,FALSE
584,0.2372,0.45,0.614236,0.614236,3.69257e-10,3.69257e-10,NA,NA,FALSE,TRUE,0,NA,FALSE
584,0.2372,0.45,0.189344,0.189344,2.56768e-13,2.56768e-13,-0.0612558,-0.0612558,TRUE,FALSE,0,0,FALSE
584,0.2372,0.45,0.712528,0.712528,1.56544e-10,1.56544e-10,NA,NA,FALSE,TRUE,0,NA,FALSE
584,0.2372,0.45,0.654598,0.654598,1.53979e-09,1.53979e-09,NA,NA,FALSE,TRUE,0,NA,FALSE
584,0.2372,0.45,0.953246,0.953246,6.29015e-12,6.29015e-12,NA,NA,FALSE,TRUE,0,NA,FALSE
584,0.2372,0.45,0.609265,0.609265,5.24835e-10,5.24835e-10,NA,NA,FALSE,TRUE,0,NA,FALSE
584,0.2372,0.45,0.525187,0.525187,3.9668e-13,3.9668e-13,NA,NA,FALSE,TRUE,0,NA,FALSE
584,0.2372,0.45,0.915045,0.915045,1.50853e-11,1.50853e-11,NA,NA,FALSE,TRUE,0,NA,FALSE
584,0.2372,0.45,0.263685,0.263685,6.2247e-15,6.2247e-15,0.452704,0.452704,TRUE,FALSE,0,0,FALSE
584,0.2372,0.45,0.230467,0.230467,5.98168e-11,5.98168e-11,-0.238037,-0.238037,TRUE,FALSE,0,0,FALSE
584,0.2372,0.45,0.989862,0.989862,8.31567e-11,8.31567e-11,NA,NA,FALSE,TRUE,0,NA,FALSE
584,0.2372,0.45,0.0590592,0.0590592,2.24305e-14,2.24305e-14,0.258776,0.258776,TRUE,FALSE,0,0,FALSE
584,0.2372,0.45,0.880125,0.880125,1.00756e-12,1.00756e-12,NA,NA,FALSE,TRUE,0,NA,FALSE
584,0.2372,0.45,0.264241,0.264241,3.82496e-12,3.82496e-12,-0.220237,-0.220237,TRUE,FALSE,0,0,FALSE
584,0.2372,0.45,0.623767,0.623767,1.51705e-10,1.51705e-10,NA,NA,FALSE,TRUE,0,NA,FALSE
584,0.2372,0.45,0.798972,0.798972,5.19806e-10,5.19806e-10,NA,NA,FALSE,TRUE,0,NA,FALSE
584,0.2372,0.45,0.0672453,0.0672453,2.58977e-08,2.58977e-08,0.187514,0.187514,TRUE,FALSE,0,0,FALSE
584,0.2372,0.45,0.389671,0.389671,1.95412e-09,1.95412e-09,-0.385908,-0.385908,TRUE,FALSE,0,0,FALSE
584,0.2372,0.45,0.0983268,0.0983268,1.11616e-10,1.11616e-10,0.266907,0.266907,TRUE,FALSE,0,0,FALSE
584,0.2372,0.45,0.663692,0.663692,2.93716e-12,2.93716e-12,NA,NA,FALSE,TRUE,0,NA,FALSE
584,0.2372,0.45,0.752573,0.752573,1.67573e-13,1.67573e-13,NA,NA,FALSE,TRUE,0,NA,FALSE
584,0.2372,0.45,0.585903,0.585903,1.57294e-13,1.57294e-13,NA,NA,FALSE,TRUE,0,NA,FALSE
584,0.2372,0.45,0.268565,0.268565,1.50973e-07,1.50973e-07,0.0217137,0.0217137,TRUE,FALSE,0,0,FALSE
584,0.2372,0.45,0.836303,0.836303,5.57339e-06,5.57339e-06,NA,NA,FALSE,TRUE,0,NA,FALSE
584,0.2372,0.45,0.428822,0.428822,1.00637e-07,1.00637e-07,0.433963,0.433963,TRUE,FALSE,0,0,FALSE
584,0.2372,0.45,0.598368,0.598368,5.58741e-08,5.58741e-08,NA,NA,FALSE,TRUE,0,NA,FALSE
584,0.2372,0.45,0.429426,0.429426,7.73703e-12,7.73703e-12,0.299818,0.299818,TRUE,FALSE,0,0,FALSE
584,0.2372,0.45,0.0599394,0.0599394,2.80486e-08,2.80486e-08,-0.326745,-0.326745,TRUE,FALSE,0,0,FALSE
584,0.2372,0.45,0.431762,0.431762,1.25481e-08,1.25481e-08,NA,NA,TRUE,FALSE,0,NA,FALSE
584,0.2372,0.45,0.102584,0.102584,1.73954e-15,1.73954e-15,0.135932,0.135932,TRUE,FALSE,0,0,FALSE
584,0.2372,0.45,0.419083,0.419083,7.92257e-16,7.92257e-16,0.557341,0.557341,TRUE,FALSE,0,0,FALSE
584,0.2372,0.45,0.278525,0.278525,1.67845e-09,1.67845e-09,0.665684,0.665684,TRUE,FALSE,0,0,FALSE
584,0.2372,0.45,0.213621,0.213621,3.11378e-05,3.11378e-05,-0.367685,-0.367685,TRUE,FALSE,0,0,FALSE
584,0.2372,0.45,0.556606,0.556606,1.43194e-05,1.43194e-05,NA,NA,FALSE,TRUE,0,NA,FALSE
584,0.2372,0.9,0.355651,0.355651,1.01318e-11,1.01318e-11,0.0131899,0.0131899,TRUE,FALSE,0,0,FALSE
584,0.2372,0.9,0.672183,0.672183,7.55475e-14,7.55475e-14,NA,NA,FALSE,TRUE,0,NA,FALSE
584,0.2372,0.9,0.988639,0.988639,1.3832e-10,1.3832e-10,NA,NA,FALSE,TRUE,0,NA,FALSE
584,0.2372,0.9,0.225222,0.225222,0.000103113,0.000103113,-0.0850878,-0.0850878,TRUE,FALSE,0,0,FALSE
584,0.2372,0.9,0.432505,0.432505,7.45017e-14,7.45017e-14,1,1,TRUE,FALSE,0,0,FALSE
584,0.2372,0.9,0.321089,0.321089,4.62089e-10,4.62089e-10,-0.118197,-0.118197,TRUE,FALSE,0,0,FALSE
584,0.2372,0.9,0.0684607,0.0684607,2.91067e-05,2.91067e-05,-0.155357,-0.155357,TRUE,FALSE,0,0,FALSE
584,0.2372,0.9,0.739901,0.739901,6.86337e-12,6.86337e-12,NA,NA,FALSE,TRUE,0,NA,FALSE
584,0.2372,0.9,0.419166,0.419166,0.000798386,0.000798386,0.760539,0.760539,TRUE,FALSE,0,0,FALSE
584,0.2372,0.9,0.0269638,0.0269638,2.23641e-08,2.23641e-08,0.659572,0.659572,TRUE,FALSE,0,0,TRUE
584,0.2372,0.9,0.325805,0.325805,8.75253e-11,8.75253e-11,-0.270829,-0.270829,TRUE,FALSE,0,0,FALSE
584,0.2372,0.9,0.294288,0.294288,2.13646e-05,2.13646e-05,-0.204585,-0.204585,TRUE,FALSE,0,0,FALSE
584,0.2372,0.9,0.0425504,0.0425504,2.32744e-10,2.32744e-10,0.654526,0.654526,TRUE,FALSE,0,0,TRUE
584,0.2372,0.9,0.105164,0.105164,4.18061e-12,4.18061e-12,0.43329,0.43329,TRUE,FALSE,0,0,FALSE
584,0.2372,0.9,0.200773,0.200773,3.0468e-08,3.0468e-08,0.23554,0.23554,TRUE,FALSE,0,0,FALSE
584,0.2372,0.9,0.425616,0.425616,3.27183e-05,3.27183e-05,-0.0778282,-0.0778282,TRUE,FALSE,0,0,FALSE
584,0.2372,0.9,0.176401,0.176401,6.45834e-13,6.45834e-13,0.192258,0.192258,TRUE,FALSE,0,0,FALSE
584,0.2372,0.9,0.896336,0.896336,2.54776e-05,2.54776e-05,NA,NA,FALSE,TRUE,0,NA,FALSE
584,0.2372,0.9,0.0301175,0.0301175,6.26404e-10,6.26404e-10,0.248801,0.248801,TRUE,FALSE,0,0,TRUE
584,0.2372,0.9,0.199349,0.199349,3.45116e-09,3.45116e-09,-0.423517,-0.423517,TRUE,FALSE,0,0,FALSE
584,0.2372,0.9,0.666612,0.666612,4.26808e-13,4.26808e-13,NA,NA,FALSE,TRUE,0,NA,FALSE
584,0.2372,0.9,0.770239,0.770239,5.80342e-08,5.80342e-08,NA,NA,FALSE,TRUE,0,NA,FALSE
584,0.2372,0.9,0.793115,0.793115,1.41708e-10,1.41708e-10,NA,NA,FALSE,TRUE,0,NA,FALSE
584,0.2372,0.9,0.533651,0.533651,1.67355e-09,1.67355e-09,NA,NA,FALSE,TRUE,0,NA,FALSE
584,0.2372,0.9,0.244825,0.244825,2.65966e-13,2.65966e-13,0.642041,0.642041,TRUE,FALSE,0,0,FALSE
584,0.2372,0.9,0.0515832,0.0515832,4.73614e-10,4.73614e-10,0.370255,0.370255,TRUE,FALSE,0,0,FALSE
584,0.2372,0.9,0.536885,0.536885,1.91734e-11,1.91734e-11,NA,NA,FALSE,TRUE,0,NA,FALSE
584,0.2372,0.9,0.840699,0.840699,1.53377e-13,1.53377e-13,NA,NA,FALSE,TRUE,0,NA,FALSE
584,0.2372,0.9,0.28043,0.28043,2.47235e-12,2.47235e-12,0.889684,0.889684,TRUE,FALSE,0,0,FALSE
584,0.2372,0.9,0.449122,0.449122,2.94123e-08,2.94123e-08,0.246704,0.246704,TRUE,FALSE,0,0,FALSE
584,0.2372,0.9,0.333956,0.333956,4.03679e-13,4.03679e-13,0.202421,0.202421,TRUE,FALSE,0,0,FALSE
584,0.2372,0.9,0.353414,0.353414,1.10916e-14,1.10916e-14,0.661638,0.661638,TRUE,FALSE,0,0,FALSE
584,0.2372,0.9,0.470965,0.470965,9.68297e-13,9.68297e-13,-0.221545,-0.221545,TRUE,FALSE,0,0,FALSE
584,0.2372,0.9,0.358866,0.358866,9.80797e-16,9.80797e-16,1,1,TRUE,FALSE,0,0,FALSE
584,0.2372,0.9,0.684821,0.684821,6.09667e-06,6.09667e-06,NA,NA,FALSE,TRUE,0,NA,FALSE
584,0.2372,0.9,0.360966,0.360966,9.60504e-11,9.60504e-11,-0.282341,-0.282341,TRUE,FALSE,0,0,FALSE
584,0.2372,0.9,0.96483,0.96483,1.05722e-05,1.05722e-05,NA,NA,FALSE,TRUE,0,NA,FALSE
584,0.2372,0.9,0.174289,0.174289,6.42311e-12,6.42311e-12,0.231527,0.231527,TRUE,FALSE,0,0,FALSE
584,0.2372,0.9,0.549203,0.549203,2.74598e-09,2.74598e-09,NA,NA,FALSE,TRUE,0,NA,FALSE
584,0.2372,0.9,0.522889,0.522889,3.86064e-09,3.86064e-09,NA,NA,FALSE,TRUE,0,NA,FALSE
584,0.2372,0.9,0.743078,0.743078,1.04866e-09,1.04866e-09,NA,NA,FALSE,TRUE,0,NA,FALSE
584,0.2372,0.9,0.21773,0.21773,2.67708e-12,2.67708e-12,-0.293504,-0.293504,TRUE,FALSE,0,0,FALSE
584,0.2372,0.9,0.619045,0.619045,8.12965e-14,8.12965e-14,NA,NA,FALSE,TRUE,0,NA,FALSE
584,0.2372,0.9,0.19981,0.19981,9.47156e-17,9.47156e-17,0.123874,0.123874,TRUE,FALSE,0,0,FALSE
584,0.2372,0.9,0.738752,0.738752,2.31982e-06,2.31982e-06,NA,NA,FALSE,TRUE,0,NA,FALSE
584,0.2372,0.9,0.901623,0.901623,7.43829e-05,7.43829e-05,NA,NA,FALSE,TRUE,0,NA,FALSE
584,0.2372,0.9,0.803208,0.803208,2.46339e-09,2.46339e-09,NA,NA,FALSE,TRUE,0,NA,FALSE
584,0.2372,0.9,0.315411,0.315411,2.1471e-05,2.1471e-05,-0.0266504,-0.0266504,TRUE,FALSE,0,0,FALSE
584,0.2372,0.9,0.633657,0.633657,3.01265e-06,3.01265e-06,NA,NA,FALSE,TRUE,0,NA,FALSE
584,0.2372,0.9,0.314242,0.314242,8.8144e-11,8.8144e-11,0.44916,0.44916,TRUE,FALSE,0,0,FALSE
584,0.2372,0.9,0.760615,0.760615,3.68571e-11,3.68571e-11,NA,NA,FALSE,TRUE,0,NA,FALSE
584,0.2372,0.9,0.46833,0.46833,1.12903e-10,1.12903e-10,-0.91021,-0.91021,TRUE,FALSE,0,0,FALSE
584,0.2372,0.9,0.434749,0.434749,3.77328e-10,3.77328e-10,-0.473966,-0.473966,TRUE,FALSE,0,0,FALSE
584,0.2372,0.9,0.422226,0.422226,1.61698e-12,1.61698e-12,0.212996,0.212996,TRUE,FALSE,0,0,FALSE
584,0.2372,0.9,0.662731,0.662731,2.08118e-07,2.08118e-07,NA,NA,FALSE,TRUE,0,NA,FALSE
584,0.2372,0.9,0.756337,0.756337,3.91057e-14,3.91057e-14,NA,NA,FALSE,TRUE,0,NA,FALSE
584,0.2372,0.9,0.0238079,0.0238079,1.79477e-14,1.79477e-14,0.439981,0.439981,TRUE,FALSE,0,0,TRUE
584,0.2372,0.9,0.851225,0.851225,1.58526e-12,1.58526e-12,NA,NA,FALSE,TRUE,0,NA,FALSE
584,0.2372,0.9,0.235631,0.235631,4.5053e-14,4.5053e-14,0.327454,0.327454,TRUE,FALSE,0,0,FALSE
584,0.2372,0.9,0.927208,0.927208,3.47946e-10,3.47946e-10,NA,NA,FALSE,TRUE,0,NA,FALSE
584,0.2372,0.9,0.897455,0.897455,7.37842e-11,7.37842e-11,NA,NA,FALSE,TRUE,0,NA,FALSE
584,0.2372,0.9,0.80182,0.80182,5.14095e-10,5.14095e-10,NA,NA,FALSE,TRUE,0,NA,FALSE
584,0.2372,0.9,0.820618,0.820618,6.2675e-07,6.2675e-07,NA,NA,FALSE,TRUE,0,NA,FALSE
584,0.2372,0.9,0.154866,0.154866,1.30308e-18,1.30308e-18,0.600949,0.600949,TRUE,FALSE,0,0,FALSE
584,0.2372,0.9,0.204466,0.204466,6.41578e-09,6.41578e-09,0.255223,0.255223,TRUE,FALSE,0,0,FALSE
584,0.2372,0.9,0.584152,0.584152,1.28261e-13,1.28261e-13,NA,NA,FALSE,TRUE,0,NA,FALSE
584,0.2372,0.9,0.833242,0.833242,1.14486e-09,1.14486e-09,NA,NA,FALSE,TRUE,0,NA,FALSE
584,0.2372,0.9,0.0427064,0.0427064,5.32854e-06,5.32854e-06,0.481152,0.481152,TRUE,FALSE,0,0,TRUE
584,0.2372,0.9,0.734212,0.734212,3.96693e-15,3.96693e-15,NA,NA,FALSE,TRUE,0,NA,FALSE
584,0.2372,0.9,0.92038,0.92038,3.09561e-11,3.09561e-11,NA,NA,FALSE,TRUE,0,NA,FALSE
584,0.2372,0.9,0.589527,0.589527,1.06594e-13,1.06594e-13,NA,NA,FALSE,TRUE,0,NA,FALSE
584,0.2372,0.9,0.501883,0.501883,9.15119e-09,9.15119e-09,NA,NA,FALSE,TRUE,0,NA,FALSE
584,0.2372,0.9,0.895461,0.895461,6.49537e-12,6.49537e-12,NA,NA,FALSE,TRUE,0,NA,FALSE
584,0.2372,0.9,0.364,0.364,3.27562e-08,3.27562e-08,-0.200481,-0.200481,TRUE,FALSE,0,0,FALSE
584,0.2372,0.9,0.637051,0.637051,2.32632e-07,2.32632e-07,NA,NA,FALSE,TRUE,0,NA,FALSE
584,0.2372,0.9,0.857353,0.857353,2.75715e-10,2.75715e-10,NA,NA,FALSE,TRUE,0,NA,FALSE
584,0.2372,0.9,0.848244,0.848244,4.70107e-11,4.70107e-11,NA,NA,FALSE,TRUE,0,NA,FALSE
584,0.2372,0.9,0.977509,0.977509,4.56181e-09,4.56181e-09,NA,NA,FALSE,TRUE,0,NA,FALSE
584,0.2372,0.9,0.636227,0.636227,5.14867e-08,5.14867e-08,NA,NA,FALSE,TRUE,0,NA,FALSE
584,0.2372,0.9,0.993075,0.993075,1.24706e-09,1.24706e-09,NA,NA,FALSE,TRUE,0,NA,FALSE
584,0.2372,0.9,0.449102,0.449102,6.01496e-07,6.01496e-07,-0.459692,-0.459692,TRUE,FALSE,0,0,FALSE
584,0.2372,0.9,0.535082,0.535082,1.34616e-07,1.34616e-07,NA,NA,FALSE,TRUE,0,NA,FALSE
584,0.2372,0.9,0.263236,0.263236,1.38597e-11,1.38597e-11,0.38556,0.38556,TRUE,FALSE,0,0,FALSE
584,0.2372,0.9,0.299929,0.299929,8.38054e-07,8.38054e-07,0.351135,0.351135,TRUE,FALSE,0,0,FALSE
584,0.2372,0.9,0.791587,0.791587,8.22467e-11,8.22467e-11,NA,NA,FALSE,TRUE,0,NA,FALSE
584,0.2372,0.9,0.90942,0.90942,6.52486e-10,6.52486e-10,NA,NA,FALSE,TRUE,0,NA,FALSE
584,0.2372,0.9,0.515255,0.515255,5.62465e-10,5.62465e-10,NA,NA,FALSE,TRUE,0,NA,FALSE
584,0.2372,0.9,0.0980682,0.0980682,2.38465e-09,2.38465e-09,-0.20738,-0.20738,TRUE,FALSE,0,0,FALSE
584,0.2372,0.9,0.477511,0.477511,5.45562e-13,5.45562e-13,NA,NA,TRUE,FALSE,0,NA,FALSE
584,0.2372,0.9,0.42549,0.42549,9.61951e-07,9.61951e-07,-0.817506,-0.817506,TRUE,FALSE,0,0,FALSE
584,0.2372,0.9,0.534701,0.534701,1.35097e-06,1.35097e-06,NA,NA,FALSE,TRUE,0,NA,FALSE
584,0.2372,0.9,0.439155,0.439155,8.142e-07,8.142e-07,-0.549717,-0.549717,TRUE,FALSE,0,0,FALSE
584,0.2372,0.9,0.957873,0.957873,6.65692e-08,6.65692e-08,NA,NA,FALSE,TRUE,0,NA,FALSE
584,0.2372,0.9,0.0181588,0.0181588,3.54537e-16,3.54537e-16,0.134788,0.134788,TRUE,FALSE,0,0,TRUE
584,0.2372,0.9,0.687746,0.687746,9.04518e-07,9.04518e-07,NA,NA,FALSE,TRUE,0,NA,FALSE
584,0.2372,0.9,0.138864,0.138864,7.40165e-11,7.40165e-11,0.831622,0.831622,TRUE,FALSE,0,0,FALSE
584,0.2372,0.9,0.568547,0.568547,6.1784e-10,6.1784e-10,NA,NA,FALSE,TRUE,0,NA,FALSE
584,0.2372,0.9,0.339322,0.339322,1.32952e-13,1.32952e-13,-0.120263,-0.120263,TRUE,FALSE,0,0,FALSE
584,0.2372,0.9,0.965296,0.965296,2.91565e-09,2.91565e-09,NA,NA,FALSE,TRUE,0,NA,FALSE
584,0.2372,0.9,0.895423,0.895423,1.71132e-11,1.71132e-11,NA,NA,FALSE,TRUE,0,NA,FALSE
584,0.2372,0.9,0.527038,0.527038,9.0229e-14,9.0229e-14,NA,NA,FALSE,TRUE,0,NA,FALSE
584,0.2372,0.9,0.154788,0.154788,6.39682e-10,6.39682e-10,0.525551,0.525551,TRUE,FALSE,0,0,FALSE
584,0.2372,0.9,0.913133,0.913133,3.63727e-08,3.63727e-08,NA,NA,FALSE,TRUE,0,NA,FALSE
584,0.2372,0.9,0.320284,0.320284,9.50741e-07,9.50741e-07,0.698831,0.698831,TRUE,FALSE,0,0,FALSE
584,0.2372,0.9,0.305668,0.305668,1.03189e-05,1.03189e-05,-0.222177,-0.222177,TRUE,FALSE,0,0,FALSE
584,0.2372,0.9,0.361179,0.361179,6.45496e-09,6.45496e-09,0.220977,0.220977,TRUE,FALSE,0,0,FALSE
584,0.2372,0.9,0.83077,0.83077,2.25453e-11,2.25453e-11,NA,NA,FALSE,TRUE,0,NA,FALSE
584,0.2372,0.9,0.130111,0.130111,2.29245e-15,2.29245e-15,0.572654,0.572654,TRUE,FALSE,0,0,FALSE
584,0.2372,0.9,0.163933,0.163933,7.10097e-09,7.10097e-09,-0.0824376,-0.0824376,TRUE,FALSE,0,0,FALSE
584,0.2372,0.9,0.78866,0.78866,3.09302e-10,3.09302e-10,NA,NA,FALSE,TRUE,0,NA,FALSE
584,0.2372,0.9,0.925353,0.925353,0.00114554,0.00114554,NA,NA,FALSE,TRUE,0,NA,FALSE
584,0.2372,0.9,0.529563,0.529563,2.20017e-06,2.20017e-06,NA,NA,FALSE,TRUE,0,NA,FALSE
584,0.2372,0.9,0.0696263,0.0696263,4.92536e-14,4.92536e-14,0.179717,0.179717,TRUE,FALSE,0,0,FALSE
584,0.2372,0.9,0.692057,0.692057,1.13985e-09,1.13985e-09,NA,NA,FALSE,TRUE,0,NA,FALSE
584,0.2372,0.9,0.588312,0.588312,2.22151e-14,2.22151e-14,NA,NA,FALSE,TRUE,0,NA,FALSE
584,0.2372,0.9,0.391763,0.391763,5.38221e-11,5.38221e-11,0.205301,0.205301,TRUE,FALSE,0,0,FALSE
584,0.2372,0.9,0.331994,0.331994,1.57841e-11,1.57841e-11,NA,NA,TRUE,FALSE,0,NA,FALSE
584,0.2372,0.9,0.755754,0.755754,1.20971e-06,1.20971e-06,NA,NA,FALSE,TRUE,0,NA,FALSE
584,0.2372,0.9,0.675036,0.675036,3.86065e-09,3.86065e-09,NA,NA,FALSE,TRUE,0,NA,FALSE
584,0.2372,0.9,0.283983,0.283983,4.4251e-11,4.4251e-11,0.571284,0.571284,TRUE,FALSE,0,0,FALSE
584,0.2372,0.9,0.129735,0.129735,5.73356e-19,5.73356e-19,0.580136,0.580136,TRUE,FALSE,0,0,FALSE
584,0.2372,0.9,0.609066,0.609066,7.82705e-07,7.82705e-07,NA,NA,FALSE,TRUE,0,NA,FALSE
584,0.2372,0.9,0.454597,0.454597,1.8338e-10,1.8338e-10,0.964727,0.964727,TRUE,FALSE,0,0,FALSE
584,0.2372,0.9,0.996684,0.996684,2.38114e-10,2.38114e-10,NA,NA,FALSE,TRUE,0,NA,FALSE
584,0.2372,0.9,0.527134,0.527134,4.77181e-08,4.77181e-08,NA,NA,FALSE,TRUE,0,NA,FALSE
584,0.2372,0.9,0.625472,0.625472,7.60685e-14,7.60685e-14,NA,NA,FALSE,TRUE,0,NA,FALSE
584,0.2372,0.9,0.369564,0.369564,2.08984e-05,2.08984e-05,-0.0574694,-0.0574694,TRUE,FALSE,0,0,FALSE
584,0.2372,0.9,0.575455,0.575455,1.84705e-17,1.84705e-17,NA,NA,FALSE,TRUE,0,NA,FALSE
584,0.2372,0.9,0.375115,0.375115,3.0585e-09,3.0585e-09,-0.164385,-0.164385,TRUE,FALSE,0,0,FALSE
584,0.2372,0.9,0.380836,0.380836,4.82754e-08,4.82754e-08,-0.152265,-0.152265,TRUE,FALSE,0,0,FALSE
584,0.2372,0.9,0.898584,0.898584,4.47804e-14,4.47804e-14,NA,NA,FALSE,TRUE,0,NA,FALSE
584,0.2372,0.9,0.896533,0.896533,6.78739e-11,6.78739e-11,NA,NA,FALSE,TRUE,0,NA,FALSE
584,0.2372,0.9,0.964753,0.964753,4.14346e-15,4.14346e-15,NA,NA,FALSE,TRUE,0,NA,FALSE
584,0.2372,0.9,0.554995,0.554995,1.65247e-15,1.65247e-15,NA,NA,FALSE,TRUE,0,NA,FALSE
584,0.2372,0.9,0.81314,0.81314,3.17927e-14,3.17927e-14,NA,NA,FALSE,TRUE,0,NA,FALSE
584,0.2372,0.9,0.721919,0.721919,4.72701e-09,4.72701e-09,NA,NA,FALSE,TRUE,0,NA,FALSE
584,0.2372,0.9,0.0733569,0.0733569,4.2617e-14,4.2617e-14,0.272085,0.272085,TRUE,FALSE,0,0,FALSE
584,0.2372,0.9,0.420813,0.420813,1.95034e-05,1.95034e-05,-0.414964,-0.414964,TRUE,FALSE,0,0,FALSE
584,0.2372,0.9,0.354972,0.354972,1.27594e-11,1.27594e-11,1,1,TRUE,FALSE,0,0,FALSE
584,0.2372,0.9,0.175256,0.175256,4.71468e-09,4.71468e-09,-0.0898603,-0.0898603,TRUE,FALSE,0,0,FALSE
584,0.2372,0.9,0.061632,0.061632,3.74799e-13,3.74799e-13,0.256535,0.256535,TRUE,FALSE,0,0,FALSE
584,0.2372,0.9,0.13718,0.13718,4.11913e-10,4.11913e-10,-0.23677,-0.23677,TRUE,FALSE,0,0,FALSE
584,0.2372,0.9,0.627393,0.627393,1.34252e-05,1.34252e-05,NA,NA,FALSE,TRUE,0,NA,FALSE
584,0.2372,0.9,0.863292,0.863292,3.55195e-11,3.55195e-11,NA,NA,FALSE,TRUE,0,NA,FALSE
584,0.2372,0.9,0.602953,0.602953,6.07492e-08,6.07492e-08,NA,NA,FALSE,TRUE,0,NA,FALSE
584,0.2372,0.9,0.089847,0.089847,3.25743e-09,3.25743e-09,0.185696,0.185696,TRUE,FALSE,0,0,FALSE
584,0.2372,0.9,0.263753,0.263753,3.34246e-11,3.34246e-11,0.81649,0.81649,TRUE,FALSE,0,0,FALSE
584,0.2372,0.9,0.502932,0.502932,7.38715e-16,7.38715e-16,NA,NA,FALSE,TRUE,0,NA,FALSE
584,0.2372,0.9,0.548722,0.548722,4.57525e-11,4.57525e-11,NA,NA,FALSE,TRUE,0,NA,FALSE
584,0.2372,0.9,0.582689,0.582689,5.94514e-11,5.94514e-11,NA,NA,FALSE,TRUE,0,NA,FALSE
584,0.2372,0.9,0.245663,0.245663,1.0347e-12,1.0347e-12,-0.110434,-0.110434,TRUE,FALSE,0,0,FALSE
584,0.2372,0.9,0.434154,0.434154,1.66193e-08,1.66193e-08,-0.0300062,-0.0300062,TRUE,FALSE,0,0,FALSE
584,0.2372,0.9,0.609665,0.609665,2.45458e-10,2.45458e-10,NA,NA,FALSE,TRUE,0,NA,FALSE
584,0.2372,0.9,0.663166,0.663166,8.98376e-07,8.98376e-07,NA,NA,FALSE,TRUE,0,NA,FALSE
584,0.2372,0.9,0.11919,0.11919,1.51583e-14,1.51583e-14,0.323078,0.323078,TRUE,FALSE,0,0,FALSE
584,0.2372,0.9,0.138637,0.138637,4.93738e-09,4.93738e-09,-0.163233,-0.163233,TRUE,FALSE,0,0,FALSE
584,0.2372,0.9,0.11537,0.11537,6.06798e-13,6.06798e-13,0.189761,0.189761,TRUE,FALSE,0,0,FALSE
584,0.2372,0.9,0.0275413,0.0275413,1.8053e-13,1.8053e-13,0.0952089,0.0952089,TRUE,FALSE,0,0,TRUE
584,0.2372,0.9,0.281803,0.281803,5.59432e-10,5.59432e-10,0.010476,0.010476,TRUE,FALSE,0,0,FALSE
584,0.2372,0.9,0.662881,0.662881,1.06717e-11,1.06717e-11,NA,NA,FALSE,TRUE,0,NA,FALSE
584,0.2372,0.9,0.395662,0.395662,3.67352e-07,3.67352e-07,-0.759665,-0.759665,TRUE,FALSE,0,0,FALSE
584,0.2372,0.9,0.160553,0.160553,2.10281e-09,2.10281e-09,0.470372,0.470372,TRUE,FALSE,0,0,FALSE
584,0.2372,0.9,0.20576,0.20576,6.57321e-11,6.57321e-11,0.637234,0.637234,TRUE,FALSE,0,0,FALSE
584,0.2372,0.9,0.823502,0.823502,2.26382e-10,2.26382e-10,NA,NA,FALSE,TRUE,0,NA,FALSE
584,0.2372,0.9,0.711442,0.711442,3.11113e-07,3.11113e-07,NA,NA,FALSE,TRUE,0,NA,FALSE
584,0.2372,0.9,0.771662,0.771662,2.03228e-06,2.03228e-06,NA,NA,FALSE,TRUE,0,NA,FALSE
584,0.2372,0.9,0.759244,0.759244,4.39503e-14,4.39503e-14,NA,NA,FALSE,TRUE,0,NA,FALSE
584,0.2372,0.9,0.619228,0.619228,5.06747e-10,5.06747e-10,NA,NA,FALSE,TRUE,0,NA,FALSE
584,0.2372,0.9,0.0956164,0.0956164,2.48267e-08,2.48267e-08,0.284414,0.284414,TRUE,FALSE,0,0,FALSE
584,0.2372,0.9,0.196359,0.196359,2.09817e-06,2.09817e-06,0.563967,0.563967,TRUE,FALSE,0,0,FALSE
584,0.2372,0.9,0.459988,0.459988,4.24626e-10,4.24626e-10,NA,NA,TRUE,FALSE,0,NA,FALSE
584,0.2372,0.9,0.245258,0.245258,9.43889e-08,9.43889e-08,0.481809,0.481809,TRUE,FALSE,0,0,FALSE
584,0.2372,0.9,0.69071,0.69071,4.07839e-11,4.07839e-11,NA,NA,FALSE,TRUE,0,NA,FALSE
584,0.2372,0.9,0.418124,0.418124,2.44521e-09,2.44521e-09,0.48499,0.48499,TRUE,FALSE,0,0,FALSE
584,0.2372,0.9,0.795256,0.795256,1.18371e-07,1.18371e-07,NA,NA,FALSE,TRUE,0,NA,FALSE
584,0.2372,0.9,0.229153,0.229153,1.7596e-06,1.7596e-06,-0.491664,-0.491664,TRUE,FALSE,0,0,FALSE
584,0.2372,0.9,0.347663,0.347663,3.54764e-09,3.54764e-09,0.667304,0.667304,TRUE,FALSE,0,0,FALSE
584,0.2372,0.9,0.647694,0.647694,0.0290328,0.0290328,NA,NA,FALSE,TRUE,0,NA,FALSE
584,0.2372,0.9,0.00547699,0.00547699,4.1006e-08,4.1006e-08,0.190827,0.190827,TRUE,FALSE,0,0,TRUE
584,0.2372,0.9,0.04764,0.04764,8.97473e-08,8.97473e-08,0.421491,0.421491,TRUE,FALSE,0,0,TRUE
584,0.2372,0.9,0.660401,0.660401,1.52467e-06,1.52467e-06,NA,NA,FALSE,TRUE,0,NA,FALSE
584,0.2372,0.9,0.121816,0.121816,3.17827e-07,3.17827e-07,-0.0789662,-0.0789662,TRUE,FALSE,0,0,FALSE
584,0.2372,0.9,0.437148,0.437148,3.43466e-07,3.43466e-07,0.461048,0.461048,TRUE,FALSE,0,0,FALSE
584,0.2372,0.9,0.744834,0.744834,2.27298e-05,2.27298e-05,NA,NA,FALSE,TRUE,0,NA,FALSE
584,0.2372,0.9,0.642832,0.642832,7.50488e-12,7.50488e-12,NA,NA,FALSE,TRUE,0,NA,FALSE
584,0.2372,0.9,0.989893,0.989893,3.7652e-09,3.7652e-09,NA,NA,FALSE,TRUE,0,NA,FALSE
584,0.2372,0.9,0.235201,0.235201,5.64984e-10,5.64984e-10,-0.030517,-0.030517,TRUE,FALSE,0,0,FALSE
584,0.2372,0.9,0.012464,0.012464,1.08776e-10,1.08776e-10,0.0505689,0.0505689,TRUE,FALSE,0,0,TRUE
584,0.2372,0.9,0.93138,0.93138,9.06131e-12,9.06131e-12,NA,NA,FALSE,TRUE,0,NA,FALSE
584,0.2372,0.9,0.136467,0.136467,7.84479e-09,7.84479e-09,0.161622,0.161622,TRUE,FALSE,0,0,FALSE
584,0.2372,0.9,0.811561,0.811561,6.64557e-12,6.64557e-12,NA,NA,FALSE,TRUE,0,NA,FALSE
584,0.2372,0.9,0.995753,0.995753,1.73651e-05,1.73651e-05,NA,NA,FALSE,TRUE,0,NA,FALSE
584,0.2372,0.9,0.829898,0.829898,4.34716e-09,4.34716e-09,NA,NA,FALSE,TRUE,0,NA,FALSE
584,0.2372,0.9,0.678904,0.678904,1.12144e-08,1.12144e-08,NA,NA,FALSE,TRUE,0,NA,FALSE
584,0.2372,0.9,0.614954,0.614954,5.29072e-14,5.29072e-14,NA,NA,FALSE,TRUE,0,NA,FALSE
584,0.2372,0.9,0.939311,0.939311,1.23453e-08,1.23453e-08,NA,NA,FALSE,TRUE,0,NA,FALSE
584,0.2372,0.9,0.296766,0.296766,3.97119e-10,3.97119e-10,0.456392,0.456392,TRUE,FALSE,0,0,FALSE
584,0.2372,0.9,0.476828,0.476828,2.90637e-06,2.90637e-06,NA,NA,TRUE,FALSE,0,NA,FALSE
584,0.2372,0.9,0.840054,0.840054,1.66408e-08,1.66408e-08,NA,NA,FALSE,TRUE,0,NA,FALSE
584,0.2372,0.9,0.592573,0.592573,1.2924e-16,1.2924e-16,NA,NA,FALSE,TRUE,0,NA,FALSE
