"K","theta1","theta2","r_e","rho_true","n_rep","frac_estimable","frac_gated","frac_capped_of_gated","frac_plim_of_gated","mean_A","mean_B","mean_C","mean_D","med_A","med_C","n_A","n_B","n_C","n_D","pair","locus"
189,0.148522734558146,0.306831393046587,0.02756,-0.8,4000,0.8945,0.3305,0.114220877458396,0.0438729198184569,-1.03853661174936,-0.65144627751808,-0.662542069752712,-0.614154878675435,-0.843386740253466,-0.663478884010042,3578,2703,1322,1264,"P4",3
189,0.148522734558146,0.306831393046587,0.02756,-0.6,4000,0.8945,0.33825,0.0509977827050998,0.0103473762010347,-0.799819501072059,-0.526949646436053,-0.502703297215301,-0.487404462067626,-0.634833093981596,-0.488316951194747,3578,3046,1353,1339,"P4",3
189,0.148522734558146,0.306831393046587,0.02756,-0.4,4000,0.904,0.3265,0.0153139356814701,0.00612557427258806,-0.516158808955515,-0.349117850127253,-0.319009023633245,-0.311029798346268,-0.415188856167667,-0.314229327505186,3616,3262,1306,1298,"P4",3
189,0.148522734558146,0.306831393046587,0.02756,-0.2,4000,0.8865,0.33075,0.00377928949357521,0.000755857898715042,-0.28079461708679,-0.189032744505922,-0.149852783670213,-0.148428732211131,-0.206589703881723,-0.137768570323322,3546,3344,1323,1322,"P4",3
189,0.148522734558146,0.306831393046587,0.02756,0,4000,0.89825,0.34075,0.00513573000733676,0,-0.00681774106109577,-0.00949375175200393,-0.00238927495856908,-0.00216984170350884,-0.0110363280115494,0.0136877423931324,3593,3433,1363,1363,"P4",3
189,0.148522734558146,0.306831393046587,0.02756,0.2,4000,0.896,0.338,0.0103550295857988,0.000739644970414201,0.245700408977693,0.200851957397023,0.178698187943429,0.17692762123612,0.220967608511164,0.176384921841401,3584,3401,1352,1351,"P4",3
189,0.148522734558146,0.306831393046587,0.02756,0.4,4000,0.89125,0.335,0.0223880597014925,0.00447761194029851,0.48518182427631,0.366237122147501,0.349156522019777,0.341945322746235,0.414965394481091,0.338394432785855,3565,3270,1340,1334,"P4",3
189,0.148522734558146,0.306831393046587,0.02756,0.6,4000,0.89875,0.32875,0.0661596958174905,0.0174904942965779,0.780153036564932,0.527844299946836,0.505627435174746,0.484380120858453,0.637685224960079,0.500366620957234,3595,3081,1315,1292,"P4",3
189,0.148522734558146,0.306831393046587,0.02756,0.8,4000,0.90225,0.33225,0.103085026335591,0.036869826937547,1.00056515596655,0.652019899383147,0.661730515686083,0.62319187532776,0.821998134596984,0.652335140292993,3609,2784,1329,1280,"P4",3
261,0.157731177910934,0.240141438965071,0.02756,-0.8,4000,0.94275,0.43,0.115116279069767,0.0540697674418605,-1.04533741174759,-0.667490688752765,-0.681650618135452,-0.626878311648066,-0.849545514312811,-0.663817997474117,3771,2835,1720,1627,"P4",10
261,0.157731177910934,0.240141438965071,0.02756,-0.6,4000,0.94325,0.42875,0.0518950437317784,0.0134110787172012,-0.769203922749005,-0.532512668819692,-0.503539762957522,-0.486565045729291,-0.623456405539821,-0.4810703969953,3773,3246,1715,1692,"P4",10
261,0.157731177910934,0.240141438965071,0.02756,-0.4,4000,0.9395,0.41925,0.02623732856291,0.00596302921884317,-0.501094498030541,-0.375311475107937,-0.342764882825395,-0.333764993043222,-0.429683952208758,-0.329243805415414,3758,3434,1677,1667,"P4",10
261,0.157731177910934,0.240141438965071,0.02756,-0.2,4000,0.94025,0.43225,0.00636205899363794,0.000578368999421631,-0.245627112588056,-0.186077776080571,-0.158383914641459,-0.156998722410927,-0.200469962858904,-0.160409947053191,3761,3563,1729,1728,"P4",10
261,0.157731177910934,0.240141438965071,0.02756,0,4000,0.94325,0.42025,0.00237953599048186,0.00118976799524093,-0.00295123712938475,-0.0020461995725413,0.00189590939069921,0.00175085675132351,-0.00400194747691699,0.000768068636506651,3773,3634,1681,1679,"P4",10
261,0.157731177910934,0.240141438965071,0.02756,0.2,4000,0.9395,0.42975,0.00639906922629436,0.00116346713205352,0.223419470866161,0.185315932763043,0.188258531479495,0.186448134152486,0.203778542815535,0.17812451162657,3758,3597,1719,1717,"P4",10
261,0.157731177910934,0.240141438965071,0.02756,0.4,4000,0.93775,0.42175,0.024896265560166,0.002963841138115,0.515848090203215,0.386873396390197,0.365176179049509,0.359959228521987,0.441161007182222,0.369677444676087,3751,3454,1687,1682,"P4",10
261,0.157731177910934,0.240141438965071,0.02756,0.6,4000,0.93675,0.42075,0.0552584670231729,0.0142602495543672,0.757130617355911,0.550237930338234,0.540012532860932,0.52150459870342,0.640876188100321,0.536710257291947,3747,3227,1683,1659,"P4",10
261,0.157731177910934,0.240141438965071,0.02756,0.8,4000,0.9385,0.42425,0.124926340601061,0.0548025928108427,1.02587432579438,0.688248554449878,0.717147242229942,0.663212288388588,0.84500544769591,0.705439097389423,3754,2904,1697,1604,"P4",10
305,0.0463513332135739,0.33556203509209,0.02756,-0.8,4000,0.6975,0.1395,0.025089605734767,0.00896057347670251,-0.913891878313704,-0.519787311697003,-0.465873570451627,-0.455240202263291,-0.657863055983456,-0.458828940791671,2790,2250,558,553,"P4",190
305,0.0463513332135739,0.33556203509209,0.02756,-0.6,4000,0.698,0.13725,0.0236794171220401,0,-0.673820914879782,-0.408344300173814,-0.349184625895511,-0.34698037320939,-0.49912587666957,-0.348784915108443,2792,2419,549,549,"P4",190
305,0.0463513332135739,0.33556203509209,0.02756,-0.4,4000,0.6935,0.14025,0.0071301247771836,0.0017825311942959,-0.465100085506198,-0.273552407013417,-0.222181513547906,-0.219681577195928,-0.333588146784812,-0.229813985751264,2774,2502,561,560,"P4",190
305,0.0463513332135739,0.33556203509209,0.02756,-0.2,4000,0.714,0.13075,0.00191204588910134,0,-0.218247355523711,-0.141720307724885,-0.107130161586825,-0.106853396775813,-0.160331394501439,-0.0947334818107151,2856,2671,523,523,"P4",190
305,0.0463513332135739,0.33556203509209,0.02756,0,4000,0.704,0.1375,0.00363636363636364,0,0.00650283506804173,0.0147603418574309,0.00604559054239751,0.00627335573033191,0.0155386659515777,0.0133624902105689,2816,2643,550,550,"P4",190
305,0.0463513332135739,0.33556203509209,0.02756,0.2,4000,0.699,0.14125,0.00176991150442478,0,0.199983152459576,0.118254386895287,0.109173714963794,0.108876883359753,0.158343443117703,0.10679194813364,2796,2619,565,565,"P4",190
305,0.0463513332135739,0.33556203509209,0.02756,0.4,4000,0.70075,0.1405,0.00533807829181495,0,0.431646357537187,0.290287241131068,0.266547125687989,0.266306110458316,0.346121851953895,0.263153056098542,2803,2532,562,562,"P4",190
305,0.0463513332135739,0.33556203509209,0.02756,0.6,4000,0.70225,0.13975,0.0268336314847943,0.0035778175313059,0.657409510047178,0.42982401149117,0.367437478977766,0.361103091602452,0.519947048131849,0.35506386500359,2809,2449,559,557,"P4",190
305,0.0463513332135739,0.33556203509209,0.02756,0.8,4000,0.7075,0.14075,0.0319715808170515,0.00532859680284192,0.854143282776445,0.528812751202395,0.485164694946927,0.477439553789444,0.677582288671366,0.492556756582556,2830,2291,563,560,"P4",190
366,0.0500604927778245,0.129924844192019,0.02756,-0.8,4000,0.69225,0.0885,0.0451977401129944,0.019774011299435,-1.00661525203002,-0.444925168570154,-0.410255447552216,-0.384658322715171,-0.724975698296583,-0.408767447903626,2769,2032,354,347,"P4",224
366,0.0500604927778245,0.129924844192019,0.02756,-0.6,4000,0.69025,0.08275,0.0332326283987915,0.00302114803625378,-0.886595758087564,-0.33143420660713,-0.301462936274561,-0.295852787429198,-0.528160588755704,-0.294807523469887,2761,2179,331,330,"P4",224
366,0.0500604927778245,0.129924844192019,0.02756,-0.4,4000,0.6815,0.08975,0.00278551532033426,0,-0.454394573769609,-0.210409320667872,-0.177009580197716,-0.176665080237265,-0.295392156065885,-0.168178372567755,2726,2300,359,359,"P4",224
366,0.0500604927778245,0.129924844192019,0.02756,-0.2,4000,0.70625,0.083,0.00301204819277108,0,-0.297606990722826,-0.11075587870765,-0.106437209230705,-0.106052998047613,-0.179022278070071,-0.122772970592423,2825,2433,332,332,"P4",224
366,0.0500604927778245,0.129924844192019,0.02756,0,4000,0.7,0.08475,0.00884955752212389,0,0.0212278507671023,-0.00119748586623859,0.0153117724994442,0.0151688791802962,0.00532236949872067,0.0292065370099007,2800,2441,339,339,"P4",224
366,0.0500604927778245,0.129924844192019,0.02756,0.2,4000,0.70375,0.086,0.00290697674418605,0,0.284422433132337,0.115402091797134,0.120533171160472,0.120003241743844,0.187767874398906,0.126802202928546,2815,2393,344,344,"P4",224
366,0.0500604927778245,0.129924844192019,0.02756,0.4,4000,0.71525,0.095,0.0105263157894737,0,0.595852056121367,0.245063216471863,0.213668760043562,0.213208732322495,0.340259297117007,0.223105273526119,2861,2412,380,380,"P4",224
366,0.0500604927778245,0.129924844192019,0.02756,0.6,4000,0.701,0.09275,0.0404312668463612,0.00269541778975741,0.799908227449578,0.350298178782134,0.345312754213367,0.338502573756845,0.533766382367576,0.326356432389433,2804,2229,371,370,"P4",224
366,0.0500604927778245,0.129924844192019,0.02756,0.8,4000,0.69375,0.091,0.032967032967033,0.0247252747252747,1.07668705275034,0.450545869053522,0.441953626512037,0.415819657786859,0.709511090976953,0.434903031145885,2775,2026,364,355,"P4",224
319,0.046349152568261,0.129375352532617,0.02756,-0.8,4000,0.655,0.06825,0.0293040293040293,0.010989010989011,-0.998187153923658,-0.395334375110412,-0.386022238661362,-0.371343340061078,-0.663432405342862,-0.394015137343641,2620,1913,273,270,"P4",232
319,0.046349152568261,0.129375352532617,0.02756,-0.6,4000,0.656,0.0675,0.00740740740740741,0.00740740740740741,-0.850478927605475,-0.305457165190319,-0.249639058621083,-0.241240044241593,-0.4724593330474,-0.272310331411535,2624,2055,270,268,"P4",232
319,0.046349152568261,0.129375352532617,0.02756,-0.4,4000,0.66675,0.0615,0.0040650406504065,0,-0.54480724615023,-0.19066692533793,-0.156083428131237,-0.156019587787736,-0.338017262162513,-0.187577807735495,2667,2180,246,246,"P4",232
319,0.046349152568261,0.129375352532617,0.02756,-0.2,4000,0.65475,0.06825,0.0183150183150183,0,-0.318690309741748,-0.0847544321421224,-0.0924049873796462,-0.0912560956519774,-0.155951712922873,-0.0649145616362527,2619,2185,273,273,"P4",232
319,0.046349152568261,0.129375352532617,0.02756,0,4000,0.66,0.06175,0,0,0.00180038986186725,0.000916848676362862,0.00714410785401804,0.00714410785401804,0.00121696702132605,0.00833845626465917,2640,2233,247,247,"P4",232
319,0.046349152568261,0.129375352532617,0.02756,0.2,4000,0.657,0.0625,0.016,0,0.219319856213449,0.108294915009178,0.122501241240459,0.121042380812516,0.161991314700154,0.134363244103727,2628,2238,250,250,"P4",232
319,0.046349152568261,0.129375352532617,0.02756,0.4,4000,0.6555,0.06875,0.0109090909090909,0.00363636363636364,0.541692820854501,0.229524938211103,0.229749739113746,0.223716618039207,0.359917533478514,0.210400805237298,2622,2161,275,274,"P4",232
319,0.046349152568261,0.129375352532617,0.02756,0.6,4000,0.6655,0.073,0.023972602739726,0.00684931506849315,0.689512404923222,0.32103210350932,0.327258107332445,0.317630893301686,0.500877763365738,0.317094658002543,2662,2097,292,290,"P4",232
319,0.046349152568261,0.129375352532617,0.02756,0.8,4000,0.65825,0.06825,0.0402930402930403,0.00732600732600733,1.08294972309861,0.419048103264908,0.429669371057611,0.419309579715703,0.698168518079382,0.436630606978306,2633,1886,273,271,"P4",232
126,0.103779679673862,0.140820059055574,0.02756,-0.8,4000,0.643,0.05275,0.0521327014218009,0.00947867298578199,-1.05856287108394,-0.383960417658759,-0.392840482913661,-0.377872798306517,-0.694440468886731,-0.377931075433288,2572,1802,211,209,"P4",354
126,0.103779679673862,0.140820059055574,0.02756,-0.6,4000,0.6465,0.056,0.0580357142857143,0.00892857142857143,-0.797147418275702,-0.280950426936367,-0.334148852233151,-0.321185463920209,-0.522513730597198,-0.335451429900839,2586,1959,224,222,"P4",354
126,0.103779679673862,0.140820059055574,0.02756,-0.4,4000,0.6405,0.0535,0.014018691588785,0,-0.67068112392811,-0.196325106252561,-0.156385595544715,-0.156094566152571,-0.332376373368925,-0.174837027816264,2562,2014,214,214,"P4",354
126,0.103779679673862,0.140820059055574,0.02756,-0.2,4000,0.656,0.063,0.00793650793650794,0,-0.224308065315954,-0.107957515470498,-0.0653196406668559,-0.0651945957370875,-0.153435373809958,-0.0503173424454543,2624,2172,252,252,"P4",354
126,0.103779679673862,0.140820059055574,0.02756,0,4000,0.647,0.05725,0.00436681222707424,0,-0.0328648114288765,0.00463413655490032,0.0338675661164605,0.0338321161810536,0.00480757193578205,0.0554882813101918,2588,2096,229,229,"P4",354
126,0.103779679673862,0.140820059055574,0.02756,0.2,4000,0.64725,0.05525,0.00904977375565611,0.00452488687782805,0.283464504560887,0.111905309434142,0.0629491159845181,0.0561743495964984,0.205834070687715,0.0470643233855819,2589,2045,221,220,"P4",354
126,0.103779679673862,0.140820059055574,0.02756,0.4,4000,0.65,0.0595,0.0252100840336134,0.00840336134453781,0.513406817088239,0.221375231910567,0.268430919855477,0.25538969738337,0.372779100922865,0.277243265964219,2600,2048,238,236,"P4",354
126,0.103779679673862,0.140820059055574,0.02756,0.6,4000,0.654,0.063,0.0476190476190476,0.0158730158730159,0.858779656505303,0.330388498947705,0.378857996382713,0.35876426013782,0.597338867492272,0.363955387624371,2616,1914,252,248,"P4",354
126,0.103779679673862,0.140820059055574,0.02756,0.8,4000,0.64725,0.061,0.0819672131147541,0.00819672131147541,1.14598727536987,0.416747982999109,0.442869673892063,0.428493838553354,0.756329830861723,0.45654369237894,2589,1756,244,242,"P4",354
195,0.190350005963255,0.586266872354187,0.02756,-0.8,4000,0.955,0.5435,0.111775528978841,0.0225390984360626,-0.970011456354177,-0.728215979791374,-0.716602986809695,-0.690614738083828,-0.816177374457779,-0.711820473113596,3820,3184,2174,2125,"P4",369
195,0.190350005963255,0.586266872354187,0.02756,-0.6,4000,0.95175,0.54425,0.0390445567294442,0.00551217271474506,-0.743833219874611,-0.589475559288598,-0.551775884337951,-0.543559449335382,-0.629999141961214,-0.552809902742266,3807,3461,2177,2165,"P4",369
195,0.190350005963255,0.586266872354187,0.02756,-0.4,4000,0.94725,0.543,0.00782688766114181,0.00184162062615101,-0.490378399352307,-0.4110299569694,-0.363527594129989,-0.360942211789781,-0.421709561030986,-0.369260533888148,3789,3640,2172,2168,"P4",369
195,0.190350005963255,0.586266872354187,0.02756,-0.2,4000,0.95075,0.5515,0.000906618313689937,0,-0.253255126373147,-0.216596593295012,-0.181249252014086,-0.181161263555886,-0.217028767774239,-0.183190113585565,3803,3722,2206,2206,"P4",369
195,0.190350005963255,0.586266872354187,0.02756,0,4000,0.9535,0.5465,0.000457456541628545,0,-0.00308451166508353,-0.00330309551670799,0.00612451171778263,0.0060458335842048,-0.00333258586792127,0.00283250799213322,3814,3777,2186,2186,"P4",369
195,0.190350005963255,0.586266872354187,0.02756,0.2,4000,0.9505,0.5355,0.000466853408029879,0,0.245322795766258,0.210741149108084,0.192883116681389,0.192810717640529,0.216290587583572,0.191674501022948,3802,3730,2142,2142,"P4",369
195,0.190350005963255,0.586266872354187,0.02756,0.4,4000,0.95675,0.56225,0.00844819919964429,0.000889284126278346,0.468908905559707,0.406182126904761,0.362906109567418,0.361321462086596,0.416953725051665,0.355834584760665,3827,3694,2249,2247,"P4",369
195,0.190350005963255,0.586266872354187,0.02756,0.6,4000,0.9485,0.55075,0.0381298229686791,0.00453926463912846,0.723145215170577,0.590629431389476,0.544663119048902,0.537921199220161,0.620035837748352,0.541792120321953,3794,3492,2203,2193,"P4",369
195,0.190350005963255,0.586266872354187,0.02756,0.8,4000,0.95425,0.554,0.120036101083032,0.0203068592057762,0.961708099152326,0.736876790464997,0.73282221417391,0.707731709904833,0.826230453264839,0.727943566246032,3817,3199,2216,2171,"P4",369
584,0.1039620797188,0.179756939803765,0.02756,-0.8,4000,0.94625,0.4735,0.111404435058078,0.0496304118268215,-1.0065387691894,-0.686908391508824,-0.698781361185411,-0.647562379784176,-0.831418997560268,-0.674946516837221,3785,2997,1894,1800,"P4",383
584,0.1039620797188,0.179756939803765,0.02756,-0.6,4000,0.9435,0.4655,0.0504833512352309,0.0150375939849624,-0.753552111894599,-0.549022703146475,-0.516897721000262,-0.498103832762836,-0.622004160534467,-0.499483460413949,3774,3328,1862,1834,"P4",383
584,0.1039620797188,0.179756939803765,0.02756,-0.4,4000,0.9485,0.4685,0.0224119530416222,0.00533617929562433,-0.499783608646005,-0.385023310586306,-0.345581903255302,-0.337983036791551,-0.417896416803977,-0.333320363318882,3794,3534,1874,1864,"P4",383
584,0.1039620797188,0.179756939803765,0.02756,-0.2,4000,0.944,0.4755,0.00315457413249211,0.00157728706624606,-0.260725035541413,-0.195525362444261,-0.172106696978512,-0.170057788726163,-0.205988678221161,-0.165922278361792,3776,3628,1902,1899,"P4",383
584,0.1039620797188,0.179756939803765,0.02756,0,4000,0.94475,0.4565,0.00273822562979189,0,-0.0247423279708522,-0.0120558043245225,-0.00534857746745546,-0.00537414988481954,-0.015364754445413,-0.00783838981710015,3779,3686,1826,1826,"P4",383
584,0.1039620797188,0.179756939803765,0.02756,0.2,4000,0.94325,0.47175,0.00423953365129836,0,0.207931165122959,0.183639480296261,0.174225002706082,0.174107516027507,0.19436414726568,0.173849680088081,3773,3651,1887,1887,"P4",383
584,0.1039620797188,0.179756939803765,0.02756,0.4,4000,0.9485,0.4755,0.0168243953732913,0.00315457413249211,0.486198412103848,0.390208290433101,0.361177902084908,0.356596714943005,0.421601724294382,0.357750293977669,3794,3540,1902,1896,"P4",383
584,0.1039620797188,0.179756939803765,0.02756,0.6,4000,0.953,0.4635,0.0474649406688242,0.00916936353829558,0.754659348102763,0.565003451365727,0.523135950147488,0.510008556304837,0.63112225344607,0.512312938171538,3812,3367,1854,1837,"P4",383
584,0.1039620797188,0.179756939803765,0.02756,0.8,4000,0.9475,0.457,0.116520787746171,0.0464989059080963,0.978827444622888,0.702323637769585,0.709975999592133,0.662201317317757,0.839001748503168,0.69896901945219,3790,3001,1828,1743,"P4",383
423,0.194587858954891,0.454158015253442,0.02756,-0.8,4000,0.994,0.8405,0.138905413444378,0.0389649018441404,-0.875145422448976,-0.775115515891064,-0.798779673634196,-0.761557283124659,-0.8228029773606,-0.788085645995839,3976,3593,3362,3231,"P4",466
423,0.194587858954891,0.454158015253442,0.02756,-0.6,4000,0.995,0.83325,0.0348034803480348,0.0036003600360036,-0.654997058199968,-0.613524045915087,-0.594704835282489,-0.589019951519402,-0.61096515318958,-0.581523754896442,3980,3846,3333,3321,"P4",466
423,0.194587858954891,0.454158015253442,0.02756,-0.4,4000,0.994,0.83275,0.00570399279495647,0.000300210147102972,-0.446659969585374,-0.427544332711245,-0.399566508514718,-0.398857135424108,-0.415028037678029,-0.39224086404549,3976,3926,3331,3330,"P4",466
423,0.194587858954891,0.454158015253442,0.02756,-0.2,4000,0.99425,0.84775,0.000294898260100265,0,-0.217672456729964,-0.212946115173209,-0.194903809715156,-0.194885186907363,-0.204446875770652,-0.191646377206599,3977,3966,3391,3391,"P4",466
423,0.194587858954891,0.454158015253442,0.02756,0,4000,0.996,0.85225,0,0,0.00738749578714797,0.00774709806952135,0.00651140398941597,0.00651140398941597,0.00789024350192737,0.00821771795674754,3984,3979,3409,3409,"P4",466
423,0.194587858954891,0.454158015253442,0.02756,0.2,4000,0.99425,0.826,0,0,0.225179422310801,0.219768372502481,0.201799419146212,0.201799419146212,0.213419932123641,0.20015175402382,3977,3962,3304,3304,"P4",466
423,0.194587858954891,0.454158015253442,0.02756,0.4,4000,0.99525,0.83425,0.00569373688942164,0,0.436478510197074,0.426283643223458,0.405335421953527,0.404867938250556,0.421540038177014,0.403893672742415,3981,3954,3337,3337,"P4",466
423,0.194587858954891,0.454158015253442,0.02756,0.6,4000,0.994,0.829,0.0289505428226779,0.00452352231604343,0.647292899928913,0.608376890899111,0.595823220968299,0.589694941328837,0.611618743412887,0.589908063062179,3976,3860,3316,3301,"P4",466
423,0.194587858954891,0.454158015253442,0.02756,0.8,4000,0.997,0.83425,0.144441114773749,0.0293676955349116,0.875328085638376,0.783750834305324,0.802888536405284,0.772169448194365,0.825103816240716,0.792909514050702,3988,3630,3337,3239,"P4",466
234,0.0711537398834298,0.128650073737763,0.02756,-0.8,4000,0.68775,0.07925,0.0378548895899054,0.0126182965299685,-1.05241460156746,-0.426712947627045,-0.42104985804505,-0.4014511150959,-0.700820858772898,-0.418283523151019,2751,1998,317,313,"P4",667
234,0.0711537398834298,0.128650073737763,0.02756,-0.6,4000,0.67775,0.07225,0.0311418685121107,0.0069204152249135,-0.880976445560758,-0.330313330632129,-0.296383352419978,-0.285916355021537,-0.558816914869093,-0.283776103429514,2711,2046,289,287,"P4",667
234,0.0711537398834298,0.128650073737763,0.02756,-0.4,4000,0.68175,0.07725,0.0129449838187702,0.00323624595469256,-0.48381322638747,-0.221404512093354,-0.209498720385609,-0.204422179437981,-0.344884871795893,-0.215047413949813,2727,2227,309,308,"P4",667
234,0.0711537398834298,0.128650073737763,0.02756,-0.2,4000,0.69025,0.072,0,0.00347222222222222,-0.360261909290004,-0.108400546276855,-0.0840473581836077,-0.0790677570571238,-0.167318251753073,-0.092539022436509,2761,2288,288,287,"P4",667
234,0.0711537398834298,0.128650073737763,0.02756,0,4000,0.67225,0.0745,0.00335570469798658,0.00671140939597315,-0.0192974707685162,0.0261463321965724,0.0317378644806743,0.0226341594945079,0.0327804387610193,0.0406564689191771,2689,2234,298,296,"P4",667
234,0.0711537398834298,0.128650073737763,0.02756,0.2,4000,0.6955,0.07975,0.00626959247648903,0,0.261470452243237,0.150876962642208,0.14017015490829,0.139347469751021,0.214040504182019,0.11289482193225,2782,2315,319,319,"P4",667
234,0.0711537398834298,0.128650073737763,0.02756,0.4,4000,0.6785,0.07325,0.0170648464163823,0.00341296928327645,0.549952519207909,0.22899144094328,0.24708838669374,0.241598942766345,0.365220925101828,0.238932494637439,2714,2211,293,292,"P4",667
234,0.0711537398834298,0.128650073737763,0.02756,0.6,4000,0.6825,0.07075,0.0318021201413428,0.00706713780918728,0.964247140195995,0.346062408877755,0.33433244697342,0.323009062490743,0.576887942970997,0.341363449373189,2730,2077,283,281,"P4",667
234,0.0711537398834298,0.128650073737763,0.02756,0.8,4000,0.6785,0.0675,0.0518518518518519,0.0222222222222222,1.17843080363003,0.46280124483471,0.497019826127346,0.469379562729826,0.758072692324327,0.498412431326758,2714,1924,270,264,"P4",667
424,0.0603858206642543,0.16321496442867,0.02756,-0.8,4000,0.778,0.16325,0.0535987748851455,0.0229709035222052,-1.06874069520842,-0.533530729020803,-0.49286854392132,-0.464394844407257,-0.752762803396031,-0.47334301345913,3112,2306,653,638,"P4",698
424,0.0603858206642543,0.16321496442867,0.02756,-0.6,4000,0.778,0.15425,0.0178282009724473,0,-0.74424084390913,-0.412742714393251,-0.350099792316135,-0.348632212650348,-0.546235516855489,-0.3581557512045,3112,2566,617,617,"P4",698
424,0.0603858206642543,0.16321496442867,0.02756,-0.4,4000,0.7825,0.1575,0.0126984126984127,0.00476190476190476,-0.519063888716181,-0.293366926671353,-0.226855575774567,-0.220396121006226,-0.386559274610173,-0.206933761623182,3130,2741,630,627,"P4",698
424,0.0603858206642543,0.16321496442867,0.02756,-0.2,4000,0.7865,0.16,0.0078125,0.0015625,-0.27263325635485,-0.149423957886096,-0.0930936065614956,-0.0899436714240505,-0.186664033143993,-0.0734836799088367,3146,2845,640,639,"P4",698
424,0.0603858206642543,0.16321496442867,0.02756,0,4000,0.77825,0.17,0.00294117647058824,0,-0.0124492053394894,0.00961196867329333,-0.00277513539509849,-0.00289000189028281,-0.00690567224267544,-0.015099625262178,3113,2859,680,680,"P4",698
424,0.0603858206642543,0.16321496442867,0.02756,0.2,4000,0.786,0.16075,0.00622083981337481,0.0015552099533437,0.260078619623515,0.153127571268736,0.179404944818214,0.177488338738851,0.206516931047514,0.183659967502106,3144,2844,643,642,"P4",698
424,0.0603858206642543,0.16321496442867,0.02756,0.4,4000,0.7795,0.17125,0.0145985401459854,0.00583941605839416,0.50757538779502,0.298129632001566,0.28094131007335,0.272471930119203,0.39044474028018,0.266939540320263,3118,2741,685,681,"P4",698
424,0.0603858206642543,0.16321496442867,0.02756,0.6,4000,0.79625,0.1645,0.0303951367781155,0.00151975683890578,0.789469526651078,0.441018057419784,0.408292461936759,0.403384437275573,0.57854374252761,0.400163195462537,3185,2637,658,657,"P4",698
424,0.0603858206642543,0.16321496442867,0.02756,0.8,4000,0.78975,0.15575,0.0658105939004815,0.0208667736757624,1.04008123970093,0.555726827019518,0.542490685069154,0.517048297098707,0.77826795840305,0.534512256612808,3159,2361,623,610,"P4",698
146,0.0463523935886437,0.357520537427849,0.02756,-0.8,4000,0.62925,0.08525,0.0351906158357771,0.00293255131964809,-0.875580906355,-0.418059939157611,-0.383101104725175,-0.376045159562573,-0.617117188716803,-0.366757013075352,2517,1978,341,340,"P4",712
146,0.0463523935886437,0.357520537427849,0.02756,-0.6,4000,0.64075,0.09775,0.0127877237851662,0.00767263427109974,-0.683096512679743,-0.318308690329251,-0.274917156702867,-0.265322655880456,-0.457690197048173,-0.267264660326155,2563,2089,391,388,"P4",712
146,0.0463523935886437,0.357520537427849,0.02756,-0.4,4000,0.6415,0.10175,0.00982800982800983,0.00245700245700246,-0.342931120202285,-0.191621796295121,-0.185229319348877,-0.181915306567457,-0.28687664306645,-0.205788941814121,2566,2238,407,406,"P4",712
146,0.0463523935886437,0.357520537427849,0.02756,-0.2,4000,0.63375,0.088,0.00284090909090909,0,-0.156919605430947,-0.0941197843502626,-0.0543577500040085,-0.053912549587897,-0.117343178216584,-0.0681888783180452,2535,2242,352,352,"P4",712
146,0.0463523935886437,0.357520537427849,0.02756,0,4000,0.6165,0.087,0.0114942528735632,0,-0.0181835087086634,0.0202432524442292,0.0375033875042757,0.0368419506599595,0.0246363550116463,0.0407187778779029,2466,2195,348,348,"P4",712
146,0.0463523935886437,0.357520537427849,0.02756,0.2,4000,0.629,0.09175,0.0217983651226158,0,0.218370330201162,0.114696647428917,0.132254100089141,0.130752986837578,0.152214161808348,0.117741553224053,2516,2238,367,367,"P4",712
146,0.0463523935886437,0.357520537427849,0.02756,0.4,4000,0.6335,0.093,0.0161290322580645,0,0.443328310626633,0.232122403319809,0.255997711453664,0.254066703706739,0.32410047662368,0.285985968135892,2534,2213,372,372,"P4",712
146,0.0463523935886437,0.357520537427849,0.02756,0.6,4000,0.6265,0.094,0.0292553191489362,0.00797872340425532,0.718647174323039,0.34693216376044,0.341939842681439,0.32997535760332,0.485244836550799,0.330275377877222,2506,2088,376,373,"P4",712
146,0.0463523935886437,0.357520537427849,0.02756,0.8,4000,0.6285,0.0935,0.0427807486631016,0.0106951871657754,0.907018170372974,0.427541368419872,0.446874678552656,0.432187201108229,0.622927064860309,0.436107929795756,2514,1987,374,370,"P4",712
246,0.046354473912475,0.16901193259906,0.02756,-0.8,4000,0.66075,0.07475,0.020066889632107,0.00668896321070234,-0.991741325691462,-0.401150511014992,-0.343534432831214,-0.334774448478543,-0.655757910194557,-0.344024643072175,2643,1954,299,297,"P4",751
246,0.046354473912475,0.16901193259906,0.02756,-0.6,4000,0.657,0.0755,0.0264900662251656,0,-0.71984704470872,-0.29082279974094,-0.254815365439874,-0.251870679996277,-0.474579063947696,-0.246045952710417,2628,2063,302,302,"P4",751
246,0.046354473912475,0.16901193259906,0.02756,-0.4,4000,0.644,0.0695,0.00359712230215827,0.00359712230215827,-0.528986119223574,-0.192012884914464,-0.154281216182629,-0.149412257158603,-0.288473169396776,-0.166174760965884,2576,2107,278,277,"P4",751
246,0.046354473912475,0.16901193259906,0.02756,-0.2,4000,0.639,0.07175,0.0104529616724739,0,-0.262226783581533,-0.0685958758941255,-0.079467698543558,-0.0793757612249594,-0.128895659174229,-0.0731299354589449,2556,2200,287,287,"P4",751
246,0.046354473912475,0.16901193259906,0.02756,0,4000,0.646,0.072,0.00694444444444444,0,-0.0190093664293114,0.0188271053829788,0.0713474705081738,0.0708462467349887,0.00116089425958374,0.08238525396263,2584,2187,288,288,"P4",751
246,0.046354473912475,0.16901193259906,0.02756,0.2,4000,0.6675,0.0755,0.00662251655629139,0.0033112582781457,0.258017260375016,0.126494735355544,0.109280784873719,0.104873300774976,0.192378101949507,0.105967948067059,2670,2262,302,301,"P4",751
246,0.046354473912475,0.16901193259906,0.02756,0.4,4000,0.647,0.06625,0.00377358490566038,0.00377358490566038,0.418626246839559,0.202836796936957,0.199396192621434,0.195096503014817,0.297990034363741,0.201729377540045,2588,2154,265,264,"P4",751
246,0.046354473912475,0.16901193259906,0.02756,0.6,4000,0.6425,0.06575,0.0190114068441065,0.00380228136882129,0.86711245051777,0.329781002524911,0.309525371653196,0.303072955622518,0.503750192611438,0.314250332346064,2570,2081,263,262,"P4",751
246,0.046354473912475,0.16901193259906,0.02756,0.8,4000,0.64825,0.0775,0.0516129032258065,0.0161290322580645,0.919985169950684,0.404801136901234,0.435829367171164,0.414579887721612,0.637531223277658,0.440759237213371,2593,1924,310,305,"P4",751
418,0.0912743752842091,0.129538385288059,0.02756,-0.8,4000,0.847,0.19625,0.0738853503184713,0.0343949044585987,-1.14176731378052,-0.568497203817389,-0.561769484843836,-0.521027100246619,-0.81911505301707,-0.536578544860779,3388,2428,785,758,"P4",781
418,0.0912743752842091,0.129538385288059,0.02756,-0.6,4000,0.854,0.19925,0.0313676286072773,0.0100376411543287,-0.832688017247553,-0.445404694241795,-0.407641082927523,-0.39477772017085,-0.605500540905719,-0.3989090597094,3416,2773,797,789,"P4",781
418,0.0912743752842091,0.129538385288059,0.02756,-0.4,4000,0.85,0.20175,0.0148698884758364,0.00743494423791822,-0.52705486077989,-0.297431230732508,-0.277246374020468,-0.267833257953265,-0.384992153650239,-0.263469434126891,3400,2942,807,801,"P4",781
418,0.0912743752842091,0.129538385288059,0.02756,-0.2,4000,0.85125,0.20325,0.011070110701107,0,-0.250714486463138,-0.149922218070935,-0.104863671117209,-0.103702278514041,-0.189116143087748,-0.100790480358161,3405,3045,813,813,"P4",781
418,0.0912743752842091,0.129538385288059,0.02756,0,4000,0.848,0.21275,0.00705052878965922,0.00117508813160987,0.00445087423894993,0.0114708162908084,0.0143150478618018,0.0121696138290302,0.00536714758183593,-0.00360733233552748,3392,3082,851,850,"P4",781
418,0.0912743752842091,0.129538385288059,0.02756,0.2,4000,0.858,0.2015,0.00248138957816377,0.00372208436724566,0.294292643291186,0.157479027194781,0.145357997808244,0.140481273549467,0.220966169766866,0.157282004280425,3432,3085,806,803,"P4",781
418,0.0912743752842091,0.129538385288059,0.02756,0.4,4000,0.85275,0.2105,0.0273159144893112,0.00712589073634204,0.557217415828022,0.323882162789844,0.316517550862188,0.30700336254825,0.41495651149524,0.334883279818616,3411,2986,842,836,"P4",781
418,0.0912743752842091,0.129538385288059,0.02756,0.6,4000,0.8545,0.2,0.04375,0.00875,0.863410250260519,0.46680146782926,0.446168213763979,0.432892622896678,0.625699381475176,0.438533271799574,3418,2749,800,793,"P4",781
418,0.0912743752842091,0.129538385288059,0.02756,0.8,4000,0.85275,0.194,0.077319587628866,0.038659793814433,1.0781251129505,0.581808080233739,0.605402197190149,0.564344546295766,0.832475584848743,0.596336307048581,3411,2439,776,746,"P4",781
182,0.0706475477570007,0.668720756216221,0.02756,-0.8,4000,0.73425,0.16575,0.0361990950226244,0.00452488687782805,-0.89551256188137,-0.572597839779356,-0.51023942204227,-0.503437006822388,-0.688129389668642,-0.503979302903031,2937,2419,663,660,"P4",848
182,0.0706475477570007,0.668720756216221,0.02756,-0.6,4000,0.733,0.165,0.0106060606060606,0,-0.711811278513691,-0.45048463669303,-0.364913660392069,-0.363658316048421,-0.513868110767389,-0.361810224272982,2932,2587,660,660,"P4",848
182,0.0706475477570007,0.668720756216221,0.02756,-0.4,4000,0.73425,0.16475,0.00151745068285281,0,-0.46907184829424,-0.324916664328826,-0.276922096177998,-0.276870952378101,-0.364557761966599,-0.26759698220653,2937,2703,659,659,"P4",848
182,0.0706475477570007,0.668720756216221,0.02756,-0.2,4000,0.727,0.169,0.0029585798816568,0,-0.23506128733003,-0.149502170803709,-0.122333183836374,-0.122173486674487,-0.16521204028576,-0.116812973395019,2908,2751,676,676,"P4",848
182,0.0706475477570007,0.668720756216221,0.02756,0,4000,0.72975,0.171,0.00146198830409357,0,-0.00837652239251807,0.00275651631520852,0.0153818885633171,0.0153434591009594,0.00963016004755831,0.0263619593154321,2919,2801,684,684,"P4",848
182,0.0706475477570007,0.668720756216221,0.02756,0.2,4000,0.73275,0.1655,0.00151057401812689,0,0.247849231666852,0.153084590539582,0.128950158221946,0.128819598055962,0.16360321604168,0.125043296806424,2931,2762,662,662,"P4",848
182,0.0706475477570007,0.668720756216221,0.02756,0.4,4000,0.7225,0.1645,0.00303951367781155,0,0.46671139224949,0.312485544564443,0.252970016224983,0.252790551335141,0.346854338088903,0.251442365503151,2890,2688,658,658,"P4",848
182,0.0706475477570007,0.668720756216221,0.02756,0.6,4000,0.731,0.17625,0.00567375886524823,0.00141843971631206,0.671990271928903,0.452275153940297,0.37190237508688,0.3700507360204,0.520431970822663,0.372757224407714,2924,2565,705,704,"P4",848
182,0.0706475477570007,0.668720756216221,0.02756,0.8,4000,0.72825,0.17925,0.0390516039051604,0.00557880055788006,0.93833384889193,0.585130662374192,0.518302434815436,0.509941863643072,0.697564295926686,0.50087555845393,2913,2396,717,713,"P4",848
350,0.0657045630470269,0.38333905017696,0.02756,-0.8,4000,0.7945,0.2285,0.050328227571116,0.0153172866520788,-0.995643461792478,-0.609306497263282,-0.55149739889347,-0.533250014480594,-0.731632894504928,-0.540275478112682,3178,2548,914,900,"P4",852
350,0.0657045630470269,0.38333905017696,0.02756,-0.6,4000,0.78625,0.22875,0.0229508196721311,0.00437158469945355,-0.749276508205073,-0.485440865024291,-0.413428943154985,-0.406805497370983,-0.554425968590121,-0.402797387999323,3145,2758,915,911,"P4",852
350,0.0657045630470269,0.38333905017696,0.02756,-0.4,4000,0.80225,0.23625,0.00423280423280423,0,-0.45223108704503,-0.325302766943116,-0.253516044257246,-0.253050274562645,-0.350654680725061,-0.249567044951511,3209,2972,945,945,"P4",852
350,0.0657045630470269,0.38333905017696,0.02756,-0.2,4000,0.79425,0.21925,0.00114025085518814,0,-0.253813194257581,-0.180662932050003,-0.127428154297691,-0.127418039728767,-0.187284909725573,-0.11755883208566,3177,3033,877,877,"P4",852
350,0.0657045630470269,0.38333905017696,0.02756,0,4000,0.7975,0.217,0,0,0.00669219457057971,0.00143007036896444,0.0158260396962076,0.0158260396962076,-0.00455071542776409,0.00888125103530519,3190,3069,868,868,"P4",852
350,0.0657045630470269,0.38333905017696,0.02756,0.2,4000,0.786,0.21525,0,0,0.245395344339697,0.188876724625512,0.156790626948467,0.156790626948467,0.206001945572551,0.148705086302894,3144,3012,861,861,"P4",852
350,0.0657045630470269,0.38333905017696,0.02756,0.4,4000,0.78275,0.21175,0,0.00118063754427391,0.469086061819887,0.351494677374462,0.282446206442103,0.28122746207594,0.385116058271513,0.283839426180232,3131,2901,847,846,"P4",852
350,0.0657045630470269,0.38333905017696,0.02756,0.6,4000,0.79,0.215,0.0174418604651163,0.00232558139534884,0.718648285240057,0.49583455460867,0.410745862388052,0.406835289543228,0.557632798457768,0.396711843738812,3160,2770,860,858,"P4",852
350,0.0657045630470269,0.38333905017696,0.02756,0.8,4000,0.786,0.21425,0.0513418903150525,0.0105017502917153,0.978556574441224,0.61921566118808,0.569817673507936,0.555116704451926,0.75435092799465,0.545423911717992,3144,2522,857,848,"P4",852
396,0.0463653587330179,0.282603112965309,0.02756,-0.8,4000,0.74525,0.164,0.0335365853658537,0.00152439024390244,-0.950569146460715,-0.546091159365618,-0.474623114113096,-0.470390031274913,-0.683578822427365,-0.471000548536447,2981,2436,656,655,"P4",917
396,0.0463653587330179,0.282603112965309,0.02756,-0.6,4000,0.74125,0.15975,0.0187793427230047,0.00625978090766823,-0.68606405996658,-0.409251213339521,-0.360719914347391,-0.352855880519162,-0.497056218298336,-0.340323897409083,2965,2551,639,635,"P4",917
396,0.0463653587330179,0.282603112965309,0.02756,-0.4,4000,0.726,0.154,0.012987012987013,0.00324675324675325,-0.407891855379993,-0.289696666416945,-0.223241236941381,-0.218685026373092,-0.342053560582295,-0.216826184175679,2904,2621,616,614,"P4",917
396,0.0463653587330179,0.282603112965309,0.02756,-0.2,4000,0.73,0.14975,0.00333889816360601,0.00166944908180301,-0.217067572664893,-0.139845231936519,-0.109783847005128,-0.107573651039109,-0.164113592535237,-0.110722179477134,2920,2744,599,598,"P4",917
396,0.0463653587330179,0.282603112965309,0.02756,0,4000,0.72725,0.15425,0.00162074554294976,0,0.0147825757061568,0.0154219820809512,0.0181475862614411,0.0180605093868239,0.0274735648249483,0.0274735648249483,2909,2757,617,617,"P4",917
396,0.0463653587330179,0.282603112965309,0.02756,0.2,4000,0.729,0.1655,0.00453172205438067,0,0.222559494024313,0.14744456931653,0.124237240172485,0.123793792834908,0.175655113820935,0.126075942748803,2916,2735,662,662,"P4",917
396,0.0463653587330179,0.282603112965309,0.02756,0.4,4000,0.725,0.16075,0.00933125972006221,0,0.454177211966118,0.299901792254609,0.278429997150646,0.277416347301565,0.351557950733293,0.267623559310312,2900,2634,643,643,"P4",917
396,0.0463653587330179,0.282603112965309,0.02756,0.6,4000,0.73375,0.161,0.015527950310559,0.0031055900621118,0.67582150058849,0.436499585697817,0.376466200429441,0.371697862324765,0.527562513536463,0.365323955380095,2935,2559,644,642,"P4",917
396,0.0463653587330179,0.282603112965309,0.02756,0.8,4000,0.722,0.15525,0.0483091787439614,0.0128824476650564,0.926613078750844,0.565663340319467,0.516993523577912,0.500945042113512,0.722948920736941,0.515237023588811,2888,2300,621,613,"P4",917
133,0.0621836193157562,0.43695474944089,0.02756,-0.8,4000,0.66925,0.11875,0.0568421052631579,0.0147368421052632,-0.988369991947228,-0.491988571833835,-0.471199790728458,-0.45201791925143,-0.67964449182549,-0.476792865218088,2677,2099,475,468,"P4",942
133,0.0621836193157562,0.43695474944089,0.02756,-0.6,4000,0.68125,0.1215,0.0267489711934156,0.00205761316872428,-0.709058216982888,-0.386440816481312,-0.345927498012315,-0.340759725424584,-0.50420194268471,-0.328366607254481,2725,2306,486,485,"P4",942
133,0.0621836193157562,0.43695474944089,0.02756,-0.4,4000,0.68225,0.11625,0.00645161290322581,0.00645161290322581,-1.754759566683,-0.222193229885005,-0.193223994375498,-0.185326162975228,-0.28509907173514,-0.170930978903882,2729,2411,465,462,"P4",942
133,0.0621836193157562,0.43695474944089,0.02756,-0.2,4000,0.68,0.11775,0.00424628450106157,0.00212314225053079,-0.236572158176884,-0.121768708883183,-0.113553850673344,-0.109708635072685,-0.160868042375694,-0.101282125323656,2720,2460,471,470,"P4",942
133,0.0621836193157562,0.43695474944089,0.02756,0,4000,0.65225,0.1155,0.00216450216450216,0,0.0135330728749364,0.0185368347501125,0.0167975269515249,0.0166043706750412,0.0265563352592068,0.024187481327132,2609,2371,462,462,"P4",942
133,0.0621836193157562,0.43695474944089,0.02756,0.2,4000,0.6825,0.12325,0.00811359026369168,0,0.238477591755357,0.132386624417049,0.127962760501099,0.128100507981562,0.180667183918328,0.133488680660216,2730,2468,493,493,"P4",942
133,0.0621836193157562,0.43695474944089,0.02756,0.4,4000,0.67025,0.1265,0.00395256916996047,0,0.441945645573902,0.244799707143148,0.237540054541169,0.237029845107107,0.329542987686408,0.238190186090488,2681,2373,506,506,"P4",942
133,0.0621836193157562,0.43695474944089,0.02756,0.6,4000,0.679,0.12775,0.0215264187866928,0.00195694716242661,0.631375854110063,0.370280991270699,0.343521400480081,0.339502164427532,0.481742899017279,0.33582848908618,2716,2333,511,510,"P4",942
133,0.0621836193157562,0.43695474944089,0.02756,0.8,4000,0.664,0.12425,0.0462776659959759,0.00804828973843058,0.893703186178193,0.513167305967013,0.471501682556435,0.459703260078508,0.686408347453858,0.489803363236327,2656,2143,497,493,"P4",942
239,0.116917352394963,0.202479019257354,0.02756,-0.8,4000,0.85625,0.2205,0.0873015873015873,0.0442176870748299,-1.15102422861567,-0.584663192411376,-0.59633687973907,-0.552413982046237,-0.825104987735702,-0.573525893008523,3425,2484,882,843,"P4",1064
239,0.116917352394963,0.202479019257354,0.02756,-0.6,4000,0.854,0.21925,0.0444697833523375,0.0148232611174458,-0.858901276896235,-0.468438227260079,-0.449838806433282,-0.431265758437826,-0.615969680078112,-0.4455207284507,3416,2776,877,864,"P4",1064
239,0.116917352394963,0.202479019257354,0.02756,-0.4,4000,0.8555,0.2255,0.0199556541019956,0.00332594235033259,-0.55000994264612,-0.326021320615877,-0.296853172466348,-0.290803716628092,-0.419620447502071,-0.302855538343396,3422,2978,902,899,"P4",1064
239,0.116917352394963,0.202479019257354,0.02756,-0.2,4000,0.857,0.22525,0.00665926748057714,0,-0.300551605774363,-0.164049877814309,-0.127100921232033,-0.126516640230417,-0.21627683240048,-0.139534366613286,3428,3107,901,901,"P4",1064
239,0.116917352394963,0.202479019257354,0.02756,0,4000,0.8455,0.21375,0.00233918128654971,0,-0.00960874736083426,0.0053878044856779,0.00385313984642403,0.00400112476371725,0.0198629071538041,0.0213311605449392,3382,3128,855,855,"P4",1064
239,0.116917352394963,0.202479019257354,0.02756,0.2,4000,0.86175,0.219,0.00684931506849315,0,0.219205202964098,0.160341222861057,0.160285678943538,0.159461721777902,0.196745179715758,0.164106843035371,3447,3184,876,876,"P4",1064
239,0.116917352394963,0.202479019257354,0.02756,0.4,4000,0.855,0.22425,0.0133779264214047,0.00111482720178372,0.538059045966808,0.324328650840345,0.287520700974577,0.285131834301738,0.421058124171331,0.293837114438786,3420,3002,897,896,"P4",1064
239,0.116917352394963,0.202479019257354,0.02756,0.6,4000,0.858,0.22575,0.0420819490586932,0.0188261351052049,0.847161628236329,0.481093863747669,0.462079974025594,0.43947613146753,0.628028309242793,0.441995191925944,3432,2801,903,886,"P4",1064
239,0.116917352394963,0.202479019257354,0.02756,0.8,4000,0.858,0.22825,0.0788608981380066,0.0328587075575027,1.07472394892782,0.606088433854349,0.604353549698093,0.570337635843773,0.819097095154238,0.598215810567338,3432,2534,913,883,"P4",1064
315,0.04635171416248,0.337387143633092,0.02756,-0.8,4000,0.70325,0.1425,0.0280701754385965,0.00175438596491228,-1.21717892229446,-0.529484019506954,-0.445286874371533,-0.441710258436944,-0.67811647602117,-0.472816207679012,2813,2279,570,569,"P4",1165
315,0.04635171416248,0.337387143633092,0.02756,-0.6,4000,0.71325,0.14475,0.0172711571675302,0.00172711571675302,-0.676563557627903,-0.39678827237019,-0.335013411853099,-0.331970226019751,-0.477269529430621,-0.333216590762906,2853,2469,579,578,"P4",1165
315,0.04635171416248,0.337387143633092,0.02756,-0.4,4000,0.71225,0.15125,0.00330578512396694,0.00330578512396694,-0.472038157822928,-0.288313678498478,-0.221854849387065,-0.217257712759524,-0.339613774191888,-0.212595087470656,2849,2582,605,603,"P4",1165
315,0.04635171416248,0.337387143633092,0.02756,-0.2,4000,0.7075,0.139,0.00539568345323741,0,-0.207541368283747,-0.134963616448134,-0.108982364529431,-0.108773498830256,-0.163287541703798,-0.106678003541914,2830,2652,556,556,"P4",1165
315,0.04635171416248,0.337387143633092,0.02756,0,4000,0.69325,0.15275,0.0016366612111293,0,0.013671259361401,0.00789732979361368,0.00818407192553893,0.00832829728182001,0.00894680547319785,0.00894680547319785,2773,2612,611,611,"P4",1165
315,0.04635171416248,0.337387143633092,0.02756,0.2,4000,0.7025,0.14325,0,0,0.224351579562311,0.151206204242777,0.12025019940915,0.12025019940915,0.180895569625823,0.113414883804549,2810,2633,573,573,"P4",1165
315,0.04635171416248,0.337387143633092,0.02756,0.4,4000,0.7095,0.14075,0.00710479573712256,0,0.45008149163022,0.292995691991105,0.26064104799941,0.259870968098918,0.354598377635082,0.257622024713513,2838,2579,563,563,"P4",1165
315,0.04635171416248,0.337387143633092,0.02756,0.6,4000,0.69075,0.145,0.0189655172413793,0.00344827586206897,0.68769340463266,0.426026391042684,0.374870470465559,0.369650621378749,0.502454724478951,0.370606777033892,2763,2405,580,578,"P4",1165
315,0.04635171416248,0.337387143633092,0.02756,0.8,4000,0.69825,0.14325,0.0383944153577661,0.00523560209424084,0.858616499025348,0.538279402595437,0.47161682532021,0.463295286318593,0.665365601448999,0.47006488105974,2793,2299,573,570,"P4",1165
351,0.0463608702900442,0.260194134571443,0.02756,-0.8,4000,0.724,0.14325,0.0401396160558464,0.0191972076788831,-0.93229813638271,-0.515097341666047,-0.469402436569087,-0.447787130769483,-0.68174813108994,-0.463245965264205,2896,2269,573,562,"P4",1169
351,0.0463608702900442,0.260194134571443,0.02756,-0.6,4000,0.70725,0.1435,0.0191637630662021,0.00348432055749129,-0.733075699812428,-0.414171997902922,-0.33062277806928,-0.325357410362378,-0.505086872221793,-0.331329585360906,2829,2421,574,572,"P4",1169
351,0.0463608702900442,0.260194134571443,0.02756,-0.4,4000,0.71775,0.146,0.011986301369863,0.00171232876712329,-0.332869741879236,-0.277231853394913,-0.242691295598859,-0.239439723851587,-0.340744228832414,-0.241679822626263,2871,2563,584,583,"P4",1169
351,0.0463608702900442,0.260194134571443,0.02756,-0.2,4000,0.717,0.14725,0.0033955857385399,0.00169779286926995,-0.219018563493787,-0.140028964773341,-0.126181018660467,-0.123543504648425,-0.170581367646646,-0.116408474484808,2868,2628,589,588,"P4",1169
351,0.0463608702900442,0.260194134571443,0.02756,0,4000,0.73425,0.13475,0,0,-0.0177591750786991,0.0068405381296604,-0.00761370233308612,-0.00761370233308612,0.00102927174014122,-0.0106486703043004,2937,2720,539,539,"P4",1169
351,0.0463608702900442,0.260194134571443,0.02756,0.2,4000,0.70775,0.139,0,0.00179856115107914,0.206112210625869,0.138641531854542,0.144643941705273,0.142483912521443,0.17307777854159,0.132122825692762,2831,2621,556,555,"P4",1169
351,0.0463608702900442,0.260194134571443,0.02756,0.4,4000,0.71775,0.13575,0.00552486187845304,0,0.519747729541921,0.295309851517502,0.262292882773755,0.261790250966618,0.366363939204636,0.270066260345699,2871,2549,543,543,"P4",1169
351,0.0463608702900442,0.260194134571443,0.02756,0.6,4000,0.70125,0.139,0.0215827338129496,0.00359712230215827,0.699957878244935,0.415153735391003,0.368114538899162,0.3633159215343,0.523053824220169,0.359796142871698,2805,2413,556,554,"P4",1169
351,0.0463608702900442,0.260194134571443,0.02756,0.8,4000,0.73275,0.145,0.0448275862068966,0.00862068965517241,0.906393376170019,0.539434996802351,0.492230639941627,0.48107771139146,0.694694758284074,0.496878831014874,2931,2336,580,575,"P4",1169
318,0.046359522489839,0.263622655666682,0.02756,-0.8,4000,0.70325,0.13125,0.0304761904761905,0.00952380952380952,-0.908974270392052,-0.491747639762904,-0.424107503932206,-0.411504964353747,-0.662475848115946,-0.390533364972897,2813,2234,525,520,"P4",1193
318,0.046359522489839,0.263622655666682,0.02756,-0.6,4000,0.70475,0.13275,0.0169491525423729,0.00564971751412429,-0.693940520166002,-0.397863155709077,-0.328989727781064,-0.321714861988922,-0.505495444324782,-0.328798050573405,2819,2385,531,528,"P4",1193
318,0.046359522489839,0.263622655666682,0.02756,-0.4,4000,0.6945,0.131,0.00572519083969466,0.00190839694656489,-0.469333018710268,-0.26316646801997,-0.223331606659187,-0.220429862967953,-0.327147043224246,-0.230606091444092,2778,2485,524,523,"P4",1193
318,0.046359522489839,0.263622655666682,0.02756,-0.2,4000,0.6975,0.12875,0.0058252427184466,0.00388349514563107,-0.16627798785655,-0.116701947062147,-0.109247388492687,-0.104266769262988,-0.153248274413315,-0.101641654266629,2790,2572,515,513,"P4",1193
318,0.046359522489839,0.263622655666682,0.02756,0,4000,0.6995,0.14325,0.00174520069808028,0,-0.00436014944751155,0.0106489069423,0.0321231879856229,0.0319824335867741,0.0143303564617243,0.0426391261677093,2798,2596,573,573,"P4",1193
318,0.046359522489839,0.263622655666682,0.02756,0.2,4000,0.703,0.132,0.00568181818181818,0,0.175470550544459,0.136036795793115,0.123248470990963,0.122778069877707,0.160423102562801,0.104286855638815,2812,2598,528,528,"P4",1193
318,0.046359522489839,0.263622655666682,0.02756,0.4,4000,0.703,0.13625,0.00917431192660551,0.0018348623853211,0.443888159820404,0.27446924033209,0.245532086903911,0.242890341283926,0.344265282602059,0.258173133638377,2812,2529,545,544,"P4",1193
318,0.046359522489839,0.263622655666682,0.02756,0.6,4000,0.697,0.136,0.0238970588235294,0.00551470588235294,0.651468950802842,0.394315136604233,0.356128115357682,0.349518018729831,0.505541597195208,0.355122573784701,2788,2346,544,541,"P4",1193
318,0.046359522489839,0.263622655666682,0.02756,0.8,4000,0.698,0.13775,0.0399274047186933,0.0163339382940109,0.899720786625987,0.510984872957919,0.474748960572606,0.456784990440234,0.681112548130189,0.464643564304669,2792,2192,551,542,"P4",1193
280,0.0497608324329886,0.391553930366922,0.02756,-0.8,4000,0.71775,0.14175,0.0211640211640212,0.00881834215167548,-0.989574819218212,-0.540247209938393,-0.48396154313061,-0.472821604493692,-0.690259801927321,-0.49912602273078,2871,2302,567,562,"P4",1233
280,0.0497608324329886,0.391553930366922,0.02756,-0.6,4000,0.7015,0.1385,0.0252707581227437,0.00180505415162455,-0.663124760869883,-0.419022245345502,-0.356524974380625,-0.353239929552387,-0.493179123790867,-0.354030208217329,2806,2482,554,553,"P4",1233
280,0.0497608324329886,0.391553930366922,0.02756,-0.4,4000,0.7085,0.1395,0.003584229390681,0,-0.462434766918444,-0.282973780469023,-0.234352352771256,-0.234087945864159,-0.333338533050108,-0.23566158064153,2834,2605,558,558,"P4",1233
280,0.0497608324329886,0.391553930366922,0.02756,-0.2,4000,0.6995,0.136,0.00367647058823529,0,-0.134907676298741,-0.141067101087165,-0.0866073299498584,-0.0864406853265304,-0.158673895272626,-0.0771405785541698,2798,2637,544,544,"P4",1233
280,0.0497608324329886,0.391553930366922,0.02756,0,4000,0.71,0.14325,0,0,-0.0300564126572306,0.00701453562536043,0.0244036125283572,0.0244036125283572,0.0150957198956993,0.0331908253789663,2840,2680,573,573,"P4",1233
280,0.0497608324329886,0.391553930366922,0.02756,0.2,4000,0.70675,0.14975,0.00333889816360601,0,0.231010473744257,0.153043586530058,0.147735447325692,0.147433806077815,0.171438527240174,0.145919681042196,2827,2655,599,599,"P4",1233
280,0.0497608324329886,0.391553930366922,0.02756,0.4,4000,0.71025,0.14625,0.00683760683760684,0,0.438134052365011,0.29479897179618,0.246247520550824,0.24603746722873,0.347705950525539,0.236154881955141,2841,2586,585,585,"P4",1233
280,0.0497608324329886,0.391553930366922,0.02756,0.6,4000,0.704,0.149,0.0151006711409396,0.00167785234899329,0.704844707663461,0.431656069996056,0.365633520746076,0.363365997653411,0.514652523738867,0.368708777070576,2816,2461,596,595,"P4",1233
280,0.0497608324329886,0.391553930366922,0.02756,0.8,4000,0.70125,0.1425,0.043859649122807,0.00701754385964912,0.887552024441125,0.547092715011081,0.504957905261165,0.494925939582846,0.682407042601385,0.504393425082258,2805,2270,570,566,"P4",1233
214,0.0868299917572652,0.287639058541084,0.02756,-0.8,4000,0.803,0.19525,0.0742637644046095,0.028169014084507,-0.994483204799296,-0.558972470392215,-0.55789147368167,-0.525724962698321,-0.751739304995621,-0.540702126885676,3212,2451,781,759,"P4",1245
214,0.0868299917572652,0.287639058541084,0.02756,-0.6,4000,0.79525,0.18875,0.0397350993377483,0.0105960264900662,-0.78354039146569,-0.448867458230287,-0.420109598159009,-0.405365153621077,-0.570093638037234,-0.405876734427452,3181,2680,755,747,"P4",1245
214,0.0868299917572652,0.287639058541084,0.02756,-0.4,4000,0.77725,0.18725,0.0133511348464619,0.00667556742323097,-0.558882885228309,-0.311305656293082,-0.259887525347222,-0.24996145174605,-0.391987605363214,-0.258392572110512,3109,2716,749,744,"P4",1245
214,0.0868299917572652,0.287639058541084,0.02756,-0.2,4000,0.7945,0.191,0.00916230366492147,0.00130890052356021,-0.300037090639442,-0.152654864323121,-0.122196357017233,-0.119804523640591,-0.187087591770413,-0.113282431165264,3178,2935,764,763,"P4",1245
214,0.0868299917572652,0.287639058541084,0.02756,0,4000,0.8015,0.19625,0.00509554140127389,0.00127388535031847,0.00223275694284599,0.0134251035858846,0.0153428098242585,0.0132427273099283,0.0105939487097276,0.0161066165590893,3206,2972,785,784,"P4",1245
214,0.0868299917572652,0.287639058541084,0.02756,0.2,4000,0.784,0.19625,0.0101910828025478,0,0.278320888479499,0.169858932734574,0.163264476093841,0.162128948546347,0.19853724382447,0.159953602368677,3136,2906,785,785,"P4",1245
214,0.0868299917572652,0.287639058541084,0.02756,0.4,4000,0.80025,0.1955,0.010230179028133,0,0.475152038878761,0.307076936819506,0.270166934240792,0.268960148401332,0.390393355757749,0.273811827609641,3201,2840,782,782,"P4",1245
214,0.0868299917572652,0.287639058541084,0.02756,0.6,4000,0.7885,0.194,0.0322164948453608,0.0103092783505155,0.805620773022625,0.457681852696233,0.428509970266827,0.414815182063553,0.601791171769364,0.416283095690756,3154,2603,776,768,"P4",1245
214,0.0868299917572652,0.287639058541084,0.02756,0.8,4000,0.79475,0.189,0.0767195767195767,0.0291005291005291,0.996511378136562,0.581776655937482,0.582596658649713,0.551944804601883,0.770704682470802,0.573122864560125,3179,2422,756,734,"P4",1245
331,0.0672239094643332,0.287358367543628,0.02756,-0.8,4000,0.79775,0.2105,0.0463182897862233,0.0154394299287411,-0.973341003038637,-0.571741054534201,-0.523868182109579,-0.504812476195974,-0.729601874786364,-0.519680700848833,3191,2492,842,829,"P4",1249
331,0.0672239094643332,0.287358367543628,0.02756,-0.6,4000,0.78825,0.20575,0.0218712029161604,0.00729040097205346,-0.726798259104322,-0.463076740552809,-0.405337930274149,-0.395577097035458,-0.571676885617535,-0.411124867743379,3153,2700,823,817,"P4",1249
331,0.0672239094643332,0.287358367543628,0.02756,-0.4,4000,0.79075,0.2095,0.0119331742243437,0.00238663484486874,-0.483766786197915,-0.325145874513584,-0.282675865843694,-0.27830486984407,-0.388181741601832,-0.267029229113978,3163,2851,838,836,"P4",1249
331,0.0672239094643332,0.287358367543628,0.02756,-0.2,4000,0.7775,0.2055,0.00364963503649635,0,-0.265525023750891,-0.168112484518922,-0.122882687086965,-0.12281040007175,-0.189542002693477,-0.115534270527576,3110,2888,822,822,"P4",1249
331,0.0672239094643332,0.287358367543628,0.02756,0,4000,0.78575,0.20075,0.0012453300124533,0,-0.0145279245521165,0.00265848368208508,0.017972311040212,0.017993874860031,-0.00140854190948545,0.017595285525096,3143,2988,803,803,"P4",1249
331,0.0672239094643332,0.287358367543628,0.02756,0.2,4000,0.79275,0.20825,0.00480192076830732,0.00120048019207683,0.229842314592311,0.152110352739695,0.133643428109751,0.132089942246818,0.170956760344796,0.14117437100302,3171,2982,833,832,"P4",1249
331,0.0672239094643332,0.287358367543628,0.02756,0.4,4000,0.80025,0.209,0.0143540669856459,0.00119617224880383,0.489897706972149,0.321119994881621,0.29235490485669,0.289970558405298,0.386904352899285,0.276068755724454,3201,2898,836,835,"P4",1249
331,0.0672239094643332,0.287358367543628,0.02756,0.6,4000,0.78925,0.1995,0.0238095238095238,0.0037593984962406,0.754747791029439,0.488454437871853,0.420168052634057,0.414469171248344,0.581490749431044,0.416471719418824,3157,2718,798,795,"P4",1249
331,0.0672239094643332,0.287358367543628,0.02756,0.8,4000,0.7825,0.2025,0.0716049382716049,0.0148148148148148,0.999957035913424,0.613399190403118,0.595587588051886,0.577743951264929,0.779861223072115,0.583459639813329,3130,2445,810,798,"P4",1249
202,0.127071395197214,0.165659785632123,0.02756,-0.8,4000,0.81375,0.15475,0.0678513731825525,0.0258481421647819,-1.1190674454188,-0.52369186318122,-0.505237178232366,-0.475486891491522,-0.800438598757708,-0.496439566669377,3255,2310,619,603,"P4",1336
202,0.127071395197214,0.165659785632123,0.02756,-0.6,4000,0.82775,0.16775,0.0342771982116244,0.014903129657228,-0.931482753040998,-0.43105480779455,-0.387246394572902,-0.369329352430781,-0.635199447540121,-0.37803878281957,3311,2609,671,661,"P4",1336
202,0.127071395197214,0.165659785632123,0.02756,-0.4,4000,0.80925,0.15775,0.0158478605388273,0.0063391442155309,-0.615610639382254,-0.292906726111191,-0.268606180775586,-0.2594526989796,-0.408334205893294,-0.254678409164603,3237,2726,631,627,"P4",1336
202,0.127071395197214,0.165659785632123,0.02756,-0.2,4000,0.81525,0.16025,0.0124804992199688,0.0015600624024961,-0.262307002438028,-0.144560647710937,-0.150624119475861,-0.147762619667549,-0.198769569358642,-0.143660620777416,3261,2855,641,640,"P4",1336
202,0.127071395197214,0.165659785632123,0.02756,0,4000,0.82275,0.169,0.00443786982248521,0,-0.0351960573788274,0.00723098579962555,0.0301551023454726,0.0295410113119831,0.000421820030677386,0.0306296682426484,3291,2921,676,676,"P4",1336
202,0.127071395197214,0.165659785632123,0.02756,0.2,4000,0.81825,0.165,0.0121212121212121,0.00151515151515152,0.285597216961281,0.160128783893033,0.159983697806236,0.161235903983366,0.221483940990632,0.174366264974744,3273,2896,660,659,"P4",1336
202,0.127071395197214,0.165659785632123,0.02756,0.4,4000,0.819,0.1685,0.0148367952522255,0.013353115727003,0.609542110332698,0.30113737206599,0.309742634622692,0.294312297570352,0.419338266920093,0.28939275479193,3276,2776,674,665,"P4",1336
202,0.127071395197214,0.165659785632123,0.02756,0.6,4000,0.82075,0.169,0.0355029585798817,0.014792899408284,0.792440709083336,0.439063814141905,0.434899494286738,0.419189599132269,0.601329840033244,0.444030579234726,3283,2651,676,666,"P4",1336
202,0.127071395197214,0.165659785632123,0.02756,0.8,4000,0.8195,0.15725,0.103338632750397,0.0317965023847377,1.13205468572454,0.566905974019104,0.581581390602989,0.543047805937603,0.84904850352668,0.572513853697998,3278,2300,629,609,"P4",1336
110,0.193229262356761,0.171911202752993,0.02756,-0.8,4000,0.773,0.13075,0.0783938814531549,0.017208413001912,-1.17873315593074,-0.507141159316481,-0.501730105951333,-0.479276426848733,-0.807611941018575,-0.528245583235731,3092,2163,523,514,"P4",1342
110,0.193229262356761,0.171911202752993,0.02756,-0.6,4000,0.7635,0.1265,0.0573122529644269,0.0158102766798419,-0.85361790578551,-0.394331615962786,-0.410300593824886,-0.387417044806247,-0.609555512424949,-0.401196034993936,3054,2366,506,498,"P4",1342
110,0.193229262356761,0.171911202752993,0.02756,-0.4,4000,0.778,0.131,0.0209923664122137,0.00381679389312977,-0.629495170009203,-0.254718318771944,-0.220953277919517,-0.215414429465418,-0.385309167869535,-0.217215868512425,3112,2560,524,522,"P4",1342
110,0.193229262356761,0.171911202752993,0.02756,-0.2,4000,0.779,0.1395,0.00716845878136201,0.003584229390681,-0.148924306108432,-0.128400619712146,-0.117663324978714,-0.112598535034927,-0.185674496538604,-0.106592290083894,3116,2686,558,556,"P4",1342
110,0.193229262356761,0.171911202752993,0.02756,0,4000,0.7745,0.1285,0.0136186770428016,0.00194552529182879,-0.0322194058556293,0.0243834329455858,0.0174449156646003,0.0188980231273312,0.023193385163789,0.0151390668767756,3098,2684,514,513,"P4",1342
110,0.193229262356761,0.171911202752993,0.02756,0.2,4000,0.76375,0.132,0.0246212121212121,0.00378787878787879,0.311474754735674,0.157752187516848,0.165950088947774,0.164448474013968,0.218867308426759,0.147569152086187,3055,2639,528,526,"P4",1342
110,0.193229262356761,0.171911202752993,0.02756,0.4,4000,0.77225,0.133,0.0244360902255639,0.0075187969924812,0.564957599748008,0.279808193021553,0.316948124583159,0.306363620437307,0.426456660408628,0.305234343759793,3089,2557,532,528,"P4",1342
110,0.193229262356761,0.171911202752993,0.02756,0.6,4000,0.76075,0.13,0.0384615384615385,0.0192307692307692,0.857222762470824,0.401049069099715,0.430673620137077,0.407869227227091,0.606698590080153,0.413814136434335,3043,2361,520,510,"P4",1342
110,0.193229262356761,0.171911202752993,0.02756,0.8,4000,0.77675,0.13075,0.0956022944550669,0.0458891013384321,1.08733170933354,0.523480181060557,0.570990078488307,0.52107602083173,0.823362074607046,0.574234268619204,3107,2199,523,499,"P4",1342
256,0.16793301954091,0.696995188692988,0.02756,-0.8,4000,0.95375,0.55225,0.0909913988229968,0.0162969669533726,-0.94536598106943,-0.744570897956158,-0.71837905873304,-0.700122481466402,-0.81961904528502,-0.713555786353661,3815,3255,2209,2173,"P4",1545
256,0.16793301954091,0.696995188692988,0.02756,-0.6,4000,0.9635,0.56175,0.0249221183800623,0.00356030262572319,-0.708741904455831,-0.593857727689539,-0.542007479233967,-0.5368687190815,-0.61798940728894,-0.53840518282996,3854,3566,2247,2239,"P4",1545
256,0.16793301954091,0.696995188692988,0.02756,-0.4,4000,0.95225,0.54975,0.0022737608003638,0,-0.47877368766346,-0.41851898617365,-0.356285802181144,-0.356137779276483,-0.418894975744788,-0.348230691473561,3809,3681,2199,2199,"P4",1545
256,0.16793301954091,0.696995188692988,0.02756,-0.2,4000,0.952,0.55275,0.00135685210312076,0,-0.236167009347985,-0.21258892064586,-0.176341439398957,-0.17624517846754,-0.202139293540602,-0.177729169764121,3808,3760,2211,2211,"P4",1545
256,0.16793301954091,0.696995188692988,0.02756,0,4000,0.9535,0.55675,0,0,0.00889646190104641,0.000570540094066359,0.00733157196955986,0.00733157196955986,-0.000416954287808198,-0.000286221744857242,3814,3784,2227,2227,"P4",1545
256,0.16793301954091,0.696995188692988,0.02756,0.2,4000,0.95325,0.5795,0,0,0.235137193335258,0.214285081004113,0.188494471197272,0.188494471197272,0.209819904835957,0.188123486761954,3813,3766,2318,2318,"P4",1545
256,0.16793301954091,0.696995188692988,0.02756,0.4,4000,0.95525,0.5505,0.00454132606721163,0,0.45316769053041,0.41362455018584,0.36625858929745,0.36596599051094,0.413760089677729,0.366830087584244,3821,3722,2202,2202,"P4",1545
256,0.16793301954091,0.696995188692988,0.02756,0.6,4000,0.9515,0.554,0.0234657039711191,0.000451263537906137,0.722145248211201,0.602671845767488,0.552870851965449,0.550483835995019,0.62797160955549,0.54812149635399,3806,3529,2216,2215,"P4",1545
256,0.16793301954091,0.696995188692988,0.02756,0.8,4000,0.96,0.56975,0.0978499341816586,0.0184291355857832,0.933744309144003,0.747388274273846,0.73030059718056,0.710074359341821,0.817605575848775,0.727550841917373,3840,3280,2279,2237,"P4",1545
301,0.0463553597303474,0.191898336508664,0.02756,-0.8,4000,0.6875,0.097,0.0309278350515464,0.0103092783505155,-0.912059137159693,-0.44718836825875,-0.410116644431636,-0.397808718950967,-0.657059057377028,-0.439694195095371,2750,2098,388,384,"P4",1573
301,0.0463553597303474,0.191898336508664,0.02756,-0.6,4000,0.691,0.1095,0.0251141552511416,0.00228310502283105,-0.704941084249232,-0.34059573789221,-0.294619018832999,-0.289342090948618,-0.49552008640614,-0.30462082283801,2764,2246,438,437,"P4",1573
301,0.0463553597303474,0.191898336508664,0.02756,-0.4,4000,0.6875,0.11175,0.00671140939597315,0.00223713646532438,-0.45668862400548,-0.234850699637086,-0.179569475731499,-0.176541162103854,-0.326637326736116,-0.1823613213973,2750,2349,447,446,"P4",1573
301,0.0463553597303474,0.191898336508664,0.02756,-0.2,4000,0.67775,0.09825,0.0101781170483461,0,-0.20130896133653,-0.105937697451556,-0.0584533422255532,-0.0580488869288696,-0.146720580718706,-0.0670341333015718,2711,2410,393,393,"P4",1573
301,0.0463553597303474,0.191898336508664,0.02756,0,4000,0.69425,0.10425,0.0119904076738609,0.00239808153477218,-0.00277162240470663,0.0274678292896706,0.0581975639608783,0.0540131399072171,0.0413988525999057,0.0546196161225146,2777,2446,417,416,"P4",1573
301,0.0463553597303474,0.191898336508664,0.02756,0.2,4000,0.6885,0.1005,0.00995024875621891,0,0.27824498554377,0.150764705825223,0.142628426179847,0.142053290658991,0.200426815063685,0.150244793704955,2754,2406,402,402,"P4",1573
301,0.0463553597303474,0.191898336508664,0.02756,0.4,4000,0.6835,0.1,0.0225,0.0025,0.530259214050737,0.262169756824935,0.240043870550215,0.23454792644496,0.376601716759845,0.238163063102655,2734,2326,400,399,"P4",1573
301,0.0463553597303474,0.191898336508664,0.02756,0.6,4000,0.68675,0.09825,0.0203562340966921,0.00254452926208651,0.757753758919369,0.348309325960392,0.321645573332221,0.316442599701588,0.503564974289955,0.303294041598999,2747,2212,393,392,"P4",1573
301,0.0463553597303474,0.191898336508664,0.02756,0.8,4000,0.68325,0.103,0.0485436893203883,0.0194174757281553,0.926227130385513,0.47003652845831,0.48582272284817,0.464802865749968,0.690641765230747,0.480271720479177,2733,2091,412,404,"P4",1573
381,0.0584632325030561,0.212751362747471,0.02756,-0.8,4000,0.757,0.16825,0.0490341753343239,0.0208023774145617,-1.04121460324273,-0.546464797391443,-0.515655570040093,-0.491157016425296,-0.746479112195943,-0.489354305763481,3028,2283,673,659,"P4",1602
381,0.0584632325030561,0.212751362747471,0.02756,-0.6,4000,0.7785,0.173,0.0303468208092486,0.00289017341040462,-0.72707019824433,-0.421862689898065,-0.343442854350936,-0.338255706500292,-0.552051154229113,-0.338197656683257,3114,2625,692,690,"P4",1602
381,0.0584632325030561,0.212751362747471,0.02756,-0.4,4000,0.76875,0.166,0.00903614457831325,0.0105421686746988,-0.561879145593407,-0.300809298325863,-0.256887332536863,-0.244497078286428,-0.379614895595025,-0.256763794515305,3075,2717,664,657,"P4",1602
381,0.0584632325030561,0.212751362747471,0.02756,-0.2,4000,0.78125,0.17475,0.00286123032904149,0,-0.261870085471491,-0.1520509174527,-0.119146604010323,-0.119127796062176,-0.174725401589204,-0.120271460615049,3125,2897,699,699,"P4",1602
381,0.0584632325030561,0.212751362747471,0.02756,0,4000,0.78025,0.16775,0,0,0.00850597372423884,0.00326349437438248,0.0103924719117772,0.0103924719117772,-2.37935544559138e-05,0.009910044944528,3121,2878,671,671,"P4",1602
381,0.0584632325030561,0.212751362747471,0.02756,0.2,4000,0.767,0.17625,0.00141843971631206,0.00141843971631206,0.24251259826213,0.147631643816141,0.140220965472485,0.138578982185347,0.181312829466537,0.150546123559752,3068,2839,705,704,"P4",1602
381,0.0584632325030561,0.212751362747471,0.02756,0.4,4000,0.7705,0.16775,0.0163934426229508,0.0029806259314456,0.479837880134677,0.308842302173963,0.304637212196942,0.300593945623864,0.390369762478725,0.305188396331771,3082,2713,671,669,"P4",1602
381,0.0584632325030561,0.212751362747471,0.02756,0.6,4000,0.77375,0.16425,0.0334855403348554,0.0076103500761035,0.720921376676863,0.444357818081292,0.40665642285527,0.395985973686329,0.560131058060137,0.405880497307409,3095,2609,657,652,"P4",1602
381,0.0584632325030561,0.212751362747471,0.02756,0.8,4000,0.78275,0.17575,0.058321479374111,0.0170697012802276,1.02518516436166,0.574326952124366,0.547809587808162,0.527003120862789,0.759713690431352,0.557795961193869,3131,2411,703,691,"P4",1602
39,0.0463490796903909,0.537913903547233,0.02756,-0.8,4000,0.533,0.04875,0.0358974358974359,0.0153846153846154,-0.74939721446336,-0.277563742701438,-0.300783588617812,-0.280012146408786,-0.51576527062642,-0.301618769561935,2132,1605,195,192,"P4",1664
39,0.0463490796903909,0.537913903547233,0.02756,-0.6,4000,0.5235,0.051,0.0147058823529412,0.00980392156862745,-0.508807562665397,-0.19926048661614,-0.178387749625418,-0.165954830360779,-0.351804511923471,-0.164599258992669,2094,1672,204,202,"P4",1664
39,0.0463490796903909,0.537913903547233,0.02756,-0.4,4000,0.53175,0.0445,0.0112359550561798,0.00561797752808989,-0.503051676499704,-0.137700399189781,-0.126018459051147,-0.116156763028682,-0.231542051342942,-0.140728976584123,2127,1707,178,177,"P4",1664
39,0.0463490796903909,0.537913903547233,0.02756,-0.2,4000,0.53125,0.048,0.015625,0.00520833333333333,-0.258275904307416,-0.0538468134674552,-0.101302859101942,-0.110512038612866,-0.133741382583885,-0.0845909926628179,2125,1683,192,191,"P4",1664
39,0.0463490796903909,0.537913903547233,0.02756,0,4000,0.52975,0.045,0.0111111111111111,0,0.0466953123250933,0.0406518529983088,0.0239787578970787,0.0236347308238915,0.0677048878479301,0.0458570027800195,2119,1709,180,180,"P4",1664
39,0.0463490796903909,0.537913903547233,0.02756,0.2,4000,0.5405,0.04675,0.0267379679144385,0,0.101162393317732,0.0917654869411446,0.126537989677457,0.124394783009587,0.171671924275828,0.152299094221237,2162,1719,187,187,"P4",1664
39,0.0463490796903909,0.537913903547233,0.02756,0.4,4000,0.533,0.04775,0.0471204188481675,0.00523560209424084,0.287422397967433,0.13201145918725,0.170049480612355,0.159791642235058,0.253047021869809,0.164946222330618,2132,1724,191,190,"P4",1664
39,0.0463490796903909,0.537913903547233,0.02756,0.6,4000,0.52675,0.05125,0.0390243902439024,0.0048780487804878,0.592599221922448,0.236437595436161,0.230978159736753,0.223156141269072,0.408342488084756,0.221179332654684,2107,1637,205,204,"P4",1664
39,0.0463490796903909,0.537913903547233,0.02756,0.8,4000,0.5225,0.04925,0.050761421319797,0.0101522842639594,0.765622366008273,0.32225100361177,0.402474893971701,0.389012236049474,0.563186880348202,0.431463870876772,2090,1603,197,195,"P4",1664
199,0.0490347091457012,0.320946056457017,0.02756,-0.8,4000,0.6715,0.10625,0.0352941176470588,0.00470588235294118,-0.919624226585119,-0.463542625103582,-0.386834419267169,-0.37873942123759,-0.653136767364534,-0.353354557274192,2686,2146,425,423,"P4",1689
199,0.0490347091457012,0.320946056457017,0.02756,-0.6,4000,0.6765,0.111,0.0135135135135135,0.00225225225225225,-0.667611978862132,-0.356122877873678,-0.292704496320449,-0.288984394780568,-0.467294673578404,-0.282962724666426,2706,2284,444,443,"P4",1689
199,0.0490347091457012,0.320946056457017,0.02756,-0.4,4000,0.667,0.111,0.00225225225225225,0.00225225225225225,-0.418886997291323,-0.242740441562394,-0.200664145917019,-0.197450547510233,-0.31490277802445,-0.219083725730302,2668,2341,444,443,"P4",1689
199,0.0490347091457012,0.320946056457017,0.02756,-0.2,4000,0.67575,0.11325,0.00441501103752759,0,-0.19407849171501,-0.10901603153063,-0.0514331409235095,-0.0514233688325513,-0.135067549898164,-0.0334333293752534,2703,2480,453,453,"P4",1689
199,0.0490347091457012,0.320946056457017,0.02756,0,4000,0.68025,0.11225,0.0022271714922049,0,-0.00365270834939382,0.0148866286764773,0.0280916556393835,0.0280367227075379,0.0253926557372948,0.050140485901436,2721,2461,449,449,"P4",1689
199,0.0490347091457012,0.320946056457017,0.02756,0.2,4000,0.65675,0.11325,0.00883002207505519,0,0.229432407169761,0.105487552328041,0.117136662156272,0.116985455350189,0.137070858085403,0.102537981746107,2627,2382,453,453,"P4",1689
199,0.0490347091457012,0.320946056457017,0.02756,0.4,4000,0.66775,0.1065,0.0117370892018779,0.00234741784037559,0.476693434043924,0.266974969415511,0.269440781031295,0.266085577206829,0.337444200375174,0.268147898608126,2671,2340,426,425,"P4",1689
199,0.0490347091457012,0.320946056457017,0.02756,0.6,4000,0.677,0.12025,0.0166320166320166,0.00415800415800416,0.654139880506888,0.375619065244283,0.354502849986166,0.348951931797219,0.504268552339247,0.367875488417815,2708,2277,481,479,"P4",1689
199,0.0490347091457012,0.320946056457017,0.02756,0.8,4000,0.65975,0.10075,0.0372208436724566,0.0198511166253102,0.935542511813342,0.482228617631185,0.451992147799464,0.429679659462177,0.687477891015654,0.439277773901783,2639,2031,403,395,"P4",1689
274,0.046354672344744,0.233417317944111,0.02756,-0.8,4000,0.69125,0.10575,0.0543735224586288,0.00709219858156028,-0.912953447925676,-0.461276895115417,-0.393406942446533,-0.382127962028132,-0.656294796409919,-0.400779898546402,2765,2183,423,420,"P4",1720
274,0.046354672344744,0.233417317944111,0.02756,-0.6,4000,0.69525,0.11125,0.0202247191011236,0.00674157303370787,-0.670550909344821,-0.337017321973181,-0.300984514859855,-0.29167288272458,-0.478644819465194,-0.313494218650969,2781,2300,445,442,"P4",1720
274,0.046354672344744,0.233417317944111,0.02756,-0.4,4000,0.68425,0.111,0.018018018018018,0,-0.445338385888231,-0.22103592892854,-0.200643512436147,-0.199555603953384,-0.301069708020427,-0.197016831067848,2737,2378,444,444,"P4",1720
274,0.046354672344744,0.233417317944111,0.02756,-0.2,4000,0.67475,0.10725,0.00699300699300699,0,-0.217839525518092,-0.104195644805453,-0.106348847425177,-0.105347639558094,-0.141025408571348,-0.124424679671337,2699,2425,429,429,"P4",1720
274,0.046354672344744,0.233417317944111,0.02756,0,4000,0.683,0.1125,0.00444444444444444,0,0.03133107463381,0.01122057953989,0.0309303404631119,0.030603982501928,0.000795061639664552,0.0394125428974468,2732,2473,450,450,"P4",1720
274,0.046354672344744,0.233417317944111,0.02756,0.2,4000,0.68825,0.10825,0.0092378752886836,0,0.219103493368057,0.136324518260939,0.139006789137204,0.13796833149231,0.182934073232399,0.11874971005804,2753,2472,433,433,"P4",1720
274,0.046354672344744,0.233417317944111,0.02756,0.4,4000,0.6915,0.111,0.00900900900900901,0,0.47480982988113,0.262960461335978,0.2798417278637,0.278686398350648,0.351392862542028,0.275400008540357,2766,2410,444,444,"P4",1720
274,0.046354672344744,0.233417317944111,0.02756,0.6,4000,0.6765,0.10225,0.0317848410757946,0.00488997555012225,0.717433944811399,0.368267831352344,0.350260181501352,0.340366509781322,0.511676335852125,0.342482443156399,2706,2219,409,407,"P4",1720
274,0.046354672344744,0.233417317944111,0.02756,0.8,4000,0.6885,0.1115,0.047085201793722,0.0224215246636771,0.917825649410886,0.47575813689393,0.483947030336513,0.457110780778828,0.686492391757173,0.473892943278696,2754,2133,446,436,"P4",1720
139,0.0463494754290321,0.192767725064503,0.02756,-0.8,4000,0.568,0.0455,0.043956043956044,0.00549450549450549,-0.965752339152591,-0.33487403963412,-0.338008340776125,-0.328011634939333,-0.621947728267882,-0.306426140284739,2272,1662,182,181,"P4",1818
139,0.0463494754290321,0.192767725064503,0.02756,-0.6,4000,0.59,0.0485,0.0309278350515464,0,-0.650188412207647,-0.258350839353079,-0.246481067564967,-0.243328421676705,-0.437101617271612,-0.228993803065806,2360,1827,194,194,"P4",1818
139,0.0463494754290321,0.192767725064503,0.02756,-0.4,4000,0.57125,0.051,0.0196078431372549,0,-0.43812654575889,-0.159719692723313,-0.151855569147517,-0.150110594989795,-0.268924868822094,-0.151143011736829,2285,1819,204,204,"P4",1818
139,0.0463494754290321,0.192767725064503,0.02756,-0.2,4000,0.57475,0.048,0.0104166666666667,0.00520833333333333,-0.178380675815198,-0.0547060386441301,-0.126202479437501,-0.119099393875609,-0.11333010712033,-0.118463724771279,2299,1877,192,191,"P4",1818
139,0.0463494754290321,0.192767725064503,0.02756,0,4000,0.58725,0.04925,0.0203045685279188,0,-0.0234575999753434,-0.00460762849254828,-0.00713249285579909,-0.00776522887463092,-0.0194385246742662,-0.0153732035543867,2349,1940,197,197,"P4",1818
139,0.0463494754290321,0.192767725064503,0.02756,0.2,4000,0.59,0.052,0.0192307692307692,0,0.200690071426544,0.0981468634353029,0.103120424162794,0.104136123425468,0.169995840350355,0.137182752567952,2360,1952,208,208,"P4",1818
139,0.0463494754290321,0.192767725064503,0.02756,0.4,4000,0.58825,0.049,0.0255102040816327,0.0102040816326531,0.444454621382887,0.168099832651847,0.172441095787535,0.158724407527463,0.295581939492236,0.183782853125509,2353,1895,196,194,"P4",1818
139,0.0463494754290321,0.192767725064503,0.02756,0.6,4000,0.59,0.054,0.0231481481481481,0,0.684882976493379,0.293602984715211,0.306058447423269,0.303935245695861,0.461719606790675,0.347826363001284,2360,1841,216,216,"P4",1818
139,0.0463494754290321,0.192767725064503,0.02756,0.8,4000,0.58175,0.045,0.0222222222222222,0.0166666666666667,0.823970883330803,0.34020053607257,0.373501034670427,0.352895068668181,0.627901633898398,0.365804213521117,2327,1712,180,177,"P4",1818
251,0.0463517221242328,0.394151205652099,0.02756,-0.8,4000,0.686,0.13025,0.0268714011516315,0.00767754318618042,-0.822335221430487,-0.49236728249471,-0.420749043982553,-0.410148880844516,-0.626500926985062,-0.412031878340615,2744,2246,521,517,"P4",1850
251,0.0463517221242328,0.394151205652099,0.02756,-0.6,4000,0.69125,0.13,0.00961538461538462,0.00192307692307692,-0.606932128601071,-0.396418761119018,-0.336719951029708,-0.334064154397444,-0.487323181989957,-0.338122341140065,2765,2428,520,519,"P4",1850
251,0.0463517221242328,0.394151205652099,0.02756,-0.4,4000,0.677,0.12675,0.0019723865877712,0.0019723865877712,-0.398283018834876,-0.264310146697903,-0.217856859421477,-0.215679298275307,-0.307098874367358,-0.197631803686475,2708,2468,507,506,"P4",1850
251,0.0463517221242328,0.394151205652099,0.02756,-0.2,4000,0.67775,0.13125,0.00380952380952381,0.00380952380952381,-0.224436646839332,-0.146118991998853,-0.0950685974574351,-0.0899696014856193,-0.162382150595287,-0.0810535642645899,2711,2522,525,523,"P4",1850
251,0.0463517221242328,0.394151205652099,0.02756,0,4000,0.68825,0.12175,0.00205338809034908,0,-0.00347832638108802,0.0083323722858766,0.0212343404471081,0.0209192442819185,0.00270592797515882,0.0284317300285886,2753,2592,487,487,"P4",1850
251,0.0463517221242328,0.394151205652099,0.02756,0.2,4000,0.689,0.1325,0.00188679245283019,0,0.199448880444244,0.129738644569296,0.148715450330256,0.148679916263392,0.165279947494429,0.159711117812642,2756,2555,530,530,"P4",1850
251,0.0463517221242328,0.394151205652099,0.02756,0.4,4000,0.68175,0.12125,0.00206185567010309,0.00206185567010309,0.420278299102345,0.284466206999513,0.235448617521242,0.233351690916864,0.325556459294259,0.228021225508211,2727,2491,485,484,"P4",1850
251,0.0463517221242328,0.394151205652099,0.02756,0.6,4000,0.68675,0.12275,0.0224032586558045,0.00610997963340122,0.652915833448708,0.416166339490272,0.350662048714971,0.342257236425699,0.501931576764013,0.340459311568284,2747,2397,491,488,"P4",1850
251,0.0463517221242328,0.394151205652099,0.02756,0.8,4000,0.677,0.129,0.0465116279069767,0.00387596899224806,0.83531446017039,0.533987452006134,0.498375620351281,0.49060399264106,0.663141555544429,0.492912283216142,2708,2254,516,514,"P4",1850
166,0.108674490417491,0.327781909696835,0.02756,-0.8,4000,0.80775,0.2095,0.081145584725537,0.0393794749403341,-1.08114982651161,-0.571177832107777,-0.576298770045595,-0.532969951714266,-0.793700798315028,-0.559711787133751,3231,2423,838,805,"P4",1921
166,0.108674490417491,0.327781909696835,0.02756,-0.6,4000,0.81125,0.214,0.0467289719626168,0.0151869158878505,-0.749999885754133,-0.455939120334284,-0.425783750074042,-0.405776507102726,-0.595195340243604,-0.405015396395695,3245,2711,856,843,"P4",1921
166,0.108674490417491,0.327781909696835,0.02756,-0.4,4000,0.81075,0.216,0.0104166666666667,0.00462962962962963,-0.548076794658352,-0.325215930826966,-0.281608152129369,-0.275453420603178,-0.41048883675821,-0.276253233804417,3243,2853,864,860,"P4",1921
166,0.108674490417491,0.327781909696835,0.02756,-0.2,4000,0.80675,0.2135,0.00351288056206089,0.00117096018735363,-0.278499213972886,-0.169390454237319,-0.143225465796172,-0.141677426734865,-0.200241737438497,-0.123615153811747,3227,2967,854,853,"P4",1921
166,0.108674490417491,0.327781909696835,0.02756,0,4000,0.81425,0.2115,0.00709219858156028,0,-0.0280179499662236,-0.0027895537840366,0.0253703785104346,0.0253322072309785,0.000721313909598217,0.0286388174657661,3257,3045,846,846,"P4",1921
166,0.108674490417491,0.327781909696835,0.02756,0.2,4000,0.8045,0.1975,0.00759493670886076,0,0.236877441341716,0.162454806344693,0.164277917567351,0.163287004783747,0.195581332427807,0.166996715688742,3218,2975,790,790,"P4",1921
166,0.108674490417491,0.327781909696835,0.02756,0.4,4000,0.81025,0.2255,0.0221729490022173,0.00443458980044346,0.503655026089686,0.307467916864253,0.293504785795578,0.286798658733524,0.382462686593476,0.283359497087371,3241,2899,902,898,"P4",1921
166,0.108674490417491,0.327781909696835,0.02756,0.6,4000,0.8115,0.20925,0.040621266427718,0.013142174432497,0.771080808985805,0.464683761253711,0.445707659742819,0.429696350660233,0.597174119871347,0.42421882563767,3246,2707,837,826,"P4",1921
166,0.108674490417491,0.327781909696835,0.02756,0.8,4000,0.808,0.213,0.0903755868544601,0.0199530516431925,1.03033744178184,0.607508395559357,0.613220691306739,0.588185855533235,0.798223667874368,0.61235103703614,3232,2489,852,835,"P4",1921
344,0.0463647434479125,0.167186138195807,0.02756,-0.8,4000,0.6835,0.0945,0.0476190476190476,0.0132275132275132,-1.02744910053266,-0.45813973566803,-0.422629683848568,-0.405932533356554,-0.714614677196188,-0.386432958836933,2734,2042,378,373,"P4",2073
344,0.0463647434479125,0.167186138195807,0.02756,-0.6,4000,0.692,0.09125,0.0273972602739726,0,-0.797897181636756,-0.352753899319517,-0.317371277123213,-0.313974744120019,-0.514961780956052,-0.325220481944091,2768,2213,365,365,"P4",2073
344,0.0463647434479125,0.167186138195807,0.02756,-0.4,4000,0.70275,0.10325,0.0145278450363196,0.00242130750605327,-0.526313203478093,-0.239392453637993,-0.196083456686007,-0.191555019701416,-0.341399610453681,-0.182042335248129,2811,2396,413,412,"P4",2073
344,0.0463647434479125,0.167186138195807,0.02756,-0.2,4000,0.71325,0.10125,0.0172839506172839,0,-0.269255743957592,-0.118670585676371,-0.076404873240646,-0.0755160166376876,-0.170280577740282,-0.0708124078243031,2853,2480,405,405,"P4",2073
344,0.0463647434479125,0.167186138195807,0.02756,0,4000,0.70425,0.1105,0.00452488687782805,0.00226244343891403,-0.00584792877228354,0.00534029359416324,0.0288796381374906,0.0255030278567382,0.00473519313801708,0.00390077482754272,2817,2490,442,441,"P4",2073
344,0.0463647434479125,0.167186138195807,0.02756,0.2,4000,0.69775,0.09775,0,0,0.220626139515831,0.121563976781784,0.117562306991084,0.117562306991084,0.178667911107814,0.106593881675038,2791,2446,391,391,"P4",2073
344,0.0463647434479125,0.167186138195807,0.02756,0.4,4000,0.69775,0.10375,0.0168674698795181,0,0.480407729410592,0.264782742182248,0.258507639006984,0.257297380926925,0.378434102251979,0.270438248929312,2791,2372,415,415,"P4",2073
344,0.0463647434479125,0.167186138195807,0.02756,0.6,4000,0.712,0.095,0.0342105263157895,0.0131578947368421,0.782338919195086,0.368715250413713,0.363885499132233,0.346276796549697,0.523053008801359,0.344294027410427,2848,2264,380,375,"P4",2073
344,0.0463647434479125,0.167186138195807,0.02756,0.8,4000,0.69425,0.10425,0.0431654676258993,0.00959232613908873,0.938610664062322,0.473933032694697,0.464790803453849,0.451664371985337,0.69236271320655,0.486886806230209,2777,2093,417,413,"P4",2073
404,0.0463603061561819,0.29927903367132,0.02756,-0.8,4000,0.7385,0.159,0.0345911949685535,0.0125786163522013,-0.909190198246208,-0.557191923471746,-0.485075274854461,-0.469874982846645,-0.690261905961081,-0.476472297178126,2954,2398,636,628,"P4",2081
404,0.0463603061561819,0.29927903367132,0.02756,-0.6,4000,0.74375,0.16925,0.0132939438700148,0,-0.701095778093839,-0.42587919002195,-0.371506831765973,-0.370260546983633,-0.50388352850051,-0.365467649589832,2975,2588,677,677,"P4",2081
404,0.0463603061561819,0.29927903367132,0.02756,-0.4,4000,0.7275,0.162,0.00462962962962963,0,-0.455748431785703,-0.299369617386637,-0.226084779598192,-0.22578898096069,-0.339951801591553,-0.211733918727949,2910,2666,648,648,"P4",2081
404,0.0463603061561819,0.29927903367132,0.02756,-0.2,4000,0.733,0.155,0.00161290322580645,0,-0.221007579571159,-0.150584797920561,-0.114669779395579,-0.114707342652283,-0.160483087478079,-0.108135597390965,2932,2772,620,620,"P4",2081
404,0.0463603061561819,0.29927903367132,0.02756,0,4000,0.73225,0.15925,0.00470957613814757,0,-0.023154148236592,-0.00672517590528707,0.00880656276349778,0.00860601266517976,-0.00261463368143602,0.00959728530189333,2929,2798,637,637,"P4",2081
404,0.0463603061561819,0.29927903367132,0.02756,0.2,4000,0.7325,0.162,0,0,0.210656185075795,0.147772522889725,0.153998315582243,0.153998315582243,0.166663788444743,0.158440532150035,2930,2769,648,648,"P4",2081
404,0.0463603061561819,0.29927903367132,0.02756,0.4,4000,0.7315,0.16175,0.0108191653786708,0,0.434458928904495,0.307360717452793,0.254560247373953,0.253515784663754,0.351511684435467,0.25923699966272,2926,2698,647,647,"P4",2081
404,0.0463603061561819,0.29927903367132,0.02756,0.6,4000,0.73725,0.15875,0.0094488188976378,0.0015748031496063,0.659539646096657,0.437843316602991,0.356467795204125,0.35319437856892,0.525827849166594,0.339833528285318,2949,2578,635,634,"P4",2081
404,0.0463603061561819,0.29927903367132,0.02756,0.8,4000,0.73025,0.1505,0.0232558139534884,0.0116279069767442,0.876391644609126,0.552784909281114,0.496522823332392,0.484011937676624,0.684638515375351,0.492822752654371,2921,2368,602,595,"P4",2081
207,0.0914717357645482,0.380967499806819,0.02756,-0.8,4000,0.79775,0.2135,0.0433255269320843,0.0210772833723653,-1.00751070161439,-0.603004474956323,-0.553969659544718,-0.531728529219289,-0.778424718669901,-0.552995631837774,3191,2467,854,836,"P4",2113
207,0.0914717357645482,0.380967499806819,0.02756,-0.6,4000,0.791,0.2245,0.032293986636971,0.00779510022271715,-0.76287927846102,-0.464194739912615,-0.431644715172006,-0.421680349996646,-0.577759239114606,-0.438113729716857,3164,2691,898,891,"P4",2113
207,0.0914717357645482,0.380967499806819,0.02756,-0.4,4000,0.81175,0.232,0.0140086206896552,0.00107758620689655,-0.52252816435506,-0.329273379028819,-0.26744768537053,-0.265022252324195,-0.388913066725589,-0.24786351227957,3247,2951,928,927,"P4",2113
207,0.0914717357645482,0.380967499806819,0.02756,-0.2,4000,0.80275,0.2195,0.00683371298405467,0,-0.280564701808762,-0.175824509374839,-0.134442035073606,-0.133941368857483,-0.201129527027372,-0.132225901803773,3211,2998,878,878,"P4",2113
207,0.0914717357645482,0.380967499806819,0.02756,0,4000,0.79175,0.227,0.00110132158590308,0,-0.0148605668668299,-0.00308218519420278,-0.000978039403117645,-0.000978724926804368,-0.00122402839018826,0.00341813351026845,3167,3028,908,908,"P4",2113
207,0.0914717357645482,0.380967499806819,0.02756,0.2,4000,0.79925,0.22275,0.00112233445566779,0,0.244862111201602,0.163959347600224,0.142742311902324,0.142700804357071,0.198206866269873,0.128795221148139,3197,3006,891,891,"P4",2113
207,0.0914717357645482,0.380967499806819,0.02756,0.4,4000,0.8005,0.218,0.00688073394495413,0.00114678899082569,0.518026102030059,0.347136207354103,0.296778342390865,0.29469476704163,0.398998710166073,0.290150079377893,3202,2905,872,871,"P4",2113
207,0.0914717357645482,0.380967499806819,0.02756,0.6,4000,0.81225,0.231,0.0303030303030303,0.00865800865800866,0.743179275883914,0.473699828505506,0.418497235183531,0.407316121042381,0.575398936417441,0.409110440938076,3249,2796,924,916,"P4",2113
207,0.0914717357645482,0.380967499806819,0.02756,0.8,4000,0.80375,0.2245,0.0712694877505568,0.0244988864142539,0.967980635158669,0.609335344777262,0.590677519156461,0.563838588606634,0.759055562655236,0.584658070358784,3215,2546,898,876,"P4",2113
389,0.143272993662809,0.443630896224679,0.02756,-0.8,4000,0.95975,0.5955,0.117968094038623,0.0285474391267842,-0.95613095575402,-0.749767883611494,-0.740170606040239,-0.710641636141221,-0.827811518480763,-0.729603511439296,3839,3252,2382,2314,"P4",2117
389,0.143272993662809,0.443630896224679,0.02756,-0.6,4000,0.9635,0.60075,0.0337078651685393,0.00499375780274657,-0.716668662003261,-0.593595139353279,-0.548936395709156,-0.541985595937436,-0.61673488838535,-0.537496909296398,3854,3559,2403,2391,"P4",2117
389,0.143272993662809,0.443630896224679,0.02756,-0.4,4000,0.9645,0.60825,0.00452116728318948,0.00041101520756268,-0.475380712917128,-0.413488447172404,-0.365005675798687,-0.364160627764716,-0.413587947902279,-0.357287614143881,3858,3729,2433,2432,"P4",2117
389,0.143272993662809,0.443630896224679,0.02756,-0.2,4000,0.96475,0.6065,0.00247320692497939,0,-0.236663038960588,-0.211608054598174,-0.184954160592263,-0.184732305999316,-0.208466357596228,-0.185813635069605,3859,3812,2426,2426,"P4",2117
389,0.143272993662809,0.443630896224679,0.02756,0,4000,0.96825,0.61275,0,0,-0.00425178776048159,-0.00167023082847755,0.00429847222878801,0.00429847222878801,-0.000274772198769311,0.00698056183454787,3873,3841,2451,2451,"P4",2117
389,0.143272993662809,0.443630896224679,0.02756,0.2,4000,0.95975,0.59475,0,0,0.243471233948411,0.21325822838153,0.189255599093708,0.189255599093708,0.213066677111831,0.189499920081496,3839,3795,2379,2379,"P4",2117
389,0.143272993662809,0.443630896224679,0.02756,0.4,4000,0.96225,0.59475,0.0058848255569567,0.000420344682639765,0.472900952444085,0.413724977235928,0.370157057512756,0.3693554648036,0.417191707963956,0.370788359686642,3849,3731,2379,2378,"P4",2117
389,0.143272993662809,0.443630896224679,0.02756,0.6,4000,0.96425,0.608,0.0316611842105263,0.00328947368421053,0.695052611992551,0.59387667309047,0.551431606476953,0.546089767124878,0.614950001729267,0.547707787445947,3857,3614,2432,2424,"P4",2117
389,0.143272993662809,0.443630896224679,0.02756,0.8,4000,0.967,0.592,0.115709459459459,0.0266047297297297,0.963203242951974,0.751945327344193,0.743150711504089,0.715000520960888,0.82821904269068,0.730997134809123,3868,3269,2368,2305,"P4",2117
436,0.0981310254022627,0.176914966340279,0.02756,-0.8,4000,0.8965,0.31775,0.0865460267505901,0.040125885129819,-1.04546035075877,-0.6363163915068,-0.639915694332884,-0.599075992773239,-0.822547370542875,-0.637402806340863,3586,2714,1271,1220,"P4",2222
436,0.0981310254022627,0.176914966340279,0.02756,-0.6,4000,0.9045,0.32425,0.0331534309946029,0.0115651503469545,-0.794053468985253,-0.500908845330653,-0.454149110638562,-0.440525273894879,-0.61099903606206,-0.444498853334847,3618,3023,1297,1282,"P4",2222
436,0.0981310254022627,0.176914966340279,0.02756,-0.4,4000,0.907,0.32325,0.0177880897138438,0.00309358081979892,-0.543691813763266,-0.358150146832372,-0.321060675858656,-0.315460336583503,-0.410554256123733,-0.305171061411516,3628,3272,1293,1289,"P4",2222
436,0.0981310254022627,0.176914966340279,0.02756,-0.2,4000,0.90225,0.31,0.00483870967741936,0.000806451612903226,-0.268646263064075,-0.182300207819116,-0.139931628452488,-0.138125769364867,-0.203811356275661,-0.129579050116803,3609,3368,1240,1239,"P4",2222
436,0.0981310254022627,0.176914966340279,0.02756,0,4000,0.89825,0.3255,0.00230414746543779,0,-0.0173595897266924,0.00667348794042765,0.00425016802817354,0.00427252802918424,0.00590246785879593,0.00546758392950149,3593,3438,1302,1302,"P4",2222
436,0.0981310254022627,0.176914966340279,0.02756,0.2,4000,0.8995,0.31875,0.00705882352941176,0.000784313725490196,0.247480011968201,0.18908470962949,0.180982151528231,0.179611422627174,0.212489173152017,0.177462810321678,3598,3402,1275,1274,"P4",2222
436,0.0981310254022627,0.176914966340279,0.02756,0.4,4000,0.9045,0.32575,0.0199539524174981,0.00306983883346124,0.517139717717817,0.345218602448727,0.330249585940822,0.324823701776993,0.402201374138387,0.32641017959194,3618,3312,1303,1299,"P4",2222
436,0.0981310254022627,0.176914966340279,0.02756,0.6,4000,0.8915,0.318,0.0487421383647799,0.0102201257861635,0.844188440574266,0.521346438624967,0.488122387452812,0.474716312152862,0.636347831283096,0.472611375906241,3566,3009,1272,1259,"P4",2222
436,0.0981310254022627,0.176914966340279,0.02756,0.8,4000,0.90925,0.31625,0.0948616600790514,0.0426877470355731,1.08391464105689,0.644722763764093,0.654010284399967,0.609913523662528,0.840436932910279,0.626301598740019,3637,2731,1265,1211,"P4",2222
162,0.0463541927234685,0.29882893745814,0.02756,-0.8,4000,0.6355,0.09225,0.043360433604336,0.00813008130081301,-0.802918373900317,-0.403857276654153,-0.387145119137095,-0.374983593196691,-0.606420786207745,-0.387662841767527,2542,1978,369,366,"P4",2328
162,0.0463541927234685,0.29882893745814,0.02756,-0.6,4000,0.6425,0.08925,0.0252100840336134,0.00840336134453781,-0.73108418679997,-0.304179963250792,-0.26473717876704,-0.254107781525667,-0.456278086553931,-0.244109952119533,2570,2080,357,354,"P4",2328
162,0.0463541927234685,0.29882893745814,0.02756,-0.4,4000,0.64225,0.08925,0.0112044817927171,0.00280112044817927,-0.418522988104601,-0.223540953874983,-0.200969967166613,-0.197068640908945,-0.305371471656032,-0.190119453148072,2569,2215,357,356,"P4",2328
162,0.0463541927234685,0.29882893745814,0.02756,-0.2,4000,0.6425,0.08975,0.00835654596100279,0,-0.246863535016204,-0.092138716037151,-0.0479516190377233,-0.0479825966657127,-0.145430334889346,-0.0310599262555436,2570,2283,359,359,"P4",2328
162,0.0463541927234685,0.29882893745814,0.02756,0,4000,0.6395,0.08725,0.00286532951289398,0,-0.0327401445556779,0.0178861590727195,0.0198146007475836,0.0200241474670231,0.0215565354757966,0.0457000640826594,2558,2272,349,349,"P4",2328
162,0.0463541927234685,0.29882893745814,0.02756,0.2,4000,0.63925,0.08525,0.0117302052785924,0,0.219341323622524,0.108344340797107,0.0985443690098783,0.0988524766747378,0.155455544246384,0.102246882276921,2557,2234,341,341,"P4",2328
162,0.0463541927234685,0.29882893745814,0.02756,0.4,4000,0.63825,0.08925,0.00840336134453781,0.00280112044817927,0.445682999917148,0.226230798268505,0.215821439646383,0.212487979991443,0.323043657583771,0.214278275179015,2553,2192,357,356,"P4",2328
162,0.0463541927234685,0.29882893745814,0.02756,0.6,4000,0.6365,0.095,0.0289473684210526,0.00263157894736842,0.707161962886465,0.341263927748081,0.338395870199362,0.332631344154654,0.485457431227108,0.332636089207239,2546,2114,380,379,"P4",2328
162,0.0463541927234685,0.29882893745814,0.02756,0.8,4000,0.63525,0.085,0.0441176470588235,0.0117647058823529,0.825231992745635,0.425297150783934,0.374709983339224,0.357885884390513,0.638365717194365,0.373967931954762,2541,1980,340,336,"P4",2328
369,0.070576716996633,0.12985508770955,0.02756,-0.8,4000,0.776,0.12725,0.068762278978389,0.0235756385068762,-1.14814991750204,-0.501713246567457,-0.479890686848724,-0.449053360720715,-0.799310727963992,-0.464344072526448,3104,2204,509,497,"P4",2370
369,0.070576716996633,0.12985508770955,0.02756,-0.6,4000,0.768,0.1215,0.0308641975308642,0.0123456790123457,-0.852387573913792,-0.391430462121158,-0.373109536084285,-0.35651123771073,-0.587046519198396,-0.348365264456825,3072,2377,486,480,"P4",2370
369,0.070576716996633,0.12985508770955,0.02756,-0.4,4000,0.77725,0.12325,0.026369168356998,0.00405679513184584,-0.64709938955388,-0.268750039955896,-0.207884740055245,-0.200712334091923,-0.376192423379997,-0.210033488289312,3109,2613,493,491,"P4",2370
369,0.070576716996633,0.12985508770955,0.02756,-0.2,4000,0.776,0.12825,0.00974658869395711,0,-0.277512371373432,-0.128067404441691,-0.0867460207369418,-0.0859501053723013,-0.194794340906566,-0.0848561099959828,3104,2711,513,513,"P4",2370
369,0.070576716996633,0.12985508770955,0.02756,0,4000,0.764,0.12575,0.00596421471172962,0.00198807157057654,-0.00531747112533642,0.00994061995964417,0.0414434783180517,0.0385156632008218,0.0216866529874722,0.0497507087756154,3056,2684,503,502,"P4",2370
369,0.070576716996633,0.12985508770955,0.02756,0.2,4000,0.77675,0.12175,0.0102669404517454,0,0.277700575664349,0.139561546018746,0.120968430433069,0.119772475660659,0.185302367976997,0.116653675488194,3107,2739,487,487,"P4",2370
369,0.070576716996633,0.12985508770955,0.02756,0.4,4000,0.7635,0.1335,0.00561797752808989,0.00374531835205993,0.522028826592384,0.265600512851133,0.241167286994187,0.236646359677706,0.377982980161172,0.26785963147656,3054,2576,534,532,"P4",2370
369,0.070576716996633,0.12985508770955,0.02756,0.6,4000,0.76525,0.11675,0.0364025695931477,0.012847965738758,0.816225310990309,0.401656577762165,0.404854944908163,0.389012606476139,0.6028823982416,0.390280651518742,3061,2403,467,461,"P4",2370
369,0.070576716996633,0.12985508770955,0.02756,0.8,4000,0.76425,0.11625,0.0559139784946237,0.0150537634408602,1.08062624470968,0.516238321010475,0.520568474539324,0.500635300968111,0.793222976210248,0.517138526288207,3057,2193,465,458,"P4",2370
308,0.0463765865879553,0.216887911260009,0.02756,-0.8,4000,0.699,0.1135,0.0330396475770925,0.0176211453744493,-1.00586364307406,-0.469464317702932,-0.415900731602175,-0.394848071156214,-0.674625920255799,-0.408549686667144,2796,2153,454,446,"P4",2400
308,0.0463765865879553,0.216887911260009,0.02756,-0.6,4000,0.696,0.1215,0.0246913580246914,0.01440329218107,-0.715150406318837,-0.352441439132816,-0.332519940633224,-0.315985791804494,-0.491814201771355,-0.313617011979975,2784,2302,486,479,"P4",2400
308,0.0463765865879553,0.216887911260009,0.02756,-0.4,4000,0.67975,0.1125,0.00888888888888889,0.00222222222222222,-0.482190934955581,-0.250430736258674,-0.185711502548108,-0.182331713263945,-0.32749204258507,-0.182166683900059,2719,2359,450,449,"P4",2400
308,0.0463765865879553,0.216887911260009,0.02756,-0.2,4000,0.7075,0.116,0.00431034482758621,0,-0.263033627303252,-0.130827776583841,-0.0992847275012992,-0.0987721215981332,-0.180223403997738,-0.1153291265443,2830,2527,464,464,"P4",2400
308,0.0463765865879553,0.216887911260009,0.02756,0,4000,0.6985,0.1225,0.00612244897959184,0,0.00452829825963169,0.0180819903230257,0.0228861316749951,0.0227120072924098,0.0172647091496387,0.0261545912218985,2794,2534,490,490,"P4",2400
308,0.0463765865879553,0.216887911260009,0.02756,0.2,4000,0.6955,0.113,0.00663716814159292,0.00663716814159292,0.239587697582741,0.13864197112549,0.142172768795468,0.139854388271956,0.187456996289532,0.156850257012053,2782,2488,452,449,"P4",2400
308,0.0463765865879553,0.216887911260009,0.02756,0.4,4000,0.68675,0.1135,0.013215859030837,0.00440528634361234,0.390272866367582,0.241910566382315,0.217000628417975,0.21118699219573,0.313556631130518,0.220174740675108,2747,2402,454,452,"P4",2400
308,0.0463765865879553,0.216887911260009,0.02756,0.6,4000,0.704,0.122,0.0348360655737705,0.00204918032786885,0.712907693082912,0.389208296259879,0.354979945458203,0.349945023747749,0.527499791796357,0.349530564763445,2816,2333,488,487,"P4",2400
308,0.0463765865879553,0.216887911260009,0.02756,0.8,4000,0.7,0.11775,0.0424628450106157,0.00212314225053079,0.927313770606303,0.499492914472053,0.458719888667747,0.451336607004301,0.688881772771193,0.479506720087417,2800,2195,471,470,"P4",2400
222,0.0463538174187949,0.253636351931727,0.02756,-0.8,4000,0.66175,0.102,0.0343137254901961,0.0122549019607843,-0.882264691455516,-0.440405157744312,-0.406442874630521,-0.39131042203134,-0.641639891742336,-0.423918851566993,2647,2070,408,403,"P4",2411
222,0.0463538174187949,0.253636351931727,0.02756,-0.6,4000,0.653,0.09675,0.0258397932816537,0.00516795865633075,-0.698698568942679,-0.34319355525318,-0.321621478085603,-0.31498366227716,-0.482574861845973,-0.30787046477392,2612,2132,387,385,"P4",2411
222,0.0463538174187949,0.253636351931727,0.02756,-0.4,4000,0.66425,0.1015,0.0147783251231527,0,-0.449646922511365,-0.218699412715491,-0.168406717486828,-0.167320332025064,-0.315756090720819,-0.156071849783543,2657,2299,406,406,"P4",2411
222,0.0463538174187949,0.253636351931727,0.02756,-0.2,4000,0.6715,0.09775,0.0051150895140665,0.00255754475703325,-0.24037982597684,-0.131861777247172,-0.100098190595145,-0.0967353207609204,-0.179668488663288,-0.12406006230767,2686,2408,391,390,"P4",2411
222,0.0463538174187949,0.253636351931727,0.02756,0,4000,0.6805,0.10575,0.00709219858156028,0,-0.052097291276877,0.00255702517215732,0.0174305122854449,0.0164417536426014,0.00349637951540563,-0.00808125906688652,2722,2451,423,423,"P4",2411
222,0.0463538174187949,0.253636351931727,0.02756,0.2,4000,0.668,0.0965,0.00518134715025907,0,0.220781504217035,0.120060863618817,0.170909777523196,0.170673562633287,0.180071105747906,0.16964645305771,2672,2378,386,386,"P4",2411
222,0.0463538174187949,0.253636351931727,0.02756,0.4,4000,0.64825,0.0915,0.0136612021857923,0,0.426274105070984,0.23950890961952,0.211025518312478,0.210057149507215,0.332039158695949,0.205762280661574,2593,2242,366,366,"P4",2411
222,0.0463538174187949,0.253636351931727,0.02756,0.6,4000,0.66625,0.10725,0.020979020979021,0.0116550116550117,0.657515813462791,0.364711629777894,0.327601232179198,0.313231763036618,0.492429022188087,0.330551263243777,2665,2221,429,424,"P4",2411
222,0.0463538174187949,0.253636351931727,0.02756,0.8,4000,0.6555,0.094,0.0398936170212766,0.0132978723404255,0.910630493288104,0.465478453846606,0.433410037249759,0.418182152558366,0.668550128115393,0.429158817557141,2622,2021,376,371,"P4",2411
225,0.0658050757480766,0.302318577758738,0.02756,-0.8,4000,0.73675,0.1505,0.0465116279069767,0.00830564784053156,-0.999906952333494,-0.521938751153035,-0.471021953501672,-0.459437018056158,-0.71646374055391,-0.45900312612662,2947,2254,602,597,"P4",2446
225,0.0658050757480766,0.302318577758738,0.02756,-0.6,4000,0.737,0.1495,0.0250836120401338,0.0117056856187291,-0.778383698697125,-0.399442556276788,-0.360390310321599,-0.346107288480494,-0.531895638246343,-0.340981684035878,2948,2432,598,591,"P4",2446
225,0.0658050757480766,0.302318577758738,0.02756,-0.4,4000,0.7375,0.1505,0.0166112956810631,0.00166112956810631,-0.491065324343685,-0.272503072222094,-0.236876223190332,-0.234099133529244,-0.350064879751375,-0.241747162921187,2950,2623,602,601,"P4",2446
225,0.0658050757480766,0.302318577758738,0.02756,-0.2,4000,0.7335,0.157,0.00955414012738853,0.00159235668789809,-0.230344669033624,-0.122841529666971,-0.0836803867695262,-0.0813013752921152,-0.151298049449733,-0.0703801246809948,2934,2699,628,627,"P4",2446
225,0.0658050757480766,0.302318577758738,0.02756,0,4000,0.729,0.14625,0.00512820512820513,0.00170940170940171,-0.0296542469559309,0.00427848305066162,-0.00171946944467281,0.000666099999342789,-0.00286825569130878,0.0202870970011251,2916,2703,585,584,"P4",2446
225,0.0658050757480766,0.302318577758738,0.02756,0.2,4000,0.7425,0.1535,0.00651465798045603,0,0.220751448061978,0.149636992500179,0.127570865205953,0.127136048197504,0.181219760684275,0.110304910123753,2970,2730,614,614,"P4",2446
225,0.0658050757480766,0.302318577758738,0.02756,0.4,4000,0.744,0.151,0.00827814569536424,0.0033112582781457,0.48708545051742,0.289210664675877,0.261260730106722,0.256342684128549,0.370940023542748,0.268680850156727,2976,2636,604,602,"P4",2446
225,0.0658050757480766,0.302318577758738,0.02756,0.6,4000,0.73425,0.15675,0.0303030303030303,0.00318979266347687,0.702855491286448,0.423060443845959,0.394950729229797,0.388761182848654,0.544515079403571,0.389470991439154,2937,2482,627,625,"P4",2446
225,0.0658050757480766,0.302318577758738,0.02756,0.8,4000,0.74175,0.15225,0.0459770114942529,0.0213464696223317,0.987625749080364,0.536496058873615,0.530084661336575,0.506277440658247,0.738329295743439,0.522721925736607,2967,2290,609,596,"P4",2446
274,0.128500780448603,0.393235583029953,0.21388,-0.8,4000,0.916,0.423,0.076241134751773,0.0354609929078014,-1.0355992593147,-0.669278022377765,-0.640407420357651,-0.603784589529055,-0.814468255237588,-0.622369421902849,3664,2834,1692,1632,"P1",34
274,0.128500780448603,0.393235583029953,0.21388,-0.6,4000,0.91475,0.4245,0.0347467608951708,0.0106007067137809,-0.779924867137021,-0.536010462432429,-0.465110436448634,-0.451193621056877,-0.605959428760807,-0.447972989930488,3659,3140,1698,1680,"P1",34
274,0.128500780448603,0.393235583029953,0.21388,-0.4,4000,0.91775,0.43275,0.0173310225303293,0.00519930675909879,-0.520610980400346,-0.378406456563433,-0.300375704335763,-0.293043639613019,-0.40430233670016,-0.275434686883456,3671,3377,1731,1722,"P1",34
274,0.128500780448603,0.393235583029953,0.21388,-0.2,4000,0.91975,0.41225,0.00242571255306246,0.00121285627653123,-0.291536877873176,-0.194004452557394,-0.10623221040513,-0.104434435200154,-0.196216950300885,-0.0921736441172568,3679,3497,1649,1647,"P1",34
274,0.128500780448603,0.393235583029953,0.21388,0,4000,0.914,0.4335,0,0.000576701268742791,-0.0496031027486274,-0.0113219366926103,0.0433728850054781,0.0441277637903194,0.0127603165414356,0.0568338905561028,3656,3582,1734,1733,"P1",34
274,0.128500780448603,0.393235583029953,0.21388,0.2,4000,0.916,0.4165,0.000600240096038415,0,0.225275952919914,0.20622764771665,0.222137817106325,0.22211700517146,0.22767284613049,0.231990103637781,3664,3574,1666,1666,"P1",34
274,0.128500780448603,0.393235583029953,0.21388,0.4,4000,0.91125,0.42075,0.0047534165181224,0,0.463676625119967,0.390260371687305,0.386018304077245,0.385546164974948,0.415799391138385,0.379977799927431,3645,3526,1683,1683,"P1",34
274,0.128500780448603,0.393235583029953,0.21388,0.6,4000,0.922,0.43125,0.0307246376811594,0.00347826086956522,0.702963369537373,0.573092471690437,0.556493011553973,0.551369705221736,0.620999113836398,0.563922709866471,3688,3386,1725,1719,"P1",34
274,0.128500780448603,0.393235583029953,0.21388,0.8,4000,0.91525,0.4025,0.103726708074534,0.0211180124223602,0.977050014764939,0.731081180495754,0.727553355141689,0.704215259930368,0.83209223643313,0.723792882958982,3661,3048,1610,1576,"P1",34
241,0.335818586258682,0.398518647940064,0.21388,-0.8,4000,0.999,0.931,0.176154672395274,0.0947905477980666,-0.881713821722131,-0.757836651370391,-0.837707590533347,-0.753675116050401,-0.824410113389359,-0.807377987181274,3996,3476,3724,3371,"P1",37
241,0.335818586258682,0.398518647940064,0.21388,-0.6,4000,0.99875,0.92725,0.0800754920463737,0.0291183607441359,-0.674439307830032,-0.610748708792878,-0.632458022116179,-0.600557197475446,-0.626986190842837,-0.608462707263112,3995,3777,3709,3601,"P1",37
241,0.335818586258682,0.398518647940064,0.21388,-0.4,4000,0.998,0.92325,0.0205794746818305,0.00758191172488492,-0.454655401208432,-0.421420597824754,-0.414412890581339,-0.404815257586288,-0.415350134410313,-0.395030428379415,3992,3894,3693,3665,"P1",37
241,0.335818586258682,0.398518647940064,0.21388,-0.2,4000,0.9995,0.932,0.00429184549356223,0.000536480686695279,-0.241545685425513,-0.230934691255525,-0.213706520574085,-0.212671334733856,-0.208764733980155,-0.197507347627348,3998,3973,3728,3726,"P1",37
241,0.335818586258682,0.398518647940064,0.21388,0,4000,0.999,0.92725,0.00134807225667296,0,-0.0166467597525771,-0.0151350073087413,0.000830663525085889,0.000848763295348412,0.00172391732737613,0.0112731633666034,3996,3993,3709,3709,"P1",37
241,0.335818586258682,0.398518647940064,0.21388,0.2,4000,0.99975,0.922,0.000813449023861171,0,0.195910778651166,0.195153443842684,0.203356688966602,0.203384823613223,0.210527431102176,0.214740609962758,3999,3997,3688,3688,"P1",37
241,0.335818586258682,0.398518647940064,0.21388,0.4,4000,0.999,0.92325,0.00352017330083943,0.000541565123206066,0.412028348787347,0.40942742244274,0.41046036597369,0.409838585010614,0.413557524778196,0.412418310661585,3996,3988,3693,3691,"P1",37
241,0.335818586258682,0.398518647940064,0.21388,0.6,4000,0.999,0.91775,0.0384091528193953,0.00299645873059112,0.627337924929431,0.611673539575808,0.614811349281385,0.609373668391219,0.620215771001355,0.613606644880561,3996,3945,3671,3660,"P1",37
241,0.335818586258682,0.398518647940064,0.21388,0.8,4000,0.99875,0.9195,0.165307232191408,0.0247417074497009,0.845490627455053,0.79773494219104,0.822187814273848,0.793881570335429,0.830510596952643,0.818093358477549,3995,3809,3678,3587,"P1",37
192,0.129848348484159,0.401932622845577,0.21388,-0.8,4000,0.87075,0.3265,0.0857580398162328,0.0352220520673813,-1.04621585478851,-0.622496792398414,-0.590044008018368,-0.548648966428939,-0.806634801180059,-0.563407880521861,3483,2628,1306,1260,"P1",42
192,0.129848348484159,0.401932622845577,0.21388,-0.6,4000,0.88125,0.33425,0.0411368735976066,0.0104712041884817,-0.821855266935774,-0.495817424297221,-0.4172715181052,-0.402681383551889,-0.589744649640652,-0.404300022999155,3525,2973,1337,1323,"P1",42
192,0.129848348484159,0.401932622845577,0.21388,-0.4,4000,0.8775,0.332,0.00978915662650602,0.00225903614457831,-0.561830213433366,-0.343592958239978,-0.259808307749411,-0.256321901387958,-0.3869043622642,-0.236587369294457,3510,3135,1328,1325,"P1",42
192,0.129848348484159,0.401932622845577,0.21388,-0.2,4000,0.871,0.327,0.00382262996941896,0.00152905198776758,-0.29543273713244,-0.181081036893725,-0.0917624709762951,-0.0892952946295062,-0.191801483114664,-0.0812934037054151,3484,3284,1308,1306,"P1",42
192,0.129848348484159,0.401932622845577,0.21388,0,4000,0.871,0.33,0,0,-0.049099148792545,0.00869310762600648,0.0744913971684773,0.0744913971684773,0.0207029236303093,0.0896067862729321,3484,3337,1320,1320,"P1",42
192,0.129848348484159,0.401932622845577,0.21388,0.2,4000,0.872,0.33175,0.00226073850791258,0.000753579502637528,0.22714764209666,0.203497123488466,0.221824465408326,0.220824029126748,0.23053926903109,0.230651065263963,3488,3351,1327,1326,"P1",42
192,0.129848348484159,0.401932622845577,0.21388,0.4,4000,0.87975,0.34275,0.0131291028446389,0.00145878920495988,0.458386512419781,0.382341646930262,0.395037243604739,0.392419400054033,0.427492565611976,0.40479514665376,3519,3347,1371,1369,"P1",42
192,0.129848348484159,0.401932622845577,0.21388,0.6,4000,0.8875,0.3315,0.0339366515837104,0.00904977375565611,0.760605396118689,0.553671909262854,0.559315543722323,0.548614129274451,0.634682311232687,0.562734803184164,3550,3184,1326,1314,"P1",42
192,0.129848348484159,0.401932622845577,0.21388,0.8,4000,0.87825,0.3375,0.102222222222222,0.0251851851851852,0.951840371909788,0.693226119226191,0.712676692440845,0.686151169021748,0.82030710121279,0.714930067679685,3513,2865,1350,1316,"P1",42
227,0.157357029578933,0.398078586216597,0.21388,-0.8,4000,0.93375,0.4645,0.10010764262648,0.0575888051668461,-1.06738287439764,-0.678865384385359,-0.686804981437664,-0.630012011667692,-0.832141237178193,-0.666475271905994,3735,2860,1858,1751,"P1",77
227,0.157357029578933,0.398078586216597,0.21388,-0.6,4000,0.93625,0.469,0.0511727078891258,0.0138592750533049,-0.792263197239067,-0.543429196615807,-0.489164946180421,-0.471413986510003,-0.614784630383979,-0.471155503369495,3745,3218,1876,1850,"P1",77
227,0.157357029578933,0.398078586216597,0.21388,-0.4,4000,0.94025,0.4675,0.0176470588235294,0.00213903743315508,-0.558199087246491,-0.386293003205821,-0.311064662217474,-0.307129481115693,-0.41466416907059,-0.29768722160541,3761,3423,1870,1866,"P1",77
227,0.157357029578933,0.398078586216597,0.21388,-0.2,4000,0.93125,0.4705,0.00159404888416578,0.00053134962805526,-0.301909937625158,-0.215974870635697,-0.136614558129512,-0.135806025715381,-0.213829456209614,-0.126120301302983,3725,3580,1882,1881,"P1",77
227,0.157357029578933,0.398078586216597,0.21388,0,4000,0.93525,0.462,0,0,-0.0439331267016971,-0.00779426087473262,0.0538184423602469,0.0538184423602469,0.00292723112616025,0.062115639290781,3741,3650,1848,1848,"P1",77
227,0.157357029578933,0.398078586216597,0.21388,0.2,4000,0.93225,0.46375,0.00107816711590297,0,0.201241152826964,0.197708070529727,0.222527070821404,0.222574189370409,0.21669283675672,0.231683519184385,3729,3661,1855,1855,"P1",77
227,0.157357029578933,0.398078586216597,0.21388,0.4,4000,0.928,0.46675,0.00749866095340118,0.000535618639528656,0.478398758920868,0.391683472063664,0.397509342078842,0.396400046514447,0.420017659725006,0.400351979049522,3712,3583,1867,1866,"P1",77
227,0.157357029578933,0.398078586216597,0.21388,0.6,4000,0.93425,0.471,0.0323779193205945,0.00530785562632696,0.693131456567096,0.578423536639864,0.566596478568132,0.559626778862469,0.625502249443752,0.568761274467557,3737,3446,1884,1874,"P1",77
227,0.157357029578933,0.398078586216597,0.21388,0.8,4000,0.9345,0.4575,0.132786885245902,0.0202185792349727,0.9400901058656,0.738747739010743,0.742851314692553,0.71661115626947,0.83442421934574,0.745154850955193,3738,3164,1830,1793,"P1",77
359,0.128055737831994,0.397959562852777,0.21388,-0.8,4000,0.93725,0.50075,0.0938592111832252,0.0414378432351473,-1.0019150672911,-0.688625514866479,-0.670505523654026,-0.629406404100182,-0.806902643720768,-0.646585006261782,3749,2966,2003,1920,"P1",95
359,0.128055737831994,0.397959562852777,0.21388,-0.6,4000,0.94625,0.5115,0.0400782013685239,0.00977517106549365,-0.760008079077675,-0.557685362737361,-0.497823593290337,-0.48526399276831,-0.59786968481886,-0.482859446533947,3785,3361,2046,2026,"P1",95
359,0.128055737831994,0.397959562852777,0.21388,-0.4,4000,0.94375,0.493,0.0106490872210953,0.00050709939148073,-0.518395970637612,-0.402973949500786,-0.315929307289618,-0.314144623144082,-0.414024327246618,-0.305445439123133,3775,3557,1972,1971,"P1",95
359,0.128055737831994,0.397959562852777,0.21388,-0.2,4000,0.945,0.5,0.002,0,-0.280845358541012,-0.218599709689118,-0.147074610247105,-0.146881952227259,-0.205379964541806,-0.135140340076123,3780,3657,2000,2000,"P1",95
359,0.128055737831994,0.397959562852777,0.21388,0,4000,0.937,0.501,0.000499001996007984,0,-0.039154433856925,-0.0177443849193459,0.0234148921984187,0.0234522551081461,0.00614053257519822,0.0401971064440048,3748,3678,2004,2004,"P1",95
359,0.128055737831994,0.397959562852777,0.21388,0.2,4000,0.942,0.504,0,0,0.215232743244855,0.206304119899317,0.219834654974905,0.219834654974905,0.225576212982208,0.229841098663318,3768,3722,2016,2016,"P1",95
359,0.128055737831994,0.397959562852777,0.21388,0.4,4000,0.94175,0.5075,0.00344827586206897,0.000492610837438424,0.440685559636999,0.394510359676933,0.383284076108129,0.382661700174316,0.40903371482203,0.388395534848965,3767,3662,2030,2029,"P1",95
359,0.128055737831994,0.397959562852777,0.21388,0.6,4000,0.948,0.49475,0.0237493683678626,0.00252652854977261,0.696504214007713,0.598465993806951,0.566861597220633,0.563219435528604,0.626105681462621,0.570361898491521,3792,3572,1979,1974,"P1",95
359,0.128055737831994,0.397959562852777,0.21388,0.8,4000,0.94075,0.4985,0.106820461384152,0.0165496489468405,0.929718935765756,0.751114634757063,0.743728569718291,0.724384166438544,0.822261680462004,0.73696835706537,3763,3250,1994,1961,"P1",95
295,0.129200282026362,0.399539513057045,0.21388,-0.8,4000,0.9165,0.43975,0.0830017055144969,0.0261512222853894,-1.00529951144942,-0.667932472592613,-0.634868300990115,-0.604247252942013,-0.790908813525122,-0.617437696724441,3666,2888,1759,1713,"P1",99
295,0.129200282026362,0.399539513057045,0.21388,-0.6,4000,0.921,0.45225,0.0425649530127142,0.00939745715865119,-0.773907947501257,-0.545082045073866,-0.481330493573377,-0.468072032477434,-0.603023205574704,-0.465215060580126,3684,3213,1809,1792,"P1",99
295,0.129200282026362,0.399539513057045,0.21388,-0.4,4000,0.91625,0.435,0.00919540229885057,0.0028735632183908,-0.548057711680224,-0.382497603550992,-0.30220461464647,-0.297803850273539,-0.407242037333089,-0.296547693342056,3665,3352,1740,1735,"P1",99
295,0.129200282026362,0.399539513057045,0.21388,-0.2,4000,0.92025,0.4405,0.00170261066969353,0.00113507377979569,-0.284036224147269,-0.204989503808688,-0.142825846800842,-0.141267392341047,-0.195033863265439,-0.13357580459593,3681,3532,1762,1760,"P1",99
295,0.129200282026362,0.399539513057045,0.21388,0,4000,0.9195,0.43925,0.000569151963574274,0,-0.0284885579598977,-0.000579495912106644,0.0493767026121086,0.0493821798356362,0.0219624875573847,0.067016839438603,3678,3617,1757,1757,"P1",99
295,0.129200282026362,0.399539513057045,0.21388,0.2,4000,0.927,0.44125,0.00226628895184136,0,0.209779630734584,0.192110339655169,0.216227803462794,0.21601811738428,0.21458282952732,0.228405740236612,3708,3629,1765,1765,"P1",99
295,0.129200282026362,0.399539513057045,0.21388,0.4,4000,0.91975,0.4315,0.00463499420625724,0,0.452498336004409,0.401954491633931,0.387951611844898,0.38768763584937,0.430209353939679,0.395293701070347,3679,3549,1726,1726,"P1",99
295,0.129200282026362,0.399539513057045,0.21388,0.6,4000,0.92325,0.44075,0.0323312535450936,0.000567214974475326,0.72511449775646,0.582822460629576,0.557925116099907,0.554880302101269,0.623233494102734,0.556498407911125,3693,3428,1763,1762,"P1",99
295,0.129200282026362,0.399539513057045,0.21388,0.8,4000,0.92275,0.42825,0.118505545826036,0.0163455925277291,0.934484901211643,0.748035240120582,0.738895219192434,0.717151542746513,0.838689036697942,0.737567287069245,3691,3132,1713,1685,"P1",99
184,0.176161616570063,0.401600870848101,0.21388,-0.8,4000,0.93025,0.44375,0.113239436619718,0.0501408450704225,-1.03450881095046,-0.676351729217316,-0.674032881684235,-0.620271291040907,-0.849305777155049,-0.643406066016937,3721,2837,1775,1686,"P1",111
184,0.176161616570063,0.401600870848101,0.21388,-0.6,4000,0.9385,0.47475,0.0489731437598736,0.0157977883096366,-0.785738063659659,-0.531254613353596,-0.478512011824579,-0.458352720875271,-0.627241197179312,-0.466441026962476,3754,3194,1899,1869,"P1",111
184,0.176161616570063,0.401600870848101,0.21388,-0.4,4000,0.93025,0.45075,0.0166389351081531,0.00332778702163062,-0.548337281274605,-0.38161952894372,-0.305024318641996,-0.299807004820739,-0.420666431575886,-0.292093442307928,3721,3402,1803,1797,"P1",111
184,0.176161616570063,0.401600870848101,0.21388,-0.2,4000,0.93925,0.4655,0.00268528464017186,0.000537056928034372,-0.307931897321218,-0.195241860485288,-0.123689962288237,-0.122730690726957,-0.190521268889668,-0.106039263749288,3757,3573,1862,1861,"P1",111
184,0.176161616570063,0.401600870848101,0.21388,0,4000,0.92725,0.463,0.00107991360691145,0,-0.0617198861679407,-0.0146923087945959,0.0458168547307456,0.0457940495007355,0.00449074668710083,0.055219752637479,3709,3609,1852,1852,"P1",111
184,0.176161616570063,0.401600870848101,0.21388,0.2,4000,0.9325,0.456,0.00109649122807018,0,0.200404217481914,0.201766084910408,0.231108077474452,0.231078621687901,0.230683242492907,0.25185839258886,3730,3647,1824,1824,"P1",111
184,0.176161616570063,0.401600870848101,0.21388,0.4,4000,0.9265,0.45225,0.0116086235489221,0.00110558319513543,0.445418070840191,0.392275553260739,0.395830109284368,0.393869447315794,0.429282306405366,0.40669031414487,3706,3556,1809,1807,"P1",111
184,0.176161616570063,0.401600870848101,0.21388,0.6,4000,0.9265,0.458,0.0485807860262009,0.00709606986899563,0.703246865007789,0.576230895095701,0.5778046846259,0.567716272033827,0.634421464379661,0.578398745239571,3706,3395,1832,1819,"P1",111
184,0.176161616570063,0.401600870848101,0.21388,0.8,4000,0.92725,0.4685,0.140875133404482,0.0298826040554963,0.987135859778441,0.734121246774328,0.750475313373822,0.717367031037803,0.835683494913517,0.746568912109562,3709,3142,1874,1818,"P1",111
224,0.128530773032075,0.397856800774297,0.21388,-0.8,4000,0.88,0.35925,0.0835073068893528,0.0327070285316632,-1.05210193217186,-0.638187402403584,-0.601383035342482,-0.56348068400794,-0.802448195898489,-0.586403736903367,3520,2705,1437,1390,"P1",118
224,0.128530773032075,0.397856800774297,0.21388,-0.6,4000,0.8885,0.36775,0.0387491502379334,0.0108769544527532,-0.813763842482943,-0.516826709380791,-0.444816358899474,-0.431560001117279,-0.605382288788908,-0.430939790854868,3554,3027,1471,1455,"P1",118
224,0.128530773032075,0.397856800774297,0.21388,-0.4,4000,0.898,0.37375,0.0167224080267559,0.00468227424749164,-0.546049390818809,-0.359440094298633,-0.279307906838256,-0.271876379928496,-0.398972814457254,-0.257934156965294,3592,3253,1495,1488,"P1",118
224,0.128530773032075,0.397856800774297,0.21388,-0.2,4000,0.8815,0.35175,0.00355366027007818,0.000710732054015636,-0.293849610809891,-0.186550446823571,-0.100848691627698,-0.0995598379560426,-0.183153324009332,-0.0914862855062568,3526,3329,1407,1406,"P1",118
224,0.128530773032075,0.397856800774297,0.21388,0,4000,0.896,0.35725,0.00209937018894332,0,-0.0308087171763693,0.00510107813109935,0.0469593518983382,0.0472242556687866,0.024072967787508,0.0638920913537755,3584,3480,1429,1429,"P1",118
224,0.128530773032075,0.397856800774297,0.21388,0.2,4000,0.885,0.375,0.002,0,0.221643697381727,0.204195414777669,0.222578772437551,0.222280835519345,0.232031838370711,0.238315426263149,3540,3420,1500,1500,"P1",118
224,0.128530773032075,0.397856800774297,0.21388,0.4,4000,0.89425,0.36875,0.00677966101694915,0.000677966101694915,0.456423479577303,0.389222172164575,0.386375709078895,0.385193607282827,0.42276411359995,0.390119515171663,3577,3400,1475,1474,"P1",118
224,0.128530773032075,0.397856800774297,0.21388,0.6,4000,0.889,0.364,0.0384615384615385,0.00343406593406593,0.692874132203013,0.558465482886703,0.540491130090021,0.534488560778863,0.62054059254896,0.54216619277983,3556,3252,1456,1451,"P1",118
224,0.128530773032075,0.397856800774297,0.21388,0.8,4000,0.89725,0.3485,0.109756097560976,0.0186513629842181,0.964463625523702,0.717479727475564,0.724308998460402,0.701765339391948,0.832247102723931,0.727210311215425,3589,2998,1394,1368,"P1",118
290,0.233980071400803,0.389922050387047,0.21388,-0.8,4000,0.99275,0.8205,0.1672760511883,0.0798293723339427,-0.928482216917262,-0.746822104986499,-0.806946857372766,-0.733551597914073,-0.833383379221216,-0.775793949427847,3971,3315,3282,3020,"P1",123
290,0.233980071400803,0.389922050387047,0.21388,-0.6,4000,0.99325,0.81125,0.0659476117103236,0.0212634822804314,-0.698251187101218,-0.5990120747705,-0.599057742552691,-0.574490124717264,-0.624086700736916,-0.577671382442525,3973,3679,3245,3176,"P1",123
290,0.233980071400803,0.389922050387047,0.21388,-0.4,4000,0.99425,0.81975,0.0207380298871607,0.00457456541628545,-0.475319032568191,-0.425499161502093,-0.39750363647662,-0.391099009477469,-0.428097315330897,-0.389185164764989,3977,3857,3279,3264,"P1",123
290,0.233980071400803,0.389922050387047,0.21388,-0.2,4000,0.991,0.808,0.00556930693069307,0.000309405940594059,-0.263735584413741,-0.235927553745972,-0.200648326623987,-0.199682124419208,-0.216925679069035,-0.182789954929944,3964,3910,3232,3231,"P1",123
290,0.233980071400803,0.389922050387047,0.21388,0,4000,0.991,0.80775,0.000309501702259362,0.000309501702259362,-0.039173004314716,-0.0282794238204324,-0.00531130604523789,-0.00487934827346849,-0.0132351296892156,0.0081695005576062,3964,3940,3231,3230,"P1",123
290,0.233980071400803,0.389922050387047,0.21388,0.2,4000,0.99025,0.8105,0.000925354719309068,0,0.190938897387103,0.1917509490964,0.206796485630983,0.206766137112308,0.209478794278522,0.21477468804084,3961,3951,3242,3242,"P1",123
290,0.233980071400803,0.389922050387047,0.21388,0.4,4000,0.9935,0.81075,0.00339192106074622,0,0.416475725677077,0.407925124540117,0.402399018650785,0.402056511318793,0.416502368493016,0.40877464323183,3974,3949,3243,3243,"P1",123
290,0.233980071400803,0.389922050387047,0.21388,0.6,4000,0.99275,0.81325,0.029818628957885,0.00184445127574547,0.638535701436205,0.606934512433967,0.598921339653647,0.594960670158659,0.6193068117084,0.600828186007469,3971,3879,3253,3247,"P1",123
290,0.233980071400803,0.389922050387047,0.21388,0.8,4000,0.99425,0.81775,0.151635585447875,0.0275145215530419,0.865877908033947,0.784912695375183,0.808908757547841,0.779087572507576,0.834246453774906,0.80956967645323,3977,3684,3271,3181,"P1",123
317,0.235902958735251,0.398813174710227,0.21388,-0.8,4000,0.997,0.85725,0.164479440069991,0.0766987459900846,-0.910261418447923,-0.747764498585838,-0.807454127353608,-0.735832583911701,-0.828897983625421,-0.784637793302371,3988,3415,3429,3166,"P1",137
317,0.235902958735251,0.398813174710227,0.21388,-0.6,4000,0.99575,0.85575,0.0593047034764826,0.02337131171487,-0.667028300627426,-0.590949173685577,-0.593941164926699,-0.569046399539985,-0.606113380063287,-0.568869792115464,3983,3734,3423,3343,"P1",137
317,0.235902958735251,0.398813174710227,0.21388,-0.4,4000,0.995,0.86075,0.0156839965146674,0.00232355503920999,-0.461535021822457,-0.42220727668838,-0.395910987351139,-0.392237179289201,-0.41841148635872,-0.376518648652459,3980,3883,3443,3435,"P1",137
317,0.235902958735251,0.398813174710227,0.21388,-0.2,4000,0.99425,0.8445,0.00562462995855536,0,-0.251308804061446,-0.229691748374534,-0.201152316766159,-0.200630648563589,-0.209321107537563,-0.184743096815327,3977,3931,3378,3378,"P1",137
317,0.235902958735251,0.398813174710227,0.21388,0,4000,0.99425,0.84975,0,0,-0.0203400517692544,-0.0182567298817878,0.00316241407467861,0.00316241407467861,-0.010683798496365,0.0043909843371706,3977,3974,3399,3399,"P1",137
317,0.235902958735251,0.398813174710227,0.21388,0.2,4000,0.9955,0.85175,0.000293513354857646,0,0.193240697242605,0.191878092122237,0.199780831375517,0.199805052914823,0.20096654705945,0.206169394196043,3982,3971,3407,3407,"P1",137
317,0.235902958735251,0.398813174710227,0.21388,0.4,4000,0.995,0.85625,0.00437956204379562,0,0.407335106967556,0.4044425300764,0.40037403219315,0.400061201179935,0.413713217551505,0.410358387851194,3980,3973,3425,3425,"P1",137
317,0.235902958735251,0.398813174710227,0.21388,0.6,4000,0.99425,0.85375,0.028696925329429,0.00234260614934114,0.635757482806815,0.615378200120411,0.607318428978557,0.60326458385615,0.619766978545699,0.60320435269172,3977,3916,3415,3407,"P1",137
317,0.235902958735251,0.398813174710227,0.21388,0.8,4000,0.99325,0.84225,0.161769070940932,0.0184030869694271,0.858412784692121,0.787738636789081,0.805775298547659,0.779745312419335,0.81976482636434,0.796849932328074,3973,3737,3369,3307,"P1",137
263,0.128137217923313,0.48018967434447,0.21388,-0.8,4000,0.9085,0.4025,0.0826086956521739,0.0291925465838509,-1.01689152168822,-0.673224307265897,-0.632211859320927,-0.601089464676491,-0.798323138848717,-0.620522292431719,3634,2883,1610,1563,"P1",172
263,0.128137217923313,0.48018967434447,0.21388,-0.6,4000,0.904,0.39375,0.0374603174603175,0.00952380952380952,-0.765791043071849,-0.547078849041936,-0.474023632920232,-0.46175782144785,-0.62056413952135,-0.458331282454135,3616,3141,1575,1560,"P1",172
263,0.128137217923313,0.48018967434447,0.21388,-0.4,4000,0.9055,0.40625,0.00861538461538462,0.00123076923076923,-0.518605820885428,-0.38240034610081,-0.29460706445787,-0.29241787172418,-0.398820719767069,-0.291426793805974,3622,3340,1625,1623,"P1",172
263,0.128137217923313,0.48018967434447,0.21388,-0.2,4000,0.9045,0.4085,0.00305997552019584,0,-0.298761621870155,-0.210847373944544,-0.129040814328589,-0.128852163583652,-0.197978350681399,-0.111905088760461,3618,3473,1634,1634,"P1",172
263,0.128137217923313,0.48018967434447,0.21388,0,4000,0.90875,0.40525,0,0,-0.0336253993561852,0.000738686950942183,0.0615340461949836,0.0615340461949836,0.015649063247894,0.0747106373043413,3635,3556,1621,1621,"P1",172
263,0.128137217923313,0.48018967434447,0.21388,0.2,4000,0.9085,0.40975,0.00061012812690665,0,0.209739324714006,0.199179395884057,0.221266264348597,0.22111420112944,0.221419593606782,0.234476163472955,3634,3566,1639,1639,"P1",172
263,0.128137217923313,0.48018967434447,0.21388,0.4,4000,0.9015,0.4065,0.002460024600246,0,0.448696668844604,0.401299865374419,0.377688974543277,0.377528877162444,0.418238412850955,0.37348798393157,3606,3479,1626,1626,"P1",172
263,0.128137217923313,0.48018967434447,0.21388,0.6,4000,0.9065,0.41325,0.0248033877797943,0.00181488203266788,0.700645857590541,0.580583355599633,0.546058626487059,0.543117608475681,0.615755274453405,0.546948217346361,3626,3374,1653,1650,"P1",172
263,0.128137217923313,0.48018967434447,0.21388,0.8,4000,0.9085,0.41775,0.0873728306403351,0.00718132854578097,0.932985262876188,0.731064106910948,0.70417541084767,0.691494646776678,0.808134750553379,0.709537468148602,3634,3137,1671,1659,"P1",172
460,0.129502511135946,0.399375701624832,0.21388,-0.8,4000,0.968,0.5965,0.104358759430008,0.0377200335289187,-0.966925014862375,-0.718364296509664,-0.715417288260069,-0.676911470275881,-0.812211238263081,-0.693581230472966,3872,3156,2386,2296,"P1",186
460,0.129502511135946,0.399375701624832,0.21388,-0.6,4000,0.9625,0.57925,0.0310746655157531,0.0129477772982305,-0.737398782644244,-0.578359348103344,-0.524548473590124,-0.510820656923855,-0.615457682551864,-0.501564497537431,3850,3428,2317,2287,"P1",186
460,0.129502511135946,0.399375701624832,0.21388,-0.4,4000,0.9655,0.587,0.00851788756388416,0.00127768313458262,-0.498275434707587,-0.405799516281651,-0.335933845827808,-0.333873626474092,-0.405710197388561,-0.320144286384565,3862,3668,2348,2345,"P1",186
460,0.129502511135946,0.399375701624832,0.21388,-0.2,4000,0.96425,0.59075,0.00126957257723233,0,-0.265155206318999,-0.222545733510385,-0.152808022729002,-0.15261713790596,-0.196646177325459,-0.132284978092739,3857,3769,2363,2363,"P1",186
460,0.129502511135946,0.399375701624832,0.21388,0,4000,0.96375,0.60025,0,0,-0.0253511159334028,-0.0119947957937599,0.0203257764905909,0.0203257764905909,0.00735933908752338,0.03153427642031,3855,3826,2401,2401,"P1",186
460,0.129502511135946,0.399375701624832,0.21388,0.2,4000,0.96675,0.60625,0,0,0.211515708544179,0.20448636064412,0.212722471184294,0.212722471184294,0.212410647962084,0.219391312094608,3867,3834,2425,2425,"P1",186
460,0.129502511135946,0.399375701624832,0.21388,0.4,4000,0.95925,0.582,0.00128865979381443,0,0.442030169666422,0.413064531172724,0.399492620526027,0.399388671823527,0.417335355576253,0.399645079678186,3837,3773,2328,2328,"P1",186
460,0.129502511135946,0.399375701624832,0.21388,0.6,4000,0.96575,0.60125,0.0182952182952183,0.00124740124740125,0.682705773105316,0.606160035428281,0.576114759286724,0.573946559953665,0.626147729727069,0.576275857113807,3863,3667,2405,2402,"P1",186
460,0.129502511135946,0.399375701624832,0.21388,0.8,4000,0.966,0.60925,0.118178087812885,0.0114895363151416,0.909336694198922,0.768259984626373,0.758057852830645,0.741231164269576,0.822481884021968,0.756539891642222,3864,3432,2437,2409,"P1",186
294,0.129508445464523,0.401550826986195,0.21388,-0.8,4000,0.92775,0.43825,0.0889903023388477,0.0410724472333143,-1.00624986716292,-0.672299581083437,-0.653165037200481,-0.609644231720976,-0.82557957615821,-0.623218522272385,3711,2860,1753,1681,"P1",199
294,0.129508445464523,0.401550826986195,0.21388,-0.6,4000,0.921,0.44875,0.0334261838440111,0.0100278551532033,-0.759587347069186,-0.538115041963059,-0.470968086331537,-0.458417584185432,-0.601963078859178,-0.452359249517848,3684,3197,1795,1777,"P1",199
294,0.129508445464523,0.401550826986195,0.21388,-0.4,4000,0.92925,0.452,0.0127212389380531,0.00276548672566372,-0.536104529422184,-0.392814509422643,-0.312790439111304,-0.308883710410858,-0.41404922538971,-0.300283774950561,3717,3422,1808,1803,"P1",199
294,0.129508445464523,0.401550826986195,0.21388,-0.2,4000,0.9155,0.4455,0.00112233445566779,0.000561167227833895,-0.27725970794664,-0.205179447957819,-0.12501027444477,-0.124218866868361,-0.181284171647243,-0.110796216723457,3662,3535,1782,1781,"P1",199
294,0.129508445464523,0.401550826986195,0.21388,0,4000,0.917,0.4585,0,0,-0.0380020806229893,-0.00838742710622287,0.0330855201419208,0.0330855201419208,0.0122535798135008,0.0451035533336893,3668,3593,1834,1834,"P1",199
294,0.129508445464523,0.401550826986195,0.21388,0.2,4000,0.925,0.44125,0.00056657223796034,0,0.209514372754818,0.19868233795078,0.217387055508157,0.217336776637629,0.219787111194577,0.219769226883433,3700,3632,1765,1765,"P1",199
294,0.129508445464523,0.401550826986195,0.21388,0.4,4000,0.921,0.435,0.00747126436781609,0.000574712643678161,0.444969556915472,0.394872733966009,0.38956479278682,0.388594999204731,0.419546700244058,0.396459294020973,3684,3555,1740,1739,"P1",199
294,0.129508445464523,0.401550826986195,0.21388,0.6,4000,0.9225,0.44875,0.0317548746518106,0.000557103064066852,0.679672966226475,0.577739357261116,0.558121722087935,0.555266212181463,0.613013199512069,0.556007054136551,3690,3438,1795,1794,"P1",199
294,0.129508445464523,0.401550826986195,0.21388,0.8,4000,0.92,0.44125,0.113314447592068,0.0130311614730878,0.939491898884077,0.743282747046356,0.739042497394941,0.720622166685243,0.830976174041268,0.737583021002013,3680,3116,1765,1742,"P1",199
283,0.293047956406353,0.401185328253254,0.21388,-0.8,4000,0.999,0.92,0.16929347826087,0.0847826086956522,-0.886131358871897,-0.757772327603571,-0.83125758222768,-0.752888259674396,-0.825078647716232,-0.801089602675776,3996,3484,3680,3368,"P1",228
283,0.293047956406353,0.401185328253254,0.21388,-0.6,4000,0.9985,0.91675,0.0785383146986638,0.0269975456776657,-0.674595436950285,-0.607068530490149,-0.626234111518585,-0.596125602204699,-0.618024479071533,-0.596795080357474,3994,3763,3667,3568,"P1",228
283,0.293047956406353,0.401185328253254,0.21388,-0.4,4000,0.999,0.92675,0.0183436741300243,0.00404639870515241,-0.457391933967053,-0.428491097280588,-0.418702408480899,-0.413177435476515,-0.420675306605953,-0.399577711713793,3996,3919,3707,3692,"P1",228
283,0.293047956406353,0.401185328253254,0.21388,-0.2,4000,0.99875,0.91875,0.00435374149659864,0.000816326530612245,-0.241233053588742,-0.231188710020179,-0.214439717504478,-0.212982155865115,-0.209664242262414,-0.195794910167616,3995,3975,3675,3672,"P1",228
283,0.293047956406353,0.401185328253254,0.21388,0,4000,0.997,0.9185,0.00108873162765378,0.000272182906913446,-0.0255372818131283,-0.0236457356787532,-0.0109031289032427,-0.0104190799787949,-0.00312104444863548,0.00285681443073036,3988,3984,3674,3673,"P1",228
283,0.293047956406353,0.401185328253254,0.21388,0.2,4000,0.998,0.92,0.000271739130434783,0,0.196030588376285,0.196692028709193,0.201497384214499,0.201527245846901,0.210215139948975,0.212713395565012,3992,3989,3680,3680,"P1",228
283,0.293047956406353,0.401185328253254,0.21388,0.4,4000,0.999,0.9235,0.00297780184082296,0.000270709258256632,0.416232189016208,0.412390339134254,0.409018633067083,0.40851990466769,0.419483709353298,0.413758836798379,3996,3986,3694,3693,"P1",228
283,0.293047956406353,0.401185328253254,0.21388,0.6,4000,0.9985,0.9165,0.0310965630114566,0.0010911074740862,0.63086172529187,0.618272353186247,0.616242367390476,0.613080708552428,0.623348228375612,0.617506629621221,3994,3959,3666,3662,"P1",228
283,0.293047956406353,0.401185328253254,0.21388,0.8,4000,0.9995,0.9235,0.157282079047103,0.0268002165674066,0.845918672952298,0.792397287163338,0.817112157445774,0.788055277217546,0.824765473705321,0.810641960781851,3998,3780,3694,3595,"P1",228
451,0.208211450782676,0.401874118307425,0.21388,-0.8,4000,0.99575,0.88225,0.165485973363559,0.0626239727968263,-0.891958205907183,-0.768851416754787,-0.819146281973743,-0.761635581009461,-0.829879215006876,-0.798614789595863,3983,3499,3529,3308,"P1",275
451,0.208211450782676,0.401874118307425,0.21388,-0.6,4000,0.99825,0.88475,0.0502966939813507,0.0141282848262221,-0.669453672324857,-0.614244978788954,-0.61197199494732,-0.595843112446077,-0.625859971479748,-0.592010965555887,3993,3817,3539,3489,"P1",275
451,0.208211450782676,0.401874118307425,0.21388,-0.4,4000,0.997,0.88875,0.0115330520393812,0.00281293952180028,-0.467944559242146,-0.43837710376668,-0.416629998212338,-0.413120228574494,-0.425921353056733,-0.402455523026336,3988,3917,3555,3545,"P1",275
451,0.208211450782676,0.401874118307425,0.21388,-0.2,4000,0.99575,0.8935,0.00195858981533296,0.000279798545047566,-0.236905436651439,-0.230849751784927,-0.208864051039619,-0.208403834108491,-0.210011220794795,-0.19250003898113,3983,3970,3574,3573,"P1",275
451,0.208211450782676,0.401874118307425,0.21388,0,4000,0.995,0.8925,0,0.000280112044817927,-0.0143742401660354,-0.0116005634649018,0.00152619612403085,0.00189797439914705,0.0020483601935923,0.00901329309100703,3980,3975,3570,3569,"P1",275
451,0.208211450782676,0.401874118307425,0.21388,0.2,4000,0.9965,0.89675,0,0,0.193546147534887,0.192811224528167,0.199130376451798,0.199130376451798,0.200537324070436,0.205166084586489,3986,3984,3587,3587,"P1",275
451,0.208211450782676,0.401874118307425,0.21388,0.4,4000,0.9975,0.8915,0.00112170499158721,0,0.406501750237787,0.404114299458626,0.397852810067211,0.397775514162697,0.407726062191781,0.402638852959119,3990,3981,3566,3566,"P1",275
451,0.208211450782676,0.401874118307425,0.21388,0.6,4000,0.99675,0.87925,0.0187659937446688,0.000852999715666761,0.622142231032971,0.60830009986008,0.599587548679599,0.597695320482095,0.611901026044059,0.60257674126293,3987,3945,3517,3514,"P1",275
451,0.208211450782676,0.401874118307425,0.21388,0.8,4000,0.997,0.8895,0.135469364811692,0.0168634064080944,0.850030248126069,0.79782420886857,0.812279905116969,0.791598739769921,0.821879493709024,0.804902360568405,3988,3792,3558,3498,"P1",275
266,0.483380322228383,0.397101825917662,0.21388,-0.8,4000,1,0.98625,0.170088719898606,0.0636248415716096,-0.845581983466598,-0.779525435084927,-0.836075291431586,-0.778782608816649,-0.817365779291044,-0.813936077069533,4000,3711,3945,3694,"P1",336
266,0.483380322228383,0.397101825917662,0.21388,-0.6,4000,0.99975,0.9855,0.0537798072044647,0.0134449518011162,-0.639142548670795,-0.617223328738938,-0.630531908880931,-0.614768477154598,-0.616970535145896,-0.613727484229099,3999,3923,3942,3889,"P1",336
266,0.483380322228383,0.397101825917662,0.21388,-0.4,4000,0.99975,0.9865,0.0164723770907248,0.0020273694880892,-0.439120292545796,-0.433705855203027,-0.433659728319856,-0.430094104843429,-0.419485761180628,-0.416680842211423,3999,3986,3946,3938,"P1",336
266,0.483380322228383,0.397101825917662,0.21388,-0.2,4000,1,0.9865,0.0015205271160669,0,-0.220947768987007,-0.219218294685208,-0.215652841670275,-0.215498335018802,-0.209198242965755,-0.206808876823385,4000,3996,3946,3946,"P1",336
266,0.483380322228383,0.397101825917662,0.21388,0,4000,1,0.9895,0.000252652854977261,0,-0.014739338389549,-0.0139864694979648,-0.0124397107622191,-0.0124278759064144,-0.00254489636997412,-0.00163028706223287,4000,3998,3958,3958,"P1",336
266,0.483380322228383,0.397101825917662,0.21388,0.2,4000,0.99975,0.98775,0,0,0.199472805890317,0.199860112497062,0.200654747478855,0.200654747478855,0.208085285833175,0.208987333934971,3999,3998,3951,3951,"P1",336
266,0.483380322228383,0.397101825917662,0.21388,0.4,4000,0.9995,0.98525,0.000507485409794468,0,0.403659130586729,0.403532378865663,0.403001530763732,0.402946684216332,0.406580901735134,0.406267658774448,3998,3998,3941,3941,"P1",336
266,0.483380322228383,0.397101825917662,0.21388,0.6,4000,1,0.98775,0.0126550240445457,0.00126550240445457,0.611964632995544,0.609980141390021,0.610394752315533,0.608730962810155,0.609363883034993,0.608088125851857,4000,3994,3951,3946,"P1",336
266,0.483380322228383,0.397101825917662,0.21388,0.8,4000,1,0.9885,0.140364188163885,0.0106221547799697,0.827010705140147,0.806425844183037,0.822908444884113,0.805563892680904,0.817473759476148,0.815291024600946,4000,3943,3954,3912,"P1",336
302,0.156310590873325,0.54981673351028,0.21388,-0.8,4000,0.95975,0.5705,0.1034180543383,0.0311130587204207,-0.981050848032648,-0.720779834037889,-0.702695723028466,-0.670377630764399,-0.823690534097407,-0.680888616198331,3839,3126,2282,2211,"P1",345
302,0.156310590873325,0.54981673351028,0.21388,-0.6,4000,0.9545,0.5695,0.0351185250219491,0.00746268656716418,-0.777701762428271,-0.587192239210785,-0.532508706500706,-0.522734826059626,-0.629751972691947,-0.51426936561126,3818,3437,2278,2261,"P1",345
302,0.156310590873325,0.54981673351028,0.21388,-0.4,4000,0.954,0.562,0.00578291814946619,0.000444839857651246,-0.506994180691998,-0.420864393481596,-0.342217200170725,-0.341137819570077,-0.413240881174479,-0.328306554745932,3816,3644,2248,2247,"P1",345
302,0.156310590873325,0.54981673351028,0.21388,-0.2,4000,0.959,0.575,0.000869565217391304,0,-0.270824021360777,-0.224424815614898,-0.162723243138447,-0.162684385600809,-0.216291522936343,-0.159025351441809,3836,3759,2300,2300,"P1",345
302,0.156310590873325,0.54981673351028,0.21388,0,4000,0.963,0.57775,0,0,-0.0408541264697945,-0.0201338759580044,0.0202515102733539,0.0202515102733539,-0.00533906479554079,0.0279534647579527,3852,3825,2311,2311,"P1",345
302,0.156310590873325,0.54981673351028,0.21388,0.2,4000,0.953,0.57025,0,0,0.216919936242283,0.205190618059948,0.211987482127472,0.211987482127472,0.215935107727852,0.216839692662082,3812,3779,2281,2281,"P1",345
302,0.156310590873325,0.54981673351028,0.21388,0.4,4000,0.95425,0.575,0.00130434782608696,0,0.447525995124365,0.409219061760502,0.390281152540053,0.390231319414901,0.417940807594899,0.393391596018869,3817,3743,2300,2300,"P1",345
302,0.156310590873325,0.54981673351028,0.21388,0.6,4000,0.9605,0.573,0.0157068062827225,0.00130890052356021,0.677401453001513,0.603113346048094,0.567985661253001,0.565719018586663,0.623215282456683,0.569417822232419,3842,3651,2292,2289,"P1",345
302,0.156310590873325,0.54981673351028,0.21388,0.8,4000,0.95725,0.56175,0.10057854917668,0.00845571873609257,0.91460327605337,0.770166926995211,0.751699150874888,0.73814207419503,0.83286824892299,0.748410254709596,3829,3366,2247,2228,"P1",345
368,0.381641276775687,0.390343515431249,0.21388,-0.8,4000,1,0.9955,0.16449020592667,0.0507282772476143,-0.834042010861625,-0.783045192469546,-0.830789413587987,-0.782894693418044,-0.811822169381203,-0.811048052236872,4000,3783,3982,3780,"P1",347
368,0.381641276775687,0.390343515431249,0.21388,-0.6,4000,1,0.9975,0.0531328320802005,0.00827067669172932,-0.631086680795447,-0.618724164201505,-0.630011363127201,-0.618311432299923,-0.613994366686005,-0.613359218649371,4000,3964,3990,3957,"P1",347
368,0.381641276775687,0.390343515431249,0.21388,-0.4,4000,1,0.99325,0.0133400453058142,0.00251698968034231,-0.435614126930576,-0.429816737044925,-0.432055789155755,-0.428525346213128,-0.413379200495384,-0.41218339313452,4000,3982,3973,3963,"P1",347
368,0.381641276775687,0.390343515431249,0.21388,-0.2,4000,1,0.9965,0.00125439036628199,0,-0.222758234506341,-0.222367288524439,-0.221420821467518,-0.221325277531649,-0.205455930609672,-0.204930396997989,4000,3999,3986,3986,"P1",347
368,0.381641276775687,0.390343515431249,0.21388,0,4000,1,0.995,0,0,-0.0164583761725214,-0.0160544728437485,-0.014977287159764,-0.014977287159764,-0.0093378388989583,-0.00915461181731411,4000,3999,3980,3980,"P1",347
368,0.381641276775687,0.390343515431249,0.21388,0.2,4000,1,0.99425,0,0,0.196796950153151,0.196796950153151,0.197434633252711,0.197434633252711,0.203068769928331,0.203076210779591,4000,4000,3977,3977,"P1",347
368,0.381641276775687,0.390343515431249,0.21388,0.4,4000,1,0.99375,0.00050314465408805,0,0.403594844119028,0.403567126094803,0.403624696578834,0.403607162736484,0.40598730470949,0.406192711809343,4000,4000,3975,3975,"P1",347
368,0.381641276775687,0.390343515431249,0.21388,0.6,4000,0.99975,0.996,0.0128012048192771,0,0.617051060861645,0.615696490000761,0.616106650678202,0.615342250991096,0.616717878594856,0.615471418031473,3999,3998,3984,3984,"P1",347
368,0.381641276775687,0.390343515431249,0.21388,0.8,4000,1,0.99375,0.11874213836478,0.00855345911949685,0.823225120116503,0.807315540294051,0.82085605960588,0.806850396668302,0.81585129644621,0.814920832155491,4000,3958,3975,3941,"P1",347
181,0.278471854722419,0.513929700320182,0.21388,-0.8,4000,0.98675,0.76675,0.14476687316596,0.0753179002282361,-0.939053104354217,-0.731567605611786,-0.783915895304214,-0.715129421709103,-0.835207627290687,-0.764181320451829,3947,3242,3067,2836,"P1",362
181,0.278471854722419,0.513929700320182,0.21388,-0.6,4000,0.988,0.77425,0.0661930900871811,0.0219567323216016,-0.73387626338801,-0.597905427629227,-0.595751856368045,-0.570620098673413,-0.637376059928542,-0.574541555138066,3952,3599,3097,3029,"P1",362
181,0.278471854722419,0.513929700320182,0.21388,-0.4,4000,0.988,0.77775,0.022822243651559,0.00546448087431694,-0.484546538122187,-0.424167066115475,-0.394489058443749,-0.386666750290956,-0.418113629247864,-0.367615484046077,3952,3791,3111,3094,"P1",362
181,0.278471854722419,0.513929700320182,0.21388,-0.2,4000,0.98625,0.7765,0.00354153251770766,0.000965872504829363,-0.248043489856605,-0.221288908893294,-0.183906725637184,-0.182391430727238,-0.203439058449552,-0.167376623396927,3945,3884,3106,3103,"P1",362
181,0.278471854722419,0.513929700320182,0.21388,0,4000,0.985,0.75725,0.000330141961043249,0,-0.044668541989674,-0.0263437593034851,0.0101544228863822,0.0101747099503146,-0.0034612244037446,0.0245805319601958,3940,3908,3029,3029,"P1",362
181,0.278471854722419,0.513929700320182,0.21388,0.2,4000,0.9915,0.76675,0.00032605151613955,0,0.191176773929943,0.190417947494616,0.207255572848736,0.207232045442423,0.208430871491106,0.215990345089372,3966,3951,3067,3067,"P1",362
181,0.278471854722419,0.513929700320182,0.21388,0.4,4000,0.98825,0.76175,0.00590744995077125,0.000328191663931736,0.417656333853751,0.404459089036277,0.403476346807362,0.402761954266601,0.417180194418091,0.412867315215741,3953,3917,3047,3046,"P1",362
181,0.278471854722419,0.513929700320182,0.21388,0.6,4000,0.9845,0.7495,0.0323549032688459,0.00500333555703803,0.659634532567987,0.608923719035766,0.603400752625376,0.596863283625245,0.631964047201304,0.609218570461869,3938,3797,2998,2983,"P1",362
181,0.278471854722419,0.513929700320182,0.21388,0.8,4000,0.9885,0.7645,0.154676258992806,0.0232177894048398,0.881751448646207,0.777522206653453,0.79519697805814,0.766111295946726,0.823205556998175,0.788980471110957,3954,3621,3058,2987,"P1",362
406,0.128386063133009,0.399651318819688,0.21388,-0.8,4000,0.952,0.53425,0.111839026672906,0.0271408516612073,-0.976429216453607,-0.711875414272085,-0.693347880475367,-0.660360609435467,-0.827408012466212,-0.669499801819594,3808,3084,2137,2079,"P1",404
406,0.128386063133009,0.399651318819688,0.21388,-0.6,4000,0.9575,0.553,0.0361663652802893,0.00994575045207957,-0.753240512931742,-0.575684462546573,-0.5181262028578,-0.505386199352166,-0.625642521056929,-0.499962453862573,3830,3407,2212,2190,"P1",404
406,0.128386063133009,0.399651318819688,0.21388,-0.4,4000,0.9555,0.54975,0.0118235561618918,0.00136425648021828,-0.510528676158851,-0.411793989526405,-0.331988971826187,-0.329228872617128,-0.413947368439638,-0.31717500841392,3822,3622,2199,2196,"P1",404
406,0.128386063133009,0.399651318819688,0.21388,-0.2,4000,0.95825,0.544,0.00137867647058824,0.000919117647058824,-0.261653407122627,-0.214651322771422,-0.146186018200015,-0.144835679454703,-0.199321149292153,-0.132547854788745,3833,3727,2176,2174,"P1",404
406,0.128386063133009,0.399651318819688,0.21388,0,4000,0.946,0.539,0,0,-0.0248196260817723,-0.0152925027611522,0.0290350125323925,0.0290350125323925,0.0104816442819163,0.0437392087549383,3784,3746,2156,2156,"P1",404
406,0.128386063133009,0.399651318819688,0.21388,0.2,4000,0.95,0.54625,0,0,0.20157441841276,0.198126867086652,0.212534303673981,0.212534303673981,0.21590666726092,0.221489345704766,3800,3766,2185,2185,"P1",404
406,0.128386063133009,0.399651318819688,0.21388,0.4,4000,0.95475,0.548,0.00456204379562044,0.000456204379562044,0.447964110851828,0.412318376033805,0.389820838705724,0.389097609624917,0.425221396408592,0.396853084493488,3819,3730,2192,2191,"P1",404
406,0.128386063133009,0.399651318819688,0.21388,0.6,4000,0.954,0.5235,0.0205348615090735,0.000477554918815664,0.670317056657675,0.596120036557306,0.563091643183773,0.560877599335082,0.616798719966265,0.570488675179673,3816,3625,2094,2093,"P1",404
406,0.128386063133009,0.399651318819688,0.21388,0.8,4000,0.95075,0.54925,0.11151570323168,0.00728265817023213,0.925975015225424,0.759039508483541,0.741668666073711,0.727781544335092,0.818209456349622,0.736084759851335,3803,3364,2197,2181,"P1",404
368,0.129488553915608,0.393830929422509,0.21388,-0.8,4000,0.9465,0.5,0.0985,0.0375,-1.0621745924973,-0.699444207051655,-0.683845302519606,-0.643013432742181,-0.822867767505084,-0.655944125480625,3786,3000,2000,1925,"P1",423
368,0.129488553915608,0.393830929422509,0.21388,-0.6,4000,0.94075,0.52175,0.0373742213703881,0.0100622903689506,-0.737563858143264,-0.561789096932307,-0.506189625022167,-0.493169336845221,-0.617300072731657,-0.491400645796256,3763,3323,2087,2066,"P1",423
368,0.129488553915608,0.393830929422509,0.21388,-0.4,4000,0.943,0.517,0.0106382978723404,0.00145067698259188,-0.522112656281456,-0.399129955999313,-0.317489878622322,-0.314861233973588,-0.407485607767656,-0.301008768015071,3772,3521,2068,2065,"P1",423
368,0.129488553915608,0.393830929422509,0.21388,-0.2,4000,0.943,0.52025,0.00192215281114849,0.000480538202787122,-0.269333942228375,-0.210114227390018,-0.135630941847443,-0.134791422532378,-0.193548126585126,-0.115007408610312,3772,3656,2081,2080,"P1",423
368,0.129488553915608,0.393830929422509,0.21388,0,4000,0.9495,0.505,0.000495049504950495,0,-0.0398636604341674,-0.00710419236371189,0.0447399222314533,0.044747844745634,0.0129132849818628,0.0568684108441186,3798,3741,2020,2020,"P1",423
368,0.129488553915608,0.393830929422509,0.21388,0.2,4000,0.9465,0.51225,0,0,0.210301983365922,0.209340789779204,0.219319173008057,0.219319173008057,0.219601276042348,0.221334297219447,3786,3743,2049,2049,"P1",423
368,0.129488553915608,0.393830929422509,0.21388,0.4,4000,0.9495,0.515,0.00339805825242718,0,0.451067241166426,0.408052736281006,0.392141813306873,0.391757971085455,0.420211326514036,0.393850377712602,3798,3699,2060,2060,"P1",423
368,0.129488553915608,0.393830929422509,0.21388,0.6,4000,0.949,0.49825,0.0316106372303061,0.00200702458605118,0.699128856111609,0.595425733317914,0.568279667837314,0.564303838260012,0.630787311241549,0.570374698113598,3796,3556,1993,1989,"P1",423
368,0.129488553915608,0.393830929422509,0.21388,0.8,4000,0.94875,0.5205,0.108549471661864,0.0110470701248799,0.913603336344979,0.752116306574578,0.743952032992087,0.728202164648583,0.82626340420258,0.747871238807152,3795,3291,2082,2059,"P1",423
354,0.129372250671809,0.398520136628964,0.21388,-0.8,4000,0.93825,0.49525,0.101463907117617,0.0318021201413428,-0.980837063224859,-0.692168787912632,-0.670216224302707,-0.636258673126431,-0.823974572294498,-0.644683775122553,3753,2981,1981,1918,"P1",436
354,0.129372250671809,0.398520136628964,0.21388,-0.6,4000,0.9405,0.494,0.041497975708502,0.00759109311740891,-0.762715101404445,-0.562342540601034,-0.496705775985798,-0.486081638428367,-0.612619579090545,-0.48522327635156,3762,3324,1976,1961,"P1",436
354,0.129372250671809,0.398520136628964,0.21388,-0.4,4000,0.94225,0.4975,0.00804020100502513,0.00201005025125628,-0.511587110699262,-0.391726855371626,-0.314732030476479,-0.311989233137184,-0.40478585352755,-0.298639596287543,3769,3529,1990,1986,"P1",436
354,0.129372250671809,0.398520136628964,0.21388,-0.2,4000,0.945,0.50225,0.00248880039820806,0,-0.276488187492131,-0.20967949018036,-0.143686181727439,-0.1435549382715,-0.197400659517229,-0.130388591559412,3780,3668,2009,2009,"P1",436
354,0.129372250671809,0.398520136628964,0.21388,0,4000,0.9435,0.50575,0.000494315373208107,0,-0.0322913217885211,-0.0112093425229074,0.0352348743711374,0.0353006463399053,0.0102897432614357,0.0446214421078187,3774,3716,2023,2023,"P1",436
354,0.129372250671809,0.398520136628964,0.21388,0.2,4000,0.9465,0.508,0,0,0.194737425275536,0.189816230727716,0.207443445612288,0.207443445612288,0.210905654108298,0.219278807961414,3786,3736,2032,2032,"P1",436
354,0.129372250671809,0.398520136628964,0.21388,0.4,4000,0.93725,0.4875,0.00461538461538462,0.000512820512820513,0.445799470916123,0.39392016473765,0.391210897685123,0.390472820641448,0.413566566052151,0.392502071703201,3749,3641,1950,1949,"P1",436
354,0.129372250671809,0.398520136628964,0.21388,0.6,4000,0.9365,0.498,0.0240963855421687,0.00150602409638554,0.688293346510891,0.592748121741582,0.562085731979528,0.558803238532269,0.628488203910524,0.56705079066429,3746,3519,1992,1989,"P1",436
354,0.129372250671809,0.398520136628964,0.21388,0.8,4000,0.94475,0.5075,0.096551724137931,0.0123152709359606,0.921471413728861,0.742152880398545,0.730400577894024,0.714067987703166,0.816866110265981,0.728729833610589,3779,3263,2030,2005,"P1",436
391,0.419038574442892,0.401026974035401,0.21388,-0.8,4000,1,0.998,0.168086172344689,0.0430861723446894,-0.84138599589527,-0.797279321851478,-0.839983674820852,-0.797226253611125,-0.822217707429901,-0.821396226753762,4000,3821,3992,3820,"P1",438
391,0.419038574442892,0.401026974035401,0.21388,-0.6,4000,1,0.99775,0.0355800551240291,0.00726634928589326,-0.626255548008254,-0.61682695336929,-0.625238641651467,-0.616330973349109,-0.612052506535864,-0.611839880538664,4000,3969,3991,3962,"P1",438
391,0.419038574442892,0.401026974035401,0.21388,-0.4,4000,1,0.99825,0.00576008014024543,0.00100175306786877,-0.417170526087681,-0.415469218367847,-0.416230025888411,-0.41484932290816,-0.404845080449563,-0.404634887456456,4000,3995,3993,3989,"P1",438
391,0.419038574442892,0.401026974035401,0.21388,-0.2,4000,1,0.999,0.000750750750750751,0,-0.217645193552681,-0.217575337525597,-0.217279869824077,-0.217242844646074,-0.209693120699392,-0.209650200424773,4000,4000,3996,3996,"P1",438
391,0.419038574442892,0.401026974035401,0.21388,0,4000,1,0.99825,0,0,-0.00878562340483288,-0.00878562340483288,-0.00812590683408048,-0.00812590683408048,-0.000534767688432866,-0.000300430107188275,4000,4000,3993,3993,"P1",438
391,0.419038574442892,0.401026974035401,0.21388,0.2,4000,1,0.9985,0,0,0.200734854481411,0.200734854481411,0.201146884298836,0.201146884298836,0.205327202072204,0.205415263132687,4000,4000,3994,3994,"P1",438
391,0.419038574442892,0.401026974035401,0.21388,0.4,4000,1,0.9975,0.00025062656641604,0,0.40495199804196,0.404940367659535,0.405092494043951,0.405080834512697,0.406455647450813,0.406455647450813,4000,4000,3990,3990,"P1",438
391,0.419038574442892,0.401026974035401,0.21388,0.6,4000,1,0.999,0.004004004004004,0.00025025025025025,0.617610381590718,0.617186214179905,0.617360596386708,0.616960230044875,0.617536678309595,0.617443689087839,4000,3999,3996,3995,"P1",438
391,0.419038574442892,0.401026974035401,0.21388,0.8,4000,1,0.998,0.0959418837675351,0.00501002004008016,0.817503268496133,0.806692562821936,0.816379236148752,0.806643895289917,0.815168780216865,0.815004874836794,4000,3973,3992,3972,"P1",438
393,0.456905145529333,0.690388160113677,0.21388,-0.8,4000,1,1,0.12725,0.0075,-0.823892244513498,-0.808928376398872,-0.823892244513498,-0.808928376398872,-0.813958843244419,-0.813958843244419,4000,3970,4000,3970,"P1",482
393,0.456905145529333,0.690388160113677,0.21388,-0.6,4000,1,1,0.01225,5e-04,-0.618488714517565,-0.617394653985535,-0.618488714517565,-0.617394653985535,-0.611842195334266,-0.611842195334266,4000,3998,4000,3998,"P1",482
393,0.456905145529333,0.690388160113677,0.21388,-0.4,4000,1,1,0.00075,0,-0.414617542941486,-0.414579333925527,-0.414617542941486,-0.414579333925527,-0.407706283203385,-0.407706283203385,4000,4000,4000,4000,"P1",482
393,0.456905145529333,0.690388160113677,0.21388,-0.2,4000,1,1,0,0,-0.213829416444104,-0.213829416444104,-0.213829416444104,-0.213829416444104,-0.208672972402984,-0.208672972402984,4000,4000,4000,4000,"P1",482
393,0.456905145529333,0.690388160113677,0.21388,0,4000,1,1,0,0,-0.00557111940246251,-0.00557111940246251,-0.00557111940246251,-0.00557111940246251,0.00103267399554464,0.00103267399554464,4000,4000,4000,4000,"P1",482
393,0.456905145529333,0.690388160113677,0.21388,0.2,4000,1,1,0,0,0.196575710095049,0.196575710095049,0.196575710095049,0.196575710095049,0.198454372951167,0.198454372951167,4000,4000,4000,4000,"P1",482
393,0.456905145529333,0.690388160113677,0.21388,0.4,4000,1,1,0,0,0.400486034854358,0.400486034854358,0.400486034854358,0.400486034854358,0.401972328256973,0.401972328256973,4000,4000,4000,4000,"P1",482
393,0.456905145529333,0.690388160113677,0.21388,0.6,4000,1,0.99975,0.00100025006251563,0,0.604225483880319,0.604136047109028,0.604091682759138,0.604037056373121,0.605666944285747,0.605631091116888,4000,4000,3999,3999,"P1",482
393,0.456905145529333,0.690388160113677,0.21388,0.8,4000,1,0.99925,0.0450337753314986,0.000500375281461096,0.809927647078156,0.807502694136316,0.809796254495205,0.807377065022194,0.807742219250157,0.807701895626677,4000,3998,3997,3995,"P1",482
105,0.132883233544097,0.512530179095888,0.21388,-0.8,4000,0.798,0.215,0.0593023255813954,0.0209302325581395,-1.02180950031483,-0.546310033737479,-0.494775145636349,-0.4683807254686,-0.744524074384819,-0.472038518875583,3192,2413,860,842,"P1",502
105,0.132883233544097,0.512530179095888,0.21388,-0.6,4000,0.80375,0.2295,0.0337690631808279,0.0119825708061002,-0.759041908446252,-0.431577552177724,-0.349120775479199,-0.334177966825282,-0.556258818717306,-0.32101399982863,3215,2651,918,907,"P1",502
105,0.132883233544097,0.512530179095888,0.21388,-0.4,4000,0.80025,0.226,0.0154867256637168,0.00884955752212389,-0.529252056966519,-0.299462776902358,-0.208018193426028,-0.195582313239259,-0.363478573399456,-0.184587047298545,3201,2815,904,896,"P1",502
105,0.132883233544097,0.512530179095888,0.21388,-0.2,4000,0.8,0.23725,0.00632244467860906,0.00210748155953635,-0.286736506060585,-0.141446883246955,-0.0513978869559455,-0.0482570223779339,-0.152211991940273,-0.0171537507008759,3200,2957,949,947,"P1",502
105,0.132883233544097,0.512530179095888,0.21388,0,4000,0.80325,0.2265,0.00551876379690949,0.0022075055187638,-0.0449951605789451,0.0212213278071951,0.0870132609260797,0.0903732334330363,0.0361113076289402,0.0972444771649962,3213,3036,906,904,"P1",502
105,0.132883233544097,0.512530179095888,0.21388,0.2,4000,0.796,0.23475,0.0053248136315229,0.00106496272630458,0.180766727381256,0.194102153042073,0.255201879541768,0.253693548781579,0.231210284769313,0.272260920336307,3184,3000,939,938,"P1",502
105,0.132883233544097,0.512530179095888,0.21388,0.4,4000,0.8,0.2345,0.0149253731343284,0.00106609808102345,0.449508620230681,0.353580378313628,0.390402300360326,0.388018316764312,0.418494008162466,0.40589741751157,3200,2957,938,937,"P1",502
105,0.132883233544097,0.512530179095888,0.21388,0.6,4000,0.7965,0.23775,0.0347003154574132,0.00736067297581493,0.704196474593257,0.509179357698451,0.529649851037069,0.520025601098476,0.603385399821604,0.529901867177009,3186,2812,951,944,"P1",502
105,0.132883233544097,0.512530179095888,0.21388,0.8,4000,0.79575,0.224,0.0948660714285714,0.0145089285714286,1.07873682817405,0.660287674640281,0.672353623245297,0.652879071506539,0.805803106152773,0.672799957340882,3183,2559,896,883,"P1",502
177,0.129469104504189,0.400180754065173,0.21388,-0.8,4000,0.86025,0.29725,0.0756938603868797,0.0420521446593776,-1.03916057240019,-0.604648825185703,-0.56766632441966,-0.520988942071992,-0.807009817153411,-0.535012873556922,3441,2546,1189,1139,"P1",523
177,0.129469104504189,0.400180754065173,0.21388,-0.6,4000,0.867,0.30125,0.037344398340249,0.00995850622406639,-0.808867590294684,-0.485944059696639,-0.397293311276102,-0.384261508842041,-0.605267091797056,-0.370111393655733,3468,2867,1205,1193,"P1",523
177,0.129469104504189,0.400180754065173,0.21388,-0.4,4000,0.865,0.3155,0.0158478605388273,0.00237717908082409,-0.560884638963933,-0.328974384976985,-0.241718096335791,-0.238282287648981,-0.380014213370878,-0.216225216124032,3460,3122,1262,1259,"P1",523
177,0.129469104504189,0.400180754065173,0.21388,-0.2,4000,0.85775,0.30225,0.00578990901571547,0,-0.304903951976333,-0.179343795766693,-0.0921737873925885,-0.0916403118707538,-0.191619193013082,-0.0603518922374808,3431,3216,1209,1209,"P1",523
177,0.129469104504189,0.400180754065173,0.21388,0,4000,0.854,0.2975,0.00168067226890756,0,-0.0470098550677276,0.00910329639234033,0.0922757121492295,0.0921796833269104,0.0202719121465726,0.100376503076346,3416,3246,1190,1190,"P1",523
177,0.129469104504189,0.400180754065173,0.21388,0.2,4000,0.86275,0.2975,0.00504201680672269,0,0.205211493368554,0.202110683418711,0.226592396939833,0.226377333604327,0.227535663581585,0.241108949244525,3451,3311,1190,1190,"P1",523
177,0.129469104504189,0.400180754065173,0.21388,0.4,4000,0.86425,0.3135,0.0111642743221691,0.000797448165869219,0.448087413795851,0.371383046407701,0.382056230425877,0.380233011425799,0.426347596398386,0.395239637123783,3457,3269,1254,1253,"P1",523
177,0.129469104504189,0.400180754065173,0.21388,0.6,4000,0.8705,0.30075,0.0415627597672485,0.00665004156275977,0.709157255104058,0.535115917238437,0.540058584890511,0.530701381586834,0.62666280765335,0.551725383524857,3482,3085,1203,1195,"P1",523
177,0.129469104504189,0.400180754065173,0.21388,0.8,4000,0.863,0.31175,0.107457898957498,0.02485966319166,0.960695706406073,0.684330958431096,0.705147433444038,0.676402843559948,0.818169370136041,0.703093315114747,3452,2818,1247,1216,"P1",523
200,0.12934226113243,0.399615820240816,0.21388,-0.8,4000,0.88325,0.32625,0.0674329501915709,0.0283524904214559,-1.04186052581781,-0.616436469861603,-0.567362692375523,-0.535784414049359,-0.79903003430548,-0.555500973544521,3533,2623,1305,1268,"P1",527
200,0.12934226113243,0.399615820240816,0.21388,-0.6,4000,0.882,0.33375,0.0352059925093633,0.0119850187265918,-0.807676785082994,-0.496038530303689,-0.423639594512378,-0.409000190669189,-0.594241171156921,-0.406539458470142,3528,2960,1335,1319,"P1",527
200,0.12934226113243,0.399615820240816,0.21388,-0.4,4000,0.87275,0.32325,0.017014694508894,0.00309358081979892,-0.571749696336069,-0.356269332531355,-0.264772389838855,-0.259884543034472,-0.404189698602903,-0.250258298369078,3491,3136,1293,1289,"P1",527
200,0.12934226113243,0.399615820240816,0.21388,-0.2,4000,0.873,0.327,0.00382262996941896,0.000764525993883792,-0.304276961050111,-0.185087794301474,-0.104042199378032,-0.102627531650977,-0.194087689791413,-0.0888789018643616,3492,3295,1308,1307,"P1",527
200,0.12934226113243,0.399615820240816,0.21388,0,4000,0.8705,0.31975,0,0,-0.0551487190447723,-0.00217838485015667,0.0692447681866193,0.0692447681866193,0.0225254829689297,0.079317887165143,3482,3350,1279,1279,"P1",527
200,0.12934226113243,0.399615820240816,0.21388,0.2,4000,0.882,0.33825,0.00221729490022173,0,0.19346329159328,0.193120592100858,0.229301682908338,0.229144004972381,0.220557338749744,0.242010193460578,3528,3401,1353,1353,"P1",527
200,0.12934226113243,0.399615820240816,0.21388,0.4,4000,0.8795,0.338,0.00591715976331361,0.0022189349112426,0.447906339222706,0.373263249650144,0.391642628790291,0.389092661739115,0.417151659445387,0.397070081604448,3518,3356,1352,1349,"P1",527
200,0.12934226113243,0.399615820240816,0.21388,0.6,4000,0.88025,0.3285,0.0418569254185693,0.00532724505327245,0.721561920769768,0.553074238938443,0.545114279861561,0.536882428904128,0.622009327894832,0.543034943946993,3521,3154,1314,1307,"P1",527
200,0.12934226113243,0.399615820240816,0.21388,0.8,4000,0.885,0.33825,0.0946045824094605,0.0199556541019956,0.965410976330971,0.709057130052007,0.708970293503733,0.68626544877226,0.822951350887232,0.706531396347428,3540,2910,1353,1326,"P1",527
328,0.349311713031205,0.397687074430516,0.21388,-0.8,4000,1,0.98,0.172959183673469,0.0693877551020408,-0.853358126270976,-0.774755805849811,-0.837368046710187,-0.773537278337718,-0.818352264469201,-0.813418364087227,4000,3670,3920,3648,"P1",533
328,0.349311713031205,0.397687074430516,0.21388,-0.6,4000,1,0.98425,0.0675641351282703,0.016256032512065,-0.643398800187205,-0.619043035025429,-0.635466324809659,-0.616298473028944,-0.616111366870289,-0.612456999820763,4000,3916,3937,3873,"P1",533
328,0.349311713031205,0.397687074430516,0.21388,-0.4,4000,1,0.98575,0.0172457519655085,0.00278975399442049,-0.437795982320283,-0.431159443628415,-0.4323435185318,-0.428209356418441,-0.415314054413679,-0.413103150753639,4000,3980,3943,3932,"P1",533
328,0.349311713031205,0.397687074430516,0.21388,-0.2,4000,0.99975,0.98825,0.00151783455603339,0,-0.22337591341652,-0.222897635786234,-0.219101333729423,-0.219032660518997,-0.208142719234642,-0.206009362259879,3999,3998,3953,3953,"P1",533
328,0.349311713031205,0.397687074430516,0.21388,0,4000,1,0.98625,0,0,-0.0105122674822384,-0.0101527267374907,-0.00681838739717831,-0.00681838739717831,0.00409148037979457,0.0056600904893204,4000,3999,3945,3945,"P1",533
328,0.349311713031205,0.397687074430516,0.21388,0.2,4000,1,0.98125,0,0,0.188984697599545,0.188984697599545,0.190795117357847,0.190795117357847,0.194557736541714,0.195561278042202,4000,4000,3925,3925,"P1",533
328,0.349311713031205,0.397687074430516,0.21388,0.4,4000,1,0.98325,0.000508517670989067,0,0.409053946038812,0.408665153793636,0.408667274079238,0.408607158073599,0.412131946098382,0.412116540838544,4000,3999,3933,3933,"P1",533
328,0.349311713031205,0.397687074430516,0.21388,0.6,4000,1,0.985,0.0152284263959391,0.00126903553299492,0.616073560519692,0.612847363375966,0.613339149270771,0.611260576011272,0.615082569822811,0.61377776646074,4000,3991,3940,3935,"P1",533
328,0.349311713031205,0.397687074430516,0.21388,0.8,4000,1,0.9865,0.137607704004055,0.0141915864166244,0.827575709854364,0.804364717741856,0.822502446518219,0.803361401794316,0.823092983404171,0.820708305368415,4000,3924,3946,3890,"P1",533
676,0.167322987490629,0.394914852384891,0.21388,-0.8,4000,0.997,0.8865,0.153694303440496,0.0462492949802594,-0.889961475403937,-0.777887634728921,-0.812499423619706,-0.768434439045827,-0.823063339142498,-0.792124438812095,3988,3573,3546,3382,"P1",603
676,0.167322987490629,0.394914852384891,0.21388,-0.6,4000,0.997,0.879,0.0437997724687144,0.00853242320819113,-0.667623716617411,-0.614179855376151,-0.604555866108713,-0.593789797033773,-0.614692247431746,-0.588278283855519,3988,3818,3516,3486,"P1",603
676,0.167322987490629,0.394914852384891,0.21388,-0.4,4000,0.99825,0.88225,0.00765089260413715,0.000566732785491641,-0.44947361913459,-0.430618348084141,-0.403515156884213,-0.402413727995213,-0.414661367253039,-0.389425938290983,3993,3941,3529,3527,"P1",603
676,0.167322987490629,0.394914852384891,0.21388,-0.2,4000,0.9975,0.87875,0.00085348506401138,0,-0.232296449126895,-0.221000462747856,-0.195361156885807,-0.195327529700441,-0.201711208068174,-0.182594027923587,3990,3974,3515,3515,"P1",603
676,0.167322987490629,0.394914852384891,0.21388,0,4000,0.99725,0.88825,0,0,-0.0138916604185475,-0.012823292051276,0.00302013672036334,0.00302013672036334,0.00394979346047721,0.0126343549462416,3989,3986,3553,3553,"P1",603
676,0.167322987490629,0.394914852384891,0.21388,0.2,4000,0.99875,0.8845,0,0,0.195737795475047,0.195379323227497,0.199597630193233,0.199597630193233,0.205081721572717,0.206625244870548,3995,3987,3538,3538,"P1",603
676,0.167322987490629,0.394914852384891,0.21388,0.4,4000,0.99925,0.88625,0,0,0.414586267061631,0.408862440853638,0.398504053855683,0.398504053855683,0.40687875755311,0.399388887595195,3997,3985,3545,3545,"P1",603
676,0.167322987490629,0.394914852384891,0.21388,0.6,4000,0.9975,0.8865,0.0129723632261703,0.000282007896221094,0.6272634973364,0.61162144278879,0.599808962160105,0.598861567881534,0.611277734795618,0.598417853063558,3990,3951,3546,3545,"P1",603
676,0.167322987490629,0.394914852384891,0.21388,0.8,4000,0.99775,0.89575,0.118336589450181,0.00530281886687134,0.842778726964654,0.797629516368981,0.801836330822534,0.788947697696468,0.815778691093564,0.798800344341645,3991,3844,3583,3564,"P1",603
162,0.217871789006907,0.400486452785583,0.21388,-0.8,4000,0.95,0.52375,0.121718377088305,0.0606205250596659,-1.01672768785914,-0.67568348020864,-0.699969035182883,-0.638819381185282,-0.843680493977181,-0.684688774104454,3800,2882,2095,1968,"P1",626
162,0.217871789006907,0.400486452785583,0.21388,-0.6,4000,0.9495,0.529,0.052930056710775,0.0217391304347826,-0.816457924996654,-0.549431890711834,-0.519949082302957,-0.494284594339112,-0.640212916828564,-0.509365231432339,3798,3198,2116,2070,"P1",626
162,0.217871789006907,0.400486452785583,0.21388,-0.4,4000,0.9605,0.55175,0.0208427729950159,0.00724966017217943,-0.540117811068587,-0.382702400743526,-0.329684110257194,-0.320154743764665,-0.411356922165583,-0.321418047383143,3842,3530,2207,2191,"P1",626
162,0.217871789006907,0.400486452785583,0.21388,-0.2,4000,0.956,0.521,0.00527831094049904,0.00191938579654511,-0.286231053095044,-0.211927424759264,-0.138951502376383,-0.135932005961105,-0.20704224429004,-0.116585457601538,3824,3661,2084,2080,"P1",626
162,0.217871789006907,0.400486452785583,0.21388,0,4000,0.95475,0.53425,0.000935891436593355,0.000467945718296678,-0.0583515715121394,-0.0162112811436169,0.0303955354770941,0.0309562475394508,0.00306049169579665,0.0501343694771402,3819,3725,2137,2136,"P1",626
162,0.217871789006907,0.400486452785583,0.21388,0.2,4000,0.9595,0.54075,0.00416088765603329,0,0.190035683290304,0.184520466902044,0.22061306736486,0.220152238976628,0.214354382518202,0.23598887698753,3838,3770,2163,2163,"P1",626
162,0.217871789006907,0.400486452785583,0.21388,0.4,4000,0.95375,0.54375,0.0188505747126437,0.00137931034482759,0.437996923587579,0.395630993359231,0.41001413727395,0.407202664435721,0.424370265428108,0.419002809076102,3815,3683,2175,2172,"P1",626
162,0.217871789006907,0.400486452785583,0.21388,0.6,4000,0.95725,0.55975,0.0473425636444841,0.00759267530147387,0.68029747911338,0.586469870675297,0.591862956151132,0.582458129717593,0.638735090374907,0.599807599898559,3829,3589,2239,2222,"P1",626
162,0.217871789006907,0.400486452785583,0.21388,0.8,4000,0.95475,0.543,0.138581952117864,0.0460405156537753,0.916652186403195,0.74626887096792,0.781791661541647,0.739607954987245,0.843562396697468,0.7780059314134,3819,3239,2172,2072,"P1",626
319,0.129573213846885,0.398502887768584,0.21388,-0.8,4000,0.929,0.49075,0.076413652572593,0.0392256749872644,-0.982924635366208,-0.672960529104243,-0.652847460959824,-0.614315929445197,-0.787063063805721,-0.629954501627665,3716,2957,1963,1886,"P1",640
319,0.129573213846885,0.398502887768584,0.21388,-0.6,4000,0.9285,0.4535,0.0352811466372657,0.00661521499448732,-0.787022544180325,-0.55241233776211,-0.479464276873646,-0.470365077631789,-0.612708957251143,-0.467505843513707,3714,3230,1814,1802,"P1",640
319,0.129573213846885,0.398502887768584,0.21388,-0.4,4000,0.93775,0.479,0.00835073068893528,0.00104384133611691,-0.530015223607549,-0.396511383722475,-0.311348286773814,-0.309544356617764,-0.415256590087308,-0.297547886344325,3751,3508,1916,1914,"P1",640
319,0.129573213846885,0.398502887768584,0.21388,-0.2,4000,0.9285,0.46225,0.00162249864791779,0.000540832882639265,-0.280721052817902,-0.212213526180236,-0.137823882328647,-0.137082626788578,-0.196723713604885,-0.117259874638466,3714,3584,1849,1848,"P1",640
319,0.129573213846885,0.398502887768584,0.21388,0,4000,0.93375,0.478,0.000523012552301255,0,-0.0326382933382647,-0.0155959299232006,0.0397593792291738,0.0397912481739334,0.00864328115348234,0.0494786039973763,3735,3668,1912,1912,"P1",640
319,0.129573213846885,0.398502887768584,0.21388,0.2,4000,0.93725,0.4795,0.000521376433785193,0,0.202180609978753,0.198368386097924,0.218798235986566,0.218758554918705,0.222783861474538,0.237398322929923,3749,3688,1918,1918,"P1",640
319,0.129573213846885,0.398502887768584,0.21388,0.4,4000,0.9265,0.4685,0.00533617929562433,0,0.444276160103806,0.404568535945363,0.389026521293672,0.388672103747642,0.428241542750121,0.396660187953984,3706,3606,1874,1874,"P1",640
319,0.129573213846885,0.398502887768584,0.21388,0.6,4000,0.93025,0.46625,0.0235924932975871,0.00214477211796247,0.70278011425391,0.580363028093064,0.559935982629453,0.556395661147986,0.624558315750593,0.570690618254424,3721,3430,1865,1861,"P1",640
319,0.129573213846885,0.398502887768584,0.21388,0.8,4000,0.933,0.487,0.108316221765914,0.0123203285420945,0.930764454703181,0.744163174716289,0.737159331838949,0.718386645784354,0.820944199994156,0.736631445691828,3732,3230,1948,1924,"P1",640
407,0.128664474764696,0.397582117534488,0.21388,-0.8,4000,0.954,0.5405,0.112858464384829,0.0309898242368178,-0.981229759935719,-0.706245550925828,-0.699144235084442,-0.663076262879725,-0.817455240833541,-0.676498478802761,3816,3048,2162,2095,"P1",652
407,0.128664474764696,0.397582117534488,0.21388,-0.6,4000,0.95525,0.55825,0.0340349305866547,0.00716524854455889,-0.740627970561367,-0.570339299394256,-0.513884805585963,-0.504436258200513,-0.61394276953342,-0.50250552067601,3821,3411,2233,2217,"P1",652
407,0.128664474764696,0.397582117534488,0.21388,-0.4,4000,0.95175,0.555,0.00990990990990991,0.00135135135135135,-0.49231525029536,-0.406191871900504,-0.336616278994474,-0.334232274569339,-0.415645468654978,-0.325896443860191,3807,3595,2220,2217,"P1",652
407,0.128664474764696,0.397582117534488,0.21388,-0.2,4000,0.94875,0.5435,0.00183992640294388,0,-0.266028444837208,-0.219151872799684,-0.158655338903633,-0.158498771786625,-0.20083455935022,-0.144357861495857,3795,3704,2174,2174,"P1",652
407,0.128664474764696,0.397582117534488,0.21388,0,4000,0.95575,0.54975,0,0,-0.0369608705382522,-0.0146741189752574,0.0317101162508451,0.0317101162508451,0.00704569883727509,0.0442032173919678,3823,3777,2199,2199,"P1",652
407,0.128664474764696,0.397582117534488,0.21388,0.2,4000,0.951,0.556,0,0,0.203478203436409,0.197769095094214,0.212170337931443,0.212170337931443,0.208893790936024,0.217716529153336,3804,3772,2224,2224,"P1",652
407,0.128664474764696,0.397582117534488,0.21388,0.4,4000,0.955,0.5375,0.0013953488372093,0,0.442583582188455,0.404855291271583,0.385610536029426,0.385549710053515,0.40951266729197,0.386530123386767,3820,3752,2150,2150,"P1",652
407,0.128664474764696,0.397582117534488,0.21388,0.6,4000,0.94875,0.5365,0.0251630941286114,0.0032618825722274,0.693692508296095,0.594810829344322,0.57435452847866,0.570340674716389,0.623318062675451,0.574041504035507,3795,3569,2146,2139,"P1",652
407,0.128664474764696,0.397582117534488,0.21388,0.8,4000,0.958,0.5335,0.104967197750703,0.0149953139643861,0.929802535670943,0.761367240145534,0.750678621133323,0.732686754587641,0.830058233877522,0.74806196776598,3832,3304,2134,2102,"P1",652
288,0.268062848927138,0.402276663845393,0.21388,-0.8,4000,0.996,0.88675,0.177051029038624,0.0797857344234564,-0.909055089272168,-0.756813608445938,-0.823325418238651,-0.749957185578407,-0.833059347890405,-0.799809657592992,3984,3436,3547,3264,"P1",654
288,0.268062848927138,0.402276663845393,0.21388,-0.6,4000,0.99625,0.876,0.0747716894977169,0.0231164383561644,-0.693612129251995,-0.612085675745271,-0.622288599423286,-0.594788672123229,-0.629554034138622,-0.590810081025597,3985,3728,3504,3423,"P1",654
288,0.268062848927138,0.402276663845393,0.21388,-0.4,4000,0.9965,0.89225,0.0176520033622864,0.00420285794340151,-0.457556052126599,-0.427599499038881,-0.41443094172467,-0.408762031685011,-0.415685383077655,-0.395659478829107,3986,3902,3569,3554,"P1",654
288,0.268062848927138,0.402276663845393,0.21388,-0.2,4000,0.9975,0.89125,0.00504908835904628,0.000841514726507714,-0.237276624135998,-0.224853670202729,-0.204837607101344,-0.203335404345062,-0.208127724701361,-0.189464613357188,3990,3962,3565,3562,"P1",654
288,0.268062848927138,0.402276663845393,0.21388,0,4000,0.996,0.88575,0.000282246683601468,0.000282246683601468,-0.0258515425937915,-0.0186767709494536,-0.00528108987969366,-0.00483886660873438,-0.00348467098595596,0.004840117020281,3984,3969,3543,3542,"P1",654
288,0.268062848927138,0.402276663845393,0.21388,0.2,4000,0.99575,0.878,0,0,0.192106829476459,0.193087164477495,0.201566225446803,0.201566225446803,0.206560840247507,0.210462854190061,3983,3978,3512,3512,"P1",654
288,0.268062848927138,0.402276663845393,0.21388,0.4,4000,0.99675,0.889,0.00534308211473566,0.000281214848143982,0.413568877698174,0.408971242490412,0.403529379971303,0.402875897687955,0.418925380533921,0.415038079928193,3987,3974,3556,3555,"P1",654
288,0.268062848927138,0.402276663845393,0.21388,0.6,4000,0.998,0.88575,0.03076488851256,0.00141123341800734,0.631189958254626,0.613431116973228,0.610714548745601,0.607347085421898,0.620353777539246,0.609975276012959,3992,3937,3543,3538,"P1",654
288,0.268062848927138,0.402276663845393,0.21388,0.8,4000,0.99675,0.8855,0.147374364765669,0.0254093732354602,0.848452928128079,0.79025107607838,0.812700723858164,0.78517946019436,0.823909119820372,0.807575456995676,3987,3756,3542,3452,"P1",654
218,0.145540675871391,0.397872921750768,0.21388,-0.8,4000,0.91325,0.41925,0.0852713178294574,0.0363744782349434,-1.03408497627284,-0.648237117739871,-0.626919841591676,-0.585812913990817,-0.80475256570186,-0.601813499108743,3653,2783,1677,1616,"P1",657
218,0.145540675871391,0.397872921750768,0.21388,-0.6,4000,0.912,0.40575,0.0462107208872458,0.0117067159581023,-0.843229259811802,-0.53078271604323,-0.462056009571018,-0.445490975676891,-0.628225646352818,-0.434911354494188,3648,3090,1623,1604,"P1",657
218,0.145540675871391,0.397872921750768,0.21388,-0.4,4000,0.915,0.42825,0.0198482194979568,0.00467016929363689,-0.557011464871806,-0.379643531507799,-0.297371762548889,-0.290092262757886,-0.413042957987646,-0.280065088991114,3660,3356,1713,1705,"P1",657
218,0.145540675871391,0.397872921750768,0.21388,-0.2,4000,0.914,0.421,0.00356294536817102,0,-0.294299773500899,-0.191131811808008,-0.115764805388131,-0.115466613145226,-0.185516106632711,-0.107421504632341,3656,3491,1684,1684,"P1",657
218,0.145540675871391,0.397872921750768,0.21388,0,4000,0.90975,0.4125,0.000606060606060606,0,-0.0462782399705234,-0.0105847720461572,0.0517640265739089,0.0517895230975913,0.00955997112866372,0.0601270520027022,3639,3541,1650,1650,"P1",657
218,0.145540675871391,0.397872921750768,0.21388,0.2,4000,0.9085,0.40775,0.00245248313917842,0,0.198623209496101,0.191980805919412,0.220364989078721,0.220160024209507,0.216413501791527,0.231765128492107,3634,3540,1631,1631,"P1",657
218,0.145540675871391,0.397872921750768,0.21388,0.4,4000,0.91,0.41575,0.00661455201443175,0.000601322910402886,0.458083473623118,0.393510393139463,0.393150615481675,0.392307238216086,0.434367823899868,0.403279481213895,3640,3491,1663,1662,"P1",657
218,0.145540675871391,0.397872921750768,0.21388,0.6,4000,0.91525,0.40575,0.0351201478743068,0.00246457178065311,0.702037755444601,0.568726925426011,0.565339004415119,0.560632533956654,0.63386317897574,0.575816477991068,3661,3357,1623,1619,"P1",657
218,0.145540675871391,0.397872921750768,0.21388,0.8,4000,0.90875,0.41875,0.115223880597015,0.0262686567164179,0.954525817493041,0.720400068749969,0.728178188232726,0.699146798460999,0.823701263243287,0.721968575070258,3635,3067,1675,1631,"P1",657
254,0.236307905747425,0.410435288751402,0.21388,-0.8,4000,0.99025,0.775,0.157096774193548,0.0725806451612903,-0.927065085088109,-0.739472557731996,-0.790095141633264,-0.721088034739975,-0.844088288814647,-0.769592398017905,3961,3279,3100,2875,"P1",694
254,0.236307905747425,0.410435288751402,0.21388,-0.6,4000,0.9895,0.781,0.0697823303457106,0.0256081946222791,-0.711291063994661,-0.592932503095934,-0.5893953003286,-0.561162498723662,-0.628744857196648,-0.564974674195705,3958,3617,3124,3044,"P1",694
254,0.236307905747425,0.410435288751402,0.21388,-0.4,4000,0.9905,0.78375,0.0220095693779904,0.005103668261563,-0.488236619632775,-0.431671816519042,-0.4026817809634,-0.394919233071827,-0.424601347098252,-0.378033547240463,3962,3824,3135,3119,"P1",694
254,0.236307905747425,0.410435288751402,0.21388,-0.2,4000,0.991,0.76825,0.00455580865603645,0.00097624471200781,-0.259276263122358,-0.232529680219447,-0.192306497018393,-0.190750410011342,-0.215939533933514,-0.182506457070367,3964,3908,3073,3070,"P1",694
254,0.236307905747425,0.410435288751402,0.21388,0,4000,0.9885,0.7775,0.000321543408360129,0.000321543408360129,-0.0334421778500836,-0.0151666952365427,0.0103743902411317,0.0108157675187998,0.000406871207870587,0.0200448043168236,3954,3918,3110,3109,"P1",694
254,0.236307905747425,0.410435288751402,0.21388,0.2,4000,0.98925,0.775,0.000645161290322581,0.000645161290322581,0.190023627342313,0.188446144722944,0.200152810522501,0.19946608168962,0.20220832076513,0.209791913701567,3957,3939,3100,3098,"P1",694
254,0.236307905747425,0.410435288751402,0.21388,0.4,4000,0.99025,0.78675,0.00349539243724182,0,0.414760261006074,0.405658975901556,0.40374891701371,0.403493350437438,0.414858712109849,0.408984001926099,3961,3936,3147,3147,"P1",694
254,0.236307905747425,0.410435288751402,0.21388,0.6,4000,0.98975,0.778,0.0398457583547558,0.0044987146529563,0.644370056638839,0.606506965876943,0.601643269625914,0.59494932533592,0.62164809070189,0.601571939779655,3959,3847,3112,3098,"P1",694
254,0.236307905747425,0.410435288751402,0.21388,0.8,4000,0.99,0.769,0.153120936280884,0.0289336801040312,0.882892594791666,0.786490890492295,0.808240471387978,0.776967168071778,0.837408831822614,0.806393777199047,3960,3597,3076,2987,"P1",694
187,0.210926185699537,0.399446766636685,0.21388,-0.8,4000,0.958,0.57425,0.127993034392686,0.0666086199390509,-1.03002990817016,-0.694578647323878,-0.717988486974358,-0.653002587650128,-0.84733552114736,-0.696696281605373,3832,2965,2297,2144,"P1",703
187,0.210926185699537,0.399446766636685,0.21388,-0.6,4000,0.959,0.576,0.0672743055555556,0.0208333333333333,-0.761394968215382,-0.560832182600458,-0.53195923317078,-0.506330727251986,-0.625301964097132,-0.505193074206838,3836,3348,2304,2256,"P1",703
187,0.210926185699537,0.399446766636685,0.21388,-0.4,4000,0.959,0.57225,0.0205329838357361,0.00567933595456531,-0.531686226274565,-0.402038260082828,-0.349212351473084,-0.341382107658836,-0.423262112644564,-0.327119190992662,3836,3570,2289,2276,"P1",703
187,0.210926185699537,0.399446766636685,0.21388,-0.2,4000,0.965,0.57425,0.0065302568567697,0.00174140182847192,-0.299833406058872,-0.221056688166853,-0.152914175794172,-0.150254991220595,-0.211403613927233,-0.130655203471376,3860,3714,2297,2293,"P1",703
187,0.210926185699537,0.399446766636685,0.21388,0,4000,0.963,0.577,0.00216637781629116,0,-0.0671520145230193,-0.0255810116931432,0.032376083857609,0.0325344726383764,-0.0111071853930134,0.0423375308924735,3852,3772,2308,2308,"P1",703
187,0.210926185699537,0.399446766636685,0.21388,0.2,4000,0.96325,0.5725,0.00174672489082969,0.000436681222707424,0.177153596296433,0.185350950570534,0.208758464985685,0.208148397772127,0.206517188095656,0.219649408657453,3853,3792,2290,2289,"P1",703
187,0.210926185699537,0.399446766636685,0.21388,0.4,4000,0.96575,0.57325,0.0139555167902311,0.000872219799389446,0.451928414173695,0.397906405919044,0.402701786843828,0.401046771814738,0.420551739992379,0.403809215608245,3863,3762,2293,2291,"P1",703
187,0.210926185699537,0.399446766636685,0.21388,0.6,4000,0.96175,0.5695,0.0395083406496927,0.00526777875329236,0.693249353788078,0.589779818553261,0.584047127752178,0.576683026185616,0.630751127930141,0.591504410067193,3847,3596,2278,2266,"P1",703
187,0.210926185699537,0.399446766636685,0.21388,0.8,4000,0.95925,0.57025,0.156948706707584,0.0372643577378343,0.922738100313279,0.744513997044087,0.777226541432788,0.738074445145446,0.835238201848204,0.765395702955698,3837,3262,2281,2196,"P1",703
166,0.129850513971977,0.401352421925453,0.21388,-0.8,4000,0.84925,0.2805,0.072192513368984,0.0240641711229947,-1.07331253337666,-0.604085490213725,-0.549407296132441,-0.521270664772983,-0.806497368723906,-0.527772996303316,3397,2511,1122,1095,"P1",719
166,0.129850513971977,0.401352421925453,0.21388,-0.6,4000,0.86425,0.29725,0.0227081581160639,0.0109335576114382,-0.823667019062315,-0.469156758878887,-0.379031854328422,-0.364905524468492,-0.578377074893876,-0.359141228219584,3457,2854,1189,1176,"P1",719
166,0.129850513971977,0.401352421925453,0.21388,-0.4,4000,0.8575,0.2995,0.0108514190317195,0.00250417362270451,-0.542984896361884,-0.313344646946081,-0.229199384990335,-0.225617087197429,-0.36596551722944,-0.230852241060135,3430,3071,1198,1195,"P1",719
166,0.129850513971977,0.401352421925453,0.21388,-0.2,4000,0.85075,0.286,0.00786713286713287,0.000874125874125874,-0.336590323030033,-0.165042498969777,-0.0883694000914438,-0.0865667112253713,-0.181215723530331,-0.0639766572423619,3403,3160,1144,1143,"P1",719
166,0.129850513971977,0.401352421925453,0.21388,0,4000,0.854,0.2885,0.00173310225303293,0.000866551126516464,-0.0387227935526569,0.00518962673423671,0.0880668359798491,0.0893318161316254,0.0166558802818543,0.10580310419665,3416,3279,1154,1153,"P1",719
166,0.129850513971977,0.401352421925453,0.21388,0.2,4000,0.86075,0.285,0.00526315789473684,0,0.206349278227375,0.187462232816905,0.235696457934224,0.235482029820546,0.214969781784979,0.245776520560096,3443,3295,1140,1140,"P1",719
166,0.129850513971977,0.401352421925453,0.21388,0.4,4000,0.85225,0.29325,0.00852514919011083,0,0.433036547705352,0.366212831129591,0.385597681814261,0.384720011732347,0.422246829287252,0.407191836779579,3409,3191,1173,1173,"P1",719
166,0.129850513971977,0.401352421925453,0.21388,0.6,4000,0.864,0.2865,0.0445026178010471,0.00174520069808028,0.720191583794616,0.533488267122211,0.535373261647043,0.529858429727101,0.616506690825251,0.537853269204746,3456,3086,1146,1144,"P1",719
166,0.129850513971977,0.401352421925453,0.21388,0.8,4000,0.84925,0.28975,0.116479723899914,0.0215703192407248,0.944619906711145,0.694133552873685,0.704062009607629,0.677549119645814,0.826431902130646,0.708746862735905,3397,2772,1159,1134,"P1",719
135,0.129657685079267,0.402016493743245,0.21388,-0.8,4000,0.82075,0.2435,0.0605749486652977,0.0349075975359343,-1.08658042792978,-0.554760205494008,-0.50796951669464,-0.468491033899479,-0.777482587613223,-0.482525573930867,3283,2403,974,940,"P1",720
135,0.129657685079267,0.402016493743245,0.21388,-0.6,4000,0.82075,0.257,0.0252918287937743,0.00875486381322957,-0.784464148707418,-0.44981988562472,-0.367944243806272,-0.355494980612547,-0.573963147271918,-0.361550299083941,3283,2709,1028,1019,"P1",720
135,0.129657685079267,0.402016493743245,0.21388,-0.4,4000,0.82275,0.23225,0.0107642626480086,0.00322927879440258,-0.5767020811747,-0.294244072638405,-0.202325144028958,-0.197080149601066,-0.350096692626096,-0.176517588093143,3291,2893,929,926,"P1",720
135,0.129657685079267,0.402016493743245,0.21388,-0.2,4000,0.8255,0.23825,0.00209863588667366,0.00104931794333683,-0.335411868331334,-0.154726003232558,-0.0636177956050577,-0.0622021981672819,-0.1830492422443,-0.0486579329996446,3302,3030,953,952,"P1",720
135,0.129657685079267,0.402016493743245,0.21388,0,4000,0.8305,0.2505,0.000998003992015968,0,-0.0720401998385134,0.0250193126479725,0.117080312903062,0.117110342067054,0.0371623633035111,0.129478155251379,3322,3092,1002,1002,"P1",720
135,0.129657685079267,0.402016493743245,0.21388,0.2,4000,0.83225,0.243,0.00411522633744856,0,0.187460971053254,0.192979633939508,0.249179492713327,0.248872981991607,0.233234601623826,0.256826986479556,3329,3136,972,972,"P1",720
135,0.129657685079267,0.402016493743245,0.21388,0.4,4000,0.835,0.235,0.0180851063829787,0.00212765957446809,0.451912332510096,0.352792151151843,0.400478296687961,0.396569571540069,0.426072818616009,0.408592335298927,3340,3058,940,938,"P1",720
135,0.129657685079267,0.402016493743245,0.21388,0.6,4000,0.82625,0.239,0.0481171548117155,0.00732217573221757,0.703072503440212,0.519749690407621,0.540178293310693,0.530689911886744,0.636350535506684,0.546696728976454,3305,2921,956,949,"P1",720
135,0.129657685079267,0.402016493743245,0.21388,0.8,4000,0.832,0.251,0.127490039840637,0.0288844621513944,0.942658651646575,0.658778122724407,0.703225370833464,0.669839927885888,0.828809272338754,0.718996083704703,3328,2640,1004,975,"P1",720
299,0.182728013818702,0.398059316254548,0.21388,-0.8,4000,0.9745,0.66775,0.14301759640584,0.0636465743167353,-0.973918357661157,-0.720131570924308,-0.750986181603949,-0.690129703460292,-0.833047488787713,-0.726276011236695,3898,3162,2671,2501,"P1",731
299,0.182728013818702,0.398059316254548,0.21388,-0.6,4000,0.9785,0.672,0.0550595238095238,0.0171130952380952,-0.76963397683879,-0.578615493911568,-0.550800124678329,-0.529918704046639,-0.620469552596695,-0.522123566389744,3914,3528,2688,2642,"P1",731
299,0.182728013818702,0.398059316254548,0.21388,-0.4,4000,0.979,0.6715,0.0119136262099777,0.00595681310498883,-0.514707789776033,-0.421138582782604,-0.371609327025635,-0.364373037899323,-0.424997364085446,-0.349932160665683,3916,3704,2686,2670,"P1",731
299,0.182728013818702,0.398059316254548,0.21388,-0.2,4000,0.9775,0.6825,0.00366300366300366,0,-0.261172631924328,-0.223771524574724,-0.172333682596209,-0.171969357404154,-0.209098859269631,-0.158664199704157,3910,3835,2730,2730,"P1",731
299,0.182728013818702,0.398059316254548,0.21388,0,4000,0.97975,0.666,0,0,-0.0390715812935388,-0.0217003761015783,0.0179577418845729,0.0179577418845729,0.000945864005358562,0.0327471800569274,3919,3878,2664,2664,"P1",731
299,0.182728013818702,0.398059316254548,0.21388,0.2,4000,0.97775,0.66975,0.000373273609555804,0.000373273609555804,0.187838171867252,0.189071311856112,0.206227904309387,0.205787781463826,0.21068101808504,0.219902533370874,3911,3884,2679,2678,"P1",731
299,0.182728013818702,0.398059316254548,0.21388,0.4,4000,0.9755,0.6765,0.00554323725055432,0,0.427861776525133,0.407839290412044,0.402257816904433,0.401894749351842,0.419968501962244,0.407160468691229,3902,3855,2706,2706,"P1",731
299,0.182728013818702,0.398059316254548,0.21388,0.6,4000,0.97775,0.676,0.029585798816568,0.0022189349112426,0.657933705887872,0.607936411707862,0.594168971859187,0.590180231575473,0.634837252257256,0.59926390115621,3911,3773,2704,2698,"P1",731
299,0.182728013818702,0.398059316254548,0.21388,0.8,4000,0.9785,0.66125,0.135727788279773,0.0155009451795841,0.898387512323148,0.768646955075613,0.771310865686822,0.749291674422386,0.831469669522265,0.779935512197175,3914,3499,2645,2604,"P1",731
356,0.322205852094578,0.399190176502815,0.21388,-0.8,4000,0.99975,0.97925,0.166198621393924,0.0684197089609395,-0.849103944511292,-0.776566766503067,-0.834961900671237,-0.774665491066146,-0.821433463798518,-0.814998884589712,3999,3682,3917,3649,"P1",773
356,0.322205852094578,0.399190176502815,0.21388,-0.6,4000,1,0.9815,0.0629139072847682,0.0180845644421803,-0.648320214880673,-0.62047351446434,-0.637635859918284,-0.617560717409489,-0.620565929052308,-0.616144466624357,4000,3898,3926,3855,"P1",773
356,0.322205852094578,0.399190176502815,0.21388,-0.4,4000,0.99975,0.98275,0.0152632917832613,0.00254388196387688,-0.434065634540159,-0.426216578166274,-0.425818519964246,-0.422047182812553,-0.413544760301113,-0.410433554114027,3999,3976,3931,3921,"P1",773
356,0.322205852094578,0.399190176502815,0.21388,-0.2,4000,0.99975,0.9795,0.00178662582950485,0.00102092904543134,-0.226150749518345,-0.2237438617618,-0.219132098503623,-0.217739474745579,-0.208088064677217,-0.204176299920083,3999,3993,3918,3914,"P1",773
356,0.322205852094578,0.399190176502815,0.21388,0,4000,1,0.9795,0,0,-0.0142093586448892,-0.0131081884342299,-0.00915201752467931,-0.00915201752467931,-0.000772284588596999,0.00218422026633115,4000,3997,3918,3918,"P1",773
356,0.322205852094578,0.399190176502815,0.21388,0.2,4000,1,0.97925,0.000255297421496043,0,0.190234931157321,0.190253643376093,0.192157376776131,0.19211988872224,0.202492671504862,0.203383240156276,4000,4000,3917,3917,"P1",773
356,0.322205852094578,0.399190176502815,0.21388,0.4,4000,1,0.98175,0.000763941940412529,0,0.40017720911583,0.400058682637135,0.399841787202781,0.399804799186104,0.402551389284963,0.402541889415427,4000,4000,3927,3927,"P1",773
356,0.322205852094578,0.399190176502815,0.21388,0.6,4000,1,0.98275,0.0157720681760366,0.00178071737471381,0.613495148763172,0.61000133673205,0.610395555588485,0.607989581774604,0.61097160214516,0.610137781376109,4000,3989,3931,3924,"P1",773
356,0.322205852094578,0.399190176502815,0.21388,0.8,4000,1,0.9785,0.136177823198774,0.0158405723045478,0.825467692080573,0.798817953499061,0.817338544055622,0.797334965712092,0.814220673712076,0.810089056594743,4000,3907,3914,3852,"P1",773
303,0.220812132241846,0.38708738821008,0.21388,-0.8,4000,0.99175,0.795,0.15377358490566,0.069811320754717,-0.931846070813091,-0.739624648474312,-0.790128592326487,-0.72372365528625,-0.83564451011711,-0.770281679578315,3967,3308,3180,2958,"P1",807
303,0.220812132241846,0.38708738821008,0.21388,-0.6,4000,0.9895,0.791,0.0666877370417193,0.0176991150442478,-0.719638601731989,-0.597293124936221,-0.589653491677588,-0.568166241541393,-0.627307831945923,-0.570228765384137,3958,3631,3164,3108,"P1",807
303,0.220812132241846,0.38708738821008,0.21388,-0.4,4000,0.991,0.7995,0.0218886804252658,0.00562851782363977,-0.479861883770252,-0.422313992154263,-0.394685835601304,-0.387030003676696,-0.422828447449796,-0.373420726048003,3964,3806,3198,3180,"P1",807
303,0.220812132241846,0.38708738821008,0.21388,-0.2,4000,0.991,0.7915,0.0034744156664561,0.000947567909033481,-0.260633320840278,-0.236571293390389,-0.199542105601398,-0.197824406860976,-0.219300928302506,-0.184603225818758,3964,3908,3166,3163,"P1",807
303,0.220812132241846,0.38708738821008,0.21388,0,4000,0.99175,0.79175,0.000631512472371329,0,-0.030642400545309,-0.0208397939208142,0.00871970334050511,0.00876375070506286,0.000744254702891073,0.0224892495269881,3967,3950,3167,3167,"P1",807
303,0.220812132241846,0.38708738821008,0.21388,0.2,4000,0.99275,0.80525,0,0,0.197367029719746,0.199064482027812,0.210134087890183,0.210134087890183,0.21559153315361,0.223089141708392,3971,3960,3221,3221,"P1",807
303,0.220812132241846,0.38708738821008,0.21388,0.4,4000,0.98975,0.78725,0.00539853921879962,0.000952683391552874,0.420521245672936,0.403809902029812,0.40162974158774,0.400299939179299,0.415513969813074,0.409523716068629,3959,3923,3149,3146,"P1",807
303,0.220812132241846,0.38708738821008,0.21388,0.6,4000,0.9925,0.80825,0.0303124033405506,0.00494896381070213,0.652451431350937,0.612154728764374,0.60534533257685,0.59895307150635,0.624274529198448,0.603309724140373,3970,3844,3233,3217,"P1",807
303,0.220812132241846,0.38708738821008,0.21388,0.8,4000,0.9935,0.79725,0.144245845092505,0.0210097209156475,0.864778747931507,0.781883718741045,0.797751745468004,0.772468905746938,0.822255904010374,0.793602089698936,3974,3661,3189,3122,"P1",807
270,0.282576525347953,0.399085839251295,0.21388,-0.8,4000,0.997,0.8965,0.167875069715561,0.0858895705521472,-0.900869701496568,-0.755786339451319,-0.826465539323167,-0.748492764198512,-0.824128777654721,-0.791325562463632,3988,3452,3586,3278,"P1",838
270,0.282576525347953,0.399085839251295,0.21388,-0.6,4000,0.99625,0.8905,0.06850084222347,0.0275126333520494,-0.677823758124597,-0.60507892937404,-0.617644121247453,-0.589148610695361,-0.62503853276964,-0.595570803243855,3985,3736,3562,3464,"P1",838
270,0.282576525347953,0.399085839251295,0.21388,-0.4,4000,0.9965,0.89675,0.0250906049623641,0.00585447449121829,-0.462352827991401,-0.429800448559773,-0.416904280803244,-0.408977184805089,-0.415704629312096,-0.393905682532612,3986,3909,3587,3566,"P1",838
270,0.282576525347953,0.399085839251295,0.21388,-0.2,4000,0.99825,0.89475,0.00307348421346745,0.00223526124615814,-0.268796611414967,-0.236968525199705,-0.214230609598056,-0.211402769326541,-0.220616273479517,-0.198084066489168,3993,3942,3579,3571,"P1",838
270,0.282576525347953,0.399085839251295,0.21388,0,4000,0.998,0.8895,0.000562113546936481,0,-0.0283607437696287,-0.0190970364555744,-0.000203599543870731,-0.000194427908404146,0.0012583957757623,0.0170990562500044,3992,3977,3558,3558,"P1",838
270,0.282576525347953,0.399085839251295,0.21388,0.2,4000,0.99675,0.89575,0.000279095729835334,0,0.19761128937524,0.197372681264455,0.20356551212216,0.203561171977616,0.209266889343626,0.210845870883243,3987,3982,3583,3583,"P1",838
270,0.282576525347953,0.399085839251295,0.21388,0.4,4000,0.99675,0.88725,0.0019723865877712,0.000281769512538743,0.41403439703482,0.410218885382184,0.404976295231939,0.404626441691682,0.419886914605055,0.415386748429383,3987,3975,3549,3548,"P1",838
270,0.282576525347953,0.399085839251295,0.21388,0.6,4000,0.999,0.89625,0.0376569037656904,0.00418410041841004,0.628320579585071,0.606258198186803,0.608405847920834,0.60260548172836,0.615204402104244,0.607699756188895,3996,3927,3585,3570,"P1",838
270,0.282576525347953,0.399085839251295,0.21388,0.8,4000,0.997,0.87975,0.160556976413754,0.0284171639670361,0.860488699535448,0.797567308707538,0.822795314654308,0.791288598523319,0.837393184779528,0.818368245180062,3988,3734,3519,3419,"P1",838
379,0.389224767736422,0.390304813122808,0.21388,-0.8,4000,1,0.99625,0.169636135508156,0.0506900878293601,-0.840195297481651,-0.79001116128114,-0.837286571526986,-0.789790339231331,-0.824844035432828,-0.823736038498491,4000,3787,3985,3783,"P1",852
379,0.389224767736422,0.390304813122808,0.21388,-0.6,4000,1,0.99425,0.0455116922303244,0.00905204928337943,-0.63053919267981,-0.616815095942189,-0.627462408468828,-0.615742397201809,-0.608718901789517,-0.606958434395944,4000,3956,3977,3941,"P1",852
379,0.389224767736422,0.390304813122808,0.21388,-0.4,4000,1,0.99475,0.00929881879869314,0.00175923598894195,-0.432958690556434,-0.429717582953668,-0.430274604060398,-0.427860984035188,-0.412205473450828,-0.411118553216449,4000,3990,3979,3972,"P1",852
379,0.389224767736422,0.390304813122808,0.21388,-0.2,4000,1,0.99775,0.0022550739163117,0,-0.219529797790316,-0.219436159807268,-0.218977227367616,-0.218883378223996,-0.206105745536733,-0.205768044504244,4000,4000,3991,3991,"P1",852
379,0.389224767736422,0.390304813122808,0.21388,0,4000,1,0.9965,0.000501756146512795,0,-0.0182709022217162,-0.0182549758555004,-0.0177883324598002,-0.0177723501555194,-0.00620232816619384,-0.00603255919115687,4000,4000,3986,3986,"P1",852
379,0.389224767736422,0.390304813122808,0.21388,0.2,4000,1,0.99625,0,0,0.201985033304556,0.201985033304556,0.202005585261029,0.202005585261029,0.213158148258313,0.213137021686088,4000,4000,3985,3985,"P1",852
379,0.389224767736422,0.390304813122808,0.21388,0.4,4000,1,0.9955,0.000502260170768458,0,0.401357194970266,0.401309143007316,0.401464799742385,0.401416530568151,0.402581181423477,0.402848680268706,4000,4000,3982,3982,"P1",852
379,0.389224767736422,0.390304813122808,0.21388,0.6,4000,1,0.99625,0.00752823086574655,0.000250941028858218,0.612660559710617,0.611552929434355,0.611586841840721,0.610895251695433,0.612202428756113,0.611909745820053,4000,3997,3985,3984,"P1",852
379,0.389224767736422,0.390304813122808,0.21388,0.8,4000,1,0.99725,0.113562296314866,0.00802206066683379,0.822068232549632,0.808453932850492,0.821224046553353,0.808064128732151,0.817285467896104,0.816968152047761,4000,3966,3989,3957,"P1",852
252,0.193791488222539,0.406176934374052,0.21388,-0.8,4000,0.97425,0.637,0.134615384615385,0.0620094191522763,-0.960604112700206,-0.708612388101139,-0.739508991521853,-0.675474720846487,-0.825338723111968,-0.71246582799276,3897,3128,2548,2390,"P1",856
252,0.193791488222539,0.406176934374052,0.21388,-0.6,4000,0.9705,0.632,0.057753164556962,0.0217563291139241,-0.757270705057344,-0.576933710977417,-0.554447069076775,-0.530428717996319,-0.633158037515987,-0.542562023672573,3882,3421,2528,2473,"P1",856
252,0.193791488222539,0.406176934374052,0.21388,-0.4,4000,0.9735,0.64175,0.0140241527074406,0.00389559797428905,-0.504877448612411,-0.413964272652349,-0.357923771899579,-0.352960394626905,-0.424251993064898,-0.342203473842359,3894,3675,2567,2557,"P1",856
252,0.193791488222539,0.406176934374052,0.21388,-0.2,4000,0.973,0.6435,0.00699300699300699,0.000388500388500389,-0.274891076918269,-0.219029203504721,-0.162543011725709,-0.161402544600728,-0.195086181329835,-0.141428602574907,3892,3796,2574,2573,"P1",856
252,0.193791488222539,0.406176934374052,0.21388,0,4000,0.9705,0.6325,0.000790513833992095,0,-0.0303131366880267,-0.0106321021290356,0.0369966327446846,0.0370336818568649,0.00731074564933394,0.0469172159911181,3882,3843,2530,2530,"P1",856
252,0.193791488222539,0.406176934374052,0.21388,0.2,4000,0.97325,0.64675,0,0,0.203710569546476,0.199575476972432,0.215612992098048,0.215612992098048,0.213257499835714,0.222593370798071,3893,3860,2587,2587,"P1",856
252,0.193791488222539,0.406176934374052,0.21388,0.4,4000,0.973,0.644,0.00504658385093168,0.00077639751552795,0.424643587371516,0.402718982925389,0.402029569498705,0.400953134355752,0.418661047874646,0.408050405585427,3892,3824,2576,2574,"P1",856
252,0.193791488222539,0.406176934374052,0.21388,0.6,4000,0.9735,0.62175,0.0365902694008846,0.00402090872537193,0.667027229035416,0.602012597602881,0.596681961586601,0.590551165812791,0.629663579733527,0.596399606934932,3894,3712,2487,2477,"P1",856
252,0.193791488222539,0.406176934374052,0.21388,0.8,4000,0.9725,0.652,0.145322085889571,0.0237730061349693,0.899297862292488,0.765135120170507,0.777950647572388,0.74924673458822,0.834709130460073,0.774006287129074,3890,3444,2608,2546,"P1",856
155,0.231462447570461,0.39655197945482,0.21388,-0.8,4000,0.96,0.5315,0.123236124176858,0.0634995296331138,-1.02370492351506,-0.669680242153822,-0.688273940806518,-0.624644363186746,-0.833836148730822,-0.657766320897869,3840,2930,2126,1991,"P1",859
155,0.231462447570461,0.39655197945482,0.21388,-0.6,4000,0.95,0.542,0.0530442804428044,0.0281365313653137,-0.816721065209917,-0.538096422927164,-0.511896806609711,-0.48032460218587,-0.641652445731704,-0.489352089780643,3800,3177,2168,2107,"P1",859
155,0.231462447570461,0.39655197945482,0.21388,-0.4,4000,0.957,0.5395,0.0194624652455978,0.00695088044485635,-0.546979930411249,-0.389719742577281,-0.323715636548691,-0.314686713416769,-0.423097909220454,-0.304706708684241,3828,3526,2158,2143,"P1",859
155,0.231462447570461,0.39655197945482,0.21388,-0.2,4000,0.958,0.5355,0.00887021475256769,0.000933706816059757,-0.293634352735769,-0.215824202719244,-0.149876429438805,-0.147715198960454,-0.216501869101048,-0.137491817620089,3832,3673,2142,2140,"P1",859
155,0.231462447570461,0.39655197945482,0.21388,0,4000,0.96025,0.54525,0.000917010545621275,0.000458505272810637,-0.0691735429997383,-0.0237973625982581,0.0426627342906544,0.043246251270897,-0.00590179944804075,0.0518563041493315,3841,3742,2181,2180,"P1",859
155,0.231462447570461,0.39655197945482,0.21388,0.2,4000,0.9645,0.54925,0.00409649522075558,0,0.188031534202984,0.192479358762436,0.22519928447603,0.225178131364803,0.218691696541982,0.23879653294879,3858,3768,2197,2197,"P1",859
155,0.231462447570461,0.39655197945482,0.21388,0.4,4000,0.95575,0.5375,0.0148837209302326,0.000930232558139535,0.451632620164663,0.393012588893969,0.399706226178933,0.397346615286735,0.425221727337039,0.408879266400507,3823,3693,2150,2148,"P1",859
155,0.231462447570461,0.39655197945482,0.21388,0.6,4000,0.963,0.56025,0.0513163766175814,0.00937081659973226,0.692296693309246,0.58152516633408,0.58631859945693,0.573929467202895,0.633238773656073,0.587410427375269,3852,3578,2241,2220,"P1",859
155,0.231462447570461,0.39655197945482,0.21388,0.8,4000,0.956,0.5605,0.165031222123104,0.0303300624442462,0.92350824107716,0.746769204832312,0.780303127093741,0.745486415338702,0.839990022939236,0.777032353349928,3824,3274,2242,2174,"P1",859
432,0.333368780795967,0.398262821218748,0.21388,-0.8,4000,1,0.9935,0.175390035228988,0.0508303975842979,-0.84228402788521,-0.787386618868875,-0.836588132303405,-0.787104787769814,-0.818082645944087,-0.816451427043933,4000,3777,3974,3772,"P1",923
432,0.333368780795967,0.398262821218748,0.21388,-0.6,4000,1,0.996,0.0517068273092369,0.00953815261044177,-0.633007828354676,-0.619243197730882,-0.630871670605688,-0.618415682737916,-0.614140621217021,-0.61207848687832,4000,3956,3984,3946,"P1",923
432,0.333368780795967,0.398262821218748,0.21388,-0.4,4000,1,0.997,0.00852557673019057,0.000752256770310933,-0.426778778974915,-0.425082361730937,-0.425302804299455,-0.423950943645802,-0.410336019297657,-0.409489906501706,4000,3996,3988,3985,"P1",923
432,0.333368780795967,0.398262821218748,0.21388,-0.2,4000,1,0.9945,0.00150829562594268,0.000251382604323781,-0.222293394305906,-0.220998466820611,-0.220028403810449,-0.219622649092806,-0.210530768909178,-0.209891488996763,4000,3997,3978,3977,"P1",923
432,0.333368780795967,0.398262821218748,0.21388,0,4000,1,0.994,0,0,-0.0134573005255836,-0.0134315078081134,-0.0117751373647478,-0.0117751373647478,-0.00653477143551815,-0.00619993870248617,4000,4000,3976,3976,"P1",923
432,0.333368780795967,0.398262821218748,0.21388,0.2,4000,1,0.99575,0,0,0.197991253520318,0.197991253520318,0.198757216223502,0.198757216223502,0.203373398082843,0.203740456686748,4000,4000,3983,3983,"P1",923
432,0.333368780795967,0.398262821218748,0.21388,0.4,4000,1,0.9945,0,0,0.399645800196747,0.399645800196747,0.399428630496193,0.399428630496193,0.40373764589844,0.403430675933532,4000,4000,3978,3978,"P1",923
432,0.333368780795967,0.398262821218748,0.21388,0.6,4000,1,0.9945,0.010306686777275,0.000251382604323781,0.614014717698554,0.612943227180886,0.612720521019446,0.611951668727375,0.61409965467565,0.613288544212522,4000,3998,3978,3977,"P1",923
432,0.333368780795967,0.398262821218748,0.21388,0.8,4000,1,0.994,0.109154929577465,0.00729376257545272,0.820008940006732,0.806208168165096,0.818146634441427,0.805967830636443,0.815878581621089,0.815110293145834,4000,3961,3976,3947,"P1",923
90,2.69246527027585,1.3662532287836,0.21388,-0.8,4000,1,1,0.057,0.00025,-0.814484072132918,-0.811373768055119,-0.814484072132918,-0.811373768055119,-0.812359222900207,-0.812359222900207,4000,3999,4000,3999,"P1",951
90,2.69246527027585,1.3662532287836,0.21388,-0.6,4000,1,1,0.0025,0,-0.613697019944574,-0.613534826124911,-0.613697019944574,-0.613534826124911,-0.615114671996566,-0.615114671996566,4000,4000,4000,4000,"P1",951
90,2.69246527027585,1.3662532287836,0.21388,-0.4,4000,1,1,0,0,-0.411485087194861,-0.411485087194861,-0.411485087194861,-0.411485087194861,-0.408994967315513,-0.408994967315513,4000,4000,4000,4000,"P1",951
90,2.69246527027585,1.3662532287836,0.21388,-0.2,4000,1,1,0,0,-0.206953813556049,-0.206953813556049,-0.206953813556049,-0.206953813556049,-0.206638566205119,-0.206638566205119,4000,4000,4000,4000,"P1",951
90,2.69246527027585,1.3662532287836,0.21388,0,4000,1,1,0,0,-0.00372264055592959,-0.00372264055592959,-0.00372264055592959,-0.00372264055592959,0.000343826028660221,0.000343826028660221,4000,4000,4000,4000,"P1",951
90,2.69246527027585,1.3662532287836,0.21388,0.2,4000,1,1,0,0,0.196398154137977,0.196398154137977,0.196398154137977,0.196398154137977,0.199759716131537,0.199759716131537,4000,4000,4000,4000,"P1",951
90,2.69246527027585,1.3662532287836,0.21388,0.4,4000,1,1,0,0,0.401138766322279,0.401138766322279,0.401138766322279,0.401138766322279,0.405430394857222,0.405430394857222,4000,4000,4000,4000,"P1",951
90,2.69246527027585,1.3662532287836,0.21388,0.6,4000,1,1,0,0,0.602702384491068,0.602702384491068,0.602702384491068,0.602702384491068,0.60472806596642,0.60472806596642,4000,4000,4000,4000,"P1",951
90,2.69246527027585,1.3662532287836,0.21388,0.8,4000,1,1,0.01025,0,0.805772971043203,0.805425934240395,0.805772971043203,0.805425934240395,0.808263095202863,0.808263095202863,4000,4000,4000,4000,"P1",951
246,0.225989272558471,0.405520894415462,0.21388,-0.8,4000,0.98275,0.73925,0.143726750084545,0.0689888400405817,-0.940028350414581,-0.720134777593131,-0.767989856832003,-0.69974533350825,-0.821025465942425,-0.73496284792319,3931,3234,2957,2753,"P1",987
246,0.225989272558471,0.405520894415462,0.21388,-0.6,4000,0.98675,0.7275,0.0621993127147766,0.0237113402061856,-0.75842334853176,-0.588554028344718,-0.57848844637732,-0.552520229640057,-0.646985896362179,-0.558026318507859,3947,3521,2910,2841,"P1",987
246,0.225989272558471,0.405520894415462,0.21388,-0.4,4000,0.9855,0.74575,0.0211196781763326,0.00469326181696279,-0.485659834559364,-0.419725162387834,-0.381607773142445,-0.374744020300793,-0.419231166497665,-0.368416066322172,3942,3772,2983,2969,"P1",987
246,0.225989272558471,0.405520894415462,0.21388,-0.2,4000,0.9855,0.7345,0.00272294077603812,0.000340367597004765,-0.260778249689517,-0.225555849691621,-0.183402164970193,-0.182694953812926,-0.205803899909202,-0.167136982397261,3942,3859,2938,2937,"P1",987
246,0.225989272558471,0.405520894415462,0.21388,0,4000,0.9855,0.72175,0.00103914097679252,0,-0.0398990573998255,-0.0206169518458989,0.0116920819048438,0.0117850868830268,-0.00849844331489408,0.0210333404263156,3942,3906,2887,2887,"P1",987
246,0.225989272558471,0.405520894415462,0.21388,0.2,4000,0.98625,0.72675,0.000687994496044032,0,0.196295864507169,0.194598791141515,0.209496354790027,0.209512867465985,0.213761204685228,0.222367508793277,3945,3923,2907,2907,"P1",987
246,0.225989272558471,0.405520894415462,0.21388,0.4,4000,0.98775,0.73825,0.00745005079580088,0.000338638672536404,0.431045047016502,0.409419323204189,0.401286501795608,0.400438664746161,0.419371936236343,0.409011574246266,3951,3900,2953,2952,"P1",987
246,0.225989272558471,0.405520894415462,0.21388,0.6,4000,0.98625,0.7355,0.0404486743711761,0.00169952413324269,0.647264752133821,0.607486801486635,0.598476678638355,0.59380667085831,0.622523333415923,0.597793820392155,3945,3835,2942,2937,"P1",987
246,0.225989272558471,0.405520894415462,0.21388,0.8,4000,0.98675,0.7235,0.147892190739461,0.0255701451278507,0.888508715532516,0.778254972939208,0.794326399475485,0.766026130808531,0.83662261875338,0.789435821540743,3947,3548,2894,2820,"P1",987
140,0.436781761110931,0.418657228967198,0.21388,-0.8,4000,0.994,0.8395,0.165872543180465,0.100655151876117,-0.924798244819398,-0.738109722066259,-0.818009628553091,-0.726372617069612,-0.838495139038154,-0.786893502192032,3976,3292,3358,3020,"P1",997
140,0.436781761110931,0.418657228967198,0.21388,-0.6,4000,0.99425,0.83975,0.0768085739803513,0.0336409645727895,-0.702863351221848,-0.596408818277586,-0.609736044439242,-0.573969495874553,-0.635214845806599,-0.586249002009379,3977,3645,3359,3246,"P1",997
140,0.436781761110931,0.418657228967198,0.21388,-0.4,4000,0.997,0.84425,0.0239857862007699,0.0079952620669233,-0.47099421849516,-0.423122305309365,-0.40397750514044,-0.393934523633,-0.424802107964396,-0.387638371576785,3988,3852,3377,3350,"P1",997
140,0.436781761110931,0.418657228967198,0.21388,-0.2,4000,0.99725,0.84225,0.00742059958444642,0.00148411991688928,-0.268339928753656,-0.241753414041728,-0.208980819740067,-0.206623920553998,-0.223342240359507,-0.192885213536295,3989,3925,3369,3364,"P1",997
140,0.436781761110931,0.418657228967198,0.21388,0,4000,0.9955,0.85825,0.000873871249635887,0.000873871249635887,-0.039000881068207,-0.0301734225812269,-0.00518532914212711,-0.00389964046969196,-0.00737070276788243,0.00865934766689973,3982,3959,3433,3430,"P1",997
140,0.436781761110931,0.418657228967198,0.21388,0.2,4000,0.9925,0.8485,0.000589275191514437,0,0.193107905112635,0.195053929047779,0.20882569927942,0.208739147452714,0.206670242263979,0.219521098583999,3970,3959,3394,3394,"P1",997
140,0.436781761110931,0.418657228967198,0.21388,0.4,4000,0.996,0.8415,0.0047534165181224,0.0005941770647653,0.410159197361794,0.404545174248973,0.407118722682531,0.406241349505045,0.412551471510567,0.411854132911828,3984,3955,3366,3364,"P1",997
140,0.436781761110931,0.418657228967198,0.21388,0.6,4000,0.99675,0.8545,0.0471035693387946,0.00380339379754242,0.629780918259521,0.602355721805553,0.610277970159149,0.603439396521157,0.621829531414249,0.611543923235173,3987,3919,3418,3405,"P1",997
140,0.436781761110931,0.418657228967198,0.21388,0.8,4000,0.99675,0.8505,0.173427395649618,0.0379188712522046,0.865891103798164,0.788156537759839,0.821987613478397,0.782738076486804,0.834012975691615,0.81018787434676,3987,3690,3402,3273,"P1",997
312,0.201088156036868,0.396640727306049,0.21388,-0.8,4000,0.98675,0.73275,0.145001705902422,0.0760832480382122,-0.95132030233272,-0.731395112362286,-0.777941217602092,-0.706962937428906,-0.844168912825948,-0.747774925182717,3947,3192,2931,2708,"P1",1003
312,0.201088156036868,0.396640727306049,0.21388,-0.6,4000,0.987,0.7555,0.0681667769688948,0.0178689609530112,-0.710847186196114,-0.592741994780408,-0.582471931791581,-0.560589911229067,-0.624656792427209,-0.560588136894695,3948,3629,3022,2968,"P1",1003
312,0.201088156036868,0.396640727306049,0.21388,-0.4,4000,0.98725,0.75,0.016,0.00533333333333333,-0.478965536611765,-0.419192147180515,-0.377395447504013,-0.370455330970337,-0.419469893792676,-0.365210642055928,3949,3806,3000,2984,"P1",1003
312,0.201088156036868,0.396640727306049,0.21388,-0.2,4000,0.989,0.7455,0.00368879946344735,0,-0.258920511865425,-0.232549169320961,-0.187819149690202,-0.187592858811756,-0.212163688972649,-0.172550509875506,3956,3901,2982,2982,"P1",1003
312,0.201088156036868,0.396640727306049,0.21388,0,4000,0.98725,0.747,0.000669344042838019,0,-0.0432719831967491,-0.032202091382768,0.000523120276821663,0.000572752532319471,-0.0101543555724272,0.0159480731081233,3949,3924,2988,2988,"P1",1003
312,0.201088156036868,0.396640727306049,0.21388,0.2,4000,0.9855,0.74475,0.00100704934541793,0,0.193833121728426,0.190133491410265,0.201488465285973,0.20153074782097,0.20496646138989,0.209105212847265,3942,3924,2979,2979,"P1",1003
312,0.201088156036868,0.396640727306049,0.21388,0.4,4000,0.987,0.75025,0.0056647784071976,0.000666444518493835,0.429108622054839,0.40846107052635,0.40451287391535,0.403388002524979,0.417545671496732,0.407688483449442,3948,3899,3001,2999,"P1",1003
312,0.201088156036868,0.396640727306049,0.21388,0.6,4000,0.9875,0.74525,0.0322039584032204,0.00301912110030191,0.655697093007614,0.6139232222293,0.602764233756646,0.598110466475817,0.632215304178841,0.603816269695219,3950,3828,2981,2972,"P1",1003
312,0.201088156036868,0.396640727306049,0.21388,0.8,4000,0.9895,0.746,0.151139410187668,0.0234584450402145,0.903261407318297,0.787256494042301,0.803920376166782,0.776837303292801,0.838955127448083,0.802080366581795,3958,3606,2984,2914,"P1",1003
171,0.129563632932679,0.42727557844211,0.21388,-0.8,4000,0.8635,0.297,0.0765993265993266,0.031986531986532,-1.07545214451042,-0.617686323708471,-0.572925318907135,-0.534897357978499,-0.802789897245185,-0.560259581563632,3454,2608,1188,1150,"P1",1033
171,0.129563632932679,0.42727557844211,0.21388,-0.6,4000,0.85475,0.30125,0.0282157676348548,0.0116182572614108,-0.804540715449786,-0.474531658977933,-0.396480000033476,-0.382245291829381,-0.578099800498723,-0.372222088203654,3419,2857,1205,1191,"P1",1033
171,0.129563632932679,0.42727557844211,0.21388,-0.4,4000,0.85825,0.30125,0.0116182572614108,0.004149377593361,-0.53145626493097,-0.342306526488996,-0.246294254444149,-0.240188190504354,-0.399086130463469,-0.239928364994499,3433,3076,1205,1200,"P1",1033
171,0.129563632932679,0.42727557844211,0.21388,-0.2,4000,0.848,0.28925,0.00259291270527226,0.000864304235090752,-0.305420758293493,-0.170820450929279,-0.0933154068808237,-0.0919466358407904,-0.180061884272086,-0.080836049314217,3392,3163,1157,1156,"P1",1033
171,0.129563632932679,0.42727557844211,0.21388,0,4000,0.859,0.29825,0.00167644593461861,0,-0.0827369937414556,-0.000638353568359642,0.0651423819947433,0.0651196277494802,0.0140354984610386,0.0754123294500756,3436,3278,1193,1193,"P1",1033
171,0.129563632932679,0.42727557844211,0.21388,0.2,4000,0.86,0.3195,0.00234741784037559,0.000782472613458529,0.208871598581427,0.196527088879979,0.231630216471142,0.230613859324166,0.23386266261913,0.245152853123605,3440,3302,1278,1277,"P1",1033
171,0.129563632932679,0.42727557844211,0.21388,0.4,4000,0.85575,0.30875,0.0129554655870445,0.00323886639676113,0.461383984313504,0.372802643795913,0.389384793108197,0.384911178141468,0.431986786751408,0.401588040848968,3423,3221,1235,1231,"P1",1033
171,0.129563632932679,0.42727557844211,0.21388,0.6,4000,0.8585,0.29975,0.0408673894912427,0.00750625521267723,0.728623815542499,0.55167225364722,0.554930438145335,0.545679104672667,0.635964657509793,0.553188715471286,3434,3045,1199,1190,"P1",1033
171,0.129563632932679,0.42727557844211,0.21388,0.8,4000,0.86,0.311,0.10048231511254,0.0192926045016077,0.964964244016983,0.68401904768191,0.694331896307877,0.67049649844212,0.812407113788054,0.693227802409765,3440,2804,1244,1220,"P1",1033
530,0.166880349525035,0.393278322113702,0.21388,-0.8,4000,0.9945,0.815,0.151533742331288,0.0417177914110429,-0.934898862444938,-0.756773425662857,-0.783084211071725,-0.739973891144334,-0.82426580139643,-0.768527960700337,3978,3467,3260,3124,"P1",1067
530,0.166880349525035,0.393278322113702,0.21388,-0.6,4000,0.99325,0.8165,0.0529699938763013,0.00918554807103491,-0.680602613540745,-0.612039516925633,-0.595792593921422,-0.583577565070098,-0.621356317139827,-0.576450002459153,3973,3752,3266,3236,"P1",1067
530,0.166880349525035,0.393278322113702,0.21388,-0.4,4000,0.9925,0.81575,0.0147103892123812,0.000919399325773828,-0.472625885431154,-0.434028984018958,-0.397104545319595,-0.394732949170461,-0.420754408845592,-0.380860539206722,3970,3871,3263,3260,"P1",1067
530,0.166880349525035,0.393278322113702,0.21388,-0.2,4000,0.99325,0.8185,0.000916310323762981,0,-0.244862251187872,-0.225807061531415,-0.188225275673423,-0.188169384811115,-0.206923126845473,-0.176441161382236,3973,3934,3274,3274,"P1",1067
530,0.166880349525035,0.393278322113702,0.21388,0,4000,0.99275,0.818,0,0,-0.025955037170542,-0.0156621223395734,0.00775628725877208,0.00775628725877208,0.000255087047472581,0.0180159942802392,3971,3961,3272,3272,"P1",1067
530,0.166880349525035,0.393278322113702,0.21388,0.2,4000,0.993,0.83,0,0,0.199409462551106,0.196795021426356,0.201352498170662,0.201352498170662,0.209068775117363,0.210894533684394,3972,3964,3320,3320,"P1",1067
530,0.166880349525035,0.393278322113702,0.21388,0.4,4000,0.99375,0.8165,0.00183710961420698,0.000306184935701164,0.425894823683775,0.418011477122781,0.406678033728317,0.406277670686725,0.42069642954589,0.413216985617158,3975,3956,3266,3265,"P1",1067
530,0.166880349525035,0.393278322113702,0.21388,0.6,4000,0.99275,0.8145,0.0205647636586863,0.000613873542050338,0.645623874638998,0.618619904554166,0.602538130641261,0.60075738866522,0.622800298437444,0.6019552272468,3971,3903,3258,3256,"P1",1067
530,0.166880349525035,0.393278322113702,0.21388,0.8,4000,0.99125,0.8125,0.125538461538462,0.0141538461538462,0.859978754661938,0.790716374706024,0.796075861442955,0.777449082102186,0.81860404739733,0.790640317298999,3965,3708,3250,3204,"P1",1067
133,0.130157052365528,0.403927758658304,0.21388,-0.8,4000,0.8385,0.24325,0.065775950668037,0.0308324768756423,-1.0650952391295,-0.56624958680886,-0.518803590162099,-0.483137557399214,-0.780404425175447,-0.502599006502434,3354,2464,973,943,"P1",1077
133,0.130157052365528,0.403927758658304,0.21388,-0.6,4000,0.826,0.2365,0.0391120507399577,0.0158562367864693,-0.842446097611175,-0.437561291869126,-0.375099993600329,-0.354572588492085,-0.57137448372605,-0.342937142594332,3304,2716,946,931,"P1",1077
133,0.130157052365528,0.403927758658304,0.21388,-0.4,4000,0.81775,0.2425,0.0164948453608247,0.00103092783505155,-0.557907143517323,-0.312202479939743,-0.21388518042861,-0.210919651275365,-0.381490079140247,-0.18437652075112,3271,2880,970,969,"P1",1077
133,0.130157052365528,0.403927758658304,0.21388,-0.2,4000,0.8335,0.2545,0.00491159135559921,0.00196463654223969,-0.328182776159541,-0.166268911681248,-0.0752284558287341,-0.0713712147517292,-0.189469244482541,-0.0582637743849628,3334,3058,1018,1016,"P1",1077
133,0.130157052365528,0.403927758658304,0.21388,0,4000,0.81825,0.23825,0.00524658971668416,0,-0.0295364541248659,0.0270727725025187,0.105610696058461,0.105586424411927,0.0424184329267889,0.11106966878013,3273,3076,953,953,"P1",1077
133,0.130157052365528,0.403927758658304,0.21388,0.2,4000,0.82525,0.252,0.00793650793650794,0,0.209690952820167,0.180987714867672,0.235751479668614,0.235207769755173,0.229563177587372,0.254743908771261,3301,3121,1008,1008,"P1",1077
133,0.130157052365528,0.403927758658304,0.21388,0.4,4000,0.82725,0.2565,0.0165692007797271,0.00292397660818713,0.483690764478321,0.359154777293877,0.388257647176748,0.383827864129957,0.437194327712814,0.40112744182005,3309,3042,1026,1023,"P1",1077
133,0.130157052365528,0.403927758658304,0.21388,0.6,4000,0.82425,0.2435,0.0482546201232033,0.00924024640657084,0.689579183393644,0.504609931560448,0.538466682293727,0.524976543936262,0.612668526994119,0.54998207867132,3297,2896,974,965,"P1",1077
133,0.130157052365528,0.403927758658304,0.21388,0.8,4000,0.832,0.24075,0.114226375908619,0.019730010384216,0.962596915048103,0.660033404798218,0.699750623036749,0.675550624159391,0.82885320824117,0.706955052888261,3328,2654,963,944,"P1",1077
209,0.306450806360634,0.400208819098713,0.21388,-0.8,4000,0.996,0.84675,0.165042810746974,0.0870977266017124,-0.901410810351366,-0.735936346572688,-0.806254784589497,-0.725469244846551,-0.824591982897944,-0.781612697964978,3984,3359,3387,3092,"P1",1081
209,0.306450806360634,0.400208819098713,0.21388,-0.6,4000,0.99675,0.83775,0.0766935243210982,0.0304386750223814,-0.711627432169722,-0.605093089586525,-0.613863036682159,-0.580257182839391,-0.640964676775306,-0.592135078694475,3987,3672,3351,3249,"P1",1081
209,0.306450806360634,0.400208819098713,0.21388,-0.4,4000,0.996,0.85375,0.0228404099560761,0.00849194729136164,-0.473047783511986,-0.417826325360128,-0.400125272992851,-0.389343805501213,-0.409023561796537,-0.380915852008375,3984,3851,3415,3386,"P1",1081
209,0.306450806360634,0.400208819098713,0.21388,-0.2,4000,0.995,0.837,0.00657108721624851,0.00029868578255675,-0.252594043497161,-0.229889764492583,-0.197163907891203,-0.19598714748288,-0.204095123995675,-0.174406962847211,3980,3939,3348,3347,"P1",1081
209,0.306450806360634,0.400208819098713,0.21388,0,4000,0.99675,0.856,0.00116822429906542,0,-0.0232239094782105,-0.018245616148196,0.00332952225163309,0.00343357450012827,0.000288043242327616,0.0149785080057184,3987,3969,3424,3424,"P1",1081
209,0.306450806360634,0.400208819098713,0.21388,0.2,4000,0.996,0.85525,0.000584624378836597,0,0.196285750276422,0.197519807683217,0.210537619541498,0.210454829338828,0.217712022280763,0.225377678218147,3984,3972,3421,3421,"P1",1081
209,0.306450806360634,0.400208819098713,0.21388,0.4,4000,0.9955,0.84125,0.00594353640416048,0.000297176820208024,0.415437605771082,0.408637815604814,0.410129089626239,0.409414229716469,0.424473178474152,0.420015502901262,3982,3962,3365,3364,"P1",1081
209,0.306450806360634,0.400208819098713,0.21388,0.6,4000,0.997,0.8475,0.0418879056047198,0.00324483775811209,0.633553601417711,0.608230037418048,0.609515731884786,0.603722478061381,0.623286571641593,0.612644405174657,3988,3911,3390,3379,"P1",1081
209,0.306450806360634,0.400208819098713,0.21388,0.8,4000,0.996,0.853,0.155041031652989,0.0307737397420868,0.856428563017467,0.782935885681304,0.811265841459887,0.777817628925133,0.828361478199311,0.810661960676702,3984,3698,3412,3307,"P1",1081
516,0.197161747965774,0.398608222947363,0.21388,-0.8,4000,0.99625,0.8985,0.163049526989427,0.0573177518085698,-0.881455191058858,-0.77195156785022,-0.818040742060208,-0.763861425830618,-0.825520183534959,-0.798010167453053,3985,3556,3594,3388,"P1",1087
516,0.197161747965774,0.398608222947363,0.21388,-0.6,4000,0.99775,0.90525,0.0530240265120133,0.0107705053852527,-0.664321977168637,-0.614889629998193,-0.612706592253394,-0.600075732762948,-0.615823868944499,-0.591647077568372,3991,3833,3621,3582,"P1",1087
516,0.197161747965774,0.398608222947363,0.21388,-0.4,4000,0.9985,0.90425,0.00884711086535803,0.00110588885816975,-0.449958084249388,-0.425928257783202,-0.405848881656911,-0.404141624048623,-0.404647102759442,-0.383341761720791,3994,3945,3617,3613,"P1",1087
516,0.197161747965774,0.398608222947363,0.21388,-0.2,4000,0.9965,0.903,0.00138427464008859,0,-0.240906374239935,-0.233695177958059,-0.212618347445826,-0.212447247146458,-0.213200027577821,-0.197414258448976,3986,3967,3612,3612,"P1",1087
516,0.197161747965774,0.398608222947363,0.21388,0,4000,0.99825,0.89875,0,0,-0.0204294973330286,-0.0182637621656123,-0.00194870510231094,-0.00194870510231094,-0.00330097000944509,0.0104849631864528,3993,3988,3595,3595,"P1",1087
516,0.197161747965774,0.398608222947363,0.21388,0.2,4000,0.99675,0.9,0,0,0.197425304146223,0.197358686842195,0.200166707172869,0.200166707172869,0.207162696710353,0.209439277495673,3987,3985,3600,3600,"P1",1087
516,0.197161747965774,0.398608222947363,0.21388,0.4,4000,0.99825,0.89975,0.000555709919422062,0,0.420852166408612,0.411522812754475,0.404483171653198,0.404437844873578,0.411538826925596,0.404779582570565,3993,3974,3599,3599,"P1",1087
516,0.197161747965774,0.398608222947363,0.21388,0.6,4000,0.998,0.90625,0.0184827586206897,0.000275862068965517,0.630328577667346,0.616821974169721,0.607349055151953,0.605761804394337,0.617254587753304,0.605641884157141,3992,3950,3625,3624,"P1",1087
516,0.197161747965774,0.398608222947363,0.21388,0.8,4000,0.998,0.89775,0.131718184349763,0.0100250626566416,0.849454990928668,0.797565427081744,0.80848803038019,0.791591356233984,0.819420851401474,0.805187235799634,3992,3823,3591,3555,"P1",1087
249,0.379454134879529,0.395882850750794,0.21388,-0.8,4000,0.99925,0.96525,0.172494172494172,0.0865060865060865,-0.870161282111509,-0.767781235716571,-0.842556479443417,-0.76614013032342,-0.829334408332332,-0.818913281692896,3997,3566,3861,3527,"P1",1101
249,0.379454134879529,0.395882850750794,0.21388,-0.6,4000,0.9985,0.957,0.0799373040752351,0.0229885057471264,-0.665251722303743,-0.620080688289764,-0.641565452194609,-0.615867058966603,-0.627534282887214,-0.618838544182821,3994,3832,3828,3740,"P1",1101
249,0.379454134879529,0.395882850750794,0.21388,-0.4,4000,0.99925,0.9605,0.0275897969807392,0.00390421655387819,-0.443009789586343,-0.426222631566037,-0.42324380735931,-0.416593060421663,-0.412087684943388,-0.403055015930223,3997,3951,3842,3827,"P1",1101
249,0.379454134879529,0.395882850750794,0.21388,-0.2,4000,0.99975,0.955,0.00392670157068063,0.000261780104712042,-0.237514725020959,-0.231591517932933,-0.220465051846736,-0.219761644265635,-0.217035304081235,-0.20621576562444,3999,3983,3820,3819,"P1",1101
249,0.379454134879529,0.395882850750794,0.21388,0,4000,0.999,0.95875,0.000521512385919166,0,-0.0182546485163336,-0.0170761182520262,-0.00689293233301416,-0.00685234064849475,0.0021174529377809,0.0096692694298459,3996,3993,3835,3835,"P1",1101
249,0.379454134879529,0.395882850750794,0.21388,0.2,4000,1,0.96175,0,0,0.188880287157114,0.188915485199886,0.193107364884158,0.193107364884158,0.204789427048123,0.206557117726425,4000,3998,3847,3847,"P1",1101
249,0.379454134879529,0.395882850750794,0.21388,0.4,4000,0.99975,0.9585,0.00260824204486176,0,0.404358825394167,0.403185878894629,0.403735935488433,0.403462444387027,0.406626332470467,0.406018294365203,3999,3996,3834,3834,"P1",1101
249,0.379454134879529,0.395882850750794,0.21388,0.6,4000,0.999,0.96175,0.0293735378216792,0.00181959968806862,0.621758259933077,0.61397044237572,0.616217266417586,0.612957508352873,0.614306431102576,0.613020820856815,3996,3974,3847,3840,"P1",1101
249,0.379454134879529,0.395882850750794,0.21388,0.8,4000,1,0.965,0.154145077720207,0.022020725388601,0.833304769319115,0.799781939151207,0.823768008669387,0.798158691321809,0.825301932091538,0.820932037201639,4000,3874,3860,3775,"P1",1101
256,0.129885473612309,0.40243885898927,0.21388,-0.8,4000,0.89775,0.38075,0.0984898227183191,0.03086014445174,-1.05731888659018,-0.670032965997749,-0.638784615628221,-0.604153512108046,-0.829002950954476,-0.614649581000459,3591,2741,1523,1476,"P1",1106
256,0.129885473612309,0.40243885898927,0.21388,-0.6,4000,0.9065,0.3955,0.0429835651074589,0.0151706700379267,-0.834145897096313,-0.527586070888448,-0.457461968530709,-0.438252809779303,-0.616605971274098,-0.439918673425589,3626,3066,1582,1558,"P1",1106
256,0.129885473612309,0.40243885898927,0.21388,-0.4,4000,0.9055,0.39925,0.010644959298685,0.0050093926111459,-0.518150113395723,-0.376966206829649,-0.294569961973112,-0.288165293891563,-0.400465711013413,-0.277368651809487,3622,3330,1597,1589,"P1",1106
256,0.129885473612309,0.40243885898927,0.21388,-0.2,4000,0.907,0.39925,0.00313087038196619,0,-0.37197678294129,-0.194768744810488,-0.112578935323567,-0.112498766720905,-0.183762884661017,-0.102371948233149,3628,3465,1597,1597,"P1",1106
256,0.129885473612309,0.40243885898927,0.21388,0,4000,0.9095,0.411,0.000608272506082725,0,-0.0389784754484483,-0.00563366193923158,0.047002659050449,0.0470065212440228,0.0214936647289916,0.0641748354315853,3638,3548,1644,1644,"P1",1106
256,0.129885473612309,0.40243885898927,0.21388,0.2,4000,0.90475,0.40275,0.00186219739292365,0,0.207747801965555,0.194627607605874,0.211562231332021,0.211417726698475,0.211374447626345,0.216437857589898,3619,3540,1611,1611,"P1",1106
256,0.129885473612309,0.40243885898927,0.21388,0.4,4000,0.8945,0.4025,0.00745341614906832,0,0.453190931397001,0.395308326573001,0.387804584102178,0.387138053804959,0.42582943601962,0.398587174482634,3578,3430,1610,1610,"P1",1106
256,0.129885473612309,0.40243885898927,0.21388,0.6,4000,0.90525,0.4065,0.0276752767527675,0.0043050430504305,0.695311884888626,0.567923224443586,0.542435539521818,0.536712036741864,0.616985461664322,0.554574900277539,3621,3351,1626,1619,"P1",1106
256,0.129885473612309,0.40243885898927,0.21388,0.8,4000,0.9125,0.40175,0.11698817672682,0.014934660858743,0.956836466010368,0.732638191111454,0.728801929746643,0.708644335195732,0.82568002453503,0.723779301038919,3650,3061,1607,1583,"P1",1106
341,0.252066020098568,0.394924608619092,0.21388,-0.8,4000,0.99675,0.90875,0.172214580467675,0.0781292984869326,-0.883694407339494,-0.762321194699701,-0.826983291667321,-0.755845089806188,-0.828627841546852,-0.801875782318072,3987,3495,3635,3351,"P1",1193
341,0.252066020098568,0.394924608619092,0.21388,-0.6,4000,0.9965,0.91025,0.0628948091183741,0.023619884647075,-0.665159275329289,-0.611006924706319,-0.62408345833645,-0.59933822666432,-0.622045820135417,-0.598292290886366,3986,3785,3641,3555,"P1",1193
341,0.252066020098568,0.394924608619092,0.21388,-0.4,4000,0.99725,0.9035,0.0168788046485888,0.00470392916436082,-0.451894700082506,-0.428792892644543,-0.415600967766736,-0.40929290166986,-0.41242001903095,-0.392360091820175,3989,3930,3614,3597,"P1",1193
341,0.252066020098568,0.394924608619092,0.21388,-0.2,4000,0.9965,0.90125,0.00305131761442441,0.000832177531206657,-0.238833381998444,-0.229222686681404,-0.20953635803879,-0.208297412318563,-0.211909752360565,-0.195095860532132,3986,3960,3605,3602,"P1",1193
341,0.252066020098568,0.394924608619092,0.21388,0,4000,0.9975,0.90075,0.000555092978073827,0,-0.021575370927598,-0.0181110496711314,-0.00539828387195155,-0.00537531260186411,-0.00204311658554927,0.00343262840316318,3990,3985,3603,3603,"P1",1193
341,0.252066020098568,0.394924608619092,0.21388,0.2,4000,0.998,0.904,0.000553097345132743,0,0.197034848982889,0.196397504643044,0.198046332580263,0.198081757716026,0.20537618381778,0.20638286980111,3992,3990,3616,3616,"P1",1193
341,0.252066020098568,0.394924608619092,0.21388,0.4,4000,0.99825,0.9005,0.00305385896724042,0,0.411674852381082,0.408395412688683,0.408027661207569,0.407804525238585,0.410800356219472,0.409658424029393,3993,3984,3602,3602,"P1",1193
341,0.252066020098568,0.394924608619092,0.21388,0.6,4000,0.9975,0.9035,0.0249031543995573,0.00276701715550636,0.627246927583955,0.61443274906749,0.608149518696309,0.604474023686318,0.621162843161687,0.607396991650336,3990,3949,3614,3604,"P1",1193
341,0.252066020098568,0.394924608619092,0.21388,0.8,4000,0.99725,0.9105,0.153761669412411,0.0225151015925316,0.842507213345059,0.796217192022945,0.818076530190457,0.791524937317012,0.820991815890914,0.807378829450519,3989,3808,3642,3560,"P1",1193
440,0.129048649225843,0.398158972936459,0.21388,-0.8,4000,0.96475,0.576,0.104600694444444,0.0334201388888889,-0.971748880762242,-0.714492733048772,-0.705959614342551,-0.670596504455411,-0.820359903202055,-0.69045352972223,3859,3121,2304,2227,"P1",1208
440,0.129048649225843,0.398158972936459,0.21388,-0.6,4000,0.9575,0.58275,0.0343200343200343,0.00943800943800944,-0.742839886437312,-0.583293642471241,-0.529964600529923,-0.518959791625033,-0.625545781023553,-0.510122108255386,3830,3423,2331,2309,"P1",1208
440,0.129048649225843,0.398158972936459,0.21388,-0.4,4000,0.95625,0.57275,0.0100392841553907,0.0013094718463553,-0.503661899232448,-0.409845727740096,-0.335615516992183,-0.333091991663564,-0.404603408289944,-0.320076763156893,3825,3631,2291,2288,"P1",1208
440,0.129048649225843,0.398158972936459,0.21388,-0.2,4000,0.9625,0.5685,0.00131926121372032,0.000879507475813544,-0.264748805996322,-0.21820435699862,-0.147474571433436,-0.146214993898334,-0.203731372933678,-0.136331315904723,3850,3749,2274,2272,"P1",1208
440,0.129048649225843,0.398158972936459,0.21388,0,4000,0.96,0.57075,0.000438020148926851,0,-0.035222236491588,-0.0177444476148384,0.0287516561512844,0.0287602290994021,0.00574088075551168,0.0379479981376615,3840,3807,2283,2283,"P1",1208
440,0.129048649225843,0.398158972936459,0.21388,0.2,4000,0.96425,0.5805,0,0,0.195798489218773,0.192522147602963,0.210735339953494,0.210735339953494,0.204830733733041,0.214364835661019,3857,3830,2322,2322,"P1",1208
440,0.129048649225843,0.398158972936459,0.21388,0.4,4000,0.95725,0.56875,0.00263736263736264,0,0.447825802374246,0.411142366555664,0.389333090389556,0.38929917364126,0.420308322756401,0.394741102369411,3829,3754,2275,2275,"P1",1208
440,0.129048649225843,0.398158972936459,0.21388,0.6,4000,0.963,0.5685,0.0211081794195251,0.00131926121372032,0.683173740232246,0.608229380874206,0.576235201130862,0.573500484370145,0.631231496078509,0.580449425513869,3852,3649,2274,2271,"P1",1208
440,0.129048649225843,0.398158972936459,0.21388,0.8,4000,0.959,0.5525,0.105882352941176,0.00904977375565611,0.930198760216506,0.767710164442763,0.751075736211479,0.736580173196919,0.826278091635134,0.746678285828272,3836,3361,2210,2190,"P1",1208
337,0.394602328010402,0.416724950844339,0.21388,-0.8,4000,1,0.99375,0.174842767295597,0.0523270440251572,-0.84264323990118,-0.788415564637679,-0.838295763366481,-0.788169997711139,-0.813390572113193,-0.81186940850109,4000,3773,3975,3767,"P1",1234
337,0.394602328010402,0.416724950844339,0.21388,-0.6,4000,1,0.995,0.0585427135678392,0.0133165829145729,-0.645433418154636,-0.626589874390861,-0.641892818073241,-0.625767693427522,-0.623272608057441,-0.621738969360988,4000,3937,3980,3927,"P1",1234
337,0.394602328010402,0.416724950844339,0.21388,-0.4,4000,0.99975,0.996,0.0125502008032129,0.0017570281124498,-0.426944712859395,-0.423407753416757,-0.424997616935667,-0.422380906863913,-0.410453825924785,-0.40862417362814,3999,3989,3984,3977,"P1",1234
337,0.394602328010402,0.416724950844339,0.21388,-0.2,4000,1,0.997,0.00200601805416249,0.000501504513540622,-0.224135959479292,-0.221772588961512,-0.221545044573574,-0.220858542577877,-0.20988314511872,-0.209314056519424,4000,3995,3988,3986,"P1",1234
337,0.394602328010402,0.416724950844339,0.21388,0,4000,1,0.996,0.000502008032128514,0,-0.014687065804254,-0.0142696875678069,-0.0129802164438987,-0.012958147995366,-0.00270046880561414,-0.00228125409843857,4000,3999,3984,3984,"P1",1234
337,0.394602328010402,0.416724950844339,0.21388,0.2,4000,1,0.99475,0,0,0.203165075226762,0.203165075226762,0.203420412872739,0.203420412872739,0.209717979336412,0.209774618830434,4000,4000,3979,3979,"P1",1234
337,0.394602328010402,0.416724950844339,0.21388,0.4,4000,1,0.99575,0.000502134069796636,0,0.407542592741546,0.407524644296353,0.407699802432492,0.40768177738083,0.409475172899416,0.409725495147214,4000,4000,3983,3983,"P1",1234
337,0.394602328010402,0.416724950844339,0.21388,0.6,4000,1,0.994,0.0148390342052314,0.000503018108651912,0.617722979086226,0.615838345665856,0.616282562718672,0.614881404534883,0.615682054822768,0.614930696180784,4000,3996,3976,3974,"P1",1234
337,0.394602328010402,0.416724950844339,0.21388,0.8,4000,1,0.99725,0.115818500877413,0.00827275006267235,0.817709606381163,0.803461570794088,0.816295795602191,0.803130603799619,0.812170004793147,0.81154506743552,4000,3963,3989,3956,"P1",1234
418,0.129371809047029,0.397781266134366,0.21388,-0.8,4000,0.95675,0.53775,0.112970711297071,0.0320781032078103,-1.00646233599845,-0.717986567900862,-0.705153016667115,-0.671073796558245,-0.843213887608518,-0.682404887013253,3827,3043,2151,2082,"P1",1235
418,0.129371809047029,0.397781266134366,0.21388,-0.6,4000,0.95875,0.5505,0.0358764759309718,0.00635785649409628,-0.760257621150484,-0.57860390320368,-0.51552588889608,-0.506360060431199,-0.613772072552641,-0.501739719717509,3835,3434,2202,2188,"P1",1235
418,0.129371809047029,0.397781266134366,0.21388,-0.4,4000,0.95825,0.5705,0.0113935144609991,0.00262927256792287,-0.493288202457378,-0.408334486398701,-0.33656151457758,-0.33274668932654,-0.411102512756873,-0.325188754613973,3833,3630,2282,2276,"P1",1235
418,0.129371809047029,0.397781266134366,0.21388,-0.2,4000,0.95575,0.554,0.00225631768953069,0,-0.261049031706144,-0.214647855362883,-0.141368250956509,-0.141180574125469,-0.200985181657869,-0.126148545179611,3823,3733,2216,2216,"P1",1235
418,0.129371809047029,0.397781266134366,0.21388,0,4000,0.9575,0.55925,0,0,-0.0319220944367322,-0.00748667615266538,0.0377214345371689,0.0377214345371689,0.0168835412270167,0.0498089521707716,3830,3785,2237,2237,"P1",1235
418,0.129371809047029,0.397781266134366,0.21388,0.2,4000,0.95375,0.54075,0.00092464170134073,0,0.197851849094124,0.191156252658044,0.204347540147292,0.204271639589887,0.204242187641863,0.20795698462171,3815,3773,2163,2163,"P1",1235
418,0.129371809047029,0.397781266134366,0.21388,0.4,4000,0.96175,0.54875,0.00227790432801822,0,0.44939116656936,0.413173784365757,0.390781988636928,0.39068151828032,0.4247246636112,0.39179166528711,3847,3759,2195,2195,"P1",1235
418,0.129371809047029,0.397781266134366,0.21388,0.6,4000,0.95575,0.552,0.0181159420289855,0.000452898550724638,0.674652666961132,0.595942197456832,0.561455959278819,0.559810808480336,0.611553136066715,0.564695162215283,3823,3636,2208,2207,"P1",1235
418,0.129371809047029,0.397781266134366,0.21388,0.8,4000,0.9555,0.559,0.104651162790698,0.0143112701252236,0.928631218207599,0.760976267961196,0.750417553526222,0.733506769051608,0.825991983741625,0.744334058767615,3822,3327,2236,2204,"P1",1235
403,0.130203597602905,0.397335174834706,0.21388,-0.8,4000,0.9555,0.5615,0.10106856634016,0.0338379341050757,-0.974116289777494,-0.70915781115161,-0.697748884616556,-0.661941814838012,-0.826886915822998,-0.681471292095309,3822,3083,2246,2170,"P1",1250
403,0.130203597602905,0.397335174834706,0.21388,-0.6,4000,0.9485,0.5385,0.0459610027855153,0.00510677808727948,-0.74500229131963,-0.579597218867532,-0.519723502827292,-0.511299437109277,-0.622566829283309,-0.501581712788509,3794,3392,2154,2143,"P1",1250
403,0.130203597602905,0.397335174834706,0.21388,-0.4,4000,0.95875,0.562,0.0111209964412811,0.00133451957295374,-0.508429081722269,-0.412841846657699,-0.339154594791236,-0.336936555975587,-0.416971577683881,-0.317920607894298,3835,3618,2248,2245,"P1",1250
403,0.130203597602905,0.397335174834706,0.21388,-0.2,4000,0.9585,0.5525,0.00135746606334842,0,-0.253155334107394,-0.214907565417373,-0.146532793743709,-0.146342128662823,-0.191828277613186,-0.131982632623502,3834,3751,2210,2210,"P1",1250
403,0.130203597602905,0.397335174834706,0.21388,0,4000,0.95225,0.55375,0,0.000451467268623025,-0.0316377769032958,-0.0112818733606287,0.0284925263442846,0.0291144806345311,0.00769595333185083,0.0375449137062168,3809,3766,2215,2214,"P1",1250
403,0.130203597602905,0.397335174834706,0.21388,0.2,4000,0.957,0.535,0,0,0.200101595274396,0.19406596335183,0.208094755929399,0.208094755929399,0.208753740531452,0.214371284972489,3828,3797,2140,2140,"P1",1250
403,0.130203597602905,0.397335174834706,0.21388,0.4,4000,0.9565,0.5575,0.00358744394618834,0,0.449795050042817,0.413881584285658,0.394273235518278,0.394055973673212,0.420710989857334,0.395564841072118,3826,3736,2230,2230,"P1",1250
403,0.130203597602905,0.397335174834706,0.21388,0.6,4000,0.956,0.55425,0.0243572395128552,0.0009021199819576,0.681689974906044,0.597388498255686,0.565755749169834,0.563146068206151,0.623622863953263,0.573566782283032,3824,3601,2217,2215,"P1",1250
403,0.130203597602905,0.397335174834706,0.21388,0.8,4000,0.958,0.53925,0.112656467315716,0.00834492350486787,0.964461593565222,0.758796154176514,0.749652384152315,0.735218733214664,0.817122184145772,0.748773626670946,3832,3347,2157,2139,"P1",1250
124,0.310969864079214,0.385502357323064,0.21388,-0.8,4000,0.96775,0.58225,0.123658222413053,0.0725633319021039,-1.10281090023043,-0.686775758057691,-0.720107193597141,-0.648599533805887,-0.853143890114737,-0.70377451004734,3871,2961,2329,2160,"P1",1285
124,0.310969864079214,0.385502357323064,0.21388,-0.6,4000,0.97125,0.60075,0.0715771951727008,0.0245526425301706,-0.786754733587937,-0.558003881538284,-0.536612252427841,-0.508282064886805,-0.644811323734596,-0.513854746587829,3885,3310,2403,2344,"P1",1285
124,0.310969864079214,0.385502357323064,0.21388,-0.4,4000,0.9745,0.5825,0.0180257510729614,0.00729613733905579,-0.541092614947372,-0.387538929044179,-0.327319495001193,-0.317266562220852,-0.426363309322444,-0.31267365987125,3898,3554,2330,2313,"P1",1285
124,0.310969864079214,0.385502357323064,0.21388,-0.2,4000,0.97275,0.5975,0.00669456066945607,0.000836820083682008,-0.290591959132563,-0.212264529633582,-0.148851187428311,-0.147451140104284,-0.207949814648195,-0.131434149191887,3891,3742,2390,2388,"P1",1285
124,0.310969864079214,0.385502357323064,0.21388,0,4000,0.971,0.59875,0.00250521920668058,0.000835073068893528,-0.0486385818436941,-0.014637249157702,0.0425288100092905,0.043825662231437,0.0127568476579585,0.0586785603793266,3884,3802,2395,2393,"P1",1285
124,0.310969864079214,0.385502357323064,0.21388,0.2,4000,0.97375,0.594,0.00631313131313131,0,0.189031308931275,0.189303358801202,0.230292967225553,0.229514184194432,0.213404482836706,0.237209796437781,3895,3823,2376,2376,"P1",1285
124,0.310969864079214,0.385502357323064,0.21388,0.4,4000,0.97225,0.60175,0.0157872870793519,0.00166181969256336,0.437174434963047,0.406936405761852,0.416439992274838,0.413435814722714,0.436310660966059,0.42247946294254,3889,3778,2407,2403,"P1",1285
124,0.310969864079214,0.385502357323064,0.21388,0.6,4000,0.9755,0.592,0.058277027027027,0.0101351351351351,0.679430810780917,0.588495531627241,0.601531682311181,0.589072413279885,0.638400518787623,0.610178152057641,3902,3653,2368,2344,"P1",1285
124,0.310969864079214,0.385502357323064,0.21388,0.8,4000,0.97575,0.6085,0.172144617912901,0.0390304026294166,0.92829922518198,0.750980239136587,0.787353915642035,0.745343490966879,0.845972323279277,0.788806637679007,3903,3368,2434,2339,"P1",1285
187,0.145133725254444,0.401860671889266,0.21388,-0.8,4000,0.89825,0.36375,0.0838487972508591,0.0391752577319588,-1.05761031726066,-0.628341435609745,-0.605155602644011,-0.560920178888826,-0.791417330737993,-0.590568987037465,3593,2722,1455,1398,"P1",1306
187,0.145133725254444,0.401860671889266,0.21388,-0.6,4000,0.8915,0.35325,0.0389242745930644,0.016277423920736,-0.808361171917,-0.515339745033726,-0.441010350842008,-0.421802926920266,-0.618459537407806,-0.411854459951449,3566,2982,1413,1390,"P1",1306
187,0.145133725254444,0.401860671889266,0.21388,-0.4,4000,0.90325,0.38675,0.0148674854557207,0.00452488687782805,-0.5448268884334,-0.372335100056161,-0.289124163965907,-0.282670920192929,-0.412238442594469,-0.276459386652558,3613,3285,1547,1540,"P1",1306
187,0.145133725254444,0.401860671889266,0.21388,-0.2,4000,0.88775,0.354,0.00423728813559322,0.000706214689265537,-0.315620498878145,-0.192239931298899,-0.122812988010466,-0.121497848178692,-0.20224705356846,-0.113238830881798,3551,3341,1416,1415,"P1",1306
187,0.145133725254444,0.401860671889266,0.21388,0,4000,0.883,0.35925,0.00139178844815588,0,-0.0468335702778526,0.00288709046929243,0.0673263931034373,0.0673024560173956,0.0283298026756739,0.082080007981689,3532,3406,1437,1437,"P1",1306
187,0.145133725254444,0.401860671889266,0.21388,0.2,4000,0.8995,0.37175,0.00134498991257566,0,0.193572134264168,0.18469493698478,0.231875753763214,0.231735706441683,0.213228284857748,0.237742441597105,3598,3486,1487,1487,"P1",1306
187,0.145133725254444,0.401860671889266,0.21388,0.4,4000,0.89975,0.36725,0.00884955752212389,0.00136147038801906,0.457776827345585,0.394620428541521,0.400606478525757,0.398611568033585,0.436615699341421,0.404906171848355,3599,3432,1469,1467,"P1",1306
187,0.145133725254444,0.401860671889266,0.21388,0.6,4000,0.8935,0.3765,0.0265604249667995,0.00664010624169987,0.686767413025112,0.558435358255189,0.552269302388034,0.544615189392457,0.62126762274483,0.565287626286053,3574,3256,1506,1496,"P1",1306
187,0.145133725254444,0.401860671889266,0.21388,0.8,4000,0.891,0.3615,0.121023513139696,0.0186721991701245,0.945782936212156,0.710707619719315,0.726643437848605,0.702135621625834,0.834966958113084,0.727749712790634,3564,2934,1446,1419,"P1",1306
245,0.271564440350476,0.399397602907544,0.21388,-0.8,4000,0.9955,0.843,0.169928825622776,0.0898576512455516,-0.916898073951245,-0.751490268066104,-0.820924053065112,-0.740239835020799,-0.847948697166607,-0.796883599534319,3982,3338,3372,3069,"P1",1338
245,0.271564440350476,0.399397602907544,0.21388,-0.6,4000,0.99525,0.84625,0.0658788774002954,0.0274741506646972,-0.702571877905039,-0.602066763032195,-0.609513704573372,-0.578575627186363,-0.634272050319339,-0.591637934937157,3981,3692,3385,3292,"P1",1338
245,0.271564440350476,0.399397602907544,0.21388,-0.4,4000,0.995,0.85375,0.0254758418740849,0.00556368960468521,-0.468484761012707,-0.424668886127231,-0.404612295793749,-0.396690653808603,-0.418907353791188,-0.382502117253797,3980,3852,3415,3396,"P1",1338
245,0.271564440350476,0.399397602907544,0.21388,-0.2,4000,0.99675,0.8435,0.00474214582098399,0.000889152341434499,-0.258858281174871,-0.232513356260025,-0.208612620940175,-0.207030603554962,-0.21454351847668,-0.188878099230191,3987,3929,3374,3371,"P1",1338
245,0.271564440350476,0.399397602907544,0.21388,0,4000,0.99675,0.838,0.000298329355608592,0,-0.030145125180835,-0.0161365378898942,0.00716309006753445,0.00717153257394135,0.00497628991967095,0.0209571129525297,3987,3963,3352,3352,"P1",1338
245,0.271564440350476,0.399397602907544,0.21388,0.2,4000,0.99425,0.84825,0.000589448865310934,0,0.191364027405228,0.193754936155986,0.201192573570164,0.201190479042132,0.207971904467618,0.212540999204915,3977,3969,3393,3393,"P1",1338
245,0.271564440350476,0.399397602907544,0.21388,0.4,4000,0.9955,0.843,0.00711743772241993,0.000593119810201661,0.428153473665312,0.415840894658314,0.417707280092455,0.416775609564765,0.421617694094118,0.419516998458142,3982,3953,3372,3370,"P1",1338
245,0.271564440350476,0.399397602907544,0.21388,0.6,4000,0.99475,0.84125,0.0368499257057949,0.00267459138187221,0.636158767510898,0.610642480226499,0.605940846581443,0.600939208492373,0.620973418555741,0.605717155599446,3979,3902,3365,3356,"P1",1338
245,0.271564440350476,0.399397602907544,0.21388,0.8,4000,0.99525,0.84525,0.152913339248743,0.0292812777284827,0.857608648224282,0.787255921080927,0.814963439336213,0.782748060276989,0.829792760011028,0.805541554593199,3981,3715,3381,3282,"P1",1338
322,0.182516347614686,0.39579971627353,0.21388,-0.8,4000,0.979,0.70375,0.126820603907638,0.0596802841918295,-0.93694572125813,-0.721690866461162,-0.756502620418735,-0.697344351232821,-0.826383198115862,-0.727629815264607,3916,3207,2815,2647,"P1",1363
322,0.182516347614686,0.39579971627353,0.21388,-0.6,4000,0.98375,0.6925,0.0602888086642599,0.0162454873646209,-0.722617518683055,-0.596356060934956,-0.573003670405823,-0.552774231998452,-0.628290176851698,-0.546715880049204,3935,3573,2770,2725,"P1",1363
322,0.182516347614686,0.39579971627353,0.21388,-0.4,4000,0.9765,0.70175,0.0156750979693623,0.0021375133594585,-0.491989373402565,-0.411908684292625,-0.36459899064133,-0.361063266869569,-0.404914861419381,-0.34782416923148,3906,3738,2807,2801,"P1",1363
322,0.182516347614686,0.39579971627353,0.21388,-0.2,4000,0.9775,0.699,0.0025035765379113,0.00107296137339056,-0.267422293886491,-0.224366224228726,-0.177061603408298,-0.17551952482434,-0.209007943063717,-0.164914988312038,3910,3820,2796,2793,"P1",1363
322,0.182516347614686,0.39579971627353,0.21388,0,4000,0.97775,0.70125,0.00035650623885918,0.00035650623885918,-0.033260166642125,-0.0144143725095777,0.0202519233765081,0.0207434863635034,0.00326825326216815,0.0279219438631586,3911,3874,2805,2804,"P1",1363
322,0.182516347614686,0.39579971627353,0.21388,0.2,4000,0.98125,0.71725,0.000348553502962705,0,0.189367417151009,0.18873748305824,0.200378527838669,0.200364108358521,0.20577168489185,0.211051483653556,3925,3911,2869,2869,"P1",1363
322,0.182516347614686,0.39579971627353,0.21388,0.4,4000,0.98,0.69125,0.00433996383363472,0,0.431774679859136,0.412295984754346,0.400855751768664,0.400487518392776,0.427295952313758,0.41297089992896,3920,3872,2765,2765,"P1",1363
322,0.182516347614686,0.39579971627353,0.21388,0.6,4000,0.977,0.684,0.0358187134502924,0.00146198830409357,0.655782050993665,0.603946774332023,0.591076965102627,0.587046737969338,0.620927050731357,0.589061453161065,3908,3756,2736,2732,"P1",1363
322,0.182516347614686,0.39579971627353,0.21388,0.8,4000,0.97975,0.70175,0.139294620591379,0.0217313858211614,0.886221825371435,0.775606476496751,0.787758363561205,0.761592093877538,0.831323153885771,0.782729649616454,3919,3529,2807,2746,"P1",1363
527,0.233741799403331,0.399688370253392,0.21388,-0.8,4000,0.99925,0.95975,0.17087783276895,0.0586090127637406,-0.862076223759108,-0.783142439871739,-0.834955315273037,-0.781024788401007,-0.827424504941041,-0.817608612771087,3997,3658,3839,3614,"P1",1427
527,0.233741799403331,0.399688370253392,0.21388,-0.6,4000,0.99975,0.96575,0.0497023039088791,0.0124255759772198,-0.642369874152588,-0.614770760061568,-0.622625338720648,-0.608366342598577,-0.608744875315408,-0.600953736036333,3999,3904,3863,3815,"P1",1427
527,0.233741799403331,0.399688370253392,0.21388,-0.4,4000,0.99975,0.96625,0.0108667529107374,0.0018111254851229,-0.43613911477227,-0.430379225874994,-0.424796595451897,-0.422196370832796,-0.415794332035255,-0.407966493172536,3999,3982,3865,3858,"P1",1427
527,0.233741799403331,0.399688370253392,0.21388,-0.2,4000,0.99975,0.968,0.000258264462809917,0,-0.223525839545569,-0.221670270113864,-0.212267489688225,-0.212226569512298,-0.208019510651818,-0.201565267592072,3999,3994,3872,3872,"P1",1427
527,0.233741799403331,0.399688370253392,0.21388,0,4000,0.99925,0.9695,0,0,-0.0153600173223163,-0.0144956040549169,-0.00993991645502005,-0.00993991645502005,-0.00260190680002244,-0.000330077827667052,3997,3996,3878,3878,"P1",1427
527,0.233741799403331,0.399688370253392,0.21388,0.2,4000,0.99975,0.963,0,0,0.195234585285037,0.195234585285037,0.198577350309913,0.198577350309913,0.204362612886601,0.20656412078497,3999,3999,3852,3852,"P1",1427
527,0.233741799403331,0.399688370253392,0.21388,0.4,4000,1,0.96225,0,0,0.408014696039073,0.407317558378953,0.405606325658759,0.405606325658759,0.4087901521064,0.408064526414089,4000,3998,3849,3849,"P1",1427
527,0.233741799403331,0.399688370253392,0.21388,0.6,4000,0.9995,0.96375,0.0114137483787289,0,0.614376850634483,0.608839167735908,0.605351298369128,0.604456857410219,0.606689155977782,0.60289052734421,3998,3982,3855,3855,"P1",1427
527,0.233741799403331,0.399688370253392,0.21388,0.8,4000,1,0.9655,0.122475401346453,0.00880372863801139,0.828402464529214,0.803780430929858,0.816526099961034,0.801611330313168,0.820142280878002,0.816339309027985,4000,3922,3862,3828,"P1",1427
234,0.129319311997559,0.401825859464451,0.21388,-0.8,4000,0.8965,0.39125,0.0964856230031949,0.0319488817891374,-1.04303941104945,-0.654225721555039,-0.624000463678071,-0.588780105143845,-0.818171052438669,-0.602456617745686,3586,2766,1565,1515,"P1",1428
234,0.129319311997559,0.401825859464451,0.21388,-0.6,4000,0.89225,0.3725,0.0402684563758389,0.0147651006711409,-0.769247714014525,-0.51317610838141,-0.451489880585462,-0.433003589000171,-0.588825315561421,-0.432961018803509,3569,3044,1490,1468,"P1",1428
234,0.129319311997559,0.401825859464451,0.21388,-0.4,4000,0.896,0.37525,0.0146568954030646,0.00466355762824783,-0.533232543062907,-0.36645249040461,-0.283797013715446,-0.277625198233366,-0.398988772536927,-0.2606175634076,3584,3259,1501,1494,"P1",1428
234,0.129319311997559,0.401825859464451,0.21388,-0.2,4000,0.8855,0.379,0.00527704485488127,0.000659630606860158,-0.280907548751971,-0.190553097556697,-0.107863485916194,-0.106531013537317,-0.186583269529088,-0.088606070250163,3542,3386,1516,1515,"P1",1428
234,0.129319311997559,0.401825859464451,0.21388,0,4000,0.8975,0.37125,0.000673400673400673,0,-0.0314521576397663,-0.0101518779362319,0.0457969183571023,0.0458239849252136,0.00610837551671638,0.0511041119342771,3590,3494,1485,1485,"P1",1428
234,0.129319311997559,0.401825859464451,0.21388,0.2,4000,0.90525,0.38875,0.00192926045016077,0,0.208648975935668,0.191095178674335,0.218475564259145,0.218479272288259,0.223348019910607,0.228334510197459,3621,3531,1555,1555,"P1",1428
234,0.129319311997559,0.401825859464451,0.21388,0.4,4000,0.90025,0.36925,0.00744752877454299,0.000677048070412999,0.464545350275132,0.391323945777264,0.388471188817413,0.387338039044276,0.423048586338183,0.388690714706312,3601,3417,1477,1476,"P1",1428
234,0.129319311997559,0.401825859464451,0.21388,0.6,4000,0.89825,0.37225,0.0423102753525856,0.00604432505036938,0.697257660369509,0.574716959069374,0.564068430637161,0.556334398127236,0.631158390851504,0.566075275807716,3593,3310,1489,1480,"P1",1428
234,0.129319311997559,0.401825859464451,0.21388,0.8,4000,0.899,0.392,0.107780612244898,0.0223214285714286,0.948564376290897,0.724480036719185,0.728630349393433,0.703948666155189,0.839039374412193,0.723723388857415,3596,3011,1568,1533,"P1",1428
196,0.204346688441064,0.40121616872888,0.21388,-0.8,4000,0.95975,0.58,0.128448275862069,0.0607758620689655,-0.987362286216858,-0.687554816040197,-0.713422733667209,-0.651152431539088,-0.828036635971499,-0.691281487847183,3839,2995,2320,2179,"P1",1435
196,0.204346688441064,0.40121616872888,0.21388,-0.6,4000,0.961,0.57525,0.0560625814863103,0.0195567144719687,-0.772878707877682,-0.558798093228527,-0.527002769309219,-0.503603919138248,-0.631035977709317,-0.511091641240548,3844,3344,2301,2256,"P1",1435
196,0.204346688441064,0.40121616872888,0.21388,-0.4,4000,0.9595,0.57625,0.0260303687635575,0.00477223427331887,-0.524217816062151,-0.394303415792596,-0.337582516818786,-0.330096177821221,-0.409385711224994,-0.312356739801206,3838,3577,2305,2294,"P1",1435
196,0.204346688441064,0.40121616872888,0.21388,-0.2,4000,0.9665,0.57675,0.00693541395752059,0.00303424360641526,-0.289201701730045,-0.217603062146796,-0.153141326622817,-0.148887609110866,-0.215075372973894,-0.132410739435552,3866,3724,2307,2300,"P1",1435
196,0.204346688441064,0.40121616872888,0.21388,0,4000,0.96575,0.5815,0.00128976784178848,0.000429922613929493,-0.0508553864119166,-0.0164258551659176,0.0298081659972446,0.030508825897169,0.00142768452007298,0.0436441514999754,3863,3794,2326,2325,"P1",1435
196,0.204346688441064,0.40121616872888,0.21388,0.2,4000,0.96025,0.56075,0.000445831475702185,0,0.176345223841736,0.184140072474391,0.216870965115377,0.21686453481632,0.208377375115803,0.225617095623692,3841,3777,2243,2243,"P1",1435
196,0.204346688441064,0.40121616872888,0.21388,0.4,4000,0.95725,0.572,0.00961538461538462,0,0.430412408300215,0.398673467336601,0.402388577642388,0.401481669601265,0.421620667817424,0.414370079872888,3829,3731,2288,2288,"P1",1435
196,0.204346688441064,0.40121616872888,0.21388,0.6,4000,0.96025,0.56775,0.043152796125055,0.00352267723469837,0.765786305912573,0.596236106176438,0.591988550123105,0.585534843626482,0.631970165045617,0.587973896863293,3841,3619,2271,2263,"P1",1435
196,0.204346688441064,0.40121616872888,0.21388,0.8,4000,0.96625,0.58275,0.153153153153153,0.0338910338910339,0.917981072431273,0.752096391877136,0.778186912778272,0.741692573752011,0.833641226375316,0.775186240558537,3865,3328,2331,2252,"P1",1435
560,0.175869597515456,0.399096054132394,0.21388,-0.8,4000,0.99675,0.85875,0.158951965065502,0.0512372634643377,-0.895409923293789,-0.768311099626178,-0.806788766122799,-0.756800693507482,-0.826470608490796,-0.78464636274023,3987,3515,3435,3259,"P1",1453
560,0.175869597515456,0.399096054132394,0.21388,-0.6,4000,0.99625,0.871,0.0499425947187141,0.0100459242250287,-0.665238610142987,-0.609445434670187,-0.600898831447358,-0.588887308794263,-0.610542663735018,-0.581584494052734,3985,3812,3484,3449,"P1",1453
560,0.175869597515456,0.399096054132394,0.21388,-0.4,4000,0.99475,0.86375,0.0147612156295224,0.00144717800289436,-0.458148577840311,-0.428741529634105,-0.403732472742134,-0.400928803128825,-0.414872227680537,-0.384887794779622,3979,3901,3455,3450,"P1",1453
560,0.175869597515456,0.399096054132394,0.21388,-0.2,4000,0.99625,0.86625,0.00115440115440115,0,-0.240385715555237,-0.227719905434461,-0.200173155497254,-0.200060469180054,-0.209471223973857,-0.187709932940377,3985,3964,3465,3465,"P1",1453
560,0.175869597515456,0.399096054132394,0.21388,0,4000,0.99675,0.86425,0,0,-0.0163052176371504,-0.0150516256235696,0.000679429670943502,0.000679429670943502,0.000153704057146436,0.0113609681543387,3987,3980,3457,3457,"P1",1453
560,0.175869597515456,0.399096054132394,0.21388,0.2,4000,0.99575,0.86175,0,0,0.192468282209072,0.192362929184121,0.19844421538026,0.19844421538026,0.19722715173549,0.200806017663869,3983,3978,3447,3447,"P1",1453
560,0.175869597515456,0.399096054132394,0.21388,0.4,4000,0.996,0.8665,0.000577034045008655,0,0.405229066764129,0.401411455631139,0.394767453083818,0.394698087650937,0.402492468706102,0.397147831744244,3984,3975,3466,3466,"P1",1453
560,0.175869597515456,0.399096054132394,0.21388,0.6,4000,0.9965,0.86425,0.013595603124096,0.000578536303153023,0.631514239818953,0.610437469296771,0.597206146282068,0.595846736538861,0.612702588894684,0.597316022280043,3986,3936,3457,3455,"P1",1453
560,0.175869597515456,0.399096054132394,0.21388,0.8,4000,0.99525,0.8575,0.127405247813411,0.0154518950437318,0.851804276051608,0.793478458187164,0.803276458287064,0.783594273960271,0.820410954501562,0.796733459194624,3981,3767,3430,3377,"P1",1453
234,0.17015440389036,0.395534607400903,0.21388,-0.8,4000,0.9485,0.52625,0.124940617577197,0.0470308788598575,-1.0206618092483,-0.686574430291486,-0.687903678093595,-0.638352536383431,-0.846262490045022,-0.664763077489086,3794,2944,2105,2006,"P1",1463
234,0.17015440389036,0.395534607400903,0.21388,-0.6,4000,0.9435,0.53225,0.0488492249882574,0.0173790511977454,-0.741887880198765,-0.552711368993739,-0.50611853695788,-0.484578750037789,-0.622401758913298,-0.489544437615575,3774,3298,2129,2092,"P1",1463
234,0.17015440389036,0.395534607400903,0.21388,-0.4,4000,0.9495,0.5295,0.0151085930122757,0.00755429650613787,-0.54003038041319,-0.396066379916341,-0.333207226602191,-0.323650075288803,-0.413666796232889,-0.309538386737208,3798,3493,2118,2102,"P1",1463
234,0.17015440389036,0.395534607400903,0.21388,-0.2,4000,0.94975,0.51925,0.00288878189696678,0.000481463649494463,-0.287543177922466,-0.212567706556347,-0.14051782461284,-0.139728884048322,-0.208887969652873,-0.130078827448502,3799,3653,2077,2076,"P1",1463
234,0.17015440389036,0.395534607400903,0.21388,0,4000,0.95025,0.5175,0.000966183574879227,0,-0.054101084125261,-0.0121932853328898,0.0386915229069976,0.0386800178177922,0.0087278977501126,0.0499297619427373,3801,3717,2070,2070,"P1",1463
234,0.17015440389036,0.395534607400903,0.21388,0.2,4000,0.947,0.516,0.00145348837209302,0,0.186276687283455,0.188947273045227,0.219171502861488,0.21911218299554,0.209768784528857,0.233628037372621,3788,3720,2064,2064,"P1",1463
234,0.17015440389036,0.395534607400903,0.21388,0.4,4000,0.9445,0.53475,0.00701262272089762,0.000467508181393174,0.436979811377321,0.399069640970179,0.403619855948426,0.402850580204391,0.425793529468537,0.412445905284163,3778,3671,2139,2138,"P1",1463
234,0.17015440389036,0.395534607400903,0.21388,0.6,4000,0.94475,0.5225,0.045933014354067,0.00478468899521531,0.687374457893759,0.593727125660493,0.590147152327546,0.582331473059415,0.636747859712014,0.598170383996455,3779,3522,2090,2080,"P1",1463
234,0.17015440389036,0.395534607400903,0.21388,0.8,4000,0.95025,0.5375,0.138139534883721,0.0255813953488372,0.924914869687563,0.745209390957777,0.757985085440488,0.729117338189542,0.834101852974109,0.758230420206419,3801,3276,2150,2095,"P1",1463
335,0.186282646050737,0.374503742358905,0.21388,-0.8,4000,0.98375,0.7165,0.151081646894627,0.0624563852058618,-0.988317689776975,-0.727123855771234,-0.766577563972882,-0.703534564097564,-0.836222097271047,-0.746799192358553,3935,3228,2866,2687,"P1",1475
335,0.186282646050737,0.374503742358905,0.21388,-0.6,4000,0.98375,0.70925,0.0571025731406415,0.0179767359887205,-0.729824801935149,-0.583851673639845,-0.564913890320147,-0.5436034082467,-0.613917715874349,-0.540494071983218,3935,3546,2837,2786,"P1",1475
335,0.186282646050737,0.374503742358905,0.21388,-0.4,4000,0.983,0.72575,0.0165346193592835,0.00275576989321392,-0.495658262707629,-0.416828540963298,-0.372068654404113,-0.36782146717921,-0.41463647516496,-0.355999006897342,3932,3743,2903,2895,"P1",1475
335,0.186282646050737,0.374503742358905,0.21388,-0.2,4000,0.982,0.72175,0.00346380325597506,0.00103914097679252,-0.26655664457526,-0.229384537069486,-0.17724502173208,-0.175781493412659,-0.203825699288294,-0.16500195416998,3928,3857,2887,2884,"P1",1475
335,0.186282646050737,0.374503742358905,0.21388,0,4000,0.98675,0.7295,0.000342700479780672,0,-0.034040391508908,-0.0235271792853511,0.0175351087286967,0.0175940589203166,-0.000518654238248756,0.0319523356098952,3947,3922,2918,2918,"P1",1475
335,0.186282646050737,0.374503742358905,0.21388,0.2,4000,0.98475,0.7175,0.00139372822299652,0,0.190044854146879,0.188694050185075,0.204844171009561,0.204804943669978,0.206909930438771,0.216592909751721,3939,3906,2870,2870,"P1",1475
335,0.186282646050737,0.374503742358905,0.21388,0.4,4000,0.98425,0.71975,0.00590482806530045,0.00069468565474123,0.424350705402192,0.406449343533337,0.401776247148958,0.400712993421962,0.417119896913889,0.404905108870451,3937,3900,2879,2877,"P1",1475
335,0.186282646050737,0.374503742358905,0.21388,0.6,4000,0.983,0.714,0.0357142857142857,0.00315126050420168,0.652864569307102,0.610553066754744,0.600541211108249,0.595398766972365,0.621782039390521,0.590122523806403,3932,3810,2856,2847,"P1",1475
335,0.186282646050737,0.374503742358905,0.21388,0.8,4000,0.985,0.72525,0.13926232333678,0.0227507755946225,0.914553008340948,0.780841059718349,0.793242336944909,0.767796337344042,0.834891662005024,0.794069803290788,3940,3563,2901,2835,"P1",1475
421,0.128542740456679,0.388370726181793,0.21388,-0.8,4000,0.95625,0.5675,0.106607929515419,0.0348017621145374,-0.960603509799426,-0.708767727395378,-0.70046180816376,-0.661094157640109,-0.807959490149626,-0.680358178419708,3825,3152,2270,2191,"P1",1482
421,0.128542740456679,0.388370726181793,0.21388,-0.6,4000,0.9525,0.55425,0.0442038791159224,0.0076680198466396,-0.7478301412902,-0.572518340715623,-0.516923644905224,-0.506133409547613,-0.612718998138429,-0.500031595635317,3810,3386,2217,2200,"P1",1482
421,0.128542740456679,0.388370726181793,0.21388,-0.4,4000,0.95825,0.55025,0.00772376192639709,0.0036347114947751,-0.545261628927918,-0.418534888064483,-0.339068813446748,-0.334808675702841,-0.422092154715735,-0.323817953773885,3833,3594,2201,2193,"P1",1482
421,0.128542740456679,0.388370726181793,0.21388,-0.2,4000,0.96225,0.54975,0.00409276944065484,0,-0.282592434074229,-0.228385826018708,-0.158518007371113,-0.158154710258132,-0.211870826770003,-0.140355331978338,3849,3747,2199,2199,"P1",1482
421,0.128542740456679,0.388370726181793,0.21388,0,4000,0.9585,0.56025,0,0,-0.0224560460833482,-0.0101011576067112,0.0247919909831548,0.0247919909831548,0.00861862720165635,0.0313901416374943,3834,3793,2241,2241,"P1",1482
421,0.128542740456679,0.388370726181793,0.21388,0.2,4000,0.95425,0.5605,0,0,0.239542736761863,0.204011117417422,0.211572361789755,0.211572361789755,0.213084811469407,0.215061946434608,3817,3778,2242,2242,"P1",1482
421,0.128542740456679,0.388370726181793,0.21388,0.4,4000,0.95825,0.55975,0.00312639571237159,0,0.439222022014246,0.40900875731029,0.396304954789327,0.396121216756122,0.421738377303392,0.400037409641156,3833,3750,2239,2239,"P1",1482
421,0.128542740456679,0.388370726181793,0.21388,0.6,4000,0.95575,0.55175,0.0185772541912098,0.000453103760761214,0.674719076967288,0.596019366273796,0.565959359984897,0.564198724586682,0.619121223805134,0.565898552781761,3823,3607,2207,2206,"P1",1482
421,0.128542740456679,0.388370726181793,0.21388,0.8,4000,0.963,0.555,0.103153153153153,0.0130630630630631,0.904605609382666,0.761598532296978,0.750174905440766,0.73134936419492,0.824031792564417,0.743483658471237,3852,3388,2220,2191,"P1",1482
287,0.548875301839437,0.402590342514129,0.21388,-0.8,4000,1,0.99175,0.174439122762793,0.0451222586337283,-0.838875873782317,-0.791494638586354,-0.834212906305009,-0.790972602084444,-0.817408748075629,-0.814630210104255,4000,3800,3967,3788,"P1",1506
287,0.548875301839437,0.402590342514129,0.21388,-0.6,4000,1,0.99525,0.0469731223310726,0.00803818136146697,-0.633336046743371,-0.621513493130106,-0.631141205072171,-0.620604444660736,-0.614764245891125,-0.613896641664823,4000,3963,3981,3949,"P1",1506
287,0.548875301839437,0.402590342514129,0.21388,-0.4,4000,1,0.995,0.00829145728643216,0.00125628140703518,-0.430887129301153,-0.428847931582052,-0.429399585032658,-0.42771001902009,-0.413391055278457,-0.412456608776173,4000,3994,3980,3975,"P1",1506
287,0.548875301839437,0.402590342514129,0.21388,-0.2,4000,0.99975,0.99225,0.000503905265810028,0,-0.21663901577684,-0.216552342006182,-0.214265916494185,-0.214259576309039,-0.20254000934709,-0.201795936689948,3999,3999,3969,3969,"P1",1506
287,0.548875301839437,0.402590342514129,0.21388,0,4000,1,0.99525,0,0,-0.00905702587917054,-0.00905702587917054,-0.00811058702392613,-0.00811058702392613,-0.00203575620121448,-0.00134297668359977,4000,4000,3981,3981,"P1",1506
287,0.548875301839437,0.402590342514129,0.21388,0.2,4000,1,0.993,0,0,0.198403446354568,0.198403446354568,0.198384778253071,0.198384778253071,0.203761392388122,0.203668507127871,4000,4000,3972,3972,"P1",1506
287,0.548875301839437,0.402590342514129,0.21388,0.4,4000,1,0.9915,0.000252143217347453,0,0.404190778155207,0.402910716364421,0.402365369007754,0.402351267107067,0.40633706377233,0.406160241534094,4000,3998,3966,3966,"P1",1506
287,0.548875301839437,0.402590342514129,0.21388,0.6,4000,1,0.99175,0.00882278800100832,0.000252079657171666,0.616873177203316,0.615700553985379,0.615207111867294,0.614488248714366,0.620677356543578,0.62004975219872,4000,3997,3967,3966,"P1",1506
287,0.548875301839437,0.402590342514129,0.21388,0.8,4000,1,0.99275,0.111055149836313,0.00654746915134727,0.824979038555495,0.809453696945667,0.821331656779256,0.808954900780682,0.817597278138888,0.815792624278055,4000,3962,3971,3945,"P1",1506
473,0.306690010673951,0.406624438812131,0.21388,-0.8,4000,1,0.9915,0.17423096318709,0.0486636409480585,-0.844005262823903,-0.792150316679228,-0.838394893127519,-0.791912950340543,-0.82296578937753,-0.821170127025356,4000,3781,3966,3773,"P1",1522
473,0.306690010673951,0.406624438812131,0.21388,-0.6,4000,1,0.99275,0.0433140266935281,0.0100730294636112,-0.636298150647855,-0.618825516441569,-0.629279636085173,-0.61748218450104,-0.612349786017382,-0.610777105818983,4000,3947,3971,3931,"P1",1522
473,0.306690010673951,0.406624438812131,0.21388,-0.4,4000,1,0.99475,0.00628298567479266,0.00125659713495853,-0.429845816178566,-0.427725381850833,-0.427762458443381,-0.4261559504995,-0.415762035203038,-0.414922797507407,4000,3993,3979,3974,"P1",1522
473,0.306690010673951,0.406624438812131,0.21388,-0.2,4000,1,0.99375,0.00050314465408805,0,-0.214202896945742,-0.213846391746441,-0.212741244652659,-0.212671108232548,-0.206089645112519,-0.205578598905641,4000,3999,3975,3975,"P1",1522
473,0.306690010673951,0.406624438812131,0.21388,0,4000,1,0.99325,0,0,-0.00770730512078975,-0.00770514628118452,-0.00585300512922813,-0.00585300512922813,0.002742403432962,0.00341425063428077,4000,4000,3973,3973,"P1",1522
473,0.306690010673951,0.406624438812131,0.21388,0.2,4000,1,0.99275,0,0,0.192721290492199,0.192721290492199,0.193102339074633,0.193102339074633,0.202461762514726,0.202358850674786,4000,4000,3971,3971,"P1",1522
473,0.306690010673951,0.406624438812131,0.21388,0.4,4000,1,0.99375,0.000251572327044025,0,0.410305554124322,0.409991599820459,0.409404972296788,0.409383673567743,0.409792319485124,0.409531531803007,4000,3999,3975,3975,"P1",1522
473,0.306690010673951,0.406624438812131,0.21388,0.6,4000,1,0.9935,0.00805234021137393,0.000503271263210871,0.609838421079521,0.608629418824478,0.608369864530542,0.60750448852795,0.607701043752905,0.606664127243609,4000,3997,3974,3972,"P1",1522
473,0.306690010673951,0.406624438812131,0.21388,0.8,4000,0.99975,0.992,0.114163306451613,0.0078125,0.825719955152186,0.809146099169993,0.821453488005469,0.808554373622337,0.820555814349128,0.819068995713898,3999,3951,3968,3937,"P1",1522
470,0.129370729840899,0.397524472879421,0.21388,-0.8,4000,0.96425,0.59675,0.115626309174696,0.0364474235441977,-0.99893833987971,-0.724692637558295,-0.715582829688778,-0.676517099018601,-0.839026676792939,-0.693454087779859,3857,3145,2387,2300,"P1",1554
470,0.129370729840899,0.397524472879421,0.21388,-0.6,4000,0.97,0.60575,0.033429632686752,0.00949236483697895,-0.724795094484575,-0.586070319611402,-0.52928374454705,-0.518259145514011,-0.614201799786515,-0.511752207720481,3880,3549,2423,2400,"P1",1554
470,0.129370729840899,0.397524472879421,0.21388,-0.4,4000,0.964,0.593,0.00843170320404722,0.00126475548060708,-0.497373058339957,-0.419801632150078,-0.343864206115891,-0.34178135955862,-0.417738712618544,-0.330830333352225,3856,3686,2372,2369,"P1",1554
470,0.129370729840899,0.397524472879421,0.21388,-0.2,4000,0.965,0.597,0.00125628140703518,0,-0.258261196516349,-0.227275450544539,-0.163510917440182,-0.163436947855781,-0.209715505777445,-0.153249879600224,3860,3800,2388,2388,"P1",1554
470,0.129370729840899,0.397524472879421,0.21388,0,4000,0.96425,0.613,0,0,-0.0296263070012837,-0.0159594434637919,0.029941072195322,0.029941072195322,0.00814077898733245,0.0436634230145249,3857,3824,2452,2452,"P1",1554
470,0.129370729840899,0.397524472879421,0.21388,0.2,4000,0.9615,0.59,0,0,0.216296568104806,0.199144961476346,0.212955612100586,0.212955612100586,0.215478489513479,0.223786219933671,3846,3809,2360,2360,"P1",1554
470,0.129370729840899,0.397524472879421,0.21388,0.4,4000,0.9655,0.59175,0.00295732995352767,0,0.440997092623458,0.413664092306169,0.3889934380951,0.388819594430982,0.425880066044324,0.394294304976131,3862,3792,2367,2367,"P1",1554
470,0.129370729840899,0.397524472879421,0.21388,0.6,4000,0.967,0.59,0.0199152542372881,0,0.684126647362326,0.603320330270865,0.57056864019515,0.569128248100473,0.615174945019007,0.567815144027523,3868,3673,2360,2360,"P1",1554
470,0.129370729840899,0.397524472879421,0.21388,0.8,4000,0.9615,0.58075,0.102884201463625,0.00731812311665949,0.921297605647669,0.767815796134871,0.755035324617177,0.742211191309508,0.822007204454669,0.759124648924825,3846,3395,2323,2306,"P1",1554
303,0.12945445020321,0.383590323736833,0.21388,-0.8,4000,0.93025,0.45925,0.0843767011431682,0.0457267283614589,-1.01561424593152,-0.667605497008017,-0.652817802479768,-0.607116941943468,-0.814019976765101,-0.626829186218415,3721,2873,1837,1753,"P1",1612
303,0.12945445020321,0.383590323736833,0.21388,-0.6,4000,0.92725,0.46125,0.032520325203252,0.0140921409214092,-0.760146528854218,-0.53581897161435,-0.47015412942573,-0.453551746513946,-0.602813408805352,-0.448728866841779,3709,3200,1845,1819,"P1",1612
303,0.12945445020321,0.383590323736833,0.21388,-0.4,4000,0.9225,0.4345,0.0126582278481013,0.00230149597238205,-0.540174537613284,-0.394517090020316,-0.303615318366492,-0.300219391168227,-0.413467698877781,-0.28815396143074,3690,3405,1738,1734,"P1",1612
303,0.12945445020321,0.383590323736833,0.21388,-0.2,4000,0.922,0.44175,0.00282965478211658,0.00169779286926995,-0.262738284632101,-0.198586410470804,-0.122921128290714,-0.120623033742418,-0.188955528448643,-0.104956752206641,3688,3565,1767,1764,"P1",1612
303,0.12945445020321,0.383590323736833,0.21388,0,4000,0.92875,0.4535,0.00220507166482911,0,-0.0423062802308161,-0.017792502385892,0.042900016493887,0.0431357909614248,0.00285143822419094,0.0563095893301006,3715,3630,1814,1814,"P1",1612
303,0.12945445020321,0.383590323736833,0.21388,0.2,4000,0.93075,0.4465,0.000559910414333707,0,0.206651152422887,0.201988809228663,0.221002723662629,0.220996122086127,0.227837940774334,0.232933613478608,3723,3644,1786,1786,"P1",1612
303,0.12945445020321,0.383590323736833,0.21388,0.4,4000,0.91825,0.44775,0.00558347292015634,0,0.441196438251966,0.39385022807255,0.383537500413689,0.383258772847663,0.415047277135267,0.386989276922014,3673,3546,1791,1791,"P1",1612
303,0.12945445020321,0.383590323736833,0.21388,0.6,4000,0.9255,0.4535,0.0341786108048512,0.00110253583241455,0.702187877132508,0.594071809325542,0.571128217278212,0.567886742717307,0.639620505476742,0.57674305825597,3702,3417,1814,1812,"P1",1612
303,0.12945445020321,0.383590323736833,0.21388,0.8,4000,0.91975,0.437,0.115560640732265,0.0183066361556064,0.940361195268894,0.739299410225162,0.74163537280173,0.719964431055686,0.823091248431634,0.740465340175322,3679,3115,1748,1716,"P1",1612
197,0.368195292251271,0.397195277886907,0.21388,-0.8,4000,0.9985,0.89725,0.17581499024798,0.0927835051546392,-0.90500563373136,-0.752154615298439,-0.829320932822363,-0.7458404308211,-0.836696258597391,-0.80303481243985,3994,3407,3589,3256,"P1",1642
197,0.368195292251271,0.397195277886907,0.21388,-0.6,4000,0.99925,0.88575,0.0739486311035845,0.0316116285633644,-0.684899241620578,-0.604631676414649,-0.62295514870664,-0.589236135839291,-0.623901878001952,-0.595163411455798,3997,3717,3543,3431,"P1",1642
197,0.368195292251271,0.397195277886907,0.21388,-0.4,4000,0.99775,0.8925,0.0254901960784314,0.00700280112044818,-0.469813415700822,-0.427394921318404,-0.416667467426767,-0.406891558338772,-0.42395283935253,-0.397145312326625,3991,3878,3570,3545,"P1",1642
197,0.368195292251271,0.397195277886907,0.21388,-0.2,4000,0.9975,0.891,0.00589225589225589,0.00112233445566779,-0.246368872603215,-0.230623808433375,-0.208512789599576,-0.206580924368244,-0.212140221346685,-0.192704108291919,3990,3950,3564,3560,"P1",1642
197,0.368195292251271,0.397195277886907,0.21388,0,4000,0.9975,0.90075,0.00388565084651679,0.000277546489036914,-0.0285864887772224,-0.0216590137299274,-0.00593248124904419,-0.00526925694008047,-0.00394723208621796,0.0058781700571278,3990,3977,3603,3602,"P1",1642
197,0.368195292251271,0.397195277886907,0.21388,0.2,4000,0.99725,0.89725,0.000278629144608526,0,0.187487964965442,0.190358835899269,0.198076706908361,0.198106114419074,0.199741772147037,0.20523685633159,3989,3981,3589,3589,"P1",1642
197,0.368195292251271,0.397195277886907,0.21388,0.4,4000,0.9965,0.91125,0.00521262002743484,0,0.412713674264737,0.408444209136327,0.408809742501318,0.408438834124759,0.417084915463878,0.414523962448268,3986,3972,3645,3645,"P1",1642
197,0.368195292251271,0.397195277886907,0.21388,0.6,4000,0.998,0.89175,0.0470984020185029,0.00504625735912532,0.630112685624826,0.60869803210918,0.613620203321346,0.605863758117811,0.620132163431276,0.609880966331581,3992,3925,3567,3549,"P1",1642
197,0.368195292251271,0.397195277886907,0.21388,0.8,4000,0.998,0.909,0.16006600660066,0.0305280528052805,0.847461994239667,0.791061682882754,0.821290777784919,0.789388772173487,0.826534730261561,0.81816707993779,3992,3771,3636,3525,"P1",1642
44,1.07902747136039,0.949724926777985,0.21388,-0.8,4000,0.99825,0.9345,0.192616372391653,0.0874799357945425,-0.883156763314536,-0.774282651221401,-0.847710742610481,-0.770737472063286,-0.856056244597118,-0.840209402997971,3993,3525,3738,3411,"P1",1660
44,1.07902747136039,0.949724926777985,0.21388,-0.6,4000,0.99825,0.9385,0.0916355887053809,0.0213106020245072,-0.665714894424716,-0.61405645736605,-0.633694193133741,-0.607353003256495,-0.63223567395895,-0.616046386810765,3993,3821,3754,3674,"P1",1660
44,1.07902747136039,0.949724926777985,0.21388,-0.4,4000,0.999,0.93725,0.0282742064550547,0.00480128034142438,-0.447449192049597,-0.429751285076334,-0.428018413223562,-0.420746746577378,-0.421339536334976,-0.410310386765318,3996,3946,3749,3731,"P1",1660
44,1.07902747136039,0.949724926777985,0.21388,-0.2,4000,0.99775,0.93225,0.0053633681952266,0.00294985250737463,-0.23867934160352,-0.228744759089041,-0.218442163078207,-0.214595406299451,-0.225480456871978,-0.210088531672272,3991,3961,3729,3718,"P1",1660
44,1.07902747136039,0.949724926777985,0.21388,0,4000,0.99875,0.929,0.000807319698600646,0.000269106566200215,-0.0360201672940728,-0.0291139781967643,-0.0155359615541936,-0.0151478251336167,-0.00934274472291872,-0.000846060584384069,3995,3978,3716,3715,"P1",1660
44,1.07902747136039,0.949724926777985,0.21388,0.2,4000,0.99875,0.935,0.00106951871657754,0,0.192323800119404,0.194681226396875,0.200561171458444,0.20055807038516,0.202884822204047,0.207184505310379,3995,3989,3740,3740,"P1",1660
44,1.07902747136039,0.949724926777985,0.21388,0.4,4000,0.99875,0.936,0.00560897435897436,0,0.402868625516162,0.400717647443953,0.40452524817334,0.404128166155229,0.416191941330908,0.416616396890404,3995,3986,3744,3744,"P1",1660
44,1.07902747136039,0.949724926777985,0.21388,0.6,4000,0.99875,0.933,0.0326902465166131,0.000803858520900322,0.62917106966192,0.617658873502732,0.616574429381644,0.613892085536552,0.634694167229192,0.627356684576498,3995,3964,3732,3729,"P1",1660
44,1.07902747136039,0.949724926777985,0.21388,0.8,4000,0.9985,0.9405,0.17384370015949,0.019404572036151,0.842678675184204,0.802615329987607,0.827608856340805,0.802408215649874,0.835770538577611,0.830325158462079,3994,3852,3762,3689,"P1",1660
28,0.611025356574042,0.431545031746876,0.21388,-0.8,4000,0.8485,0.22725,0.113311331133113,0.0484048404840484,-1.2831446314774,-0.580921044586731,-0.592969026796117,-0.536350005236869,-0.912620447587864,-0.581504312213777,3394,2308,909,865,"P1",1662
28,0.611025356574042,0.431545031746876,0.21388,-0.6,4000,0.8535,0.25,0.064,0.025,-0.933284492406813,-0.433759735144627,-0.405925321220019,-0.373913853585432,-0.65330227049858,-0.385410459742863,3414,2625,1000,975,"P1",1662
28,0.611025356574042,0.431545031746876,0.21388,-0.4,4000,0.842,0.246,0.0426829268292683,0.0101626016260163,-0.705076941407444,-0.294604849865527,-0.244368347161502,-0.228457768473972,-0.429130947786543,-0.226413898899932,3368,2791,984,974,"P1",1662
28,0.611025356574042,0.431545031746876,0.21388,-0.2,4000,0.849,0.25325,0.0128331688055281,0.00493583415597236,-0.373495890893976,-0.126042699531347,-0.0510620446495843,-0.043927413974317,-0.197317917996286,-0.0412887563850624,3396,2996,1013,1008,"P1",1662
28,0.611025356574042,0.431545031746876,0.21388,0,4000,0.84925,0.2595,0.00770712909441233,0.00192678227360308,-0.101292275540142,0.0337407230103643,0.10200323878285,0.101977627108879,0.0179080488224863,0.111936839033914,3397,3092,1038,1036,"P1",1662
28,0.611025356574042,0.431545031746876,0.21388,0.2,4000,0.85,0.255,0.0225490196078431,0.000980392156862745,0.196412399076019,0.19944963644782,0.281311827697676,0.278440052572131,0.26006473516605,0.29642021675066,3400,3111,1020,1019,"P1",1662
28,0.611025356574042,0.431545031746876,0.21388,0.4,4000,0.854,0.25825,0.0416263310745402,0.00871248789932236,0.460114000920081,0.378488512002806,0.452107426451839,0.440302142350391,0.477765229741969,0.484744428746053,3416,3059,1033,1024,"P1",1662
28,0.611025356574042,0.431545031746876,0.21388,0.6,4000,0.8495,0.2665,0.104127579737336,0.0140712945590994,0.753965131394791,0.528544798964361,0.619511423712648,0.598476832224418,0.694228711214434,0.635066305428106,3398,2822,1066,1051,"P1",1662
28,0.611025356574042,0.431545031746876,0.21388,0.8,4000,0.8525,0.26375,0.181042654028436,0.0464454976303318,1.10173148552855,0.669915133442787,0.765883444157088,0.716291881514578,0.89522442187403,0.780553684517235,3410,2540,1055,1006,"P1",1662
313,0.221960182562306,0.390142424527897,0.21388,-0.8,4000,0.99325,0.8085,0.158936301793445,0.080395794681509,-0.922589536655432,-0.744367979160171,-0.806107102061717,-0.731269793907003,-0.834634553824193,-0.774762293133434,3973,3319,3234,2974,"P1",1679
313,0.221960182562306,0.390142424527897,0.21388,-0.6,4000,0.99225,0.80225,0.0595200997195388,0.0211904019943908,-0.699654246064214,-0.601204915079735,-0.596841158047337,-0.573313375800033,-0.629271221059092,-0.575792582919034,3969,3658,3209,3141,"P1",1679
313,0.221960182562306,0.390142424527897,0.21388,-0.4,4000,0.99125,0.82,0.0179878048780488,0.00762195121951219,-0.467675530129002,-0.420417461895476,-0.395381452080639,-0.386080854999115,-0.415422561923714,-0.373564171373566,3965,3835,3280,3255,"P1",1679
313,0.221960182562306,0.390142424527897,0.21388,-0.2,4000,0.99325,0.8105,0.00462677359654534,0.000308451573103023,-0.252079999432533,-0.230364409854628,-0.194351344533074,-0.193577637611506,-0.203170132826157,-0.170922581103652,3973,3928,3242,3241,"P1",1679
313,0.221960182562306,0.390142424527897,0.21388,0,4000,0.9915,0.8125,0.000307692307692308,0,-0.0264508138398116,-0.0217274967204719,-0.00321239892279209,-0.00320606869356194,-0.00217389520863399,0.0114093474311662,3966,3951,3250,3250,"P1",1679
313,0.221960182562306,0.390142424527897,0.21388,0.2,4000,0.99325,0.813,0,0,0.193522189556981,0.192691734132903,0.204225025916503,0.204225025916503,0.201314926357182,0.208743545009064,3973,3958,3252,3252,"P1",1679
313,0.221960182562306,0.390142424527897,0.21388,0.4,4000,0.993,0.808,0.00433168316831683,0,0.41788019125154,0.41248115694489,0.403963754103972,0.403764377136491,0.421359189395405,0.410899313462068,3972,3949,3232,3232,"P1",1679
313,0.221960182562306,0.390142424527897,0.21388,0.6,4000,0.993,0.81825,0.0357470210815765,0.00244424075771463,0.647696148652623,0.612879491858002,0.607426124198339,0.602938588900911,0.621995509206302,0.602667802761251,3972,3874,3273,3265,"P1",1679
313,0.221960182562306,0.390142424527897,0.21388,0.8,4000,0.99075,0.81325,0.144482016600061,0.0255149093144789,0.875233192242617,0.784371528494046,0.803110431893184,0.775546932609418,0.824420393089003,0.797165030179331,3963,3684,3253,3170,"P1",1679
223,0.128700388777899,0.391639757380168,0.21388,-0.8,4000,0.89275,0.33875,0.0782287822878229,0.0346863468634686,-1.1069512057237,-0.643534008878113,-0.606744162186589,-0.567908819556772,-0.82386282516805,-0.585530900600453,3571,2652,1355,1308,"P1",1683
223,0.128700388777899,0.391639757380168,0.21388,-0.6,4000,0.89875,0.363,0.0420110192837466,0.012396694214876,-0.79327025538061,-0.508951682734421,-0.440459672767717,-0.42406808963535,-0.606508558599456,-0.417858487253723,3595,3029,1452,1434,"P1",1683
223,0.128700388777899,0.391639757380168,0.21388,-0.4,4000,0.88975,0.351,0.0121082621082621,0.00213675213675214,-0.518829111824978,-0.351190860596603,-0.252112503994393,-0.248857490962587,-0.381331230437073,-0.239629761054184,3559,3238,1404,1401,"P1",1683
223,0.128700388777899,0.391639757380168,0.21388,-0.2,4000,0.89325,0.3515,0.00213371266002845,0.00142247510668563,-0.303452933255229,-0.189625882020844,-0.105849010322948,-0.103649616411327,-0.1865604373699,-0.0874514769333141,3573,3369,1406,1404,"P1",1683
223,0.128700388777899,0.391639757380168,0.21388,0,4000,0.8975,0.35625,0.00210526315789474,0,-0.0564327359560545,-0.0123903531414138,0.050934876147121,0.0509841074135819,0.00966025189380303,0.0688166939679524,3590,3475,1425,1425,"P1",1683
223,0.128700388777899,0.391639757380168,0.21388,0.2,4000,0.88875,0.35925,0.00208768267223382,0,0.209232141624975,0.200929631217145,0.211816464457749,0.211702470994306,0.227814246810711,0.226658375937996,3555,3456,1437,1437,"P1",1683
223,0.128700388777899,0.391639757380168,0.21388,0.4,4000,0.89275,0.35625,0.0133333333333333,0.00140350877192982,0.462476033266063,0.386273218544521,0.386462904409549,0.384083336581942,0.423517950215955,0.388066592128435,3571,3382,1425,1423,"P1",1683
223,0.128700388777899,0.391639757380168,0.21388,0.6,4000,0.885,0.35825,0.0425680390788555,0.00558269364968597,0.637142688829603,0.556361526646082,0.554829587801567,0.546542412232591,0.622856561202791,0.557557499327361,3540,3236,1433,1425,"P1",1683
223,0.128700388777899,0.391639757380168,0.21388,0.8,4000,0.88125,0.36325,0.11424638678596,0.0220233998623537,0.928422865786317,0.702727884662912,0.71209185463052,0.687157750882351,0.809460864780679,0.71053505540282,3525,2961,1453,1421,"P1",1683
272,0.206316688287254,0.399505521817249,0.21388,-0.8,4000,0.98375,0.7165,0.139916259595255,0.0645498953244941,-0.962802353381309,-0.719684795366551,-0.761234995961173,-0.697744191262119,-0.82626898017257,-0.735855525615798,3935,3197,2866,2681,"P1",1688
272,0.206316688287254,0.399505521817249,0.21388,-0.6,4000,0.98525,0.724,0.074585635359116,0.0200276243093923,-0.713382068808579,-0.593488287510704,-0.578622415810607,-0.553895080001487,-0.634685398426788,-0.550612653206105,3941,3586,2896,2838,"P1",1688
272,0.206316688287254,0.399505521817249,0.21388,-0.4,4000,0.98225,0.71725,0.0195189961659115,0.00348553502962705,-0.499478541967849,-0.416670919355373,-0.369081227667924,-0.363335884520524,-0.419270728386258,-0.348063990345528,3929,3735,2869,2859,"P1",1688
272,0.206316688287254,0.399505521817249,0.21388,-0.2,4000,0.9835,0.70475,0.00319262149698475,0.000709471443774388,-0.266958744772434,-0.21945317306211,-0.168652228926659,-0.167571930749068,-0.204865499944973,-0.152651556577579,3934,3843,2819,2817,"P1",1688
272,0.206316688287254,0.399505521817249,0.21388,0,4000,0.98475,0.715,0.00034965034965035,0,-0.0399603892350289,-0.0263194284012026,0.0123135629036709,0.0123311928334179,-0.00418590916373832,0.0206968556737276,3939,3905,2860,2860,"P1",1688
272,0.206316688287254,0.399505521817249,0.21388,0.2,4000,0.9875,0.72425,0.000690369347600966,0,0.197377832122235,0.199746364792598,0.218484883337011,0.218459110785055,0.215315186738076,0.228878066617605,3950,3935,2897,2897,"P1",1688
272,0.206316688287254,0.399505521817249,0.21388,0.4,4000,0.9815,0.717,0.00523012552301255,0,0.417482278450009,0.40366227377805,0.396952974085332,0.396697287607573,0.412748907299612,0.403897734128719,3926,3873,2868,2868,"P1",1688
272,0.206316688287254,0.399505521817249,0.21388,0.6,4000,0.98025,0.70975,0.0288834096512857,0.00387460373370905,0.65195651662893,0.605686254109115,0.597576906731229,0.592345592796744,0.628017155531319,0.600093316748704,3921,3784,2839,2828,"P1",1688
272,0.206316688287254,0.399505521817249,0.21388,0.8,4000,0.984,0.71075,0.158635244460077,0.0235666549419627,0.882691910072758,0.772460280136764,0.789359849548848,0.76085825933221,0.833424844048216,0.787463136151551,3936,3540,2843,2776,"P1",1688
278,0.27501157752485,0.399130162097136,0.21388,-0.8,4000,0.996,0.89375,0.164475524475524,0.0816783216783217,-0.887439682473761,-0.758529417531962,-0.825516899331208,-0.750850040672662,-0.833211136804972,-0.798927030891059,3984,3462,3575,3283,"P1",1714
278,0.27501157752485,0.399130162097136,0.21388,-0.6,4000,0.99675,0.8895,0.0711073636874649,0.0196739741427768,-0.676390298017271,-0.6045261637799,-0.610738271013098,-0.587919711420525,-0.62200116114584,-0.59215245484257,3987,3771,3558,3488,"P1",1714
278,0.27501157752485,0.399130162097136,0.21388,-0.4,4000,0.997,0.888,0.0228040540540541,0.00506756756756757,-0.457379947593708,-0.423991462005808,-0.411210747351746,-0.403571133650977,-0.41502348798662,-0.391080389195976,3988,3898,3552,3534,"P1",1714
278,0.27501157752485,0.399130162097136,0.21388,-0.2,4000,0.99675,0.894,0.00307606263982103,0,-0.244654745475091,-0.232865856077825,-0.211590079062178,-0.211329242025109,-0.215747598900035,-0.200101316559974,3987,3964,3576,3576,"P1",1714
278,0.27501157752485,0.399130162097136,0.21388,0,4000,0.9965,0.886,0.000564334085778781,0.00028216704288939,-0.0544735454435982,-0.026168459708553,-0.00712494157796639,-0.0066551957158249,-0.0167136802449364,-0.00100740665305817,3986,3970,3544,3543,"P1",1714
278,0.27501157752485,0.399130162097136,0.21388,0.2,4000,0.99725,0.88625,0.000564174894217207,0,0.197967341081076,0.198627448885008,0.204350422057816,0.204315713162775,0.211309232246343,0.216832734040781,3989,3986,3545,3545,"P1",1714
278,0.27501157752485,0.399130162097136,0.21388,0.4,4000,0.99775,0.88325,0.00452872912538919,0,0.413886008138983,0.408473601614022,0.406053812066358,0.405670464222608,0.420047411348241,0.416551980364205,3991,3976,3533,3533,"P1",1714
278,0.27501157752485,0.399130162097136,0.21388,0.6,4000,0.9965,0.89125,0.0361851332398317,0.00364656381486676,0.631000261636503,0.608922477888663,0.607417465916139,0.601790248806371,0.618664254243702,0.605897671563835,3986,3926,3565,3552,"P1",1714
278,0.27501157752485,0.399130162097136,0.21388,0.8,4000,0.997,0.885,0.152824858757062,0.0254237288135593,0.854710329661313,0.78674825645347,0.80972142953562,0.781151316162627,0.826062960199284,0.804841994060541,3988,3751,3540,3450,"P1",1714
383,0.155742867660521,0.421752473968163,0.21388,-0.8,4000,0.97075,0.65,0.125,0.0507692307692308,-0.956136994763727,-0.724945491890193,-0.742401256456462,-0.691944878498279,-0.820584768904714,-0.718875621176566,3883,3186,2600,2468,"P1",1716
383,0.155742867660521,0.421752473968163,0.21388,-0.6,4000,0.972,0.65575,0.0487990850171559,0.00953107129241327,-0.717819340449014,-0.590779807777086,-0.554667497559682,-0.542377406568149,-0.625282051606149,-0.537978554383807,3888,3544,2623,2598,"P1",1716
383,0.155742867660521,0.421752473968163,0.21388,-0.4,4000,0.973,0.65575,0.00914982844071674,0.00228745711017918,-0.50795144360214,-0.41917562036748,-0.357091203279552,-0.353723257812745,-0.417173742094666,-0.348501697944987,3892,3725,2623,2617,"P1",1716
383,0.155742867660521,0.421752473968163,0.21388,-0.2,4000,0.977,0.64725,0.00154499806875241,0,-0.266288740977713,-0.229040565169519,-0.16526488997591,-0.165176648423449,-0.204467627210679,-0.147439796697596,3908,3833,2589,2589,"P1",1716
383,0.155742867660521,0.421752473968163,0.21388,0,4000,0.97575,0.6535,0,0,-0.0426078982927817,-0.0220760030042832,0.0203086291932743,0.0203086291932743,0.00182432530895228,0.0319325060386975,3903,3868,2614,2614,"P1",1716
383,0.155742867660521,0.421752473968163,0.21388,0.2,4000,0.976,0.6575,0.000380228136882129,0,0.197302249258728,0.200749826525471,0.211248332947662,0.21121501767656,0.210431357163478,0.215103413613035,3904,3887,2630,2630,"P1",1716
383,0.155742867660521,0.421752473968163,0.21388,0.4,4000,0.9755,0.66175,0.00340007555723461,0,0.431246094402329,0.414768884071277,0.397899658788429,0.397686927250736,0.41526654655793,0.399644314979661,3902,3862,2647,2647,"P1",1716
383,0.155742867660521,0.421752473968163,0.21388,0.6,4000,0.97175,0.6615,0.0253212396069539,0.00151171579743008,0.670526719189172,0.607753074574712,0.586275152766777,0.583179279650399,0.619839497850707,0.584696296029118,3887,3727,2646,2642,"P1",1716
383,0.155742867660521,0.421752473968163,0.21388,0.8,4000,0.97125,0.65125,0.114395393474088,0.0138195777351248,0.897310695277422,0.772147858989986,0.771350037408583,0.753342513956438,0.822259324905085,0.765759801092438,3885,3507,2605,2569,"P1",1716
362,0.169699320524056,0.50311724439692,0.21388,-0.8,4000,0.979,0.70375,0.121492007104796,0.0412078152753108,-0.936407877762239,-0.73899904738179,-0.748985231675479,-0.709187675309924,-0.823802317343878,-0.731167802592574,3916,3308,2815,2699,"P1",1718
362,0.169699320524056,0.50311724439692,0.21388,-0.6,4000,0.97425,0.70025,0.0453409496608354,0.00785433773652267,-0.71944172328902,-0.594054180014286,-0.555859152063953,-0.545349640979172,-0.615522294791521,-0.540428902254586,3897,3591,2801,2779,"P1",1718
362,0.169699320524056,0.50311724439692,0.21388,-0.4,4000,0.9785,0.69475,0.00971572508096438,0.000719683339330694,-0.474921632583604,-0.421552104681518,-0.36665598845961,-0.365275828466007,-0.417928533999383,-0.353861586975204,3914,3781,2779,2777,"P1",1718
362,0.169699320524056,0.50311724439692,0.21388,-0.2,4000,0.978,0.6895,0.000362581580855693,0.000362581580855693,-0.25570138455086,-0.229143346944008,-0.17540803358042,-0.174981730775269,-0.208754872027742,-0.167402056776722,3912,3851,2758,2757,"P1",1718
362,0.169699320524056,0.50311724439692,0.21388,0,4000,0.9775,0.68625,0.000364298724954463,0,-0.0285245373313571,-0.0164934651508005,0.0153884299416528,0.0154476471233354,0.00151201047154926,0.0265215451050575,3910,3885,2745,2745,"P1",1718
362,0.169699320524056,0.50311724439692,0.21388,0.2,4000,0.97625,0.691,0,0,0.204130180651566,0.199122257608012,0.203418759892852,0.203418759892852,0.205653409611411,0.20934965546396,3905,3892,2764,2764,"P1",1718
362,0.169699320524056,0.50311724439692,0.21388,0.4,4000,0.97925,0.698,0.00143266475644699,0,0.436309913979068,0.413917072386286,0.391531741960325,0.391440729433148,0.415103412787908,0.394714277044151,3917,3867,2792,2792,"P1",1718
362,0.169699320524056,0.50311724439692,0.21388,0.6,4000,0.97975,0.6955,0.0183321351545651,0.001078360891445,0.665156869622471,0.613958095751411,0.586431531086381,0.584075580121227,0.62207066022916,0.584937125739644,3919,3769,2782,2779,"P1",1718
362,0.169699320524056,0.50311724439692,0.21388,0.8,4000,0.97675,0.68075,0.120455380095483,0.00844656628718325,0.891019111462796,0.784471384841579,0.780339605072784,0.764852802395846,0.82437241174424,0.776276561822537,3907,3581,2723,2700,"P1",1718
204,0.129381758158714,0.401264512315072,0.21388,-0.8,4000,0.87575,0.3405,0.0631424375917768,0.0381791483113069,-1.05116806492787,-0.627802698399529,-0.590248126128136,-0.549747218753142,-0.802180168955697,-0.568150952342406,3503,2661,1362,1310,"P1",1767
204,0.129381758158714,0.401264512315072,0.21388,-0.6,4000,0.8835,0.341,0.0381231671554252,0.00879765395894428,-0.793712555301163,-0.500681524250169,-0.426662284377715,-0.415292126471883,-0.598091092101941,-0.418087607504811,3534,2949,1364,1352,"P1",1767
204,0.129381758158714,0.401264512315072,0.21388,-0.4,4000,0.87925,0.3405,0.0124816446402349,0.000734214390602056,-0.529868255330544,-0.35186771614263,-0.259691982815554,-0.257758201872167,-0.388180709960588,-0.240702652222238,3517,3196,1362,1361,"P1",1767
204,0.129381758158714,0.401264512315072,0.21388,-0.2,4000,0.8795,0.339,0.0051622418879056,0.000737463126843658,-0.329090576855481,-0.182627363811679,-0.0833086829900856,-0.0815135224000476,-0.179975601815568,-0.0619968714835488,3518,3299,1356,1355,"P1",1767
204,0.129381758158714,0.401264512315072,0.21388,0,4000,0.883,0.3325,0,0,-0.0582661504765058,-0.013200440703517,0.0518413206620432,0.0518413206620432,0.00736209788946714,0.0731351114715245,3532,3409,1330,1330,"P1",1767
204,0.129381758158714,0.401264512315072,0.21388,0.2,4000,0.8655,0.327,0.00305810397553517,0,0.216202776468467,0.195100191912256,0.22294837453292,0.222769326480299,0.22482737946075,0.228240132638715,3462,3349,1308,1308,"P1",1767
204,0.129381758158714,0.401264512315072,0.21388,0.4,4000,0.8805,0.34125,0.010989010989011,0.000732600732600733,0.43897927478842,0.373880757978442,0.376681881886513,0.374983605937294,0.411470910615016,0.382977371594806,3522,3340,1365,1364,"P1",1767
204,0.129381758158714,0.401264512315072,0.21388,0.6,4000,0.87025,0.335,0.0350746268656716,0.00447761194029851,0.723483535671923,0.55756770571729,0.551390836950529,0.545203635816196,0.638037651190266,0.558298379429386,3481,3117,1340,1334,"P1",1767
204,0.129381758158714,0.401264512315072,0.21388,0.8,4000,0.88075,0.34025,0.116825863335783,0.017634092578986,0.970621696386379,0.69675969358275,0.708121310952799,0.685195987327708,0.82049428771085,0.707648252230096,3523,2870,1361,1337,"P1",1767
171,0.127957490692684,0.399372629937751,0.21388,-0.8,4000,0.85925,0.29625,0.0818565400843882,0.0270042194092827,-1.01243833997423,-0.603925936701996,-0.567978174982433,-0.534811747442305,-0.800702719787598,-0.551807033766149,3437,2584,1185,1153,"P1",1819
171,0.127957490692684,0.399372629937751,0.21388,-0.6,4000,0.85275,0.29675,0.0362257792754844,0.0075821398483572,-0.764299046720627,-0.470183697241587,-0.385256620806455,-0.374252771517497,-0.571077504987103,-0.365309003344337,3411,2850,1187,1178,"P1",1819
171,0.127957490692684,0.399372629937751,0.21388,-0.4,4000,0.856,0.2925,0.0102564102564103,0.00598290598290598,-0.55575602948803,-0.334872680038335,-0.247827943592708,-0.239758210731497,-0.393027776495479,-0.234246015288196,3424,3054,1170,1163,"P1",1819
171,0.127957490692684,0.399372629937751,0.21388,-0.2,4000,0.85625,0.299,0.0100334448160535,0.000836120401337793,-0.327163017891988,-0.172946662304357,-0.0866916606557679,-0.0847999856734225,-0.178739915169914,-0.0600688626361958,3425,3190,1196,1195,"P1",1819
171,0.127957490692684,0.399372629937751,0.21388,0,4000,0.85725,0.299,0.00250836120401338,0,-0.0460537941790703,0.0171634354076384,0.0714850253430465,0.0714947617177998,0.0334942582962929,0.0898862735438103,3429,3270,1196,1196,"P1",1819
171,0.127957490692684,0.399372629937751,0.21388,0.2,4000,0.8545,0.288,0.00607638888888889,0,0.164295202784703,0.188731336147877,0.231491698125162,0.231087542787865,0.221673264041652,0.23495994997465,3418,3260,1152,1152,"P1",1819
171,0.127957490692684,0.399372629937751,0.21388,0.4,4000,0.8565,0.30875,0.011336032388664,0.00161943319838057,0.438431926520698,0.373781170106014,0.38483751627408,0.382733118687515,0.430813379217644,0.386922055354801,3426,3237,1235,1233,"P1",1819
171,0.127957490692684,0.399372629937751,0.21388,0.6,4000,0.8535,0.2985,0.0393634840871022,0.0067001675041876,0.701327774302537,0.545001891874255,0.543866005360805,0.535260975763426,0.623481628860829,0.554101228098137,3414,3055,1194,1186,"P1",1819
171,0.127957490692684,0.399372629937751,0.21388,0.8,4000,0.85675,0.2895,0.0975820379965458,0.0207253886010363,0.962911185672539,0.680877825071726,0.6928284650842,0.670178497225048,0.814194100943409,0.700648256226115,3427,2784,1158,1134,"P1",1819
398,0.129050601896639,0.398733374081919,0.21388,-0.8,4000,0.94825,0.52925,0.113840340103921,0.0377893245158243,-0.977186774496586,-0.711791832704883,-0.699630887760485,-0.658595003972294,-0.829423185373817,-0.680117203759255,3793,3025,2117,2037,"P1",1823
398,0.129050601896639,0.398733374081919,0.21388,-0.6,4000,0.9485,0.52675,0.0346464167062174,0.0109159943046986,-0.763727510923445,-0.56765260361658,-0.510617244627061,-0.497873594551884,-0.614454909059847,-0.489875602476403,3794,3355,2107,2084,"P1",1823
398,0.129050601896639,0.398733374081919,0.21388,-0.4,4000,0.95175,0.54575,0.0142006413192854,0.00137425561154375,-0.515617184059662,-0.415593318046215,-0.342012946887558,-0.339333072109587,-0.4111247500319,-0.324397618218824,3807,3602,2183,2180,"P1",1823
398,0.129050601896639,0.398733374081919,0.21388,-0.2,4000,0.959,0.537,0.00186219739292365,0,-0.278513439642259,-0.215944932770083,-0.135306824839956,-0.135137038195393,-0.196560979244529,-0.121214104236785,3836,3721,2148,2148,"P1",1823
398,0.129050601896639,0.398733374081919,0.21388,0,4000,0.9525,0.549,0,0,-0.0397980754661608,-0.0195037561210368,0.0282203277968322,0.0282203277968322,0.00393489252898782,0.0370331004177728,3810,3760,2196,2196,"P1",1823
398,0.129050601896639,0.398733374081919,0.21388,0.2,4000,0.95525,0.5455,0,0,0.20931788124163,0.198059577489425,0.211695037776068,0.211695037776068,0.214424799725343,0.217631935573662,3821,3774,2182,2182,"P1",1823
398,0.129050601896639,0.398733374081919,0.21388,0.4,4000,0.95575,0.55025,0.000908677873693776,0,0.448224474573344,0.407869868430093,0.398438126938744,0.398379485715768,0.420202082394785,0.400000051150807,3823,3732,2201,2201,"P1",1823
398,0.129050601896639,0.398733374081919,0.21388,0.6,4000,0.95075,0.5405,0.0217391304347826,0.000925069380203515,0.673853946143948,0.594136648610579,0.563854213403944,0.561867394400086,0.614329306333105,0.57148764484182,3803,3582,2162,2160,"P1",1823
398,0.129050601896639,0.398733374081919,0.21388,0.8,4000,0.94925,0.52725,0.117117117117117,0.00900900900900901,0.937846929247384,0.765687810646818,0.751399667784149,0.736214887085354,0.833316910063305,0.748606034522279,3797,3297,2109,2090,"P1",1823
352,0.419209320757186,0.398152167034241,0.21388,-0.8,4000,1,0.99575,0.174993723324128,0.0559879487823249,-0.848136363163707,-0.79200949675952,-0.843710283502729,-0.79178873738469,-0.819630633998459,-0.818320486929479,4000,3764,3983,3760,"P1",1833
352,0.419209320757186,0.398152167034241,0.21388,-0.6,4000,0.99975,0.99675,0.0514171055931778,0.00978179082016554,-0.637158848300227,-0.623449685720337,-0.634928602734013,-0.623018334605746,-0.620370608850063,-0.61961814824625,3999,3953,3987,3948,"P1",1833
352,0.419209320757186,0.398152167034241,0.21388,-0.4,4000,1,0.9955,0.00904068307383224,0.00125565042692115,-0.423694029304265,-0.421468416342728,-0.421947797742939,-0.420100429353105,-0.404876164501648,-0.404084104735303,4000,3994,3982,3977,"P1",1833
352,0.419209320757186,0.398152167034241,0.21388,-0.2,4000,1,0.996,0.00100401606425703,0,-0.222064306027344,-0.221987875369862,-0.220897521690156,-0.220826215788048,-0.206694957191975,-0.206000791490376,4000,4000,3984,3984,"P1",1833
352,0.419209320757186,0.398152167034241,0.21388,0,4000,1,0.99575,0,0,-0.018809282862763,-0.018809282862763,-0.018306973505076,-0.018306973505076,-0.00217129139261743,-0.00194166503508455,4000,4000,3983,3983,"P1",1833
352,0.419209320757186,0.398152167034241,0.21388,0.2,4000,1,0.998,0,0,0.194695489367423,0.194695489367423,0.194857277306037,0.194857277306037,0.202223195566146,0.202269099818506,4000,4000,3992,3992,"P1",1833
352,0.419209320757186,0.398152167034241,0.21388,0.4,4000,1,0.99625,0.000501882057716437,0,0.400688879957931,0.39991951031965,0.399564128284396,0.399509988880771,0.405090172043724,0.404850266938743,4000,3998,3985,3985,"P1",1833
352,0.419209320757186,0.398152167034241,0.21388,0.6,4000,1,0.99725,0.00977688643770368,0,0.614998323708267,0.613983905349868,0.613979164848243,0.61344910321716,0.617455433416497,0.616857931963955,4000,3998,3989,3989,"P1",1833
352,0.419209320757186,0.398152167034241,0.21388,0.8,4000,0.99975,0.99675,0.114371708051166,0.00852771507399047,0.819576774472152,0.80614461951641,0.818678802910272,0.80583293416481,0.815596989142086,0.815333957026139,3999,3962,3987,3953,"P1",1833
146,0.26863055270142,0.39967511375482,0.21388,-0.8,4000,0.976,0.602,0.140365448504983,0.0755813953488372,-1.05257652912087,-0.693466328153874,-0.735733596884755,-0.6606064870457,-0.866886923819954,-0.713352759212799,3904,2957,2408,2226,"P1",1864
146,0.26863055270142,0.39967511375482,0.21388,-0.6,4000,0.97325,0.6055,0.0578034682080925,0.0222956234516928,-0.791367292720133,-0.556379131254266,-0.529234445468119,-0.502827796060156,-0.638227402550116,-0.504758790228653,3893,3342,2422,2368,"P1",1864
146,0.26863055270142,0.39967511375482,0.21388,-0.4,4000,0.97475,0.61,0.0262295081967213,0.00860655737704918,-0.55316747369681,-0.40499279314951,-0.351266566742953,-0.339758811088754,-0.432375184887591,-0.321590227018503,3899,3579,2440,2419,"P1",1864
146,0.26863055270142,0.39967511375482,0.21388,-0.2,4000,0.9705,0.615,0.00731707317073171,0.0016260162601626,-0.300109105143434,-0.21681151035278,-0.156214832947389,-0.153591025002598,-0.212588489975191,-0.145435463568286,3882,3721,2460,2456,"P1",1864
146,0.26863055270142,0.39967511375482,0.21388,0,4000,0.973,0.60375,0.00082815734989648,0.00082815734989648,-0.0795104702181146,-0.0270539557072979,0.0256308637371198,0.0269513610214593,-0.00600896483792034,0.0446610007782901,3892,3804,2415,2413,"P1",1864
146,0.26863055270142,0.39967511375482,0.21388,0.2,4000,0.96825,0.61275,0.00244798041615667,0,0.187982664902017,0.193582312498985,0.218255544665526,0.218089129311882,0.21524179674022,0.230277337249771,3873,3819,2451,2451,"P1",1864
146,0.26863055270142,0.39967511375482,0.21388,0.4,4000,0.9745,0.616,0.0133928571428571,0.00162337662337662,0.430280637615144,0.398838826461966,0.420697574932125,0.418007577425044,0.427432175939004,0.426184255305879,3898,3805,2464,2460,"P1",1864
146,0.26863055270142,0.39967511375482,0.21388,0.6,4000,0.9705,0.60525,0.06030565881867,0.0107393638992152,0.681805391027239,0.599947534582449,0.613882814651348,0.600794040025158,0.653927824344302,0.622895700307151,3882,3663,2421,2395,"P1",1864
146,0.26863055270142,0.39967511375482,0.21388,0.8,4000,0.97125,0.60675,0.15203955500618,0.0399670374948496,0.922176527472773,0.753731423896015,0.790644915212768,0.750668287368983,0.845570657433418,0.793747395888803,3885,3316,2427,2330,"P1",1864
206,0.312218965634306,0.389555214721231,0.21388,-0.8,4000,0.99625,0.85925,0.164678498690719,0.0951411114343905,-0.90418479047943,-0.733927771661125,-0.812784724737917,-0.725057931960479,-0.828043315872006,-0.784419431900436,3985,3343,3437,3110,"P1",1871
206,0.312218965634306,0.389555214721231,0.21388,-0.6,4000,0.9955,0.853,0.0823563892145369,0.0322391559202814,-0.689839876306873,-0.594740720220526,-0.61378444982714,-0.577036092873341,-0.626931743619518,-0.585590860561742,3982,3673,3412,3302,"P1",1871
206,0.312218965634306,0.389555214721231,0.21388,-0.4,4000,0.995,0.8485,0.030936947554508,0.00883912787271656,-0.483329509304143,-0.427034275654029,-0.410105060859278,-0.397981623911889,-0.423358942897442,-0.38757128348501,3980,3826,3394,3364,"P1",1871
206,0.312218965634306,0.389555214721231,0.21388,-0.2,4000,0.99625,0.843,0.00474495848161329,0.000889679715302491,-0.263956739406982,-0.233424854938379,-0.198646621380888,-0.197194660374641,-0.210892489331898,-0.180817800037643,3985,3920,3372,3369,"P1",1871
206,0.312218965634306,0.389555214721231,0.21388,0,4000,0.99625,0.84475,0.000591891092039065,0.000295945546019532,-0.0350711760372296,-0.0192117611856834,-0.00157008626659921,-0.00115774320152856,-0.000773817690009628,0.0142231770369498,3985,3959,3379,3378,"P1",1871
206,0.312218965634306,0.389555214721231,0.21388,0.2,4000,0.99325,0.8495,0.000882872277810477,0,0.192285365043531,0.19336131464286,0.207523159184149,0.207544391201393,0.210503812003095,0.219801062573749,3973,3958,3398,3398,"P1",1871
206,0.312218965634306,0.389555214721231,0.21388,0.4,4000,0.99775,0.852,0.00586854460093897,0.000293427230046948,0.416977354599765,0.411234714135061,0.410581028753901,0.409824660628617,0.423113099361514,0.417962472972233,3991,3971,3408,3407,"P1",1871
206,0.312218965634306,0.389555214721231,0.21388,0.6,4000,0.996,0.84375,0.048,0.00592592592592593,0.641963651702845,0.614021024441394,0.614784142597099,0.606301454060989,0.624759197987862,0.612759368376274,3984,3900,3375,3355,"P1",1871
206,0.312218965634306,0.389555214721231,0.21388,0.8,4000,0.99625,0.837,0.174432497013142,0.034647550776583,0.878828064782442,0.787226377851137,0.820737727486926,0.784458903115078,0.83739071913855,0.811764506482166,3985,3657,3348,3232,"P1",1871
237,0.399783851040609,0.388969723186186,0.21388,-0.8,4000,0.99975,0.9555,0.172422815279958,0.0839874411302983,-0.86561930208785,-0.763954106435888,-0.835975645078971,-0.760554713691062,-0.823758805048525,-0.81037764330642,3999,3572,3822,3501,"P1",1884
237,0.399783851040609,0.388969723186186,0.21388,-0.6,4000,0.99975,0.95575,0.0727177609207429,0.0222338477635365,-0.656094454598672,-0.610247082809217,-0.629277194679307,-0.603829961478904,-0.622237712570415,-0.610098898408685,3999,3841,3823,3738,"P1",1884
237,0.399783851040609,0.388969723186186,0.21388,-0.4,4000,0.9995,0.95775,0.0182719916470895,0.0049595405899243,-0.450284778013515,-0.431912123281249,-0.429730467532167,-0.423372351222491,-0.418262796971001,-0.410302000973235,3998,3942,3831,3812,"P1",1884
237,0.399783851040609,0.388969723186186,0.21388,-0.2,4000,1,0.96125,0.00338101430429129,0.000780234070221066,-0.236718609340978,-0.230750630651002,-0.221443174925571,-0.220203615415513,-0.209473225626969,-0.199780743960837,4000,3983,3845,3842,"P1",1884
237,0.399783851040609,0.388969723186186,0.21388,0,4000,1,0.95875,0.000782268578878748,0,-0.0305214534790094,-0.0277175860427726,-0.0180691615238169,-0.0179783354333138,-0.00934107772582774,-0.00303604222116019,4000,3996,3835,3835,"P1",1884
237,0.399783851040609,0.388969723186186,0.21388,0.2,4000,0.999,0.958,0.000260960334029228,0,0.19445593877945,0.194027769009176,0.1982846146307,0.198255473976889,0.200246607787244,0.203040325158926,3996,3995,3832,3832,"P1",1884
237,0.399783851040609,0.388969723186186,0.21388,0.4,4000,0.99975,0.95475,0.00314218381775334,0.00052369730295889,0.403445539612228,0.402442151986877,0.402376288785484,0.401645037753095,0.412233435491236,0.411734954951792,3999,3997,3819,3817,"P1",1884
237,0.399783851040609,0.388969723186186,0.21388,0.6,4000,0.9995,0.95325,0.029373196957776,0.002098085496984,0.623112566250292,0.615495394209146,0.6156368829798,0.611784917928986,0.620547340364597,0.615506267265936,3998,3975,3813,3805,"P1",1884
237,0.399783851040609,0.388969723186186,0.21388,0.8,4000,0.99925,0.952,0.148634453781513,0.0183823529411765,0.834435095695264,0.798902923995801,0.819974142101927,0.796792810949979,0.823434431797305,0.815474527992755,3997,3867,3808,3738,"P1",1884
342,0.141527668414006,0.396634653227246,0.21388,-0.8,4000,0.9535,0.54275,0.105481345002303,0.0405343159834178,-0.978878042731342,-0.699389781883298,-0.694985858626247,-0.654697908224255,-0.813808816950025,-0.67285485799162,3814,3045,2171,2083,"P1",1912
342,0.141527668414006,0.396634653227246,0.21388,-0.6,4000,0.9525,0.53875,0.0519721577726218,0.0153132250580046,-0.755396161409071,-0.573734572814523,-0.528076824875781,-0.508388117260314,-0.622017751340421,-0.501278933562057,3810,3356,2155,2122,"P1",1912
342,0.141527668414006,0.396634653227246,0.21388,-0.4,4000,0.95125,0.5435,0.0128794848206072,0.00229990800367985,-0.519857112411911,-0.414875690188572,-0.344907970584468,-0.341377113027567,-0.420519590310383,-0.324003044530043,3805,3574,2174,2169,"P1",1912
342,0.141527668414006,0.396634653227246,0.21388,-0.2,4000,0.95525,0.5525,0.00316742081447964,0.000452488687782805,-0.264393011058986,-0.213678962238826,-0.14986150580257,-0.149005002441018,-0.192424353499475,-0.13186622218668,3821,3711,2210,2209,"P1",1912
342,0.141527668414006,0.396634653227246,0.21388,0,4000,0.95675,0.55725,0.000448631673396142,0,-0.0301997811592959,-0.00675805907869682,0.0321072426816172,0.0321509362758649,0.00916357223534144,0.0424085899815852,3827,3785,2229,2229,"P1",1912
342,0.141527668414006,0.396634653227246,0.21388,0.2,4000,0.95275,0.546,0.000915750915750916,0,0.205322743355461,0.198141852050683,0.212398576655912,0.212395599530628,0.21551900433567,0.221045356684298,3811,3758,2184,2184,"P1",1912
342,0.141527668414006,0.396634653227246,0.21388,0.4,4000,0.95175,0.549,0.0063752276867031,0.000455373406193078,0.445824726737263,0.408145592623782,0.392370294219214,0.39150158234537,0.422153424059102,0.401861196803374,3807,3715,2196,2195,"P1",1912
342,0.141527668414006,0.396634653227246,0.21388,0.6,4000,0.94775,0.53225,0.0248943165805543,0.00187881634570221,0.670729909845325,0.597936808327438,0.569924648453913,0.566653035164836,0.621958196338065,0.576811315032554,3791,3600,2129,2125,"P1",1912
342,0.141527668414006,0.396634653227246,0.21388,0.8,4000,0.95525,0.553,0.104430379746835,0.0194394213381555,0.913024085730248,0.748788385920965,0.748047989960713,0.726642415764957,0.814592979602402,0.74566179576179,3821,3327,2212,2169,"P1",1912
103,0.428494748034769,0.392254785692806,0.21388,-0.8,4000,0.98525,0.65325,0.143513203214696,0.0834290088021431,-0.990956513350252,-0.70255140941242,-0.752561000545085,-0.673764963904409,-0.860634526627292,-0.732987436490625,3941,3051,2613,2395,"P1",1972
103,0.428494748034769,0.392254785692806,0.21388,-0.6,4000,0.98425,0.64275,0.0797355114741346,0.0326721120186698,-0.777380860496517,-0.576321566310358,-0.567318626754345,-0.528842610716567,-0.657815387258827,-0.547632605543342,3937,3396,2571,2487,"P1",1972
103,0.428494748034769,0.392254785692806,0.21388,-0.4,4000,0.9815,0.66225,0.0252925632314081,0.0105700264250661,-0.542084715090638,-0.408345549477415,-0.366015932400846,-0.352519065003394,-0.438058982508321,-0.350632789875895,3926,3629,2649,2621,"P1",1972
103,0.428494748034769,0.392254785692806,0.21388,-0.2,4000,0.98,0.66675,0.0131233595800525,0.00187476565429321,-0.296516767023703,-0.22894478202382,-0.170848088426971,-0.166986590477337,-0.218858120127408,-0.152300271001457,3920,3796,2667,2662,"P1",1972
103,0.428494748034769,0.392254785692806,0.21388,0,4000,0.97975,0.65575,0.00190621425848265,0.000762485703393061,-0.0594375651543536,-0.0213017433404377,0.0276040982614581,0.0287667134907006,-0.00119949235476807,0.0446192287108365,3919,3844,2623,2621,"P1",1972
103,0.428494748034769,0.392254785692806,0.21388,0.2,4000,0.97675,0.66675,0.00299962504686914,0.000374953130858643,0.18586793552327,0.187647848212166,0.226661543425722,0.227229063146493,0.224200703955024,0.245523087530128,3907,3854,2667,2666,"P1",1972
103,0.428494748034769,0.392254785692806,0.21388,0.4,4000,0.9805,0.66575,0.015771686068344,0.00187758167480285,0.439140440063637,0.404834781919755,0.421292949417591,0.4192242193313,0.432455513866617,0.425102954624976,3922,3827,2663,2658,"P1",1972
103,0.428494748034769,0.392254785692806,0.21388,0.6,4000,0.98325,0.6635,0.0572720422004522,0.00904295403165034,0.672376738025764,0.592218965599452,0.60599407524352,0.593696673953349,0.640920647847277,0.612522835182584,3933,3730,2654,2630,"P1",1972
103,0.428494748034769,0.392254785692806,0.21388,0.8,4000,0.983,0.6795,0.181383370125092,0.0448859455481972,0.91041114401069,0.759147878283346,0.805139680970959,0.759982278505674,0.852564895995956,0.807231489455917,3932,3429,2718,2596,"P1",1972
334,0.140500486905336,0.305900906494623,0.21388,-0.8,4000,0.947,0.52,0.114423076923077,0.0524038461538462,-0.99666144192094,-0.675836338423432,-0.678726557882287,-0.624698146611199,-0.826201354736184,-0.644525679089995,3788,2947,2080,1971,"P1",2035
334,0.140500486905336,0.305900906494623,0.21388,-0.6,4000,0.94575,0.50125,0.0433915211970075,0.0169576059850374,-0.803777673990488,-0.543064715477127,-0.50392562935081,-0.483408342190398,-0.631061558038206,-0.477998919769257,3783,3191,2005,1971,"P1",2035
334,0.140500486905336,0.305900906494623,0.21388,-0.4,4000,0.95275,0.5305,0.0131950989632422,0.0056550424128181,-0.554756580569977,-0.395543003904167,-0.329589329887965,-0.322083504457366,-0.412004597520387,-0.312731971837022,3811,3513,2122,2110,"P1",2035
334,0.140500486905336,0.305900906494623,0.21388,-0.2,4000,0.9585,0.5125,0.00536585365853659,0.000975609756097561,-0.305710201354735,-0.211200950635368,-0.134265058487576,-0.132609497562758,-0.203757765535821,-0.116038148289753,3834,3673,2050,2048,"P1",2035
334,0.140500486905336,0.305900906494623,0.21388,0,4000,0.95475,0.5295,0,0,-0.0580589392991122,-0.0134791838238196,0.0427109975369618,0.0427109975369618,0.00640511041475296,0.0539102004486182,3819,3739,2118,2118,"P1",2035
334,0.140500486905336,0.305900906494623,0.21388,0.2,4000,0.9475,0.52725,0.00189663347558084,0.000474158368895211,0.18325281358069,0.18611362880098,0.215024599810199,0.214439833411706,0.209607435538743,0.222664107319039,3790,3735,2109,2108,"P1",2035
334,0.140500486905336,0.305900906494623,0.21388,0.4,4000,0.955,0.53575,0.00839944003733084,0.000466635557629491,0.438229588478596,0.389313179072104,0.392134767371348,0.391009770371915,0.408990312582256,0.398074648414083,3820,3711,2143,2142,"P1",2035
334,0.140500486905336,0.305900906494623,0.21388,0.6,4000,0.9485,0.515,0.0364077669902913,0.00631067961165049,0.690792076567917,0.589576933306066,0.576466467318182,0.567805767178337,0.638033728130601,0.583816057554196,3794,3524,2060,2047,"P1",2035
334,0.140500486905336,0.305900906494623,0.21388,0.8,4000,0.9455,0.52275,0.135820181731229,0.0253467240554758,0.956102507523712,0.748482023768155,0.763740634564275,0.732868890840548,0.837526705331049,0.760452706136735,3782,3235,2091,2038,"P1",2035
275,0.135166246984327,0.58944538281629,0.21388,-0.8,4000,0.91725,0.448,0.0797991071428571,0.01953125,-1.00302440368834,-0.697521970704876,-0.64980052995742,-0.628222005467631,-0.814908457996294,-0.635510798247577,3669,2958,1792,1757,"P1",2075
275,0.135166246984327,0.58944538281629,0.21388,-0.6,4000,0.92075,0.447,0.0285234899328859,0.00503355704697987,-0.762616035967031,-0.563880407858338,-0.480295844275051,-0.472912056949289,-0.604556812424001,-0.467938744890661,3683,3279,1788,1779,"P1",2075
275,0.135166246984327,0.58944538281629,0.21388,-0.4,4000,0.92225,0.46075,0.00651112316874661,0.000542593597395551,-0.499645590082598,-0.397583295251945,-0.30185515559576,-0.300683535984721,-0.390038812609269,-0.288267187496557,3689,3482,1843,1842,"P1",2075
275,0.135166246984327,0.58944538281629,0.21388,-0.2,4000,0.92525,0.45025,0.000555247084952804,0,-0.278818343415955,-0.218843883738588,-0.146343282715837,-0.146277489105721,-0.206407210350005,-0.140713410758624,3701,3591,1801,1801,"P1",2075
275,0.135166246984327,0.58944538281629,0.21388,0,4000,0.91875,0.44625,0,0,-0.0440631115621213,-0.0177972909142222,0.039153825117021,0.039153825117021,-0.0034750630196774,0.0425918093476986,3675,3619,1785,1785,"P1",2075
275,0.135166246984327,0.58944538281629,0.21388,0.2,4000,0.9225,0.4575,0,0,0.206076258343989,0.190373148465833,0.20129097808719,0.20129097808719,0.204995901891575,0.207278330606786,3690,3632,1830,1830,"P1",2075
275,0.135166246984327,0.58944538281629,0.21388,0.4,4000,0.91925,0.452,0.00221238938053097,0,0.454659653349828,0.404669537000995,0.377445195409393,0.37732485322983,0.413942208038006,0.382404826476905,3677,3573,1808,1808,"P1",2075
275,0.135166246984327,0.58944538281629,0.21388,0.6,4000,0.9275,0.45025,0.0144364242087729,0,0.698883537413336,0.590594160814028,0.549523259348359,0.548482696212481,0.624280215704646,0.562155380450581,3710,3449,1801,1801,"P1",2075
275,0.135166246984327,0.58944538281629,0.21388,0.8,4000,0.92425,0.46475,0.0828402366863905,0.00322754168908015,0.914776974220615,0.751219795884388,0.724396775507717,0.716243331600818,0.810912105513723,0.724949609382935,3697,3243,1859,1853,"P1",2075
376,0.145108502664273,0.401322624377267,0.21388,-0.8,4000,0.9635,0.6085,0.121610517666393,0.0419063270336894,-0.992399183034599,-0.71695592440682,-0.72062265542206,-0.677258606830378,-0.825367312579753,-0.700445849618879,3854,3138,2434,2332,"P1",2097
376,0.145108502664273,0.401322624377267,0.21388,-0.6,4000,0.96625,0.5975,0.0364016736401674,0.0129707112970711,-0.750397509734995,-0.57877259071678,-0.529169363445713,-0.514580981941006,-0.620380937754692,-0.517575472846253,3865,3466,2390,2359,"P1",2097
376,0.145108502664273,0.401322624377267,0.21388,-0.4,4000,0.9585,0.5955,0.010495382031906,0.00335852225020991,-0.508571678675607,-0.405430888440072,-0.340271114665153,-0.335300428825132,-0.404697786483719,-0.321923722594785,3834,3631,2382,2374,"P1",2097
376,0.145108502664273,0.401322624377267,0.21388,-0.2,4000,0.965,0.6045,0.00372208436724566,0,-0.265547533400925,-0.217825935660778,-0.149649252732486,-0.149296260040469,-0.198248529768508,-0.135667911453487,3860,3777,2418,2418,"P1",2097
376,0.145108502664273,0.401322624377267,0.21388,0,4000,0.9645,0.5955,0.000419815281276238,0,-0.0377894130119228,-0.0211276161282518,0.0173116109138342,0.0173425255132444,-0.000286421393511283,0.0253420786007985,3858,3821,2382,2382,"P1",2097
376,0.145108502664273,0.401322624377267,0.21388,0.2,4000,0.9615,0.58875,0.000424628450106157,0,0.206772223743143,0.196976956934214,0.206075219155108,0.206063232904703,0.205336420460127,0.210790126167855,3846,3805,2355,2355,"P1",2097
376,0.145108502664273,0.401322624377267,0.21388,0.4,4000,0.96425,0.595,0.00504201680672269,0,0.437244097492055,0.409555122640816,0.396008754113589,0.395632151851179,0.422272555169232,0.395651592131741,3857,3785,2380,2380,"P1",2097
376,0.145108502664273,0.401322624377267,0.21388,0.6,4000,0.969,0.5895,0.0313825275657337,0.00169635284139101,0.682481550316571,0.609433865587891,0.587986894144868,0.584413072288122,0.631591391121613,0.588363895323462,3876,3682,2358,2354,"P1",2097
376,0.145108502664273,0.401322624377267,0.21388,0.8,4000,0.9615,0.5725,0.113973799126638,0.014410480349345,0.927111366302363,0.767064756073297,0.7618284846793,0.743316177586075,0.830536667880715,0.761767478419429,3846,3353,2290,2257,"P1",2097
420,0.306691425890301,0.388468160700875,0.21388,-0.8,4000,1,0.98675,0.168482391689891,0.0668862427159868,-0.850570459825611,-0.783534136916829,-0.842637788870638,-0.783015355112169,-0.82146232623956,-0.816891645779655,4000,3696,3947,3683,"P1",2116
420,0.306691425890301,0.388468160700875,0.21388,-0.6,4000,1,0.988,0.0609817813765182,0.0154352226720648,-0.648709286577047,-0.623279148952265,-0.639882881171886,-0.621963182750699,-0.619288768389927,-0.61500133243959,4000,3912,3952,3891,"P1",2116
420,0.306691425890301,0.388468160700875,0.21388,-0.4,4000,1,0.985,0.00888324873096447,0.00177664974619289,-0.429659764098816,-0.424573069770826,-0.423040676916773,-0.420586627266511,-0.414765038408454,-0.411528971663051,4000,3986,3940,3933,"P1",2116
420,0.306691425890301,0.388468160700875,0.21388,-0.2,4000,1,0.98775,0.00202480384712731,0,-0.22958025885138,-0.229349976547834,-0.226028279786586,-0.225876688491506,-0.216650659213938,-0.215002711100949,4000,4000,3951,3951,"P1",2116
420,0.306691425890301,0.388468160700875,0.21388,0,4000,1,0.98875,0,0,-0.0151373640933494,-0.0151129043405426,-0.0127549299177732,-0.0127549299177732,-1.20619440918848e-05,0.00137427695599688,4000,4000,3955,3955,"P1",2116
420,0.306691425890301,0.388468160700875,0.21388,0.2,4000,1,0.9855,0,0,0.196000849114433,0.195457164915024,0.197463282271718,0.197463282271718,0.202927351766706,0.203669549170822,4000,3998,3942,3942,"P1",2116
420,0.306691425890301,0.388468160700875,0.21388,0.4,4000,1,0.986,0.000253549695740365,0,0.408466723639124,0.400367524534671,0.400027531917732,0.400021976359894,0.409118451854472,0.408799573744751,4000,3998,3944,3944,"P1",2116
420,0.306691425890301,0.388468160700875,0.21388,0.6,4000,0.99975,0.987,0.0139311043566363,0.000506585612968592,0.61243987170394,0.610106581921096,0.610895779993489,0.609408359809894,0.612096277067474,0.611592866344216,3999,3994,3948,3946,"P1",2116
420,0.306691425890301,0.388468160700875,0.21388,0.8,4000,0.99975,0.98775,0.13566185775753,0.0126550240445457,0.827934908743009,0.807925105283905,0.824489076531279,0.807035027611208,0.819503925823313,0.81757105069443,3999,3937,3951,3901,"P1",2116
445,0.315486938718128,0.396549538087521,0.21388,-0.8,4000,1,0.99425,0.175006286145336,0.0505406084988685,-0.836504058351963,-0.784563925612104,-0.832773370987206,-0.78418511849184,-0.81295149328984,-0.810632447849113,4000,3783,3977,3776,"P1",2137
445,0.315486938718128,0.396549538087521,0.21388,-0.6,4000,1,0.992,0.045866935483871,0.0105846774193548,-0.639004731704054,-0.622314537417838,-0.633493218606947,-0.62132348034016,-0.618677068610068,-0.615967103037687,4000,3941,3968,3926,"P1",2137
445,0.315486938718128,0.396549538087521,0.21388,-0.4,4000,1,0.993,0.00881168177240685,0.000251762336354481,-0.428102958949749,-0.425372666116461,-0.424671659908992,-0.423614321902278,-0.411991967902004,-0.41042721369444,4000,3994,3972,3971,"P1",2137
445,0.315486938718128,0.396549538087521,0.21388,-0.2,4000,1,0.994,0.00125754527162978,0,-0.217845754958963,-0.217355256542819,-0.215551259785477,-0.21544720904896,-0.202911299498761,-0.201948101381485,4000,3999,3976,3976,"P1",2137
445,0.315486938718128,0.396549538087521,0.21388,0,4000,1,0.99275,0,0,-0.0146544724229354,-0.0143248552871019,-0.0128675379906015,-0.0128675379906015,-0.00425859072010456,-0.00410438295584654,4000,3999,3971,3971,"P1",2137
445,0.315486938718128,0.396549538087521,0.21388,0.2,4000,0.99975,0.992,0,0,0.197324567844361,0.197357038347111,0.197727485653229,0.197727485653229,0.203377084357358,0.203647055670898,3999,3999,3968,3968,"P1",2137
445,0.315486938718128,0.396549538087521,0.21388,0.4,4000,1,0.997,0.000250752256770311,0,0.405776602567926,0.405766411729951,0.405510753967717,0.405500532465235,0.40973474854245,0.409471902652759,4000,4000,3988,3988,"P1",2137
445,0.315486938718128,0.396549538087521,0.21388,0.6,4000,1,0.995,0.00753768844221105,0,0.609455767180551,0.608478028653798,0.608390933885086,0.607898182712583,0.610920822124936,0.610676903183147,4000,3999,3980,3980,"P1",2137
445,0.315486938718128,0.396549538087521,0.21388,0.8,4000,1,0.9955,0.118031140130588,0.00828729281767956,0.824284691484662,0.808751900448687,0.822735361787485,0.808645424687314,0.818084990379432,0.817811417054398,4000,3958,3982,3949,"P1",2137
388,0.272814783218757,0.398628125414791,0.21388,-0.8,4000,0.9995,0.96125,0.170871261378414,0.0652795838751626,-0.855074548369964,-0.771311147686428,-0.82965291000871,-0.769105891569165,-0.812259629621577,-0.804075388820768,3998,3646,3845,3594,"P1",2142
388,0.272814783218757,0.398628125414791,0.21388,-0.6,4000,0.99925,0.9595,0.0630536737884315,0.0158936946326212,-0.650700840590823,-0.6132599284542,-0.626562469568747,-0.607307053601063,-0.618991554431781,-0.608278364244738,3997,3872,3838,3777,"P1",2142
388,0.272814783218757,0.398628125414791,0.21388,-0.4,4000,0.99925,0.96025,0.0127570945066389,0.00312418640978912,-0.437175208908435,-0.425542064963176,-0.42032181359419,-0.415937277440269,-0.411440715972695,-0.404195057009782,3997,3968,3841,3829,"P1",2142
388,0.272814783218757,0.398628125414791,0.21388,-0.2,4000,0.9985,0.96025,0.00182244207237699,0,-0.228461188360012,-0.225651722510825,-0.216781677544622,-0.216606364672421,-0.206674707492073,-0.199611876149161,3994,3988,3841,3841,"P1",2142
388,0.272814783218757,0.398628125414791,0.21388,0,4000,1,0.955,0.000523560209424084,0,-0.013746834583285,-0.0129371600168006,-0.00448654646437976,-0.00446020524877679,-0.000704547858133101,0.0053969589559219,4000,3998,3820,3820,"P1",2142
388,0.272814783218757,0.398628125414791,0.21388,0.2,4000,0.99975,0.9535,0,0,0.195359561759731,0.195313438306358,0.199084554994106,0.199084554994106,0.205029145580875,0.206752643644229,3999,3999,3814,3814,"P1",2142
388,0.272814783218757,0.398628125414791,0.21388,0.4,4000,0.99975,0.9595,0.00104220948410631,0.000260552371026576,0.413243654633117,0.411953112420633,0.40997052158206,0.409673727367841,0.413374741989954,0.411548431256515,3999,3994,3838,3837,"P1",2142
388,0.272814783218757,0.398628125414791,0.21388,0.6,4000,0.99975,0.959,0.0195516162669447,0.00156412930135558,0.618822595211289,0.611936593045472,0.610186446209787,0.607453031041627,0.61314308862951,0.608497138633101,3999,3981,3836,3830,"P1",2142
388,0.272814783218757,0.398628125414791,0.21388,0.8,4000,0.99975,0.9585,0.139280125195618,0.0140845070422535,0.833274465874804,0.80232750724755,0.820391786111023,0.800154272429049,0.820026209707121,0.814254131177781,3999,3895,3834,3780,"P1",2142
489,0.147804114966955,0.39881359696806,0.21388,-0.8,4000,0.984,0.70225,0.122819508721965,0.0469918120327519,-0.944337468776784,-0.736523803847068,-0.75247562855633,-0.706987611327924,-0.823295235665709,-0.729589150982189,3936,3275,2809,2677,"P1",2198
489,0.147804114966955,0.39881359696806,0.21388,-0.6,4000,0.982,0.70375,0.0404973357015986,0.00710479573712256,-0.703126501280428,-0.586795011544742,-0.550937954450414,-0.540805900050803,-0.609546575996978,-0.533664310070155,3928,3599,2815,2795,"P1",2198
489,0.147804114966955,0.39881359696806,0.21388,-0.4,4000,0.9795,0.6995,0.0107219442458899,0.00142959256611866,-0.526734397014134,-0.423371110679241,-0.3713312353383,-0.368586013096107,-0.420970793273467,-0.35176197719635,3918,3770,2798,2794,"P1",2198
489,0.147804114966955,0.39881359696806,0.21388,-0.2,4000,0.98275,0.69475,0.00143936667866139,0,-0.255716161167436,-0.229971779431616,-0.173858451341592,-0.173709409410083,-0.213715869180992,-0.166492457137765,3931,3873,2779,2779,"P1",2198
489,0.147804114966955,0.39881359696806,0.21388,0,4000,0.98225,0.70125,0,0,-0.0388992672326469,-0.0271798952658485,0.00645502615049423,0.00645502615049423,-0.00464325651189438,0.0179593778296089,3929,3900,2805,2805,"P1",2198
489,0.147804114966955,0.39881359696806,0.21388,0.2,4000,0.978,0.68325,0,0,0.204200582808945,0.197681848474588,0.204352309675848,0.204352309675848,0.210206246618645,0.212977050644299,3912,3892,2733,2733,"P1",2198
489,0.147804114966955,0.39881359696806,0.21388,0.4,4000,0.9805,0.71575,0.00174641983932937,0,0.426426036247452,0.407470306068271,0.395390803985399,0.395253926281539,0.416481320114564,0.400837821699752,3922,3877,2863,2863,"P1",2198
489,0.147804114966955,0.39881359696806,0.21388,0.6,4000,0.982,0.69825,0.020766201217329,0.00214822771213749,0.672966608110395,0.608088541603001,0.587501501669822,0.584530965518738,0.618492815263904,0.589443015387227,3928,3795,2793,2787,"P1",2198
489,0.147804114966955,0.39881359696806,0.21388,0.8,4000,0.9805,0.71325,0.112162635821942,0.015422362425517,0.885382603122409,0.781141754779668,0.777994819220769,0.758853103470833,0.821112671681775,0.772791702175338,3922,3581,2853,2809,"P1",2198
478,0.187654578115504,0.387843085149096,0.21388,-0.8,4000,0.9955,0.85025,0.165245516024699,0.0605704204645692,-0.892870334377546,-0.760868184277826,-0.803174804473773,-0.747139165671957,-0.825057851265398,-0.782460702005662,3982,3487,3401,3195,"P1",2222
478,0.187654578115504,0.387843085149096,0.21388,-0.6,4000,0.9945,0.85,0.0523529411764706,0.0111764705882353,-0.689735571712113,-0.614557489383429,-0.605308117864911,-0.591844557747893,-0.621765455891532,-0.583215789832467,3978,3765,3400,3362,"P1",2222
478,0.187654578115504,0.387843085149096,0.21388,-0.4,4000,0.9965,0.8475,0.0115044247787611,0.00176991150442478,-0.46007133629991,-0.429449485751142,-0.397912313762735,-0.395114639025973,-0.418010983994671,-0.385443486773256,3986,3910,3390,3384,"P1",2222
478,0.187654578115504,0.387843085149096,0.21388,-0.2,4000,0.99475,0.86425,0.00144634075788256,0,-0.24468467371048,-0.226913039546266,-0.202740051813041,-0.202594609080158,-0.203454145008027,-0.184534336492576,3979,3946,3457,3457,"P1",2222
478,0.187654578115504,0.387843085149096,0.21388,0,4000,0.99425,0.84025,0.00059506099375186,0,-0.0208606979340061,-0.0131130330659195,0.00663223021001622,0.00673485939230062,0.00231821569191198,0.0148060893611365,3977,3959,3361,3361,"P1",2222
478,0.187654578115504,0.387843085149096,0.21388,0.2,4000,0.9955,0.8455,0,0,0.19505650793296,0.194480374420934,0.201332209377444,0.201332209377444,0.20458302367173,0.207319170449461,3982,3976,3382,3382,"P1",2222
478,0.187654578115504,0.387843085149096,0.21388,0.4,4000,0.997,0.863,0.00202780996523754,0.000289687137891078,0.418586084187719,0.409311533333211,0.405434606104665,0.405034344140492,0.415158965182604,0.410146047869746,3988,3967,3452,3451,"P1",2222
478,0.187654578115504,0.387843085149096,0.21388,0.6,4000,0.9955,0.84125,0.0210995542347697,0.000594353640416047,0.634308579503433,0.613853313143733,0.603282594785237,0.601084118324049,0.618071747579803,0.602387142988613,3982,3917,3365,3363,"P1",2222
478,0.187654578115504,0.387843085149096,0.21388,0.8,4000,0.99525,0.8505,0.135802469135802,0.0155790711346267,0.857851796354942,0.797339577985627,0.807723052396,0.787852293559273,0.823106710709703,0.801516767339181,3981,3766,3402,3349,"P1",2222
213,0.146715976955695,0.400675009439251,0.21388,-0.8,4000,0.913,0.4265,0.0797186400937866,0.0392731535756155,-1.01733336476625,-0.64260295078676,-0.6233193206616,-0.58105229336005,-0.805405066688876,-0.59934596402175,3652,2783,1706,1639,"P1",2291
213,0.146715976955695,0.400675009439251,0.21388,-0.6,4000,0.917,0.3935,0.0457433290978399,0.0139771283354511,-0.793313897064189,-0.528133920118797,-0.466308340497397,-0.447635084869728,-0.619962605226635,-0.448733891927597,3668,3106,1574,1552,"P1",2291
213,0.146715976955695,0.400675009439251,0.21388,-0.4,4000,0.913,0.41325,0.0193587416817907,0.00362976406533575,-0.53143106020755,-0.37615588928932,-0.287246302182618,-0.281021518756134,-0.403204639144517,-0.265540542815682,3652,3353,1653,1647,"P1",2291
213,0.146715976955695,0.400675009439251,0.21388,-0.2,4000,0.91575,0.40425,0.00371057513914657,0,-0.335054282466623,-0.215624631496412,-0.126661267105254,-0.126170771395109,-0.205362754143652,-0.118741418606132,3663,3466,1617,1617,"P1",2291
213,0.146715976955695,0.400675009439251,0.21388,0,4000,0.914,0.41775,0.00119688809096349,0,-0.0611024877478419,-0.00747252670135182,0.0484036411217661,0.0484940231431228,0.00647982507770401,0.0611293364116461,3656,3542,1671,1671,"P1",2291
213,0.146715976955695,0.400675009439251,0.21388,0.2,4000,0.917,0.40075,0.00249532127261385,0,0.197545347361329,0.18837777159406,0.224699943192005,0.224313958341024,0.208890418558633,0.228420473142234,3668,3584,1603,1603,"P1",2291
213,0.146715976955695,0.400675009439251,0.21388,0.4,4000,0.916,0.416,0.00961538461538462,0.000600961538461538,0.440428805269025,0.377626310943941,0.387570053077717,0.386168594484005,0.407744831195045,0.389039009514061,3664,3522,1664,1663,"P1",2291
213,0.146715976955695,0.400675009439251,0.21388,0.6,4000,0.91725,0.40625,0.0363076923076923,0.00430769230769231,0.698238684792744,0.572924646775285,0.56813936443551,0.561615360080847,0.63604262393191,0.578398434255859,3669,3366,1625,1618,"P1",2291
213,0.146715976955695,0.400675009439251,0.21388,0.8,4000,0.9185,0.42,0.125595238095238,0.0208333333333333,0.934378953382905,0.722004105763016,0.730540951859494,0.705840076295098,0.826610856826137,0.737360874685175,3674,3078,1680,1645,"P1",2291
332,0.128993399401755,0.392969877374755,0.21388,-0.8,4000,0.93775,0.47075,0.0945300053106745,0.0355815188528943,-1.00755012230552,-0.68806830216949,-0.665947510270912,-0.628373343436949,-0.820613833787502,-0.649523362215429,3751,2971,1883,1816,"P1",2304
332,0.128993399401755,0.392969877374755,0.21388,-0.6,4000,0.93325,0.4825,0.0341968911917098,0.0129533678756477,-0.754203465914198,-0.546439426038735,-0.485380820404666,-0.470086562594738,-0.60590719362906,-0.467973983842924,3733,3256,1930,1905,"P1",2304
332,0.128993399401755,0.392969877374755,0.21388,-0.4,4000,0.94025,0.47875,0.00939947780678851,0.00469973890339426,-0.544219316162502,-0.393794089915229,-0.313536986665476,-0.307676413886848,-0.410959547437539,-0.291588530213847,3761,3481,1915,1906,"P1",2304
332,0.128993399401755,0.392969877374755,0.21388,-0.2,4000,0.9355,0.47375,0.00369393139841689,0.000527704485488127,-0.276910892682803,-0.212676885661811,-0.134326911775609,-0.133470576780224,-0.198134528345288,-0.110422880731645,3742,3612,1895,1894,"P1",2304
332,0.128993399401755,0.392969877374755,0.21388,0,4000,0.936,0.478,0,0,-0.0279713565345418,0.00206736057977239,0.0515641967236819,0.0515641967236819,0.0180422789528261,0.0572620614024768,3744,3675,1912,1912,"P1",2304
332,0.128993399401755,0.392969877374755,0.21388,0.2,4000,0.9375,0.48475,0,0,0.216416160343483,0.202943630507128,0.225360575439276,0.225360575439276,0.223349962214287,0.235870601758475,3750,3688,1939,1939,"P1",2304
332,0.128993399401755,0.392969877374755,0.21388,0.4,4000,0.93825,0.4745,0.0047418335089568,0.000526870389884088,0.458670345707058,0.40734685584227,0.390252219257202,0.389394578954551,0.425403337971454,0.395471965682709,3753,3630,1898,1897,"P1",2304
332,0.128993399401755,0.392969877374755,0.21388,0.6,4000,0.9305,0.481,0.0265072765072765,0.0025987525987526,0.677461769057581,0.582327952552194,0.556002941504817,0.551753414824984,0.609125333563653,0.561787950609472,3722,3490,1924,1919,"P1",2304
332,0.128993399401755,0.392969877374755,0.21388,0.8,4000,0.93375,0.481,0.110706860706861,0.0171517671517672,0.953482233261587,0.747487809168701,0.741307429009761,0.722201892016781,0.8363381583588,0.74329226392967,3735,3196,1924,1891,"P1",2304
376,0.128481056900835,0.394541504156126,0.21388,-0.8,4000,0.9475,0.512,0.1005859375,0.041015625,-0.988289280536435,-0.703731288883723,-0.688620777030456,-0.64774894214869,-0.831626827968664,-0.666916741910041,3790,3035,2048,1964,"P1",2361
376,0.128481056900835,0.394541504156126,0.21388,-0.6,4000,0.94525,0.509,0.0304518664047151,0.0068762278978389,-0.731819395109155,-0.560095517336405,-0.496965055584196,-0.488338053932016,-0.612992303453713,-0.483573644635962,3781,3348,2036,2022,"P1",2361
376,0.128481056900835,0.394541504156126,0.21388,-0.4,4000,0.94825,0.517,0.0111218568665377,0.00193423597678917,-0.521512277033319,-0.402166911622293,-0.325386300001566,-0.322523524916741,-0.4050648304762,-0.305538029972228,3793,3547,2068,2064,"P1",2361
376,0.128481056900835,0.394541504156126,0.21388,-0.2,4000,0.9465,0.51425,0.00194457948468644,0,-0.282462291234114,-0.220141609991296,-0.141168526337137,-0.141075671045988,-0.202652569938999,-0.127589493406596,3786,3682,2057,2057,"P1",2361
376,0.128481056900835,0.394541504156126,0.21388,0,4000,0.9455,0.51125,0,0,-0.0284932335845232,-0.014809493902391,0.03201996971965,0.03201996971965,0.00485822477878647,0.0392919390656904,3782,3734,2045,2045,"P1",2361
376,0.128481056900835,0.394541504156126,0.21388,0.2,4000,0.9495,0.52575,0,0,0.211178644118772,0.193505261315403,0.202508366764428,0.202508366764428,0.212942930231546,0.214306625278337,3798,3749,2103,2103,"P1",2361
376,0.128481056900835,0.394541504156126,0.21388,0.4,4000,0.946,0.51675,0.00532172230285438,0.000967585873246251,0.450991484529352,0.404912464322589,0.397091641363665,0.395726750788763,0.424848967252193,0.400611816896883,3784,3667,2067,2065,"P1",2361
376,0.128481056900835,0.394541504156126,0.21388,0.6,4000,0.94425,0.51575,0.0237518177411537,0.000969461948618517,0.673546523015283,0.593232173582728,0.566383268323649,0.56386702582862,0.618432687175174,0.569894894770472,3777,3545,2063,2061,"P1",2361
376,0.128481056900835,0.394541504156126,0.21388,0.8,4000,0.9495,0.51375,0.101703163017032,0.013625304136253,0.914331016888139,0.744691014218379,0.733532979063009,0.71556923704869,0.815214885502621,0.730374339793863,3798,3286,2055,2027,"P1",2361
434,0.130800752429739,0.401401040640007,0.21388,-0.8,4000,0.9565,0.5735,0.106800348735833,0.031386224934612,-0.978217956492597,-0.712329298752779,-0.701221283470816,-0.666207659566142,-0.819854890087719,-0.689226665176959,3826,3118,2294,2222,"P1",2378
434,0.130800752429739,0.401401040640007,0.21388,-0.6,4000,0.9595,0.58525,0.0358821016659547,0.00811618966253738,-0.78340955929138,-0.575081397090285,-0.517638090200836,-0.507252766569112,-0.609842237513228,-0.498678327153849,3838,3442,2341,2322,"P1",2378
434,0.130800752429739,0.401401040640007,0.21388,-0.4,4000,0.9605,0.5825,0.00987124463519313,0.00171673819742489,-0.500667240060072,-0.425453847570257,-0.352148534592894,-0.349869194566718,-0.420346904884361,-0.336759685993806,3842,3679,2330,2326,"P1",2378
434,0.130800752429739,0.401401040640007,0.21388,-0.2,4000,0.9615,0.583,0.000857632933104631,0.000428816466552316,-0.280154421197917,-0.227627497767502,-0.154933903190285,-0.154315124371287,-0.203251620966549,-0.136530958724726,3846,3753,2332,2331,"P1",2378
434,0.130800752429739,0.401401040640007,0.21388,0,4000,0.9675,0.587,0,0,-0.0275489884013165,-0.0128577590732348,0.0230245013959038,0.0230245013959038,0.00218461855933176,0.0347465163527427,3870,3835,2348,2348,"P1",2378
434,0.130800752429739,0.401401040640007,0.21388,0.2,4000,0.96675,0.58825,0.000424989375265618,0,0.209041976046954,0.197472773025074,0.209895083781269,0.209857468539732,0.206376972439248,0.213808262622977,3867,3823,2353,2353,"P1",2378
434,0.130800752429739,0.401401040640007,0.21388,0.4,4000,0.9605,0.574,0.00261324041811847,0,0.438488000211228,0.409965443711421,0.386267188858493,0.386166575286632,0.413648020214366,0.386058726713356,3842,3767,2296,2296,"P1",2378
434,0.130800752429739,0.401401040640007,0.21388,0.6,4000,0.9675,0.5885,0.0212404418011895,0.00169923534409516,0.705908266746479,0.604900359147832,0.578137723645405,0.57523317506018,0.621352547356782,0.576839050717327,3870,3687,2354,2350,"P1",2378
434,0.130800752429739,0.401401040640007,0.21388,0.8,4000,0.96175,0.5945,0.102186711522288,0.0100925147182506,0.906796637909984,0.766137917358243,0.754478436441086,0.74000438973989,0.827055670360023,0.749191029520765,3847,3401,2378,2354,"P1",2378
309,0.12927638497281,0.428630419353589,0.21388,-0.8,4000,0.93425,0.4635,0.0809061488673139,0.0296655879180151,-1.03107442739672,-0.68280778475208,-0.654337322275922,-0.622324593095249,-0.801307115244399,-0.624858528477039,3737,2981,1854,1799,"P1",2381
309,0.12927638497281,0.428630419353589,0.21388,-0.6,4000,0.9315,0.465,0.032258064516129,0.00752688172043011,-0.762023951043174,-0.557866464708045,-0.489170617469836,-0.479587536213377,-0.617823114932306,-0.471261956910188,3726,3266,1860,1846,"P1",2381
309,0.12927638497281,0.428630419353589,0.21388,-0.4,4000,0.9305,0.46275,0.0113452188006483,0.00270124257158293,-0.528999469259762,-0.398377091901463,-0.313366598033503,-0.309425311621559,-0.410135009467012,-0.300355989480313,3722,3463,1851,1846,"P1",2381
309,0.12927638497281,0.428630419353589,0.21388,-0.2,4000,0.929,0.46875,0.00426666666666667,0,-0.276057466266087,-0.20565405806907,-0.133725940740392,-0.133292089138431,-0.19752772036182,-0.125575577250824,3716,3583,1875,1875,"P1",2381
309,0.12927638497281,0.428630419353589,0.21388,0,4000,0.9235,0.46575,0,0,-0.0373223263302081,-0.015349764520573,0.0286538514698279,0.0286538514698279,0.0107887972811113,0.0501573452049303,3694,3633,1863,1863,"P1",2381
309,0.12927638497281,0.428630419353589,0.21388,0.2,4000,0.92925,0.4555,0.0021953896816685,0,0.210669396126986,0.191640181739459,0.213226734486491,0.212969838793729,0.21406066727942,0.222617964631043,3717,3652,1822,1822,"P1",2381
309,0.12927638497281,0.428630419353589,0.21388,0.4,4000,0.927,0.46125,0.0021680216802168,0.000542005420054201,0.452923564036925,0.406564077681481,0.382628062833201,0.382058229537269,0.420168522239792,0.394065945022689,3708,3597,1845,1844,"P1",2381
309,0.12927638497281,0.428630419353589,0.21388,0.6,4000,0.9245,0.45075,0.0238491403216861,0.00110926234054354,0.665743517511228,0.580714050408734,0.55732629160353,0.55487141824049,0.614365483513399,0.561934345679957,3698,3470,1803,1801,"P1",2381
309,0.12927638497281,0.428630419353589,0.21388,0.8,4000,0.9305,0.456,0.112390350877193,0.0120614035087719,0.930016495153884,0.74737802328317,0.737924315194347,0.719485263743988,0.825199318185316,0.732384493824939,3722,3220,1824,1802,"P1",2381
259,0.12929666774746,0.40032069003758,0.21388,-0.8,4000,0.90125,0.4025,0.0850931677018634,0.0360248447204969,-1.01115759676919,-0.659045602360138,-0.638765664970006,-0.599308081139464,-0.7974095153691,-0.623388849199263,3605,2796,1610,1552,"P1",2392
259,0.12929666774746,0.40032069003758,0.21388,-0.6,4000,0.9125,0.39025,0.0326713645099295,0.0102498398462524,-0.818398434916645,-0.529831271268511,-0.451948755150617,-0.439778860836498,-0.6107188912681,-0.437163860696451,3650,3089,1561,1545,"P1",2392
259,0.12929666774746,0.40032069003758,0.21388,-0.4,4000,0.9095,0.42025,0.0118976799524093,0.00237953599048186,-0.537930424666857,-0.379686677051654,-0.283361611692351,-0.279191700302992,-0.406196044469264,-0.261478078531536,3638,3350,1681,1677,"P1",2392
259,0.12929666774746,0.40032069003758,0.21388,-0.2,4000,0.91775,0.4,0.00375,0.000625,-0.283372421766484,-0.19879840692477,-0.123326154830821,-0.122208105893813,-0.199289325968123,-0.1061915980608,3671,3504,1600,1599,"P1",2392
259,0.12929666774746,0.40032069003758,0.21388,0,4000,0.91725,0.4135,0.00120918984280532,0,-0.0467222677765061,-0.00161505491963051,0.0581968003710087,0.0583205911214594,0.0159876222348741,0.0697124258938087,3669,3570,1654,1654,"P1",2392
259,0.12929666774746,0.40032069003758,0.21388,0.2,4000,0.90825,0.40775,0.000613120784794605,0,0.221437891403924,0.190971858140348,0.214780821925777,0.214755033025716,0.216186643164597,0.222477014564626,3633,3555,1631,1631,"P1",2392
259,0.12929666774746,0.40032069003758,0.21388,0.4,4000,0.90175,0.40975,0.0061012812690665,0,0.453235948800771,0.396501054993811,0.389700985737467,0.389226333143703,0.421482212647389,0.393156559870814,3607,3465,1639,1639,"P1",2392
259,0.12929666774746,0.40032069003758,0.21388,0.6,4000,0.902,0.41725,0.0377471539844218,0.00299580587177951,0.755192282295523,0.573683426681829,0.560612207734502,0.555285897175655,0.621972310259444,0.557128760386305,3608,3347,1669,1664,"P1",2392
259,0.12929666774746,0.40032069003758,0.21388,0.8,4000,0.89925,0.4185,0.106332138590203,0.015531660692951,0.973429672974078,0.723157995157548,0.726621938434042,0.705846506997946,0.825758614293676,0.729223013246905,3597,3038,1674,1648,"P1",2392
347,0.128298576495126,0.386552378277233,0.21388,-0.8,4000,0.93825,0.50375,0.105707196029777,0.0367245657568238,-0.980415278850789,-0.690076889436008,-0.674583403121049,-0.635619646743944,-0.816081638727439,-0.647109536109856,3753,3004,2015,1941,"P1",2412
347,0.128298576495126,0.386552378277233,0.21388,-0.6,4000,0.941,0.485,0.0345360824742268,0.0103092783505155,-0.770378750439204,-0.552871240573586,-0.48628944732594,-0.473619247474795,-0.612193433385713,-0.470879297059578,3764,3296,1940,1920,"P1",2412
347,0.128298576495126,0.386552378277233,0.21388,-0.4,4000,0.94125,0.49475,0.0121273370389085,0.00404244567963618,-0.524770162180038,-0.393551269795709,-0.316069586528231,-0.309949976246123,-0.400918884227965,-0.302643208252896,3765,3511,1979,1971,"P1",2412
347,0.128298576495126,0.386552378277233,0.21388,-0.2,4000,0.93425,0.49525,0.00302877334679455,0,-0.290123784290451,-0.217499021368231,-0.147552694795712,-0.147426184472691,-0.211840397979439,-0.133291138432446,3737,3611,1981,1981,"P1",2412
347,0.128298576495126,0.386552378277233,0.21388,0,4000,0.9385,0.48975,0,0,-0.0468099929795191,-0.0116801784715632,0.0367414063488953,0.0367414063488953,0.0102352547529679,0.0527416641625574,3754,3675,1959,1959,"P1",2412
347,0.128298576495126,0.386552378277233,0.21388,0.2,4000,0.94,0.48825,0.00102406554019457,0,0.212214030047642,0.208025580287547,0.212631248639217,0.212761295237899,0.224925798848197,0.222122983319791,3760,3718,1953,1953,"P1",2412
347,0.128298576495126,0.386552378277233,0.21388,0.4,4000,0.932,0.49225,0.00660233621127476,0,0.445895753400845,0.408010840133889,0.393130075767212,0.392734294419935,0.432204783725105,0.40447215127813,3728,3638,1969,1969,"P1",2412
347,0.128298576495126,0.386552378277233,0.21388,0.6,4000,0.935,0.49925,0.0230345518277416,0.00250375563345018,0.680594420248592,0.58867488515215,0.552586804268442,0.54896821247986,0.619213703124533,0.554809200140764,3740,3497,1997,1992,"P1",2412
347,0.128298576495126,0.386552378277233,0.21388,0.8,4000,0.9395,0.48875,0.09923273657289,0.0148337595907928,0.938976679435937,0.749032107912499,0.738058184146828,0.719563289675095,0.831532123544033,0.741626197322872,3758,3226,1955,1926,"P1",2412
596,0.129722828142742,0.398771971209672,0.21388,-0.8,4000,0.98225,0.6965,0.107322325915291,0.0369705671213209,-0.933598462914591,-0.738765060389827,-0.742263150738885,-0.70548026212749,-0.818654263291808,-0.723103200295743,3929,3302,2786,2683,"P1",2489
596,0.129722828142742,0.398771971209672,0.21388,-0.6,4000,0.9775,0.694,0.0360230547550432,0.00432276657060519,-0.712034455673214,-0.594474559972632,-0.551186715309436,-0.544540224798089,-0.609797921665792,-0.531908066955815,3910,3601,2776,2764,"P1",2489
596,0.129722828142742,0.398771971209672,0.21388,-0.4,4000,0.98075,0.6955,0.00754852624011502,0.00179726815240834,-0.475161160156828,-0.421524911034402,-0.365390418389558,-0.363083760424737,-0.412534610123398,-0.353770644839435,3923,3791,2782,2777,"P1",2489
596,0.129722828142742,0.398771971209672,0.21388,-0.2,4000,0.97975,0.69325,0.00144248106743599,0.000360620266858997,-0.254128522283327,-0.229469637975202,-0.175484417872759,-0.17498584429188,-0.210628173991669,-0.163673362823583,3919,3868,2773,2772,"P1",2489
596,0.129722828142742,0.398771971209672,0.21388,0,4000,0.98075,0.68125,0,0,-0.0254176239243454,-0.0211542621761493,0.0158349454935971,0.0158349454935971,0.000225252204512384,0.025256673944462,3923,3907,2725,2725,"P1",2489
596,0.129722828142742,0.398771971209672,0.21388,0.2,4000,0.98175,0.69575,0,0,0.201052038963046,0.197033659119578,0.205796464363253,0.205796464363253,0.211733087910448,0.220636159986533,3927,3909,2783,2783,"P1",2489
596,0.129722828142742,0.398771971209672,0.21388,0.4,4000,0.98175,0.692,0.00144508670520231,0,0.431642954837934,0.411663235805633,0.390081888081293,0.389950453117967,0.409838098180415,0.389881006120945,3927,3877,2768,2768,"P1",2489
596,0.129722828142742,0.398771971209672,0.21388,0.6,4000,0.981,0.6945,0.0140388768898488,0,0.661097101169964,0.608517752560597,0.579131876062063,0.578255342363542,0.608374070139717,0.574877775517989,3924,3798,2778,2778,"P1",2489
596,0.129722828142742,0.398771971209672,0.21388,0.8,4000,0.976,0.66975,0.111608809257186,0.00783874580067189,0.897703778689111,0.781771422647128,0.770065412613795,0.756127694033805,0.819483852975161,0.760531786513053,3904,3539,2679,2658,"P1",2489
272,0.237152198505187,0.402317318699684,0.10897,-0.8,4000,0.9905,0.7985,0.169693174702567,0.0704445835942392,-0.934243753896171,-0.763414884344239,-0.814046967424513,-0.749451645149249,-0.846800952515863,-0.79494530087561,3962,3383,3194,2969,"P2a",10
272,0.237152198505187,0.402317318699684,0.10897,-0.6,4000,0.99175,0.80375,0.0590979782270607,0.0146189735614308,-0.684090581069844,-0.602105780323163,-0.593282733221659,-0.575780937484611,-0.624986337575225,-0.575855843772378,3967,3716,3215,3168,"P2a",10
272,0.237152198505187,0.402317318699684,0.10897,-0.4,4000,0.991,0.79875,0.0153364632237872,0.00250391236306729,-0.459034046492794,-0.423798184734862,-0.397788552622531,-0.394090544913038,-0.421922720779453,-0.38810806049799,3964,3869,3195,3187,"P2a",10
272,0.237152198505187,0.402317318699684,0.10897,-0.2,4000,0.9905,0.796,0.00471105527638191,0,-0.237107827605069,-0.223364526492284,-0.194766477991406,-0.194374378301612,-0.212683136167904,-0.190371611115134,3962,3929,3184,3184,"P2a",10
272,0.237152198505187,0.402317318699684,0.10897,0,4000,0.99275,0.79875,0.000312989045383412,0.000312989045383412,-0.0109048013099244,-0.00410600782438603,0.0053970694771775,0.00591208325528044,0.00832638698652793,0.0151173947020869,3971,3957,3195,3194,"P2a",10
272,0.237152198505187,0.402317318699684,0.10897,0.2,4000,0.99275,0.80675,0.00123954136969321,0,0.211831300993992,0.207342731211192,0.206671048955949,0.206590847183362,0.211634407798985,0.210232769779846,3971,3953,3227,3227,"P2a",10
272,0.237152198505187,0.402317318699684,0.10897,0.4,4000,0.99,0.8005,0.00655840099937539,0.000624609618988132,0.43369474162146,0.417492000255019,0.405704003578846,0.404602956843982,0.424665186719695,0.408054813995132,3960,3920,3202,3200,"P2a",10
272,0.237152198505187,0.402317318699684,0.10897,0.6,4000,0.994,0.7975,0.0529780564263323,0.00658307210031348,0.672211155709495,0.61472542921548,0.607590821920556,0.59787648505269,0.633104128296995,0.600125157426656,3976,3821,3190,3169,"P2a",10
272,0.237152198505187,0.402317318699684,0.10897,0.8,4000,0.9925,0.79825,0.1656749138741,0.0407140620106483,0.891910067645888,0.781112517254022,0.812843236937525,0.771019481676955,0.836946943612763,0.799930184645939,3970,3552,3193,3063,"P2a",10
353,0.170772895516974,0.398157537297009,0.10897,-0.8,4000,0.98075,0.69775,0.131494088140451,0.0512361160874239,-0.935062153782518,-0.738589719424403,-0.760512618801477,-0.710913830895688,-0.830672535951916,-0.743959399286467,3923,3295,2791,2648,"P2a",19
353,0.170772895516974,0.398157537297009,0.10897,-0.6,4000,0.9795,0.6865,0.0433357611070648,0.010924981791697,-0.698266149570533,-0.587529720321455,-0.563240376406959,-0.550051644075602,-0.615111382724804,-0.550375885525485,3918,3587,2746,2716,"P2a",19
353,0.170772895516974,0.398157537297009,0.10897,-0.4,4000,0.97775,0.67875,0.0165745856353591,0.000368324125230203,-0.47763812064159,-0.417387144227392,-0.372427540818352,-0.370782010348923,-0.414492619603429,-0.357289484709126,3911,3758,2715,2714,"P2a",19
353,0.170772895516974,0.398157537297009,0.10897,-0.2,4000,0.97725,0.672,0.00186011904761905,0,-0.254340999010481,-0.226380376942785,-0.187072477484782,-0.186872855847473,-0.217843769571558,-0.177493295103405,3909,3844,2688,2688,"P2a",19
353,0.170772895516974,0.398157537297009,0.10897,0,4000,0.9805,0.69125,0,0,-0.00890334999974312,-0.00470804330993696,0.0100999725735752,0.0100999725735752,0.002343010658503,0.0135588752486555,3922,3899,2765,2765,"P2a",19
353,0.170772895516974,0.398157537297009,0.10897,0.2,4000,0.98175,0.674,0.000741839762611276,0,0.216279161411699,0.202711801158434,0.193248848738971,0.193155890087089,0.203743257359902,0.192649715375638,3927,3893,2696,2696,"P2a",19
353,0.170772895516974,0.398157537297009,0.10897,0.4,4000,0.9805,0.67225,0.00409074005206396,0.000743770918557084,0.443862434893436,0.412404360119997,0.389112052205145,0.387962897871675,0.409756316753283,0.383627625003943,3922,3838,2689,2687,"P2a",19
353,0.170772895516974,0.398157537297009,0.10897,0.6,4000,0.97825,0.6765,0.0317812269031781,0.00591278640059128,0.692923043231427,0.598134830597095,0.574999283378781,0.567645060307935,0.617495253677273,0.571731393988517,3913,3710,2706,2690,"P2a",19
353,0.170772895516974,0.398157537297009,0.10897,0.8,4000,0.97675,0.6795,0.122884473877851,0.0246504782928624,0.895615650127419,0.758255723134035,0.764580166490549,0.738183001587525,0.821994055286688,0.758608719591991,3907,3417,2718,2651,"P2a",19
226,0.169955386416691,0.39894968006604,0.10897,-0.8,4000,0.948,0.5145,0.115646258503401,0.0461613216715257,-0.980207308011103,-0.69688430580834,-0.700985952763762,-0.653626564298174,-0.832673637124327,-0.685317306884498,3792,2992,2058,1963,"P2a",22
226,0.169955386416691,0.39894968006604,0.10897,-0.6,4000,0.94075,0.52175,0.0474365117393388,0.0182079540009583,-0.774418711932034,-0.560555934491267,-0.526672088913218,-0.505680489661327,-0.623216698833012,-0.509730181391304,3763,3310,2087,2049,"P2a",22
226,0.169955386416691,0.39894968006604,0.10897,-0.4,4000,0.94325,0.51225,0.0200097608589556,0.00488042947779405,-0.509054394271368,-0.403474683485423,-0.34553684131566,-0.338474177277292,-0.410097650096832,-0.321591354364166,3773,3535,2049,2039,"P2a",22
226,0.169955386416691,0.39894968006604,0.10897,-0.2,4000,0.949,0.5235,0.00382043935052531,0.000955109837631328,-0.271960380428334,-0.202828745869147,-0.154421611658183,-0.153057794030556,-0.200824732906459,-0.144389126860506,3796,3682,2094,2092,"P2a",22
226,0.169955386416691,0.39894968006604,0.10897,0,4000,0.95,0.50475,0.00297176820208024,0,-0.0277720728836533,-0.00784728659191701,0.016119284612659,0.0158407085473972,-0.000695468999835192,0.0195655050277279,3800,3720,2019,2019,"P2a",22
226,0.169955386416691,0.39894968006604,0.10897,0.2,4000,0.9485,0.51625,0.00145278450363196,0.000968523002421308,0.22450542703717,0.200340319920166,0.202140217161538,0.200901609510353,0.215940121828088,0.211774323913935,3794,3719,2065,2063,"P2a",22
226,0.169955386416691,0.39894968006604,0.10897,0.4,4000,0.949,0.513,0.0185185185185185,0.000974658869395711,0.451836217897602,0.39650187865023,0.385242871800998,0.382745402496157,0.420345794227659,0.389248755189999,3796,3643,2052,2050,"P2a",22
226,0.169955386416691,0.39894968006604,0.10897,0.6,4000,0.94975,0.512,0.04296875,0.0087890625,0.720987014575566,0.576290971653982,0.555796026096064,0.545243577826887,0.63304371131232,0.555790363940615,3799,3462,2048,2030,"P2a",22
226,0.169955386416691,0.39894968006604,0.10897,0.8,4000,0.94875,0.5195,0.124639076034649,0.0360923965351299,0.950403866543403,0.72237776086546,0.73426114346141,0.697897290092902,0.834945568902344,0.721108408864108,3795,3123,2078,2003,"P2a",22
239,0.182393568148074,0.399133232473307,0.10897,-0.8,4000,0.96575,0.58275,0.141570141570142,0.0531960531960532,-0.971359163814185,-0.717317153835239,-0.736094265802735,-0.682487213684017,-0.842537643890432,-0.716961552225159,3863,3098,2331,2207,"P2a",37
239,0.182393568148074,0.399133232473307,0.10897,-0.6,4000,0.96425,0.58825,0.055673608159796,0.017849553761156,-0.776644279583472,-0.579459649639363,-0.547460161794841,-0.525686008298891,-0.632156248972555,-0.531096745985153,3857,3432,2353,2311,"P2a",37
239,0.182393568148074,0.399133232473307,0.10897,-0.4,4000,0.9635,0.5795,0.0125107851596204,0.00215703192407248,-0.492156073536911,-0.405921586494204,-0.35384344916664,-0.35033817262056,-0.424485605253503,-0.348839125025435,3854,3649,2318,2313,"P2a",37
239,0.182393568148074,0.399133232473307,0.10897,-0.2,4000,0.961,0.5705,0.00306748466257669,0.000438212094653812,-0.264852926899932,-0.219681470372424,-0.172676974975913,-0.17185421501808,-0.217111483561705,-0.164710452885512,3844,3734,2282,2281,"P2a",37
239,0.182393568148074,0.399133232473307,0.10897,0,4000,0.964,0.58125,0.000860215053763441,0,-0.0241882734121971,-0.0129271538720972,0.0130599369765329,0.0130553602145374,-0.00751882813051347,0.0177442451800251,3856,3802,2325,2325,"P2a",37
239,0.182393568148074,0.399133232473307,0.10897,0.2,4000,0.96525,0.58525,0.00256300726185391,0.000427167876975651,0.21424048731668,0.200988393784398,0.200405052646157,0.199724367631749,0.207860344954402,0.202374516089309,3861,3811,2341,2340,"P2a",37
239,0.182393568148074,0.399133232473307,0.10897,0.4,4000,0.95825,0.57725,0.00952793417063664,0.00086617583369424,0.465118519109222,0.412809144888294,0.402866367726569,0.401363679940348,0.430421379862571,0.401542971959782,3833,3703,2309,2307,"P2a",37
239,0.182393568148074,0.399133232473307,0.10897,0.6,4000,0.96175,0.57975,0.0426908150064683,0.0129366106080207,0.684863025416797,0.586761643770316,0.571542081180574,0.557272543835858,0.631883716428016,0.570180202032363,3847,3575,2319,2289,"P2a",37
239,0.182393568148074,0.399133232473307,0.10897,0.8,4000,0.957,0.5735,0.139930252833479,0.031386224934612,0.92392208867405,0.744095039160966,0.762104237278711,0.726521273456707,0.844451583554595,0.757279275674396,3828,3236,2294,2222,"P2a",37
279,0.377636814263957,0.43097814275667,0.10897,-0.8,4000,1,0.98275,0.178326125667769,0.0615619435258204,-0.847151874069263,-0.782210299891644,-0.836776588969346,-0.781198349423113,-0.820306006398909,-0.817259281048211,4000,3717,3931,3689,"P2a",41
279,0.377636814263957,0.43097814275667,0.10897,-0.6,4000,0.99975,0.98125,0.055031847133758,0.0127388535031847,-0.644455557200038,-0.622775208583243,-0.6347156796751,-0.620167211461357,-0.62462817073691,-0.621684017087654,3999,3925,3925,3875,"P2a",41
279,0.377636814263957,0.43097814275667,0.10897,-0.4,4000,1,0.98,0.0147959183673469,0.00306122448979592,-0.436067542238682,-0.428829241450407,-0.429290605590425,-0.425067257660162,-0.417958614007896,-0.414795317910124,4000,3978,3920,3908,"P2a",41
279,0.377636814263957,0.43097814275667,0.10897,-0.2,4000,0.99975,0.97625,0.00128040973111396,0,-0.223624469987999,-0.222860350335799,-0.218772217804612,-0.218678054245642,-0.210096514890124,-0.206185061220271,3999,3997,3905,3905,"P2a",41
279,0.377636814263957,0.43097814275667,0.10897,0,4000,1,0.98,0,0,-0.00999405442727546,-0.00998264520205639,-0.0084967243530101,-0.0084967243530101,-0.00139486526543591,-0.000772490184919869,4000,4000,3920,3920,"P2a",41
279,0.377636814263957,0.43097814275667,0.10897,0.2,4000,1,0.98075,0.00025490695895998,0,0.199297164698599,0.200004848869654,0.199913024311121,0.199899660205543,0.201116094705975,0.201129492008028,4000,3999,3923,3923,"P2a",41
279,0.377636814263957,0.43097814275667,0.10897,0.4,4000,0.9995,0.98025,0.00331548074470798,0,0.412645910772402,0.411991168555519,0.411247479287225,0.411014464534349,0.415616878569181,0.41454170294479,3998,3997,3921,3921,"P2a",41
279,0.377636814263957,0.43097814275667,0.10897,0.6,4000,1,0.97825,0.0337337081523128,0.00383337592639918,0.627744199729713,0.619406623525934,0.622792023107947,0.617481396200691,0.617793725939189,0.616035385941256,4000,3973,3913,3898,"P2a",41
279,0.377636814263957,0.43097814275667,0.10897,0.8,4000,1,0.98375,0.158068614993647,0.0231257941550191,0.833863842400714,0.79922496755144,0.826930991148,0.79818504683844,0.820704613094427,0.817749463715262,4000,3880,3935,3844,"P2a",41
187,0.229743556607173,0.403046419428842,0.10897,-0.8,4000,0.9685,0.61575,0.142509135200974,0.071051563134389,-0.981135298603376,-0.723172997686467,-0.761727947060022,-0.694638553708595,-0.869884724780726,-0.747394012323761,3874,3066,2463,2288,"P2a",42
187,0.229743556607173,0.403046419428842,0.10897,-0.6,4000,0.9745,0.618,0.0659385113268608,0.0198220064724919,-0.756989295790313,-0.580342583603505,-0.556917190068526,-0.534102620587196,-0.644381655403674,-0.547298593869671,3898,3462,2472,2423,"P2a",42
187,0.229743556607173,0.403046419428842,0.10897,-0.4,4000,0.97,0.62175,0.0197024527543225,0.00522718134298351,-0.484644524753635,-0.396870550060438,-0.362700227822149,-0.355082854250006,-0.411091130491843,-0.347295768693698,3880,3688,2487,2474,"P2a",42
187,0.229743556607173,0.403046419428842,0.10897,-0.2,4000,0.9665,0.617,0.00567260940032415,0.000810372771474878,-0.266878780839345,-0.218528468341824,-0.171615971697218,-0.170063163995568,-0.214056342205677,-0.16658088761926,3866,3766,2468,2466,"P2a",42
187,0.229743556607173,0.403046419428842,0.10897,0,4000,0.9735,0.631,0.000396196513470681,0,-0.0299936758957472,-0.01445401590013,0.00226166955314492,0.00227614739993805,-0.00529472120367179,0.0113638598680146,3894,3837,2524,2524,"P2a",42
187,0.229743556607173,0.403046419428842,0.10897,0.2,4000,0.9705,0.6215,0.00522928399034594,0.000402252614641995,0.208462508534637,0.196193443118103,0.199590750385599,0.198807377030316,0.202484603588808,0.198970038198643,3882,3828,2486,2485,"P2a",42
187,0.229743556607173,0.403046419428842,0.10897,0.4,4000,0.9685,0.63475,0.0185112248916896,0.00275699094131548,0.466891380701848,0.413449809504904,0.396526627521426,0.391839289077727,0.432029680243156,0.396916030077401,3874,3763,2539,2532,"P2a",42
187,0.229743556607173,0.403046419428842,0.10897,0.6,4000,0.9755,0.63025,0.0555335184450615,0.0103133677112257,0.689972614694217,0.598640819825371,0.599575748027517,0.586433662984616,0.634606712961745,0.592670429934979,3902,3623,2521,2495,"P2a",42
187,0.229743556607173,0.403046419428842,0.10897,0.8,4000,0.97125,0.63125,0.159207920792079,0.0396039603960396,0.948875614680171,0.74649921076699,0.77352751027923,0.731851047131978,0.845446089071483,0.769804165258854,3885,3307,2525,2425,"P2a",42
194,0.170713377036411,0.400888911331521,0.10897,-0.8,4000,0.93825,0.45475,0.120395821880154,0.0423309510720176,-1.01861216079568,-0.681281946655408,-0.6869152934759,-0.641376637235864,-0.842946570563456,-0.674283157596365,3753,2897,1819,1742,"P2a",59
194,0.170713377036411,0.400888911331521,0.10897,-0.6,4000,0.93075,0.45925,0.0489929232444202,0.0174197060424605,-0.78613197895949,-0.542070474167088,-0.506744504654151,-0.486654266194346,-0.627351894838515,-0.487259467147656,3723,3224,1837,1805,"P2a",59
194,0.170713377036411,0.400888911331521,0.10897,-0.4,4000,0.92725,0.4545,0.0170517051705171,0.00495049504950495,-0.518444134696815,-0.390315499888609,-0.342451448078151,-0.33568826541505,-0.422074532149991,-0.33298991384599,3709,3448,1818,1809,"P2a",59
194,0.170713377036411,0.400888911331521,0.10897,-0.2,4000,0.9285,0.458,0.00709606986899563,0.00163755458515284,-0.272676634512742,-0.202619846201462,-0.144259176913322,-0.141500708995261,-0.200198851165177,-0.133256833502875,3714,3568,1832,1829,"P2a",59
194,0.170713377036411,0.400888911331521,0.10897,0,4000,0.931,0.45775,0.00163844893500819,0,-0.0142219136899807,-0.00477831222328812,0.02025001586966,0.0202975478785847,0.0115184326488949,0.0328911979016259,3724,3634,1831,1831,"P2a",59
194,0.170713377036411,0.400888911331521,0.10897,0.2,4000,0.92725,0.46625,0.00268096514745308,0.00107238605898123,0.239322824392448,0.203437333501191,0.209512745719225,0.20814265660288,0.227629585118436,0.216281570290229,3709,3604,1865,1863,"P2a",59
194,0.170713377036411,0.400888911331521,0.10897,0.4,4000,0.9315,0.4675,0.0144385026737968,0.00320855614973262,0.473031416716672,0.393146367717953,0.384903021902347,0.380253555375126,0.426338278922205,0.391043057304069,3726,3548,1870,1864,"P2a",59
194,0.170713377036411,0.400888911331521,0.10897,0.6,4000,0.935,0.467,0.0417558886509636,0.0144539614561028,0.738479055149109,0.561483443703698,0.544522294837216,0.528467558382583,0.629566899009659,0.535676107836143,3740,3351,1868,1841,"P2a",59
194,0.170713377036411,0.400888911331521,0.10897,0.8,4000,0.9255,0.458,0.131004366812227,0.0393013100436681,0.972718079447371,0.713503729542254,0.736596388012217,0.695680197032707,0.833058656761465,0.732686031541307,3702,3011,1832,1760,"P2a",59
224,0.471874889020066,0.398649382105885,0.10897,-0.8,4000,1,0.96975,0.188708430007734,0.0562000515596803,-0.856948218365555,-0.784915238420005,-0.838038974903449,-0.783706305098558,-0.83080529559672,-0.82037355937399,4000,3702,3879,3661,"P2a",77
224,0.471874889020066,0.398649382105885,0.10897,-0.6,4000,0.99975,0.97175,0.0661178286596347,0.0138924620529972,-0.638719294004473,-0.613569886334903,-0.625269583871965,-0.607862039888052,-0.610109893686225,-0.604634529858185,3999,3920,3887,3833,"P2a",77
224,0.471874889020066,0.398649382105885,0.10897,-0.4,4000,0.99975,0.96925,0.0105751870002579,0.00206345112200155,-0.431030828168307,-0.421992693007749,-0.41784391513912,-0.415068305884492,-0.414513989313696,-0.409772085155148,3999,3970,3877,3869,"P2a",77
224,0.471874889020066,0.398649382105885,0.10897,-0.2,4000,1,0.96525,0.00155400155400155,0,-0.227632970170846,-0.225452115413554,-0.219759776640287,-0.219623755624944,-0.221486100758534,-0.216373193719272,4000,3995,3861,3861,"P2a",77
224,0.471874889020066,0.398649382105885,0.10897,0,4000,0.99975,0.96625,0.000258732212160414,0,-0.0126080863324843,-0.0125983471788163,-0.00924559124499611,-0.00925018375182874,-0.00853523875047212,-0.00758109815773748,3999,3999,3865,3865,"P2a",77
224,0.471874889020066,0.398649382105885,0.10897,0.2,4000,1,0.96925,0,0.000257931390250193,0.201224977009316,0.200610221562177,0.199988329034645,0.199713367001317,0.201365201538118,0.199710895860164,4000,3998,3877,3876,"P2a",77
224,0.471874889020066,0.398649382105885,0.10897,0.4,4000,0.9995,0.96475,0.00285047939880798,0,0.414850370057011,0.41400455616042,0.410758648895043,0.410564871187653,0.413501519279758,0.411061630006315,3998,3997,3859,3859,"P2a",77
224,0.471874889020066,0.398649382105885,0.10897,0.6,4000,0.99975,0.9735,0.034411915767848,0.00487930148947098,0.625705308252681,0.615158090793166,0.618824830908491,0.612265732234219,0.616202503076512,0.612155518759556,3999,3965,3894,3875,"P2a",77
224,0.471874889020066,0.398649382105885,0.10897,0.8,4000,0.9995,0.96675,0.161623997931213,0.0268942332557538,0.833458664810982,0.794649933739552,0.822197969222522,0.792423451188535,0.820878704869075,0.814950712583827,3998,3845,3867,3763,"P2a",77
350,0.260888182002717,0.395238774727042,0.10897,-0.8,4000,0.9985,0.924,0.170995670995671,0.0646645021645022,-0.874393349868724,-0.779234481929629,-0.832248806355464,-0.775060350578657,-0.831299981608226,-0.810576466404884,3994,3583,3696,3457,"P2a",97
350,0.260888182002717,0.395238774727042,0.10897,-0.6,4000,0.99925,0.924,0.0600649350649351,0.0110930735930736,-0.653842446423121,-0.617668535440698,-0.618246871990268,-0.604407418345198,-0.621371190152539,-0.603693122847619,3997,3887,3696,3655,"P2a",97
350,0.260888182002717,0.395238774727042,0.10897,-0.4,4000,0.999,0.92375,0.0121786197564276,0.0027063599458728,-0.445945990673986,-0.431218363600948,-0.421601850553664,-0.417995442580589,-0.42603364783568,-0.414197744296474,3996,3953,3695,3685,"P2a",97
350,0.260888182002717,0.395238774727042,0.10897,-0.2,4000,0.9985,0.92625,0.00161943319838057,0.000539811066126856,-0.219805066968242,-0.21520318884892,-0.205311472822036,-0.204566228624301,-0.205787633656522,-0.197413201110776,3994,3984,3705,3703,"P2a",97
350,0.260888182002717,0.395238774727042,0.10897,0,4000,0.99825,0.91875,0.000272108843537415,0,-0.00952175247763083,-0.00868063607293553,0.00067262315832159,0.000694900578785993,0.00135722781792999,0.00487611836570305,3993,3992,3675,3675,"P2a",97
350,0.260888182002717,0.395238774727042,0.10897,0.2,4000,0.99975,0.93275,0.000804073974805682,0,0.210748431938571,0.209013687132801,0.208502716581941,0.208417928007189,0.212724436550236,0.211404340135116,3999,3995,3731,3731,"P2a",97
350,0.260888182002717,0.395238774727042,0.10897,0.4,4000,0.999,0.93125,0.0051006711409396,0.000805369127516779,0.416314181118894,0.411322926146741,0.407626045561545,0.406571534761447,0.41344385263246,0.409963964458906,3996,3980,3725,3722,"P2a",97
350,0.260888182002717,0.395238774727042,0.10897,0.6,4000,0.99875,0.926,0.0345572354211663,0.00458963282937365,0.638331250726751,0.618844513128746,0.614821330187544,0.608671058958533,0.621485236855325,0.611994946641102,3995,3942,3704,3687,"P2a",97
350,0.260888182002717,0.395238774727042,0.10897,0.8,4000,0.99825,0.92,0.172554347826087,0.0244565217391304,0.860022840814663,0.796961062133478,0.822029507029743,0.791573078673824,0.828564481536951,0.812749253566645,3993,3781,3680,3590,"P2a",97
333,0.169368024100174,0.396849755907265,0.10897,-0.8,4000,0.97675,0.64775,0.118101119258973,0.0451563103049016,-0.977021588492011,-0.731285994118355,-0.742863178251006,-0.698760679659176,-0.830854692275614,-0.726671122700959,3907,3239,2591,2474,"P2a",125
333,0.169368024100174,0.396849755907265,0.10897,-0.6,4000,0.97325,0.65875,0.0512333965844402,0.0125237191650854,-0.713623855523536,-0.584599723451882,-0.559909483123584,-0.544248884229384,-0.616783583053988,-0.542955529855644,3893,3555,2635,2602,"P2a",125
333,0.169368024100174,0.396849755907265,0.10897,-0.4,4000,0.97375,0.6795,0.0147167034584253,0.00257542310522443,-0.486438066929442,-0.412180725167732,-0.371428968512445,-0.367636952095558,-0.405679477225269,-0.354126101540833,3895,3749,2718,2711,"P2a",125
333,0.169368024100174,0.396849755907265,0.10897,-0.2,4000,0.97975,0.6655,0.00300525920360631,0,-0.246549188561203,-0.22214802507001,-0.185184898253114,-0.18484241996395,-0.205183994441608,-0.167395497490757,3919,3853,2662,2662,"P2a",125
333,0.169368024100174,0.396849755907265,0.10897,0,4000,0.97775,0.6625,0.000377358490566038,0,-0.0191430297979706,-0.0150853349013699,0.0105822452921505,0.0106254911337935,0.00276056458084247,0.0185438976933419,3911,3886,2650,2650,"P2a",125
333,0.169368024100174,0.396849755907265,0.10897,0.2,4000,0.97475,0.6455,0.00193648334624322,0,0.218054448468469,0.206605897799282,0.202447362636378,0.202302775696975,0.209445896912725,0.20420382405596,3899,3873,2582,2582,"P2a",125
333,0.169368024100174,0.396849755907265,0.10897,0.4,4000,0.9735,0.65625,0.00761904761904762,0.000380952380952381,0.455610068608578,0.420580036960986,0.395134529400596,0.394270349697946,0.429299997877431,0.396274519402159,3894,3814,2625,2624,"P2a",125
333,0.169368024100174,0.396849755907265,0.10897,0.6,4000,0.97975,0.659,0.0345220030349014,0.00455235204855842,0.686285930753524,0.598134990974916,0.573873707681016,0.567595265939128,0.623224183396237,0.573776202463393,3919,3685,2636,2624,"P2a",125
333,0.169368024100174,0.396849755907265,0.10897,0.8,4000,0.9765,0.65125,0.130902111324376,0.0303262955854127,0.935421710959216,0.765237425064799,0.773019401260493,0.74120871019161,0.834422512771442,0.76460310351449,3906,3385,2605,2526,"P2a",125
387,0.206727212958858,0.399012409069325,0.10897,-0.8,4000,0.993,0.84175,0.141372141372141,0.0564300564300564,-0.91009827080568,-0.762906950955441,-0.801961248604516,-0.751357876155693,-0.828033604337417,-0.789591831447734,3972,3472,3367,3177,"P2a",224
387,0.206727212958858,0.399012409069325,0.10897,-0.6,4000,0.9965,0.8415,0.0522875816993464,0.0095068330362448,-0.662922686584525,-0.607743445551478,-0.596746388242272,-0.584942717563268,-0.615157043263141,-0.578958498224375,3986,3821,3366,3334,"P2a",224
387,0.206727212958858,0.399012409069325,0.10897,-0.4,4000,0.99475,0.82575,0.00756887677868604,0.00181653042688465,-0.460854225097143,-0.426852598848026,-0.400928582790822,-0.398531640188487,-0.41523922730143,-0.387847663131079,3979,3892,3303,3297,"P2a",224
387,0.206727212958858,0.399012409069325,0.10897,-0.2,4000,0.9955,0.8355,0.000598444045481747,0,-0.227447257226272,-0.220783022807104,-0.200237344430828,-0.200207250405477,-0.207745322006304,-0.191585876534168,3982,3969,3342,3342,"P2a",224
387,0.206727212958858,0.399012409069325,0.10897,0,4000,0.99425,0.84675,0.000295246530853262,0,-0.0121330208699295,-0.0128398985275034,-0.002621717641014,-0.00260985319160616,-0.00402283872370211,0.00373124141708159,3977,3970,3387,3387,"P2a",224
387,0.206727212958858,0.399012409069325,0.10897,0.2,4000,0.9935,0.83725,0,0,0.207092603119277,0.203956425779108,0.197291900659949,0.197291900659949,0.206312792339339,0.202238409849535,3974,3968,3349,3349,"P2a",224
387,0.206727212958858,0.399012409069325,0.10897,0.4,4000,0.99375,0.8485,0.00441956393635828,0.000589275191514437,0.429811106353623,0.413682973577615,0.403225852175809,0.402382351090789,0.411926248973882,0.398998025304048,3975,3939,3394,3392,"P2a",224
387,0.206727212958858,0.399012409069325,0.10897,0.6,4000,0.99575,0.83225,0.0375488134574947,0.00150195253829979,0.648819745640847,0.617506336697195,0.604048032169979,0.599880234354114,0.616559903423698,0.594862796196949,3983,3884,3329,3324,"P2a",224
387,0.206727212958858,0.399012409069325,0.10897,0.8,4000,0.99275,0.8445,0.161338069863825,0.029603315571344,0.866038184314871,0.784174105267243,0.807095458222879,0.774571507672709,0.824924524216834,0.796290409344533,3971,3664,3378,3278,"P2a",224
522,0.170055012492636,0.481281845399267,0.10897,-0.8,4000,0.99375,0.82525,0.133595880036353,0.0293850348379279,-0.886981454254904,-0.773519031800792,-0.790071464869928,-0.758318939162347,-0.817678402416698,-0.775590279104082,3975,3565,3301,3204,"P2a",267
522,0.170055012492636,0.481281845399267,0.10897,-0.6,4000,0.99225,0.82225,0.0373973852234722,0.00334448160535117,-0.675746679630959,-0.612068817896896,-0.589884005303986,-0.584122567188748,-0.611206097904593,-0.572517296122937,3969,3802,3289,3278,"P2a",267
522,0.170055012492636,0.481281845399267,0.10897,-0.4,4000,0.99625,0.81625,0.00581929555895865,0,-0.443364452373243,-0.423491964821352,-0.389533458305975,-0.389210053184958,-0.410023135471201,-0.380526242087173,3985,3931,3265,3265,"P2a",267
522,0.170055012492636,0.481281845399267,0.10897,-0.2,4000,0.99125,0.8295,0.000602772754671489,0,-0.227206177596425,-0.218013067472774,-0.19248646709014,-0.192446518215073,-0.203536695466065,-0.185890349725935,3965,3946,3318,3318,"P2a",267
522,0.170055012492636,0.481281845399267,0.10897,0,4000,0.99175,0.812,0,0,-0.0123542653390387,-0.0122967847226199,-0.00355378973535586,-0.00355378973535586,-0.00412346404683344,0.00123551041305566,3967,3959,3248,3248,"P2a",267
522,0.170055012492636,0.481281845399267,0.10897,0.2,4000,0.99525,0.8185,0,0,0.209590094355554,0.208539705143114,0.203266255263526,0.203266255263526,0.210032118123101,0.205552089002725,3981,3979,3274,3274,"P2a",267
522,0.170055012492636,0.481281845399267,0.10897,0.4,4000,0.9925,0.833,0.00150060024009604,0,0.426014055326516,0.413624740004067,0.395062101778539,0.394981779753509,0.402844673182959,0.390979996302328,3970,3942,3332,3332,"P2a",267
522,0.170055012492636,0.481281845399267,0.10897,0.6,4000,0.99375,0.807,0.0176579925650558,0.00185873605947955,0.656033832763652,0.620129562745994,0.598424603174376,0.59570311952406,0.623254632765176,0.592983608074,3975,3857,3228,3222,"P2a",267
522,0.170055012492636,0.481281845399267,0.10897,0.8,4000,0.9935,0.82125,0.130289193302892,0.010958904109589,0.875403267760303,0.788443373925812,0.792053818718496,0.774508917389871,0.819241993069634,0.781957036148989,3974,3683,3285,3249,"P2a",267
264,0.166161306596806,0.399347661540453,0.10897,-0.8,4000,0.9575,0.5695,0.12071992976295,0.0425812115891133,-0.981379838725356,-0.707356205026893,-0.715950938697707,-0.671269979135881,-0.822303194988507,-0.698360301707659,3830,3101,2278,2181,"P2a",278
264,0.166161306596806,0.399347661540453,0.10897,-0.6,4000,0.95725,0.5605,0.0499553969669938,0.0111507582515611,-0.737274847695192,-0.566597300577524,-0.530847400603522,-0.514992417046859,-0.619835089161801,-0.511398019422999,3829,3436,2242,2217,"P2a",278
264,0.166161306596806,0.399347661540453,0.10897,-0.4,4000,0.96125,0.5565,0.0152740341419587,0.00404312668463612,-0.489102834175764,-0.399466443390701,-0.344417129409432,-0.339048820242535,-0.409927354434366,-0.329778573869451,3845,3653,2226,2217,"P2a",278
264,0.166161306596806,0.399347661540453,0.10897,-0.2,4000,0.9545,0.54225,0.00230520977408944,0.00138312586445367,-0.262699260781327,-0.2233242220255,-0.179256863401565,-0.177546428873732,-0.221865014106088,-0.167681969360496,3818,3728,2169,2166,"P2a",278
264,0.166161306596806,0.399347661540453,0.10897,0,4000,0.95325,0.545,0,0,-0.0201121917209367,-0.00420359188345512,0.0209263077757136,0.0209263077757136,-0.000747354040227614,0.0247881704456273,3813,3769,2180,2180,"P2a",278
264,0.166161306596806,0.399347661540453,0.10897,0.2,4000,0.95875,0.56225,0.00222321031569586,0,0.212120948844255,0.19707652561235,0.19584915271486,0.195828719943316,0.208713526340021,0.204714919549788,3835,3785,2249,2249,"P2a",278
264,0.166161306596806,0.399347661540453,0.10897,0.4,4000,0.95875,0.55625,0.00943820224719101,0.00179775280898876,0.441141773386562,0.391613375337476,0.373412186561879,0.370873147125253,0.406412343774202,0.370297962686741,3835,3714,2225,2221,"P2a",278
264,0.166161306596806,0.399347661540453,0.10897,0.6,4000,0.9595,0.559,0.0411449016100179,0.00581395348837209,0.684311407005394,0.579253532014303,0.555378849953442,0.547459519717078,0.61472207570128,0.550432035465802,3838,3545,2236,2223,"P2a",278
264,0.166161306596806,0.399347661540453,0.10897,0.8,4000,0.957,0.56,0.138839285714286,0.0272321428571429,0.934154679616715,0.743807743945419,0.75670517988081,0.72615382021144,0.832895476412625,0.756003593722093,3828,3271,2240,2179,"P2a",278
288,0.397218511738964,0.397941568949904,0.10897,-0.8,4000,1,0.98525,0.184470946460289,0.0522709972088302,-0.84467399017996,-0.787983686797952,-0.836871000718636,-0.787045523877611,-0.827826311435922,-0.823469727461148,4000,3760,3941,3735,"P2a",377
288,0.397218511738964,0.397941568949904,0.10897,-0.6,4000,0.99975,0.9835,0.0546517539400102,0.0114387391967463,-0.636443087923181,-0.6171635499908,-0.628695829680381,-0.614854538714454,-0.614342730244633,-0.611335283353308,3999,3934,3934,3889,"P2a",377
288,0.397218511738964,0.397941568949904,0.10897,-0.4,4000,1,0.979,0.00970377936670072,0.00127681307456588,-0.428432115400582,-0.423228363975267,-0.420408885528635,-0.418135911312847,-0.410596846783527,-0.406933646778107,4000,3986,3916,3911,"P2a",377
288,0.397218511738964,0.397941568949904,0.10897,-0.2,4000,1,0.9845,0.00126968004062976,0,-0.221759056971996,-0.220431045225169,-0.217923651145621,-0.217895691660853,-0.210578318274767,-0.209035489669351,4000,3996,3938,3938,"P2a",377
288,0.397218511738964,0.397941568949904,0.10897,0,4000,1,0.98575,0,0,-0.00444612947781718,-0.00443360314174408,-0.00247323083916662,-0.00247323083916662,0.002374276708975,0.00288089284440436,4000,4000,3943,3943,"P2a",377
288,0.397218511738964,0.397941568949904,0.10897,0.2,4000,1,0.98425,0.000254000508001016,0,0.205017805135246,0.205016087785839,0.205345633219171,0.205343888388685,0.209258036883135,0.209260307883928,4000,4000,3937,3937,"P2a",377
288,0.397218511738964,0.397941568949904,0.10897,0.4,4000,1,0.9855,0.00329781836631152,0.000253678335870117,0.411188729455981,0.409560831654616,0.409064645414959,0.40855370028415,0.410660396877946,0.409968287249151,4000,3995,3942,3941,"P2a",377
288,0.397218511738964,0.397941568949904,0.10897,0.6,4000,1,0.9845,0.0241239207719655,0.00279329608938547,0.61577452606178,0.609717625142583,0.611359952194566,0.60742456090338,0.608986248146992,0.606485697703108,4000,3980,3938,3927,"P2a",377
288,0.397218511738964,0.397941568949904,0.10897,0.8,4000,0.99975,0.987,0.160334346504559,0.0235562310030395,0.829444599509684,0.797396845736232,0.824581682071407,0.796916951308589,0.816906777033527,0.814829569240565,3999,3883,3948,3855,"P2a",377
402,0.169079568099605,0.40016682751726,0.10897,-0.8,4000,0.98775,0.7225,0.13356401384083,0.0408304498269896,-0.926914847415355,-0.748147231055644,-0.766982014196498,-0.725234823327954,-0.820593760320648,-0.744413509706388,3951,3374,2890,2772,"P2a",404
402,0.169079568099605,0.40016682751726,0.10897,-0.6,4000,0.98925,0.7305,0.0438056125941136,0.00958247775496235,-0.704640811789007,-0.605882334100164,-0.580327464319464,-0.568314311263365,-0.618619562642343,-0.563645631339991,3957,3706,2922,2894,"P2a",404
402,0.169079568099605,0.40016682751726,0.10897,-0.4,4000,0.98725,0.71725,0.0115022655977693,0.00104566050888811,-0.471689210435947,-0.42814386204363,-0.386997224117071,-0.384794017417609,-0.424703162916767,-0.37637413906224,3949,3842,2869,2866,"P2a",404
402,0.169079568099605,0.40016682751726,0.10897,-0.2,4000,0.98825,0.731,0.000683994528043776,0,-0.237701452284403,-0.218757028085627,-0.187951641001267,-0.18786808570773,-0.203878467301036,-0.178810389194587,3953,3911,2924,2924,"P2a",404
402,0.169079568099605,0.40016682751726,0.10897,0,4000,0.98175,0.71725,0,0,-0.0111332089455912,-0.00832194142413231,0.0099186515477289,0.0099186515477289,0.00373002064806744,0.0161314777385234,3927,3905,2869,2869,"P2a",404
402,0.169079568099605,0.40016682751726,0.10897,0.2,4000,0.98275,0.73775,0.00101660454083362,0.000338868180277872,0.211512549140661,0.205083417844191,0.200440639303979,0.200051045956026,0.208558133740674,0.203742513673926,3931,3910,2951,2950,"P2a",404
402,0.169079568099605,0.40016682751726,0.10897,0.4,4000,0.984,0.7205,0.00208188757807078,0,0.444155924720971,0.418790833244828,0.390492259862432,0.39027850288679,0.416928611454551,0.389629576510781,3936,3883,2882,2882,"P2a",404
402,0.169079568099605,0.40016682751726,0.10897,0.6,4000,0.9835,0.72825,0.0281496738757295,0.00377617576381737,0.654066610574467,0.605553041527486,0.584273043903852,0.578638636957657,0.614831229684952,0.577007628823948,3934,3792,2913,2902,"P2a",404
402,0.169079568099605,0.40016682751726,0.10897,0.8,4000,0.984,0.72725,0.137160536266758,0.0250945342041939,0.891985712665888,0.76725927455838,0.775142197400536,0.747781578845252,0.818803639892034,0.768403531879354,3936,3517,2909,2836,"P2a",404
336,0.169461354916603,0.395050295919776,0.10897,-0.8,4000,0.97925,0.661,0.137291981845688,0.0491679273827534,-0.952156398746516,-0.738378719959881,-0.760204003046781,-0.710542213386255,-0.842542568033301,-0.743283834049523,3917,3217,2644,2514,"P2a",417
336,0.169461354916603,0.395050295919776,0.10897,-0.6,4000,0.9775,0.66825,0.0471380471380471,0.0112233445566779,-0.700947867541276,-0.590329012967253,-0.562481856536802,-0.549038528274054,-0.6159933896709,-0.54264765630252,3910,3604,2673,2643,"P2a",417
336,0.169461354916603,0.395050295919776,0.10897,-0.4,4000,0.97225,0.6495,0.0111624326404927,0.00384911470361817,-0.482784320144921,-0.421633441175608,-0.372285387202279,-0.367710664673398,-0.422598430615763,-0.359631486239078,3889,3740,2598,2588,"P2a",417
336,0.169461354916603,0.395050295919776,0.10897,-0.2,4000,0.9745,0.6615,0.00377928949357521,0.000755857898715042,-0.266401601713255,-0.226725052527417,-0.188688442232443,-0.187526572181969,-0.212114677089385,-0.177101488725501,3898,3827,2646,2644,"P2a",417
336,0.169461354916603,0.395050295919776,0.10897,0,4000,0.977,0.6585,0.000759301442672741,0,-0.0183612892848727,-0.0120798704247657,0.00573815218647503,0.00570580362929709,-0.00147665331841858,0.015328547165044,3908,3876,2634,2634,"P2a",417
336,0.169461354916603,0.395050295919776,0.10897,0.2,4000,0.9815,0.67425,0.00148312940304042,0,0.209377903724755,0.203080129082604,0.205296277168899,0.205256097515631,0.211565740028485,0.211611246989159,3926,3892,2697,2697,"P2a",417
336,0.169461354916603,0.395050295919776,0.10897,0.4,4000,0.97125,0.664,0.00640060240963855,0.000376506024096386,0.44553426002002,0.411619127483017,0.386526798456939,0.385422624960113,0.415168904366746,0.385490928814279,3885,3808,2656,2655,"P2a",417
336,0.169461354916603,0.395050295919776,0.10897,0.6,4000,0.9775,0.65975,0.0344827586206897,0.00454717696097006,0.686783549619228,0.602484220044681,0.577530647111373,0.570713738805,0.624687546275234,0.571958852106721,3910,3708,2639,2627,"P2a",417
336,0.169461354916603,0.395050295919776,0.10897,0.8,4000,0.97575,0.6435,0.139471639471639,0.0229215229215229,0.92591767756909,0.76375426688267,0.771909239593129,0.744652370952392,0.840459086102742,0.770311584479666,3903,3387,2574,2515,"P2a",417
328,0.167086510453278,0.393314268450544,0.10897,-0.8,4000,0.973,0.66175,0.13638080846241,0.0404231205137892,-0.936745078521433,-0.727099316906952,-0.738000908855614,-0.696473570782453,-0.816869136236785,-0.723136907386524,3892,3289,2647,2540,"P2a",421
328,0.167086510453278,0.393314268450544,0.10897,-0.6,4000,0.97075,0.65125,0.0499040307101727,0.0115163147792706,-0.738823718154779,-0.591417409168588,-0.565479983609621,-0.550422526224419,-0.631350087739618,-0.548275990988723,3883,3522,2605,2575,"P2a",421
328,0.167086510453278,0.393314268450544,0.10897,-0.4,4000,0.97375,0.65275,0.00995787054768288,0.0015319800842589,-0.482863756369139,-0.408605472871071,-0.366247680991487,-0.363885024288361,-0.410378870939622,-0.355156161364624,3895,3741,2611,2607,"P2a",421
328,0.167086510453278,0.393314268450544,0.10897,-0.2,4000,0.9735,0.639,0.000782472613458529,0.000782472613458529,-0.255839721227531,-0.224850126161255,-0.186431654694037,-0.185440358010342,-0.213235413699617,-0.173691514943913,3894,3828,2556,2554,"P2a",421
328,0.167086510453278,0.393314268450544,0.10897,0,4000,0.97175,0.6325,0.000395256916996047,0,-0.0215114643438456,-0.010474048054545,0.0149635116704312,0.014941410744243,0.00896488563944727,0.0250119096138359,3887,3860,2530,2530,"P2a",421
328,0.167086510453278,0.393314268450544,0.10897,0.2,4000,0.9695,0.63925,0.00234649980445835,0,0.225194528107956,0.205111554366921,0.198337661417562,0.198140755096024,0.208738522463941,0.202601696694883,3878,3843,2557,2557,"P2a",421
328,0.167086510453278,0.393314268450544,0.10897,0.4,4000,0.97225,0.6475,0.0104247104247104,0,0.460104612216146,0.41170885813904,0.38486955907633,0.384090217098772,0.41323700788652,0.38082579228852,3889,3787,2590,2590,"P2a",421
328,0.167086510453278,0.393314268450544,0.10897,0.6,4000,0.97375,0.65075,0.0395697272378025,0.00499423741836343,0.670858179443224,0.600285166696355,0.583151797178652,0.575463817867295,0.618209357693539,0.571919103437328,3895,3694,2603,2590,"P2a",421
328,0.167086510453278,0.393314268450544,0.10897,0.8,4000,0.97025,0.63975,0.128956623681125,0.0289175459163736,0.915108986172576,0.755591585374431,0.765166311658493,0.73484737785798,0.832367636748039,0.763116925477062,3881,3355,2559,2485,"P2a",421
351,0.170672051889069,0.398933787411736,0.10897,-0.8,4000,0.9775,0.6815,0.131327953044754,0.0410858400586941,-0.94291810235768,-0.741462885241832,-0.755626899112529,-0.713489358802522,-0.821221390702402,-0.737568245584149,3910,3311,2726,2614,"P2a",436
351,0.170672051889069,0.398933787411736,0.10897,-0.6,4000,0.97575,0.665,0.0515037593984962,0.0165413533834586,-0.725471568256364,-0.60464072225375,-0.576030716118369,-0.557632129278506,-0.636359937896887,-0.555705237106005,3903,3576,2660,2616,"P2a",436
351,0.170672051889069,0.398933787411736,0.10897,-0.4,4000,0.977,0.688,0.0109011627906977,0.00254360465116279,-0.467873485367724,-0.412435139253061,-0.371621721067081,-0.367842757121756,-0.409976137424447,-0.358837587302336,3908,3772,2752,2745,"P2a",436
351,0.170672051889069,0.398933787411736,0.10897,-0.2,4000,0.9755,0.681,0.00110132158590308,0.000367107195301028,-0.254770667957579,-0.22622582940597,-0.182128834595246,-0.181684757267569,-0.213152477728253,-0.175660826870625,3902,3832,2724,2723,"P2a",436
351,0.170672051889069,0.398933787411736,0.10897,0,4000,0.97975,0.68025,0,0,-0.019588725841697,-0.011534456205875,0.00405979151353929,0.00405979151353929,-0.00453017357186112,0.00694517163268428,3919,3896,2721,2721,"P2a",436
351,0.170672051889069,0.398933787411736,0.10897,0.2,4000,0.9775,0.68325,0.000365898280278083,0,0.219676628125354,0.209410609340115,0.198901716531908,0.198885943563961,0.211735357756302,0.200946294161799,3910,3873,2733,2733,"P2a",436
351,0.170672051889069,0.398933787411736,0.10897,0.4,4000,0.98075,0.663,0.00678733031674208,0.000377073906485671,0.440828090826067,0.413732283255667,0.390179561277486,0.389298640869338,0.417166760719261,0.391748006721297,3923,3842,2652,2651,"P2a",436
351,0.170672051889069,0.398933787411736,0.10897,0.6,4000,0.97875,0.68325,0.0387852177094768,0.00622027076472741,0.679154764243246,0.606431958149437,0.586313686517899,0.577972617404655,0.625144189802981,0.585425201500365,3915,3736,2733,2716,"P2a",436
351,0.170672051889069,0.398933787411736,0.10897,0.8,4000,0.97825,0.68275,0.148663493225925,0.027462467960454,0.896581014736006,0.765878157238069,0.776936151051305,0.744646356612994,0.831948388196881,0.768617587742324,3913,3459,2731,2656,"P2a",436
459,0.169386318111954,0.398817292339747,0.10897,-0.8,4000,0.98775,0.7765,0.147778493238892,0.0505473277527366,-0.912114845311437,-0.761016209039136,-0.790452305982427,-0.742125038268843,-0.834007702435783,-0.771937514783712,3951,3417,3106,2949,"P2a",450
459,0.169386318111954,0.398817292339747,0.10897,-0.6,4000,0.99,0.778,0.0453084832904884,0.0083547557840617,-0.683174004419442,-0.606886201689654,-0.583684633741607,-0.572794681030533,-0.624559406269144,-0.566551384140975,3960,3736,3112,3086,"P2a",450
459,0.169386318111954,0.398817292339747,0.10897,-0.4,4000,0.99175,0.77775,0.0115718418514947,0.000964320154291225,-0.466253523336012,-0.426270713039906,-0.391198681034087,-0.389581109813786,-0.416880647025175,-0.384242323176255,3967,3869,3111,3108,"P2a",450
459,0.169386318111954,0.398817292339747,0.10897,-0.2,4000,0.989,0.772,0.000971502590673575,0,-0.244559703629562,-0.225315885977402,-0.189758430559869,-0.189724790793362,-0.211465196573312,-0.184787478204655,3956,3927,3088,3088,"P2a",450
459,0.169386318111954,0.398817292339747,0.10897,0,4000,0.99075,0.78625,0,0,-0.00809046318554849,-0.00474138097408968,0.00474674691905632,0.00474674691905632,0.000390805114111924,0.00654272579292753,3963,3951,3145,3145,"P2a",450
459,0.169386318111954,0.398817292339747,0.10897,0.2,4000,0.99075,0.76775,0,0,0.200747648270864,0.197645080684521,0.194747826990104,0.194747826990104,0.199308216655626,0.195049037462256,3963,3951,3071,3071,"P2a",450
459,0.169386318111954,0.398817292339747,0.10897,0.4,4000,0.98825,0.78025,0.00192246074975969,0.000320410124959949,0.435786051301475,0.412521946810964,0.397905576130041,0.397401857237308,0.415384687270498,0.395646150175693,3953,3899,3121,3120,"P2a",450
459,0.169386318111954,0.398817292339747,0.10897,0.6,4000,0.9895,0.77525,0.0296678490809416,0.00257981296356014,0.651666180084508,0.607470332010543,0.585094683952147,0.580499462491793,0.610769605184598,0.576067794586464,3958,3834,3101,3093,"P2a",450
459,0.169386318111954,0.398817292339747,0.10897,0.8,4000,0.987,0.76775,0.13318137414523,0.0237707587105177,0.88879310998449,0.780143656133673,0.789593923156595,0.764021077856256,0.82452553227972,0.783579761305506,3948,3561,3071,2998,"P2a",450
269,0.170011894175193,0.405108331297005,0.10897,-0.8,4000,0.96075,0.58425,0.131364997860505,0.0581942661531878,-1.00470864714704,-0.71906095540343,-0.742530653664487,-0.687593157288603,-0.847179779610747,-0.727119256059022,3843,3063,2337,2201,"P2a",456
269,0.170011894175193,0.405108331297005,0.10897,-0.6,4000,0.96025,0.56775,0.0568031704095112,0.0145310435931308,-0.750035855791053,-0.584974332572024,-0.553011168125724,-0.535307707092737,-0.632979505123929,-0.534347724899003,3841,3438,2271,2238,"P2a",456
269,0.170011894175193,0.405108331297005,0.10897,-0.4,4000,0.96,0.58575,0.0119504908237303,0.000426803243704652,-0.486541601170907,-0.402614607921574,-0.352781923737632,-0.351242706800426,-0.414969233950601,-0.338411129846242,3840,3656,2343,2342,"P2a",456
269,0.170011894175193,0.405108331297005,0.10897,-0.2,4000,0.958,0.567,0.00352733686067019,0,-0.259797640735776,-0.218461224605931,-0.171925860930657,-0.171700299898145,-0.205166504180857,-0.164232770289889,3832,3738,2268,2268,"P2a",456
269,0.170011894175193,0.405108331297005,0.10897,0,4000,0.96125,0.56725,0.000881445570736007,0,-0.0222289738225873,-0.0102269893326111,0.0145346564799711,0.014564521197785,0.00612422102770644,0.0238658116979356,3845,3804,2269,2269,"P2a",456
269,0.170011894175193,0.405108331297005,0.10897,0.2,4000,0.962,0.59125,0.000845665961945032,0,0.22615086474889,0.20880311540874,0.207422337036737,0.207267939255913,0.212601072359298,0.205226585989099,3848,3796,2365,2365,"P2a",456
269,0.170011894175193,0.405108331297005,0.10897,0.4,4000,0.962,0.584,0.00599315068493151,0.000428082191780822,0.441912553166876,0.406359230579626,0.385392390612077,0.384463135174242,0.412871214726132,0.386171590951245,3848,3760,2336,2335,"P2a",456
269,0.170011894175193,0.405108331297005,0.10897,0.6,4000,0.9675,0.5945,0.043313708999159,0.0071488645920942,0.701892858845041,0.59302208563597,0.573604993823817,0.56392325938087,0.633321809800568,0.569242954412769,3870,3599,2378,2361,"P2a",456
269,0.170011894175193,0.405108331297005,0.10897,0.8,4000,0.96325,0.58375,0.134047109207709,0.0359743040685225,0.938000884245505,0.7466787197769,0.755361529313289,0.718989189393278,0.836055112788695,0.74434691907073,3853,3273,2335,2251,"P2a",456
427,0.1707658619567,0.430871977746665,0.10897,-0.8,4000,0.987,0.7605,0.132149901380671,0.0410913872452334,-0.905470093652904,-0.754024960243066,-0.772804199436093,-0.732458673318071,-0.819219146952635,-0.756165605459488,3948,3434,3042,2917,"P2a",481
427,0.1707658619567,0.430871977746665,0.10897,-0.6,4000,0.9865,0.766,0.0401436031331593,0.00685378590078329,-0.679161192601111,-0.602615718781052,-0.581204537648702,-0.571968664904159,-0.617348613264881,-0.568388693876174,3946,3714,3064,3043,"P2a",481
427,0.1707658619567,0.430871977746665,0.10897,-0.4,4000,0.987,0.76875,0.00780487804878049,0.000975609756097561,-0.460432969799304,-0.422972666028525,-0.387480072279295,-0.385685405692289,-0.414143375611908,-0.382864965078203,3948,3860,3075,3072,"P2a",481
427,0.1707658619567,0.430871977746665,0.10897,-0.2,4000,0.9915,0.755,0.000993377483443709,0,-0.232519522739772,-0.21566525173421,-0.18196931426582,-0.181890706338873,-0.20103156772184,-0.171801572690137,3966,3926,3020,3020,"P2a",481
427,0.1707658619567,0.430871977746665,0.10897,0,4000,0.98575,0.75275,0,0,-0.0184516651707122,-0.00925295651138659,0.00373908934890817,0.00373908934890817,0.00260959105952293,0.0110102116018901,3943,3926,3011,3011,"P2a",481
427,0.1707658619567,0.430871977746665,0.10897,0.2,4000,0.99025,0.76125,0.000328407224958949,0,0.212388428656372,0.208514448731453,0.200493891775284,0.200493315392048,0.207457225322917,0.200961632967284,3961,3952,3045,3045,"P2a",481
427,0.1707658619567,0.430871977746665,0.10897,0.4,4000,0.98525,0.74275,0.00302928306967351,0,0.436850334019883,0.416676966252845,0.390886883137594,0.390686534431461,0.414738576291911,0.38870162928825,3941,3892,2971,2971,"P2a",481
427,0.1707658619567,0.430871977746665,0.10897,0.6,4000,0.9885,0.76,0.0273026315789474,0.00263157894736842,0.661696942302221,0.614008232489568,0.591408435795954,0.587073639203113,0.622665564536509,0.589895905318155,3954,3810,3040,3032,"P2a",481
427,0.1707658619567,0.430871977746665,0.10897,0.8,4000,0.98725,0.756,0.136904761904762,0.0205026455026455,0.889231654295103,0.774580394876208,0.781600795107823,0.75662563621324,0.819119631476425,0.771683859458908,3949,3564,3024,2962,"P2a",481
147,0.168066514655095,0.386908360457915,0.10897,-0.8,4000,0.89575,0.35775,0.104122990915444,0.0405310971348707,-1.1476250781371,-0.646785320100911,-0.644594102496304,-0.600816181817924,-0.82830522546204,-0.635906967656897,3583,2715,1431,1373,"P2a",514
147,0.168066514655095,0.386908360457915,0.10897,-0.6,4000,0.89775,0.34825,0.053840631730079,0.00933237616654702,-0.804116409452465,-0.5196647547771,-0.47129784019112,-0.456359735608551,-0.638669506150604,-0.461404322667079,3591,3015,1393,1380,"P2a",514
147,0.168066514655095,0.386908360457915,0.10897,-0.4,4000,0.89925,0.35175,0.0170575692963753,0.00497512437810945,-0.569678437863939,-0.357949618696207,-0.304220801627561,-0.297602866981854,-0.423203203228284,-0.292594073462311,3597,3227,1407,1400,"P2a",514
147,0.168066514655095,0.386908360457915,0.10897,-0.2,4000,0.9,0.34375,0.00654545454545455,0,-0.293801549822127,-0.185750434886098,-0.118592783500313,-0.11816087584648,-0.202158011694347,-0.112816019534334,3600,3376,1375,1375,"P2a",514
147,0.168066514655095,0.386908360457915,0.10897,0,4000,0.8945,0.353,0.00495750708215297,0,-0.0288004470357409,-0.00768079892248162,0.0259522234726912,0.0262218436844652,0.0043545649380105,0.0449236787418164,3578,3439,1412,1412,"P2a",514
147,0.168066514655095,0.386908360457915,0.10897,0.2,4000,0.897,0.34975,0.0100071479628306,0.00142959256611866,0.20728319673716,0.191744085890593,0.208142858442384,0.20622882042275,0.212367666581495,0.207777197797048,3588,3440,1399,1397,"P2a",514
147,0.168066514655095,0.386908360457915,0.10897,0.4,4000,0.8965,0.35075,0.0270848182466144,0.00356379187455453,0.468848141637514,0.376296350269895,0.374300044512408,0.368653583736027,0.428392523903006,0.373764167957215,3586,3328,1403,1398,"P2a",514
147,0.168066514655095,0.386908360457915,0.10897,0.6,4000,0.8955,0.335,0.0462686567164179,0.0082089552238806,0.758626711463455,0.539693070284242,0.5287232480714,0.516798664820057,0.635011780189969,0.523610152031495,3582,3130,1340,1329,"P2a",514
147,0.168066514655095,0.386908360457915,0.10897,0.8,4000,0.88975,0.35325,0.139419674451522,0.0424628450106157,0.998459268181551,0.68511141216292,0.715813389946276,0.67187286169802,0.844121559671732,0.714475462025548,3559,2831,1413,1353,"P2a",514
183,0.210076152290813,0.400085004302252,0.10897,-0.8,4000,0.958,0.54625,0.11441647597254,0.0535469107551487,-1.00462411007495,-0.695408864250859,-0.711149032712329,-0.659055599846139,-0.839462437048077,-0.702742341352766,3832,3008,2185,2068,"P2a",517
183,0.210076152290813,0.400085004302252,0.10897,-0.6,4000,0.963,0.5545,0.0622182146077547,0.0198376916140667,-0.75120034626245,-0.567169206698334,-0.549790906321363,-0.526830883125291,-0.636506012847182,-0.536629028770159,3852,3364,2218,2174,"P2a",517
183,0.210076152290813,0.400085004302252,0.10897,-0.4,4000,0.95675,0.56125,0.0271714922048998,0.0066815144766147,-0.502861104856607,-0.391387569443088,-0.353356741614145,-0.344085683914842,-0.411047797000776,-0.342762589794483,3827,3578,2245,2230,"P2a",517
183,0.210076152290813,0.400085004302252,0.10897,-0.2,4000,0.96225,0.5505,0.00862851952770209,0.000908265213442325,-0.272320433995582,-0.207888126923619,-0.17133633925129,-0.169455417230945,-0.210755603326546,-0.159575387817635,3849,3721,2202,2200,"P2a",517
183,0.210076152290813,0.400085004302252,0.10897,0,4000,0.9525,0.55975,0.00133988387673068,0.000446627958910228,-0.0231373217617472,-0.0103870859415223,0.0219959734616063,0.0226331029637062,-0.00105700965039855,0.0223868795003732,3810,3765,2239,2238,"P2a",517
183,0.210076152290813,0.400085004302252,0.10897,0.2,4000,0.95775,0.55725,0.00403768506056528,0.000448631673396142,0.199625039637344,0.191411457532128,0.195620784560657,0.194715651865932,0.197628460849919,0.1950981850613,3831,3744,2229,2228,"P2a",517
183,0.210076152290813,0.400085004302252,0.10897,0.4,4000,0.958,0.55725,0.0143562135486765,0.00269179004037685,0.496618647706169,0.398947371616649,0.39715183657607,0.393222811270947,0.425601925239198,0.398843218,3832,3657,2229,2223,"P2a",517
183,0.210076152290813,0.400085004302252,0.10897,0.6,4000,0.9565,0.5525,0.0524886877828054,0.0117647058823529,0.722347097904337,0.587877863568984,0.577913952189316,0.564261826009233,0.641307685724873,0.578436363680542,3826,3471,2210,2184,"P2a",517
183,0.210076152290813,0.400085004302252,0.10897,0.8,4000,0.95775,0.5515,0.143699002719855,0.0439709882139619,0.943490420696717,0.729369206753354,0.753326617248509,0.709692743638458,0.839118649759856,0.749041009016555,3831,3175,2206,2109,"P2a",517
300,0.170677215714874,0.398552136816438,0.10897,-0.8,4000,0.973,0.62725,0.13072937425269,0.0450378636907134,-0.964347416648514,-0.730654661753056,-0.746034576169948,-0.700503020758781,-0.832911188014332,-0.73142093050021,3892,3188,2509,2396,"P2a",518
300,0.170677215714874,0.398552136816438,0.10897,-0.6,4000,0.968,0.6245,0.0408326661329063,0.0124099279423539,-0.706028005365312,-0.582486842950884,-0.544096422160588,-0.530068869307475,-0.616608757134804,-0.531428490057698,3872,3523,2498,2467,"P2a",518
300,0.170677215714874,0.398552136816438,0.10897,-0.4,4000,0.9675,0.619,0.0161550888529887,0.00201938610662359,-0.494927722538941,-0.410828874395147,-0.361415271818361,-0.358091645595914,-0.411867835208261,-0.353074442273154,3870,3718,2476,2471,"P2a",518
300,0.170677215714874,0.398552136816438,0.10897,-0.2,4000,0.96975,0.61825,0.00404367165386171,0,-0.256511532978856,-0.228127763156111,-0.185760025771436,-0.185434133184541,-0.218858363400775,-0.173608838491856,3879,3812,2473,2473,"P2a",518
300,0.170677215714874,0.398552136816438,0.10897,0,4000,0.9715,0.61875,0.000404040404040404,0,-0.0140283973048516,-0.00991820867754933,0.0129225482299046,0.0129458120007848,-0.000374197486943706,0.0183761596349288,3886,3857,2475,2475,"P2a",518
300,0.170677215714874,0.398552136816438,0.10897,0.2,4000,0.97025,0.6265,0.00159616919393456,0,0.221953004700406,0.202757108081615,0.201402860951264,0.201293795234182,0.215750240283314,0.206405117743973,3881,3831,2506,2506,"P2a",518
300,0.170677215714874,0.398552136816438,0.10897,0.4,4000,0.96325,0.6115,0.00858544562551104,0,0.445354761518514,0.402521874633117,0.381605412420152,0.380951155846414,0.407714697609622,0.379581780686201,3853,3761,2446,2446,"P2a",518
300,0.170677215714874,0.398552136816438,0.10897,0.6,4000,0.97275,0.636,0.044811320754717,0.00668238993710692,0.694369777235645,0.592885328255955,0.568592718876916,0.558684070589578,0.611751387125281,0.557532822831664,3891,3657,2544,2527,"P2a",518
300,0.170677215714874,0.398552136816438,0.10897,0.8,4000,0.968,0.613,0.128466557911909,0.0362969004893964,0.920973350107188,0.756115605333668,0.772709257639626,0.736626358089948,0.827734671507734,0.762211982221508,3872,3329,2452,2363,"P2a",518
259,0.229164007000123,0.400084403581669,0.10897,-0.8,4000,0.9905,0.76525,0.152237830774257,0.0656648154197974,-0.928296131614898,-0.749006722297163,-0.794073882353074,-0.733179009500265,-0.836510798162657,-0.776653656607083,3962,3326,3061,2860,"P2a",541
259,0.229164007000123,0.400084403581669,0.10897,-0.6,4000,0.98825,0.75725,0.0600858369098712,0.0148563882469462,-0.687917154994869,-0.592424872949691,-0.579599008055384,-0.561072576798474,-0.621653807581626,-0.561235814343868,3953,3655,3029,2984,"P2a",541
259,0.229164007000123,0.400084403581669,0.10897,-0.4,4000,0.98975,0.77425,0.0161446561188247,0.00290603810138844,-0.493373891819232,-0.422372103533464,-0.39279845238164,-0.388549859974694,-0.414228242884567,-0.375551854447523,3959,3823,3097,3088,"P2a",541
259,0.229164007000123,0.400084403581669,0.10897,-0.2,4000,0.986,0.75675,0.00264288074000661,0,-0.250648057450301,-0.226899592755303,-0.19582174727277,-0.195635547619341,-0.212568898464762,-0.184395713971982,3944,3890,3027,3027,"P2a",541
259,0.229164007000123,0.400084403581669,0.10897,0,4000,0.98925,0.76075,0.000657246138678935,0,-0.0137912321284599,-0.00951337666905219,0.00770197189701007,0.0077983159565849,0.00398159883152242,0.0154622399675422,3957,3936,3043,3043,"P2a",541
259,0.229164007000123,0.400084403581669,0.10897,0.2,4000,0.9855,0.761,0.00131406044678055,0,0.205627227230609,0.201769465729663,0.198403980524753,0.198340502372774,0.205734613905993,0.201238114980387,3942,3922,3044,3044,"P2a",541
259,0.229164007000123,0.400084403581669,0.10897,0.4,4000,0.988,0.77125,0.00810372771474878,0.00162074554294976,0.430899704142035,0.4063588276491,0.398752786252785,0.396518090531292,0.413283511687727,0.400242750523011,3952,3888,3085,3080,"P2a",541
259,0.229164007000123,0.400084403581669,0.10897,0.6,4000,0.9885,0.75925,0.0576226539348041,0.00559762923938097,0.661274988746557,0.608132736423608,0.600684952788952,0.590776348787328,0.617009605328817,0.58794581780091,3954,3799,3037,3020,"P2a",541
259,0.229164007000123,0.400084403581669,0.10897,0.8,4000,0.98875,0.76475,0.155606407322654,0.0428244524354364,0.888595423852877,0.766199071170358,0.795458044208346,0.754078801271845,0.832474710658893,0.782798001742114,3955,3506,3059,2928,"P2a",541
247,0.170324096768081,0.400137855016563,0.10897,-0.8,4000,0.95275,0.5555,0.117011701170117,0.0418541854185419,-0.981681735782482,-0.709772204880981,-0.716346891307732,-0.673662824943116,-0.820103507523314,-0.704219619940735,3811,3083,2222,2129,"P2a",545
247,0.170324096768081,0.400137855016563,0.10897,-0.6,4000,0.95075,0.54475,0.0536943552088114,0.0151445617255622,-0.747237081897383,-0.568109777250016,-0.533016596617809,-0.514450807958223,-0.628756150509216,-0.51455126202533,3803,3384,2179,2146,"P2a",545
247,0.170324096768081,0.400137855016563,0.10897,-0.4,4000,0.95375,0.53925,0.0185442744552619,0.00324524802967084,-0.517408593803437,-0.410683832668502,-0.358667302755932,-0.353215910710857,-0.432614695693224,-0.346248771910199,3815,3589,2157,2150,"P2a",545
247,0.170324096768081,0.400137855016563,0.10897,-0.2,4000,0.962,0.5435,0.00229990800367985,0,-0.264582640108366,-0.210284189406235,-0.16381241805879,-0.163612477679696,-0.207056670238316,-0.160339271416531,3848,3755,2174,2174,"P2a",545
247,0.170324096768081,0.400137855016563,0.10897,0,4000,0.95425,0.5455,0.00137488542621448,0,-0.014981656258516,-0.00985626175253616,0.0174876302004493,0.0173516951202252,0.00551264140585144,0.0244439364051985,3817,3769,2182,2182,"P2a",545
247,0.170324096768081,0.400137855016563,0.10897,0.2,4000,0.9515,0.54075,0.00323624595469256,0,0.215336104895497,0.197174880888231,0.201241090290288,0.200956914394623,0.207870688580279,0.207590672621579,3806,3743,2163,2163,"P2a",545
247,0.170324096768081,0.400137855016563,0.10897,0.4,4000,0.947,0.53575,0.0153989734017732,0.000466635557629491,0.468697823237919,0.410552800338247,0.389133004261196,0.387507352669765,0.430236013800925,0.393093920660749,3788,3657,2143,2142,"P2a",545
247,0.170324096768081,0.400137855016563,0.10897,0.6,4000,0.954,0.54675,0.0452674897119342,0.00731595793324188,0.69834968027723,0.580966593822789,0.554780233589891,0.544564588911653,0.614562948065059,0.548310331812938,3816,3525,2187,2171,"P2a",545
247,0.170324096768081,0.400137855016563,0.10897,0.8,4000,0.951,0.549,0.112021857923497,0.0305100182149362,0.926927228784166,0.727475560788896,0.73363698587662,0.702689608032904,0.818450527721418,0.728151285220073,3804,3190,2196,2129,"P2a",545
202,0.312750880759477,0.394791242938241,0.10897,-0.8,4000,0.994,0.84025,0.172567688188039,0.0824159476346325,-0.914119032393458,-0.75107506338964,-0.81811782391879,-0.743206297156231,-0.835392172859967,-0.799966200402631,3976,3366,3361,3084,"P2a",597
202,0.312750880759477,0.394791242938241,0.10897,-0.6,4000,0.9955,0.845,0.0659763313609467,0.0251479289940828,-0.684944498268358,-0.601692710071682,-0.610958505852843,-0.583518838274217,-0.628779647343948,-0.592911337051043,3982,3714,3380,3295,"P2a",597
202,0.312750880759477,0.394791242938241,0.10897,-0.4,4000,0.99575,0.8285,0.0214242607121304,0.00603500301750151,-0.472390472320632,-0.427412459025846,-0.407163131297573,-0.399443655460796,-0.425984619210729,-0.394311432213157,3983,3873,3314,3294,"P2a",597
202,0.312750880759477,0.394791242938241,0.10897,-0.2,4000,0.9965,0.84075,0.00505501040737437,0.000297353553374963,-0.235966171397417,-0.223142757878054,-0.203759794790967,-0.203022466853047,-0.210806313665442,-0.193757184907382,3986,3957,3363,3362,"P2a",597
202,0.312750880759477,0.394791242938241,0.10897,0,4000,0.9955,0.85025,0.000588062334607468,0,-0.0185273963955845,-0.0119240614552618,-0.000403581023901825,-0.000345503290187751,-0.003536502795833,0.00471354429003787,3982,3965,3401,3401,"P2a",597
202,0.312750880759477,0.394791242938241,0.10897,0.2,4000,0.995,0.83475,0.00179694519317161,0,0.202712499764557,0.198726099496389,0.205932173553353,0.205835893752358,0.200749122494792,0.204211061953563,3980,3962,3339,3339,"P2a",597
202,0.312750880759477,0.394791242938241,0.10897,0.4,4000,0.996,0.84575,0.0147797812592374,0.000886786875554242,0.445138467856435,0.42117855478017,0.418215798127296,0.416155535629021,0.425140518813731,0.418935382401817,3984,3937,3383,3380,"P2a",597
202,0.312750880759477,0.394791242938241,0.10897,0.6,4000,0.99625,0.84375,0.0542222222222222,0.00740740740740741,0.648356347148478,0.608623219537932,0.60945421041678,0.598991894142782,0.624035081313605,0.603876821132896,3985,3851,3375,3350,"P2a",597
202,0.312750880759477,0.394791242938241,0.10897,0.8,4000,0.996,0.8445,0.163114268798105,0.0535820011841326,0.880819575798513,0.777291712467894,0.819104980561998,0.770598748337027,0.842318892343528,0.812720141464522,3984,3557,3378,3197,"P2a",597
107,0.227054474076897,0.399700921701672,0.10897,-0.8,4000,0.91375,0.36875,0.111186440677966,0.0515254237288136,-1.07929486196548,-0.647207678718971,-0.651129017488424,-0.595863064146084,-0.859325488347379,-0.642722343637321,3655,2714,1475,1399,"P2a",609
107,0.227054474076897,0.399700921701672,0.10897,-0.6,4000,0.928,0.3785,0.0488771466314399,0.0191545574636724,-0.823060559855168,-0.521561667414795,-0.49807176244659,-0.474804206342922,-0.656973267657355,-0.48492658267452,3712,3096,1514,1485,"P2a",609
107,0.227054474076897,0.399700921701672,0.10897,-0.4,4000,0.9165,0.3835,0.0254237288135593,0.00651890482398957,-0.524971140798578,-0.355045131329579,-0.297784880955839,-0.287903880195534,-0.415400701145959,-0.290109144195156,3666,3292,1534,1524,"P2a",609
107,0.227054474076897,0.399700921701672,0.10897,-0.2,4000,0.918,0.38675,0.00387847446670976,0.000646412411118293,-0.290050244039349,-0.183576982514835,-0.122407483538327,-0.121288434241,-0.199425992774429,-0.117782512860041,3672,3460,1547,1546,"P2a",609
107,0.227054474076897,0.399700921701672,0.10897,0,4000,0.9135,0.37975,0.00394996708360764,0.000658327847267939,-0.0224321071293646,0.00222038345739382,0.0434661071159765,0.0445034960286855,0.0108898376847944,0.0541406042518117,3654,3508,1519,1518,"P2a",609
107,0.227054474076897,0.399700921701672,0.10897,0.2,4000,0.91675,0.3815,0.0072083879423329,0,0.209674517604984,0.186495409890965,0.204346401231338,0.203674601124008,0.214321739465089,0.212416227637604,3667,3485,1526,1526,"P2a",609
107,0.227054474076897,0.399700921701672,0.10897,0.4,4000,0.911,0.3785,0.0231175693527081,0.00462351387054161,0.501534736984033,0.380660606494529,0.381052573400435,0.374620363787782,0.440538220303468,0.386902143607286,3644,3356,1514,1507,"P2a",609
107,0.227054474076897,0.399700921701672,0.10897,0.6,4000,0.91475,0.382,0.068717277486911,0.0143979057591623,0.820616369296207,0.539245168910673,0.549654539389715,0.529871344689413,0.64670803899594,0.556473235485889,3659,3162,1528,1506,"P2a",609
107,0.227054474076897,0.399700921701672,0.10897,0.8,4000,0.9125,0.37175,0.13315400134499,0.0396772024209818,1.00701630700626,0.685856784215622,0.725755354178162,0.684244168386936,0.85203599569321,0.724613183000701,3650,2826,1487,1428,"P2a",609
452,0.169776413806952,0.396326770684609,0.10897,-0.8,4000,0.98875,0.77475,0.137786382704098,0.0429170700225879,-0.902972367096234,-0.753481291121587,-0.775752543125916,-0.732909532522874,-0.815224361905077,-0.757042382854024,3955,3435,3099,2966,"P2a",613
452,0.169776413806952,0.396326770684609,0.10897,-0.6,4000,0.9905,0.7685,0.0468445022771633,0.00845803513337671,-0.700527906498534,-0.607132616680059,-0.585571856699996,-0.574204519535128,-0.622468033460929,-0.569798118133091,3962,3723,3074,3048,"P2a",613
452,0.169776413806952,0.396326770684609,0.10897,-0.4,4000,0.988,0.7775,0.00932475884244373,0.000964630225080386,-0.458574671416921,-0.418801345912343,-0.38794438365977,-0.386142264606361,-0.411483104019693,-0.376413678767084,3952,3852,3110,3107,"P2a",613
452,0.169776413806952,0.396326770684609,0.10897,-0.2,4000,0.989,0.75475,0.000331235508446505,0.000331235508446505,-0.234548537585156,-0.222261420948792,-0.185634779918145,-0.185253487219273,-0.201636097412145,-0.174299394450648,3956,3928,3019,3018,"P2a",613
452,0.169776413806952,0.396326770684609,0.10897,0,4000,0.98925,0.769,0,0,-0.0144009154943203,-0.0136524538854019,0.00135381000023514,0.00135381000023514,0.000104321657093775,0.0130805782640984,3957,3949,3076,3076,"P2a",613
452,0.169776413806952,0.396326770684609,0.10897,0.2,4000,0.989,0.78225,0.000319590923617769,0,0.210281632963443,0.208934008406324,0.205280758289392,0.205276868083567,0.212140296044031,0.208432705903408,3956,3946,3129,3129,"P2a",613
452,0.169776413806952,0.396326770684609,0.10897,0.4,4000,0.99125,0.78,0.00544871794871795,0,0.434544803416098,0.417942396442841,0.395229163058372,0.394883126715211,0.414983108075064,0.392986356398092,3965,3925,3120,3120,"P2a",613
452,0.169776413806952,0.396326770684609,0.10897,0.6,4000,0.98775,0.77275,0.0262051116143643,0.00226463927531543,0.661032736155795,0.609098536123435,0.588000747830782,0.583853684911599,0.614874934353929,0.584738119636653,3951,3817,3091,3084,"P2a",613
452,0.169776413806952,0.396326770684609,0.10897,0.8,4000,0.988,0.762,0.145997375328084,0.0206692913385827,0.907286275218599,0.78061004937238,0.789576855417104,0.763232353135481,0.830794786576028,0.77911510505939,3952,3572,3048,2985,"P2a",613
305,0.170534824975038,0.400714075486077,0.10897,-0.8,4000,0.96975,0.63225,0.12139185448794,0.0533807829181495,-0.954119428248984,-0.718913068939385,-0.738606997021909,-0.685969437661606,-0.816591685153327,-0.713767524078835,3879,3185,2529,2394,"P2a",653
305,0.170534824975038,0.400714075486077,0.10897,-0.6,4000,0.966,0.628,0.0477707006369427,0.0119426751592357,-0.706665410498599,-0.585895333087998,-0.551186100851475,-0.536086442398383,-0.625426094697762,-0.541651177542681,3864,3538,2512,2482,"P2a",653
305,0.170534824975038,0.400714075486077,0.10897,-0.4,4000,0.96975,0.6225,0.0152610441767068,0.000803212851405623,-0.485206586260876,-0.415658107325597,-0.370256277111264,-0.368105957012371,-0.411905860098298,-0.357989617050073,3879,3725,2490,2488,"P2a",653
305,0.170534824975038,0.400714075486077,0.10897,-0.2,4000,0.9645,0.6265,0.00159616919393456,0.000798084596967279,-0.239825218796283,-0.214316511382206,-0.167309199830306,-0.166269329925646,-0.209062078349544,-0.167680442620045,3858,3797,2506,2504,"P2a",653
305,0.170534824975038,0.400714075486077,0.10897,0,4000,0.97375,0.6295,0.00079428117553614,0,-0.0216884658362054,-0.0124018619876711,0.0100666723325093,0.0101072066982376,-0.00354222247051542,0.0169225775092324,3895,3860,2518,2518,"P2a",653
305,0.170534824975038,0.400714075486077,0.10897,0.2,4000,0.96675,0.62375,0.00160320641282565,0,0.2077058389591,0.202243218534656,0.200733523235993,0.200724798530166,0.207535503492478,0.20316779209031,3867,3824,2495,2495,"P2a",653
305,0.170534824975038,0.400714075486077,0.10897,0.4,4000,0.97175,0.61475,0.00447336315575437,0,0.449833827248199,0.409836210293592,0.379624624281637,0.379182313522905,0.414465324201407,0.380977459039778,3887,3788,2459,2459,"P2a",653
305,0.170534824975038,0.400714075486077,0.10897,0.6,4000,0.97475,0.618,0.0323624595469256,0.00566343042071197,0.696477582658457,0.597369367216698,0.573830130432814,0.566409189479077,0.624400535912304,0.569894960318979,3899,3660,2472,2458,"P2a",653
305,0.170534824975038,0.400714075486077,0.10897,0.8,4000,0.96975,0.6205,0.132957292506044,0.0278001611603546,0.940961803473211,0.758952023482802,0.762479459579618,0.733293663435534,0.844242404214925,0.762208864748802,3879,3351,2482,2413,"P2a",653
216,0.16986288307053,0.403927923866275,0.10897,-0.8,4000,0.94325,0.49125,0.118066157760814,0.0544529262086514,-1.04262122622996,-0.694326278882586,-0.701201547578771,-0.647832935444242,-0.841073041540975,-0.680858426872225,3773,2913,1965,1858,"P2a",663
216,0.16986288307053,0.403927923866275,0.10897,-0.6,4000,0.94025,0.484,0.0521694214876033,0.0134297520661157,-0.817024649606461,-0.559260919675526,-0.518248366215521,-0.501222929724045,-0.629196551131204,-0.503858107911064,3761,3318,1936,1910,"P2a",663
216,0.16986288307053,0.403927923866275,0.10897,-0.4,4000,0.93975,0.4855,0.0211122554067971,0.00411946446961895,-0.516063015474457,-0.395433080805105,-0.342329164452308,-0.336234796510297,-0.42542522419973,-0.338202113339971,3759,3491,1942,1934,"P2a",663
216,0.16986288307053,0.403927923866275,0.10897,-0.2,4000,0.947,0.502,0.0049800796812749,0,-0.2678070431633,-0.19663372398714,-0.146392275752993,-0.145949404321954,-0.192128848385097,-0.132983826008274,3788,3655,2008,2008,"P2a",663
216,0.16986288307053,0.403927923866275,0.10897,0,4000,0.94125,0.50325,0.00248385494287134,0,-0.0252228261837448,-0.00868920733956078,0.0258038351581813,0.0256371548774233,0.00568424630657615,0.0299315298297978,3765,3692,2013,2013,"P2a",663
216,0.16986288307053,0.403927923866275,0.10897,0.2,4000,0.943,0.50025,0.000999500249875062,0,0.22115355452648,0.190180032235317,0.196724103515491,0.196675803540372,0.210248391967342,0.207807571161882,3772,3693,2001,2001,"P2a",663
216,0.16986288307053,0.403927923866275,0.10897,0.4,4000,0.94125,0.49725,0.0170940170940171,0.00150829562594268,0.472641923906897,0.396079332442636,0.380786781772466,0.377972574384407,0.422079270846277,0.38072830391979,3765,3600,1989,1986,"P2a",663
216,0.16986288307053,0.403927923866275,0.10897,0.6,4000,0.94675,0.50975,0.0411966650318784,0.00637567435017165,0.701682378805037,0.574598502005246,0.558258266632176,0.549705425756685,0.618390827098226,0.561677967839089,3787,3478,2039,2026,"P2a",663
216,0.16986288307053,0.403927923866275,0.10897,0.8,4000,0.94575,0.49225,0.124428643981717,0.0365667851701371,0.963406715405223,0.732824378354321,0.742311871471469,0.705548697254382,0.841288491702542,0.740303837164311,3783,3099,1969,1897,"P2a",663
459,0.169773823428179,0.401804324513354,0.10897,-0.8,4000,0.99,0.77625,0.147504025764895,0.0431561996779388,-0.911072420508637,-0.75871890843573,-0.78196170246644,-0.739649102231992,-0.825250066168514,-0.765618564765977,3960,3397,3105,2971,"P2a",698
459,0.169773823428179,0.401804324513354,0.10897,-0.6,4000,0.99025,0.7665,0.0371819960861057,0.00587084148727984,-0.686863369754729,-0.609060847658218,-0.580114973994681,-0.571688764698307,-0.620947740927469,-0.569312226104567,3961,3756,3066,3048,"P2a",698
459,0.169773823428179,0.401804324513354,0.10897,-0.4,4000,0.98725,0.76825,0.00878620240807029,0.00195248942401562,-0.466036212515703,-0.417827752274742,-0.382243155003621,-0.3796339401251,-0.409722418173286,-0.366776069934671,3949,3854,3073,3067,"P2a",698
459,0.169773823428179,0.401804324513354,0.10897,-0.2,4000,0.98975,0.78175,0,0.000319795330988168,-0.230497688028089,-0.220909296442965,-0.193592974801273,-0.193178077982564,-0.203585132994049,-0.181474178703045,3959,3935,3127,3126,"P2a",698
459,0.169773823428179,0.401804324513354,0.10897,0,4000,0.991,0.786,0,0,-0.0184429715559915,-0.0136644359230573,0.000889551101038566,0.000889551101038566,-0.00136255015554858,0.00911663134871247,3964,3952,3144,3144,"P2a",698
459,0.169773823428179,0.401804324513354,0.10897,0.2,4000,0.991,0.78,0,0,0.210904234282776,0.20731518419312,0.200092873469518,0.200092873469518,0.210442692663468,0.20363009007729,3964,3955,3120,3120,"P2a",698
459,0.169773823428179,0.401804324513354,0.10897,0.4,4000,0.99175,0.784,0.00159438775510204,0,0.432389748328513,0.41436965495471,0.395460051941555,0.395317779550364,0.41009692161449,0.395819221281491,3967,3923,3136,3136,"P2a",698
459,0.169773823428179,0.401804324513354,0.10897,0.6,4000,0.99025,0.76775,0.027352653858678,0.00358189514816021,0.673729489151873,0.618219530037936,0.59407716205009,0.589273317790945,0.625350658333514,0.584326199438412,3961,3821,3071,3060,"P2a",698
459,0.169773823428179,0.401804324513354,0.10897,0.8,4000,0.99,0.77725,0.139916371823738,0.0225152782245095,0.885775544295605,0.77890373870027,0.78786236595352,0.761626332242857,0.820986270843319,0.777935101344167,3960,3605,3109,3039,"P2a",698
253,0.243301564500526,0.405314240900763,0.10897,-0.8,4000,0.9915,0.78675,0.143628852875755,0.0657769304099142,-0.910301902403842,-0.74573601624357,-0.792870419417504,-0.730210652551455,-0.830695031681917,-0.772797503244261,3966,3378,3147,2940,"P2a",714
253,0.243301564500526,0.405314240900763,0.10897,-0.6,4000,0.9915,0.78275,0.0587671670392846,0.0198019801980198,-0.684368769431086,-0.593594735199337,-0.587923158100121,-0.565623410075119,-0.617480158032481,-0.575495867519205,3966,3693,3131,3069,"P2a",714
253,0.243301564500526,0.405314240900763,0.10897,-0.4,4000,0.98825,0.788,0.0218908629441624,0.00253807106598985,-0.47164748669075,-0.426459208447535,-0.394997838920729,-0.390600036099419,-0.419212449650461,-0.379264171448404,3953,3843,3152,3144,"P2a",714
253,0.243301564500526,0.405314240900763,0.10897,-0.2,4000,0.991,0.79375,0.00251968503937008,0.00031496062992126,-0.233814049248078,-0.219910545193778,-0.190638277484182,-0.19011285395353,-0.214269514132643,-0.183276240705949,3964,3925,3175,3174,"P2a",714
253,0.243301564500526,0.405314240900763,0.10897,0,4000,0.99075,0.788,0,0,-0.0252298311870483,-0.0174529081730982,-0.00105416844593615,-0.00105416844593615,-0.00633338714500279,0.00622006365165239,3963,3946,3152,3152,"P2a",714
253,0.243301564500526,0.405314240900763,0.10897,0.2,4000,0.98675,0.78275,0.00223570744171191,0,0.197992987953688,0.194192938451041,0.193963071092517,0.193811741531356,0.201781880522139,0.198764831589613,3947,3932,3131,3131,"P2a",714
253,0.243301564500526,0.405314240900763,0.10897,0.4,4000,0.99075,0.7985,0.010644959298685,0.000313087038196619,0.438694343805201,0.412766336045888,0.402774583926024,0.401543709761934,0.412515919281903,0.397955039426851,3963,3913,3194,3193,"P2a",714
253,0.243301564500526,0.405314240900763,0.10897,0.6,4000,0.991,0.79275,0.0501419110690634,0.00693787448754336,0.651516785543678,0.607597774146779,0.600103578963815,0.590337104519907,0.627657611528979,0.597746769011011,3964,3819,3171,3149,"P2a",714
253,0.243301564500526,0.405314240900763,0.10897,0.8,4000,0.99275,0.79025,0.15786143625435,0.0401771591268586,0.887863201364231,0.775182028811695,0.803405814163839,0.76244645659312,0.83847335207323,0.796144569014985,3971,3540,3161,3034,"P2a",714
298,0.16780255626303,0.398573629661721,0.10897,-0.8,4000,0.96775,0.60825,0.122482531853679,0.0394574599260173,-0.961336399489859,-0.720469399354274,-0.725424224360549,-0.685077154651289,-0.817489414565644,-0.713233096085284,3871,3198,2433,2337,"P2a",718
298,0.16780255626303,0.398573629661721,0.10897,-0.6,4000,0.9665,0.621,0.0446859903381642,0.0136876006441224,-0.731598299871754,-0.585441512504369,-0.552893765006512,-0.536244315523693,-0.629090353551907,-0.538387043465182,3866,3506,2484,2450,"P2a",718
298,0.16780255626303,0.398573629661721,0.10897,-0.4,4000,0.96875,0.61425,0.0154660154660155,0.00325600325600326,-0.495777364519736,-0.411201696805607,-0.359848136451086,-0.355283994079976,-0.41857541603039,-0.352259389911288,3875,3693,2457,2449,"P2a",718
298,0.16780255626303,0.398573629661721,0.10897,-0.2,4000,0.9685,0.60775,0.0053475935828877,0,-0.269944092025517,-0.225398380330101,-0.175590701811518,-0.175024221158796,-0.2152111736294,-0.160172589838394,3874,3790,2431,2431,"P2a",718
298,0.16780255626303,0.398573629661721,0.10897,0,4000,0.96275,0.61125,0.0016359918200409,0,-0.0345151704560183,-0.0215449710765298,0.00921584019282952,0.00928003412005465,-0.0110476747418153,0.0196665517032243,3851,3815,2445,2445,"P2a",718
298,0.16780255626303,0.398573629661721,0.10897,0.2,4000,0.96475,0.61475,0.000813338755591704,0,0.222664779902445,0.203068630564731,0.193237666129459,0.193175410290265,0.209856860653835,0.195213706264393,3859,3813,2459,2459,"P2a",718
298,0.16780255626303,0.398573629661721,0.10897,0.4,4000,0.97075,0.61025,0.00696435886931585,0.000409668168783286,0.459289513277085,0.401098879279693,0.371608641978934,0.370580629831367,0.414155511055575,0.378414643466224,3883,3782,2441,2440,"P2a",718
298,0.16780255626303,0.398573629661721,0.10897,0.6,4000,0.96525,0.60075,0.0399500624219725,0.0029130253849355,0.680921943790471,0.598526892811984,0.570801953975891,0.565272690029797,0.624783329954152,0.5668685712622,3861,3622,2403,2396,"P2a",718
298,0.16780255626303,0.398573629661721,0.10897,0.8,4000,0.9695,0.60075,0.136079900124844,0.0270495214315439,0.949622218744158,0.75565051404146,0.763884372563598,0.734166538759209,0.837169419371645,0.758184625994708,3878,3322,2403,2338,"P2a",718
396,0.169813672069142,0.396039112530407,0.10897,-0.8,4000,0.988,0.72975,0.13703323055841,0.0510448783830079,-0.937447570593619,-0.747412777579439,-0.772617612556929,-0.724292563166994,-0.825462299943466,-0.752484065373017,3952,3336,2919,2770,"P2a",728
396,0.169813672069142,0.396039112530407,0.10897,-0.6,4000,0.98525,0.731,0.0506155950752394,0.00786593707250342,-0.681700690467772,-0.597292851378079,-0.569545339128062,-0.558329221262549,-0.617729215409843,-0.553550637523283,3941,3695,2924,2901,"P2a",728
396,0.169813672069142,0.396039112530407,0.10897,-0.4,4000,0.98725,0.73375,0.0132879045996593,0.0010221465076661,-0.467028535919483,-0.417436972332558,-0.380684374541233,-0.378258190781131,-0.412674433363058,-0.37322066049399,3949,3837,2935,2932,"P2a",728
396,0.169813672069142,0.396039112530407,0.10897,-0.2,4000,0.98225,0.7195,0.00277970813064628,0.000694927032661571,-0.245479266158976,-0.229025551684291,-0.197342415284076,-0.196305747676358,-0.212599553310805,-0.186509896305439,3929,3896,2878,2876,"P2a",728
396,0.169813672069142,0.396039112530407,0.10897,0,4000,0.98075,0.7275,0,0,-0.00381916201211406,-0.000657356519674763,0.015737702176537,0.015737702176537,0.0131633816545667,0.02489892049949,3923,3910,2910,2910,"P2a",728
396,0.169813672069142,0.396039112530407,0.10897,0.2,4000,0.9885,0.72075,0,0,0.220118347552789,0.211682855744902,0.204480239590523,0.204480239590523,0.219456279310713,0.211360868273826,3954,3934,2883,2883,"P2a",728
396,0.169813672069142,0.396039112530407,0.10897,0.4,4000,0.985,0.7175,0.00418118466898955,0.00104529616724739,0.445474348406603,0.412688389354649,0.388475801702457,0.387268651301804,0.415060831144203,0.38800395176474,3940,3857,2870,2867,"P2a",728
396,0.169813672069142,0.396039112530407,0.10897,0.6,4000,0.98375,0.725,0.0355172413793103,0.00413793103448276,0.668996958918359,0.610315430970549,0.587877065288431,0.582087079780017,0.621285514999128,0.588273772751327,3935,3772,2900,2888,"P2a",728
396,0.169813672069142,0.396039112530407,0.10897,0.8,4000,0.9815,0.72025,0.131551544602569,0.0308920513710517,0.891953764627529,0.771553050690451,0.782184600296627,0.750640108668466,0.825176531826941,0.770991527049716,3926,3489,2881,2792,"P2a",728
315,0.169942677259507,0.404286607390541,0.10897,-0.8,4000,0.9725,0.63425,0.11864406779661,0.0445407962160032,-0.950219770016614,-0.722558870800951,-0.737433694244472,-0.693389284888599,-0.821822219889229,-0.724848848900937,3890,3211,2537,2424,"P2a",780
315,0.169942677259507,0.404286607390541,0.10897,-0.6,4000,0.97325,0.64725,0.0544611819235226,0.0100424874468907,-0.715352484192323,-0.592203669483235,-0.561566734553323,-0.547144236378943,-0.628872766092564,-0.539739948678812,3893,3567,2589,2563,"P2a",780
315,0.169942677259507,0.404286607390541,0.10897,-0.4,4000,0.96825,0.6305,0.0146708961141951,0.00158604282315623,-0.483253089312685,-0.416082273195857,-0.36346991297928,-0.360410063465006,-0.418525866431093,-0.354394374002109,3873,3708,2522,2518,"P2a",780
315,0.169942677259507,0.404286607390541,0.10897,-0.2,4000,0.96775,0.6345,0.00315208825847124,0.000394011032308905,-0.261231781532065,-0.22134891627918,-0.177571455906402,-0.176634971405818,-0.213224542978366,-0.170228453238263,3871,3785,2538,2537,"P2a",780
315,0.169942677259507,0.404286607390541,0.10897,0,4000,0.9725,0.6365,0,0,-0.0209677872336196,-0.0153194216249489,0.00369176387997842,0.00369176387997842,-0.00833415752636263,0.00865477595227101,3890,3859,2546,2546,"P2a",780
315,0.169942677259507,0.404286607390541,0.10897,0.2,4000,0.97125,0.63025,0.000793335977786593,0,0.220379435413863,0.205656008043497,0.205399612745429,0.205333410443704,0.218200974249143,0.211284143058078,3885,3837,2521,2521,"P2a",780
315,0.169942677259507,0.404286607390541,0.10897,0.4,4000,0.97175,0.631,0.00911251980982567,0.000792393026941363,0.440325516536089,0.409017948854262,0.38601189891379,0.38467640336133,0.412897687627119,0.381494318066546,3887,3801,2524,2522,"P2a",780
315,0.169942677259507,0.404286607390541,0.10897,0.6,4000,0.97175,0.63575,0.0393236335037357,0.00471883602044829,0.672542826209814,0.594646582661119,0.575927242984549,0.568762848430879,0.624556558515036,0.572385199126011,3887,3651,2543,2531,"P2a",780
315,0.169942677259507,0.404286607390541,0.10897,0.8,4000,0.9685,0.64175,0.120763537202961,0.0303856641994546,0.923148796825942,0.75357049660887,0.757206044474982,0.726581590747464,0.826713642603041,0.743884495792041,3874,3358,2567,2489,"P2a",780
436,0.224384353949541,0.40108506294822,0.10897,-0.8,4000,0.9975,0.917,0.173391494002181,0.0561613958560523,-0.875670487776449,-0.776758320214667,-0.824014022595565,-0.771746430286159,-0.827070933444866,-0.805284932690667,3990,3593,3668,3462,"P2a",789
436,0.224384353949541,0.40108506294822,0.10897,-0.6,4000,0.99775,0.9155,0.0543418896777717,0.00901146914254506,-0.650170559709769,-0.615309151390116,-0.61577341415392,-0.603826631943413,-0.615313493193934,-0.598783961984028,3991,3878,3662,3629,"P2a",789
436,0.224384353949541,0.40108506294822,0.10897,-0.4,4000,0.99925,0.91675,0.0119989091900736,0.000818107444777748,-0.447269072230048,-0.43002455153646,-0.415943569568139,-0.414124366950064,-0.420345460353484,-0.404280277739842,3997,3955,3667,3664,"P2a",789
436,0.224384353949541,0.40108506294822,0.10897,-0.2,4000,0.99925,0.90975,0.00109920307776862,0,-0.222564009682174,-0.21974300380367,-0.207912556148384,-0.207802246114353,-0.212703217607234,-0.201735743366371,3997,3990,3639,3639,"P2a",789
436,0.224384353949541,0.40108506294822,0.10897,0,4000,0.9985,0.91125,0,0,-0.00558710773260166,-0.00434929520251393,0.00393600707961086,0.00393600707961086,0.00241344669334298,0.00609187593203521,3994,3991,3645,3645,"P2a",789
436,0.224384353949541,0.40108506294822,0.10897,0.2,4000,0.9985,0.91975,0.000271812992661049,0,0.200097367619838,0.199521806094127,0.199066463250455,0.199018539373617,0.202154766605513,0.202157183297877,3994,3993,3679,3679,"P2a",789
436,0.224384353949541,0.40108506294822,0.10897,0.4,4000,0.999,0.9205,0.00380228136882129,0.000543183052688756,0.42208067592199,0.417518471303328,0.409153297141219,0.408431175423012,0.415107177370932,0.407530698948117,3996,3983,3682,3680,"P2a",789
436,0.224384353949541,0.40108506294822,0.10897,0.6,4000,0.99875,0.9185,0.0302123026673925,0.00136091453456723,0.640676453201036,0.622418033700241,0.613988385254129,0.610472458025049,0.626848782026739,0.6138810501399,3995,3940,3674,3669,"P2a",789
436,0.224384353949541,0.40108506294822,0.10897,0.8,4000,0.99725,0.91725,0.155083128917961,0.0218043063505042,0.846683608729875,0.790474819707271,0.813050583797839,0.785828167803914,0.816313592046164,0.801524917606734,3989,3773,3669,3589,"P2a",789
417,0.170206230020286,0.396686183664965,0.10897,-0.8,4000,0.986,0.74675,0.138600602611316,0.0492132574489454,-0.914472541245629,-0.751519219293556,-0.776655913195367,-0.730326891444434,-0.828255583719663,-0.756754549705727,3944,3375,2987,2840,"P2a",790
417,0.170206230020286,0.396686183664965,0.10897,-0.6,4000,0.986,0.744,0.042002688172043,0.00806451612903226,-0.687002079071299,-0.602036916028057,-0.575218431716257,-0.564514317167837,-0.618649327174066,-0.565509325994476,3944,3711,2976,2952,"P2a",790
417,0.170206230020286,0.396686183664965,0.10897,-0.4,4000,0.9875,0.74425,0.00839771582129661,0.00235136042996305,-0.465406168330766,-0.42338976911955,-0.387359074695397,-0.384267904611257,-0.416304392612753,-0.370186177850437,3950,3844,2977,2970,"P2a",790
417,0.170206230020286,0.396686183664965,0.10897,-0.2,4000,0.987,0.74425,0.000671817265703729,0,-0.234083758987701,-0.215989042003682,-0.18759782809052,-0.187570163342546,-0.204906574779485,-0.178972761046947,3948,3902,2977,2977,"P2a",790
417,0.170206230020286,0.396686183664965,0.10897,0,4000,0.9885,0.75325,0,0,-0.0169303660977645,-0.0139224572496409,0.00365413424510733,0.00365413424510733,-0.00278915099364596,0.00735220551040587,3954,3939,3013,3013,"P2a",790
417,0.170206230020286,0.396686183664965,0.10897,0.2,4000,0.987,0.73675,0.000339328130302002,0,0.22744574093604,0.209674019081221,0.200381696610475,0.200332828084217,0.207149668265815,0.199259603829685,3948,3924,2947,2947,"P2a",790
417,0.170206230020286,0.396686183664965,0.10897,0.4,4000,0.98575,0.748,0.00267379679144385,0,0.431139090737539,0.414755961307159,0.393424179869099,0.393189554682624,0.4130659294511,0.389983921885105,3943,3897,2992,2992,"P2a",790
417,0.170206230020286,0.396686183664965,0.10897,0.6,4000,0.989,0.74225,0.02997642303806,0.00404176490400808,0.659180796244203,0.604937226104597,0.584759549706911,0.579260519018396,0.613458810603485,0.576435717444171,3956,3792,2969,2957,"P2a",790
417,0.170206230020286,0.396686183664965,0.10897,0.8,4000,0.98275,0.7375,0.132203389830508,0.0203389830508475,0.885682188836858,0.769854003153336,0.777085970162293,0.753281483579838,0.816138862064166,0.768215042096048,3931,3535,2950,2890,"P2a",790
247,0.168832368601439,0.401445015903235,0.10897,-0.8,4000,0.956,0.5425,0.117972350230415,0.0354838709677419,-0.967314619853013,-0.70591023188446,-0.707368145768959,-0.669520583850409,-0.81532512306046,-0.690432577929134,3824,3116,2170,2093,"P2a",824
247,0.168832368601439,0.401445015903235,0.10897,-0.6,4000,0.95,0.537,0.0484171322160149,0.0116387337057728,-0.782258294851335,-0.573997739678197,-0.528815097863461,-0.514242481550103,-0.625291937212821,-0.517375032332059,3800,3398,2148,2123,"P2a",824
247,0.168832368601439,0.401445015903235,0.10897,-0.4,4000,0.95275,0.5545,0.0121731289449955,0.00495942290351668,-0.512583005767071,-0.399906702148659,-0.355764002404947,-0.349541009028853,-0.413325274233277,-0.342426919975696,3811,3599,2218,2207,"P2a",824
247,0.168832368601439,0.401445015903235,0.10897,-0.2,4000,0.96025,0.5445,0.0032139577594123,0.000459136822773186,-0.257196402678026,-0.2060527685121,-0.157969284725325,-0.157164552901442,-0.206912958739424,-0.15658647028868,3841,3740,2178,2177,"P2a",824
247,0.168832368601439,0.401445015903235,0.10897,0,4000,0.956,0.5495,0.000909918107370337,0,-0.0243749892263717,-0.00810060584322589,0.0268009356311623,0.0268482105145692,0.0117067970565764,0.0412950226724414,3824,3769,2198,2198,"P2a",824
247,0.168832368601439,0.401445015903235,0.10897,0.2,4000,0.956,0.531,0.00235404896421846,0,0.217162065571697,0.193709103215942,0.199717646124385,0.199495369819895,0.205175252705714,0.205749443192569,3824,3744,2124,2124,"P2a",824
247,0.168832368601439,0.401445015903235,0.10897,0.4,4000,0.955,0.531,0.00753295668549906,0.000470809792843691,0.459100522174425,0.404379330253756,0.380676979937081,0.379825785210255,0.415808423557106,0.378780503975539,3820,3685,2124,2123,"P2a",824
247,0.168832368601439,0.401445015903235,0.10897,0.6,4000,0.95575,0.52675,0.0436639772187945,0.00332225913621262,0.715464630506011,0.583714668894936,0.552607873412277,0.546101678969138,0.630499154942329,0.545631532208166,3823,3498,2107,2100,"P2a",824
247,0.168832368601439,0.401445015903235,0.10897,0.8,4000,0.95275,0.5325,0.130046948356808,0.0328638497652582,0.927513330751952,0.735177084581103,0.748187997849937,0.715161036170132,0.829956099729569,0.745219328986251,3811,3189,2130,2060,"P2a",824
282,0.284868996161368,0.401065616608393,0.10897,-0.8,4000,0.99825,0.92125,0.174219810040706,0.0675712347354138,-0.893487378038539,-0.764934313593989,-0.823777466651393,-0.760958347745518,-0.82216493866847,-0.800432917509103,3993,3566,3685,3436,"P2a",875
282,0.284868996161368,0.401065616608393,0.10897,-0.6,4000,0.9985,0.91325,0.0673419107582809,0.0205310703531344,-0.662038728721309,-0.616840024913485,-0.626098724910447,-0.603478544117474,-0.624163864006446,-0.600711145860313,3994,3833,3653,3578,"P2a",875
282,0.284868996161368,0.401065616608393,0.10897,-0.4,4000,0.99725,0.89625,0.0147838214783821,0.00362622036262204,-0.453950766296553,-0.432198846665555,-0.4195872108032,-0.414526842879297,-0.419080410604929,-0.401618922585941,3989,3928,3585,3572,"P2a",875
282,0.284868996161368,0.401065616608393,0.10897,-0.2,4000,0.998,0.90875,0.00165061898211829,0.000275103163686382,-0.221071687332261,-0.214968282273582,-0.202298143895755,-0.20191216123214,-0.203447032919351,-0.194668968223035,3992,3981,3635,3634,"P2a",875
282,0.284868996161368,0.401065616608393,0.10897,0,4000,0.99825,0.9125,0.000273972602739726,0.000273972602739726,-0.00660297772924839,-0.00432607191625373,0.00357314850486686,0.00396826242024596,0.00496640380253158,0.011662057707914,3993,3988,3650,3649,"P2a",875
282,0.284868996161368,0.401065616608393,0.10897,0.2,4000,0.99825,0.91125,0.000548696844993141,0.000274348422496571,0.206623649143327,0.203053662908162,0.206327049663735,0.206016497450896,0.205580908064205,0.208091626451468,3993,3986,3645,3644,"P2a",875
282,0.284868996161368,0.401065616608393,0.10897,0.4,4000,0.998,0.9005,0.00971682398667407,0.000277623542476402,0.420873444491713,0.410220718889754,0.404161777296073,0.403217371312522,0.408717342781509,0.401825299279332,3992,3968,3602,3601,"P2a",875
282,0.284868996161368,0.401065616608393,0.10897,0.6,4000,0.99825,0.90125,0.0427184466019417,0.00610263522884882,0.639065265314631,0.613569738350686,0.609642539339297,0.60145238331009,0.618432107925393,0.602028652783948,3993,3914,3605,3583,"P2a",875
282,0.284868996161368,0.401065616608393,0.10897,0.8,4000,0.99875,0.9025,0.174238227146814,0.0349030470914127,0.858454544716003,0.790332890369395,0.823128376718548,0.785416127262636,0.831021639668569,0.813702133491261,3995,3729,3610,3484,"P2a",875
359,0.171358206214145,0.401532804831121,0.10897,-0.8,4000,0.98025,0.6765,0.142645971914265,0.0443458980044346,-0.96729031798365,-0.747218487265799,-0.764976364523908,-0.719276084548342,-0.843825282279388,-0.746775065875657,3921,3255,2706,2586,"P2a",907
359,0.171358206214145,0.401532804831121,0.10897,-0.6,4000,0.98225,0.71575,0.0482011875654907,0.013971358714635,-0.701999744838534,-0.590666015854672,-0.573052282855013,-0.556863153142864,-0.613004259049305,-0.55769274338264,3929,3649,2863,2823,"P2a",907
359,0.171358206214145,0.401532804831121,0.10897,-0.4,4000,0.97825,0.70225,0.0110359558561766,0.00106799572801709,-0.469914504260565,-0.414922053726665,-0.375916121905603,-0.373999458999624,-0.413538221236147,-0.368928298946667,3913,3785,2809,2806,"P2a",907
359,0.171358206214145,0.401532804831121,0.10897,-0.2,4000,0.98475,0.69875,0.00214669051878354,0,-0.247304596354136,-0.21890240373623,-0.181913996815933,-0.181792262302832,-0.20298046525186,-0.174045580050065,3939,3880,2795,2795,"P2a",907
359,0.171358206214145,0.401532804831121,0.10897,0,4000,0.978,0.6935,0,0,-0.0211914100257589,-0.0126545792762618,0.00856806084827749,0.00856806084827749,-0.00215875295503288,0.0155752502250775,3912,3889,2774,2774,"P2a",907
359,0.171358206214145,0.401532804831121,0.10897,0.2,4000,0.97925,0.6895,0.000725163161711385,0,0.229856372825394,0.213270884572341,0.210361755269311,0.210298650098277,0.211793461517189,0.208136738014944,3917,3886,2758,2758,"P2a",907
359,0.171358206214145,0.401532804831121,0.10897,0.4,4000,0.98275,0.6825,0.00732600732600733,0.000732600732600733,0.456320455634,0.42160932721659,0.387811763084439,0.386482357910555,0.418202073665155,0.388013304081657,3931,3861,2730,2728,"P2a",907
359,0.171358206214145,0.401532804831121,0.10897,0.6,4000,0.9805,0.688,0.0446947674418605,0.00581395348837209,0.690598831118369,0.611911298823387,0.59253950003954,0.583870766497702,0.627562799874805,0.585673677339432,3922,3718,2752,2736,"P2a",907
359,0.171358206214145,0.401532804831121,0.10897,0.8,4000,0.97775,0.69225,0.133261105092091,0.0306970025279884,0.90640620401482,0.767474882018886,0.777091462745028,0.746676594998595,0.830723087207541,0.768166775755968,3911,3445,2769,2684,"P2a",907
596,0.169435228003928,0.394499128029073,0.10897,-0.8,4000,0.99625,0.85075,0.150749338818689,0.0379077284748751,-0.89672467517292,-0.778786869990047,-0.806429781086455,-0.767235807449361,-0.831659873571206,-0.791006752009309,3985,3568,3403,3274,"P2a",918
596,0.169435228003928,0.394499128029073,0.10897,-0.6,4000,0.99725,0.85375,0.0377745241581259,0.00761346998535871,-0.67466141717676,-0.618373968235507,-0.603701476743682,-0.594530312968652,-0.624216521865736,-0.596595405197411,3989,3838,3415,3389,"P2a",918
596,0.169435228003928,0.394499128029073,0.10897,-0.4,4000,0.9965,0.858,0.00611888111888112,0.000874125874125874,-0.451524309175686,-0.430308391297368,-0.401858116369838,-0.400538884583452,-0.413263227764535,-0.389575854138735,3986,3936,3432,3429,"P2a",918
596,0.169435228003928,0.394499128029073,0.10897,-0.2,4000,0.996,0.865,0.000867052023121387,0,-0.232851749577322,-0.223432643839317,-0.2039624479916,-0.203925723446162,-0.205377726961577,-0.192867283435058,3984,3967,3460,3460,"P2a",918
596,0.169435228003928,0.394499128029073,0.10897,0,4000,0.996,0.85825,0,0,-0.0118806383931276,-0.011893392879567,0.000304017083362801,0.000304017083362801,0.000132396695681889,0.00776033782427829,3984,3982,3433,3433,"P2a",918
596,0.169435228003928,0.394499128029073,0.10897,0.2,4000,0.9955,0.85875,0,0,0.200238306838466,0.199667274487622,0.196277060863114,0.196277060863114,0.206264966235358,0.201801205358748,3982,3977,3435,3435,"P2a",918
596,0.169435228003928,0.394499128029073,0.10897,0.4,4000,0.99425,0.84925,0.00264939652634678,0,0.430379768038237,0.420139596774555,0.403936081216839,0.403778730987803,0.411289756454418,0.399201769364714,3977,3952,3397,3397,"P2a",918
596,0.169435228003928,0.394499128029073,0.10897,0.6,4000,0.99575,0.86025,0.026736413833188,0.000581226387678001,0.644011578760929,0.622902846047328,0.605806977286954,0.603052561615232,0.619739383854156,0.601685302155349,3983,3919,3441,3439,"P2a",918
596,0.169435228003928,0.394499128029073,0.10897,0.8,4000,0.99675,0.86125,0.125979680696662,0.0179970972423803,0.853876060762937,0.78514117197787,0.794938075133681,0.772659236272564,0.811164092379381,0.78488999401975,3987,3723,3445,3383,"P2a",918
326,0.180140200090588,0.395185652177592,0.10897,-0.8,4000,0.98225,0.6985,0.141374373657838,0.0476020042949177,-0.936665147834823,-0.743427299035997,-0.764973147730337,-0.717585631815798,-0.839677403811968,-0.744929188194266,3929,3307,2794,2661,"P2a",922
326,0.180140200090588,0.395185652177592,0.10897,-0.6,4000,0.984,0.69025,0.057587830496197,0.0115900036218761,-0.706595505673951,-0.591850923022686,-0.570541911773941,-0.556011204329541,-0.626063401412286,-0.560865899767484,3936,3621,2761,2729,"P2a",922
326,0.180140200090588,0.395185652177592,0.10897,-0.4,4000,0.98125,0.67825,0.0199041651308515,0.00331736085514191,-0.487662064701429,-0.426406609448754,-0.384810376306659,-0.379461718027907,-0.428410876913443,-0.368275403571529,3925,3783,2713,2704,"P2a",922
326,0.180140200090588,0.395185652177592,0.10897,-0.2,4000,0.98025,0.68875,0.00217785843920145,0.000362976406533575,-0.241824953321513,-0.219523587114631,-0.187722310304047,-0.187036885967951,-0.209633908640181,-0.182315676772237,3921,3866,2755,2754,"P2a",922
326,0.180140200090588,0.395185652177592,0.10897,0,4000,0.98025,0.6905,0.000362056480811006,0,-0.0107315750294768,-0.00818125195664529,0.0117736441755124,0.0117758703884965,0.00550197068655377,0.016416497775433,3921,3893,2762,2762,"P2a",922
326,0.180140200090588,0.395185652177592,0.10897,0.2,4000,0.9825,0.69525,0.00107874865156419,0,0.222896056553563,0.210922019990955,0.201712776045571,0.20154384031706,0.216578949052782,0.206438555734983,3930,3894,2781,2781,"P2a",922
326,0.180140200090588,0.395185652177592,0.10897,0.4,4000,0.98075,0.676,0.0107248520710059,0.000739644970414201,0.44693632883933,0.412951008649238,0.396812079430253,0.395092887315926,0.415431244005346,0.392970780982482,3923,3838,2704,2702,"P2a",922
326,0.180140200090588,0.395185652177592,0.10897,0.6,4000,0.98025,0.7025,0.0416370106761566,0.00569395017793594,0.663413856682867,0.602022449721535,0.582880189113364,0.574622193202376,0.627660513228714,0.582404379318899,3921,3730,2810,2794,"P2a",922
326,0.180140200090588,0.395185652177592,0.10897,0.8,4000,0.98025,0.6965,0.147882268485284,0.029791816223977,0.890664281284445,0.760933005268697,0.777758847451759,0.744579751707279,0.823739536026164,0.770877251231664,3921,3472,2786,2703,"P2a",922
135,0.169893178871442,0.878885177658726,0.10897,-0.8,4000,0.88925,0.37075,0.0755225893459204,0.0182063385030344,-1.01577911902384,-0.69403656917516,-0.658585666585782,-0.638376182520936,-0.80719082243364,-0.640976134472843,3557,2845,1483,1456,"P2a",942
135,0.169893178871442,0.878885177658726,0.10897,-0.6,4000,0.88825,0.37075,0.0303438975050573,0.00337154416722859,-0.734769058204363,-0.555336671954502,-0.496224671115145,-0.490877704700174,-0.600995264617586,-0.486981454413503,3553,3172,1483,1478,"P2a",942
135,0.169893178871442,0.878885177658726,0.10897,-0.4,4000,0.89,0.37475,0.0066711140760507,0.00066711140760507,-0.498618234535626,-0.39071809985197,-0.315325558975757,-0.313916553313809,-0.403968568008337,-0.310823835095146,3560,3356,1499,1498,"P2a",942
135,0.169893178871442,0.878885177658726,0.10897,-0.2,4000,0.88975,0.381,0.000656167979002625,0.000656167979002625,-0.274963974206046,-0.204734789453958,-0.146160653084349,-0.145314621088122,-0.201958419314622,-0.137071497138514,3559,3449,1524,1523,"P2a",942
135,0.169893178871442,0.878885177658726,0.10897,0,4000,0.89125,0.37975,0.000658327847267939,0,-0.0241342873269197,-0.0114218149258591,0.0118721531024013,0.011902840777806,-0.000245365857685392,0.0193162112351742,3565,3490,1519,1519,"P2a",942
135,0.169893178871442,0.878885177658726,0.10897,0.2,4000,0.8975,0.36975,0.000676132521974307,0,0.237378971410058,0.206170070174795,0.191108286167297,0.191002700627914,0.213748608222713,0.194922575938954,3590,3502,1479,1479,"P2a",942
135,0.169893178871442,0.878885177658726,0.10897,0.4,4000,0.88975,0.38375,0.00130293159609121,0,0.451960646362847,0.389722783825276,0.351555210358188,0.351512415388058,0.403628639068641,0.354840356732554,3559,3408,1535,1535,"P2a",942
135,0.169893178871442,0.878885177658726,0.10897,0.6,4000,0.887,0.36375,0.0261168384879725,0,0.746331452503601,0.578874535772241,0.528998087330782,0.526929381856248,0.627429510285448,0.531653706559514,3548,3213,1455,1455,"P2a",942
135,0.169893178871442,0.878885177658726,0.10897,0.8,4000,0.886,0.37625,0.0817275747508306,0.0112956810631229,0.960865595996918,0.721327873514322,0.694189399254639,0.680106409992878,0.817068823369185,0.696714273705798,3544,2953,1505,1488,"P2a",942
79,0.580440014049698,1.42250563210179,0.10897,-0.8,4000,0.99625,0.90325,0.166343758649322,0.0296152781621921,-0.865441221090169,-0.794580389452116,-0.820033678336633,-0.787726851132544,-0.831128545627592,-0.811527089115572,3985,3710,3613,3506,"P2a",957
79,0.580440014049698,1.42250563210179,0.10897,-0.6,4000,0.99825,0.914,0.037746170678337,0.00328227571115974,-0.641671075361545,-0.612723892376064,-0.607033272459667,-0.601318276269653,-0.61473126567756,-0.599890348026564,3993,3913,3656,3644,"P2a",957
79,0.580440014049698,1.42250563210179,0.10897,-0.4,4000,0.9975,0.91175,0.00493556347683027,0,-0.438161878169438,-0.427002495160791,-0.414156372307528,-0.413688811597267,-0.425861561504533,-0.414941587928505,3990,3962,3647,3647,"P2a",957
79,0.580440014049698,1.42250563210179,0.10897,-0.2,4000,0.998,0.90775,0.000550812448361333,0.000275406224180667,-0.224935192830279,-0.218612782332372,-0.205556787925653,-0.205251567358062,-0.207457445067055,-0.199793290863384,3992,3978,3631,3630,"P2a",957
79,0.580440014049698,1.42250563210179,0.10897,0,4000,0.9975,0.9095,0,0,-0.0113466858150438,-0.0106850438560199,-0.00888053703012353,-0.00888053703012353,-0.00889286038522183,-0.00742644747870193,3990,3989,3638,3638,"P2a",957
79,0.580440014049698,1.42250563210179,0.10897,0.2,4000,0.99625,0.90925,0.000274951883420401,0,0.204446766098238,0.203911538465393,0.198496348334013,0.198483966198691,0.202344581416984,0.197243867588499,3985,3984,3637,3637,"P2a",957
79,0.580440014049698,1.42250563210179,0.10897,0.4,4000,0.99625,0.909,0.0022002200220022,0,0.423261468998059,0.418299595711237,0.412609871182922,0.412498043244162,0.423534876793883,0.417820230152945,3985,3973,3636,3636,"P2a",957
79,0.580440014049698,1.42250563210179,0.10897,0.6,4000,0.996,0.91,0.021978021978022,0.000824175824175824,0.636121710820209,0.615799261031678,0.607875956547002,0.605539185564766,0.619400030927336,0.607843916575122,3984,3937,3640,3637,"P2a",957
79,0.580440014049698,1.42250563210179,0.10897,0.8,4000,0.997,0.918,0.145152505446623,0.0133442265795207,0.844452447319901,0.804667653447432,0.818969845509232,0.799929618603447,0.828105454453358,0.816940986743394,3988,3839,3672,3623,"P2a",957
158,0.229091002370047,0.404163978775533,0.10897,-0.8,4000,0.95775,0.54325,0.13759779107225,0.0570639668660838,-1.00889984879566,-0.708968126691086,-0.727787742722674,-0.672099943484979,-0.86198199992331,-0.717079839367984,3831,2998,2173,2049,"P2a",990
158,0.229091002370047,0.404163978775533,0.10897,-0.6,4000,0.95675,0.56475,0.0584329349269588,0.0230190349712262,-0.737884362368953,-0.561412356079168,-0.540154136363257,-0.514274312915294,-0.622473050201245,-0.520931076775658,3827,3370,2259,2207,"P2a",990
158,0.229091002370047,0.404163978775533,0.10897,-0.4,4000,0.957,0.54125,0.0189376443418014,0.00646651270207852,-0.532473636210743,-0.399889397361776,-0.353284276062044,-0.344749647743201,-0.435873443734585,-0.338845675903368,3828,3537,2165,2151,"P2a",990
158,0.229091002370047,0.404163978775533,0.10897,-0.2,4000,0.9565,0.55775,0.00627521290900941,0.000896458987001345,-0.271342947616645,-0.206384657677737,-0.1662275382923,-0.164435857001604,-0.208472410960303,-0.158401343445443,3826,3706,2231,2229,"P2a",990
158,0.229091002370047,0.404163978775533,0.10897,0,4000,0.96075,0.5455,0.00183318056828598,0,-0.0203238330605145,-0.00645397049948532,0.0290795332828253,0.0291751766379967,0.00256619646820833,0.0314991421913041,3843,3766,2182,2182,"P2a",990
158,0.229091002370047,0.404163978775533,0.10897,0.2,4000,0.95875,0.5425,0.00368663594470046,0.000921658986175115,0.213323275576146,0.199817211112175,0.208151765112917,0.206859504671759,0.217061443016976,0.215732039406892,3835,3748,2170,2168,"P2a",990
158,0.229091002370047,0.404163978775533,0.10897,0.4,4000,0.96025,0.56125,0.0169265033407572,0.00356347438752784,0.473628016176615,0.413383305318139,0.398437390803092,0.393722020032662,0.442788781604634,0.399449570226683,3841,3667,2245,2237,"P2a",990
158,0.229091002370047,0.404163978775533,0.10897,0.6,4000,0.96475,0.54325,0.0658076392084675,0.0128854118729867,0.700606994042709,0.583568287955442,0.581781149913119,0.565185291396735,0.645320911393533,0.584657578191211,3859,3522,2173,2145,"P2a",990
158,0.229091002370047,0.404163978775533,0.10897,0.8,4000,0.95825,0.556,0.138039568345324,0.045863309352518,0.970501608418747,0.731341043909757,0.760998142592023,0.714082459672989,0.852782592343698,0.764787198539238,3833,3166,2224,2122,"P2a",990
190,0.171249140743065,0.461075010466107,0.10897,-0.8,4000,0.9295,0.46475,0.129101667563206,0.0430338891877353,-0.98550439767269,-0.698825308432541,-0.706202830169259,-0.660811777859802,-0.834395148068812,-0.688485522026229,3718,2959,1859,1779,"P2a",1002
190,0.171249140743065,0.461075010466107,0.10897,-0.6,4000,0.92875,0.47575,0.0483447188649501,0.0141881240147136,-0.741547687118238,-0.551571593069369,-0.512087595778616,-0.494828965196599,-0.613902059518821,-0.501930622514667,3715,3278,1903,1876,"P2a",1002
190,0.171249140743065,0.461075010466107,0.10897,-0.4,4000,0.937,0.4555,0.0159165751920966,0.00439077936333699,-0.518260468840788,-0.398430034663709,-0.338001537029977,-0.331325101100011,-0.429369586043304,-0.330502401104202,3748,3500,1822,1814,"P2a",1002
190,0.171249140743065,0.461075010466107,0.10897,-0.2,4000,0.938,0.47175,0.00476947535771065,0.000529941706412295,-0.278024241259327,-0.205696888946858,-0.155349345375307,-0.154330651049543,-0.202940985101101,-0.145458370330319,3752,3625,1887,1886,"P2a",1002
190,0.171249140743065,0.461075010466107,0.10897,0,4000,0.92725,0.4625,0.00108108108108108,0,-0.0260692294804948,-0.0172148964847455,0.0195653615595312,0.0196292164976703,-0.00278543285060305,0.0288275570173916,3709,3634,1850,1850,"P2a",1002
190,0.171249140743065,0.461075010466107,0.10897,0.2,4000,0.9275,0.457,0.00109409190371991,0,0.221916999779371,0.201465052064384,0.197612192145996,0.197601144749124,0.209032422555251,0.193648546577605,3710,3614,1828,1828,"P2a",1002
190,0.171249140743065,0.461075010466107,0.10897,0.4,4000,0.93225,0.4765,0.0146904512067156,0.00209863588667366,0.476109766705384,0.400758914576388,0.377495622625212,0.373777630656493,0.419401451639578,0.373528592825789,3729,3556,1906,1902,"P2a",1002
190,0.171249140743065,0.461075010466107,0.10897,0.6,4000,0.92975,0.47175,0.0455749867514573,0.00423953365129836,0.701129124894156,0.57054137758342,0.544534587867766,0.537421585295709,0.624977579533649,0.550664010158187,3719,3391,1887,1879,"P2a",1002
190,0.171249140743065,0.461075010466107,0.10897,0.8,4000,0.9275,0.47375,0.132981530343008,0.0263852242744063,0.964127272109764,0.72452714507586,0.736325644148549,0.703984824783686,0.82247309609139,0.723442160222728,3710,3093,1895,1845,"P2a",1002
177,0.170488032874567,0.399258838294303,0.10897,-0.8,4000,0.92575,0.43125,0.126376811594203,0.0469565217391304,-1.03449179547748,-0.67304636082746,-0.684154646384468,-0.633680908482915,-0.839090775528192,-0.669681533576163,3703,2855,1725,1644,"P2a",1017
177,0.170488032874567,0.399258838294303,0.10897,-0.6,4000,0.9235,0.431,0.0533642691415313,0.0203016241299304,-0.755833858346252,-0.5356984380526,-0.506064007129334,-0.481728233609513,-0.627198841397834,-0.487819863785465,3694,3200,1724,1689,"P2a",1017
177,0.170488032874567,0.399258838294303,0.10897,-0.4,4000,0.9255,0.442,0.0113122171945701,0.00226244343891403,-0.529941738254859,-0.37075536933496,-0.321036284085021,-0.317349880039253,-0.413452140823546,-0.312563801333991,3702,3400,1768,1764,"P2a",1017
177,0.170488032874567,0.399258838294303,0.10897,-0.2,4000,0.9235,0.4265,0.00937866354044549,0,-0.292231535509308,-0.211664527037679,-0.154132331197085,-0.1529885687648,-0.221363310543142,-0.15956091786704,3694,3546,1706,1706,"P2a",1017
177,0.170488032874567,0.399258838294303,0.10897,0,4000,0.918,0.421,0.00296912114014252,0,-0.02289265964888,-0.00840749752883697,0.0296414760257448,0.0297757541816272,-0.00255163508756683,0.0331742055286757,3672,3569,1684,1684,"P2a",1017
177,0.170488032874567,0.399258838294303,0.10897,0.2,4000,0.923,0.4285,0.0058343057176196,0.00058343057176196,0.213719476072385,0.197667008402437,0.214703547336095,0.21357990661534,0.220758989439917,0.224683970996461,3692,3577,1714,1713,"P2a",1017
177,0.170488032874567,0.399258838294303,0.10897,0.4,4000,0.9245,0.44175,0.0220713073005093,0.00226372382569327,0.46124278740708,0.383310507699499,0.378256734820956,0.374143233741087,0.417383371617853,0.380590155431951,3698,3519,1767,1763,"P2a",1017
177,0.170488032874567,0.399258838294303,0.10897,0.6,4000,0.91875,0.43575,0.0470453241537579,0.00745840504876649,0.709430435253208,0.560209261284975,0.545518533550704,0.534523598682017,0.622821707849578,0.547815121626574,3675,3317,1743,1730,"P2a",1017
177,0.170488032874567,0.399258838294303,0.10897,0.8,4000,0.9165,0.422,0.121445497630332,0.0402843601895735,0.980099859294353,0.704851575996678,0.724519200976517,0.684148163074389,0.833027458956114,0.714335751628571,3666,2950,1688,1620,"P2a",1017
164,0.170292363382927,0.40227924981336,0.10897,-0.8,4000,0.907,0.3895,0.115532734274711,0.0404364569961489,-1.05361549973468,-0.671508671065432,-0.671857803104435,-0.627543683620705,-0.846997093799148,-0.661993011581829,3628,2774,1558,1495,"P2a",1019
164,0.170292363382927,0.40227924981336,0.10897,-0.6,4000,0.90925,0.387,0.0510335917312661,0.0135658914728682,-0.789189254569382,-0.538751714667636,-0.493667717504291,-0.476367306603293,-0.640252302097289,-0.478543389216207,3637,3078,1548,1527,"P2a",1019
164,0.170292363382927,0.40227924981336,0.10897,-0.4,4000,0.91625,0.39475,0.0158328055731476,0.00379987333755541,-0.568282271689797,-0.380840613846343,-0.318567896739182,-0.313311010789173,-0.425884532797029,-0.305419258046088,3665,3320,1579,1573,"P2a",1019
164,0.170292363382927,0.40227924981336,0.10897,-0.2,4000,0.9175,0.39775,0.00251414204902577,0.000628535512256443,-0.332716248109681,-0.191640329264593,-0.141687660476401,-0.140735411034997,-0.205845428024474,-0.142076086002528,3670,3474,1591,1590,"P2a",1019
164,0.170292363382927,0.40227924981336,0.10897,0,4000,0.9035,0.412,0.00303398058252427,0.000606796116504854,-0.0388145877102894,-0.00145249969651494,0.0267211177505875,0.0277859964864519,0.00941385623063375,0.0383219893018379,3614,3485,1648,1647,"P2a",1019
164,0.170292363382927,0.40227924981336,0.10897,0.2,4000,0.90625,0.3935,0.00698856416772554,0,0.224412551421531,0.195052951658237,0.193716073179706,0.193305934573625,0.209211664993015,0.200658544474405,3625,3506,1574,1574,"P2a",1019
164,0.170292363382927,0.40227924981336,0.10897,0.4,4000,0.91375,0.38975,0.0141116100064144,0.00449005772931366,0.484645283036621,0.369422389413451,0.364369045017355,0.358747955882218,0.408875225645071,0.360279808252451,3655,3421,1559,1552,"P2a",1019
164,0.170292363382927,0.40227924981336,0.10897,0.6,4000,0.909,0.39275,0.0623806492679822,0.00891152132399745,0.77474199220869,0.558331582704436,0.562765598673275,0.549486376641408,0.651506012609526,0.56728067357882,3636,3189,1571,1557,"P2a",1019
164,0.170292363382927,0.40227924981336,0.10897,0.8,4000,0.91225,0.40425,0.12987012987013,0.0296846011131725,0.957080506410218,0.697451061035911,0.711368618936169,0.677800393151054,0.830176451598167,0.708868606649634,3649,2960,1617,1569,"P2a",1019
152,0.180189575351652,0.399104860104088,0.10897,-0.8,4000,0.912,0.39375,0.100952380952381,0.0482539682539683,-1.01716913953013,-0.649872451715221,-0.653755023357823,-0.602849745056531,-0.82597594840789,-0.640454718716689,3648,2788,1575,1499,"P2a",1020
152,0.180189575351652,0.399104860104088,0.10897,-0.6,4000,0.916,0.386,0.0440414507772021,0.0187823834196891,-0.801728101484884,-0.530492574911357,-0.490927041205789,-0.469525212518917,-0.636492678343481,-0.470826999803514,3664,3087,1544,1515,"P2a",1020
152,0.180189575351652,0.399104860104088,0.10897,-0.4,4000,0.91525,0.39375,0.0165079365079365,0.00253968253968254,-0.528788550798525,-0.375026551450753,-0.315591731315942,-0.311532393305905,-0.41734012510561,-0.308717921001226,3661,3326,1575,1571,"P2a",1020
152,0.180189575351652,0.399104860104088,0.10897,-0.2,4000,0.90825,0.40475,0.00247066090179123,0.000617665225447807,-0.293238486470036,-0.19288406329405,-0.138608629583159,-0.137592488276577,-0.197671756363845,-0.128376292021381,3633,3414,1619,1618,"P2a",1020
152,0.180189575351652,0.399104860104088,0.10897,0,4000,0.91525,0.39425,0.00317057704502219,0.000634115409004439,-0.016327636224886,0.0043080364191645,0.0495343150257736,0.0505993786388125,0.0207703686137827,0.0527294780744501,3661,3541,1577,1576,"P2a",1020
152,0.180189575351652,0.399104860104088,0.10897,0.2,4000,0.913,0.4065,0.002460024600246,0,0.208777417208904,0.185071568858877,0.195935577709531,0.195609857432468,0.211195606389208,0.204556532329436,3652,3527,1626,1626,"P2a",1020
152,0.180189575351652,0.399104860104088,0.10897,0.4,4000,0.921,0.398,0.0150753768844221,0.00251256281407035,0.47165415145625,0.381366990861216,0.374328630883614,0.37078871291488,0.421629409284761,0.381013864747756,3684,3458,1592,1588,"P2a",1020
152,0.180189575351652,0.399104860104088,0.10897,0.6,4000,0.919,0.4045,0.0550061804697157,0.0111248454882571,0.732709160825753,0.551228447988216,0.546920514105719,0.532312074815173,0.623295610460766,0.539792989925478,3676,3249,1618,1600,"P2a",1020
152,0.180189575351652,0.399104860104088,0.10897,0.8,4000,0.91625,0.4,0.13125,0.036875,0.998692710470075,0.687844147985608,0.711989235440849,0.671147880077721,0.838496010042675,0.705175357859366,3665,2903,1600,1541,"P2a",1020
124,0.367492076311222,0.40192087783984,0.10897,-0.8,4000,0.98475,0.70225,0.151655393378426,0.077251690993236,-0.965715806198453,-0.729555225896926,-0.784604654480163,-0.711380184814478,-0.863723653219499,-0.778684367245145,3939,3169,2809,2592,"P2a",1031
124,0.367492076311222,0.40192087783984,0.10897,-0.6,4000,0.98825,0.69875,0.0779964221824687,0.0289803220035778,-0.718230170373049,-0.587080610058427,-0.592158216711671,-0.560286433782401,-0.651864874757791,-0.580768050305852,3953,3545,2795,2714,"P2a",1031
124,0.367492076311222,0.40192087783984,0.10897,-0.4,4000,0.9885,0.6785,0.0228445099484156,0.00331613854089904,-0.501868844979362,-0.410771047726515,-0.374524715945885,-0.368931878035104,-0.426276547561149,-0.366557052827529,3954,3739,2714,2705,"P2a",1031
124,0.367492076311222,0.40192087783984,0.10897,-0.2,4000,0.99,0.69025,0.00651937703730532,0.00144875045273452,-0.26219326895769,-0.215098781957811,-0.185753250407644,-0.183353503123937,-0.21332614635665,-0.175060007319846,3960,3859,2761,2757,"P2a",1031
124,0.367492076311222,0.40192087783984,0.10897,0,4000,0.9855,0.7075,0.00141342756183746,0.000706713780918728,-0.0220493147884353,-0.0077813539117426,0.0183069607462533,0.0183713310026944,-0.00310568763249291,0.0162858469189126,3942,3895,2830,2828,"P2a",1031
124,0.367492076311222,0.40192087783984,0.10897,0.2,4000,0.9905,0.6965,0.00251256281407035,0,0.222489643840291,0.208711855546965,0.213085859023788,0.212830190833519,0.21948437875361,0.214422809576617,3962,3916,2786,2786,"P2a",1031
124,0.367492076311222,0.40192087783984,0.10897,0.4,4000,0.989,0.69625,0.0208258527827648,0.00179533213644524,0.436971182523606,0.403637095532347,0.402753094742459,0.399218740703252,0.42010932898828,0.40720928905183,3956,3865,2785,2780,"P2a",1031
124,0.367492076311222,0.40192087783984,0.10897,0.6,4000,0.98775,0.7015,0.063791874554526,0.0121168923734854,0.690172619479769,0.59481144338212,0.595272673872716,0.579900589619159,0.639796019993232,0.596725266082194,3951,3702,2806,2772,"P2a",1031
124,0.367492076311222,0.40192087783984,0.10897,0.8,4000,0.9845,0.70175,0.159600997506234,0.0605628785179907,0.924036987815931,0.750716506246885,0.795627335649805,0.741600626849875,0.842292958980006,0.78735507380215,3938,3357,2807,2637,"P2a",1031
255,0.170173144198607,0.402590260118237,0.10897,-0.8,4000,0.95075,0.57025,0.133713283647523,0.0363875493204735,-0.964948850858376,-0.716526723613006,-0.727144151057639,-0.685653415248569,-0.827088902371983,-0.716344369242428,3803,3110,2281,2198,"P2a",1106
255,0.170173144198607,0.402590260118237,0.10897,-0.6,4000,0.95375,0.561,0.0472370766488414,0.0124777183600713,-0.756741465389413,-0.569836248215947,-0.537632236113466,-0.521952154144865,-0.618136862079668,-0.518335528231719,3815,3417,2244,2216,"P2a",1106
255,0.170173144198607,0.402590260118237,0.10897,-0.4,4000,0.95525,0.546,0.0169413919413919,0.00503663003663004,-0.508641553360553,-0.404823074231533,-0.351105153607225,-0.344160951941931,-0.420829032872028,-0.337320148672092,3821,3600,2184,2173,"P2a",1106
255,0.170173144198607,0.402590260118237,0.10897,-0.2,4000,0.95775,0.56325,0.00577008433200178,0.00177541056369285,-0.262405704780502,-0.215578425277558,-0.167551177411732,-0.16531918931305,-0.210830446288657,-0.157144980895298,3831,3729,2253,2249,"P2a",1106
255,0.170173144198607,0.402590260118237,0.10897,0,4000,0.9565,0.55675,0.00134710372698698,0,-0.0155958752849058,-0.00295260739559227,0.0182344142279364,0.0182443424373403,0.012200823799572,0.0236866895895735,3826,3774,2227,2227,"P2a",1106
255,0.170173144198607,0.402590260118237,0.10897,0.2,4000,0.95925,0.56725,0.00176289114147201,0.000440722785368004,0.240522450289848,0.189917783466236,0.194172977486815,0.193561940334163,0.205780547551442,0.201544536744431,3837,3758,2269,2268,"P2a",1106
255,0.170173144198607,0.402590260118237,0.10897,0.4,4000,0.9565,0.554,0.0121841155234657,0.00135379061371841,0.470172828471193,0.405467244426922,0.385405098345605,0.383417855739996,0.425338925812957,0.391827321236334,3826,3692,2216,2213,"P2a",1106
255,0.170173144198607,0.402590260118237,0.10897,0.6,4000,0.959,0.57075,0.0530004380201489,0.00613228208497591,0.694263139606098,0.589039356511585,0.57369704265077,0.56375039319523,0.630214005956449,0.567334168963573,3836,3552,2283,2269,"P2a",1106
255,0.170173144198607,0.402590260118237,0.10897,0.8,4000,0.959,0.55525,0.130121566861774,0.0328680774425934,0.952607674718573,0.74509928709601,0.753902636609207,0.72004691061994,0.843977168453174,0.753885458042369,3836,3200,2221,2148,"P2a",1106
213,0.169285512198446,0.402264179189827,0.10897,-0.8,4000,0.9415,0.49725,0.110608345902464,0.0517848164906988,-0.999482755816373,-0.683084879018138,-0.692116154025545,-0.640115385537548,-0.824499020769973,-0.672922709534153,3766,2949,1989,1886,"P2a",1178
213,0.169285512198446,0.402264179189827,0.10897,-0.6,4000,0.948,0.50775,0.0457902511078287,0.0132939438700148,-0.773498956790584,-0.554340945957171,-0.50877241879102,-0.49203408433182,-0.619703173149773,-0.50325716783689,3792,3334,2031,2004,"P2a",1178
213,0.169285512198446,0.402264179189827,0.10897,-0.4,4000,0.9435,0.496,0.0131048387096774,0.00453629032258065,-0.551546457591332,-0.399564258093448,-0.337025287280623,-0.33140900735841,-0.42453584060724,-0.330409016136734,3774,3533,1984,1975,"P2a",1178
213,0.169285512198446,0.402264179189827,0.10897,-0.2,4000,0.93975,0.49225,0.00406297613001524,0.000507872016251904,-0.265650171737698,-0.202404521834491,-0.155610652971407,-0.154590395869063,-0.207869798935166,-0.154514328916535,3759,3609,1969,1968,"P2a",1178
213,0.169285512198446,0.402264179189827,0.10897,0,4000,0.93475,0.47525,0.000526038926880589,0,-0.0065575728203191,-0.00342286182773807,0.028147063164914,0.028084921580259,0.00582240752140204,0.032748708094793,3739,3660,1901,1901,"P2a",1178
213,0.169285512198446,0.402264179189827,0.10897,0.2,4000,0.93475,0.47925,0.00365153886280647,0.000521648408972353,0.226922541047848,0.196197451658728,0.203907977333783,0.20307402233001,0.224067699169781,0.219597281882152,3739,3644,1917,1916,"P2a",1178
213,0.169285512198446,0.402264179189827,0.10897,0.4,4000,0.93925,0.486,0.0102880658436214,0.00102880658436214,0.465289915873883,0.396854809717488,0.3758798767142,0.374045914043524,0.426828226576532,0.374676961297004,3757,3590,1944,1942,"P2a",1178
213,0.169285512198446,0.402264179189827,0.10897,0.6,4000,0.94575,0.492,0.0472560975609756,0.00711382113821138,0.718612196297917,0.575075302855752,0.557861339188842,0.54792676171969,0.629474795138971,0.553317110680442,3783,3434,1968,1954,"P2a",1178
213,0.169285512198446,0.402264179189827,0.10897,0.8,4000,0.9415,0.4875,0.13025641025641,0.0353846153846154,0.949775214455733,0.72677843356588,0.735709299462582,0.6985637938594,0.839467919365579,0.721612101422285,3766,3107,1950,1881,"P2a",1178
250,0.170290771154102,0.40154537140876,0.10897,-0.8,4000,0.95475,0.5605,0.125334522747547,0.0477252453166815,-1.05530721298929,-0.702623513527346,-0.718267269492204,-0.66980094008068,-0.825824536022391,-0.70026048438549,3819,3040,2242,2135,"P2a",1183
250,0.170290771154102,0.40154537140876,0.10897,-0.6,4000,0.957,0.5635,0.0452528837622005,0.0106477373558119,-0.739694215155096,-0.569022529806263,-0.528536132633754,-0.51465437891885,-0.614515619389925,-0.517623027688223,3828,3422,2254,2230,"P2a",1183
250,0.170290771154102,0.40154537140876,0.10897,-0.4,4000,0.958,0.55425,0.0117275597654488,0.002255299954894,-0.510134116608859,-0.397928853265135,-0.338750482164022,-0.3355169478705,-0.412585612025418,-0.32627622282208,3832,3586,2217,2212,"P2a",1183
250,0.170290771154102,0.40154537140876,0.10897,-0.2,4000,0.95225,0.54875,0.00501138952164009,0.000455580865603645,-0.263035966049851,-0.216884589361576,-0.165036648496468,-0.163774978856514,-0.21811586618197,-0.15781047154123,3809,3695,2195,2194,"P2a",1183
250,0.170290771154102,0.40154537140876,0.10897,0,4000,0.95325,0.553,0.000904159132007233,0,-0.0253707374592469,-0.00294874523757727,0.0291932263848613,0.0292394980207729,0.01341102720982,0.0385018963277917,3813,3745,2212,2212,"P2a",1183
250,0.170290771154102,0.40154537140876,0.10897,0.2,4000,0.95525,0.56075,0.00133749442710655,0,0.216255158602418,0.204913404612752,0.1983979299919,0.198331256964168,0.216272914277282,0.207786482499589,3821,3764,2243,2243,"P2a",1183
250,0.170290771154102,0.40154537140876,0.10897,0.4,4000,0.95775,0.556,0.00944244604316547,0.000449640287769784,0.466896101141997,0.409066533679992,0.387382428759261,0.386435473026035,0.427099332406839,0.388207100752566,3831,3693,2224,2223,"P2a",1183
250,0.170290771154102,0.40154537140876,0.10897,0.6,4000,0.955,0.5505,0.0454132606721163,0.00499545867393279,0.710326033369603,0.584788807945785,0.565695933316197,0.557445848754831,0.628212368219147,0.562944068410598,3820,3509,2202,2191,"P2a",1183
250,0.170290771154102,0.40154537140876,0.10897,0.8,4000,0.95775,0.5545,0.130297565374211,0.0329125338142471,0.950555588652326,0.743953762699764,0.754208862056257,0.719965346501106,0.839467172649822,0.75123143428516,3831,3207,2218,2145,"P2a",1183
330,0.349604526456844,0.417961066509339,0.10897,-0.8,4000,1,0.987,0.170466058763931,0.0468591691995947,-0.838100794454097,-0.786417706936006,-0.831274833409769,-0.78543020741352,-0.815795186026458,-0.812337911038089,4000,3784,3948,3763,"P2a",1234
330,0.349604526456844,0.417961066509339,0.10897,-0.6,4000,1,0.9855,0.052257737189244,0.00634195839675292,-0.63330777223689,-0.618052058396888,-0.625539269154985,-0.615989171350027,-0.618403960482307,-0.615398115283804,4000,3953,3942,3917,"P2a",1234
330,0.349604526456844,0.417961066509339,0.10897,-0.4,4000,1,0.98825,0.0103718694662282,0.00101188970402226,-0.424191301687577,-0.421633126641844,-0.421663428510769,-0.419990370774295,-0.411186168843823,-0.408785351445682,4000,3993,3953,3949,"P2a",1234
330,0.349604526456844,0.417961066509339,0.10897,-0.2,4000,1,0.984,0.000508130081300813,0,-0.221124945715133,-0.220281233876214,-0.21784659432394,-0.217779741845522,-0.211930623875899,-0.209885611094116,4000,3998,3936,3936,"P2a",1234
330,0.349604526456844,0.417961066509339,0.10897,0,4000,0.99975,0.98575,0,0,-0.00813318697106518,-0.00737721449795914,-0.00538589335330058,-0.00538589335330058,-0.000789377407209679,-0.000160821407316776,3999,3997,3943,3943,"P2a",1234
330,0.349604526456844,0.417961066509339,0.10897,0.2,4000,0.99975,0.98775,0,0,0.196644744203124,0.196669624264418,0.19765440190973,0.19765440190973,0.198274380434263,0.198525244506343,3999,3999,3951,3951,"P2a",1234
330,0.349604526456844,0.417961066509339,0.10897,0.4,4000,1,0.98325,0.0045766590389016,0.0007627765064836,0.413485575593464,0.412096556843634,0.412448139671929,0.411403996995438,0.409807431573805,0.409675846521284,4000,3996,3933,3930,"P2a",1234
330,0.349604526456844,0.417961066509339,0.10897,0.6,4000,0.99975,0.982,0.0272403258655804,0.0010183299389002,0.62281505716299,0.617524566370352,0.618322832093401,0.615655372147399,0.616459662766928,0.615087787423953,3999,3984,3928,3924,"P2a",1234
330,0.349604526456844,0.417961066509339,0.10897,0.8,4000,1,0.98275,0.139404731620453,0.0180615619435258,0.827990353693263,0.79944073889913,0.821168682862004,0.798394743328736,0.815256434391077,0.812577682963776,4000,3898,3931,3860,"P2a",1234
391,0.168105909025907,0.39502900455042,0.10897,-0.8,4000,0.981,0.7075,0.133922261484099,0.0413427561837456,-0.945717949857165,-0.737755974574627,-0.757085512445917,-0.715626180495422,-0.819742414507293,-0.737985104012189,3924,3299,2830,2713,"P2a",1237
391,0.168105909025907,0.39502900455042,0.10897,-0.6,4000,0.986,0.7205,0.0440666204024983,0.00659264399722415,-0.698491566222315,-0.593248433074732,-0.566495704450996,-0.557081186853386,-0.608224744489833,-0.55246414092329,3944,3676,2882,2863,"P2a",1237
391,0.168105909025907,0.39502900455042,0.10897,-0.4,4000,0.98425,0.71625,0.0160558464223386,0.0031413612565445,-0.48141445763521,-0.430167730008059,-0.391210818448448,-0.38699534737303,-0.423405961755829,-0.374253711065134,3937,3811,2865,2856,"P2a",1237
391,0.168105909025907,0.39502900455042,0.10897,-0.2,4000,0.98275,0.714,0.00105042016806723,0.000350140056022409,-0.243571525410827,-0.218480805930689,-0.18691136978599,-0.186417494324998,-0.202667370744572,-0.175317021873705,3931,3883,2856,2855,"P2a",1237
391,0.168105909025907,0.39502900455042,0.10897,0,4000,0.986,0.71325,0.000701016473887136,0,-0.0191709263393649,-0.00501482719011048,0.00642456534498065,0.00641195479430377,0.00588309499575765,0.0125288120897956,3944,3922,2853,2853,"P2a",1237
391,0.168105909025907,0.39502900455042,0.10897,0.2,4000,0.978,0.7,0.00107142857142857,0,0.210320297993505,0.202142395974109,0.194979096304946,0.194936968028903,0.202377081916761,0.192838666832337,3912,3888,2800,2800,"P2a",1237
391,0.168105909025907,0.39502900455042,0.10897,0.4,4000,0.9805,0.71125,0.00597539543057996,0,0.431023152350616,0.414740917761513,0.394652887887135,0.394223419838429,0.414203503609593,0.393602612353203,3922,3878,2845,2845,"P2a",1237
391,0.168105909025907,0.39502900455042,0.10897,0.6,4000,0.98775,0.71425,0.0287014350717536,0.00280014000700035,0.661409016078094,0.607270954873525,0.581098512599378,0.576781116257102,0.616462843465163,0.577443772409823,3951,3776,2857,2849,"P2a",1237
391,0.168105909025907,0.39502900455042,0.10897,0.8,4000,0.9855,0.7115,0.138088545326774,0.0256500351370344,0.898868342728873,0.770703584895822,0.779322773534551,0.751739387800207,0.825395939760397,0.769736559927954,3942,3483,2846,2773,"P2a",1237
483,0.200725513170991,0.428557866403002,0.10897,-0.8,4000,0.99725,0.889,0.157199100112486,0.0430258717660292,-0.871282613573408,-0.779656069329127,-0.811985499657282,-0.770387524941125,-0.822125838337312,-0.790096585585783,3989,3626,3556,3403,"P2a",1244
483,0.200725513170991,0.428557866403002,0.10897,-0.6,4000,0.999,0.8765,0.0419281232173417,0.00741585852823731,-0.672066190375546,-0.621509474220359,-0.610784338700707,-0.601950743099756,-0.624190992935758,-0.597163186528714,3996,3843,3506,3480,"P2a",1244
483,0.200725513170991,0.428557866403002,0.10897,-0.4,4000,0.99775,0.88875,0.00421940928270042,0.000843881856540084,-0.433866878793703,-0.421316961352507,-0.402847333743892,-0.401668175635129,-0.409334735805911,-0.394241655387692,3991,3956,3555,3552,"P2a",1244
483,0.200725513170991,0.428557866403002,0.10897,-0.2,4000,0.9965,0.88975,0.000561955605507165,0,-0.230709711174647,-0.226950422042655,-0.208342661796843,-0.208337286776976,-0.211174746956532,-0.197797801593544,3986,3976,3559,3559,"P2a",1244
483,0.200725513170991,0.428557866403002,0.10897,0,4000,0.99725,0.88925,0,0,-0.013248488464132,-0.011786299104457,-0.00620426528939535,-0.00620426528939535,-0.00467234997195903,-0.00183933750211301,3989,3984,3557,3557,"P2a",1244
483,0.200725513170991,0.428557866403002,0.10897,0.2,4000,0.99575,0.8875,0,0,0.208066792092618,0.204226887111047,0.201908109910265,0.201908109910265,0.204929980116115,0.203640815781963,3983,3974,3550,3550,"P2a",1244
483,0.200725513170991,0.428557866403002,0.10897,0.4,4000,0.99875,0.8965,0.00250976017847183,0,0.413265393396909,0.408646137371497,0.397858441224743,0.397691953495817,0.402449042052912,0.395500308785622,3995,3983,3586,3586,"P2a",1244
483,0.200725513170991,0.428557866403002,0.10897,0.6,4000,0.99775,0.888,0.022240990990991,0.00225225225225225,0.643281752047381,0.617320910593689,0.606569527073099,0.60327591799308,0.617085328120266,0.59914744718687,3991,3929,3552,3544,"P2a",1244
483,0.200725513170991,0.428557866403002,0.10897,0.8,4000,0.9975,0.89125,0.150070126227209,0.017671809256662,0.857401216003558,0.794847593784138,0.810945726769644,0.786721876779946,0.822509476082907,0.801068689428741,3990,3754,3565,3502,"P2a",1244
318,0.311184586287893,0.474885126470041,0.10897,-0.8,4000,0.9995,0.96475,0.175434050272091,0.0458668048717284,-0.851673272938733,-0.786542802634046,-0.827826554086916,-0.783865212511075,-0.821127791422217,-0.810371172713777,3998,3747,3859,3682,"P2a",1301
318,0.311184586287893,0.474885126470041,0.10897,-0.6,4000,1,0.97075,0.0466134432140098,0.00669585372134947,-0.637088208401758,-0.618835336153428,-0.624588382936304,-0.615401985376037,-0.623578143469381,-0.619139389550177,4000,3945,3883,3857,"P2a",1301
318,0.311184586287893,0.474885126470041,0.10897,-0.4,4000,0.99975,0.968,0.00955578512396694,0.000774793388429752,-0.428826196886707,-0.420719360574158,-0.415318803178963,-0.413647141880742,-0.408975571028453,-0.403025403487946,3999,3978,3872,3869,"P2a",1301
318,0.311184586287893,0.474885126470041,0.10897,-0.2,4000,0.9995,0.96575,0.00103546466476831,0.000258866166192079,-0.221955104966457,-0.220196990804626,-0.21499939338997,-0.214683501584869,-0.205115264049183,-0.201525785411656,3998,3993,3863,3862,"P2a",1301
318,0.311184586287893,0.474885126470041,0.10897,0,4000,0.9995,0.967,0.000258531540847983,0,-0.0105516088497394,-0.0104935423591227,-0.00764673412782936,-0.00758671607470485,-0.00222825654635721,-0.00133721616323488,3998,3998,3868,3868,"P2a",1301
318,0.311184586287893,0.474885126470041,0.10897,0.2,4000,0.99925,0.96575,0,0,0.201447873537858,0.201466380340773,0.200978144964085,0.200978144964085,0.201074432183947,0.200623900012292,3997,3997,3863,3863,"P2a",1301
318,0.311184586287893,0.474885126470041,0.10897,0.4,4000,0.99875,0.96375,0.00207522697795071,0,0.41651939644702,0.415350829511125,0.413171677053422,0.413025563852657,0.416743466835086,0.414575102174624,3995,3992,3855,3855,"P2a",1301
318,0.311184586287893,0.474885126470041,0.10897,0.6,4000,0.99925,0.96825,0.0255615801704105,0.00154918667699458,0.645170779163931,0.615384979328952,0.616047636704759,0.612985649053514,0.618946438082721,0.615905897598484,3997,3972,3873,3867,"P2a",1301
318,0.311184586287893,0.474885126470041,0.10897,0.8,4000,0.9995,0.96425,0.152450090744102,0.0181488203266788,0.836514223900185,0.800707459030943,0.822553443631656,0.798614397912288,0.821863229038892,0.815141461867651,3998,3869,3857,3787,"P2a",1301
315,0.170344983326691,0.399866357971161,0.10897,-0.8,4000,0.97475,0.64125,0.1317738791423,0.0487329434697856,-0.944774867145011,-0.729714068975283,-0.745623175017889,-0.696845111820952,-0.831591752263748,-0.729791584016169,3899,3234,2565,2440,"P2a",1327
315,0.170344983326691,0.399866357971161,0.10897,-0.6,4000,0.97375,0.6425,0.0478599221789883,0.0101167315175097,-0.704751760409728,-0.583065768899122,-0.551280153214022,-0.538339737158858,-0.61887804844381,-0.532953847728412,3895,3557,2570,2544,"P2a",1327
315,0.170344983326691,0.399866357971161,0.10897,-0.4,4000,0.973,0.6285,0.0143198090692124,0.0035799522673031,-0.497431175993962,-0.425290867196709,-0.376291779933823,-0.371328602543353,-0.427316615302251,-0.365725119696323,3892,3732,2514,2505,"P2a",1327
315,0.170344983326691,0.399866357971161,0.10897,-0.2,4000,0.97225,0.64825,0.00192826841496336,0.000385653682992673,-0.241737222392967,-0.210664947920316,-0.174798473654521,-0.174196408599802,-0.201182583677533,-0.166811917241031,3889,3821,2593,2592,"P2a",1327
315,0.170344983326691,0.399866357971161,0.10897,0,4000,0.9725,0.64575,0.00116144018583043,0,-0.0149748775515265,-0.00625383760112742,0.0152463759377227,0.0152352995775467,0.0134058440573131,0.0246914853667804,3890,3861,2583,2583,"P2a",1327
315,0.170344983326691,0.399866357971161,0.10897,0.2,4000,0.972,0.6355,0.000786782061369001,0,0.211672079057952,0.20270976806401,0.201729728689738,0.201708435263231,0.214274125251218,0.210715779098611,3888,3850,2542,2542,"P2a",1327
315,0.170344983326691,0.399866357971161,0.10897,0.4,4000,0.971,0.6405,0.00585480093676815,0.00039032006245121,0.449102662148228,0.413378137270366,0.390740240702565,0.389783682243443,0.422668685390529,0.392911471308381,3884,3789,2562,2561,"P2a",1327
315,0.170344983326691,0.399866357971161,0.10897,0.6,4000,0.9705,0.641,0.0339313572542902,0.0046801872074883,0.686773848119692,0.602755097115014,0.576876664781346,0.570377014991224,0.628939586026195,0.574565385735662,3882,3667,2564,2552,"P2a",1327
315,0.170344983326691,0.399866357971161,0.10897,0.8,4000,0.97575,0.64325,0.136027982899339,0.0268169452001555,0.931856560362711,0.756513300456039,0.764633177394655,0.734242513094201,0.828260356258066,0.758065671701922,3903,3398,2573,2504,"P2a",1327
363,0.18293054634801,0.394669856588057,0.10897,-0.8,4000,0.98675,0.74975,0.14538179393131,0.0483494498166055,-0.934132089988177,-0.744063729501956,-0.770983920566192,-0.723854043868915,-0.822649690034175,-0.756342141969649,3947,3348,2999,2854,"P2a",1367
363,0.18293054634801,0.394669856588057,0.10897,-0.6,4000,0.98525,0.7445,0.0517125587642713,0.0114170584284755,-0.69050263675338,-0.603009695411724,-0.582710337632692,-0.568494153052775,-0.6155699669687,-0.561893374219934,3941,3691,2978,2944,"P2a",1367
363,0.18293054634801,0.394669856588057,0.10897,-0.4,4000,0.9855,0.74025,0.0118203309692671,0.000675447483958122,-0.456967997681699,-0.41497143846571,-0.37946943458623,-0.377549746971307,-0.406441417698948,-0.362154897522164,3942,3834,2961,2959,"P2a",1367
363,0.18293054634801,0.394669856588057,0.10897,-0.2,4000,0.9875,0.737,0.00169606512890095,0.00101763907734057,-0.233363103158651,-0.217169732603877,-0.184598550903175,-0.183237374289007,-0.204200420362172,-0.178790356503693,3950,3909,2948,2945,"P2a",1367
363,0.18293054634801,0.394669856588057,0.10897,0,4000,0.98875,0.7565,0.000330469266358229,0,-0.0166456497411217,-0.00471579387974614,0.00635128719815537,0.00635669892866134,0.0032928365412761,0.0135750889357047,3955,3935,3026,3026,"P2a",1367
363,0.18293054634801,0.394669856588057,0.10897,0.2,4000,0.986,0.7465,0.000669792364367046,0,0.19981181743432,0.1969305323388,0.19424868913757,0.194238817709578,0.203304712107256,0.202709568242664,3944,3928,2986,2986,"P2a",1367
363,0.18293054634801,0.394669856588057,0.10897,0.4,4000,0.98825,0.74475,0.00637797918764686,0.000335683115139308,0.466674633999687,0.420910866906615,0.401081247762753,0.400202453902398,0.422283526483519,0.398260591671612,3953,3874,2979,2978,"P2a",1367
363,0.18293054634801,0.394669856588057,0.10897,0.6,4000,0.987,0.73975,0.0310915849949307,0.00540723217303143,0.661890254302237,0.606770333196937,0.590192633089991,0.583504869643962,0.617383615496506,0.587251766635544,3948,3780,2959,2943,"P2a",1367
363,0.18293054634801,0.394669856588057,0.10897,0.8,4000,0.9865,0.75125,0.140432612312812,0.0292845257903494,0.894723835425901,0.768899594631576,0.782426567762439,0.751083650717872,0.822678620618198,0.772613434235356,3946,3528,3005,2917,"P2a",1367
201,0.17059431266471,0.402196469059183,0.10897,-0.8,4000,0.93675,0.4785,0.125391849529781,0.0464994775339603,-0.98333672188414,-0.696722662723988,-0.70201245562456,-0.653036878656678,-0.839438015204019,-0.682687211306833,3747,2954,1914,1825,"P2a",1384
201,0.17059431266471,0.402196469059183,0.10897,-0.6,4000,0.93725,0.47325,0.0470153195985209,0.0200739566825145,-0.764745936560673,-0.545356084700275,-0.511901533453591,-0.488749356746781,-0.623011998956623,-0.501745555928851,3749,3253,1893,1855,"P2a",1384
201,0.17059431266471,0.402196469059183,0.10897,-0.4,4000,0.936,0.47475,0.0194839389152185,0.004739336492891,-0.52747863203506,-0.392252241011588,-0.331672332910631,-0.325041241980459,-0.418455432028372,-0.32432811696786,3744,3484,1899,1890,"P2a",1384
201,0.17059431266471,0.402196469059183,0.10897,-0.2,4000,0.93575,0.48125,0.00415584415584416,0.000519480519480519,-0.26790479953593,-0.203468864474355,-0.161154574129455,-0.160127988743395,-0.20453469969965,-0.150110652474497,3743,3605,1925,1924,"P2a",1384
201,0.17059431266471,0.402196469059183,0.10897,0,4000,0.934,0.47475,0.00263296471827278,0,-0.0346362549803761,-0.0116518901097932,0.0322765168762753,0.0325060056898581,0.00211601079029674,0.0386990574138779,3736,3651,1899,1899,"P2a",1384
201,0.17059431266471,0.402196469059183,0.10897,0.2,4000,0.9355,0.479,0.00521920668058455,0.00156576200417537,0.226645839643125,0.208505669595409,0.201492765701136,0.200736517678359,0.228537284442584,0.211080901491116,3742,3647,1916,1913,"P2a",1384
201,0.17059431266471,0.402196469059183,0.10897,0.4,4000,0.93875,0.479,0.0151356993736952,0.00208768267223382,0.491924126412053,0.398371833093899,0.39152060862008,0.388507692586618,0.435847896802353,0.393885243856561,3755,3580,1916,1912,"P2a",1384
201,0.17059431266471,0.402196469059183,0.10897,0.6,4000,0.9355,0.4745,0.0395152792413066,0.00790305584826133,0.714313523624926,0.568922874569027,0.547240614334222,0.537199498284457,0.62333222058923,0.544209957047715,3742,3378,1898,1883,"P2a",1384
201,0.17059431266471,0.402196469059183,0.10897,0.8,4000,0.93825,0.469,0.126865671641791,0.0314498933901919,0.97369206516441,0.724102588619356,0.738569563312414,0.705277672472602,0.828525463017725,0.741713301463951,3753,3123,1876,1817,"P2a",1384
243,0.169464047728526,0.401507694725413,0.10897,-0.8,4000,0.95875,0.53525,0.126109294722092,0.0583839327417095,-0.988582829484214,-0.714059838585134,-0.732582425569504,-0.675713821336586,-0.85747629481695,-0.707338694943112,3835,2983,2141,2016,"P2a",1403
243,0.169464047728526,0.401507694725413,0.10897,-0.6,4000,0.94325,0.533,0.0487804878048781,0.0126641651031895,-0.735548609006475,-0.561471085891539,-0.51822514681477,-0.502845554228775,-0.622308116079103,-0.510162280802864,3773,3375,2132,2105,"P2a",1403
243,0.169464047728526,0.401507694725413,0.10897,-0.4,4000,0.947,0.54075,0.0134073046694406,0.00601017105871475,-0.509783588347957,-0.412178204116251,-0.366720394610522,-0.359499626561635,-0.428909313859989,-0.357582016315702,3788,3566,2163,2150,"P2a",1403
243,0.169464047728526,0.401507694725413,0.10897,-0.2,4000,0.948,0.51775,0.00289715113471753,0.000482858522452921,-0.267749652679489,-0.211509150674349,-0.160335903587569,-0.15936279999753,-0.206962366200229,-0.155585754252647,3792,3680,2071,2070,"P2a",1403
243,0.169464047728526,0.401507694725413,0.10897,0,4000,0.95,0.5375,0.0013953488372093,0,-0.0236708206846772,-0.0029325212463095,0.024790231644884,0.0248433626636313,0.0109984378989596,0.0366077689612743,3800,3732,2150,2150,"P2a",1403
243,0.169464047728526,0.401507694725413,0.10897,0.2,4000,0.955,0.541,0.00462107208872458,0,0.22818283325536,0.201349362114831,0.20562196507546,0.2054117593384,0.215294365710908,0.214925619203377,3820,3751,2164,2164,"P2a",1403
243,0.169464047728526,0.401507694725413,0.10897,0.4,4000,0.95375,0.53425,0.00982686008423023,0.00187178287318671,0.453489820293594,0.410681705716535,0.382632688823696,0.380132761234229,0.42312449207965,0.383725891313739,3815,3698,2137,2133,"P2a",1403
243,0.169464047728526,0.401507694725413,0.10897,0.6,4000,0.94975,0.545,0.041743119266055,0.00642201834862385,0.703865307028715,0.5849877535146,0.567385357145683,0.558287705148498,0.629834670532056,0.565835200518342,3799,3507,2180,2166,"P2a",1403
243,0.169464047728526,0.401507694725413,0.10897,0.8,4000,0.95425,0.5405,0.124421831637373,0.0328399629972248,0.940227203129539,0.730283128352169,0.742530800670358,0.708730589778428,0.824211562118276,0.736246112458614,3817,3218,2162,2091,"P2a",1403
496,0.168444629516931,0.396430350853531,0.10897,-0.8,4000,0.9935,0.80475,0.15035725380553,0.0397639018328673,-0.885070095624102,-0.757435638378103,-0.780160234342527,-0.740284655201419,-0.814120604172398,-0.757372242663774,3974,3500,3219,3091,"P2a",1412
496,0.168444629516931,0.396430350853531,0.10897,-0.6,4000,0.9925,0.789,0.04404309252218,0.0041191381495564,-0.680132804905925,-0.610328077413978,-0.585967890873198,-0.578919309362258,-0.618747893772231,-0.571769878413725,3970,3767,3156,3143,"P2a",1412
496,0.168444629516931,0.396430350853531,0.10897,-0.4,4000,0.99025,0.79475,0.00943692985215477,0,-0.462078974074489,-0.429326919198923,-0.3927713843213,-0.391902974244177,-0.418311559184092,-0.380319049533807,3961,3883,3179,3179,"P2a",1412
496,0.168444629516931,0.396430350853531,0.10897,-0.2,4000,0.9925,0.79525,0.00157183275699466,0,-0.229032546624276,-0.215424931092209,-0.191871959240891,-0.191793009828368,-0.200651897869534,-0.184499521806993,3970,3941,3181,3181,"P2a",1412
496,0.168444629516931,0.396430350853531,0.10897,0,4000,0.99225,0.8005,0,0,-0.00739709327672748,-0.00630125928191087,0.00348112798355801,0.00348112798355801,0.00378153136025033,0.00876664762413613,3969,3963,3202,3202,"P2a",1412
496,0.168444629516931,0.396430350853531,0.10897,0.2,4000,0.99325,0.79875,0.000312989045383412,0,0.207817053246509,0.205781481280554,0.201172931842009,0.201172796071902,0.207077194195042,0.204501840798987,3973,3966,3195,3195,"P2a",1412
496,0.168444629516931,0.396430350853531,0.10897,0.4,4000,0.993,0.808,0.00340346534653465,0,0.429040341961216,0.414903741009608,0.401433526284138,0.401225424620995,0.406708595586938,0.394572612033366,3972,3935,3232,3232,"P2a",1412
496,0.168444629516931,0.396430350853531,0.10897,0.6,4000,0.98975,0.79325,0.0327765521588402,0.00220611408761425,0.666577697860543,0.615525105484274,0.597363907777277,0.593211098331747,0.620638947508025,0.592594415910569,3959,3846,3173,3166,"P2a",1412
496,0.168444629516931,0.396430350853531,0.10897,0.8,4000,0.99275,0.796,0.137248743718593,0.0241834170854271,0.883728848080924,0.780914939459948,0.793594514749185,0.766364077248644,0.826037256502479,0.785393308973038,3971,3595,3184,3107,"P2a",1412
442,0.186983381167862,0.390616356104017,0.10897,-0.8,4000,0.994,0.8295,0.153104279686558,0.0440024110910187,-0.881266611589362,-0.76570642537839,-0.795147092241536,-0.750746756053099,-0.82677620626635,-0.780828457947412,3976,3535,3318,3172,"P2a",1481
442,0.186983381167862,0.390616356104017,0.10897,-0.6,4000,0.99225,0.8215,0.0496043822276324,0.0103469263542301,-0.678662477304777,-0.61370545848725,-0.600192670055871,-0.587546698643204,-0.629855672508999,-0.58755205729329,3969,3776,3286,3252,"P2a",1481
442,0.186983381167862,0.390616356104017,0.10897,-0.4,4000,0.99275,0.8275,0.00996978851963746,0.000906344410876133,-0.453948726644993,-0.421949099498115,-0.395326157264285,-0.393618953866478,-0.407252711990222,-0.377616484397884,3971,3888,3310,3307,"P2a",1481
442,0.186983381167862,0.390616356104017,0.10897,-0.2,4000,0.995,0.82775,0.00181214134702507,0,-0.227577755912104,-0.217901746409369,-0.195100174756016,-0.194932762850392,-0.199708777974277,-0.182288808307202,3980,3955,3311,3311,"P2a",1481
442,0.186983381167862,0.390616356104017,0.10897,0,4000,0.992,0.82175,0.000304228780042592,0,-0.00630892882082717,-0.00370622859219164,0.00745743938046841,0.00747619864925968,0.00399917492272338,0.011006431327448,3968,3958,3287,3287,"P2a",1481
442,0.186983381167862,0.390616356104017,0.10897,0.2,4000,0.995,0.83375,0,0,0.206360263369269,0.205337847450361,0.199251245768854,0.199251245768854,0.205075350794899,0.199858335087695,3980,3973,3335,3335,"P2a",1481
442,0.186983381167862,0.390616356104017,0.10897,0.4,4000,0.994,0.82975,0.00301295570955107,0,0.436760887330968,0.419943080189189,0.401857689521864,0.401695976538597,0.415496965663132,0.400803971167537,3976,3939,3319,3319,"P2a",1481
442,0.186983381167862,0.390616356104017,0.10897,0.6,4000,0.99325,0.833,0.031812725090036,0.00180072028811525,0.646527539725138,0.614446765696262,0.59837344131708,0.594475781130844,0.623693736742622,0.59928689739875,3973,3877,3332,3326,"P2a",1481
442,0.186983381167862,0.390616356104017,0.10897,0.8,4000,0.99275,0.82975,0.14040373606508,0.025308827960229,0.873157744204272,0.779781081647739,0.794431960488708,0.765444997800931,0.821358553949797,0.784116440797209,3971,3657,3319,3235,"P2a",1481
346,0.169003125990802,0.401228695047374,0.10897,-0.8,4000,0.97875,0.66025,0.138583869746308,0.0431654676258993,-0.941631654206183,-0.733684358463593,-0.751689733073985,-0.707806207777602,-0.828450499199245,-0.732883460691681,3915,3253,2641,2527,"P2a",1504
346,0.169003125990802,0.401228695047374,0.10897,-0.6,4000,0.98075,0.677,0.0446824224519941,0.00923190546528804,-0.699718610736395,-0.588156881571597,-0.555442881007861,-0.5438942498608,-0.606830093072489,-0.541446500384161,3923,3628,2708,2683,"P2a",1504
346,0.169003125990802,0.401228695047374,0.10897,-0.4,4000,0.9745,0.68225,0.0124587761084646,0.00403078050567974,-0.495097893825396,-0.417993208268775,-0.379749529464687,-0.374551697550035,-0.416057850289711,-0.36033588124276,3898,3755,2729,2718,"P2a",1504
346,0.169003125990802,0.401228695047374,0.10897,-0.2,4000,0.98025,0.677,0.00184638109305761,0.000738552437223043,-0.251574361777151,-0.219161107207423,-0.183382818876136,-0.18224578247193,-0.208866877423013,-0.175966288162458,3921,3855,2708,2706,"P2a",1504
346,0.169003125990802,0.401228695047374,0.10897,0,4000,0.98025,0.6665,0.000375093773443361,0,-0.0197112733542822,-0.00940060374599937,0.00933438175736301,0.00940362163426911,0.0029119038548163,0.0149124701006847,3921,3896,2666,2666,"P2a",1504
346,0.169003125990802,0.401228695047374,0.10897,0.2,4000,0.978,0.67925,0.000368052999631947,0,0.218909653467562,0.205579771561902,0.195727556609266,0.195666728289774,0.208869513904245,0.201255071675621,3912,3885,2717,2717,"P2a",1504
346,0.169003125990802,0.401228695047374,0.10897,0.4,4000,0.974,0.66125,0.00642722117202268,0.000756143667296786,0.452042728176066,0.413446185825665,0.389025021681608,0.38779218488443,0.41975360233819,0.391767406496964,3896,3799,2645,2643,"P2a",1504
346,0.169003125990802,0.401228695047374,0.10897,0.6,4000,0.97825,0.661,0.0400907715582451,0.0056732223903177,0.683571831055554,0.61035381439015,0.586843040632819,0.579108643733505,0.631522167292844,0.582746822989539,3913,3698,2644,2629,"P2a",1504
346,0.169003125990802,0.401228695047374,0.10897,0.8,4000,0.97475,0.67175,0.139188686267213,0.0204689244510607,0.924453266438225,0.760972280992586,0.769543593610937,0.743719163400759,0.825699551292554,0.766786969019856,3899,3439,2687,2632,"P2a",1504
261,0.165557816128611,0.391482002101559,0.10897,-0.8,4000,0.9595,0.55925,0.115333035315154,0.0518551631649531,-0.964840743212529,-0.701307156419579,-0.713155932500766,-0.662614913972673,-0.826512990374278,-0.686945426685815,3838,3087,2237,2121,"P2a",1511
261,0.165557816128611,0.391482002101559,0.10897,-0.6,4000,0.95325,0.55025,0.0454338936846888,0.0140845070422535,-0.749952311683049,-0.561416176862025,-0.522541047602174,-0.504746744541802,-0.613214388578168,-0.509547098996829,3813,3395,2201,2170,"P2a",1511
261,0.165557816128611,0.391482002101559,0.10897,-0.4,4000,0.95875,0.56725,0.0141031291317761,0.00176289114147201,-0.489432001923169,-0.40032017872814,-0.347304916259124,-0.344341318388158,-0.405430321784602,-0.328338076809863,3835,3638,2269,2265,"P2a",1511
261,0.165557816128611,0.391482002101559,0.10897,-0.2,4000,0.9575,0.55175,0.00362483008608971,0,-0.263327096484072,-0.214221683210412,-0.162469333006022,-0.161972369719983,-0.211489707406875,-0.153277615213146,3830,3727,2207,2207,"P2a",1511
261,0.165557816128611,0.391482002101559,0.10897,0,4000,0.948,0.538,0.000929368029739777,0,-0.0305584324554155,-0.0151628183967918,0.0146858502977557,0.0147370770963959,-0.00715652125585285,0.0176895855941378,3792,3746,2152,2152,"P2a",1511
261,0.165557816128611,0.391482002101559,0.10897,0.2,4000,0.95475,0.5385,0.000928505106778087,0,0.211638597652039,0.202625516941345,0.201637980623473,0.201612828205885,0.206832013640076,0.201396678410193,3819,3764,2154,2154,"P2a",1511
261,0.165557816128611,0.391482002101559,0.10897,0.4,4000,0.9575,0.53275,0.011731581417175,0.00187705302674801,0.454950387366145,0.402642253394231,0.38743457803919,0.384864480840095,0.422235533668604,0.389174342726554,3830,3708,2131,2127,"P2a",1511
261,0.165557816128611,0.391482002101559,0.10897,0.6,4000,0.95775,0.564,0.0381205673758865,0.00354609929078014,0.722120612579867,0.582964116606504,0.557468947735326,0.551429868737768,0.620418499041126,0.5617113501672,3831,3576,2256,2248,"P2a",1511
261,0.165557816128611,0.391482002101559,0.10897,0.8,4000,0.95425,0.54425,0.12907671107028,0.0349104271933854,0.964897810448375,0.743675222799424,0.750687524428475,0.714721391404338,0.843128872697898,0.73603270908542,3817,3201,2177,2101,"P2a",1511
171,0.480989319313305,0.403129438406689,0.10897,-0.8,4000,0.9975,0.92025,0.177397446346102,0.0676446617766911,-0.89149430544679,-0.773926277378634,-0.831734554975168,-0.769605137522773,-0.83698964076765,-0.815542589249713,3990,3563,3681,3432,"P2a",1541
171,0.480989319313305,0.403129438406689,0.10897,-0.6,4000,0.9985,0.92925,0.0613397901533495,0.026634382566586,-0.667968826981653,-0.61132563573633,-0.628500431067957,-0.601565843776304,-0.625608982486244,-0.610824403397475,3994,3812,3717,3618,"P2a",1541
171,0.480989319313305,0.403129438406689,0.10897,-0.4,4000,0.9965,0.91825,0.0149741355839913,0.00245031309556221,-0.437638634235283,-0.42103413842868,-0.41166948549486,-0.407937776114483,-0.414194189855608,-0.399810138358189,3986,3935,3673,3664,"P2a",1541
171,0.480989319313305,0.403129438406689,0.10897,-0.2,4000,0.99875,0.921,0.00515743756786102,0.000542888165038002,-0.223158588295533,-0.219458577588451,-0.207774628660503,-0.206623719948946,-0.20870291962236,-0.19943172084755,3995,3985,3684,3682,"P2a",1541
171,0.480989319313305,0.403129438406689,0.10897,0,4000,0.99775,0.93,0.00134408602150538,0,-0.0102759383062766,-0.00978004129516769,-0.0034193949519791,-0.00341794859907956,0.00333903098475891,0.00628409174798609,3991,3990,3720,3720,"P2a",1541
171,0.480989319313305,0.403129438406689,0.10897,0.2,4000,0.99925,0.92625,0.000539811066126856,0,0.203688492116796,0.203478478985063,0.203542470762967,0.203465191283671,0.204776023625376,0.203059247189988,3997,3991,3705,3705,"P2a",1541
171,0.480989319313305,0.403129438406689,0.10897,0.4,4000,0.99825,0.9255,0.0075634792004322,0.00162074554294976,0.421068809155788,0.411664270748964,0.412119862731674,0.410139877674201,0.41775952413335,0.415717084178179,3993,3973,3702,3696,"P2a",1541
171,0.480989319313305,0.403129438406689,0.10897,0.6,4000,0.99825,0.92675,0.0423523064472619,0.00728351766927435,0.632173585044542,0.61305115059234,0.616133262997689,0.606738901258354,0.616041872375107,0.604521859670943,3993,3930,3707,3680,"P2a",1541
171,0.480989319313305,0.403129438406689,0.10897,0.8,4000,0.999,0.92225,0.169693683925183,0.0406614258606668,0.855165010403796,0.786336554461625,0.823956785179489,0.782750621653827,0.82832791891012,0.814809297006558,3996,3716,3689,3539,"P2a",1541
325,0.170270006341606,0.396965808720125,0.10897,-0.8,4000,0.97425,0.648,0.131558641975309,0.0536265432098765,-0.95583454228558,-0.733231229382498,-0.751528177630958,-0.701312013291755,-0.831521043311646,-0.730860766991144,3897,3200,2592,2453,"P2a",1567
325,0.170270006341606,0.396965808720125,0.10897,-0.6,4000,0.97475,0.64125,0.045224171539961,0.0116959064327485,-0.723411149498697,-0.592083916734988,-0.560586959918536,-0.546391143969575,-0.629743804720458,-0.544669026956795,3899,3556,2565,2535,"P2a",1567
325,0.170270006341606,0.396965808720125,0.10897,-0.4,4000,0.975,0.64475,0.0124079100426522,0.00232648313299729,-0.492031089070217,-0.420038856656413,-0.370334890923339,-0.366714946843119,-0.422817096017945,-0.35915099051602,3900,3735,2579,2573,"P2a",1567
325,0.170270006341606,0.396965808720125,0.10897,-0.2,4000,0.971,0.6405,0.00312256049960968,0,-0.258170013147945,-0.228343527427244,-0.188411163637903,-0.188224267850381,-0.222082022258286,-0.182595747580499,3884,3821,2562,2562,"P2a",1567
325,0.170270006341606,0.396965808720125,0.10897,0,4000,0.973,0.66175,0.000377786173026067,0,-0.0257498946306802,-0.0155577519218265,0.00445159333661479,0.00445784411840467,-0.00699832433218247,0.011890919124241,3892,3864,2647,2647,"P2a",1567
325,0.170270006341606,0.396965808720125,0.10897,0.2,4000,0.9735,0.64875,0,0,0.225839813290468,0.215444433396048,0.204610777637753,0.204610777637753,0.217508675138155,0.208985888935261,3894,3859,2595,2595,"P2a",1567
325,0.170270006341606,0.396965808720125,0.10897,0.4,4000,0.975,0.66525,0.00789177001127396,0.000751597143930853,0.471689577827138,0.420825763451673,0.390600114162857,0.389407054392695,0.422162667447344,0.387889228764992,3900,3817,2661,2659,"P2a",1567
325,0.170270006341606,0.396965808720125,0.10897,0.6,4000,0.97425,0.6655,0.0435762584522915,0.00450788880540947,0.679678808962389,0.601128296405586,0.578150118893452,0.571609983387524,0.621173628141272,0.572452571038649,3897,3682,2662,2650,"P2a",1567
325,0.170270006341606,0.396965808720125,0.10897,0.8,4000,0.9765,0.6525,0.15632183908046,0.0298850574712644,0.932153617836311,0.76469493722881,0.780679288685175,0.747176356930161,0.840952075940036,0.76953307892222,3906,3365,2610,2532,"P2a",1567
290,0.168552480745245,0.402372981395561,0.10897,-0.8,4000,0.965,0.604,0.114652317880795,0.0447019867549669,-0.986829004102353,-0.721770479115663,-0.73091404766371,-0.687078148722267,-0.823982728235631,-0.721232222437015,3860,3149,2416,2308,"P2a",1588
290,0.168552480745245,0.402372981395561,0.10897,-0.6,4000,0.961,0.612,0.0445261437908497,0.0147058823529412,-0.714369888244409,-0.581284595239419,-0.546319969939326,-0.529778722358195,-0.629321971896037,-0.532492497493205,3844,3482,2448,2412,"P2a",1588
290,0.168552480745245,0.402372981395561,0.10897,-0.4,4000,0.964,0.589,0.0144312393887946,0.00254668930390492,-0.506130713508724,-0.41795737446597,-0.360903003448262,-0.357075793878286,-0.426749278032051,-0.343031057569758,3856,3669,2356,2350,"P2a",1588
290,0.168552480745245,0.402372981395561,0.10897,-0.2,4000,0.9665,0.60325,0.00248653128885205,0.00124326564442603,-0.250806093412708,-0.213617942831155,-0.171839120128428,-0.170307601501843,-0.202921082863086,-0.163070785422844,3866,3782,2413,2410,"P2a",1588
290,0.168552480745245,0.402372981395561,0.10897,0,4000,0.963,0.60925,0,0,-0.0218898335397539,-0.00602009899267222,0.0124181723664949,0.0124181723664949,0.000745973459263367,0.019358078404115,3852,3810,2437,2437,"P2a",1588
290,0.168552480745245,0.402372981395561,0.10897,0.2,4000,0.969,0.61025,0.00122900450634986,0.000409668168783286,0.230714442899514,0.206857656950313,0.204489514257655,0.203996479256351,0.2128298228574,0.207631208297441,3876,3825,2441,2440,"P2a",1588
290,0.168552480745245,0.402372981395561,0.10897,0.4,4000,0.9675,0.59625,0.00838574423480084,0.00209643605870021,0.450340112452019,0.400637425921471,0.382561624037893,0.379919906765864,0.416442458191604,0.385122595165001,3870,3755,2385,2380,"P2a",1588
290,0.168552480745245,0.402372981395561,0.10897,0.6,4000,0.96425,0.60475,0.0525010334849111,0.00620090946672179,0.686882871257861,0.596728683048657,0.580601203596192,0.570898831257,0.629973359673663,0.573284134568001,3857,3619,2419,2404,"P2a",1588
290,0.168552480745245,0.402372981395561,0.10897,0.8,4000,0.96825,0.6015,0.141313383208645,0.0253532834580216,0.927067178356322,0.755508611315094,0.761562157072079,0.732106134246835,0.833498257384033,0.759574035137152,3873,3335,2406,2345,"P2a",1588
39,0.402536273680402,0.783422567957533,0.10897,-0.8,4000,0.91525,0.42025,0.156454491374182,0.0630577037477692,-1.06023664928991,-0.676532937177071,-0.72542896171958,-0.659781699617054,-0.871865642616153,-0.734837162669325,3661,2774,1681,1575,"P2a",1664
39,0.402536273680402,0.783422567957533,0.10897,-0.6,4000,0.91025,0.404,0.0699257425742574,0.0272277227722772,-0.878272849685361,-0.533148902601446,-0.5367397040344,-0.504651432848086,-0.658079068979751,-0.530815642192562,3641,3033,1616,1572,"P2a",1664
39,0.402536273680402,0.783422567957533,0.10897,-0.4,4000,0.91625,0.41525,0.0307043949428055,0.00903070439494281,-0.556009765872305,-0.364181243361139,-0.329696884794565,-0.3163385221143,-0.432254897437746,-0.31767852682006,3665,3291,1661,1646,"P2a",1664
39,0.402536273680402,0.783422567957533,0.10897,-0.2,4000,0.913,0.40775,0.0134886572654813,0.00183936235438381,-0.279374578669471,-0.180824396899162,-0.156150297827474,-0.153160729891031,-0.212725749734823,-0.14969304161661,3652,3427,1631,1628,"P2a",1664
39,0.402536273680402,0.783422567957533,0.10897,0,4000,0.90925,0.40875,0.0073394495412844,0.0018348623853211,-0.039908373018742,0.00832276895655165,0.0353453837223761,0.0344243177085839,0.00961824988243847,0.0389314730109224,3637,3483,1635,1632,"P2a",1664
39,0.402536273680402,0.783422567957533,0.10897,0.2,4000,0.91825,0.41325,0.0139140955837871,0.00120992135511192,0.218386332172058,0.191875468042943,0.222553091378622,0.220466106287001,0.233258185441049,0.231901714981123,3673,3495,1653,1651,"P2a",1664
39,0.402536273680402,0.783422567957533,0.10897,0.4,4000,0.912,0.422,0.0254739336492891,0.00355450236966825,0.461426500089658,0.374557017998219,0.394174293441308,0.388618562738994,0.434815732907095,0.406125286068986,3648,3408,1688,1682,"P2a",1664
39,0.402536273680402,0.783422567957533,0.10897,0.6,4000,0.9145,0.4165,0.0810324129651861,0.0198079231692677,0.733086628631592,0.551010931786564,0.600322605706204,0.576668485451718,0.671137280391366,0.607105634897653,3658,3197,1666,1633,"P2a",1664
39,0.402536273680402,0.783422567957533,0.10897,0.8,4000,0.91375,0.408,0.164828431372549,0.0435049019607843,0.967133606540729,0.695470026868669,0.753857374502938,0.707264284499789,0.860375301518613,0.764042767586234,3655,2913,1632,1561,"P2a",1664
338,0.168836816041128,0.462760329012494,0.10897,-0.8,4000,0.97575,0.66675,0.131608548931384,0.0389951256092988,-0.933787520410148,-0.744956661442342,-0.758690511427049,-0.720247818652724,-0.832744224343197,-0.743322664625899,3903,3283,2667,2563,"P2a",1671
338,0.168836816041128,0.462760329012494,0.10897,-0.6,4000,0.97725,0.6725,0.0371747211895911,0.00780669144981413,-0.713540758157619,-0.594415213953391,-0.562900456805127,-0.553198438482477,-0.622495791359329,-0.551398366910918,3909,3617,2690,2669,"P2a",1671
338,0.168836816041128,0.462760329012494,0.10897,-0.4,4000,0.97875,0.65975,0.0102311481621826,0.00113679424024252,-0.48446837208501,-0.41116026062203,-0.364597061616171,-0.362641643851423,-0.411738248973592,-0.352548261382351,3915,3765,2639,2636,"P2a",1671
338,0.168836816041128,0.462760329012494,0.10897,-0.2,4000,0.9755,0.67,0.000746268656716418,0,-0.252481185129731,-0.220801274452022,-0.181976727542209,-0.181942821391177,-0.20578699660625,-0.175098608315232,3902,3843,2680,2680,"P2a",1671
338,0.168836816041128,0.462760329012494,0.10897,0,4000,0.9775,0.65675,0,0,-0.0178830141448824,-0.0121558544450826,0.0070605046841907,0.0070605046841907,-0.00264410645920184,0.0106344703165693,3910,3887,2627,2627,"P2a",1671
338,0.168836816041128,0.462760329012494,0.10897,0.2,4000,0.97875,0.65,0,0,0.21909212061068,0.209091208969893,0.201247725641057,0.201247725641057,0.213453393583917,0.208962895476829,3915,3886,2600,2600,"P2a",1671
338,0.168836816041128,0.462760329012494,0.10897,0.4,4000,0.97725,0.657,0.00418569254185693,0.00076103500761035,0.445620382323265,0.412511531230096,0.385432661527136,0.384338091683411,0.414988921294149,0.382232279489753,3909,3833,2628,2626,"P2a",1671
338,0.168836816041128,0.462760329012494,0.10897,0.6,4000,0.97875,0.65975,0.032967032967033,0.0026525198938992,0.679027826086535,0.607332238745926,0.581031769676278,0.576450109701536,0.625147180841968,0.57958380368935,3915,3728,2639,2632,"P2a",1671
338,0.168836816041128,0.462760329012494,0.10897,0.8,4000,0.97475,0.6615,0.115646258503401,0.0215419501133787,0.911466569813766,0.763527010248041,0.763727527850376,0.739789386257422,0.820267815912636,0.754302052417159,3899,3446,2646,2589,"P2a",1671
237,0.391405023452788,0.401275793099041,0.10897,-0.8,4000,0.9995,0.96075,0.173822534478272,0.0788446526151444,-0.865959396100732,-0.777188629341305,-0.844223255082121,-0.774689719902101,-0.828111151108971,-0.817953878895968,3998,3603,3843,3540,"P2a",1692
237,0.391405023452788,0.401275793099041,0.10897,-0.6,4000,1,0.96325,0.0648845055800675,0.0192058136517,-0.657871440663397,-0.617309042011518,-0.633023428301656,-0.612294453096396,-0.624830697154784,-0.615551760437829,4000,3884,3853,3779,"P2a",1692
237,0.391405023452788,0.401275793099041,0.10897,-0.4,4000,0.99925,0.9605,0.0145757418011452,0.00390421655387819,-0.436760907231156,-0.42231650512601,-0.419109499637381,-0.414100588171606,-0.40257775069455,-0.395803095313227,3997,3957,3842,3827,"P2a",1692
237,0.391405023452788,0.401275793099041,0.10897,-0.2,4000,0.9995,0.95675,0.00156780768225764,0,-0.225670995387785,-0.223212955745025,-0.2150652446621,-0.214979613443749,-0.212965747383234,-0.207956143034099,3998,3992,3827,3827,"P2a",1692
237,0.391405023452788,0.401275793099041,0.10897,0,4000,0.99925,0.9555,0.000523286237571952,0,-0.0174728517176275,-0.0159240107477918,-0.00936197781095222,-0.0093862276685119,-0.00635446057412619,-0.00233476528209461,3997,3993,3822,3822,"P2a",1692
237,0.391405023452788,0.401275793099041,0.10897,0.2,4000,1,0.9575,0.000783289817232376,0,0.208158677939632,0.207543662253721,0.210019957032814,0.20995151992091,0.208388999313714,0.209498656821636,4000,3998,3830,3830,"P2a",1692
237,0.391405023452788,0.401275793099041,0.10897,0.4,4000,1,0.96025,0.00702941942202551,0.00104139546992971,0.415828523456522,0.413603505080299,0.412168664325785,0.410525913469884,0.411197125390761,0.409872410925178,4000,3995,3841,3837,"P2a",1692
237,0.391405023452788,0.401275793099041,0.10897,0.6,4000,0.9995,0.957,0.0355276907001045,0.00679205851619645,0.628156034880523,0.61527123445594,0.619605298304938,0.611172962794282,0.618541380173456,0.613280869398861,3998,3956,3828,3802,"P2a",1692
237,0.391405023452788,0.401275793099041,0.10897,0.8,4000,0.99925,0.9565,0.17485624673288,0.03659174072138,0.847691221031042,0.795979877967241,0.830424516986141,0.793019610515089,0.828030756626254,0.819512295516102,3997,3788,3826,3686,"P2a",1692
321,0.167886631089182,0.393804227965796,0.10897,-0.8,4000,0.971,0.626,0.133785942492013,0.0479233226837061,-0.986709500751971,-0.729778633393523,-0.747101823383057,-0.697834846991238,-0.842939240163886,-0.727510612331735,3884,3147,2504,2384,"P2a",1704
321,0.167886631089182,0.393804227965796,0.10897,-0.6,4000,0.9705,0.635,0.0437007874015748,0.0153543307086614,-0.744392191767732,-0.589039222592083,-0.557575185449016,-0.539769282653622,-0.632579138926785,-0.537854254505145,3882,3508,2540,2501,"P2a",1704
321,0.167886631089182,0.393804227965796,0.10897,-0.4,4000,0.97325,0.62575,0.0131841789852177,0.00239712345185777,-0.49335238399139,-0.41768935766051,-0.363688507133621,-0.360166404545537,-0.420879378177752,-0.357726297606445,3893,3733,2503,2497,"P2a",1704
321,0.167886631089182,0.393804227965796,0.10897,-0.2,4000,0.97325,0.64,0.0015625,0.001171875,-0.254163830330403,-0.222650944474293,-0.186016186296365,-0.184351536259343,-0.216477017774172,-0.177037864639726,3893,3816,2560,2557,"P2a",1704
321,0.167886631089182,0.393804227965796,0.10897,0,4000,0.9725,0.63925,0,0,-0.0213465367475033,-0.00641826445312538,0.0208262314750861,0.0208262314750861,0.00192922369582221,0.0265065315821586,3890,3843,2557,2557,"P2a",1704
321,0.167886631089182,0.393804227965796,0.10897,0.2,4000,0.97375,0.643,0.00116640746500778,0,0.209598262765709,0.203553131202917,0.198136806020952,0.19808450620153,0.206458677449054,0.197734776899016,3895,3856,2572,2572,"P2a",1704
321,0.167886631089182,0.393804227965796,0.10897,0.4,4000,0.97125,0.6415,0.0101325019485581,0.00038971161340608,0.443129609326032,0.414180694654468,0.390626895630368,0.389406943576986,0.418142239421883,0.389369772529083,3885,3806,2566,2565,"P2a",1704
321,0.167886631089182,0.393804227965796,0.10897,0.6,4000,0.97,0.63575,0.037357451828549,0.00747149036570979,0.688875137233522,0.606400268538389,0.582049259821,0.573070259356029,0.630092894557261,0.572375523778908,3880,3666,2543,2524,"P2a",1704
321,0.167886631089182,0.393804227965796,0.10897,0.8,4000,0.97,0.63525,0.139708776072412,0.0350255804801259,0.9309982036075,0.757387046499102,0.772580835637197,0.737212832671467,0.837146971665619,0.765671591301944,3880,3330,2541,2452,"P2a",1704
208,0.253622668001194,0.396817407155498,0.10897,-0.8,4000,0.986,0.74225,0.154597507578309,0.0747726507241495,-0.947630747180975,-0.729084523887942,-0.784616196065104,-0.713401018205118,-0.840431220464796,-0.767767728968219,3944,3244,2969,2747,"P2a",1706
208,0.253622668001194,0.396817407155498,0.10897,-0.6,4000,0.98775,0.73025,0.0681273536460116,0.0232796987333105,-0.720889232635438,-0.60087366961959,-0.597272630591234,-0.569845718589242,-0.636766927607087,-0.578785421874683,3951,3605,2921,2853,"P2a",1706
208,0.253622668001194,0.396817407155498,0.10897,-0.4,4000,0.986,0.73075,0.0225795415668833,0.00547382825863839,-0.490797991700323,-0.416634009627293,-0.391902062222261,-0.38411948687152,-0.425593349776233,-0.383182002797831,3944,3760,2923,2907,"P2a",1706
208,0.253622668001194,0.396817407155498,0.10897,-0.2,4000,0.98475,0.7245,0.0041407867494824,0.0010351966873706,-0.261246083481095,-0.221915914085231,-0.18214508988982,-0.180587798939218,-0.213130467110083,-0.174030068875355,3939,3867,2898,2895,"P2a",1706
208,0.253622668001194,0.396817407155498,0.10897,0,4000,0.98775,0.7165,0.00104675505931612,0,-0.0179127506947479,-0.0134334557339578,0.00868959596213271,0.00876282548320642,-0.00198293666182912,0.0173149980882834,3951,3924,2866,2866,"P2a",1706
208,0.253622668001194,0.396817407155498,0.10897,0.2,4000,0.98875,0.7355,0.00169952413324269,0.000679809653297077,0.21674331853915,0.205223238075749,0.208497915306558,0.207624756588745,0.215849847059254,0.216117316643107,3955,3926,2942,2940,"P2a",1706
208,0.253622668001194,0.396817407155498,0.10897,0.4,4000,0.9895,0.73425,0.013959822948587,0.00170241743275451,0.449960414079789,0.419446028713568,0.40749150535298,0.404856383496415,0.423874445038024,0.40621593455465,3958,3889,2937,2932,"P2a",1706
208,0.253622668001194,0.396817407155498,0.10897,0.6,4000,0.99075,0.731,0.0499316005471956,0.00991792065663475,0.676222841209272,0.602962686095275,0.600922753392057,0.5880371481354,0.632735917953368,0.600967049688142,3963,3744,2924,2895,"P2a",1706
208,0.253622668001194,0.396817407155498,0.10897,0.8,4000,0.98425,0.7345,0.162014976174268,0.0456092579986385,0.906254489869426,0.767630355587042,0.802513494793348,0.757886639275521,0.840047659533928,0.79575196354634,3937,3459,2938,2804,"P2a",1706
113,0.165837421322693,0.553335714220519,0.10897,-0.8,4000,0.86,0.316,0.0783227848101266,0.0253164556962025,-1.06034542198938,-0.645573247945642,-0.61197371064134,-0.582774066832739,-0.83108504306506,-0.608050378986973,3440,2620,1264,1232,"P2a",1775
113,0.165837421322693,0.553335714220519,0.10897,-0.6,4000,0.86425,0.3015,0.0464344941956882,0.00995024875621891,-0.772422001952102,-0.508086983954028,-0.453463803437143,-0.439378062459603,-0.603010594402549,-0.43912313217381,3457,2967,1206,1194,"P2a",1775
113,0.165837421322693,0.553335714220519,0.10897,-0.4,4000,0.86375,0.3375,0.0177777777777778,0.00148148148148148,-0.530097431755461,-0.354935485687563,-0.298996542096165,-0.295128377377469,-0.400721059129922,-0.28964721860855,3455,3136,1350,1348,"P2a",1775
113,0.165837421322693,0.553335714220519,0.10897,-0.2,4000,0.8645,0.312,0.00480769230769231,0,-0.251742650628348,-0.164226604600168,-0.130328642184918,-0.129786873498291,-0.183684225910363,-0.12335583824407,3458,3261,1248,1248,"P2a",1775
113,0.165837421322693,0.553335714220519,0.10897,0,4000,0.8655,0.33425,0.00224382946896036,0,-0.0204505295046433,0.00479746617912879,0.0353849792010628,0.0352577851318413,0.0169793992922333,0.0416575414602079,3462,3328,1337,1337,"P2a",1775
113,0.165837421322693,0.553335714220519,0.10897,0.2,4000,0.86,0.3215,0.00233281493001555,0,0.211034120920253,0.189523485801219,0.199258963449288,0.199096309800415,0.209912018722284,0.204701302360553,3440,3278,1286,1286,"P2a",1775
113,0.165837421322693,0.553335714220519,0.10897,0.4,4000,0.85275,0.30175,0.0149130074565037,0.000828500414250207,0.48398948575327,0.373808647466462,0.366723894307072,0.364439213267075,0.425556244038186,0.368012693258903,3411,3161,1207,1206,"P2a",1775
113,0.165837421322693,0.553335714220519,0.10897,0.6,4000,0.867,0.30925,0.0355699272433306,0.00485044462409054,0.730875587940064,0.534201178174919,0.515170785334217,0.508139253733874,0.622756298207435,0.513308052342366,3468,3068,1237,1231,"P2a",1775
113,0.165837421322693,0.553335714220519,0.10897,0.8,4000,0.8595,0.332,0.108433734939759,0.0256024096385542,0.973929064768314,0.678064955899352,0.695227515671527,0.667049407871628,0.823896656565844,0.70777447292546,3438,2774,1328,1294,"P2a",1775
270,0.204132133784515,0.44093519579894,0.10897,-0.8,4000,0.982,0.7035,0.129708599857854,0.0472636815920398,-0.930905209691701,-0.742132159640158,-0.762264732029868,-0.717613252247278,-0.834674468327477,-0.746236715574002,3928,3282,2814,2681,"P2a",1786
270,0.204132133784515,0.44093519579894,0.10897,-0.6,4000,0.98,0.7,0.0567857142857143,0.0121428571428571,-0.697628471328839,-0.593098415913263,-0.570183084953239,-0.554875285219882,-0.624321435899417,-0.557497343701446,3920,3629,2800,2766,"P2a",1786
270,0.204132133784515,0.44093519579894,0.10897,-0.4,4000,0.98,0.7035,0.0135039090262971,0.00106609808102345,-0.483501942235918,-0.428533055797455,-0.386381057399063,-0.384261937816322,-0.424981437162402,-0.374236611872657,3920,3801,2814,2811,"P2a",1786
270,0.204132133784515,0.44093519579894,0.10897,-0.2,4000,0.9845,0.717,0.00278940027894003,0.000348675034867503,-0.238874918657073,-0.215588249150393,-0.181787039716427,-0.180957875532017,-0.202819099904082,-0.175992960931947,3938,3882,2868,2867,"P2a",1786
270,0.204132133784515,0.44093519579894,0.10897,0,4000,0.97975,0.713,0.000701262272089762,0,-0.0136576045957878,-0.00722077346496281,0.0109835947236507,0.0110122277867446,0.000343842915140911,0.0106371531977305,3919,3892,2852,2852,"P2a",1786
270,0.204132133784515,0.44093519579894,0.10897,0.2,4000,0.98225,0.702,0.00142450142450142,0,0.21923489649624,0.208720513409303,0.203055230468134,0.202919872013693,0.208658953870172,0.199849993460787,3929,3900,2808,2808,"P2a",1786
270,0.204132133784515,0.44093519579894,0.10897,0.4,4000,0.98425,0.72,0.00833333333333333,0.000347222222222222,0.439673015983945,0.412157353214057,0.393530880276845,0.39253172044784,0.412903288483875,0.391802398953598,3937,3873,2880,2879,"P2a",1786
270,0.204132133784515,0.44093519579894,0.10897,0.6,4000,0.9835,0.71125,0.0471001757469244,0.00492091388400703,0.673526302383749,0.614531707926309,0.599656603887822,0.591833941255188,0.635743657478681,0.594525508724362,3934,3763,2845,2831,"P2a",1786
270,0.204132133784515,0.44093519579894,0.10897,0.8,4000,0.9805,0.71125,0.148330404217926,0.0274165202108963,0.916194281986034,0.775187470527916,0.788867534335679,0.758254984762632,0.844144918200477,0.790214722600943,3922,3475,2845,2767,"P2a",1786
343,0.209835994521772,0.3994210098507,0.10897,-0.8,4000,0.99075,0.8115,0.174984596426371,0.058841651263093,-0.905426365667166,-0.759546920924739,-0.80180852071141,-0.745393665079113,-0.837096967124137,-0.783050524296474,3963,3427,3246,3055,"P2a",1791
343,0.209835994521772,0.3994210098507,0.10897,-0.6,4000,0.99325,0.81875,0.0540458015267176,0.010381679389313,-0.689242705214529,-0.610898100804098,-0.598899398701914,-0.585843065617686,-0.631992021467338,-0.588565550064847,3973,3750,3275,3241,"P2a",1791
343,0.209835994521772,0.3994210098507,0.10897,-0.4,4000,0.9915,0.8045,0.012119328775637,0.00124300807955252,-0.464091478151253,-0.429744619305501,-0.400192441038794,-0.397848896572014,-0.41469187405401,-0.386151397703167,3966,3886,3218,3214,"P2a",1791
343,0.209835994521772,0.3994210098507,0.10897,-0.2,4000,0.992,0.81325,0.00122963418383031,0.000614817091915155,-0.236828724371371,-0.220223262368023,-0.197004190833988,-0.196258291321773,-0.201823672756413,-0.181891454834999,3968,3939,3253,3251,"P2a",1791
343,0.209835994521772,0.3994210098507,0.10897,0,4000,0.99375,0.807,0,0,-0.0199445009011575,-0.0168604838730818,-0.00232973437044182,-0.00232973437044182,-0.00396579091405225,0.00612949682606938,3975,3969,3228,3228,"P2a",1791
343,0.209835994521772,0.3994210098507,0.10897,0.2,4000,0.99375,0.80475,0.000621310966138552,0,0.214553795103468,0.209859314296485,0.210560700004961,0.210549476707269,0.219381318759407,0.219175076878628,3975,3960,3219,3219,"P2a",1791
343,0.209835994521772,0.3994210098507,0.10897,0.4,4000,0.9925,0.80775,0.00773754255648406,0.000309501702259362,0.43487773245212,0.419757552684732,0.406048635849329,0.405151716931046,0.419142684418036,0.403234327090388,3970,3933,3231,3230,"P2a",1791
343,0.209835994521772,0.3994210098507,0.10897,0.6,4000,0.993,0.82375,0.0385432473444613,0.00424886191198786,0.653595374496873,0.613281490536259,0.60429767777092,0.597718133042043,0.624013368702187,0.598352138466754,3972,3855,3295,3281,"P2a",1791
343,0.209835994521772,0.3994210098507,0.10897,0.8,4000,0.99425,0.80025,0.153077163386442,0.0318650421743205,0.886204381986388,0.781457470823041,0.799794058961824,0.766457902560253,0.830689468775121,0.790540820702627,3977,3609,3201,3099,"P2a",1791
593,0.282186296203629,0.397982123845179,0.10897,-0.8,4000,1,0.99425,0.1395524264521,0.0279104852904199,-0.826148649824634,-0.794264589395676,-0.82271717116274,-0.793796222964164,-0.810334447891839,-0.809741136084205,4000,3876,3977,3866,"P2a",1852
593,0.282186296203629,0.397982123845179,0.10897,-0.6,4000,1,0.995,0.0389447236180905,0.00402010050251256,-0.634027467172218,-0.626468186591503,-0.631719630045949,-0.625744446429825,-0.619676010973029,-0.618914863801632,4000,3978,3980,3964,"P2a",1852
593,0.282186296203629,0.397982123845179,0.10897,-0.4,4000,0.99975,0.996,0.00200803212851406,0.000502008032128514,-0.417989122068107,-0.416749146577612,-0.416322173279407,-0.415731827000717,-0.408463441270008,-0.407438356792957,3999,3995,3984,3982,"P2a",1852
593,0.282186296203629,0.397982123845179,0.10897,-0.2,4000,1,0.9975,0,0,-0.211089275944243,-0.211076399604261,-0.2105331348964,-0.2105331348964,-0.204324919935199,-0.203343966549875,4000,4000,3990,3990,"P2a",1852
593,0.282186296203629,0.397982123845179,0.10897,0,4000,1,0.996,0,0,-0.0031843758422734,-0.0031843758422734,-0.0026862389222946,-0.0026862389222946,-0.000799167766400614,-0.000304225908500118,4000,4000,3984,3984,"P2a",1852
593,0.282186296203629,0.397982123845179,0.10897,0.2,4000,1,0.99625,0,0,0.203020803119897,0.203020803119897,0.203126491380642,0.203126491380642,0.204328802045847,0.20487411632835,4000,4000,3985,3985,"P2a",1852
593,0.282186296203629,0.397982123845179,0.10897,0.4,4000,1,0.997,0.000752256770310933,0,0.406154558798384,0.405863731699647,0.405098829596242,0.405085403118347,0.405137812930747,0.404250444762913,4000,3999,3988,3988,"P2a",1852
593,0.282186296203629,0.397982123845179,0.10897,0.6,4000,1,0.9965,0.0097842448569995,0.00150526843953838,0.611009942604517,0.608967828709873,0.610120053765032,0.608356690292578,0.608093150898732,0.607703733830878,4000,3993,3986,3980,"P2a",1852
593,0.282186296203629,0.397982123845179,0.10897,0.8,4000,1,0.9965,0.120672353236327,0.0102860010035123,0.823852649800254,0.807088106176149,0.822355096157065,0.806852677892285,0.813762612286181,0.813215765381646,4000,3953,3986,3945,"P2a",1852
233,0.169508885421358,0.399325014012665,0.10897,-0.8,4000,0.9435,0.51825,0.126869271587072,0.0545103714423541,-1.00322226585523,-0.704824067247308,-0.725455884980454,-0.669580960520806,-0.835682856208492,-0.698734213277226,3774,2968,2073,1960,"P2a",1854
233,0.169508885421358,0.399325014012665,0.10897,-0.6,4000,0.9525,0.5275,0.0559241706161137,0.0170616113744076,-0.742810126326339,-0.567205703988308,-0.5393667453258,-0.519638985917992,-0.629865476058064,-0.529321475112396,3810,3362,2110,2074,"P2a",1854
233,0.169508885421358,0.399325014012665,0.10897,-0.4,4000,0.95125,0.53675,0.0176991150442478,0.00512342803912436,-0.508671511347553,-0.402139566561726,-0.347291893530334,-0.340149024870531,-0.41184228550845,-0.335267865438451,3805,3571,2147,2136,"P2a",1854
233,0.169508885421358,0.399325014012665,0.10897,-0.2,4000,0.949,0.51325,0.00584510472479299,0.000974184120798831,-0.257238070692734,-0.209691126614838,-0.159617852132353,-0.157900849210753,-0.20050440377026,-0.145520115430118,3796,3715,2053,2051,"P2a",1854
233,0.169508885421358,0.399325014012665,0.10897,0,4000,0.9475,0.513,0.00194931773879142,0,-0.0248115860532193,-0.00150020672759276,0.0283550845664292,0.0285003695491042,0.0131350377938363,0.0394972384596414,3790,3727,2052,2052,"P2a",1854
233,0.169508885421358,0.399325014012665,0.10897,0.2,4000,0.95175,0.52475,0.00238208670795617,0,0.228710285741904,0.203657668567679,0.197867258795384,0.197675311252255,0.210632714670508,0.200564204903752,3807,3740,2099,2099,"P2a",1854
233,0.169508885421358,0.399325014012665,0.10897,0.4,4000,0.952,0.52,0.0153846153846154,0.00240384615384615,0.467087296939165,0.404707830274695,0.38278178881188,0.379571696349684,0.423471158665915,0.381132547997907,3808,3668,2080,2075,"P2a",1854
233,0.169508885421358,0.399325014012665,0.10897,0.6,4000,0.9425,0.52075,0.0460873739798368,0.00384061449831973,0.724079390581069,0.589937369425653,0.563426023964351,0.556275694987806,0.640186926856084,0.565344413676213,3770,3469,2083,2075,"P2a",1854
233,0.169508885421358,0.399325014012665,0.10897,0.8,4000,0.9475,0.52075,0.133461353816611,0.0331253000480077,0.940047656587842,0.738676455162772,0.749921035916777,0.715899395609316,0.840343606004062,0.742336345224608,3790,3178,2083,2014,"P2a",1854
311,0.185962305273969,0.397242322828419,0.10897,-0.8,4000,0.975,0.694,0.12463976945245,0.0515129682997118,-0.918074651562102,-0.737167595494726,-0.759382406570845,-0.709762965306901,-0.824811860073918,-0.744434336577966,3900,3281,2776,2633,"P2a",1886
311,0.185962305273969,0.397242322828419,0.10897,-0.6,4000,0.98125,0.699,0.0454220314735336,0.0100143061516452,-0.682114261756313,-0.581026325229066,-0.557863832334461,-0.545075552417663,-0.608225613892249,-0.549955750304473,3925,3640,2796,2768,"P2a",1886
311,0.185962305273969,0.397242322828419,0.10897,-0.4,4000,0.98375,0.69475,0.0154731917956099,0.00251889168765743,-0.483497609477368,-0.420207832874778,-0.382197470122869,-0.378376104202651,-0.424485689164886,-0.374024367316952,3935,3782,2779,2772,"P2a",1886
311,0.185962305273969,0.397242322828419,0.10897,-0.2,4000,0.98,0.67975,0.00110334681868334,0,-0.245628280329083,-0.226946376844741,-0.18615253484211,-0.186091217761484,-0.207961572419524,-0.174030881433403,3920,3877,2719,2719,"P2a",1886
311,0.185962305273969,0.397242322828419,0.10897,0,4000,0.98,0.6955,0.001078360891445,0,-0.0169124752609417,-0.00721968700290196,0.0065264761507489,0.00661417835239102,0.00219369846918337,0.0107585614178436,3920,3901,2782,2782,"P2a",1886
311,0.185962305273969,0.397242322828419,0.10897,0.2,4000,0.98175,0.68325,0.00109769484083425,0,0.208502138172788,0.200069209494804,0.199044780539404,0.1989807402312,0.205504823663988,0.20172853947984,3927,3894,2733,2733,"P2a",1886
311,0.185962305273969,0.397242322828419,0.10897,0.4,4000,0.97925,0.7015,0.00605844618674269,0.00106913756236636,0.436325674860808,0.413027119221317,0.397179634476708,0.395667464706489,0.412916187541914,0.389744261401306,3917,3854,2806,2803,"P2a",1886
311,0.185962305273969,0.397242322828419,0.10897,0.6,4000,0.98075,0.70925,0.0465280225590412,0.00493479027141347,0.675880099355158,0.609233827517106,0.592643324410305,0.584967856912523,0.632951066983656,0.5837840245258,3923,3730,2837,2823,"P2a",1886
311,0.185962305273969,0.397242322828419,0.10897,0.8,4000,0.98425,0.71225,0.148122148122148,0.0347490347490347,0.902716259453572,0.764091580457248,0.785654276205655,0.749293046515456,0.829679088194471,0.776092851794711,3937,3449,2849,2750,"P2a",1886
383,0.169227479147518,0.422280936195476,0.10897,-0.8,4000,0.98175,0.71775,0.146987112504354,0.0379658655520725,-0.92403518221802,-0.748865439025658,-0.765006080588229,-0.724350899281879,-0.829499262617241,-0.749717716149176,3927,3356,2871,2762,"P2a",1887
383,0.169227479147518,0.422280936195476,0.10897,-0.6,4000,0.9825,0.6945,0.0442764578833693,0.00863930885529158,-0.710424126592106,-0.609086707765711,-0.579190196921251,-0.567442465724339,-0.633321628166013,-0.564435109267075,3930,3639,2778,2754,"P2a",1887
383,0.169227479147518,0.422280936195476,0.10897,-0.4,4000,0.984,0.71725,0.0104566050888811,0.000348553502962705,-0.477757598821925,-0.418751330906748,-0.3749312397363,-0.373670168905765,-0.412350760639922,-0.36826654608419,3936,3815,2869,2868,"P2a",1887
383,0.169227479147518,0.422280936195476,0.10897,-0.2,4000,0.9845,0.71675,0.00104638995465644,0,-0.245589627297989,-0.220201667306338,-0.186028071012327,-0.185921620478053,-0.20566967970519,-0.178095879340483,3938,3891,2867,2867,"P2a",1887
383,0.169227479147518,0.422280936195476,0.10897,0,4000,0.9845,0.70325,0,0,-0.0202902820682109,-0.0111748423736775,0.0116205352742616,0.0116205352742616,0.00354959595542024,0.0194101403437012,3938,3918,2813,2813,"P2a",1887
383,0.169227479147518,0.422280936195476,0.10897,0.2,4000,0.98475,0.71225,0.000702000702000702,0.000351000351000351,0.213443635992239,0.202929658622944,0.202542576746314,0.202069603179049,0.209625603220275,0.207131513031681,3939,3914,2849,2848,"P2a",1887
383,0.169227479147518,0.422280936195476,0.10897,0.4,4000,0.98525,0.70625,0.00353982300884956,0.000353982300884956,0.441470244256369,0.415854657862292,0.389815494363814,0.389290549243046,0.411376163528881,0.386076260649607,3941,3874,2825,2824,"P2a",1887
383,0.169227479147518,0.422280936195476,0.10897,0.6,4000,0.97975,0.69775,0.0318882121103547,0.00250806162665711,0.668635886059331,0.610825384557158,0.581971377341199,0.577578996984935,0.623404292135129,0.579069563341441,3919,3752,2791,2784,"P2a",1887
383,0.169227479147518,0.422280936195476,0.10897,0.8,4000,0.9855,0.71025,0.142555438225977,0.0239352340725097,0.909120993108727,0.773618170041221,0.782132547107737,0.753775186586633,0.834884159225643,0.771264369098793,3942,3481,2841,2773,"P2a",1887
237,0.168254428519378,0.396060832164172,0.10897,-0.8,4000,0.955,0.51925,0.123254694270583,0.0423688011555128,-1.05009222298568,-0.698474028678125,-0.705001215481324,-0.660479983023114,-0.834933120883856,-0.679761523310682,3820,2997,2077,1989,"P2a",1892
237,0.168254428519378,0.396060832164172,0.10897,-0.6,4000,0.9515,0.52175,0.0503114518447532,0.0138955438428366,-0.772543070352779,-0.570534729698264,-0.536602495914023,-0.519487534922341,-0.636023343264928,-0.522932978744236,3806,3337,2087,2058,"P2a",1892
237,0.168254428519378,0.396060832164172,0.10897,-0.4,4000,0.9455,0.52975,0.0160453043888627,0.00377536573855592,-0.499789845523939,-0.39156778514573,-0.341195042272416,-0.335687708566016,-0.413486129737591,-0.330586599803458,3782,3555,2119,2111,"P2a",1892
237,0.168254428519378,0.396060832164172,0.10897,-0.2,4000,0.954,0.53675,0.00419189566837448,0.000931532370749884,-0.256046685449214,-0.204329945376645,-0.160245147475123,-0.158700250352151,-0.198739954225706,-0.150025267976104,3816,3713,2147,2145,"P2a",1892
237,0.168254428519378,0.396060832164172,0.10897,0,4000,0.9495,0.52,0.00144230769230769,0.000480769230769231,-0.0239632370977736,-0.0108917734634547,0.0152950825934743,0.0160073448024809,-0.00184519971776341,0.0251779489120242,3798,3732,2080,2079,"P2a",1892
237,0.168254428519378,0.396060832164172,0.10897,0.2,4000,0.95275,0.52125,0.00239808153477218,0,0.237239898981471,0.205561546869341,0.204471364175773,0.204251805780904,0.222010373819467,0.211441310385658,3811,3723,2085,2085,"P2a",1892
237,0.168254428519378,0.396060832164172,0.10897,0.4,4000,0.94575,0.53,0.0117924528301887,0.000471698113207547,0.457939806025109,0.397242595712749,0.378702631679293,0.377149790222193,0.417409788412595,0.378805242913772,3783,3641,2120,2119,"P2a",1892
237,0.168254428519378,0.396060832164172,0.10897,0.6,4000,0.9475,0.527,0.0445920303605313,0.00806451612903226,0.706286777082884,0.573395883238267,0.560789854604709,0.550319904083649,0.623162321055203,0.559175589534911,3790,3460,2108,2091,"P2a",1892
237,0.168254428519378,0.396060832164172,0.10897,0.8,4000,0.952,0.52,0.132692307692308,0.0341346153846154,0.956878628122081,0.737838956820486,0.748210610969051,0.711704465838849,0.843374108587021,0.74354854337319,3808,3173,2080,2009,"P2a",1892
216,0.171302327873097,0.398333182352927,0.10897,-0.8,4000,0.94325,0.4985,0.12136409227683,0.0481444332998997,-1.01883233071806,-0.696733194486437,-0.710814706550018,-0.659958741176167,-0.835294849490066,-0.696157227934538,3773,2954,1994,1898,"P2a",1918
216,0.171302327873097,0.398333182352927,0.10897,-0.6,4000,0.94825,0.499,0.0516032064128257,0.0155310621242485,-0.758739642042555,-0.553828015947056,-0.519232951930275,-0.500864093004816,-0.621724445358438,-0.503355751724388,3793,3326,1996,1965,"P2a",1918
216,0.171302327873097,0.398333182352927,0.10897,-0.4,4000,0.94275,0.48725,0.0159055926115957,0.00359158542842483,-0.515689203628324,-0.393769074894005,-0.335822603285573,-0.330407608101395,-0.423566474261663,-0.330218434491577,3771,3511,1949,1942,"P2a",1918
216,0.171302327873097,0.398333182352927,0.10897,-0.2,4000,0.9425,0.505,0.00198019801980198,0,-0.267134713390796,-0.211488785600217,-0.156159428359135,-0.155799617011283,-0.21161716390095,-0.152465375606536,3770,3641,2020,2020,"P2a",1918
216,0.171302327873097,0.398333182352927,0.10897,0,4000,0.94725,0.50025,0.00399800099950025,0,-0.040585813924399,-0.0123695935131468,0.0201439820530372,0.0201165710857927,-0.00272074892789375,0.0224059031025094,3789,3707,2001,2001,"P2a",1918
216,0.171302327873097,0.398333182352927,0.10897,0.2,4000,0.94675,0.4935,0.00405268490374873,0,0.218879749871857,0.199418439880406,0.202472159560155,0.202066519342403,0.206937837132323,0.202237611754797,3787,3695,1974,1974,"P2a",1918
216,0.171302327873097,0.398333182352927,0.10897,0.4,4000,0.94675,0.5095,0.0186457311089303,0.0014720314033366,0.463411976647839,0.407432536626992,0.389136067024497,0.386164841318995,0.432729593029839,0.396333750761647,3787,3630,2038,2035,"P2a",1918
216,0.171302327873097,0.398333182352927,0.10897,0.6,4000,0.945,0.49075,0.0499235863474274,0.00815078960774325,0.728202304394785,0.585237874967416,0.559066605088858,0.547867452347006,0.640656416032106,0.552004982076864,3780,3439,1963,1947,"P2a",1918
216,0.171302327873097,0.398333182352927,0.10897,0.8,4000,0.9445,0.49575,0.128593040847201,0.0292486132123046,0.945540682408726,0.722632513595368,0.733697234122598,0.700815471376314,0.832070230959857,0.735563130162321,3778,3137,1983,1925,"P2a",1918
292,0.169790885865647,0.400295670257148,0.10897,-0.8,4000,0.965,0.60925,0.133771029954863,0.0504718916700862,-0.975601714396117,-0.726094722174799,-0.747698910488995,-0.696139628102611,-0.835790808508004,-0.725684742891645,3860,3138,2437,2314,"P2a",1919
292,0.169790885865647,0.400295670257148,0.10897,-0.6,4000,0.96625,0.61,0.0385245901639344,0.010655737704918,-0.747519527737641,-0.593336536334663,-0.560228976771376,-0.547303863169524,-0.638856322688014,-0.554479298483447,3865,3485,2440,2414,"P2a",1919
292,0.169790885865647,0.400295670257148,0.10897,-0.4,4000,0.96225,0.601,0.00998336106489185,0.00207986688851913,-0.50779084716272,-0.411615182850417,-0.360084851181294,-0.356835413312549,-0.422167959715677,-0.35347854926812,3849,3644,2404,2399,"P2a",1919
292,0.169790885865647,0.400295670257148,0.10897,-0.2,4000,0.97175,0.61025,0.00163867267513314,0.000409668168783286,-0.252167088541322,-0.218252631976853,-0.171639013405243,-0.171067596572961,-0.204545635925641,-0.161454376723144,3887,3817,2441,2440,"P2a",1919
292,0.169790885865647,0.400295670257148,0.10897,0,4000,0.96225,0.59575,0,0.000419639110365086,-0.0348397027737502,-0.0193295682569513,0.00331000744577554,0.00390326670363878,-0.00889922300141498,0.0106378385596836,3849,3816,2383,2382,"P2a",1919
292,0.169790885865647,0.400295670257148,0.10897,0.2,4000,0.96075,0.613,0.000815660685154976,0.000407830342577488,0.225315387000184,0.2008815125581,0.195838443266986,0.195346527232786,0.209685745373648,0.197871224439171,3843,3787,2452,2451,"P2a",1919
292,0.169790885865647,0.400295670257148,0.10897,0.4,4000,0.96275,0.611,0.00818330605564648,0.000409165302782324,0.473541483655536,0.41245419771181,0.389786964866808,0.38857454117719,0.42358672937342,0.389522101565348,3851,3736,2444,2443,"P2a",1919
292,0.169790885865647,0.400295670257148,0.10897,0.6,4000,0.96325,0.6095,0.0397867104183757,0.00697292863002461,0.693360471788586,0.597130892640282,0.579349839307433,0.570553756305873,0.62586534384687,0.576401423406146,3853,3589,2438,2421,"P2a",1919
292,0.169790885865647,0.400295670257148,0.10897,0.8,4000,0.96775,0.59375,0.127578947368421,0.0256842105263158,0.930587175931257,0.751308800276213,0.751999943756958,0.722397421536926,0.837592547268325,0.739793741626031,3871,3305,2375,2314,"P2a",1919
209,0.383121691556694,0.394563118666212,0.10897,-0.8,4000,0.99875,0.92075,0.19033396687483,0.0727667662231876,-0.884273367005538,-0.771551686430921,-0.835538557018434,-0.766190512127694,-0.834347360436403,-0.811569757185994,3995,3561,3683,3415,"P2a",1954
209,0.383121691556694,0.394563118666212,0.10897,-0.6,4000,0.99925,0.91875,0.0729251700680272,0.0214965986394558,-0.658232365454907,-0.606994826461653,-0.622936484292455,-0.598664270714067,-0.615359263115303,-0.601073247624282,3997,3826,3675,3596,"P2a",1954
209,0.383121691556694,0.394563118666212,0.10897,-0.4,4000,0.9995,0.9295,0.0247444862829478,0.0029585798816568,-0.44607226422285,-0.430650398137925,-0.423428175206257,-0.418344644593785,-0.422214433149343,-0.407317439889881,3998,3953,3718,3707,"P2a",1954
209,0.383121691556694,0.394563118666212,0.10897,-0.2,4000,0.99875,0.92775,0.00538938291565616,0.000538938291565616,-0.226604077905659,-0.222561256941303,-0.213023606080649,-0.211989421580815,-0.210783667843766,-0.204877995085193,3995,3986,3711,3709,"P2a",1954
209,0.383121691556694,0.394563118666212,0.10897,0,4000,0.99825,0.923,0,0,-0.0102953220462082,-0.0079015970456462,0.00120543811766048,0.00120543811766048,0.000790877164204794,0.00720185551689087,3993,3985,3692,3692,"P2a",1954
209,0.383121691556694,0.394563118666212,0.10897,0.2,4000,0.999,0.92675,0.000809279741030483,0,0.20305741119448,0.201302553434077,0.202036883934571,0.201968056749404,0.20640066746436,0.205491553291507,3996,3991,3707,3707,"P2a",1954
209,0.383121691556694,0.394563118666212,0.10897,0.4,4000,0.9995,0.92675,0.00998111680604262,0.000269759913676828,0.413853743390656,0.408901404040563,0.406236813439478,0.405087631576693,0.411023218617654,0.408285586039664,3998,3986,3707,3706,"P2a",1954
209,0.383121691556694,0.394563118666212,0.10897,0.6,4000,0.9995,0.92375,0.0497970230040595,0.00649526387009472,0.637297831773094,0.616028619669089,0.618394131094709,0.609241892791632,0.621220707178359,0.60996819201018,3998,3923,3695,3671,"P2a",1954
209,0.383121691556694,0.394563118666212,0.10897,0.8,4000,0.9985,0.9245,0.170632774472688,0.0402920497566252,0.875363925922154,0.786645757625346,0.82348864528652,0.782537130987045,0.827363737268033,0.815317138500791,3994,3730,3698,3549,"P2a",1954
295,0.168865652603478,0.391297081574123,0.10897,-0.8,4000,0.966,0.609,0.12192118226601,0.0492610837438424,-0.959342249847283,-0.722724462998339,-0.739502856366031,-0.691542749881349,-0.828638517606678,-0.725261061191628,3864,3177,2436,2316,"P2a",1970
295,0.168865652603478,0.391297081574123,0.10897,-0.6,4000,0.96675,0.606,0.047029702970297,0.014026402640264,-0.742547363390404,-0.583311853482641,-0.548708600973716,-0.531943798064325,-0.625816297938547,-0.537940882536423,3867,3514,2424,2390,"P2a",1970
295,0.168865652603478,0.391297081574123,0.10897,-0.4,4000,0.967,0.609,0.0151888341543514,0.0028735632183908,-0.514767398259499,-0.406397854607202,-0.363200550805491,-0.35888465903347,-0.41134646725859,-0.351992931872825,3868,3670,2436,2429,"P2a",1970
295,0.168865652603478,0.391297081574123,0.10897,-0.2,4000,0.97025,0.6075,0.00329218106995885,0.000411522633744856,-0.273502754498096,-0.228142420423377,-0.182156504027188,-0.181207041626371,-0.217815718001152,-0.170467568996521,3881,3808,2430,2429,"P2a",1970
295,0.168865652603478,0.391297081574123,0.10897,0,4000,0.9695,0.6085,0.00123253903040263,0.000410846343467543,-0.0235059337068968,-0.0174444047338269,0.0117702718925941,0.0123937404520226,-0.00749444377442593,0.0170858092701936,3878,3840,2434,2433,"P2a",1970
295,0.168865652603478,0.391297081574123,0.10897,0.2,4000,0.96225,0.59925,0.00166875260742595,0,0.226332216312535,0.209496187008089,0.207005150576655,0.206862453037733,0.215608533259179,0.210495689576154,3849,3800,2397,2397,"P2a",1970
295,0.168865652603478,0.391297081574123,0.10897,0.4,4000,0.969,0.6255,0.00999200639488409,0.00199840127897682,0.444173848200821,0.411470745493087,0.398222133594994,0.395233440756878,0.423076397832943,0.406594338413235,3876,3793,2502,2497,"P2a",1970
295,0.168865652603478,0.391297081574123,0.10897,0.6,4000,0.9655,0.6075,0.0465020576131687,0.00493827160493827,0.719448029325053,0.593744869318435,0.583394993162677,0.57533134307221,0.625953780681485,0.578273873366978,3862,3593,2430,2418,"P2a",1970
295,0.168865652603478,0.391297081574123,0.10897,0.8,4000,0.96725,0.601,0.133527454242928,0.0299500831946755,0.940459726284834,0.752184992962279,0.762585232192533,0.729999240421554,0.837344828878484,0.756545153872993,3869,3280,2404,2332,"P2a",1970
220,0.168819889008159,0.39437150761623,0.10897,-0.8,4000,0.944,0.50725,0.110892065056678,0.0507639231148349,-1.02152027765333,-0.692656470731349,-0.698948551812401,-0.646647125439739,-0.829239800581166,-0.680899517880897,3776,2975,2029,1926,"P2a",1984
220,0.168819889008159,0.39437150761623,0.10897,-0.6,4000,0.93475,0.507,0.0522682445759369,0.0202169625246548,-0.756274471404097,-0.557474708833121,-0.530852023923402,-0.507452866592148,-0.624910188558784,-0.513307036215326,3739,3252,2028,1987,"P2a",1984
220,0.168819889008159,0.39437150761623,0.10897,-0.4,4000,0.938,0.50025,0.0144927536231884,0.00299850074962519,-0.516144803704165,-0.386375388546502,-0.32310924294751,-0.318427885497751,-0.412683571129623,-0.311365638795791,3752,3487,2001,1995,"P2a",1984
220,0.168819889008159,0.39437150761623,0.10897,-0.2,4000,0.95025,0.50675,0.00444005920078934,0,-0.268596722850901,-0.212526418749077,-0.166352749286776,-0.165991739687233,-0.202388698311547,-0.150155232679964,3801,3690,2027,2027,"P2a",1984
220,0.168819889008159,0.39437150761623,0.10897,0,4000,0.9395,0.492,0.00101626016260163,0.000508130081300813,-0.0152091923249092,0.000695519624607618,0.0251047273482355,0.0245151313070717,0.00710359308486392,0.0300203286893348,3758,3690,1968,1967,"P2a",1984
220,0.168819889008159,0.39437150761623,0.10897,0.2,4000,0.9435,0.49825,0.00401404917210236,0,0.226894163057986,0.201716500649465,0.209656634506319,0.209291245698114,0.225384076582084,0.221934290036312,3774,3687,1993,1993,"P2a",1984
220,0.168819889008159,0.39437150761623,0.10897,0.4,4000,0.94325,0.5115,0.00684261974584555,0.00195503421309873,0.467393689911908,0.39236067458391,0.369472389741561,0.366896906590275,0.418383515329134,0.376310654516182,3773,3622,2046,2042,"P2a",1984
220,0.168819889008159,0.39437150761623,0.10897,0.6,4000,0.937,0.48225,0.0502851218247797,0.00829445308449974,0.713756655298235,0.580339870169275,0.566507346110985,0.554610578565871,0.640942640779408,0.562396513490603,3748,3410,1929,1913,"P2a",1984
220,0.168819889008159,0.39437150761623,0.10897,0.8,4000,0.94275,0.501,0.141217564870259,0.0264471057884232,0.943138337868946,0.726649138408507,0.737334348647467,0.7041370701536,0.826040782685635,0.731641561336706,3771,3145,2004,1951,"P2a",1984
472,0.170605000536023,0.398321046829638,0.10897,-0.8,4000,0.98975,0.7935,0.141461877756774,0.0428481411468179,-0.912958522040149,-0.767053978185997,-0.79029729997858,-0.74840920431878,-0.834284012407036,-0.775317554167663,3959,3464,3174,3038,"P2a",2019
472,0.170605000536023,0.398321046829638,0.10897,-0.6,4000,0.99075,0.7965,0.0508474576271186,0.0100439422473321,-0.673818923111376,-0.604834942415143,-0.589124490600401,-0.576571176290964,-0.613705786657244,-0.575926182241597,3963,3741,3186,3154,"P2a",2019
472,0.170605000536023,0.398321046829638,0.10897,-0.4,4000,0.9905,0.792,0.0110479797979798,0.000946969696969697,-0.451138728878895,-0.423496056238387,-0.391320861123279,-0.389558109896892,-0.412512071751551,-0.380814962131288,3962,3890,3168,3165,"P2a",2019
472,0.170605000536023,0.398321046829638,0.10897,-0.2,4000,0.994,0.796,0,0.000314070351758794,-0.237281755475967,-0.225334159088999,-0.192280881183172,-0.19194665302979,-0.21146311989755,-0.186156374536473,3976,3945,3184,3183,"P2a",2019
472,0.170605000536023,0.398321046829638,0.10897,0,4000,0.9895,0.78925,0,0,-0.0136817651993353,-0.0122740455822275,-0.000973491892607128,-0.000973491892607128,0.000496944956977393,0.0106434176567168,3958,3948,3157,3157,"P2a",2019
472,0.170605000536023,0.398321046829638,0.10897,0.2,4000,0.9895,0.79225,0,0,0.206973790909242,0.204448027307926,0.204578296466396,0.204578296466396,0.206130925618915,0.205687805349014,3958,3949,3169,3169,"P2a",2019
472,0.170605000536023,0.398321046829638,0.10897,0.4,4000,0.9905,0.785,0.00222929936305732,0,0.433843511746671,0.413566822147375,0.39591471298157,0.39578591450221,0.408299311042491,0.394801675690369,3962,3918,3140,3140,"P2a",2019
472,0.170605000536023,0.398321046829638,0.10897,0.6,4000,0.99075,0.78825,0.0272756105296543,0.00317158261972724,0.657048395129085,0.61307142134874,0.594466491953174,0.590107014851149,0.624067510751191,0.593392151013324,3963,3834,3153,3143,"P2a",2019
472,0.170605000536023,0.398321046829638,0.10897,0.8,4000,0.9915,0.78875,0.128684627575277,0.0250396196513471,0.897895107244665,0.777444246798807,0.789567976306692,0.763833043829272,0.824885685557856,0.785154624066252,3966,3593,3155,3076,"P2a",2019
368,0.182342739184178,0.398585226185353,0.10897,-0.8,4000,0.98975,0.74575,0.153201475025142,0.0522963459604425,-0.923395276765338,-0.756228920638717,-0.787876267748404,-0.737242093764972,-0.835401187944482,-0.772314031895202,3959,3382,2983,2827,"P2a",2042
368,0.182342739184178,0.398585226185353,0.10897,-0.6,4000,0.982,0.74475,0.0419603893924136,0.0137630077207116,-0.687323277757999,-0.591191689992836,-0.570992595529526,-0.556126265684386,-0.613747060209841,-0.560999739553726,3928,3656,2979,2938,"P2a",2042
368,0.182342739184178,0.398585226185353,0.10897,-0.4,4000,0.98825,0.75475,0.0112620072871812,0.00165617754223253,-0.456995784771137,-0.414194785550869,-0.381659477417156,-0.378974075526843,-0.411226605588054,-0.379071091042397,3953,3848,3019,3014,"P2a",2042
368,0.182342739184178,0.398585226185353,0.10897,-0.2,4000,0.9855,0.74075,0.00134998312521093,0,-0.23320012501716,-0.220160666088167,-0.185314408624388,-0.185224832493423,-0.202929211776665,-0.173622315655913,3942,3904,2963,2963,"P2a",2042
368,0.182342739184178,0.398585226185353,0.10897,0,4000,0.9865,0.7615,0.000328299409061064,0.000328299409061064,-0.0115989041079379,-0.00340356069850546,0.00984636560068341,0.010311975123534,0.00524795335325789,0.0144708297819634,3946,3927,3046,3045,"P2a",2042
368,0.182342739184178,0.398585226185353,0.10897,0.2,4000,0.98475,0.73725,0.00101729399796541,0,0.209241038068584,0.207766219823657,0.202713821207208,0.202690172267629,0.210413040610035,0.206477553770262,3939,3919,2949,2949,"P2a",2042
368,0.182342739184178,0.398585226185353,0.10897,0.4,4000,0.983,0.74525,0.00670915800067092,0.000335457900033546,0.431004570642288,0.409336261437527,0.390541067936952,0.389652586154104,0.412955737809211,0.394328456392722,3932,3878,2981,2980,"P2a",2042
368,0.182342739184178,0.398585226185353,0.10897,0.6,4000,0.987,0.7495,0.0386924616410941,0.00466977985323549,0.67112568738947,0.606922684267074,0.589621048072292,0.582895583799243,0.622372150665198,0.58579935820081,3948,3771,2998,2984,"P2a",2042
368,0.182342739184178,0.398585226185353,0.10897,0.8,4000,0.98675,0.7475,0.137123745819398,0.0304347826086957,0.906799697454898,0.775924438792072,0.790424448492799,0.758369313174495,0.830343994198737,0.781307841044848,3947,3507,2990,2899,"P2a",2042
276,0.282808261803109,0.402960787312987,0.10897,-0.8,4000,0.99775,0.89675,0.167828268748258,0.0671870643992194,-0.877134155149806,-0.764378551233576,-0.819263771015645,-0.757201954621024,-0.819302879826904,-0.792260106674303,3991,3539,3587,3346,"P2a",2090
276,0.282808261803109,0.402960787312987,0.10897,-0.6,4000,0.99625,0.89175,0.072610036445192,0.0221474628539389,-0.680717529851156,-0.611773548010283,-0.622176686512524,-0.597080420765609,-0.623143206194533,-0.602521519264261,3985,3803,3567,3488,"P2a",2090
276,0.282808261803109,0.402960787312987,0.10897,-0.4,4000,0.999,0.90425,0.015758916228919,0.00248824993088195,-0.441983772464987,-0.421295545582007,-0.409246724189737,-0.405499009921237,-0.413920295291248,-0.396875963421174,3996,3939,3617,3608,"P2a",2090
276,0.282808261803109,0.402960787312987,0.10897,-0.2,4000,0.999,0.897,0.00167224080267559,0.000278706800445931,-0.229185734844671,-0.219397356793013,-0.201253262785195,-0.200839921023722,-0.207347721734042,-0.195891434678711,3996,3973,3588,3587,"P2a",2090
276,0.282808261803109,0.402960787312987,0.10897,0,4000,0.99725,0.89625,0,0,-0.0131570435215022,-0.0117343121636393,-0.000660093609514282,-0.000660093609514282,-0.00082618824812468,0.00596342038106224,3989,3983,3585,3585,"P2a",2090
276,0.282808261803109,0.402960787312987,0.10897,0.2,4000,0.99825,0.89975,0.000555709919422062,0,0.206973600009253,0.205305342128232,0.202659805782964,0.202645042851962,0.204349173323181,0.204524393553281,3993,3987,3599,3599,"P2a",2090
276,0.282808261803109,0.402960787312987,0.10897,0.4,4000,0.997,0.90025,0.00638711469036379,0,0.416293595258288,0.410609225515449,0.403431855812849,0.402794161201694,0.406721895649612,0.400403968951343,3988,3975,3601,3601,"P2a",2090
276,0.282808261803109,0.402960787312987,0.10897,0.6,4000,0.997,0.899,0.0408787541713014,0.00472747497219132,0.637622811960454,0.615012729846555,0.612906116261594,0.606018335200565,0.621544727020648,0.609939199088896,3988,3912,3596,3579,"P2a",2090
276,0.282808261803109,0.402960787312987,0.10897,0.8,4000,0.9965,0.9025,0.170360110803324,0.0362880886426593,0.855759962649172,0.785574221633264,0.819034084209845,0.779905851104254,0.826549806583603,0.809305050452247,3986,3720,3610,3479,"P2a",2090
509,0.170389363464537,0.400960135599662,0.10897,-0.8,4000,0.9905,0.806,0.13182382133995,0.0471464019851117,-0.895129290547279,-0.762076126847976,-0.788459776330143,-0.7449038526958,-0.818019729486057,-0.766895268054313,3962,3472,3224,3072,"P2a",2098
509,0.170389363464537,0.400960135599662,0.10897,-0.6,4000,0.992,0.808,0.0423886138613861,0.00556930693069307,-0.676540705542434,-0.616882079360958,-0.595205641832544,-0.587917852839728,-0.626721654712032,-0.586544525153188,3968,3788,3232,3214,"P2a",2098
509,0.170389363464537,0.400960135599662,0.10897,-0.4,4000,0.99275,0.8265,0.00967937084089534,0.00120992135511192,-0.447678976768648,-0.422557013250403,-0.393208720573116,-0.391260646189583,-0.41436730233645,-0.381662901155268,3971,3914,3306,3302,"P2a",2098
509,0.170389363464537,0.400960135599662,0.10897,-0.2,4000,0.99125,0.799,0.000312891113892365,0,-0.225177524772042,-0.214606136555764,-0.190796181597163,-0.190753259102327,-0.203519294491524,-0.182651028746827,3965,3939,3196,3196,"P2a",2098
509,0.170389363464537,0.400960135599662,0.10897,0,4000,0.9935,0.81625,0,0,-0.0140455375684475,-0.00804272709058849,0.00357590664483118,0.00357590664483118,0.00280907525147079,0.0144557984899741,3974,3961,3265,3265,"P2a",2098
509,0.170389363464537,0.400960135599662,0.10897,0.2,4000,0.99175,0.8125,0,0,0.218326760173724,0.215083115095974,0.208536065111263,0.208536065111263,0.209019452279057,0.203121587222081,3967,3956,3250,3250,"P2a",2098
509,0.170389363464537,0.400960135599662,0.10897,0.4,4000,0.993,0.8055,0.00217256362507759,0,0.427500909792956,0.413312107249952,0.39395886555661,0.393821060783738,0.40882883780136,0.390525898030078,3972,3944,3222,3222,"P2a",2098
509,0.170389363464537,0.400960135599662,0.10897,0.6,4000,0.99025,0.8075,0.0281733746130031,0.00123839009287926,0.653983855735416,0.614555121419774,0.594064199210492,0.590881398761548,0.618724480363465,0.59054387258571,3961,3855,3230,3226,"P2a",2098
509,0.170389363464537,0.400960135599662,0.10897,0.8,4000,0.99075,0.8165,0.145744029393754,0.020514390691978,0.879324642159583,0.784028435852187,0.796272041649333,0.771552432531902,0.824133133655915,0.790564618517266,3963,3621,3266,3199,"P2a",2098
441,0.169654033877491,0.399468534038022,0.10897,-0.8,4000,0.9915,0.75875,0.147281713344316,0.0415156507413509,-0.915590989959529,-0.755292495409771,-0.777729014799096,-0.735185319918351,-0.830598993747677,-0.760503875891876,3966,3414,3035,2909,"P2a",2108
441,0.169654033877491,0.399468534038022,0.10897,-0.6,4000,0.9905,0.7595,0.0457537853851218,0.00921658986175115,-0.692503903551685,-0.606350409436415,-0.584078855727843,-0.572214495885061,-0.619026992447615,-0.568224895330921,3962,3728,3038,3010,"P2a",2108
441,0.169654033877491,0.399468534038022,0.10897,-0.4,4000,0.99075,0.755,0.00960264900662252,0.000662251655629139,-0.470876240481308,-0.422844780729551,-0.382471122892708,-0.381003668996853,-0.408911695631341,-0.369820677469341,3963,3861,3020,3018,"P2a",2108
441,0.169654033877491,0.399468534038022,0.10897,-0.2,4000,0.98925,0.765,0.00065359477124183,0,-0.232310500848161,-0.217066033054415,-0.186548814889588,-0.186501990548129,-0.203961303335403,-0.182400683976875,3957,3929,3060,3060,"P2a",2108
441,0.169654033877491,0.399468534038022,0.10897,0,4000,0.98775,0.77125,0,0,-0.0136509295633129,-0.0133123799225333,-0.00222994038067204,-0.00222994038067204,-0.000139247733378933,0.0039093479442773,3951,3937,3085,3085,"P2a",2108
441,0.169654033877491,0.399468534038022,0.10897,0.2,4000,0.98575,0.75325,0.000663790242283438,0,0.227756236435058,0.214180497747609,0.20459840875193,0.204524594816031,0.216118269997426,0.206830940336142,3943,3923,3013,3013,"P2a",2108
441,0.169654033877491,0.399468534038022,0.10897,0.4,4000,0.98825,0.771,0.00226977950713359,0,0.428463266653848,0.411561675533216,0.394701440838075,0.394541555659097,0.41401130271921,0.397105876423329,3953,3905,3084,3084,"P2a",2108
441,0.169654033877491,0.399468534038022,0.10897,0.6,4000,0.98725,0.74875,0.0323873121869783,0.00200333889816361,0.673077537124827,0.615475659763649,0.591526741247861,0.587772696410328,0.625810870383666,0.591718972053718,3949,3816,2995,2989,"P2a",2108
441,0.169654033877491,0.399468534038022,0.10897,0.8,4000,0.9885,0.764,0.138743455497382,0.018979057591623,0.901613088477704,0.773861981756686,0.782313124507449,0.758263430755456,0.820304215570844,0.774174942577072,3954,3573,3056,2998,"P2a",2108
277,0.200991238053166,0.401288193765913,0.10897,-0.8,4000,0.98375,0.70875,0.150617283950617,0.0592592592592593,-0.930317802220952,-0.740235952585861,-0.775132354549066,-0.719162248666468,-0.8406874382158,-0.761438121333886,3935,3285,2835,2667,"P2a",2196
277,0.200991238053166,0.401288193765913,0.10897,-0.6,4000,0.9865,0.70525,0.0602623183268345,0.0166607585962425,-0.710216583931363,-0.58953722105047,-0.574931804973197,-0.554818030045827,-0.622778111829062,-0.55168261745624,3946,3615,2821,2774,"P2a",2196
277,0.200991238053166,0.401288193765913,0.10897,-0.4,4000,0.98125,0.70125,0.0160427807486631,0.00142602495543672,-0.475976196139752,-0.407141312894321,-0.369014019989114,-0.366118747004487,-0.402295669418729,-0.353499978750353,3925,3773,2805,2801,"P2a",2196
277,0.200991238053166,0.401288193765913,0.10897,-0.2,4000,0.98175,0.698,0.00214899713467049,0.000716332378223496,-0.250719525518708,-0.21919747863421,-0.182553695599536,-0.181554068457326,-0.206015485254426,-0.171137730985456,3927,3863,2792,2790,"P2a",2196
277,0.200991238053166,0.401288193765913,0.10897,0,4000,0.979,0.68925,0.000725426187885383,0,-0.0143467196175606,-0.00981874524729469,0.00694101105201508,0.00695028124397005,-0.0080774588291876,0.00281934598111327,3916,3888,2757,2757,"P2a",2196
277,0.200991238053166,0.401288193765913,0.10897,0.2,4000,0.981,0.69525,0.000719165767709457,0,0.20974248000317,0.201410364361106,0.198128204896581,0.198109424568223,0.199116141445932,0.196070685721174,3924,3883,2781,2781,"P2a",2196
277,0.200991238053166,0.401288193765913,0.10897,0.4,4000,0.97925,0.69475,0.00899604174163368,0.00107952500899604,0.450265690419431,0.41771562645347,0.40086434519261,0.399312615834874,0.424779163126038,0.398480851640701,3917,3831,2779,2776,"P2a",2196
277,0.200991238053166,0.401288193765913,0.10897,0.6,4000,0.9835,0.69775,0.045145109279828,0.00609100680759584,0.679453095294086,0.605220181481033,0.590797588605761,0.582353783315457,0.628821695930788,0.586662093851759,3934,3726,2791,2774,"P2a",2196
277,0.200991238053166,0.401288193765913,0.10897,0.8,4000,0.98275,0.70725,0.155885471898197,0.0346412159773772,0.918963794190309,0.765855898926375,0.785910241943683,0.749549186747321,0.840349744722902,0.781703474481078,3931,3448,2829,2731,"P2a",2196
418,0.262802926823826,0.400049658681335,0.10897,-0.8,4000,0.9995,0.956,0.169717573221757,0.0530857740585774,-0.855623480828597,-0.785549524457865,-0.831722162037041,-0.78277245835688,-0.822487419744364,-0.812611686404506,3998,3700,3824,3621,"P2a",2199
418,0.262802926823826,0.400049658681335,0.10897,-0.6,4000,0.99925,0.959,0.0591762252346194,0.00964546402502607,-0.651212219058651,-0.619418916642194,-0.627040276745026,-0.614703104837274,-0.623934200555915,-0.615208277175999,3997,3905,3836,3799,"P2a",2199
418,0.262802926823826,0.400049658681335,0.10897,-0.4,4000,0.9995,0.95725,0.00783494384956908,0.00156698876991382,-0.434830422069881,-0.426207940191748,-0.418941219943756,-0.416679301293057,-0.413343455369453,-0.405307464241573,3998,3972,3829,3823,"P2a",2199
418,0.262802926823826,0.400049658681335,0.10897,-0.2,4000,0.99925,0.9625,0.000519480519480519,0,-0.217692891235443,-0.215678925923639,-0.209740772341854,-0.209710339772032,-0.203189811323769,-0.198276202821984,3997,3991,3850,3850,"P2a",2199
418,0.262802926823826,0.400049658681335,0.10897,0,4000,0.99925,0.96175,0,0,-0.0139268531086145,-0.0132899271899,-0.0100196971873057,-0.0100196971873057,-0.010850295323926,-0.00862156604589434,3997,3996,3847,3847,"P2a",2199
418,0.262802926823826,0.400049658681335,0.10897,0.2,4000,0.99925,0.965,0,0,0.205834572398791,0.205093309000328,0.205344812301512,0.205344812301512,0.207449144343331,0.208527313846955,3997,3996,3860,3860,"P2a",2199
418,0.262802926823826,0.400049658681335,0.10897,0.4,4000,0.99975,0.96225,0.0012990387113536,0,0.410179305673204,0.407345671150791,0.403437562987929,0.403358870934904,0.404752062829053,0.401591226830444,3999,3991,3849,3849,"P2a",2199
418,0.262802926823826,0.400049658681335,0.10897,0.6,4000,0.99975,0.96325,0.0319231767453932,0.0025953802232027,0.631551816993782,0.618884742336401,0.619144508440491,0.614414814603822,0.614966225354171,0.60980544088271,3999,3962,3853,3843,"P2a",2199
418,0.262802926823826,0.400049658681335,0.10897,0.8,4000,0.99925,0.9595,0.157373632100052,0.0229286086503387,0.844665553648547,0.801631787309412,0.827182828828449,0.79991431671185,0.825395393164641,0.818844710751025,3997,3827,3838,3750,"P2a",2199
305,0.204653673173272,0.397112829407515,0.10897,-0.8,4000,0.987,0.76625,0.148123980424144,0.0518760195758564,-0.921357679270992,-0.749705730747335,-0.783557360686868,-0.731649948583056,-0.823849395324219,-0.762004219184322,3948,3401,3065,2906,"P2a",2236
305,0.204653673173272,0.397112829407515,0.10897,-0.6,4000,0.98475,0.75325,0.0560902754729505,0.0139395950879522,-0.701791037644374,-0.607337481644427,-0.591765944838139,-0.57483289475139,-0.637442564103319,-0.577814897870613,3939,3647,3013,2971,"P2a",2236
305,0.204653673173272,0.397112829407515,0.10897,-0.4,4000,0.98625,0.7565,0.0135492399206874,0.00165234633179114,-0.465485594845106,-0.421469609325224,-0.389087093885187,-0.386309752549104,-0.421407984742333,-0.37588042784064,3945,3838,3026,3021,"P2a",2236
305,0.204653673173272,0.397112829407515,0.10897,-0.2,4000,0.985,0.75875,0.00197693574958814,0.000988467874794069,-0.246544421137824,-0.226122265499834,-0.192339997883121,-0.191088640556292,-0.212036236668092,-0.181441879744842,3940,3892,3035,3032,"P2a",2236
305,0.204653673173272,0.397112829407515,0.10897,0,4000,0.9895,0.7505,0,0.00033311125916056,-0.0169199678691918,-0.0118892376172869,0.00619716710443326,0.00663359087710168,-0.00571410533232372,0.00666851107264797,3958,3940,3002,3001,"P2a",2236
305,0.204653673173272,0.397112829407515,0.10897,0.2,4000,0.9875,0.74225,0.00101044122600202,0.000336813742000674,0.218782079371715,0.21155267569627,0.212736891114731,0.212317452989564,0.220017884873607,0.213934133213618,3950,3930,2969,2968,"P2a",2236
305,0.204653673173272,0.397112829407515,0.10897,0.4,4000,0.98625,0.74625,0.00770519262981575,0.00134003350083752,0.446129664193803,0.415750826813292,0.401619699235946,0.399471091864138,0.419588275511086,0.397569477357136,3945,3873,2985,2981,"P2a",2236
305,0.204653673173272,0.397112829407515,0.10897,0.6,4000,0.9875,0.75775,0.0353018805674695,0.00626855823160673,0.657129107594932,0.603197957573607,0.592185386841695,0.584175588099212,0.622355453248643,0.588964290297457,3950,3795,3031,3012,"P2a",2236
305,0.204653673173272,0.397112829407515,0.10897,0.8,4000,0.9885,0.74475,0.151057401812689,0.0325612621685129,0.894870356529489,0.773591031055972,0.794769453309593,0.759722810275488,0.832842023811658,0.788370161767441,3954,3518,2979,2882,"P2a",2236
404,0.16894047105927,0.394809750613709,0.10897,-0.8,4000,0.98875,0.72575,0.139510850843955,0.0447812607647261,-0.925578522035644,-0.753283032671061,-0.773783094282421,-0.729263910742062,-0.828506974921674,-0.759619388923547,3955,3385,2903,2773,"P2a",2246
404,0.16894047105927,0.394809750613709,0.10897,-0.6,4000,0.98525,0.73775,0.0491358861402914,0.00982717722805829,-0.711089742250292,-0.604513701905135,-0.58350765774634,-0.570759522637398,-0.625529982374129,-0.565682692966468,3941,3676,2951,2922,"P2a",2246
404,0.16894047105927,0.394809750613709,0.10897,-0.4,4000,0.9845,0.72625,0.0123924268502582,0.00172117039586919,-0.47282508391475,-0.429426289654733,-0.388271035554563,-0.385443217036686,-0.419832550789867,-0.376501219520002,3938,3820,2905,2900,"P2a",2246
404,0.16894047105927,0.394809750613709,0.10897,-0.2,4000,0.981,0.7265,0.00206469373709566,0.000344115622849277,-0.238882496811163,-0.224741511359526,-0.188727208593894,-0.188252848717127,-0.211062230616948,-0.180046637360475,3924,3892,2906,2905,"P2a",2246
404,0.16894047105927,0.394809750613709,0.10897,0,4000,0.98325,0.73875,0.000338409475465313,0,-0.00914821352608051,-0.00521400930014749,0.0104368722414692,0.0105182207341308,0.00948458457464866,0.0216587726617355,3933,3920,2955,2955,"P2a",2246
404,0.16894047105927,0.394809750613709,0.10897,0.2,4000,0.98225,0.72675,0.000343997248022016,0,0.211395978372899,0.207959826201297,0.201420840187929,0.201418173806618,0.209581938564793,0.203134216911929,3929,3905,2907,2907,"P2a",2246
404,0.16894047105927,0.394809750613709,0.10897,0.4,4000,0.98675,0.7245,0.00655624568668047,0.0010351966873706,0.450283855936169,0.42060239893535,0.39766032280113,0.39604550806098,0.418707184191747,0.389342160385188,3947,3888,2898,2895,"P2a",2246
404,0.16894047105927,0.394809750613709,0.10897,0.6,4000,0.9825,0.74475,0.0342396777442095,0.00302114803625378,0.661834012586263,0.60772479615578,0.587263735306724,0.582160452528585,0.623880482103619,0.585546146426239,3930,3768,2979,2970,"P2a",2246
404,0.16894047105927,0.394809750613709,0.10897,0.8,4000,0.982,0.727,0.139614855570839,0.0257909215955983,0.882544040226281,0.770768738478153,0.7804611294007,0.752039434258027,0.821844503203428,0.774851765353375,3928,3506,2908,2833,"P2a",2246
425,0.170763839528505,0.400646952389395,0.10897,-0.8,4000,0.989,0.746,0.138739946380697,0.0415549597855228,-0.92919033061262,-0.753232558323157,-0.771534705565941,-0.72958396195358,-0.830605314515615,-0.748491335675345,3956,3391,2984,2860,"P2a",2284
425,0.170763839528505,0.400646952389395,0.10897,-0.6,4000,0.98525,0.74625,0.0388609715242881,0.00837520938023451,-0.680818813543471,-0.604086786399302,-0.57650074917823,-0.565840356354218,-0.621190415763268,-0.567194961326837,3941,3717,2985,2960,"P2a",2284
425,0.170763839528505,0.400646952389395,0.10897,-0.4,4000,0.98825,0.745,0.00973154362416107,0.00100671140939597,-0.458814076469914,-0.424430247509735,-0.38169604491515,-0.379930073118101,-0.412528270717661,-0.372806630758794,3953,3860,2980,2977,"P2a",2284
425,0.170763839528505,0.400646952389395,0.10897,-0.2,4000,0.988,0.75775,0.000659848234905972,0,-0.241170330943644,-0.224725670375036,-0.193462836139141,-0.193393394099216,-0.210550227964988,-0.185656650688966,3952,3917,3031,3031,"P2a",2284
425,0.170763839528505,0.400646952389395,0.10897,0,4000,0.98825,0.74775,0,0,-0.00647866318998509,-0.00534752448104804,0.00675021953646333,0.00675021953646333,0.00721358216356908,0.0157278370232755,3953,3937,2991,2991,"P2a",2284
425,0.170763839528505,0.400646952389395,0.10897,0.2,4000,0.98475,0.75275,0,0,0.215044085199115,0.207213741978161,0.203319401618924,0.203319401618924,0.206456524093843,0.203631170887476,3939,3920,3011,3011,"P2a",2284
425,0.170763839528505,0.400646952389395,0.10897,0.4,4000,0.9895,0.755,0.00397350993377483,0.000662251655629139,0.432587992931146,0.415433785225666,0.395425132475874,0.39448948104304,0.413857923767087,0.392769149836899,3958,3911,3020,3018,"P2a",2284
425,0.170763839528505,0.400646952389395,0.10897,0.6,4000,0.98475,0.75,0.033,0.005,0.662518296902267,0.605875065195213,0.589152252474952,0.582106295291902,0.615422436818812,0.583724242776466,3939,3806,3000,2985,"P2a",2284
425,0.170763839528505,0.400646952389395,0.10897,0.8,4000,0.98775,0.754,0.138594164456233,0.021551724137931,0.887368108025126,0.773569446971662,0.781434017948357,0.755928509735725,0.824883219014162,0.776168815643079,3951,3554,3016,2951,"P2a",2284
283,0.169404756467308,0.394679606767737,0.10897,-0.8,4000,0.9615,0.5775,0.111255411255411,0.0411255411255411,-0.999160221064084,-0.726783547005492,-0.727435803894247,-0.685931363783405,-0.841800463476833,-0.7193592597994,3846,3092,2310,2215,"P2a",2341
283,0.169404756467308,0.394679606767737,0.10897,-0.6,4000,0.96275,0.5995,0.0475396163469558,0.0137614678899083,-0.722031885926484,-0.579564331514033,-0.55195337388054,-0.535237140623727,-0.625912290710507,-0.537188884906244,3851,3458,2398,2365,"P2a",2341
283,0.169404756467308,0.394679606767737,0.10897,-0.4,4000,0.961,0.57775,0.016010385114669,0.00173085244482908,-0.501204107192583,-0.41123537436328,-0.362029304012333,-0.358601493170878,-0.427572540657762,-0.351910057706106,3844,3638,2311,2307,"P2a",2341
283,0.169404756467308,0.394679606767737,0.10897,-0.2,4000,0.96025,0.583,0.00300171526586621,0.000428816466552316,-0.259916257432918,-0.218621907805036,-0.169414138503643,-0.168583014198919,-0.210206610399578,-0.162326670426406,3841,3756,2332,2331,"P2a",2341
283,0.169404756467308,0.394679606767737,0.10897,0,4000,0.96275,0.589,0.000424448217317487,0,-0.0223713052505005,-0.0169214945172182,0.0115267041649254,0.0115156154876839,-0.00303144394686316,0.023827521987242,3851,3812,2356,2356,"P2a",2341
283,0.169404756467308,0.394679606767737,0.10897,0.2,4000,0.96325,0.6015,0.00124688279301746,0.000415627597672485,0.215441579594971,0.196810481198108,0.194369709615796,0.193735091328092,0.207375676437838,0.196860458746673,3853,3805,2406,2405,"P2a",2341
283,0.169404756467308,0.394679606767737,0.10897,0.4,4000,0.967,0.60625,0.00989690721649484,0.000412371134020619,0.449775998517947,0.398967364689654,0.377515895567669,0.37624061246223,0.416037086239874,0.376871506657828,3868,3750,2425,2424,"P2a",2341
283,0.169404756467308,0.394679606767737,0.10897,0.6,4000,0.95975,0.59375,0.0488421052631579,0.00336842105263158,0.725966041420017,0.597105702574997,0.573044629177665,0.566744355881364,0.635143802808917,0.573813341686327,3839,3562,2375,2367,"P2a",2341
283,0.169404756467308,0.394679606767737,0.10897,0.8,4000,0.96225,0.57575,0.135475466782458,0.033434650455927,0.921013976648416,0.741775766773852,0.755197986906149,0.720391106955056,0.822822879855759,0.746096607259577,3849,3284,2303,2226,"P2a",2341
375,0.168322889469972,0.39452161388037,0.10897,-0.8,4000,0.98075,0.6895,0.128716461203771,0.0489485134155185,-0.943043049589384,-0.740506204097935,-0.762096767858716,-0.714061673566541,-0.826699641638119,-0.744999632597046,3923,3267,2758,2623,"P2a",2356
375,0.168322889469972,0.39452161388037,0.10897,-0.6,4000,0.978,0.69475,0.0492983087441526,0.0118747750989565,-0.715388546662289,-0.598127745634412,-0.572692728525398,-0.558336350671713,-0.628379725027542,-0.561861472303095,3912,3603,2779,2746,"P2a",2356
375,0.168322889469972,0.39452161388037,0.10897,-0.4,4000,0.97775,0.69525,0.0151024811218986,0.00179791441927364,-0.477530871432345,-0.419816835093028,-0.381732070779841,-0.378534973322569,-0.41342522670708,-0.367130665259956,3911,3772,2781,2776,"P2a",2356
375,0.168322889469972,0.39452161388037,0.10897,-0.2,4000,0.98325,0.7025,0.00177935943060498,0.000711743772241993,-0.259816230506707,-0.225964190228132,-0.189758104935231,-0.188864669959618,-0.214838490143289,-0.183226183586262,3933,3873,2810,2808,"P2a",2356
375,0.168322889469972,0.39452161388037,0.10897,0,4000,0.9825,0.693,0,0,-0.0114802923478675,-0.00321111971102732,0.0124011194699517,0.0124011194699517,-0.00201189018354582,0.0157721164020409,3930,3902,2772,2772,"P2a",2356
375,0.168322889469972,0.39452161388037,0.10897,0.2,4000,0.98125,0.69625,0.000718132854578097,0,0.218829284728696,0.207935133199633,0.204630512724322,0.204638388612329,0.211247496794417,0.207853268847539,3925,3902,2785,2785,"P2a",2356
375,0.168322889469972,0.39452161388037,0.10897,0.4,4000,0.981,0.69975,0.00428724544480171,0.000357270453733476,0.442431843930332,0.411816034776755,0.388348095224406,0.387649405748754,0.41475425511674,0.390054604252255,3924,3861,2799,2798,"P2a",2356
375,0.168322889469972,0.39452161388037,0.10897,0.6,4000,0.978,0.693,0.0378787878787879,0.00324675324675325,0.686356487613777,0.609284419874283,0.584596486755083,0.579340424920865,0.628519935376145,0.580849659734655,3912,3708,2772,2763,"P2a",2356
375,0.168322889469972,0.39452161388037,0.10897,0.8,4000,0.9785,0.6915,0.140636297903109,0.0242227042660882,0.911298395006384,0.773268369436895,0.779183192390034,0.750818798266551,0.835187220205957,0.769147000833385,3914,3459,2766,2699,"P2a",2356
359,0.217575122528715,0.399848074145284,0.10897,-0.8,4000,0.9965,0.8495,0.168040023543261,0.0603296056503826,-0.894366348061203,-0.763510089858822,-0.810432286851094,-0.753750906207543,-0.830670960617497,-0.793280088460787,3986,3481,3398,3193,"P2a",2358
359,0.217575122528715,0.399848074145284,0.10897,-0.6,4000,0.9955,0.8435,0.0583876704208654,0.016004742145821,-0.677157070574207,-0.611168982714735,-0.610427288833357,-0.593048342639769,-0.624290033823823,-0.593366477837463,3982,3769,3374,3320,"P2a",2358
359,0.217575122528715,0.399848074145284,0.10897,-0.4,4000,0.9955,0.8465,0.0135853514471353,0.00206733608978145,-0.449379996662197,-0.422871075501997,-0.400293119906645,-0.396708476070882,-0.415735024927286,-0.387169667185131,3982,3915,3386,3379,"P2a",2358
359,0.217575122528715,0.399848074145284,0.10897,-0.2,4000,0.9965,0.84375,0.00237037037037037,0,-0.231564449313954,-0.222358998235964,-0.199918058709105,-0.199632965673457,-0.207127106243568,-0.190795693015616,3986,3964,3375,3375,"P2a",2358
359,0.217575122528715,0.399848074145284,0.10897,0,4000,0.99475,0.83975,0,0,-0.018818926280103,-0.0111429393897065,0.00413411087131095,0.00413411087131095,0.00101281054965893,0.0114780362655029,3979,3973,3359,3359,"P2a",2358
359,0.217575122528715,0.399848074145284,0.10897,0.2,4000,0.9955,0.83925,0,0,0.204481195141324,0.2027341429211,0.200712742221893,0.200712742221893,0.204759344711752,0.202613151460303,3982,3975,3357,3357,"P2a",2358
359,0.217575122528715,0.399848074145284,0.10897,0.4,4000,0.9935,0.846,0.0041371158392435,0.000295508274231678,0.429914466554021,0.417030275229988,0.401527621824101,0.400981241789885,0.419994775010758,0.400932671582204,3974,3939,3384,3383,"P2a",2358
359,0.217575122528715,0.399848074145284,0.10897,0.6,4000,0.99575,0.84875,0.042120765832106,0.00412371134020619,0.647972804735236,0.617430654843107,0.609141214843863,0.602050774012617,0.622715020659977,0.602404039082387,3983,3882,3395,3381,"P2a",2358
359,0.217575122528715,0.399848074145284,0.10897,0.8,4000,0.9955,0.8535,0.15875805506737,0.033684827182191,0.874566043458544,0.783682950984759,0.809387784857271,0.774450314549153,0.829646673984857,0.799183730218489,3982,3639,3414,3299,"P2a",2358
298,0.170223755681876,0.39793651100699,0.10897,-0.8,4000,0.9695,0.6125,0.12734693877551,0.046530612244898,-0.938484675023687,-0.721722522959645,-0.742321610474754,-0.69644632900214,-0.830768722419967,-0.724050264465815,3878,3173,2450,2336,"P2a",2368
298,0.170223755681876,0.39793651100699,0.10897,-0.6,4000,0.97,0.616,0.0560064935064935,0.0142045454545455,-0.729439370378006,-0.592772708471695,-0.559689096645316,-0.541786319195215,-0.634935453327848,-0.540893388221146,3880,3505,2464,2429,"P2a",2368
298,0.170223755681876,0.39793651100699,0.10897,-0.4,4000,0.96575,0.613,0.0130505709624796,0.0032626427406199,-0.483508576750426,-0.407714755695194,-0.36105121003599,-0.356264660370642,-0.412066414853475,-0.349232710337257,3863,3694,2452,2444,"P2a",2368
298,0.170223755681876,0.39793651100699,0.10897,-0.2,4000,0.96825,0.62425,0.000800961153384061,0.000800961153384061,-0.269397606264336,-0.229715678630078,-0.181257540595576,-0.18025644130033,-0.217571317209563,-0.173691906878008,3873,3786,2497,2495,"P2a",2368
298,0.170223755681876,0.39793651100699,0.10897,0,4000,0.9665,0.62275,0.00120433560818948,0,-0.0429624353929057,-0.0161597851308882,0.010316434808859,0.0104991393701263,0.00292728357269454,0.0210092115604005,3866,3828,2491,2491,"P2a",2368
298,0.170223755681876,0.39793651100699,0.10897,0.2,4000,0.96925,0.605,0,0,0.221494513861669,0.208449388655491,0.199199666354644,0.199199666354644,0.218868086579329,0.209975374554543,3877,3835,2420,2420,"P2a",2368
298,0.170223755681876,0.39793651100699,0.10897,0.4,4000,0.969,0.62,0.0104838709677419,0.000403225806451613,0.459585340274297,0.415701872878398,0.394002356042066,0.392799892862927,0.422866431098753,0.39035235225722,3876,3773,2480,2479,"P2a",2368
298,0.170223755681876,0.39793651100699,0.10897,0.6,4000,0.975,0.6255,0.0415667466027178,0.00559552358113509,0.677079745004121,0.59493682703543,0.574709748328135,0.56694395711416,0.627005441477283,0.571079265547518,3900,3659,2502,2488,"P2a",2368
298,0.170223755681876,0.39793651100699,0.10897,0.8,4000,0.97025,0.61475,0.137860919072794,0.0260268401789345,0.918767753758281,0.753060214335131,0.758558358077382,0.728412807281868,0.826448527421384,0.746533822812144,3881,3359,2459,2395,"P2a",2368
167,0.168142403448285,0.403398967559506,0.10897,-0.8,4000,0.92025,0.40575,0.110289587184227,0.0492914356130622,-1.05033453632253,-0.664366915641568,-0.664642376374079,-0.612883687537167,-0.836514647834315,-0.643497346496001,3681,2851,1623,1543,"P2a",2377
167,0.168142403448285,0.403398967559506,0.10897,-0.6,4000,0.91125,0.385,0.0480519480519481,0.0136363636363636,-0.776471034724895,-0.516282092455445,-0.475348330410532,-0.457449252594668,-0.595653437483031,-0.456638067408422,3645,3133,1540,1519,"P2a",2377
167,0.168142403448285,0.403398967559506,0.10897,-0.4,4000,0.90925,0.40475,0.0117356392835083,0.00308832612723904,-0.542341297026148,-0.380128406366126,-0.307701084631496,-0.303423345255485,-0.4153691390992,-0.286994133178941,3637,3357,1619,1614,"P2a",2377
167,0.168142403448285,0.403398967559506,0.10897,-0.2,4000,0.91625,0.396,0.00631313131313131,0.00189393939393939,-0.292827272658268,-0.208040436307377,-0.146829865703806,-0.143798610926967,-0.216375587551495,-0.142426177831653,3665,3494,1584,1581,"P2a",2377
167,0.168142403448285,0.403398967559506,0.10897,0,4000,0.92125,0.416,0.00120192307692308,0,-0.0248779289493814,0.00100488444557671,0.0333627490376931,0.0333958200665501,0.00264211274911337,0.033791357666084,3685,3567,1664,1664,"P2a",2377
167,0.168142403448285,0.403398967559506,0.10897,0.2,4000,0.9075,0.40075,0.00311915159076731,0.000623830318153462,0.225995977634624,0.192402792014598,0.205273764831099,0.204193872301771,0.220702511632266,0.2173289844662,3630,3516,1603,1602,"P2a",2377
167,0.168142403448285,0.403398967559506,0.10897,0.4,4000,0.91275,0.38625,0.0161812297734628,0.00258899676375405,0.48976298754228,0.379928324152908,0.373032903076811,0.369167703488049,0.415844541050416,0.375804038383997,3651,3430,1545,1541,"P2a",2377
167,0.168142403448285,0.403398967559506,0.10897,0.6,4000,0.909,0.4085,0.0477356181150551,0.0128518971848225,0.898561574384104,0.550870259685161,0.542601041589301,0.527863298412375,0.629117894066552,0.534526665110506,3636,3228,1634,1613,"P2a",2377
167,0.168142403448285,0.403398967559506,0.10897,0.8,4000,0.9155,0.411,0.118613138686131,0.0450121654501217,0.995468565396747,0.707811292702728,0.732621840616763,0.689715978814418,0.847010015607401,0.733050199076864,3662,2938,1644,1570,"P2a",2377
140,0.169839744722806,0.397842645381199,0.10897,-0.8,4000,0.892,0.3395,0.108247422680412,0.0478645066273932,-1.0594986457632,-0.635371095652566,-0.630856935728125,-0.581311621957999,-0.834672944402,-0.614593417479237,3568,2670,1358,1293,"P2a",2462
140,0.169839744722806,0.397842645381199,0.10897,-0.6,4000,0.897,0.33575,0.0342516753536858,0.0119136262099777,-0.826280202964748,-0.513582092142082,-0.451895292998105,-0.436722746064837,-0.637156652273442,-0.448792053435601,3588,2962,1343,1327,"P2a",2462
140,0.169839744722806,0.397842645381199,0.10897,-0.4,4000,0.89175,0.3455,0.0137481910274964,0.00434153400868307,-0.547714793345418,-0.340126329990462,-0.295224972333238,-0.289199435515161,-0.397348074383013,-0.283903159042703,3567,3190,1382,1376,"P2a",2462
140,0.169839744722806,0.397842645381199,0.10897,-0.2,4000,0.89875,0.35125,0.00854092526690392,0.00355871886120996,-0.288398346728872,-0.188363877210458,-0.145638187939976,-0.140780768257682,-0.206011900209764,-0.143439589457847,3595,3371,1405,1400,"P2a",2462
140,0.169839744722806,0.397842645381199,0.10897,0,4000,0.89375,0.34175,0.00438917337234821,0,-0.0208883464733312,0.00114021369377207,0.0470801836760978,0.0472524473609815,0.0105165764161467,0.0490711415568962,3575,3421,1367,1367,"P2a",2462
140,0.169839744722806,0.397842645381199,0.10897,0.2,4000,0.90025,0.33125,0.0060377358490566,0,0.223202772544874,0.183520109218452,0.217362892681702,0.216904648175121,0.212643901241437,0.217411917953412,3601,3445,1325,1325,"P2a",2462
140,0.169839744722806,0.397842645381199,0.10897,0.4,4000,0.89625,0.35425,0.0169371912491179,0.00282286520818631,0.458040777870017,0.368598583267482,0.364825294418648,0.360380390804792,0.411682054887571,0.374700509886361,3585,3351,1417,1413,"P2a",2462
140,0.169839744722806,0.397842645381199,0.10897,0.6,4000,0.88825,0.34825,0.053840631730079,0.0100502512562814,0.738162230156566,0.544480802768868,0.536700591161309,0.523884403002381,0.638251482244681,0.541745909775705,3553,3118,1393,1379,"P2a",2462
140,0.169839744722806,0.397842645381199,0.10897,0.8,4000,0.88675,0.3525,0.150354609929078,0.0333333333333333,1.00550875114021,0.687419945192295,0.714032911944951,0.674198658092805,0.860297142510098,0.713436189534075,3547,2800,1410,1363,"P2a",2462
229,0.175160758449199,0.391610599891522,0.10897,-0.8,4000,0.94875,0.53675,0.12249650675361,0.047973917093619,-1.05740093583296,-0.707416505094455,-0.716231422306034,-0.666628544655126,-0.840145984226682,-0.700142050238246,3795,3046,2147,2044,"P2a",2475
229,0.175160758449199,0.391610599891522,0.10897,-0.6,4000,0.94825,0.54875,0.0523917995444191,0.012756264236902,-0.725592095539902,-0.564962832639452,-0.537799382527418,-0.521797727745315,-0.624892316342466,-0.527670076665536,3793,3367,2195,2167,"P2a",2475
229,0.175160758449199,0.391610599891522,0.10897,-0.4,4000,0.95025,0.53275,0.0164242139840451,0.00610042233693102,-0.514730358111386,-0.402849102464958,-0.348799879028246,-0.341531053993349,-0.429602073242179,-0.334095017709736,3801,3552,2131,2118,"P2a",2475
229,0.175160758449199,0.391610599891522,0.10897,-0.2,4000,0.95,0.53725,0.00418799441600745,0.000930665425779432,-0.257212370877035,-0.211494052048787,-0.164352002299013,-0.162975155971421,-0.209335687424553,-0.155066728554791,3800,3690,2149,2147,"P2a",2475
229,0.175160758449199,0.391610599891522,0.10897,0,4000,0.95225,0.532,0.00140977443609023,0,-0.0321625051236372,-0.0075796201399599,0.0110770321673505,0.0112072567814459,0.000217082166760484,0.0236212201594598,3809,3741,2128,2128,"P2a",2475
229,0.175160758449199,0.391610599891522,0.10897,0.2,4000,0.9525,0.54375,0.00413793103448276,0.000459770114942529,0.209530515190658,0.19303691814225,0.195328332475952,0.194633458667651,0.206478176933065,0.203833733318457,3810,3731,2175,2174,"P2a",2475
229,0.175160758449199,0.391610599891522,0.10897,0.4,4000,0.94575,0.52225,0.0134035423647678,0.00335088559119196,0.50291255687858,0.407749564029387,0.397657472453986,0.393194759871774,0.434071579356316,0.401170877912605,3783,3619,2089,2082,"P2a",2475
229,0.175160758449199,0.391610599891522,0.10897,0.6,4000,0.95,0.53125,0.0527058823529412,0.00894117647058824,0.702389055931176,0.58817956695512,0.570512224626874,0.558000477507834,0.631328502666625,0.570509832685939,3800,3497,2125,2106,"P2a",2475
229,0.175160758449199,0.391610599891522,0.10897,0.8,4000,0.95225,0.52325,0.134257047300526,0.0348781653129479,0.951990145854074,0.738445145284629,0.753119890738791,0.716024932012787,0.843178201303555,0.751651807344155,3809,3182,2093,2020,"P2a",2475
375,0.394057891780103,0.395202550668936,0.10897,-0.8,4000,1,0.9955,0.160472124560522,0.0366649924660974,-0.836134586190875,-0.79684048914864,-0.832916935895461,-0.796596893016885,-0.82295595656066,-0.82152023066027,4000,3841,3982,3836,"P2a",2495
375,0.394057891780103,0.395202550668936,0.10897,-0.6,4000,1,0.9965,0.0368790767686904,0.00677370797792273,-0.627873920299413,-0.618533988739967,-0.626269045541005,-0.618110588168705,-0.612755246724647,-0.612469740605899,4000,3969,3986,3959,"P2a",2495
375,0.394057891780103,0.395202550668936,0.10897,-0.4,4000,1,0.9965,0.00501756146512795,0.000501756146512795,-0.423295574918805,-0.421950326185925,-0.421631739480783,-0.420707741999977,-0.410746660335561,-0.410226571475911,4000,3997,3986,3984,"P2a",2495
375,0.394057891780103,0.395202550668936,0.10897,-0.2,4000,1,0.99625,0,0,-0.212021072198292,-0.211967403075393,-0.211537201932865,-0.211537201932865,-0.19998646169637,-0.200027013023844,4000,4000,3985,3985,"P2a",2495
375,0.394057891780103,0.395202550668936,0.10897,0,4000,1,0.9975,0,0,-0.00814632546030382,-0.00814632546030382,-0.00796759552234948,-0.00796759552234948,-0.00151298905373272,-0.00126920254057622,4000,4000,3990,3990,"P2a",2495
375,0.394057891780103,0.395202550668936,0.10897,0.2,4000,1,0.99775,0,0,0.20471476304634,0.20471476304634,0.204726220012492,0.204726220012492,0.206941612635948,0.207020599681702,4000,4000,3991,3991,"P2a",2495
375,0.394057891780103,0.395202550668936,0.10897,0.4,4000,1,0.9965,0,0,0.40574856463379,0.405213989405086,0.404986414333876,0.404986414333876,0.406531109805318,0.406531109805318,4000,3999,3986,3986,"P2a",2495
375,0.394057891780103,0.395202550668936,0.10897,0.6,4000,1,0.99725,0.0210579092504387,0.000752068187515668,0.618399353079849,0.614818824098489,0.616619199459348,0.614337957202667,0.612198442670599,0.611798361971012,4000,3993,3989,3986,"P2a",2495
375,0.394057891780103,0.395202550668936,0.10897,0.8,4000,1,0.9965,0.138484696437531,0.0125439036628199,0.826151730165644,0.806062174970583,0.824397892230861,0.805824072026349,0.817705529384042,0.817083988942597,4000,3943,3986,3936,"P2a",2495
272,0.169811440302981,0.343103108355656,0.11322,-0.8,4000,0.9555,0.562,0.14635231316726,0.0498220640569395,-1.0008797682012,-0.722780051751796,-0.741501467475076,-0.688437842677158,-0.860279731758624,-0.728631510632465,3822,3042,2248,2136,"P2b",10
272,0.169811440302981,0.343103108355656,0.11322,-0.6,4000,0.95875,0.5695,0.0592625109745391,0.0179982440737489,-0.734496728092819,-0.568408087609147,-0.540102846720154,-0.518155770804822,-0.630465380059556,-0.526865701591527,3835,3384,2278,2237,"P2b",10
272,0.169811440302981,0.343103108355656,0.11322,-0.4,4000,0.95825,0.5535,0.011743450767841,0.004516711833785,-0.521289607451085,-0.404143568121164,-0.360261783486772,-0.354614349925456,-0.422971128078732,-0.354982888122256,3833,3579,2214,2204,"P2b",10
272,0.169811440302981,0.343103108355656,0.11322,-0.2,4000,0.96025,0.569,0.00351493848857645,0.000878734622144112,-0.265767760256625,-0.217956446361504,-0.172193775284259,-0.17099436379029,-0.208497662713025,-0.158186957004526,3841,3729,2276,2274,"P2b",10
272,0.169811440302981,0.343103108355656,0.11322,0,4000,0.95975,0.5565,0.000898472596585804,0.000449236298292902,-0.0206543486741227,-0.00322015986383882,0.0214222404791895,0.0220089816642925,0.0072653575324875,0.023616571636598,3839,3780,2226,2225,"P2b",10
272,0.169811440302981,0.343103108355656,0.11322,0.2,4000,0.965,0.57925,0.00215796288303841,0,0.213236248477358,0.192460957032141,0.194033556460473,0.193801102379245,0.207752431773772,0.199695131371441,3860,3793,2317,2317,"P2b",10
272,0.169811440302981,0.343103108355656,0.11322,0.4,4000,0.9635,0.57475,0.0143540669856459,0.00260983036102653,0.455927913296396,0.403878215485496,0.385259032487068,0.381912882918165,0.414801412671188,0.386334914757695,3854,3737,2299,2293,"P2b",10
272,0.169811440302981,0.343103108355656,0.11322,0.6,4000,0.95825,0.57225,0.0506771515945828,0.0109217999126256,0.707858820071914,0.578853292804022,0.572555583640479,0.559212068636964,0.617641588862088,0.569219237079517,3833,3530,2289,2264,"P2b",10
272,0.169811440302981,0.343103108355656,0.11322,0.8,4000,0.9635,0.58025,0.136148211977596,0.032313657906075,0.91834797733765,0.73817998294786,0.753880526767466,0.718618951569645,0.830194497869351,0.74517735005165,3854,3273,2321,2246,"P2b",10
353,0.234946995915407,0.338818356350111,0.11322,-0.8,4000,0.9975,0.878,0.168849658314351,0.0689066059225513,-0.889258275641253,-0.760876779978331,-0.817846692096338,-0.754097667048872,-0.833086078552789,-0.796749887465158,3990,3500,3512,3270,"P2b",19
353,0.234946995915407,0.338818356350111,0.11322,-0.6,4000,0.996,0.867,0.0602652825836217,0.0196078431372549,-0.691845788780413,-0.608540360202532,-0.612284175855942,-0.591568207114124,-0.618685893150298,-0.591206619480047,3984,3764,3468,3400,"P2b",19
353,0.234946995915407,0.338818356350111,0.11322,-0.4,4000,0.997,0.8755,0.019131924614506,0.00342661336379212,-0.455179462539627,-0.426418643804184,-0.412510993827514,-0.407554940828537,-0.418983027820716,-0.394674475228608,3988,3910,3502,3490,"P2b",19
353,0.234946995915407,0.338818356350111,0.11322,-0.2,4000,0.99625,0.875,0.00342857142857143,0.000571428571428571,-0.237184961513376,-0.229815949164061,-0.211043374753954,-0.209871188037627,-0.210880946094657,-0.196418873030835,3985,3963,3500,3498,"P2b",19
353,0.234946995915407,0.338818356350111,0.11322,0,4000,0.99775,0.878,0,0,-0.0158770672317762,-0.0147674254324937,0.000170959483862925,0.000170959483862925,-0.00489953823941921,0.00585517702006651,3991,3985,3512,3512,"P2b",19
353,0.234946995915407,0.338818356350111,0.11322,0.2,4000,0.99675,0.8755,0.00114220445459737,0,0.20017230492621,0.198082683478409,0.200077693456948,0.200009852493823,0.199145189584932,0.202131927798965,3987,3983,3502,3502,"P2b",19
353,0.234946995915407,0.338818356350111,0.11322,0.4,4000,0.99625,0.87175,0.00516203039862346,0.00114711786636077,0.420153836837413,0.409737939297476,0.40309865644714,0.401779886414812,0.412674274835885,0.404403322224739,3985,3956,3487,3483,"P2b",19
353,0.234946995915407,0.338818356350111,0.11322,0.6,4000,0.99675,0.869,0.0512082853855006,0.00575373993095512,0.681381309648547,0.612645176705856,0.611795370883342,0.602903041419543,0.625596537421655,0.606131575783011,3987,3878,3476,3456,"P2b",19
353,0.234946995915407,0.338818356350111,0.11322,0.8,4000,0.9975,0.874,0.160755148741419,0.0394736842105263,0.872791211473333,0.778853676090386,0.811580844816753,0.771912281191804,0.818880120703603,0.795863920121525,3990,3658,3496,3358,"P2b",19
226,0.141374912333628,0.339610160321527,0.11322,-0.8,4000,0.912,0.4,0.09375,0.0475,-1.04117115722306,-0.657682795115498,-0.65325508830185,-0.604471282084889,-0.816777967264601,-0.640963017949477,3648,2775,1600,1524,"P2b",22
226,0.141374912333628,0.339610160321527,0.11322,-0.6,4000,0.91825,0.404,0.0569306930693069,0.015470297029703,-0.779428693793708,-0.534070200910027,-0.495654059243956,-0.475843646662219,-0.635835785986466,-0.472203747389114,3673,3118,1616,1591,"P2b",22
226,0.141374912333628,0.339610160321527,0.11322,-0.4,4000,0.90975,0.38575,0.0181464679196371,0.00583279325988334,-0.538681799987941,-0.366459174458861,-0.309655218493459,-0.301567852883454,-0.411662271137332,-0.293458172387193,3639,3337,1543,1534,"P2b",22
226,0.141374912333628,0.339610160321527,0.11322,-0.2,4000,0.90875,0.39675,0.00630119722747322,0.00126023944549464,-0.261791618579972,-0.19578158040634,-0.133808449050647,-0.131736872106306,-0.188609577075151,-0.119021018247345,3635,3476,1587,1585,"P2b",22
226,0.141374912333628,0.339610160321527,0.11322,0,4000,0.90975,0.381,0.00131233595800525,0.000656167979002625,-0.0318478195605199,-0.00363155545748327,0.035294163956541,0.0361039477375072,-0.00270603758910045,0.0319308034674487,3639,3526,1524,1523,"P2b",22
226,0.141374912333628,0.339610160321527,0.11322,0.2,4000,0.9065,0.3905,0.00512163892445583,0.000640204865556978,0.216613272308323,0.187207062192087,0.190717895698445,0.189705680914058,0.199543814104155,0.185537667332133,3626,3487,1562,1561,"P2b",22
226,0.141374912333628,0.339610160321527,0.11322,0.4,4000,0.90575,0.3945,0.0126742712294043,0.00443599493029151,0.468851722957477,0.38222555425446,0.373369359988628,0.367860295456751,0.429781227209127,0.371952373631749,3623,3411,1578,1571,"P2b",22
226,0.141374912333628,0.339610160321527,0.11322,0.6,4000,0.90375,0.4,0.0375,0.008125,0.736564296310408,0.555273065840403,0.533594757596785,0.523344900228466,0.6222405190492,0.525318456602449,3615,3218,1600,1587,"P2b",22
226,0.141374912333628,0.339610160321527,0.11322,0.8,4000,0.91625,0.41,0.117682926829268,0.0347560975609756,0.973372491139201,0.689021415144009,0.701028590061929,0.664386574321665,0.821719561955736,0.69654947308983,3665,2974,1640,1583,"P2b",22
239,0.141614271533769,0.339767602959707,0.11322,-0.8,4000,0.9095,0.41275,0.104179285281647,0.0405814657783162,-1.02926057643757,-0.655448094567517,-0.65252675492566,-0.60986651434887,-0.815038076561185,-0.62893728275313,3638,2772,1651,1584,"P2b",37
239,0.141614271533769,0.339767602959707,0.11322,-0.6,4000,0.909,0.4205,0.0457788347205707,0.0160523186682521,-0.772588158235981,-0.533921974879154,-0.486605278715685,-0.467239807254018,-0.62325577183885,-0.467309793371304,3636,3108,1682,1655,"P2b",37
239,0.141614271533769,0.339767602959707,0.11322,-0.4,4000,0.919,0.417,0.012589928057554,0.00419664268585132,-0.540416489922004,-0.379437697300374,-0.32025816053252,-0.314141927564303,-0.420734174989045,-0.310257106071929,3676,3380,1668,1661,"P2b",37
239,0.141614271533769,0.339767602959707,0.11322,-0.2,4000,0.92275,0.40525,0.00246761258482418,0.00185070943861814,-0.292801888214098,-0.205421378216596,-0.144498224467987,-0.141894797374123,-0.206722714384446,-0.127516393263652,3691,3517,1621,1618,"P2b",37
239,0.141614271533769,0.339767602959707,0.11322,0,4000,0.9155,0.404,0.00123762376237624,0,-0.0253169803930151,-0.00411078267537716,0.0214180275306751,0.0214651310481449,-0.000951366237255126,0.028933328394321,3662,3553,1616,1616,"P2b",37
239,0.141614271533769,0.339767602959707,0.11322,0.2,4000,0.9135,0.41075,0.00304321363359708,0.00121728545343883,0.205203208970122,0.188763799179597,0.1923727432975,0.19062849922963,0.20081937375653,0.190801506901766,3654,3549,1643,1641,"P2b",37
239,0.141614271533769,0.339767602959707,0.11322,0.4,4000,0.9145,0.4105,0.0170523751522534,0.000609013398294762,0.469895380781318,0.378783107301995,0.369144892965668,0.367266781587382,0.416850558895975,0.377390093603556,3658,3472,1642,1641,"P2b",37
239,0.141614271533769,0.339767602959707,0.11322,0.6,4000,0.9175,0.41225,0.0382049727107338,0.00848999393571862,0.746222784647933,0.564161050666246,0.540399862304049,0.530337571062194,0.629452669094225,0.540995481206894,3670,3258,1649,1635,"P2b",37
239,0.141614271533769,0.339767602959707,0.11322,0.8,4000,0.91525,0.40775,0.109748620478234,0.032495401594114,0.995552978186153,0.702054061344731,0.706555559882003,0.672488348997801,0.836652596507576,0.700852763565655,3661,2947,1631,1578,"P2b",37
279,0.332972321145077,0.460303814353654,0.11322,-0.8,4000,0.99975,0.96225,0.168615224733697,0.057417511041829,-0.857838288685186,-0.783564335684014,-0.833632920083204,-0.781090067655787,-0.825889649830827,-0.813940592375799,3999,3682,3849,3628,"P2b",41
279,0.332972321145077,0.460303814353654,0.11322,-0.6,4000,0.99975,0.962,0.0522349272349272,0.0155925155925156,-0.645016361633942,-0.616843514544491,-0.628086072146976,-0.611321176028723,-0.621522281421694,-0.613270830977752,3999,3894,3848,3788,"P2b",41
279,0.332972321145077,0.460303814353654,0.11322,-0.4,4000,1,0.96525,0.0145040145040145,0.00103600103600104,-0.436776676482568,-0.42794401249258,-0.423055616667986,-0.420995972768965,-0.414215886746861,-0.407334644023352,4000,3978,3861,3857,"P2b",41
279,0.332972321145077,0.460303814353654,0.11322,-0.2,4000,1,0.965,0.00155440414507772,0,-0.225987199873506,-0.22175551691327,-0.214929193215535,-0.214775707596575,-0.214050324980963,-0.205779738801511,4000,3990,3860,3860,"P2b",41
279,0.332972321145077,0.460303814353654,0.11322,0,4000,0.9995,0.96075,0.000260213374967473,0,-0.0153961948402767,-0.0140591609424666,-0.00932912021978602,-0.00932395844297875,-0.00255817152000113,0.000408461861007181,3998,3996,3843,3843,"P2b",41
279,0.332972321145077,0.460303814353654,0.11322,0.2,4000,0.9995,0.96475,0,0,0.197083822875444,0.197044997619513,0.196231071344772,0.196231071344772,0.197881502287934,0.197274286451483,3998,3998,3859,3859,"P2b",41
279,0.332972321145077,0.460303814353654,0.11322,0.4,4000,0.9995,0.959,0.00364963503649635,0.000521376433785193,0.416344211176925,0.410652762171482,0.40860242757151,0.407797127602692,0.40580513115376,0.403440689939881,3998,3989,3836,3834,"P2b",41
279,0.332972321145077,0.460303814353654,0.11322,0.6,4000,1,0.96475,0.0310961388960871,0.00129567245400363,0.622867882642099,0.615545137120407,0.615177879111707,0.611357694885057,0.616664663692442,0.611730546529365,4000,3982,3859,3854,"P2b",41
279,0.332972321145077,0.460303814353654,0.11322,0.8,4000,0.99975,0.96125,0.145903771131339,0.0265279583875163,0.834938587250115,0.794124334335152,0.820084565196647,0.791095644251796,0.819680860990378,0.811304225708474,3999,3836,3845,3743,"P2b",41
187,0.314857817102282,0.343674338380462,0.11322,-0.8,4000,0.9905,0.76775,0.149788342559427,0.0735916639531097,-0.947390864120951,-0.734088940852764,-0.783097450326797,-0.713794436817413,-0.833440224711922,-0.762787113403221,3962,3309,3071,2845,"P2b",42
187,0.314857817102282,0.343674338380462,0.11322,-0.6,4000,0.9935,0.77125,0.0777957860615883,0.0252836304700162,-0.705170010450537,-0.592700417623615,-0.594781562302382,-0.564830635768703,-0.628361846485654,-0.570564943358691,3974,3627,3085,3007,"P2b",42
187,0.314857817102282,0.343674338380462,0.11322,-0.4,4000,0.992,0.7745,0.0274370561652679,0.00710135571336346,-0.48593593158456,-0.427855590163561,-0.40277195912004,-0.39275231693818,-0.429605226887384,-0.385637390580862,3968,3807,3098,3076,"P2b",42
187,0.314857817102282,0.343674338380462,0.11322,-0.2,4000,0.9905,0.768,0.00423177083333333,0.000651041666666667,-0.245328380980945,-0.214583737238262,-0.184101389099843,-0.182994639091098,-0.208096464447377,-0.175056675405744,3962,3904,3072,3070,"P2b",42
187,0.314857817102282,0.343674338380462,0.11322,0,4000,0.992,0.763,0.00196592398427261,0.000655307994757536,-0.0202005038814214,-0.00861973027196384,0.00995351826156421,0.0110260185215134,-0.000950926848481641,0.0140098235054176,3968,3937,3052,3050,"P2b",42
187,0.314857817102282,0.343674338380462,0.11322,0.2,4000,0.995,0.75875,0.00197693574958814,0.000329489291598023,0.206070736151799,0.196337476562191,0.200840191118094,0.200399224953638,0.208409869333363,0.207678583180592,3980,3952,3035,3034,"P2b",42
187,0.314857817102282,0.343674338380462,0.11322,0.4,4000,0.99075,0.76625,0.0169657422512235,0.00261011419249592,0.430921916789983,0.40799058496894,0.403370759674721,0.399644219789466,0.424711711693637,0.409318154995095,3963,3896,3065,3057,"P2b",42
187,0.314857817102282,0.343674338380462,0.11322,0.6,4000,0.992,0.763,0.0586500655307995,0.0121231979030144,0.669290912614552,0.600724677431365,0.602446029530343,0.587200695878052,0.63654520035204,0.60070092056777,3968,3758,3052,3015,"P2b",42
187,0.314857817102282,0.343674338380462,0.11322,0.8,4000,0.99275,0.76175,0.171644240236298,0.0498851329176239,0.909570431678238,0.768064925168577,0.806994719156137,0.758109422373467,0.847182914047107,0.799359783507508,3971,3473,3047,2895,"P2b",42
194,0.141583444342405,0.341459316235305,0.11322,-0.8,4000,0.88675,0.343,0.0918367346938776,0.0364431486880466,-1.06823814732759,-0.640687093183947,-0.624168976156379,-0.584399793663999,-0.825837842156922,-0.615980349431832,3547,2690,1372,1322,"P2b",59
194,0.141583444342405,0.341459316235305,0.11322,-0.6,4000,0.90075,0.35225,0.0290986515259049,0.0149041873669269,-0.815176114311122,-0.4993427082568,-0.436768460590038,-0.419183237626328,-0.594874971698149,-0.425101000459209,3603,3027,1409,1388,"P2b",59
194,0.141583444342405,0.341459316235305,0.11322,-0.4,4000,0.893,0.3395,0.0176730486008837,0.00662739322533137,-0.558186745952377,-0.354763582540681,-0.279416182139502,-0.270626280772905,-0.405593201843928,-0.263542897731457,3572,3195,1358,1349,"P2b",59
194,0.141583444342405,0.341459316235305,0.11322,-0.2,4000,0.89625,0.3425,0.00583941605839416,0,-0.271251625649594,-0.183389695288413,-0.12963117672576,-0.129489343378343,-0.197008755146919,-0.123867869891037,3585,3383,1370,1370,"P2b",59
194,0.141583444342405,0.341459316235305,0.11322,0,4000,0.8915,0.34425,0.00435729847494553,0,-0.0376991152600146,-0.00316425699809777,0.0380356196266868,0.0380790781164685,0.00105108391669461,0.0438078083372401,3566,3407,1377,1377,"P2b",59
194,0.141583444342405,0.341459316235305,0.11322,0.2,4000,0.888,0.343,0.00364431486880466,0.0021865889212828,0.20087669368777,0.189880024287282,0.197889732372823,0.194838873105267,0.217219938952095,0.202769541778219,3552,3418,1372,1369,"P2b",59
194,0.141583444342405,0.341459316235305,0.11322,0.4,4000,0.9,0.35425,0.0176429075511644,0.00423429781227946,0.479243611387799,0.362087825824106,0.357066815730822,0.350709466680649,0.407026612357733,0.360764866543628,3600,3347,1417,1411,"P2b",59
194,0.141583444342405,0.341459316235305,0.11322,0.6,4000,0.89875,0.33525,0.052199850857569,0.0104399701715138,0.735422386576438,0.546171543079053,0.53180053839439,0.517797193805859,0.637470755938076,0.522060013283756,3595,3132,1341,1327,"P2b",59
194,0.141583444342405,0.341459316235305,0.11322,0.8,4000,0.89425,0.352,0.0909090909090909,0.0291193181818182,0.997745495457659,0.671559049292535,0.683902741099156,0.654347241750517,0.824099160341398,0.685241188374935,3577,2827,1408,1367,"P2b",59
224,0.399370215301317,0.339354097360442,0.11322,-0.8,4000,0.998,0.90975,0.171200879362462,0.0714482000549602,-0.878655216809662,-0.76396924442731,-0.823956563925714,-0.758176438552834,-0.83399247967384,-0.806211008881238,3992,3535,3639,3379,"P2b",77
224,0.399370215301317,0.339354097360442,0.11322,-0.6,4000,0.999,0.9135,0.0741652983032293,0.0210727969348659,-0.670976747709118,-0.620663141503401,-0.633323023430408,-0.609294004565394,-0.6401869728877,-0.617647458286127,3996,3823,3654,3577,"P2b",77
224,0.399370215301317,0.339354097360442,0.11322,-0.4,4000,0.999,0.915,0.0224043715846995,0.00327868852459016,-0.450494244647343,-0.427728835956515,-0.420678655350577,-0.415177927367898,-0.417100678473952,-0.401544563435947,3996,3933,3660,3648,"P2b",77
224,0.399370215301317,0.339354097360442,0.11322,-0.2,4000,0.9995,0.915,0.00245901639344262,0,-0.227824134917002,-0.220710548864398,-0.207579046264624,-0.207385570479631,-0.206358068413407,-0.196247059196835,3998,3977,3660,3660,"P2b",77
224,0.399370215301317,0.339354097360442,0.11322,0,4000,0.9995,0.91125,0.000548696844993141,0,-0.0148282205937212,-0.01210160363542,-0.0039725295231885,-0.00391650953097082,-0.000407009980882764,0.00554798865355672,3998,3991,3645,3645,"P2b",77
224,0.399370215301317,0.339354097360442,0.11322,0.2,4000,0.9965,0.91225,0.000274047684297068,0,0.212217469039991,0.209285379913339,0.207654569955534,0.207623527219615,0.218205769788208,0.217479144506454,3986,3980,3649,3649,"P2b",77
224,0.399370215301317,0.339354097360442,0.11322,0.4,4000,0.999,0.91825,0.00843996732915873,0.00108902804247209,0.419152472622305,0.413402271054725,0.409394280992315,0.407728212770434,0.411993721620903,0.407746781008995,3996,3982,3673,3669,"P2b",77
224,0.399370215301317,0.339354097360442,0.11322,0.6,4000,0.99925,0.90825,0.0445912469033856,0.00688136526286815,0.640821502888201,0.613695847848358,0.61421671332806,0.60547124857478,0.619854926043907,0.608789739291255,3997,3912,3633,3608,"P2b",77
224,0.399370215301317,0.339354097360442,0.11322,0.8,4000,0.998,0.9085,0.17116125481563,0.0437534397358283,0.854111696666569,0.783343381927281,0.821076478034233,0.779319023333746,0.823866265100182,0.806020300304607,3992,3701,3634,3475,"P2b",77
350,0.269893740346759,0.429412776245936,0.11322,-0.8,4000,0.9985,0.9395,0.169505055880788,0.0558807876530069,-0.863671310669279,-0.77784965079658,-0.826112493146626,-0.774334390489757,-0.825156396680763,-0.806272894865204,3994,3640,3758,3548,"P2b",97
350,0.269893740346759,0.429412776245936,0.11322,-0.6,4000,0.99825,0.94175,0.0541544996018051,0.0100876028670029,-0.646495399592406,-0.619309768162453,-0.623669332249834,-0.611279621547785,-0.623645006312718,-0.610744098198151,3993,3901,3767,3729,"P2b",97
350,0.269893740346759,0.429412776245936,0.11322,-0.4,4000,0.99825,0.9295,0.00860677783754707,0.00268961807423346,-0.440624763928478,-0.429750178020971,-0.420999264221878,-0.417805995840292,-0.421062467481282,-0.411477355107788,3993,3961,3718,3708,"P2b",97
350,0.269893740346759,0.429412776245936,0.11322,-0.2,4000,0.999,0.943,0.00185577942735949,0,-0.221923665686581,-0.218134149284342,-0.209723184283044,-0.209615087318405,-0.206259247184962,-0.201097256564183,3996,3986,3772,3772,"P2b",97
350,0.269893740346759,0.429412776245936,0.11322,0,4000,0.9975,0.93925,0,0,-0.0121147022101139,-0.0120413980980209,-0.00549391106313435,-0.00549391106313435,-0.00938300378812421,-0.00591511389290322,3990,3990,3757,3757,"P2b",97
350,0.269893740346759,0.429412776245936,0.11322,0.2,4000,0.99975,0.9455,0,0,0.204831091242189,0.2041951308707,0.204774683639923,0.204774683639923,0.206529026642795,0.205758393368103,3999,3998,3782,3782,"P2b",97
350,0.269893740346759,0.429412776245936,0.11322,0.4,4000,0.99925,0.93625,0.00453938584779706,0.000267022696929239,0.41997944581823,0.416574308231075,0.409916994941185,0.409418377847509,0.408600997123904,0.405274153794296,3997,3988,3745,3744,"P2b",97
350,0.269893740346759,0.429412776245936,0.11322,0.6,4000,0.99975,0.93775,0.0301252999200213,0.00319914689416156,0.629640664507668,0.61701978308127,0.614754641294283,0.610066213276041,0.620829399371904,0.612978039753365,3999,3963,3751,3739,"P2b",97
350,0.269893740346759,0.429412776245936,0.11322,0.8,4000,0.9985,0.9275,0.14177897574124,0.0277628032345013,0.847986715774219,0.790976755292168,0.815713510993146,0.786513508196029,0.819095287110248,0.805952728936483,3994,3792,3710,3607,"P2b",97
333,0.141150281253178,0.337765613825306,0.11322,-0.8,4000,0.947,0.511,0.117416829745597,0.0410958904109589,-0.998927515080512,-0.706286091494773,-0.707980791407691,-0.664701657575759,-0.843048448841632,-0.688819297747172,3788,3003,2044,1960,"P2b",125
333,0.141150281253178,0.337765613825306,0.11322,-0.6,4000,0.952,0.5345,0.048643592142189,0.0144995322731525,-0.736622838729192,-0.572362122211953,-0.530319342884512,-0.512425875987122,-0.621114304922506,-0.509494770162255,3808,3385,2138,2107,"P2b",125
333,0.141150281253178,0.337765613825306,0.11322,-0.4,4000,0.94975,0.524,0.0114503816793893,0.00143129770992366,-0.500141316188716,-0.399345773464085,-0.32874923010957,-0.326471894171985,-0.415129550492683,-0.312267410852203,3799,3606,2096,2093,"P2b",125
333,0.141150281253178,0.337765613825306,0.11322,-0.2,4000,0.95775,0.52175,0.00239578342117873,0,-0.255856815156423,-0.213974531461089,-0.16128260316474,-0.161043728475406,-0.205172885027643,-0.151945949033694,3831,3727,2087,2087,"P2b",125
333,0.141150281253178,0.337765613825306,0.11322,0,4000,0.95225,0.52775,0.000947418285172904,0,-0.0206632899748634,-0.00530667602674598,0.017172918637644,0.0172933647381371,-0.00106155533260932,0.0249067903183559,3809,3750,2111,2111,"P2b",125
333,0.141150281253178,0.337765613825306,0.11322,0.2,4000,0.95475,0.5385,0.00139275766016713,0,0.208511770278823,0.19875028683964,0.200824730036012,0.200822070041752,0.218964038451006,0.212254507056449,3819,3745,2154,2154,"P2b",125
333,0.141150281253178,0.337765613825306,0.11322,0.4,4000,0.95225,0.52425,0.00953743443013829,0.00143061516452074,0.458158485705249,0.396158806436916,0.376043400177539,0.373727161413784,0.411557219068917,0.370607690186005,3809,3665,2097,2094,"P2b",125
333,0.141150281253178,0.337765613825306,0.11322,0.6,4000,0.95075,0.524,0.0448473282442748,0.00572519083969466,0.71858048280191,0.589382345771196,0.55601628107832,0.547026457122454,0.635173893592652,0.546443768311174,3803,3506,2096,2084,"P2b",125
333,0.141150281253178,0.337765613825306,0.11322,0.8,4000,0.95,0.5285,0.13197729422895,0.0293282876064333,0.946699649599192,0.736928266104095,0.749907051493201,0.715930992435296,0.835608090088617,0.742724237123383,3800,3205,2114,2052,"P2b",125
387,0.14176228942064,0.339779996183502,0.11322,-0.8,4000,0.9605,0.593,0.115514333895447,0.0510118043844857,-0.990528197166945,-0.715439630854189,-0.727557929068647,-0.678842303126801,-0.822390051866197,-0.709204559967791,3842,3118,2372,2251,"P2b",224
387,0.14176228942064,0.339779996183502,0.11322,-0.6,4000,0.96,0.5895,0.0402883799830365,0.0097540288379983,-0.711942677074057,-0.565949408064341,-0.52169816949233,-0.509181861154896,-0.607186978986767,-0.499868757791352,3840,3472,2358,2335,"P2b",224
387,0.14176228942064,0.339779996183502,0.11322,-0.4,4000,0.96275,0.59425,0.0134623474968448,0.00210349179638199,-0.507514209567774,-0.414658336219966,-0.356449341614169,-0.352797306173032,-0.416285730549043,-0.347246225754074,3851,3654,2377,2372,"P2b",224
387,0.14176228942064,0.339779996183502,0.11322,-0.2,4000,0.968,0.61,0.00450819672131148,0,-0.237691073925691,-0.202196537115451,-0.163605272726466,-0.163245273947201,-0.193829922734841,-0.158840537483314,3872,3796,2440,2440,"P2b",224
387,0.14176228942064,0.339779996183502,0.11322,0,4000,0.965,0.58025,0.000430848772081,0,-0.028447784371235,-0.0112705475837412,0.01130748446454,0.0113269538895079,0.00216894465272987,0.017102062452055,3860,3826,2321,2321,"P2b",224
387,0.14176228942064,0.339779996183502,0.11322,0.2,4000,0.96225,0.5905,0.000423370025402202,0,0.219758720126955,0.196617298901256,0.193243307976175,0.193300459869023,0.206500529324483,0.197772311218305,3849,3791,2362,2362,"P2b",224
387,0.14176228942064,0.339779996183502,0.11322,0.4,4000,0.969,0.59,0.00593220338983051,0.00169491525423729,0.459332095044037,0.40898100210406,0.384948096580255,0.382878801355601,0.420079365888461,0.384522618350828,3876,3770,2360,2356,"P2b",224
387,0.14176228942064,0.339779996183502,0.11322,0.6,4000,0.95875,0.59525,0.0407391852162957,0.00377992440151197,0.690805773880177,0.592252156076449,0.56699223998435,0.560353724055141,0.623074380559816,0.559344686526817,3835,3587,2381,2372,"P2b",224
387,0.14176228942064,0.339779996183502,0.11322,0.8,4000,0.971,0.578,0.126730103806228,0.0268166089965398,0.92736630388343,0.748794820807825,0.750862973536878,0.721798226184723,0.826633187545515,0.737628016630227,3884,3307,2312,2250,"P2b",224
522,0.141541552923114,0.565752092363466,0.11322,-0.8,4000,0.97725,0.6935,0.116438356164384,0.0122566690699351,-0.923099753973798,-0.763061896485387,-0.750653479125862,-0.731351789143078,-0.813698500703144,-0.738896364609958,3909,3403,2774,2740,"P2b",267
522,0.141541552923114,0.565752092363466,0.11322,-0.6,4000,0.9855,0.69725,0.0222301900322696,0.00250986016493367,-0.703065457487609,-0.606872797698426,-0.561669582392781,-0.557752777791682,-0.61582637003802,-0.545937267023336,3942,3688,2789,2782,"P2b",267
522,0.141541552923114,0.565752092363466,0.11322,-0.4,4000,0.98,0.69725,0.00430261742560057,0.000358551452133381,-0.466705141243351,-0.426728099668891,-0.374867131322853,-0.374245937228426,-0.412407157826362,-0.359615977865778,3920,3826,2789,2788,"P2b",267
522,0.141541552923114,0.565752092363466,0.11322,-0.2,4000,0.981,0.695,0,0,-0.242104972262617,-0.224177098644634,-0.184137937183941,-0.184137937183941,-0.203647240919545,-0.172433329195523,3924,3885,2780,2780,"P2b",267
522,0.141541552923114,0.565752092363466,0.11322,0,4000,0.97825,0.70175,0,0,-0.0140030387307314,-0.0110645069286617,0.00132100988136023,0.00132100988136023,-0.000889533145050931,0.00702045628248786,3913,3903,2807,2807,"P2b",267
522,0.141541552923114,0.565752092363466,0.11322,0.2,4000,0.9795,0.702,0,0,0.212970807096676,0.207441895712457,0.196104123701902,0.196104123701902,0.210562163876762,0.200862052694905,3918,3905,2808,2808,"P2b",267
522,0.141541552923114,0.565752092363466,0.11322,0.4,4000,0.98275,0.6915,0.000723065798987708,0,0.463255558093297,0.429448609245607,0.391339271837808,0.391319496532057,0.421081432145192,0.387460526987935,3931,3878,2766,2766,"P2b",267
522,0.141541552923114,0.565752092363466,0.11322,0.6,4000,0.97875,0.70975,0.013032758013385,0.000704473406128919,0.656088222097235,0.613799492788068,0.577098315102747,0.575451900402667,0.613217371475658,0.574248885491805,3915,3797,2839,2837,"P2b",267
522,0.141541552923114,0.565752092363466,0.11322,0.8,4000,0.9835,0.701,0.0995007132667618,0.00748930099857347,0.900307230995831,0.779734818156919,0.762551921527243,0.749741017604518,0.821908587574993,0.757362107651516,3934,3536,2804,2783,"P2b",267
264,0.141242441825199,0.339877969122413,0.11322,-0.8,4000,0.9315,0.44975,0.114508060033352,0.0416898276820456,-1.00421728303544,-0.679136828440286,-0.677558510716657,-0.63341590453717,-0.828410020965971,-0.656289989622101,3726,2906,1799,1724,"P2b",278
264,0.141242441825199,0.339877969122413,0.11322,-0.6,4000,0.93425,0.434,0.0414746543778802,0.0190092165898618,-0.754862061721721,-0.54626085869255,-0.501020139552944,-0.479223356870215,-0.625740102589357,-0.477661395891487,3737,3234,1736,1703,"P2b",278
264,0.141242441825199,0.339877969122413,0.11322,-0.4,4000,0.9295,0.45325,0.0154440154440154,0.00275785990071704,-0.506821707888308,-0.377389621835819,-0.320610945798909,-0.316437940078719,-0.398031653099625,-0.304624670644226,3718,3437,1813,1808,"P2b",278
264,0.141242441825199,0.339877969122413,0.11322,-0.2,4000,0.92825,0.45,0.005,0,-0.284356391738725,-0.203983670207072,-0.148196848812026,-0.147700304408269,-0.197198878048753,-0.135949055147204,3713,3567,1800,1800,"P2b",278
264,0.141242441825199,0.339877969122413,0.11322,0,4000,0.933,0.46075,0.0021703743895822,0,-0.0155350531794272,-0.00564091793475484,0.0220559359779882,0.0222055265831476,0.00575396528561052,0.0299540725473989,3732,3647,1843,1843,"P2b",278
264,0.141242441825199,0.339877969122413,0.11322,0.2,4000,0.919,0.44075,0.00453771979580261,0,0.207595673425197,0.190593651770783,0.196066163761631,0.195806270678376,0.214275788808914,0.206115275796955,3676,3581,1763,1763,"P2b",278
264,0.141242441825199,0.339877969122413,0.11322,0.4,4000,0.92525,0.44575,0.0123387549074593,0.00168255748738082,0.523458900717562,0.392912934715492,0.374857732158005,0.372221495081809,0.417544281916013,0.368526172913412,3701,3526,1783,1780,"P2b",278
264,0.141242441825199,0.339877969122413,0.11322,0.6,4000,0.92775,0.44375,0.0371830985915493,0.00901408450704225,0.726017213081331,0.578803869407239,0.558997892665899,0.547175008071318,0.64183076858665,0.562751539725569,3711,3371,1775,1759,"P2b",278
264,0.141242441825199,0.339877969122413,0.11322,0.8,4000,0.93375,0.4595,0.139825897714907,0.0380848748639826,0.970939242999772,0.717667749369028,0.735446632527511,0.695904965544769,0.839578560394587,0.723847348465509,3735,3038,1838,1768,"P2b",278
288,0.258198673480542,0.338636267809671,0.11322,-0.8,4000,0.99525,0.84875,0.175257731958763,0.0774668630338733,-0.899772802340507,-0.756033108432817,-0.818856549920415,-0.746992376093913,-0.84350945218203,-0.800119015611274,3981,3413,3395,3132,"P2b",377
288,0.258198673480542,0.338636267809671,0.11322,-0.6,4000,0.99625,0.84775,0.0681214980831613,0.0238867590681215,-0.68826122086685,-0.608442713377732,-0.615555775012286,-0.589337997035159,-0.636696853525,-0.598931565756341,3985,3722,3391,3310,"P2b",377
288,0.258198673480542,0.338636267809671,0.11322,-0.4,4000,0.9945,0.851,0.0217391304347826,0.00352526439482961,-0.453221234135848,-0.418655155552416,-0.403210291253055,-0.39763808121054,-0.406946751613987,-0.37699058603902,3978,3881,3404,3392,"P2b",377
288,0.258198673480542,0.338636267809671,0.11322,-0.2,4000,0.9945,0.855,0.0043859649122807,0.000584795321637427,-0.234944961248138,-0.220784348103181,-0.200826710187767,-0.199769473157542,-0.201654296847937,-0.181846205950185,3978,3940,3420,3418,"P2b",377
288,0.258198673480542,0.338636267809671,0.11322,0,4000,0.997,0.8505,0.000587889476778366,0,-0.0189931247512809,-0.0165249305844594,-0.000961832544653269,-0.00097169747115678,-0.00890408908842354,0.00710653061197494,3988,3980,3402,3402,"P2b",377
288,0.258198673480542,0.338636267809671,0.11322,0.2,4000,0.99575,0.84225,0.000593647966755714,0,0.202649340806961,0.196895863724074,0.204268222134415,0.204204615695977,0.20709062864068,0.210017926628834,3983,3971,3369,3369,"P2b",377
288,0.258198673480542,0.338636267809671,0.11322,0.4,4000,0.99625,0.85375,0.0125915080527086,0.00146412884333821,0.436404384508899,0.422279535474751,0.415368091386851,0.413071343345615,0.420522013379783,0.40790246774919,3985,3945,3415,3410,"P2b",377
288,0.258198673480542,0.338636267809671,0.11322,0.6,4000,0.997,0.8545,0.0517846693973084,0.00819192510239906,0.645925839140691,0.60421798242343,0.60156974324855,0.590236751474339,0.615418803684702,0.591900868181866,3988,3856,3418,3390,"P2b",377
288,0.258198673480542,0.338636267809671,0.11322,0.8,4000,0.9965,0.85125,0.157709251101322,0.0414096916299559,0.876945172780335,0.774756360077379,0.808146739486414,0.765748197871901,0.830104014278249,0.797485373800446,3986,3602,3405,3264,"P2b",377
336,0.141210137389708,0.335662275126263,0.11322,-0.8,4000,0.9535,0.5275,0.125592417061611,0.0417061611374408,-1.02583139692238,-0.704537854859625,-0.713882452979761,-0.669486931527781,-0.844155517895486,-0.699157213863971,3814,2993,2110,2022,"P2b",417
336,0.141210137389708,0.335662275126263,0.11322,-0.6,4000,0.9525,0.5325,0.0488262910798122,0.0173708920187793,-0.73536114042577,-0.567060901926705,-0.537496161868431,-0.516392590608624,-0.619526658935381,-0.517664495155928,3810,3380,2130,2093,"P2b",417
336,0.141210137389708,0.335662275126263,0.11322,-0.4,4000,0.95275,0.54075,0.0184928340268146,0.00416088765603329,-0.518616376880204,-0.4086540749526,-0.348168498438778,-0.342288337558208,-0.42721619582446,-0.33577574542271,3811,3574,2163,2154,"P2b",417
336,0.141210137389708,0.335662275126263,0.11322,-0.2,4000,0.9525,0.547,0.0036563071297989,0.000914076782449726,-0.257592660846657,-0.20977182866398,-0.159240268334767,-0.157759014682397,-0.204670124445092,-0.148094231448378,3810,3695,2188,2186,"P2b",417
336,0.141210137389708,0.335662275126263,0.11322,0,4000,0.95525,0.55275,0.00226142017186793,0.000452284034373587,-0.0189953274433942,-0.0127728088690749,0.0102635790869672,0.0109770086920599,0.00148020991066187,0.0157964660986348,3821,3764,2211,2210,"P2b",417
336,0.141210137389708,0.335662275126263,0.11322,0.2,4000,0.95375,0.53575,0.00186654223051797,0,0.22479802500384,0.205403035887043,0.202767749230499,0.202609378403984,0.216171400443945,0.209926306376836,3815,3747,2143,2143,"P2b",417
336,0.141210137389708,0.335662275126263,0.11322,0.4,4000,0.95325,0.53075,0.00894959962317475,0,0.476780612969574,0.407763591536272,0.386733179933952,0.386075019450313,0.422469413397291,0.386655984202964,3813,3698,2123,2123,"P2b",417
336,0.141210137389708,0.335662275126263,0.11322,0.6,4000,0.94425,0.532,0.0441729323308271,0.00516917293233083,0.683051994360739,0.574271446399884,0.560030373552156,0.551567921350464,0.614118641276388,0.5530197167071,3777,3492,2128,2117,"P2b",417
336,0.141210137389708,0.335662275126263,0.11322,0.8,4000,0.9535,0.5425,0.120276497695853,0.0258064516129032,0.933123848227551,0.725726146572594,0.725793957257631,0.697405420480637,0.816698149870003,0.723687520719608,3814,3210,2170,2114,"P2b",417
328,0.141118159838047,0.334036216453177,0.11322,-0.8,4000,0.9525,0.51,0.104411764705882,0.0397058823529412,-1.00648436913221,-0.694500080569893,-0.691388509857479,-0.649748880088926,-0.824719083174394,-0.679556363705151,3810,3013,2040,1959,"P2b",421
328,0.141118159838047,0.334036216453177,0.11322,-0.6,4000,0.9505,0.5195,0.0384985563041386,0.0110683349374398,-0.744296312485538,-0.563673231633452,-0.521172712804723,-0.508039247236339,-0.622430510125869,-0.513950397700182,3802,3362,2078,2055,"P2b",421
328,0.141118159838047,0.334036216453177,0.11322,-0.4,4000,0.94825,0.51975,0.0144300144300144,0.00336700336700337,-0.520865602840474,-0.404698782647955,-0.348495816372443,-0.343868237715515,-0.428067242916901,-0.338349849292282,3793,3554,2079,2072,"P2b",421
328,0.141118159838047,0.334036216453177,0.11322,-0.2,4000,0.9445,0.5255,0.00380589914367269,0.000475737392959087,-0.251645314359868,-0.207700306252518,-0.154265444045962,-0.153447137586871,-0.203228080359979,-0.147819274192844,3778,3670,2102,2101,"P2b",421
328,0.141118159838047,0.334036216453177,0.11322,0,4000,0.9515,0.5205,0.00192122958693564,0.00048030739673391,-0.0238020103696271,-0.0174613652326442,0.00770747020656258,0.00847567401533991,-0.00703519210792098,0.0166052109010706,3806,3754,2082,2081,"P2b",421
328,0.141118159838047,0.334036216453177,0.11322,0.2,4000,0.93925,0.51025,0.00146986771190593,0,0.209959103036454,0.193750890686753,0.202290802655558,0.202212956750381,0.205242789155758,0.20508309987527,3757,3700,2041,2041,"P2b",421
328,0.141118159838047,0.334036216453177,0.11322,0.4,4000,0.946,0.518,0.00965250965250965,0.000965250965250965,0.456851918518011,0.398260190138948,0.375530687634829,0.373809486344383,0.413088343943135,0.3763788379081,3784,3654,2072,2070,"P2b",421
328,0.141118159838047,0.334036216453177,0.11322,0.6,4000,0.948,0.51825,0.0410033767486734,0.00675349734684033,0.716333927098564,0.583948507611879,0.561109288183227,0.552090678280967,0.629863741092585,0.558314584634449,3792,3469,2073,2059,"P2b",421
328,0.141118159838047,0.334036216453177,0.11322,0.8,4000,0.95325,0.5205,0.120076849183477,0.0341018251681076,0.936409340905955,0.735453579738026,0.739367844105389,0.705935895816637,0.835393574126287,0.735370018318732,3813,3168,2082,2011,"P2b",421
351,0.141239651255829,0.339491885903141,0.11322,-0.8,4000,0.955,0.53775,0.120409112040911,0.0413761041376104,-1.00471382922431,-0.713129780214146,-0.716563233292049,-0.67273600644258,-0.839545789447964,-0.695010642767772,3820,3069,2151,2062,"P2b",436
351,0.141239651255829,0.339491885903141,0.11322,-0.6,4000,0.953,0.555,0.0527027027027027,0.0135135135135135,-0.756992608188778,-0.571050977503343,-0.542625413154312,-0.525302877952318,-0.628016177141384,-0.527087280167302,3812,3380,2220,2190,"P2b",436
351,0.141239651255829,0.339491885903141,0.11322,-0.4,4000,0.95775,0.5575,0.015695067264574,0.00224215246636771,-0.4894897767172,-0.401830787367802,-0.351970007942025,-0.348117649931759,-0.415967258930823,-0.342434147145962,3831,3626,2230,2225,"P2b",436
351,0.141239651255829,0.339491885903141,0.11322,-0.2,4000,0.95775,0.53875,0.00278422273781903,0,-0.244647480646958,-0.211501370712238,-0.164443362047441,-0.16408056397721,-0.197998240422578,-0.152230402964418,3831,3759,2155,2155,"P2b",436
351,0.141239651255829,0.339491885903141,0.11322,0,4000,0.9525,0.5395,0.00092678405931418,0,-0.0301521265038303,-0.00976293293297876,0.0145596362156114,0.0145312231169458,0.00522155570834396,0.0226886686468106,3810,3763,2158,2158,"P2b",436
351,0.141239651255829,0.339491885903141,0.11322,0.2,4000,0.951,0.546,0.00137362637362637,0,0.224964342201376,0.205660555358074,0.207961845447138,0.207853971166283,0.215344833323997,0.214673901135477,3804,3754,2184,2184,"P2b",436
351,0.141239651255829,0.339491885903141,0.11322,0.4,4000,0.9635,0.54775,0.00821542674577818,0,0.467723089904737,0.410271350561014,0.38043931785546,0.379773182915679,0.421504096256283,0.381587103662757,3854,3747,2191,2191,"P2b",436
351,0.141239651255829,0.339491885903141,0.11322,0.6,4000,0.957,0.5525,0.0438914027149321,0.00588235294117647,0.700969926231103,0.586572756755044,0.573063832800835,0.564797040694107,0.633382503466571,0.570877796960959,3828,3523,2210,2197,"P2b",436
351,0.141239651255829,0.339491885903141,0.11322,0.8,4000,0.95425,0.54675,0.122999542752629,0.0342935528120713,0.957024471367085,0.736615261849646,0.748290887121561,0.711833736943126,0.832302041136983,0.735671952571591,3817,3159,2187,2112,"P2b",436
269,0.179393815681409,0.563141492227313,0.11322,-0.8,4000,0.9685,0.6315,0.117181314330958,0.0273159144893112,-0.927379536964057,-0.739597934983936,-0.738237383956556,-0.707347557544106,-0.821554431818121,-0.725451878799189,3874,3295,2526,2457,"P2b",456
269,0.179393815681409,0.563141492227313,0.11322,-0.6,4000,0.96575,0.62525,0.0367852858856457,0.00959616153538585,-0.71582369711599,-0.597498735134227,-0.559753951689412,-0.548674417284796,-0.625161485788426,-0.547685676402403,3863,3543,2501,2477,"P2b",456
269,0.179393815681409,0.563141492227313,0.11322,-0.4,4000,0.9675,0.626,0.0115814696485623,0.000798722044728434,-0.466827257780706,-0.415299349344026,-0.360899419685283,-0.359121411669475,-0.41047380903902,-0.348649001489785,3870,3744,2504,2502,"P2b",456
269,0.179393815681409,0.563141492227313,0.11322,-0.2,4000,0.96625,0.616,0,0,-0.272890624364878,-0.218376269022147,-0.18024155930364,-0.18024155930364,-0.206445151719854,-0.169464501686171,3865,3797,2464,2464,"P2b",456
269,0.179393815681409,0.563141492227313,0.11322,0,4000,0.95975,0.61925,0,0,-0.0172584585849925,-0.00578236217488533,0.0214053025974835,0.0214053025974835,0.00310912145290417,0.0217165795371231,3839,3814,2477,2477,"P2b",456
269,0.179393815681409,0.563141492227313,0.11322,0.2,4000,0.97,0.6385,0.000783085356303837,0,0.207926938495983,0.199767005458181,0.191853507117513,0.191816955117759,0.200156674167486,0.191443134191121,3880,3858,2554,2554,"P2b",456
269,0.179393815681409,0.563141492227313,0.11322,0.4,4000,0.963,0.6075,0.00452674897119342,0,0.444979237743267,0.408714101558866,0.376644199014778,0.376289317231461,0.408902780113286,0.375846347313972,3852,3769,2430,2430,"P2b",456
269,0.179393815681409,0.563141492227313,0.11322,0.6,4000,0.96425,0.61425,0.0264550264550265,0.00284900284900285,0.702730639131646,0.612335445763689,0.576411345112528,0.572226697832982,0.62885439103115,0.573578182075855,3857,3639,2457,2450,"P2b",456
269,0.179393815681409,0.563141492227313,0.11322,0.8,4000,0.97,0.6225,0.120481927710843,0.0168674698795181,0.922559747395003,0.764825468943174,0.759163674876079,0.738397245875043,0.831411960104808,0.761232009654538,3880,3414,2490,2448,"P2b",456
427,0.141509480932019,0.529848412206062,0.11322,-0.8,4000,0.96825,0.62225,0.106870229007634,0.0152671755725191,-0.945414612712148,-0.74774957272755,-0.732485063158823,-0.713091886082621,-0.818790303099473,-0.725834980562401,3873,3292,2489,2451,"P2b",481
427,0.141509480932019,0.529848412206062,0.11322,-0.6,4000,0.96875,0.62925,0.0274135876042908,0.00119189511323004,-0.718137504489042,-0.603519197586083,-0.549342416628047,-0.546169478373872,-0.623790902912967,-0.544503721859026,3875,3604,2517,2514,"P2b",481
427,0.141509480932019,0.529848412206062,0.11322,-0.4,4000,0.97375,0.64225,0.00272479564032698,0,-0.466992154268289,-0.417094698746271,-0.357659596183722,-0.35753991538797,-0.405668141273755,-0.347738762078549,3895,3779,2569,2569,"P2b",481
427,0.141509480932019,0.529848412206062,0.11322,-0.2,4000,0.971,0.62475,0.00040016006402561,0.00040016006402561,-0.247056931564441,-0.225499936896149,-0.177543391885887,-0.177091104112013,-0.207114457565705,-0.174164938357008,3884,3839,2499,2498,"P2b",481
427,0.141509480932019,0.529848412206062,0.11322,0,4000,0.96975,0.63075,0,0,-0.0110261566433212,-0.00754500502062909,0.0111863815292019,0.0111863815292019,0.00934966797742368,0.0216027113498444,3879,3864,2523,2523,"P2b",481
427,0.141509480932019,0.529848412206062,0.11322,0.2,4000,0.969,0.618,0,0,0.217841180906985,0.204069246713989,0.191255469471412,0.191255469471412,0.20006423675928,0.189143334253959,3876,3844,2472,2472,"P2b",481
427,0.141509480932019,0.529848412206062,0.11322,0.4,4000,0.9725,0.61925,0.00121114251110214,0,0.457183855667774,0.419499520417356,0.380617205746503,0.380520738208252,0.414570269402353,0.380635832438709,3890,3826,2477,2477,"P2b",481
427,0.141509480932019,0.529848412206062,0.11322,0.6,4000,0.96925,0.61375,0.0167006109979633,0.00244399185336049,0.682152058131182,0.611901079745046,0.563350472412205,0.560569367127433,0.621935717160953,0.557362283546163,3877,3683,2455,2449,"P2b",481
427,0.141509480932019,0.529848412206062,0.11322,0.8,4000,0.9685,0.63125,0.102574257425743,0.0099009900990099,0.909514512178048,0.76970220195119,0.756238339696825,0.740776946699798,0.818549864345889,0.752295692600661,3874,3442,2525,2500,"P2b",481
183,0.143797362599994,0.340558892507859,0.11322,-0.8,4000,0.89175,0.33775,0.076239822353812,0.0399703923019985,-1.04397593631348,-0.626523664481085,-0.60443033502952,-0.562140824967629,-0.80232167517781,-0.589089922600736,3567,2696,1351,1297,"P2b",517
183,0.143797362599994,0.340558892507859,0.11322,-0.6,4000,0.89075,0.345,0.0405797101449275,0.013768115942029,-0.791714374743081,-0.495657549488519,-0.445683397115831,-0.428427373653424,-0.614027430861217,-0.434993404717304,3563,2964,1380,1361,"P2b",517
183,0.143797362599994,0.340558892507859,0.11322,-0.4,4000,0.8875,0.3315,0.0143288084464555,0.00452488687782805,-0.576093478900283,-0.350738800274631,-0.285527258887292,-0.279225551638643,-0.4124297418008,-0.280665423048809,3550,3163,1326,1320,"P2b",517
183,0.143797362599994,0.340558892507859,0.11322,-0.2,4000,0.88725,0.33075,0.00453514739229025,0.00151171579743008,-0.283743915334976,-0.183435206336111,-0.116202483462966,-0.114010883463227,-0.205105241617821,-0.110975742416862,3549,3315,1323,1321,"P2b",517
183,0.143797362599994,0.340558892507859,0.11322,0,4000,0.89225,0.33625,0.00223048327137546,0.000743494423791822,-0.0242403412579466,-0.000545366796916091,0.0328250154784477,0.0338090121206723,0.00582634072894748,0.0402720740279579,3569,3436,1345,1344,"P2b",517
183,0.143797362599994,0.340558892507859,0.11322,0.2,4000,0.8955,0.33075,0.00302343159486017,0.00151171579743008,0.235373963105675,0.194124318779169,0.208504528350096,0.20642309718467,0.220384922832252,0.207356465211327,3582,3409,1323,1321,"P2b",517
183,0.143797362599994,0.340558892507859,0.11322,0.4,4000,0.89075,0.33525,0.0253542132736764,0.00372856077554064,0.476635174478959,0.369946567514573,0.356939304779199,0.351273795450821,0.433532729416793,0.365417330156032,3563,3293,1341,1336,"P2b",517
183,0.143797362599994,0.340558892507859,0.11322,0.6,4000,0.886,0.338,0.0525147928994083,0.00961538461538462,0.751205361117986,0.527219248486886,0.520466534847378,0.505297332511613,0.623972079659665,0.514547231394458,3544,3100,1352,1339,"P2b",517
183,0.143797362599994,0.340558892507859,0.11322,0.8,4000,0.882,0.328,0.114329268292683,0.0335365853658537,1.18707989607335,0.67108386182804,0.694225975405546,0.657326101842172,0.83248090147488,0.692056363861419,3528,2787,1312,1268,"P2b",517
259,0.200793678119879,0.34072174157307,0.11322,-0.8,4000,0.98125,0.67425,0.133110863922877,0.0648869113830182,-0.946919171278477,-0.711276000561721,-0.744650819297776,-0.683571724040911,-0.829285067311414,-0.723904365797763,3925,3180,2697,2522,"P2b",541
259,0.200793678119879,0.34072174157307,0.11322,-0.6,4000,0.9815,0.6605,0.0499621498864497,0.0177895533686601,-0.719333680157172,-0.575151843948246,-0.555370989623673,-0.535080085043412,-0.623332906828919,-0.54742127690529,3926,3538,2642,2595,"P2b",541
259,0.200793678119879,0.34072174157307,0.11322,-0.4,4000,0.97175,0.647,0.017774343122102,0.00347758887171561,-0.516416748217761,-0.406709811525953,-0.362353990057841,-0.357003366175411,-0.415034742226647,-0.343988051284169,3887,3702,2588,2579,"P2b",541
259,0.200793678119879,0.34072174157307,0.11322,-0.2,4000,0.97625,0.65275,0.00306396016851781,0.0015319800842589,-0.258975897521551,-0.21198060628883,-0.179491200684927,-0.177309447131365,-0.203987563442772,-0.165598449389709,3905,3795,2611,2607,"P2b",541
259,0.200793678119879,0.34072174157307,0.11322,0,4000,0.98,0.65975,0.00189465706707086,0,-0.0240836150085816,-0.012754468337163,0.0189208644878618,0.0188149705234817,0.00455164982804151,0.0314389694903486,3920,3880,2639,2639,"P2b",541
259,0.200793678119879,0.34072174157307,0.11322,0.2,4000,0.98075,0.67075,0.00372717107715244,0,0.216926941797996,0.204960335387419,0.201402910971378,0.201141172988341,0.217204983461055,0.205889187427622,3923,3881,2683,2683,"P2b",541
259,0.200793678119879,0.34072174157307,0.11322,0.4,4000,0.97775,0.654,0.0141437308868502,0.00191131498470948,0.454109843210773,0.400656761980164,0.391602788571159,0.388291565655774,0.419812979212441,0.398277015547683,3911,3793,2616,2611,"P2b",541
259,0.200793678119879,0.34072174157307,0.11322,0.6,4000,0.976,0.6595,0.0576194086429113,0.0136467020470053,0.679317295564406,0.598005646806655,0.595162785173478,0.579305470028379,0.632363467243422,0.590003004534235,3904,3655,2638,2602,"P2b",541
259,0.200793678119879,0.34072174157307,0.11322,0.8,4000,0.975,0.6605,0.165404996214989,0.0427706283118849,0.907508182879985,0.748647668879809,0.779879534526941,0.736843460881377,0.829849512782168,0.774198240946976,3900,3366,2642,2529,"P2b",541
247,0.176154908071202,0.387024267286541,0.11322,-0.8,4000,0.95575,0.56325,0.126941855304039,0.0488237905015535,-0.984543758445725,-0.70927073811047,-0.71920838549354,-0.669141082773312,-0.835418876756188,-0.698226239455054,3823,3064,2253,2143,"P2b",545
247,0.176154908071202,0.387024267286541,0.11322,-0.6,4000,0.9605,0.56275,0.0493114171479343,0.0146601510439805,-0.737326142498813,-0.57100901496683,-0.540363125081051,-0.522105287729258,-0.629782767540111,-0.524625835412288,3842,3415,2251,2218,"P2b",545
247,0.176154908071202,0.387024267286541,0.11322,-0.4,4000,0.957,0.57,0.0166666666666667,0.00394736842105263,-0.504643967549508,-0.40549638466194,-0.345698952733835,-0.340183264473569,-0.413462660835397,-0.331077946679974,3828,3606,2280,2271,"P2b",545
247,0.176154908071202,0.387024267286541,0.11322,-0.2,4000,0.95975,0.5575,0.00358744394618834,0,-0.276000476119674,-0.222518617931257,-0.171463814802908,-0.171099543585125,-0.211747210993785,-0.159460334538987,3839,3729,2230,2230,"P2b",545
247,0.176154908071202,0.387024267286541,0.11322,0,4000,0.9605,0.55275,0.00135685210312076,0,-0.0400892607002292,-0.0176434595491226,0.0103027540979333,0.0102570989757779,-0.00780601918687928,0.0163332753772266,3842,3779,2211,2211,"P2b",545
247,0.176154908071202,0.387024267286541,0.11322,0.2,4000,0.961,0.55075,0.00181570585565138,0,0.238754055049132,0.220783256197376,0.218544690666023,0.218427189770526,0.228433873292307,0.219141023086085,3844,3782,2203,2203,"P2b",545
247,0.176154908071202,0.387024267286541,0.11322,0.4,4000,0.9665,0.57425,0.0100130605137135,0.00130605137135394,0.455485530276692,0.401368122192752,0.384160545534374,0.382452850973206,0.414869142519117,0.380667800219594,3866,3741,2297,2294,"P2b",545
247,0.176154908071202,0.387024267286541,0.11322,0.6,4000,0.964,0.575,0.0460869565217391,0.00521739130434783,0.679166212333592,0.585239332134649,0.569727409721333,0.561378277753592,0.619666661113594,0.567362845428223,3856,3595,2300,2288,"P2b",545
247,0.176154908071202,0.387024267286541,0.11322,0.8,4000,0.95525,0.55575,0.140350877192982,0.0368870895186685,0.956184520353697,0.740288518490851,0.761075378018342,0.723592286792883,0.842688053603974,0.753142048458794,3821,3175,2223,2141,"P2b",545
202,0.199130762294272,0.41864253339336,0.11322,-0.8,4000,0.95825,0.575,0.125217391304348,0.0552173913043478,-0.977071146198122,-0.705516355321337,-0.72241434679226,-0.668585142598212,-0.835627530258377,-0.711615244487839,3833,3047,2300,2173,"P2b",597
202,0.199130762294272,0.41864253339336,0.11322,-0.6,4000,0.96325,0.57625,0.0529284164859002,0.0216919739696312,-0.753843224383892,-0.577548300180291,-0.556484149944012,-0.532269358157522,-0.638576547945847,-0.541403223443747,3853,3414,2305,2255,"P2b",597
202,0.199130762294272,0.41864253339336,0.11322,-0.4,4000,0.95975,0.56925,0.0127360562143171,0.0043917435221783,-0.50150729539019,-0.402593532296239,-0.34643564492392,-0.340946206407613,-0.423629483001164,-0.338098385241828,3839,3619,2277,2267,"P2b",597
202,0.199130762294272,0.41864253339336,0.11322,-0.2,4000,0.96425,0.57275,0.00261894369271061,0.000436490615451768,-0.276508566126033,-0.215120747270768,-0.169189311144953,-0.168413408436772,-0.208732829786678,-0.160751070999812,3857,3751,2291,2290,"P2b",597
202,0.199130762294272,0.41864253339336,0.11322,0,4000,0.9615,0.58225,0.0025762129669386,0.0004293688278231,-0.0257109635792853,-0.00708921802473344,0.0127319238171799,0.0134682230203321,0.000873310539183284,0.0210480922034119,3846,3778,2329,2328,"P2b",597
202,0.199130762294272,0.41864253339336,0.11322,0.2,4000,0.96075,0.57075,0.00131406044678055,0.000438020148926851,0.208372170487016,0.196051353472775,0.196649628302488,0.196132557624227,0.212357783007305,0.209968423266074,3843,3782,2283,2282,"P2b",597
202,0.199130762294272,0.41864253339336,0.11322,0.4,4000,0.958,0.58025,0.012063765618268,0.001723395088324,0.476658085861614,0.404877090277871,0.381919506013992,0.379317118947792,0.417874433533603,0.384078152682944,3832,3685,2321,2317,"P2b",597
202,0.199130762294272,0.41864253339336,0.11322,0.6,4000,0.96,0.5835,0.0539845758354756,0.00556983718937446,0.678832145783279,0.584383918104862,0.569171314536754,0.560181704703961,0.621586423636374,0.573823532861512,3840,3587,2334,2321,"P2b",597
202,0.199130762294272,0.41864253339336,0.11322,0.8,4000,0.9575,0.56325,0.141145139813582,0.033288948069241,0.977182494974426,0.739045316281343,0.75339816042116,0.718122018488665,0.835859788657145,0.7558810388487,3830,3215,2253,2178,"P2b",597
107,0.188039389486612,0.340679988962195,0.11322,-0.8,4000,0.87175,0.27625,0.081447963800905,0.0361990950226244,-1.14002884956454,-0.58284413156465,-0.569270215928782,-0.528268722988124,-0.84165240049495,-0.562798349363606,3487,2489,1105,1065,"P2b",609
107,0.188039389486612,0.340679988962195,0.11322,-0.6,4000,0.86725,0.25925,0.0395371263259402,0.0115718418514947,-0.881268650645559,-0.471603874103489,-0.41914179645596,-0.403324928481109,-0.633127999018526,-0.410045715075686,3469,2775,1037,1025,"P2b",609
107,0.188039389486612,0.340679988962195,0.11322,-0.4,4000,0.868,0.2735,0.0155393053016453,0.00457038391224863,-0.60525468961914,-0.307128583933251,-0.25236802668122,-0.245209024740055,-0.388546105158089,-0.250688652982173,3472,3027,1094,1089,"P2b",609
107,0.188039389486612,0.340679988962195,0.11322,-0.2,4000,0.863,0.28,0.00803571428571428,0.00446428571428571,-0.325135512794729,-0.161202280621324,-0.0969768952773439,-0.0908325905694641,-0.205377662086026,-0.0861507157447975,3452,3146,1120,1115,"P2b",609
107,0.188039389486612,0.340679988962195,0.11322,0,4000,0.86625,0.2465,0.00405679513184584,0.00101419878296146,-0.0397596809642799,0.01412006706921,0.055473778400972,0.0570152277629599,0.00527923096680754,0.0690620337208961,3465,3205,986,985,"P2b",609
107,0.188039389486612,0.340679988962195,0.11322,0.2,4000,0.8605,0.27,0.0148148148148148,0.00185185185185185,0.216530348214633,0.18133744859329,0.213935373105189,0.210360935370494,0.219024919131511,0.219262672386294,3442,3171,1080,1078,"P2b",609
107,0.188039389486612,0.340679988962195,0.11322,0.4,4000,0.8625,0.26225,0.0238322211630124,0.00381315538608198,0.476928053970085,0.353892387973088,0.393886001553975,0.387745523464049,0.443620842633362,0.401434990970072,3450,3097,1049,1045,"P2b",609
107,0.188039389486612,0.340679988962195,0.11322,0.6,4000,0.8755,0.272,0.0762867647058824,0.0174632352941176,0.786457932602344,0.512184070332146,0.542143702575791,0.520009719971475,0.646907832001942,0.546456811372413,3502,2934,1088,1069,"P2b",609
107,0.188039389486612,0.340679988962195,0.11322,0.8,4000,0.8625,0.27275,0.117323556370302,0.0522456461961503,1.02398232506747,0.653637210897914,0.713189592054715,0.663700713042206,0.857489920193467,0.72579543029337,3450,2612,1091,1034,"P2b",609
452,0.141077353548468,0.557254853431431,0.11322,-0.8,4000,0.97025,0.64075,0.0975419430355053,0.0152165431135388,-0.909162257922817,-0.752167331525394,-0.731063462764193,-0.711982499455462,-0.816776924420608,-0.724493330696104,3881,3369,2563,2524,"P2b",613
452,0.141077353548468,0.557254853431431,0.11322,-0.6,4000,0.97025,0.63725,0.025500196155355,0.00196155355041193,-0.707462638772598,-0.597482755826466,-0.547085406844285,-0.54362768268924,-0.600317123702137,-0.53384759532517,3881,3618,2549,2544,"P2b",613
452,0.141077353548468,0.557254853431431,0.11322,-0.4,4000,0.97375,0.63875,0.00313111545988258,0,-0.495369457046076,-0.431177989419014,-0.367789667092869,-0.367641430392301,-0.417272613220684,-0.361369923621619,3895,3777,2555,2555,"P2b",613
452,0.141077353548468,0.557254853431431,0.11322,-0.2,4000,0.97125,0.65875,0.000759013282732448,0,-0.230202783748775,-0.213944116754375,-0.167622615506555,-0.16754361422906,-0.195918084261972,-0.160419159856437,3885,3848,2635,2635,"P2b",613
452,0.141077353548468,0.557254853431431,0.11322,0,4000,0.97075,0.634,0,0,-0.0201327340252758,-0.0202387644312212,0.00208086842897831,0.00208086842897831,-0.0129757184058734,0.00192738027626367,3883,3863,2536,2536,"P2b",613
452,0.141077353548468,0.557254853431431,0.11322,0.2,4000,0.97125,0.642,0,0,0.224582967122124,0.21439281694908,0.202136329486517,0.202136329486517,0.215461979538033,0.203833693974622,3885,3860,2568,2568,"P2b",613
452,0.141077353548468,0.557254853431431,0.11322,0.4,4000,0.97275,0.639,0.00117370892018779,0,0.441192149028183,0.41680622996338,0.380035589334302,0.379966709724584,0.412139433834482,0.378573719683942,3891,3822,2556,2556,"P2b",613
452,0.141077353548468,0.557254853431431,0.11322,0.6,4000,0.97525,0.653,0.0191424196018377,0,0.668434838211514,0.609938172042691,0.569452358762526,0.567720204196295,0.613889105350208,0.561440467563312,3901,3723,2612,2612,"P2b",613
452,0.141077353548468,0.557254853431431,0.11322,0.8,4000,0.974,0.64975,0.0981146594844171,0.0134667179684494,0.895314378131468,0.771018896488643,0.754894886457614,0.739452809955422,0.814976588782314,0.744792183596903,3896,3488,2599,2564,"P2b",613
305,0.141569097899225,0.34145758022351,0.11322,-0.8,4000,0.945,0.502,0.122509960159363,0.0443227091633466,-1.00541778516284,-0.702363575598591,-0.702869317978508,-0.657888653782781,-0.848191840648734,-0.68600521695213,3780,2981,2008,1919,"P2b",653
305,0.141569097899225,0.34145758022351,0.11322,-0.6,4000,0.94275,0.50625,0.0424691358024691,0.0153086419753086,-0.75471311609203,-0.556295647358713,-0.516898877164699,-0.498832039896027,-0.627304544545506,-0.511576809171841,3771,3275,2025,1994,"P2b",653
305,0.141569097899225,0.34145758022351,0.11322,-0.4,4000,0.94825,0.4895,0.0188968335035751,0.00357507660878447,-0.512488967752478,-0.392346963628035,-0.332718591351385,-0.326942936094407,-0.413981098465073,-0.319077770267283,3793,3531,1958,1951,"P2b",653
305,0.141569097899225,0.34145758022351,0.11322,-0.2,4000,0.946,0.50575,0.00197726149283243,0,-0.266625621003803,-0.204672075531537,-0.160117068811723,-0.159988625462418,-0.20547047371273,-0.155204440100111,3784,3659,2023,2023,"P2b",653
305,0.141569097899225,0.34145758022351,0.11322,0,4000,0.93525,0.485,0.00103092783505155,0,-0.0184094743024134,-0.000314392327287924,0.0334977419828863,0.0336654825092783,0.011841593233192,0.0404666555937547,3741,3675,1940,1940,"P2b",653
305,0.141569097899225,0.34145758022351,0.11322,0.2,4000,0.9465,0.5195,0,0,0.224165760445481,0.202789910527548,0.200888322406146,0.200888322406146,0.221456203115712,0.214790836552826,3786,3706,2078,2078,"P2b",653
305,0.141569097899225,0.34145758022351,0.11322,0.4,4000,0.94275,0.49275,0.0091324200913242,0.000507356671740233,0.44155906801539,0.390742147444899,0.369506928202475,0.368448710621065,0.40988740299027,0.372337080929022,3771,3630,1971,1970,"P2b",653
305,0.141569097899225,0.34145758022351,0.11322,0.6,4000,0.9465,0.493,0.0491886409736308,0.00811359026369168,0.721634192444362,0.577951823128104,0.551163635536706,0.540396346458228,0.630062789763246,0.541856969483097,3786,3462,1972,1956,"P2b",653
305,0.141569097899225,0.34145758022351,0.11322,0.8,4000,0.9425,0.49975,0.123061530765383,0.0360180090045022,0.958601172368697,0.732010322432403,0.743608022406755,0.707445524829125,0.834704756547023,0.742856861504588,3770,3117,1999,1927,"P2b",653
459,0.141498771955114,0.342697966305327,0.11322,-0.8,4000,0.9755,0.64025,0.125341663412729,0.0519328387348692,-0.949499684957389,-0.73235249735353,-0.750198136219925,-0.7010216003455,-0.833661326420026,-0.728924267095381,3902,3198,2561,2428,"P2b",698
459,0.141498771955114,0.342697966305327,0.11322,-0.6,4000,0.97075,0.642,0.0447819314641745,0.0112928348909657,-0.71462194685168,-0.592137659166496,-0.554963003802293,-0.541564800609062,-0.620207970835344,-0.539037618444466,3883,3549,2568,2539,"P2b",698
459,0.141498771955114,0.342697966305327,0.11322,-0.4,4000,0.9735,0.656,0.0110518292682927,0.00038109756097561,-0.476272938047978,-0.411114039811491,-0.359188908301228,-0.357908826168281,-0.411040271091163,-0.347670273247073,3894,3737,2624,2623,"P2b",698
459,0.141498771955114,0.342697966305327,0.11322,-0.2,4000,0.97775,0.65225,0.00076657723265619,0,-0.247893593745054,-0.220443988789448,-0.181778619776491,-0.181732047425247,-0.20712193497737,-0.173055685301956,3911,3855,2609,2609,"P2b",698
459,0.141498771955114,0.342697966305327,0.11322,0,4000,0.97775,0.6505,0,0,-0.0166585728132707,-0.0126265330366109,0.0136430877992742,0.0136430877992742,-0.00400597317979218,0.0180501289645106,3911,3880,2602,2602,"P2b",698
459,0.141498771955114,0.342697966305327,0.11322,0.2,4000,0.97325,0.654,0,0,0.217326032231704,0.2062142489893,0.201914695576656,0.201914695576656,0.214082172681024,0.208376318148236,3893,3852,2616,2616,"P2b",698
459,0.141498771955114,0.342697966305327,0.11322,0.4,4000,0.978,0.65775,0.00532117065754466,0,0.446163547234297,0.409497669889619,0.385989124955727,0.385684983998114,0.417377853258024,0.385208809163339,3912,3813,2631,2631,"P2b",698
459,0.141498771955114,0.342697966305327,0.11322,0.6,4000,0.97275,0.647,0.0316846986089645,0.00386398763523957,0.716370988767368,0.601639031104283,0.580679596097259,0.574794299649803,0.627132504559805,0.575249519000954,3891,3653,2588,2578,"P2b",698
459,0.141498771955114,0.342697966305327,0.11322,0.8,4000,0.97775,0.64675,0.130266718206417,0.0251256281407035,0.936858285180074,0.767708044267445,0.773843590835544,0.746089554199642,0.834472740117223,0.763560568667222,3911,3393,2587,2522,"P2b",698
253,0.141898038295645,0.3458543914283,0.11322,-0.8,4000,0.92575,0.4485,0.0997770345596432,0.0418060200668896,-1.00768348133198,-0.670507457561007,-0.662766624647782,-0.620578499049047,-0.819460255555062,-0.650569465220398,3703,2866,1794,1719,"P2b",714
253,0.141898038295645,0.3458543914283,0.11322,-0.6,4000,0.9245,0.4345,0.0466052934407365,0.0166858457997698,-0.773014849145676,-0.545641109842145,-0.506989617768346,-0.485913648525061,-0.626841994173338,-0.493890088071873,3698,3178,1738,1709,"P2b",714
253,0.141898038295645,0.3458543914283,0.11322,-0.4,4000,0.92375,0.42725,0.018724400234055,0.00351082504388531,-0.52942186532727,-0.379901462885443,-0.328685870688736,-0.322940441488236,-0.411747735818342,-0.31108114507925,3695,3402,1709,1703,"P2b",714
253,0.141898038295645,0.3458543914283,0.11322,-0.2,4000,0.918,0.43725,0.00228702115494568,0.00114351057747284,-0.280127260496993,-0.205846727889385,-0.147230909228951,-0.145429367497705,-0.199179760432071,-0.129568525078507,3672,3539,1749,1747,"P2b",714
253,0.141898038295645,0.3458543914283,0.11322,0,4000,0.925,0.4395,0.000568828213879408,0.00113765642775882,-0.0279846677159446,-0.00792457995244166,0.028875971100839,0.0304043370942294,-0.00125479086437768,0.0364105951932101,3700,3601,1758,1756,"P2b",714
253,0.141898038295645,0.3458543914283,0.11322,0.2,4000,0.922,0.43275,0.00231080300404391,0,0.225474951012122,0.199975526912543,0.203730821655161,0.20344673239703,0.211443268610711,0.203279736005683,3688,3592,1731,1731,"P2b",714
253,0.141898038295645,0.3458543914283,0.11322,0.4,4000,0.93025,0.44575,0.0140213123948402,0.00112170499158721,0.484902953402666,0.398419574759218,0.386886026468853,0.384660311513064,0.423325314042862,0.384039753666917,3721,3540,1783,1781,"P2b",714
253,0.141898038295645,0.3458543914283,0.11322,0.6,4000,0.92375,0.441,0.0470521541950113,0.0130385487528345,0.727531015714267,0.564117531789924,0.55184037900173,0.537086270804849,0.625358296248933,0.544743562493144,3695,3351,1764,1741,"P2b",714
253,0.141898038295645,0.3458543914283,0.11322,0.8,4000,0.92175,0.4355,0.109070034443169,0.0350172215843858,0.98440259915208,0.715026109279792,0.72187774767779,0.684859168810767,0.832619072802335,0.72259528302046,3687,3010,1742,1681,"P2b",714
298,0.140663633252706,0.340538624139066,0.11322,-0.8,4000,0.944,0.482,0.107883817427386,0.0492738589211618,-1.00540424915888,-0.697220057897458,-0.69564730380615,-0.647274225028525,-0.842018902750712,-0.678710826776648,3776,2947,1928,1833,"P2b",718
298,0.140663633252706,0.340538624139066,0.11322,-0.6,4000,0.93475,0.5,0.039,0.0155,-0.793991299074288,-0.552303982788859,-0.510431193572218,-0.492729429368302,-0.615882102823298,-0.492608784145799,3739,3253,2000,1969,"P2b",718
298,0.140663633252706,0.340538624139066,0.11322,-0.4,4000,0.94275,0.494,0.0156882591093117,0.00253036437246964,-0.520031098706391,-0.388983941880685,-0.336119638661845,-0.331855176162538,-0.405819762399743,-0.32037610616043,3771,3502,1976,1971,"P2b",718
298,0.140663633252706,0.340538624139066,0.11322,-0.2,4000,0.941,0.48725,0.00307850179579271,0.000513083632632119,-0.263085133525481,-0.206328664099299,-0.15379036715647,-0.152821914535612,-0.196710424829689,-0.135841622420546,3764,3652,1949,1948,"P2b",718
298,0.140663633252706,0.340538624139066,0.11322,0,4000,0.94075,0.4835,0.0015511892450879,0.000517063081695967,-0.0289074438948538,-0.00675569905787191,0.0219460579807481,0.0229020316057175,0.00767387974581914,0.0370124670080974,3763,3684,1934,1933,"P2b",718
298,0.140663633252706,0.340538624139066,0.11322,0.2,4000,0.94075,0.4775,0.00261780104712042,0,0.228369766123065,0.208688089761485,0.199605108763982,0.199427040129715,0.222272428818922,0.201903209786773,3763,3689,1910,1910,"P2b",718
298,0.140663633252706,0.340538624139066,0.11322,0.4,4000,0.944,0.49125,0.0137404580152672,0.000508905852417303,0.465240347802343,0.399377605798939,0.378317046604803,0.376868764171512,0.421294175039463,0.378432353710522,3776,3607,1965,1964,"P2b",718
298,0.140663633252706,0.340538624139066,0.11322,0.6,4000,0.94125,0.49175,0.0462633451957295,0.00610066090493137,0.712666889574988,0.577592726593132,0.560049909322767,0.550077762744946,0.636187511062207,0.564227331045519,3765,3435,1967,1955,"P2b",718
298,0.140663633252706,0.340538624139066,0.11322,0.8,4000,0.9325,0.492,0.119410569105691,0.0320121951219512,0.937429050297089,0.722886546434297,0.72932166129894,0.694946405470533,0.822533858083013,0.721708260486723,3730,3129,1968,1905,"P2b",718
315,0.158609477349793,0.345086029598782,0.11322,-0.8,4000,0.96375,0.588,0.118622448979592,0.0488945578231293,-0.984680360222303,-0.704554848546966,-0.721241356880283,-0.67218566544198,-0.827794990542015,-0.704311507275718,3855,3073,2352,2237,"P2b",780
315,0.158609477349793,0.345086029598782,0.11322,-0.6,4000,0.96775,0.58625,0.0494669509594883,0.0174840085287846,-0.744746464386583,-0.570898852439648,-0.540681791355195,-0.521141545625803,-0.619978386637652,-0.523211630101183,3871,3436,2345,2304,"P2b",780
315,0.158609477349793,0.345086029598782,0.11322,-0.4,4000,0.96425,0.588,0.0174319727891156,0.00467687074829932,-0.517009055443993,-0.414726387391153,-0.363977230674849,-0.357770381046313,-0.428784435709524,-0.345022850285665,3857,3643,2352,2341,"P2b",780
315,0.158609477349793,0.345086029598782,0.11322,-0.2,4000,0.96375,0.58925,0.00466694951209164,0.000848536274925753,-0.253383444394018,-0.218310213391719,-0.180758757479712,-0.17947921695315,-0.21474466076303,-0.173535561662591,3855,3772,2357,2355,"P2b",780
315,0.158609477349793,0.345086029598782,0.11322,0,4000,0.964,0.5825,0.000429184549356223,0,-0.0241235273278675,-0.0035054011319846,0.0181573538557435,0.0181794870505454,0.00192384206427576,0.0194866521104075,3856,3804,2330,2330,"P2b",780
315,0.158609477349793,0.345086029598782,0.11322,0.2,4000,0.96225,0.593,0.00126475548060708,0,0.21820510986212,0.209838167287338,0.212782107721537,0.212661413955114,0.215301801368213,0.211213900271503,3849,3800,2372,2372,"P2b",780
315,0.158609477349793,0.345086029598782,0.11322,0.4,4000,0.96125,0.57975,0.0120741699008193,0.00043122035360069,0.452026444943227,0.404422159034088,0.377126420612057,0.375791602678551,0.416146266359777,0.37294964500339,3845,3725,2319,2318,"P2b",780
315,0.158609477349793,0.345086029598782,0.11322,0.6,4000,0.96175,0.58475,0.0376229157759726,0.00769559640872168,0.695739121362654,0.586518473147759,0.562045086752658,0.552408644889324,0.626412525322509,0.558173929777111,3847,3547,2339,2321,"P2b",780
315,0.158609477349793,0.345086029598782,0.11322,0.8,4000,0.96575,0.591,0.135363790186125,0.0325719120135364,0.929930772310803,0.740372045843805,0.75422548993283,0.719636377366501,0.826930107423387,0.743309790985133,3863,3271,2364,2287,"P2b",780
436,0.141577448283716,0.341634174947562,0.11322,-0.8,4000,0.97325,0.642,0.129283489096573,0.0424454828660436,-0.982369843564996,-0.731659898696551,-0.741445604536069,-0.698421661925895,-0.834290395057447,-0.720992540756781,3893,3212,2568,2459,"P2b",789
436,0.141577448283716,0.341634174947562,0.11322,-0.6,4000,0.97325,0.625,0.0456,0.0096,-0.725426916278293,-0.585104998584776,-0.543950421549966,-0.531636954818068,-0.617129514413427,-0.526331201750042,3893,3559,2500,2476,"P2b",789
436,0.141577448283716,0.341634174947562,0.11322,-0.4,4000,0.9715,0.6245,0.0156124899919936,0.00240192153722978,-0.514382206082451,-0.420159739916899,-0.378166908647203,-0.37402675598745,-0.426993620443528,-0.364074206487804,3886,3719,2498,2492,"P2b",789
436,0.141577448283716,0.341634174947562,0.11322,-0.2,4000,0.9725,0.6465,0.00116009280742459,0,-0.244604771502392,-0.213682201200304,-0.173617066043628,-0.173595939969568,-0.202595549784499,-0.170463203740642,3890,3814,2586,2586,"P2b",789
436,0.141577448283716,0.341634174947562,0.11322,0,4000,0.9695,0.64025,0.000390472471690746,0,-0.0188867540656502,-0.0120208368254028,0.010780308448282,0.0107971808080037,0.00290107346476416,0.0161733290074283,3878,3851,2561,2561,"P2b",789
436,0.141577448283716,0.341634174947562,0.11322,0.2,4000,0.96575,0.62725,0.000797130330809087,0,0.222803433360669,0.209859901780957,0.203160715953703,0.203098067818738,0.206321450213863,0.201234726263544,3863,3825,2509,2509,"P2b",789
436,0.141577448283716,0.341634174947562,0.11322,0.4,4000,0.97175,0.62575,0.00639232920495406,0.000399520575309628,0.448050998565775,0.407010125505989,0.384299305908922,0.383382384495011,0.41755707115849,0.384995594213903,3887,3791,2503,2502,"P2b",789
436,0.141577448283716,0.341634174947562,0.11322,0.6,4000,0.9685,0.63075,0.0325009908838684,0.00396353547364249,0.682608174563889,0.601493281688159,0.574311801515855,0.568139217992762,0.624324722683435,0.571688830134437,3874,3650,2523,2513,"P2b",789
436,0.141577448283716,0.341634174947562,0.11322,0.8,4000,0.97675,0.62975,0.140928940055578,0.0297737197300516,0.916087991031771,0.76064490869821,0.771516742675469,0.738576562038761,0.829468082386582,0.764960225496954,3907,3410,2519,2444,"P2b",789
247,0.141548096056165,0.34202959088917,0.11322,-0.8,4000,0.91575,0.41775,0.110712148414123,0.0365050867743866,-1.15639179475377,-0.68053793576684,-0.675755525504237,-0.636009922721576,-0.848499499739957,-0.666413912011716,3663,2803,1671,1610,"P2b",824
247,0.141548096056165,0.34202959088917,0.11322,-0.6,4000,0.91925,0.4245,0.0424028268551237,0.0141342756183746,-0.770858541442806,-0.52665928099141,-0.488217530867937,-0.470790919803518,-0.603384529031283,-0.481650092259007,3677,3157,1698,1674,"P2b",824
247,0.141548096056165,0.34202959088917,0.11322,-0.4,4000,0.921,0.4215,0.0195729537366548,0.00474495848161329,-0.536428427457852,-0.382681524917913,-0.325862195328393,-0.317940656302926,-0.416480671144046,-0.308208934294138,3684,3379,1686,1678,"P2b",824
247,0.141548096056165,0.34202959088917,0.11322,-0.2,4000,0.916,0.4285,0.00816802800466744,0.00058343057176196,-0.302678919421198,-0.202450205950402,-0.148232218031513,-0.146852950177622,-0.204807039029657,-0.134769579370077,3664,3477,1714,1713,"P2b",824
247,0.141548096056165,0.34202959088917,0.11322,0,4000,0.92175,0.433,0.00173210161662818,0.000577367205542725,-0.0387897589898421,-0.00880492340294732,0.0327861235068619,0.0334648682283773,0.0121353162936127,0.048676027120243,3687,3582,1732,1731,"P2b",824
247,0.141548096056165,0.34202959088917,0.11322,0.2,4000,0.923,0.42575,0.00234879624192601,0,0.227274037668691,0.202152342729116,0.200341887372799,0.20009031530753,0.219103666021712,0.203062095370756,3692,3581,1703,1703,"P2b",824
247,0.141548096056165,0.34202959088917,0.11322,0.4,4000,0.93075,0.42,0.0113095238095238,0.00357142857142857,0.483013574667043,0.391308590279421,0.37579181032741,0.371258040817319,0.4311464801967,0.387671832674009,3723,3518,1680,1674,"P2b",824
247,0.141548096056165,0.34202959088917,0.11322,0.6,4000,0.91775,0.43925,0.0495162208309619,0.0102447353443369,0.717735764633642,0.562341592227311,0.539641283355801,0.52668230164678,0.62913389100951,0.535087947723562,3671,3313,1757,1739,"P2b",824
247,0.141548096056165,0.34202959088917,0.11322,0.8,4000,0.922,0.42675,0.132396016403046,0.0298769771528998,0.981579268120111,0.709044598061166,0.718368927312648,0.682778252920672,0.835961663134288,0.709994868142012,3688,2999,1707,1656,"P2b",824
282,0.216044069846257,0.341871867033468,0.11322,-0.8,4000,0.98825,0.734,0.150885558583106,0.0650544959128065,-0.942987422639632,-0.735655757981328,-0.77802498797632,-0.715036533460204,-0.840088486193035,-0.761251608349292,3953,3281,2936,2745,"P2b",875
282,0.216044069846257,0.341871867033468,0.11322,-0.6,4000,0.9895,0.735,0.0595238095238095,0.0200680272108844,-0.708043070942907,-0.589514017683212,-0.580494684933443,-0.557669793329996,-0.623877025737504,-0.559826281014626,3958,3604,2940,2881,"P2b",875
282,0.216044069846257,0.341871867033468,0.11322,-0.4,4000,0.98725,0.73225,0.0211676340047798,0.00409696142027996,-0.477354476105926,-0.422272965796216,-0.388887889208786,-0.382796742876577,-0.416715096923174,-0.377346732370377,3949,3810,2929,2917,"P2b",875
282,0.216044069846257,0.341871867033468,0.11322,-0.2,4000,0.9905,0.734,0.00408719346049046,0.00102179836512262,-0.248637882618439,-0.22092533711892,-0.186840383914285,-0.185475683335763,-0.211086366593336,-0.181352591460418,3962,3899,2936,2933,"P2b",875
282,0.216044069846257,0.341871867033468,0.11322,0,4000,0.989,0.7325,0.00102389078498294,0,-0.0263385014980393,-0.0155561627414488,0.00655651059104416,0.00669854219930987,-0.00517998187257173,0.0134222055995371,3956,3927,2930,2930,"P2b",875
282,0.216044069846257,0.341871867033468,0.11322,0.2,4000,0.9885,0.74275,0.001346348030966,0,0.201844241171979,0.197194851618244,0.201705136917317,0.201590493278796,0.21133444159493,0.211980438334971,3954,3927,2971,2971,"P2b",875
282,0.216044069846257,0.341871867033468,0.11322,0.4,4000,0.99025,0.742,0.01044474393531,0.00134770889487871,0.437268330686271,0.411919015055799,0.398927379557714,0.396773058415816,0.425862373909292,0.403021113714625,3961,3883,2968,2964,"P2b",875
282,0.216044069846257,0.341871867033468,0.11322,0.6,4000,0.9875,0.7285,0.0459849004804393,0.00583390528483185,0.66097317747487,0.605171264596634,0.59653361220677,0.587710691220207,0.629013025280327,0.591274550720026,3950,3779,2914,2897,"P2b",875
282,0.216044069846257,0.341871867033468,0.11322,0.8,4000,0.988,0.74175,0.154364678126053,0.0438153016514998,0.892672684379479,0.762409805242191,0.793539832614572,0.75079359704157,0.832022652484116,0.783052785716758,3952,3480,2967,2837,"P2b",875
596,0.141098405763063,0.335324746958453,0.11322,-0.8,4000,0.98575,0.7395,0.141649763353617,0.0425963488843813,-0.963946731547204,-0.755158843203722,-0.775932174653684,-0.73305833817335,-0.828067570283422,-0.75805580786207,3943,3372,2958,2832,"P2b",918
596,0.141098405763063,0.335324746958453,0.11322,-0.6,4000,0.9875,0.7455,0.0385647216633132,0.0103957075788062,-0.690539557455355,-0.60365111574944,-0.580473953370266,-0.569176454793852,-0.621213647788412,-0.568851870678368,3950,3703,2982,2951,"P2b",918
596,0.141098405763063,0.335324746958453,0.11322,-0.4,4000,0.98725,0.747,0.0070281124497992,0.00133868808567604,-0.464463836818398,-0.421457921230952,-0.381444885807105,-0.379535586800248,-0.417726184912248,-0.374488932880878,3949,3847,2988,2984,"P2b",918
596,0.141098405763063,0.335324746958453,0.11322,-0.2,4000,0.989,0.74425,0.00134363453140746,0.000335908632851864,-0.237908447460913,-0.222796519186356,-0.189046380516809,-0.188553987753815,-0.204652773342319,-0.178208502399859,3956,3924,2977,2976,"P2b",918
596,0.141098405763063,0.335324746958453,0.11322,0,4000,0.98675,0.74,0,0,-0.0187078616487851,-0.0130262720041029,-0.000720365804389515,-0.000720365804389515,-0.00367427326603644,0.00509565840886879,3947,3931,2960,2960,"P2b",918
596,0.141098405763063,0.335324746958453,0.11322,0.2,4000,0.9895,0.75125,0.000665557404326123,0,0.204938042896237,0.199844736605569,0.199975427047598,0.199921070494777,0.203292152003125,0.20168014152904,3958,3942,3005,3005,"P2b",918
596,0.141098405763063,0.335324746958453,0.11322,0.4,4000,0.98825,0.75325,0.00199137072685032,0,0.440969905667544,0.416564781642198,0.394539194271306,0.394351414054837,0.410838954705895,0.392041155984869,3953,3904,3013,3013,"P2b",918
596,0.141098405763063,0.335324746958453,0.11322,0.6,4000,0.9865,0.742,0.0357142857142857,0.00269541778975741,0.660610679261839,0.613767353119352,0.588464098016476,0.58339740282872,0.619471296514145,0.578227652214719,3946,3813,2968,2960,"P2b",918
596,0.141098405763063,0.335324746958453,0.11322,0.8,4000,0.986,0.749,0.139185580774366,0.0223631508678238,0.893791303290188,0.774246269099524,0.782171919458886,0.755061608088665,0.822267970369046,0.774078534029046,3944,3561,2996,2929,"P2b",918
326,0.197562600204437,0.543425347200038,0.11322,-0.8,4000,0.988,0.76825,0.147738366417182,0.039375203384315,-0.918520767874908,-0.760255440912906,-0.780505889885077,-0.7413479364451,-0.831907978834506,-0.768125720595298,3952,3418,3073,2952,"P2b",922
326,0.197562600204437,0.543425347200038,0.11322,-0.6,4000,0.989,0.75225,0.0352276503821868,0.00398803589232303,-0.685852962183651,-0.610295414764443,-0.57855364644326,-0.572052812629621,-0.621563847937396,-0.570900911394371,3956,3744,3009,2997,"P2b",922
326,0.197562600204437,0.543425347200038,0.11322,-0.4,4000,0.98825,0.75325,0.00829737802854298,0.000663790242283438,-0.463982014935841,-0.428703659643729,-0.387034803218607,-0.38567501016593,-0.415497879727598,-0.372906152802758,3953,3870,3013,3011,"P2b",922
326,0.197562600204437,0.543425347200038,0.11322,-0.2,4000,0.9835,0.75425,0.00132582035134239,0,-0.240380295785766,-0.229032644752638,-0.193726573598637,-0.193662680889133,-0.21789911732372,-0.188788305300827,3934,3909,3017,3017,"P2b",922
326,0.197562600204437,0.543425347200038,0.11322,0,4000,0.9855,0.749,0,0,-0.0188625331659011,-0.0145820101794987,-6.75500911968208e-05,-6.75500911968208e-05,-0.0076510230526653,0.00634215683826771,3942,3927,2996,2996,"P2b",922
326,0.197562600204437,0.543425347200038,0.11322,0.2,4000,0.987,0.74675,0,0,0.222230058269665,0.210957627958686,0.204843673130205,0.204843673130205,0.21202685671864,0.205887451479392,3948,3925,2987,2987,"P2b",922
326,0.197562600204437,0.543425347200038,0.11322,0.4,4000,0.986,0.7445,0.00369375419744795,0,0.443720952289606,0.420630473896795,0.398122346626835,0.397882898967751,0.421707175976927,0.397052358527851,3944,3893,2978,2978,"P2b",922
326,0.197562600204437,0.543425347200038,0.11322,0.6,4000,0.98775,0.75975,0.0282987824942415,0.000658111220796315,0.657031818995282,0.61068296451164,0.589270117000067,0.586255536136308,0.616671068473225,0.585386841192708,3951,3817,3039,3037,"P2b",922
326,0.197562600204437,0.543425347200038,0.11322,0.8,4000,0.98875,0.767,0.125488917861799,0.0176010430247718,0.881475176215911,0.779959553674338,0.784013275841265,0.762767347408401,0.820766537537735,0.778847074687722,3955,3609,3068,3014,"P2b",922
135,0.141551489423837,0.991722496939392,0.11322,-0.8,4000,0.85725,0.32025,0.063231850117096,0.0078064012490242,-0.998571054508403,-0.667468816060992,-0.609577255049089,-0.597957964860956,-0.774673355024008,-0.599760922703943,3429,2792,1281,1271,"P2b",942
135,0.141551489423837,0.991722496939392,0.11322,-0.6,4000,0.854,0.3135,0.0127591706539075,0.00398724082934609,-0.728965185961155,-0.532268621368467,-0.448318102036769,-0.443684290843904,-0.59104938632382,-0.441967745716784,3416,3031,1254,1249,"P2b",942
135,0.141551489423837,0.991722496939392,0.11322,-0.4,4000,0.847,0.29775,0.00335852225020991,0.00167926112510495,-0.496320944698008,-0.372385572007373,-0.287107180060059,-0.285109737210033,-0.397612571050503,-0.289927888332006,3388,3147,1191,1189,"P2b",942
135,0.141551489423837,0.991722496939392,0.11322,-0.2,4000,0.843,0.2985,0,0.000837520938023451,-0.2600825846988,-0.197444072603409,-0.128430735222038,-0.127411603695418,-0.193709017225116,-0.125404394764233,3372,3270,1194,1193,"P2b",942
135,0.141551489423837,0.991722496939392,0.11322,0,4000,0.855,0.30075,0,0,-0.0198034983486537,0.00135543965960074,0.017272343711208,0.017272343711208,0.00285432477052666,0.00908962541656517,3420,3323,1203,1203,"P2b",942
135,0.141551489423837,0.991722496939392,0.11322,0.2,4000,0.85275,0.30075,0.000831255195344971,0,0.237128668605366,0.194032390228836,0.193740735165521,0.193630692645245,0.208820500131097,0.194995701895185,3411,3316,1203,1203,"P2b",942
135,0.141551489423837,0.991722496939392,0.11322,0.4,4000,0.846,0.32125,0.00311284046692607,0,0.478719500396653,0.377068198624982,0.334172420281058,0.333943340848578,0.39836506737111,0.330844809277801,3384,3191,1285,1285,"P2b",942
135,0.141551489423837,0.991722496939392,0.11322,0.6,4000,0.85125,0.301,0.01578073089701,0.000830564784053156,0.733398943457087,0.560911662612764,0.498266935238,0.496075733421113,0.601969745113343,0.504431705816568,3405,3099,1204,1203,"P2b",942
135,0.141551489423837,0.991722496939392,0.11322,0.8,4000,0.84775,0.31375,0.0669322709163347,0.00239043824701195,0.951168999874285,0.708537768080683,0.660474128216271,0.652792573923965,0.800497826193106,0.668693885171336,3391,2855,1255,1252,"P2b",942
79,0.476366009873855,2.00948135786201,0.11322,-0.8,4000,0.9915,0.81825,0.150015276504736,0.0186373357775741,-0.892829051036651,-0.789298259151911,-0.798518215416212,-0.77489904179279,-0.836393746016052,-0.796267065518187,3966,3622,3273,3212,"P2b",957
79,0.476366009873855,2.00948135786201,0.11322,-0.6,4000,0.9925,0.8135,0.0350338045482483,0.00122925629993854,-0.669322509750602,-0.617267851458513,-0.594935547760218,-0.591378332030471,-0.624847215177947,-0.593745286849434,3970,3832,3254,3250,"P2b",957
79,0.476366009873855,2.00948135786201,0.11322,-0.4,4000,0.99075,0.80675,0.00650759219088937,0.000309885342423303,-0.456803962180176,-0.430855924081446,-0.403947880548455,-0.403245837477797,-0.425869861151211,-0.399268785830881,3963,3898,3227,3226,"P2b",957
79,0.476366009873855,2.00948135786201,0.11322,-0.2,4000,0.99025,0.82475,0.000303122158229767,0,-0.22715319241654,-0.2157350022225,-0.197685387598581,-0.19767610178633,-0.20923212122055,-0.193152512019367,3961,3938,3299,3299,"P2b",957
79,0.476366009873855,2.00948135786201,0.11322,0,4000,0.99075,0.82,0,0,-0.0100442630076238,-0.010146508829374,-0.00123213232263641,-0.00123213232263641,-0.00453465316310691,0.000671965695912685,3963,3961,3280,3280,"P2b",957
79,0.476366009873855,2.00948135786201,0.11322,0.2,4000,0.99225,0.823,0,0,0.210252100242117,0.205915769106211,0.200190589877845,0.200190589877845,0.208090418855239,0.200408122997849,3969,3958,3292,3292,"P2b",957
79,0.476366009873855,2.00948135786201,0.11322,0.4,4000,0.99325,0.80925,0.00185356811862836,0,0.435318910455231,0.422058881065733,0.405751679559225,0.405648115450999,0.424770119408746,0.413059842690122,3973,3944,3237,3237,"P2b",957
79,0.476366009873855,2.00948135786201,0.11322,0.6,4000,0.99175,0.81875,0.0225954198473282,0.000610687022900763,0.651534441364506,0.61825276672042,0.598674902449842,0.59658042721598,0.621318236243165,0.596316438512801,3967,3883,3275,3273,"P2b",957
79,0.476366009873855,2.00948135786201,0.11322,0.8,4000,0.992,0.81175,0.129350169387127,0.00708346165691407,0.885054533481084,0.804101002505091,0.80583287495994,0.791759719270313,0.835119290077816,0.807084242797903,3968,3703,3247,3224,"P2b",957
158,0.204030698961454,0.344705957680553,0.11322,-0.8,4000,0.942,0.4455,0.123456790123457,0.0684624017957351,-1.05134483561922,-0.674987018232032,-0.702836941486095,-0.633120709952809,-0.846261613922644,-0.680037878482184,3768,2857,1782,1660,"P2b",990
158,0.204030698961454,0.344705957680553,0.11322,-0.6,4000,0.93775,0.43725,0.0583190394511149,0.0205831903945112,-0.804810333349778,-0.538324828235762,-0.505540857531994,-0.481244183880489,-0.641198056601448,-0.495594590879897,3751,3150,1749,1713,"P2b",990
158,0.204030698961454,0.344705957680553,0.11322,-0.4,4000,0.938,0.449,0.0178173719376392,0.0044543429844098,-0.555632863405076,-0.363071872951214,-0.322229202028282,-0.31553648724843,-0.415563964597228,-0.319634620752997,3752,3426,1796,1788,"P2b",990
158,0.204030698961454,0.344705957680553,0.11322,-0.2,4000,0.94175,0.452,0.00719026548672566,0.00110619469026549,-0.280063734939637,-0.192880272170136,-0.14657461063516,-0.144351211119276,-0.211204530936028,-0.141909053296761,3767,3577,1808,1806,"P2b",990
158,0.204030698961454,0.344705957680553,0.11322,0,4000,0.93025,0.44125,0.00396600566572238,0,-0.0331213926063654,0.0024607653494742,0.039113918578292,0.039328095136217,0.00957724376462958,0.0587610990144821,3721,3611,1765,1765,"P2b",990
158,0.204030698961454,0.344705957680553,0.11322,0.2,4000,0.93925,0.43725,0.00457404230989137,0.000571755288736421,0.217042605418905,0.199357753351288,0.215511105488512,0.214729185185973,0.21870502474527,0.212499718093249,3757,3613,1749,1748,"P2b",990
158,0.204030698961454,0.344705957680553,0.11322,0.4,4000,0.93275,0.445,0.0241573033707865,0.00561797752808989,0.480170621207603,0.385359966054668,0.392399902591285,0.38470570602076,0.437728396770443,0.402934881257813,3731,3490,1780,1770,"P2b",990
158,0.204030698961454,0.344705957680553,0.11322,0.6,4000,0.93775,0.45075,0.0593455352190793,0.0138657792567942,0.722779390562001,0.556187826863332,0.565619813575137,0.549042870375172,0.635965941212034,0.56408611285206,3751,3338,1803,1778,"P2b",990
158,0.204030698961454,0.344705957680553,0.11322,0.8,4000,0.94125,0.43775,0.146202170188464,0.0434037692747002,0.991134976726926,0.707940209085074,0.739843806527774,0.695052498450944,0.860682134110991,0.729769630954509,3765,2970,1751,1675,"P2b",990
190,0.142299674877253,0.581426082517443,0.11322,-0.8,4000,0.89425,0.37675,0.0756469807564698,0.0192435301924353,-1.02321435850994,-0.678708103594128,-0.639321230472783,-0.617868712908116,-0.812437680309963,-0.633955644416875,3577,2799,1507,1478,"P2b",1002
190,0.142299674877253,0.581426082517443,0.11322,-0.6,4000,0.892,0.37325,0.0334896182183523,0.0087073007367716,-0.727925149323686,-0.541646291666343,-0.485938213913929,-0.474844576402749,-0.607969680832699,-0.477005385168655,3568,3135,1493,1480,"P2b",1002
190,0.142299674877253,0.581426082517443,0.11322,-0.4,4000,0.898,0.389,0.0096401028277635,0.0006426735218509,-0.495955892493724,-0.377424421371749,-0.300955860869328,-0.299580075968961,-0.401604183150383,-0.293917923048414,3592,3335,1556,1555,"P2b",1002
190,0.142299674877253,0.581426082517443,0.11322,-0.2,4000,0.899,0.375,0.004,0.000666666666666667,-0.257315028930701,-0.198802025533362,-0.14975564740319,-0.148567309982069,-0.199086925894401,-0.144746436713054,3596,3486,1500,1499,"P2b",1002
190,0.142299674877253,0.581426082517443,0.11322,0,4000,0.902,0.381,0.00131233595800525,0,-0.00903963289491922,0.00371819336936538,0.0367939252160213,0.0367954376889535,0.0120161525215658,0.0451377252271892,3608,3520,1524,1524,"P2b",1002
190,0.142299674877253,0.581426082517443,0.11322,0.2,4000,0.89025,0.379,0.00131926121372032,0,0.213342965150846,0.19065077967719,0.1770505639601,0.176967839851479,0.210462320426934,0.183499406711561,3561,3473,1516,1516,"P2b",1002
190,0.142299674877253,0.581426082517443,0.11322,0.4,4000,0.8925,0.39125,0.00447284345047923,0,0.484226923063898,0.393968230865133,0.351837772514297,0.351544052724378,0.425809271709748,0.365376209351946,3570,3395,1565,1565,"P2b",1002
190,0.142299674877253,0.581426082517443,0.11322,0.6,4000,0.895,0.37275,0.0207914151576123,0.00201207243460765,0.723925734017349,0.571184148987295,0.526601282432169,0.523608683524065,0.625558753532501,0.530288942326607,3580,3245,1491,1488,"P2b",1002
190,0.142299674877253,0.581426082517443,0.11322,0.8,4000,0.8815,0.37225,0.0873069173942243,0.0107454667562122,0.970848826364747,0.720729637108485,0.68971965288961,0.674445692979746,0.823682607554009,0.687733148358342,3526,2916,1489,1473,"P2b",1002
152,0.169080617045717,0.339688904981524,0.11322,-0.8,4000,0.89875,0.33975,0.101545253863135,0.0441501103752759,-1.05433811267681,-0.618718416483216,-0.618142051435152,-0.570021124025917,-0.817478413346603,-0.603995316842114,3595,2658,1359,1299,"P2b",1020
152,0.169080617045717,0.339688904981524,0.11322,-0.6,4000,0.9045,0.351,0.0462962962962963,0.014957264957265,-0.883236572097128,-0.497122411930824,-0.443452056821625,-0.423393079092071,-0.626711596013829,-0.431993734280928,3618,3009,1404,1383,"P2b",1020
152,0.169080617045717,0.339688904981524,0.11322,-0.4,4000,0.8975,0.3415,0.0183016105417277,0.00366032210834553,-0.583854661680539,-0.3438690788578,-0.28261456319471,-0.27675861804175,-0.408434779834705,-0.259820021554473,3590,3203,1366,1361,"P2b",1020
152,0.169080617045717,0.339688904981524,0.11322,-0.2,4000,0.8995,0.33825,0.00517368810051737,0,-0.354708554967953,-0.173600831127069,-0.116169020967158,-0.115814711297201,-0.201638403826329,-0.118217194377615,3598,3354,1353,1353,"P2b",1020
152,0.169080617045717,0.339688904981524,0.11322,0,4000,0.899,0.331,0.00377643504531722,0.000755287009063444,-0.0586652198322535,-0.00577750827343656,0.0314805246359254,0.0305553082576694,-0.00249066570479646,0.0271576008347773,3596,3418,1324,1323,"P2b",1020
152,0.169080617045717,0.339688904981524,0.11322,0.2,4000,0.89,0.33875,0.00738007380073801,0.000738007380073801,0.193414262208057,0.179020093951722,0.210497669026042,0.209167873107565,0.212523693990113,0.218159688950654,3560,3374,1355,1354,"P2b",1020
152,0.169080617045717,0.339688904981524,0.11322,0.4,4000,0.896,0.344,0.0210755813953488,0.00290697674418605,0.480407036300084,0.374131282262432,0.376815740987205,0.372177236053876,0.436652857638875,0.382142463951405,3584,3304,1376,1372,"P2b",1020
152,0.169080617045717,0.339688904981524,0.11322,0.6,4000,0.8975,0.33375,0.050936329588015,0.0127340823970037,0.761372424605508,0.527338690429245,0.523875234585391,0.508032844669927,0.6325809527972,0.523814149345784,3590,3077,1335,1318,"P2b",1020
152,0.169080617045717,0.339688904981524,0.11322,0.8,4000,0.8965,0.34475,0.12545322697607,0.0362581580855693,1.02156994148995,0.675124704658519,0.706319569808618,0.667535723975177,0.838918830870194,0.711321228589973,3586,2808,1379,1329,"P2b",1020
124,0.254135713365729,0.342758182175294,0.11322,-0.8,4000,0.93675,0.42775,0.122735242548217,0.0566919929865576,-1.08100872342321,-0.670680040654856,-0.690182787677879,-0.631022201377785,-0.867059245804809,-0.673189867895261,3747,2783,1711,1614,"P2b",1031
124,0.254135713365729,0.342758182175294,0.11322,-0.6,4000,0.9405,0.44025,0.0658716638273708,0.0272572402044293,-0.786274795223552,-0.530609484199592,-0.515198237093758,-0.483019952943387,-0.645385641161505,-0.494654433077688,3762,3144,1761,1713,"P2b",1031
124,0.254135713365729,0.342758182175294,0.11322,-0.4,4000,0.94025,0.445,0.0174157303370787,0.0050561797752809,-0.528398866663492,-0.369565458832385,-0.313830249494698,-0.306353529786146,-0.431777151342715,-0.314404210664934,3761,3426,1780,1771,"P2b",1031
124,0.254135713365729,0.342758182175294,0.11322,-0.2,4000,0.94425,0.44475,0.00674536256323777,0.00112422709387296,-0.303097570941822,-0.204886009328002,-0.150189326917082,-0.148239519418731,-0.22341205327671,-0.145043964909657,3777,3584,1779,1777,"P2b",1031
124,0.254135713365729,0.342758182175294,0.11322,0,4000,0.94225,0.44425,0.00675295441755768,0.00056274620146314,-0.0531213841182759,-0.0133891348252547,0.0353604076023839,0.0362863626504987,-0.00407661814071004,0.0418988962414443,3769,3622,1777,1776,"P2b",1031
124,0.254135713365729,0.342758182175294,0.11322,0.2,4000,0.9505,0.44,0.0113636363636364,0.000568181818181818,0.200242832725651,0.187969770386026,0.21161047342196,0.210379723298327,0.210110324416178,0.221639191789656,3802,3677,1760,1759,"P2b",1031
124,0.254135713365729,0.342758182175294,0.11322,0.4,4000,0.951,0.45225,0.0348258706467662,0.00497512437810945,0.489014883812842,0.39196135223476,0.406852535399326,0.399116468745481,0.444069028814886,0.406585798818606,3804,3557,1809,1800,"P2b",1031
124,0.254135713365729,0.342758182175294,0.11322,0.6,4000,0.94575,0.44875,0.0752089136490251,0.0116991643454039,0.739433199384593,0.560608384256494,0.566914252607141,0.550777447586284,0.643093328213377,0.55788841617456,3783,3337,1795,1774,"P2b",1031
124,0.254135713365729,0.342758182175294,0.11322,0.8,4000,0.94225,0.44875,0.144289693593315,0.0473537604456825,1.03520462462532,0.713870764202114,0.751480261218544,0.705073424927903,0.864714947997253,0.758506152983573,3769,2959,1795,1710,"P2b",1031
255,0.141823977004721,0.343192853222031,0.11322,-0.8,4000,0.928,0.43725,0.114922813036021,0.0428816466552316,-1.01683433812148,-0.675277331678979,-0.672473363698974,-0.625463059245919,-0.839584722569558,-0.656331652730612,3712,2851,1749,1674,"P2b",1106
255,0.141823977004721,0.343192853222031,0.11322,-0.6,4000,0.91825,0.44075,0.0431083380601248,0.0119115144639818,-0.804242582392048,-0.538752697365759,-0.492210286374169,-0.477190093566294,-0.617534648264387,-0.477633009092891,3673,3174,1763,1742,"P2b",1106
255,0.141823977004721,0.343192853222031,0.11322,-0.4,4000,0.92525,0.4245,0.0159010600706714,0.00353356890459364,-0.526702040147038,-0.381328768421854,-0.316537209908025,-0.311550309041695,-0.415994685833179,-0.305363990267674,3701,3410,1698,1692,"P2b",1106
255,0.141823977004721,0.343192853222031,0.11322,-0.2,4000,0.9295,0.44775,0.0033500837520938,0.0016750418760469,-0.269771031418699,-0.190521735866131,-0.1401562696608,-0.137815627296487,-0.194469965750273,-0.135299364613129,3718,3586,1791,1788,"P2b",1106
255,0.141823977004721,0.343192853222031,0.11322,0,4000,0.9255,0.43175,0.000579038795599305,0.000579038795599305,-0.0132873038840726,0.00301602212129838,0.0304428284553095,0.0313459650922997,0.011034484409805,0.0423986422779561,3702,3612,1727,1726,"P2b",1106
255,0.141823977004721,0.343192853222031,0.11322,0.2,4000,0.925,0.43525,0.00114876507754164,0,0.257151700346852,0.210239983740216,0.203189800144072,0.203126882552897,0.228155363954807,0.215466444244566,3700,3583,1741,1741,"P2b",1106
255,0.141823977004721,0.343192853222031,0.11322,0.4,4000,0.9255,0.44275,0.0101637492941841,0.00225861095426313,0.464553344163724,0.385040595191756,0.367120888950158,0.363731037868588,0.408487782160449,0.369308216984196,3702,3532,1771,1767,"P2b",1106
255,0.141823977004721,0.343192853222031,0.11322,0.6,4000,0.9255,0.437,0.0440503432494279,0.0097254004576659,0.731226196192933,0.561300922662192,0.541026915673411,0.528706442426779,0.618880413985923,0.527359034109033,3702,3317,1748,1731,"P2b",1106
255,0.141823977004721,0.343192853222031,0.11322,0.8,4000,0.932,0.44,0.132386363636364,0.0363636363636364,0.955608923406817,0.712104639550786,0.728192359142904,0.689473748999516,0.830806335429055,0.716324900948651,3728,3039,1760,1696,"P2b",1106
213,0.141691688162327,0.519316754726372,0.11322,-0.8,4000,0.90875,0.41,0.0810975609756098,0.0274390243902439,-0.968355400122944,-0.679694036498664,-0.654506774938553,-0.626696991409109,-0.796701049365637,-0.641431550018905,3635,2922,1640,1595,"P2b",1178
213,0.141691688162327,0.519316754726372,0.11322,-0.6,4000,0.901,0.397,0.0226700251889169,0.00692695214105793,-0.754934933605009,-0.539554591021431,-0.471409519724888,-0.462839100272187,-0.597374898903242,-0.463422201007169,3604,3161,1588,1577,"P2b",1178
213,0.141691688162327,0.519316754726372,0.11322,-0.4,4000,0.90725,0.41625,0.0102102102102102,0.0018018018018018,-0.510824552490979,-0.388555332819303,-0.318476285593246,-0.315509886161982,-0.40808998391915,-0.300243135005252,3629,3416,1665,1662,"P2b",1178
213,0.141691688162327,0.519316754726372,0.11322,-0.2,4000,0.9075,0.41,0.00304878048780488,0,-0.275012197131084,-0.192246506211883,-0.141111342592274,-0.14093497123729,-0.18529578802491,-0.121738844894775,3630,3499,1640,1640,"P2b",1178
213,0.141691688162327,0.519316754726372,0.11322,0,4000,0.90775,0.405,0.000617283950617284,0,-0.0259715162989832,0.00123876648795667,0.0350522450466699,0.0350195355516767,0.0106436592580905,0.0325536239147785,3631,3556,1620,1620,"P2b",1178
213,0.141691688162327,0.519316754726372,0.11322,0.2,4000,0.90775,0.4125,0.00121212121212121,0,0.231629565694755,0.202396925540891,0.208566345267679,0.208527427977575,0.214723270416222,0.206738284423073,3631,3544,1650,1650,"P2b",1178
213,0.141691688162327,0.519316754726372,0.11322,0.4,4000,0.90225,0.4075,0.00674846625766871,0.00122699386503067,0.494423350042946,0.390509145578122,0.353719981634305,0.352055015674204,0.414010516452335,0.354907929560145,3609,3453,1630,1628,"P2b",1178
213,0.141691688162327,0.519316754726372,0.11322,0.6,4000,0.91075,0.41075,0.0273889227023737,0.00365185636031649,0.703842479769481,0.561804814426228,0.509469498794586,0.504455790915482,0.615842582869111,0.508415083473053,3643,3313,1643,1637,"P2b",1178
213,0.141691688162327,0.519316754726372,0.11322,0.8,4000,0.9015,0.41,0.0871951219512195,0.0231707317073171,0.93885201628177,0.715163797450654,0.699654205437863,0.676282688169034,0.81459480721441,0.699244075329876,3606,2993,1640,1602,"P2b",1178
250,0.141342715422195,0.34222703109042,0.11322,-0.8,4000,0.92125,0.4365,0.100801832760596,0.0504009163802978,-1.04271440541864,-0.66550542251948,-0.671283142101026,-0.621087667690329,-0.836959039204791,-0.659596124705139,3685,2807,1746,1658,"P2b",1183
250,0.141342715422195,0.34222703109042,0.11322,-0.6,4000,0.91675,0.4155,0.0445246690734055,0.0114320096269555,-0.777621257362453,-0.534964358443593,-0.47967598208555,-0.465018740767776,-0.622701205417715,-0.466299587565128,3667,3147,1662,1643,"P2b",1183
250,0.141342715422195,0.34222703109042,0.11322,-0.4,4000,0.9245,0.40725,0.0122774708410068,0.00552486187845304,-0.550634634307291,-0.3768414776911,-0.307466893476292,-0.300229468319138,-0.418659014066836,-0.296194932288502,3698,3389,1629,1620,"P2b",1183
250,0.141342715422195,0.34222703109042,0.11322,-0.2,4000,0.9145,0.4305,0.00174216027874564,0,-0.265973604171339,-0.186409566944087,-0.137026242459103,-0.136729776408738,-0.19987919986266,-0.12881513762325,3658,3494,1722,1722,"P2b",1183
250,0.141342715422195,0.34222703109042,0.11322,0,4000,0.91625,0.4285,0.00175029171528588,0,-0.0139893990187947,-0.0027554447727552,0.033729113716523,0.0336993321768968,0.0130443955310706,0.0450491553313267,3665,3577,1714,1714,"P2b",1183
250,0.141342715422195,0.34222703109042,0.11322,0.2,4000,0.9175,0.4235,0.00295159386068477,0,0.227059860383016,0.201098471555627,0.203687574998926,0.203490126974794,0.213478992650296,0.21021266103921,3670,3573,1694,1694,"P2b",1183
250,0.141342715422195,0.34222703109042,0.11322,0.4,4000,0.926,0.42825,0.0204319906596614,0.000583771161704612,0.483610537543202,0.39888661007114,0.36962653079,0.367151898435865,0.419031367206543,0.360881341143581,3704,3503,1713,1712,"P2b",1183
250,0.141342715422195,0.34222703109042,0.11322,0.6,4000,0.92325,0.43475,0.0448533640023002,0.00805060379528465,0.710295201716573,0.561898585588301,0.54219143922713,0.5311105952267,0.625020276005823,0.538031086568893,3693,3311,1739,1725,"P2b",1183
250,0.141342715422195,0.34222703109042,0.11322,0.8,4000,0.92525,0.43375,0.121613832853026,0.0351585014409222,0.988643719317333,0.705179056281246,0.720944948300393,0.683701817882551,0.835828113525082,0.715369539111977,3701,2996,1735,1674,"P2b",1183
330,0.265533671750399,0.460162797709384,0.11322,-0.8,4000,0.99725,0.92075,0.166983437415151,0.0532174857453163,-0.863000983676205,-0.773317475994577,-0.818838385622646,-0.767795270275087,-0.818501853426581,-0.796858645084762,3989,3634,3683,3487,"P2b",1234
330,0.265533671750399,0.460162797709384,0.11322,-0.6,4000,0.9985,0.919,0.0552230685527748,0.0114254624591948,-0.663453747409404,-0.620744248915515,-0.622501793029752,-0.608111735125207,-0.627753404408272,-0.606766967295853,3994,3861,3676,3634,"P2b",1234
330,0.265533671750399,0.460162797709384,0.11322,-0.4,4000,0.999,0.9185,0.0100707675557975,0.00136091453456723,-0.44286376520155,-0.42452912798799,-0.410829371101783,-0.408855155740487,-0.414519786836695,-0.401941959150258,3996,3964,3674,3669,"P2b",1234
330,0.265533671750399,0.460162797709384,0.11322,-0.2,4000,0.99825,0.9175,0.00163487738419619,0,-0.224744540167897,-0.220898317757007,-0.210038526001943,-0.209887437993409,-0.210368091551103,-0.202346896413214,3993,3985,3670,3670,"P2b",1234
330,0.265533671750399,0.460162797709384,0.11322,0,4000,0.9985,0.91675,0,0.000272702481592582,-0.0187547979626289,-0.0158189631145085,-0.00720838938744647,-0.00685456616826277,-0.00715654737474346,-0.00166549919643433,3994,3987,3667,3666,"P2b",1234
330,0.265533671750399,0.460162797709384,0.11322,0.2,4000,0.99875,0.9225,0,0,0.200694155718774,0.199957415459993,0.197821886521768,0.197821886521768,0.201740333346009,0.201500182083262,3995,3993,3690,3690,"P2b",1234
330,0.265533671750399,0.460162797709384,0.11322,0.4,4000,0.99875,0.91775,0.00217924271315718,0.000272405339144647,0.421054367247567,0.414674172780852,0.407434625609162,0.407032852812773,0.413246068955858,0.407233063449164,3995,3978,3671,3670,"P2b",1234
330,0.265533671750399,0.460162797709384,0.11322,0.6,4000,0.99875,0.921,0.0371878393051032,0.00244299674267101,0.633161582489425,0.615719011696742,0.612758797716214,0.607460662134785,0.619889661906134,0.61075220826417,3995,3944,3684,3675,"P2b",1234
330,0.265533671750399,0.460162797709384,0.11322,0.8,4000,0.999,0.917,0.155398037077426,0.02453653217012,0.85703548993244,0.795758694538534,0.81768022564491,0.789930129496936,0.825404989920147,0.809772805464403,3996,3780,3668,3578,"P2b",1234
391,0.139849158289704,0.336383815653787,0.11322,-0.8,4000,0.9615,0.585,0.122222222222222,0.0452991452991453,-0.964123218093667,-0.714095105459665,-0.724052919649958,-0.678311596721594,-0.819998849412048,-0.704991940956928,3846,3127,2340,2234,"P2b",1237
391,0.139849158289704,0.336383815653787,0.11322,-0.6,4000,0.9615,0.57975,0.0560586459680897,0.0120741699008193,-0.747473507531178,-0.582575320050267,-0.547018608905334,-0.530820094408448,-0.630481318450265,-0.528200433550107,3846,3440,2319,2291,"P2b",1237
391,0.139849158289704,0.336383815653787,0.11322,-0.4,4000,0.962,0.5695,0.0149253731343284,0.004828797190518,-0.496937617919503,-0.406044685975482,-0.354712971963642,-0.348297092681189,-0.413845115792484,-0.337397287448893,3848,3658,2278,2267,"P2b",1237
391,0.139849158289704,0.336383815653787,0.11322,-0.2,4000,0.95875,0.58425,0.0047068891741549,0.000427899015832264,-0.268950254807116,-0.223699823060675,-0.176235899052904,-0.175365038125624,-0.213731007636231,-0.166193374008824,3835,3743,2337,2336,"P2b",1237
391,0.139849158289704,0.336383815653787,0.11322,0,4000,0.963,0.57025,0,0,-0.0134117094321647,-0.00387333364548837,0.0160423687146112,0.0160423687146112,0.00585341682869132,0.0214768500519218,3852,3806,2281,2281,"P2b",1237
391,0.139849158289704,0.336383815653787,0.11322,0.2,4000,0.9625,0.5845,0.00128314798973482,0,0.213042207393484,0.200409631430439,0.204942637385967,0.204769867920343,0.211232899326393,0.210699486002948,3850,3801,2338,2338,"P2b",1237
391,0.139849158289704,0.336383815653787,0.11322,0.4,4000,0.96125,0.588,0.00722789115646259,0.00127551020408163,0.463704169667636,0.409274344158824,0.379949066409031,0.378111951138308,0.417170810883147,0.379167838631367,3845,3732,2352,2349,"P2b",1237
391,0.139849158289704,0.336383815653787,0.11322,0.6,4000,0.96325,0.5765,0.0351257588898526,0.00650477016478751,0.70465771601813,0.590883739966414,0.56699601518742,0.55900968805444,0.626133796364492,0.562315572535669,3853,3574,2306,2291,"P2b",1237
391,0.139849158289704,0.336383815653787,0.11322,0.8,4000,0.95925,0.577,0.124783362218371,0.0285961871750433,0.938019100643749,0.750713679923742,0.758473214563953,0.729174565750365,0.834128351030374,0.75715787678143,3837,3276,2308,2242,"P2b",1237
483,0.140897781155483,0.525160546105213,0.11322,-0.8,4000,0.97575,0.67025,0.116374487131667,0.0164117866467736,-0.930835129289122,-0.761746632285246,-0.747321099350853,-0.726732916048586,-0.827423049541211,-0.739555463272663,3903,3368,2681,2637,"P2b",1244
483,0.140897781155483,0.525160546105213,0.11322,-0.6,4000,0.97725,0.66325,0.0294006784771956,0.00226159065209197,-0.701440990163293,-0.606673878493756,-0.560734970033648,-0.556607264189946,-0.619756096189497,-0.554085087874278,3909,3664,2653,2647,"P2b",1244
483,0.140897781155483,0.525160546105213,0.11322,-0.4,4000,0.97825,0.66525,0.00526118000751597,0,-0.477955648415413,-0.424270696683837,-0.367663072508516,-0.367071256039528,-0.417891422299712,-0.356777389742249,3913,3791,2661,2661,"P2b",1244
483,0.140897781155483,0.525160546105213,0.11322,-0.2,4000,0.9835,0.67625,0,0,-0.246049451574418,-0.22468247122713,-0.179702123071891,-0.179702123071891,-0.20715566445831,-0.174137905427792,3934,3884,2705,2705,"P2b",1244
483,0.140897781155483,0.525160546105213,0.11322,0,4000,0.977,0.665,0,0,-0.0173273903101546,-0.0130594635581148,0.00590980916536072,0.00590980916536072,-0.000492228806900878,0.014013406586606,3908,3900,2660,2660,"P2b",1244
483,0.140897781155483,0.525160546105213,0.11322,0.2,4000,0.9765,0.66025,0,0,0.217341881943826,0.210209106926255,0.195343165204331,0.195343165204331,0.207180328694968,0.198147788976492,3906,3891,2641,2641,"P2b",1244
483,0.140897781155483,0.525160546105213,0.11322,0.4,4000,0.97725,0.65625,0.00228571428571429,0.000380952380952381,0.448913277756404,0.416509446587923,0.386024198548866,0.385596239143278,0.413898111290199,0.388289298396446,3909,3837,2625,2624,"P2b",1244
483,0.140897781155483,0.525160546105213,0.11322,0.6,4000,0.979,0.66,0.0215909090909091,0.00151515151515152,0.689809375872686,0.619530878973362,0.582631633739368,0.580151386981683,0.626534548464743,0.58091742415648,3916,3722,2640,2636,"P2b",1244
483,0.140897781155483,0.525160546105213,0.11322,0.8,4000,0.971,0.6645,0.103461249059443,0.00978179082016554,0.921274947449066,0.775826874123421,0.76166229276236,0.747268916318656,0.825674979876654,0.759380148672573,3884,3454,2658,2632,"P2b",1244
318,0.233435173963494,0.56693479017687,0.11322,-0.8,4000,0.9945,0.84225,0.155832591273375,0.0415553576729,-0.888929562597529,-0.775481482513392,-0.804019191375156,-0.763434104318025,-0.82484313168249,-0.786127875042649,3978,3537,3369,3229,"P2b",1301
318,0.233435173963494,0.56693479017687,0.11322,-0.6,4000,0.99625,0.84825,0.0377247273798998,0.00618921308576481,-0.662617732318912,-0.611009368868442,-0.594535196869448,-0.586430944681823,-0.618377760766717,-0.587193869408457,3985,3837,3393,3372,"P2b",1301
318,0.233435173963494,0.56693479017687,0.11322,-0.4,4000,0.9955,0.85325,0.00820392616466452,0.000585994726047466,-0.453967735711692,-0.429168274401755,-0.403179848271308,-0.401974082793728,-0.41813729195072,-0.394431907890113,3982,3924,3413,3411,"P2b",1301
318,0.233435173963494,0.56693479017687,0.11322,-0.2,4000,0.99525,0.851,0.000587544065804935,0.000293772032902468,-0.237170166068253,-0.227119401034082,-0.200899732909865,-0.200500223419086,-0.211812746461948,-0.192685686804049,3981,3961,3404,3403,"P2b",1301
318,0.233435173963494,0.56693479017687,0.11322,0,4000,0.99475,0.85475,0,0,-0.0164651470138421,-0.0112633208331601,-0.00206844308801366,-0.00206844308801366,-0.00764019127922129,-0.00258381783384533,3979,3972,3419,3419,"P2b",1301
318,0.233435173963494,0.56693479017687,0.11322,0.2,4000,0.9925,0.8475,0.000294985250737463,0,0.211886578551481,0.210295319450086,0.205128950944644,0.20511040333618,0.211195499743077,0.207895810735633,3970,3964,3390,3390,"P2b",1301
318,0.233435173963494,0.56693479017687,0.11322,0.4,4000,0.996,0.85775,0.00262314194112504,0.00029146021568056,0.422034547134926,0.410525308253394,0.397704681612225,0.397248049598919,0.409892976673731,0.397082134859367,3984,3962,3431,3430,"P2b",1301
318,0.233435173963494,0.56693479017687,0.11322,0.6,4000,0.9955,0.85875,0.0250363901018923,0.00232896652110626,0.640090422411793,0.613868554269878,0.60064630246464,0.597039546236912,0.619223106988675,0.598155753876774,3982,3904,3435,3427,"P2b",1301
318,0.233435173963494,0.56693479017687,0.11322,0.8,4000,0.99425,0.84825,0.147951665193045,0.0173887415266726,0.874850920536801,0.795882461427545,0.807118679031069,0.784350860370873,0.827819113130156,0.800217331826961,3977,3714,3393,3334,"P2b",1301
315,0.14160999333335,0.340540334114706,0.11322,-0.8,4000,0.95175,0.5205,0.103746397694524,0.048030739673391,-1.00349517942569,-0.70514519180453,-0.707143221996585,-0.66034479526252,-0.836409936889554,-0.69073923426411,3807,3035,2082,1982,"P2b",1327
315,0.14160999333335,0.340540334114706,0.11322,-0.6,4000,0.944,0.511,0.0474559686888454,0.0190802348336595,-0.76270706805952,-0.560853883393729,-0.522481686023453,-0.500051563575992,-0.617661912771168,-0.496390362950881,3776,3299,2044,2005,"P2b",1327
315,0.14160999333335,0.340540334114706,0.11322,-0.4,4000,0.944,0.51275,0.0126767430521697,0.00195026816187226,-0.502889229802384,-0.40261501231208,-0.336565263934721,-0.333132000277846,-0.421190585731982,-0.334123108453357,3776,3546,2051,2047,"P2b",1327
315,0.14160999333335,0.340540334114706,0.11322,-0.2,4000,0.94375,0.5035,0.00347567030784508,0.000496524329692155,-0.253294200090305,-0.206744688381988,-0.158785388390246,-0.158104722399065,-0.205042599871865,-0.149050817092582,3775,3665,2014,2013,"P2b",1327
315,0.14160999333335,0.340540334114706,0.11322,0,4000,0.94975,0.5125,0.0024390243902439,0,-0.0272396266526084,-0.0128213585902211,0.021717211685996,0.0216550242612062,-0.00202187132967746,0.0257131283096344,3799,3731,2050,2050,"P2b",1327
315,0.14160999333335,0.340540334114706,0.11322,0.2,4000,0.9415,0.515,0.00242718446601942,0.000485436893203883,0.222880933245664,0.196187919373759,0.206691884444301,0.206175976372749,0.212700371302573,0.212597071266676,3766,3694,2060,2059,"P2b",1327
315,0.14160999333335,0.340540334114706,0.11322,0.4,4000,0.94625,0.517,0.00773694390715667,0.00145067698259188,0.448991291334357,0.398005346058037,0.379876982578632,0.378005442469059,0.42698261190493,0.376629329831369,3785,3655,2068,2065,"P2b",1327
315,0.14160999333335,0.340540334114706,0.11322,0.6,4000,0.9435,0.51775,0.0473201352003863,0.00772573635924674,0.706130087496019,0.582339163123668,0.562682496058312,0.552101669597571,0.622721734925669,0.549127941385842,3774,3480,2071,2055,"P2b",1327
315,0.14160999333335,0.340540334114706,0.11322,0.8,4000,0.9435,0.507,0.136587771203156,0.0236686390532544,0.938905640731737,0.732699564353659,0.739040110027379,0.708791966251783,0.832547505779051,0.737742377857478,3774,3185,2028,1980,"P2b",1327
363,0.141330091901858,0.335529481017803,0.11322,-0.8,4000,0.9545,0.55825,0.123152709359606,0.0416480071652485,-0.989725652724016,-0.709374697832407,-0.717518251271314,-0.67214193277038,-0.823743067133801,-0.690029693662276,3818,3067,2233,2140,"P2b",1367
363,0.141330091901858,0.335529481017803,0.11322,-0.6,4000,0.95525,0.54825,0.0451436388508892,0.012311901504788,-0.740486127244378,-0.576873339543808,-0.53188622092568,-0.516779554662636,-0.619157038727412,-0.522561131347363,3821,3430,2193,2166,"P2b",1367
363,0.141330091901858,0.335529481017803,0.11322,-0.4,4000,0.962,0.558,0.0156810035842294,0.00134408602150538,-0.515926181558758,-0.409162483670588,-0.346844916152611,-0.343599574511196,-0.424919637450131,-0.33864272178676,3848,3627,2232,2229,"P2b",1367
363,0.141330091901858,0.335529481017803,0.11322,-0.2,4000,0.9505,0.5615,0.00267141585040071,0,-0.256705282774184,-0.215466992761323,-0.167668490877087,-0.167424567536784,-0.211267490555199,-0.160306814779714,3802,3720,2246,2246,"P2b",1367
363,0.141330091901858,0.335529481017803,0.11322,0,4000,0.962,0.5725,0,0,-0.0155167487857074,-0.00538627136074587,0.0159568316271968,0.0159568316271968,0.0105992002392763,0.0270680748570714,3848,3793,2290,2290,"P2b",1367
363,0.141330091901858,0.335529481017803,0.11322,0.2,4000,0.95425,0.5585,0.0017905102954342,0,0.218349372439499,0.205369478551399,0.202875891820156,0.202556894020782,0.211381060135117,0.203437531237293,3817,3763,2234,2234,"P2b",1367
363,0.141330091901858,0.335529481017803,0.11322,0.4,4000,0.95475,0.569,0.0114235500878735,0.00175746924428822,0.450936867852239,0.40672502447237,0.388950271478499,0.386216236778628,0.423147753852682,0.385278053227796,3819,3703,2276,2272,"P2b",1367
363,0.141330091901858,0.335529481017803,0.11322,0.6,4000,0.958,0.56775,0.0413914575077059,0.00484368119771026,0.68837218812024,0.586936697397514,0.558352271008662,0.550476635345209,0.619106308602501,0.555639084456425,3832,3558,2271,2260,"P2b",1367
363,0.141330091901858,0.335529481017803,0.11322,0.8,4000,0.9595,0.56975,0.138218516893374,0.03247038174638,0.970678394781573,0.745703900689607,0.754423028624374,0.720716562293998,0.835981367221376,0.744489114713972,3838,3223,2279,2205,"P2b",1367
201,0.14155757880619,0.342873042372862,0.11322,-0.8,4000,0.90075,0.36675,0.0961145194274029,0.032719836400818,-1.09066860110859,-0.641554594776291,-0.624279714811556,-0.587155759332311,-0.815437099270817,-0.600298226101358,3603,2718,1467,1419,"P2b",1384
201,0.14155757880619,0.342873042372862,0.11322,-0.6,4000,0.89875,0.355,0.0471830985915493,0.0176056338028169,-0.795122877714909,-0.507097467627588,-0.470516096150127,-0.449604526718795,-0.618544345225301,-0.454594408990568,3595,2999,1420,1395,"P2b",1384
201,0.14155757880619,0.342873042372862,0.11322,-0.4,4000,0.8955,0.35125,0.0163701067615658,0.00355871886120996,-0.53256906565654,-0.355197083688754,-0.295552929938053,-0.289979543572811,-0.407603935024759,-0.283475518745715,3582,3245,1405,1400,"P2b",1384
201,0.14155757880619,0.342873042372862,0.11322,-0.2,4000,0.8975,0.34975,0.00571837026447462,0.00214438884917798,-0.274275399406631,-0.18377858987093,-0.122773948146411,-0.119565667612626,-0.196699254647694,-0.114168313727552,3590,3407,1399,1396,"P2b",1384
201,0.14155757880619,0.342873042372862,0.11322,0,4000,0.89075,0.35825,0.00139567341242149,0,-0.0665705818639523,0.0089873461689201,0.0410484044498136,0.0409167234161636,0.00894958584943643,0.0394949052369078,3563,3414,1433,1433,"P2b",1384
201,0.14155757880619,0.342873042372862,0.11322,0.2,4000,0.906,0.3655,0.00341997264021888,0.000683994528043776,0.203512826783426,0.184418195645628,0.205456191046771,0.204337182957107,0.206334699696523,0.208655851165823,3624,3483,1462,1461,"P2b",1384
201,0.14155757880619,0.342873042372862,0.11322,0.4,4000,0.896,0.361,0.0152354570637119,0.00346260387811634,0.482949402094913,0.38205153620133,0.373210415756513,0.368774596319261,0.425918954024902,0.377682750365064,3584,3337,1444,1439,"P2b",1384
201,0.14155757880619,0.342873042372862,0.11322,0.6,4000,0.90275,0.36625,0.0436860068259386,0.00955631399317406,0.729434168706957,0.536684024150187,0.531281441511435,0.518593942251756,0.615335749195733,0.522930584477987,3611,3175,1465,1451,"P2b",1384
201,0.14155757880619,0.342873042372862,0.11322,0.8,4000,0.906,0.36125,0.114186851211073,0.0387543252595156,0.99401072440236,0.683706929025163,0.70967053259217,0.669620915032999,0.826934779004455,0.705913678463199,3624,2877,1445,1389,"P2b",1384
496,0.141269615790777,0.337785260517435,0.11322,-0.8,4000,0.97825,0.6945,0.132469402447804,0.044996400287977,-0.940288954941887,-0.733238632087711,-0.751939375671184,-0.707978608674452,-0.81397488001169,-0.730019577235949,3913,3276,2778,2653,"P2b",1412
496,0.141269615790777,0.337785260517435,0.11322,-0.6,4000,0.9775,0.66825,0.0448933782267116,0.0134680134680135,-0.731628202602053,-0.60075025663735,-0.572906242035978,-0.557491497351064,-0.636583408661692,-0.560867162663039,3910,3567,2673,2637,"P2b",1412
496,0.141269615790777,0.337785260517435,0.11322,-0.4,4000,0.9805,0.6855,0.0131291028446389,0.00182348650619985,-0.481977878118335,-0.420295051029743,-0.374013880336306,-0.370912057586063,-0.415829454553983,-0.357396396206028,3922,3782,2742,2737,"P2b",1412
496,0.141269615790777,0.337785260517435,0.11322,-0.2,4000,0.9815,0.6825,0.00146520146520147,0,-0.266199070041486,-0.222750755396432,-0.182520100745357,-0.182458578901644,-0.204240002986282,-0.174311837614802,3926,3858,2730,2730,"P2b",1412
496,0.141269615790777,0.337785260517435,0.11322,0,4000,0.97475,0.6785,0,0,-0.00301355399149232,-0.00414370360333435,0.0191637587328118,0.0191637587328118,0.00377374394148193,0.0253386467075078,3899,3871,2714,2714,"P2b",1412
496,0.141269615790777,0.337785260517435,0.11322,0.2,4000,0.9785,0.6755,0,0,0.212743521407837,0.20424487173032,0.201752141350898,0.201752141350898,0.213856281724023,0.210896859252079,3914,3881,2702,2702,"P2b",1412
496,0.141269615790777,0.337785260517435,0.11322,0.4,4000,0.98,0.681,0.00330396475770925,0,0.439624087834184,0.411296976310493,0.384053783182129,0.383825441163858,0.415855536840293,0.387117024166535,3920,3848,2724,2724,"P2b",1412
496,0.141269615790777,0.337785260517435,0.11322,0.6,4000,0.97825,0.67375,0.0359925788497217,0.00371057513914657,0.668002343336822,0.604572168782067,0.580870779257637,0.575033972336754,0.618447043186642,0.575610227994622,3913,3726,2695,2685,"P2b",1412
496,0.141269615790777,0.337785260517435,0.11322,0.8,4000,0.9785,0.67025,0.134278254382693,0.0283476314807907,0.915044982704948,0.769976624963593,0.774785040814217,0.743597888799465,0.835995725407342,0.768654052541258,3914,3426,2681,2605,"P2b",1412
442,0.197781048798699,0.331529112036592,0.11322,-0.8,4000,0.99375,0.8545,0.173200702165009,0.0602691632533645,-0.893601396037309,-0.76266618357604,-0.808103940268556,-0.750577462862135,-0.828245906847395,-0.783586268524182,3975,3496,3418,3212,"P2b",1481
442,0.197781048798699,0.331529112036592,0.11322,-0.6,4000,0.99575,0.8515,0.0540223135642983,0.0170287727539636,-0.687842464067702,-0.607797509618463,-0.605365698599359,-0.58634362856978,-0.615808893152777,-0.582383439179761,3983,3765,3406,3348,"P2b",1481
442,0.197781048798699,0.331529112036592,0.11322,-0.4,4000,0.99525,0.84525,0.0147885241052943,0.00561963916001183,-0.459956577572541,-0.426255144902015,-0.410515735575483,-0.403547220192178,-0.418752745213283,-0.392677198232745,3981,3886,3381,3362,"P2b",1481
442,0.197781048798699,0.331529112036592,0.11322,-0.2,4000,0.99575,0.85875,0.00174672489082969,0,-0.232131641553608,-0.220690310615063,-0.200920267543158,-0.200850906358811,-0.204153999889361,-0.188592132889343,3983,3960,3435,3435,"P2b",1481
442,0.197781048798699,0.331529112036592,0.11322,0,4000,0.99625,0.8575,0,0,-0.0111383311678112,-0.0091931132653877,0.00482837802675375,0.00482837802675375,0.00532188391283785,0.0160699476637902,3985,3980,3430,3430,"P2b",1481
442,0.197781048798699,0.331529112036592,0.11322,0.2,4000,0.99475,0.852,0.000293427230046948,0,0.204042971594884,0.202187718038496,0.199817461113275,0.199806945367833,0.205396350034093,0.203726025924854,3979,3969,3408,3408,"P2b",1481
442,0.197781048798699,0.331529112036592,0.11322,0.4,4000,0.99675,0.85725,0.00699912510936133,0.000583260425780111,0.435671382566785,0.420106834369693,0.411168544791446,0.410012531949541,0.4187221598622,0.409474692656274,3987,3955,3429,3427,"P2b",1481
442,0.197781048798699,0.331529112036592,0.11322,0.6,4000,0.9955,0.85675,0.0426028596440035,0.00612780857893201,0.652372192992881,0.615207689082082,0.6107766121895,0.602481880774529,0.620876849016568,0.602824669558348,3982,3876,3427,3406,"P2b",1481
442,0.197781048798699,0.331529112036592,0.11322,0.8,4000,0.996,0.85875,0.149053857350801,0.0358078602620087,0.869780854388225,0.780818073629103,0.809697916453223,0.773265354943365,0.827579743461073,0.802519798214668,3984,3656,3435,3312,"P2b",1481
346,0.141538008609313,0.341978224727237,0.11322,-0.8,4000,0.953,0.55,0.122272727272727,0.0381818181818182,-1.0333461519302,-0.709357013846571,-0.71733603795235,-0.676471375260361,-0.831703355531359,-0.700119140109445,3812,3042,2200,2116,"P2b",1504
346,0.141538008609313,0.341978224727237,0.11322,-0.6,4000,0.95275,0.53575,0.0457302846476902,0.0121325244983668,-0.749453366966858,-0.566808579562099,-0.522011447907713,-0.506426022608424,-0.627630003775093,-0.511576539723231,3811,3374,2143,2117,"P2b",1504
346,0.141538008609313,0.341978224727237,0.11322,-0.4,4000,0.952,0.53875,0.0176334106728538,0.00232018561484919,-0.501638163703726,-0.40473467365902,-0.34630895627372,-0.34257230483944,-0.416307840621487,-0.326786992983431,3808,3602,2155,2150,"P2b",1504
346,0.141538008609313,0.341978224727237,0.11322,-0.2,4000,0.9515,0.5455,0.00274977085242896,0.000916590284142988,-0.259528857344738,-0.211413331634492,-0.174448856552582,-0.173074998926983,-0.200093461911293,-0.160558595696103,3806,3699,2182,2180,"P2b",1504
346,0.141538008609313,0.341978224727237,0.11322,0,4000,0.95525,0.55025,0.000908677873693776,0,-0.0223419080570758,-0.00743029464789937,0.0102881783203224,0.0103232867239589,0.00571449531554156,0.0246886433122542,3821,3768,2201,2201,"P2b",1504
346,0.141538008609313,0.341978224727237,0.11322,0.2,4000,0.9535,0.53475,0.000935016362786349,0,0.221796873510356,0.194458620154886,0.189641324274849,0.18954255958789,0.205012407556325,0.191632693202351,3814,3758,2139,2139,"P2b",1504
346,0.141538008609313,0.341978224727237,0.11322,0.4,4000,0.9555,0.55875,0.00760626398210291,0.000894854586129754,0.455652911842706,0.400554174922422,0.37054015117439,0.36893171217049,0.418204727245699,0.371554525617906,3822,3682,2235,2233,"P2b",1504
346,0.141538008609313,0.341978224727237,0.11322,0.6,4000,0.9515,0.52825,0.0350212967345007,0.00946521533364884,0.685905481033861,0.585377901574125,0.553344279441191,0.542226961340641,0.616678463793415,0.550631887147997,3806,3526,2113,2093,"P2b",1504
346,0.141538008609313,0.341978224727237,0.11322,0.8,4000,0.95125,0.5325,0.11830985915493,0.0342723004694836,0.939669459645479,0.739072376919592,0.745752850037445,0.71165058171391,0.83337939689545,0.739192184875408,3805,3194,2130,2057,"P2b",1504
171,0.288719398576912,0.344199326811994,0.11322,-0.8,4000,0.98425,0.66875,0.159252336448598,0.074018691588785,-1.01013915489371,-0.712142342625468,-0.763057158492357,-0.689247182773261,-0.851906044637082,-0.738615068287577,3937,3111,2675,2477,"P2b",1541
171,0.288719398576912,0.344199326811994,0.11322,-0.6,4000,0.98475,0.67725,0.0664451827242525,0.0258397932816537,-0.724621140598753,-0.5719805340189,-0.563021037741248,-0.533159983489405,-0.637872008912921,-0.550493177701392,3939,3491,2709,2639,"P2b",1541
171,0.288719398576912,0.344199326811994,0.11322,-0.4,4000,0.98475,0.67825,0.0258016955399926,0.00442314780685588,-0.492124231797155,-0.408795426707372,-0.369055529834351,-0.361722234900302,-0.425106304912526,-0.36301297455382,3939,3733,2713,2701,"P2b",1541
171,0.288719398576912,0.344199326811994,0.11322,-0.2,4000,0.98475,0.6605,0.00643451930355791,0.00113550340651022,-0.260427731748133,-0.211879645231393,-0.17558560266148,-0.173666933352979,-0.204945450658699,-0.163033559234081,3939,3826,2642,2639,"P2b",1541
171,0.288719398576912,0.344199326811994,0.11322,0,4000,0.9825,0.683,0.00109809663250366,0,-0.0401243853161855,-0.0101245868054301,0.0155441328935441,0.0156090609918888,0.00691783272171028,0.0324997438574242,3930,3866,2732,2732,"P2b",1541
171,0.288719398576912,0.344199326811994,0.11322,0.2,4000,0.98425,0.67625,0.0022181146025878,0.000369685767097967,0.21069176851001,0.196826917625971,0.20146866180537,0.200904960205884,0.210676229803864,0.207526394787592,3937,3888,2705,2704,"P2b",1541
171,0.288719398576912,0.344199326811994,0.11322,0.4,4000,0.98725,0.6795,0.0158204562178072,0.00257542310522443,0.441188414034237,0.405888780899644,0.398786080732249,0.394862245185602,0.426245615673276,0.404290073459605,3949,3849,2718,2711,"P2b",1541
171,0.288719398576912,0.344199326811994,0.11322,0.6,4000,0.984,0.677,0.0675775480059084,0.0144017725258493,0.690197784955065,0.591406893647791,0.597164249387028,0.579253291564574,0.629378319243845,0.588746589986155,3936,3665,2708,2669,"P2b",1541
171,0.288719398576912,0.344199326811994,0.11322,0.8,4000,0.984,0.68175,0.167216721672167,0.0594059405940594,0.94120080299488,0.755508833898442,0.799367529695371,0.743313513079035,0.847522763093056,0.78841881684805,3936,3378,2727,2565,"P2b",1541
290,0.141628112201712,0.343115670510657,0.11322,-0.8,4000,0.939,0.4715,0.109756097560976,0.0466595970307529,-1.02203579256254,-0.689108279904591,-0.686586160318291,-0.63969013223718,-0.829259981221812,-0.663690895682248,3756,2961,1886,1798,"P2b",1588
290,0.141628112201712,0.343115670510657,0.11322,-0.6,4000,0.9335,0.48425,0.0485286525554982,0.0108415074858028,-0.732078794164731,-0.55416527802228,-0.504977556685523,-0.491065107221213,-0.620411480177706,-0.493050867716474,3734,3277,1937,1916,"P2b",1588
290,0.141628112201712,0.343115670510657,0.11322,-0.4,4000,0.93575,0.48675,0.0138674884437596,0.00513610683102209,-0.494800257722398,-0.38081967610934,-0.323307679893339,-0.315653109592509,-0.40482332332611,-0.320733973801097,3743,3519,1947,1937,"P2b",1588
290,0.141628112201712,0.343115670510657,0.11322,-0.2,4000,0.9415,0.48675,0.00410888546481767,0.00154083204930663,-0.273400976696646,-0.202497928492626,-0.150664945464391,-0.148370871266478,-0.200642805592303,-0.138578878044689,3766,3628,1947,1944,"P2b",1588
290,0.141628112201712,0.343115670510657,0.11322,0,4000,0.93275,0.478,0.00313807531380753,0.000523012552301255,-0.0328070490424295,-0.00907244842691808,0.0172560496293015,0.0182327398892077,0.000387731804581689,0.0213430261363656,3731,3651,1912,1911,"P2b",1588
290,0.141628112201712,0.343115670510657,0.11322,0.2,4000,0.93725,0.478,0.00418410041841004,0,0.217671327920597,0.198600281990379,0.201873351461243,0.201389499765611,0.217138676768699,0.209196948497956,3749,3673,1912,1912,"P2b",1588
290,0.141628112201712,0.343115670510657,0.11322,0.4,4000,0.9475,0.479,0.0104384133611691,0.000521920668058455,0.448882229676085,0.385366240405549,0.368937102394713,0.367431839494239,0.407539850505741,0.36972535255473,3790,3642,1916,1915,"P2b",1588
290,0.141628112201712,0.343115670510657,0.11322,0.6,4000,0.9405,0.48625,0.0462724935732648,0.00822622107969152,0.701064112475893,0.577730508135235,0.554804140988071,0.543460764411954,0.626406748922093,0.549760137543844,3762,3437,1945,1929,"P2b",1588
290,0.141628112201712,0.343115670510657,0.11322,0.8,4000,0.938,0.4855,0.11946446961895,0.0360453141091658,0.987965029386419,0.714497117802141,0.723400162601804,0.687291817862859,0.825437830583734,0.710275115965459,3752,3073,1942,1872,"P2b",1588
39,0.30755256814484,0.680053737953185,0.11322,-0.8,4000,0.85575,0.28525,0.113935144609991,0.056091148115688,-1.07290262602605,-0.592654339268892,-0.619373123306587,-0.558860760249409,-0.850877998064903,-0.624475505925995,3423,2476,1141,1077,"P2b",1664
39,0.30755256814484,0.680053737953185,0.11322,-0.6,4000,0.844,0.267,0.0580524344569288,0.0252808988764045,-0.85590525592581,-0.477038876765809,-0.467417312432399,-0.436930702090649,-0.640925020270743,-0.46467435029906,3376,2728,1068,1041,"P2b",1664
39,0.30755256814484,0.680053737953185,0.11322,-0.4,4000,0.85025,0.27275,0.0366636113657195,0.00641613198900092,-0.514157563095584,-0.319942397955801,-0.298606584971603,-0.288122228531638,-0.420377263499672,-0.288080734476508,3401,3000,1091,1084,"P2b",1664
39,0.30755256814484,0.680053737953185,0.11322,-0.2,4000,0.849,0.28275,0.0123784261715296,0.00353669319186561,-0.273147091583196,-0.141758165480879,-0.108407518861094,-0.102875697221475,-0.183315100257245,-0.0960116527623093,3396,3108,1131,1127,"P2b",1664
39,0.30755256814484,0.680053737953185,0.11322,0,4000,0.84775,0.269,0.0157992565055762,0.00278810408921933,-0.076547208242437,-0.00871066047631372,0.0340007513183098,0.037594882612283,-0.01060730066907,0.0404478588868191,3391,3121,1076,1073,"P2b",1664
39,0.30755256814484,0.680053737953185,0.11322,0.2,4000,0.84675,0.28575,0.015748031496063,0.0026246719160105,0.234951400642286,0.179203735736326,0.221104114808901,0.219471661755743,0.225841027206074,0.237736180183374,3387,3111,1143,1140,"P2b",1664
39,0.30755256814484,0.680053737953185,0.11322,0.4,4000,0.84575,0.27425,0.0255241567912489,0.00638103919781222,0.505813153551432,0.364277464373435,0.388076215782271,0.379838483408094,0.446871001098704,0.389792773447673,3383,3032,1097,1090,"P2b",1664
39,0.30755256814484,0.680053737953185,0.11322,0.6,4000,0.8485,0.2745,0.0683060109289618,0.0136612021857923,0.782873449952122,0.512816848920109,0.54199325663282,0.523390291972677,0.655675680442805,0.552776637970076,3394,2838,1098,1083,"P2b",1664
39,0.30755256814484,0.680053737953185,0.11322,0.8,4000,0.8555,0.277,0.128158844765343,0.0550541516245487,1.0613991587361,0.649487742801879,0.716559109519849,0.662553841367823,0.866615982816457,0.738848953618978,3422,2554,1108,1047,"P2b",1664
237,0.211127263087551,0.451440728965739,0.11322,-0.8,4000,0.97925,0.67925,0.140964298859036,0.0618329039381671,-0.945733527475683,-0.736999979049058,-0.771872647234996,-0.712743259271672,-0.844606784120427,-0.751472361210861,3917,3196,2717,2549,"P2b",1692
237,0.211127263087551,0.451440728965739,0.11322,-0.6,4000,0.97675,0.681,0.0569016152716593,0.0183553597650514,-0.717128160524482,-0.596889419283475,-0.577655281280774,-0.555468587174507,-0.638093820326954,-0.559368431749305,3907,3553,2724,2674,"P2b",1692
237,0.211127263087551,0.451440728965739,0.11322,-0.4,4000,0.9775,0.6875,0.0156363636363636,0.00290909090909091,-0.4740052845945,-0.419462999361018,-0.380885300963549,-0.376606631751342,-0.420505746819636,-0.364884478029929,3910,3772,2750,2742,"P2b",1692
237,0.211127263087551,0.451440728965739,0.11322,-0.2,4000,0.978,0.68,0.00441176470588235,0.000367647058823529,-0.240088650256768,-0.218528580638359,-0.178377994065863,-0.177501548714244,-0.207575165838194,-0.165521117975286,3912,3852,2720,2719,"P2b",1692
237,0.211127263087551,0.451440728965739,0.11322,0,4000,0.9785,0.6975,0.000716845878136201,0.0003584229390681,-0.0276038601402284,-0.0174002652900004,0.00870260658816697,0.00923411377701648,-0.00371022032344492,0.0190244614899228,3914,3880,2790,2789,"P2b",1692
237,0.211127263087551,0.451440728965739,0.11322,0.2,4000,0.973,0.68225,0.00146573836570172,0.000366434591425431,0.216040968072407,0.204383493962801,0.20032487321135,0.199831330156624,0.214194963920064,0.20635206800529,3892,3848,2729,2728,"P2b",1692
237,0.211127263087551,0.451440728965739,0.11322,0.4,4000,0.9755,0.681,0.0102790014684288,0,0.444233787650642,0.411904588302475,0.394009831952405,0.393081268142264,0.414693052560896,0.390410786807733,3902,3834,2724,2724,"P2b",1692
237,0.211127263087551,0.451440728965739,0.11322,0.6,4000,0.9785,0.67975,0.0441338727473336,0.00662008091210004,0.678429578187388,0.602189023692348,0.581106341771652,0.572021338730983,0.627726349621608,0.573525089395984,3914,3700,2719,2701,"P2b",1692
237,0.211127263087551,0.451440728965739,0.11322,0.8,4000,0.979,0.686,0.141034985422741,0.0357142857142857,0.922967098714284,0.764900424904782,0.78620972900307,0.749338805196914,0.835909854355819,0.77768106231793,3916,3400,2744,2646,"P2b",1692
208,0.141650883244765,0.467813555506365,0.11322,-0.8,4000,0.90775,0.4045,0.0822002472187886,0.0352286773794808,-0.998804800061654,-0.675587447461387,-0.658044578248879,-0.621938064556059,-0.823935993349762,-0.645645460733375,3631,2841,1618,1561,"P2b",1706
208,0.141650883244765,0.467813555506365,0.11322,-0.6,4000,0.9045,0.40125,0.0305295950155763,0.00747663551401869,-0.788821368237426,-0.540261223935842,-0.490103948764606,-0.481154495004126,-0.621009674597617,-0.489766479332264,3618,3118,1605,1593,"P2b",1706
208,0.141650883244765,0.467813555506365,0.11322,-0.4,4000,0.9005,0.3865,0.00711513583441138,0.00258732212160414,-0.521650619208851,-0.382438561897528,-0.309115443514526,-0.305811906156444,-0.402101926256548,-0.299110596496951,3602,3345,1546,1542,"P2b",1706
208,0.141650883244765,0.467813555506365,0.11322,-0.2,4000,0.909,0.39325,0.00381436745073109,0.000635727908455181,-0.268807542722713,-0.201308959295632,-0.151241711768652,-0.149913949360716,-0.199340192073834,-0.134876285734341,3636,3500,1573,1572,"P2b",1706
208,0.141650883244765,0.467813555506365,0.11322,0,4000,0.90025,0.388,0,0,-0.0310477058220021,-0.00850615879109666,0.0233705251906234,0.0233705251906234,0.000323129979684834,0.0361635958078636,3601,3505,1552,1552,"P2b",1706
208,0.141650883244765,0.467813555506365,0.11322,0.2,4000,0.91125,0.398,0.00125628140703518,0,0.226725569994349,0.189731163082526,0.197072888628574,0.196925464522773,0.200760838931282,0.200606052316054,3645,3548,1592,1592,"P2b",1706
208,0.141650883244765,0.467813555506365,0.11322,0.4,4000,0.90325,0.40175,0.0074673304293715,0.00124455507156192,0.468130272234905,0.382647179788752,0.359240281369791,0.357172498694649,0.412461062759156,0.368808248840496,3613,3442,1607,1605,"P2b",1706
208,0.141650883244765,0.467813555506365,0.11322,0.6,4000,0.9095,0.401,0.036783042394015,0.00187032418952618,0.716104221150172,0.557466568511032,0.527412374185727,0.522590106353051,0.61586853627359,0.526767085101962,3638,3278,1604,1601,"P2b",1706
208,0.141650883244765,0.467813555506365,0.11322,0.8,4000,0.89975,0.4085,0.11750305997552,0.0232558139534884,0.931126310252896,0.71959524321699,0.717947060100174,0.692087396176903,0.820631560827037,0.717039433605627,3599,3024,1634,1596,"P2b",1706
113,0.14825183285881,0.62289348729532,0.11322,-0.8,4000,0.82875,0.2785,0.0700179533213645,0.0305206463195691,-0.984924530367548,-0.628101287117882,-0.600873666244268,-0.569087650663987,-0.784183026933895,-0.593043811912864,3315,2587,1114,1080,"P2b",1775
113,0.14825183285881,0.62289348729532,0.11322,-0.6,4000,0.84325,0.28475,0.0412642669007902,0.0175592625109745,-0.758921697360913,-0.503699820107087,-0.46666061135267,-0.446153840611491,-0.6031813945166,-0.445015870655283,3373,2892,1139,1119,"P2b",1775
113,0.14825183285881,0.62289348729532,0.11322,-0.4,4000,0.83225,0.27925,0.0161145926589078,0.0026857654431513,-0.523429540855188,-0.347977734132165,-0.286481997840838,-0.281948695598076,-0.400830990669117,-0.275680862149825,3329,3029,1117,1114,"P2b",1775
113,0.14825183285881,0.62289348729532,0.11322,-0.2,4000,0.841,0.29275,0.00256191289496157,0.00085397096498719,-0.260547123639791,-0.163715715673511,-0.118479727576131,-0.117102044827815,-0.176921332256359,-0.10683015446387,3364,3185,1171,1170,"P2b",1775
113,0.14825183285881,0.62289348729532,0.11322,0,4000,0.83,0.28275,0.0017683465959328,0,-0.0312138684271893,0.00250117907168624,0.0405789686109725,0.0405412204075422,0.00927519044335922,0.0418202920005928,3320,3189,1131,1131,"P2b",1775
113,0.14825183285881,0.62289348729532,0.11322,0.2,4000,0.83475,0.287,0.000871080139372822,0,0.243679860041887,0.188426906930186,0.18973837083061,0.189697545170864,0.21861014012706,0.203837397809201,3339,3188,1148,1148,"P2b",1775
113,0.14825183285881,0.62289348729532,0.11322,0.4,4000,0.82775,0.28125,0.00888888888888889,0.00177777777777778,0.480043054841064,0.370746313958089,0.353120312599186,0.350441026706137,0.413791260070888,0.361359003413464,3311,3077,1125,1123,"P2b",1775
113,0.14825183285881,0.62289348729532,0.11322,0.6,4000,0.829,0.286,0.0393356643356643,0.0034965034965035,0.72639000414264,0.531529956294672,0.505282480434454,0.499074413701939,0.620857242285762,0.519171514642221,3316,2928,1144,1140,"P2b",1775
113,0.14825183285881,0.62289348729532,0.11322,0.8,4000,0.83575,0.28175,0.105590062111801,0.0221827861579414,0.977797447835346,0.670280845242172,0.661266215536867,0.634632364438421,0.811984443457674,0.659697580366182,3343,2686,1127,1102,"P2b",1775
270,0.141622218927007,0.44227824581321,0.11322,-0.8,4000,0.9325,0.46875,0.110933333333333,0.0272,-1.04607172273227,-0.702950738740516,-0.680566991464868,-0.649949713163039,-0.826434005249032,-0.671340900555423,3730,2973,1875,1824,"P2b",1786
270,0.141622218927007,0.44227824581321,0.11322,-0.6,4000,0.93525,0.47575,0.0341565948502365,0.00630583289542827,-0.764646167975663,-0.560857115672733,-0.507535769530012,-0.498901773491823,-0.619477123080585,-0.495094380880538,3741,3309,1903,1891,"P2b",1786
270,0.141622218927007,0.44227824581321,0.11322,-0.4,4000,0.92025,0.464,0.00969827586206897,0.00161637931034483,-0.499862530291302,-0.389916489630497,-0.325442432350177,-0.322698284625402,-0.406321980333067,-0.31492206982148,3681,3482,1856,1853,"P2b",1786
270,0.141622218927007,0.44227824581321,0.11322,-0.2,4000,0.92825,0.4715,0.00212089077412513,0,-0.258761395397858,-0.199038489800253,-0.139891986474002,-0.139642279284611,-0.195067242621496,-0.133322620254617,3713,3609,1886,1886,"P2b",1786
270,0.141622218927007,0.44227824581321,0.11322,0,4000,0.93475,0.465,0,0,-0.0186083169395286,-0.00134719421778947,0.0190776911555539,0.0190776911555539,0.00540594861545631,0.0259453214093553,3739,3665,1860,1860,"P2b",1786
270,0.141622218927007,0.44227824581321,0.11322,0.2,4000,0.92875,0.474,0.000527426160337553,0,0.235006714457762,0.208412943660323,0.211665037319193,0.211646956938736,0.220161479210404,0.211653942331113,3715,3633,1896,1896,"P2b",1786
270,0.141622218927007,0.44227824581321,0.11322,0.4,4000,0.93625,0.4735,0.0100316789862724,0.000527983104540655,0.465625459860983,0.40783241915552,0.379656618233122,0.378554559659625,0.423009458432195,0.386386511201407,3745,3596,1894,1893,"P2b",1786
270,0.141622218927007,0.44227824581321,0.11322,0.6,4000,0.93,0.45425,0.0324711062190424,0.00275178866263071,0.73910217084705,0.582253199421912,0.548206415165183,0.543336813103054,0.624794288718659,0.546797897772156,3720,3380,1817,1812,"P2b",1786
270,0.141622218927007,0.44227824581321,0.11322,0.8,4000,0.92625,0.475,0.117894736842105,0.0273684210526316,0.951751268927466,0.728891808689493,0.726496964599756,0.696976414788871,0.823913550879815,0.718102110441663,3705,3103,1900,1848,"P2b",1786
343,0.141464829578657,0.470469215220298,0.11322,-0.8,4000,0.95025,0.55675,0.107319263583296,0.0264930399640772,-0.95479226808769,-0.728840744431363,-0.711568659157986,-0.682968527645872,-0.82516985292158,-0.694290365580377,3801,3171,2227,2168,"P2b",1791
343,0.141464829578657,0.470469215220298,0.11322,-0.6,4000,0.9525,0.5485,0.0319051959890611,0.00683682771194166,-0.739850130877712,-0.586075971900277,-0.534667207083376,-0.525942139555357,-0.625430918522774,-0.523120650766354,3810,3460,2194,2179,"P2b",1791
343,0.141464829578657,0.470469215220298,0.11322,-0.4,4000,0.9515,0.544,0.00689338235294118,0.000919117647058824,-0.504666343442608,-0.416628573822526,-0.350481513271683,-0.349144644278898,-0.418311829577528,-0.338493935112226,3806,3626,2176,2174,"P2b",1791
343,0.141464829578657,0.470469215220298,0.11322,-0.2,4000,0.95125,0.53175,0.00141043723554302,0,-0.25890538949361,-0.218780783566703,-0.153772934668535,-0.153653460728768,-0.205535449689068,-0.148323959393946,3805,3730,2127,2127,"P2b",1791
343,0.141464829578657,0.470469215220298,0.11322,0,4000,0.9565,0.5545,0.000450856627592426,0,-0.00736343015201094,-0.00500244162518803,0.0191614243231725,0.0191730465594455,0.00896143033031289,0.0280184715750743,3826,3789,2218,2218,"P2b",1791
343,0.141464829578657,0.470469215220298,0.11322,0.2,4000,0.95125,0.54675,0.000457247370827618,0,0.219197430682918,0.201572599174967,0.194492088099321,0.19447244272563,0.211445504371479,0.202624512822068,3805,3761,2187,2187,"P2b",1791
343,0.141464829578657,0.470469215220298,0.11322,0.4,4000,0.95375,0.55075,0.00317748524738992,0,0.485671786941507,0.416792588335496,0.378233828852804,0.378039941850931,0.419968426579941,0.382778476593881,3815,3720,2203,2203,"P2b",1791
343,0.141464829578657,0.470469215220298,0.11322,0.6,4000,0.9525,0.55225,0.0230873698506111,0.00271616115889543,0.716520243174936,0.598328486744612,0.559242698569335,0.555344478908279,0.621220399953121,0.560436292125473,3810,3550,2209,2203,"P2b",1791
343,0.141464829578657,0.470469215220298,0.11322,0.8,4000,0.955,0.5545,0.105049594229035,0.0144274120829576,0.933482594558101,0.75531270264027,0.740058454857986,0.720720238202022,0.820326419927573,0.732872063374394,3820,3315,2218,2186,"P2b",1791
593,0.172118729077949,0.338653457308842,0.11322,-0.8,4000,0.99675,0.86675,0.158638592443034,0.0501874819728872,-0.897226299593008,-0.769196812248863,-0.806736560381663,-0.759459428890178,-0.823064294503899,-0.78632748939742,3987,3533,3467,3293,"P2b",1852
593,0.172118729077949,0.338653457308842,0.11322,-0.6,4000,0.99725,0.869,0.0566743383199079,0.00661680092059839,-0.666901862867991,-0.620960029766893,-0.612457649130926,-0.602513604006008,-0.628140826127832,-0.596764559883189,3989,3848,3476,3453,"P2b",1852
593,0.172118729077949,0.338653457308842,0.11322,-0.4,4000,0.998,0.874,0.0102974828375286,0.0011441647597254,-0.464022479123365,-0.425466138338055,-0.40452034441391,-0.402527878911442,-0.411737193596492,-0.387306078511945,3992,3937,3496,3492,"P2b",1852
593,0.172118729077949,0.338653457308842,0.11322,-0.2,4000,0.997,0.86225,0.00057987822557263,0,-0.225191575729472,-0.216485645094545,-0.196004734709556,-0.195989862094312,-0.203916638440363,-0.187008131798866,3988,3968,3449,3449,"P2b",1852
593,0.172118729077949,0.338653457308842,0.11322,0,4000,0.996,0.877,0.000570125427594071,0,-0.0106829385660583,-0.00733814372917419,0.00226588200997791,0.00232500112700514,-0.00062155337630938,0.00492477772046206,3984,3978,3508,3508,"P2b",1852
593,0.172118729077949,0.338653457308842,0.11322,0.2,4000,0.9955,0.86925,0,0,0.204963769865842,0.201145597874325,0.199143544574374,0.199143544574374,0.205621380497318,0.203797603653224,3982,3974,3477,3477,"P2b",1852
593,0.172118729077949,0.338653457308842,0.11322,0.4,4000,0.99575,0.86125,0.00406386066763425,0.000290275761973875,0.427020199400758,0.419189382268281,0.405102231329579,0.404683247682409,0.416348268038691,0.403254497753756,3983,3960,3445,3444,"P2b",1852
593,0.172118729077949,0.338653457308842,0.11322,0.6,4000,0.99675,0.8675,0.0270893371757925,0.00201729106628242,0.640685227802963,0.612812250352471,0.6038076136353,0.60012623170403,0.61903779775579,0.601491877309435,3987,3896,3470,3463,"P2b",1852
593,0.172118729077949,0.338653457308842,0.11322,0.8,4000,0.9955,0.8705,0.144457208500862,0.0215393452039058,0.861868142439794,0.785642379291726,0.802209246657845,0.776934946382246,0.816965150168833,0.791965819403033,3982,3709,3482,3407,"P2b",1852
311,0.140821696813699,0.337909105293604,0.11322,-0.8,4000,0.94425,0.514,0.119163424124514,0.0447470817120623,-0.996690247770544,-0.702467022095967,-0.703744854936205,-0.658710326803501,-0.834750562759643,-0.689375227204362,3777,3015,2056,1964,"P2b",1886
311,0.140821696813699,0.337909105293604,0.11322,-0.6,4000,0.93775,0.49775,0.0532395781014566,0.0145655449522853,-0.746460540623373,-0.552640172939849,-0.514258997203776,-0.496363893472711,-0.619414761235025,-0.499699563836236,3751,3301,1991,1962,"P2b",1886
311,0.140821696813699,0.337909105293604,0.11322,-0.4,4000,0.943,0.4835,0.014994829369183,0.00413650465356774,-0.513701911881799,-0.404126188632474,-0.351681533504899,-0.345796612303746,-0.41391999156199,-0.331398163585859,3772,3538,1934,1926,"P2b",1886
311,0.140821696813699,0.337909105293604,0.11322,-0.2,4000,0.942,0.49475,0.00353713996968166,0.00101061141990905,-0.282422606987863,-0.208497463006976,-0.160904727979708,-0.159398587627401,-0.201944737261851,-0.152148784486653,3768,3635,1979,1977,"P2b",1886
311,0.140821696813699,0.337909105293604,0.11322,0,4000,0.9425,0.50075,0.000499251123315027,0,-0.0255260789336007,-0.0044525499845673,0.0180156859170025,0.018004292594533,0.0072132917574552,0.0253802249580901,3770,3693,2003,2003,"P2b",1886
311,0.140821696813699,0.337909105293604,0.11322,0.2,4000,0.94425,0.501,0.00449101796407186,0,0.218211361824711,0.198210013717508,0.19836680860973,0.198083090772999,0.208505631607103,0.198151806847714,3777,3686,2004,2004,"P2b",1886
311,0.140821696813699,0.337909105293604,0.11322,0.4,4000,0.944,0.49925,0.00901352028042063,0.000500751126690035,0.463118764525684,0.398618692930253,0.375343601680881,0.374218253326752,0.417665034104749,0.371603126443658,3776,3633,1997,1996,"P2b",1886
311,0.140821696813699,0.337909105293604,0.11322,0.6,4000,0.94225,0.5065,0.0384995064165844,0.00789733464955577,0.699801152774787,0.580229983659632,0.565373544594135,0.556180115333443,0.624384243960271,0.569110583386698,3769,3469,2026,2010,"P2b",1886
311,0.140821696813699,0.337909105293604,0.11322,0.8,4000,0.9415,0.51025,0.12640862322391,0.0269475747182754,0.933984873575147,0.7254855885118,0.731021748052932,0.699918206517779,0.818510432150527,0.723310567940533,3766,3180,2041,1986,"P2b",1886
383,0.140928860434432,0.483080944806103,0.11322,-0.8,4000,0.96375,0.58,0.103879310344828,0.0241379310344828,-0.973007689511122,-0.732977818397979,-0.717188472630089,-0.690704014493653,-0.809143129312193,-0.707005927592708,3855,3213,2320,2264,"P2b",1887
383,0.140928860434432,0.483080944806103,0.11322,-0.6,4000,0.966,0.5975,0.0338912133891213,0.00543933054393305,-0.717652518562933,-0.581410855810069,-0.535780548828325,-0.528367434929422,-0.606941539653294,-0.527626220962831,3864,3524,2390,2377,"P2b",1887
383,0.140928860434432,0.483080944806103,0.11322,-0.4,4000,0.95625,0.5815,0.0060189165950129,0.000429922613929493,-0.489758486665301,-0.409832500742024,-0.351279240941068,-0.350385855907837,-0.405706307401497,-0.349127102536737,3825,3671,2326,2325,"P2b",1887
383,0.140928860434432,0.483080944806103,0.11322,-0.2,4000,0.96025,0.58525,0.000427167876975651,0,-0.248391610612293,-0.222734984303565,-0.168366096432016,-0.168360638615787,-0.20537993417136,-0.160389225468778,3841,3779,2341,2341,"P2b",1887
383,0.140928860434432,0.483080944806103,0.11322,0,4000,0.958,0.58875,0,0,0.00149666942727365,0.00101436944394722,0.010353762244316,0.010353762244316,0.00439659338630038,0.00994653919825174,3832,3805,2355,2355,"P2b",1887
383,0.140928860434432,0.483080944806103,0.11322,0.2,4000,0.9655,0.58125,0,0,0.245220608884951,0.216052605105999,0.20328246020963,0.20328246020963,0.220404996020317,0.203859600220855,3862,3820,2325,2325,"P2b",1887
383,0.140928860434432,0.483080944806103,0.11322,0.4,4000,0.9705,0.58925,0.00339414509970301,0.000424268137462877,0.453302668026576,0.415785622722155,0.377002944325353,0.376435176136849,0.413887807511093,0.375056169977169,3882,3798,2357,2356,"P2b",1887
383,0.140928860434432,0.483080944806103,0.11322,0.6,4000,0.95625,0.588,0.0216836734693878,0.00212585034013605,0.695824338262859,0.600263433634043,0.564813648695409,0.56172992005809,0.622611897502855,0.566476124212754,3825,3591,2352,2347,"P2b",1887
383,0.140928860434432,0.483080944806103,0.11322,0.8,4000,0.961,0.57575,0.10551454624403,0.00781589231437256,0.928972926524406,0.760333709264882,0.740680526305502,0.726702304065337,0.814775375935635,0.738201247450054,3844,3364,2303,2285,"P2b",1887
292,0.141621407021341,0.341001645040255,0.11322,-0.8,4000,0.9425,0.4855,0.116374871266735,0.033470648815654,-0.988319893415633,-0.690938326838651,-0.688606754096566,-0.650650898460799,-0.819683239262759,-0.673214472902034,3770,2987,1942,1877,"P2b",1919
292,0.141621407021341,0.341001645040255,0.11322,-0.6,4000,0.94,0.4845,0.0485036119711042,0.0170278637770898,-0.742790972352523,-0.555406472564902,-0.51384596956448,-0.493907086755278,-0.624842992090547,-0.495353352592622,3760,3287,1938,1905,"P2b",1919
292,0.141621407021341,0.341001645040255,0.11322,-0.4,4000,0.9395,0.48925,0.0158405723045478,0.00306591722023505,-0.513718176179399,-0.390002165723323,-0.335464441529189,-0.330897204642275,-0.413556569898436,-0.318007669171965,3758,3493,1957,1951,"P2b",1919
292,0.141621407021341,0.341001645040255,0.11322,-0.2,4000,0.94175,0.46825,0.00373731980779498,0.000533902829684997,-0.277105624770381,-0.210320177041643,-0.157974408455818,-0.157074941199434,-0.204510449015006,-0.151952399777339,3767,3633,1873,1872,"P2b",1919
292,0.141621407021341,0.341001645040255,0.11322,0,4000,0.9515,0.49775,0.00150678051230537,0,-0.0152977093049965,-0.00558529530865685,0.0217887705020061,0.0217904430710338,0.00079859004449731,0.0211440451710985,3806,3738,1991,1991,"P2b",1919
292,0.141621407021341,0.341001645040255,0.11322,0.2,4000,0.94125,0.48875,0.0010230179028133,0.00051150895140665,0.209724769887951,0.201265808187511,0.193299008031435,0.192526707141283,0.213014861656198,0.20550779598052,3765,3702,1955,1954,"P2b",1919
292,0.141621407021341,0.341001645040255,0.11322,0.4,4000,0.94025,0.486,0.0113168724279835,0.00154320987654321,0.444931307015956,0.391572145224118,0.378488978226004,0.376141541187333,0.41296281460808,0.383750686429381,3761,3623,1944,1941,"P2b",1919
292,0.141621407021341,0.341001645040255,0.11322,0.6,4000,0.94125,0.47625,0.0451443569553806,0.0073490813648294,0.708922477886432,0.571370278543616,0.548112305270198,0.536729704947606,0.615863295885918,0.551788913537215,3765,3432,1905,1891,"P2b",1919
292,0.141621407021341,0.341001645040255,0.11322,0.8,4000,0.94275,0.479,0.116388308977035,0.0307933194154489,0.961414483907024,0.719917816646315,0.718377832619098,0.685769300050161,0.825370605383487,0.701662683127255,3771,3118,1916,1857,"P2b",1919
209,0.206312283172638,0.335687526455765,0.11322,-0.8,4000,0.968,0.56675,0.149977944419938,0.0639611821790913,-1.01141896540689,-0.70409393383036,-0.738346392933729,-0.673708470763889,-0.85919803515617,-0.717630206595307,3872,3017,2267,2122,"P2b",1954
209,0.206312283172638,0.335687526455765,0.11322,-0.6,4000,0.96225,0.568,0.0585387323943662,0.0224471830985916,-0.761895130378469,-0.553393144022099,-0.537811461305563,-0.512009733064955,-0.616247506227771,-0.52025434710613,3849,3350,2272,2221,"P2b",1954
209,0.206312283172638,0.335687526455765,0.11322,-0.4,4000,0.96975,0.55875,0.0196868008948546,0.00715883668903803,-0.53218288143881,-0.403201091553857,-0.353922524058955,-0.34495738631772,-0.433110619902048,-0.339124834220443,3879,3598,2235,2219,"P2b",1954
209,0.206312283172638,0.335687526455765,0.11322,-0.2,4000,0.966,0.56775,0.00836635843240863,0.000440334654337296,-0.263631366881748,-0.220812028011482,-0.175544510656402,-0.174199659460143,-0.216403151469668,-0.162041673968647,3864,3759,2271,2270,"P2b",1954
209,0.206312283172638,0.335687526455765,0.11322,0,4000,0.963,0.557,0.00359066427289048,0,-0.0360746387451557,-0.0214682017525596,0.0150642014490318,0.0151575532691405,-0.0101590557678938,0.021610360771767,3852,3786,2228,2228,"P2b",1954
209,0.206312283172638,0.335687526455765,0.11322,0.2,4000,0.9665,0.55175,0.00724966017217943,0.000453103760761214,0.218886722295839,0.201919155022463,0.212480221916587,0.211390883899315,0.222572940812628,0.219862783731043,3866,3775,2207,2206,"P2b",1954
209,0.206312283172638,0.335687526455765,0.11322,0.4,4000,0.9665,0.56975,0.0179903466432646,0.00219394471259324,0.460166442169438,0.397392912241526,0.395311109550178,0.391749534491071,0.424639689786865,0.400964436224424,3866,3731,2279,2274,"P2b",1954
209,0.206312283172638,0.335687526455765,0.11322,0.6,4000,0.96825,0.5725,0.059825327510917,0.00917030567685589,0.688719226613312,0.578842155092531,0.57190982427146,0.559073202631769,0.630613688141744,0.572626390409996,3873,3569,2290,2269,"P2b",1954
209,0.206312283172638,0.335687526455765,0.11322,0.8,4000,0.96275,0.561,0.151515151515152,0.053030303030303,0.969942179180347,0.735546714018888,0.774240034721556,0.722617835658634,0.850072969371851,0.774627470742515,3851,3178,2244,2125,"P2b",1954
295,0.1594660029418,0.33213678546171,0.11322,-0.8,4000,0.957,0.54625,0.119908466819222,0.0508009153318078,-0.986817500032797,-0.701111490204197,-0.718194643465331,-0.667043404184593,-0.834622387177308,-0.703597595395597,3828,3027,2185,2074,"P2b",1970
295,0.1594660029418,0.33213678546171,0.11322,-0.6,4000,0.96275,0.56825,0.053233611966564,0.0153981522217334,-0.752027035682747,-0.565558668976396,-0.53602041997825,-0.517156655012815,-0.624884572544742,-0.525179955657513,3851,3380,2273,2238,"P2b",1970
295,0.1594660029418,0.33213678546171,0.11322,-0.4,4000,0.965,0.56875,0.0136263736263736,0.00483516483516484,-0.506272269829162,-0.403794931576273,-0.349979195016977,-0.343752253595315,-0.422998526282104,-0.336389922816507,3860,3617,2275,2264,"P2b",1970
295,0.1594660029418,0.33213678546171,0.11322,-0.2,4000,0.9615,0.5625,0.00177777777777778,0.000444444444444444,-0.27622908271749,-0.21695999283383,-0.169274713090333,-0.16861384950222,-0.21385918460983,-0.163258994774915,3846,3725,2250,2249,"P2b",1970
295,0.1594660029418,0.33213678546171,0.11322,0,4000,0.9545,0.55875,0.000447427293064877,0,-0.0244804091547286,-0.0102858164146951,0.0141758234568373,0.0141302806565928,-0.00180531987748299,0.0192502892244192,3818,3757,2235,2235,"P2b",1970
295,0.1594660029418,0.33213678546171,0.11322,0.2,4000,0.957,0.56175,0.00267022696929239,0,0.219280618554228,0.202382426106745,0.205886862398491,0.205713192887021,0.210148417070414,0.207758175833713,3828,3771,2247,2247,"P2b",1970
295,0.1594660029418,0.33213678546171,0.11322,0.4,4000,0.9595,0.564,0.0137411347517731,0.00132978723404255,0.483064219080579,0.404326646880031,0.385947374021364,0.383518814666729,0.432832228302903,0.39093058374226,3838,3699,2256,2253,"P2b",1970
295,0.1594660029418,0.33213678546171,0.11322,0.6,4000,0.95675,0.55225,0.0497962879130828,0.009506564056134,0.700526252083965,0.593714622852349,0.572628271862604,0.560457678540358,0.637515870662139,0.5655624040866,3827,3546,2209,2188,"P2b",1970
295,0.1594660029418,0.33213678546171,0.11322,0.8,4000,0.96275,0.55175,0.137290439510648,0.0407793384685093,0.9488111430745,0.737032977473723,0.757487328509373,0.717348590842266,0.839041776087553,0.743810459136785,3851,3220,2207,2117,"P2b",1970
220,0.157302295240686,0.335104910182385,0.11322,-0.8,4000,0.93375,0.43125,0.0973913043478261,0.048695652173913,-1.08556947669885,-0.662065764063052,-0.663922688127893,-0.614526469652838,-0.838619610498166,-0.644922187636195,3735,2773,1725,1641,"P2b",1984
220,0.157302295240686,0.335104910182385,0.11322,-0.6,4000,0.93225,0.44025,0.0391822827938671,0.0181714934696195,-0.77813026233075,-0.516139343725151,-0.470719521709566,-0.44841432616474,-0.609235483407488,-0.446097112854719,3729,3144,1761,1729,"P2b",1984
220,0.157302295240686,0.335104910182385,0.11322,-0.4,4000,0.92925,0.42475,0.0200117716303708,0.0064743967039435,-0.542857568847044,-0.387625918289991,-0.323990490149073,-0.314964295829113,-0.420595747298475,-0.295697881649337,3717,3400,1699,1688,"P2b",1984
220,0.157302295240686,0.335104910182385,0.11322,-0.2,4000,0.934,0.43775,0.00970873786407767,0.000571102227298686,-0.297153648126949,-0.192807239606717,-0.139216806579394,-0.137782239863955,-0.193649287019746,-0.126657568307109,3736,3579,1751,1750,"P2b",1984
220,0.157302295240686,0.335104910182385,0.11322,0,4000,0.92675,0.431,0.00232018561484919,0,-0.0417810344070842,-0.011214988745492,0.029926859621553,0.0298891965444937,0.00506105900079207,0.0367750076747293,3707,3610,1724,1724,"P2b",1984
220,0.157302295240686,0.335104910182385,0.11322,0.2,4000,0.929,0.436,0.00229357798165138,0,0.225434841345775,0.1830553075649,0.195179769414761,0.195063179299832,0.214561161504576,0.210859743709556,3716,3588,1744,1744,"P2b",1984
220,0.157302295240686,0.335104910182385,0.11322,0.4,4000,0.9265,0.429,0.0122377622377622,0.00116550116550117,0.473072057991335,0.381546798294801,0.374911374544598,0.372453412359153,0.426097645423823,0.38524589344495,3706,3521,1716,1714,"P2b",1984
220,0.157302295240686,0.335104910182385,0.11322,0.6,4000,0.9295,0.4505,0.0571587125416204,0.0105438401775805,0.733852473497945,0.574845421082177,0.56753034651227,0.553481638756295,0.64413196047718,0.563083852596942,3718,3341,1802,1783,"P2b",1984
220,0.157302295240686,0.335104910182385,0.11322,0.8,4000,0.9345,0.45125,0.132409972299169,0.0365650969529086,0.931410112229215,0.704701855522804,0.727520445009278,0.690374998169629,0.831223425989243,0.731477827056234,3738,3067,1805,1739,"P2b",1984
368,0.184918172427212,0.339421866077047,0.11322,-0.8,4000,0.986,0.74625,0.138358458961474,0.071356783919598,-0.929449340765749,-0.742623796942506,-0.785831643920257,-0.721961608068122,-0.836265254369786,-0.766558025649337,3944,3280,2985,2772,"P2b",2042
368,0.184918172427212,0.339421866077047,0.11322,-0.6,4000,0.98575,0.7535,0.059721300597213,0.0175846051758461,-0.703617593825035,-0.597024823004197,-0.58855384379274,-0.568188205635502,-0.625342983068844,-0.568008324666385,3943,3636,3014,2961,"P2b",2042
368,0.184918172427212,0.339421866077047,0.11322,-0.4,4000,0.9875,0.74825,0.0157033077180087,0.00400935516204477,-0.479790101047745,-0.426587167681253,-0.394520596312301,-0.388781285079102,-0.424005237199733,-0.382115742761582,3950,3813,2993,2981,"P2b",2042
368,0.184918172427212,0.339421866077047,0.11322,-0.2,4000,0.98525,0.7545,0.00265076209410205,0.000331345261762757,-0.230951694566534,-0.213826287410021,-0.185891329553365,-0.185253552572985,-0.198501515247396,-0.174601307132474,3941,3897,3018,3017,"P2b",2042
368,0.184918172427212,0.339421866077047,0.11322,0,4000,0.988,0.746,0,0,-0.0281333985932584,-0.0130946913394544,0.00319338563577163,0.00319338563577163,-0.0001670267873541,0.00898711348476738,3952,3920,2984,2984,"P2b",2042
368,0.184918172427212,0.339421866077047,0.11322,0.2,4000,0.98625,0.7525,0.00132890365448505,0,0.208216553833519,0.204387559232415,0.203818484995448,0.203782180830348,0.2096752914158,0.207541937945263,3945,3928,3010,3010,"P2b",2042
368,0.184918172427212,0.339421866077047,0.11322,0.4,4000,0.98575,0.751,0.012982689747004,0.00033288948069241,0.434780761122087,0.413884202409773,0.401192956825992,0.400073424388485,0.416999494721614,0.392871108725485,3943,3889,3004,3003,"P2b",2042
368,0.184918172427212,0.339421866077047,0.11322,0.6,4000,0.98575,0.745,0.0429530201342282,0.00738255033557047,0.666761682338869,0.599792663891995,0.591176825957505,0.581277122334421,0.613210714647988,0.582699884018681,3943,3743,2980,2958,"P2b",2042
368,0.184918172427212,0.339421866077047,0.11322,0.8,4000,0.98575,0.744,0.155577956989247,0.0299059139784946,0.900738178099449,0.772848197445168,0.794254331608905,0.759602698649764,0.832117254596216,0.780196770820603,3943,3518,2976,2887,"P2b",2042
171,0.141746548263518,0.344637896927897,0.11322,-0.8,4000,0.87975,0.31075,0.0949316170555109,0.0345937248592116,-1.09682222795211,-0.619310096762578,-0.610541162376935,-0.571418088858102,-0.834986738210331,-0.596621138541607,3519,2588,1243,1200,"P2b",2077
171,0.141746548263518,0.344637896927897,0.11322,-0.6,4000,0.87275,0.3,0.0433333333333333,0.0141666666666667,-0.768567457426145,-0.489144357719109,-0.440159989581019,-0.421107671537349,-0.607596600388762,-0.422479952029055,3491,2942,1200,1183,"P2b",2077
171,0.141746548263518,0.344637896927897,0.11322,-0.4,4000,0.8725,0.30425,0.0106820049301561,0.00246507806080526,-0.559811741230669,-0.341983814728792,-0.272324298904917,-0.268585201903569,-0.40203664233714,-0.2686010892271,3490,3121,1217,1214,"P2b",2077
171,0.141746548263518,0.344637896927897,0.11322,-0.2,4000,0.866,0.3055,0.00409165302782324,0.000818330605564648,-0.285377636226805,-0.168791495834845,-0.100331501330476,-0.0989735477238304,-0.187405596384201,-0.0921207828294069,3464,3245,1222,1221,"P2b",2077
171,0.141746548263518,0.344637896927897,0.11322,0,4000,0.87975,0.30975,0.00403551251008878,0,-0.0467366896420727,0.00299398064939211,0.0472788703332754,0.0473734291611062,4.66489393445779e-05,0.0617681931053666,3519,3345,1239,1239,"P2b",2077
171,0.141746548263518,0.344637896927897,0.11322,0.2,4000,0.87175,0.3025,0.00661157024793388,0.00330578512396694,0.247154777909367,0.182086831425939,0.19231443404904,0.188134411480117,0.208662727124024,0.190708590769831,3487,3306,1210,1206,"P2b",2077
171,0.141746548263518,0.344637896927897,0.11322,0.4,4000,0.87775,0.308,0.0186688311688312,0.00162337662337662,0.451680607508387,0.366399284198062,0.376693435552709,0.373267480646239,0.424572189993648,0.37302715565898,3511,3268,1232,1230,"P2b",2077
171,0.141746548263518,0.344637896927897,0.11322,0.6,4000,0.87775,0.31,0.0516129032258065,0.0112903225806452,0.771909727920456,0.538275739131328,0.529803744634432,0.514725497570662,0.64425909275237,0.539715549568623,3511,3071,1240,1226,"P2b",2077
171,0.141746548263518,0.344637896927897,0.11322,0.8,4000,0.8745,0.31475,0.11517077045274,0.0373312152501986,1.02924961068583,0.659931502643879,0.68524993977709,0.644609121578789,0.831807531764305,0.674436679673832,3498,2700,1259,1212,"P2b",2077
409,0.141556050333628,0.341074428247077,0.11322,-0.8,4000,0.96625,0.59825,0.112411199331383,0.0493104889260343,-0.974782007471157,-0.715326331122481,-0.724597294756034,-0.676787762128529,-0.82111558795479,-0.700461681738044,3865,3121,2393,2275,"P2b",2081
409,0.141556050333628,0.341074428247077,0.11322,-0.6,4000,0.97075,0.6225,0.048995983935743,0.0104417670682731,-0.732262539582922,-0.58567958947025,-0.552328310309628,-0.538516347872526,-0.61851049694623,-0.534523352345625,3883,3512,2490,2464,"P2b",2081
409,0.141556050333628,0.341074428247077,0.11322,-0.4,4000,0.96675,0.601,0.0137271214642263,0.00291181364392679,-0.484797103848147,-0.420173581017702,-0.361467291344197,-0.357299028089437,-0.422853827365286,-0.350799689053014,3867,3713,2404,2397,"P2b",2081
409,0.141556050333628,0.341074428247077,0.11322,-0.2,4000,0.9665,0.61,0.000819672131147541,0,-0.256303459442514,-0.219998190498877,-0.169108616288295,-0.169006288389874,-0.210350388532341,-0.157872107199015,3866,3805,2440,2440,"P2b",2081
409,0.141556050333628,0.341074428247077,0.11322,0,4000,0.9635,0.5965,0.000419111483654652,0,-0.0258385419421616,-0.0166917261065495,0.00328650058530559,0.00335804724376927,7.26782936789471e-05,0.0146865390581274,3854,3812,2386,2386,"P2b",2081
409,0.141556050333628,0.341074428247077,0.11322,0.2,4000,0.96875,0.61325,0.00122299225438239,0,0.212758772963064,0.20018134937108,0.188560986511723,0.188484342105609,0.20475705182139,0.187388827206219,3875,3838,2453,2453,"P2b",2081
409,0.141556050333628,0.341074428247077,0.11322,0.4,4000,0.96975,0.60725,0.00741045697818032,0.000411692054343351,0.460466269501502,0.410993244964709,0.388508507700737,0.387604332096559,0.42363546897993,0.396871323160794,3879,3784,2429,2428,"P2b",2081
409,0.141556050333628,0.341074428247077,0.11322,0.6,4000,0.9675,0.608,0.0390625,0.00534539473684211,0.696619399792297,0.59817264170856,0.576535444362439,0.568868003516246,0.621913090709215,0.568751028317342,3870,3618,2432,2419,"P2b",2081
409,0.141556050333628,0.341074428247077,0.11322,0.8,4000,0.968,0.59525,0.132297354052919,0.0302393952120958,0.990706843523555,0.753420997673606,0.76123167893652,0.72976829744856,0.830191697769341,0.754585150854992,3872,3346,2381,2309,"P2b",2081
276,0.141509510720596,0.394214918418366,0.11322,-0.8,4000,0.92975,0.477,0.111111111111111,0.0372117400419287,-0.984371848985511,-0.694652255590636,-0.688013945109775,-0.648231704952076,-0.815565488700912,-0.672791240498283,3719,2983,1908,1837,"P2b",2090
276,0.141509510720596,0.394214918418366,0.11322,-0.6,4000,0.93375,0.4885,0.0424769703172979,0.00972364380757421,-0.760528804217656,-0.553834743812185,-0.50445131197349,-0.491113311664055,-0.620103586390453,-0.489525470099942,3735,3275,1954,1935,"P2b",2090
276,0.141509510720596,0.394214918418366,0.11322,-0.4,4000,0.93275,0.46125,0.0178861788617886,0.0016260162601626,-0.527531804948113,-0.403002493783194,-0.339572621681369,-0.336023564183435,-0.429339020512281,-0.329846432758921,3731,3491,1845,1842,"P2b",2090
276,0.141509510720596,0.394214918418366,0.11322,-0.2,4000,0.93325,0.48075,0.00260010400416017,0.0015600624024961,-0.257727046387814,-0.201019184768187,-0.156775123737314,-0.154596229921726,-0.195726508315417,-0.142121643677496,3733,3605,1923,1920,"P2b",2090
276,0.141509510720596,0.394214918418366,0.11322,0,4000,0.934,0.47725,0.000523834468308015,0,-0.0446975265669101,-0.00173706639147471,0.0303842660281058,0.0304204834477129,0.0091433018840504,0.0332927624720528,3736,3658,1909,1909,"P2b",2090
276,0.141509510720596,0.394214918418366,0.11322,0.2,4000,0.93625,0.4785,0.00208986415882968,0,0.218606253331563,0.19937794416748,0.19380940724663,0.193527509533781,0.216119462545449,0.200235481630867,3745,3669,1914,1914,"P2b",2090
276,0.141509510720596,0.394214918418366,0.11322,0.4,4000,0.9285,0.485,0.00618556701030928,0.00103092783505155,0.470034668673589,0.400046550587211,0.37600674297275,0.374342977846656,0.422118260419926,0.382191173040205,3714,3569,1940,1938,"P2b",2090
276,0.141509510720596,0.394214918418366,0.11322,0.6,4000,0.93975,0.47025,0.0340244550770867,0.00744284954811271,0.70896278530811,0.578854977964324,0.544563666235236,0.535643154946405,0.62732555373288,0.537476232686906,3759,3419,1881,1867,"P2b",2090
276,0.141509510720596,0.394214918418366,0.11322,0.8,4000,0.93375,0.47575,0.119810825013137,0.0252233315817131,0.961792978478279,0.727472655897899,0.726304222247728,0.697802320699156,0.823471280802637,0.716745150028749,3735,3107,1903,1855,"P2b",2090
509,0.140251472553025,0.341578730931265,0.11322,-0.8,4000,0.97625,0.688,0.130450581395349,0.0414244186046512,-0.943996107760234,-0.736820915123866,-0.752162387710128,-0.711655782872404,-0.815829991612024,-0.732159892139283,3905,3267,2752,2638,"P2b",2098
509,0.140251472553025,0.341578730931265,0.11322,-0.6,4000,0.98125,0.692,0.0411849710982659,0.00614161849710983,-0.713694415497119,-0.589743404679678,-0.553003792994722,-0.543846077932594,-0.615095185982085,-0.533051170664708,3925,3629,2768,2751,"P2b",2098
509,0.140251472553025,0.341578730931265,0.11322,-0.4,4000,0.978,0.682,0.0124633431085044,0.00109970674486804,-0.493650182538095,-0.42288811003199,-0.378062550140663,-0.375810834033115,-0.423355087751539,-0.36933883856335,3912,3746,2728,2725,"P2b",2098
509,0.140251472553025,0.341578730931265,0.11322,-0.2,4000,0.9805,0.67475,0.000741015190811412,0,-0.294655854041261,-0.225096642873745,-0.17654550133927,-0.176452996758388,-0.209428754568235,-0.170154290383249,3922,3863,2699,2699,"P2b",2098
509,0.140251472553025,0.341578730931265,0.11322,0,4000,0.9795,0.67825,0.000368595650571323,0,-0.0216333506726064,-0.0105514395919744,0.0100369996771208,0.0100328608069198,-0.00152342719415099,0.0167774643309413,3918,3889,2713,2713,"P2b",2098
509,0.140251472553025,0.341578730931265,0.11322,0.2,4000,0.98225,0.69,0.00036231884057971,0,0.203307725996029,0.202348677403205,0.197941555684523,0.197925022098594,0.203906482489666,0.196784176413236,3929,3911,2760,2760,"P2b",2098
509,0.140251472553025,0.341578730931265,0.11322,0.4,4000,0.97925,0.6825,0.00512820512820513,0.000732600732600733,0.45425974833747,0.416938191304592,0.391247516312795,0.390129538912012,0.41192406775173,0.384271116008347,3917,3834,2730,2728,"P2b",2098
509,0.140251472553025,0.341578730931265,0.11322,0.6,4000,0.97575,0.675,0.0311111111111111,0.00444444444444444,0.672996249378924,0.604787202821668,0.577788373110866,0.572139016012772,0.621663172158991,0.573775190259982,3903,3719,2700,2688,"P2b",2098
509,0.140251472553025,0.341578730931265,0.11322,0.8,4000,0.979,0.68325,0.129527991218441,0.0197585071350165,0.907556285558666,0.76337645369838,0.767240671029834,0.742728237389959,0.822347478969348,0.759747392336218,3916,3485,2733,2679,"P2b",2098
441,0.141438116835064,0.340306230797747,0.11322,-0.8,4000,0.9725,0.64225,0.131179447255742,0.0506033476060724,-0.953557812197366,-0.726456459355606,-0.74576033116883,-0.694843751912742,-0.823435264444364,-0.72633150026747,3890,3214,2569,2439,"P2b",2108
441,0.141438116835064,0.340306230797747,0.11322,-0.6,4000,0.9745,0.62425,0.0384461353624349,0.0160192230676812,-0.765552571153241,-0.589669220857755,-0.552313567656991,-0.534361453747122,-0.631749546983087,-0.539286999828449,3898,3507,2497,2457,"P2b",2108
441,0.141438116835064,0.340306230797747,0.11322,-0.4,4000,0.9735,0.64125,0.01364522417154,0.00194931773879142,-0.481784267054709,-0.415080950872335,-0.366858720543125,-0.363561523581471,-0.414479452204456,-0.355517842899648,3894,3726,2565,2560,"P2b",2108
441,0.141438116835064,0.340306230797747,0.11322,-0.2,4000,0.973,0.628,0.00238853503184713,0,-0.262922668112465,-0.219845781660727,-0.173530468980647,-0.173287888956931,-0.208205407846648,-0.166714476111333,3892,3805,2512,2512,"P2b",2108
441,0.141438116835064,0.340306230797747,0.11322,0,4000,0.974,0.6295,0.00039714058776807,0,-0.019905231123321,-0.0113367807783068,0.00693401196828904,0.00689152255909637,0.00646344994183641,0.0182189640458392,3896,3871,2518,2518,"P2b",2108
441,0.141438116835064,0.340306230797747,0.11322,0.2,4000,0.96975,0.6305,0.00118953211736717,0,0.217794953977379,0.202161781581869,0.197207882808758,0.197097413044032,0.212329724590954,0.206245118528397,3879,3834,2522,2522,"P2b",2108
441,0.141438116835064,0.340306230797747,0.11322,0.4,4000,0.97475,0.62675,0.00558436378141205,0.000398883127243718,0.456768676393595,0.413797550800972,0.390868222382475,0.390026738479935,0.416066127404926,0.387474093771331,3899,3798,2507,2506,"P2b",2108
441,0.141438116835064,0.340306230797747,0.11322,0.6,4000,0.9735,0.63425,0.0398108001576665,0.00709499408750493,0.68973195705508,0.606503225267285,0.581058550114612,0.572410235123443,0.62843356391387,0.5784143596993,3894,3675,2537,2519,"P2b",2108
441,0.141438116835064,0.340306230797747,0.11322,0.8,4000,0.97475,0.63375,0.13491124260355,0.0256410256410256,0.924342689291916,0.760808883665361,0.768252507594187,0.737820927425899,0.837518883432091,0.770460636547327,3899,3405,2535,2470,"P2b",2108
277,0.208534436745727,0.34198785522224,0.11322,-0.8,4000,0.98175,0.71,0.153169014084507,0.0651408450704225,-0.946513870281017,-0.726442255439058,-0.770344844119632,-0.706206821770395,-0.837589964336277,-0.748466656312712,3927,3198,2840,2655,"P2b",2196
277,0.208534436745727,0.34198785522224,0.11322,-0.6,4000,0.986,0.689,0.0605950653120464,0.0185050798258345,-0.727308970704383,-0.592625105456746,-0.575829146834541,-0.554206529945949,-0.647423746258798,-0.558446851417681,3944,3538,2756,2705,"P2b",2196
277,0.208534436745727,0.34198785522224,0.11322,-0.4,4000,0.982,0.704,0.0181107954545455,0.00319602272727273,-0.473714821703641,-0.41607827661641,-0.379951258439923,-0.374998988281038,-0.420680382162156,-0.366648589111947,3928,3782,2816,2807,"P2b",2196
277,0.208534436745727,0.34198785522224,0.11322,-0.2,4000,0.98675,0.7015,0.00285103349964362,0.000356379187455453,-0.24364597410953,-0.217750557906674,-0.18326903434237,-0.18270031401709,-0.211301577205933,-0.17310013240843,3947,3874,2806,2805,"P2b",2196
277,0.208534436745727,0.34198785522224,0.11322,0,4000,0.98475,0.7015,0.000712758374910905,0,-0.0205724351084194,-0.0139804175099706,0.00984770981566407,0.00998401734624502,0.00245381393711184,0.020613690080419,3939,3907,2806,2806,"P2b",2196
277,0.208534436745727,0.34198785522224,0.11322,0.2,4000,0.9805,0.72075,0.000693721817551162,0.000346860908775581,0.21443043708433,0.208694696480185,0.213685839058876,0.213268302848837,0.217688513385037,0.218372865528648,3922,3897,2883,2882,"P2b",2196
277,0.208534436745727,0.34198785522224,0.11322,0.4,4000,0.983,0.7045,0.010290986515259,0.0014194464158978,0.438166874611655,0.410944121483711,0.39605916138714,0.39387210395553,0.417963783061541,0.39657033681222,3932,3853,2818,2814,"P2b",2196
277,0.208534436745727,0.34198785522224,0.11322,0.6,4000,0.98775,0.71525,0.046487242222999,0.0104858441104509,0.668293591088022,0.593015003235643,0.584174018980441,0.571736425816491,0.627615776983519,0.581172503533459,3951,3725,2861,2831,"P2b",2196
277,0.208534436745727,0.34198785522224,0.11322,0.8,4000,0.981,0.71275,0.133637320238513,0.0417397404419502,0.899648800963388,0.753553168514109,0.778030684641816,0.737355033605011,0.827775398186035,0.772331616756669,3924,3430,2851,2732,"P2b",2196
418,0.141389843107329,0.340871997750179,0.11322,-0.8,4000,0.9625,0.6055,0.121387283236994,0.0478943022295623,-0.976903997513107,-0.723381729587,-0.735127343829276,-0.689125273971494,-0.826671026809687,-0.719280928394519,3850,3122,2422,2306,"P2b",2199
418,0.141389843107329,0.340871997750179,0.11322,-0.6,4000,0.96825,0.6035,0.0405965202982601,0.012013256006628,-0.72704716299961,-0.582367669154048,-0.545575395962001,-0.531890864898386,-0.616493102146004,-0.53092846907092,3873,3495,2414,2385,"P2b",2199
418,0.141389843107329,0.340871997750179,0.11322,-0.4,4000,0.966,0.625,0.0168,0.0016,-0.479595119438196,-0.412783811860437,-0.357975167783724,-0.354906486639596,-0.409796324609195,-0.340353278300534,3864,3712,2500,2496,"P2b",2199
418,0.141389843107329,0.340871997750179,0.11322,-0.2,4000,0.97225,0.6095,0.00287120590648072,0,-0.263213015992794,-0.222649735376937,-0.177166335252859,-0.176934398364517,-0.212009482875935,-0.164298905678174,3889,3808,2438,2438,"P2b",2199
418,0.141389843107329,0.340871997750179,0.11322,0,4000,0.9655,0.61075,0.000409332787556283,0,-0.0283082314988498,-0.0127220955662438,0.00842758027237797,0.00849155363916332,-0.00788030999650476,0.014209443904297,3862,3822,2443,2443,"P2b",2199
418,0.141389843107329,0.340871997750179,0.11322,0.2,4000,0.96675,0.614,0.00244299674267101,0,0.217940404272219,0.204419545027066,0.197878895191212,0.197752082229121,0.210035510666984,0.200994742549429,3867,3832,2456,2456,"P2b",2199
418,0.141389843107329,0.340871997750179,0.11322,0.4,4000,0.96625,0.60525,0.00743494423791822,0.000413052457662123,0.457415979447164,0.414836117943577,0.382772872030537,0.381749901564825,0.42008318283866,0.381676528292463,3865,3762,2421,2420,"P2b",2199
418,0.141389843107329,0.340871997750179,0.11322,0.6,4000,0.9625,0.61,0.0381147540983607,0.00573770491803279,0.684507866288913,0.597730901692008,0.568987331840061,0.56147197628423,0.625352721535494,0.565749075192544,3850,3613,2440,2426,"P2b",2199
418,0.141389843107329,0.340871997750179,0.11322,0.8,4000,0.97025,0.621,0.139291465378422,0.0305958132045089,0.929912501740417,0.760775922819221,0.767735362631147,0.734619782781431,0.840771242945457,0.757383495843864,3881,3353,2484,2408,"P2b",2199
305,0.139930251296233,0.337805418419726,0.11322,-0.8,4000,0.94075,0.49275,0.099949264332826,0.0436326737696601,-1.02351026446427,-0.685795441053276,-0.677221888887783,-0.632795902283147,-0.824388991054437,-0.661416400935256,3763,2955,1971,1885,"P2b",2236
305,0.139930251296233,0.337805418419726,0.11322,-0.6,4000,0.9415,0.47925,0.0537297861241523,0.0130412102243088,-0.776082187947934,-0.56177608838767,-0.515823684066688,-0.498418834136022,-0.627047949275223,-0.508686919906785,3766,3277,1917,1892,"P2b",2236
305,0.139930251296233,0.337805418419726,0.11322,-0.4,4000,0.9375,0.4925,0.0152284263959391,0.00355329949238579,-0.529286549946674,-0.39467086207641,-0.335099594114917,-0.330408368653241,-0.412012540836249,-0.319826442700671,3750,3500,1970,1963,"P2b",2236
305,0.139930251296233,0.337805418419726,0.11322,-0.2,4000,0.942,0.50075,0.00299550673989016,0.000998502246630055,-0.299193385249386,-0.210024958370605,-0.156615438655379,-0.155212452285278,-0.200289969108963,-0.14188875063936,3768,3649,2003,2001,"P2b",2236
305,0.139930251296233,0.337805418419726,0.11322,0,4000,0.94175,0.496,0.00100806451612903,0,-0.0356927441769329,-0.0130811775896038,0.0124075177444251,0.0124460269915639,-0.00226983151860717,0.011872061410021,3767,3704,1984,1984,"P2b",2236
305,0.139930251296233,0.337805418419726,0.11322,0.2,4000,0.94,0.49275,0.0030441400304414,0,0.228107551277831,0.197318152827619,0.194100731259477,0.193966464886063,0.21241458025055,0.199969825739151,3760,3660,1971,1971,"P2b",2236
305,0.139930251296233,0.337805418419726,0.11322,0.4,4000,0.9415,0.499,0.00951903807615231,0.00200400801603206,0.462872511335189,0.400636543639074,0.381147897506018,0.378524090055953,0.423222966247796,0.377533731009999,3766,3616,1996,1992,"P2b",2236
305,0.139930251296233,0.337805418419726,0.11322,0.6,4000,0.9445,0.496,0.0367943548387097,0.00806451612903226,0.709659233016513,0.580948958143916,0.561302983879774,0.551408476769107,0.634602900887758,0.562953769971244,3778,3449,1984,1968,"P2b",2236
305,0.139930251296233,0.337805418419726,0.11322,0.8,4000,0.9395,0.50425,0.12543381259296,0.030738720872583,0.948680886200518,0.729166364845895,0.736739783431127,0.703323243320792,0.825533179356927,0.724035561867523,3758,3196,2017,1955,"P2b",2236
404,0.140102497520643,0.336935450302223,0.11322,-0.8,4000,0.968,0.588,0.116071428571429,0.0497448979591837,-0.986187897376404,-0.726894084262375,-0.735755429545546,-0.687490601142291,-0.83851002149151,-0.718671301740416,3872,3144,2352,2235,"P2b",2246
404,0.140102497520643,0.336935450302223,0.11322,-0.6,4000,0.96325,0.601,0.0453410981697171,0.0133111480865225,-0.727843623071508,-0.579144896411834,-0.545893364125982,-0.530161729789027,-0.622913587946143,-0.532465335980999,3853,3493,2404,2372,"P2b",2246
404,0.140102497520643,0.336935450302223,0.11322,-0.4,4000,0.96725,0.59925,0.0133500208594076,0.00208594075928244,-0.506870525654708,-0.411347029283839,-0.357849791815761,-0.354163680704247,-0.417853755263089,-0.339776409312527,3869,3688,2397,2392,"P2b",2246
404,0.140102497520643,0.336935450302223,0.11322,-0.2,4000,0.9645,0.59475,0.00168137873055906,0,-0.257758990067245,-0.222185389178907,-0.174447689274612,-0.174267969017016,-0.208366010917531,-0.164015261847314,3858,3781,2379,2379,"P2b",2246
404,0.140102497520643,0.336935450302223,0.11322,0,4000,0.9685,0.593,0.00168634064080944,0,-0.0246671726511135,-0.00714106730878478,0.00775941252687124,0.00792895470551795,0.00281937635520449,0.0169456302007698,3874,3822,2372,2372,"P2b",2246
404,0.140102497520643,0.336935450302223,0.11322,0.2,4000,0.9635,0.60875,0.000410677618069815,0,0.228193846438845,0.205850798057054,0.203782194371149,0.203781044029718,0.209543708103544,0.203573577488279,3854,3798,2435,2435,"P2b",2246
404,0.140102497520643,0.336935450302223,0.11322,0.4,4000,0.967,0.58375,0.00599571734475375,0.000856531049250535,0.444324841160929,0.403322986053127,0.374496226079555,0.373282898332489,0.41629615116203,0.374172719344012,3868,3758,2335,2333,"P2b",2246
404,0.140102497520643,0.336935450302223,0.11322,0.6,4000,0.96475,0.60325,0.0414421881475342,0.00455864069622876,0.692529761947093,0.595104797778789,0.57655122252114,0.569096871292407,0.619403717656092,0.571176643025816,3859,3613,2413,2402,"P2b",2246
404,0.140102497520643,0.336935450302223,0.11322,0.8,4000,0.96425,0.5925,0.118143459915612,0.0265822784810127,0.922599418031902,0.741742357120739,0.748085816680046,0.718992296307009,0.813135518880304,0.738388221279927,3857,3323,2370,2307,"P2b",2246
425,0.141816263204897,0.341291897913538,0.11322,-0.8,4000,0.9725,0.62575,0.115061925689173,0.0431482221334399,-0.960303066153159,-0.724727797741559,-0.734047643107553,-0.690446547668098,-0.821436857744339,-0.7165187741835,3890,3222,2503,2395,"P2b",2284
425,0.141816263204897,0.341291897913538,0.11322,-0.6,4000,0.9705,0.612,0.0461601307189543,0.0118464052287582,-0.716963004579344,-0.578220621995703,-0.54074960300588,-0.525511243460563,-0.621089824676791,-0.52366305207925,3882,3498,2448,2419,"P2b",2284
425,0.141816263204897,0.341291897913538,0.11322,-0.4,4000,0.97175,0.62,0.0116935483870968,0.00201612903225806,-0.491738493324122,-0.411894944836937,-0.361242425185725,-0.358109961701247,-0.422747793743259,-0.354890745576137,3887,3713,2480,2475,"P2b",2284
425,0.141816263204897,0.341291897913538,0.11322,-0.2,4000,0.97075,0.6305,0.00237906423473434,0.000396510705789056,-0.253193576411214,-0.222474005717536,-0.177038114420693,-0.176437346882204,-0.207230824881599,-0.159626988660435,3883,3823,2522,2521,"P2b",2284
425,0.141816263204897,0.341291897913538,0.11322,0,4000,0.9695,0.622,0.00120578778135048,0,-0.0274175608512454,-0.0165630411062055,0.00580021104075026,0.00591079177523313,-0.00468108070030494,0.018912220919152,3878,3848,2488,2488,"P2b",2284
425,0.141816263204897,0.341291897913538,0.11322,0.2,4000,0.9685,0.606,0.000825082508250825,0,0.203483508843557,0.198619999357678,0.203110401130291,0.20292733880976,0.206360508771937,0.19832270289677,3874,3828,2424,2424,"P2b",2284
425,0.141816263204897,0.341291897913538,0.11322,0.4,4000,0.972,0.624,0.00721153846153846,0.00120192307692308,0.459200360466432,0.416559439011565,0.386214588289389,0.384474502460951,0.420959228531943,0.381062588429844,3888,3789,2496,2493,"P2b",2284
425,0.141816263204897,0.341291897913538,0.11322,0.6,4000,0.965,0.62225,0.0369626355966252,0.00321414222579349,0.687679193269388,0.598525855669004,0.566023025177764,0.560435689830125,0.621001345916659,0.562190900660683,3860,3644,2489,2481,"P2b",2284
425,0.141816263204897,0.341291897913538,0.11322,0.8,4000,0.97425,0.623,0.118378812199037,0.0284911717495987,0.91812629405463,0.756293843986879,0.763554166358798,0.733121062242269,0.828904163721224,0.758877583740042,3897,3343,2492,2421,"P2b",2284
283,0.140806801181401,0.335302610738629,0.11322,-0.8,4000,0.93825,0.464,0.118534482758621,0.0457974137931034,-1.01144153906737,-0.683150347843353,-0.682133001352784,-0.633264904840083,-0.830869888103777,-0.658262723043842,3753,2937,1856,1771,"P2b",2341
283,0.140806801181401,0.335302610738629,0.11322,-0.6,4000,0.9355,0.47775,0.0340136054421769,0.010989010989011,-0.785532274297929,-0.550964760389875,-0.498079939869469,-0.484754139931504,-0.620241576632172,-0.478680412924055,3742,3253,1911,1890,"P2b",2341
283,0.140806801181401,0.335302610738629,0.11322,-0.4,4000,0.934,0.47275,0.0153358011634056,0.00423056583818086,-0.508014960027512,-0.377727274641083,-0.336129863804709,-0.330207972945587,-0.404327947131926,-0.322007411675573,3736,3467,1891,1883,"P2b",2341
283,0.140806801181401,0.335302610738629,0.11322,-0.2,4000,0.93625,0.47125,0.00477453580901857,0.000530503978779841,-0.268110335398261,-0.211417391065602,-0.15489901108241,-0.153851155208146,-0.217250362725505,-0.151587058407452,3745,3614,1885,1884,"P2b",2341
283,0.140806801181401,0.335302610738629,0.11322,0,4000,0.9375,0.46675,0.00107123727905731,0.000535618639528656,-0.0302554006578078,-0.00851921773196166,0.0223787655511131,0.0216722201619884,0.00336694994402457,0.0325495868455788,3750,3678,1867,1866,"P2b",2341
283,0.140806801181401,0.335302610738629,0.11322,0.2,4000,0.936,0.47075,0.00424853956452469,0,0.227968346896157,0.197689618057851,0.204034866882912,0.203683541160277,0.214825166485541,0.210701702974217,3744,3652,1883,1883,"P2b",2341
283,0.140806801181401,0.335302610738629,0.11322,0.4,4000,0.93225,0.47775,0.0130821559392988,0.000523286237571952,0.471563330506284,0.399436929518417,0.385689243034845,0.38411324164201,0.435337407103273,0.392731375807506,3729,3544,1911,1910,"P2b",2341
283,0.140806801181401,0.335302610738629,0.11322,0.6,4000,0.9355,0.4755,0.0515247108307045,0.00525762355415352,0.723123693246034,0.580950549395683,0.55971736453012,0.550036375406239,0.63525631245117,0.554938444227953,3742,3408,1902,1892,"P2b",2341
283,0.140806801181401,0.335302610738629,0.11322,0.8,4000,0.9265,0.46325,0.127361036157582,0.0329195898542903,0.967817788226239,0.722620614164214,0.729161158683018,0.693246080282482,0.8347562707483,0.720154031564379,3706,3038,1853,1792,"P2b",2341
375,0.140691984885033,0.335463843915326,0.11322,-0.8,4000,0.9605,0.57175,0.118058592041976,0.0507214691735899,-0.967456718047534,-0.714687896423599,-0.727423870321769,-0.677606665953351,-0.825831663213691,-0.711516721784036,3842,3106,2287,2171,"P2b",2356
375,0.140691984885033,0.335463843915326,0.11322,-0.6,4000,0.959,0.55975,0.0482358195623046,0.015631978561858,-0.760546183292204,-0.576573784995487,-0.53793578761319,-0.52027633888505,-0.624497195338626,-0.52006064159127,3836,3419,2239,2204,"P2b",2356
375,0.140691984885033,0.335463843915326,0.11322,-0.4,4000,0.964,0.57225,0.017474879860201,0.000873743993010048,-0.497023346411898,-0.410073688620889,-0.351352925261564,-0.348887115907877,-0.419865318175883,-0.333758477595509,3856,3660,2289,2287,"P2b",2356
375,0.140691984885033,0.335463843915326,0.11322,-0.2,4000,0.96325,0.5645,0.00487156775907883,0.000885739592559787,-0.256154022582444,-0.211770658415646,-0.158493778758602,-0.157178656927802,-0.202931630242357,-0.151240810853988,3853,3758,2258,2256,"P2b",2356
375,0.140691984885033,0.335463843915326,0.11322,0,4000,0.95475,0.564,0,0,-0.0282873739523485,-0.00961961708274094,0.0147452739035618,0.0147452739035618,0.0052617594844028,0.0264203166847867,3819,3760,2256,2256,"P2b",2356
375,0.140691984885033,0.335463843915326,0.11322,0.2,4000,0.96225,0.5735,0.0013077593722755,0,0.196663960547075,0.193218503728398,0.200862732451207,0.200753865811566,0.203053857835126,0.205466421044852,3849,3788,2294,2294,"P2b",2356
375,0.140691984885033,0.335463843915326,0.11322,0.4,4000,0.96675,0.569,0.00790861159929701,0.00175746924428822,0.451181107384802,0.405296929241318,0.381474817441238,0.378877870401613,0.422960485017977,0.38431843800244,3867,3757,2276,2272,"P2b",2356
375,0.140691984885033,0.335463843915326,0.11322,0.6,4000,0.9645,0.57725,0.0329146816803811,0.00519705500216544,0.697178325537976,0.596184561743435,0.566178845538001,0.558964314844975,0.630919368004856,0.559302766568425,3858,3572,2309,2297,"P2b",2356
375,0.140691984885033,0.335463843915326,0.11322,0.8,4000,0.96475,0.56975,0.132953049583151,0.0342255375164546,0.947668414040402,0.75016565666245,0.758460663459711,0.723813728429701,0.83644794328201,0.747220898841138,3859,3275,2279,2201,"P2b",2356
359,0.186121284489045,0.340439996005431,0.11322,-0.8,4000,0.98825,0.747,0.159638554216867,0.0558902275769746,-0.925701458565154,-0.743469249300716,-0.783089912703516,-0.726640742466036,-0.832173098792794,-0.761077531882374,3953,3322,2988,2821,"P2b",2358
359,0.186121284489045,0.340439996005431,0.11322,-0.6,4000,0.985,0.74025,0.060790273556231,0.0155352921310368,-0.699912753730007,-0.598375174079887,-0.58682628199355,-0.56752233944186,-0.630727785538534,-0.575658272373783,3940,3646,2961,2915,"P2b",2358
359,0.186121284489045,0.340439996005431,0.11322,-0.4,4000,0.98825,0.7565,0.0148711169861203,0.00363516192994052,-0.468137629874564,-0.418623747254645,-0.388115266641059,-0.383086602385168,-0.411714248829011,-0.373425784391465,3953,3823,3026,3015,"P2b",2358
359,0.186121284489045,0.340439996005431,0.11322,-0.2,4000,0.98875,0.7495,0.00300200133422282,0,-0.252165848140687,-0.21689866448938,-0.182900300417539,-0.182621977194698,-0.203052792700478,-0.176765115964284,3955,3906,2998,2998,"P2b",2358
359,0.186121284489045,0.340439996005431,0.11322,0,4000,0.98925,0.742,0.00101078167115903,0,-0.0251015504307602,-0.0154696422157223,0.0064233897919106,0.00638245409434023,0.000915069825443341,0.0144964245268954,3957,3935,2968,2968,"P2b",2358
359,0.186121284489045,0.340439996005431,0.11322,0.2,4000,0.98575,0.73825,0.00101591601760921,0,0.216780072433661,0.20961943801952,0.200899971736562,0.200780078217777,0.211200017369854,0.207131446869528,3943,3925,2953,2953,"P2b",2358
359,0.186121284489045,0.340439996005431,0.11322,0.4,4000,0.9875,0.747,0.00669344042838019,0.000669344042838019,0.437053171534469,0.41783026673997,0.403995325718721,0.402827452923172,0.423863928980005,0.406880723740662,3950,3895,2988,2986,"P2b",2358
359,0.186121284489045,0.340439996005431,0.11322,0.6,4000,0.98425,0.7425,0.0454545454545455,0.00404040404040404,0.662010333055899,0.604140346186135,0.590538882696903,0.583085983604752,0.622332647045393,0.586594506094326,3937,3756,2970,2958,"P2b",2358
359,0.186121284489045,0.340439996005431,0.11322,0.8,4000,0.984,0.74975,0.155385128376125,0.0426808936312104,0.910271854466319,0.764330752126474,0.795735910164239,0.751872552642388,0.83485299132542,0.780742678468123,3936,3438,2999,2871,"P2b",2358
298,0.141554051393707,0.338724003589899,0.11322,-0.8,4000,0.9415,0.487,0.106776180698152,0.0446611909650924,-0.993805312496594,-0.688963416901437,-0.690850612148083,-0.645046348040234,-0.831617320590505,-0.668100663775057,3766,2963,1948,1861,"P2b",2368
298,0.141554051393707,0.338724003589899,0.11322,-0.6,4000,0.93525,0.48225,0.0518403317781234,0.0186625194401244,-0.744963510102082,-0.556045903554469,-0.511356544294489,-0.489987126325006,-0.627599245767976,-0.494068117611374,3741,3268,1929,1893,"P2b",2368
298,0.141554051393707,0.338724003589899,0.11322,-0.4,4000,0.936,0.47975,0.0192808754559666,0.00364773319437207,-0.52130708410568,-0.3965092849764,-0.342516201618446,-0.336947077200029,-0.415489405460663,-0.332156774209287,3744,3487,1919,1912,"P2b",2368
298,0.141554051393707,0.338724003589899,0.11322,-0.2,4000,0.94675,0.47725,0.0036668412781561,0.00104766893661603,-0.274139190371162,-0.204398240259398,-0.155551545842304,-0.153782410659152,-0.193611220981267,-0.133669404600094,3787,3640,1909,1907,"P2b",2368
298,0.141554051393707,0.338724003589899,0.11322,0,4000,0.94175,0.488,0.00102459016393443,0,-0.033539172589097,-0.0140711529246184,0.017475972206884,0.0175824271702168,0.00296560996433758,0.0292785162810287,3767,3697,1952,1952,"P2b",2368
298,0.141554051393707,0.338724003589899,0.11322,0.2,4000,0.9395,0.4915,0.000508646998982706,0.00101729399796541,0.232139334658637,0.211572126304441,0.203046070706938,0.203311205552819,0.223617681251117,0.209771725979923,3758,3677,1966,1964,"P2b",2368
298,0.141554051393707,0.338724003589899,0.11322,0.4,4000,0.941,0.49975,0.0115057528764382,0.00150075037518759,0.465789490169958,0.398393804253922,0.376982155083824,0.374743507221848,0.417316812289996,0.373735195089202,3764,3604,1999,1996,"P2b",2368
298,0.141554051393707,0.338724003589899,0.11322,0.6,4000,0.9425,0.49125,0.0493638676844784,0.00916030534351145,0.713304439742538,0.571387707886373,0.553299300364683,0.540932986403383,0.623849422147679,0.547906663315234,3770,3442,1965,1947,"P2b",2368
298,0.141554051393707,0.338724003589899,0.11322,0.8,4000,0.934,0.48175,0.137519460300986,0.0321743642968345,0.950663180689028,0.732049246673489,0.740995765985673,0.706911279769922,0.845695752409052,0.738309158310319,3736,3088,1927,1865,"P2b",2368
167,0.141006791028282,0.344004601172684,0.11322,-0.8,4000,0.874,0.30425,0.0821692686935086,0.0410846343467543,-1.14040837674021,-0.620679829581042,-0.588746231478729,-0.54426791579363,-0.832267788042629,-0.565883553685169,3496,2579,1217,1167,"P2b",2377
167,0.141006791028282,0.344004601172684,0.11322,-0.6,4000,0.88225,0.31175,0.0400962309542903,0.0168404170008019,-0.79951998386122,-0.493834918804954,-0.447070437327204,-0.425640281571918,-0.611359016373959,-0.430683440366061,3529,2964,1247,1226,"P2b",2377
167,0.141006791028282,0.344004601172684,0.11322,-0.4,4000,0.8675,0.2915,0.0128644939965695,0.00514579759862779,-0.546935157744773,-0.341959825588328,-0.268301816962106,-0.260731706058717,-0.411885480549828,-0.264681669382227,3470,3068,1166,1160,"P2b",2377
167,0.141006791028282,0.344004601172684,0.11322,-0.2,4000,0.88025,0.298,0.011744966442953,0,-0.295951668250752,-0.17519859035754,-0.112708694106955,-0.111669737891227,-0.200426844020738,-0.118059909418114,3521,3303,1192,1192,"P2b",2377
167,0.141006791028282,0.344004601172684,0.11322,0,4000,0.85975,0.2945,0.00424448217317487,0,-0.0259039959876408,0.00749425708266152,0.0417354537708666,0.0417763471365483,0.0234835138665707,0.0627208141360211,3439,3285,1178,1178,"P2b",2377
167,0.141006791028282,0.344004601172684,0.11322,0.2,4000,0.8725,0.3005,0.00332778702163062,0.000831946755407654,0.201759005176251,0.175079898222758,0.203964856724118,0.202563366019945,0.21003051353855,0.217012088218808,3490,3308,1202,1201,"P2b",2377
167,0.141006791028282,0.344004601172684,0.11322,0.4,4000,0.87275,0.298,0.0218120805369128,0.00251677852348993,0.51207696493792,0.365314632706609,0.36795472658077,0.363705782636788,0.429741714092851,0.365793677722663,3491,3203,1192,1189,"P2b",2377
167,0.141006791028282,0.344004601172684,0.11322,0.6,4000,0.86675,0.28975,0.0491803278688525,0.0103537532355479,0.70814291996369,0.511835733626894,0.530956341536787,0.517401215740911,0.628051534453881,0.530538811242034,3467,2999,1159,1147,"P2b",2377
167,0.141006791028282,0.344004601172684,0.11322,0.8,4000,0.86925,0.285,0.113157894736842,0.0192982456140351,0.998650650434947,0.658169727226201,0.677818968418352,0.652097020428709,0.819828770694983,0.689229321508243,3477,2712,1140,1118,"P2b",2377
140,0.141435086476373,0.338596008537058,0.11322,-0.8,4000,0.84275,0.2475,0.0676767676767677,0.0404040404040404,-1.0824335033157,-0.587659859826837,-0.56662536508836,-0.524830733638981,-0.82124661988172,-0.567460344522045,3371,2463,990,950,"P2b",2462
140,0.141435086476373,0.338596008537058,0.11322,-0.6,4000,0.8285,0.2445,0.032719836400818,0.0081799591002045,-0.838981645535327,-0.465211067680746,-0.394025461774407,-0.382156059686205,-0.606656484319971,-0.378615680374835,3314,2710,978,970,"P2b",2462
140,0.141435086476373,0.338596008537058,0.11322,-0.4,4000,0.83925,0.24925,0.0180541624874624,0.00501504513540622,-0.560598944221118,-0.316868914749816,-0.262226477949068,-0.254795016946472,-0.406213435771987,-0.248827437739783,3357,2962,997,992,"P2b",2462
140,0.141435086476373,0.338596008537058,0.11322,-0.2,4000,0.843,0.2505,0.00798403193612774,0.0029940119760479,-0.291588110324248,-0.150731549925562,-0.0989875636507365,-0.0942340234149897,-0.188952055724252,-0.102518437071148,3372,3099,1002,999,"P2b",2462
140,0.141435086476373,0.338596008537058,0.11322,0,4000,0.8435,0.2545,0.00392927308447937,0.000982318271119843,-0.0673050305309081,0.021915364175842,0.0545128509593972,0.0560793903503693,0.0190804488492656,0.0712499080327554,3374,3155,1018,1017,"P2b",2462
140,0.141435086476373,0.338596008537058,0.11322,0.2,4000,0.851,0.263,0.00665399239543726,0.000950570342205323,0.186028211264624,0.180824614314675,0.2085491713154,0.206986219240446,0.215458570395902,0.219435490545948,3404,3179,1052,1051,"P2b",2462
140,0.141435086476373,0.338596008537058,0.11322,0.4,4000,0.854,0.25025,0.01998001998002,0.001998001998002,0.504155879040144,0.343301323373487,0.37046823527192,0.366071021829153,0.41461049328301,0.37850029833929,3416,3089,1001,999,"P2b",2462
140,0.141435086476373,0.338596008537058,0.11322,0.6,4000,0.83625,0.252,0.0496031746031746,0.00892857142857143,0.759500865587096,0.506141725687525,0.515536905967708,0.503799687308096,0.625372778704729,0.523774857416844,3345,2819,1008,999,"P2b",2462
140,0.141435086476373,0.338596008537058,0.11322,0.8,4000,0.857,0.26975,0.104726598702502,0.0342910101946247,0.985294740229161,0.630434310710758,0.642897317249226,0.605057185093163,0.821277240335009,0.650929784356512,3428,2667,1079,1042,"P2b",2462
229,0.140659984348947,0.33278033968358,0.11322,-0.8,4000,0.912,0.38475,0.0994152046783626,0.037037037037037,-1.0429052207295,-0.652311208359461,-0.639062566880714,-0.597852933283399,-0.826708123249806,-0.62871547141083,3648,2765,1539,1482,"P2b",2475
229,0.140659984348947,0.33278033968358,0.11322,-0.6,4000,0.91425,0.396,0.0467171717171717,0.014520202020202,-0.787680122523585,-0.528147967807931,-0.476482792517467,-0.458687506449573,-0.624126696777934,-0.469088600752685,3657,3104,1584,1561,"P2b",2475
229,0.140659984348947,0.33278033968358,0.11322,-0.4,4000,0.90825,0.38475,0.0227420402858999,0.00389863547758285,-0.560097259979143,-0.36539949492801,-0.309050148543487,-0.30281674618747,-0.404411556144088,-0.293679121320773,3633,3314,1539,1533,"P2b",2475
229,0.140659984348947,0.33278033968358,0.11322,-0.2,4000,0.911,0.3855,0.00778210116731518,0.0012970168612192,-0.296422437218099,-0.18881749114322,-0.14371939602621,-0.141405998735199,-0.198627531820367,-0.134704961464042,3644,3434,1542,1540,"P2b",2475
229,0.140659984348947,0.33278033968358,0.11322,0,4000,0.91325,0.38125,0.00131147540983607,0,-0.0127055310698957,0.010622369377683,0.0424296754972329,0.0424314444782481,0.0192311036888492,0.0426306521585989,3653,3532,1525,1525,"P2b",2475
229,0.140659984348947,0.33278033968358,0.11322,0.2,4000,0.91575,0.387,0.00193798449612403,0.00193798449612403,0.225368332879673,0.190873066505687,0.202394248727835,0.200044309220807,0.215588152450947,0.207488394562405,3663,3528,1548,1545,"P2b",2475
229,0.140659984348947,0.33278033968358,0.11322,0.4,4000,0.9005,0.394,0.0152284263959391,0.00634517766497462,0.478750801005354,0.378175583560235,0.375859590510289,0.370011730840765,0.420273033834727,0.379559756653927,3602,3399,1576,1566,"P2b",2475
229,0.140659984348947,0.33278033968358,0.11322,0.6,4000,0.907,0.39225,0.0503505417463352,0.0101975780752071,0.739378708126172,0.55381272159502,0.54401430291691,0.530937475345119,0.627610950528818,0.534816919287531,3628,3214,1569,1553,"P2b",2475
229,0.140659984348947,0.33278033968358,0.11322,0.8,4000,0.91125,0.385,0.124675324675325,0.0292207792207792,0.980530717179105,0.693162890082509,0.704109872638863,0.672113747557118,0.826606086683003,0.702099437105504,3645,2923,1540,1495,"P2b",2475
375,0.32064767702869,0.335852533032124,0.11322,-0.8,4000,0.99975,0.97875,0.162452107279693,0.0602809706257982,-0.845611082342307,-0.777958548237944,-0.831017524291589,-0.776781545450204,-0.819565978904053,-0.81352483275156,3999,3710,3915,3679,"P2b",2495
375,0.32064767702869,0.335852533032124,0.11322,-0.6,4000,1,0.98125,0.052484076433121,0.015796178343949,-0.636082420045176,-0.609671164581423,-0.624772175317883,-0.607575852405397,-0.611350064597634,-0.606008731887705,4000,3907,3925,3863,"P2b",2495
375,0.32064767702869,0.335852533032124,0.11322,-0.4,4000,0.9995,0.97375,0.0118100128369705,0.00154043645699615,-0.432738237266219,-0.426806953356772,-0.422604959084133,-0.420070213618258,-0.411544492992797,-0.404875416005048,3998,3982,3895,3889,"P2b",2495
375,0.32064767702869,0.335852533032124,0.11322,-0.2,4000,0.99975,0.9765,0.00102406554019457,0.000256016385048643,-0.220631249930082,-0.219604562620292,-0.215150499543622,-0.214773112354517,-0.207794488986222,-0.204024796588868,3999,3996,3906,3905,"P2b",2495
375,0.32064767702869,0.335852533032124,0.11322,0,4000,0.99975,0.98,0.000255102040816327,0,-0.00320806964594745,-0.00314860660632272,-0.000812136777357696,-0.000751475375454814,0.0056684272015835,0.00724274826743237,3999,3999,3920,3920,"P2b",2495
375,0.32064767702869,0.335852533032124,0.11322,0.2,4000,1,0.979,0,0,0.201300398522632,0.201656608834057,0.200324960282114,0.200324960282114,0.201084566455113,0.200876823789814,4000,3999,3916,3916,"P2b",2495
375,0.32064767702869,0.335852533032124,0.11322,0.4,4000,1,0.97825,0.00332225913621262,0.000511116790186558,0.414759744533488,0.413238291390469,0.412404826393535,0.411703612203055,0.413254005077723,0.411846558859954,4000,3995,3913,3911,"P2b",2495
375,0.32064767702869,0.335852533032124,0.11322,0.6,4000,1,0.97975,0.031895891809135,0.0051033426894616,0.625330076251961,0.61618452963305,0.619811097258396,0.613353358354592,0.613970516222288,0.610478322195464,4000,3971,3919,3899,"P2b",2495
375,0.32064767702869,0.335852533032124,0.11322,0.8,4000,0.99975,0.97975,0.162031130390406,0.0321510589436081,0.84088181034889,0.799886225298434,0.8309769220016,0.798650473007785,0.828165211852393,0.823430130871089,3999,3833,3919,3793,"P2b",2495
173,0.124809900701157,0.288382314000574,0.23722,-0.8,4000,0.835,0.21925,0.0615735461801596,0.0410490307867731,-1.17561164531083,-0.550588346123468,-0.516363374682316,-0.471670056870759,-0.812493742341516,-0.4895550494621,3340,2339,877,841,"P3",13
173,0.124809900701157,0.288382314000574,0.23722,-0.6,4000,0.85175,0.23325,0.0267952840300107,0.00643086816720257,-0.949667607226838,-0.447885518168537,-0.33756883308332,-0.328289884018937,-0.605347902030237,-0.331733181560449,3407,2717,933,927,"P3",13
173,0.124809900701157,0.288382314000574,0.23722,-0.4,4000,0.8415,0.228,0.0109649122807018,0.00219298245614035,-0.621690389553672,-0.306419202524155,-0.173519224603902,-0.169583192457521,-0.38423451833693,-0.163919675649612,3366,2918,912,910,"P3",13
173,0.124809900701157,0.288382314000574,0.23722,-0.2,4000,0.8405,0.2425,0.00515463917525773,0.00103092783505155,-0.343288580080144,-0.155674831824033,-0.0303210536106356,-0.0285969738807809,-0.183706075336122,-0.00594276357184616,3362,3051,970,969,"P3",13
173,0.124809900701157,0.288382314000574,0.23722,0,4000,0.845,0.2335,0.00321199143468951,0,-0.100934852868581,0.0216794786716052,0.119553235738273,0.119389547310837,0.0313346454508417,0.129298670723544,3380,3134,934,934,"P3",13
173,0.124809900701157,0.288382314000574,0.23722,0.2,4000,0.84625,0.23625,0.00740740740740741,0,0.198615068021137,0.202869356352169,0.272836608212115,0.27239773974011,0.248858999529168,0.296596839762304,3385,3178,945,945,"P3",13
173,0.124809900701157,0.288382314000574,0.23722,0.4,4000,0.83725,0.2415,0.0186335403726708,0.0020703933747412,0.483014215626582,0.375540291305901,0.418989965784979,0.415339124502205,0.456092221283357,0.429756497731167,3349,3069,966,964,"P3",13
173,0.124809900701157,0.288382314000574,0.23722,0.6,4000,0.843,0.243,0.0565843621399177,0.00823045267489712,0.672694510600216,0.522357998540467,0.556458954320952,0.544495658020742,0.640998742623519,0.578832673451651,3372,2928,972,964,"P3",13
173,0.124809900701157,0.288382314000574,0.23722,0.8,4000,0.83925,0.251,0.125498007968127,0.0448207171314741,1.01505301914726,0.658837198485099,0.71815118981223,0.674624049319008,0.839256361306772,0.71654798452064,3357,2633,1004,959,"P3",13
172,0.0714231769541075,0.407352002482589,0.23722,-0.8,4000,0.7215,0.146,0.0205479452054795,0.0102739726027397,-1.0080788947928,-0.502560308612128,-0.380900834083973,-0.369226846458035,-0.692514295076007,-0.363302745247015,2886,2222,584,578,"P3",124
172,0.0714231769541075,0.407352002482589,0.23722,-0.6,4000,0.73125,0.1575,0.0206349206349206,0.00476190476190476,-0.757061558158034,-0.373264706179962,-0.264222640576168,-0.256888587266874,-0.47285241657887,-0.237016140326667,2925,2454,630,627,"P3",124
172,0.0714231769541075,0.407352002482589,0.23722,-0.4,4000,0.7135,0.1425,0.0087719298245614,0,-0.514062072885667,-0.251117976369815,-0.154852198777394,-0.154206593083399,-0.313373840726836,-0.122603758284442,2854,2529,570,570,"P3",124
172,0.0714231769541075,0.407352002482589,0.23722,-0.2,4000,0.7215,0.162,0.00925925925925926,0,-0.271619223668728,-0.104496859839055,-0.00595220972983622,-0.0052702063462418,-0.120744922298527,0.0194624255409977,2886,2650,648,648,"P3",124
172,0.0714231769541075,0.407352002482589,0.23722,0,4000,0.7315,0.15825,0.00157977883096367,0,0.0073974577472452,0.041896879729722,0.144507625532607,0.144498786753837,0.0612576803089356,0.15740711070126,2926,2724,633,633,"P3",124
172,0.0714231769541075,0.407352002482589,0.23722,0.2,4000,0.728,0.161,0.0031055900621118,0,0.199262554167954,0.197933610485655,0.268271523238921,0.267968619072383,0.244520579701425,0.280263160582881,2912,2751,644,644,"P3",124
172,0.0714231769541075,0.407352002482589,0.23722,0.4,4000,0.72325,0.159,0.0110062893081761,0.00157232704402516,0.453416563909978,0.35132074950895,0.369180810475378,0.366979867513016,0.413374975159199,0.379426504504809,2893,2647,636,635,"P3",124
172,0.0714231769541075,0.407352002482589,0.23722,0.6,4000,0.70425,0.16025,0.0234009360374415,0.0046801872074883,0.677530496162781,0.465521142668244,0.472946410717442,0.46764249504318,0.564312813514752,0.469420245509112,2817,2473,641,638,"P3",124
172,0.0714231769541075,0.407352002482589,0.23722,0.8,4000,0.7245,0.164,0.0746951219512195,0.00762195121951219,0.908288079927153,0.603380179648911,0.622120631407924,0.609633921175329,0.7410870178191,0.605118011960787,2898,2370,656,651,"P3",124
268,0.0463585131499157,0.219139707410296,0.23722,-0.8,4000,0.67775,0.0975,0.0282051282051282,0.00256410256410256,-1.01929078724146,-0.380753591621042,-0.214866615744818,-0.209608646272107,-0.593951806611154,-0.197239932181763,2711,2062,390,389,"P3",169
268,0.0463585131499157,0.219139707410296,0.23722,-0.6,4000,0.67725,0.10675,0.0163934426229508,0,-0.683561025676761,-0.29923088665267,-0.139778173771795,-0.13926477800325,-0.430379878365401,-0.12125509651481,2709,2236,427,427,"P3",169
268,0.0463585131499157,0.219139707410296,0.23722,-0.4,4000,0.6895,0.1055,0.00947867298578199,0,-0.48204116897669,-0.167326685987218,-0.0267587415495212,-0.0265294729602229,-0.23904687810328,-0.0384991016731932,2758,2376,422,422,"P3",169
268,0.0463585131499157,0.219139707410296,0.23722,-0.2,4000,0.67275,0.1085,0.00230414746543779,0,-0.281620670840164,-0.0604862963781861,0.0613658821629869,0.0611007610151397,-0.0897649231914975,0.0687400835818935,2691,2372,434,434,"P3",169
268,0.0463585131499157,0.219139707410296,0.23722,0,4000,0.6815,0.10725,0.00466200466200466,0.00233100233100233,-0.0816699430798657,0.0650974967377073,0.186015681369283,0.18329280535092,0.0778655233285361,0.203999916514507,2726,2461,429,428,"P3",169
268,0.0463585131499157,0.219139707410296,0.23722,0.2,4000,0.6855,0.1045,0.00956937799043062,0,0.127461783545891,0.183764310742243,0.279677021840634,0.278707314345639,0.2351016560003,0.300873346956756,2742,2461,418,418,"P3",169
268,0.0463585131499157,0.219139707410296,0.23722,0.4,4000,0.6955,0.105,0.0166666666666667,0.00476190476190476,0.410123752440881,0.321482328312628,0.402518619350337,0.396632425779584,0.408955538767393,0.415767579607986,2782,2459,420,418,"P3",169
268,0.0463585131499157,0.219139707410296,0.23722,0.6,4000,0.691,0.10725,0.0442890442890443,0.013986013986014,0.687074690099781,0.432712669394094,0.499523181365954,0.484120618101143,0.585824326854547,0.513173456915296,2764,2281,429,423,"P3",169
268,0.0463585131499157,0.219139707410296,0.23722,0.8,4000,0.68475,0.102,0.0686274509803922,0.00735294117647059,0.8821247833522,0.554510201553096,0.60027990936021,0.587219926191445,0.749488706579914,0.60509415552587,2739,2161,408,405,"P3",169
312,0.0463541569021553,0.219808184470869,0.23722,-0.8,4000,0.69675,0.1205,0.0186721991701245,0.004149377593361,-0.997336051741436,-0.410858365163652,-0.299745807647229,-0.29387567308468,-0.615574458357295,-0.308271110434867,2787,2121,482,480,"P3",374
312,0.0463541569021553,0.219808184470869,0.23722,-0.6,4000,0.70425,0.12,0.0145833333333333,0.00416666666666667,-0.751113978283187,-0.303297581394994,-0.181583950906595,-0.175339802201907,-0.434843200366802,-0.174673236444474,2817,2326,480,478,"P3",374
312,0.0463541569021553,0.219808184470869,0.23722,-0.4,4000,0.704,0.1225,0.00816326530612245,0.00204081632653061,-0.49557274985316,-0.193677347942552,-0.074870382228934,-0.0712139548801371,-0.278711320523236,-0.0501539062105249,2816,2414,490,489,"P3",374
312,0.0463541569021553,0.219808184470869,0.23722,-0.2,4000,0.7115,0.11625,0.0021505376344086,0,-0.262200667565622,-0.0622898831465226,0.0374995054786664,0.0375596752332147,-0.0869787418701646,0.0713448804473346,2846,2572,465,465,"P3",374
312,0.0463541569021553,0.219808184470869,0.23722,0,4000,0.69775,0.115,0,0,-0.0295090891563354,0.0681580886209545,0.168057027387303,0.168057027387303,0.0791034005465229,0.162515927270839,2791,2550,460,460,"P3",374
312,0.0463541569021553,0.219808184470869,0.23722,0.2,4000,0.69375,0.12275,0.00814663951120163,0,0.193091877232832,0.209555493297789,0.286912569583519,0.28604772207395,0.261646079584968,0.302668275754856,2775,2540,491,491,"P3",374
312,0.0463541569021553,0.219808184470869,0.23722,0.4,4000,0.68275,0.12225,0.0143149284253579,0.00408997955010225,0.453349830524855,0.332530967403622,0.401843184877199,0.397217892785116,0.421975106933592,0.417648691598439,2731,2433,489,487,"P3",374
312,0.0463541569021553,0.219808184470869,0.23722,0.6,4000,0.709,0.11875,0.0315789473684211,0.00421052631578947,0.699602910714348,0.44188724958326,0.49095013422209,0.483946144091762,0.566978742819684,0.495382118278427,2836,2419,475,473,"P3",374
312,0.0463541569021553,0.219808184470869,0.23722,0.8,4000,0.69575,0.12175,0.0780287474332649,0.0205338809034908,0.948618082839732,0.548239551137948,0.605256079987161,0.581396633191478,0.73355320225108,0.592776810755506,2783,2187,487,477,"P3",374
199,0.0558019560056364,0.219878204235589,0.23722,-0.8,4000,0.6695,0.09575,0.0182767624020888,0,-0.995544020640458,-0.345985319187785,-0.1859308600796,-0.183790538068665,-0.564248394659171,-0.141270031337537,2678,2037,383,383,"P3",403
199,0.0558019560056364,0.219878204235589,0.23722,-0.6,4000,0.68125,0.09525,0.010498687664042,0,-0.766082675288304,-0.275689890471316,-0.121804946362127,-0.121698838945103,-0.446635230028814,-0.10346899009895,2725,2150,381,381,"P3",403
199,0.0558019560056364,0.219878204235589,0.23722,-0.4,4000,0.6805,0.095,0.00263157894736842,0.00263157894736842,-0.540799816576215,-0.163057046389201,-0.00624362854524649,-0.00263140930235027,-0.261762727044035,0.00498995141442905,2722,2264,380,379,"P3",403
199,0.0558019560056364,0.219878204235589,0.23722,-0.2,4000,0.68425,0.08825,0.0028328611898017,0.0028328611898017,-0.306769099352987,-0.0444124106453984,0.0910930711202542,0.0956528508513438,-0.0760944967303466,0.0874375449565874,2737,2369,353,352,"P3",403
199,0.0558019560056364,0.219878204235589,0.23722,0,4000,0.67425,0.088,0.00568181818181818,0,-0.0653070274545133,0.0872273690192975,0.1994685973353,0.199533020441845,0.0860878111059367,0.207647674712697,2697,2365,352,352,"P3",403
199,0.0558019560056364,0.219878204235589,0.23722,0.2,4000,0.65825,0.087,0.014367816091954,0,0.163288877421292,0.181589696134494,0.314069532902308,0.312563873584134,0.232702020802077,0.318717785796608,2633,2341,348,348,"P3",403
199,0.0558019560056364,0.219878204235589,0.23722,0.4,4000,0.67125,0.102,0.0269607843137255,0.00490196078431373,0.416844665371081,0.326191924742345,0.408166664782172,0.401054022877638,0.448889711864492,0.436855385987696,2685,2320,408,406,"P3",403
199,0.0558019560056364,0.219878204235589,0.23722,0.6,4000,0.6715,0.097,0.0412371134020619,0.0180412371134021,0.670434780886037,0.447009441623523,0.538278778678698,0.521247893296651,0.622127169375353,0.548417486986861,2686,2217,388,381,"P3",403
199,0.0558019560056364,0.219878204235589,0.23722,0.8,4000,0.6755,0.0955,0.0863874345549738,0.0104712041884817,0.902285821084522,0.544130550289341,0.622134299961579,0.604562175495307,0.760851749919878,0.650173875696144,2702,2074,382,378,"P3",403
293,0.0797119386507002,0.315390955655563,0.23722,-0.8,4000,0.80975,0.2325,0.0580645161290323,0.0193548387096774,-1.04851386720761,-0.577046245223308,-0.499396519360738,-0.475567501561834,-0.76078520866436,-0.483266021790145,3239,2459,930,912,"P3",436
293,0.0797119386507002,0.315390955655563,0.23722,-0.6,4000,0.821,0.23725,0.0189673340358272,0.00316122233930453,-0.779606485126019,-0.456114200537396,-0.325242191946213,-0.320556904388018,-0.556096832957655,-0.31163344734651,3284,2763,949,946,"P3",436
293,0.0797119386507002,0.315390955655563,0.23722,-0.4,4000,0.80675,0.237,0.00949367088607595,0.00105485232067511,-0.541585223117024,-0.308385011621732,-0.187054950238858,-0.185119751708934,-0.354506693338788,-0.176801634874848,3227,2883,948,947,"P3",436
293,0.0797119386507002,0.315390955655563,0.23722,-0.2,4000,0.82825,0.23,0.00217391304347826,0,-0.281537662602959,-0.159587259394928,-0.0357511891872728,-0.0356063400623038,-0.179777915014726,-0.0218633492983647,3313,3080,920,920,"P3",436
293,0.0797119386507002,0.315390955655563,0.23722,0,4000,0.81925,0.23075,0.00216684723726977,0,-0.0462234149019139,0.0135588102738689,0.098562438795647,0.098568631269439,0.0263820474640895,0.0966727187811454,3277,3112,923,923,"P3",436
293,0.0797119386507002,0.315390955655563,0.23722,0.2,4000,0.81,0.231,0.00108225108225108,0.00108225108225108,0.208481088980268,0.189369903849128,0.241676664952596,0.240428302542628,0.221923445284627,0.259512464816318,3240,3103,924,923,"P3",436
293,0.0797119386507002,0.315390955655563,0.23722,0.4,4000,0.805,0.235,0.0106382978723404,0.00212765957446809,0.462417903160904,0.362077363794675,0.379141761722428,0.376448509447801,0.413805657245126,0.379832947917772,3220,3003,940,938,"P3",436
293,0.0797119386507002,0.315390955655563,0.23722,0.6,4000,0.81725,0.23925,0.0303030303030303,0.00417972831765935,0.694146738303807,0.524515548054196,0.524450830563218,0.518760488244851,0.60688928670742,0.542895377495511,3269,2940,957,953,"P3",436
293,0.0797119386507002,0.315390955655563,0.23722,0.8,4000,0.82025,0.2305,0.0943600867678959,0.00759219088937093,0.969140765296626,0.662351156861036,0.666238340663361,0.651942228553681,0.797193019520879,0.670973141419204,3281,2652,922,915,"P3",436
280,0.0463596347386747,0.219347925184508,0.23722,-0.8,4000,0.6885,0.10575,0.0189125295508274,0.00945626477541371,-1.02954840305215,-0.392061994056122,-0.241055183813729,-0.226835413819527,-0.597522610438997,-0.231292260543474,2754,2083,423,419,"P3",477
280,0.0463596347386747,0.219347925184508,0.23722,-0.6,4000,0.675,0.1035,0.00483091787439614,0.00241545893719807,-0.721937184200389,-0.299105760229291,-0.145511017137211,-0.141973745871799,-0.425067415978005,-0.139796828819061,2700,2230,414,413,"P3",477
280,0.0463596347386747,0.219347925184508,0.23722,-0.4,4000,0.69325,0.10975,0.00227790432801822,0,-0.517583452076101,-0.183019598334729,-0.0450785471858976,-0.044596062177594,-0.264463302339001,-0.0331770124850526,2773,2366,439,439,"P3",477
280,0.0463596347386747,0.219347925184508,0.23722,-0.2,4000,0.69275,0.10425,0.00719424460431655,0,-0.410499885182216,-0.0644577345448283,0.0356966660390011,0.0353978598883801,-0.110482952987209,0.0327892646789673,2771,2414,417,417,"P3",477
280,0.0463596347386747,0.219347925184508,0.23722,0,4000,0.68125,0.10675,0.00702576112412178,0,-0.061854569298893,0.0613772069120222,0.152656658883378,0.152493306502571,0.070451256337742,0.158048619749773,2725,2451,427,427,"P3",477
280,0.0463596347386747,0.219347925184508,0.23722,0.2,4000,0.6875,0.10825,0.0069284064665127,0.0023094688221709,0.222482717736691,0.196378676996719,0.273876547038234,0.270658486126818,0.254193334992653,0.268512356420096,2750,2496,433,432,"P3",477
280,0.0463596347386747,0.219347925184508,0.23722,0.4,4000,0.69675,0.11075,0.0135440180586907,0.0090293453724605,0.439058686619971,0.333979842072494,0.388736550469704,0.37790102906617,0.416938599166258,0.391535971322301,2787,2453,443,439,"P3",477
280,0.0463596347386747,0.219347925184508,0.23722,0.6,4000,0.6835,0.111,0.0247747747747748,0.00675675675675676,0.63325314245424,0.422457084413436,0.483243222790894,0.474937674973716,0.552531065917192,0.49376945872043,2734,2346,444,441,"P3",477
280,0.0463596347386747,0.219347925184508,0.23722,0.8,4000,0.672,0.1115,0.0560538116591928,0.0112107623318386,0.974952843493853,0.550404611039076,0.611535180309722,0.596600139133774,0.735502147423214,0.61366132724823,2688,2119,446,441,"P3",477
81,0.0652222487335504,0.549521946561914,0.23722,-0.8,4000,0.6255,0.09725,0.0282776349614396,0.0077120822622108,-0.84209003631946,-0.369674854435738,-0.278051927517144,-0.267246031940653,-0.549836534969921,-0.259735591182797,2502,1993,389,386,"P3",559
81,0.0652222487335504,0.549521946561914,0.23722,-0.6,4000,0.63875,0.09425,0.013262599469496,0,-0.632804543223491,-0.2792437509485,-0.184511474784226,-0.183870369686816,-0.393941046981457,-0.181160577436087,2555,2125,377,377,"P3",559
81,0.0652222487335504,0.549521946561914,0.23722,-0.4,4000,0.634,0.1065,0.00938967136150235,0,-0.416547521253708,-0.159174810849793,-0.0406037887356721,-0.0400995296452446,-0.218002379423277,-0.0281630662288743,2536,2220,426,426,"P3",559
81,0.0652222487335504,0.549521946561914,0.23722,-0.2,4000,0.641,0.101,0.00742574257425743,0,-0.253200766038219,-0.0583856421416905,0.0509281763251889,0.0508675967240803,-0.0838184016420284,0.0538031158312249,2564,2273,404,404,"P3",559
81,0.0652222487335504,0.549521946561914,0.23722,0,4000,0.62875,0.09975,0.0025062656641604,0.0025062656641604,-0.0378277788623844,0.0630721723165802,0.144462466309318,0.147911304021216,0.0681818865193416,0.16794851035455,2515,2242,399,398,"P3",559
81,0.0652222487335504,0.549521946561914,0.23722,0.2,4000,0.6315,0.0985,0.00761421319796954,0,0.133976801294817,0.182970027602249,0.261861975380954,0.260991045043065,0.230029989185329,0.284052609202557,2526,2262,394,394,"P3",559
81,0.0652222487335504,0.549521946561914,0.23722,0.4,4000,0.62975,0.101,0.0198019801980198,0,0.388628811869063,0.308606064810614,0.386415274273078,0.384840111548511,0.409911540800292,0.401326081254457,2519,2240,404,404,"P3",559
81,0.0652222487335504,0.549521946561914,0.23722,0.6,4000,0.642,0.0985,0.0279187817258883,0.00253807106598985,0.652597137970564,0.430049277700174,0.457158839688497,0.452387542715239,0.54732823494827,0.468607483246167,2568,2202,394,393,"P3",559
81,0.0652222487335504,0.549521946561914,0.23722,0.8,4000,0.63775,0.10875,0.0574712643678161,0.0137931034482759,0.831240977921436,0.530418873958228,0.582912293780911,0.566741656083666,0.710102188980027,0.587038013534426,2551,2073,435,429,"P3",559
190,0.125517805262195,0.252057396079948,0.23722,-0.8,4000,0.845,0.24075,0.0643821391484943,0.0228452751817238,-1.15253518566501,-0.54013883841165,-0.48007066589202,-0.450284831922044,-0.778198809167119,-0.466740944692345,3380,2430,963,941,"P3",560
190,0.125517805262195,0.252057396079948,0.23722,-0.6,4000,0.842,0.2255,0.0299334811529933,0.0110864745011086,-0.888753805124317,-0.435207475934804,-0.329780117817909,-0.314467441214664,-0.615941155358527,-0.313325610044397,3368,2644,902,892,"P3",560
190,0.125517805262195,0.252057396079948,0.23722,-0.4,4000,0.83675,0.239,0.00941422594142259,0.00418410041841004,-0.681206059258826,-0.291043051655879,-0.178762303782621,-0.172229350512836,-0.382496501611909,-0.154684550480357,3347,2861,956,952,"P3",560
190,0.125517805262195,0.252057396079948,0.23722,-0.2,4000,0.85425,0.2445,0.00408997955010225,0,-0.385019892024175,-0.142098496562723,-0.0293984481020672,-0.0289872672238687,-0.1701294282525,-0.0172578382969511,3417,3090,978,978,"P3",560
190,0.125517805262195,0.252057396079948,0.23722,0,4000,0.8445,0.232,0.00538793103448276,0,-0.0791238005234773,0.0215981346868954,0.125081333489476,0.125188765386498,0.0327635948512201,0.146050213100577,3378,3141,928,928,"P3",560
190,0.125517805262195,0.252057396079948,0.23722,0.2,4000,0.845,0.23575,0.0159066808059385,0.00106044538706257,0.21387099839492,0.199140795306726,0.296647501852595,0.294374132334232,0.243014243220953,0.298416239302463,3380,3157,943,942,"P3",560
190,0.125517805262195,0.252057396079948,0.23722,0.4,4000,0.85425,0.23875,0.0272251308900524,0.00209424083769634,0.440208179238776,0.356497562876046,0.432093502176708,0.427831002858699,0.437934753400417,0.44468816494378,3417,3122,955,953,"P3",560
190,0.125517805262195,0.252057396079948,0.23722,0.6,4000,0.8525,0.23725,0.0579557428872497,0.0105374077976818,0.720438505860995,0.519707408328239,0.568819284569805,0.555640961204562,0.639716728427976,0.566106919618786,3410,2955,949,939,"P3",560
190,0.125517805262195,0.252057396079948,0.23722,0.8,4000,0.842,0.2295,0.137254901960784,0.0446623093681917,1.03990549124798,0.667311964578318,0.723840935963654,0.679321526365338,0.859223978893987,0.718680045562809,3368,2558,918,877,"P3",560
116,0.193624510804565,0.399086398556791,0.23722,-0.8,4000,0.891,0.33925,0.0906411201179071,0.0412675018422992,-1.10916601986522,-0.600883740913399,-0.583942516090258,-0.537475952434187,-0.815359946072311,-0.564258852641084,3564,2604,1357,1301,"P3",587
116,0.193624510804565,0.399086398556791,0.23722,-0.6,4000,0.89425,0.3325,0.0496240601503759,0.0112781954887218,-0.84661712012364,-0.471746563322495,-0.397749489488414,-0.381529257753081,-0.600156625762698,-0.375159931366456,3577,2892,1330,1315,"P3",587
116,0.193624510804565,0.399086398556791,0.23722,-0.4,4000,0.9015,0.362,0.0172651933701657,0.00483425414364641,-0.612406579381788,-0.335017377048347,-0.253218467402227,-0.245332529893014,-0.416633085275482,-0.229973023167828,3606,3129,1448,1441,"P3",587
116,0.193624510804565,0.399086398556791,0.23722,-0.2,4000,0.8995,0.33725,0.00370644922164566,0.0022238695329874,-0.36211635706161,-0.174263366638074,-0.0802443026049713,-0.0769921010440537,-0.192498669587509,-0.0616585041147105,3598,3336,1349,1346,"P3",587
116,0.193624510804565,0.399086398556791,0.23722,0,4000,0.898,0.33875,0.0044280442804428,0,-0.0736801916104492,0.00411500694326039,0.0821865281347094,0.0821610230601686,0.022966791895354,0.0978710867193613,3592,3405,1355,1355,"P3",587
116,0.193624510804565,0.399086398556791,0.23722,0.2,4000,0.88375,0.337,0.00667655786350148,0.00148367952522255,0.167953650736715,0.185624657678182,0.237738988549754,0.237953761780671,0.223791556075671,0.252139892672896,3535,3372,1348,1346,"P3",587
116,0.193624510804565,0.399086398556791,0.23722,0.4,4000,0.896,0.354,0.0127118644067797,0.00211864406779661,0.441057808283875,0.379918738757711,0.424234298436801,0.421103762854254,0.443504410404398,0.437498366322545,3584,3387,1416,1413,"P3",587
116,0.193624510804565,0.399086398556791,0.23722,0.6,4000,0.89475,0.35725,0.0706787963610917,0.00559832050384884,0.710667451887268,0.545859333697589,0.576550035827474,0.564833315309641,0.637902596862669,0.575842333275592,3579,3177,1429,1421,"P3",587
116,0.193624510804565,0.399086398556791,0.23722,0.8,4000,0.896,0.34575,0.143167028199566,0.0281995661605206,0.976379691039826,0.704788043903358,0.747967876260338,0.715164187708094,0.849922332346758,0.761607843654261,3584,2899,1383,1344,"P3",587
331,0.0463506962032775,0.218331074027084,0.23722,-0.8,4000,0.70925,0.1215,0.0102880658436214,0.00617283950617284,-0.964739468921729,-0.430938766577441,-0.284237566825509,-0.275647618844297,-0.60541676339685,-0.263363542689659,2837,2166,486,483,"P3",613
331,0.0463506962032775,0.218331074027084,0.23722,-0.6,4000,0.69075,0.113,0.00884955752212389,0,-1.11696280551751,-0.328164052293379,-0.196048584322371,-0.194630005038373,-0.462208553798483,-0.187284135236492,2763,2267,452,452,"P3",613
331,0.0463506962032775,0.218331074027084,0.23722,-0.4,4000,0.69225,0.12025,0.00415800415800416,0.00207900207900208,-0.509364752321637,-0.195862402950993,-0.0706344565709856,-0.0675659288779621,-0.256676920913321,-0.0519472909188222,2769,2420,481,480,"P3",613
331,0.0463506962032775,0.218331074027084,0.23722,-0.2,4000,0.71175,0.125,0.002,0,-0.27727498481791,-0.0841072199101599,0.0313884928495937,0.0315752738377636,-0.10410522537769,0.0451267503268107,2847,2559,500,500,"P3",613
331,0.0463506962032775,0.218331074027084,0.23722,0,4000,0.7025,0.12175,0.00205338809034908,0,-0.0345455606687438,0.0649736938652209,0.138783487621924,0.138616605098676,0.0661248060156328,0.15491294262783,2810,2571,487,487,"P3",613
331,0.0463506962032775,0.218331074027084,0.23722,0.2,4000,0.71725,0.1345,0.0130111524163569,0,0.234429268311983,0.206931752086174,0.277548336977468,0.276042373439573,0.248322085601564,0.288370406132349,2869,2653,538,538,"P3",613
331,0.0463506962032775,0.218331074027084,0.23722,0.4,4000,0.70975,0.122,0.014344262295082,0.00409836065573771,0.438898547445609,0.330150931290608,0.384579042878189,0.379762945701749,0.400237580204136,0.385293796194595,2839,2562,488,486,"P3",613
331,0.0463506962032775,0.218331074027084,0.23722,0.6,4000,0.69775,0.12175,0.026694045174538,0.00410677618069815,0.687951605211088,0.447981152349659,0.490658895659253,0.484628089654746,0.582945887793077,0.505129701077723,2791,2394,487,485,"P3",613
331,0.0463506962032775,0.218331074027084,0.23722,0.8,4000,0.70625,0.12575,0.0695825049701789,0.00397614314115308,0.901831204606712,0.56491240522865,0.588617774267952,0.580040063746065,0.725089606281708,0.588952888020178,2825,2274,503,501,"P3",613
122,0.181193660639366,0.252679268021007,0.23722,-0.8,4000,0.853,0.22025,0.0465380249716232,0.0272417707150965,-1.18432609812393,-0.523510833256671,-0.441184349192331,-0.408098635615843,-0.817316914128386,-0.408906225026049,3412,2367,881,857,"P3",628
122,0.181193660639366,0.252679268021007,0.23722,-0.6,4000,0.85075,0.222,0.0337837837837838,0.00675675675675676,-0.903271459562922,-0.399631499435238,-0.302048196120923,-0.291551010460505,-0.588856511650895,-0.279851688808112,3403,2652,888,882,"P3",628
122,0.181193660639366,0.252679268021007,0.23722,-0.4,4000,0.85025,0.22125,0.0135593220338983,0.00790960451977401,-0.749841773544344,-0.271692467603186,-0.179975297280158,-0.172834287286478,-0.395615829517735,-0.165336335707296,3401,2868,885,878,"P3",628
122,0.181193660639366,0.252679268021007,0.23722,-0.2,4000,0.85775,0.22825,0.00438116100766703,0.00219058050383352,-0.412791099606945,-0.128455909036364,-0.0144728461632349,-0.0113445007056629,-0.182233299685899,-0.00357848235572839,3431,3028,913,911,"P3",628
122,0.181193660639366,0.252679268021007,0.23722,0,4000,0.85725,0.23025,0.00434310532030402,0.001085776330076,-0.0836679585742434,0.0312338003214439,0.146638529628288,0.145169207132379,0.0378572650482831,0.164365570008062,3429,3140,921,920,"P3",628
122,0.181193660639366,0.252679268021007,0.23722,0.2,4000,0.84575,0.21125,0.0106508875739645,0,0.170740705982593,0.203108886498656,0.291160458170064,0.290569818501741,0.246478945966095,0.307011656213638,3383,3109,845,845,"P3",628
122,0.181193660639366,0.252679268021007,0.23722,0.4,4000,0.8405,0.23,0.033695652173913,0.00543478260869565,0.456553514154502,0.369471750777933,0.440001189042714,0.432350638095652,0.469350673405552,0.458476146030706,3362,3030,920,915,"P3",628
122,0.181193660639366,0.252679268021007,0.23722,0.6,4000,0.852,0.23275,0.0655209452201933,0.0161117078410312,0.746150164769178,0.527145323710414,0.602379290609856,0.583809287843736,0.665433024994938,0.617716079630358,3408,2877,931,916,"P3",628
122,0.181193660639366,0.252679268021007,0.23722,0.8,4000,0.8625,0.227,0.154185022026432,0.0451541850220264,1.04359519359658,0.658636400701592,0.734122797333159,0.685285301021719,0.869482983666302,0.741422226996433,3450,2622,908,867,"P3",628
316,0.0463537576165339,0.260361496634265,0.23722,-0.8,4000,0.70275,0.135,0.0148148148148148,0.00555555555555556,-0.919233222760581,-0.450586793501266,-0.329323527040557,-0.321039038132282,-0.610816896242381,-0.319142835420004,2811,2229,540,537,"P3",728
316,0.0463537576165339,0.260361496634265,0.23722,-0.6,4000,0.70025,0.129,0.00775193798449612,0,-0.703266715919073,-0.337171130128247,-0.170431508091794,-0.169527793233489,-0.444369453577799,-0.141793986989275,2801,2337,516,516,"P3",728
316,0.0463537576165339,0.260361496634265,0.23722,-0.4,4000,0.6985,0.13325,0.0075046904315197,0.00187617260787992,-0.461153250425206,-0.209859272691164,-0.0896188825660675,-0.0869217601284651,-0.27964267268315,-0.0781646672683393,2794,2449,533,532,"P3",728
316,0.0463537576165339,0.260361496634265,0.23722,-0.2,4000,0.6985,0.13475,0.00556586270871985,0.00185528756957328,-0.241605188461351,-0.0815482073231573,0.00790857202348635,0.0111736647793426,-0.116737055056147,0.0323265985488446,2794,2531,539,538,"P3",728
316,0.0463537576165339,0.260361496634265,0.23722,0,4000,0.71225,0.13775,0.00181488203266788,0,-0.0286118354447763,0.0514995536448769,0.142590174992896,0.142905973575835,0.0665723170487574,0.164616684945686,2849,2656,551,551,"P3",728
316,0.0463537576165339,0.260361496634265,0.23722,0.2,4000,0.714,0.1325,0.00566037735849057,0.00188679245283019,0.23998040275841,0.203872997815367,0.27223443198471,0.269538480247072,0.249150526086863,0.292440371285177,2856,2635,530,529,"P3",728
316,0.0463537576165339,0.260361496634265,0.23722,0.4,4000,0.71025,0.145,0.0155172413793103,0,0.414607089345712,0.328903743221395,0.343051317270214,0.34219213075217,0.388137273341049,0.350761927879177,2841,2591,580,580,"P3",728
316,0.0463537576165339,0.260361496634265,0.23722,0.6,4000,0.69525,0.1325,0.0377358490566038,0.00377358490566038,0.727808495564005,0.478938121722942,0.49397185552334,0.487268627749656,0.592523363666403,0.499714731218334,2781,2400,530,528,"P3",728
316,0.0463537576165339,0.260361496634265,0.23722,0.8,4000,0.7015,0.13975,0.073345259391771,0.00894454382826476,0.923127310816516,0.584882467945395,0.608815956682146,0.596838272500675,0.728839954191465,0.607481830671912,2806,2273,559,554,"P3",728
240,0.0463596100461425,0.623808513473753,0.23722,-0.8,4000,0.68475,0.1345,0.0148698884758364,0.00185873605947955,-0.846601119650033,-0.495676081907544,-0.380396046994388,-0.377447145492588,-0.600083813954555,-0.36176273890943,2739,2285,538,537,"P3",741
240,0.0463596100461425,0.623808513473753,0.23722,-0.6,4000,0.68375,0.11975,0.00626304801670146,0,-0.647538251047773,-0.387702643522829,-0.231137844297211,-0.230435566016923,-0.450314728044081,-0.198168465522765,2735,2400,479,479,"P3",741
240,0.0463596100461425,0.623808513473753,0.23722,-0.4,4000,0.68025,0.12725,0,0,-0.398015747239706,-0.251210033474893,-0.127135031696625,-0.127135031696625,-0.276253721985884,-0.127824905418353,2721,2503,509,509,"P3",741
240,0.0463596100461425,0.623808513473753,0.23722,-0.2,4000,0.68075,0.137,0,0,-0.170161386537922,-0.112067943801437,-0.0128407983440697,-0.0128407983440697,-0.108916033114679,-0.00125274830274164,2723,2583,548,548,"P3",741
240,0.0463596100461425,0.623808513473753,0.23722,0,4000,0.671,0.13125,0,0,-0.00706733492107549,0.0313792019843455,0.0949729350237313,0.0949729350237313,0.0463244262766074,0.106046348674535,2684,2578,525,525,"P3",741
240,0.0463596100461425,0.623808513473753,0.23722,0.2,4000,0.67925,0.14025,0,0,0.181964247924903,0.174762860651727,0.182881384331258,0.182881384331258,0.20359706834232,0.196609509762438,2717,2604,561,561,"P3",741
240,0.0463596100461425,0.623808513473753,0.23722,0.4,4000,0.67825,0.13175,0.00379506641366224,0,0.410847910053472,0.327136976043833,0.309381418150958,0.309102570123646,0.369956439828847,0.320700054671459,2713,2549,527,527,"P3",741
240,0.0463596100461425,0.623808513473753,0.23722,0.6,4000,0.677,0.124,0.00403225806451613,0,0.668201424288565,0.464236748073528,0.424762803749597,0.42456799500116,0.520246955825031,0.429668916807272,2708,2447,496,496,"P3",741
240,0.0463596100461425,0.623808513473753,0.23722,0.8,4000,0.6855,0.1225,0.0183673469387755,0.00204081632653061,0.877597810210806,0.589883512661717,0.531425912767267,0.528484872486297,0.679384842686901,0.535299530422732,2742,2328,490,489,"P3",741
138,0.0463536767769615,1.16203216924478,0.23722,-0.8,4000,0.62725,0.1055,0.00947867298578199,0.0023696682464455,-0.757118228940062,-0.45410201941387,-0.331859346431644,-0.328941867165686,-0.533477246986017,-0.333589606283758,2509,2143,422,421,"P3",848
138,0.0463536767769615,1.16203216924478,0.23722,-0.6,4000,0.6235,0.1015,0,0,-0.52352096920538,-0.357113333087122,-0.220558771733753,-0.220558771733753,-0.393723427515314,-0.227702192084345,2494,2245,406,406,"P3",848
138,0.0463536767769615,1.16203216924478,0.23722,-0.4,4000,0.64025,0.11225,0.0022271714922049,0,-0.39320904518201,-0.227265211687067,-0.126019090614601,-0.125966178107581,-0.243181644930416,-0.103199801035095,2561,2367,449,449,"P3",848
138,0.0463536767769615,1.16203216924478,0.23722,-0.2,4000,0.6375,0.09375,0,0,-0.173532187420597,-0.101021734070965,-0.0354164035178115,-0.0354164035178115,-0.103597392876798,-0.0174766123053464,2550,2430,375,375,"P3",848
138,0.0463536767769615,1.16203216924478,0.23722,0,4000,0.63075,0.10575,0,0,0.0382888630675885,0.0360167380406537,0.105658073304974,0.105658073304974,0.0562328542131374,0.110387685708728,2523,2414,423,423,"P3",848
138,0.0463536767769615,1.16203216924478,0.23722,0.2,4000,0.629,0.10525,0,0,0.214780883168591,0.158753237706887,0.197122501465052,0.197122501465052,0.192293975514708,0.20136213118913,2516,2414,421,421,"P3",848
138,0.0463536767769615,1.16203216924478,0.23722,0.4,4000,0.62975,0.10875,0.00459770114942529,0,0.433137214408388,0.294205923208742,0.29566998013486,0.295179847659695,0.332130586068696,0.299301698974405,2519,2371,435,435,"P3",848
138,0.0463536767769615,1.16203216924478,0.23722,0.6,4000,0.63125,0.10025,0.00249376558603491,0,0.574063200260666,0.408545486829314,0.379711514798694,0.37969054011299,0.460030566435236,0.378215826737539,2525,2316,401,401,"P3",848
138,0.0463536767769615,1.16203216924478,0.23722,0.8,4000,0.6345,0.11625,0.010752688172043,0,0.748377597672764,0.549253113360541,0.478638527271125,0.478048833086392,0.628801593342719,0.476672520326793,2538,2220,465,465,"P3",848
302,0.0463491255367438,0.215912396889063,0.23722,-0.8,4000,0.7015,0.1115,0.015695067264574,0.00448430493273543,-0.9840259747391,-0.409052991218069,-0.271996929589257,-0.26389974953043,-0.597691328601468,-0.257905633767626,2806,2182,446,444,"P3",853
302,0.0463491255367438,0.215912396889063,0.23722,-0.6,4000,0.696,0.11,0.0204545454545455,0.00454545454545455,-0.727832005700572,-0.30274755138352,-0.170915676510784,-0.16418125407882,-0.445016425194399,-0.138343115667389,2784,2275,440,438,"P3",853
302,0.0463491255367438,0.215912396889063,0.23722,-0.4,4000,0.6915,0.10875,0.00919540229885057,0,-0.549101353362294,-0.188176095400126,-0.0468998428588459,-0.0460534537050859,-0.269408251494275,-0.0322286066468184,2766,2374,435,435,"P3",853
302,0.0463491255367438,0.215912396889063,0.23722,-0.2,4000,0.70575,0.121,0.00206611570247934,0,-0.254194728459496,-0.0649366103757112,0.0467923587855059,0.0473082439662267,-0.0891723034491109,0.0521403147734597,2823,2500,484,484,"P3",853
302,0.0463491255367438,0.215912396889063,0.23722,0,4000,0.69975,0.11225,0.0044543429844098,0,-0.0306641476575196,0.0440349083507568,0.185908614337694,0.185166034281902,0.0583015290264103,0.187501719752558,2799,2563,449,449,"P3",853
302,0.0463491255367438,0.215912396889063,0.23722,0.2,4000,0.69925,0.12,0.00833333333333333,0,0.182082449011899,0.180050113460675,0.254954169272561,0.253693404278328,0.227401112833487,0.254793228454515,2797,2528,480,480,"P3",853
302,0.0463491255367438,0.215912396889063,0.23722,0.4,4000,0.701,0.12,0.0166666666666667,0,0.444127705939043,0.34293649627987,0.373478306180967,0.371384132366124,0.425188945178268,0.377316941321858,2804,2476,480,480,"P3",853
302,0.0463491255367438,0.215912396889063,0.23722,0.6,4000,0.69725,0.114,0.043859649122807,0.00219298245614035,0.684101933060967,0.442044781605752,0.498177693169347,0.492662583125621,0.56150458130567,0.501800682846537,2789,2376,456,455,"P3",853
302,0.0463491255367438,0.215912396889063,0.23722,0.8,4000,0.6875,0.11775,0.0467091295116773,0.0191082802547771,0.900744277744945,0.554211301498342,0.597433352540796,0.576589824802349,0.748460911479847,0.600696959950855,2750,2155,471,462,"P3",853
289,0.0742100376707131,0.220961994638753,0.23722,-0.8,4000,0.78425,0.18075,0.0401106500691563,0.0110650069156293,-1.0794696125935,-0.508091320101788,-0.387049171157212,-0.370976770289805,-0.724495441447911,-0.369133151741663,3137,2358,723,715,"P3",854
289,0.0742100376707131,0.220961994638753,0.23722,-0.6,4000,0.781,0.17175,0.0160116448326055,0.00873362445414847,-0.837470890316953,-0.398694601926959,-0.281211304521495,-0.270217903563232,-0.539026077803828,-0.26916761528283,3124,2508,687,681,"P3",854
289,0.0742100376707131,0.220961994638753,0.23722,-0.4,4000,0.79575,0.176,0.00426136363636364,0,-0.578697632383991,-0.260734119891785,-0.111415071262371,-0.110708088618583,-0.361987083797485,-0.103413513918782,3183,2732,704,704,"P3",854
289,0.0742100376707131,0.220961994638753,0.23722,-0.2,4000,0.7865,0.16875,0.00444444444444444,0,-0.310714581504708,-0.111071116191965,0.0139698568464214,0.0138750520024836,-0.145740590446412,0.0231954786869555,3146,2842,675,675,"P3",854
289,0.0742100376707131,0.220961994638753,0.23722,0,4000,0.798,0.18275,0.00136798905608755,0,-0.100007446234974,0.0268082908550418,0.129391620681465,0.129339193305381,0.032300222431503,0.139890015982985,3192,2942,731,731,"P3",854
289,0.0742100376707131,0.220961994638753,0.23722,0.2,4000,0.79225,0.19175,0.00782268578878748,0.00130378096479791,0.216707415242673,0.210031423920856,0.28188820482861,0.279951616998714,0.250039096374414,0.299138366689416,3169,2943,767,766,"P3",854
289,0.0742100376707131,0.220961994638753,0.23722,0.4,4000,0.7965,0.18625,0.0201342281879195,0,0.464757690965096,0.352638723747985,0.406324567651844,0.404080018966396,0.431689632146529,0.421509569457218,3186,2889,745,745,"P3",854
289,0.0742100376707131,0.220961994638753,0.23722,0.6,4000,0.779,0.191,0.056282722513089,0.0104712041884817,0.725604373350058,0.500146397915907,0.539790910500446,0.525446208422836,0.621438924255119,0.55625241872001,3116,2668,764,756,"P3",854
289,0.0742100376707131,0.220961994638753,0.23722,0.8,4000,0.787,0.1725,0.0898550724637681,0.0231884057971014,0.950246265522105,0.613166112677125,0.653022522018445,0.625890824439145,0.791418583277161,0.645748303925993,3148,2459,690,674,"P3",854
167,0.138276139491282,0.219687673281774,0.23722,-0.8,4000,0.833,0.20225,0.0593325092707046,0.0197775030902349,-1.19612063037594,-0.538303600302507,-0.459317597383493,-0.433629806688655,-0.839646483187378,-0.445230497280036,3332,2323,809,793,"P3",886
167,0.138276139491282,0.219687673281774,0.23722,-0.6,4000,0.8355,0.19875,0.010062893081761,0.010062893081761,-1.00809598739146,-0.382864977942787,-0.260971855454815,-0.249230156277753,-0.574675516199175,-0.25033417568617,3342,2579,795,787,"P3",886
167,0.138276139491282,0.219687673281774,0.23722,-0.4,4000,0.842,0.2065,0.00968523002421308,0.0036319612590799,-0.639771783266231,-0.245553238536871,-0.10808843753876,-0.10293152774817,-0.351579016582956,-0.0754324997975472,3368,2814,826,823,"P3",886
167,0.138276139491282,0.219687673281774,0.23722,-0.2,4000,0.8355,0.2035,0.00245700245700246,0,-0.399024289238786,-0.113382445370559,0.0218896996234117,0.0220643304670734,-0.161084252362967,0.0380117694985215,3342,2947,814,814,"P3",886
167,0.138276139491282,0.219687673281774,0.23722,0,4000,0.838,0.209,0.00478468899521531,0,-0.0975690268915969,0.0498432272604734,0.173207572343893,0.172823249848177,0.0485346840118687,0.168920106000515,3352,3056,836,836,"P3",886
167,0.138276139491282,0.219687673281774,0.23722,0.2,4000,0.8455,0.2045,0.0146699266503667,0.00122249388753056,0.184775052847695,0.219660656486271,0.312543199617196,0.309655014328886,0.266732113337551,0.322577540785079,3382,3135,818,817,"P3",886
167,0.138276139491282,0.219687673281774,0.23722,0.4,4000,0.826,0.19275,0.0220492866407263,0.0116731517509728,0.44668301946231,0.371390054587292,0.453881124348495,0.441169282853444,0.463162488565789,0.464777046065074,3304,2941,771,762,"P3",886
167,0.138276139491282,0.219687673281774,0.23722,0.6,4000,0.8315,0.1965,0.0788804071246819,0.00763358778625954,0.731244704799141,0.511117841611805,0.58471385834698,0.569565185118992,0.663656710516189,0.573370164098423,3326,2778,786,780,"P3",886
167,0.138276139491282,0.219687673281774,0.23722,0.8,4000,0.83525,0.21575,0.106604866743917,0.0370799536500579,1.05359069036906,0.639637553836136,0.714448625339637,0.678447203468371,0.840335345973662,0.728902855547606,3341,2532,863,831,"P3",886
282,0.0463536943602392,0.455193441521176,0.23722,-0.8,4000,0.69225,0.13725,0.0145719489981785,0.00546448087431694,-0.843545749211769,-0.465725870631493,-0.350497357796552,-0.342850981162649,-0.57988691946538,-0.3287908292892,2769,2248,549,546,"P3",909
282,0.0463536943602392,0.455193441521176,0.23722,-0.6,4000,0.6905,0.137,0.00912408759124088,0,-0.646270449711058,-0.367807233171884,-0.22907742808826,-0.228187738029086,-0.434381651743275,-0.210240479403893,2762,2397,548,548,"P3",909
282,0.0463536943602392,0.455193441521176,0.23722,-0.4,4000,0.6895,0.1455,0,0,-0.44170729285464,-0.24607919422835,-0.141702221991233,-0.141702221991233,-0.277642151376585,-0.132271712174515,2758,2505,582,582,"P3",909
282,0.0463536943602392,0.455193441521176,0.23722,-0.2,4000,0.6915,0.13825,0,0,-0.213391853467944,-0.0971999964953316,-0.00597550257474009,-0.00597550257474009,-0.114082273197659,0.00349034325227566,2766,2593,553,553,"P3",909
282,0.0463536943602392,0.455193441521176,0.23722,0,4000,0.68925,0.13875,0,0,-0.0158417787285694,0.0300709292812722,0.112054611586414,0.112054611586414,0.0300270216106484,0.11831313647011,2757,2619,555,555,"P3",909
282,0.0463536943602392,0.455193441521176,0.23722,0.2,4000,0.6945,0.139,0.00179856115107914,0,0.214878676176401,0.181877151200277,0.217718986196954,0.21752210972127,0.21359156060022,0.21763160143198,2778,2664,556,556,"P3",909
282,0.0463536943602392,0.455193441521176,0.23722,0.4,4000,0.703,0.14975,0.00500834724540901,0,0.427981851492258,0.337036823113788,0.333554334693088,0.333333497853781,0.383064386933161,0.339285564384802,2812,2655,599,599,"P3",909
282,0.0463536943602392,0.455193441521176,0.23722,0.6,4000,0.68975,0.1315,0.00760456273764259,0,0.634702758228909,0.470531539390042,0.446968516562203,0.446213975481552,0.53710972583955,0.448820348177039,2759,2471,526,526,"P3",909
282,0.0463536943602392,0.455193441521176,0.23722,0.8,4000,0.69875,0.1395,0.039426523297491,0,0.911780431135836,0.606351616008276,0.58015198677506,0.577566113447348,0.713253228204406,0.584390719450195,2795,2341,558,558,"P3",909
479,0.0861743388536336,0.21775472529957,0.23722,-0.8,4000,0.90025,0.35275,0.0595322466335932,0.0205527994330262,-1.08591047740973,-0.603339647210403,-0.543572999071364,-0.51718554034456,-0.799132866911928,-0.524388599213056,3601,2654,1411,1382,"P3",918
479,0.0861743388536336,0.21775472529957,0.23722,-0.6,4000,0.89175,0.33975,0.0301692420897719,0.013980868285504,-0.808466474953862,-0.489523257023214,-0.3948786096494,-0.377527187265712,-0.597471694599799,-0.375051118189659,3567,2953,1359,1340,"P3",918
479,0.0861743388536336,0.21775472529957,0.23722,-0.4,4000,0.87875,0.3335,0.012743628185907,0.000749625187406297,-0.557884454908847,-0.341896717313131,-0.220058589469018,-0.218002980556142,-0.378698584267277,-0.20526786751147,3515,3134,1334,1333,"P3",918
479,0.0861743388536336,0.21775472529957,0.23722,-0.2,4000,0.8955,0.33675,0.00148478099480327,0,-0.326841084616773,-0.179003096620084,-0.0794569138086026,-0.079309456771741,-0.18096918655909,-0.0611238682773301,3582,3362,1347,1347,"P3",918
479,0.0861743388536336,0.21775472529957,0.23722,0,4000,0.89325,0.34275,0.000729394602479942,0,-0.0403790866205578,0.0196974036852574,0.0859591474374151,0.0858370009824435,0.0408755220221161,0.0995431781689501,3573,3431,1371,1371,"P3",918
479,0.0861743388536336,0.21775472529957,0.23722,0.2,4000,0.8935,0.337,0.0029673590504451,0,0.149211968963502,0.177909672159734,0.225443502864086,0.225125146427678,0.207011100396363,0.233121430073205,3574,3452,1348,1348,"P3",918
479,0.0861743388536336,0.21775472529957,0.23722,0.4,4000,0.88725,0.34,0.0139705882352941,0.00147058823529412,0.441790677398095,0.376963423083033,0.412213047550778,0.409877389390041,0.421141738411772,0.420050378350235,3549,3388,1360,1358,"P3",918
479,0.0861743388536336,0.21775472529957,0.23722,0.6,4000,0.8935,0.33775,0.0466321243523316,0.00666173205033309,0.712396789171624,0.555054611802499,0.56053366622305,0.55124403523341,0.625440058067711,0.561267430596506,3574,3219,1351,1342,"P3",918
479,0.0861743388536336,0.21775472529957,0.23722,0.8,4000,0.88975,0.344,0.114098837209302,0.0203488372093023,0.973302764096939,0.696158628705211,0.707516526464692,0.682161575344443,0.812695485631109,0.712699648031236,3559,2934,1376,1348,"P3",918
271,0.15627074928405,0.218569177026737,0.23722,-0.8,4000,0.934,0.404,0.0798267326732673,0.0439356435643564,-1.14554660514934,-0.613274193973644,-0.584736145797816,-0.537044429802089,-0.817203590207284,-0.557608618096481,3736,2699,1616,1545,"P3",1103
271,0.15627074928405,0.218569177026737,0.23722,-0.6,4000,0.9345,0.41275,0.0423985463355542,0.00908540278619019,-0.875832968334196,-0.496340938931945,-0.420066675940362,-0.406145443043484,-0.608685811001356,-0.3987023211512,3738,3091,1651,1636,"P3",1103
271,0.15627074928405,0.218569177026737,0.23722,-0.4,4000,0.927,0.3855,0.012970168612192,0.00518806744487678,-0.589656403722671,-0.349630970928505,-0.258442005537183,-0.251186624986675,-0.421595267852978,-0.242970281090004,3708,3227,1542,1534,"P3",1103
271,0.15627074928405,0.218569177026737,0.23722,-0.2,4000,0.9395,0.4015,0.00435865504358655,0,-0.356420976768081,-0.184987041004787,-0.0805095387099076,-0.0801041915478154,-0.200219721841343,-0.0596532421284781,3758,3477,1606,1606,"P3",1103
271,0.15627074928405,0.218569177026737,0.23722,0,4000,0.9365,0.401,0.00249376558603491,0,-0.152648672797795,-0.00870995146905766,0.0883978646067935,0.088312215543757,-0.00149761724953194,0.103908767278557,3746,3604,1604,1604,"P3",1103
271,0.15627074928405,0.218569177026737,0.23722,0.2,4000,0.934,0.40175,0.00622277535780958,0,0.167179165552311,0.174670526442945,0.242931193308396,0.242614227720136,0.204697246809837,0.260187896620372,3736,3598,1607,1607,"P3",1103
271,0.15627074928405,0.218569177026737,0.23722,0.4,4000,0.93625,0.40825,0.0238824249846908,0.00183710961420698,0.430649101226096,0.39610076821029,0.434040480292257,0.430476429882547,0.444473459630406,0.447365046923528,3745,3573,1633,1630,"P3",1103
271,0.15627074928405,0.218569177026737,0.23722,0.6,4000,0.9415,0.41125,0.0595744680851064,0.0139817629179331,0.708960396601764,0.566970007816605,0.600084980538209,0.583387616368006,0.643967028302783,0.598144573307999,3766,3378,1645,1622,"P3",1103
271,0.15627074928405,0.218569177026737,0.23722,0.8,4000,0.93475,0.3995,0.149561952440551,0.0337922403003755,0.985952767785484,0.723970786577468,0.765944943471062,0.72873050793984,0.864460410626565,0.771953837149868,3739,3035,1598,1544,"P3",1103
440,0.117270932191626,0.271151645171507,0.23722,-0.8,4000,0.944,0.4905,0.0937818552497452,0.0433231396534149,-1.04510797299865,-0.678727519569404,-0.664535227186018,-0.61845825081371,-0.837511867511828,-0.644170488777447,3776,2880,1962,1877,"P3",1117
440,0.117270932191626,0.271151645171507,0.23722,-0.6,4000,0.9475,0.502,0.0428286852589641,0.0154382470119522,-0.790730074959257,-0.54811261227835,-0.491409642864118,-0.472393829351004,-0.619247772691383,-0.477944858046181,3790,3239,2008,1977,"P3",1117
440,0.117270932191626,0.271151645171507,0.23722,-0.4,4000,0.94375,0.4905,0.0152905198776758,0.0035677879714577,-0.54560232437782,-0.394113608932892,-0.314007188905199,-0.307852172555122,-0.420075233327065,-0.300215766655157,3775,3464,1962,1955,"P3",1117
440,0.117270932191626,0.271151645171507,0.23722,-0.2,4000,0.947,0.4945,0.00353892821031345,0,-0.321266708595943,-0.210771881395257,-0.135351664652643,-0.135143731192709,-0.198983942967944,-0.124020504096046,3788,3622,1978,1978,"P3",1117
440,0.117270932191626,0.271151645171507,0.23722,0,4000,0.941,0.49475,0.00101061141990905,0,-0.050067430875077,-0.0148184382443826,0.0513551503562128,0.0514657767127062,0.0108596692948441,0.0629759314809065,3764,3672,1979,1979,"P3",1117
440,0.117270932191626,0.271151645171507,0.23722,0.2,4000,0.94325,0.4985,0.00150451354062187,0,0.170401141367499,0.184875517860284,0.219410357824007,0.219224286227269,0.209764943330441,0.222436061669439,3773,3702,1994,1994,"P3",1117
440,0.117270932191626,0.271151645171507,0.23722,0.4,4000,0.944,0.4995,0.00650650650650651,0.0015015015015015,0.430790684501826,0.392547545854725,0.398891121502007,0.396984013423909,0.41601073598856,0.405796214851062,3776,3651,1998,1995,"P3",1117
440,0.117270932191626,0.271151645171507,0.23722,0.6,4000,0.941,0.48075,0.0353614144565783,0.00416016640665627,0.713067420463055,0.591279733831172,0.577516513891979,0.571580767555416,0.63839128616916,0.583120053888564,3764,3502,1923,1915,"P3",1117
440,0.117270932191626,0.271151645171507,0.23722,0.8,4000,0.94325,0.497,0.125251509054326,0.0231388329979879,0.939815684745515,0.744568466539821,0.755129478772683,0.728598120773527,0.838580914726633,0.749383424404164,3773,3189,1988,1942,"P3",1117
343,0.0463634705033828,0.264886859574098,0.23722,-0.8,4000,0.71675,0.14475,0.0259067357512953,0.00518134715025907,-0.920344830942812,-0.45970119912456,-0.338178081545066,-0.329145204876295,-0.596224911066187,-0.323555719819453,2867,2277,579,576,"P3",1162
343,0.0463634705033828,0.264886859574098,0.23722,-0.6,4000,0.71525,0.14875,0.0134453781512605,0.00168067226890756,-0.713590226915219,-0.356182787536524,-0.241080417380211,-0.2371608022164,-0.462281147319507,-0.223988166949791,2861,2440,595,594,"P3",1162
343,0.0463634705033828,0.264886859574098,0.23722,-0.4,4000,0.71475,0.14325,0.00174520069808028,0,-0.500950203210231,-0.236308289433063,-0.0935327733479924,-0.0934503052485469,-0.286796149347981,-0.0896546463566549,2859,2519,573,573,"P3",1162
343,0.0463634705033828,0.264886859574098,0.23722,-0.2,4000,0.7065,0.1385,0.00180505415162455,0,-0.265061185891669,-0.111681513869309,0.0448598320830658,0.0451444448033399,-0.12410690125773,0.0515490761608945,2826,2601,554,554,"P3",1162
343,0.0463634705033828,0.264886859574098,0.23722,0,4000,0.71225,0.13775,0.00181488203266788,0,-0.00557284229932727,0.0452638344862871,0.147092947375314,0.147162680219772,0.0609557171232601,0.158154293400678,2849,2655,551,551,"P3",1162
343,0.0463634705033828,0.264886859574098,0.23722,0.2,4000,0.70475,0.13075,0.00764818355640535,0,0.232699969472005,0.194434291882563,0.256041190512401,0.255504415212014,0.23423953196373,0.262071186239004,2819,2626,523,523,"P3",1162
343,0.0463634705033828,0.264886859574098,0.23722,0.4,4000,0.715,0.142,0.00704225352112676,0.00176056338028169,0.436499668188447,0.329683092380226,0.380683559294956,0.3779299398158,0.397080847611159,0.391749369763218,2860,2605,568,567,"P3",1162
343,0.0463634705033828,0.264886859574098,0.23722,0.6,4000,0.707,0.1425,0.0210526315789474,0.00701754385964912,0.655024633141085,0.463728596791266,0.475232818956261,0.467296779372985,0.551412709866329,0.471733177652752,2828,2505,570,566,"P3",1162
343,0.0463634705033828,0.264886859574098,0.23722,0.8,4000,0.72425,0.14525,0.0602409638554217,0.0103270223752151,0.928299796455119,0.601461019046732,0.61664782430916,0.601935709027013,0.744329091476868,0.618845893693479,2897,2354,581,575,"P3",1162
118,0.0463513815243543,0.277439522156661,0.23722,-0.8,4000,0.5935,0.06,0.0166666666666667,0,-0.982513392102771,-0.267089300635143,-0.111934943023387,-0.111417409289823,-0.492756372063552,-0.112763629848823,2374,1806,240,240,"P3",1184
118,0.0463513815243543,0.277439522156661,0.23722,-0.6,4000,0.5915,0.06625,0.00754716981132075,0.00377358490566038,-0.630708136861551,-0.178396795648948,-0.0077107002565434,-0.0024928160402053,-0.305884153078641,0.00325443721083132,2366,1916,265,264,"P3",1184
118,0.0463513815243543,0.277439522156661,0.23722,-0.4,4000,0.594,0.06275,0,0,-0.424386228382678,-0.0959033344322457,0.0443068774429783,0.0443068774429783,-0.177024203406133,0.0268940591457516,2376,1980,251,251,"P3",1184
118,0.0463513815243543,0.277439522156661,0.23722,-0.2,4000,0.584,0.061,0.0122950819672131,0,-0.238924157144635,0.0234583368402607,0.146631107177997,0.146043943055139,-0.00923764467590077,0.142562019816139,2336,2005,244,244,"P3",1184
118,0.0463513815243543,0.277439522156661,0.23722,0,4000,0.60375,0.0685,0.0109489051094891,0,0.0217646857664682,0.101121458477068,0.214228144391493,0.213377798506732,0.128810455930331,0.194940934211458,2415,2077,274,274,"P3",1184
118,0.0463513815243543,0.277439522156661,0.23722,0.2,4000,0.59025,0.0685,0.0145985401459854,0,0.184417087959069,0.199938358404722,0.302975777795554,0.301346120155863,0.268949570130988,0.319644631835685,2361,2007,274,274,"P3",1184
118,0.0463513815243543,0.277439522156661,0.23722,0.4,4000,0.60225,0.06125,0.0571428571428571,0,0.458375870807001,0.277092616660256,0.39402679375253,0.389707195742401,0.399205810464644,0.399205810464644,2409,2033,245,245,"P3",1184
118,0.0463513815243543,0.277439522156661,0.23722,0.6,4000,0.5965,0.0585,0.0427350427350427,0.00854700854700855,0.67437084257925,0.3684199571091,0.501285990647538,0.489169820881642,0.556228363679146,0.496543607414468,2386,1925,234,232,"P3",1184
118,0.0463513815243543,0.277439522156661,0.23722,0.8,4000,0.59025,0.0765,0.0849673202614379,0.0130718954248366,0.851725808158152,0.464012607048879,0.555685599809266,0.537509529115743,0.682516191004742,0.587575198542587,2361,1835,306,302,"P3",1184
320,0.046358203945838,0.21802842113856,0.23722,-0.8,4000,0.6985,0.12475,0.032064128256513,0.0100200400801603,-0.954522578134645,-0.423355682209909,-0.295649354741049,-0.280570205825984,-0.610264275855386,-0.280412915804141,2794,2158,499,494,"P3",1238
320,0.046358203945838,0.21802842113856,0.23722,-0.6,4000,0.69975,0.11825,0.00845665961945032,0.00211416490486258,-0.732733280064986,-0.318017224042646,-0.16019534966294,-0.156147724069472,-0.430733763241432,-0.156834894781776,2799,2347,473,472,"P3",1238
320,0.046358203945838,0.21802842113856,0.23722,-0.4,4000,0.7005,0.11775,0.00212314225053079,0.00212314225053079,-0.515800585148724,-0.198025474969586,-0.0530225033120455,-0.0496768612782059,-0.273765987351725,-0.0417251734714241,2802,2411,471,470,"P3",1238
320,0.046358203945838,0.21802842113856,0.23722,-0.2,4000,0.69475,0.11875,0.00210526315789474,0,-0.273564044702393,-0.0746278453634746,0.0656873956606832,0.0662008911365728,-0.107573350916597,0.0852378351512833,2779,2468,475,475,"P3",1238
320,0.046358203945838,0.21802842113856,0.23722,0,4000,0.69525,0.12175,0.00205338809034908,0,-0.0182799109210069,0.0617730573096684,0.163880358878814,0.163819397894566,0.0911730277953143,0.19264847213895,2781,2550,487,487,"P3",1238
320,0.046358203945838,0.21802842113856,0.23722,0.2,4000,0.693,0.116,0.00431034482758621,0,0.106265583037109,0.17723687023825,0.258754652577205,0.258324906002421,0.224284421769089,0.262267078604346,2772,2526,464,464,"P3",1238
320,0.046358203945838,0.21802842113856,0.23722,0.4,4000,0.68775,0.12225,0.00613496932515337,0,0.419068783717426,0.324315490742277,0.375816224161183,0.375322191986748,0.410213289547495,0.383187743742656,2751,2468,489,489,"P3",1238
320,0.046358203945838,0.21802842113856,0.23722,0.6,4000,0.6925,0.12175,0.0369609856262834,0.00410677618069815,0.67327080271129,0.440494521885147,0.480028977637347,0.472732714009502,0.567875264848498,0.496573228990126,2770,2362,487,485,"P3",1238
320,0.046358203945838,0.21802842113856,0.23722,0.8,4000,0.70375,0.126,0.0773809523809524,0.0158730158730159,0.901319263925956,0.569752013640255,0.630080689685605,0.60901405714186,0.761611407606418,0.629053482469697,2815,2188,504,496,"P3",1238
390,0.0463633119628547,0.459100090242665,0.23722,-0.8,4000,0.726,0.1645,0.0167173252279635,0,-0.941479773171737,-0.538584852821837,-0.404770567730605,-0.40344686847343,-0.638450837668127,-0.38116326714272,2904,2383,658,658,"P3",1324
390,0.0463633119628547,0.459100090242665,0.23722,-0.6,4000,0.735,0.1685,0.00593471810089021,0,-0.655302838928625,-0.427375235839653,-0.278207474553699,-0.277478643907078,-0.477695528931825,-0.272850203434182,2940,2591,674,674,"P3",1324
390,0.0463633119628547,0.459100090242665,0.23722,-0.4,4000,0.7365,0.16825,0.00297176820208024,0,-0.434965104528359,-0.280176560714535,-0.166175699663618,-0.166049029179983,-0.293770225821598,-0.153338962804683,2946,2722,673,673,"P3",1324
390,0.0463633119628547,0.459100090242665,0.23722,-0.2,4000,0.724,0.16775,0,0.0014903129657228,-0.237669217736944,-0.149095848903845,-0.0440201390527959,-0.0422089661160617,-0.144786506555116,-0.0409793475419609,2896,2764,671,670,"P3",1324
390,0.0463633119628547,0.459100090242665,0.23722,0,4000,0.74275,0.169,0,0,-0.0209771938669133,0.0121649120221101,0.104902879002425,0.104902879002425,0.026821016574071,0.117944135227304,2971,2861,676,676,"P3",1324
390,0.0463633119628547,0.459100090242665,0.23722,0.2,4000,0.71975,0.15525,0,0,0.230266858381584,0.185761457587868,0.204930320452763,0.204930320452763,0.201157174369176,0.207641637064402,2879,2763,621,621,"P3",1324
390,0.0463633119628547,0.459100090242665,0.23722,0.4,4000,0.73225,0.1515,0,0,0.444123757198256,0.361734634955786,0.330206932083872,0.330206932083872,0.397729107217285,0.338345394160222,2929,2770,606,606,"P3",1324
390,0.0463633119628547,0.459100090242665,0.23722,0.6,4000,0.7205,0.15425,0.00324149108589951,0.00162074554294976,0.706215166225143,0.507357231200422,0.443370504964611,0.441770056403961,0.558438711481297,0.459553875826327,2882,2601,617,616,"P3",1324
390,0.0463633119628547,0.459100090242665,0.23722,0.8,4000,0.729,0.152,0.0213815789473684,0.00328947368421053,0.86956450893148,0.629682371031584,0.568988850590546,0.56442058716164,0.716942009066826,0.571128413329846,2916,2490,608,606,"P3",1324
216,0.0747754534519736,0.27469129337269,0.23722,-0.8,4000,0.75775,0.154,0.0340909090909091,0.0113636363636364,-1.08491563730872,-0.479095989825573,-0.358669307249767,-0.343913067545426,-0.701248748494775,-0.351326817524603,3031,2254,616,609,"P3",1371
216,0.0747754534519736,0.27469129337269,0.23722,-0.6,4000,0.75075,0.15525,0.0209339774557166,0.00483091787439614,-0.799440014113314,-0.37088164807882,-0.262582708887555,-0.255507516263994,-0.51490727551732,-0.237624254995457,3003,2457,621,618,"P3",1371
216,0.0747754534519736,0.27469129337269,0.23722,-0.4,4000,0.74425,0.16625,0.00451127819548872,0.00300751879699248,-0.594777151209043,-0.257181448849655,-0.099939789865855,-0.0960392297801817,-0.35509172997671,-0.083767199437467,2977,2543,665,663,"P3",1371
216,0.0747754534519736,0.27469129337269,0.23722,-0.2,4000,0.754,0.16325,0.00459418070444104,0,-0.326966089953746,-0.110881789524859,0.0308055663937234,0.0309395116764466,-0.139523581398063,0.0456551291763743,3016,2706,653,653,"P3",1371
216,0.0747754534519736,0.27469129337269,0.23722,0,4000,0.75825,0.159,0.00471698113207547,0,-0.0328778455018945,0.0471051873554607,0.147130284275836,0.147180572496402,0.0519360343575291,0.17713816505425,3033,2811,636,636,"P3",1371
216,0.0747754534519736,0.27469129337269,0.23722,0.2,4000,0.75875,0.16225,0.00770416024653313,0,0.134728410696222,0.183515244090913,0.26817077641504,0.267685048972381,0.227385184053797,0.272219018500659,3035,2818,649,649,"P3",1371
216,0.0747754534519736,0.27469129337269,0.23722,0.4,4000,0.758,0.162,0.0231481481481481,0,0.430392785390431,0.343492876650562,0.393392149725099,0.391585593461392,0.417156257899646,0.394638294045221,3032,2758,648,648,"P3",1371
216,0.0747754534519736,0.27469129337269,0.23722,0.6,4000,0.75675,0.156,0.0416666666666667,0.00961538461538462,0.702151623490553,0.483176747839106,0.526171899945565,0.514202196049945,0.604395798932365,0.530907112248464,3027,2600,624,618,"P3",1371
216,0.0747754534519736,0.27469129337269,0.23722,0.8,4000,0.75125,0.1695,0.0884955752212389,0.0162241887905605,0.888487893792856,0.60888213726015,0.644372366049226,0.625798511121278,0.778376904775209,0.64567633010231,3005,2428,678,667,"P3",1371
153,0.0463491054336883,0.385159721690172,0.23722,-0.8,4000,0.63775,0.096,0.0234375,0.0104166666666667,-0.826228264365923,-0.360900505805041,-0.261735200087814,-0.248207778073301,-0.526988353640044,-0.220386947621082,2551,2025,384,380,"P3",1392
153,0.0463491054336883,0.385159721690172,0.23722,-0.6,4000,0.64375,0.098,0.0076530612244898,0,-0.560973441778445,-0.269251457860923,-0.134028557598243,-0.133061625606037,-0.363221224342026,-0.111579831835756,2575,2196,392,392,"P3",1392
153,0.0463491054336883,0.385159721690172,0.23722,-0.4,4000,0.63325,0.093,0,0,-0.405234752706612,-0.172820808218773,-0.0733931803861432,-0.0733931803861432,-0.226266246926519,-0.0609094293438467,2533,2239,372,372,"P3",1392
153,0.0463491054336883,0.385159721690172,0.23722,-0.2,4000,0.633,0.0975,0.0102564102564103,0,-0.219161339162667,-0.057411829791935,0.0654364362086592,0.0653688993005493,-0.0744459202957428,0.105805833848988,2532,2307,390,390,"P3",1392
153,0.0463491054336883,0.385159721690172,0.23722,0,4000,0.6425,0.1055,0,0,-0.0189651377471732,0.0682260365969134,0.172108652963145,0.172108652963145,0.105741067066739,0.184178274794868,2570,2342,422,422,"P3",1392
153,0.0463491054336883,0.385159721690172,0.23722,0.2,4000,0.64875,0.09625,0.0025974025974026,0,0.202879702330448,0.180390212804132,0.234211838013797,0.234257700882115,0.221052797193756,0.228554953590125,2595,2359,385,385,"P3",1392
153,0.0463491054336883,0.385159721690172,0.23722,0.4,4000,0.62625,0.0955,0.0157068062827225,0,0.380570760239388,0.285835397909485,0.337449085262886,0.336516943710312,0.354927396005761,0.349402071562681,2505,2244,382,382,"P3",1392
153,0.0463491054336883,0.385159721690172,0.23722,0.6,4000,0.63375,0.102,0.0245098039215686,0.00490196078431373,0.720800250042943,0.416572719019595,0.459518200787903,0.452571609946949,0.527473818273846,0.485177602717877,2535,2189,408,406,"P3",1392
153,0.0463491054336883,0.385159721690172,0.23722,0.8,4000,0.6465,0.09325,0.0670241286863271,0.00268096514745308,0.816965851881824,0.521319331518517,0.540932285300305,0.533173695619205,0.677648934779304,0.574816573268495,2586,2120,373,372,"P3",1392
338,0.0463547255122756,0.226723738192058,0.23722,-0.8,4000,0.7105,0.1355,0.0129151291512915,0.00922509225092251,-0.936839002250293,-0.42794884882075,-0.299709808246785,-0.287501885990749,-0.61247401941606,-0.292624041652513,2842,2207,542,537,"P3",1465
338,0.0463547255122756,0.226723738192058,0.23722,-0.6,4000,0.722,0.12575,0.0178926441351889,0,-0.68501138909524,-0.323273637309509,-0.174421433078653,-0.173090945419856,-0.436640917790077,-0.144653542721927,2888,2396,503,503,"P3",1465
338,0.0463547255122756,0.226723738192058,0.23722,-0.4,4000,0.72775,0.123,0.00609756097560976,0,-0.542323909724688,-0.20235976499488,-0.074207721362583,-0.0733856329085617,-0.271331909432145,-0.0642624074484686,2911,2509,492,492,"P3",1465
338,0.0463547255122756,0.226723738192058,0.23722,-0.2,4000,0.70525,0.132,0.00378787878787879,0,-0.250854597463426,-0.0659066419424836,0.0414821393422676,0.0414435297543897,-0.0836202622095079,0.0619951886196105,2821,2545,528,528,"P3",1465
338,0.0463547255122756,0.226723738192058,0.23722,0,4000,0.69825,0.13125,0.00571428571428571,0,-0.0313355139700627,0.0437266027348403,0.149792176392012,0.149611756123488,0.063710751400823,0.172735205553618,2793,2595,525,525,"P3",1465
338,0.0463547255122756,0.226723738192058,0.23722,0.2,4000,0.70825,0.13275,0.00564971751412429,0,0.172024545173744,0.184522223111038,0.255240408531686,0.254882216370744,0.232334589241885,0.268116398089766,2833,2621,531,531,"P3",1465
338,0.0463547255122756,0.226723738192058,0.23722,0.4,4000,0.71725,0.13225,0.0151228733459357,0,0.390356299016525,0.326843264908479,0.366393977354693,0.36522420840203,0.406028780649755,0.376226133728345,2869,2599,529,529,"P3",1465
338,0.0463547255122756,0.226723738192058,0.23722,0.6,4000,0.71,0.128,0.041015625,0.001953125,0.677434194213919,0.458793537370136,0.484835430018836,0.478396929422033,0.576315386858861,0.510642834895478,2840,2463,512,511,"P3",1465
338,0.0463547255122756,0.226723738192058,0.23722,0.8,4000,0.717,0.12475,0.0561122244488978,0.0120240480961924,0.896686767158897,0.550594791983725,0.594948084009724,0.581633296011341,0.713690593245658,0.595069756018653,2868,2310,499,493,"P3",1465
50,0.0712600255058613,0.22124699217438,0.23722,-0.8,4000,0.493,0.03,0.0333333333333333,0,-0.934576557405032,-0.12028297602956,0.0519266472752186,0.0526711876450861,-0.326784725602703,0.0912188116586577,1972,1438,120,120,"P3",1525
50,0.0712600255058613,0.22124699217438,0.23722,-0.6,4000,0.5005,0.02975,0.0168067226890756,0,-0.581932421169492,-0.0695670114610079,0.115934020307555,0.116430158572205,-0.246715606809053,0.115311895905981,2002,1515,119,119,"P3",1525
50,0.0712600255058613,0.22124699217438,0.23722,-0.4,4000,0.50475,0.03175,0.015748031496063,0,-0.377994596546219,0.0112713955525873,0.108094324634509,0.105385324945729,-0.0577055815255771,0.132678880535026,2019,1539,127,127,"P3",1525
50,0.0712600255058613,0.22124699217438,0.23722,-0.2,4000,0.49975,0.0265,0.00943396226415094,0,-0.173832446012819,0.0536030902236717,0.244549760070445,0.24313536460987,0.0419049782419784,0.252209120928119,1999,1572,106,106,"P3",1525
50,0.0712600255058613,0.22124699217438,0.23722,0,4000,0.4965,0.03175,0.0393700787401575,0,0.00100483242555569,0.117137489087248,0.32650729717577,0.323043008007712,0.189678354870262,0.305956274339941,1986,1528,127,127,"P3",1525
50,0.0712600255058613,0.22124699217438,0.23722,0.2,4000,0.49175,0.0315,0.0158730158730159,0.0158730158730159,0.232754751911538,0.255814104827047,0.378641974144214,0.360276435305883,0.377583679515643,0.447688013408883,1967,1498,126,124,"P3",1525
50,0.0712600255058613,0.22124699217438,0.23722,0.4,4000,0.494,0.03375,0.0888888888888889,0,0.528561637338799,0.312949377279494,0.497216906914074,0.48701540270396,0.52637871104886,0.503060936873433,1976,1462,135,135,"P3",1525
50,0.0712600255058613,0.22124699217438,0.23722,0.6,4000,0.51025,0.03575,0.0559440559440559,0.013986013986014,0.701175675475429,0.361597104282071,0.538240018167697,0.524917440556169,0.636518644911504,0.54264883227838,2041,1470,143,141,"P3",1525
50,0.0712600255058613,0.22124699217438,0.23722,0.8,4000,0.51,0.035,0.0714285714285714,0.0571428571428571,0.961137108173203,0.420850668792407,0.652586958488458,0.600001052094105,0.772162612307936,0.643919157252174,2040,1393,140,132,"P3",1525
232,0.0607106735112743,0.219731352231583,0.23722,-0.8,4000,0.7135,0.1145,0.0174672489082969,0.00873362445414847,-1.04944444376192,-0.423586107704696,-0.286809795274536,-0.275934568993468,-0.648457270576449,-0.262482218013666,2854,2149,458,454,"P3",1530
232,0.0607106735112743,0.219731352231583,0.23722,-0.6,4000,0.7075,0.11,0.0159090909090909,0.00681818181818182,-0.804081602696307,-0.318627285194414,-0.174087015554876,-0.163731685183125,-0.472041142015547,-0.136091973711948,2830,2254,440,437,"P3",1530
232,0.0607106735112743,0.219731352231583,0.23722,-0.4,4000,0.6995,0.1055,0.0023696682464455,0,-0.532658490451118,-0.181644688125579,-0.0259377425657624,-0.0261249323641677,-0.275885463086877,0.00123561512212082,2798,2356,422,422,"P3",1530
232,0.0607106735112743,0.219731352231583,0.23722,-0.2,4000,0.7085,0.11675,0.00428265524625268,0,-0.317250130874424,-0.0773149660696792,0.0564816385663232,0.0561411782639434,-0.109051409696544,0.0673950494649812,2834,2513,467,467,"P3",1530
232,0.0607106735112743,0.219731352231583,0.23722,0,4000,0.71375,0.11125,0.00224719101123596,0,-0.0691294266959378,0.0572256536528241,0.175937989770475,0.175874444295638,0.0584498751423595,0.180525742721849,2855,2576,445,445,"P3",1530
232,0.0607106735112743,0.219731352231583,0.23722,0.2,4000,0.71725,0.121,0.0103305785123967,0,0.165385867970334,0.197521019758448,0.269989795504414,0.269533514268028,0.245474084042698,0.292495212712592,2869,2593,484,484,"P3",1530
232,0.0607106735112743,0.219731352231583,0.23722,0.4,4000,0.7145,0.12675,0.0157790927021696,0.00394477317554241,0.416180107006396,0.310726654548424,0.387052330192154,0.381917304680014,0.406062443308386,0.392115379941273,2858,2500,507,505,"P3",1530
232,0.0607106735112743,0.219731352231583,0.23722,0.6,4000,0.721,0.1235,0.0445344129554656,0.0101214574898785,0.66387528339384,0.44500277805421,0.521203230670936,0.508319432696589,0.583177739300786,0.523243716537059,2884,2424,494,489,"P3",1530
232,0.0607106735112743,0.219731352231583,0.23722,0.8,4000,0.724,0.12325,0.0912778904665314,0.0182555780933063,0.938661187559517,0.578554697473375,0.639684279950917,0.618355863217373,0.768776929105931,0.643723418462157,2896,2245,493,484,"P3",1530
101,0.0463515093865413,0.305264584351645,0.23722,-0.8,4000,0.585,0.066,0.00757575757575758,0.00378787878787879,-0.791524627576115,-0.243939261684884,-0.117263044146054,-0.112360595889507,-0.435722190720284,-0.109894121685403,2340,1821,264,263,"P3",1578
101,0.0463515093865413,0.305264584351645,0.23722,-0.6,4000,0.584,0.064,0.00390625,0.00390625,-0.692368205127907,-0.152396638413515,0.0104913740940394,0.0161003865139692,-0.314892026276411,0.0224422556214444,2336,1887,256,255,"P3",1578
101,0.0463515093865413,0.305264584351645,0.23722,-0.4,4000,0.596,0.0695,0.00719424460431655,0,-0.386802617216771,-0.0833079887420349,0.0474974999971633,0.047754047202351,-0.169308124257312,0.0655758363292436,2384,1978,278,278,"P3",1578
101,0.0463515093865413,0.305264584351645,0.23722,-0.2,4000,0.58525,0.06425,0.00778210116731518,0,-0.150883713746153,0.0344853615757165,0.173676306864462,0.173571750620905,0.00663007268599799,0.195282410302336,2341,2009,257,257,"P3",1578
101,0.0463515093865413,0.305264584351645,0.23722,0,4000,0.57175,0.056,0,0,-0.0064082664042879,0.0981475019352847,0.21085770705782,0.21085770705782,0.130121397169017,0.244600682444111,2287,1924,224,224,"P3",1578
101,0.0463515093865413,0.305264584351645,0.23722,0.2,4000,0.576,0.05825,0.0171673819742489,0,0.0997217515054295,0.187672830947472,0.320856606510373,0.319826144280259,0.252911888034185,0.336117755403192,2304,1962,233,233,"P3",1578
101,0.0463515093865413,0.305264584351645,0.23722,0.4,4000,0.5945,0.06625,0.0415094339622641,0,0.384583404538184,0.285576716685306,0.405140026033134,0.401472169533664,0.409929603226783,0.412006952623931,2378,1952,265,265,"P3",1578
101,0.0463515093865413,0.305264584351645,0.23722,0.6,4000,0.5955,0.07075,0.0318021201413428,0.0106007067137809,0.59039788232323,0.381773497352784,0.460550448600097,0.449500864486206,0.543398438369032,0.490512026752356,2382,1918,283,280,"P3",1578
101,0.0463515093865413,0.305264584351645,0.23722,0.8,4000,0.59625,0.06225,0.0803212851405622,0.0240963855421687,0.902471351841955,0.472764472297829,0.593039901867427,0.566382678796959,0.717389593359247,0.59187291489959,2385,1794,249,243,"P3",1578
260,0.0463548761210217,0.304578389754731,0.23722,-0.8,4000,0.692,0.12125,0.0185567010309278,0.00412371134020619,-0.944769879314062,-0.430961798275828,-0.301375438447524,-0.295234267840806,-0.623421030974348,-0.30010351297049,2768,2120,485,483,"P3",1600
260,0.0463548761210217,0.304578389754731,0.23722,-0.6,4000,0.7045,0.1315,0.00760456273764259,0.00380228136882129,-0.717525428659394,-0.33676184960055,-0.206934122055226,-0.202630646704156,-0.438143806858426,-0.178849465955252,2818,2396,526,524,"P3",1600
260,0.0463548761210217,0.304578389754731,0.23722,-0.4,4000,0.69725,0.134,0.00373134328358209,0,-0.481161922490185,-0.205816889196356,-0.0857502405567244,-0.0853705074218248,-0.257231702203556,-0.0699045457513811,2789,2461,536,536,"P3",1600
260,0.0463548761210217,0.304578389754731,0.23722,-0.2,4000,0.679,0.11775,0.00212314225053079,0,-0.246776800673805,-0.0889105829170141,0.0217321479803323,0.0219113242302001,-0.10704887539009,0.0349790770948025,2716,2465,471,471,"P3",1600
260,0.0463548761210217,0.304578389754731,0.23722,0,4000,0.6945,0.12775,0.00195694716242661,0,-0.0283110373366984,0.0594188622176724,0.165312397504535,0.164981831086352,0.0705881625612792,0.175292583914359,2778,2585,511,511,"P3",1600
260,0.0463548761210217,0.304578389754731,0.23722,0.2,4000,0.67975,0.1235,0,0.00202429149797571,0.214056596599063,0.179467941539547,0.251106341321607,0.248973290104881,0.218773382235546,0.27002774828512,2719,2521,494,493,"P3",1600
260,0.0463548761210217,0.304578389754731,0.23722,0.4,4000,0.68025,0.12225,0.00613496932515337,0.00204498977505112,0.443697013614525,0.321425683656644,0.361530726030768,0.358910712209157,0.410005402732651,0.365085377018248,2721,2477,489,488,"P3",1600
260,0.0463548761210217,0.304578389754731,0.23722,0.6,4000,0.681,0.12025,0.0145530145530146,0.00207900207900208,0.638938737100336,0.445785868588676,0.46004257161233,0.457091324438861,0.541241969455588,0.465806700791288,2724,2394,481,480,"P3",1600
260,0.0463548761210217,0.304578389754731,0.23722,0.8,4000,0.68675,0.11325,0.0463576158940397,0.0132450331125828,0.813968747010458,0.566439670535669,0.593037919366676,0.579671188414017,0.725610283528806,0.59223138960382,2747,2285,453,447,"P3",1600
277,0.0495939767752895,0.532224020438457,0.23722,-0.8,4000,0.70925,0.144,0.0243055555555556,0.00173611111111111,-0.965846049788809,-0.519819003359459,-0.389743132775597,-0.385683051386185,-0.650786475012116,-0.373637696494481,2837,2301,576,575,"P3",1657
277,0.0495939767752895,0.532224020438457,0.23722,-0.6,4000,0.6955,0.142,0.00880281690140845,0,-0.665066189034415,-0.396140579232548,-0.267391362849263,-0.266112412362244,-0.459849193837042,-0.253867056745219,2782,2409,568,568,"P3",1657
277,0.0495939767752895,0.532224020438457,0.23722,-0.4,4000,0.707,0.14525,0.00344234079173838,0.00172117039586919,-0.474066819811586,-0.273649389757259,-0.156603261007128,-0.154373484258267,-0.294418665581355,-0.123914866586392,2828,2598,581,580,"P3",1657
277,0.0495939767752895,0.532224020438457,0.23722,-0.2,4000,0.688,0.1455,0,0,-0.222495005497033,-0.127010473289521,-0.00670686245526983,-0.00670686245526983,-0.114796233895853,-0.00546017439610065,2752,2599,582,582,"P3",1657
277,0.0495939767752895,0.532224020438457,0.23722,0,4000,0.71275,0.15625,0,0,-0.0107880432169149,0.0262353989785222,0.0914193192101521,0.0914193192101521,0.0256220485695736,0.101257195017888,2851,2740,625,625,"P3",1657
277,0.0495939767752895,0.532224020438457,0.23722,0.2,4000,0.70325,0.1455,0,0,0.202481184131786,0.18696847020803,0.213603360054404,0.213603360054404,0.21460757959481,0.228250239194859,2813,2698,582,582,"P3",1657
277,0.0495939767752895,0.532224020438457,0.23722,0.4,4000,0.7155,0.1555,0,0,0.427627275570144,0.339798904359751,0.31176087685836,0.31176087685836,0.379587431381852,0.324373393647775,2862,2698,622,622,"P3",1657
277,0.0495939767752895,0.532224020438457,0.23722,0.6,4000,0.70275,0.14675,0.00681431005110733,0,0.628302724338439,0.474135942819586,0.434603576561277,0.434523566420676,0.536100123233168,0.440273726604689,2811,2550,587,587,"P3",1657
277,0.0495939767752895,0.532224020438457,0.23722,0.8,4000,0.71525,0.147,0.0170068027210884,0.00170068027210884,0.899769705335529,0.613250529683374,0.538106150117726,0.535714876964001,0.702667482516023,0.542190304568694,2861,2460,588,587,"P3",1657
8,0.281352935267447,1.27823604302214,0.23722,-0.8,4000,0.57675,0.073,0.102739726027397,0.0650684931506849,-1.14290247787097,-0.332078747251434,-0.439831958701121,-0.363526479495013,-0.791398859872497,-0.472574700611014,2307,1498,292,273,"P3",1662
8,0.281352935267447,1.27823604302214,0.23722,-0.6,4000,0.596,0.08725,0.0573065902578797,0.0343839541547278,-0.851517217269478,-0.230383431248142,-0.229506017851746,-0.189811123305833,-0.569347523928183,-0.27119056420715,2384,1698,349,337,"P3",1662
8,0.281352935267447,1.27823604302214,0.23722,-0.4,4000,0.60025,0.08175,0.0458715596330275,0.018348623853211,-0.570676692827042,-0.13239250821999,-0.0954865169529807,-0.0780083359965824,-0.349215889755107,-0.0962545230260246,2401,1798,327,321,"P3",1662
8,0.281352935267447,1.27823604302214,0.23722,-0.2,4000,0.59025,0.08325,0.036036036036036,0.00900900900900901,-0.331582130965696,0.0063106227946994,0.0991910081570206,0.103820394032809,-0.107941355708316,0.130508412011031,2361,1859,333,330,"P3",1662
8,0.281352935267447,1.27823604302214,0.23722,0,4000,0.584,0.08675,0.037463976945245,0.0201729106628242,-0.0142063336813388,0.10440013774566,0.161319975471742,0.174731509986462,0.108817699887831,0.176763231636819,2336,1868,347,340,"P3",1662
8,0.281352935267447,1.27823604302214,0.23722,0.2,4000,0.598,0.08525,0.0879765395894428,0.0117302052785924,0.197823033517919,0.218372361979455,0.380086081961906,0.372031978201202,0.330735424534595,0.423624586148203,2392,1898,341,337,"P3",1662
8,0.281352935267447,1.27823604302214,0.23722,0.4,4000,0.5815,0.08075,0.108359133126935,0.0185758513931889,0.472241198191346,0.316359636907292,0.463490556229309,0.436402084358707,0.533488005364206,0.517476874940321,2326,1787,323,317,"P3",1662
8,0.281352935267447,1.27823604302214,0.23722,0.6,4000,0.58925,0.09925,0.143576826196474,0.0327455919395466,0.737237630779775,0.447545038403963,0.628789434306325,0.588923329750388,0.734239242902021,0.692873844099805,2357,1729,397,384,"P3",1662
8,0.281352935267447,1.27823604302214,0.23722,0.8,4000,0.60425,0.0945,0.216931216931217,0.0714285714285714,0.938903010008138,0.508401047081585,0.788712722191914,0.72419390015212,0.886104623958755,0.855146734329454,2417,1642,378,351,"P3",1662
321,0.151931035851125,0.219689120060966,0.23722,-0.8,4000,0.94775,0.469,0.0954157782515992,0.0495735607675906,-1.11437511040595,-0.643223277004779,-0.632917832770502,-0.578779632544206,-0.842946615821023,-0.600090732518632,3791,2743,1876,1783,"P3",1722
321,0.151931035851125,0.219689120060966,0.23722,-0.6,4000,0.94975,0.46525,0.0488984416980118,0.0193444384739387,-0.839305935742619,-0.529952267924943,-0.466179514512625,-0.442515060122652,-0.623815991039358,-0.443917160884665,3799,3182,1861,1825,"P3",1722
321,0.151931035851125,0.219689120060966,0.23722,-0.4,4000,0.9495,0.4715,0.0233297985153765,0.00795334040296925,-0.597735206079717,-0.37568482629105,-0.289626187579405,-0.27829292815203,-0.422469622043342,-0.271855520185724,3798,3354,1886,1871,"P3",1722
321,0.151931035851125,0.219689120060966,0.23722,-0.2,4000,0.9505,0.466,0.00751072961373391,0.00214592274678112,-0.339959142518595,-0.197575554621057,-0.100756972998605,-0.0973407003933981,-0.20206275983346,-0.0793991858687363,3802,3572,1864,1860,"P3",1722
321,0.151931035851125,0.219689120060966,0.23722,0,4000,0.955,0.48175,0.00103788271925272,0,-0.0808361468106141,-0.00966799771990355,0.0636604904896096,0.063762849020774,0.0094139309633651,0.0738335395663783,3820,3686,1927,1927,"P3",1722
321,0.151931035851125,0.219689120060966,0.23722,0.2,4000,0.951,0.47325,0.00264131008980454,0,0.182108435403124,0.189511937589306,0.242262112859884,0.242312184899069,0.222318958922928,0.252042515336539,3804,3702,1893,1893,"P3",1722
321,0.151931035851125,0.219689120060966,0.23722,0.4,4000,0.95275,0.47625,0.0204724409448819,0.0020997375328084,0.442635443814298,0.393548261255557,0.428118087749153,0.42459113674824,0.44010821999717,0.438930813151216,3811,3644,1905,1901,"P3",1722
321,0.151931035851125,0.219689120060966,0.23722,0.6,4000,0.9575,0.4785,0.0569487983281087,0.00574712643678161,0.690961950588391,0.576190254076509,0.590754489789829,0.580956746877114,0.638897381989136,0.595554633605836,3830,3521,1914,1903,"P3",1722
321,0.151931035851125,0.219689120060966,0.23722,0.8,4000,0.95075,0.494,0.142206477732794,0.0334008097165992,0.892780583427977,0.727643133866041,0.763243698295704,0.726676106618447,0.826391679932863,0.760125482189433,3803,3212,1976,1910,"P3",1722
158,0.0463531105885776,0.654494080256431,0.23722,-0.8,4000,0.65225,0.1055,0.018957345971564,0,-0.789847854547594,-0.442775822092672,-0.301023103399472,-0.299646537791695,-0.552911282353762,-0.274704389858203,2609,2178,422,422,"P3",1807
158,0.0463531105885776,0.654494080256431,0.23722,-0.6,4000,0.646,0.10625,0.00705882352941176,0,-0.549533691550125,-0.321806548532869,-0.197833751770887,-0.197338982063304,-0.383287404752126,-0.183015757474419,2584,2270,425,425,"P3",1807
158,0.0463531105885776,0.654494080256431,0.23722,-0.4,4000,0.64,0.1095,0.00228310502283105,0.00228310502283105,-0.414829435522711,-0.216345606105828,-0.109718316584158,-0.106637706055778,-0.254440515077914,-0.0835866623399498,2560,2333,438,437,"P3",1807
158,0.0463531105885776,0.654494080256431,0.23722,-0.2,4000,0.64325,0.11075,0.00225733634311512,0,-0.203704077158028,-0.10387151877451,-0.00857935246561941,-0.0085780928758207,-0.100702641107268,0.0122585636837047,2573,2391,443,443,"P3",1807
158,0.0463531105885776,0.654494080256431,0.23722,0,4000,0.6535,0.1085,0,0,-0.00652470016421379,0.0331216775459306,0.0995234637220339,0.0995234637220339,0.0432627314703293,0.122305170875891,2614,2481,434,434,"P3",1807
158,0.0463531105885776,0.654494080256431,0.23722,0.2,4000,0.6465,0.11475,0.00217864923747277,0,0.203013977008872,0.172167806551962,0.20466525655768,0.20460103769499,0.210463860941805,0.203159700309034,2586,2441,459,459,"P3",1807
158,0.0463531105885776,0.654494080256431,0.23722,0.4,4000,0.62725,0.11325,0.00662251655629139,0,0.389267281345024,0.296529589665134,0.306857608243554,0.30626548542967,0.348320565460305,0.330069584165925,2509,2345,453,453,"P3",1807
158,0.0463531105885776,0.654494080256431,0.23722,0.6,4000,0.652,0.11075,0.00677200902934537,0,0.625878161064792,0.424939951103614,0.412288004799664,0.411716417976402,0.502673517353815,0.424965961734235,2608,2330,443,443,"P3",1807
158,0.0463531105885776,0.654494080256431,0.23722,0.8,4000,0.6425,0.11075,0.0225733634311512,0,0.792299205612654,0.540651990401334,0.518042445730401,0.515932446998471,0.63964992530953,0.528037666357679,2570,2196,443,443,"P3",1807
305,0.0463561910178696,0.216559359687974,0.23722,-0.8,4000,0.68825,0.117,0.0192307692307692,0.00213675213675214,-0.971390388873021,-0.417642301508387,-0.270621415121092,-0.266217554673021,-0.62259510175191,-0.255128578132871,2753,2110,468,467,"P3",1830
305,0.0463561910178696,0.216559359687974,0.23722,-0.6,4000,0.68975,0.11625,0.0021505376344086,0.0043010752688172,-0.742690117221836,-0.279812902799617,-0.156176836421507,-0.151007328344651,-0.40144550568214,-0.12619798393601,2759,2284,465,463,"P3",1830
305,0.0463561910178696,0.216559359687974,0.23722,-0.4,4000,0.6925,0.11825,0.00845665961945032,0.00211416490486258,-0.496221074193881,-0.187474883424643,-0.0418117391128104,-0.038242293929948,-0.256331806090699,-0.0187198906399081,2770,2395,473,472,"P3",1830
305,0.0463561910178696,0.216559359687974,0.23722,-0.2,4000,0.69725,0.126,0,0,-0.245720366914131,-0.0625590758209847,0.0492646741682105,0.0492646741682105,-0.0846765173123847,0.0613036616033653,2789,2500,504,504,"P3",1830
305,0.0463561910178696,0.216559359687974,0.23722,0,4000,0.7095,0.12225,0.00204498977505112,0,-0.0173919290154122,0.0815038396092109,0.17727042344192,0.177188781966573,0.0995126620867072,0.188993574513756,2838,2599,489,489,"P3",1830
305,0.0463561910178696,0.216559359687974,0.23722,0.2,4000,0.692,0.1085,0.00460829493087558,0.00460829493087558,0.165695813294438,0.189172155952007,0.2796668491424,0.274584662346243,0.240999229620437,0.272148554330642,2768,2480,434,432,"P3",1830
305,0.0463561910178696,0.216559359687974,0.23722,0.4,4000,0.69875,0.11725,0.00852878464818763,0.00213219616204691,0.42094855349639,0.316040108807633,0.383554664350879,0.381117974770415,0.4093936369487,0.409274467455945,2795,2492,469,468,"P3",1830
305,0.0463561910178696,0.216559359687974,0.23722,0.6,4000,0.69725,0.1205,0.024896265560166,0.0103734439834025,0.689477415850955,0.43311385049982,0.503482679618431,0.49130079351166,0.576729449708007,0.524233858318747,2789,2337,482,477,"P3",1830
305,0.0463561910178696,0.216559359687974,0.23722,0.8,4000,0.70325,0.1205,0.0601659751037344,0.012448132780083,0.871779414366476,0.5437452469709,0.583380555658232,0.568603004694028,0.709192157748657,0.573690564673062,2813,2248,482,476,"P3",1830
161,0.144101738332839,0.326940987236083,0.23722,-0.8,4000,0.86725,0.2795,0.0608228980322004,0.035778175313059,-1.11652958202925,-0.568190281513247,-0.527274093684717,-0.487602455337303,-0.789156954637997,-0.514803541291906,3469,2535,1118,1078,"P3",1884
161,0.144101738332839,0.326940987236083,0.23722,-0.6,4000,0.8695,0.28675,0.029642545771578,0.00610287707061901,-0.889294504183803,-0.451171130486949,-0.343069366110796,-0.332167219158479,-0.58047402607692,-0.327456553551458,3478,2810,1147,1140,"P3",1884
161,0.144101738332839,0.326940987236083,0.23722,-0.4,4000,0.8765,0.287,0.0121951219512195,0.00522648083623693,-0.604761169946792,-0.314700019520338,-0.205524425203313,-0.19762774587936,-0.380559043374032,-0.186828792671329,3506,3082,1148,1142,"P3",1884
161,0.144101738332839,0.326940987236083,0.23722,-0.2,4000,0.8705,0.28675,0.00610287707061901,0,-0.35679016697865,-0.166760068588602,-0.0669334482321842,-0.0665339703306717,-0.196988438679684,-0.0654577308132245,3482,3177,1147,1147,"P3",1884
161,0.144101738332839,0.326940987236083,0.23722,0,4000,0.86325,0.286,0.0034965034965035,0,-0.13552893325878,0.00623915514464019,0.0965724077317933,0.0963931721417443,0.01468130370453,0.108937155494335,3453,3260,1144,1144,"P3",1884
161,0.144101738332839,0.326940987236083,0.23722,0.2,4000,0.869,0.29775,0.00839630562552477,0,0.181856139161971,0.190345166326065,0.251553309040753,0.251065727626174,0.221802450300367,0.26695153526347,3476,3294,1191,1191,"P3",1884
161,0.144101738332839,0.326940987236083,0.23722,0.4,4000,0.86125,0.292,0.0196917808219178,0.00256849315068493,0.438564897934787,0.36970361351522,0.415227271428476,0.410656529846904,0.426365577064973,0.42191191191052,3445,3214,1168,1165,"P3",1884
161,0.144101738332839,0.326940987236083,0.23722,0.6,4000,0.8745,0.3055,0.0450081833060556,0.00900163666121113,0.715003265980622,0.539326676736831,0.577248521876271,0.565558119811773,0.652109410043155,0.595305946082611,3498,3078,1222,1211,"P3",1884
161,0.144101738332839,0.326940987236083,0.23722,0.8,4000,0.8655,0.302,0.149006622516556,0.0372516556291391,0.965334344488089,0.679171642426366,0.73255666654423,0.694371885862027,0.835484649645049,0.739038221706936,3462,2778,1208,1163,"P3",1884
178,0.0733066616787298,0.220138580269597,0.23722,-0.8,4000,0.71925,0.105,0.030952380952381,0.00238095238095238,-1.11362313557296,-0.40423101762365,-0.305674491035129,-0.299848944210016,-0.68015042642911,-0.277723447226864,2877,2034,420,419,"P3",1899
178,0.0733066616787298,0.220138580269597,0.23722,-0.6,4000,0.71425,0.107,0.00700934579439252,0,-0.973879336075229,-0.284919748590507,-0.155422125117838,-0.15497728134409,-0.460198105084424,-0.158059623674224,2857,2257,428,428,"P3",1899
178,0.0733066616787298,0.220138580269597,0.23722,-0.4,4000,0.71375,0.10175,0.00491400491400491,0.00245700245700246,-0.591166211346221,-0.186993285040836,-0.0450902261690836,-0.0409773684362454,-0.289261239944334,-0.023110742673104,2855,2374,407,406,"P3",1899
178,0.0733066616787298,0.220138580269597,0.23722,-0.2,4000,0.72475,0.10475,0,0,-0.379550856690562,-0.0464280444011348,0.106586544804233,0.106586544804233,-0.0952981910263085,0.12326902438575,2899,2530,419,419,"P3",1899
178,0.0733066616787298,0.220138580269597,0.23722,0,4000,0.714,0.11625,0.00860215053763441,0,-0.0467485640410023,0.0919405914405333,0.205187622705309,0.204293962571366,0.0991969581667541,0.24283738212347,2856,2513,465,465,"P3",1899
178,0.0733066616787298,0.220138580269597,0.23722,0.2,4000,0.703,0.11125,0.0134831460674157,0.00449438202247191,0.179578025241202,0.195642262055934,0.326446557464461,0.321018482391199,0.246883407385148,0.340277917794338,2812,2482,445,443,"P3",1899
178,0.0733066616787298,0.220138580269597,0.23722,0.4,4000,0.707,0.1115,0.031390134529148,0.00448430493273543,0.497201588217781,0.337225429792091,0.429419578761506,0.422664298212018,0.430149853293155,0.435466989112772,2828,2466,446,444,"P3",1899
178,0.0733066616787298,0.220138580269597,0.23722,0.6,4000,0.71125,0.1125,0.0733333333333333,0.00888888888888889,0.73374037938143,0.460911973967917,0.544879883128433,0.530660645871096,0.640425704427116,0.553367822642723,2845,2325,450,446,"P3",1899
178,0.0733066616787298,0.220138580269597,0.23722,0.8,4000,0.7185,0.1065,0.117370892018779,0.0187793427230047,0.930060824707164,0.556497945214728,0.652503788066494,0.626448017582907,0.792434977333521,0.631863416628677,2874,2157,426,418,"P3",1899
219,0.120384016009047,0.302176062865604,0.23722,-0.8,4000,0.86575,0.2895,0.0751295336787565,0.0233160621761658,-1.1550852653207,-0.586318085061081,-0.537422994556046,-0.508258974656466,-0.810034143975834,-0.51664459562704,3463,2499,1158,1131,"P3",1907
219,0.120384016009047,0.302176062865604,0.23722,-0.6,4000,0.858,0.281,0.0222419928825623,0.0106761565836299,-0.861504497518701,-0.471260988826835,-0.369974827742732,-0.357373905420502,-0.608079510533428,-0.351709101508893,3432,2782,1124,1112,"P3",1907
219,0.120384016009047,0.302176062865604,0.23722,-0.4,4000,0.868,0.29025,0.00861326442721792,0.00430663221360896,-0.548983121410707,-0.333376550540091,-0.223188107372323,-0.21759498870336,-0.394349911465184,-0.208032174949042,3472,3095,1161,1156,"P3",1907
219,0.120384016009047,0.302176062865604,0.23722,-0.2,4000,0.87825,0.29375,0.0051063829787234,0,-0.315069822705203,-0.170932615576891,-0.0546507616980922,-0.0543216850988832,-0.187324330879055,-0.0320313256575114,3513,3280,1175,1175,"P3",1907
219,0.120384016009047,0.302176062865604,0.23722,0,4000,0.87125,0.29275,0.00256191289496157,0,-0.065226605973281,0.0106693202319258,0.103794612201725,0.103638608748074,0.0221877234998672,0.108875284329997,3485,3303,1171,1171,"P3",1907
219,0.120384016009047,0.302176062865604,0.23722,0.2,4000,0.87175,0.30575,0.00735895339329518,0,0.187034216186011,0.181913490804727,0.246136022582336,0.245552502223239,0.219530585444942,0.256067607510279,3487,3337,1223,1223,"P3",1907
219,0.120384016009047,0.302176062865604,0.23722,0.4,4000,0.87075,0.30125,0.0157676348547718,0.000829875518672199,0.441516350674514,0.384959436828851,0.413561605681186,0.411622327118299,0.43297087514,0.428014474286524,3483,3260,1205,1204,"P3",1907
219,0.120384016009047,0.302176062865604,0.23722,0.6,4000,0.86075,0.283,0.049469964664311,0.00618374558303887,0.71156878342148,0.543005196590833,0.562170748619954,0.552104399972629,0.635426242356034,0.573773523134242,3443,3046,1132,1125,"P3",1907
219,0.120384016009047,0.302176062865604,0.23722,0.8,4000,0.86925,0.29525,0.110076206604572,0.0287891617273497,1.01443989901063,0.690391430149714,0.723521898946649,0.693951765741728,0.835547327078022,0.731008825923917,3477,2783,1181,1147,"P3",1907
135,0.140301096436628,0.219328368043965,0.23722,-0.8,4000,0.80175,0.15125,0.0446280991735537,0.0132231404958678,-1.22791636309798,-0.482065902938346,-0.381367609663361,-0.363574630827223,-0.770520578323422,-0.366963542132578,3207,2242,605,597,"P3",1967
135,0.140301096436628,0.219328368043965,0.23722,-0.6,4000,0.802,0.157,0.0159235668789809,0.00477707006369427,-0.952819804846328,-0.371671225068992,-0.224076471197194,-0.217150511525313,-0.562016658090786,-0.209422476644102,3208,2483,628,625,"P3",1967
135,0.140301096436628,0.219328368043965,0.23722,-0.4,4000,0.80075,0.158,0.0110759493670886,0,-0.641521794317023,-0.229724063463566,-0.107565390254536,-0.10719913956623,-0.354706610049588,-0.0963188093295681,3203,2636,632,632,"P3",1967
135,0.140301096436628,0.219328368043965,0.23722,-0.2,4000,0.80675,0.16475,0.00455235204855842,0.00151745068285281,-0.377337512348011,-0.087323007142079,0.0509780960794848,0.0535376713479967,-0.139164087745051,0.0675384217381087,3227,2811,659,658,"P3",1967
135,0.140301096436628,0.219328368043965,0.23722,0,4000,0.79675,0.16925,0.00886262924667651,0,-0.104908787923192,0.0522324958226894,0.159476448014755,0.15898678128442,0.0509643856552083,0.171268799206376,3187,2843,677,677,"P3",1967
135,0.140301096436628,0.219328368043965,0.23722,0.2,4000,0.80425,0.16975,0.0147275405007364,0.00147275405007364,0.158717373693445,0.218227307359157,0.330299982853782,0.327404958690812,0.279643531555314,0.360830519266754,3217,2918,679,678,"P3",1967
135,0.140301096436628,0.219328368043965,0.23722,0.4,4000,0.80375,0.174,0.0301724137931034,0.00431034482758621,0.513887290794465,0.358096081112836,0.45020192601515,0.442567258438556,0.460314014859305,0.459415597777627,3215,2831,696,693,"P3",1967
135,0.140301096436628,0.219328368043965,0.23722,0.6,4000,0.799,0.17,0.0661764705882353,0.0235294117647059,0.879005502274308,0.494145500097647,0.60355642218953,0.577383113241007,0.66272883901599,0.63160389374332,3196,2615,680,664,"P3",1967
135,0.140301096436628,0.219328368043965,0.23722,0.8,4000,0.79675,0.166,0.150602409638554,0.0301204819277108,1.06313693622068,0.624534023014874,0.707500723685862,0.669173309961291,0.864354196300234,0.719808725920388,3187,2338,664,644,"P3",1967
214,0.236379604269609,0.348906320369321,0.23722,-0.8,4000,0.982,0.676,0.137943786982249,0.0835798816568047,-0.974271838551151,-0.692213179324774,-0.744211130468026,-0.663063502299911,-0.843631904138465,-0.714979837522969,3928,3045,2704,2478,"P3",1979
214,0.236379604269609,0.348906320369321,0.23722,-0.6,4000,0.9815,0.67775,0.0748801180376245,0.0309848764293619,-0.772093646721493,-0.568687772544524,-0.562213697301594,-0.527020920035864,-0.632633579504447,-0.531962461610249,3926,3408,2711,2627,"P3",1979
214,0.236379604269609,0.348906320369321,0.23722,-0.4,4000,0.981,0.67375,0.0218923933209648,0.00853432282003711,-0.524835106261835,-0.415049893916973,-0.362745096762914,-0.351230909667146,-0.430761162353912,-0.338468954025551,3924,3665,2695,2672,"P3",1979
214,0.236379604269609,0.348906320369321,0.23722,-0.2,4000,0.98525,0.692,0.00686416184971098,0.00108381502890173,-0.298179525335497,-0.228361415367848,-0.172262907717709,-0.170332736431829,-0.219360721642168,-0.148392750277944,3941,3809,2768,2765,"P3",1979
214,0.236379604269609,0.348906320369321,0.23722,0,4000,0.985,0.6855,0.00328227571115974,0,-0.0450493334661431,-0.0266507590108129,0.0227359291682362,0.0229359327145187,0.00234267006016399,0.0419626630534533,3940,3888,2742,2742,"P3",1979
214,0.236379604269609,0.348906320369321,0.23722,0.2,4000,0.98375,0.683,0.00219619326500732,0.000366032210834553,0.187145201572783,0.191848469357393,0.224499652087845,0.223934507559264,0.222199948446736,0.242044327772947,3935,3895,2732,2731,"P3",1979
214,0.236379604269609,0.348906320369321,0.23722,0.4,4000,0.98425,0.67475,0.0133382734346054,0.00185253797702853,0.42440295513027,0.408492373308567,0.422353989195967,0.41943548734807,0.430576238599386,0.43381335301966,3937,3867,2699,2694,"P3",1979
214,0.236379604269609,0.348906320369321,0.23722,0.6,4000,0.98125,0.69,0.05,0.00615942028985507,0.655723311923675,0.597070820742919,0.605615910077441,0.596674955260102,0.630281414694892,0.611656507183487,3925,3755,2760,2743,"P3",1979
214,0.236379604269609,0.348906320369321,0.23722,0.8,4000,0.98725,0.69675,0.172228202368138,0.0297811266594905,0.897696283704958,0.772117140561303,0.799972902441986,0.76562100812085,0.843092223755978,0.798144066053046,3949,3520,2787,2704,"P3",1979
197,0.0463544882367831,0.457214244412586,0.23722,-0.8,4000,0.65875,0.11375,0.0263736263736264,0.00879120879120879,-0.82759345661998,-0.424714120543368,-0.315702027880899,-0.303531888063857,-0.563204715966959,-0.280472741343726,2635,2140,455,451,"P3",2079
197,0.0463544882367831,0.457214244412586,0.23722,-0.6,4000,0.66,0.1205,0.0020746887966805,0.004149377593361,-0.620282065103744,-0.31337883041071,-0.201418676883001,-0.196070754023338,-0.389216678798616,-0.165569035192948,2640,2310,482,480,"P3",2079
197,0.0463544882367831,0.457214244412586,0.23722,-0.4,4000,0.66825,0.1305,0.00191570881226054,0,-0.391710707496724,-0.219209316609737,-0.0769047935733242,-0.0768023119034643,-0.259772054920593,-0.0722670011607288,2673,2424,522,522,"P3",2079
197,0.0463544882367831,0.457214244412586,0.23722,-0.2,4000,0.66025,0.12525,0,0,-0.266535881384061,-0.0844447715803182,0.00691168739970014,0.00691168739970014,-0.0952913836055417,0.00959786416186231,2641,2439,501,501,"P3",2079
197,0.0463544882367831,0.457214244412586,0.23722,0,4000,0.65475,0.11775,0.00424628450106157,0,-0.010148183944915,0.0363315672846545,0.0991221307365836,0.0990925865777775,0.0432495678190948,0.105492427335482,2619,2455,471,471,"P3",2079
197,0.0463544882367831,0.457214244412586,0.23722,0.2,4000,0.67,0.12075,0.0041407867494824,0,0.197530224467934,0.163898425750738,0.204817451822682,0.20431167807307,0.200624247213766,0.203630320374051,2680,2523,483,483,"P3",2079
197,0.0463544882367831,0.457214244412586,0.23722,0.4,4000,0.6675,0.12425,0.00201207243460765,0,0.42102507159175,0.306930706814102,0.319062825626032,0.318925785580852,0.374039754533851,0.330130892191656,2670,2481,497,497,"P3",2079
197,0.0463544882367831,0.457214244412586,0.23722,0.6,4000,0.6595,0.118,0.0169491525423729,0.00423728813559322,0.594252252480508,0.429711437871022,0.441634661900738,0.436669699946517,0.523506160563223,0.449822256060757,2638,2361,472,470,"P3",2079
197,0.0463544882367831,0.457214244412586,0.23722,0.8,4000,0.6715,0.12325,0.0344827586206897,0,0.818463117054936,0.551673342229923,0.525605269017294,0.523223163256682,0.671459109696858,0.546130837786216,2686,2273,493,493,"P3",2079
43,0.127081203593238,0.21916125619402,0.23722,-0.8,4000,0.53975,0.0355,0.0211267605633803,0,-1.04729189513767,-0.213562736569652,-0.0805039494350205,-0.0781813731944257,-0.534338320211402,-0.0823471730678306,2159,1516,142,142,"P3",2129
43,0.127081203593238,0.21916125619402,0.23722,-0.6,4000,0.5435,0.0385,0,0,-0.738937509734056,-0.120425562781517,0.00872651056941987,0.00872651056941987,-0.316143584258039,0.0132121231287943,2174,1643,154,154,"P3",2129
43,0.127081203593238,0.21916125619402,0.23722,-0.4,4000,0.53425,0.04025,0.0248447204968944,0,-0.561056995800656,-0.0317983467652492,0.10882297281555,0.105608340420807,-0.173556219333949,0.0902996221486865,2137,1642,161,161,"P3",2129
43,0.127081203593238,0.21916125619402,0.23722,-0.2,4000,0.55075,0.04375,0.00571428571428571,0,-0.22768466084053,0.0746887750086038,0.234979751956096,0.234586972653725,0.0236526485417444,0.254791116475868,2203,1732,175,175,"P3",2129
43,0.127081203593238,0.21916125619402,0.23722,0,4000,0.54525,0.04,0.01875,0,-0.0620744769807162,0.143751106044989,0.333940251046358,0.332697250476571,0.190820682525455,0.300430879888922,2181,1712,160,160,"P3",2129
43,0.127081203593238,0.21916125619402,0.23722,0.2,4000,0.54,0.04325,0.0404624277456647,0,0.253187350975715,0.236517884143437,0.386849109952034,0.382211574379615,0.354600664181579,0.376735859190876,2160,1656,173,173,"P3",2129
43,0.127081203593238,0.21916125619402,0.23722,0.4,4000,0.55925,0.04625,0.0486486486486487,0,0.492263576817055,0.304600170215397,0.453193759026304,0.448640232456926,0.496688834990373,0.483154827172141,2237,1671,185,185,"P3",2129
43,0.127081203593238,0.21916125619402,0.23722,0.6,4000,0.57125,0.043,0.0755813953488372,0.0348837209302326,0.804789487126355,0.389855528041216,0.633226464637318,0.599188087157249,0.680973991511846,0.648739421113053,2285,1645,172,166,"P3",2129
43,0.127081203593238,0.21916125619402,0.23722,0.8,4000,0.56125,0.04775,0.167539267015707,0.0785340314136126,1.13022031770303,0.491784586569806,0.70708843435697,0.629220047941366,0.887642057016496,0.748618924552078,2245,1452,191,176,"P3",2129
358,0.0976736229287204,0.287126436752113,0.23722,-0.8,4000,0.8835,0.3265,0.0650842266462481,0.0321592649310873,-1.11646969015109,-0.6248240863071,-0.575572520970824,-0.54062480675754,-0.815712422033321,-0.548460811648649,3534,2607,1306,1264,"P3",2222
358,0.0976736229287204,0.287126436752113,0.23722,-0.6,4000,0.879,0.3415,0.0358711566617862,0.0131771595900439,-0.867009815965604,-0.503834048651336,-0.423491547721792,-0.406949090799548,-0.604099819975006,-0.397436120271817,3516,2962,1366,1348,"P3",2222
358,0.0976736229287204,0.287126436752113,0.23722,-0.4,4000,0.897,0.3415,0.0102489019033675,0.00439238653001464,-0.581096744636256,-0.359366060609927,-0.256309256932873,-0.250499936651241,-0.40188482746428,-0.222500526311139,3588,3210,1366,1360,"P3",2222
358,0.0976736229287204,0.287126436752113,0.23722,-0.2,4000,0.88775,0.354,0.00353107344632768,0,-0.295293378240117,-0.179450339099289,-0.0740592689634007,-0.0738322018496633,-0.177499419547489,-0.0533539180816179,3551,3348,1416,1416,"P3",2222
358,0.0976736229287204,0.287126436752113,0.23722,0,4000,0.89325,0.3395,0,0,-0.0460040226367994,0.0083748729701458,0.0877082828058979,0.0877082828058979,0.0321443507096857,0.0967229012038469,3573,3456,1358,1358,"P3",2222
358,0.0976736229287204,0.287126436752113,0.23722,0.2,4000,0.8865,0.336,0.00297619047619048,0,0.202357932425023,0.191726194110009,0.232369504213742,0.232228179192828,0.224826464616549,0.243476902055773,3546,3452,1344,1344,"P3",2222
358,0.0976736229287204,0.287126436752113,0.23722,0.4,4000,0.88275,0.359,0.00905292479108635,0.000696378830083565,0.447656631890182,0.387961255060863,0.400200225425015,0.398691061625073,0.427273409387998,0.404326390355142,3531,3374,1436,1435,"P3",2222
358,0.0976736229287204,0.287126436752113,0.23722,0.6,4000,0.89025,0.3355,0.0305514157973174,0.00521609538002981,0.697357536033164,0.55221158557329,0.546252690344392,0.54019818445892,0.621932968761146,0.555640735123007,3561,3216,1342,1335,"P3",2222
358,0.0976736229287204,0.287126436752113,0.23722,0.8,4000,0.89025,0.34775,0.102084831056794,0.0186915887850467,0.94385642851554,0.701423662062057,0.709731455500193,0.687289405891866,0.817593039585605,0.704771408104959,3561,2939,1391,1365,"P3",2222
293,0.0463594840142062,0.367684123298651,0.23722,-0.8,4000,0.69225,0.1425,0.0192982456140351,0.00526315789473684,-0.863626824849369,-0.477136962318132,-0.358917602116306,-0.351818985795631,-0.60541368554716,-0.343758123661521,2769,2254,570,567,"P3",2246
293,0.0463594840142062,0.367684123298651,0.23722,-0.6,4000,0.70075,0.13575,0.00736648250460405,0,-0.649975763696525,-0.36333307983049,-0.233604830859219,-0.232733651094978,-0.454541452562879,-0.226006250378776,2803,2399,543,543,"P3",2246
293,0.0463594840142062,0.367684123298651,0.23722,-0.4,4000,0.701,0.13625,0,0,-0.453432433753821,-0.238762288305193,-0.120219816276005,-0.120219816276005,-0.27958740019276,-0.11992088076956,2804,2496,545,545,"P3",2246
293,0.0463594840142062,0.367684123298651,0.23722,-0.2,4000,0.6995,0.15325,0.0032626427406199,0,-0.204179978599695,-0.101856770135328,0.000660125663391563,0.00100931859548292,-0.0967408803028201,0.0201564176953364,2798,2630,613,613,"P3",2246
293,0.0463594840142062,0.367684123298651,0.23722,0,4000,0.69275,0.13525,0.00184842883548983,0,-0.0357053666833185,0.0295945252574665,0.127411867606458,0.127334613925058,0.0490079384202241,0.152530174639016,2771,2624,541,541,"P3",2246
293,0.0463594840142062,0.367684123298651,0.23722,0.2,4000,0.69925,0.13175,0,0,0.23176680427723,0.191850560148939,0.218899912396262,0.218899912396262,0.228709230285497,0.223060320317218,2797,2643,527,527,"P3",2246
293,0.0463594840142062,0.367684123298651,0.23722,0.4,4000,0.69675,0.14,0.00714285714285714,0.00178571428571429,0.424707903675077,0.328699511756038,0.328987804458776,0.326946742143581,0.380468524108044,0.312882088609214,2787,2583,560,559,"P3",2246
293,0.0463594840142062,0.367684123298651,0.23722,0.6,4000,0.689,0.142,0.028169014084507,0.00176056338028169,0.645073427079492,0.485731790943456,0.457534523962881,0.453454458556565,0.553655155911269,0.462818475598881,2756,2474,568,567,"P3",2246
293,0.0463594840142062,0.367684123298651,0.23722,0.8,4000,0.6975,0.13625,0.036697247706422,0.0036697247706422,0.875467546439046,0.593609816042969,0.576308858830269,0.569676575686937,0.712494616962814,0.589821402890363,2790,2347,545,543,"P3",2246
109,0.12566767955723,0.298501067757587,0.23722,-0.8,4000,0.7665,0.14425,0.0363951473136915,0.0225303292894281,-1.17070038265736,-0.477871427996501,-0.380826704124965,-0.354266519438344,-0.762790195476865,-0.36516042476244,3066,2174,577,564,"P3",2260
109,0.12566767955723,0.298501067757587,0.23722,-0.6,4000,0.76275,0.14825,0.0168634064080944,0.00337268128161889,-0.861791988745476,-0.358512221543616,-0.211777362344649,-0.207234063297214,-0.547936264747888,-0.198899970393884,3051,2391,593,591,"P3",2260
109,0.12566767955723,0.298501067757587,0.23722,-0.4,4000,0.762,0.1515,0.0066006600660066,0.0033003300330033,-0.621221622189872,-0.213758500332795,-0.0776844201132306,-0.0726686453368585,-0.335499774635569,-0.0428608550493971,3048,2561,606,604,"P3",2260
109,0.12566767955723,0.298501067757587,0.23722,-0.2,4000,0.78175,0.152,0.00493421052631579,0,-0.316622955776361,-0.0851186257901634,0.0399123204924737,0.0402670414244923,-0.130585589368416,0.0590056603952231,3127,2740,608,608,"P3",2260
109,0.12566767955723,0.298501067757587,0.23722,0,4000,0.78375,0.158,0.00158227848101266,0.00316455696202532,-0.108968841182165,0.0635666677971762,0.166630426404866,0.162784701881899,0.0640276303538588,0.171474210493461,3135,2793,632,630,"P3",2260
109,0.12566767955723,0.298501067757587,0.23722,0.2,4000,0.77025,0.15225,0.0164203612479475,0,0.176250476663455,0.213494194593064,0.31443386719869,0.313617994898544,0.268624878780345,0.307389727516156,3081,2754,609,609,"P3",2260
109,0.12566767955723,0.298501067757587,0.23722,0.4,4000,0.77625,0.15725,0.0476947535771065,0.00317965023847377,0.467577270798658,0.353585747310964,0.458703090980938,0.452842089362264,0.460813821633273,0.455273095753367,3105,2746,629,627,"P3",2260
109,0.12566767955723,0.298501067757587,0.23722,0.6,4000,0.7645,0.15,0.0783333333333333,0.015,0.711406270956098,0.465779412325495,0.605775547862995,0.585827923063448,0.631354993544289,0.614748974372867,3058,2544,600,591,"P3",2260
109,0.12566767955723,0.298501067757587,0.23722,0.8,4000,0.77575,0.1655,0.13595166163142,0.027190332326284,1.01836462219485,0.59703782088439,0.696814794600348,0.666876325418123,0.822839153140693,0.707530598658634,3103,2324,662,644,"P3",2260
243,0.168007660073752,0.236132465911673,0.23722,-0.8,4000,0.93675,0.4215,0.0889679715302491,0.0474495848161329,-1.09171941878426,-0.631501950282161,-0.617495290539062,-0.567512350443946,-0.842340955082879,-0.609121003293859,3747,2735,1686,1606,"P3",2372
243,0.168007660073752,0.236132465911673,0.23722,-0.6,4000,0.93125,0.4105,0.0365408038976857,0.0146163215590743,-0.835914241278546,-0.499035063223271,-0.420519907626151,-0.401886344237407,-0.622759331271856,-0.395914092597115,3725,3039,1642,1618,"P3",2372
243,0.168007660073752,0.236132465911673,0.23722,-0.4,4000,0.93625,0.4205,0.0178359096313912,0.00475624256837099,-0.606965078899658,-0.358571206928058,-0.256233440895808,-0.249010352645255,-0.425077429198066,-0.23447786521364,3745,3288,1682,1674,"P3",2372
243,0.168007660073752,0.236132465911673,0.23722,-0.2,4000,0.93325,0.42025,0.00475907198096371,0.000594883997620464,-0.405290035922611,-0.198581340711752,-0.0969240459192027,-0.0954744696933566,-0.214129660173345,-0.0725988331827986,3733,3441,1681,1680,"P3",2372
243,0.168007660073752,0.236132465911673,0.23722,0,4000,0.935,0.41975,0.00119118522930316,0.000595592614651578,-0.107424959539153,-0.00514820088859067,0.0767903588805142,0.0776249506989122,0.00859548029273973,0.079946219202989,3740,3584,1679,1678,"P3",2372
243,0.168007660073752,0.236132465911673,0.23722,0.2,4000,0.941,0.42,0.00595238095238095,0.000595238095238095,0.174479381948581,0.197065422277937,0.259899904331647,0.259113786145542,0.229392157756202,0.277340865211631,3764,3621,1680,1679,"P3",2372
243,0.168007660073752,0.236132465911673,0.23722,0.4,4000,0.9495,0.437,0.0165903890160183,0.0034324942791762,0.449169888789531,0.382896107446158,0.425114152727596,0.422099927997504,0.428962338440085,0.431010108763585,3798,3599,1748,1742,"P3",2372
243,0.168007660073752,0.236132465911673,0.23722,0.6,4000,0.941,0.43075,0.0562971561230412,0.00754497968659315,0.695090473198104,0.565648832353978,0.587895821398502,0.576916686218543,0.641158291191999,0.598353542909512,3764,3423,1723,1710,"P3",2372
243,0.168007660073752,0.236132465911673,0.23722,0.8,4000,0.9395,0.43175,0.162130862767805,0.0318471337579618,0.947105844354203,0.722437208617289,0.76061273260025,0.723903478145291,0.847337147173969,0.770267853041158,3758,3115,1727,1672,"P3",2372
215,0.0804995927073295,0.0463490849412092,0.09454,-0.8,4000,0.512,0.02375,0.0526315789473684,0,-0.91377334471024,-0.229577316068245,-0.194597765140525,-0.191919883999932,-0.511280820350359,-0.233131103673445,2048,1450,95,95,"P5",32
215,0.0804995927073295,0.0463490849412092,0.09454,-0.6,4000,0.513,0.02525,0,0,-0.683910676962224,-0.135526020324841,-0.119733646475394,-0.119733646475394,-0.313348274902689,-0.129066205032756,2052,1473,101,101,"P5",32
215,0.0804995927073295,0.0463490849412092,0.09454,-0.4,4000,0.509,0.02375,0.0105263157894737,0.0105263157894737,-0.395836278204757,-0.0719530416026189,0.0268798275846933,0.0406775721980891,-0.192961351237796,0.0496435861466316,2036,1541,95,94,"P5",32
215,0.0804995927073295,0.0463490849412092,0.09454,-0.2,4000,0.5315,0.03,0.00833333333333333,0,-0.154921161627517,0.0216884410653431,0.00549692655452058,0.00617948184209619,-0.0117632603082349,0.0287132158602324,2126,1663,120,120,"P5",32
215,0.0804995927073295,0.0463490849412092,0.09454,0,4000,0.523,0.02775,0.018018018018018,0.00900900900900901,-0.10966263993714,0.0618023009897184,0.151023570044322,0.140819702900088,0.0958262812116139,0.149630720798637,2092,1628,111,110,"P5",32
215,0.0804995927073295,0.0463490849412092,0.09454,0.2,4000,0.522,0.02475,0.0404040404040404,0.0101010101010101,0.285308734359817,0.144341914280805,0.21255374625579,0.19676979347151,0.226287264008209,0.214111785849405,2088,1594,99,98,"P5",32
215,0.0804995927073295,0.0463490849412092,0.09454,0.4,4000,0.519,0.02725,0.036697247706422,0.00917431192660551,0.227593219006272,0.20237325017958,0.259725873166783,0.243166348837963,0.368464358729167,0.322076379369323,2076,1557,109,108,"P5",32
215,0.0804995927073295,0.0463490849412092,0.09454,0.6,4000,0.5185,0.0275,0.0454545454545455,0,0.969053011263882,0.276642775705416,0.363040542768174,0.361005050771731,0.558119669476902,0.38273140698806,2074,1483,110,110,"P5",32
215,0.0804995927073295,0.0463490849412092,0.09454,0.8,4000,0.52,0.02625,0.0380952380952381,0,0.865425574646458,0.343837025824037,0.402303813248721,0.399557842485047,0.675314627265634,0.420952736082464,2080,1430,105,105,"P5",32
231,0.199925802284724,0.22226167735187,0.09454,-0.8,4000,0.951,0.4485,0.124860646599777,0.052396878483835,-1.07398902113139,-0.661882547548812,-0.676021239983518,-0.620186599269273,-0.854984587046552,-0.652899076850123,3804,2856,1794,1700,"P5",39
231,0.199925802284724,0.22226167735187,0.09454,-0.6,4000,0.9515,0.461,0.0531453362255965,0.0162689804772234,-0.771343122841471,-0.529417005776702,-0.488418302655064,-0.468052751604437,-0.626373923735618,-0.477198009803474,3806,3241,1844,1814,"P5",39
231,0.199925802284724,0.22226167735187,0.09454,-0.4,4000,0.95325,0.46,0.0184782608695652,0.00543478260869565,-0.554075749660944,-0.376157059069497,-0.32672140182349,-0.318391809561799,-0.425744978799363,-0.318926279327274,3813,3471,1840,1830,"P5",39
231,0.199925802284724,0.22226167735187,0.09454,-0.2,4000,0.95575,0.459,0.00599128540305011,0.000544662309368192,-0.302207126607744,-0.202791484098139,-0.152063484732413,-0.150896307324222,-0.227955431933167,-0.148935174233373,3823,3608,1836,1835,"P5",39
231,0.199925802284724,0.22226167735187,0.09454,0,4000,0.95425,0.454,0.00165198237885463,0.000550660792951542,-0.026108459648573,0.00951371396405275,0.0354806232590259,0.0348985245421823,0.0183701649127191,0.0456057891546191,3817,3698,1816,1815,"P5",39
231,0.199925802284724,0.22226167735187,0.09454,0.2,4000,0.95675,0.46325,0.00647598488936859,0,0.211022567671127,0.182475601357807,0.192122998829635,0.191768188220483,0.207628846495427,0.196912119719425,3827,3692,1853,1853,"P5",39
231,0.199925802284724,0.22226167735187,0.09454,0.4,4000,0.953,0.4555,0.0214050493962678,0.00439077936333699,0.48645522957997,0.390739198425491,0.383745386883766,0.377810593735901,0.442288084802829,0.379747685167858,3812,3583,1822,1814,"P5",39
231,0.199925802284724,0.22226167735187,0.09454,0.6,4000,0.9505,0.46025,0.0575774035850081,0.0195545898967952,0.723849830626133,0.553972223410306,0.556336035023746,0.53448469820091,0.629792687311122,0.548295665315325,3802,3359,1841,1805,"P5",39
231,0.199925802284724,0.22226167735187,0.09454,0.8,4000,0.9505,0.46125,0.119783197831978,0.0536585365853659,1.01088249681316,0.696718080073265,0.727266146793835,0.675490738961039,0.84057962551912,0.720906640326092,3802,3028,1845,1746,"P5",39
159,0.230604896457992,0.0463518334114137,0.09454,-0.8,4000,0.60925,0.0615,0.0203252032520325,0.024390243902439,-0.898312558096471,-0.351520033808636,-0.298519949325111,-0.271227737539147,-0.591342498991709,-0.291125750778538,2437,1858,246,240,"P5",42
159,0.230604896457992,0.0463518334114137,0.09454,-0.6,4000,0.62425,0.0705,0.0106382978723404,0.00354609929078014,-0.604662740343157,-0.24969411858188,-0.158639152898824,-0.15251044728736,-0.382347864069552,-0.166799385936819,2497,1999,282,281,"P5",42
159,0.230604896457992,0.0463518334114137,0.09454,-0.4,4000,0.6005,0.0675,0.0148148148148148,0.00740740740740741,-0.507518105677789,-0.169049673075397,-0.131078437527411,-0.11864468490161,-0.276813883751837,-0.115986175488843,2402,1979,270,268,"P5",42
159,0.230604896457992,0.0463518334114137,0.09454,-0.2,4000,0.62925,0.067,0.0111940298507463,0.00746268656716418,-0.265219691516897,-0.0686251205179582,-0.0440094245391504,-0.0348211847711314,-0.132187719157561,-0.00903926692227941,2517,2146,268,266,"P5",42
159,0.230604896457992,0.0463518334114137,0.09454,0,4000,0.62725,0.06875,0,0.00363636363636364,-0.0295660138926392,0.0366681762870952,0.115230082984324,0.110805451306195,0.0603273267157144,0.103824708222093,2509,2129,275,274,"P5",42
159,0.230604896457992,0.0463518334114137,0.09454,0.2,4000,0.6145,0.066,0.00378787878787879,0,0.224070650173035,0.152381112094704,0.185869325267054,0.185664349959212,0.226821836072137,0.179886682440075,2458,2060,264,264,"P5",42
159,0.230604896457992,0.0463518334114137,0.09454,0.4,4000,0.61575,0.06875,0.0181818181818182,0.0145454545454545,0.491490219156288,0.242683274115669,0.309240428104949,0.292185520005519,0.365186162128618,0.296955914724303,2463,2048,275,271,"P5",42
159,0.230604896457992,0.0463518334114137,0.09454,0.6,4000,0.61675,0.0745,0.0268456375838926,0.00671140939597315,0.695247245693019,0.328443136810777,0.364540917598551,0.354758799353548,0.498602814185854,0.367289640060169,2467,1976,298,296,"P5",42
159,0.230604896457992,0.0463518334114137,0.09454,0.8,4000,0.62,0.06725,0.0706319702602231,0.0111524163568773,0.858820724972733,0.430911647543592,0.518399750818061,0.501914048909533,0.662198962256898,0.53870110407165,2480,1886,269,266,"P5",42
312,0.213010747068022,0.0618405215969799,0.09454,-0.8,4000,0.75675,0.151,0.0480132450331126,0.0115894039735099,-1.00949174134065,-0.50811094526754,-0.446043165966671,-0.429309253568967,-0.718936278370695,-0.423235073002692,3027,2292,604,597,"P5",73
312,0.213010747068022,0.0618405215969799,0.09454,-0.6,4000,0.7495,0.14625,0.0153846153846154,0.00512820512820513,-0.826017843604576,-0.382174539018829,-0.283050652173687,-0.276401510045497,-0.528850853909638,-0.279373649655283,2998,2438,585,582,"P5",73
312,0.213010747068022,0.0618405215969799,0.09454,-0.4,4000,0.752,0.149,0.00503355704697987,0.00503355704697987,-0.529369155729447,-0.279539609821105,-0.205030446259615,-0.198219699997903,-0.371244828328875,-0.182852650233676,3008,2597,596,593,"P5",73
312,0.213010747068022,0.0618405215969799,0.09454,-0.2,4000,0.75675,0.15275,0.00327332242225859,0,-0.320616431280564,-0.12263832403102,-0.0481507627507212,-0.0481306784593376,-0.165049627007724,-0.0413363205032026,3027,2709,611,611,"P5",73
312,0.213010747068022,0.0618405215969799,0.09454,0,4000,0.74,0.14525,0.00344234079173838,0,-0.0459367774075024,0.0220388872919769,0.0624680508645714,0.0624026791316196,0.0222446665058752,0.0683852501209737,2960,2705,581,581,"P5",73
312,0.213010747068022,0.0618405215969799,0.09454,0.2,4000,0.75475,0.15,0.0116666666666667,0,0.234327969953671,0.172937011615831,0.186519415291821,0.185880776132095,0.214393928171138,0.202752831952237,3019,2760,600,600,"P5",73
312,0.213010747068022,0.0618405215969799,0.09454,0.4,4000,0.74875,0.14975,0.00834724540901502,0.00500834724540901,0.497259897806809,0.304476025290009,0.322540707589245,0.315540922474172,0.391982143659396,0.319948709024673,2995,2659,599,596,"P5",73
312,0.213010747068022,0.0618405215969799,0.09454,0.6,4000,0.7475,0.14725,0.0424448217317487,0.0118845500848896,0.726591886622026,0.446958460657712,0.439341176447274,0.423417309853323,0.579561613688882,0.427390320761161,2990,2486,589,582,"P5",73
312,0.213010747068022,0.0618405215969799,0.09454,0.8,4000,0.7515,0.1555,0.0723472668810289,0.0112540192926045,0.966409078374463,0.554521843127915,0.549817193635758,0.534814376090017,0.768757641797489,0.554747157732912,3006,2294,622,615,"P5",73
184,0.0689192249840772,0.0495149187615342,0.09454,-0.8,4000,0.4835,0.02475,0.0101010101010101,0,-0.932091560546092,-0.196095254973082,-0.117246208245731,-0.116719949603382,-0.416884272063687,-0.130865361538609,1934,1366,99,99,"P5",112
184,0.0689192249840772,0.0495149187615342,0.09454,-0.6,4000,0.48475,0.0195,0.0128205128205128,0,-0.502782312759534,-0.109718535589643,-0.0993583840453482,-0.0991533530974432,-0.261601630104091,-0.123102178463688,1939,1433,78,78,"P5",112
184,0.0689192249840772,0.0495149187615342,0.09454,-0.4,4000,0.4725,0.02325,0.010752688172043,0.010752688172043,-0.439917064558723,-0.0655003108135789,-0.000461069901078163,0.0137563854567361,-0.181672944324439,0.0035074950025745,1890,1424,93,92,"P5",112
184,0.0689192249840772,0.0495149187615342,0.09454,-0.2,4000,0.4905,0.022,0,0,-0.125478162976861,-0.00640920806293167,0.0305755428878221,0.0305755428878221,-0.0419939007423739,0.0211976617386076,1962,1495,88,88,"P5",112
184,0.0689192249840772,0.0495149187615342,0.09454,0,4000,0.48325,0.01775,0.028169014084507,0.0140845070422535,-0.100480994684384,0.0634695842560252,0.186732142908907,0.169289981230968,0.0633241881237422,0.145250680582834,1933,1440,71,70,"P5",112
184,0.0689192249840772,0.0495149187615342,0.09454,0.2,4000,0.485,0.01975,0.0126582278481013,0,0.179713479706213,0.126910623756636,0.162592544297306,0.160122266662427,0.198666257342786,0.124753047919209,1940,1427,79,79,"P5",112
184,0.0689192249840772,0.0495149187615342,0.09454,0.4,4000,0.493,0.0235,0.0212765957446809,0,0.459943644180495,0.199463177926391,0.316870222010961,0.316177700629905,0.372764249172725,0.360181752847948,1972,1460,94,94,"P5",112
184,0.0689192249840772,0.0495149187615342,0.09454,0.6,4000,0.50125,0.022,0.0113636363636364,0,0.787362482694074,0.260687942482935,0.279599557694262,0.278704757149132,0.517007349037498,0.246026731709906,2005,1426,88,88,"P5",112
184,0.0689192249840772,0.0495149187615342,0.09454,0.8,4000,0.47075,0.021,0.0119047619047619,0.0238095238095238,1.11578977352556,0.302888717728968,0.423580582114343,0.393217077189345,0.628988636133787,0.435196706583984,1883,1287,84,82,"P5",112
195,0.161896791663155,0.161999963677585,0.09454,-0.8,4000,0.85025,0.21075,0.0842230130486358,0.0213523131672598,-1.15081160136746,-0.555919148504562,-0.526627841563697,-0.497641019133721,-0.816563078961773,-0.51686705807126,3401,2425,843,825,"P5",116
195,0.161896791663155,0.161999963677585,0.09454,-0.6,4000,0.852,0.2005,0.0286783042394015,0.00748129675810474,-0.903734917106572,-0.430590525947112,-0.378635774948752,-0.368930456989047,-0.6207867414852,-0.378417371207273,3408,2626,802,796,"P5",116
195,0.161896791663155,0.161999963677585,0.09454,-0.4,4000,0.84,0.1955,0.0230179028132992,0.0051150895140665,-0.614962489136454,-0.296689410120213,-0.209799590761555,-0.201572140862116,-0.416278068203609,-0.196454126344707,3360,2829,782,778,"P5",116
195,0.161896791663155,0.161999963677585,0.09454,-0.2,4000,0.84275,0.199,0.0050251256281407,0,-0.323239287354571,-0.136162059319181,-0.0809040180283175,-0.0802749696226961,-0.191743618774304,-0.0783482034126722,3371,3013,796,796,"P5",116
195,0.161896791663155,0.161999963677585,0.09454,0,4000,0.84625,0.2105,0.00950118764845606,0.00356294536817102,-0.0443078495426895,0.0176824599123654,0.0818078252018404,0.07990799601651,0.0207378591193789,0.0740442108154537,3385,3068,842,839,"P5",116
195,0.161896791663155,0.161999963677585,0.09454,0.2,4000,0.844,0.207,0.0108695652173913,0.0036231884057971,0.286703546429751,0.183507088374581,0.200977388375837,0.196330616208583,0.232141661952382,0.208533810083588,3376,3062,828,825,"P5",116
195,0.161896791663155,0.161999963677585,0.09454,0.4,4000,0.8515,0.20375,0.045398773006135,0.0098159509202454,0.526717604489508,0.349492092153816,0.373891306983396,0.360971652845898,0.455941864986507,0.371991658484822,3406,2952,815,807,"P5",116
195,0.161896791663155,0.161999963677585,0.09454,0.6,4000,0.85225,0.18825,0.0624169986719788,0.0185922974767596,0.830530897711364,0.490373374732138,0.514645891312415,0.493343214667934,0.663766308502042,0.500624757597864,3409,2754,753,739,"P5",116
195,0.161896791663155,0.161999963677585,0.09454,0.8,4000,0.86075,0.219,0.10958904109589,0.0353881278538813,1.11576280727515,0.598599676185764,0.625657030425205,0.587373460645334,0.862468557154604,0.617742993288773,3443,2482,876,845,"P5",116
256,0.365502781063984,0.046353565265033,0.09454,-0.8,4000,0.67275,0.12325,0.0344827586206897,0.00811359026369168,-0.893267666202357,-0.496773414195419,-0.418361717711237,-0.407339611406856,-0.634190596389605,-0.405876514706152,2691,2179,493,489,"P5",257
256,0.365502781063984,0.046353565265033,0.09454,-0.6,4000,0.67925,0.125,0.016,0.006,-0.689307296321717,-0.389974823575621,-0.315745631389726,-0.308461733392842,-0.481603755518011,-0.294492094019986,2717,2347,500,497,"P5",257
256,0.365502781063984,0.046353565265033,0.09454,-0.4,4000,0.69375,0.12575,0.00596421471172962,0.00198807157057654,-0.436516967475754,-0.263305052257526,-0.185798461314273,-0.183063657218204,-0.332468876647225,-0.182522958616176,2775,2494,503,502,"P5",257
256,0.365502781063984,0.046353565265033,0.09454,-0.2,4000,0.6905,0.12525,0.00199600798403194,0,-0.209882057131592,-0.130919685300245,-0.0722376840934961,-0.0720239702971311,-0.143956789986252,-0.0705527631928889,2762,2569,501,501,"P5",257
256,0.365502781063984,0.046353565265033,0.09454,0,4000,0.69225,0.127,0.00196850393700787,0.00196850393700787,-0.00920679023073256,0.0230123291259396,0.0489745624316202,0.0519851632630101,0.0303729416117658,0.0405466859922905,2769,2598,508,507,"P5",257
256,0.365502781063984,0.046353565265033,0.09454,0.2,4000,0.69025,0.13125,0.00380952380952381,0,0.261354953517741,0.15130042370637,0.165186813234242,0.164933689608682,0.166681947831927,0.157268921184619,2761,2571,525,525,"P5",257
256,0.365502781063984,0.046353565265033,0.09454,0.4,4000,0.67825,0.13475,0.00556586270871985,0.00185528756957328,0.445688525354312,0.292146984201695,0.287921448238327,0.285721899287098,0.348318037746781,0.302304635464419,2713,2466,539,538,"P5",257
256,0.365502781063984,0.046353565265033,0.09454,0.6,4000,0.6825,0.13475,0.00927643784786642,0.00742115027829314,0.641719841802802,0.403692393838444,0.403425412159858,0.395769079531266,0.50109828276354,0.405281799936179,2730,2390,539,535,"P5",257
256,0.365502781063984,0.046353565265033,0.09454,0.8,4000,0.6835,0.1205,0.0311203319502075,0.004149377593361,0.859183699814548,0.528413510520639,0.498640568352982,0.491963128991814,0.67374383321994,0.500038597912489,2734,2212,482,480,"P5",257
207,0.0703297597172728,0.046350111840152,0.09454,-0.8,4000,0.491,0.0195,0.0256410256410256,0,-0.906181634134235,-0.211780734764139,-0.182876000806717,-0.181095135242881,-0.465385998792782,-0.149742647671994,1964,1380,78,78,"P5",308
207,0.0703297597172728,0.046350111840152,0.09454,-0.6,4000,0.5005,0.023,0.0108695652173913,0,-0.714401509280475,-0.135223275189465,-0.00462821729944634,-0.00594782697211638,-0.336103765944636,-0.025235054251897,2002,1488,92,92,"P5",308
207,0.0703297597172728,0.046350111840152,0.09454,-0.4,4000,0.49725,0.02225,0,0,-0.0390159921458994,-0.0532139768970384,0.0207958683799998,0.0207958683799998,-0.139104854311533,0.073453499614168,1989,1489,89,89,"P5",308
207,0.0703297597172728,0.046350111840152,0.09454,-0.2,4000,0.5075,0.02575,0.0194174757281553,0,-0.16479772124627,-0.0122307505959578,0.0428515796449082,0.0456850937218285,-0.0346647089245206,0.102505939588922,2030,1529,103,103,"P5",308
207,0.0703297597172728,0.046350111840152,0.09454,0,4000,0.50075,0.0235,0.0106382978723404,0,0.0910493172341398,0.0998668229679183,0.19322210163632,0.192140861952554,0.129802504716481,0.17736247109867,2003,1520,94,94,"P5",308
207,0.0703297597172728,0.046350111840152,0.09454,0.2,4000,0.495,0.02025,0.0246913580246914,0,0.0796067570405627,0.102134783436545,0.278205149299888,0.276973283140039,0.207267805159818,0.265342999466607,1980,1485,81,81,"P5",308
207,0.0703297597172728,0.046350111840152,0.09454,0.4,4000,0.48325,0.02175,0.0229885057471264,0.0114942528735632,0.516433446421606,0.197866276747749,0.276195575081177,0.262007874372119,0.377021601377498,0.19121064514764,1933,1426,87,86,"P5",308
207,0.0703297597172728,0.046350111840152,0.09454,0.6,4000,0.484,0.02275,0.043956043956044,0.010989010989011,0.74901724369451,0.252299070918198,0.34017716193526,0.324014267000994,0.504468262450749,0.295551799309803,1936,1368,91,90,"P5",308
207,0.0703297597172728,0.046350111840152,0.09454,0.8,4000,0.504,0.02125,0.0705882352941176,0.0235294117647059,0.877779014406793,0.292421906715695,0.403586106797799,0.372115298849,0.634885981709004,0.399706932807457,2016,1362,85,83,"P5",308
150,0.380265720852693,0.16059214675036,0.09454,-0.8,4000,0.88475,0.336,0.100446428571429,0.0349702380952381,-1.02858017980552,-0.641015883302553,-0.633850874741243,-0.593177364392289,-0.824969972973581,-0.609404267645886,3539,2705,1344,1297,"P5",332
150,0.380265720852693,0.16059214675036,0.09454,-0.6,4000,0.88925,0.33075,0.0476190476190476,0.0143613000755858,-0.774641337483193,-0.511842155804616,-0.469723435924731,-0.451583134395325,-0.635123737820671,-0.464664318560881,3557,2984,1323,1304,"P5",332
150,0.380265720852693,0.16059214675036,0.09454,-0.4,4000,0.8915,0.3405,0.0234948604992658,0.00734214390602056,-0.527240402829699,-0.348893073189342,-0.303868641097639,-0.293712709438626,-0.419117853126615,-0.288026408076141,3566,3212,1362,1352,"P5",332
150,0.380265720852693,0.16059214675036,0.09454,-0.2,4000,0.89225,0.31825,0.00471327572663001,0.000785545954438335,-0.297587921199971,-0.181680063555914,-0.124546400287761,-0.123274137634898,-0.196605981657413,-0.113498647463612,3569,3361,1273,1272,"P5",332
150,0.380265720852693,0.16059214675036,0.09454,0,4000,0.8845,0.33625,0.00669144981412639,0,-0.0139210446757282,0.00870143912149703,0.0359803909936669,0.0362525600855914,0.00939747522574059,0.0341431597836093,3538,3378,1345,1345,"P5",332
150,0.380265720852693,0.16059214675036,0.09454,0.2,4000,0.889,0.349,0.00143266475644699,0.000716332378223496,0.206484603222548,0.181537492871454,0.203167735742667,0.202190089942888,0.201145724358233,0.201145724358233,3556,3409,1396,1395,"P5",332
150,0.380265720852693,0.16059214675036,0.09454,0.4,4000,0.88275,0.32925,0.0151860288534548,0.00303720577069096,0.465066664512076,0.370690559576577,0.365237893899682,0.360868921144715,0.426654484388372,0.367530107392992,3531,3286,1317,1313,"P5",332
150,0.380265720852693,0.16059214675036,0.09454,0.6,4000,0.884,0.32525,0.0530361260568793,0.00922367409684858,0.746850730428677,0.538825592594381,0.518363402217401,0.505385602666154,0.639619136679143,0.521075494303967,3536,3080,1301,1289,"P5",332
150,0.380265720852693,0.16059214675036,0.09454,0.8,4000,0.89075,0.33125,0.128301886792453,0.0490566037735849,1.02554978161476,0.671095805462595,0.707561383492496,0.658416625203501,0.841687185243319,0.704996132712238,3563,2799,1325,1260,"P5",332
122,0.345826232099116,0.181324688882543,0.09454,-0.8,4000,0.88225,0.29025,0.0895779500430663,0.037037037037037,-1.14596387376901,-0.617145384791544,-0.613569499398318,-0.573457210105352,-0.845128081325492,-0.622809180321537,3529,2550,1161,1118,"P5",375
122,0.345826232099116,0.181324688882543,0.09454,-0.6,4000,0.88425,0.30325,0.0469909315746084,0.0140148392415499,-0.873798860511752,-0.493936998382467,-0.440102948307631,-0.421763636762245,-0.637469960193046,-0.432919960896702,3537,2902,1213,1196,"P5",375
122,0.345826232099116,0.181324688882543,0.09454,-0.4,4000,0.884,0.2985,0.0268006700167504,0.0100502512562814,-0.551379932127148,-0.331453714980223,-0.296875592966935,-0.281959550000253,-0.413448204239583,-0.276483618221807,3536,3089,1194,1182,"P5",375
122,0.345826232099116,0.181324688882543,0.09454,-0.2,4000,0.88625,0.30725,0.0048820179007323,0.0048820179007323,-0.326519413280628,-0.168416162660304,-0.117653440980405,-0.111264012160989,-0.1957856785986,-0.122271044655133,3545,3279,1229,1223,"P5",375
122,0.345826232099116,0.181324688882543,0.09454,0,4000,0.8835,0.31725,0.00945626477541371,0.00157604412923562,-0.0480967211246563,0.0084041240080226,0.0380430562920488,0.0381905942945875,0.0157928609263896,0.050273067511856,3534,3321,1269,1267,"P5",375
122,0.345826232099116,0.181324688882543,0.09454,0.2,4000,0.8825,0.29625,0.0109704641350211,0,0.235453940382517,0.191794022517216,0.222855891901245,0.222203191883506,0.23257133107265,0.237432656188508,3530,3288,1185,1185,"P5",375
122,0.345826232099116,0.181324688882543,0.09454,0.4,4000,0.88075,0.303,0.0222772277227723,0.00412541254125413,0.49470476594509,0.360797939500958,0.378399098203052,0.371645897654141,0.434803602629991,0.375670613612281,3523,3200,1212,1207,"P5",375
122,0.345826232099116,0.181324688882543,0.09454,0.6,4000,0.87,0.28375,0.0625550660792952,0.0185022026431718,0.76248528582308,0.509553331390664,0.52637589463296,0.504040203797955,0.640998206265525,0.510419088422881,3480,2919,1135,1114,"P5",375
122,0.345826232099116,0.181324688882543,0.09454,0.8,4000,0.88025,0.2925,0.12991452991453,0.0393162393162393,1.03172191843987,0.652373030236839,0.691034336786528,0.64621302101203,0.855783481686501,0.684234154057684,3521,2669,1170,1124,"P5",375
234,0.363591756468331,0.129479188736544,0.09454,-0.8,4000,0.89425,0.3605,0.108183079056865,0.0381414701803051,-1.03008028416116,-0.656957426737409,-0.642159399585616,-0.598759036583125,-0.835261194273803,-0.623374000905624,3577,2725,1442,1387,"P5",402
234,0.363591756468331,0.129479188736544,0.09454,-0.6,4000,0.88775,0.3565,0.0399719495091164,0.00771388499298738,-0.805904951596219,-0.530224996816004,-0.487374934339966,-0.475790342244709,-0.620829575514588,-0.478875657315319,3551,3018,1426,1415,"P5",402
234,0.363591756468331,0.129479188736544,0.09454,-0.4,4000,0.89725,0.37,0.0148648648648649,0.0027027027027027,-0.514839418520841,-0.365449636952315,-0.311175800016768,-0.306878262585387,-0.40282678470698,-0.305374238679398,3589,3299,1480,1476,"P5",402
234,0.363591756468331,0.129479188736544,0.09454,-0.2,4000,0.892,0.35675,0.00210231254379818,0.00210231254379818,-0.290808649818155,-0.201589729909136,-0.147909969999526,-0.145330361098228,-0.20985028216186,-0.139746269177673,3568,3401,1427,1424,"P5",402
234,0.363591756468331,0.129479188736544,0.09454,0,4000,0.89475,0.36475,0.00137080191912269,0,-0.0324668502452862,-0.00452852919949951,0.0182840377333374,0.0182177279369717,0.0102298847733921,0.0328594217589807,3579,3476,1459,1459,"P5",402
234,0.363591756468331,0.129479188736544,0.09454,0.2,4000,0.903,0.38875,0.00257234726688103,0,0.221243868161443,0.186932751477474,0.20279015954234,0.202820131320089,0.20892099163476,0.21178925197158,3612,3483,1555,1555,"P5",402
234,0.363591756468331,0.129479188736544,0.09454,0.4,4000,0.899,0.355,0.0161971830985915,0.00140845070422535,0.496645116561951,0.387294239457683,0.354407677171126,0.351810522458952,0.433070702496047,0.364290637484493,3596,3341,1420,1418,"P5",402
234,0.363591756468331,0.129479188736544,0.09454,0.6,4000,0.8975,0.37275,0.0462776659959759,0.00804828973843058,0.752869244416075,0.550633717060623,0.518005124954002,0.506790700027379,0.631036008017319,0.517054133132856,3590,3169,1491,1479,"P5",402
234,0.363591756468331,0.129479188736544,0.09454,0.8,4000,0.9015,0.37925,0.121292023731048,0.030982201713909,0.966393386776485,0.693644667075875,0.697913751157146,0.66344757582377,0.826824309644998,0.693373838456992,3606,2929,1517,1470,"P5",402
285,0.36231928678673,0.0909136492401305,0.09454,-0.8,4000,0.8325,0.268,0.060634328358209,0.0177238805970149,-1.04698216262928,-0.620146869638892,-0.575668163893815,-0.553983491489916,-0.769116107391475,-0.569590659414247,3330,2577,1072,1053,"P5",436
285,0.36231928678673,0.0909136492401305,0.09454,-0.6,4000,0.84425,0.28075,0.0276046304541407,0.0115761353517364,-0.771218268288956,-0.503002397449263,-0.418402673099777,-0.40430427117377,-0.588433933454302,-0.395910351994471,3377,2895,1123,1110,"P5",436
285,0.36231928678673,0.0909136492401305,0.09454,-0.4,4000,0.8375,0.2785,0.00538599640933573,0.00269299820466786,-0.560577923590672,-0.348075245514233,-0.27223495367521,-0.268963628717529,-0.379680809966886,-0.270344157417456,3350,3045,1114,1111,"P5",436
285,0.36231928678673,0.0909136492401305,0.09454,-0.2,4000,0.8475,0.27675,0.002710027100271,0,-0.267891284483326,-0.17352420077909,-0.108798703374259,-0.108595402882851,-0.17918539634174,-0.0958408745836497,3390,3217,1107,1107,"P5",436
285,0.36231928678673,0.0909136492401305,0.09454,0,4000,0.841,0.28025,0,0.000892060660124889,0.0101042396112164,0.0145709976165304,0.0387834129768411,0.0399482038606076,0.0286397773469903,0.0480808974138299,3364,3239,1121,1120,"P5",436
285,0.36231928678673,0.0909136492401305,0.09454,0.2,4000,0.849,0.282,0.00177304964539007,0.000886524822695035,0.221901775569405,0.186672822780468,0.176682329614635,0.178027673971473,0.215049752209731,0.192252934433237,3396,3251,1128,1127,"P5",436
285,0.36231928678673,0.0909136492401305,0.09454,0.4,4000,0.8435,0.29275,0.00768573868488471,0.00256191289496157,0.470712821873967,0.353270496085067,0.323207253689851,0.319801918570816,0.392003781911743,0.321021931522287,3374,3134,1171,1168,"P5",436
285,0.36231928678673,0.0909136492401305,0.09454,0.6,4000,0.83325,0.267,0.0243445692883895,0.00561797752808989,0.715218609263812,0.519447737869108,0.479049512347006,0.471834926062796,0.604085710885825,0.483247316821098,3333,2928,1068,1062,"P5",436
285,0.36231928678673,0.0909136492401305,0.09454,0.8,4000,0.8405,0.2645,0.0803402646502836,0.0170132325141777,0.964109899149129,0.670754642586925,0.652546805781356,0.632472861014893,0.810209956276862,0.647885660870744,3362,2699,1058,1040,"P5",436
226,0.427939995077358,0.0648968388249454,0.09454,-0.8,4000,0.729,0.1755,0.0398860398860399,0.00427350427350427,-0.930668357901345,-0.547421377264896,-0.471335567585624,-0.4634926149858,-0.689478748234279,-0.455124908004723,2916,2319,702,699,"P5",444
226,0.427939995077358,0.0648968388249454,0.09454,-0.6,4000,0.7445,0.17175,0.0116448326055313,0.00436681222707424,-0.691925081743106,-0.422410880164637,-0.337863203146052,-0.331974916956785,-0.511039219281563,-0.339642185620812,2978,2601,687,684,"P5",444
226,0.427939995077358,0.0648968388249454,0.09454,-0.4,4000,0.73975,0.18625,0.00268456375838926,0,-0.441581487264085,-0.28313089897006,-0.19795274518764,-0.197615937748671,-0.327208784332948,-0.177795636983807,2959,2693,745,745,"P5",444
226,0.427939995077358,0.0648968388249454,0.09454,-0.2,4000,0.7345,0.17775,0.00281293952180028,0,-0.262817717290069,-0.138284581430845,-0.0882881281235737,-0.0881494061941004,-0.163059331162808,-0.0803352141469545,2938,2741,711,711,"P5",444
226,0.427939995077358,0.0648968388249454,0.09454,0,4000,0.72725,0.17275,0.00434153400868307,0.00144717800289436,-0.00945518563388727,0.0160237198104955,0.0454347233123306,0.0472988168304361,0.0269606456184556,0.0538951151058132,2909,2756,691,690,"P5",444
226,0.427939995077358,0.0648968388249454,0.09454,0.2,4000,0.72475,0.1575,0,0.00158730158730159,0.205431545442412,0.168611129721945,0.170008677509286,0.168218874609794,0.204758033975897,0.180937375910007,2899,2727,630,629,"P5",444
226,0.427939995077358,0.0648968388249454,0.09454,0.4,4000,0.7365,0.16175,0.00463678516228748,0,0.451625793912645,0.324492062149003,0.311681035215183,0.311251913041576,0.374326873113919,0.328235675672293,2946,2728,647,647,"P5",444
226,0.427939995077358,0.0648968388249454,0.09454,0.6,4000,0.743,0.17525,0.0156918687589158,0.00570613409415121,0.688733524304658,0.46262463653887,0.42862107825253,0.421722403421326,0.539402931010164,0.422157762017954,2972,2618,701,697,"P5",444
226,0.427939995077358,0.0648968388249454,0.09454,0.8,4000,0.73025,0.17,0.0338235294117647,0.00735294117647059,0.889776946915762,0.575340861611595,0.540253929638405,0.531252312023175,0.714040322864287,0.533065393790376,2921,2376,680,675,"P5",444
381,0.52448037614519,0.0463644846575545,0.09454,-0.8,4000,0.7195,0.162,0.0123456790123457,0.00154320987654321,-1.00016218226537,-0.563843999746158,-0.436929273779361,-0.434767765518829,-0.663804229972508,-0.41945368857708,2878,2389,648,647,"P5",450
381,0.52448037614519,0.0463644846575545,0.09454,-0.6,4000,0.7175,0.15525,0.00644122383252818,0.00161030595813205,-0.662432907847003,-0.448329975624953,-0.329831298766804,-0.327845702457203,-0.496867494812197,-0.329970386954969,2870,2549,621,620,"P5",450
381,0.52448037614519,0.0463644846575545,0.09454,-0.4,4000,0.7235,0.1675,0,0,-0.424336278733473,-0.29738776750783,-0.194494325963939,-0.194494325963939,-0.311935634811142,-0.189836145150488,2894,2708,670,670,"P5",450
381,0.52448037614519,0.0463644846575545,0.09454,-0.2,4000,0.7215,0.16075,0,0,-0.220559507989881,-0.163414557377929,-0.103698249562886,-0.103698249562886,-0.169813804683111,-0.091279029523969,2886,2757,643,643,"P5",450
381,0.52448037614519,0.0463644846575545,0.09454,0,4000,0.7335,0.16425,0,0,-0.0108630555271236,0.00610006617967065,0.039405424270991,0.039405424270991,0.0134611500839916,0.0360338968185597,2934,2853,657,657,"P5",450
381,0.52448037614519,0.0463644846575545,0.09454,0.2,4000,0.73125,0.16025,0,0,0.174204713849534,0.15837570783071,0.129756694394977,0.129756694394977,0.168798685118716,0.128785550703879,2925,2821,641,641,"P5",450
381,0.52448037614519,0.0463644846575545,0.09454,0.4,4000,0.7215,0.1645,0.00151975683890578,0,0.4544289941035,0.333591178971012,0.262069700643397,0.261990632902865,0.361015545246812,0.268536336339961,2886,2711,658,658,"P5",450
381,0.52448037614519,0.0463644846575545,0.09454,0.6,4000,0.72125,0.157,0,0,0.647725277567792,0.469158860978645,0.390796800774689,0.390796800774689,0.519928661687684,0.395831996040804,2885,2587,628,628,"P5",450
381,0.52448037614519,0.0463644846575545,0.09454,0.8,4000,0.718,0.14925,0.00837520938023451,0.0016750418760469,0.860484768556855,0.60233836737976,0.50667643637609,0.504441465242444,0.689343238274379,0.510468457126291,2872,2410,597,596,"P5",450
245,0.375242312949494,0.0695964323333371,0.09454,-0.8,4000,0.759,0.1825,0.0506849315068493,0.0136986301369863,-0.963483456716502,-0.556563262053051,-0.48380499422693,-0.467159982900667,-0.718599725061513,-0.471355245206307,3036,2386,730,720,"P5",538
245,0.375242312949494,0.0695964323333371,0.09454,-0.6,4000,0.755,0.1925,0.0168831168831169,0.00649350649350649,-0.708585969725761,-0.424605153983022,-0.342399492702662,-0.334397262918387,-0.51901013734865,-0.341441753501926,3020,2591,770,765,"P5",538
245,0.375242312949494,0.0695964323333371,0.09454,-0.4,4000,0.7635,0.1795,0.00278551532033426,0.00139275766016713,-0.487256464262799,-0.296503841840155,-0.218789370279624,-0.216570396314677,-0.357263292979494,-0.219760074171716,3054,2757,718,717,"P5",538
245,0.375242312949494,0.0695964323333371,0.09454,-0.2,4000,0.76525,0.179,0.00139664804469274,0,-0.263708465779343,-0.156973760722053,-0.0766477268387657,-0.0764777871851249,-0.17046085579241,-0.0630150723033711,3061,2873,716,716,"P5",538
245,0.375242312949494,0.0695964323333371,0.09454,0,4000,0.75175,0.17775,0.00140646976090014,0,-0.0229779991259681,0.00366379492878771,0.0481931437944602,0.0480069963367412,0.0143653298270587,0.0477482423275454,3007,2857,711,711,"P5",538
245,0.375242312949494,0.0695964323333371,0.09454,0.2,4000,0.757,0.18125,0.00551724137931034,0,0.245473113329627,0.177572775495879,0.172513557561589,0.172350685997264,0.209526566911251,0.18241186911162,3028,2890,725,725,"P5",538
245,0.375242312949494,0.0695964323333371,0.09454,0.4,4000,0.7625,0.182,0.0123626373626374,0,0.47139043839827,0.328895467122434,0.302168767376737,0.301202297690498,0.380201298129443,0.299059621980124,3050,2805,728,728,"P5",538
245,0.375242312949494,0.0695964323333371,0.09454,0.6,4000,0.7525,0.18225,0.0192043895747599,0.00411522633744856,0.672932877843568,0.474056791654599,0.446311337049172,0.441247754697936,0.557951237028804,0.457241863294069,3010,2670,729,726,"P5",538
245,0.375242312949494,0.0695964323333371,0.09454,0.8,4000,0.77,0.18925,0.0528401585204756,0.0105680317040951,0.975010061707214,0.59378741911908,0.564465578826654,0.551367193642041,0.748633669275106,0.559891591260037,3080,2436,757,749,"P5",538
199,0.0929601703581119,0.175022047239144,0.09454,-0.8,4000,0.75125,0.115,0.0478260869565217,0.00652173913043478,-1.12019616415532,-0.47192068055657,-0.410678900663085,-0.399949160056949,-0.760391610702284,-0.404384414673283,3005,2130,460,457,"P5",647
199,0.0929601703581119,0.175022047239144,0.09454,-0.6,4000,0.75875,0.1215,0.0267489711934156,0.00823045267489712,-0.912273174733665,-0.366143720390725,-0.323369652380409,-0.311327340836394,-0.58940438782127,-0.305400430284549,3035,2328,486,482,"P5",647
199,0.0929601703581119,0.175022047239144,0.09454,-0.4,4000,0.76175,0.11575,0.0107991360691145,0.00431965442764579,-0.625248789788283,-0.251020162954964,-0.18379288896435,-0.178024984562579,-0.375032566527657,-0.178900476411392,3047,2539,463,461,"P5",647
199,0.0929601703581119,0.175022047239144,0.09454,-0.2,4000,0.757,0.127,0.00984251968503937,0.00393700787401575,-0.259749836135236,-0.0995281165389229,-0.0392406913455008,-0.0336999702053422,-0.148984464112193,-0.0302149170624416,3028,2618,508,506,"P5",647
199,0.0929601703581119,0.175022047239144,0.09454,0,4000,0.75475,0.12475,0.00601202404809619,0,-0.100533446955494,0.016968485216328,0.0960907751647349,0.0955214340962239,0.0199742623862885,0.0971134912433628,3019,2629,499,499,"P5",647
199,0.0929601703581119,0.175022047239144,0.09454,0.2,4000,0.75725,0.1205,0.00622406639004149,0,0.221227495144052,0.149020787081045,0.195937049294834,0.195854705384209,0.22207559090025,0.214603176207613,3029,2649,482,482,"P5",647
199,0.0929601703581119,0.175022047239144,0.09454,0.4,4000,0.75325,0.11175,0.0201342281879195,0.00671140939597315,0.561006301153936,0.309240159268341,0.346113738312646,0.3374156295417,0.439692780624872,0.341055267225956,3013,2539,447,444,"P5",647
199,0.0929601703581119,0.175022047239144,0.09454,0.6,4000,0.756,0.12075,0.0600414078674948,0.0186335403726708,0.822219716229679,0.42394545710812,0.455670702299459,0.433141390999031,0.615680103013766,0.42831759136931,3024,2410,483,474,"P5",647
199,0.0929601703581119,0.175022047239144,0.09454,0.8,4000,0.73975,0.125,0.088,0.028,1.13209331089555,0.534675576890605,0.58087282392567,0.549279681846772,0.813744814528295,0.567762653347571,2959,2102,500,486,"P5",647
252,0.184209705757148,0.0463603493209107,0.09454,-0.8,4000,0.66525,0.08475,0.0176991150442478,0.00589970501474926,-0.940412769530499,-0.396270241980594,-0.296792856510205,-0.288210184459821,-0.602535994185606,-0.282409538879738,2661,2036,339,337,"P5",648
252,0.184209705757148,0.0463603493209107,0.09454,-0.6,4000,0.65575,0.0815,0.0245398773006135,0,-0.750519165998592,-0.286073378819166,-0.227828400051286,-0.225366720141263,-0.445188810297682,-0.230082499984189,2623,2100,326,326,"P5",648
252,0.184209705757148,0.0463603493209107,0.09454,-0.4,4000,0.65925,0.076,0.00657894736842105,0,-0.492159763686775,-0.192147330784062,-0.106042237189845,-0.106033258894808,-0.304269558104835,-0.110400837361183,2637,2243,304,304,"P5",648
252,0.184209705757148,0.0463603493209107,0.09454,-0.2,4000,0.65675,0.0745,0.0100671140939597,0,-0.276266368480797,-0.0626135854686043,-0.00687365099511721,-0.00748757253712566,-0.118506464781038,-0.00211537883429143,2627,2250,298,298,"P5",648
252,0.184209705757148,0.0463603493209107,0.09454,0,4000,0.66725,0.088,0.00852272727272727,0,-0.0438111606462155,0.0366702672592386,0.0887491215010962,0.0885893198305567,0.0509438784888552,0.079496634327175,2669,2342,352,352,"P5",648
252,0.184209705757148,0.0463603493209107,0.09454,0.2,4000,0.66475,0.0745,0.0100671140939597,0.0100671140939597,0.212771874739476,0.168903133166716,0.230327305662253,0.22741389799324,0.224944777717762,0.24297972361919,2659,2332,298,295,"P5",648
252,0.184209705757148,0.0463603493209107,0.09454,0.4,4000,0.66625,0.08825,0.0169971671388102,0.0028328611898017,0.471572251111673,0.258245051800993,0.305941921228214,0.300872118481646,0.384941485727238,0.323057331446006,2665,2244,353,352,"P5",648
252,0.184209705757148,0.0463603493209107,0.09454,0.6,4000,0.6525,0.0855,0.0292397660818713,0.00292397660818713,0.746212600103877,0.375978450845564,0.39092804096273,0.385967881012284,0.570476142556127,0.414383082958703,2610,2097,342,341,"P5",648
252,0.184209705757148,0.0463603493209107,0.09454,0.8,4000,0.66375,0.08425,0.0712166172106825,0.0178041543026706,0.926968111796004,0.467367077031759,0.493673771558258,0.469310738977411,0.710400025548488,0.470074491464633,2655,1994,337,331,"P5",648
304,0.144047009123859,0.0651632408153392,0.09454,-0.8,4000,0.73125,0.10975,0.0250569476082005,0.0113895216400911,-1.03531192948271,-0.439520574355079,-0.379755120609017,-0.36617540831273,-0.707756048035149,-0.381224750893877,2925,2102,439,434,"P5",658
304,0.144047009123859,0.0651632408153392,0.09454,-0.6,4000,0.73275,0.10475,0.0334128878281623,0.00477326968973747,-0.862715002930992,-0.324446975898018,-0.259678325243275,-0.251725486092493,-0.519020115574529,-0.249338842820851,2931,2283,419,417,"P5",658
304,0.144047009123859,0.0651632408153392,0.09454,-0.4,4000,0.72775,0.0995,0.0100502512562814,0,-0.659600021732557,-0.219698569935495,-0.154292551833456,-0.15409437045371,-0.335399810530744,-0.141140070827593,2911,2395,398,398,"P5",658
304,0.144047009123859,0.0651632408153392,0.09454,-0.2,4000,0.74975,0.1045,0.00478468899521531,0.00717703349282297,-0.30166796673317,-0.0853400277667633,-0.0143455677177198,-0.00491690913438489,-0.136851271837988,-0.0084874621511046,2999,2571,418,415,"P5",658
304,0.144047009123859,0.0651632408153392,0.09454,0,4000,0.72575,0.103,0.00242718446601942,0,-0.0478304691168363,0.0430308872644249,0.0928588844327927,0.0923756121942023,0.0426455168840952,0.108584506057179,2903,2555,412,412,"P5",658
304,0.144047009123859,0.0651632408153392,0.09454,0.2,4000,0.724,0.106,0.0117924528301887,0,0.211043432700501,0.163704433108535,0.222080922685408,0.221269253640029,0.232232622662892,0.240932021716089,2896,2486,424,424,"P5",658
304,0.144047009123859,0.0651632408153392,0.09454,0.4,4000,0.727,0.10475,0.0167064439140811,0.00238663484486874,0.602718673570441,0.293364469717159,0.290383173971336,0.286158923543592,0.417404392854667,0.292781566314115,2908,2419,419,418,"P5",658
304,0.144047009123859,0.0651632408153392,0.09454,0.6,4000,0.732,0.1095,0.0410958904109589,0.0159817351598174,0.759410752756622,0.40080922462608,0.435547358789945,0.417461386248918,0.596038497793745,0.447786238946201,2928,2318,438,431,"P5",658
304,0.144047009123859,0.0651632408153392,0.09454,0.8,4000,0.7275,0.101,0.0717821782178218,0.0297029702970297,1.06954791455326,0.502180334805083,0.553799527989949,0.518506341079666,0.777466207790823,0.549678669897501,2910,2100,404,392,"P5",658
173,0.485366853055501,0.160800468365047,0.09454,-0.8,4000,0.909,0.4115,0.105710814094775,0.0413122721749696,-0.978822924324532,-0.678519606994354,-0.670090785420376,-0.628403674649872,-0.8097217238627,-0.651681987266781,3636,2896,1646,1578,"P5",819
173,0.485366853055501,0.160800468365047,0.09454,-0.6,4000,0.9115,0.414,0.0434782608695652,0.00785024154589372,-0.757581326053964,-0.541193077043152,-0.48714358607342,-0.476376680352342,-0.621357268341711,-0.477178817504049,3646,3172,1656,1643,"P5",819
173,0.485366853055501,0.160800468365047,0.09454,-0.4,4000,0.9145,0.4015,0.0112079701120797,0.00186799501867995,-0.494106072050225,-0.377804972390242,-0.311177890346704,-0.307981509743498,-0.405399702177498,-0.301829445337315,3658,3435,1606,1603,"P5",819
173,0.485366853055501,0.160800468365047,0.09454,-0.2,4000,0.91075,0.4155,0.00240673886883273,0.000601684717208183,-0.262953668000815,-0.199557559329549,-0.148527841246876,-0.147648605967186,-0.207316249653071,-0.144315530717448,3643,3496,1662,1661,"P5",819
173,0.485366853055501,0.160800468365047,0.09454,0,4000,0.909,0.40375,0.000619195046439629,0,-0.0248097023456967,-0.00683321032564885,0.0168801133021923,0.0168834673221832,-0.00345152603009038,0.0229066360890258,3636,3537,1615,1615,"P5",819
173,0.485366853055501,0.160800468365047,0.09454,0.2,4000,0.9075,0.4135,0.00241837968561064,0,0.209905751018679,0.196849056881922,0.189540076843304,0.189412651345047,0.212953035165802,0.197188192735687,3630,3517,1654,1654,"P5",819
173,0.485366853055501,0.160800468365047,0.09454,0.4,4000,0.90375,0.4055,0.0141800246609125,0.00061652281134402,0.492745389632436,0.39120290111386,0.369697298316344,0.367729460279003,0.412846711671575,0.366781734202926,3615,3413,1622,1621,"P5",819
173,0.485366853055501,0.160800468365047,0.09454,0.6,4000,0.91,0.41775,0.0430879712746858,0.00478755236385398,0.717784879596306,0.564866807844091,0.541842653152888,0.533767456369118,0.61851781200328,0.540746660540692,3640,3284,1671,1663,"P5",819
173,0.485366853055501,0.160800468365047,0.09454,0.8,4000,0.90275,0.4145,0.10313630880579,0.0211097708082027,0.971883012131419,0.709452932687084,0.700759134026624,0.676151773482414,0.827030984824507,0.698313061288053,3611,2958,1658,1623,"P5",819
125,0.213562385844742,0.0845007400223801,0.09454,-0.8,4000,0.675,0.0795,0.0408805031446541,0.0220125786163522,-1.12834829083058,-0.393909541290242,-0.37033618628773,-0.341292403870674,-0.69841693904854,-0.343883336068174,2700,1883,318,311,"P5",827
125,0.213562385844742,0.0845007400223801,0.09454,-0.6,4000,0.665,0.07175,0.0209059233449477,0.0104529616724739,-0.872036496314661,-0.304652808974708,-0.274847230061175,-0.261642834698943,-0.521430115755581,-0.251867730870413,2660,2032,287,284,"P5",827
125,0.213562385844742,0.0845007400223801,0.09454,-0.4,4000,0.67025,0.073,0.0102739726027397,0,-0.54002558894212,-0.183539063831627,-0.115043508421584,-0.114314281270251,-0.295269007690762,-0.110057696410585,2681,2191,292,292,"P5",827
125,0.213562385844742,0.0845007400223801,0.09454,-0.2,4000,0.673,0.083,0.00903614457831325,0,-0.255383873771812,-0.0611807317395217,-0.0246962961766393,-0.0251099265477055,-0.103776089068472,-0.0234007664922795,2692,2252,332,332,"P5",827
125,0.213562385844742,0.0845007400223801,0.09454,0,4000,0.676,0.0695,0.00719424460431655,0,-0.0307538191024928,0.026799954381658,0.0900250859579295,0.0899270962271572,0.0420333733971863,0.102864795095106,2704,2313,278,278,"P5",827
125,0.213562385844742,0.0845007400223801,0.09454,0.2,4000,0.67775,0.075,0.0133333333333333,0.00666666666666667,0.211378141304669,0.146116812472256,0.229905289807994,0.221391140490898,0.227154493525702,0.24058207103118,2711,2271,300,298,"P5",827
125,0.213562385844742,0.0845007400223801,0.09454,0.4,4000,0.6735,0.0735,0.0238095238095238,0.00340136054421769,0.423357472949072,0.249994985467083,0.288061649957951,0.282771423294456,0.378201481072728,0.291156435928343,2694,2188,294,293,"P5",827
125,0.213562385844742,0.0845007400223801,0.09454,0.6,4000,0.676,0.084,0.068452380952381,0.00892857142857143,0.879385221851124,0.391433624691613,0.443228014595306,0.428341710920861,0.600974603742889,0.424543762168421,2704,2090,336,333,"P5",827
125,0.213562385844742,0.0845007400223801,0.09454,0.8,4000,0.67725,0.075,0.07,0.0166666666666667,1.00568262443955,0.472620012769622,0.512136451804471,0.487622852041286,0.742904728226193,0.518492067778696,2709,2003,300,295,"P5",827
238,0.453048477497815,0.0463575719399164,0.09454,-0.8,4000,0.6765,0.12375,0.0242424242424242,0.00404040404040404,-0.873644457104379,-0.492672563735666,-0.41809391601971,-0.41205969260496,-0.623552315673701,-0.392431818480445,2706,2225,495,493,"P5",843
238,0.453048477497815,0.0463575719399164,0.09454,-0.6,4000,0.6875,0.12325,0.0121703853955375,0,-0.755129086405221,-0.390458596027845,-0.285116110865397,-0.283461484885022,-0.467901848660051,-0.277360764932071,2750,2400,493,493,"P5",843
238,0.453048477497815,0.0463575719399164,0.09454,-0.4,4000,0.67625,0.1355,0.00553505535055351,0,-0.405461792264056,-0.23099264431141,-0.173940915552162,-0.173565260844423,-0.266900148060367,-0.170789499253558,2705,2454,542,542,"P5",843
238,0.453048477497815,0.0463575719399164,0.09454,-0.2,4000,0.685,0.12175,0.00616016427104723,0,-0.186258522193492,-0.12627212396393,-0.0488608466616213,-0.0486573356208645,-0.126689908698921,-0.0501541933365557,2740,2563,487,487,"P5",843
238,0.453048477497815,0.0463575719399164,0.09454,0,4000,0.66575,0.131,0,0,0.0329963983877775,0.0155626553467346,0.0456138667111722,0.0456138667111722,0.0170518051336061,0.0532453060938664,2663,2494,524,524,"P5",843
238,0.453048477497815,0.0463575719399164,0.09454,0.2,4000,0.68425,0.13625,0.0018348623853211,0.0018348623853211,0.210326777100022,0.163252926456174,0.175380040832221,0.173273180487153,0.193732383180684,0.159806026253865,2737,2574,545,544,"P5",843
238,0.453048477497815,0.0463575719399164,0.09454,0.4,4000,0.6785,0.13675,0,0,0.403521728465311,0.294731892869633,0.285298458399467,0.285298458399467,0.346466741983945,0.284320575834464,2714,2490,547,547,"P5",843
238,0.453048477497815,0.0463575719399164,0.09454,0.6,4000,0.67925,0.128,0.017578125,0.001953125,0.661875542724729,0.425779834856982,0.389551943508536,0.386821492716414,0.503785298211354,0.4001209398209,2717,2411,512,511,"P5",843
238,0.453048477497815,0.0463575719399164,0.09454,0.8,4000,0.69475,0.13175,0.032258064516129,0.00189753320683112,0.808032977103658,0.534868598440585,0.490648462554559,0.486171094771804,0.65305408567025,0.482185599509095,2779,2308,527,526,"P5",843
210,0.0748100615129787,0.0814125101361029,0.09454,-0.8,4000,0.59475,0.0415,0.0301204819277108,0.00602409638554217,-1.23674264284359,-0.30389472298225,-0.25851605590075,-0.247655227943995,-0.593046982395959,-0.253619785302671,2379,1686,166,165,"P5",895
210,0.0748100615129787,0.0814125101361029,0.09454,-0.6,4000,0.579,0.0425,0.00588235294117647,0,-0.828452035895968,-0.21751306281547,-0.135844203183131,-0.134966171514497,-0.426367533805189,-0.123299415685514,2316,1764,170,170,"P5",895
210,0.0748100615129787,0.0814125101361029,0.09454,-0.4,4000,0.5975,0.03725,0,0.0134228187919463,-0.616183194290427,-0.114610225484645,-0.0788990282960586,-0.0616933266090863,-0.253173819676584,-0.0519455493511993,2390,1809,149,147,"P5",895
210,0.0748100615129787,0.0814125101361029,0.09454,-0.2,4000,0.59075,0.0375,0.00666666666666667,0,-0.230999028104156,-0.0497206948225277,0.0232482807154468,0.0245701643170387,-0.120679127976723,0.0172287355109518,2363,1858,150,150,"P5",895
210,0.0748100615129787,0.0814125101361029,0.09454,0,4000,0.5785,0.04125,0.0121212121212121,0,0.0849036369369253,0.0428566984189698,0.071017871605564,0.0695331684438026,0.0522255189961294,0.0658785889452837,2314,1849,165,165,"P5",895
210,0.0748100615129787,0.0814125101361029,0.09454,0.2,4000,0.585,0.03825,0.0261437908496732,0.0130718954248366,0.289028833890679,0.152209603072404,0.24533790674909,0.225972906362525,0.234632737886169,0.234841608030818,2340,1852,153,151,"P5",895
210,0.0748100615129787,0.0814125101361029,0.09454,0.4,4000,0.58475,0.0375,0.0466666666666667,0.0133333333333333,0.521419914389061,0.240222038312809,0.303200649607159,0.286614788873256,0.417152246847452,0.318774254046208,2339,1775,150,148,"P5",895
210,0.0748100615129787,0.0814125101361029,0.09454,0.6,4000,0.605,0.04025,0.0248447204968944,0.0062111801242236,0.828071349332595,0.324469400961315,0.387738562250658,0.378529614972226,0.601903122904367,0.428121900860361,2420,1780,161,160,"P5",895
210,0.0748100615129787,0.0814125101361029,0.09454,0.8,4000,0.589,0.038,0.0657894736842105,0.0131578947368421,1.14980649379273,0.422943168373247,0.472401937519263,0.453359951690434,0.76719780796174,0.46462372004062,2356,1594,152,150,"P5",895
177,0.312973605643758,0.0581674970977397,0.09454,-0.8,4000,0.6785,0.10425,0.0407673860911271,0.00719424460431655,-1.08766597266632,-0.45986943491751,-0.374503785621422,-0.36282261614426,-0.663823023395014,-0.370513367197847,2714,2088,417,414,"P5",910
177,0.312973605643758,0.0581674970977397,0.09454,-0.6,4000,0.69025,0.11425,0.0109409190371991,0.00218818380743982,-0.71075480181241,-0.341030809156007,-0.265452813058008,-0.26209453206119,-0.481466019740861,-0.272301897960276,2761,2283,457,456,"P5",910
177,0.312973605643758,0.0581674970977397,0.09454,-0.4,4000,0.6905,0.11825,0.0105708245243129,0.00211416490486258,-0.468572746941178,-0.229373129598515,-0.180712299561283,-0.17747848164406,-0.32563750441936,-0.169721424987146,2762,2377,473,472,"P5",910
177,0.312973605643758,0.0581674970977397,0.09454,-0.2,4000,0.68225,0.12275,0.00610997963340122,0,-0.234722684602876,-0.108148942838626,-0.0586056675067721,-0.0577792076880464,-0.136714154907398,-0.0483479732326458,2729,2466,491,491,"P5",910
177,0.312973605643758,0.0581674970977397,0.09454,0,4000,0.68475,0.11125,0.00898876404494382,0,0.0170157514132949,0.0427277433885907,0.0613153440316179,0.0609027461345872,0.0615911088258427,0.0718883364034965,2739,2482,445,445,"P5",910
177,0.312973605643758,0.0581674970977397,0.09454,0.2,4000,0.6855,0.1115,0.00448430493273543,0,0.242596819971882,0.145868329933643,0.188078426026042,0.18750706003411,0.202130689561332,0.185402917308075,2742,2487,446,446,"P5",910
177,0.312973605643758,0.0581674970977397,0.09454,0.4,4000,0.694,0.11675,0.0149892933618844,0.00642398286937901,0.474037884869074,0.277171739708516,0.274814256473809,0.266908821817996,0.364437712295643,0.280315905490427,2776,2448,467,464,"P5",910
177,0.312973605643758,0.0581674970977397,0.09454,0.6,4000,0.68425,0.1105,0.0452488687782805,0.00904977375565611,0.699218510487867,0.399093595322345,0.434729625444405,0.422682071231767,0.558212267928948,0.419437477839513,2737,2270,442,438,"P5",910
177,0.312973605643758,0.0581674970977397,0.09454,0.8,4000,0.68925,0.12,0.0541666666666667,0.00833333333333333,0.898124806484408,0.505539397507278,0.510186090379767,0.498027943755998,0.710877750180778,0.501079133720657,2757,2119,480,476,"P5",910
154,0.132758315682022,0.046349931071135,0.09454,-0.8,4000,0.56,0.0315,0.0158730158730159,0,-0.961128121825296,-0.247587957652701,-0.202155032607425,-0.201643650425616,-0.531339355324079,-0.176223891150377,2240,1604,126,126,"P5",1008
154,0.132758315682022,0.046349931071135,0.09454,-0.6,4000,0.53825,0.034,0,0,-0.732545671663851,-0.171716033342514,-0.140315778130666,-0.140315778130666,-0.366443071726474,-0.161781914159437,2153,1621,136,136,"P5",1008
154,0.132758315682022,0.046349931071135,0.09454,-0.4,4000,0.54375,0.03525,0.00709219858156028,0.00709219858156028,-0.455570089388607,-0.115973508153085,-0.0446133115026538,-0.0527802792925964,-0.220890703274292,-0.039643421089999,2175,1674,141,140,"P5",1008
154,0.132758315682022,0.046349931071135,0.09454,-0.2,4000,0.54525,0.03575,0,0,-0.240670532789877,-0.0266809059865238,0.0571926468334522,0.0571926468334522,-0.0797478376538409,0.047743667488942,2181,1754,143,143,"P5",1008
154,0.132758315682022,0.046349931071135,0.09454,0,4000,0.551,0.0345,0.0072463768115942,0,-0.0308324391619465,0.0785206166576399,0.115675612358477,0.115349252718383,0.0771462796978799,0.108945529501181,2204,1713,138,138,"P5",1008
154,0.132758315682022,0.046349931071135,0.09454,0.2,4000,0.5695,0.03375,0.0148148148148148,0.00740740740740741,0.202156133676584,0.121786536520877,0.189077319444029,0.177931499907825,0.206029075147453,0.177167228955359,2278,1759,135,134,"P5",1008
154,0.132758315682022,0.046349931071135,0.09454,0.4,4000,0.552,0.039,0.0384615384615385,0,0.487935367551778,0.229327142344346,0.284841123761032,0.280916024302879,0.403668654292051,0.270070132380882,2208,1686,156,156,"P5",1008
154,0.132758315682022,0.046349931071135,0.09454,0.6,4000,0.546,0.0365,0.0342465753424658,0.0136986301369863,0.650465127051849,0.289000193855542,0.304997770773533,0.284790044812545,0.499676983828207,0.297475223035674,2184,1627,146,144,"P5",1008
154,0.132758315682022,0.046349931071135,0.09454,0.8,4000,0.5425,0.03075,0.0650406504065041,0.016260162601626,0.919664999808524,0.350229559344793,0.390483355553701,0.365872973335081,0.636296180204451,0.342153637268649,2170,1545,123,121,"P5",1008
295,0.235656479509684,0.0538492663573964,0.09454,-0.8,4000,0.713,0.12825,0.0214424951267057,0.00779727095516569,-0.99381434697498,-0.475524404787085,-0.408565692194899,-0.39869840615146,-0.675272728878985,-0.395025189866744,2852,2175,513,509,"P5",1096
295,0.235656479509684,0.0538492663573964,0.09454,-0.6,4000,0.73075,0.14325,0.0226876090750436,0.0087260034904014,-0.756560754804871,-0.370931931442573,-0.301898337009194,-0.290851495959489,-0.50673109367583,-0.307263351725397,2923,2413,573,568,"P5",1096
295,0.235656479509684,0.0538492663573964,0.09454,-0.4,4000,0.7365,0.14275,0.0175131348511384,0,-0.486836018636718,-0.253460258339937,-0.191889778021682,-0.190401217084938,-0.33248510880233,-0.203706218638819,2946,2601,571,571,"P5",1096
295,0.235656479509684,0.0538492663573964,0.09454,-0.2,4000,0.7095,0.12875,0.00776699029126214,0.00194174757281553,-0.351336799782199,-0.125715127309033,-0.0790372254923162,-0.0759332779411046,-0.16852738675515,-0.0807708130055315,2838,2551,515,514,"P5",1096
295,0.235656479509684,0.0538492663573964,0.09454,0,4000,0.723,0.12825,0.00584795321637427,0.00194931773879142,-0.00449866231857862,0.0216018643663717,0.0511854404500698,0.0541599754416888,0.0281704523802459,0.0651740795160293,2892,2636,513,512,"P5",1096
295,0.235656479509684,0.0538492663573964,0.09454,0.2,4000,0.728,0.129,0.00581395348837209,0,0.209317077125376,0.152996190425326,0.166247155398246,0.165451952521096,0.18881054116137,0.171967018059923,2912,2612,516,516,"P5",1096
295,0.235656479509684,0.0538492663573964,0.09454,0.4,4000,0.72625,0.13325,0.0112570356472795,0,0.427216185308413,0.286154561533393,0.284391230187727,0.283568442280042,0.355981182140218,0.296384110521085,2905,2609,533,533,"P5",1096
295,0.235656479509684,0.0538492663573964,0.09454,0.6,4000,0.7145,0.13575,0.0294659300184162,0.00920810313075507,0.717646072443602,0.423397138858316,0.418601559030699,0.406928509502504,0.576657638441633,0.427373861354162,2858,2378,543,538,"P5",1096
295,0.235656479509684,0.0538492663573964,0.09454,0.8,4000,0.7285,0.136,0.0716911764705882,0.0128676470588235,1.02144085119406,0.538164296545859,0.523324459067671,0.505482536784192,0.732924402026665,0.527016466494959,2914,2274,544,537,"P5",1096
250,0.304713788208621,0.0868885715023985,0.09454,-0.8,4000,0.8195,0.23025,0.0640608034744843,0.0260586319218241,-1.0682447492773,-0.58762440910965,-0.546934129924867,-0.51707049343004,-0.773042812204453,-0.535666415556704,3278,2491,921,897,"P5",1118
250,0.304713788208621,0.0868885715023985,0.09454,-0.6,4000,0.79725,0.20625,0.0254545454545455,0.0109090909090909,-0.75849747977946,-0.45900237550892,-0.384386941688315,-0.372131441259566,-0.567468994560012,-0.363595209445834,3189,2664,825,816,"P5",1118
250,0.304713788208621,0.0868885715023985,0.09454,-0.4,4000,0.81125,0.2295,0.0174291938997821,0.00108932461873638,-0.52431877903121,-0.308659825351225,-0.248466450475912,-0.245587467378885,-0.366860031647818,-0.243535409750025,3245,2884,918,917,"P5",1118
250,0.304713788208621,0.0868885715023985,0.09454,-0.2,4000,0.8075,0.23225,0.00538213132400431,0.00107642626480086,-0.27889719505281,-0.157598935359624,-0.0876882905694513,-0.0858011139666085,-0.174360193672248,-0.0713406045873026,3230,3004,929,928,"P5",1118
250,0.304713788208621,0.0868885715023985,0.09454,0,4000,0.82,0.22525,0.00332963374028857,0,-0.0338800309948682,0.0147641350881213,0.051854778075406,0.0519830811329004,0.0155692375890719,0.053305631255544,3280,3098,901,901,"P5",1118
250,0.304713788208621,0.0868885715023985,0.09454,0.2,4000,0.81675,0.226,0.00442477876106195,0,0.248560747510728,0.182863741735971,0.203820378667658,0.203701495231562,0.224648736118128,0.220368420539879,3267,3071,904,904,"P5",1118
250,0.304713788208621,0.0868885715023985,0.09454,0.4,4000,0.813,0.2255,0.0133037694013304,0.00110864745011086,0.492586288986312,0.33619617829737,0.31608178926921,0.31411561633495,0.41003160451278,0.324845274881593,3252,2947,902,901,"P5",1118
250,0.304713788208621,0.0868885715023985,0.09454,0.6,4000,0.81175,0.21625,0.0427745664739884,0.0046242774566474,0.738319523936549,0.493031302979617,0.470070973585101,0.461626257677266,0.607009480833981,0.466895885071316,3247,2782,865,861,"P5",1118
250,0.304713788208621,0.0868885715023985,0.09454,0.8,4000,0.80875,0.22425,0.0735785953177258,0.0267558528428094,0.947080522871376,0.62353336530675,0.62194013286741,0.593974617197982,0.78668117347301,0.623836059702996,3235,2563,897,873,"P5",1118
66,0.0697396850102358,0.11187374298279,0.09454,-0.8,4000,0.44125,0.0185,0.0135135135135135,0,-0.719440008812815,-0.181777790199918,-0.0615791444627641,-0.0609013972579002,-0.482367945601276,-0.0560079257986921,1765,1188,74,74,"P5",1157
66,0.0697396850102358,0.11187374298279,0.09454,-0.6,4000,0.44725,0.0155,0.0645161290322581,0,-0.529084101488525,-0.088284268710476,-0.127156366159406,-0.129409180304882,-0.243435381504299,-0.177835402700326,1789,1284,62,62,"P5",1157
66,0.0697396850102358,0.11187374298279,0.09454,-0.4,4000,0.4525,0.016,0,0,-0.384112960652687,-0.0670656364901193,0.000568498025692917,0.000568498025692917,-0.183408517022958,-0.0202053021696149,1810,1301,64,64,"P5",1157
66,0.0697396850102358,0.11187374298279,0.09454,-0.2,4000,0.43675,0.017,0.0147058823529412,0,-0.195061792782685,-0.00244789523147455,0.0924167470166646,0.0916504054582613,-0.0575366808047672,0.0560459170810938,1747,1290,68,68,"P5",1157
66,0.0697396850102358,0.11187374298279,0.09454,0,4000,0.4495,0.0165,0.0151515151515152,0.0151515151515152,0.0697538009444472,0.0438788490986452,0.0656953235508987,0.0438768239214586,0.0921980304592982,0.0448932704635122,1798,1312,66,65,"P5",1157
66,0.0697396850102358,0.11187374298279,0.09454,0.2,4000,0.4505,0.017,0,0,0.130418327016954,0.131214905525506,0.279337616611612,0.279337616611612,0.210954875875586,0.291156770346463,1802,1286,68,68,"P5",1157
66,0.0697396850102358,0.11187374298279,0.09454,0.4,4000,0.462,0.01975,0.0759493670886076,0.0126582278481013,0.513548491635426,0.211993318267667,0.342397104347069,0.318984407653852,0.406683342726517,0.333059360263791,1848,1332,79,78,"P5",1157
66,0.0697396850102358,0.11187374298279,0.09454,0.6,4000,0.44725,0.01775,0,0.0140845070422535,0.734514118157294,0.242773627622864,0.266026350934952,0.251732712347823,0.55579702326861,0.25788771320012,1789,1189,71,70,"P5",1157
66,0.0697396850102358,0.11187374298279,0.09454,0.8,4000,0.443,0.0185,0.0405405405405405,0.027027027027027,0.932463971105811,0.315627740563762,0.446216570247184,0.414905539936969,0.669112269256987,0.466902987571559,1772,1191,74,72,"P5",1157
352,0.25049897580007,0.0463590103009561,0.09454,-0.8,4000,0.70675,0.13425,0.0335195530726257,0.0111731843575419,-0.91727762329695,-0.495438075087192,-0.426077307809329,-0.411998488864374,-0.677829981849146,-0.416636122653209,2827,2210,537,531,"P5",1208
352,0.25049897580007,0.0463590103009561,0.09454,-0.6,4000,0.723,0.142,0.0176056338028169,0,-0.697499370030493,-0.392514042040192,-0.288570215537997,-0.286951051075065,-0.495176715497841,-0.292317895669015,2892,2453,568,568,"P5",1208
352,0.25049897580007,0.0463590103009561,0.09454,-0.4,4000,0.72275,0.13675,0.00914076782449726,0.00182815356489945,-0.467412278012485,-0.245019840958176,-0.189057262875652,-0.186368490747219,-0.30285185411007,-0.176426235419576,2891,2571,547,546,"P5",1208
352,0.25049897580007,0.0463590103009561,0.09454,-0.2,4000,0.703,0.138,0.0036231884057971,0,-0.21903517373224,-0.112148910929085,-0.0688952186725232,-0.0684605720131353,-0.139333425594643,-0.0632040008036014,2812,2589,552,552,"P5",1208
352,0.25049897580007,0.0463590103009561,0.09454,0,4000,0.7165,0.135,0.00185185185185185,0,-0.0172802417647715,0.0194303323264065,0.0504740100139427,0.0504016384786245,0.026601460402418,0.0350127349621565,2866,2664,540,540,"P5",1208
352,0.25049897580007,0.0463590103009561,0.09454,0.2,4000,0.7075,0.13675,0.00182815356489945,0,0.224140273522712,0.139967853609982,0.168167204805798,0.167766917923376,0.186999274299627,0.171427324719758,2830,2607,547,547,"P5",1208
352,0.25049897580007,0.0463590103009561,0.09454,0.4,4000,0.71975,0.13525,0.00739371534195933,0.00184842883548983,0.438506263206264,0.286485861719037,0.285049793094488,0.282013467530655,0.353195877927997,0.291469948624041,2879,2607,541,540,"P5",1208
352,0.25049897580007,0.0463590103009561,0.09454,0.6,4000,0.718,0.13325,0.0281425891181989,0.00938086303939963,0.687574673073621,0.419409992410958,0.382575720059168,0.370955716800042,0.525101471455062,0.391969340771123,2872,2437,533,528,"P5",1208
352,0.25049897580007,0.0463590103009561,0.09454,0.8,4000,0.70875,0.13875,0.0612612612612613,0.0108108108108108,0.913041363086826,0.55464977034483,0.52924911399882,0.514856950135881,0.716529020873531,0.528247747108874,2835,2272,555,549,"P5",1208
273,0.372227152214185,0.0970269405181295,0.09454,-0.8,4000,0.8545,0.287,0.078397212543554,0.0235191637630662,-0.978481544178545,-0.637170522507679,-0.590000455509841,-0.561855025603317,-0.784261112455131,-0.56603011743485,3418,2675,1148,1121,"P5",1266
273,0.372227152214185,0.0970269405181295,0.09454,-0.6,4000,0.85575,0.297,0.0294612794612795,0.00925925925925926,-0.748115918739613,-0.495035708497434,-0.423425281368534,-0.410879537166698,-0.582727553922121,-0.410031549427694,3423,2955,1188,1177,"P5",1266
273,0.372227152214185,0.0970269405181295,0.09454,-0.4,4000,0.852,0.2955,0.0101522842639594,0.00169204737732657,-0.486529557957776,-0.351101022360512,-0.270119148711304,-0.26747056584694,-0.38593778327394,-0.264437355203051,3408,3153,1182,1180,"P5",1266
273,0.372227152214185,0.0970269405181295,0.09454,-0.2,4000,0.85075,0.2945,0.00169779286926995,0.000848896434634975,-0.247582454957636,-0.188675785647595,-0.12705035885822,-0.125927443590845,-0.19631910513805,-0.12046524147445,3403,3251,1178,1177,"P5",1266
273,0.372227152214185,0.0970269405181295,0.09454,0,4000,0.84925,0.29675,0.0016849199663016,0,-0.0362662885468674,-0.00729563221595445,0.0248548248980949,0.0248691368254756,-0.00218840003623776,0.0268714016182451,3397,3274,1187,1187,"P5",1266
273,0.372227152214185,0.0970269405181295,0.09454,0.2,4000,0.8475,0.2875,0.00260869565217391,0,0.235637331516432,0.182343999773994,0.195464737524476,0.19545308887657,0.201616696177807,0.19312291773818,3390,3248,1150,1150,"P5",1266
273,0.372227152214185,0.0970269405181295,0.09454,0.4,4000,0.85225,0.29825,0.00922045264040235,0.000838222967309304,0.491215714254856,0.366572148466834,0.337204734183368,0.335669168689743,0.406780107177941,0.343372145895994,3409,3201,1193,1192,"P5",1266
273,0.372227152214185,0.0970269405181295,0.09454,0.6,4000,0.8545,0.29125,0.0317596566523605,0.00343347639484979,0.729385896498611,0.536845810092468,0.483213670822122,0.477336741260429,0.61214871793337,0.487849325698396,3418,3026,1165,1161,"P5",1266
273,0.372227152214185,0.0970269405181295,0.09454,0.8,4000,0.858,0.298,0.098993288590604,0.014261744966443,0.975720443378073,0.661229646344676,0.635195740096711,0.61426866404608,0.797369337209349,0.619526763601487,3432,2741,1192,1175,"P5",1266
117,0.464271474023092,0.0463523780724761,0.09454,-0.8,4000,0.617,0.08825,0.0226628895184136,0.0113314447592068,-0.833931719207775,-0.394104512647128,-0.350706445117055,-0.336780491613233,-0.558757452402584,-0.341803429812401,2468,1989,353,349,"P5",1289
117,0.464271474023092,0.0463523780724761,0.09454,-0.6,4000,0.60575,0.096,0.015625,0.00260416666666667,-0.591507140981021,-0.285083034729271,-0.232736378869892,-0.228055858167756,-0.403973362873937,-0.25729017713493,2423,2049,384,383,"P5",1289
117,0.464271474023092,0.0463523780724761,0.09454,-0.4,4000,0.61775,0.0965,0.00518134715025907,0,-0.362510372862225,-0.170871962923004,-0.113745004234225,-0.113451337868074,-0.250494675221241,-0.115673180403261,2471,2188,386,386,"P5",1289
117,0.464271474023092,0.0463523780724761,0.09454,-0.2,4000,0.62275,0.09825,0.00254452926208651,0,-0.182395287893317,-0.0913869604892298,-0.033498843429087,-0.033545753278753,-0.120129160269198,-0.0341531546162111,2491,2257,393,393,"P5",1289
117,0.464271474023092,0.0463523780724761,0.09454,0,4000,0.6095,0.09025,0.00277008310249307,0.00277008310249307,-0.0073375306291655,0.0215321242084362,0.0627587212652492,0.0662621280120144,0.0100146367609992,0.0613797338137147,2438,2198,361,360,"P5",1289
117,0.464271474023092,0.0463523780724761,0.09454,0.2,4000,0.61375,0.092,0.00543478260869565,0.00543478260869565,0.201335558366616,0.133276761027392,0.192866551474696,0.185873580013456,0.172939181854195,0.195124755993797,2455,2203,368,366,"P5",1289
117,0.464271474023092,0.0463523780724761,0.09454,0.4,4000,0.6335,0.0895,0.00837988826815642,0.00279329608938547,0.395030415491832,0.230096635305379,0.254213209654548,0.249118866633236,0.327165581983446,0.27109801255695,2534,2224,358,357,"P5",1289
117,0.464271474023092,0.0463523780724761,0.09454,0.6,4000,0.618,0.09425,0.0212201591511936,0,0.597067866050985,0.337965015490492,0.315134183951891,0.313014444766167,0.457614876333652,0.299084499561023,2472,2130,377,377,"P5",1289
117,0.464271474023092,0.0463523780724761,0.09454,0.8,4000,0.609,0.08125,0.0584615384615385,0.0123076923076923,0.775549892927295,0.46611119026104,0.479256584542105,0.461564117429244,0.628578468574035,0.4391581667163,2436,1962,325,321,"P5",1289
195,0.366186870162452,0.0535062028788564,0.09454,-0.8,4000,0.67425,0.12575,0.0377733598409543,0.0119284294234592,-0.864752204515265,-0.47967500433144,-0.411605677862831,-0.396559707205914,-0.637941960001875,-0.409581528814487,2697,2146,503,497,"P5",1362
195,0.366186870162452,0.0535062028788564,0.09454,-0.6,4000,0.672,0.1285,0.0136186770428016,0.00194552529182879,-0.636042806561805,-0.354460742451346,-0.30403601390002,-0.301056142431931,-0.467551931225087,-0.28692034664167,2688,2282,514,513,"P5",1362
195,0.366186870162452,0.0535062028788564,0.09454,-0.4,4000,0.68,0.132,0.00946969696969697,0.00568181818181818,-0.474906967402285,-0.231360676825021,-0.197095685149582,-0.189345422632366,-0.30392271146667,-0.179975107819546,2720,2397,528,525,"P5",1362
195,0.366186870162452,0.0535062028788564,0.09454,-0.2,4000,0.693,0.1235,0,0,-0.250218645937253,-0.12487866500278,-0.0595990653665744,-0.0595990653665744,-0.132779091267196,-0.0632368137736711,2772,2527,494,494,"P5",1362
195,0.366186870162452,0.0535062028788564,0.09454,0,4000,0.68175,0.12975,0,0,0.0152365331214778,0.0226104982291868,0.0651220932063552,0.0651220932063552,0.0409896193984656,0.0827603632979623,2727,2536,519,519,"P5",1362
195,0.366186870162452,0.0535062028788564,0.09454,0.2,4000,0.6995,0.133,0.0037593984962406,0.0018796992481203,0.192086285642988,0.155518221499837,0.179338505643756,0.176776336814895,0.190461796501903,0.169778663713584,2798,2589,532,531,"P5",1362
195,0.366186870162452,0.0535062028788564,0.09454,0.4,4000,0.68225,0.124,0.0100806451612903,0.00201612903225806,0.457494620557891,0.297002409468221,0.311094411985308,0.308444986281994,0.374975045442553,0.307394184846495,2729,2415,496,495,"P5",1362
195,0.366186870162452,0.0535062028788564,0.09454,0.6,4000,0.67725,0.1265,0.0237154150197628,0.00197628458498024,0.701322481236861,0.41284402123349,0.392797911666283,0.3888412027787,0.52687509926298,0.379777520729724,2709,2309,506,505,"P5",1362
195,0.366186870162452,0.0535062028788564,0.09454,0.8,4000,0.68175,0.12575,0.0516898608349901,0.0119284294234592,0.870972122601938,0.536124787511037,0.51700570414072,0.502898026014524,0.701472367375492,0.523061867118765,2727,2210,503,497,"P5",1362
357,0.313402572856717,0.0463626349948729,0.09454,-0.8,4000,0.7125,0.14325,0.0331588132635253,0.012216404886562,-0.958198506537882,-0.527126403361482,-0.444665513369618,-0.428724887527298,-0.690314658793043,-0.429013892360507,2850,2273,573,566,"P5",1389
357,0.313402572856717,0.0463626349948729,0.09454,-0.6,4000,0.71925,0.146,0.0102739726027397,0.00856164383561644,-0.668449194389814,-0.41364980663229,-0.312764979207717,-0.302479363188165,-0.489193233043292,-0.300133333952308,2877,2484,584,579,"P5",1389
357,0.313402572856717,0.0463626349948729,0.09454,-0.4,4000,0.72325,0.15725,0,0.00158982511923688,-0.49506787745809,-0.279745382846275,-0.192956187726187,-0.191080148222947,-0.3317057950741,-0.175879878180332,2893,2604,629,628,"P5",1389
357,0.313402572856717,0.0463626349948729,0.09454,-0.2,4000,0.7345,0.151,0.0033112582781457,0,-0.246515786833022,-0.145789351457553,-0.110746403320886,-0.110390674734469,-0.160008652669378,-0.0969670411292353,2938,2744,604,604,"P5",1389
357,0.313402572856717,0.0463626349948729,0.09454,0,4000,0.72725,0.15475,0,0,-0.0455246017997771,0.00709889414665514,0.03313984255453,0.03313984255453,0.0144644858944605,0.0500869556009442,2909,2762,619,619,"P5",1389
357,0.313402572856717,0.0463626349948729,0.09454,0.2,4000,0.71275,0.1485,0.00505050505050505,0,0.214805138743071,0.161937078278222,0.164446653538386,0.164289036804025,0.192123136270039,0.1765714766545,2851,2673,594,594,"P5",1389
357,0.313402572856717,0.0463626349948729,0.09454,0.4,4000,0.71725,0.15475,0.00484652665589661,0.00161550888529887,0.428146033334888,0.297881708449066,0.28533815671899,0.28360186661275,0.36244578123874,0.280799410878581,2869,2632,619,618,"P5",1389
357,0.313402572856717,0.0463626349948729,0.09454,0.6,4000,0.72375,0.15375,0.0178861788617886,0.0032520325203252,0.666487307256808,0.448946835677414,0.406875039667678,0.401425244075453,0.530824797778783,0.39525082112307,2895,2531,615,613,"P5",1389
357,0.313402572856717,0.0463626349948729,0.09454,0.8,4000,0.7105,0.1635,0.036697247706422,0.00611620795107034,0.875912959155692,0.575878492671406,0.530264597702795,0.521272141176816,0.697125843636604,0.542303311435526,2842,2373,654,650,"P5",1389
336,0.344020450012802,0.0782097185422491,0.09454,-0.8,4000,0.8365,0.262,0.0725190839694656,0.00954198473282443,-1.02522820701504,-0.619165980762288,-0.553601563620712,-0.538008468806958,-0.775261917979529,-0.546305516193348,3346,2635,1048,1038,"P5",1396
336,0.344020450012802,0.0782097185422491,0.09454,-0.6,4000,0.83225,0.2585,0.0241779497098646,0.00386847195357834,-0.737246570057789,-0.48368596367009,-0.401769532738426,-0.39610907473063,-0.564440208335883,-0.378746760363633,3329,2881,1034,1030,"P5",1396
336,0.344020450012802,0.0782097185422491,0.09454,-0.4,4000,0.8195,0.2535,0.00591715976331361,0,-0.49126692827035,-0.335963622822886,-0.261103841976005,-0.260505671624753,-0.371733030350505,-0.249855269675667,3278,3012,1014,1014,"P5",1396
336,0.344020450012802,0.0782097185422491,0.09454,-0.2,4000,0.8175,0.25525,0.0029382957884427,0,-0.303998500580325,-0.177174946025696,-0.111880754247739,-0.111608567228863,-0.183178180020074,-0.0871872775929918,3270,3098,1021,1021,"P5",1396
336,0.344020450012802,0.0782097185422491,0.09454,0,4000,0.83575,0.25625,0.000975609756097561,0.000975609756097561,-0.0144798741974263,-0.00745511500687948,0.0279575054158687,0.0291764758070337,-0.00733769446442158,0.0311216973823072,3343,3207,1025,1024,"P5",1396
336,0.344020450012802,0.0782097185422491,0.09454,0.2,4000,0.8315,0.26075,0.000958772770853308,0,0.230288333659539,0.188870519238912,0.180681465166969,0.180510632930654,0.211763851942551,0.189400538275834,3326,3185,1043,1043,"P5",1396
336,0.344020450012802,0.0782097185422491,0.09454,0.4,4000,0.8285,0.257,0.00972762645914397,0,0.475953991665985,0.362123047255241,0.336789702271149,0.335832173000355,0.406560629323935,0.350602184301,3314,3072,1028,1028,"P5",1396
336,0.344020450012802,0.0782097185422491,0.09454,0.6,4000,0.82325,0.2745,0.0200364298724954,0.000910746812386157,0.741750963917295,0.516902363376314,0.473304215491297,0.470471645226799,0.583813430253992,0.477760959324253,3293,2910,1098,1097,"P5",1396
336,0.344020450012802,0.0782097185422491,0.09454,0.8,4000,0.81125,0.254,0.0738188976377953,0.0177165354330709,0.966066126144815,0.654462757458812,0.631167530483377,0.610810897391957,0.777431444054603,0.622287538960552,3245,2640,1016,998,"P5",1396
249,0.192601325704009,0.0463507295689544,0.09454,-0.8,4000,0.66225,0.078,0.016025641025641,0.00320512820512821,-1.07840660228049,-0.404340465374594,-0.289897461446349,-0.28440529552047,-0.636846648240255,-0.308018067220748,2649,1997,312,311,"P5",1402
249,0.192601325704009,0.0463507295689544,0.09454,-0.6,4000,0.66675,0.09225,0.00813008130081301,0,-0.717551063859587,-0.285621806506591,-0.229942374211128,-0.228806159455698,-0.463593591722956,-0.235631542008743,2667,2138,369,369,"P5",1402
249,0.192601325704009,0.0463507295689544,0.09454,-0.4,4000,0.67425,0.08,0.00625,0.003125,-0.501623956727723,-0.189851596790321,-0.119838211467784,-0.115655969184712,-0.318733326033805,-0.0914667911428731,2697,2254,320,319,"P5",1402
249,0.192601325704009,0.0463507295689544,0.09454,-0.2,4000,0.64825,0.084,0.00595238095238095,0,-0.272527016386055,-0.0951426231524598,-0.0436001353070515,-0.043413267984822,-0.132145352411361,-0.0332544417064828,2593,2233,336,336,"P5",1402
249,0.192601325704009,0.0463507295689544,0.09454,0,4000,0.66075,0.08525,0.0205278592375367,0,-0.00426112288769712,0.0313784328007639,0.0885582847295605,0.0869237428406989,0.0393005699083081,0.0966871989601825,2643,2292,341,341,"P5",1402
249,0.192601325704009,0.0463507295689544,0.09454,0.2,4000,0.6755,0.0855,0.00292397660818713,0,0.199629445640702,0.149509568119636,0.193677228706382,0.192988026231622,0.211678859460651,0.186614147280522,2702,2347,342,342,"P5",1402
249,0.192601325704009,0.0463507295689544,0.09454,0.4,4000,0.654,0.086,0.0261627906976744,0.00872093023255814,0.47320460052734,0.246094213117978,0.304405160259422,0.293466377413389,0.361994524185701,0.285912889775627,2616,2208,344,341,"P5",1402
249,0.192601325704009,0.0463507295689544,0.09454,0.6,4000,0.662,0.08,0.034375,0.015625,0.663554589063178,0.37472661936998,0.437821940381684,0.420404618827997,0.54375875824624,0.463580298709834,2648,2138,320,315,"P5",1402
249,0.192601325704009,0.0463507295689544,0.09454,0.8,4000,0.67175,0.082,0.0335365853658537,0.0121951219512195,0.957536900953889,0.467627974655554,0.481234538791524,0.46748776272915,0.716149925753484,0.489562278539692,2687,2024,328,324,"P5",1402
279,0.129210600722744,0.0463580795033046,0.09454,-0.8,4000,0.6305,0.055,0.0136363636363636,0.00454545454545455,-0.934612394292054,-0.33677600662046,-0.276513579366451,-0.270755196501308,-0.588130941728329,-0.267760908754492,2522,1854,220,219,"P5",1413
279,0.129210600722744,0.0463580795033046,0.09454,-0.6,4000,0.648,0.056,0.00892857142857143,0.00446428571428571,-0.876574175826603,-0.246298952072278,-0.18576114998015,-0.178997725313324,-0.454402145722977,-0.189054659740317,2592,1988,224,223,"P5",1413
279,0.129210600722744,0.0463580795033046,0.09454,-0.4,4000,0.6345,0.056,0,0.00446428571428571,-0.503953538642488,-0.155323484254491,-0.119830618815897,-0.114537018444383,-0.266934211425607,-0.145559462554775,2538,2088,224,223,"P5",1413
279,0.129210600722744,0.0463580795033046,0.09454,-0.2,4000,0.628,0.0605,0.00413223140495868,0,-0.311359645354785,-0.069609800603906,0.00101403399169276,0.00116094939456314,-0.1352667534846,0.0137479175369479,2512,2065,242,242,"P5",1413
279,0.129210600722744,0.0463580795033046,0.09454,0,4000,0.63975,0.05975,0.0125523012552301,0,-0.0654692047600183,0.0607387780897077,0.122764981744085,0.122829746252496,0.0718724414083893,0.092981802656362,2559,2148,239,239,"P5",1413
279,0.129210600722744,0.0463580795033046,0.09454,0.2,4000,0.63775,0.06175,0.0161943319838057,0,0.213395084786819,0.160305680720604,0.194998526541155,0.192844636916588,0.231855273548639,0.185162689160758,2551,2098,247,247,"P5",1413
279,0.129210600722744,0.0463580795033046,0.09454,0.4,4000,0.62925,0.0625,0.028,0,0.47608759453976,0.2478144943508,0.293318458247403,0.29043923957492,0.375517055660511,0.292096280199458,2517,2012,250,250,"P5",1413
279,0.129210600722744,0.0463580795033046,0.09454,0.6,4000,0.6235,0.05875,0.0127659574468085,0.00425531914893617,0.700882834743674,0.332250360735826,0.353581800931811,0.348371634993207,0.532981247519966,0.387954718992814,2494,1894,235,234,"P5",1413
279,0.129210600722744,0.0463580795033046,0.09454,0.8,4000,0.629,0.062,0.0483870967741935,0.0120967741935484,1.04503880097206,0.462597414049307,0.489703806627135,0.473731701375033,0.746094180957265,0.507991531130677,2516,1817,248,245,"P5",1413
260,0.365813960711963,0.130007805957401,0.09454,-0.8,4000,0.90625,0.39525,0.106261859582543,0.0341555977229602,-1.00389801093292,-0.678149150470537,-0.669464370764852,-0.632267201495676,-0.814739739381321,-0.657336571023538,3625,2839,1581,1527,"P5",1499
260,0.365813960711963,0.130007805957401,0.09454,-0.6,4000,0.90825,0.41,0.0457317073170732,0.0164634146341463,-0.784558473090925,-0.537793911536195,-0.491409373266205,-0.471959123824185,-0.603928963902574,-0.468754657638089,3633,3164,1640,1613,"P5",1499
260,0.365813960711963,0.130007805957401,0.09454,-0.4,4000,0.91175,0.40125,0.0130841121495327,0.00186915887850467,-0.525040486570977,-0.386750558604982,-0.317320298060699,-0.314169767518594,-0.416818027774835,-0.315134525431081,3647,3384,1605,1602,"P5",1499
260,0.365813960711963,0.130007805957401,0.09454,-0.2,4000,0.90775,0.4015,0.00311332503113325,0.0012453300124533,-0.264713176207871,-0.200846415146064,-0.140873185928826,-0.139048752502793,-0.196672306876738,-0.139769023331629,3631,3506,1606,1604,"P5",1499
260,0.365813960711963,0.130007805957401,0.09454,0,4000,0.9175,0.39975,0.00250156347717323,0,-0.00541079346588087,-0.000483612852180047,0.028033327842202,0.02788279916587,0.0105884689333782,0.0328453783887933,3670,3582,1599,1599,"P5",1499
260,0.365813960711963,0.130007805957401,0.09454,0.2,4000,0.90675,0.4155,0.000601684717208183,0.000601684717208183,0.2486182341915,0.207611202300899,0.194698811347431,0.193994091034486,0.225125912509914,0.194816107055192,3627,3526,1662,1661,"P5",1499
260,0.365813960711963,0.130007805957401,0.09454,0.4,4000,0.909,0.3975,0.00817610062893082,0.000628930817610063,0.494112209293953,0.387530963464432,0.357367288627716,0.356003964175931,0.426741296761508,0.359792970255558,3636,3435,1590,1589,"P5",1499
260,0.365813960711963,0.130007805957401,0.09454,0.6,4000,0.911,0.41375,0.0410876132930514,0.00483383685800604,0.724885129239692,0.542527103115334,0.517428257022947,0.509229551434578,0.605682766307066,0.507019870434303,3644,3266,1655,1647,"P5",1499
260,0.365813960711963,0.130007805957401,0.09454,0.8,4000,0.91275,0.4065,0.118081180811808,0.023370233702337,0.973764805217535,0.708677819050819,0.707155013519852,0.680144054962929,0.826338884235988,0.712205188722557,3651,2982,1626,1588,"P5",1499
174,0.384307491944279,0.0633899227447017,0.09454,-0.8,4000,0.69825,0.13925,0.0341113105924596,0.00718132854578097,-0.927162747329389,-0.492345494871229,-0.420383888625759,-0.410136876754257,-0.679627644105814,-0.414660187331827,2793,2178,557,553,"P5",1523
174,0.384307491944279,0.0633899227447017,0.09454,-0.6,4000,0.7035,0.1395,0.0268817204301075,0.00716845878136201,-0.726198700477297,-0.376377135581601,-0.312195860737725,-0.302394364371485,-0.500324836278756,-0.301550791723257,2814,2359,558,554,"P5",1523
174,0.384307491944279,0.0633899227447017,0.09454,-0.4,4000,0.69975,0.13325,0.00938086303939963,0.00187617260787992,-0.474783447788525,-0.259004662701594,-0.195267668470733,-0.192553466919047,-0.325649943035436,-0.177196680145796,2799,2486,533,532,"P5",1523
174,0.384307491944279,0.0633899227447017,0.09454,-0.2,4000,0.70075,0.1385,0.00541516245487365,0,-0.244915958265634,-0.100058440383035,-0.0718532952125577,-0.0715747309806326,-0.136914494647126,-0.0545228218592192,2803,2544,554,554,"P5",1523
174,0.384307491944279,0.0633899227447017,0.09454,0,4000,0.69175,0.13375,0.00373831775700935,0,-0.00443948130262459,0.0203148322522501,0.0366121310273527,0.0362703110768615,0.0156602775661153,0.0390613585756887,2767,2562,535,535,"P5",1523
174,0.384307491944279,0.0633899227447017,0.09454,0.2,4000,0.715,0.14575,0.00171526586620926,0,0.200176297345339,0.15547509922382,0.159429552795083,0.159402988573652,0.197163204593517,0.161111984018703,2860,2651,583,583,"P5",1523
174,0.384307491944279,0.0633899227447017,0.09454,0.4,4000,0.70325,0.1355,0.011070110701107,0,0.45365129778797,0.284941945589657,0.289479970195754,0.288765542093696,0.364883500906248,0.297795793445822,2813,2530,542,542,"P5",1523
174,0.384307491944279,0.0633899227447017,0.09454,0.6,4000,0.713,0.14425,0.0259965337954939,0.0103986135181976,0.684449775203679,0.424120181830079,0.412732081437531,0.400263414547723,0.539475981901797,0.409667616263056,2852,2449,577,571,"P5",1523
174,0.384307491944279,0.0633899227447017,0.09454,0.8,4000,0.70125,0.13525,0.044362292051756,0.0055452865064695,0.896758887635038,0.543975985725584,0.51537832464543,0.50639775694374,0.706802420174793,0.520170839082421,2805,2260,541,538,"P5",1523
312,0.108598470866025,0.0463615113436707,0.09454,-0.8,4000,0.63975,0.05625,0.00444444444444444,0.00888888888888889,-0.96056267661432,-0.327543687380036,-0.23156514614511,-0.221223874335166,-0.596126212533389,-0.221569786308471,2559,1840,225,223,"P5",1729
312,0.108598470866025,0.0463615113436707,0.09454,-0.6,4000,0.631,0.05375,0.013953488372093,0,-0.855815868737115,-0.254347257540871,-0.183880015173418,-0.181991933738551,-0.467178692677075,-0.19854858701672,2524,1927,215,215,"P5",1729
312,0.108598470866025,0.0463615113436707,0.09454,-0.4,4000,0.6185,0.0525,0.0142857142857143,0.00476190476190476,-0.465441531562031,-0.148335703725467,-0.0552623775293965,-0.0485088824752291,-0.275384241644038,-0.0480521296679658,2474,1988,210,209,"P5",1729
312,0.108598470866025,0.0463615113436707,0.09454,-0.2,4000,0.62475,0.05675,0.00881057268722467,0,-0.203084949538051,-0.0455915556122268,-0.0293988335673454,-0.0293761756975319,-0.102970050730718,-0.0161375798807478,2499,2037,227,227,"P5",1729
312,0.108598470866025,0.0463615113436707,0.09454,0,4000,0.63575,0.0545,0,0,0.0428007217016599,0.0477124267357895,0.102050662394301,0.102050662394301,0.0681510865115109,0.107287036810558,2543,2088,218,218,"P5",1729
312,0.108598470866025,0.0463615113436707,0.09454,0.2,4000,0.61775,0.05125,0.00975609756097561,0,0.187654769141554,0.133530439390374,0.167019880472892,0.166317036589023,0.210951607078964,0.211889557570675,2471,2017,205,205,"P5",1729
312,0.108598470866025,0.0463615113436707,0.09454,0.4,4000,0.63725,0.05875,0.0170212765957447,0.00425531914893617,0.447774417040695,0.246135096685119,0.275198731036336,0.269331961887173,0.384645810186513,0.268042539146599,2549,2058,235,234,"P5",1729
312,0.108598470866025,0.0463615113436707,0.09454,0.6,4000,0.61625,0.05725,0.0524017467248908,0.0131004366812227,0.797023410852859,0.321884812878542,0.398830105251702,0.381825674911521,0.569513209767847,0.391908288614186,2465,1869,229,226,"P5",1729
312,0.108598470866025,0.0463615113436707,0.09454,0.8,4000,0.63275,0.05575,0.0448430493273543,0.0269058295964126,0.932656099698157,0.421349522413551,0.509820530685705,0.479002354829316,0.695397307415598,0.514350490325291,2531,1806,223,217,"P5",1729
387,0.330755421375562,0.0463639032361292,0.09454,-0.8,4000,0.73025,0.16575,0.0316742081447964,0.00452488687782805,-0.913424349745846,-0.538959530487621,-0.446438380684876,-0.43944769071277,-0.650863202131619,-0.430125086247653,2921,2374,663,660,"P5",1737
387,0.330755421375562,0.0463639032361292,0.09454,-0.6,4000,0.72375,0.16525,0.0075642965204236,0.00453857791225416,-0.665659005422007,-0.402108168684876,-0.30279890912628,-0.296890857277871,-0.477173185784721,-0.300894583719777,2895,2509,661,658,"P5",1737
387,0.330755421375562,0.0463639032361292,0.09454,-0.4,4000,0.738,0.1555,0.00964630225080386,0.00321543408360129,-0.488909481612808,-0.281681351547736,-0.197634321676317,-0.193086052650109,-0.317355368477488,-0.180217106801976,2952,2682,622,620,"P5",1737
387,0.330755421375562,0.0463639032361292,0.09454,-0.2,4000,0.733,0.175,0,0,-0.217195196048464,-0.131795229972791,-0.0800207005729061,-0.0800207005729061,-0.14027535085125,-0.0673977650560013,2932,2788,700,700,"P5",1737
387,0.330755421375562,0.0463639032361292,0.09454,0,4000,0.7425,0.16875,0.00148148148148148,0,0.0163381015012587,0.0153782255505005,0.044088136634228,0.0439824345057004,0.0277150652478661,0.0418450612918578,2970,2829,675,675,"P5",1737
387,0.330755421375562,0.0463639032361292,0.09454,0.2,4000,0.73175,0.15475,0,0,0.197281101391707,0.152051097458464,0.1545539678982,0.1545539678982,0.177673756502591,0.157761762879057,2927,2771,619,619,"P5",1737
387,0.330755421375562,0.0463639032361292,0.09454,0.4,4000,0.71475,0.1675,0.00447761194029851,0,0.434727109817774,0.313527822136723,0.277433261800521,0.277026465365513,0.353070359611428,0.277254245265461,2859,2644,670,670,"P5",1737
387,0.330755421375562,0.0463639032361292,0.09454,0.6,4000,0.7365,0.1615,0.00773993808049536,0,0.638980064284558,0.446204413102315,0.385509368865016,0.384886021856484,0.525837280334451,0.40425906271604,2946,2610,646,646,"P5",1737
387,0.330755421375562,0.0463639032361292,0.09454,0.8,4000,0.73325,0.1545,0.040453074433657,0.00809061488673139,0.867589160366738,0.579277363782138,0.523660987701302,0.513269801316272,0.693078973101891,0.501960212652817,2933,2422,618,613,"P5",1737
210,0.153508704665436,0.0463500655537012,0.09454,-0.8,4000,0.628,0.0535,0.0233644859813084,0.00934579439252336,-0.957420452813821,-0.303068831325817,-0.281443025051458,-0.269199542698053,-0.562326602109253,-0.271931716494904,2512,1825,214,212,"P5",1779
210,0.153508704665436,0.0463500655537012,0.09454,-0.6,4000,0.6205,0.04975,0.0150753768844221,0,-0.776029375577986,-0.232468265383387,-0.196705589717577,-0.196484178780443,-0.424433884656139,-0.206652350733146,2482,1942,199,199,"P5",1779
210,0.153508704665436,0.0463500655537012,0.09454,-0.4,4000,0.6085,0.0585,0,0.00427350427350427,-0.508264881637182,-0.126828512106883,-0.102272022698761,-0.0969797879864654,-0.248574286667486,-0.103699072804235,2434,1961,234,233,"P5",1779
210,0.153508704665436,0.0463500655537012,0.09454,-0.2,4000,0.6155,0.05425,0.00460829493087558,0,-0.237328302963244,-0.061115181546032,0.00377365796073921,0.0032356973580372,-0.106606298878756,0.0308306165252803,2462,2032,217,217,"P5",1779
210,0.153508704665436,0.0463500655537012,0.09454,0,4000,0.60075,0.0605,0.0165289256198347,0,-0.0407253795041111,0.0590945970100061,0.121960059558912,0.119429245201502,0.0764867825039776,0.143107314582005,2403,1987,242,242,"P5",1779
210,0.153508704665436,0.0463500655537012,0.09454,0.2,4000,0.59775,0.0575,0,0,0.211272552563042,0.142061525262822,0.187912977857561,0.187912977857561,0.223570617372847,0.185569268867999,2391,1961,230,230,"P5",1779
210,0.153508704665436,0.0463500655537012,0.09454,0.4,4000,0.60925,0.05425,0.0368663594470046,0,0.42159442137799,0.227188374233486,0.28133916291741,0.278544314621381,0.369119677754746,0.286834210846962,2437,1951,217,217,"P5",1779
210,0.153508704665436,0.0463500655537012,0.09454,0.6,4000,0.62075,0.063,0.0238095238095238,0.00396825396825397,0.829437902551167,0.310855865073219,0.352654925704544,0.346006939464203,0.505073490798598,0.356530181611055,2483,1900,252,251,"P5",1779
210,0.153508704665436,0.0463500655537012,0.09454,0.8,4000,0.607,0.05475,0.0547945205479452,0.0273972602739726,0.884446801734924,0.407356066298912,0.50368480111861,0.471522487457685,0.677601261933777,0.489854603889623,2428,1784,219,213,"P5",1779
301,0.157452218973097,0.0463571733353771,0.09454,-0.8,4000,0.678,0.0825,0.0303030303030303,0.00303030303030303,-0.961288187197843,-0.396177774211846,-0.33626231833757,-0.330839868257036,-0.651351727320574,-0.349701788436738,2712,2010,330,329,"P5",1876
301,0.157452218973097,0.0463571733353771,0.09454,-0.6,4000,0.67525,0.08425,0.0029673590504451,0.00593471810089021,-0.749955976068191,-0.294329866336854,-0.226482838711496,-0.219046743834722,-0.456718450402198,-0.217451339002919,2701,2128,337,335,"P5",1876
301,0.157452218973097,0.0463571733353771,0.09454,-0.4,4000,0.66775,0.0835,0,0.0029940119760479,-0.465239319478501,-0.191915546680229,-0.102158706141809,-0.0970574493147489,-0.284858382564625,-0.0948777256446779,2671,2263,334,333,"P5",1876
301,0.157452218973097,0.0463571733353771,0.09454,-0.2,4000,0.66675,0.079,0.00632911392405063,0,-0.239465368173906,-0.0695122317215743,-0.0134293599690935,-0.0129408258789693,-0.117376475054262,-0.0101654438350491,2667,2279,316,316,"P5",1876
301,0.157452218973097,0.0463571733353771,0.09454,0,4000,0.6735,0.08275,0.00604229607250755,0,-0.028692030726451,0.0350716881123009,0.106776618251279,0.106739421445461,0.0328288107016395,0.126032679409663,2694,2341,331,331,"P5",1876
301,0.157452218973097,0.0463571733353771,0.09454,0.2,4000,0.679,0.0825,0.00909090909090909,0,0.231245104170058,0.151417054526202,0.196076772860344,0.194976606787337,0.211563782482375,0.186137647776384,2716,2340,330,330,"P5",1876
301,0.157452218973097,0.0463571733353771,0.09454,0.4,4000,0.68,0.082,0.0213414634146341,0.00304878048780488,0.597185723169,0.252390859947535,0.31667538142497,0.312002289392888,0.360136623797826,0.334824454813476,2720,2270,328,327,"P5",1876
301,0.157452218973097,0.0463571733353771,0.09454,0.6,4000,0.68175,0.0825,0.0242424242424242,0.00303030303030303,0.749725949132479,0.36387376264061,0.396625737257092,0.39230257841624,0.526457126608104,0.415481630233744,2727,2204,330,329,"P5",1876
301,0.157452218973097,0.0463571733353771,0.09454,0.8,4000,0.6735,0.0855,0.0467836257309941,0.0204678362573099,1.02513090432941,0.463872286321562,0.50910186544574,0.484822967364277,0.694874123117324,0.516388568438279,2694,2030,342,335,"P5",1876
96,0.514898030507941,0.0753604075268542,0.09454,-0.8,4000,0.666,0.112,0.0401785714285714,0.00669642857142857,-0.873528522463192,-0.455051304423379,-0.409297296794733,-0.398460069106212,-0.629095187366681,-0.391243615590488,2664,2098,448,445,"P5",1926
96,0.514898030507941,0.0753604075268542,0.09454,-0.6,4000,0.6725,0.11625,0.0301075268817204,0.0021505376344086,-0.674338942036525,-0.346701740436941,-0.262916265845692,-0.257812300942215,-0.475554617920591,-0.246567329052967,2690,2236,465,464,"P5",1926
96,0.514898030507941,0.0753604075268542,0.09454,-0.4,4000,0.67325,0.126,0.00992063492063492,0,-0.477508432629369,-0.234479114422298,-0.159545985880882,-0.158878058663902,-0.305315859899802,-0.158491375897197,2693,2346,504,504,"P5",1926
96,0.514898030507941,0.0753604075268542,0.09454,-0.2,4000,0.66925,0.121,0.00413223140495868,0.00206611570247934,-0.243412046982171,-0.122485189883274,-0.0513628718418005,-0.0478912409078847,-0.151305746536941,-0.0496319500768648,2677,2424,484,483,"P5",1926
96,0.514898030507941,0.0753604075268542,0.09454,0,4000,0.68175,0.11975,0.00626304801670146,0,0.00331330310295553,0.014245759760528,0.0565022133868507,0.0564050411952196,0.0321730022141243,0.0689446094271243,2727,2484,479,479,"P5",1926
96,0.514898030507941,0.0753604075268542,0.09454,0.2,4000,0.666,0.1195,0.0104602510460251,0.00209205020920502,0.266977741774899,0.158458416733941,0.206536508726534,0.202775444901985,0.188600342895317,0.190117967733446,2664,2431,478,477,"P5",1926
96,0.514898030507941,0.0753604075268542,0.09454,0.4,4000,0.6645,0.12375,0.0101010101010101,0,0.469379903267099,0.292427394410401,0.301245614341964,0.300637942771163,0.368343826147671,0.279128656781761,2658,2342,495,495,"P5",1926
96,0.514898030507941,0.0753604075268542,0.09454,0.6,4000,0.674,0.12,0.0208333333333333,0.0104166666666667,0.653461020804421,0.388117002981789,0.373901089688097,0.361916690216705,0.529621556491654,0.394282710548245,2696,2286,480,475,"P5",1926
96,0.514898030507941,0.0753604075268542,0.09454,0.8,4000,0.67325,0.12025,0.0602910602910603,0.0145530145530146,0.894392918577425,0.51770226085051,0.517810817431469,0.500292725362979,0.703789570048328,0.523114837326425,2693,2136,481,474,"P5",1926
188,0.355918937180551,0.0964838807802102,0.09454,-0.8,4000,0.799,0.22875,0.0688524590163934,0.0229508196721311,-1.00903272595657,-0.583785717719187,-0.554749180190261,-0.527913272895375,-0.7599942214951,-0.538377026144059,3196,2486,915,894,"P5",1946
188,0.355918937180551,0.0964838807802102,0.09454,-0.6,4000,0.7985,0.2115,0.0283687943262411,0.00945626477541371,-0.771245171209375,-0.444878606222299,-0.376907129429914,-0.364348246858529,-0.560954178884927,-0.356414865670844,3194,2684,846,838,"P5",1946
188,0.355918937180551,0.0964838807802102,0.09454,-0.4,4000,0.802,0.21025,0.0130796670630202,0.00951248513674197,-0.524190125262048,-0.307049574926882,-0.238869282385784,-0.227150449822649,-0.366383158084827,-0.229578032132687,3208,2874,841,833,"P5",1946
188,0.355918937180551,0.0964838807802102,0.09454,-0.2,4000,0.8015,0.227,0.00220264317180617,0,-0.268925966953069,-0.145559480959104,-0.100971635941792,-0.100975488909574,-0.173756075790717,-0.100762726598171,3206,2979,908,908,"P5",1946
188,0.355918937180551,0.0964838807802102,0.09454,0,4000,0.8025,0.2115,0.00118203309692671,0.00118203309692671,-0.0192586807325901,0.014634525068519,0.0543254959473292,0.056014477610252,0.0233463259757022,0.0581038627112786,3210,3021,846,845,"P5",1946
188,0.355918937180551,0.0964838807802102,0.09454,0.2,4000,0.80925,0.2195,0.00683371298405467,0,0.220850388475148,0.178461119415401,0.189527796760424,0.189153459052716,0.220694111096639,0.214517726266936,3237,3018,878,878,"P5",1946
188,0.355918937180551,0.0964838807802102,0.09454,0.4,4000,0.80025,0.21225,0.0117785630153121,0.00471142520612485,0.460096190221406,0.320530105632914,0.331572414935384,0.325723584571154,0.39133038578576,0.334850481849706,3201,2907,849,845,"P5",1946
188,0.355918937180551,0.0964838807802102,0.09454,0.6,4000,0.78325,0.19675,0.048284625158831,0.00762388818297332,0.769595748791581,0.488059130892584,0.496337766001478,0.48497279711642,0.611413803731859,0.474887225420168,3133,2672,787,781,"P5",1946
188,0.355918937180551,0.0964838807802102,0.09454,0.8,4000,0.79525,0.22275,0.10662177328844,0.021324354657688,0.99771072237343,0.615487690261742,0.639800669740366,0.613864184818059,0.792779133304922,0.638841794200791,3181,2465,891,872,"P5",1946
154,0.0880522228547457,0.11963261781573,0.09454,-0.8,4000,0.623,0.05325,0.0563380281690141,0,-1.08083392799877,-0.343223386941695,-0.319493073496203,-0.315329392896829,-0.666493676564787,-0.324867881358191,2492,1706,213,213,"P5",2147
154,0.0880522228547457,0.11963261781573,0.09454,-0.6,4000,0.626,0.053,0.0377358490566038,0.00471698113207547,-0.937511633411908,-0.245545446109466,-0.217321285512591,-0.208871650530036,-0.489481467980656,-0.234828805967388,2504,1864,212,211,"P5",2147
154,0.0880522228547457,0.11963261781573,0.09454,-0.4,4000,0.62475,0.05225,0.0143540669856459,0.00478468899521531,-0.585211251521084,-0.172992475464353,-0.0997841514650465,-0.0921945592619576,-0.327678126851122,-0.0886713764232263,2499,1951,209,208,"P5",2147
154,0.0880522228547457,0.11963261781573,0.09454,-0.2,4000,0.6215,0.049,0,0,-0.303636466600834,-0.046243938912047,0.0370946758005817,0.0370946758005817,-0.0966486133310517,0.035620076975969,2486,1979,196,196,"P5",2147
154,0.0880522228547457,0.11963261781573,0.09454,0,4000,0.635,0.04525,0,0.00552486187845304,-0.0654183168223256,0.0310070391950533,0.136299650542688,0.144011234343189,0.0411855940242371,0.151090259231925,2540,2035,181,180,"P5",2147
154,0.0880522228547457,0.11963261781573,0.09454,0.2,4000,0.62275,0.05425,0.0184331797235023,0,0.26217241247252,0.132344517040073,0.221430335573145,0.220029904303359,0.208106551480974,0.233419240209199,2491,2021,217,217,"P5",2147
154,0.0880522228547457,0.11963261781573,0.09454,0.4,4000,0.62525,0.05525,0.0361990950226244,0,0.499251479273543,0.251092303473598,0.312420534198394,0.308706669976361,0.419482948499457,0.299591487871988,2501,1963,221,221,"P5",2147
154,0.0880522228547457,0.11963261781573,0.09454,0.6,4000,0.6305,0.04975,0.0653266331658292,0,0.763732085026863,0.359510114907948,0.435038852081526,0.427999051075686,0.629048992894681,0.41002297024784,2522,1846,199,199,"P5",2147
154,0.0880522228547457,0.11963261781573,0.09454,0.8,4000,0.6375,0.05725,0.0786026200873362,0.0262008733624454,1.06981538348442,0.452995926114904,0.514295064946841,0.484389368184451,0.773958716605166,0.533668145954918,2550,1758,229,223,"P5",2147
137,0.315529957942859,0.125202769286536,0.09454,-0.8,4000,0.807,0.18525,0.0688259109311741,0.0431848852901484,-1.11256477182142,-0.553331563294932,-0.521427377666622,-0.4715264551195,-0.805411024286566,-0.509131118007433,3228,2325,741,709,"P5",2219
137,0.315529957942859,0.125202769286536,0.09454,-0.6,4000,0.82175,0.18925,0.0409511228533686,0.011889035667107,-0.830712549649962,-0.433792677666106,-0.380738474918612,-0.363623060384898,-0.600713957432123,-0.355106967248141,3287,2643,757,748,"P5",2219
137,0.315529957942859,0.125202769286536,0.09454,-0.4,4000,0.8035,0.19175,0.0182529335071708,0.00521512385919166,-0.621192709324089,-0.294454629213391,-0.240412617174229,-0.232846952094914,-0.394644073919965,-0.24072899831982,3214,2751,767,763,"P5",2219
137,0.315529957942859,0.125202769286536,0.09454,-0.2,4000,0.8095,0.201,0.00497512437810945,0.00124378109452736,-0.313007536895515,-0.150321367025083,-0.115030170450904,-0.113076613640975,-0.191861504275242,-0.113614280648134,3238,2936,804,803,"P5",2219
137,0.315529957942859,0.125202769286536,0.09454,0,4000,0.81125,0.20025,0.00499375780274657,0,-0.030000089875139,0.0216685317000096,0.0602488496576904,0.0596348189817091,0.0204950108071106,0.0661625935172746,3245,2981,801,801,"P5",2219
137,0.315529957942859,0.125202769286536,0.09454,0.2,4000,0.808,0.19825,0.0113493064312736,0,0.199569718557484,0.158136609505483,0.185704573655893,0.184438812014047,0.197073803753578,0.176226699074542,3232,2959,793,793,"P5",2219
137,0.315529957942859,0.125202769286536,0.09454,0.4,4000,0.81625,0.19775,0.0202275600505689,0.00252844500632111,0.605545266653067,0.340130093322209,0.345456148591447,0.344535788508717,0.423331075143008,0.354326685749957,3265,2877,791,789,"P5",2219
137,0.315529957942859,0.125202769286536,0.09454,0.6,4000,0.8105,0.20475,0.0561660561660562,0.00366300366300366,0.765510683853657,0.475082566209833,0.475654582636321,0.466892567758684,0.625001023756048,0.484619009764294,3242,2690,819,816,"P5",2219
137,0.315529957942859,0.125202769286536,0.09454,0.8,4000,0.8125,0.20375,0.0822085889570552,0.0294478527607362,1.03782018184777,0.596522600777601,0.630660633523914,0.597604441951732,0.792829979611526,0.626953004748856,3250,2459,815,791,"P5",2219
270,0.198666791564093,0.0642723485919646,0.09454,-0.8,4000,0.7505,0.13025,0.0345489443378119,0.00575815738963532,-1.10856397343553,-0.477616591415273,-0.403529088033889,-0.394268196522737,-0.70847209135658,-0.391058260361777,3002,2237,521,518,"P5",2223
270,0.198666791564093,0.0642723485919646,0.09454,-0.6,4000,0.72975,0.13825,0.0180831826401447,0.00361663652802893,-0.791260733702917,-0.372339111218314,-0.295894464215353,-0.290289592688441,-0.529669715548334,-0.276833066945279,2919,2368,553,551,"P5",2223
270,0.198666791564093,0.0642723485919646,0.09454,-0.4,4000,0.72725,0.1325,0.00754716981132075,0.00188679245283019,-0.520709949038532,-0.245176852625069,-0.167499228515926,-0.164620908902558,-0.331238162790228,-0.170799592521189,2909,2491,530,529,"P5",2223
270,0.198666791564093,0.0642723485919646,0.09454,-0.2,4000,0.73325,0.12475,0.00601202404809619,0,-0.287815805085645,-0.106044654748533,-0.0564975472045628,-0.0559760092379134,-0.147964123854575,-0.0489024015424961,2933,2591,499,499,"P5",2223
270,0.198666791564093,0.0642723485919646,0.09454,0,4000,0.73825,0.13725,0.00364298724954463,0,-0.0170511566623643,0.028406800690582,0.0673640437507017,0.0669002350852668,0.0343814257200397,0.0637598359413825,2953,2677,549,549,"P5",2223
270,0.198666791564093,0.0642723485919646,0.09454,0.2,4000,0.733,0.12875,0.00388349514563107,0.00194174757281553,0.247203193404855,0.158337016982569,0.189572637509972,0.187292668076392,0.207906550386065,0.179253326259332,2932,2627,515,514,"P5",2223
270,0.198666791564093,0.0642723485919646,0.09454,0.4,4000,0.729,0.13225,0.0226843100189036,0.00189035916824197,0.436717476733718,0.289821997079413,0.301842416158322,0.297184313816812,0.383975211317938,0.315794710504913,2916,2533,529,528,"P5",2223
270,0.198666791564093,0.0642723485919646,0.09454,0.6,4000,0.74075,0.137,0.041970802919708,0.00182481751824818,0.731876243424596,0.42148838564465,0.420847322154019,0.41482703716515,0.560366080466918,0.419589167156811,2963,2433,548,547,"P5",2223
270,0.198666791564093,0.0642723485919646,0.09454,0.8,4000,0.7295,0.12425,0.0804828973843058,0.0201207243460765,1.0008645497106,0.532066280594392,0.568906114780167,0.543121767165413,0.763976596449623,0.560193978171547,2918,2203,497,487,"P5",2223
36,0.928602278258623,0.0463499461442802,0.09454,-0.8,4000,0.5505,0.065,0.0269230769230769,0.00769230769230769,-0.63686926642028,-0.294206858390487,-0.273130234887551,-0.26228730767379,-0.452718972276811,-0.262357003237615,2202,1808,260,258,"P5",2396
36,0.928602278258623,0.0463499461442802,0.09454,-0.6,4000,0.53625,0.06575,0.0190114068441065,0.00380228136882129,-0.458380007591508,-0.203204940368875,-0.197597354452459,-0.190959308213044,-0.316612951130651,-0.15885492198057,2145,1791,263,262,"P5",2396
36,0.928602278258623,0.0463499461442802,0.09454,-0.4,4000,0.537,0.0705,0.0177304964539007,0.00354609929078014,-0.336611712215613,-0.146122824022234,-0.126680937510854,-0.120305916125678,-0.224581009690249,-0.106808006348607,2148,1838,282,281,"P5",2396
36,0.928602278258623,0.0463499461442802,0.09454,-0.2,4000,0.55125,0.07375,0.0101694915254237,0,-0.162981105554596,-0.0620587253374484,0.0103900060841196,0.0101657617545103,-0.107242649322933,0.00967538462330585,2205,1919,295,295,"P5",2396
36,0.928602278258623,0.0463499461442802,0.09454,0,4000,0.54375,0.07125,0.00350877192982456,0,-0.0589078948801333,0.0266839234916694,0.03777652303988,0.0381482576011593,0.0536889098032109,0.0741598088918524,2175,1902,285,285,"P5",2396
36,0.928602278258623,0.0463499461442802,0.09454,0.2,4000,0.53025,0.067,0.00746268656716418,0.00373134328358209,0.124411891214145,0.112567976795277,0.170625173789714,0.175212057248866,0.163865088136418,0.162537510421588,2121,1856,268,267,"P5",2396
36,0.928602278258623,0.0463499461442802,0.09454,0.4,4000,0.551,0.06975,0.03584229390681,0.003584229390681,0.306740467310192,0.190979982056377,0.180700585775786,0.174017457805128,0.26159440198152,0.185134102560516,2204,1899,279,278,"P5",2396
36,0.928602278258623,0.0463499461442802,0.09454,0.6,4000,0.546,0.067,0.0111940298507463,0,0.486222360541585,0.269931857309522,0.292139822280017,0.291772105790506,0.397456701777231,0.312539081323617,2184,1830,268,268,"P5",2396
36,0.928602278258623,0.0463499461442802,0.09454,0.8,4000,0.5455,0.06175,0.0445344129554656,0.0242914979757085,0.659877801344025,0.365537212481318,0.445173190046541,0.417825126475239,0.560394650136088,0.442092564827766,2182,1761,247,241,"P5",2396
362,0.0860094793827983,0.0516392627999089,0.09454,-0.8,4000,0.6235,0.0505,0.0148514851485149,0.0099009900990099,-1.08017055568218,-0.326527322105517,-0.283050285970694,-0.270997861089794,-0.632593283235106,-0.280087954431806,2494,1780,202,200,"P5",2420
362,0.0860094793827983,0.0516392627999089,0.09454,-0.6,4000,0.6415,0.05175,0.00966183574879227,0,-0.863607912461113,-0.249421562002982,-0.175473204827237,-0.174558942140503,-0.449239323633163,-0.160806837740636,2566,1948,207,207,"P5",2420
362,0.0860094793827983,0.0516392627999089,0.09454,-0.4,4000,0.64,0.04625,0.00540540540540541,0,-0.585860082100278,-0.152300149561186,-0.024310241112704,-0.0239989593247026,-0.302902384201905,-0.0122336930035077,2560,2022,185,185,"P5",2420
362,0.0860094793827983,0.0516392627999089,0.09454,-0.2,4000,0.63925,0.05025,0.00497512437810945,0.00497512437810945,-0.317819478829105,-0.0544486495239236,0.0281367117223075,0.0210735994737718,-0.111486289288214,0.0287664103332772,2557,2034,201,200,"P5",2420
362,0.0860094793827983,0.0516392627999089,0.09454,0,4000,0.62775,0.05375,0.00465116279069767,0,-0.0145027043520391,0.0523492342017033,0.126704439007841,0.126245071631329,0.051203640778008,0.113944782556619,2511,2077,215,215,"P5",2420
362,0.0860094793827983,0.0516392627999089,0.09454,0.2,4000,0.63975,0.047,0.0212765957446809,0,0.253767658548017,0.162985141445139,0.211663178537117,0.20846661299727,0.264785230593917,0.234314236243307,2559,2034,188,188,"P5",2420
362,0.0860094793827983,0.0516392627999089,0.09454,0.4,4000,0.64875,0.06,0.0333333333333333,0.00833333333333333,0.554407710514496,0.235122298014544,0.31079521421802,0.298282802774353,0.389511777568798,0.302086700740866,2595,2066,240,238,"P5",2420
362,0.0860094793827983,0.0516392627999089,0.09454,0.6,4000,0.637,0.05825,0.0214592274678112,0.00858369098712446,0.811581547561687,0.341682450440523,0.369215947507955,0.358849464249833,0.555484596229012,0.352165552207628,2548,1914,233,231,"P5",2420
362,0.0860094793827983,0.0516392627999089,0.09454,0.8,4000,0.635,0.05075,0.0443349753694581,0.0197044334975369,1.05502255587432,0.449513347339474,0.495724732774179,0.471757451448555,0.736542102785863,0.53268336997389,2540,1774,203,199,"P5",2420
129,0.328545916785396,0.171195761200909,0.09454,-0.8,4000,0.87975,0.28225,0.101860053144376,0.0460584588131089,-1.13627795589553,-0.601316739211393,-0.6075124974744,-0.556676300544663,-0.83294900812412,-0.597047848722982,3519,2550,1129,1077,"P5",2445
129,0.328545916785396,0.171195761200909,0.09454,-0.6,4000,0.8755,0.279,0.0546594982078853,0.017921146953405,-0.808296958903879,-0.482635468009475,-0.450623963037771,-0.428058295576007,-0.626467277530674,-0.432597607158492,3502,2853,1116,1096,"P5",2445
129,0.328545916785396,0.171195761200909,0.09454,-0.4,4000,0.87375,0.27725,0.0252479711451758,0.00721370604147881,-0.596975842312432,-0.339206847171388,-0.285738643083691,-0.275004903194993,-0.433683621953594,-0.276096773539882,3495,3058,1109,1101,"P5",2445
129,0.328545916785396,0.171195761200909,0.09454,-0.2,4000,0.8745,0.29825,0.00754400670578374,0.00251466890192791,-0.292808571533377,-0.153737301138229,-0.131083856217669,-0.127431954581026,-0.182338289483725,-0.131340969805584,3498,3251,1193,1190,"P5",2445
129,0.328545916785396,0.171195761200909,0.09454,0,4000,0.8685,0.283,0.00795053003533569,0,-0.0238183791287616,0.00228571762508129,0.0363192504618251,0.0365432261944764,0.0203146574230198,0.0554026387278063,3474,3257,1132,1132,"P5",2445
129,0.328545916785396,0.171195761200909,0.09454,0.2,4000,0.88925,0.281,0.00889679715302491,0.00266903914590747,0.233791832716568,0.172467197613509,0.189977201098738,0.18594673791999,0.204648938926823,0.198417383486196,3557,3338,1124,1121,"P5",2445
129,0.328545916785396,0.171195761200909,0.09454,0.4,4000,0.87375,0.28625,0.0253275109170306,0.00174672489082969,0.487895571290455,0.350331294462724,0.375884683814663,0.372150162008808,0.426460520294916,0.381909777896938,3495,3162,1145,1143,"P5",2445
129,0.328545916785396,0.171195761200909,0.09454,0.6,4000,0.8825,0.2945,0.0619694397283531,0.0186757215619694,0.739831240792258,0.511409472658714,0.529892984738565,0.507765212188031,0.639424185648999,0.524998704805704,3530,2999,1178,1156,"P5",2445
129,0.328545916785396,0.171195761200909,0.09454,0.8,4000,0.87725,0.282,0.120567375886525,0.0452127659574468,1.01970868908031,0.652406546028248,0.698134215778797,0.65090973668733,0.866395098434199,0.692588302670788,3509,2622,1128,1077,"P5",2445
448,0.287333780791332,0.0555850623829768,0.09454,-0.8,4000,0.7815,0.191,0.0366492146596859,0.0196335078534031,-1.00429429471604,-0.579319361559316,-0.508332788977789,-0.488034485701949,-0.727027458025341,-0.494554391747515,3126,2437,764,749,"P5",2457
448,0.287333780791332,0.0555850623829768,0.09454,-0.6,4000,0.79075,0.2085,0.0143884892086331,0.00359712230215827,-0.704861268553037,-0.444157996740934,-0.355947700418501,-0.351505260123271,-0.52969371244298,-0.346387928676362,3163,2730,834,831,"P5",2457
448,0.287333780791332,0.0555850623829768,0.09454,-0.4,4000,0.789,0.196,0.00637755102040816,0.00127551020408163,-0.473844923879444,-0.316345862977226,-0.22841528781865,-0.22652474601971,-0.35707988661632,-0.223330415879785,3156,2882,784,783,"P5",2457
448,0.287333780791332,0.0555850623829768,0.09454,-0.2,4000,0.7875,0.20275,0.00123304562268804,0,-0.247389549359516,-0.165747746951522,-0.107658931417756,-0.107625266430753,-0.172799299197545,-0.0972019855815751,3150,2975,811,811,"P5",2457
448,0.287333780791332,0.0555850623829768,0.09454,0,4000,0.79025,0.2075,0,0,0.0107170727963397,-0.00275588659286843,0.0231659541012878,0.0231659541012878,0.00766295535518789,0.0320854145205186,3161,3018,830,830,"P5",2457
448,0.287333780791332,0.0555850623829768,0.09454,0.2,4000,0.78225,0.209,0.00358851674641148,0,0.229298948823729,0.172408173415736,0.163230288834408,0.162988335711365,0.19220528069311,0.175800299766582,3129,2984,836,836,"P5",2457
448,0.287333780791332,0.0555850623829768,0.09454,0.4,4000,0.7865,0.2125,0.00588235294117647,0,0.470988070304456,0.343559840608808,0.30194397115722,0.301339837274976,0.390097898642245,0.295223837121178,3146,2933,850,850,"P5",2457
448,0.287333780791332,0.0555850623829768,0.09454,0.6,4000,0.7855,0.20375,0.0159509202453988,0.00736196319018405,0.766386323853732,0.500559998400766,0.44178727658407,0.433332364198079,0.575786002035373,0.442367631968946,3142,2746,815,809,"P5",2457
448,0.287333780791332,0.0555850623829768,0.09454,0.8,4000,0.78825,0.21125,0.0473372781065089,0.0118343195266272,0.920053291552789,0.618098311777215,0.573071208600319,0.559740099413843,0.74373862650487,0.568818673666953,3153,2567,845,835,"P5",2457
