"locus","K","theta1","theta2","lambda_min","r_e","rho_true","n_rep","n_gate_pass","n_paramlim_drop","n_reported","gate_rate","mean_rho_hat","se_rho_hat"
10,272,0.169811440302981,0.343103108355656,46.1887117624107,0.11322,-0.8,2000,1138,53,1085,0.569,-0.66942670875576,0.00740195240239149
10,272,0.169811440302981,0.343103108355656,46.1887117624107,0.11322,-0.6,2000,1174,20,1154,0.587,-0.50883756627383,0.00824534466963762
10,272,0.169811440302981,0.343103108355656,46.1887117624107,0.11322,-0.4,2000,1132,3,1129,0.566,-0.351256935287865,0.00843907816015829
10,272,0.169811440302981,0.343103108355656,46.1887117624107,0.11322,-0.2,2000,1121,2,1119,0.5605,-0.1644769720958,0.00876048046265244
10,272,0.169811440302981,0.343103108355656,46.1887117624107,0.11322,0,2000,1132,0,1132,0.566,0.0141603791051237,0.00837722859569281
10,272,0.169811440302981,0.343103108355656,46.1887117624107,0.11322,0.2,2000,1139,0,1139,0.5695,0.190514858667252,0.00847160359898096
10,272,0.169811440302981,0.343103108355656,46.1887117624107,0.11322,0.4,2000,1129,2,1127,0.5645,0.385475500175688,0.00783330278604429
10,272,0.169811440302981,0.343103108355656,46.1887117624107,0.11322,0.6,2000,1163,12,1151,0.5815,0.563952339825369,0.00734045756708997
10,272,0.169811440302981,0.343103108355656,46.1887117624107,0.11322,0.8,2000,1112,27,1085,0.556,0.721248831539171,0.006659662841016
19,353,0.234946995915407,0.338818356350111,82.9362895581388,0.11322,-0.8,2000,1724,113,1611,0.862,-0.748716478708876,0.00512819627639637
19,353,0.234946995915407,0.338818356350111,82.9362895581388,0.11322,-0.6,2000,1739,33,1706,0.8695,-0.59665307457796,0.00579360072425743
19,353,0.234946995915407,0.338818356350111,82.9362895581388,0.11322,-0.4,2000,1751,7,1744,0.8755,-0.403163794443807,0.00611311688127861
19,353,0.234946995915407,0.338818356350111,82.9362895581388,0.11322,-0.2,2000,1753,3,1750,0.8765,-0.208938130123429,0.00596647609032276
19,353,0.234946995915407,0.338818356350111,82.9362895581388,0.11322,0,2000,1733,1,1732,0.8665,0.0042488322482679,0.00590351886437274
19,353,0.234946995915407,0.338818356350111,82.9362895581388,0.11322,0.2,2000,1741,0,1741,0.8705,0.207520137071798,0.00560213546634526
19,353,0.234946995915407,0.338818356350111,82.9362895581388,0.11322,0.4,2000,1763,2,1761,0.8815,0.398927190088586,0.00562437151946857
19,353,0.234946995915407,0.338818356350111,82.9362895581388,0.11322,0.6,2000,1767,15,1752,0.8835,0.598738956512557,0.00519600791316233
19,353,0.234946995915407,0.338818356350111,82.9362895581388,0.11322,0.8,2000,1720,61,1659,0.86,0.77078857124774,0.00458811388086132
22,226,0.141374912333628,0.339610160321527,31.9507301873998,0.11322,-0.8,2000,795,30,765,0.3975,-0.602166915503268,0.00990522098932399
22,226,0.141374912333628,0.339610160321527,31.9507301873998,0.11322,-0.6,2000,768,19,749,0.384,-0.461804085607477,0.0108184705236462
22,226,0.141374912333628,0.339610160321527,31.9507301873998,0.11322,-0.4,2000,778,2,776,0.389,-0.291721302377577,0.0108401294882976
22,226,0.141374912333628,0.339610160321527,31.9507301873998,0.11322,-0.2,2000,773,1,772,0.3865,-0.115208054002591,0.01103653579758
22,226,0.141374912333628,0.339610160321527,31.9507301873998,0.11322,0,2000,749,0,749,0.3745,0.0441052598050734,0.0114985918015849
22,226,0.141374912333628,0.339610160321527,31.9507301873998,0.11322,0.2,2000,791,0,791,0.3955,0.210828091731985,0.0107620206558737
22,226,0.141374912333628,0.339610160321527,31.9507301873998,0.11322,0.4,2000,772,1,771,0.386,0.363849993942931,0.0104223915484928
22,226,0.141374912333628,0.339610160321527,31.9507301873998,0.11322,0.6,2000,806,11,795,0.403,0.52115515401761,0.00961454471885904
22,226,0.141374912333628,0.339610160321527,31.9507301873998,0.11322,0.8,2000,798,26,772,0.399,0.673995267357513,0.008744265691002
37,239,0.141614271533769,0.339767602959707,33.8458108965708,0.11322,-0.8,2000,840,42,798,0.42,-0.596270081902256,0.00955519103099307
37,239,0.141614271533769,0.339767602959707,33.8458108965708,0.11322,-0.6,2000,803,13,790,0.4015,-0.454027057227848,0.0107739435171384
37,239,0.141614271533769,0.339767602959707,33.8458108965708,0.11322,-0.4,2000,857,2,855,0.4285,-0.304566974796491,0.0105559862106569
37,239,0.141614271533769,0.339767602959707,33.8458108965708,0.11322,-0.2,2000,846,2,844,0.423,-0.149410169056991,0.00999170169013986
37,239,0.141614271533769,0.339767602959707,33.8458108965708,0.11322,0,2000,825,0,825,0.4125,0.0230141495066667,0.0105887492353391
37,239,0.141614271533769,0.339767602959707,33.8458108965708,0.11322,0.2,2000,835,0,835,0.4175,0.197968796051497,0.0103693193543582
37,239,0.141614271533769,0.339767602959707,33.8458108965708,0.11322,0.4,2000,813,0,813,0.4065,0.35982156300984,0.00958301261019981
37,239,0.141614271533769,0.339767602959707,33.8458108965708,0.11322,0.6,2000,829,7,822,0.4145,0.537663167542579,0.00932384766491307
37,239,0.141614271533769,0.339767602959707,33.8458108965708,0.11322,0.8,2000,831,32,799,0.4155,0.684384959198999,0.00844359327492188
41,279,0.332972321145077,0.460303814353654,92.8992775994765,0.11322,-0.8,2000,1920,118,1802,0.96,-0.778867268645949,0.00424745779356156
41,279,0.332972321145077,0.460303814353654,92.8992775994765,0.11322,-0.6,2000,1939,28,1911,0.9695,-0.606141812349555,0.00473133854121845
41,279,0.332972321145077,0.460303814353654,92.8992775994765,0.11322,-0.4,2000,1927,5,1922,0.9635,-0.416857630889698,0.00528577221842663
41,279,0.332972321145077,0.460303814353654,92.8992775994765,0.11322,-0.2,2000,1916,0,1916,0.958,-0.205258905027871,0.00515425968544145
41,279,0.332972321145077,0.460303814353654,92.8992775994765,0.11322,0,2000,1910,1,1909,0.955,0.00337902910984809,0.00477933066533979
41,279,0.332972321145077,0.460303814353654,92.8992775994765,0.11322,0.2,2000,1920,0,1920,0.96,0.196544165312812,0.00473418255024589
41,279,0.332972321145077,0.460303814353654,92.8992775994765,0.11322,0.4,2000,1928,1,1927,0.964,0.410228947575246,0.00480587086812357
41,279,0.332972321145077,0.460303814353654,92.8992775994765,0.11322,0.6,2000,1934,3,1931,0.967,0.606026173314345,0.00437611136576861
41,279,0.332972321145077,0.460303814353654,92.8992775994765,0.11322,0.8,2000,1918,41,1877,0.959,0.796720453702717,0.00386277398546827
42,187,0.314857817102282,0.343674338380462,58.8784117981268,0.11322,-0.8,2000,1524,120,1404,0.762,-0.717487030555556,0.00604351222386161
42,187,0.314857817102282,0.343674338380462,58.8784117981268,0.11322,-0.6,2000,1511,41,1470,0.7555,-0.569356004127075,0.0071403278136221
42,187,0.314857817102282,0.343674338380462,58.8784117981268,0.11322,-0.4,2000,1521,7,1514,0.7605,-0.395760167415456,0.00742955486245046
42,187,0.314857817102282,0.343674338380462,58.8784117981268,0.11322,-0.2,2000,1565,0,1565,0.7825,-0.193080478389265,0.00728780514437036
42,187,0.314857817102282,0.343674338380462,58.8784117981268,0.11322,0,2000,1519,0,1519,0.7595,0.00108075059815668,0.00730615868057944
42,187,0.314857817102282,0.343674338380462,58.8784117981268,0.11322,0.2,2000,1544,0,1544,0.772,0.206270488575777,0.00711525175029327
42,187,0.314857817102282,0.343674338380462,58.8784117981268,0.11322,0.4,2000,1528,6,1522,0.764,0.401762520116294,0.00686382267020001
42,187,0.314857817102282,0.343674338380462,58.8784117981268,0.11322,0.6,2000,1554,22,1532,0.777,0.599588905620104,0.00639448443549991
42,187,0.314857817102282,0.343674338380462,58.8784117981268,0.11322,0.8,2000,1543,83,1460,0.7715,0.762534778219178,0.00543151156004595
59,194,0.141583444342405,0.341459316235305,27.4671882024266,0.11322,-0.8,2000,710,30,680,0.355,-0.59224123,0.0110098659373572
59,194,0.141583444342405,0.341459316235305,27.4671882024266,0.11322,-0.6,2000,733,11,722,0.3665,-0.426959284238227,0.0112117981736255
59,194,0.141583444342405,0.341459316235305,27.4671882024266,0.11322,-0.4,2000,737,4,733,0.3685,-0.294259234120055,0.0120845041506063
59,194,0.141583444342405,0.341459316235305,27.4671882024266,0.11322,-0.2,2000,721,0,721,0.3605,-0.122188978973648,0.012210715567646
59,194,0.141583444342405,0.341459316235305,27.4671882024266,0.11322,0,2000,673,1,672,0.3365,0.0365632159299107,0.0117692921253332
59,194,0.141583444342405,0.341459316235305,27.4671882024266,0.11322,0.2,2000,675,3,672,0.3375,0.207536246919643,0.011639605634379
59,194,0.141583444342405,0.341459316235305,27.4671882024266,0.11322,0.4,2000,739,2,737,0.3695,0.376723790773406,0.0109324974994619
59,194,0.141583444342405,0.341459316235305,27.4671882024266,0.11322,0.6,2000,696,9,687,0.348,0.509763464497817,0.0106832952281095
59,194,0.141583444342405,0.341459316235305,27.4671882024266,0.11322,0.8,2000,723,31,692,0.3615,0.675241703034682,0.00950539926654348
77,224,0.399370215301317,0.339354097360442,76.0153178087391,0.11322,-0.8,2000,1817,145,1672,0.9085,-0.762989358732057,0.00492593438090849
77,224,0.399370215301317,0.339354097360442,76.0153178087391,0.11322,-0.6,2000,1838,44,1794,0.919,-0.607255496042363,0.00571854101471895
77,224,0.399370215301317,0.339354097360442,76.0153178087391,0.11322,-0.4,2000,1825,10,1815,0.9125,-0.407588187487725,0.00608796719084552
77,224,0.399370215301317,0.339354097360442,76.0153178087391,0.11322,-0.2,2000,1815,0,1815,0.9075,-0.201799951112672,0.00592468014192408
77,224,0.399370215301317,0.339354097360442,76.0153178087391,0.11322,0,2000,1810,0,1810,0.905,0.00479626030939227,0.00584842013225354
77,224,0.399370215301317,0.339354097360442,76.0153178087391,0.11322,0.2,2000,1809,0,1809,0.9045,0.201626338968491,0.00587214423279154
77,224,0.399370215301317,0.339354097360442,76.0153178087391,0.11322,0.4,2000,1841,2,1839,0.9205,0.414618524491571,0.00556447986595287
77,224,0.399370215301317,0.339354097360442,76.0153178087391,0.11322,0.6,2000,1832,12,1820,0.916,0.60412841910989,0.00502678628521723
77,224,0.399370215301317,0.339354097360442,76.0153178087391,0.11322,0.8,2000,1846,75,1771,0.923,0.780237657594579,0.00439267009301529
97,350,0.269893740346759,0.429412776245936,94.4628091213655,0.11322,-0.8,2000,1859,116,1743,0.9295,-0.76626495524957,0.00436231280032359
97,350,0.269893740346759,0.429412776245936,94.4628091213655,0.11322,-0.6,2000,1891,13,1878,0.9455,-0.598385322310969,0.00493827657050307
97,350,0.269893740346759,0.429412776245936,94.4628091213655,0.11322,-0.4,2000,1883,2,1881,0.9415,-0.41533376791866,0.00523596920343466
97,350,0.269893740346759,0.429412776245936,94.4628091213655,0.11322,-0.2,2000,1855,0,1855,0.9275,-0.210617138603774,0.00508673458233806
97,350,0.269893740346759,0.429412776245936,94.4628091213655,0.11322,0,2000,1881,0,1881,0.9405,-0.00126818622381712,0.00490039031901213
97,350,0.269893740346759,0.429412776245936,94.4628091213655,0.11322,0.2,2000,1866,0,1866,0.933,0.204204830247588,0.00486028123524945
97,350,0.269893740346759,0.429412776245936,94.4628091213655,0.11322,0.4,2000,1877,1,1876,0.9385,0.407650520377932,0.00485159686196855
97,350,0.269893740346759,0.429412776245936,94.4628091213655,0.11322,0.6,2000,1882,3,1879,0.941,0.613771158653539,0.00449456843650112
97,350,0.269893740346759,0.429412776245936,94.4628091213655,0.11322,0.8,2000,1866,52,1814,0.933,0.796305280044101,0.00387387057998413
125,333,0.141150281253178,0.337765613825306,47.0030436573084,0.11322,-0.8,2000,1095,47,1048,0.5475,-0.635898870706107,0.00760036702120102
125,333,0.141150281253178,0.337765613825306,47.0030436573084,0.11322,-0.6,2000,1029,11,1018,0.5145,-0.505726760255403,0.00835542051634915
125,333,0.141150281253178,0.337765613825306,47.0030436573084,0.11322,-0.4,2000,1042,3,1039,0.521,-0.338410309341675,0.00862229827761382
125,333,0.141150281253178,0.337765613825306,47.0030436573084,0.11322,-0.2,2000,1070,2,1068,0.535,-0.167547199164888,0.00867832838082001
125,333,0.141150281253178,0.337765613825306,47.0030436573084,0.11322,0,2000,1057,0,1057,0.5285,0.0323500771239357,0.00863070103863428
125,333,0.141150281253178,0.337765613825306,47.0030436573084,0.11322,0.2,2000,1064,0,1064,0.532,0.205071658745301,0.00815472462226413
125,333,0.141150281253178,0.337765613825306,47.0030436573084,0.11322,0.4,2000,1079,1,1078,0.5395,0.373191117721707,0.00760631226836798
125,333,0.141150281253178,0.337765613825306,47.0030436573084,0.11322,0.6,2000,1023,7,1016,0.5115,0.548317946555118,0.00799765739575205
125,333,0.141150281253178,0.337765613825306,47.0030436573084,0.11322,0.8,2000,1089,43,1046,0.5445,0.706936970554493,0.00670827607773999
224,387,0.14176228942064,0.339779996183502,54.8620060057877,0.11322,-0.8,2000,1192,52,1140,0.596,-0.678543089561404,0.00694318070570785
224,387,0.14176228942064,0.339779996183502,54.8620060057877,0.11322,-0.6,2000,1197,13,1184,0.5985,-0.533354225430743,0.00751210777744475
224,387,0.14176228942064,0.339779996183502,54.8620060057877,0.11322,-0.4,2000,1168,1,1167,0.584,-0.341308442994859,0.00796968659510236
224,387,0.14176228942064,0.339779996183502,54.8620060057877,0.11322,-0.2,2000,1159,3,1156,0.5795,-0.172716760343166,0.00754668507237659
224,387,0.14176228942064,0.339779996183502,54.8620060057877,0.11322,0,2000,1198,0,1198,0.599,0.00521069564440735,0.00748229167252016
224,387,0.14176228942064,0.339779996183502,54.8620060057877,0.11322,0.2,2000,1201,0,1201,0.6005,0.187384086486261,0.00725969458512355
224,387,0.14176228942064,0.339779996183502,54.8620060057877,0.11322,0.4,2000,1182,0,1182,0.591,0.375959726381557,0.00719600277361468
224,387,0.14176228942064,0.339779996183502,54.8620060057877,0.11322,0.6,2000,1164,4,1160,0.582,0.555143750689655,0.00693380059438961
224,387,0.14176228942064,0.339779996183502,54.8620060057877,0.11322,0.8,2000,1161,36,1125,0.5805,0.726977655111111,0.00591317183615064
267,522,0.141541552923114,0.565752092363466,73.8846906258656,0.11322,-0.8,2000,1366,23,1343,0.683,-0.731322876396128,0.00514754581309012
267,522,0.141541552923114,0.565752092363466,73.8846906258656,0.11322,-0.6,2000,1386,7,1379,0.693,-0.571039827338651,0.00548182358157027
267,522,0.141541552923114,0.565752092363466,73.8846906258656,0.11322,-0.4,2000,1387,0,1387,0.6935,-0.383659179235761,0.00533267570856621
267,522,0.141541552923114,0.565752092363466,73.8846906258656,0.11322,-0.2,2000,1397,0,1397,0.6985,-0.182875018193987,0.00521164676360006
267,522,0.141541552923114,0.565752092363466,73.8846906258656,0.11322,0,2000,1376,0,1376,0.688,0.0127635731177326,0.00508585331237527
267,522,0.141541552923114,0.565752092363466,73.8846906258656,0.11322,0.2,2000,1435,0,1435,0.7175,0.203953792404878,0.00478341832045672
267,522,0.141541552923114,0.565752092363466,73.8846906258656,0.11322,0.4,2000,1401,0,1401,0.7005,0.386029421898644,0.00493243059463122
267,522,0.141541552923114,0.565752092363466,73.8846906258656,0.11322,0.6,2000,1389,2,1387,0.6945,0.579155377310743,0.00489548794575763
267,522,0.141541552923114,0.565752092363466,73.8846906258656,0.11322,0.8,2000,1398,16,1382,0.699,0.751270677062229,0.00461559043368932
278,264,0.141242441825199,0.339877969122413,37.2880046418525,0.11322,-0.8,2000,859,39,820,0.4295,-0.63117701247561,0.00947925142042447
278,264,0.141242441825199,0.339877969122413,37.2880046418525,0.11322,-0.6,2000,911,13,898,0.4555,-0.488731860732739,0.0094308074003227
278,264,0.141242441825199,0.339877969122413,37.2880046418525,0.11322,-0.4,2000,897,3,894,0.4485,-0.306400753823266,0.00976975445458023
278,264,0.141242441825199,0.339877969122413,37.2880046418525,0.11322,-0.2,2000,939,1,938,0.4695,-0.133170936471215,0.00975366484043284
278,264,0.141242441825199,0.339877969122413,37.2880046418525,0.11322,0,2000,856,0,856,0.428,0.0384260327915888,0.00928452514894779
278,264,0.141242441825199,0.339877969122413,37.2880046418525,0.11322,0.2,2000,896,0,896,0.448,0.215073035645089,0.00951937821888561
278,264,0.141242441825199,0.339877969122413,37.2880046418525,0.11322,0.4,2000,910,4,906,0.455,0.377106091357616,0.00937325123388235
278,264,0.141242441825199,0.339877969122413,37.2880046418525,0.11322,0.6,2000,883,7,876,0.4415,0.541213671004566,0.00889811438164733
278,264,0.141242441825199,0.339877969122413,37.2880046418525,0.11322,0.8,2000,899,32,867,0.4495,0.692826330807382,0.00782600421474038
377,288,0.258198673480542,0.338636267809671,74.3612179623962,0.11322,-0.8,2000,1707,149,1558,0.8535,-0.745198160654685,0.00539685277124402
377,288,0.258198673480542,0.338636267809671,74.3612179623962,0.11322,-0.6,2000,1689,27,1662,0.8445,-0.58195938412154,0.0061255772158405
377,288,0.258198673480542,0.338636267809671,74.3612179623962,0.11322,-0.4,2000,1721,4,1717,0.8605,-0.398785147479907,0.0063624575860017
377,288,0.258198673480542,0.338636267809671,74.3612179623962,0.11322,-0.2,2000,1678,1,1677,0.839,-0.190390657910912,0.00638940675537484
377,288,0.258198673480542,0.338636267809671,74.3612179623962,0.11322,0,2000,1698,0,1698,0.849,-0.00919932340694935,0.0063123833002548
377,288,0.258198673480542,0.338636267809671,74.3612179623962,0.11322,0.2,2000,1682,0,1682,0.841,0.205233271071344,0.00612099856624557
377,288,0.258198673480542,0.338636267809671,74.3612179623962,0.11322,0.4,2000,1701,1,1700,0.8505,0.403580941252941,0.00583252993072864
377,288,0.258198673480542,0.338636267809671,74.3612179623962,0.11322,0.6,2000,1706,15,1691,0.853,0.605141996369012,0.00550706854257727
377,288,0.258198673480542,0.338636267809671,74.3612179623962,0.11322,0.8,2000,1683,73,1610,0.8415,0.77481257,0.00488577387593955
417,336,0.141210137389708,0.335662275126263,47.4466061629418,0.11322,-0.8,2000,1068,51,1017,0.534,-0.663884469292035,0.00742874036545738
417,336,0.141210137389708,0.335662275126263,47.4466061629418,0.11322,-0.6,2000,1068,18,1050,0.534,-0.51169068050381,0.00827402011657562
417,336,0.141210137389708,0.335662275126263,47.4466061629418,0.11322,-0.4,2000,1040,2,1038,0.52,-0.341423944528902,0.00870446977902621
417,336,0.141210137389708,0.335662275126263,47.4466061629418,0.11322,-0.2,2000,1037,2,1035,0.5185,-0.151778558588986,0.00882635555642869
417,336,0.141210137389708,0.335662275126263,47.4466061629418,0.11322,0,2000,1062,0,1062,0.531,0.00897578204143126,0.00805810202929675
417,336,0.141210137389708,0.335662275126263,47.4466061629418,0.11322,0.2,2000,1106,1,1105,0.553,0.1928531662181,0.0078772301705946
417,336,0.141210137389708,0.335662275126263,47.4466061629418,0.11322,0.4,2000,1062,0,1062,0.531,0.381030449030132,0.00772932918115317
417,336,0.141210137389708,0.335662275126263,47.4466061629418,0.11322,0.6,2000,1058,5,1053,0.529,0.546691160569801,0.00759972539456562
417,336,0.141210137389708,0.335662275126263,47.4466061629418,0.11322,0.8,2000,1066,45,1021,0.533,0.71815666324192,0.00663201664941872
421,328,0.141118159838047,0.334036216453177,46.2867564268794,0.11322,-0.8,2000,1080,48,1032,0.54,-0.660037360339147,0.00785816691216278
421,328,0.141118159838047,0.334036216453177,46.2867564268794,0.11322,-0.6,2000,1054,21,1033,0.527,-0.519102877294289,0.00830426409122676
421,328,0.141118159838047,0.334036216453177,46.2867564268794,0.11322,-0.4,2000,1007,1,1006,0.5035,-0.332493292753479,0.00913544433896856
421,328,0.141118159838047,0.334036216453177,46.2867564268794,0.11322,-0.2,2000,1053,0,1053,0.5265,-0.162835103675878,0.00850838500685669
421,328,0.141118159838047,0.334036216453177,46.2867564268794,0.11322,0,2000,1009,0,1009,0.5045,0.0177403668681863,0.00865918929266296
421,328,0.141118159838047,0.334036216453177,46.2867564268794,0.11322,0.2,2000,1022,0,1022,0.511,0.190519762541096,0.00857870169935796
421,328,0.141118159838047,0.334036216453177,46.2867564268794,0.11322,0.4,2000,1057,0,1057,0.5285,0.360740942608325,0.00809113381233426
421,328,0.141118159838047,0.334036216453177,46.2867564268794,0.11322,0.6,2000,1055,4,1051,0.5275,0.571267371198858,0.0077688926501931
421,328,0.141118159838047,0.334036216453177,46.2867564268794,0.11322,0.8,2000,1053,25,1028,0.5265,0.706652486984436,0.00673113630053633
436,351,0.141239651255829,0.339491885903141,49.575117590796,0.11322,-0.8,2000,1081,55,1026,0.5405,-0.662098934015594,0.00731974478820523
436,351,0.141239651255829,0.339491885903141,49.575117590796,0.11322,-0.6,2000,1078,15,1063,0.539,-0.519878549680151,0.00810774212874639
436,351,0.141239651255829,0.339491885903141,49.575117590796,0.11322,-0.4,2000,1101,2,1099,0.5505,-0.341838054869882,0.00815858425351846
436,351,0.141239651255829,0.339491885903141,49.575117590796,0.11322,-0.2,2000,1128,2,1126,0.564,-0.152337603488455,0.00830513411328123
436,351,0.141239651255829,0.339491885903141,49.575117590796,0.11322,0,2000,1029,0,1029,0.5145,0.0118354781642371,0.00860761788181015
436,351,0.141239651255829,0.339491885903141,49.575117590796,0.11322,0.2,2000,1127,0,1127,0.5635,0.206329541374445,0.00789304956508317
436,351,0.141239651255829,0.339491885903141,49.575117590796,0.11322,0.4,2000,1110,1,1109,0.555,0.385120528406673,0.00769130275222807
436,351,0.141239651255829,0.339491885903141,49.575117590796,0.11322,0.6,2000,1124,7,1117,0.562,0.564137961387645,0.00713731337774921
436,351,0.141239651255829,0.339491885903141,49.575117590796,0.11322,0.8,2000,1104,42,1062,0.552,0.723879822975518,0.00640970328045486
456,269,0.179393815681409,0.563141492227313,48.2569364182989,0.11322,-0.8,2000,1240,40,1200,0.62,-0.714177794083333,0.00592190341898574
456,269,0.179393815681409,0.563141492227313,48.2569364182989,0.11322,-0.6,2000,1234,4,1230,0.617,-0.556574742926829,0.00661684806677631
456,269,0.179393815681409,0.563141492227313,48.2569364182989,0.11322,-0.4,2000,1247,2,1245,0.6235,-0.354236992017671,0.00658330124910402
456,269,0.179393815681409,0.563141492227313,48.2569364182989,0.11322,-0.2,2000,1263,0,1263,0.6315,-0.189317992437055,0.00695068205250547
456,269,0.179393815681409,0.563141492227313,48.2569364182989,0.11322,0,2000,1263,0,1263,0.6315,0.0134893834002375,0.00662749463185686
456,269,0.179393815681409,0.563141492227313,48.2569364182989,0.11322,0.2,2000,1254,0,1254,0.627,0.199564741192982,0.00672466750554961
456,269,0.179393815681409,0.563141492227313,48.2569364182989,0.11322,0.4,2000,1210,1,1209,0.605,0.394761571885856,0.00664279467040834
456,269,0.179393815681409,0.563141492227313,48.2569364182989,0.11322,0.6,2000,1264,3,1261,0.632,0.561226696589215,0.00628378541269967
456,269,0.179393815681409,0.563141492227313,48.2569364182989,0.11322,0.8,2000,1260,16,1244,0.63,0.737228692041801,0.00540504558714568
481,427,0.141509480932019,0.529848412206062,60.4245483579721,0.11322,-0.8,2000,1220,28,1192,0.61,-0.703541941610738,0.00580567291686392
481,427,0.141509480932019,0.529848412206062,60.4245483579721,0.11322,-0.6,2000,1264,1,1263,0.632,-0.531814092953286,0.00609343650326572
481,427,0.141509480932019,0.529848412206062,60.4245483579721,0.11322,-0.4,2000,1268,0,1268,0.634,-0.356921057273659,0.00634706148999172
481,427,0.141509480932019,0.529848412206062,60.4245483579721,0.11322,-0.2,2000,1249,0,1249,0.6245,-0.178927128626101,0.00626005825817046
481,427,0.141509480932019,0.529848412206062,60.4245483579721,0.11322,0,2000,1257,0,1257,0.6285,0.0136786636428003,0.00604507554841204
481,427,0.141509480932019,0.529848412206062,60.4245483579721,0.11322,0.2,2000,1271,0,1271,0.6355,0.189308065810858,0.00585104218634305
481,427,0.141509480932019,0.529848412206062,60.4245483579721,0.11322,0.4,2000,1263,0,1263,0.6315,0.375575636571655,0.00581067085478384
481,427,0.141509480932019,0.529848412206062,60.4245483579721,0.11322,0.6,2000,1243,1,1242,0.6215,0.566578928760064,0.00561944172577852
481,427,0.141509480932019,0.529848412206062,60.4245483579721,0.11322,0.8,2000,1241,7,1234,0.6205,0.735091773662885,0.00516559603395082
517,183,0.143797362599994,0.340558892507859,26.3149173557989,0.11322,-0.8,2000,645,22,623,0.3225,-0.569673602889246,0.011875089413003
517,183,0.143797362599994,0.340558892507859,26.3149173557989,0.11322,-0.6,2000,663,9,654,0.3315,-0.425025854250765,0.0121717013245727
517,183,0.143797362599994,0.340558892507859,26.3149173557989,0.11322,-0.4,2000,654,3,651,0.327,-0.287655911323195,0.0126707910154828
517,183,0.143797362599994,0.340558892507859,26.3149173557989,0.11322,-0.2,2000,650,0,650,0.325,-0.121596995930769,0.0124735401071591
517,183,0.143797362599994,0.340558892507859,26.3149173557989,0.11322,0,2000,688,1,687,0.344,0.0601131753799127,0.0120522640737667
517,183,0.143797362599994,0.340558892507859,26.3149173557989,0.11322,0.2,2000,665,0,665,0.3325,0.199871096706767,0.0125570065254767
517,183,0.143797362599994,0.340558892507859,26.3149173557989,0.11322,0.4,2000,684,1,683,0.342,0.382540780578331,0.0115227403099145
517,183,0.143797362599994,0.340558892507859,26.3149173557989,0.11322,0.6,2000,699,7,692,0.3495,0.539824594205202,0.0104448147080159
517,183,0.143797362599994,0.340558892507859,26.3149173557989,0.11322,0.8,2000,652,32,620,0.326,0.661561727096774,0.0102790566921437
541,259,0.200793678119879,0.34072174157307,52.0055626330486,0.11322,-0.8,2000,1322,107,1215,0.661,-0.692337127061728,0.00674748364136799
541,259,0.200793678119879,0.34072174157307,52.0055626330486,0.11322,-0.6,2000,1268,24,1244,0.634,-0.546535879991961,0.00760307017102879
541,259,0.200793678119879,0.34072174157307,52.0055626330486,0.11322,-0.4,2000,1309,3,1306,0.6545,-0.368414366448698,0.00797505947377321
541,259,0.200793678119879,0.34072174157307,52.0055626330486,0.11322,-0.2,2000,1300,1,1299,0.65,-0.180869317944573,0.0076387724787378
541,259,0.200793678119879,0.34072174157307,52.0055626330486,0.11322,0,2000,1299,1,1298,0.6495,0.0187229998420647,0.00784670780466552
541,259,0.200793678119879,0.34072174157307,52.0055626330486,0.11322,0.2,2000,1303,0,1303,0.6515,0.214836403626247,0.00769657547300924
541,259,0.200793678119879,0.34072174157307,52.0055626330486,0.11322,0.4,2000,1303,1,1302,0.6515,0.393015575882488,0.00755251565338025
541,259,0.200793678119879,0.34072174157307,52.0055626330486,0.11322,0.6,2000,1305,10,1295,0.6525,0.582685970833977,0.00709806387633734
541,259,0.200793678119879,0.34072174157307,52.0055626330486,0.11322,0.8,2000,1329,57,1272,0.6645,0.73971939913522,0.00605325975487325
545,247,0.176154908071202,0.387024267286541,43.5102622935869,0.11322,-0.8,2000,1148,69,1079,0.574,-0.679197799823911,0.00734480909709397
545,247,0.176154908071202,0.387024267286541,43.5102622935869,0.11322,-0.6,2000,1134,14,1120,0.567,-0.530156951944643,0.00776166424986115
545,247,0.176154908071202,0.387024267286541,43.5102622935869,0.11322,-0.4,2000,1164,2,1162,0.582,-0.341899434939759,0.00806468314382468
545,247,0.176154908071202,0.387024267286541,43.5102622935869,0.11322,-0.2,2000,1147,2,1145,0.5735,-0.166312356223581,0.00849697463310544
545,247,0.176154908071202,0.387024267286541,43.5102622935869,0.11322,0,2000,1142,0,1142,0.571,0.0218718834028021,0.00787334770030108
545,247,0.176154908071202,0.387024267286541,43.5102622935869,0.11322,0.2,2000,1151,1,1150,0.5755,0.210643920805478,0.00788652827545659
545,247,0.176154908071202,0.387024267286541,43.5102622935869,0.11322,0.4,2000,1181,2,1179,0.5905,0.372862758022053,0.00792596752958254
545,247,0.176154908071202,0.387024267286541,43.5102622935869,0.11322,0.6,2000,1149,10,1139,0.5745,0.567261634100088,0.00781843317395608
545,247,0.176154908071202,0.387024267286541,43.5102622935869,0.11322,0.8,2000,1150,40,1110,0.575,0.709474606486487,0.00641711285776336
597,202,0.199130762294272,0.41864253339336,40.2244139834429,0.11322,-0.8,2000,1101,79,1022,0.5505,-0.67812767348728,0.0077310924580204
597,202,0.199130762294272,0.41864253339336,40.2244139834429,0.11322,-0.6,2000,1144,34,1110,0.572,-0.51346169918018,0.00815455910806928
597,202,0.199130762294272,0.41864253339336,40.2244139834429,0.11322,-0.4,2000,1118,6,1112,0.559,-0.339685235,0.00858958062773119
597,202,0.199130762294272,0.41864253339336,40.2244139834429,0.11322,-0.2,2000,1156,1,1155,0.578,-0.163605079220779,0.00879806828271926
597,202,0.199130762294272,0.41864253339336,40.2244139834429,0.11322,0,2000,1155,0,1155,0.5775,0.0174130310398268,0.00869338083505336
597,202,0.199130762294272,0.41864253339336,40.2244139834429,0.11322,0.2,2000,1120,0,1120,0.56,0.205403931075893,0.00844069859159825
597,202,0.199130762294272,0.41864253339336,40.2244139834429,0.11322,0.4,2000,1123,3,1120,0.5615,0.390931190771429,0.00799639807788869
597,202,0.199130762294272,0.41864253339336,40.2244139834429,0.11322,0.6,2000,1141,9,1132,0.5705,0.563696399328622,0.00766794795350406
597,202,0.199130762294272,0.41864253339336,40.2244139834429,0.11322,0.8,2000,1119,41,1078,0.5595,0.712217134415584,0.00666223004364706
609,107,0.188039389486612,0.340679988962195,20.1202146750675,0.11322,-0.8,2000,522,20,502,0.261,-0.552079137868526,0.0139252167569692
609,107,0.188039389486612,0.340679988962195,20.1202146750675,0.11322,-0.6,2000,517,9,508,0.2585,-0.408831768818898,0.0147614722813953
609,107,0.188039389486612,0.340679988962195,20.1202146750675,0.11322,-0.4,2000,561,7,554,0.2805,-0.27544845166787,0.0148065255723603
609,107,0.188039389486612,0.340679988962195,20.1202146750675,0.11322,-0.2,2000,493,0,493,0.2465,-0.111577260608519,0.0162231864265533
609,107,0.188039389486612,0.340679988962195,20.1202146750675,0.11322,0,2000,559,0,559,0.2795,0.0920426572987478,0.014239436762536
609,107,0.188039389486612,0.340679988962195,20.1202146750675,0.11322,0.2,2000,571,1,570,0.2855,0.213488151845088,0.0141774511423439
609,107,0.188039389486612,0.340679988962195,20.1202146750675,0.11322,0.4,2000,522,2,520,0.261,0.355131838325,0.0145500552094797
609,107,0.188039389486612,0.340679988962195,20.1202146750675,0.11322,0.6,2000,572,6,566,0.286,0.517493278886926,0.0126834087831765
609,107,0.188039389486612,0.340679988962195,20.1202146750675,0.11322,0.8,2000,526,24,502,0.263,0.653721090659363,0.0121134383245146
613,452,0.141077353548468,0.557254853431431,63.7669638039074,0.11322,-0.8,2000,1275,26,1249,0.6375,-0.711586535068054,0.00540800899563229
613,452,0.141077353548468,0.557254853431431,63.7669638039074,0.11322,-0.6,2000,1303,2,1301,0.6515,-0.541535191621829,0.00576534163315527
613,452,0.141077353548468,0.557254853431431,63.7669638039074,0.11322,-0.4,2000,1319,1,1318,0.6595,-0.34827256996434,0.00575975192653912
613,452,0.141077353548468,0.557254853431431,63.7669638039074,0.11322,-0.2,2000,1296,0,1296,0.648,-0.175582611967593,0.00571933620359612
613,452,0.141077353548468,0.557254853431431,63.7669638039074,0.11322,0,2000,1283,0,1283,0.6415,0.0176227907677319,0.00551856034517963
613,452,0.141077353548468,0.557254853431431,63.7669638039074,0.11322,0.2,2000,1293,0,1293,0.6465,0.192753072916241,0.00547696777062837
613,452,0.141077353548468,0.557254853431431,63.7669638039074,0.11322,0.4,2000,1310,0,1310,0.655,0.37803550010687,0.00529520048739368
613,452,0.141077353548468,0.557254853431431,63.7669638039074,0.11322,0.6,2000,1266,0,1266,0.633,0.559599895655608,0.00542902931044729
613,452,0.141077353548468,0.557254853431431,63.7669638039074,0.11322,0.8,2000,1268,7,1261,0.634,0.742195957176844,0.00489278146297614
653,305,0.141569097899225,0.34145758022351,43.1785748592635,0.11322,-0.8,2000,1009,44,965,0.5045,-0.64295325011399,0.0081018232860838
653,305,0.141569097899225,0.34145758022351,43.1785748592635,0.11322,-0.6,2000,983,21,962,0.4915,-0.508238884914761,0.00867085227044176
653,305,0.141569097899225,0.34145758022351,43.1785748592635,0.11322,-0.4,2000,969,6,963,0.4845,-0.347211989801661,0.00882493038633509
653,305,0.141569097899225,0.34145758022351,43.1785748592635,0.11322,-0.2,2000,1042,0,1042,0.521,-0.145953459722649,0.00872093035789234
653,305,0.141569097899225,0.34145758022351,43.1785748592635,0.11322,0,2000,992,0,992,0.496,0.0256619828125,0.00869254179029229
653,305,0.141569097899225,0.34145758022351,43.1785748592635,0.11322,0.2,2000,1035,0,1035,0.5175,0.194811023165024,0.00900029991921449
653,305,0.141569097899225,0.34145758022351,43.1785748592635,0.11322,0.4,2000,1040,1,1039,0.52,0.37735986466795,0.00844941873191162
653,305,0.141569097899225,0.34145758022351,43.1785748592635,0.11322,0.6,2000,1010,6,1004,0.505,0.560025473555777,0.00786038078959938
653,305,0.141569097899225,0.34145758022351,43.1785748592635,0.11322,0.8,2000,1028,32,996,0.514,0.697130105291165,0.00733817955813105
698,459,0.141498771955114,0.342697966305327,64.9479363273972,0.11322,-0.8,2000,1295,46,1249,0.6475,-0.700120075820656,0.00619080608579894
698,459,0.141498771955114,0.342697966305327,64.9479363273972,0.11322,-0.6,2000,1303,13,1290,0.6515,-0.536635699093023,0.00681308510085064
698,459,0.141498771955114,0.342697966305327,64.9479363273972,0.11322,-0.4,2000,1322,3,1319,0.661,-0.354035509778999,0.00695557280802893
698,459,0.141498771955114,0.342697966305327,64.9479363273972,0.11322,-0.2,2000,1320,0,1320,0.66,-0.176517971203788,0.00687692758198372
698,459,0.141498771955114,0.342697966305327,64.9479363273972,0.11322,0,2000,1295,0,1295,0.6475,0.0166621427467181,0.00674140341594249
698,459,0.141498771955114,0.342697966305327,64.9479363273972,0.11322,0.2,2000,1327,0,1327,0.6635,0.217469996415222,0.00654575355401309
698,459,0.141498771955114,0.342697966305327,64.9479363273972,0.11322,0.4,2000,1297,1,1296,0.6485,0.395719861832562,0.00654564540670875
698,459,0.141498771955114,0.342697966305327,64.9479363273972,0.11322,0.6,2000,1299,5,1294,0.6495,0.569280222432767,0.00618217740035206
698,459,0.141498771955114,0.342697966305327,64.9479363273972,0.11322,0.8,2000,1293,30,1263,0.6465,0.739174041330166,0.0055708541309544
714,253,0.141898038295645,0.3458543914283,35.9002036887981,0.11322,-0.8,2000,896,46,850,0.448,-0.632706931311765,0.00891403714756558
714,253,0.141898038295645,0.3458543914283,35.9002036887981,0.11322,-0.6,2000,896,8,888,0.448,-0.47872545589527,0.00969695277202057
714,253,0.141898038295645,0.3458543914283,35.9002036887981,0.11322,-0.4,2000,863,6,857,0.4315,-0.315302994014002,0.0103649514934117
714,253,0.141898038295645,0.3458543914283,35.9002036887981,0.11322,-0.2,2000,851,1,850,0.4255,-0.149995080929412,0.0100172795224975
714,253,0.141898038295645,0.3458543914283,35.9002036887981,0.11322,0,2000,863,0,863,0.4315,0.0363083175318656,0.0100358988668684
714,253,0.141898038295645,0.3458543914283,35.9002036887981,0.11322,0.2,2000,852,0,852,0.426,0.189051975911385,0.010108605859316
714,253,0.141898038295645,0.3458543914283,35.9002036887981,0.11322,0.4,2000,866,4,862,0.433,0.375382090520882,0.00952118841970963
714,253,0.141898038295645,0.3458543914283,35.9002036887981,0.11322,0.6,2000,892,5,887,0.446,0.542695762333709,0.00843614678802716
714,253,0.141898038295645,0.3458543914283,35.9002036887981,0.11322,0.8,2000,909,35,874,0.4545,0.683619096567506,0.00817375168095515
718,298,0.140663633252706,0.340538624139066,41.9177627093064,0.11322,-0.8,2000,940,36,904,0.47,-0.644273152754425,0.00865269673072571
718,298,0.140663633252706,0.340538624139066,41.9177627093064,0.11322,-0.6,2000,928,9,919,0.464,-0.497959094797933,0.008882624974385
718,298,0.140663633252706,0.340538624139066,41.9177627093064,0.11322,-0.4,2000,991,5,986,0.4955,-0.328479651774848,0.00898648520104305
718,298,0.140663633252706,0.340538624139066,41.9177627093064,0.11322,-0.2,2000,946,1,945,0.473,-0.153598758720317,0.00901110746061873
718,298,0.140663633252706,0.340538624139066,41.9177627093064,0.11322,0,2000,1018,0,1018,0.509,0.0234366210383104,0.00856684242519501
718,298,0.140663633252706,0.340538624139066,41.9177627093064,0.11322,0.2,2000,951,0,951,0.4755,0.208755975981493,0.00902960276685847
718,298,0.140663633252706,0.340538624139066,41.9177627093064,0.11322,0.4,2000,1012,1,1011,0.506,0.383647290316518,0.00838358160459655
718,298,0.140663633252706,0.340538624139066,41.9177627093064,0.11322,0.6,2000,959,8,951,0.4795,0.543550561335436,0.00809249814313193
718,298,0.140663633252706,0.340538624139066,41.9177627093064,0.11322,0.8,2000,1022,30,992,0.511,0.702778536794355,0.00721913567466743
780,315,0.158609477349793,0.345086029598782,49.9619853651849,0.11322,-0.8,2000,1166,52,1114,0.583,-0.682205121364452,0.00674811685129188
780,315,0.158609477349793,0.345086029598782,49.9619853651849,0.11322,-0.6,2000,1176,20,1156,0.588,-0.527477989385813,0.00788543065868622
780,315,0.158609477349793,0.345086029598782,49.9619853651849,0.11322,-0.4,2000,1139,3,1136,0.5695,-0.363982863542254,0.00852206855652643
780,315,0.158609477349793,0.345086029598782,49.9619853651849,0.11322,-0.2,2000,1154,0,1154,0.577,-0.162354763188908,0.00782271794424036
780,315,0.158609477349793,0.345086029598782,49.9619853651849,0.11322,0,2000,1188,0,1188,0.594,0.0219569883965488,0.00814139988063469
780,315,0.158609477349793,0.345086029598782,49.9619853651849,0.11322,0.2,2000,1157,0,1157,0.5785,0.20328566321159,0.00787487550705029
780,315,0.158609477349793,0.345086029598782,49.9619853651849,0.11322,0.4,2000,1148,2,1146,0.574,0.384814693360541,0.00802003628428369
780,315,0.158609477349793,0.345086029598782,49.9619853651849,0.11322,0.6,2000,1174,9,1165,0.587,0.563901331965665,0.00721606951649558
780,315,0.158609477349793,0.345086029598782,49.9619853651849,0.11322,0.8,2000,1157,51,1106,0.5785,0.723982763019892,0.00643511838533629
789,436,0.141577448283716,0.341634174947562,61.7277674517002,0.11322,-0.8,2000,1272,60,1212,0.636,-0.690621545544554,0.00660443970373215
789,436,0.141577448283716,0.341634174947562,61.7277674517002,0.11322,-0.6,2000,1234,14,1220,0.617,-0.543436738313115,0.00701451790593125
789,436,0.141577448283716,0.341634174947562,61.7277674517002,0.11322,-0.4,2000,1236,4,1232,0.618,-0.37167307499918,0.00723478859073526
789,436,0.141577448283716,0.341634174947562,61.7277674517002,0.11322,-0.2,2000,1258,1,1257,0.629,-0.180172457178998,0.00710114662496023
789,436,0.141577448283716,0.341634174947562,61.7277674517002,0.11322,0,2000,1253,1,1252,0.6265,0.00992502240974441,0.00717542133817935
789,436,0.141577448283716,0.341634174947562,61.7277674517002,0.11322,0.2,2000,1257,0,1257,0.6285,0.206759023193317,0.00692532283846543
789,436,0.141577448283716,0.341634174947562,61.7277674517002,0.11322,0.4,2000,1257,1,1256,0.6285,0.384184783763535,0.00679062007466885
789,436,0.141577448283716,0.341634174947562,61.7277674517002,0.11322,0.6,2000,1320,6,1314,0.66,0.575386966286149,0.00619677855890407
789,436,0.141577448283716,0.341634174947562,61.7277674517002,0.11322,0.8,2000,1240,32,1208,0.62,0.721435766721854,0.0059190285145159
824,247,0.141548096056165,0.34202959088917,34.9623797258728,0.11322,-0.8,2000,842,46,796,0.421,-0.619257460577889,0.00964185656144165
824,247,0.141548096056165,0.34202959088917,34.9623797258728,0.11322,-0.6,2000,818,10,808,0.409,-0.490157612636139,0.0101658170498365
824,247,0.141548096056165,0.34202959088917,34.9623797258728,0.11322,-0.4,2000,839,4,835,0.4195,-0.301251939125748,0.0104890641139736
824,247,0.141548096056165,0.34202959088917,34.9623797258728,0.11322,-0.2,2000,809,0,809,0.4045,-0.14695101813597,0.0105384868534903
824,247,0.141548096056165,0.34202959088917,34.9623797258728,0.11322,0,2000,823,0,823,0.4115,0.0244262724228433,0.0102354896645438
824,247,0.141548096056165,0.34202959088917,34.9623797258728,0.11322,0.2,2000,864,0,864,0.432,0.190820282869213,0.0104211719411338
824,247,0.141548096056165,0.34202959088917,34.9623797258728,0.11322,0.4,2000,843,2,841,0.4215,0.370566417036861,0.00980231121036864
824,247,0.141548096056165,0.34202959088917,34.9623797258728,0.11322,0.6,2000,844,1,843,0.422,0.537873029228944,0.0093236691147083
824,247,0.141548096056165,0.34202959088917,34.9623797258728,0.11322,0.8,2000,845,24,821,0.4225,0.672074887990256,0.00826448227568745
875,282,0.216044069846257,0.341871867033468,60.9244276966445,0.11322,-0.8,2000,1510,104,1406,0.755,-0.718226358463727,0.0061679631106018
875,282,0.216044069846257,0.341871867033468,60.9244276966445,0.11322,-0.6,2000,1506,28,1478,0.753,-0.572679443962788,0.00674881306869619
875,282,0.216044069846257,0.341871867033468,60.9244276966445,0.11322,-0.4,2000,1495,2,1493,0.7475,-0.388442556383121,0.00699696440111005
875,282,0.216044069846257,0.341871867033468,60.9244276966445,0.11322,-0.2,2000,1489,0,1489,0.7445,-0.20200092592411,0.00733109765071212
875,282,0.216044069846257,0.341871867033468,60.9244276966445,0.11322,0,2000,1461,0,1461,0.7305,0.00484025598870637,0.00737005114748214
875,282,0.216044069846257,0.341871867033468,60.9244276966445,0.11322,0.2,2000,1481,0,1481,0.7405,0.212327983680621,0.00692402199180632
875,282,0.216044069846257,0.341871867033468,60.9244276966445,0.11322,0.4,2000,1513,3,1510,0.7565,0.399484552284768,0.0066147013605534
875,282,0.216044069846257,0.341871867033468,60.9244276966445,0.11322,0.6,2000,1488,12,1476,0.744,0.597018375176152,0.00621197937630754
875,282,0.216044069846257,0.341871867033468,60.9244276966445,0.11322,0.8,2000,1487,71,1416,0.7435,0.759598116433616,0.00534408943127752
918,596,0.141098405763063,0.335324746958453,84.0946498347856,0.11322,-0.8,2000,1519,67,1452,0.7595,-0.734063668526171,0.00540521161184667
918,596,0.141098405763063,0.335324746958453,84.0946498347856,0.11322,-0.6,2000,1508,13,1495,0.754,-0.557225792909699,0.00579680392648147
918,596,0.141098405763063,0.335324746958453,84.0946498347856,0.11322,-0.4,2000,1514,4,1510,0.757,-0.375686858399338,0.00611370804353467
918,596,0.141098405763063,0.335324746958453,84.0946498347856,0.11322,-0.2,2000,1445,0,1445,0.7225,-0.194869550447751,0.00609382568888584
918,596,0.141098405763063,0.335324746958453,84.0946498347856,0.11322,0,2000,1475,0,1475,0.7375,0.00212528068474576,0.00566303228046451
918,596,0.141098405763063,0.335324746958453,84.0946498347856,0.11322,0.2,2000,1452,0,1452,0.726,0.19803551155303,0.00557684267822315
918,596,0.141098405763063,0.335324746958453,84.0946498347856,0.11322,0.4,2000,1460,0,1460,0.73,0.389235076815068,0.0056466495482318
918,596,0.141098405763063,0.335324746958453,84.0946498347856,0.11322,0.6,2000,1534,5,1529,0.767,0.587021227338129,0.0051491377093044
918,596,0.141098405763063,0.335324746958453,84.0946498347856,0.11322,0.8,2000,1484,40,1444,0.742,0.751894731024931,0.00482151808269303
922,326,0.197562600204437,0.543425347200038,64.4054076666463,0.11322,-0.8,2000,1528,53,1475,0.764,-0.742941323118644,0.00510698847710677
922,326,0.197562600204437,0.543425347200038,64.4054076666463,0.11322,-0.6,2000,1493,9,1484,0.7465,-0.570436742944744,0.00585733798537817
922,326,0.197562600204437,0.543425347200038,64.4054076666463,0.11322,-0.4,2000,1536,1,1535,0.768,-0.381447823263844,0.00580667245755883
922,326,0.197562600204437,0.543425347200038,64.4054076666463,0.11322,-0.2,2000,1509,0,1509,0.7545,-0.1907908137389,0.00574757242241561
922,326,0.197562600204437,0.543425347200038,64.4054076666463,0.11322,0,2000,1472,0,1472,0.736,-0.00138100090625,0.00571959684775237
922,326,0.197562600204437,0.543425347200038,64.4054076666463,0.11322,0.2,2000,1497,0,1497,0.7485,0.19596132103006,0.00558737481949845
922,326,0.197562600204437,0.543425347200038,64.4054076666463,0.11322,0.4,2000,1559,0,1559,0.7795,0.395717702989096,0.00516144019700073
922,326,0.197562600204437,0.543425347200038,64.4054076666463,0.11322,0.6,2000,1534,4,1530,0.767,0.594936376013072,0.00510786894288994
922,326,0.197562600204437,0.543425347200038,64.4054076666463,0.11322,0.8,2000,1558,18,1540,0.779,0.767896501948052,0.00433527081191862
942,135,0.141551489423837,0.991722496939392,19.109451072218,0.11322,-0.8,2000,588,3,585,0.294,-0.59002404425641,0.0102015455279715
942,135,0.141551489423837,0.991722496939392,19.109451072218,0.11322,-0.6,2000,617,1,616,0.3085,-0.459399498214286,0.0105727844188562
942,135,0.141551489423837,0.991722496939392,19.109451072218,0.11322,-0.4,2000,600,0,600,0.3,-0.283064405545,0.0109490973648523
942,135,0.141551489423837,0.991722496939392,19.109451072218,0.11322,-0.2,2000,602,0,602,0.301,-0.120691099352159,0.0105940001427475
942,135,0.141551489423837,0.991722496939392,19.109451072218,0.11322,0,2000,598,0,598,0.299,0.0267890273427425,0.0105233388408319
942,135,0.141551489423837,0.991722496939392,19.109451072218,0.11322,0.2,2000,617,0,617,0.3085,0.188398834910859,0.00993848713624822
942,135,0.141551489423837,0.991722496939392,19.109451072218,0.11322,0.4,2000,587,1,586,0.2935,0.332469726911263,0.0100862812029005
942,135,0.141551489423837,0.991722496939392,19.109451072218,0.11322,0.6,2000,600,0,600,0.3,0.471273163733333,0.00943669868834253
942,135,0.141551489423837,0.991722496939392,19.109451072218,0.11322,0.8,2000,617,1,616,0.3085,0.640734880600649,0.0090680924151464
957,79,0.476366009873855,2.00948135786201,37.6329147800345,0.11322,-0.8,2000,1644,32,1612,0.822,-0.77161182133995,0.00429307994738402
957,79,0.476366009873855,2.00948135786201,37.6329147800345,0.11322,-0.6,2000,1612,4,1608,0.806,-0.598231412761194,0.00524571760210486
957,79,0.476366009873855,2.00948135786201,37.6329147800345,0.11322,-0.4,2000,1614,0,1614,0.807,-0.402454969118959,0.00539706976355868
957,79,0.476366009873855,2.00948135786201,37.6329147800345,0.11322,-0.2,2000,1593,0,1593,0.7965,-0.200179830281858,0.00551285833046635
957,79,0.476366009873855,2.00948135786201,37.6329147800345,0.11322,0,2000,1638,0,1638,0.819,-0.00379166208363858,0.00517028102638028
957,79,0.476366009873855,2.00948135786201,37.6329147800345,0.11322,0.2,2000,1621,0,1621,0.8105,0.203000723465022,0.00512631158147599
957,79,0.476366009873855,2.00948135786201,37.6329147800345,0.11322,0.4,2000,1618,0,1618,0.809,0.40296843016131,0.00504635011676202
957,79,0.476366009873855,2.00948135786201,37.6329147800345,0.11322,0.6,2000,1631,2,1629,0.8155,0.597599059422959,0.00462228666557016
957,79,0.476366009873855,2.00948135786201,37.6329147800345,0.11322,0.8,2000,1645,18,1627,0.8225,0.78330471419791,0.00393631237594449
990,158,0.204030698961454,0.344705957680553,32.2368504359098,0.11322,-0.8,2000,880,52,828,0.44,-0.619590698913044,0.00949607495340393
990,158,0.204030698961454,0.344705957680553,32.2368504359098,0.11322,-0.6,2000,889,16,873,0.4445,-0.478526004696449,0.0100960077278889
990,158,0.204030698961454,0.344705957680553,32.2368504359098,0.11322,-0.4,2000,909,2,907,0.4545,-0.304769264565601,0.0105326262594658
990,158,0.204030698961454,0.344705957680553,32.2368504359098,0.11322,-0.2,2000,919,2,917,0.4595,-0.131191101006543,0.0101260075977449
990,158,0.204030698961454,0.344705957680553,32.2368504359098,0.11322,0,2000,857,0,857,0.4285,0.0425264677047841,0.0109611094258578
990,158,0.204030698961454,0.344705957680553,32.2368504359098,0.11322,0.2,2000,910,0,910,0.455,0.20558579423956,0.0106250211039247
990,158,0.204030698961454,0.344705957680553,32.2368504359098,0.11322,0.4,2000,889,6,883,0.4445,0.362911892317441,0.0100600819808391
990,158,0.204030698961454,0.344705957680553,32.2368504359098,0.11322,0.6,2000,921,11,910,0.4605,0.550546751945055,0.00928248649520534
990,158,0.204030698961454,0.344705957680553,32.2368504359098,0.11322,0.8,2000,896,35,861,0.448,0.67418139495935,0.00846131793872242
1002,190,0.142299674877253,0.581426082517443,27.0369382266781,0.11322,-0.8,2000,725,12,713,0.3625,-0.63625629911641,0.00916797762630692
1002,190,0.142299674877253,0.581426082517443,27.0369382266781,0.11322,-0.6,2000,760,0,760,0.38,-0.467889200921053,0.0096415462590987
1002,190,0.142299674877253,0.581426082517443,27.0369382266781,0.11322,-0.4,2000,720,0,720,0.36,-0.281307060361111,0.0103508769333405
1002,190,0.142299674877253,0.581426082517443,27.0369382266781,0.11322,-0.2,2000,748,0,748,0.374,-0.126851864398396,0.0103440313686506
1002,190,0.142299674877253,0.581426082517443,27.0369382266781,0.11322,0,2000,747,0,747,0.3735,0.04066337691834,0.00971881608450792
1002,190,0.142299674877253,0.581426082517443,27.0369382266781,0.11322,0.2,2000,727,0,727,0.3635,0.189897442072902,0.00974395031111436
1002,190,0.142299674877253,0.581426082517443,27.0369382266781,0.11322,0.4,2000,772,0,772,0.386,0.346782146888601,0.00910279245408437
1002,190,0.142299674877253,0.581426082517443,27.0369382266781,0.11322,0.6,2000,751,2,749,0.3755,0.511474460213618,0.0088988516699684
1002,190,0.142299674877253,0.581426082517443,27.0369382266781,0.11322,0.8,2000,720,7,713,0.36,0.6739450642777,0.00853401094466699
1020,152,0.169080617045717,0.339688904981524,25.700253790949,0.11322,-0.8,2000,637,26,611,0.3185,-0.574814703829787,0.0128379617784112
1020,152,0.169080617045717,0.339688904981524,25.700253790949,0.11322,-0.6,2000,668,7,661,0.334,-0.420813677382753,0.0126482444315808
1020,152,0.169080617045717,0.339688904981524,25.700253790949,0.11322,-0.4,2000,675,2,673,0.3375,-0.264688069465082,0.0125881324829234
1020,152,0.169080617045717,0.339688904981524,25.700253790949,0.11322,-0.2,2000,664,0,664,0.332,-0.128992611443072,0.0123597222049105
1020,152,0.169080617045717,0.339688904981524,25.700253790949,0.11322,0,2000,674,0,674,0.337,0.036955387235905,0.0124503462837547
1020,152,0.169080617045717,0.339688904981524,25.700253790949,0.11322,0.2,2000,668,2,666,0.334,0.200857984741742,0.0127403617018169
1020,152,0.169080617045717,0.339688904981524,25.700253790949,0.11322,0.4,2000,656,4,652,0.328,0.366451484070552,0.0123221926801906
1020,152,0.169080617045717,0.339688904981524,25.700253790949,0.11322,0.6,2000,706,12,694,0.353,0.524667057029539,0.0110866971697949
1020,152,0.169080617045717,0.339688904981524,25.700253790949,0.11322,0.8,2000,680,36,644,0.34,0.676721477484472,0.00975946318165095
1031,124,0.254135713365729,0.342758182175294,31.5128284573504,0.11322,-0.8,2000,873,50,823,0.4365,-0.623931749599028,0.0101571766666817
1031,124,0.254135713365729,0.342758182175294,31.5128284573504,0.11322,-0.6,2000,873,19,854,0.4365,-0.473632601805621,0.0105234455983296
1031,124,0.254135713365729,0.342758182175294,31.5128284573504,0.11322,-0.4,2000,875,5,870,0.4375,-0.325800691563218,0.0109746999967316
1031,124,0.254135713365729,0.342758182175294,31.5128284573504,0.11322,-0.2,2000,868,0,868,0.434,-0.148758537235023,0.0108841714590152
1031,124,0.254135713365729,0.342758182175294,31.5128284573504,0.11322,0,2000,861,1,860,0.4305,0.0538663695732558,0.0111700429584086
1031,124,0.254135713365729,0.342758182175294,31.5128284573504,0.11322,0.2,2000,852,0,852,0.426,0.203380253954225,0.0109830420089228
1031,124,0.254135713365729,0.342758182175294,31.5128284573504,0.11322,0.4,2000,901,2,899,0.4505,0.396198292362625,0.0103690911109789
1031,124,0.254135713365729,0.342758182175294,31.5128284573504,0.11322,0.6,2000,894,18,876,0.447,0.540130113550228,0.00984176195883895
1031,124,0.254135713365729,0.342758182175294,31.5128284573504,0.11322,0.8,2000,892,41,851,0.446,0.689935304488837,0.00873823215531746
1106,255,0.141823977004721,0.343192853222031,36.1651141362039,0.11322,-0.8,2000,855,29,826,0.4275,-0.626186859636804,0.00915386529949563
1106,255,0.141823977004721,0.343192853222031,36.1651141362039,0.11322,-0.6,2000,856,9,847,0.428,-0.484319261779221,0.010292736529036
1106,255,0.141823977004721,0.343192853222031,36.1651141362039,0.11322,-0.4,2000,868,6,862,0.434,-0.333758548350348,0.0102198127438708
1106,255,0.141823977004721,0.343192853222031,36.1651141362039,0.11322,-0.2,2000,891,1,890,0.4455,-0.139811838661798,0.00944334803525023
1106,255,0.141823977004721,0.343192853222031,36.1651141362039,0.11322,0,2000,881,0,881,0.4405,0.0230555054203178,0.0100167976630895
1106,255,0.141823977004721,0.343192853222031,36.1651141362039,0.11322,0.2,2000,830,1,829,0.415,0.181194645743064,0.00984729411825645
1106,255,0.141823977004721,0.343192853222031,36.1651141362039,0.11322,0.4,2000,877,1,876,0.4385,0.390957125982763,0.00923973959194728
1106,255,0.141823977004721,0.343192853222031,36.1651141362039,0.11322,0.6,2000,905,5,900,0.4525,0.5305597894,0.00880649063547498
1106,255,0.141823977004721,0.343192853222031,36.1651141362039,0.11322,0.8,2000,885,18,867,0.4425,0.677956490957324,0.00810608994195529
1178,213,0.141691688162327,0.519316754726372,30.1803295785756,0.11322,-0.8,2000,800,28,772,0.4,-0.622064952512953,0.00929666805980046
1178,213,0.141691688162327,0.519316754726372,30.1803295785756,0.11322,-0.6,2000,815,5,810,0.4075,-0.477899039641975,0.00932633027581897
1178,213,0.141691688162327,0.519316754726372,30.1803295785756,0.11322,-0.4,2000,823,1,822,0.4115,-0.32187734026764,0.00941649344099943
1178,213,0.141691688162327,0.519316754726372,30.1803295785756,0.11322,-0.2,2000,827,0,827,0.4135,-0.165077100544135,0.00959108940557545
1178,213,0.141691688162327,0.519316754726372,30.1803295785756,0.11322,0,2000,804,0,804,0.402,0.0214691503905473,0.00955324387770557
1178,213,0.141691688162327,0.519316754726372,30.1803295785756,0.11322,0.2,2000,835,0,835,0.4175,0.201462755385629,0.00884165281014126
1178,213,0.141691688162327,0.519316754726372,30.1803295785756,0.11322,0.4,2000,806,0,806,0.403,0.352074870235732,0.00904106512110677
1178,213,0.141691688162327,0.519316754726372,30.1803295785756,0.11322,0.6,2000,796,3,793,0.398,0.520862639344262,0.00880362556981839
1178,213,0.141691688162327,0.519316754726372,30.1803295785756,0.11322,0.8,2000,809,18,791,0.4045,0.691748517446271,0.00777586106711867
1183,250,0.141342715422195,0.34222703109042,35.3356788555487,0.11322,-0.8,2000,875,38,837,0.4375,-0.620306724336918,0.0092955795870415
1183,250,0.141342715422195,0.34222703109042,35.3356788555487,0.11322,-0.6,2000,852,6,846,0.426,-0.483623326932624,0.00972983432393762
1183,250,0.141342715422195,0.34222703109042,35.3356788555487,0.11322,-0.4,2000,846,2,844,0.423,-0.308026087131517,0.0104839916224003
1183,250,0.141342715422195,0.34222703109042,35.3356788555487,0.11322,-0.2,2000,871,0,871,0.4355,-0.130656429132032,0.0104017592798396
1183,250,0.141342715422195,0.34222703109042,35.3356788555487,0.11322,0,2000,874,0,874,0.437,0.0300033742700229,0.0103922970845639
1183,250,0.141342715422195,0.34222703109042,35.3356788555487,0.11322,0.2,2000,872,0,872,0.436,0.201058528256881,0.0096942070435249
1183,250,0.141342715422195,0.34222703109042,35.3356788555487,0.11322,0.4,2000,858,3,855,0.429,0.376357791962573,0.00964211134620753
1183,250,0.141342715422195,0.34222703109042,35.3356788555487,0.11322,0.6,2000,855,6,849,0.4275,0.546644426597173,0.00869017789773991
1183,250,0.141342715422195,0.34222703109042,35.3356788555487,0.11322,0.8,2000,854,23,831,0.427,0.686117736365824,0.00803231789815938
1234,330,0.265533671750399,0.460162797709384,87.6261116776316,0.11322,-0.8,2000,1856,92,1764,0.928,-0.765478150226757,0.00457148904847559
1234,330,0.265533671750399,0.460162797709384,87.6261116776316,0.11322,-0.6,2000,1835,22,1813,0.9175,-0.601373587826255,0.00507477061528875
1234,330,0.265533671750399,0.460162797709384,87.6261116776316,0.11322,-0.4,2000,1836,2,1834,0.918,-0.410769647377317,0.00530050348179515
1234,330,0.265533671750399,0.460162797709384,87.6261116776316,0.11322,-0.2,2000,1844,1,1843,0.922,-0.209091305888768,0.00509605555765056
1234,330,0.265533671750399,0.460162797709384,87.6261116776316,0.11322,0,2000,1858,0,1858,0.929,0.00587014504574812,0.0049408004731036
1234,330,0.265533671750399,0.460162797709384,87.6261116776316,0.11322,0.2,2000,1838,0,1838,0.919,0.198548056380305,0.00490772919091346
1234,330,0.265533671750399,0.460162797709384,87.6261116776316,0.11322,0.4,2000,1857,0,1857,0.9285,0.401025471653204,0.00477879947873753
1234,330,0.265533671750399,0.460162797709384,87.6261116776316,0.11322,0.6,2000,1840,8,1832,0.92,0.603701005878821,0.00465173451300916
1234,330,0.265533671750399,0.460162797709384,87.6261116776316,0.11322,0.8,2000,1841,42,1799,0.9205,0.789493562534742,0.00386334280922799
1237,391,0.139849158289704,0.336383815653787,54.6810208912741,0.11322,-0.8,2000,1139,58,1081,0.5695,-0.691335788603145,0.00693442243543487
1237,391,0.139849158289704,0.336383815653787,54.6810208912741,0.11322,-0.6,2000,1168,15,1153,0.584,-0.513342720982654,0.0074919940098046
1237,391,0.139849158289704,0.336383815653787,54.6810208912741,0.11322,-0.4,2000,1161,3,1158,0.5805,-0.342338125208117,0.00776097343567553
1237,391,0.139849158289704,0.336383815653787,54.6810208912741,0.11322,-0.2,2000,1214,0,1214,0.607,-0.177046092856672,0.0079032057630408
1237,391,0.139849158289704,0.336383815653787,54.6810208912741,0.11322,0,2000,1204,0,1204,0.602,0.0166722063762458,0.00755104344858436
1237,391,0.139849158289704,0.336383815653787,54.6810208912741,0.11322,0.2,2000,1157,0,1157,0.5785,0.215674760001729,0.00749163330209112
1237,391,0.139849158289704,0.336383815653787,54.6810208912741,0.11322,0.4,2000,1155,0,1155,0.5775,0.385153907172294,0.00727797033516419
1237,391,0.139849158289704,0.336383815653787,54.6810208912741,0.11322,0.6,2000,1148,5,1143,0.574,0.554902084566929,0.00718580721791252
1237,391,0.139849158289704,0.336383815653787,54.6810208912741,0.11322,0.8,2000,1137,37,1100,0.5685,0.7120612354,0.00670785792446404
1244,483,0.140897781155483,0.525160546105213,68.0536282980985,0.11322,-0.8,2000,1332,32,1300,0.666,-0.71908206,0.0052524376280677
1244,483,0.140897781155483,0.525160546105213,68.0536282980985,0.11322,-0.6,2000,1289,0,1289,0.6445,-0.554532915244376,0.00591324713239967
1244,483,0.140897781155483,0.525160546105213,68.0536282980985,0.11322,-0.4,2000,1334,0,1334,0.667,-0.368124696852324,0.00581102818574749
1244,483,0.140897781155483,0.525160546105213,68.0536282980985,0.11322,-0.2,2000,1316,0,1316,0.658,-0.177894819440729,0.00572465140769501
1244,483,0.140897781155483,0.525160546105213,68.0536282980985,0.11322,0,2000,1331,0,1331,0.6655,-0.00135864963185575,0.00559387693036246
1244,483,0.140897781155483,0.525160546105213,68.0536282980985,0.11322,0.2,2000,1359,0,1359,0.6795,0.200670533177336,0.00545932209445724
1244,483,0.140897781155483,0.525160546105213,68.0536282980985,0.11322,0.4,2000,1324,0,1324,0.662,0.378270108898792,0.00541795877917488
1244,483,0.140897781155483,0.525160546105213,68.0536282980985,0.11322,0.6,2000,1324,2,1322,0.662,0.575697693721634,0.00520902757347439
1244,483,0.140897781155483,0.525160546105213,68.0536282980985,0.11322,0.8,2000,1344,15,1329,0.672,0.744828872836719,0.00474958587485321
1301,318,0.233435173963494,0.56693479017687,74.232385320391,0.11322,-0.8,2000,1717,69,1648,0.8585,-0.767422656007282,0.00461965580995593
1301,318,0.233435173963494,0.56693479017687,74.232385320391,0.11322,-0.6,2000,1706,8,1698,0.853,-0.588300523821555,0.00527231060676665
1301,318,0.233435173963494,0.56693479017687,74.232385320391,0.11322,-0.4,2000,1700,1,1699,0.85,-0.398946044573867,0.00534970857423127
1301,318,0.233435173963494,0.56693479017687,74.232385320391,0.11322,-0.2,2000,1696,0,1696,0.848,-0.198550441331958,0.0051726996318612
1301,318,0.233435173963494,0.56693479017687,74.232385320391,0.11322,0,2000,1718,0,1718,0.859,0.00272464913498254,0.00493553964180462
1301,318,0.233435173963494,0.56693479017687,74.232385320391,0.11322,0.2,2000,1693,0,1693,0.8465,0.194215887104548,0.0049600710723843
1301,318,0.233435173963494,0.56693479017687,74.232385320391,0.11322,0.4,2000,1702,0,1702,0.851,0.392680231346063,0.0049188090345559
1301,318,0.233435173963494,0.56693479017687,74.232385320391,0.11322,0.6,2000,1695,3,1692,0.8475,0.592392739716312,0.00468822541029761
1301,318,0.233435173963494,0.56693479017687,74.232385320391,0.11322,0.8,2000,1724,33,1691,0.862,0.781103201336487,0.00402337743453166
1327,315,0.14160999333335,0.340540334114706,44.6071479000052,0.11322,-0.8,2000,1023,44,979,0.5115,-0.649544324514811,0.00773453934545975
1327,315,0.14160999333335,0.340540334114706,44.6071479000052,0.11322,-0.6,2000,1045,15,1030,0.5225,-0.51125251438835,0.00840268881783812
1327,315,0.14160999333335,0.340540334114706,44.6071479000052,0.11322,-0.4,2000,1033,3,1030,0.5165,-0.347315050392039,0.00876020642695438
1327,315,0.14160999333335,0.340540334114706,44.6071479000052,0.11322,-0.2,2000,1006,0,1006,0.503,-0.155470006799205,0.00856919124583388
1327,315,0.14160999333335,0.340540334114706,44.6071479000052,0.11322,0,2000,1007,0,1007,0.5035,0.0166630479731877,0.00874149030275996
1327,315,0.14160999333335,0.340540334114706,44.6071479000052,0.11322,0.2,2000,972,0,972,0.486,0.201579064893004,0.00854747544967886
1327,315,0.14160999333335,0.340540334114706,44.6071479000052,0.11322,0.4,2000,996,0,996,0.498,0.379933706700803,0.00814025224104687
1327,315,0.14160999333335,0.340540334114706,44.6071479000052,0.11322,0.6,2000,1013,5,1008,0.5065,0.547209111646825,0.00794593182320849
1327,315,0.14160999333335,0.340540334114706,44.6071479000052,0.11322,0.8,2000,1032,27,1005,0.516,0.710742731442786,0.00692622351375479
1367,363,0.141330091901858,0.335529481017803,51.3028233603744,0.11322,-0.8,2000,1121,69,1052,0.5605,-0.672166920731939,0.0073757039240211
1367,363,0.141330091901858,0.335529481017803,51.3028233603744,0.11322,-0.6,2000,1111,14,1097,0.5555,-0.51129468112124,0.00802574945051421
1367,363,0.141330091901858,0.335529481017803,51.3028233603744,0.11322,-0.4,2000,1112,1,1111,0.556,-0.355241026064807,0.00823398040467288
1367,363,0.141330091901858,0.335529481017803,51.3028233603744,0.11322,-0.2,2000,1128,0,1128,0.564,-0.160945199144149,0.00794879154588873
1367,363,0.141330091901858,0.335529481017803,51.3028233603744,0.11322,0,2000,1097,0,1097,0.5485,0.0127133865925251,0.00798781064403085
1367,363,0.141330091901858,0.335529481017803,51.3028233603744,0.11322,0.2,2000,1119,0,1119,0.5595,0.19716734253798,0.0076324862620494
1367,363,0.141330091901858,0.335529481017803,51.3028233603744,0.11322,0.4,2000,1110,0,1110,0.555,0.388378117981982,0.00769437541137374
1367,363,0.141330091901858,0.335529481017803,51.3028233603744,0.11322,0.6,2000,1086,5,1081,0.543,0.558014178649399,0.00726408386628612
1367,363,0.141330091901858,0.335529481017803,51.3028233603744,0.11322,0.8,2000,1158,45,1113,0.579,0.723169575849057,0.00620420779498509
1384,201,0.14155757880619,0.342873042372862,28.4530733400441,0.11322,-0.8,2000,704,25,679,0.352,-0.59411757353461,0.0113453683779682
1384,201,0.14155757880619,0.342873042372862,28.4530733400441,0.11322,-0.6,2000,682,16,666,0.341,-0.434832476636637,0.0118588394398349
1384,201,0.14155757880619,0.342873042372862,28.4530733400441,0.11322,-0.4,2000,714,4,710,0.357,-0.296347391373239,0.0123978132181823
1384,201,0.14155757880619,0.342873042372862,28.4530733400441,0.11322,-0.2,2000,695,0,695,0.3475,-0.112099691153957,0.0119559505339617
1384,201,0.14155757880619,0.342873042372862,28.4530733400441,0.11322,0,2000,774,0,774,0.387,0.0470462438074935,0.0114983141363888
1384,201,0.14155757880619,0.342873042372862,28.4530733400441,0.11322,0.2,2000,741,1,740,0.3705,0.199380363018919,0.0108517040624952
1384,201,0.14155757880619,0.342873042372862,28.4530733400441,0.11322,0.4,2000,751,1,750,0.3755,0.37184975432,0.0106314150493955
1384,201,0.14155757880619,0.342873042372862,28.4530733400441,0.11322,0.6,2000,710,9,701,0.355,0.524382608159772,0.0108402099400999
1384,201,0.14155757880619,0.342873042372862,28.4530733400441,0.11322,0.8,2000,689,24,665,0.3445,0.662419449518797,0.00941790390748994
1412,496,0.141269615790777,0.337785260517435,70.0697294322252,0.11322,-0.8,2000,1362,65,1297,0.681,-0.702827689591365,0.00608032044172718
1412,496,0.141269615790777,0.337785260517435,70.0697294322252,0.11322,-0.6,2000,1366,22,1344,0.683,-0.549582924791667,0.00655609104189808
1412,496,0.141269615790777,0.337785260517435,70.0697294322252,0.11322,-0.4,2000,1337,1,1336,0.6685,-0.377076923553144,0.00696453366566509
1412,496,0.141269615790777,0.337785260517435,70.0697294322252,0.11322,-0.2,2000,1335,1,1334,0.6675,-0.177411597796102,0.00665236436883399
1412,496,0.141269615790777,0.337785260517435,70.0697294322252,0.11322,0,2000,1370,0,1370,0.685,0.00480649784379562,0.00669193997808177
1412,496,0.141269615790777,0.337785260517435,70.0697294322252,0.11322,0.2,2000,1361,0,1361,0.6805,0.19352711468773,0.00625869250400033
1412,496,0.141269615790777,0.337785260517435,70.0697294322252,0.11322,0.4,2000,1340,0,1340,0.67,0.390875083463433,0.00630883850627739
1412,496,0.141269615790777,0.337785260517435,70.0697294322252,0.11322,0.6,2000,1382,5,1377,0.691,0.562258812769789,0.00583284066860014
1412,496,0.141269615790777,0.337785260517435,70.0697294322252,0.11322,0.8,2000,1382,39,1343,0.691,0.73575558495309,0.00530402576178623
1481,442,0.197781048798699,0.331529112036592,87.419223569025,0.11322,-0.8,2000,1709,101,1608,0.8545,-0.748984515254975,0.00505743561728617
1481,442,0.197781048798699,0.331529112036592,87.419223569025,0.11322,-0.6,2000,1709,28,1681,0.8545,-0.589214962165378,0.00563507650148941
1481,442,0.197781048798699,0.331529112036592,87.419223569025,0.11322,-0.4,2000,1745,3,1742,0.8725,-0.40192044515155,0.00586030212700467
1481,442,0.197781048798699,0.331529112036592,87.419223569025,0.11322,-0.2,2000,1721,0,1721,0.8605,-0.202696214155723,0.00594133588172849
1481,442,0.197781048798699,0.331529112036592,87.419223569025,0.11322,0,2000,1700,0,1700,0.85,-0.00672579979058823,0.00585056322618628
1481,442,0.197781048798699,0.331529112036592,87.419223569025,0.11322,0.2,2000,1708,0,1708,0.854,0.203717619590164,0.00559163408383109
1481,442,0.197781048798699,0.331529112036592,87.419223569025,0.11322,0.4,2000,1723,0,1723,0.8615,0.395869498319791,0.00528754142776155
1481,442,0.197781048798699,0.331529112036592,87.419223569025,0.11322,0.6,2000,1685,4,1681,0.8425,0.5960014897442,0.00524576508190992
1481,442,0.197781048798699,0.331529112036592,87.419223569025,0.11322,0.8,2000,1723,62,1661,0.8615,0.773205584587598,0.00445814815154278
1504,346,0.141538008609313,0.341978224727237,48.9721509788222,0.11322,-0.8,2000,1088,53,1035,0.544,-0.651187999033816,0.00782606405723515
1504,346,0.141538008609313,0.341978224727237,48.9721509788222,0.11322,-0.6,2000,1063,5,1058,0.5315,-0.520447681323251,0.00822271156821976
1504,346,0.141538008609313,0.341978224727237,48.9721509788222,0.11322,-0.4,2000,1100,6,1094,0.55,-0.35211827542596,0.0083701877040328
1504,346,0.141538008609313,0.341978224727237,48.9721509788222,0.11322,-0.2,2000,1100,0,1100,0.55,-0.162096397568182,0.00807431581650864
1504,346,0.141538008609313,0.341978224727237,48.9721509788222,0.11322,0,2000,1099,0,1099,0.5495,0.0181526126133758,0.00811513807979844
1504,346,0.141538008609313,0.341978224727237,48.9721509788222,0.11322,0.2,2000,1128,0,1128,0.564,0.205783328695035,0.00764954846267889
1504,346,0.141538008609313,0.341978224727237,48.9721509788222,0.11322,0.4,2000,1068,3,1065,0.534,0.379210415949296,0.00817600042664813
1504,346,0.141538008609313,0.341978224727237,48.9721509788222,0.11322,0.6,2000,1097,6,1091,0.5485,0.546939848551787,0.00709340128249011
1504,346,0.141538008609313,0.341978224727237,48.9721509788222,0.11322,0.8,2000,1058,34,1024,0.529,0.712771462207031,0.00656800182533361
1541,171,0.288719398576912,0.344199326811994,49.3710171566519,0.11322,-0.8,2000,1361,127,1234,0.6805,-0.684175666867909,0.0071110078925424
1541,171,0.288719398576912,0.344199326811994,49.3710171566519,0.11322,-0.6,2000,1357,38,1319,0.6785,-0.555565136921911,0.00772889072952864
1541,171,0.288719398576912,0.344199326811994,49.3710171566519,0.11322,-0.4,2000,1340,10,1330,0.67,-0.384439317533835,0.008419278036176
1541,171,0.288719398576912,0.344199326811994,49.3710171566519,0.11322,-0.2,2000,1363,2,1361,0.6815,-0.192957023817046,0.00826178977938496
1541,171,0.288719398576912,0.344199326811994,49.3710171566519,0.11322,0,2000,1430,0,1430,0.715,0.0150962195174825,0.00809368094726716
1541,171,0.288719398576912,0.344199326811994,49.3710171566519,0.11322,0.2,2000,1387,2,1385,0.6935,0.22375816259574,0.00769122412921594
1541,171,0.288719398576912,0.344199326811994,49.3710171566519,0.11322,0.4,2000,1365,3,1362,0.6825,0.407518227287812,0.00761441664452763
1541,171,0.288719398576912,0.344199326811994,49.3710171566519,0.11322,0.6,2000,1367,19,1348,0.6835,0.58358653171365,0.00692835604595761
1541,171,0.288719398576912,0.344199326811994,49.3710171566519,0.11322,0.8,2000,1381,70,1311,0.6905,0.744826313432494,0.00614215988594093
1588,290,0.141628112201712,0.343115670510657,41.0721525384965,0.11322,-0.8,2000,937,42,895,0.4685,-0.66066744,0.00836444447788482
1588,290,0.141628112201712,0.343115670510657,41.0721525384965,0.11322,-0.6,2000,994,13,981,0.497,-0.4982979887316,0.00895083147810841
1588,290,0.141628112201712,0.343115670510657,41.0721525384965,0.11322,-0.4,2000,953,0,953,0.4765,-0.326224766054565,0.00907727308976069
1588,290,0.141628112201712,0.343115670510657,41.0721525384965,0.11322,-0.2,2000,985,1,984,0.4925,-0.131253993719512,0.00951392060720711
1588,290,0.141628112201712,0.343115670510657,41.0721525384965,0.11322,0,2000,985,0,985,0.4925,0.0445079770039594,0.00885884705904631
1588,290,0.141628112201712,0.343115670510657,41.0721525384965,0.11322,0.2,2000,924,0,924,0.462,0.199088420508658,0.00905577209899736
1588,290,0.141628112201712,0.343115670510657,41.0721525384965,0.11322,0.4,2000,972,4,968,0.486,0.385641712440568,0.00839287450325718
1588,290,0.141628112201712,0.343115670510657,41.0721525384965,0.11322,0.6,2000,964,9,955,0.482,0.548409282638743,0.00843896129826859
1588,290,0.141628112201712,0.343115670510657,41.0721525384965,0.11322,0.8,2000,957,31,926,0.4785,0.710315438066955,0.00734716120877289
1664,39,0.30755256814484,0.680053737953185,11.9945501576488,0.11322,-0.8,2000,559,39,520,0.2795,-0.588524982942308,0.014262722397865
1664,39,0.30755256814484,0.680053737953185,11.9945501576488,0.11322,-0.6,2000,519,9,510,0.2595,-0.470362957294118,0.015145860591356
1664,39,0.30755256814484,0.680053737953185,11.9945501576488,0.11322,-0.4,2000,539,3,536,0.2695,-0.233239096526119,0.0162089898639116
1664,39,0.30755256814484,0.680053737953185,11.9945501576488,0.11322,-0.2,2000,498,2,496,0.249,-0.127503510665323,0.017352206998207
1664,39,0.30755256814484,0.680053737953185,11.9945501576488,0.11322,0,2000,595,0,595,0.2975,0.0425073046285714,0.0152086910579303
1664,39,0.30755256814484,0.680053737953185,11.9945501576488,0.11322,0.2,2000,599,1,598,0.2995,0.215038355613712,0.0148026045525852
1664,39,0.30755256814484,0.680053737953185,11.9945501576488,0.11322,0.4,2000,540,3,537,0.27,0.395269702141527,0.0150027544646343
1664,39,0.30755256814484,0.680053737953185,11.9945501576488,0.11322,0.6,2000,544,15,529,0.272,0.530342230396975,0.0134702241781073
1664,39,0.30755256814484,0.680053737953185,11.9945501576488,0.11322,0.8,2000,540,25,515,0.27,0.663271758485437,0.0132350218810839
1692,237,0.211127263087551,0.451440728965739,50.0371613517495,0.11322,-0.8,2000,1377,73,1304,0.6885,-0.70109020958589,0.00638189299064776
1692,237,0.211127263087551,0.451440728965739,50.0371613517495,0.11322,-0.6,2000,1370,13,1357,0.685,-0.563035819974208,0.00691925805100365
1692,237,0.211127263087551,0.451440728965739,50.0371613517495,0.11322,-0.4,2000,1318,1,1317,0.659,-0.38818763095672,0.00729979170840394
1692,237,0.211127263087551,0.451440728965739,50.0371613517495,0.11322,-0.2,2000,1323,0,1323,0.6615,-0.19099670124641,0.00737871175611906
1692,237,0.211127263087551,0.451440728965739,50.0371613517495,0.11322,0,2000,1357,0,1357,0.6785,0.00870288505305822,0.00726188415538224
1692,237,0.211127263087551,0.451440728965739,50.0371613517495,0.11322,0.2,2000,1402,0,1402,0.701,0.194390904121255,0.0065629311759032
1692,237,0.211127263087551,0.451440728965739,50.0371613517495,0.11322,0.4,2000,1367,0,1367,0.6835,0.400242606422824,0.00689098662814888
1692,237,0.211127263087551,0.451440728965739,50.0371613517495,0.11322,0.6,2000,1373,13,1360,0.6865,0.568038863705882,0.00657985163810783
1692,237,0.211127263087551,0.451440728965739,50.0371613517495,0.11322,0.8,2000,1322,50,1272,0.661,0.755095974685535,0.00567379016760404
1706,208,0.141650883244765,0.467813555506365,29.4633837149111,0.11322,-0.8,2000,795,32,763,0.3975,-0.621145611861075,0.00951754527444831
1706,208,0.141650883244765,0.467813555506365,29.4633837149111,0.11322,-0.6,2000,783,9,774,0.3915,-0.473720092074935,0.00954313719638376
1706,208,0.141650883244765,0.467813555506365,29.4633837149111,0.11322,-0.4,2000,787,3,784,0.3935,-0.300630847068878,0.0099580813997606
1706,208,0.141650883244765,0.467813555506365,29.4633837149111,0.11322,-0.2,2000,779,0,779,0.3895,-0.142417387702182,0.0100734499919742
1706,208,0.141650883244765,0.467813555506365,29.4633837149111,0.11322,0,2000,793,0,793,0.3965,0.0324397578499369,0.00999174591147375
1706,208,0.141650883244765,0.467813555506365,29.4633837149111,0.11322,0.2,2000,780,1,779,0.39,0.205656949319641,0.00987602963602583
1706,208,0.141650883244765,0.467813555506365,29.4633837149111,0.11322,0.4,2000,755,0,755,0.3775,0.36185564398543,0.00935536760297272
1706,208,0.141650883244765,0.467813555506365,29.4633837149111,0.11322,0.6,2000,754,2,752,0.377,0.526813964494681,0.00958872330772288
1706,208,0.141650883244765,0.467813555506365,29.4633837149111,0.11322,0.8,2000,843,13,830,0.4215,0.665930488554217,0.00817491362068097
1775,113,0.14825183285881,0.62289348729532,16.7524571130456,0.11322,-0.8,2000,606,15,591,0.303,-0.587660446666667,0.0114905197118027
1775,113,0.14825183285881,0.62289348729532,16.7524571130456,0.11322,-0.6,2000,570,8,562,0.285,-0.428294001939502,0.012301537000773
1775,113,0.14825183285881,0.62289348729532,16.7524571130456,0.11322,-0.4,2000,564,1,563,0.282,-0.268004778827709,0.0128296780554817
1775,113,0.14825183285881,0.62289348729532,16.7524571130456,0.11322,-0.2,2000,563,0,563,0.2815,-0.140548565168739,0.0130554910276356
1775,113,0.14825183285881,0.62289348729532,16.7524571130456,0.11322,0,2000,574,0,574,0.287,0.0236203984146341,0.012804052865571
1775,113,0.14825183285881,0.62289348729532,16.7524571130456,0.11322,0.2,2000,563,0,563,0.2815,0.176392765950266,0.0127339952839789
1775,113,0.14825183285881,0.62289348729532,16.7524571130456,0.11322,0.4,2000,587,1,586,0.2935,0.350580833464164,0.0122939485242126
1775,113,0.14825183285881,0.62289348729532,16.7524571130456,0.11322,0.6,2000,559,3,556,0.2795,0.508934236508993,0.0117775601805504
1775,113,0.14825183285881,0.62289348729532,16.7524571130456,0.11322,0.8,2000,552,9,543,0.276,0.6457430893186,0.0105353922204272
1786,270,0.141622218927007,0.44227824581321,38.2379991102918,0.11322,-0.8,2000,939,22,917,0.4695,-0.648538119738277,0.00797049254800012
1786,270,0.141622218927007,0.44227824581321,38.2379991102918,0.11322,-0.6,2000,917,6,911,0.4585,-0.500767487695938,0.00833601427961104
1786,270,0.141622218927007,0.44227824581321,38.2379991102918,0.11322,-0.4,2000,933,1,932,0.4665,-0.336222391609442,0.00907232414044843
1786,270,0.141622218927007,0.44227824581321,38.2379991102918,0.11322,-0.2,2000,930,0,930,0.465,-0.169304753974194,0.00915727300665615
1786,270,0.141622218927007,0.44227824581321,38.2379991102918,0.11322,0,2000,991,0,991,0.4955,0.0218554469646821,0.00837837174317995
1786,270,0.141622218927007,0.44227824581321,38.2379991102918,0.11322,0.2,2000,973,0,973,0.4865,0.19547639850668,0.00832675459666819
1786,270,0.141622218927007,0.44227824581321,38.2379991102918,0.11322,0.4,2000,971,1,970,0.4855,0.367984864501031,0.00810078995665093
1786,270,0.141622218927007,0.44227824581321,38.2379991102918,0.11322,0.6,2000,921,4,917,0.4605,0.54511801157699,0.00768440683709447
1786,270,0.141622218927007,0.44227824581321,38.2379991102918,0.11322,0.8,2000,954,31,923,0.477,0.692612922751896,0.00735746967682757
1791,343,0.141464829578657,0.470469215220298,48.5224365454795,0.11322,-0.8,2000,1130,23,1107,0.565,-0.671375150677507,0.00672497132274255
1791,343,0.141464829578657,0.470469215220298,48.5224365454795,0.11322,-0.6,2000,1124,6,1118,0.562,-0.52540887921288,0.00705332854849907
1791,343,0.141464829578657,0.470469215220298,48.5224365454795,0.11322,-0.4,2000,1069,1,1068,0.5345,-0.34396269655618,0.00783766263012918
1791,343,0.141464829578657,0.470469215220298,48.5224365454795,0.11322,-0.2,2000,1136,0,1136,0.568,-0.162964278948327,0.00715362885803142
1791,343,0.141464829578657,0.470469215220298,48.5224365454795,0.11322,0,2000,1090,0,1090,0.545,0.0093006138293578,0.00716755544232393
1791,343,0.141464829578657,0.470469215220298,48.5224365454795,0.11322,0.2,2000,1094,0,1094,0.547,0.193013180369287,0.00722669725108155
1791,343,0.141464829578657,0.470469215220298,48.5224365454795,0.11322,0.4,2000,1117,0,1117,0.5585,0.380121584626052,0.00684365038125209
1791,343,0.141464829578657,0.470469215220298,48.5224365454795,0.11322,0.6,2000,1086,3,1083,0.543,0.546129519879963,0.00672323273673218
1791,343,0.141464829578657,0.470469215220298,48.5224365454795,0.11322,0.8,2000,1066,27,1039,0.533,0.72166516746872,0.006167192999203
1852,593,0.172118729077949,0.338653457308842,102.066406343224,0.11322,-0.8,2000,1739,78,1661,0.8695,-0.758172599698977,0.00469152139115955
1852,593,0.172118729077949,0.338653457308842,102.066406343224,0.11322,-0.6,2000,1691,16,1675,0.8455,-0.585448967952239,0.00520992543864491
1852,593,0.172118729077949,0.338653457308842,102.066406343224,0.11322,-0.4,2000,1749,2,1747,0.8745,-0.391801512312536,0.00535296231702103
1852,593,0.172118729077949,0.338653457308842,102.066406343224,0.11322,-0.2,2000,1741,0,1741,0.8705,-0.206821844940839,0.00509923107071664
1852,593,0.172118729077949,0.338653457308842,102.066406343224,0.11322,0,2000,1741,0,1741,0.8705,0.00015844980987938,0.00521964766354779
1852,593,0.172118729077949,0.338653457308842,102.066406343224,0.11322,0.2,2000,1743,0,1743,0.8715,0.204394517425129,0.00493233185107257
1852,593,0.172118729077949,0.338653457308842,102.066406343224,0.11322,0.4,2000,1733,0,1733,0.8665,0.404244687572418,0.00491706159329927
1852,593,0.172118729077949,0.338653457308842,102.066406343224,0.11322,0.6,2000,1740,6,1734,0.87,0.600086873860438,0.00475014518262104
1852,593,0.172118729077949,0.338653457308842,102.066406343224,0.11322,0.8,2000,1778,45,1733,0.889,0.776453219272937,0.0041378305514647
1886,311,0.140821696813699,0.337909105293604,43.7955477090603,0.11322,-0.8,2000,999,53,946,0.4995,-0.646851801902748,0.00811125833479034
1886,311,0.140821696813699,0.337909105293604,43.7955477090603,0.11322,-0.6,2000,1002,14,988,0.501,-0.492837230604251,0.00868503358652972
1886,311,0.140821696813699,0.337909105293604,43.7955477090603,0.11322,-0.4,2000,980,6,974,0.49,-0.331073510399384,0.00932065581401621
1886,311,0.140821696813699,0.337909105293604,43.7955477090603,0.11322,-0.2,2000,1010,2,1008,0.505,-0.155808378645833,0.00906232983621691
1886,311,0.140821696813699,0.337909105293604,43.7955477090603,0.11322,0,2000,981,0,981,0.4905,0.0159310251488277,0.00913149282571413
1886,311,0.140821696813699,0.337909105293604,43.7955477090603,0.11322,0.2,2000,1003,0,1003,0.5015,0.204076518387836,0.00888819990295561
1886,311,0.140821696813699,0.337909105293604,43.7955477090603,0.11322,0.4,2000,1045,0,1045,0.5225,0.391502604421053,0.00841656804828649
1886,311,0.140821696813699,0.337909105293604,43.7955477090603,0.11322,0.6,2000,983,7,976,0.4915,0.554220181618852,0.00815432641216504
1886,311,0.140821696813699,0.337909105293604,43.7955477090603,0.11322,0.8,2000,1018,37,981,0.509,0.706661304620795,0.00721025397481188
1887,383,0.140928860434432,0.483080944806103,53.9757535463873,0.11322,-0.8,2000,1178,33,1145,0.589,-0.689311640786026,0.0064406018983984
1887,383,0.140928860434432,0.483080944806103,53.9757535463873,0.11322,-0.6,2000,1174,7,1167,0.587,-0.530402491636675,0.00684787230085795
1887,383,0.140928860434432,0.483080944806103,53.9757535463873,0.11322,-0.4,2000,1163,0,1163,0.5815,-0.348523978374033,0.00683924919839279
1887,383,0.140928860434432,0.483080944806103,53.9757535463873,0.11322,-0.2,2000,1230,0,1230,0.615,-0.173049074401626,0.00675124593703846
1887,383,0.140928860434432,0.483080944806103,53.9757535463873,0.11322,0,2000,1192,0,1192,0.596,0.0178441468036913,0.0066353791573167
1887,383,0.140928860434432,0.483080944806103,53.9757535463873,0.11322,0.2,2000,1153,0,1153,0.5765,0.190951670108413,0.00667189224324978
1887,383,0.140928860434432,0.483080944806103,53.9757535463873,0.11322,0.4,2000,1200,0,1200,0.6,0.37181151287725,0.00620879701156427
1887,383,0.140928860434432,0.483080944806103,53.9757535463873,0.11322,0.6,2000,1179,2,1177,0.5895,0.551151124171623,0.00611142552774354
1887,383,0.140928860434432,0.483080944806103,53.9757535463873,0.11322,0.8,2000,1185,21,1164,0.5925,0.728304654639175,0.0055309772251383
1919,292,0.141621407021341,0.341001645040255,41.3534508502317,0.11322,-0.8,2000,929,39,890,0.4645,-0.660468822247191,0.0079929481724972
1919,292,0.141621407021341,0.341001645040255,41.3534508502317,0.11322,-0.6,2000,921,14,907,0.4605,-0.502788813627343,0.00944167045433674
1919,292,0.141621407021341,0.341001645040255,41.3534508502317,0.11322,-0.4,2000,986,3,983,0.493,-0.330998915929807,0.00928815091749214
1919,292,0.141621407021341,0.341001645040255,41.3534508502317,0.11322,-0.2,2000,966,1,965,0.483,-0.153834097284974,0.00914381551828999
1919,292,0.141621407021341,0.341001645040255,41.3534508502317,0.11322,0,2000,949,1,948,0.4745,0.00311651615010549,0.00946301624885068
1919,292,0.141621407021341,0.341001645040255,41.3534508502317,0.11322,0.2,2000,983,0,983,0.4915,0.216483527551373,0.00846624873280813
1919,292,0.141621407021341,0.341001645040255,41.3534508502317,0.11322,0.4,2000,962,2,960,0.481,0.387329910458333,0.00882764469870701
1919,292,0.141621407021341,0.341001645040255,41.3534508502317,0.11322,0.6,2000,985,5,980,0.4925,0.531334743928571,0.00828292115035072
1919,292,0.141621407021341,0.341001645040255,41.3534508502317,0.11322,0.8,2000,953,35,918,0.4765,0.696671047276688,0.00734478747316695
1954,209,0.206312283172638,0.335687526455765,43.1192671830813,0.11322,-0.8,2000,1158,70,1088,0.579,-0.671220304797794,0.00791731556498986
1954,209,0.206312283172638,0.335687526455765,43.1192671830813,0.11322,-0.6,2000,1135,26,1109,0.5675,-0.512328787960325,0.00883490616431983
1954,209,0.206312283172638,0.335687526455765,43.1192671830813,0.11322,-0.4,2000,1136,8,1128,0.568,-0.342029505555851,0.00888356473570159
1954,209,0.206312283172638,0.335687526455765,43.1192671830813,0.11322,-0.2,2000,1179,3,1176,0.5895,-0.160866122507653,0.00906169603099078
1954,209,0.206312283172638,0.335687526455765,43.1192671830813,0.11322,0,2000,1152,0,1152,0.576,0.0193748803376736,0.00862190287832595
1954,209,0.206312283172638,0.335687526455765,43.1192671830813,0.11322,0.2,2000,1157,3,1154,0.5785,0.218861692609185,0.0087714250575616
1954,209,0.206312283172638,0.335687526455765,43.1192671830813,0.11322,0.4,2000,1152,1,1151,0.576,0.389452797549957,0.00833947823946725
1954,209,0.206312283172638,0.335687526455765,43.1192671830813,0.11322,0.6,2000,1158,17,1141,0.579,0.567271394609991,0.00797638998774086
1954,209,0.206312283172638,0.335687526455765,43.1192671830813,0.11322,0.8,2000,1171,40,1131,0.5855,0.710883540565871,0.00690075013797223
1970,295,0.1594660029418,0.33213678546171,47.042470867831,0.11322,-0.8,2000,1099,61,1038,0.5495,-0.67609911150289,0.00752038210022257
1970,295,0.1594660029418,0.33213678546171,47.042470867831,0.11322,-0.6,2000,1131,27,1104,0.5655,-0.526184750378623,0.00802719760260252
1970,295,0.1594660029418,0.33213678546171,47.042470867831,0.11322,-0.4,2000,1110,2,1108,0.555,-0.342041990969856,0.00860585680242087
1970,295,0.1594660029418,0.33213678546171,47.042470867831,0.11322,-0.2,2000,1088,0,1088,0.544,-0.160227042238971,0.00881541144575155
1970,295,0.1594660029418,0.33213678546171,47.042470867831,0.11322,0,2000,1147,0,1147,0.5735,0.0323653448997384,0.00809810727244487
1970,295,0.1594660029418,0.33213678546171,47.042470867831,0.11322,0.2,2000,1126,0,1126,0.563,0.20126256562167,0.0083428111894713
1970,295,0.1594660029418,0.33213678546171,47.042470867831,0.11322,0.4,2000,1153,2,1151,0.5765,0.383410158974805,0.00808212733377023
1970,295,0.1594660029418,0.33213678546171,47.042470867831,0.11322,0.6,2000,1116,10,1106,0.558,0.555868988707052,0.00755889290706306
1970,295,0.1594660029418,0.33213678546171,47.042470867831,0.11322,0.8,2000,1098,44,1054,0.549,0.706446117637571,0.00676289419341188
1984,220,0.157302295240686,0.335104910182385,34.606504952951,0.11322,-0.8,2000,870,37,833,0.435,-0.620129752653061,0.00929315742445156
1984,220,0.157302295240686,0.335104910182385,34.606504952951,0.11322,-0.6,2000,836,10,826,0.418,-0.464072654887409,0.00986896341461098
1984,220,0.157302295240686,0.335104910182385,34.606504952951,0.11322,-0.4,2000,882,5,877,0.441,-0.313193122470924,0.0107358519857085
1984,220,0.157302295240686,0.335104910182385,34.606504952951,0.11322,-0.2,2000,848,1,847,0.424,-0.152131483404959,0.0107045095005336
1984,220,0.157302295240686,0.335104910182385,34.606504952951,0.11322,0,2000,891,0,891,0.4455,0.0334683558888889,0.010563151273451
1984,220,0.157302295240686,0.335104910182385,34.606504952951,0.11322,0.2,2000,907,0,907,0.4535,0.218535932688203,0.00957840927670763
1984,220,0.157302295240686,0.335104910182385,34.606504952951,0.11322,0.4,2000,884,3,881,0.442,0.370244272182747,0.00951275217941537
1984,220,0.157302295240686,0.335104910182385,34.606504952951,0.11322,0.6,2000,822,12,810,0.411,0.555038661814815,0.00965533276438668
1984,220,0.157302295240686,0.335104910182385,34.606504952951,0.11322,0.8,2000,901,39,862,0.4505,0.691549559060325,0.0081069471484611
2042,368,0.184918172427212,0.339421866077047,68.049887453214,0.11322,-0.8,2000,1504,94,1410,0.752,-0.72983492351773,0.00575629894823434
2042,368,0.184918172427212,0.339421866077047,68.049887453214,0.11322,-0.6,2000,1505,26,1479,0.7525,-0.551063990655849,0.00670088573451857
2042,368,0.184918172427212,0.339421866077047,68.049887453214,0.11322,-0.4,2000,1513,7,1506,0.7565,-0.392224421077689,0.00679069309874917
2042,368,0.184918172427212,0.339421866077047,68.049887453214,0.11322,-0.2,2000,1497,0,1497,0.7485,-0.196315598565798,0.00657316214003302
2042,368,0.184918172427212,0.339421866077047,68.049887453214,0.11322,0,2000,1496,0,1496,0.748,0.0100582975701872,0.00693575828724228
2042,368,0.184918172427212,0.339421866077047,68.049887453214,0.11322,0.2,2000,1503,0,1503,0.7515,0.204362913482369,0.00661060026221654
2042,368,0.184918172427212,0.339421866077047,68.049887453214,0.11322,0.4,2000,1481,0,1481,0.7405,0.40388673292235,0.00613684139838796
2042,368,0.184918172427212,0.339421866077047,68.049887453214,0.11322,0.6,2000,1543,3,1540,0.7715,0.587022705454545,0.00578643873893817
2042,368,0.184918172427212,0.339421866077047,68.049887453214,0.11322,0.8,2000,1467,46,1421,0.7335,0.750598043349754,0.00531206327326254
2077,171,0.141746548263518,0.344637896927897,24.2386597530616,0.11322,-0.8,2000,606,15,591,0.303,-0.559331586006768,0.0121370409732033
2077,171,0.141746548263518,0.344637896927897,24.2386597530616,0.11322,-0.6,2000,578,7,571,0.289,-0.427498952259194,0.0133415173749176
2077,171,0.141746548263518,0.344637896927897,24.2386597530616,0.11322,-0.4,2000,588,1,587,0.294,-0.259025167632027,0.0125023963317683
2077,171,0.141746548263518,0.344637896927897,24.2386597530616,0.11322,-0.2,2000,594,1,593,0.297,-0.115305326178752,0.0137051441299476
2077,171,0.141746548263518,0.344637896927897,24.2386597530616,0.11322,0,2000,625,0,625,0.3125,0.0416246527936,0.0121636395291988
2077,171,0.141746548263518,0.344637896927897,24.2386597530616,0.11322,0.2,2000,586,0,586,0.293,0.208998884112628,0.0135244061829928
2077,171,0.141746548263518,0.344637896927897,24.2386597530616,0.11322,0.4,2000,638,3,635,0.319,0.362256944067559,0.0120498089355711
2077,171,0.141746548263518,0.344637896927897,24.2386597530616,0.11322,0.6,2000,630,5,625,0.315,0.499848556144,0.0111837541866469
2077,171,0.141746548263518,0.344637896927897,24.2386597530616,0.11322,0.8,2000,607,20,587,0.3035,0.653220286712095,0.0105057496607271
2081,409,0.141556050333628,0.341074428247077,57.896424586454,0.11322,-0.8,2000,1192,46,1146,0.596,-0.683837960375218,0.00663212450014032
2081,409,0.141556050333628,0.341074428247077,57.896424586454,0.11322,-0.6,2000,1201,16,1185,0.6005,-0.520397030801688,0.00725362448843874
2081,409,0.141556050333628,0.341074428247077,57.896424586454,0.11322,-0.4,2000,1203,2,1201,0.6015,-0.355770910535387,0.00757424399918247
2081,409,0.141556050333628,0.341074428247077,57.896424586454,0.11322,-0.2,2000,1231,0,1231,0.6155,-0.177506854562145,0.00736067069623897
2081,409,0.141556050333628,0.341074428247077,57.896424586454,0.11322,0,2000,1207,0,1207,0.6035,0.0085553319925435,0.00725470598708697
2081,409,0.141556050333628,0.341074428247077,57.896424586454,0.11322,0.2,2000,1236,0,1236,0.618,0.189464950980583,0.00695088123989941
2081,409,0.141556050333628,0.341074428247077,57.896424586454,0.11322,0.4,2000,1188,3,1185,0.594,0.392306356261603,0.00692056959727574
2081,409,0.141556050333628,0.341074428247077,57.896424586454,0.11322,0.6,2000,1222,2,1220,0.611,0.573055341410656,0.00662898061383183
2081,409,0.141556050333628,0.341074428247077,57.896424586454,0.11322,0.8,2000,1199,28,1171,0.5995,0.73005886293766,0.00593035274056953
2090,276,0.141509510720596,0.394214918418366,39.0566249588844,0.11322,-0.8,2000,955,29,926,0.4775,-0.654645366522678,0.00829651130432274
2090,276,0.141509510720596,0.394214918418366,39.0566249588844,0.11322,-0.6,2000,932,15,917,0.466,-0.504517148146129,0.00897089758460906
2090,276,0.141509510720596,0.394214918418366,39.0566249588844,0.11322,-0.4,2000,938,5,933,0.469,-0.303338629167846,0.00891636176220959
2090,276,0.141509510720596,0.394214918418366,39.0566249588844,0.11322,-0.2,2000,888,0,888,0.444,-0.163810579578829,0.00928601693231686
2090,276,0.141509510720596,0.394214918418366,39.0566249588844,0.11322,0,2000,988,0,988,0.494,0.0173911835222672,0.00877163806767337
2090,276,0.141509510720596,0.394214918418366,39.0566249588844,0.11322,0.2,2000,991,0,991,0.4955,0.204705718654894,0.00837734008058072
2090,276,0.141509510720596,0.394214918418366,39.0566249588844,0.11322,0.4,2000,968,1,967,0.484,0.368102201457084,0.00856536529235438
2090,276,0.141509510720596,0.394214918418366,39.0566249588844,0.11322,0.6,2000,956,7,949,0.478,0.533542304120126,0.00817978761871657
2090,276,0.141509510720596,0.394214918418366,39.0566249588844,0.11322,0.8,2000,918,22,896,0.459,0.691637700189732,0.00740243362922575
2098,509,0.140251472553025,0.341578730931265,71.3879995294898,0.11322,-0.8,2000,1399,60,1339,0.6995,-0.73007687931292,0.00587996808043329
2098,509,0.140251472553025,0.341578730931265,71.3879995294898,0.11322,-0.6,2000,1370,10,1360,0.685,-0.550740688014706,0.0064895814705317
2098,509,0.140251472553025,0.341578730931265,71.3879995294898,0.11322,-0.4,2000,1373,5,1368,0.6865,-0.362601861944444,0.00673833776689393
2098,509,0.140251472553025,0.341578730931265,71.3879995294898,0.11322,-0.2,2000,1363,0,1363,0.6815,-0.174291860052091,0.00641577923110028
2098,509,0.140251472553025,0.341578730931265,71.3879995294898,0.11322,0,2000,1375,0,1375,0.6875,0.00643613819076364,0.00644210665247512
2098,509,0.140251472553025,0.341578730931265,71.3879995294898,0.11322,0.2,2000,1339,0,1339,0.6695,0.195271294607692,0.00650070067554343
2098,509,0.140251472553025,0.341578730931265,71.3879995294898,0.11322,0.4,2000,1408,0,1408,0.704,0.400650282670455,0.00577549806150319
2098,509,0.140251472553025,0.341578730931265,71.3879995294898,0.11322,0.6,2000,1386,4,1382,0.693,0.579339830231548,0.00583928751043468
2098,509,0.140251472553025,0.341578730931265,71.3879995294898,0.11322,0.8,2000,1356,36,1320,0.678,0.750539945984849,0.00514464057457398
2108,441,0.141438116835064,0.340306230797747,62.3742095242631,0.11322,-0.8,2000,1278,51,1227,0.639,-0.702667778810106,0.00634631859679459
2108,441,0.141438116835064,0.340306230797747,62.3742095242631,0.11322,-0.6,2000,1258,14,1244,0.629,-0.540418684847267,0.00695502460915043
2108,441,0.141438116835064,0.340306230797747,62.3742095242631,0.11322,-0.4,2000,1268,7,1261,0.634,-0.350457354722442,0.00716479823183232
2108,441,0.141438116835064,0.340306230797747,62.3742095242631,0.11322,-0.2,2000,1268,0,1268,0.634,-0.174054174836751,0.00692143371698244
2108,441,0.141438116835064,0.340306230797747,62.3742095242631,0.11322,0,2000,1272,0,1272,0.636,0.0125265953930818,0.00686992099225406
2108,441,0.141438116835064,0.340306230797747,62.3742095242631,0.11322,0.2,2000,1318,0,1318,0.659,0.18455769104173,0.00648615355789753
2108,441,0.141438116835064,0.340306230797747,62.3742095242631,0.11322,0.4,2000,1276,0,1276,0.638,0.398166000868339,0.00677549244470408
2108,441,0.141438116835064,0.340306230797747,62.3742095242631,0.11322,0.6,2000,1303,6,1297,0.6515,0.56593195226677,0.006390561604923
2108,441,0.141438116835064,0.340306230797747,62.3742095242631,0.11322,0.8,2000,1295,29,1266,0.6475,0.734740195418641,0.0056795550189721
2196,277,0.208534436745727,0.34198785522224,57.7640389785664,0.11322,-0.8,2000,1396,87,1309,0.698,-0.704213277341482,0.0063381188340744
2196,277,0.208534436745727,0.34198785522224,57.7640389785664,0.11322,-0.6,2000,1414,27,1387,0.707,-0.550652239420332,0.00710431342444743
2196,277,0.208534436745727,0.34198785522224,57.7640389785664,0.11322,-0.4,2000,1459,9,1450,0.7295,-0.371025264262069,0.00722786302788069
2196,277,0.208534436745727,0.34198785522224,57.7640389785664,0.11322,-0.2,2000,1417,1,1416,0.7085,-0.171826447641949,0.00766126686091996
2196,277,0.208534436745727,0.34198785522224,57.7640389785664,0.11322,0,2000,1457,0,1457,0.7285,0.0113350718943034,0.00710568133168304
2196,277,0.208534436745727,0.34198785522224,57.7640389785664,0.11322,0.2,2000,1386,0,1386,0.693,0.194562872082468,0.00751821523713975
2196,277,0.208534436745727,0.34198785522224,57.7640389785664,0.11322,0.4,2000,1437,1,1436,0.7185,0.4039568365961,0.00685145464917578
2196,277,0.208534436745727,0.34198785522224,57.7640389785664,0.11322,0.6,2000,1415,22,1393,0.7075,0.580706366740847,0.00638827474941913
2196,277,0.208534436745727,0.34198785522224,57.7640389785664,0.11322,0.8,2000,1390,62,1328,0.695,0.753133704743976,0.00538609716263485
2199,418,0.141389843107329,0.340871997750179,59.1009544188635,0.11322,-0.8,2000,1207,41,1166,0.6035,-0.692592798370497,0.0066838476773934
2199,418,0.141389843107329,0.340871997750179,59.1009544188635,0.11322,-0.6,2000,1202,10,1192,0.601,-0.535293681157718,0.00739872334445814
2199,418,0.141389843107329,0.340871997750179,59.1009544188635,0.11322,-0.4,2000,1228,3,1225,0.614,-0.35161699394449,0.00765593156911186
2199,418,0.141389843107329,0.340871997750179,59.1009544188635,0.11322,-0.2,2000,1189,0,1189,0.5945,-0.173328763195122,0.00759264373244526
2199,418,0.141389843107329,0.340871997750179,59.1009544188635,0.11322,0,2000,1230,0,1230,0.615,0.0204299216391057,0.00707015213131809
2199,418,0.141389843107329,0.340871997750179,59.1009544188635,0.11322,0.2,2000,1233,0,1233,0.6165,0.204766421624493,0.00730312210186117
2199,418,0.141389843107329,0.340871997750179,59.1009544188635,0.11322,0.4,2000,1215,0,1215,0.6075,0.388848720329218,0.00715054890519701
2199,418,0.141389843107329,0.340871997750179,59.1009544188635,0.11322,0.6,2000,1249,5,1244,0.6245,0.572117851192444,0.0065120166243027
2199,418,0.141389843107329,0.340871997750179,59.1009544188635,0.11322,0.8,2000,1223,31,1192,0.6115,0.728627922793624,0.00593446904434751
2236,305,0.139930251296233,0.337805418419726,42.6787266453509,0.11322,-0.8,2000,940,40,900,0.47,-0.655450070244444,0.0084483519550313
2236,305,0.139930251296233,0.337805418419726,42.6787266453509,0.11322,-0.6,2000,980,14,966,0.49,-0.494898852549689,0.00862868715834963
2236,305,0.139930251296233,0.337805418419726,42.6787266453509,0.11322,-0.4,2000,981,1,980,0.4905,-0.314744362364286,0.00876075699355015
2236,305,0.139930251296233,0.337805418419726,42.6787266453509,0.11322,-0.2,2000,1000,2,998,0.5,-0.169291115013327,0.0093364265049822
2236,305,0.139930251296233,0.337805418419726,42.6787266453509,0.11322,0,2000,999,1,998,0.4995,0.0149343651603206,0.00894214452676856
2236,305,0.139930251296233,0.337805418419726,42.6787266453509,0.11322,0.2,2000,996,0,996,0.498,0.208734783548293,0.00891803766949288
2236,305,0.139930251296233,0.337805418419726,42.6787266453509,0.11322,0.4,2000,1017,1,1016,0.5085,0.368182290257874,0.00786412608452
2236,305,0.139930251296233,0.337805418419726,42.6787266453509,0.11322,0.6,2000,964,8,956,0.482,0.526859167834728,0.00818346737614827
2236,305,0.139930251296233,0.337805418419726,42.6787266453509,0.11322,0.8,2000,986,35,951,0.493,0.705755360147213,0.00722952142625009
2246,404,0.140102497520643,0.336935450302223,56.6014089983398,0.11322,-0.8,2000,1214,47,1167,0.607,-0.688500832819194,0.00668455261809458
2246,404,0.140102497520643,0.336935450302223,56.6014089983398,0.11322,-0.6,2000,1191,16,1175,0.5955,-0.527291507438298,0.00767929514782569
2246,404,0.140102497520643,0.336935450302223,56.6014089983398,0.11322,-0.4,2000,1199,3,1196,0.5995,-0.345677873987458,0.00756009325072687
2246,404,0.140102497520643,0.336935450302223,56.6014089983398,0.11322,-0.2,2000,1180,0,1180,0.59,-0.17324272540678,0.00786322060974672
2246,404,0.140102497520643,0.336935450302223,56.6014089983398,0.11322,0,2000,1194,0,1194,0.597,-0.00108819344974874,0.0076856844388446
2246,404,0.140102497520643,0.336935450302223,56.6014089983398,0.11322,0.2,2000,1213,0,1213,0.6065,0.19257919557535,0.00746620594634432
2246,404,0.140102497520643,0.336935450302223,56.6014089983398,0.11322,0.4,2000,1175,2,1173,0.5875,0.39029377871185,0.00733951781212102
2246,404,0.140102497520643,0.336935450302223,56.6014089983398,0.11322,0.6,2000,1153,3,1150,0.5765,0.549916332669565,0.00699130282413953
2246,404,0.140102497520643,0.336935450302223,56.6014089983398,0.11322,0.8,2000,1193,52,1141,0.5965,0.719920486765995,0.00604895589965152
2284,425,0.141816263204897,0.341291897913538,60.2719118620813,0.11322,-0.8,2000,1227,54,1173,0.6135,-0.706663598209719,0.0065428959833307
2284,425,0.141816263204897,0.341291897913538,60.2719118620813,0.11322,-0.6,2000,1251,20,1231,0.6255,-0.523111135235581,0.00721975357195546
2284,425,0.141816263204897,0.341291897913538,60.2719118620813,0.11322,-0.4,2000,1240,4,1236,0.62,-0.367441674495955,0.00732756994884306
2284,425,0.141816263204897,0.341291897913538,60.2719118620813,0.11322,-0.2,2000,1270,0,1270,0.635,-0.183724712191181,0.00707878849936635
2284,425,0.141816263204897,0.341291897913538,60.2719118620813,0.11322,0,2000,1202,0,1202,0.601,0.0110130180174709,0.00734495711595875
2284,425,0.141816263204897,0.341291897913538,60.2719118620813,0.11322,0.2,2000,1238,0,1238,0.619,0.200750184243134,0.00673051945613393
2284,425,0.141816263204897,0.341291897913538,60.2719118620813,0.11322,0.4,2000,1218,0,1218,0.609,0.387425140714286,0.00674019886893866
2284,425,0.141816263204897,0.341291897913538,60.2719118620813,0.11322,0.6,2000,1270,6,1264,0.635,0.566294036867089,0.00624651432786169
2284,425,0.141816263204897,0.341291897913538,60.2719118620813,0.11322,0.8,2000,1261,36,1225,0.6305,0.73106850957551,0.0058280508050966
2341,283,0.140806801181401,0.335302610738629,39.8483247343366,0.11322,-0.8,2000,951,48,903,0.4755,-0.631128916067553,0.00864469929531216
2341,283,0.140806801181401,0.335302610738629,39.8483247343366,0.11322,-0.6,2000,955,19,936,0.4775,-0.478030324944124,0.0087083264048713
2341,283,0.140806801181401,0.335302610738629,39.8483247343366,0.11322,-0.4,2000,930,3,927,0.465,-0.325509939892125,0.00938238966163697
2341,283,0.140806801181401,0.335302610738629,39.8483247343366,0.11322,-0.2,2000,899,1,898,0.4495,-0.156276680188753,0.0095598061919491
2341,283,0.140806801181401,0.335302610738629,39.8483247343366,0.11322,0,2000,920,0,920,0.46,0.0165400711706522,0.00965001178146959
2341,283,0.140806801181401,0.335302610738629,39.8483247343366,0.11322,0.2,2000,939,0,939,0.4695,0.195503246682641,0.00940884870779362
2341,283,0.140806801181401,0.335302610738629,39.8483247343366,0.11322,0.4,2000,924,3,921,0.462,0.377693448358306,0.00904744964375114
2341,283,0.140806801181401,0.335302610738629,39.8483247343366,0.11322,0.6,2000,936,9,927,0.468,0.547556203106796,0.00832401839099825
2341,283,0.140806801181401,0.335302610738629,39.8483247343366,0.11322,0.8,2000,938,25,913,0.469,0.682889697371303,0.0076751874994551
2356,375,0.140691984885033,0.335463843915326,52.7594943318873,0.11322,-0.8,2000,1157,37,1120,0.5785,-0.681808492629464,0.00695200884099371
2356,375,0.140691984885033,0.335463843915326,52.7594943318873,0.11322,-0.6,2000,1156,11,1145,0.578,-0.514247667126638,0.00760899336285977
2356,375,0.140691984885033,0.335463843915326,52.7594943318873,0.11322,-0.4,2000,1126,3,1123,0.563,-0.350538615872662,0.00783156997777508
2356,375,0.140691984885033,0.335463843915326,52.7594943318873,0.11322,-0.2,2000,1145,0,1145,0.5725,-0.16084471969607,0.00827398413837572
2356,375,0.140691984885033,0.335463843915326,52.7594943318873,0.11322,0,2000,1131,0,1131,0.5655,0.0131138860004421,0.0081433686220781
2356,375,0.140691984885033,0.335463843915326,52.7594943318873,0.11322,0.2,2000,1147,0,1147,0.5735,0.20014821413252,0.0076468074680619
2356,375,0.140691984885033,0.335463843915326,52.7594943318873,0.11322,0.4,2000,1111,1,1110,0.5555,0.376788557531532,0.00777745303311052
2356,375,0.140691984885033,0.335463843915326,52.7594943318873,0.11322,0.6,2000,1117,4,1113,0.5585,0.559704146819407,0.00720852903401381
2356,375,0.140691984885033,0.335463843915326,52.7594943318873,0.11322,0.8,2000,1168,37,1131,0.584,0.718811017328028,0.00633363625737251
2358,359,0.186121284489045,0.340439996005431,66.8175411315672,0.11322,-0.8,2000,1493,98,1395,0.7465,-0.711861171243011,0.00599657158745004
2358,359,0.186121284489045,0.340439996005431,66.8175411315672,0.11322,-0.6,2000,1506,20,1486,0.753,-0.567520779528937,0.00641891224164961
2358,359,0.186121284489045,0.340439996005431,66.8175411315672,0.11322,-0.4,2000,1514,11,1503,0.757,-0.385351301920825,0.00670809643107206
2358,359,0.186121284489045,0.340439996005431,66.8175411315672,0.11322,-0.2,2000,1497,1,1496,0.7485,-0.195398470428483,0.00680924499648408
2358,359,0.186121284489045,0.340439996005431,66.8175411315672,0.11322,0,2000,1508,0,1508,0.754,-0.000243755517904509,0.00635103813030979
2358,359,0.186121284489045,0.340439996005431,66.8175411315672,0.11322,0.2,2000,1441,0,1441,0.7205,0.198689359389382,0.00661176509351431
2358,359,0.186121284489045,0.340439996005431,66.8175411315672,0.11322,0.4,2000,1487,1,1486,0.7435,0.393796431227456,0.00629246362114586
2358,359,0.186121284489045,0.340439996005431,66.8175411315672,0.11322,0.6,2000,1482,17,1465,0.741,0.587839083250512,0.00575274142100993
2358,359,0.186121284489045,0.340439996005431,66.8175411315672,0.11322,0.8,2000,1483,59,1424,0.7415,0.751686666109551,0.00526074994914605
2368,298,0.141554051393707,0.338724003589899,42.1831073153248,0.11322,-0.8,2000,939,49,890,0.4695,-0.636197671102247,0.00865624966151476
2368,298,0.141554051393707,0.338724003589899,42.1831073153248,0.11322,-0.6,2000,935,9,926,0.4675,-0.509389235691145,0.00882168943307259
2368,298,0.141554051393707,0.338724003589899,42.1831073153248,0.11322,-0.4,2000,969,4,965,0.4845,-0.328055503966839,0.00915626371820752
2368,298,0.141554051393707,0.338724003589899,42.1831073153248,0.11322,-0.2,2000,972,0,972,0.486,-0.15806044200823,0.00896856320843475
2368,298,0.141554051393707,0.338724003589899,42.1831073153248,0.11322,0,2000,959,1,958,0.4795,0.00611581411482255,0.00931357112748341
2368,298,0.141554051393707,0.338724003589899,42.1831073153248,0.11322,0.2,2000,975,0,975,0.4875,0.188064519397949,0.00892193575903886
2368,298,0.141554051393707,0.338724003589899,42.1831073153248,0.11322,0.4,2000,967,0,967,0.4835,0.388826988335057,0.00905605239146183
2368,298,0.141554051393707,0.338724003589899,42.1831073153248,0.11322,0.6,2000,941,4,937,0.4705,0.551094539026681,0.00821013173690775
2368,298,0.141554051393707,0.338724003589899,42.1831073153248,0.11322,0.8,2000,961,34,927,0.4805,0.689695640560949,0.00729980773282166
2377,167,0.141006791028282,0.344004601172684,23.5481341017231,0.11322,-0.8,2000,579,27,552,0.2895,-0.542373653768116,0.0126648483030679
2377,167,0.141006791028282,0.344004601172684,23.5481341017231,0.11322,-0.6,2000,591,8,583,0.2955,-0.427574731907376,0.0131988997179836
2377,167,0.141006791028282,0.344004601172684,23.5481341017231,0.11322,-0.4,2000,603,4,599,0.3015,-0.264720150098497,0.0140082934606161
2377,167,0.141006791028282,0.344004601172684,23.5481341017231,0.11322,-0.2,2000,617,0,617,0.3085,-0.109428547601297,0.012988152236553
2377,167,0.141006791028282,0.344004601172684,23.5481341017231,0.11322,0,2000,551,0,551,0.2755,0.00876557079854809,0.0142755241515536
2377,167,0.141006791028282,0.344004601172684,23.5481341017231,0.11322,0.2,2000,613,1,612,0.3065,0.195718648186275,0.0122232625446383
2377,167,0.141006791028282,0.344004601172684,23.5481341017231,0.11322,0.4,2000,590,2,588,0.295,0.372228229387755,0.012796717883378
2377,167,0.141006791028282,0.344004601172684,23.5481341017231,0.11322,0.6,2000,570,9,561,0.285,0.517079141087344,0.0122471088478336
2377,167,0.141006791028282,0.344004601172684,23.5481341017231,0.11322,0.8,2000,614,16,598,0.307,0.652299628729097,0.0108099981783805
2462,140,0.141435086476373,0.338596008537058,19.8009121066923,0.11322,-0.8,2000,464,13,451,0.232,-0.52609950368071,0.0142738086905226
2462,140,0.141435086476373,0.338596008537058,19.8009121066923,0.11322,-0.6,2000,497,5,492,0.2485,-0.410390378546748,0.0135492554589825
2462,140,0.141435086476373,0.338596008537058,19.8009121066923,0.11322,-0.4,2000,489,1,488,0.2445,-0.267812659241803,0.0156239314610431
2462,140,0.141435086476373,0.338596008537058,19.8009121066923,0.11322,-0.2,2000,495,1,494,0.2475,-0.109306611036437,0.0152319372552779
2462,140,0.141435086476373,0.338596008537058,19.8009121066923,0.11322,0,2000,508,1,507,0.254,0.0721967156449704,0.0148718265476348
2462,140,0.141435086476373,0.338596008537058,19.8009121066923,0.11322,0.2,2000,495,1,494,0.2475,0.20178341265587,0.0158790064280244
2462,140,0.141435086476373,0.338596008537058,19.8009121066923,0.11322,0.4,2000,496,3,493,0.248,0.365204647281947,0.0146978680215503
2462,140,0.141435086476373,0.338596008537058,19.8009121066923,0.11322,0.6,2000,522,10,512,0.261,0.498896965078125,0.0138088973153689
2462,140,0.141435086476373,0.338596008537058,19.8009121066923,0.11322,0.8,2000,492,14,478,0.246,0.603411161506276,0.0132757074945077
2475,229,0.140659984348947,0.33278033968358,32.2111364159088,0.11322,-0.8,2000,767,39,728,0.3835,-0.604779360398352,0.00984937146571353
2475,229,0.140659984348947,0.33278033968358,32.2111364159088,0.11322,-0.6,2000,739,8,731,0.3695,-0.476325563529412,0.0111892985856745
2475,229,0.140659984348947,0.33278033968358,32.2111364159088,0.11322,-0.4,2000,786,3,783,0.393,-0.293250650365262,0.0109568241681248
2475,229,0.140659984348947,0.33278033968358,32.2111364159088,0.11322,-0.2,2000,783,1,782,0.3915,-0.129223659241688,0.0107395570961696
2475,229,0.140659984348947,0.33278033968358,32.2111364159088,0.11322,0,2000,742,1,741,0.371,0.0319339306302294,0.0110096131568871
2475,229,0.140659984348947,0.33278033968358,32.2111364159088,0.11322,0.2,2000,798,0,798,0.399,0.196733763256892,0.010481824264416
2475,229,0.140659984348947,0.33278033968358,32.2111364159088,0.11322,0.4,2000,815,2,813,0.4075,0.384557266505535,0.0106834501998048
2475,229,0.140659984348947,0.33278033968358,32.2111364159088,0.11322,0.6,2000,786,9,777,0.393,0.513625602355212,0.0103581789042443
2475,229,0.140659984348947,0.33278033968358,32.2111364159088,0.11322,0.8,2000,795,23,772,0.3975,0.656764198562176,0.0092800193096692
2495,375,0.32064767702869,0.335852533032124,120.242878885759,0.11322,-0.8,2000,1947,140,1807,0.9735,-0.778824975539568,0.00423274115628642
2495,375,0.32064767702869,0.335852533032124,120.242878885759,0.11322,-0.6,2000,1965,25,1940,0.9825,-0.609443925463918,0.0049609386842494
2495,375,0.32064767702869,0.335852533032124,120.242878885759,0.11322,-0.4,2000,1957,8,1949,0.9785,-0.426608189141098,0.0052654887741899
2495,375,0.32064767702869,0.335852533032124,120.242878885759,0.11322,-0.2,2000,1946,0,1946,0.973,-0.211476512089003,0.0049609998277812
2495,375,0.32064767702869,0.335852533032124,120.242878885759,0.11322,0,2000,1962,0,1962,0.981,0.00113765890005097,0.00488621577623503
2495,375,0.32064767702869,0.335852533032124,120.242878885759,0.11322,0.2,2000,1957,0,1957,0.9785,0.211328088102708,0.00480953616889645
2495,375,0.32064767702869,0.335852533032124,120.242878885759,0.11322,0.4,2000,1955,1,1954,0.9775,0.411537536642784,0.00457807676106445
2495,375,0.32064767702869,0.335852533032124,120.242878885759,0.11322,0.6,2000,1960,7,1953,0.98,0.61447960844342,0.0044920869378962
2495,375,0.32064767702869,0.335852533032124,120.242878885759,0.11322,0.8,2000,1955,56,1899,0.9775,0.802940636124276,0.00362415646590927
