locus,chr,K,p_1,p_2,theta_1,theta_2,slope,intercept,floored,rho_hat,rho_corrected,rho_corrected_unclipped,rho_lower,rho_upper,ci_width,ci_width_corrected
2,1,175,0.0147453,0.00500927,0.06308543928356362,0.21178120273241846,0.5201351064082391,0.19541019204531487,False,0.443188,0.4763720135441338,0.4763720135441338,-0.39737,1.0,1.39737,2.6865519800219837
3,1,293,0.0175079,5.39564e-07,0.02092338556619603,0.45829596415573814,0.3892338907862774,0.11827912509534173,False,0.44845,0.8482582907610947,0.8482582907610947,-0.08032,1.0,1.08032,2.7755034326987413
7,1,330,0.00186775,0.00048603,0.21099155642037032,0.2641465242798711,0.9332565778543266,0.03388353726331701,False,0.401998,0.39444079095914236,0.39444079095914236,-0.16861,0.97794,1.14655,1.2285474618738415
8,1,319,0.00332005,0.0017559,0.18434911854386551,0.21748988593387045,0.8798526474132354,0.06080252642973231,False,0.32541,0.30074066873380784,0.30074066873380784,-0.34695,0.94416,1.29111,1.4674161676911015
9,1,506,0.0221707,0.00056876,0.0,0.208961857870446,0.0,0.1830242010825768,True,0.154751,-1.0,-inf,-0.74673,0.83527,1.5819999999999999,
14,1,367,0.0252388,0.0251949,0.0,0.0,0.0,0.42776,True,0.0112371,-1.0,-inf,-1.0,0.86883,1.86883,
15,1,416,0.0176034,0.000120097,0.017812858015191852,0.2722470472718023,0.3801162512143714,0.14474655158162683,False,0.0441598,-0.26462102385856595,-0.26462102385856595,-0.82644,0.62468,1.45112,3.817568955192137
23,1,261,4.11415e-05,2.72261e-05,0.3794974981308575,0.39114483185200927,0.9928612160216796,0.004221641548587479,False,0.100895,0.09736845078789098,0.09736845078789098,-0.41977,0.50249,0.92226,0.9288911532826576
26,1,515,0.000756395,0.00940526,0.19919858016040162,0.08520806220015194,0.760411606098108,0.09326705014539766,False,0.0526742,-0.0533827335351854,-0.0533827335351854,-0.82339,0.64829,1.47168,1.935372879895424
27,1,427,6.1892e-07,0.000961609,0.3715409097036839,0.21044426638477515,0.969258873868444,0.01248416333863055,False,0.0370213,0.025315359315141887,0.025315359315141887,-0.51628,0.43969,0.95597,0.9862896546766641
29,1,360,0.000151604,0.0047025,0.28704001756386016,0.15338946973648016,0.8866840325867426,0.04735731735043662,False,0.263705,0.24399636702423477,0.24399636702423477,-0.39,0.83865,1.22865,1.3856683495423197
30,1,403,2.72937e-06,0.00037015,0.3563997644561404,0.24675409545550495,0.9832091426121715,0.007771022619480588,False,0.0857707,0.07933172506237211,0.07933172506237211,-0.43743,0.48855,0.92598,0.9417935206947669
31,1,312,0.0112313,0.000426853,0.08640647361521,0.27636010385836385,0.714409606650736,0.10152147909555231,False,-0.337482,-0.6144982864293627,-0.6144982864293627,-1.0,0.23639,1.23639,1.7306458206747664
32,1,335,0.0311218,3.17893e-07,0.0,0.436179124828729,0.0,0.13346205937730715,True,0.048633,-1.0,-inf,-0.7529,0.62734,1.3802400000000001,
33,1,345,0.00296792,0.0100836,0.18358762726966332,0.09439219511892445,0.7080871339695676,0.1277747740911517,False,-0.283325,-0.5805779463701145,-0.5805779463701145,-1.0,0.31652,1.3165200000000001,1.8592627048870827
36,1,483,0.000658712,5.84821e-16,0.2095760630040992,0.6103633169016086,0.9764085123655757,0.007331076914023458,False,0.29737,0.29704669655459076,0.29704669655459076,-0.04692,0.62902,0.67594,0.6922717197153258
37,1,241,0.000377101,0.0217561,0.3209545155433412,0.0,0.0,0.17576027025281735,True,0.126873,-1.0,-inf,-0.82861,0.80718,1.63579,
38,1,285,0.00017789,1.34086e-05,0.3191929717648471,0.39125666189824526,0.988113666421743,0.006404233262258464,False,0.492178,0.491617293885707,0.491617293885707,0.0803,0.93562,0.85532,0.8656089163277855
39,1,315,0.000630236,0.000172917,0.2612177368022305,0.30376047672346984,0.9680693779198778,0.01702713176383308,False,0.320226,0.31319952386848576,0.31319952386848576,-0.20131,0.80598,1.00729,1.0405142678558812
40,1,385,0.000561466,0.010857,0.23970061723062844,0.08245210856644836,0.7224234648897031,0.10137970715113394,False,0.45805,0.4937136045315488,0.4937136045315488,-0.16743,1.0,1.16743,1.6159912526903302
43,1,304,5.76704e-07,0.00538504,0.44774970611171805,0.1565146124166701,0.8813397006352407,0.039351593695798805,False,-0.0651718,-0.11859603467364714,-0.11859603467364714,-0.74978,0.39272,1.1425,1.2963219507489834
44,1,218,0.00520478,0.0239185,0.1867590580849001,0.0,0.0,0.25156451322610623,True,0.534175,1.0,inf,-0.25672,1.0,1.25672,
46,1,483,0.000561168,7.90574e-06,0.21415207272189388,0.30578815706279266,0.9772889538311658,0.01039695713091962,False,0.218664,0.21310692406031237,0.21310692406031237,-0.27201,0.64086,0.91287,0.934084025427044
48,1,287,1.72009e-06,1.5288e-07,0.43815278163113447,0.4900069794378146,0.9992287936999559,0.0004626312922278507,False,0.378583,0.3784122025824173,0.3784122025824173,0.04186,0.70752,0.66566,0.6661737573986299
51,1,421,0.00157183,0.0020853,0.19408947965963969,0.1826619825806381,0.905151299898085,0.048096496789313326,False,0.295892,0.2737614178299109,0.2737614178299109,-0.34036,0.88619,1.22655,1.3550773225847468
52,1,386,3.32831e-06,0.00253682,0.3608337563016918,0.18153598917692587,0.9369187456604605,0.024412990989982078,False,0.497325,0.5047524251173445,0.5047524251173445,0.06286,1.0,0.93714,1.0002361510435822
53,1,509,0.017769,0.000202853,0.015473868825314846,0.2341641261342237,0.36701115408958945,0.15093832553926545,False,0.500169,0.9515532990462884,0.9515532990462884,-0.09512,1.0,1.09512,2.9838875134914162
55,1,407,0.00926258,0.0155182,0.09565200712373732,0.03747334024296344,0.4198469185630503,0.24571688109877848,False,-0.307512,-1.0,-1.317691893493551,-1.0,0.37173,1.37173,3.2672146426483804
58,1,269,7.53875e-06,0.00390889,0.41832328430265875,0.18960693984908075,0.9111164242611985,0.03405837835624909,False,0.00109557,-0.036178481123285436,-0.036178481123285436,-0.68892,0.4751,1.16402,1.2775754766399636
60,1,364,2.59998e-09,0.000628154,0.49885812450030703,0.24283459764407508,0.9774716636775185,0.008581105724638684,False,0.403251,0.403766072144234,0.403766072144234,0.02852,0.8036,0.77508,0.7929437024127481
61,1,269,2.09308e-06,0.00220218,0.44937696674043465,0.2248241707082169,0.9449126653807814,0.02200270744076926,False,0.452982,0.4561048955625486,0.4561048955625486,-0.00569,0.96584,0.97153,1.02816909498032
62,1,164,4.10713e-06,2.22204e-05,0.5703535147205313,0.5119410631779902,0.9963124832427382,0.0023591216842181167,False,0.813229,0.8138710414192655,0.8138710414192655,0.4846,1.0,0.5154000000000001,0.5173075803712777
64,1,154,0.0151921,0.00865014,0.06006695830169553,0.15927719292373438,0.4514600103325675,0.238790088559285,False,0.171292,-0.14951066985880454,-0.14951066985880454,-0.91547,0.98837,1.90384,4.217073398367085
65,1,218,0.00555901,0.00270567,0.18087330782249653,0.23669026613279234,0.8232422160597962,0.08890886881795405,False,0.353877,0.3218592608749306,0.3218592608749306,-0.38354,1.0,1.38354,1.680598945255629
66,1,232,0.0217692,0.000520336,0.0,0.3141965324423806,0.0,0.18048571846221723,True,0.912517,1.0,inf,0.39898,1.0,0.60102,
70,1,419,0.0051418,0.0032527,0.13748369042285755,0.1627085813564627,0.8164168263605859,0.08932807930174483,False,0.346996,0.31560829269882207,0.31560829269882207,-0.36442,1.0,1.36442,1.6712296414593717
71,1,328,0.0280093,0.00249233,0.0,0.19745391765262532,0.0,0.21762109241557165,True,0.444562,1.0,inf,-0.34456,1.0,1.34456,
72,1,262,0.000748964,2.02094e-07,0.2800126103736498,0.5093520071683667,0.9750194455908491,0.010538105040853547,False,0.232814,0.22797073018830938,0.22797073018830938,-0.2323,0.65164,0.88394,0.9065870470556039
73,1,397,0.0241262,5.59272e-05,0.0,0.2971027133770334,0.0,0.1575493384779463,True,0.0783004,-1.0,-inf,-0.78506,0.68017,1.46523,
74,1,178,0.000325421,0.00015274,0.3837691419091209,0.41668072586713367,0.9776241194261308,0.013273036210371101,False,-0.0937769,-0.10950009731062059,-0.10950009731062059,-0.80045,0.36337,1.16382,1.1904575356458749
78,1,324,0.00316053,0.0149932,0.18577619836367146,0.0462840594766523,0.5239725638737196,0.17603799285787045,False,-0.269877,-0.8510273697562121,-0.8510273697562121,-1.0,0.36615,1.36615,2.60729300385516
83,1,296,0.000562868,2.77318e-09,0.2739299060562308,0.5586687289037768,0.9793439503390722,0.008094087296149573,False,0.494212,0.49637097623929244,0.49637097623929244,0.13104,0.90678,0.7757400000000001,0.7921016918840623
84,1,316,3.14927e-07,8.46169e-06,0.4504977498902113,0.38084168685506303,0.9981812411082046,0.0010193903129324833,False,0.47082,0.4706566206007676,0.4706566206007676,0.12719,0.80766,0.68047,0.6817098658801943
85,1,414,1.0007e-10,0.00238905,0.5116669914780956,0.17821676768494005,0.9404946210891496,0.018790558827541052,False,0.331545,0.3325425091855075,0.3325425091855075,-0.06542,0.77012,0.8355400000000001,0.888404868315349
87,1,154,0.0336385,2.12349e-05,0.0,0.5319582407357133,0.0,0.14866791537836427,True,-0.176928,-1.0,-inf,-1.0,0.45206,1.45206,
88,1,339,0.0011692,0.00146311,0.2283730069895135,0.21904155722389743,0.9260927214227895,0.038634196829442476,False,0.64966,0.6597890136009456,0.6597890136009456,0.14598,1.0,0.85402,0.9221754801052086
91,1,169,0.0373685,0.000794365,0.0,0.3489716451607537,0.0,0.18751983468520877,True,0.187734,1.0,inf,-0.84306,0.98687,1.82993,
92,1,208,0.0369223,0.0016392,0.0,0.274102246616635,0.0,0.20441629932496252,True,0.369003,1.0,inf,-0.49746,1.0,1.49746,
93,1,212,0.029789,0.0373595,0.0,0.0,0.0,0.42776,True,0.468546,1.0,inf,-0.68235,1.0,1.68235,
96,1,291,0.0340021,0.00104671,0.0,0.2514681592506702,0.0,0.1936698432484062,True,0.519843,1.0,inf,-0.19824,1.0,1.19824,
98,1,459,0.000272,7.94725e-08,0.2392375915931338,0.38972629575514517,0.9867045394924856,0.005635611859630136,False,0.0699276,0.06515829771436812,0.06515829771436812,-0.37854,0.43393,0.81247,0.8234177177474996
101,1,401,6.02153e-10,8.0163e-05,0.49480381141833396,0.2871954913509293,0.9938554604687718,0.0025995485677890854,False,0.544808,0.5455606705390212,0.5455606705390212,0.22621,0.89239,0.66618,0.6702986767168164
103,1,313,0.026211,0.00144277,0.0,0.2285858791400056,0.0,0.2012606475373822,True,-0.299065,-1.0,-inf,-1.0,0.34362,1.34362,
104,1,264,0.00803324,0.00144288,0.13140821303486225,0.2491079167203499,0.7882252877919799,0.09403664072168236,False,0.0847017,-0.011842985585798577,-0.011842985585798577,-0.80222,0.71732,1.5195400000000001,1.9277990994892074
109,1,175,0.000170962,0.00626902,0.4157971497436226,0.1886299769030141,0.8587997925674822,0.05911644955464649,False,0.521351,0.5382331882771529,0.5382331882771529,-0.02872,1.0,1.02872,1.1978577648750026
110,1,271,0.00469912,0.0107378,0.17582141070550977,0.09761714197596773,0.6653947497297135,0.1518556782529548,False,0.053269,-0.1481626933380541,-0.1481626933380541,-1.0,0.75431,1.75431,2.6364951041657743
113,1,527,3.11543e-05,2.3775e-06,0.2682393650932062,0.31196155174328866,0.995730521564061,0.0022295282675842075,False,-0.0943998,-0.09704365405592069,-0.09704365405592069,-0.57845,0.27497,0.8534200000000001,0.8570792815102983
114,1,404,0.0294279,0.00555387,0.0,0.13491369510209877,0.0,0.255144375976844,True,-0.195414,-1.0,-inf,-1.0,0.50872,1.5087199999999998,
116,1,265,0.000469051,0.00959763,0.2971600963971078,0.11202556640848767,0.764934603195221,0.09020424798961217,False,-0.56942,-0.8623276358976111,-0.8623276358976111,-1.0,0.0075,1.0075,1.3171060582062246
120,1,178,0.0215071,0.00466649,0.0,0.21674703442814042,0.0,0.2453518490846446,True,0.522554,1.0,inf,-0.29933,1.0,1.2993299999999999,
121,1,256,0.0116357,0.00238003,0.08960328491670959,0.22601131282702214,0.6723920255932742,0.13535799043613236,False,-0.250903,-0.5744580181410113,-0.5744580181410113,-1.0,0.3843,1.3843,2.0587692109801354
122,1,328,0.0107895,0.00345719,0.08912406991434178,0.17952826014855286,0.6808120262826065,0.13923899452106794,False,0.845562,1.0,1.037471399169638,0.31307,1.0,0.68693,1.0089862891388672
124,1,192,0.000222211,0.00261413,0.384778192246494,0.2548482835416677,0.9287273155477539,0.03543874833354527,False,0.464719,0.46222421208023756,0.46222421208023756,-0.08642,1.0,1.08642,1.1697943861586977
125,1,335,0.00133044,0.0182476,0.22439246009159564,0.012321781780315308,0.2971911092517132,0.1856044441549342,False,-0.343481,-1.0,-1.7802869187005606,-1.0,0.2761,1.2761,4.293870039426974
129,1,295,0.000752056,1.24045e-08,0.26328598551253446,0.5317657190303275,0.9748744380040917,0.009866792011846561,False,0.255082,0.2515351705089268,0.2515351705089268,-0.18668,0.6687,0.85538,0.877425816755706
130,1,275,0.0140027,0.000262521,0.06043673175252593,0.31228472906843646,0.6105918602497206,0.11927840559150471,False,0.0282085,-0.1491502123108206,-0.1491502123108206,-0.90775,0.61731,1.5250599999999999,2.4976749597943857
131,1,179,0.000242334,0.0480786,0.39580863024376256,0.0,0.0,0.16958904593557006,True,0.719778,1.0,inf,0.08942,1.0,0.91058,
132,1,243,0.00104314,0.00592928,0.2759404899191368,0.16598820796716549,0.8436633657306071,0.0729779674142729,False,0.65759,0.6929446700337129,0.6929446700337129,0.09832,1.0,0.90168,1.0687675163175432
134,1,225,0.000134816,0.001066,0.37171444227553124,0.28604312084195777,0.9606981394215988,0.020751783998640503,False,0.282436,0.272389635477914,0.272389635477914,-0.31096,0.78267,1.09363,1.138370061441396
136,1,267,0.0291519,0.00244536,0.0,0.2197489769024247,0.0,0.21691840090511427,True,0.510393,1.0,inf,-0.24465,1.0,1.24465,
137,1,317,0.00263492,0.0084102,0.1978460535491977,0.11643447251938124,0.7577807326733415,0.11041146279698144,False,0.583311,0.6240585393807745,0.6240585393807745,-0.01923,1.0,1.01923,1.3450196818864781
138,1,334,0.0106801,3.70098e-13,0.08954737543379235,0.6627327647265052,0.7450540023212782,0.05593229934222609,False,0.404326,0.4676086559797332,0.4676086559797332,-0.01081,0.95592,0.96673,1.2975301078687875
139,1,241,0.000130793,0.00317966,0.3593429760332011,0.2145570681689761,0.9196726626436225,0.03675397377533336,False,0.201411,0.1790387307494341,0.1790387307494341,-0.44737,0.73641,1.18378,1.2871753701987774
140,1,235,0.0398832,0.000993929,0.0,0.28307744620165676,0.0,0.19237257496345367,True,0.201364,1.0,inf,-0.78123,1.0,1.7812299999999999,
142,1,161,2.03511e-06,0.02659,0.5994397839521882,0.0,0.0,0.1373744197871061,True,0.0974899,-1.0,-inf,-0.75309,0.72902,1.48211,
144,1,165,0.00011002,0.00879025,0.44818904892343053,0.15195956725659557,0.8014905927679132,0.07357582203301505,False,0.0417837,-0.03966624476928959,-0.03966624476928959,-0.79401,0.63332,1.42733,1.7808443578492636
145,1,217,0.00580585,0.0122652,0.17727485048755426,0.08851548370979574,0.6040560396161027,0.17786729899689604,False,0.755421,0.9561260266020322,0.9561260266020322,0.14843,1.0,0.8515699999999999,1.409753307890441
148,1,161,0.0233532,0.033622,0.0,0.0,0.0,0.42776000000000003,True,0.674383,1.0,inf,-0.20469,1.0,1.20469,
150,1,215,0.00334698,0.0161127,0.22344249833803723,0.04081195764860586,0.46186787151860187,0.19099654949965014,False,0.145106,-0.09935860952779409,-0.09935860952779409,-0.90769,0.87452,1.78221,3.858700961684496
151,1,248,0.000148823,0.00532098,0.3495810703830348,0.173588583878674,0.8764140406555653,0.05173937291904513,False,0.416057,0.41569122604247893,0.41569122604247893,-0.17521,1.0,1.17521,1.340930137450711
152,1,290,7.08838e-05,8.72657e-07,0.3436875139209903,0.45056976520214687,0.9939889787547731,0.003122885288630483,False,0.19742,0.19547210166734108,0.19547210166734108,-0.24366,0.56716,0.81082,0.8157233302684711
153,1,203,0.00703691,0.000646692,0.16350620452187747,0.3268913183456764,0.8289124219283779,0.07525546635310525,False,-0.0177184,-0.11216367844604293,-0.11216367844604293,-0.97874,0.57929,1.55803,1.879607493847669
154,1,253,2.45809e-08,0.000821468,0.5653271555137731,0.28108684883232365,0.9735932542503489,0.010579665935051105,False,0.226913,0.22220093773299823,0.22220093773299823,-0.22097,0.63349,0.85446,0.8776354974418147
156,1,528,0.00269526,3.29954e-05,0.15399485358078374,0.2669179812160509,0.9304273538461567,0.028610357472210853,False,0.288284,0.2790907226172602,0.2790907226172602,-0.26553,0.7943,1.05983,1.139078720782364
157,1,325,8.66868e-07,2.2261e-06,0.4235467900153622,0.40413065525164216,0.9988573972083135,0.0006857363363573197,False,0.13684,0.13631001186373298,0.13631001186373298,-0.26385,0.47359,0.73744,0.7382835648622679
158,1,313,0.0196598,0.00197108,0.0,0.21399859439156424,0.0,0.20994642411375844,True,0.377065,1.0,inf,-0.43132,1.0,1.43132,
159,1,452,0.00476144,3.64703e-06,0.13720175909526933,0.3304183356321426,0.8918688282260401,0.03785820514812769,False,0.239433,0.22601394787259468,0.22601394787259468,-0.31478,0.7369,1.05168,1.179186856537895
161,1,408,1.6478e-05,3.39746e-08,0.31918341274842593,0.4288273671312056,0.9975593115774872,0.0012050445962563498,False,0.0830455,0.08204069116885442,0.08204069116885442,-0.32275,0.42492,0.7476700000000001,0.7494992942501579
162,1,321,0.00415764,1.91392e-07,0.17009316417572262,0.4563508204034003,0.9064416139429807,0.031570871116568304,False,0.321488,0.31984093009841535,0.31984093009841535,-0.16938,0.81992,0.9893,1.0914106157335262
163,1,469,0.00104506,0.0438603,0.19829759217532344,0.0,0.0,0.19411317642284825,True,0.488933,1.0,inf,-0.27369,1.0,1.27369,
164,1,287,0.00110529,0.00211486,0.25087412801624437,0.21980091426904877,0.9156059126222846,0.04404867681037316,False,0.16108,0.12781844413220367,0.12781844413220367,-0.57727,0.71293,1.2902,1.4091215251165017
165,1,196,0.00227913,0.00071601,0.26160383960763356,0.32797174716359917,0.9228116575614131,0.041197901427959795,False,0.315889,0.29766756447131193,0.29766756447131193,-0.33794,0.91253,1.25047,1.3550652397526535
168,1,345,0.0309734,1.4894e-05,0.0,0.3509013890265262,0.0,0.14885275440146975,True,-0.606446,-1.0,-inf,-1.0,-0.01941,0.98059,
170,1,216,0.0180371,0.00108056,0.016644536356353653,0.2914571975570573,0.3205754500761342,0.1791246075602597,False,0.138722,-0.12603150849718645,-0.12603150849718645,-0.81973,0.8228,1.6425299999999998,5.123692408791477
176,1,314,3.03769e-05,0.00215181,0.351554878512961,0.20931076518856795,0.9427483686985394,0.025084470577445065,False,0.295456,0.2867907687772526,0.2867907687772526,-0.25361,0.79136,1.04497,1.1084293908061353
179,1,464,0.00492337,0.0182224,0.13367567661976112,0.01170810102268755,0.283083374638733,0.2314225313282077,False,-0.102398,-1.0,-1.1792304361011123,-1.0,0.58022,1.58022,5.582171690642922
180,1,294,0.0121788,4.22056e-05,0.07839441423028326,0.3554097743579241,0.6915060536458709,0.09236190835963579,False,-0.0363633,-0.18615196162195513,-0.18615196162195513,-0.95164,0.51679,1.4684300000000001,2.1235244322994777
182,1,225,0.0238879,0.00231721,0.0,0.24286004976227896,0.0,0.21503508965126208,True,0.246069,1.0,inf,-0.70063,1.0,1.7006299999999999,
185,1,251,0.000668451,0.0213888,0.29116943410942697,0.0,0.0,0.18476710317305292,True,-0.0665676,-1.0,-inf,-1.0,0.57079,1.5707900000000001,
187,1,305,0.000405639,0.0344609,0.2813761003759359,0.0,0.0,0.17713532890461647,True,0.246047,1.0,inf,-0.61945,1.0,1.61945,
188,1,167,3.51063e-05,1.39844e-15,0.4900458106357353,1.1252574462032081,0.9964802525435315,0.0014908443865741102,False,0.331191,0.3308647158554935,0.3308647158554935,-0.00999,0.63984,0.64983,0.6521253164237814
189,1,197,0.000235607,0.00861492,0.3771037441271149,0.14232673575466945,0.8001567979769837,0.07720305372608895,False,0.479,0.5021477631506277,0.5021477631506277,-0.13323,1.0,1.13323,1.416259916637735
190,1,339,0.000264758,0.00400937,0.27986191092619844,0.16792375659474057,0.8974582130008469,0.04575623832949488,False,0.351063,0.3401905038560464,0.3401905038560464,-0.2471,0.95688,1.20398,1.3415443555574926
191,1,337,0.0449858,0.0208248,0.0,0.0,0.0,0.42776,True,0.218839,-1.0,-inf,-1.0,1.0,2.0,
192,1,345,0.000925592,8.54541e-08,0.23546013158299053,0.4534581632650201,0.9706394705600003,0.011602963721868791,False,0.24423,0.23966368907697466,0.23966368907697466,-0.2212,0.65597,0.87717,0.9037032045419768
195,1,443,1.42786e-07,0.00611689,0.38803193545856807,0.12316880204784034,0.8636059127259402,0.04198274036949573,False,0.0938531,0.06006253415609139,0.06006253415609139,-0.50327,0.54213,1.0453999999999999,1.210505839058273
197,1,168,0.0411767,0.00285117,0.0,0.2660291353703496,0.0,0.22251364308980134,True,0.322719,1.0,inf,-0.69203,1.0,1.69203,
198,1,340,0.0131919,0.0441734,0.0634491571371501,0.0,0.0,0.34222949821950266,True,-0.156903,-1.0,-inf,-1.0,0.69308,1.6930800000000001,
201,2,232,0.0266238,0.0120666,0.0,0.08835358353166166,0.0,0.32941750672289427,True,0.670729,1.0,inf,-0.09546,1.0,1.09546,
204,2,327,0.000558015,0.0147079,0.26060191447856945,0.04902885988865302,0.5701012282757195,0.13401312011352007,False,0.620051,0.8525466281777878,0.8525466281777878,0.03852,1.0,0.96148,1.6865075048303475
205,2,331,0.0191924,0.0365044,0.0023665385780840932,0.0,0.0,0.4242962582089031,True,-0.197085,-1.0,-inf,-1.0,0.6208,1.6208,
208,2,218,0.0407674,0.0103176,0.0,0.11312259997794637,0.0,0.3091711708030036,True,0.346348,1.0,inf,-0.76904,1.0,1.76904,
210,2,295,0.016793,0.0098705,0.028662665571068585,0.10361740301725841,0.3442870399673634,0.26905173181477127,False,0.533081,0.7668870376597893,0.7668870376597893,-0.25332,1.0,1.25332,3.6403345305092176
212,2,381,0.00199504,0.0142627,0.1936918945783201,0.05036202657136386,0.5722650839592183,0.15386492596937396,False,0.47517,0.5614619571190254,0.5614619571190254,-0.2088,1.0,1.2088,2.1123077991005714
215,2,302,0.0205321,0.0212123,0.0,0.0,0.0,0.42776000000000003,True,0.0418709,-1.0,-inf,-1.0,0.87889,1.87889,
219,2,271,0.0255436,0.00887819,0.0,0.1194653102819559,0.0,0.2926432680933176,True,0.53138,1.0,inf,-0.33843,1.0,1.33843,
222,2,395,0.000173492,0.0214068,0.2701728983950226,0.0,0.0,0.16735410547407056,True,0.156045,-1.0,-inf,-0.65585,0.79787,1.4537200000000001,
223,2,449,0.00200201,0.0384258,0.1787432753669068,0.0,0.0,0.2105766617572936,True,0.263814,1.0,inf,-0.69973,1.0,1.69973,
225,2,286,0.000160369,0.00284279,0.32187121543189295,0.20379398687718903,0.9241988310687008,0.03511396966720746,False,-0.0979075,-0.1439316575561858,-0.1439316575561858,-0.91266,0.40242,1.31508,1.4229405575846727
226,2,368,0.00629017,4.00119e-05,0.1320901931277158,0.3169651063040129,0.8571850362717782,0.052369020031507174,False,0.639509,0.6849629369665464,0.6849629369665464,0.1817,1.0,0.8183,0.9546363566483803
227,2,285,0.000137765,1.70722e-06,0.3271798809112196,0.43999892935348245,0.9910004239470052,0.004583599380778336,False,0.143727,0.14040700413127422,0.14040700413127422,-0.34135,0.53472,0.8760699999999999,0.8840258579413571
230,2,370,0.000118366,1.28225e-08,0.28951869508658,0.4685131027981656,0.9922085325389021,0.0034234812634891584,False,0.0640965,0.06114946278607214,0.06114946278607214,-0.38478,0.4105,0.79528,0.8015250563961654
231,2,281,0.00196578,0.00235577,0.22598165527416456,0.2162903159469532,0.8947080592874651,0.054936148140955446,False,0.0767212,0.024348782413331466,0.024348782413331466,-0.73854,0.65915,1.3976899999999999,1.5621743712838616
234,2,364,3.08691e-06,7.51543e-05,0.3737848931894906,0.30355961279550325,0.9932469196530725,0.003540321021501005,False,0.136121,0.1334820942860891,0.1334820942860891,-0.33031,0.51605,0.84636,0.8521143969876311
235,2,302,0.0180045,0.030668,0.015318484985896913,0.0,0.0,0.4066063881811033,True,0.0192064,-1.0,-inf,-1.0,0.8714,1.8714,
240,2,279,0.00341189,0.000333706,0.19512959977371902,0.3016450588053532,0.9082920282860705,0.04324082511192448,False,0.158902,0.1273391940985389,0.1273391940985389,-0.53476,0.70591,1.2406700000000002,1.3659373432365365
241,2,261,3.91333e-05,0.00443631,0.3809299580058631,0.1833612909903711,0.8985578489988503,0.04082490531824081,False,0.134689,0.10446082551762262,0.10446082551762262,-0.51831,0.65253,1.17084,1.3030212816064315
242,2,448,5.4227e-05,1.76483e-06,0.2798501297050532,0.34461540666310686,0.9944959916617575,0.0028176414279135584,False,0.159532,0.15758168950507676,0.15758168950507676,-0.28343,0.5331,0.81653,0.8210490608771741
243,2,289,0.00725343,0.00289133,0.1355535568718897,0.20176097974832435,0.7814729870743778,0.10383848733210269,False,0.456924,0.4518204960477948,0.4518204960477948,-0.21436,1.0,1.21436,1.5539372698552683
244,2,310,0.000259274,8.84382e-05,0.29377341925302053,0.32569345083884704,0.98110571784381,0.010408727303629618,False,0.332848,0.32864885692950574,0.32864885692950574,-0.16702,0.79683,0.9638500000000001,0.98241196893467
246,2,252,0.000820588,0.00417231,0.281708702475418,0.19107859899246918,0.8831838888107926,0.05686819992140981,False,0.0781885,0.02414027287940904,0.02414027287940904,-0.71863,0.64146,1.36009,1.5399850667921056
248,2,275,0.0286725,0.000865877,0.0,0.2670501409890873,0.0,0.18969467515233482,True,-0.113117,-1.0,-inf,-1.0,0.53456,1.53456,
250,2,347,0.00263014,0.00371725,0.18936174648991347,0.17053680579410735,0.8559384967796684,0.0723353124606334,False,-0.0938389,-0.1941427019415966,-0.1941427019415966,-1.0,0.48613,1.48613,1.7362579269320475
251,2,442,0.000275175,0.000111846,0.2435022558418411,0.2656271696572287,0.9792428097399429,0.011009046712859055,False,0.54093,0.5411537853700165,0.5411537853700165,0.11119,1.0,0.88881,0.9076502693300764
252,2,381,0.0441717,0.0226225,0.0,0.0,0.0,0.42776,True,0.205476,-1.0,-inf,-1.0,1.0,2.0,
254,2,282,0.00225597,3.30727e-07,0.21827322295401197,0.478556051266592,0.9441374124986618,0.02104614707568142,False,0.241352,0.2333408781474708,0.2333408781474708,-0.26289,0.71204,0.9749300000000001,1.0326145189182214
256,2,250,0.0477798,2.02266e-08,0.0,0.5733066339088964,0.0,0.12509110673251886,True,0.664613,1.0,inf,0.16712,1.0,0.8328800000000001,
257,2,270,0.0341042,1.23094e-05,0.0,0.40505101983484926,0.0,0.1471425542334284,True,0.192987,1.0,inf,-0.60094,0.86965,1.47059,
258,2,268,0.004818,1.40885e-11,0.17489706086439302,0.6894069089757943,0.8942688238511078,0.029978535220142863,False,0.260835,0.2581510823397482,0.2581510823397482,-0.20083,0.70543,0.9062600000000001,1.0134089166803926
261,2,217,0.000200056,0.0178133,0.3643895522573296,0.01943216417765109,0.35351176824557917,0.15169885419914378,False,0.241704,0.25460296908229385,0.25460296908229385,-0.57636,0.90605,1.48241,4.193382323188157
262,2,286,0.0226967,1.1742e-05,0.0,0.39382090828049193,0.0,0.14705794982799628,True,0.031888,-1.0,-inf,-0.82717,0.63747,1.46464,
264,2,278,0.00308919,6.53758e-05,0.20167117215779054,0.35382374296136954,0.9232828799292623,0.033515222837940575,False,0.278907,0.2657817907127881,0.2657817907127881,-0.30753,0.80295,1.1104800000000001,1.2027516421457745
266,2,315,3.35383e-12,2.22314e-06,0.6511959717892298,0.41104688107110776,0.999275020657414,0.00034816826271117,False,0.0931365,0.09285565016550121,0.09285565016550121,-0.23916,0.38715,0.62631,0.6267643912363149
267,2,535,4.05782e-10,5.70552e-14,0.42781213878864227,0.5287673768324246,0.9999960877413264,2.151807761936182e-06,False,0.39676,0.3967594004176437,0.3967594004176437,0.15972,0.62662,0.4669,0.466901826640721
269,2,289,0.00110424,9.65877e-18,0.2500313556832802,0.8820585586488895,0.9672610269150247,0.009691342942777572,False,-0.0374193,-0.04870520121443528,-0.04870520121443528,-0.474,0.30073,0.7747299999999999,0.8009523576804476
271,2,445,0.0175068,1.70365e-06,0.018367316413214617,0.3464422974442191,0.3932194245346597,0.12219291555342385,False,0.105323,-0.04290204018631047,-0.04290204018631047,-0.59328,0.63017,1.2234500000000001,3.111367149392085
273,2,259,0.00254438,2.68917e-06,0.22078018178789252,0.4527577879942589,0.9383754684418811,0.024415365832913132,False,0.309785,0.30411028822069147,0.30411028822069147,-0.20468,0.79472,0.9994,1.065032104536414
274,2,253,0.00227755,0.00485691,0.2299186776785483,0.17922752347883789,0.8429771990725241,0.07877820607285563,False,-0.186885,-0.31514874466966425,-0.31514874466966425,-1.0,0.39637,1.3963700000000001,1.6564742220030864
275,2,451,0.0015657,0.000185929,0.1878623367997603,0.2508995250718932,0.9467241247361354,0.025659586979478538,False,-0.0563998,-0.08667719015013965,-0.08667719015013965,-0.79238,0.41118,1.20356,1.271289036112234
276,2,261,0.0293002,0.000686319,0.0,0.2842383419601369,0.0,0.18527925716561056,True,0.379916,1.0,inf,-0.40284,1.0,1.4028399999999999,
278,2,271,1.30066e-05,0.00939523,0.40282468386686743,0.1132812239032194,0.7836129555498549,0.06883239630819407,False,0.378939,0.3957395057030504,0.3957395057030504,-0.20727,0.97706,1.18433,1.5113711324093224
279,2,333,0.00107416,0.00719372,0.23385265421141707,0.12759558349276542,0.8125146838844498,0.08231453911853641,False,0.28017,0.24351001256440208,0.24351001256440208,-0.44133,0.94012,1.38145,1.7002154267484726
281,2,159,0.00268836,0.0194536,0.27836248997550594,0.0,0.0,0.2202646191874866,True,0.440528,1.0,inf,-0.33762,1.0,1.33762,
283,2,274,0.029761,0.00393794,0.0,0.18740220814604405,0.0,0.23644035790869994,True,0.766489,1.0,inf,0.12501,1.0,0.8749899999999999,
284,2,200,0.00395046,3.0403e-08,0.21865564016779346,0.6409708602810744,0.9135151245185754,0.029249018662148296,False,0.140788,0.12209866957225585,0.12209866957225585,-0.42496,0.60162,1.02658,1.1237690241209854
285,2,329,0.000206055,9.23645e-06,0.29180849696632005,0.3707475317739182,0.9874629575941738,0.0064797845723891506,False,0.198972,0.19493613805685767,0.19493613805685767,-0.28976,0.59879,0.8885500000000001,0.8998312221906911
286,2,370,5.90497e-05,0.000196434,0.3068654283730521,0.27598420073287033,0.9843313578799948,0.008490327259959568,False,-0.165885,-0.17715104356272943,-0.17715104356272943,-0.83029,0.26216,1.09245,1.109839680768543
287,2,197,0.0232228,0.000790635,0.0,0.32212448729318094,0.0,0.1875880060892363,True,0.0988445,-1.0,-inf,-0.98085,0.80996,1.79081,
288,2,169,0.000124817,0.00319117,0.43712380020050756,0.256155023568861,0.9219260564655916,0.036958029868666836,False,0.370244,0.3615105222310985,0.3615105222310985,-0.2089,0.94391,1.1528100000000001,1.2504365094306518
289,2,189,0.0289374,0.0131611,0.0,0.08210962095836856,0.0,0.34290421572530055,True,-0.63416,-1.0,-inf,-1.0,0.1204,1.1204,
290,2,404,0.00114611,7.61341e-06,0.2100247191596112,0.33634829465770993,0.9642122764283368,0.015560141021400674,False,-0.0360873,-0.05356438855219167,-0.05356438855219167,-0.64963,0.39013,1.03976,1.0783517545031776
291,2,149,0.0129232,0.0167932,0.09470365340411488,0.03724086241758092,0.2998418589589963,0.30571564159302916,False,0.300557,-0.017204541123574727,-0.017204541123574727,-0.8246,1.0,1.8246,6.085207736954152
292,2,153,0.038104,0.0173723,0.0,0.0284052793248772,0.0,0.3987773621990899,True,0.23429,-1.0,-inf,-1.0,1.0,2.0,
294,2,183,1.03884e-05,0.000168132,0.5069345956097795,0.4065390305804378,0.9891231175352463,0.006218393409226783,False,0.293282,0.2902202986682737,0.2902202986682737,-0.1794,0.71398,0.89338,0.9032040442307885
295,2,177,0.00121796,3.08073e-09,0.3163076873643429,0.747690863110204,0.9662890379295914,0.012965832811716307,False,0.512375,0.5168320736188183,0.5168320736188183,0.11486,0.96578,0.85092,0.8806060780977235
296,2,177,0.0465784,2.1483e-05,0.0,0.4918629652251357,0.0,0.1491233953749931,True,0.900517,1.0,inf,0.36893,1.0,0.63107,
297,2,274,0.0033116,0.0301656,0.19877466403916833,0.0,0.0,0.22859449798871023,True,0.482208,1.0,inf,-0.31436,1.0,1.31436,
300,2,375,7.57589e-07,1.72276e-06,0.3945414968171864,0.37915377625637603,0.998988763777355,0.0005965012428238519,False,0.466081,0.4659556900290811,0.4659556900290811,0.127,0.80524,0.67824,0.678926555125058
301,2,469,0.0201056,0.0379727,0.0,0.0,0.0,0.42776,True,0.824199,1.0,inf,0.08248,1.0,0.91752,
302,2,269,0.0207801,0.025191,0.0,0.0,0.0,0.42776,True,-0.453565,-1.0,-inf,-1.0,0.31888,1.31888,
303,2,237,0.0380304,0.0410483,0.0,0.0,0.0,0.42776,True,-0.356401,-1.0,-inf,-1.0,0.50928,1.50928,
304,2,350,0.0128164,0.000378492,0.06639754603145186,0.2643746298145353,0.6573412286041603,0.11284344173740944,False,-0.0886067,-0.30646205193181225,-0.30646205193181225,-1.0,0.48039,1.4803899999999999,2.252087554501264
305,2,386,0.0450364,0.0119187,0.0,0.0722287128981738,0.0,0.3267117312541972,True,-0.272672,-1.0,-inf,-1.0,0.52646,1.5264600000000002,
311,2,281,9.556e-06,0.00750989,0.4027118494004918,0.13411711076572982,0.8327011390926228,0.056185524202060244,False,0.12039,0.07710386450041613,0.07710386450041613,-0.55345,0.63919,1.19264,1.432254555697612
312,2,367,2.64225e-05,5.62048e-05,0.3269418485863671,0.3093605461770422,0.9919415847411991,0.004513550119440146,False,-0.0199392,-0.024651401348215432,-0.024651401348215432,-0.55655,0.37532,0.93187,0.9394404008610326
314,2,204,0.0147384,0.00715242,0.059226264375171665,0.16136707756622756,0.4903165363333291,0.217374440297865,False,0.674354,0.9320092753132625,0.9320092753132625,-0.01026,1.0,1.01026,2.0604240835010317
317,2,268,2.21336e-07,0.000138053,0.5010050170537823,0.3379102966338752,0.9914573139295073,0.004117116486385594,False,0.513089,0.5133573340604781,0.5133573340604781,0.14225,0.91293,0.77068,0.7773204041891767
325,2,347,0.012806,0.00105956,0.06674199203446511,0.22959963034357295,0.6466206767436906,0.12693785329360086,False,0.0604628,-0.10280378540995903,-0.10280378540995903,-0.88899,0.68392,1.5729099999999998,2.4325080477181746
326,2,272,0.00112421,0.0234399,0.2570619195156481,0.0,0.0,0.19518677204927376,True,0.122927,-1.0,-inf,-0.91396,0.82392,1.73788,
327,2,182,0.00227975,0.00857381,0.27168083902126566,0.14834805506696047,0.7658281350196388,0.10896436747022364,False,-0.279275,-0.5069536488892089,-0.5069536488892089,-1.0,0.33986,1.33986,1.7495570334010266
328,2,192,0.00461741,4.67362e-05,0.20971724060818714,0.4438604883942992,0.8967714774762248,0.042696245705933694,False,-0.0633713,-0.11827711782765277,-0.11827711782765277,-0.8749,0.45838,1.33328,1.486755582093486
329,2,274,0.00186372,0.00346393,0.23165103568661569,0.195900245269395,0.8762168442935107,0.06332166774514947,False,0.186534,0.14061853872964064,0.14061853872964064,-0.59543,0.81981,1.41524,1.6151709582130906
335,2,337,2.57054e-07,0.0132386,0.4388050364941299,0.0632154030060111,0.6513234781932394,0.08502978860563384,False,0.833911,1.0,1.1497838423877338,0.42071,1.0,0.5792900000000001,0.8894044501619088
336,2,266,4.91437e-07,0.00484599,0.48547013361503416,0.17509341724598515,0.8934675546693255,0.03620112169547132,False,0.46628,0.48135925703950366,0.48135925703950366,-0.00087,1.0,1.00087,1.120208556840572
337,2,360,1.33717e-10,6.16134e-06,0.5486472844932881,0.3619010986034565,0.9986728563073536,0.0006298718992487797,False,-0.0847859,-0.08552928154578884,-0.08552928154578884,-0.48494,0.22957,0.71451,0.7154595175861082
338,2,468,0.0131542,0.00159866,0.05603103745007612,0.18377907003640928,0.6243057513448993,0.13752860633916286,False,-0.105618,-0.38946718945864056,-0.38946718945864056,-1.0,0.49588,1.49588,2.3960695488989616
339,2,263,5.77222e-05,0.00153049,0.36812921153351985,0.24665493506337616,0.954019403816029,0.022047085216789428,False,0.294985,0.28609262420813747,0.28609262420813747,-0.27046,0.78391,1.05437,1.1051871647291176
340,2,311,0.000398315,0.00011568,0.27918340603024844,0.3175725301740166,0.9760114951899225,0.013011814985269262,False,0.578605,0.579494388951507,0.579494388951507,0.14915,1.0,0.85085,0.8717622734908801
342,2,235,0.00615555,0.0151756,0.1652715242966086,0.05059507553461101,0.48158585131424864,0.2114634992807075,False,0.492763,0.5841108079725051,0.5841108079725051,-0.29597,1.0,1.29597,2.691046666888771
343,2,265,5.45572e-06,9.70492e-05,0.4298466664138971,0.3510239025977318,0.9920553883589625,0.004358263572136824,False,0.328674,0.3269129327187463,0.3269129327187463,-0.11844,0.73283,0.85127,0.8580871693143598
344,2,337,0.00250668,0.0319546,0.19455502283885984,0.0,0.0,0.21782745018634644,True,0.453672,1.0,inf,-0.36112,1.0,1.36112,
345,2,302,0.0317461,2.71241e-09,0.0,0.5528057668858202,0.0,0.12148225557481329,True,0.306197,1.0,inf,-0.27445,0.99662,1.27107,
346,2,240,1.0385e-07,0.00586551,0.5502263747090115,0.1679450178421451,0.8729571794623896,0.04032283276618909,False,0.167008,0.1451218573078578,0.1451218573078578,-0.40722,0.64275,1.04997,1.2027737725310006
347,2,368,1.59252e-06,3.66855e-05,0.38450723185708285,0.3189811725054928,0.9955871328684653,0.0023557368933469084,False,0.0259039,0.023652538616892933,0.023652538616892933,-0.44576,0.38248,0.82824,0.8319111132078332
350,2,310,0.000108248,7.40596e-09,0.32000642096665627,0.5266863675982935,0.9927076841477479,0.003250772112859066,False,0.292238,0.2911100946450718,0.2911100946450718,-0.09956,0.64129,0.74085,0.746292198429016
353,2,337,0.00935383,9.14161e-08,0.10305888774811273,0.4580845329104053,0.7845464808561928,0.05947149979579052,False,0.196473,0.17462509047863772,0.17462509047863772,-0.37344,0.69072,1.06416,1.3564014701062184
358,2,239,0.0172593,1.78318e-05,0.02544997141326402,0.42241990510907385,0.4111988151673772,0.1290246080367804,False,0.358723,0.5586066483915368,0.5586066483915368,-0.25902,1.0,1.25902,3.061827888505758
359,2,344,3.19501e-07,0.0101296,0.42983599131651257,0.09403919084818808,0.7617012273911827,0.0657560145756093,False,0.304468,0.3133932004310618,0.3133932004310618,-0.22887,0.84839,1.0772599999999999,1.414281559831014
360,2,425,7.73304e-05,0.000382165,0.2795691689806867,0.23934330318667071,0.9776907803227177,0.011597752091066834,False,0.417037,0.41469067323628145,0.41469067323628145,-0.05505,0.88064,0.93569,0.9570408342105323
362,2,181,0.0067351,9.70591e-06,0.1777162603226468,0.5122578918104193,0.8550037104084911,0.051595882167131,False,0.346347,0.34473665347258803,0.34473665347258803,-0.21965,0.94235,1.162,1.359058429635161
363,2,296,6.52556e-06,0.00319446,0.4006054083920496,0.19354058430872798,0.9247040447154773,0.029430130526932805,False,0.161916,0.14327380769036416,0.14327380769036416,-0.43835,0.66447,1.10282,1.1926194183992427
364,2,286,0.00231092,0.00532953,0.21544502737283922,0.1619438654844383,0.8319724072404207,0.0826312495565377,False,-0.193111,-0.3314319647584834,-0.3314319647584834,-1.0,0.39181,1.39181,1.672904038508334
368,2,171,3.15061e-06,0.000527628,0.5655384892918767,0.36849204226738463,0.9802751928141126,0.009859546071733982,False,0.539436,0.5402324345350321,0.5402324345350321,0.10988,1.0,0.89012,0.9080307310896029
369,2,206,4.34118e-07,3.25654e-08,0.5632406855957531,0.628537124840882,0.9996649702932373,0.0002183049166779154,False,0.480558,0.4805006770842649,0.4805006770842649,0.16181,0.79007,0.62826,0.6284705563061883
374,2,445,0.0127944,0.00228736,0.06033130012460798,0.1740062994428533,0.6288824423765715,0.1433465831880366,False,0.224559,0.1291376755647025,0.1291376755647025,-0.61426,0.9229,1.53716,2.4442724051748237
375,2,302,0.00010051,4.32867e-06,0.32656599304079686,0.40569149092501616,0.9919983132290976,0.0042681022124726326,False,0.653076,0.654041331658684,0.654041331658684,0.29148,1.0,0.70852,0.714235085434435
376,2,207,0.000230448,0.000751225,0.36812359235653236,0.31637487689118743,0.9645059413794024,0.019848149687282032,False,0.0689394,0.0508978205385748,0.0508978205385748,-0.59748,0.55684,1.15432,1.1967992632052968
377,2,293,0.000228797,0.000233793,0.3065974900084952,0.30589823776810565,0.9768799094711189,0.012918496553472084,False,0.500459,0.49907926114529416,0.49907926114529416,0.03597,1.0,0.9640299999999999,0.9868459681210191
378,2,213,1.06713e-08,8.3496e-07,0.6429298850726627,0.5357887071594074,0.9995656708149392,0.0002658972539981441,False,0.59247,0.5924614260343514,0.5924614260343514,0.28893,0.90661,0.61768,0.6179483930219508
379,2,280,3.45012e-13,2.18366e-08,0.7350229117933978,0.5363791634935794,0.9999529733583098,2.642041489910243e-05,False,0.545288,0.545287222611937,0.545287222611937,0.29249,0.79706,0.50457,0.5045937293485091
380,2,221,2.9568e-06,1.82804e-06,0.4916479632859521,0.5044742624318669,0.9985168914873661,0.0009482929034056164,False,0.350085,0.34965528382452193,0.34965528382452193,-0.04523,0.70192,0.74715,0.7482597504054878
381,2,264,0.00246614,0.000772462,0.22050397948671638,0.2776108920737129,0.9163241963293585,0.043068934117952866,False,0.0307054,-0.013492532629258418,-0.013492532629258418,-0.7752,0.58841,1.36361,1.4881305169746621
383,2,665,5.07082e-05,0.000485881,0.2308696249177288,0.18701997290618344,0.9758533076554262,0.011722786601021686,False,0.0886521,0.07883286636985203,0.07883286636985203,-0.47526,0.51817,0.99343,1.0180116132278152
384,2,244,0.0125401,0.00295798,0.08078969891310968,0.21798539829204436,0.6335611492590704,0.15037535513711459,False,0.0497112,-0.15888624997735123,-0.15888624997735123,-1.0,0.72071,1.72071,2.7159335795957746
385,2,304,5.06738e-05,1.70077e-06,0.3443110576912175,0.42486853169272987,0.994798215428169,0.0028021487932943503,False,0.624394,0.6248421454386783,0.6248421454386783,0.27369,1.0,0.72631,0.7301078638218007
386,2,333,0.0144037,3.45054e-05,0.05174958727155281,0.337682806194404,0.5958664738874012,0.10840437271851419,False,0.444734,0.5644379102037563,0.5644379102037563,-0.11393,1.0,1.11393,1.8694288885440726
387,2,148,0.00288039,2.24624e-08,0.28295554052792116,0.7723605637450361,0.9358215093031053,0.0233510887019065,False,0.221895,0.21216002124801203,0.21216002124801203,-0.3115,0.68807,0.99957,1.0681203520790705
388,2,380,0.0482233,0.000670299,0.0,0.2354773153563299,0.0,0.18532346459460527,True,0.231627,1.0,inf,-0.69402,1.0,1.69402,
389,2,216,0.000131399,0.00715495,0.3808699968038487,0.15698540352649293,0.8379608407939894,0.0633775595336792,False,0.569015,0.603414164302972,0.603414164302972,0.02898,1.0,0.97102,1.158789233014676
390,2,266,0.0017318,0.000109243,0.23896813162459155,0.34665309388773413,0.9477628742622245,0.025456829589302937,False,0.228577,0.21431539040692402,0.21431539040692402,-0.37738,0.73844,1.11582,1.1773198025598943
392,2,243,8.13896e-05,5.78029e-08,0.37329864972799465,0.5595317683248188,0.993907982869288,0.0029771592906865925,False,0.241844,0.2403309409184286,0.2403309409184286,-0.16837,0.60983,0.7782,0.7829698658355012
393,2,580,0.0257597,5.2855e-12,0.0,0.4584032256580889,0.0,0.11417171687660642,True,-0.287305,-1.0,-inf,-1.0,0.14849,1.14849,
394,2,267,0.0313171,0.0236359,0.0,0.0,0.0,0.42776000000000003,True,0.00902629,-1.0,-inf,-1.0,0.90342,1.9034200000000001,
396,2,330,0.00321617,5.95519e-08,0.18313981428599946,0.47131629086370813,0.9250110071197836,0.025631423818642703,False,-0.411886,-0.47298618119253005,-0.47298618119253005,-1.0,0.02051,1.02051,1.103240925940517
397,2,202,0.0011763,0.0116246,0.2971876348739237,0.09975571233676606,0.6932612942075271,0.11953635286773508,False,-0.0446266,-0.2367980936472029,-0.2367980936472029,-1.0,0.59128,1.59128,2.2953538778174627
398,2,288,0.0109369,0.00165467,0.09277815315003825,0.23182195852601759,0.7042318139055186,0.1200403895906435,False,0.284679,0.23378468163246716,0.23378468163246716,-0.50169,1.0,1.50169,2.132380233820948
400,2,192,0.0246041,0.0207185,0.0,0.0,0.0,0.42776000000000003,True,-0.205271,-1.0,-inf,-1.0,0.60462,1.6046200000000002,
401,2,243,0.017508,4.02434e-06,0.022335566071581932,0.45862458982830334,0.38860706018432595,0.12465141152781245,False,0.32957,0.527315660129771,0.527315660129771,-0.29397,1.0,1.29397,3.3297645168521592
402,2,297,7.20863e-06,8.88308e-08,0.3975406941044898,0.49167027744660075,0.9984487998055112,0.0008539590693800112,False,0.526908,0.5268713238306166,0.5268713238306166,0.19814,0.86998,0.67184,0.6728837774464433
405,2,247,0.0477161,6.3513e-05,0.0,0.37779169143720337,0.0,0.15736683995248127,True,0.156804,-1.0,-inf,-0.75765,0.90734,1.66499,
408,2,405,0.0186074,0.000312784,0.008309540263565991,0.25092393157114734,0.2603500467196159,0.16476439543852373,False,0.439062,1.0,1.0535723270174067,-0.21955,1.0,1.21955,4.684270332831531
409,2,271,0.000372832,0.000802521,0.3022533792169002,0.2722919980415733,0.958541918840859,0.022559467760649134,False,0.52406,0.5231910283546107,0.5231910283546107,0.01347,1.0,0.98653,1.029198599048215
410,2,278,0.0269695,0.00224675,0.0,0.22005961540736324,0.0,0.21405509513038565,True,0.241093,1.0,inf,-0.68986,1.0,1.68986,
411,2,347,0.0472921,0.00810051,0.0,0.11509311221465233,0.0,0.2836639556541034,True,-0.248103,-1.0,-inf,-1.0,0.55455,1.5545499999999999,
415,2,249,0.0193918,0.0353414,0.0,0.0,0.0,0.42776,True,0.0249163,-1.0,-inf,-1.0,0.95969,1.9596900000000002,
416,2,267,0.0372514,0.000123229,0.0,0.34218781863708947,0.0,0.16318704240470594,True,0.106917,-1.0,-inf,-0.81842,0.78807,1.60649,
418,2,401,0.0125143,0.000288463,0.06554207522905471,0.2544551360456049,0.670193115096498,0.10749405532361478,False,-0.258534,-0.5461531118100371,-0.5461531118100371,-1.0,0.29401,1.29401,1.9308016911120933
419,2,359,0.000246166,9.58904e-07,0.2738597422188325,0.3994300419897186,0.9873346259792437,0.005909150674185463,False,0.600542,0.602260706430765,0.602260706430765,0.24032,1.0,0.75968,0.7694250561166589
421,3,333,0.0107014,0.00738241,0.08944494182159118,0.1254115658677119,0.619475910679574,0.17685407598938185,False,0.76691,0.9525082635793187,0.9525082635793187,0.17615,1.0,0.82385,1.3299145064353264
422,3,352,0.031898,0.000550491,0.0,0.2514665710327679,0.0,0.1819388452930103,True,0.31278,1.0,inf,-0.47751,1.0,1.47751,
424,3,618,4.53042e-06,0.00782081,0.27814865580918735,0.09175188556108309,0.821951726602358,0.0561410461802371,False,0.105325,0.05983800779039789,0.05983800779039789,-0.54369,0.58576,1.1294499999999998,1.3741074608708774
425,3,478,5.44826e-09,0.000633085,0.41970538074437325,0.21180042679104819,0.9770227313518933,0.008676099257508786,False,0.325313,0.32408345331368593,0.32408345331368593,-0.06119,0.70895,0.7701399999999999,0.7882518750964652
426,3,356,0.0110165,0.0385829,0.08370851315307595,0.0,0.0,0.31640946863058533,True,0.6533,1.0,inf,-0.14604,1.0,1.14604,
427,3,385,1.7982e-05,0.0097291,0.3271689070074145,0.0934123391547613,0.771009937849046,0.07190349819206386,False,0.406394,0.43383422883120487,0.43383422883120487,-0.14654,1.0,1.14654,1.4870625444836716
431,3,633,0.000851767,2.95914e-06,0.17745589449420243,0.2809953641451867,0.9707642326309301,0.01223473240590576,False,0.00145869,-0.011100576271440203,-0.011100576271440203,,,,
432,3,526,0.00020813,5.20449e-07,0.22980358693522593,0.3355251030496382,0.9884889334283602,0.005144724688879711,False,0.158298,0.15493676270096546,0.15493676270096546,-0.29661,0.53509,0.8316999999999999,0.8413852415276195
433,3,283,5.04683e-05,0.0017668,0.35777205690691216,0.2306182233675335,0.9494785733113377,0.02347889453247032,False,0.0247626,0.0013520109917306642,0.0013520109917306642,-0.65491,0.5082,1.16311,1.2249986810588214
434,3,216,0.00145085,0.0470472,0.2757258969555142,0.0,0.0,0.2011727230013355,True,0.24474,1.0,inf,-0.77583,1.0,1.77583,
435,3,597,0.00206544,1.01542e-05,0.155256103999159,0.2705153472937672,0.9444350852674395,0.022330324081149024,False,0.387304,0.3864465452546163,0.3864465452546163,-0.07717,0.8688,0.94597,1.0016252199399451
438,3,391,8.97259e-08,0.0236009,0.42277972575565576,0.0,0.0,0.13046898561945425,True,0.23012,1.0,inf,-0.38011,0.81348,1.19359,
439,3,307,1.24478e-07,0.00259353,0.47615956432074874,0.20185709721037667,0.9373732502954724,0.022504313765756588,False,-0.303049,-0.34730382338426863,-0.34730382338426863,-1.0,0.12379,1.12379,1.1988714203715187
440,3,373,0.00885682,3.28546e-06,0.10353933832636969,0.36772207100056487,0.7968945641864923,0.06208474180219455,False,-0.0784483,-0.1763508600986096,-0.1763508600986096,-0.88576,0.39954,1.2852999999999999,1.6128858920152065
442,3,367,0.000902928,0.00981875,0.2291697873708912,0.09450393785539854,0.7477177467665379,0.09960859620219806,False,-0.067141,-0.2230114196477174,-0.2230114196477174,-1.0,0.50737,1.5073699999999999,2.015961245427883
444,3,261,0.00121954,0.00956862,0.25871866685461337,0.11315646930713566,0.752344053390938,0.10304635133081178,False,-0.16605,-0.35767724901652426,-0.35767724901652426,-1.0,0.42894,1.4289399999999999,1.8993171987729986
445,3,503,3.44521e-09,5.36927e-05,0.41449722492367463,0.26404870905996347,0.9951223250315658,0.0021217758214142593,False,0.37942,0.3791475828528092,0.3791475828528092,0.03546,0.72684,0.69138,0.694768856660983
446,3,364,0.00970582,6.52067e-05,0.09598870452603156,0.3070684659426929,0.7696963906515178,0.07673690415457349,False,-0.0757933,-0.198169311961386,-0.198169311961386,-0.95574,0.45622,1.41196,1.8344376005256193
447,3,128,0.0428416,0.0256656,0.0,0.0,0.0,0.42776,True,-0.0641085,-1.0,-inf,-1.0,0.92941,1.9294099999999998,
448,3,261,0.0148523,0.000505776,0.05213506379188558,0.29658160149128665,0.5648652522782104,0.13423778336264763,False,0.13038,-0.006829563948372561,-0.006829563948372561,-0.72979,0.7722,1.5019900000000002,2.659023535156721
449,3,475,2.288e-05,1.85318e-05,0.28877722701018094,0.292791613827468,0.9945299974095994,0.0030188045360164677,False,0.143594,0.14134837142180975,0.14134837142180975,-0.31666,0.5181,0.83476,0.8393512535310709
450,3,462,1.10515e-09,2.17697e-06,0.44962181367745513,0.33554295204463797,0.9992720099907465,0.0003612857379816406,False,0.276429,0.27626883521392215,0.27626883521392215,-0.04848,0.57762,0.6261,0.6265561266004017
451,3,421,0.017942,0.000371945,0.014573800106155416,0.2412480087820048,0.3432270037555693,0.15982950099575052,False,-0.207219,-1.0,-1.069404496090132,-1.0,0.38034,1.38034,4.021653264155799
452,3,207,0.042088,0.000264248,0.0,0.3626223277090012,0.0,0.17088316787171234,True,-0.0476571,-1.0,-inf,-1.0,0.66171,1.66171,
453,3,212,0.000392109,0.000991672,0.3417653563392953,0.2987168500071757,0.9548091365616066,0.02505556355355911,False,0.664829,0.6700537436731588,0.6700537436731588,0.19657,1.0,0.80343,0.84145612901575
454,3,233,1.92395e-11,0.00457202,0.7417038453931916,0.19144761939043367,0.9002140286014818,0.028905514007425637,False,0.381747,0.3919528854051826,0.3919528854051826,-0.03032,0.86202,0.89234,0.9912531594139736
455,3,211,0.00114436,0.000166895,0.2920054466781644,0.37680651460837067,0.9581842046017501,0.02230878279181517,False,0.265873,0.2541935214945621,0.2541935214945621,-0.3192,0.77604,1.09524,1.143037001382437
456,3,271,0.00037834,3.32848e-06,0.30171916376443214,0.43658857573731147,0.983294670511755,0.008114266514973104,False,0.212165,0.20751737968723946,0.20751737968723946,-0.28203,0.62798,0.91001,0.9254702860602163
457,3,466,5.83226e-07,8.43487e-11,0.3556982894980373,0.48162056794196323,0.999668705428353,0.00016554249415421917,False,0.534039,0.5340503854995479,0.5340503854995479,0.25917,0.81212,0.5529499999999999,0.5531332500431367
460,3,303,0.02084,0.000333222,0.0,0.28903123790956264,0.0,0.17444286903256154,True,-0.326035,-1.0,-inf,-1.0,0.26222,1.2622200000000001,
461,3,473,7.97117e-06,5.82064e-06,0.3089651629936435,0.31455254599347776,0.9971561023338027,0.0015942553890192185,False,0.159933,0.15879032805434923,0.15879032805434923,-0.26865,0.50703,0.7756799999999999,0.7778922459427897
462,3,363,1.66067e-07,8.08123e-06,0.42928926964660397,0.3546589196585001,0.9982881393190247,0.0009259140665659878,False,0.222917,0.22237175539805942,0.22237175539805942,-0.16314,0.5596,0.7227399999999999,0.7239793517861606
463,3,273,0.0191485,0.0074984,0.0026906241999085263,0.1360883383673865,0.11709158200238488,0.2740826340075545,False,0.0691274,-1.0,-1.750384019949274,-1.0,0.8174,1.8174000000000001,15.521184093003233
464,3,227,6.76819e-07,1.50172e-09,0.5223101734524279,0.6628612869789788,0.9996328370677553,0.00021449874508659966,False,0.476481,0.4764414328884556,0.4764414328884556,0.16628,0.77631,0.61003,0.6102540626710645
465,3,138,2.65446e-08,6.84953e-13,0.7995853476849341,1.1053355953195243,0.9999471849644715,3.46219559474666e-05,False,0.771514,0.7715201259069132,0.7715201259069132,0.54402,1.0,0.45598000000000005,0.4560040838718909
466,3,456,2.98492e-11,2.32351e-09,0.500893963309701,0.44252240316562047,0.9999875355839425,7.309970715502178e-06,False,0.555915,0.5559146191803904,0.5559146191803904,0.31319,0.80649,0.4933,0.493306148773082
469,3,294,3.02209e-06,2.07086e-08,0.41983462521913084,0.5229739271819445,0.99908868771751,0.0005048171308624007,False,0.268315,0.26805446419473455,0.26805446419473455,-0.08637,0.58947,0.67584,0.6764564630833776
470,3,292,0.0215521,0.0107522,0.0,0.09425154275250007,0.0,0.3137306974825635,True,-0.0837272,-1.0,-inf,-1.0,0.64975,1.64975,
471,3,461,0.000367531,0.0165206,0.2308663397709169,0.026988046777606464,0.4656127237868887,0.1452190883477583,False,-0.340381,-1.0,-1.042927015392341,-1.0,0.23474,1.23474,2.65186052038634
473,3,272,0.000430874,1.1661e-11,0.29634837533130787,0.6868760892642792,0.9828013658866008,0.006407626951309255,False,-0.0264519,-0.03343455564051455,-0.03343455564051455,-0.50543,0.33666,0.84209,0.8568262410180282
474,3,600,0.000103702,0.000542001,0.22950864550739758,0.19367870304672485,0.9719412383234636,0.013983971697948436,False,-0.250429,-0.272046252666513,-0.272046252666513,-1.0,0.18532,1.18532,1.2195387470590313
475,3,386,0.00024563,0.000239693,0.26394830265285607,0.2646273669836796,0.9757753430830695,0.013100853087001176,False,-0.201069,-0.21948684664474918,-0.21948684664474918,-0.89105,0.24405,1.1351,1.1632800603605404
476,3,352,8.89737e-08,0.000321515,0.44778506923156114,0.2686542647330815,0.9854149003347247,0.0062766843934740375,False,0.165254,0.16133033461593155,0.16133033461593155,-0.28966,0.55558,0.84524,0.8577503747029701
477,3,298,0.00109934,0.00552184,0.24635896491320647,0.156106959929991,0.8493970785289897,0.07038188017773017,False,0.0504255,-0.023494759615009752,-0.023494759615009752,-0.81578,0.64599,1.46177,1.720950115029281
481,3,432,0.0038774,3.01661e-09,0.15145104883859628,0.4519404166915022,0.9109348359302233,0.027672111991670818,False,0.0934311,0.07218846553516399,0.07218846553516399,-0.45075,0.50825,0.959,1.0527646568930407
482,3,393,7.98578e-09,3.08874e-16,0.46079064471894976,0.6943182141919974,0.999974849174212,1.2803839538552317e-05,False,0.423856,0.42385385643496426,0.42385385643496426,0.17803,0.66425,0.48622,0.4862322291420877
483,3,564,0.000524892,0.00037522,0.20031944658465875,0.2085959365307065,0.9635120926769438,0.0187615671922,False,0.624335,0.6285063129050346,0.6285063129050346,0.1942,1.0,0.8058,0.8363153987629056
486,3,175,0.0215289,0.0095301,0.0,0.13668353940276717,0.0,0.3004758576636199,True,0.206901,-1.0,-inf,-0.98074,1.0,1.98074,
488,3,371,0.000387267,0.000447012,0.2559400384603799,0.251504438661196,0.9658537963895052,0.018305426806992934,False,0.0913909,0.07566929225335206,0.07566929225335206,-0.5524,0.57019,1.12259,1.1622773593647364
490,3,229,0.000455871,0.000112851,0.3219238913773224,0.37438121807152136,0.9751645941378,0.013881667257508489,False,0.00696357,-0.007094286748202936,-0.007094286748202936,-0.62952,0.47197,1.10149,1.1295426501552712
491,3,150,3.78181e-05,0.00221119,0.5172060605092894,0.30247235772632125,0.9445501136029955,0.026479586128415167,False,0.202464,0.18631559229852887,0.18631559229852887,-0.42167,0.72658,1.14825,1.215658103750567
492,3,184,5.02564e-06,0.00492436,0.5283620638987911,0.20821828624558444,0.893868503025894,0.03958989681172631,False,0.610444,0.6386332008073193,0.6386332008073193,0.1432,1.0,0.8568,0.9585302503663448
494,3,150,0.0136688,0.000102395,0.08328621629726245,0.4754375065191906,0.6371504882705935,0.10890085966421828,False,0.00289022,-0.16638241924911823,-0.16638241924911823,,,,
495,3,155,0.00459972,3.04535e-06,0.2336350557242667,0.5990428807733721,0.9021091593667223,0.03697810212819651,False,0.353736,0.3511303422461274,0.3511303422461274,-0.18593,0.89225,1.07818,1.1951768683480375
496,3,127,0.0162523,0.0392527,0.04819840612263562,0.0,0.0,0.38341153934884187,True,0.465283,1.0,inf,-0.62011,1.0,1.62011,
497,3,129,0.0429887,2.9088e-09,0.0,0.9035219256033384,0.0,0.11811642067109086,True,0.678819,1.0,inf,0.167,1.0,0.833,
500,3,186,0.00370442,1.67375e-05,0.23208956372029382,0.48685475008331197,0.9166209192060389,0.03438524281327652,False,0.271873,0.2590904835473657,0.2590904835473657,-0.31997,0.80478,1.1247500000000001,1.2270612381116492
503,3,173,0.0477321,0.00187757,0.0,0.2924169179410458,0.0,0.2082461222172023,True,0.597373,1.0,inf,-0.17058,1.0,1.17058,
506,3,245,0.00559768,0.000453049,0.17033370094936345,0.31096951382609506,0.8626228510299586,0.06118827836515007,False,-0.0750094,-0.15788786281575093,-0.15788786281575093,-1.0,0.49864,1.49864,1.7373061682873885
508,3,228,0.0091875,0.00881738,0.1253551537583038,0.1302206984225568,0.6325409211562055,0.17722705634673008,False,0.456553,0.4415934753165014,0.4415934753165014,-0.33857,1.0,1.33857,2.11617929406569
511,3,324,0.0217425,0.00390049,0.0,0.17333376559558955,0.0,0.23593397856816975,True,0.372485,1.0,inf,-0.45586,1.0,1.45586,
512,3,419,8.94949e-05,4.1833e-05,0.2782298794560114,0.29532431743275633,0.9892852705950418,0.005855956686124778,False,0.185071,0.18115608170945452,0.18115608170945452,-0.32281,0.59181,0.91462,0.9245260464151744
513,3,190,0.0030266,0.00101278,0.24545856918362502,0.3151364668987923,0.9031400011438371,0.05104494019445355,False,0.525756,0.5256228925795774,0.5256228925795774,-0.05652,1.0,1.05652,1.1698297037689676
515,3,230,0.034447,0.002342,0.0,0.2395215942387031,0.0,0.21540053464113465,True,-0.450463,-1.0,-inf,-1.0,0.24001,1.24001,
518,3,302,0.0150869,0.0177422,0.04661824215484156,0.01816999217363522,0.20290925543229815,0.34244200222708177,False,-0.0753245,-1.0,-2.0588834222324177,-1.0,0.69131,1.69131,8.335302381336248
519,3,521,7.45217e-06,5.75485e-14,0.295109909792162,0.5364871617745636,0.9985024895872808,0.0006164790239240693,False,0.209612,0.20930896332813528,0.20930896332813528,-0.09937,0.49291,0.59228,0.5931682756693095
524,3,224,1.26066e-05,0.0360321,0.4477565089197412,0.0,0.0,0.14674574831409082,True,0.429629,1.0,inf,-0.24606,1.0,1.24606,
525,3,237,0.0105053,0.0144475,0.10656516991132599,0.059075826443255694,0.4462858164928575,0.24867284189003544,False,-0.00919546,-0.5778097630717836,-0.5778097630717836,-1.0,0.74291,1.74291,3.905367223401092
528,3,311,0.00291531,3.09966e-05,0.19413799561115,0.3528430546706626,0.9279477629266843,0.030321560754015767,False,-0.0568722,-0.09396408314947875,-0.09396408314947875,-0.78989,0.42882,1.21871,1.3133390139939247
529,3,350,0.00320364,0.000571626,0.17819860262583403,0.25092330096569954,0.9052763039827889,0.045565556406125134,False,-0.0383674,-0.09271529149372375,-0.09271529149372375,-0.87969,0.49673,1.37642,1.5204418738725414
533,3,328,2.41644e-05,5.44096e-05,0.34905050092773343,0.3289438032743313,0.992242498773732,0.004409022724427325,False,0.323404,0.32148892802898915,0.32148892802898915,-0.11834,0.72854,0.84688,0.8535010353281793
535,3,200,0.00743854,0.0413809,0.15855741859330202,0.0,0.0,0.2768901675425458,True,0.57203,1.0,inf,-0.28735,1.0,1.28735,
539,3,442,0.0196948,1.52298e-05,0.0,0.3077058760128807,0.0,0.14971111540803306,True,-0.237191,-1.0,-inf,-1.0,0.30122,1.30122,
540,3,292,0.000525682,0.000125091,0.2784030034460874,0.3259381248729601,0.9724789119254134,0.014832644263349215,False,0.0737715,0.06060682140649981,0.06060682140649981,-0.53189,0.54458,1.07647,1.1069340289021738
543,3,374,0.0360838,1.7562e-05,0.0,0.332699583047777,0.0,0.14999008014335166,True,-0.511636,-1.0,-inf,-1.0,0.05707,1.05707,
544,3,262,0.0132653,0.0118667,0.07005367025883859,0.08602747209267081,0.45652530046322276,0.2496577283297428,False,-0.182289,-0.9461616429395242,-0.9461616429395242,-1.0,0.5196,1.5196,3.32862165242125
545,3,250,2.12486e-05,0.000171753,0.4073404664421982,0.34323848166845455,0.9877925343524535,0.006815325082116476,False,0.315159,0.31215428766124254,0.31215428766124254,-0.14775,0.7391,0.8868499999999999,0.8978099845443493
546,3,390,0.00643972,0.000244717,0.12691424740712023,0.2626681082294922,0.8463063706334886,0.06172640848946872,False,0.531603,0.5552086192602013,0.5552086192602013,-0.0024,1.0,1.0024,1.1844410426092742
548,3,186,0.00709792,0.0212657,0.16953541440269654,0.0,0.0,0.2731398646151336,True,0.100975,-1.0,-inf,-1.0,0.88835,1.88835,
549,3,327,0.000190319,0.00269626,0.29509173907666236,0.19363345565416742,0.925426737820337,0.03472092964690208,False,1.0,1.0,1.0430637357924468,0.58967,1.0,0.41033,0.4433954447506592
551,3,424,0.000666353,0.00139266,0.22312376362830993,0.1980103459550731,0.9375459915121099,0.03193466610148615,False,-0.0575403,-0.09543528201446151,-0.09543528201446151,-0.83879,0.43687,1.27566,1.3606372503844497
554,3,347,0.000115256,2.19679e-06,0.30002236470436944,0.3903887432399478,0.9916768458834962,0.004223294022200726,False,0.297998,0.29624036015086347,0.29624036015086347,-0.13078,0.6865,0.81728,0.824139439569022
555,3,329,0.0136145,3.53871e-05,0.06003153707076327,0.3392236792667047,0.6328044883859218,0.10232127190725053,False,-0.136001,-0.3766128026606338,-0.3766128026606338,-1.0,0.40122,1.40122,2.2143016140325673
556,3,173,0.00956669,0.0160721,0.13687072071623763,0.0450932185410126,0.3926077966883172,0.2585885263744506,False,0.088914,-0.4321730943849583,-0.4321730943849583,-1.0,0.88502,1.88502,4.801280096575557
558,3,179,0.0047927,0.036906,0.21364325969122963,0.0,0.0,0.24684260651637305,True,0.967893,1.0,inf,0.3505,1.0,0.6495,
561,3,201,0.000448338,0.000507325,0.3456090623279647,0.33999572211054035,0.9642779250463267,0.020512292452704677,False,-0.0466317,-0.06963136945137356,-0.06963136945137356,-0.75427,0.43791,1.19218,1.2363448016739824
562,3,159,6.71616e-07,0.0145272,0.6391652969120291,0.06882673494713916,0.5993402644397257,0.0951536618260757,False,0.662519,0.9466497945108159,0.9466497945108159,0.19772,1.0,0.80228,1.3386052090960152
563,3,149,8.73005e-05,0.0102511,0.4841803917271261,0.13580545480003373,0.7627667061993871,0.08239972145400594,False,-0.0403343,-0.16090636947900985,-0.16090636947900985,-0.92155,0.54115,1.4627,1.9176243379684828
565,3,90,0.00293062,0.0345648,0.36397104999485247,0.0,0.0,0.22352960094462482,True,0.411769,1.0,inf,-0.53685,1.0,1.53685,
566,3,159,0.00617356,0.00207,0.19941008735966,0.29840651747869473,0.825274016101575,0.08782284446935439,False,0.230822,0.17327475812960194,0.17327475812960194,-0.60988,0.89777,1.50765,1.8268477749024852
569,3,390,0.0251633,1.44909e-05,0.0,0.3294995938907425,0.0,0.14906287572285062,True,0.121745,-1.0,-inf,-0.64524,0.71946,1.3647,
574,3,348,0.00192563,0.00220694,0.2041273754549121,0.19774497948558142,0.8969811834707677,0.052888867890094164,False,0.593987,0.60324357085863,0.60324357085863,0.05972,1.0,0.94028,1.0482717110761368
575,3,315,0.00898544,0.0140734,0.11031552919283263,0.056367154642698473,0.48523373841119366,0.22757668776886436,False,-0.157153,-0.7928749740868991,-0.7928749740868991,-1.0,0.53921,1.53921,3.172100120325212
576,3,327,0.00024178,0.00859408,0.2879056047095713,0.11275471124983852,0.7955164967062913,0.07678566593637008,False,0.18382,0.1345469698073999,0.1345469698073999,-0.56665,0.74914,1.31579,1.654007183317779
577,3,394,0.0036747,1.96215e-07,0.1611112665687681,0.40782699720135546,0.9151715569475527,0.02887170525065971,False,0.291383,0.2868438084165508,0.2868438084165508,-0.18793,0.76331,0.9512400000000001,1.0394116739955832
578,3,286,0.00501913,0.00256531,0.16647466988878012,0.20967645428972337,0.8336901525774159,0.08268290789021063,False,0.0241695,-0.07018603699385441,-0.07018603699385441,-0.97902,0.62393,1.6029499999999999,1.9227167252058324
579,3,388,1.55009e-06,7.19141e-06,0.37428636132753623,0.3447274120183296,0.9979568141070521,0.001164040124917723,False,0.242272,0.24160159684947882,0.24160159684947882,-0.1513,0.58746,0.73876,0.7402725143582739
580,3,447,0.000527782,0.000754895,0.22428150790663273,0.21352129329177785,0.9543646982695083,0.0237325553895706,False,0.579394,0.5822317669733348,0.5822317669733348,0.10124,1.0,0.89876,0.9417364259487668
581,3,522,0.0176518,0.00050849,0.01639296844434702,0.20880609503140182,0.3753165373947439,0.16059212443246096,False,0.110476,-0.13353028560995886,-0.13353028560995886,-0.77379,0.73789,1.5116800000000001,4.027746846683901
584,3,607,7.76509e-05,0.00285373,0.23367205301199864,0.14227993452874738,0.9247272106478034,0.031761129313298136,False,0.145444,0.12293665567282601,0.12293665567282601,-0.51292,0.64005,1.15297,1.2468217510246125
585,3,532,0.000206001,0.00930992,0.22875244486897922,0.08486282441557136,0.7748542021608499,0.08007993744317299,False,-0.190584,-0.34930950453435955,-0.34930950453435955,-1.0,0.3376,1.3376000000000001,1.7262602387259576
586,3,397,2.28794e-05,0.000499524,0.3168620090286746,0.2396634254203894,0.977726583417763,0.010937324747305672,False,-0.134766,-0.14902256645000062,-0.14902256645000062,-0.78067,0.28628,1.0669499999999998,1.0912559994741533
588,3,239,0.00108729,0.0219178,0.27630753043020534,0.0,0.0,0.19433549923624044,True,0.330173,1.0,inf,-0.51188,1.0,1.5118800000000001,
591,3,452,0.00254576,0.0030083,0.16814587250445043,0.16065611085609582,0.8692005636956531,0.06507811059458578,False,-0.27973,-0.3966956822123264,-0.3966956822123264,-1.0,0.27549,1.27549,1.4674288688641572
593,3,285,0.0237918,0.0155579,0.0,0.042582614342461474,0.0,0.37265355225946123,True,-0.0280696,-1.0,-inf,-1.0,0.80342,1.80342,
594,3,300,0.00245109,0.00024205,0.20724288526015067,0.30104202652162226,0.9289111706166115,0.03421543047432155,False,-0.20028,-0.25244117832996177,-0.25244117832996177,-1.0,0.30816,1.30816,1.4082724391522203
599,4,328,0.0086984,0.0205365,0.11144952392339362,0.0,0.0,0.2903826476806118,True,0.238294,-1.0,-inf,-0.83137,1.0,1.8313700000000002,
600,4,357,0.0140197,0.00915806,0.05407171955955357,0.10245664738803069,0.4835923256879312,0.2282619120651058,False,-0.69795,-1.0,-1.915274215213256,-1.0,-0.00123,0.99877,2.065313998891951
603,4,676,0.00165418,0.00818267,0.15372514030026474,0.0856301629477336,0.7761685048992889,0.09553381455475302,False,0.563039,0.602324343869,0.602324343869,-0.00704,1.0,1.00704,1.2974502232999876
612,4,264,0.00541139,2.31197e-07,0.1670715608811656,0.5042539052322002,0.881857847197851,0.038602385025567135,False,0.384096,0.39177926019738524,0.39177926019738524,-0.1055,0.93096,1.03646,1.17531414308259
613,4,456,0.0130381,0.000217174,0.05761983914717295,0.24569876740266258,0.6509300014022567,0.1090363848020429,False,0.203718,0.14545590922832038,0.14545590922832038,-0.52403,0.81963,1.3436599999999999,2.0642158098496606
614,4,171,0.0222686,2.88969e-06,0.0,0.5682802865947434,0.0,0.1389993085794924,True,0.765984,1.0,inf,0.2842,1.0,0.7158,
617,4,327,0.0183732,0.00915097,0.011072274177356106,0.10665963221402966,0.22929018827625114,0.2811797980997519,False,-0.540694,-1.0,-3.584426373751109,-1.0,0.14807,1.14807,5.007061177065254
619,4,450,0.00344423,0.000400072,0.15454105294469186,0.23134556678398338,0.9037030891278837,0.04415133733332323,False,0.0750404,0.034180543408882415,0.034180543408882415,-0.66866,0.6068,1.27546,1.4113706319526687
621,4,284,7.55262e-05,3.78507e-09,0.34569561413135164,0.565970357390859,0.994178420860452,0.00264751280617464,False,-0.0918911,-0.09509219957153402,-0.09509219957153402,-0.55271,0.26386,0.81657,0.8213515631261301
622,4,359,7.18775e-05,0.00018042,0.30686820058985237,0.28267483389212755,0.9842688728486503,0.008612136358304668,False,0.249186,0.24441884761166074,0.24441884761166074,-0.24193,0.68021,0.92214,0.936878149291831
624,4,505,7.89837e-06,0.00243628,0.2988693161983904,0.16136553493591288,0.9376016343803714,0.02458752761069732,False,0.486429,0.4925775035519406,0.4925775035519406,0.02065,1.0,0.9793499999999999,1.044526762847655
629,4,246,3.08349e-05,0.00294552,0.400253633528831,0.21737065866313873,0.9284770200602058,0.030663431275290358,False,-0.198127,-0.24641474838058433,-0.24641474838058433,-1.0,0.28409,1.28409,1.3830067651181446
630,4,187,0.000162592,0.0066154,0.40317380940700326,0.17689854559837856,0.8507435903570871,0.06108387760048409,False,0.431848,0.43581183167526794,0.43581183167526794,-0.1582,1.0,1.1582,1.361397268375378
633,4,88,0.000288087,0.00937578,0.5730125823177711,0.19186207184511267,0.7915310507029135,0.08481707187531098,False,0.0987176,0.017561570215526925,0.017561570215526925,-0.78435,0.7419,1.52625,1.9282250502297096
637,4,400,0.00198698,1.02543e-05,0.18932513521313962,0.3321822990667114,0.9468015118420245,0.022040667571563182,False,0.269964,0.2618535451491793,0.2618535451491793,-0.27132,0.7515,1.0228199999999998,1.080289783240924
638,4,445,0.00248836,0.000764227,0.1703945469670696,0.21360885461879708,0.91369620457339,0.042423007957926924,False,-0.091804,-0.14690551113824346,-0.14690551113824346,-0.97241,0.42406,1.3964699999999999,1.5283745220896694
639,4,213,0.0111932,0.0481432,0.10294917942946545,0.0,0.0,0.3192890797931267,True,-0.0280924,-1.0,-inf,-1.0,0.85697,1.85697,
642,4,198,0.00875096,0.00969308,0.14003987936384188,0.12679553087885864,0.6244031268479272,0.18180894283569202,False,0.126518,-0.08855007359557647,-0.08855007359557647,-0.95506,0.8758,1.83086,2.93217621962022
643,4,255,6.92061e-05,9.4258e-06,0.368782022271424,0.4248585948759686,0.9928609601292107,0.004086754029150323,False,0.464855,0.4640813411687427,0.4640813411687427,0.05325,0.88298,0.82973,0.8356960675460733
644,4,155,0.000716572,0.00195867,0.37132651406682005,0.3064571527696616,0.9302512820493734,0.03884765165270254,False,0.321084,0.3033979676174396,0.3033979676174396,-0.33647,0.9135,1.24997,1.3436907039206396
647,4,226,0.00072372,2.36574e-05,0.30390215782281577,0.4271120237364081,0.9732289451340831,0.013573182099550909,False,0.484522,0.4839034229870402,0.4839034229870402,0.01853,0.97429,0.9557599999999999,0.9820505285817651
648,4,303,3.13586e-06,4.02787e-09,0.41219914226607296,0.5446098518972833,0.9990972239645711,0.00047905311699938485,False,0.31168,0.3114821454994215,0.3114821454994215,-0.03519,0.62723,0.66242,0.6630185572645431
649,4,209,0.0124391,0.00022727,0.08777704626998875,0.3667867791555521,0.6800632315746901,0.10529197943188386,False,0.357158,0.37035676812716223,0.37035676812716223,-0.33364,1.0,1.33364,1.9610529404919441
651,4,322,1.86594e-05,1.48334e-06,0.3586945327351451,0.41465850064090237,0.9968923012519809,0.0017455740297554563,False,0.275268,0.27437510112850927,0.27437510112850927,-0.13538,0.64035,0.77573,0.7781482503433654
656,4,232,0.000610743,0.0458155,0.3073122574512227,0.0,0.0,0.18311375715588116,True,0.601865,1.0,inf,-0.08067,1.0,1.08067,
658,4,354,6.58251e-07,0.0046165,0.40965159688219827,0.15579552665664115,0.8964719653359877,0.035153966246466675,False,0.745295,0.7921508549209125,0.7921508549209125,0.34921,1.0,0.65079,0.7259457352423632
659,4,180,0.00493675,0.0117643,0.2102512875602171,0.10312358056096443,0.6361840110603451,0.16475302107591205,False,0.17161,0.010778294966356112,0.010778294966356112,-0.90723,0.93658,1.84381,2.89823379390952
661,4,228,0.0031092,0.0094384,0.2221157039760068,0.12209038988386754,0.727800824319346,0.12468670134911614,False,0.20781,0.11421160278105269,0.11421160278105269,-0.65873,0.91445,1.57318,2.161552924141395
669,4,352,0.00107974,2.19613e-05,0.22723010530087445,0.33844601437178123,0.9646174467164936,0.016365654324849647,False,0.0690853,0.05465342333855273,0.05465342333855273,-0.53094,0.51931,1.0502500000000001,1.088773589545778
670,4,366,7.16873e-05,0.000286935,0.3038645424643348,0.2667184664914731,0.9808501416114693,0.010250478845852768,False,0.701589,0.7048360313414704,0.7048360313414704,0.31191,1.0,0.68809,0.7015240869206743
671,4,204,0.00251164,5.71519e-05,0.24985726456850713,0.4225551505663272,0.9362639442038333,0.02940730854780338,False,0.620816,0.6316687672460892,0.6316687672460892,0.16625,1.0,0.83375,0.8905074313301602
672,4,196,0.00115291,0.00412334,0.3029961947746846,0.2173117792452279,0.8796672359255013,0.06121044221184355,False,0.500941,0.4998828418629394,0.4998828418629394,-0.10581,1.0,1.10581,1.2570776253097264
673,4,272,0.00491131,7.80509e-05,0.17220277975838477,0.35274062695978,0.8868113749823311,0.046110886756833155,False,0.323808,0.3131411268249685,0.3131411268249685,-0.29025,0.90109,1.1913399999999998,1.3433972923765622
674,4,292,0.00256787,0.00412576,0.20747289531413218,0.17858103223014862,0.8506422109424765,0.07544735114700825,False,-0.0110664,-0.10170404199805061,-0.10170404199805061,-0.96346,0.58782,1.55128,1.8236574438050113
675,4,316,0.000134654,1.21814e-06,0.3105871308672375,0.42302737203176827,0.9911716461601042,0.0043951720984998464,False,0.252339,0.2501522605716767,0.2501522605716767,-0.17934,0.63979,0.8191299999999999,0.8264259809825973
678,4,267,1.23437e-05,0.0010202,0.4074369873081179,0.2639122760599142,0.967286149268093,0.015268732948818552,False,-0.0520966,-0.06964364474751471,-0.06964364474751471,-0.67081,0.39242,1.06323,1.0991886948908591
679,4,213,0.0249774,0.0362363,0.0,0.0,0.0,0.42776000000000003,True,-0.590631,-1.0,-inf,-1.0,0.23722,1.23722,
681,4,221,0.00728742,0.000114677,0.15336871269913716,0.38103222159105476,0.835194657852039,0.0635190897775409,False,0.230334,0.19973177349035634,0.19973177349035634,-0.48773,0.81919,1.3069199999999999,1.5648088594833072
682,4,240,0.00353368,0.000369362,0.20776122113759676,0.322469225305668,0.9059478330554127,0.04499491486067383,False,0.449858,0.44689447931442045,0.44689447931442045,-0.13086,1.0,1.13086,1.248261719646754
683,4,240,0.00385628,0.00459451,0.2015299961944397,0.18830743775084538,0.820774741278814,0.09144960326748652,False,0.0213295,-0.08543160472779095,-0.08543160472779095,-1.0,0.62935,1.62935,1.9851366252589349
684,4,267,0.00699035,6.33556e-07,0.14414025327911592,0.4787653642144055,0.8466533329202045,0.04845953006348703,False,0.257117,0.24644971185175568,0.24644971185175568,-0.30926,0.78684,1.0960999999999999,1.294626687666161
685,4,306,0.0295328,0.0126387,0.0,0.07217328490127109,0.0,0.3357645191707882,True,-0.0694261,-1.0,-inf,-1.0,0.75498,1.75498,
686,4,319,0.0208813,0.000609701,0.0,0.26074279260002675,0.0,0.18347846404712603,True,0.733217,1.0,inf,0.14577,1.0,0.85423,
687,4,172,0.00169891,6.56682e-05,0.30001163604838493,0.45857731205573654,0.952030568115376,0.024015223839440252,False,-0.0318352,-0.058664527915317705,-0.058664527915317705,-0.77582,0.47504,1.2508599999999999,1.3138863833712626
691,4,302,9.86179e-05,0.000825647,0.32711017858467484,0.25646952429661174,0.9664672137084184,0.01727500757968811,False,0.611163,0.6144936775884121,0.6144936775884121,0.1698,1.0,0.8302,0.8590048252278013
692,4,340,1.09668e-06,0.000234764,0.4086685637548718,0.28304256549905643,0.9876988296673969,0.005817709910286761,False,0.298296,0.29612092401507045,0.29612092401507045,-0.12678,0.69484,0.82162,0.8318527625234474
694,4,254,0.00608439,1.73888e-05,0.1602463284573873,0.4093682758013418,0.865668229690779,0.04893547933155143,False,0.595331,0.6311835203466158,0.6311835203466158,0.10612,1.0,0.89388,1.0325895872594266
695,4,325,0.00341763,0.000425491,0.18100366629432801,0.27072827870679317,0.9050054685279731,0.044832568849828336,False,0.109902,0.07189948946497489,0.07189948946497489,-0.64356,0.6377,1.28126,1.4157483513155116
700,4,223,0.0425671,7.34595e-06,0.0,0.46425256827973355,0.0,0.14399549585001328,True,0.0156443,-1.0,-inf,-0.96864,0.66198,1.63062,
701,4,378,0.02457,0.0015559,0.0,0.2050244387064854,0.0,0.20334451387358568,True,-0.284169,-1.0,-inf,-1.0,0.35745,1.35745,
703,4,187,0.0258584,0.00161131,0.0,0.29062234926222774,0.0,0.2038881913510561,True,-0.0540061,-1.0,-inf,-1.0,0.63917,1.63917,
705,4,143,0.00100574,7.17052e-05,0.36649729346166304,0.5040020785237806,0.9659887104804661,0.018682249717986876,False,0.786353,0.7946995052356118,0.7946995052356118,0.35992,1.0,0.64008,0.6626164395664988
708,4,176,0.00706115,2.01709e-05,0.17470444000706137,0.4955983199699519,0.8470796815183408,0.055458191949798404,False,0.237175,0.21452150490079616,0.21452150490079616,-0.41446,0.8024,1.21686,1.4365354600630365
709,4,134,0.00208706,0.0376854,0.3254460261160704,0.0,0.0,0.21143510106670363,True,0.282253,1.0,inf,-0.7265,1.0,1.7265000000000001,
711,4,214,1.86381e-05,0.000718244,0.44736186066792183,0.3130472348312905,0.9738419912703675,0.013225524438971117,False,0.250069,0.24320524036149727,0.24320524036149727,-0.27617,0.71991,0.9960800000000001,1.0228353356386115
712,4,177,0.00660446,0.00290444,0.18184672786410008,0.2576315512001454,0.8010000705235736,0.09969357845161701,False,0.0879908,-0.014610209015296964,-0.014610209015296964,-0.84378,0.75744,1.60122,1.9990260412253933
713,4,211,5.22153e-05,0.0102228,0.4178996750293866,0.11607493335449325,0.7601054662962056,0.07950616216356493,False,0.27877,0.2621528809776826,0.2621528809776826,-0.40103,0.89067,1.2917,1.6993694392096863
718,4,300,0.00819929,0.00334273,0.1218798977609428,0.18955113962221595,0.7519622965660584,0.1160489813129875,False,0.248229,0.17578011462892643,0.17578011462892643,-0.5962,0.95862,1.5548199999999999,2.067683455806633
724,4,300,0.0332494,0.0230412,0.0,0.0,0.0,0.42776,True,-0.598064,-1.0,-inf,-1.0,0.20151,1.20151,
727,4,536,8.09244e-05,0.0494815,0.24768743973536525,0.0,0.0,0.1612006409874468,True,0.0835419,-1.0,-inf,-0.91224,0.7733,1.68554,
728,4,399,2.17146e-07,0.00755841,0.40334634770539896,0.1136213116186795,0.8304575486939757,0.05037874059087023,False,0.28669,0.28455549567917854,0.28455549567917854,-0.22868,0.823,1.05168,1.266386224863548
731,4,299,0.0162627,0.000673075,0.03422826373535685,0.2657792873226351,0.4779800303214147,0.15160146748215889,False,0.215443,0.133565271492433,0.133565271492433,-0.60978,0.89678,1.50656,3.1519308431921793
732,4,237,0.0254664,0.013273,0.0,0.07305969345366738,0.0,0.34392353790694574,True,-0.169911,-1.0,-inf,-1.0,0.62575,1.62575,
733,4,389,0.00169305,0.0469088,0.19869952002919122,0.0,0.0,0.2056449423663983,True,0.325217,1.0,inf,-0.598,1.0,1.5979999999999999,
735,4,173,0.00056837,3.0728e-07,0.36242506322001716,0.6319857131619785,0.9799328530767872,0.009227044581418214,False,0.286213,0.28265809697970934,0.28265809697970934,-0.17655,0.70806,0.88461,0.9027251175654607
736,4,295,8.91296e-05,0.0062844,0.3340955678162306,0.14657737276674476,0.856541331859496,0.05549951602566146,False,0.800231,0.8694635696768707,0.8694635696768707,0.35007,1.0,0.64993,0.7587841658370927
737,4,522,5.23726e-05,0.00134647,0.2596457785568936,0.18023924115315362,0.9563787552354783,0.019859956974628227,False,-0.210986,-0.24137503652283623,-0.24137503652283623,-0.95827,0.23341,1.1916799999999999,1.2460335337609898
738,4,408,0.00316027,0.000504411,0.1662268284656061,0.23610170945426914,0.9070160653420385,0.043980253572459216,False,0.00446445,-0.043566817703011344,-0.043566817703011344,-0.80034,0.52564,1.32598,1.4619145687347541
741,4,310,0.0225748,0.000418354,0.0,0.2779687754682142,0.0,0.17759962562654824,True,-0.0440145,-1.0,-inf,-1.0,0.57718,1.57718,
742,4,250,0.0232406,0.000518765,0.0,0.3022841133058985,0.0,0.18053558569624517,True,0.1308,-1.0,-inf,-0.82333,0.82847,1.6518000000000002,
744,4,253,0.0140277,0.00181859,0.06231565563633287,0.24248860028368538,0.5878484643394156,0.150059172128771,False,-0.0895986,-0.4076863114681812,-0.4076863114681812,-1.0,0.54811,1.5481099999999999,2.633518829958434
747,4,309,0.0329857,0.000506799,0.0,0.27172067521903487,0.0,0.1804550912160701,True,0.142241,-1.0,-inf,-0.85727,0.87585,1.73312,
748,4,303,0.00298827,0.00554411,0.19522387517365802,0.15456955417715512,0.8154483395763785,0.09086410922760944,False,0.293711,0.24875504790134043,0.24875504790134043,-0.49348,0.9837,1.47718,1.8114942765931534
749,4,186,0.00658476,0.000444972,0.17786206854858064,0.3604985090596294,0.8442686054478856,0.06829201361904833,False,0.574749,0.599876606938707,0.599876606938707,0.01005,1.0,0.98995,1.172553371772992
753,4,218,0.0349508,0.00959369,0.0,0.12259219337702953,0.0,0.3009481705255674,True,0.74574,1.0,inf,-0.01273,1.0,1.01273,
754,4,150,0.0386224,0.00224098,0.0,0.30143125530252096,0.0,0.21380685188238657,True,0.801343,1.0,inf,0.12537,1.0,0.87463,
758,4,337,1.02588e-11,2.68674e-09,0.6095453827534825,0.5200977439389783,0.9999864589009455,8.194809496690421e-06,False,0.366881,0.36687777311877,0.36687777311877,0.09401,0.62023,0.5262199999999999,0.5262271256936341
765,4,475,0.00105241,0.00448642,0.1968485497730441,0.13734593618330349,0.8686227598268529,0.061262240443636075,False,0.648491,0.6760457896284221,0.6760457896284221,0.11311,1.0,0.88689,1.0210301191932716
766,4,388,7.91452e-06,6.33109e-08,0.34280250119522127,0.43039125078995355,0.9983724750257945,0.0008509872989537222,False,0.261615,0.2611891044915967,0.2611891044915967,-0.11212,0.59386,0.70598,0.7071308731560934
768,4,615,0.0372285,0.00753392,0.0,0.09431596164137672,0.0,0.2763865977724076,True,0.108922,-1.0,-inf,-1.0,0.91296,1.91296,
772,4,503,0.00256057,0.000159057,0.1596379163794417,0.2411048037381467,0.9276736830291158,0.032489926025491424,False,0.486599,0.489513804565108,0.489513804565108,-0.00391,1.0,1.00391,1.082180101004861
773,4,356,4.20215e-05,0.00011368,0.32134760932672024,0.29642400087244275,0.988334455051064,0.006450291884409934,False,0.672497,0.6739082146854606,0.6739082146854606,0.29166,1.0,0.70834,0.7167007042807209
782,5,479,0.00171041,5.92506e-05,0.17926882860177154,0.2686386496654787,0.9487136955175016,0.02304816521074787,False,0.170498,0.15542079289666164,0.15542079289666164,-0.42784,0.65325,1.08109,1.1395324059386434
783,5,344,1.78555e-09,1.79463e-06,0.5209725808348358,0.3962971017873876,0.999349593411292,0.00034144509144724844,False,0.154429,0.15418783969538927,0.15418783969538927,-0.19439,0.45427,0.64866,0.6490821673182366
786,5,463,0.0399808,7.79347e-10,0.0,0.4538401764554809,0.0,0.12087863933337333,True,0.281554,1.0,inf,-0.28226,0.93248,1.21474,
790,5,420,0.0117326,3.41268e-07,0.07141045668182538,0.3848871069578531,0.7083189758688141,0.07582720489189133,False,0.0044455,-0.10077621428161732,-0.10077621428161732,-0.69899,0.48262,1.18161,1.668189107246003
791,5,505,0.00259773,0.000479111,0.1587489973694203,0.21379898441731474,0.9178109235976644,0.03904872884429733,False,-0.0843495,-0.13444842033541837,-0.13444842033541837,-0.90628,0.40524,1.31152,1.42896534164037
792,5,214,0.000400929,0.00811434,0.33912810085389694,0.14387456804554205,0.8079363974616078,0.07802031162053238,False,0.052948,-0.03103253139641328,-0.03103253139641328,-0.80091,0.63754,1.43845,1.780400046983096
796,5,202,2.65805e-07,0.00246621,0.5824087170916145,0.2523474879186101,0.9416053289314255,0.02226542065687602,False,0.564521,0.5758841445369678,0.5758841445369678,0.14634,1.0,0.85366,0.9066006465455865
800,5,312,0.00234832,0.000651333,0.20550237049100126,0.2612794897830431,0.9203620290681059,0.04026788665279472,False,0.231881,0.20819319712832926,0.20819319712832926,-0.41329,0.80042,1.21371,1.318731066327147
801,5,248,0.01325,0.00146792,0.07190947796143587,0.2562848429024565,0.626031938332904,0.13785409499450896,False,0.362199,0.3583601590725735,0.3583601590725735,-0.38123,1.0,1.38123,2.2063251336316094
802,5,195,0.0408633,0.0055927,0.0,0.19038662520009708,0.0,0.25609222308305235,True,-0.0797948,-1.0,-inf,-1.0,0.76112,1.76112,
803,5,432,0.00396331,5.65328e-05,0.15029081011930345,0.2842058142653399,0.904605411473742,0.03849222516100927,False,-0.0784693,-0.12929562843368456,-0.12929562843368456,-0.89168,0.40099,1.29267,1.4289876929810101
807,5,303,0.00513177,0.0268426,0.1603149265709587,0.0,0.0,0.2505374076682647,True,0.243986,-1.0,-inf,-0.79335,1.0,1.79335,
809,5,435,0.0235534,0.00799153,0.0,0.1050360961416961,0.0,0.2821110346325641,True,0.657872,1.0,inf,-0.07845,1.0,1.07845,
814,5,169,0.000272698,0.0138468,0.4028844835828992,0.0765907252281709,0.6233103455867729,0.11855924625665705,False,0.31949,0.32236069105220844,0.32236069105220844,-0.41267,1.0,1.4126699999999999,2.2663990899591733
815,5,91,2.52592e-15,6.53512e-06,1.6345825668632041,0.7781433905600297,0.9987709113744876,0.0006476393670123115,False,0.611891,0.6119955574114663,0.6119955574114663,0.32153,0.90795,0.58642,0.5871416491225011
817,5,208,0.0353696,6.05836e-05,0.0,0.4161318796829518,0.0,0.1566057456561685,True,0.0262254,-1.0,-inf,-0.96633,0.69638,1.6627100000000001,
818,5,216,0.000187848,0.0235794,0.36767555664486895,0.0,0.0,0.16702725507942848,True,0.475921,1.0,inf,-0.19038,1.0,1.19038,
820,5,292,7.28304e-05,0.0122035,0.3416733430620965,0.07835948029706215,0.6894802013900001,0.09536357274137901,False,0.533735,0.635799877030347,0.635799877030347,-0.01509,1.0,1.01509,1.472254022600746
825,5,295,7.63213e-06,0.000293798,0.397642597332248,0.2973146315400292,0.9850090756535341,0.007591718183143043,False,0.592191,0.5934963405580673,0.5934963405580673,0.20218,1.0,0.79782,0.8099620802688159
826,5,221,7.97831e-05,0.000402509,0.39351246819889096,0.3332452204380427,0.9779720431189626,0.012347669016299936,False,0.0774648,0.06658383687127453,0.06658383687127453,-0.53245,0.5379,1.07035,1.094458688805075
827,5,161,0.000190631,1.98393e-06,0.43018685703483206,0.6002644128054097,0.9895847436246743,0.005656953703543756,False,0.539473,0.53943439380561,0.53943439380561,0.13317,0.96398,0.8308099999999999,0.8395541719417474
829,5,211,0.0245387,6.85759e-08,0.0,0.6019491585651485,0.0,0.12748343601968098,True,0.159105,1.0,inf,-0.52083,0.75792,1.27875,
830,5,218,0.000377518,0.0119062,0.3383370959745729,0.09284775626829407,0.695979589095965,0.10589780356225059,False,0.66684,0.805975067697573,0.805975067697573,0.10514,1.0,0.89486,1.2857560969027388
832,5,406,0.0025955,0.00794884,0.17610600317019687,0.10874675785125511,0.767615651384235,0.10564860797375936,False,0.1909,0.11105999711249698,0.11105999711249698,-0.66905,0.85515,1.5242,1.9856291325631814
833,5,345,0.015261,0.00141159,0.0424689107676909,0.2186499509371656,0.5296429539251742,0.15538797328907414,False,0.271291,0.21883237726844218,0.21883237726844218,-0.55362,0.99436,1.54798,2.9226859123263105
835,5,445,0.000456345,0.00606455,0.22895389718960843,0.1234769462134655,0.8486326182525621,0.06373021901016863,False,0.289761,0.2663470341916108,0.2663470341916108,-0.36908,0.89972,1.2688,1.4951110441790625
837,5,149,0.00210696,1.23896e-06,0.307258752473628,0.6432374733187923,0.9495995562147453,0.02117609263167934,False,0.695849,0.7104814897530851,0.7104814897530851,0.28853,1.0,0.71147,0.7492316054106348
838,5,270,0.00116427,0.0401613,0.25642757892638257,0.0,0.0,0.195975318657182,True,-0.389427,-1.0,-inf,-1.0,0.29249,1.29249,
839,5,459,0.000938774,0.00218214,0.20389429446081506,0.17339438756433947,0.9157271478629018,0.04203326532920645,False,0.0639523,0.023936207113601015,0.023936207113601015,-0.69654,0.58316,1.2797,1.3974686706477228
840,5,401,0.00133268,7.55897e-07,0.2051768018770779,0.38066784144717525,0.961394436605588,0.015348119725100978,False,0.277574,0.272755770462688,0.272755770462688,-0.18952,0.72693,0.91645,0.9532507835553177
841,5,487,4.80352e-09,2.42592e-05,0.4172394214956479,0.28400264742441844,0.9969667955595322,0.0013845876620734512,False,0.0639038,0.06270942283773714,0.06270942283773714,-0.33978,0.38991,0.72969,0.7319100327613948
842,5,317,0.035075,0.021335,0.0,0.0,0.0,0.42776000000000003,True,0.706821,1.0,inf,-0.13698,1.0,1.1369799999999999,
844,5,425,0.0202925,0.000661049,0.0,0.22311247619538077,0.0,0.1852380138688077,True,0.135364,-1.0,-inf,-0.78925,0.80342,1.59267,
847,5,245,0.00391219,2.4681e-05,0.19845402157164477,0.40756371138353437,0.9102110414856018,0.0363751403566274,False,0.293893,0.28292104567646703,0.28292104567646703,-0.30045,0.83879,1.13924,1.2516218196393096
848,5,210,6.57362e-09,1.076e-08,0.6595020294348936,0.6479899265723684,0.9999458123063907,3.826672297448285e-05,False,0.229023,0.22899714210399924,0.22899714210399924,-0.09637,0.52969,0.62606,0.6260939265858645
849,5,371,1.75573e-10,0.000176359,0.5353890763806703,0.2785506731990667,0.9900645197898001,0.003969001919640166,False,0.438428,0.4388188743220487,0.4388188743220487,0.09883,0.79857,0.69974,0.7067620200636634
850,5,303,5.36467e-05,8.52011e-08,0.3433862698263461,0.4870772534107829,0.9951519501306916,0.002382822498142528,False,0.504213,0.5042749274982108,0.5042749274982108,0.14602,0.88487,0.73885,0.7424494318711511
851,5,211,2.20788e-07,3.4307e-07,0.5729189725379144,0.5617211897687507,0.999574895740627,0.0002845417193456201,False,0.215331,0.2151379143243863,0.2151379143243863,-0.15431,0.53826,0.6925699999999999,0.6928645396669809
852,5,379,7.50306e-07,0.00109584,0.3924772511744493,0.21845293555571618,0.9664988900466205,0.013636455480414065,False,0.167067,0.15874880571480532,0.15874880571480532,-0.32861,0.58043,0.9090400000000001,0.9405494505597944
853,5,358,0.000228462,3.58364e-06,0.2764081058293489,0.3741071205176988,0.9873836175489255,0.0061894863288287985,False,0.138465,0.13396567587330552,0.13396567587330552,-0.34852,0.53321,0.8817299999999999,0.8929963839067945
854,5,341,0.00112253,0.00412644,0.22933241204153243,0.165687900745091,0.8760152922583238,0.059998911546030015,False,-0.0112337,-0.0813143471073386,-0.0813143471073386,-0.88728,0.54827,1.43555,1.6387271006413868
856,5,252,0.0188523,2.1998e-05,0.006174040203770082,0.4046198182274497,0.2099944957716914,0.14508466666294,False,0.182204,0.17676336325222824,0.17676336325222824,-0.53064,0.78551,1.31615,6.267545228570821
861,5,302,1.45958e-08,0.000101153,0.5217993666994288,0.3263832778313127,0.9930013456446353,0.00318398157304048,False,0.225811,0.22419608936424434,0.22419608936424434,-0.18053,0.58838,0.76891,0.7743292628680578
862,5,205,0.00757632,0.00114882,0.15466159723312642,0.29619969925135115,0.8069657100995025,0.08701150098061416,False,0.0741463,-0.015942686064105288,-0.015942686064105288,-0.82305,0.68249,1.5055399999999999,1.8656802651680953
864,5,315,2.34254e-08,2.07482e-06,0.5010049911417014,0.4125225209006392,0.9992554653858112,0.00041634530489497546,False,0.44626,0.4461758480579992,0.4461758480579992,0.12432,0.75781,0.63349,0.6339620066580375
865,5,272,0.0374856,0.0014696,0.0,0.24447033515483407,0.0,0.2016446746123059,True,0.138143,-1.0,-inf,-0.96674,0.91407,1.88081,
867,5,246,0.000309187,0.00598088,0.3250693082220415,0.16424734682844025,0.8579348124655524,0.06075058798249236,False,0.269847,0.24372062886293386,0.24372062886293386,-0.42474,0.87146,1.2962,1.5108373983274455
868,5,291,0.00098771,0.00106931,0.25394146593340367,0.2505485316209592,0.9384119243923663,0.0329850810818549,False,0.186327,0.16340576556232053,0.16340576556232053,-0.48885,0.72686,1.21571,1.2954971781578626
869,5,251,0.0019678,0.000156667,0.23914037522901382,0.3456299332698213,0.9416814842082392,0.028685934633809976,False,0.410033,0.40496396261504986,0.40496396261504986,-0.11843,0.98216,1.10059,1.1687497507985625
870,5,258,0.00249026,5.61976e-05,0.22248033243721566,0.37272716953844537,0.9355668435678034,0.029034764422097098,False,0.290879,0.27987763501681456,0.27987763501681456,-0.28955,0.8018,1.0913499999999998,1.1665120536316935
871,5,285,0.00622581,0.000270007,0.1497739359625726,0.30556179714039244,0.8524413753134393,0.061294401510263115,False,0.472105,0.48192240591170676,0.48192240591170676,-0.09129,1.0,1.09129,1.2801936081513372
872,5,403,0.0182334,0.000227798,0.011932313470494602,0.26025597411594925,0.3108812614033241,0.15718723674635593,False,0.0199668,-0.441391790958838,-0.441391790958838,-0.9296,0.60542,1.5350199999999998,4.937640799162
873,5,379,0.00123072,4.53103e-06,0.21405789159108332,0.35829562563746714,0.9629341825911406,0.015779143249357606,False,-0.145422,-0.16740619054106545,-0.16740619054106545,-0.81212,0.29391,1.10603,1.1486039440658402
874,5,357,0.0113757,5.09522e-11,0.08003602236744901,0.56597026887136,0.7216958448426782,0.06317781452575869,False,0.258823,0.2710909129827259,0.2710909129827259,-0.23389,0.7587,0.9925900000000001,1.3753577869308278
875,5,288,0.0130013,0.00032327,0.07013855961258192,0.2977941134343413,0.6524437854201717,0.11292974901455557,False,-0.288855,-0.6158151215369573,-0.6158151215369573,-1.0,0.2817,1.2817,1.9644604311382772
877,5,189,0.000376175,4.64482e-05,0.3651509593513461,0.44792492316234733,0.9805518928245823,0.011003695008781459,False,0.570679,0.5707758141988949,0.5707758141988949,0.13375,1.0,0.86625,0.8834310619753905
879,5,240,0.00270511,0.00239601,0.22553804210248987,0.23305531934377136,0.8815300250004833,0.06226056255297026,False,-0.307184,-0.4190947013435733,-0.4190947013435733,-1.0,0.24611,1.24611,1.4135763554954546
881,5,426,0.000578042,0.00936656,0.22697796288238278,0.092778715595846,0.7655796301119285,0.09008611226768276,False,0.255974,0.21668273450282924,0.21668273450282924,-0.46148,0.88553,1.34701,1.7594642634405853
882,5,264,0.024796,0.00462621,0.0,0.17924155550334886,0.0,0.2447152756993278,True,-0.307638,-1.0,-inf,-1.0,0.38151,1.38151,
884,5,192,0.0191444,0.00437566,0.002553448242034753,0.21445272108619387,0.11681152962393056,0.23938335879711847,False,-0.134805,-1.0,-3.203351244537256,-1.0,0.56474,1.56474,13.395424279072536
886,5,223,5.38696e-05,2.12501e-05,0.40453720859588904,0.43346780337202195,0.9926669833745972,0.004404674692396522,False,-0.00606072,-0.010542704519917788,-0.010542704519917788,-0.53324,0.40396,0.9372,0.9441232716474203
887,5,266,0.00687084,1.10648e-05,0.14598482877493582,0.4110967173481757,0.8481218013187526,0.05263884662491163,False,0.309858,0.30328091198119883,0.30328091198119883,-0.27627,0.88206,1.1583299999999999,1.3657590197527072
888,5,640,1.66237e-05,3.41185e-13,0.25361891938821124,0.46209774138866033,0.9975749495960957,0.0009660954959919113,False,0.0118588,0.01091918407576132,0.01091918407576132,-0.33835,0.30216,0.6405099999999999,0.6420670449466815
890,5,368,0.00404638,0.000114171,0.16091745855904951,0.29126631862740304,0.901151986622763,0.04167755521732595,False,0.267296,0.2503666952211044,0.2503666952211044,-0.33959,0.78664,1.12623,1.2497669835038143
891,5,398,1.21624e-08,1.61466e-19,0.4510223874939814,0.7779102934096657,0.9999675895503545,1.5318602838013e-05,False,0.439182,0.43918091544810745,0.43918091544810745,0.2052,0.66823,0.46303,0.46304500749689914
892,5,394,0.00135599,1.23062e-06,0.20629544301605757,0.37546663121259316,0.9608209224580604,0.01578473455468967,False,0.380241,0.37931757825685647,0.37931757825685647,-0.07135,0.82741,0.89876,0.9354084397961584
894,5,290,1.40889e-06,1.53887e-05,0.4400957847748939,0.3841821846263861,0.9971955462517622,0.001612388483246894,False,0.520708,0.5205554852986647,0.5205554852986647,0.14686,0.89411,0.74725,0.7493515216837336
895,5,299,0.000814524,0.000401015,0.25832117159665086,0.2846785933207834,0.9572489041210034,0.023016643354904342,False,-0.0593119,-0.08600536704766748,-0.08600536704766748,-0.81584,0.44148,1.25732,1.3134723838148843
898,5,471,0.00623067,0.00197836,0.11863348787394866,0.17516634288537536,0.815748182441469,0.08515441466452076,False,0.270342,0.22701562727510793,0.22701562727510793,-0.47443,0.93285,1.40728,1.7251402213218836
899,5,358,0.00141224,0.00968306,0.2146459687524889,0.0969312785400675,0.7431482041676414,0.10607547108316163,False,-0.0137227,-0.1612036070481269,-0.1612036070481269,-1.0,0.59025,1.5902500000000002,2.139882719330729
900,5,192,0.0117907,0.00032161,0.09982177692658864,0.3690384511172977,0.7028875812857541,0.1034466864554053,False,0.456515,0.5023112129805252,0.5023112129805252,-0.18355,1.0,1.1835499999999999,1.6838396800737268
901,5,184,5.3917e-08,0.00731388,0.6573638589530795,0.1669697163403538,0.8429429155127964,0.047357536739957636,False,0.454476,0.4829727562421895,0.4829727562421895,-0.03882,1.0,1.03882,1.2323728936828937
902,5,200,3.30253e-06,6.70984e-06,0.516569028443877,0.49576576009578865,0.9977501376959498,0.0014421606022613173,False,0.026005,0.024618227018700607,0.024618227018700607,-0.44358,0.4015,0.84508,0.8469856009757086
903,5,298,9.1758e-05,1.57822e-06,0.3314865939290894,0.43113665041655824,0.9928557319087914,0.0037088805656483917,False,-0.0497832,-0.05387699224217445,-0.05387699224217445,-0.55961,0.33798,0.8975900000000001,0.9040487667572403
905,5,208,0.000436337,7.05427e-05,0.3405916943058258,0.4109050100017485,0.977631960621817,0.012525885025871198,False,0.387177,0.38322306355024865,0.38322306355024865,-0.10849,0.87023,0.9787199999999999,1.0011129335189604
908,5,350,9.31963e-05,0.0157579,0.3042827796210406,0.03729369704847549,0.5193007985290231,0.1257337663860084,False,0.251509,0.24220111729129598,0.24220111729129598,-0.43573,0.8863,1.32203,2.545788498197569
910,5,211,0.00149908,4.73569e-05,0.277223909878639,0.42114154287368805,0.9559408783581548,0.021496146627656608,False,0.689526,0.6988192141335103,0.6988192141335103,0.25536,1.0,0.74464,0.778960306916608
912,5,425,0.0308315,0.00168476,0.0,0.190497799983971,0.0,0.20556433251083825,True,0.26911,1.0,inf,-0.67233,1.0,1.67233,
914,5,555,0.000419417,2.0373e-06,0.20751501668574202,0.3061246710968446,0.9817273254160305,0.008067241178394134,False,0.140739,0.13514114906130684,0.13514114906130684,-0.3428,0.53109,0.87389,0.8901555221860287
915,5,599,0.00499832,0.000922855,0.11846703914558937,0.17991238580875601,0.8601834046657892,0.06289055063701561,False,0.641869,0.6730872116603288,0.6730872116603288,0.12299,1.0,0.87701,1.0195616367892477
916,5,440,1.07108e-05,2.94668e-11,0.3152124982476733,0.5110322070991525,0.9981505278627032,0.0008194987255535729,False,0.0606304,0.05992172483494743,0.05992172483494743,-0.30795,0.36368,0.67163,0.6728744625704225
917,5,473,0.000306379,0.000791154,0.2326610556703016,0.2062522812064005,0.9593499156698595,0.020857211635986892,False,0.0642797,0.045262409111375856,0.045262409111375856,-0.61424,0.5438,1.15804,1.2071090861475777
918,5,604,0.0048809,0.00852812,0.11921585289040543,0.08682024388976717,0.714795247468871,0.1312145815386373,False,-0.349214,-0.6721205593348041,-0.6721205593348041,-1.0,0.23686,1.23686,1.7303696469440566
919,5,506,0.00637949,0.0136961,0.11343423371338585,0.049860453861224334,0.5390328003787068,0.1950651184897398,False,-0.0940935,-0.5364397459423367,-0.5364397459423367,-1.0,0.57074,1.57074,2.913997068260873
920,5,516,0.0113222,0.00472088,0.06903617684887486,0.12961234572249972,0.6435975708030975,0.15531002987182954,False,0.422959,0.4158638600736035,0.4158638600736035,-0.32981,1.0,1.32981,2.0662135165311906
921,5,468,1.58948e-05,3.32294e-05,0.29794458923952744,0.28365498589088767,0.9940307127957448,0.0032768192168582877,False,0.423644,0.42289154185271083,0.42289154185271083,0.02917,0.80784,0.77867,0.7833460173579189
922,5,332,0.0026035,9.85599e-05,0.1940299264095564,0.311273141784769,0.9304376971681318,0.03135636930493248,False,-0.178817,-0.22588655849243147,-0.22588655849243147,-0.98748,0.31438,1.30186,1.3991909441785562
923,5,432,4.03321e-06,0.0110308,0.33651738971039225,0.07691240180215027,0.7314823056338132,0.07632304275808212,False,0.412444,0.45950661369816254,0.45950661369816254,-0.09911,1.0,1.09911,1.502579066553969
924,5,576,0.0031844,0.00339688,0.14124223536281544,0.13852186886678022,0.8493566720381622,0.07343991252334099,False,0.0493073,-0.02841281327128575,-0.02841281327128575,-0.82818,0.61227,1.44045,1.6959306348220213
926,6,584,0.0421629,0.01317,0.0,0.05138262617062367,0.0,0.34019221710260433,True,-0.198855,-1.0,-inf,-1.0,0.57284,1.57284,
928,6,530,0.00346676,5.59321e-05,0.14295476740057472,0.2563947467131571,0.9139190760049869,0.03503297691925032,False,0.21421,0.19605348852546764,0.19605348852546764,-0.36272,0.72506,1.08778,1.1902366725454632
932,6,559,9.82137e-05,0.00424895,0.2387351571302621,0.1302189057269706,0.89625337209002,0.04198766203219597,False,0.268417,0.2526398728517826,0.2526398728517826,-0.32323,0.80862,1.13185,1.262868330816519
933,6,314,0.0466502,0.000142173,0.0,0.31004055993965574,0.0,0.16488454121876642,True,0.216557,1.0,inf,-0.68145,1.0,1.68145,
936,6,479,2.34353e-05,1.60924e-06,0.2870805839206882,0.33426154579308426,0.9964461078236019,0.0018801505582436272,False,0.365035,0.36445006567886024,0.36445006567886024,-0.01185,0.72297,0.73482,0.7374407850364981
937,6,541,0.00429288,0.00717579,0.13164597755279855,0.10278063253411651,0.7553513951971064,0.11481837129218411,False,0.445947,0.43837693398502164,0.43837693398502164,-0.23774,1.0,1.23774,1.6386280714779324
938,6,493,0.0100193,2.15386e-07,0.08145503104086738,0.3604930704180863,0.7633508471123241,0.06455485394804605,False,0.0883407,0.031159782087009258,0.031159782087009258,-0.54769,0.56509,1.1127799999999999,1.4577569465070084
939,6,302,0.0118341,4.3391e-08,0.08117243376521567,0.5010852373514544,0.7068607814899904,0.07302846277215116,False,0.537151,0.6565968142263119,0.6565968142263119,0.09089,1.0,0.90911,1.286123128918949
940,6,219,0.0390789,3.66537e-07,0.0,0.5484149050234157,0.0,0.13241512704865685,True,0.278024,1.0,inf,-0.43992,0.99484,1.4347599999999998,
941,6,135,0.0342517,0.0110495,0.0,0.12897570907025924,0.0,0.318181081180306,True,0.601227,1.0,inf,-0.2763,1.0,1.2763,
942,6,137,0.000544742,5.47222e-09,0.41317467583635464,0.8522820341789602,0.9811753472835242,0.00820170447533293,False,0.32097,0.3187690114622176,0.3187690114622176,-0.1154,0.72659,0.84199,0.858144267822391
943,6,391,0.0339141,0.000941723,0.0,0.22055741967253967,0.0,0.1917443184975847,True,0.262946,1.0,inf,-0.62213,1.0,1.6221299999999998,
944,6,257,0.0362371,0.000471035,0.0,0.3017780554831715,0.0,0.17907902675313697,True,-0.216189,-1.0,-inf,-1.0,0.43055,1.43055,
948,6,359,1.16438e-07,1.25375e-07,0.4382313928570111,0.4369141535988594,0.999740830101301,0.00015936631332817618,False,0.0792189,0.07908002884973792,0.07908002884973792,-0.29129,0.38755,0.67884,0.679015980502882
949,6,252,1.5679e-09,1.38502e-09,0.6234602926851758,0.6259495307070826,0.9999813317727552,1.2972826661116786e-05,False,0.378973,0.3789671018173139,0.3789671018173139,0.09314,0.66002,0.56688,0.5668905828422235
950,6,135,8.60603e-22,8.32511e-22,1.6365717718704338,1.6373528418237402,0.9999999999995687,4.863458302478302e-13,False,0.473783,0.473782999999718,0.473782999999718,0.28167,0.65236,0.3706900000000001,0.37069000000016
951,6,90,1.7710900000000002e-29,5.72873e-12,2.693365300902462,1.367149845125699,0.9999996692241078,2.3862788991839985e-07,False,0.714636,0.7146359977564699,0.7146359977564699,0.52472,0.89507,0.37035000000000007,0.3703501225028923
952,6,153,7.22829e-41,9.70493e-09,2.373457449130688,0.7818653162554271,0.9999707812231827,1.2783625344234035e-05,False,0.645059,0.6450650643868048,0.6450650643868048,0.45249,0.84995,0.39746,0.39747161363436995
953,6,90,2.6429899999999996e-39,1.03755e-14,3.3564854385075042,1.5967118544656462,0.9999999932115806,5.2007204016913e-09,False,0.517381,0.5173809983114788,0.5173809983114788,0.32498,0.69955,0.37457,0.37457000254273826
954,6,51,5.850990000000001e-23,4.95025e-09,3.325001769480734,1.578166923523574,0.9999828171813281,1.305721669853811e-05,False,0.68638,0.6863787367046745,0.6863787367046745,0.46211,0.90838,0.44626999999999994,0.4462776683082518
955,6,35,3.52783e-23,1.75099e-09,4.425114499772791,2.1065269119081087,0.9999917453684514,7.569077577344376e-06,False,0.71721,0.7172083512131056,0.7172083512131056,0.48806,0.92676,0.43870000000000003,0.4387036213367533
956,6,95,6.091e-20,7.84452e-15,1.934340815294664,1.5512079247236885,0.9999999942791008,5.592308453560973e-09,False,0.41124,0.4112399967603541,0.4112399967603541,0.1808,0.62624,0.44544000000000006,0.44544000254831745
957,6,119,3.33321e-17,6.99896e-11,1.496302951774665,1.069507448580257,0.999998474646836,1.141719662323671e-06,False,0.677368,0.6773678915055941,0.6773678915055941,0.45616,0.89485,0.43869,0.43869066915820026
958,6,38,9.41996e-17,3.0746e-07,3.186043513243109,1.5846109934935106,0.9998243528306306,0.00013716331929291694,False,0.878957,0.8789742260154553,0.8789742260154553,0.67058,1.0,0.32942000000000005,0.3294778718555613
959,6,23,5.38156e-18,0.000106997,4.907230044662807,1.4200798488295432,0.9954298379212586,0.002637142477089851,False,0.986929,0.9888108835258467,0.9888108835258467,0.77631,1.0,0.22369000000000006,0.22471699308022408
960,6,40,8.78911e-23,8.72098e-09,3.948151184023567,1.8075650767652505,0.9999776286612413,1.818341996457774e-05,False,0.972883,0.9728865813553207,0.9728865813553207,0.82064,1.0,0.17935999999999996,0.17936401261308724
961,6,218,6.463789999999999e-27,7.993270000000001e-18,1.3946559201541973,1.049214416128446,0.9999999999332976,5.071394392891221e-11,False,0.587464,0.5874639999884713,0.5874639999884713,0.41514,0.75079,0.33564999999999995,0.3356500000223886
962,6,43,1.38866e-19,1.06857e-11,3.3100969619990277,2.1803780430250566,0.9999995884092203,4.54461911957968e-07,False,0.540654,0.5406537680661939,0.5406537680661939,0.29933,0.76412,0.46479000000000004,0.46479019130335725
964,6,13,3.89666e-11,0.00694127,4.929198581029698,0.6427406207928661,0.909325132137207,0.03604959828901624,False,0.586196,0.6050051651140034,0.6050051651140034,-0.00163,1.0,1.00163,1.1015092012752874
965,6,17,3.77947e-16,0.00860346,,0.4584855600727917,,,False,0.778846,,,0.33043,1.0,0.66957,
966,6,15,1.29111e-21,0.000330872,,1.605933453552384,,,False,0.688213,,,0.31614,1.0,0.68386,
967,6,68,2.71459e-11,0.0338589,1.5649548074240869,0.0,0.0,0.10636925054816176,True,0.799775,1.0,inf,0.34089,1.0,0.65911,
968,6,106,4.02986e-13,5.26507e-05,1.320270562802481,0.6121755036099538,0.995752541277937,0.0020160375051257147,False,0.411839,0.41157109372667267,0.41157109372667267,0.05806,0.74947,0.69141,0.6943592623049222
969,6,224,4.71952e-12,8.19063e-10,0.7870943136409335,0.6810201785525458,0.9999931259523281,4.6409338395962455e-06,False,0.486799,0.4867977053367934,0.4867977053367934,0.22461,0.73402,0.50941,0.5094135017326956
970,6,286,4.43606e-06,0.000214235,0.4172641341382815,0.3126437268324868,0.9878864642876429,0.006179921043548552,False,0.281241,0.2784338979224661,0.2784338979224661,-0.17278,0.69921,0.87199,0.8826824048336213
971,6,314,4.82638e-07,1.74462e-07,0.44350584434813,0.46371737940236574,0.9995435525593737,0.00028152422518280557,False,0.194204,0.19401103161365052,0.19401103161365052,-0.17638,0.51583,0.69221,0.6925261017667184
972,6,456,0.000162485,9.7656e-05,0.25275407839544145,0.26452628291405683,0.9835434778264621,0.008828538457509975,False,0.0801075,0.07247159190156979,0.07247159190156979,-0.47318,0.50862,0.9818,0.9982273505281992
973,6,358,0.000904824,9.56535e-05,0.23196249424356202,0.3000578962859363,0.9644787280735654,0.017816052293312,False,0.0776943,0.06208353379269221,0.06208353379269221,-0.52515,0.53304,1.05819,1.097162611469526
977,6,427,4.19015e-05,7.80085e-05,0.2924217352387784,0.2786985120475743,0.9897992757458758,0.0055831187125478365,False,0.449546,0.44853829677021967,0.44853829677021967,0.02805,0.87045,0.8423999999999999,0.8510816492214532
986,6,277,0.00393078,0.00915712,0.18653051124779096,0.11495650060580913,0.7198653024913424,0.1301803254831112,False,0.305999,0.24423829556502807,0.24423829556502807,-0.4836,1.0,1.4836,2.0609411161581064
987,6,246,0.0089273,2.77255e-05,0.12430750498831115,0.40332872780996476,0.7964996509395287,0.06822731337904053,False,0.661116,0.7443677921535867,0.7443677921535867,0.19145,1.0,0.80855,1.0151291328831809
989,6,190,2.13901e-05,0.000627127,0.473093983857245,0.3400180434652661,0.97596702198556,0.012588315608572861,False,-0.122438,-0.1383513095902237,-0.1383513095902237,-0.80319,0.32377,1.12696,1.1547111476238734
990,6,160,0.0442442,0.000418438,0.0,0.3938779690499289,0.0,0.17664834607764301,True,0.0658846,-1.0,-inf,-1.0,0.81583,1.81583,
997,6,140,0.000546481,0.000829112,0.4081921980206378,0.38304639092408305,0.9562047651654798,0.0260399126241651,False,0.847189,0.8587586229333711,0.8587586229333711,0.41478,1.0,0.5852200000000001,0.6120237226581092
998,6,97,2.11486e-05,0.000362608,0.6919074285559091,0.5272922968408081,0.9837697369036819,0.01003120878138615,False,0.63517,0.6354523500450181,0.6354523500450181,0.20361,1.0,0.7963899999999999,0.8095288664871505
1001,6,200,3.06938e-06,0.000345022,0.5186766036059323,0.35807013497250545,0.9846312205882282,0.0078047472719735365,False,0.434268,0.4331197750090163,0.4331197750090163,-0.00355,0.87353,0.8770800000000001,0.8907700483801683
1002,6,193,2.48454e-05,1.47722e-05,0.4640818934350603,0.4810187355894134,0.9949521679898212,0.003169576871485973,False,0.358619,0.35725277512250264,0.35725277512250264,-0.08991,0.73975,0.8296600000000001,0.8338692318005861
1004,6,179,0.0349002,3.3551e-09,0.0,0.7406246424192676,0.0,0.11981850913409021,True,0.599677,1.0,inf,0.10243,1.0,0.89757,
1005,6,193,1.41979e-05,5.70986e-06,0.4822858202948092,0.510594774128461,0.9966779255026534,0.002107693988153131,False,0.817132,0.8177409022085109,0.8177409022085109,0.49126,1.0,0.50874,0.5104357054395758
1010,6,110,0.0045804,0.020075,0.27803346323333855,0.0,0.0,0.24448718766623953,True,0.880475,1.0,inf,0.2573,1.0,0.7427,
1012,6,232,0.00585499,0.00148726,0.17087478952028406,0.2644712303249595,0.8375805631259421,0.07812242463915477,False,0.509162,0.5146246156335798,0.5146246156335798,-0.12905,1.0,1.1290499999999999,1.3479897334129411
1013,6,139,1.17365e-05,0.0270589,0.5869216518476625,0.0,0.0,0.1449747087139294,True,0.034608,-1.0,-inf,-0.88482,0.69694,1.58176,
1015,6,265,0.00602314,2.44445e-07,0.15789443447535167,0.5019739577476284,0.8686784443357126,0.04199823128765833,False,0.462935,0.4845714446549164,0.4845714446549164,-0.00685,1.0,1.00685,1.1590594961406562
1017,6,181,1.09782e-06,0.00429199,0.5793166279347631,0.22255940491192017,0.9071990012406419,0.033945190246597305,False,-0.235916,-0.29746636611983485,-0.29746636611983485,-1.0,0.2432,1.2432,1.3703718790473305
1022,6,340,0.000101173,3.96647e-05,0.3067294102566519,0.33061444588190214,0.9890198111828405,0.006125850805351937,False,0.261383,0.25809103751861906,0.25809103751861906,-0.21834,0.68449,0.90283,0.9128533016140901
1024,6,236,0.00197604,0.000130222,0.2464781306565804,0.36353576678287614,0.9427208164864646,0.02807421075566941,False,0.335276,0.32586719617508453,0.32586719617508453,-0.25652,0.88353,1.14005,1.2093187930749048
1026,6,354,0.000278536,0.025343,0.2721951988301069,0.0,0.0,0.1724400710083735,True,0.333574,1.0,inf,-0.40562,1.0,1.4056199999999999,
1028,6,305,0.00740623,4.8691e-07,0.130336384219647,0.450436998615024,0.8357850406565064,0.05048523010320412,False,0.0531784,0.0032223236427878716,0.0032223236427878716,-0.60188,0.53349,1.13537,1.3584473815278755
1037,6,449,0.00588357,0.0379673,0.12491785509756917,0.0,0.0,0.2587468662385263,True,0.0347319,-1.0,-inf,-1.0,0.87071,1.8707099999999999,
1038,6,403,7.94942e-08,0.0278989,0.4179180304194294,0.0,0.0,0.13026817563932522,True,0.366775,1.0,inf,-0.19515,1.0,1.19515,
1039,6,261,0.000118925,0.0444331,0.3474729425816693,0.0,0.0,0.16280840288498177,True,0.00558707,-1.0,-inf,-1.0,0.68935,1.6893500000000001,
1041,6,218,0.00370665,0.000262943,0.21436110879306025,0.3529521393006234,0.9061000332365354,0.044083022839015634,False,0.750254,0.7793521148416512,0.7793521148416512,0.2837,1.0,0.7162999999999999,0.790530817487578
1042,6,336,0.00019679,0.000104608,0.289992480935964,0.30772785836411326,0.9823193595758989,0.009766510089555602,False,0.409311,0.4067358400458905,0.4067358400458905,-0.06209,0.87937,0.94146,0.958405218040761
1045,6,275,0.0410056,0.00105396,0.0,0.2585162977255085,0.0,0.19376977964280892,True,-0.209811,-1.0,-inf,-1.0,0.47341,1.4734099999999999,
1046,6,184,0.000140448,0.000626368,0.41264632058474415,0.3458992144065986,0.9705750252631337,0.016701197721539173,False,0.245548,0.23578476297225753,0.23578476297225753,-0.3302,0.7338,1.064,1.0962573446720802
1047,6,151,0.00226599,0.0163023,0.29953372307910564,0.04425455904783859,0.4637766838030331,0.17982644570391806,False,0.102495,-0.1667428493165924,-0.1667428493165924,-0.97909,0.81815,1.79724,3.8752271573085193
1048,6,144,9.74595e-05,0.000575088,0.4884907898315377,0.3991262852448524,0.9740290131467684,0.015220280060708908,False,0.318733,0.3116054202109863,0.3116054202109863,-0.22828,0.80493,1.03321,1.06075895692474
1049,6,120,0.00128615,0.0199352,0.3841857294977478,0.0,0.0,0.19773021710082753,True,0.161961,-1.0,-inf,-0.88307,0.93312,1.81619,
1051,6,149,0.00203739,0.0254026,0.30982404470534014,0.0,0.0,0.2107060453480673,True,-0.133159,-1.0,-inf,-1.0,0.58756,1.5875599999999999,
1052,6,279,6.41382e-05,6.90712e-08,0.3536971282950407,0.5142028998030707,0.9946532340187577,0.002614427679316249,False,0.513517,0.513648932961745,0.513648932961745,0.15379,0.88658,0.73279,0.7367291181865102
1054,6,422,0.0494501,0.00327119,0.0,0.16187755921268884,0.0,0.22802848765681977,True,-0.4315,-1.0,-inf,-1.0,0.28141,1.28141,
1055,6,245,0.0360544,7.63547e-07,0.0,0.49768422880228347,0.0,0.13518929109610184,True,0.232857,1.0,inf,-0.46067,0.94985,1.41052,
1056,6,247,0.0338439,0.000656125,0.0,0.29440223365038426,0.0,0.18442234558792275,True,-0.607385,-1.0,-inf,-1.0,0.04312,1.04312,
1057,6,303,0.00690076,0.00417614,0.13692984631299848,0.17460699601132396,0.7670469331402322,0.11315415539510666,False,0.666467,0.7213546142993785,0.7213546142993785,0.06541,1.0,0.93459,1.2184260957460051
1059,6,383,0.029371,0.0138254,0.0,0.0543954631040705,0.0,0.34971767801486736,True,0.0509054,-1.0,-inf,-1.0,0.89091,1.8909099999999999,
1062,6,469,0.00899734,0.000174618,0.0923359660418463,0.2475042851485032,0.784597625178112,0.07694934190278478,False,-0.0598082,-0.17430277318484025,-0.17430277318484025,-0.94989,0.47767,1.42756,1.8194803988553097
1064,6,280,0.0103037,6.28784e-05,0.10112792106019862,0.35359181739877693,0.7541314345010988,0.08086186255541454,False,0.525237,0.5892542295873995,0.5892542295873995,-0.02324,1.0,1.02324,1.356845707773648
1066,6,302,0.000239769,0.0232991,0.3003052301042202,0.0,0.0,0.17037017672632004,True,0.0218907,-1.0,-inf,-0.98253,0.64818,1.63071,
1067,6,530,0.00467614,4.59104e-05,0.12855104448483934,0.26019739791887514,0.8900204191622831,0.042263330708172835,False,0.38191,0.38161671572829076,0.38161671572829076,-0.14892,0.95761,1.10653,1.2432636107849109
1068,6,190,0.000166304,0.0478383,0.3988153932561773,0.0,0.0,0.16548837810803216,True,0.977554,1.0,inf,0.41048,1.0,0.58952,
1069,6,163,1.20745e-05,0.00457362,0.5355481834612996,0.22840169653805206,0.9011923358772168,0.03911455305635982,False,0.686285,0.7181268872129136,0.7181268872129136,0.22268,1.0,0.77732,0.8625461725030761
1072,6,386,0.00755061,0.00162069,0.11541909141163988,0.20125836069016315,0.7935309533711737,0.09178056316443134,False,-0.135034,-0.2858295094864925,-0.2858295094864925,-1.0,0.4321,1.4321,1.8047185102433374
1073,6,452,0.0085552,0.0130276,0.09793594505649669,0.05791406148650831,0.5280010944518657,0.21037574285121066,False,0.809675,1.0,1.135034119145038,0.21976,1.0,0.78024,1.4777242096628442
1079,6,469,0.010335,1.93268e-08,0.08039983844619132,0.4060406257785078,0.7540490421290152,0.0633446888413512,False,0.0411544,-0.02942817721603114,-0.02942817721603114,-0.56816,0.49807,1.06623,1.414006172582037
1080,6,456,0.00286865,0.0393551,0.16216067545108687,0.0,0.0,0.22279482059070824,True,-0.128162,-1.0,-inf,-1.0,0.58457,1.58457,
1081,6,209,0.00191493,0.00135343,0.26413152267184153,0.2843368899780224,0.9163601705807503,0.04541831353580995,False,0.468737,0.46195666295263427,0.46195666295263427,-0.11263,1.0,1.11263,1.2141841556632282
1083,6,297,0.00329865,0.000201999,0.19129173702253602,0.308394557534066,0.9138893849743451,0.03941074268142953,False,0.335106,0.3235569448340527,0.3235569448340527,-0.25963,0.92213,1.1817600000000001,1.2931105442626132
1087,6,516,0.0013487,2.55376e-06,0.18117939119308551,0.3142326993185529,0.9602252955974487,0.01608523602580715,False,0.185989,0.1769415623116649,0.1769415623116649,-0.31756,0.6163,0.9338599999999999,0.9725425942033276
1088,6,331,0.0105238,3.52893e-06,0.09153288832929843,0.39048913342023156,0.7492961444536727,0.0727197608757016,False,0.276275,0.27166193317692133,0.27166193317692133,-0.31255,0.82824,1.14079,1.5224821433343603
1090,6,353,8.18519e-06,3.42303e-07,0.3596871857626719,0.42256979564000363,0.9981940294243944,0.0009999690931343432,False,0.261912,0.2613840828694596,0.2613840828694596,-0.12628,0.60164,0.7279199999999999,0.7292369805294796
1096,7,418,1.42189e-09,8.77801e-08,0.4711915590484122,0.4081707937360195,0.9998847177286255,6.564665386650214e-05,False,0.474874,0.47486309664250637,0.47486309664250637,0.19247,0.75266,0.56019,0.5602545874213859
1097,7,385,1.2718e-06,0.0068682,0.3795178271837844,0.12290800232279447,0.8468233265626918,0.048677789901646104,False,0.881075,0.9829644318810935,0.9829644318810935,0.49265,1.0,0.50735,0.5991214272041431
1098,7,418,0.00685285,0.00916289,0.11855308530390087,0.09549271218874884,0.6661240457298032,0.15662366591115123,False,0.10166,-0.0825126585108232,-0.0825126585108232,-0.93889,0.80663,1.74552,2.620412836302305
1100,7,503,0.00721569,0.00111964,0.10571068127763465,0.18950552110384877,0.8088501234961435,0.0822881576590549,False,0.208659,0.15623517716078786,0.15623517716078786,-0.55727,0.82244,1.37971,1.7057671871723195
1101,7,249,6.62864e-05,0.00922861,0.374845115229715,0.11983872147668924,0.7863502627825741,0.0737633931316129,False,0.182067,0.13772947246834336,0.13772947246834336,-0.52919,0.74912,1.27831,1.6256241785646262
1105,7,290,0.00829083,0.0326592,0.1227125094199182,0.0,0.0,0.2860099639592927,True,-0.248396,-1.0,-inf,-1.0,0.50708,1.50708,
1109,7,287,0.024046,0.00607795,0.0,0.15126370492682237,0.0,0.2613481283755147,True,0.48743,1.0,inf,-0.31511,1.0,1.31511,
1110,7,250,0.00154176,0.00212579,0.25271397828121633,0.23527587346320142,0.9076844884172836,0.048959669138052664,False,0.0909476,0.04625828842262259,0.04625828842262259,-0.71666,0.64914,1.3658000000000001,1.5047078774933413
1111,7,191,0.0459086,0.000547876,0.0,0.34564516638385073,0.0,0.18106611576034615,True,0.105831,-1.0,-inf,-1.0,0.87903,1.87903,
1112,7,187,4.619e-05,0.0017105,0.45074359837332445,0.2868814128329305,0.9523934278890114,0.023150060663764866,False,0.521771,0.5235451282370069,0.5235451282370069,0.04147,1.0,0.95853,1.0064433163137112
1113,7,520,1.09983e-05,0.00315497,0.28874446284959876,0.1484109630015375,0.9230366500137175,0.02962805930591835,False,0.126295,0.1047270882392861,0.1047270882392861,-0.46172,0.59008,1.0518,1.1394997154060664
1114,7,312,0.0233327,0.029231,0.0,0.0,0.0,0.42776,True,-0.163472,-1.0,-inf,-1.0,0.6695,1.6695,
1115,7,279,4.42719e-05,0.0184379,0.3641514347041475,0.01079825426682457,0.28021684670861363,0.14547181773434356,False,0.192129,0.16650384448217484,0.16650384448217484,-0.54606,0.81356,1.35962,4.852028048883923
1116,7,426,0.0175584,0.000113276,0.018113689197503554,0.2703596083922886,0.38483098369839913,0.14380570619140867,False,-0.135925,-0.7268923710431799,-0.7268923710431799,-1.0,0.42187,1.42187,3.694790856846267
1117,7,564,0.00293442,4.09499e-05,0.14597927533153945,0.25431423113515084,0.9251088643941162,0.03064088501149767,False,-0.165647,-0.21217814742273922,-0.21217814742273922,-0.95721,0.29911,1.25632,1.3580239562646552
1118,7,338,0.0115913,0.00132817,0.07976285217253115,0.22346555163205098,0.6865807498309618,0.12073247222612138,False,-0.462706,-0.8497740030866955,-0.8497740030866955,-1.0,0.12177,1.12177,1.63385006101057
1119,7,495,0.000298674,3.45084e-09,0.22810513042615618,0.41805677706278793,0.9859286515612062,0.0055502180962638085,False,0.443615,0.44431692010376794,0.44431692010376794,0.08374,0.82711,0.74337,0.7539795083780986
1120,7,476,0.0307533,2.07995e-05,0.0,0.2902870760694415,0.0,0.1516709648849441,True,0.236104,1.0,inf,-0.50001,0.88736,1.38737,
1121,7,287,0.0093433,0.0139478,0.11095184622794062,0.05995768596685448,0.4844006794643597,0.2302238578030698,False,0.436306,0.4254373516255419,0.4254373516255419,-0.38294,1.0,1.38294,2.854950578370837
1122,7,264,0.000177014,0.00156482,0.3324824665993895,0.24506573144880134,0.9486390918601925,0.025947635887475815,False,0.539109,0.5409447792271165,0.5409447792271165,0.0352,1.0,0.9648,1.0170358867544849
1123,7,243,3.72298e-05,0.00138113,0.397361298849947,0.26210231393971867,0.9583548308875922,0.01995476376387349,False,0.357026,0.35171861754371686,0.35171861754371686,-0.16494,0.84789,1.0128300000000001,1.0568423796246273
1124,7,349,0.000381525,4.58646e-07,0.2645099624227072,0.41968716577031173,0.9835560901896383,0.0072856405288031,False,0.317821,0.31572714822122955,0.31572714822122955,-0.11819,0.71785,0.83604,0.8500176129648124
1125,7,440,1.50363e-07,3.84428e-05,0.38862362034637526,0.2897523709629909,0.9958973470237064,0.001993954186684545,False,0.188809,0.18758464049695728,0.18758464049695728,-0.20787,0.54271,0.75058,0.7536720548991815
1126,7,543,0.0025296,0.00079731,0.15453325549600053,0.19269643359763156,0.911570907007082,0.042875062654614216,False,0.553371,0.5600178037948502,0.5600178037948502,0.02893,1.0,0.97107,1.065270943308479
1127,7,480,2.54226e-06,0.000889522,0.3263221749825173,0.20118321667729072,0.9702648393339912,0.01256991983105481,False,0.535533,0.5389900354710548,0.5389900354710548,0.12871,1.0,0.87129,0.8979919344475789
1128,7,540,0.00616125,0.000306617,0.11232044668934174,0.21792138441290596,0.849521190280889,0.0609159223879089,False,0.404858,0.40486580152093526,0.40486580152093526,-0.16607,1.0,1.16607,1.3726202634385682
1129,7,254,0.00884375,6.7626e-06,0.12352220032585443,0.4344103254755469,0.7999321684316453,0.0636118056105869,False,-0.170536,-0.2927095757002239,-0.2927095757002239,-1.0,0.33595,1.33595,1.6700791051062196
1134,7,518,0.0142742,4.42708e-05,0.04467443444819891,0.26391647484464215,0.6017380268240252,0.10839840436834074,False,0.109521,0.0018655886475786136,0.0018655886475786136,-0.64115,0.67026,1.31141,2.1793703265217013
1137,7,277,0.00024128,0.0130342,0.3139593554564952,0.07095783610247469,0.653147823024588,0.11043172105935818,False,0.642925,0.8152722250145139,0.8152722250145139,0.07972,1.0,0.92028,1.4089919120274794
1138,7,369,0.000260163,0.00551352,0.26844615192329485,0.1412179698926171,0.8663785234603024,0.05587826985986045,False,0.141534,0.09886640518053459,0.09886640518053459,-0.60255,0.68287,1.28542,1.4836702032571774
1140,7,377,0.000668658,2.05448e-05,0.23649852300993515,0.32790405375815884,0.9738064055079958,0.012558616223208571,False,0.191831,0.18409447993235598,0.18409447993235598,-0.33324,0.63192,0.96516,0.991121022146609
1141,7,353,2.5888e-05,0.000659018,0.3341690161104885,0.24497536156791808,0.9737411327127705,0.012814668061502816,False,0.0589045,0.04733273597069308,0.04733273597069308,-0.53082,0.49431,1.0251299999999999,1.0527746703521335
1142,7,321,0.00335886,0.0157717,0.18311216047368278,0.03841246266841392,0.47991118230646546,0.1865670407528367,False,-0.160952,-0.7241319926796689,-0.7241319926796689,-1.0,0.48777,1.48777,3.1000944650836
1143,7,418,0.000859681,0.0107042,0.2164494829999818,0.08100834115239773,0.7214216171366512,0.10564906543277501,False,0.319164,0.295964148419441,0.295964148419441,-0.40941,1.0,1.40941,1.953656456253695
1144,7,178,0.0340696,2.93444e-05,0.0,0.4794399641543752,0.0,0.15109176553515047,True,0.524783,1.0,inf,-0.10369,1.0,1.10369,
1145,7,181,0.0120811,0.00142812,0.09848524246651794,0.30308334440840107,0.675211594833199,0.12739047979176957,False,-0.0239331,-0.22411282766723195,-0.22411282766723195,-1.0,0.62111,1.62111,2.400891827695096
1146,7,328,0.0489902,0.00251618,0.0,0.19696251638457787,0.0,0.21795571141436956,True,-0.345985,-1.0,-inf,-1.0,0.38477,1.38477,
1147,7,326,0.00102784,0.000786613,0.2381417422000009,0.24852482103706905,0.9431855822447982,0.030165828213194454,False,0.0354753,0.005629297019329867,0.005629297019329867,-0.73088,0.54798,1.2788599999999999,1.355894347914321
1149,7,165,0.0223348,0.000148624,0.0,0.4354103337715229,0.0,0.16405193792806536,True,0.170959,1.0,inf,-0.67885,0.85153,1.53038,
1151,7,83,0.0434989,0.0233577,0.0,0.0,0.0,0.42775999999999986,True,0.16251,-1.0,-inf,-1.0,1.0,2.0,
1152,7,173,0.00495717,9.8434e-05,0.21401169239805085,0.4412242234239265,0.8886643508856958,0.04769420603690119,False,0.536211,0.5497202554330145,0.5497202554330145,-0.00291,1.0,1.00291,1.1285588298894178
1162,7,398,0.000127734,0.00257645,0.2769448417795546,0.1781466019829151,0.9291717111357695,0.03194999636257002,False,0.380783,0.3754236159547252,0.3754236159547252,-0.14465,0.9338,1.07845,1.1606573758920844
1163,7,325,0.00437325,0.026806,0.1658357814308613,0.0,0.0,0.2416289502808705,True,0.0951907,-1.0,-inf,-1.0,0.87664,1.87664,
1164,7,359,0.00212438,4.45574e-06,0.19653130688364073,0.36912114305863875,0.9450611323354682,0.02207381420560399,False,0.34512,0.34182570284746866,0.34182570284746866,-0.13874,0.81969,0.95843,1.0141460347982931
1165,7,341,3.31168e-05,1.77554e-06,0.3344677089838452,0.39838694751899123,0.995788067740851,0.002291302722777807,False,-0.111344,-0.11411595137967734,-0.11411595137967734,-0.61985,0.26978,0.88963,0.8933929104194909
1169,7,391,0.000895776,4.1816e-10,0.22231483038955635,0.5071853126136708,0.9711874817854678,0.01029539827154996,False,0.603544,0.6108486907572154,0.6108486907572154,0.26437,1.0,0.73563,0.7574541618345307
1170,7,295,0.000100099,0.00879148,0.3307448250438824,0.11590154087356097,0.7953449191365779,0.07273943910350056,False,0.666927,0.7470816077401314,0.7470816077401314,0.16323,1.0,0.83677,1.052084422577808
1172,7,365,0.00366243,0.000131312,0.16728660029763798,0.28883516593238723,0.9081646533030007,0.03969135995381983,False,0.385387,0.38065304434485847,0.38065304434485847,-0.17934,0.95725,1.13659,1.2515241546411378
1173,7,280,0.0176999,0.00189516,0.019101344728682502,0.22828206045804608,0.3509554601635404,0.1888742512024039,False,0.979293,1.0,2.252191057034052,0.43875,1.0,0.56125,1.5992057788143978
1174,7,219,0.000672614,0.000641995,0.31232956795633404,0.31446395377957936,0.9555529204282409,0.024969997216349456,False,0.594382,0.5958979252854595,0.5958979252854595,0.0989,1.0,0.9011,0.9430142284491818
1175,7,146,1.30169e-06,0.0239657,0.6491164712282189,0.0,0.0,0.1353165083109913,True,0.442832,1.0,inf,-0.15362,1.0,1.15362,
1176,7,240,2.98795e-14,0.00295169,0.8487093861574934,0.219929692307114,0.9317035855350528,0.019644010271661433,False,0.679953,0.7087114399684751,0.7087114399684751,0.34983,1.0,0.65017,0.697829234634344
1177,7,302,0.0154779,2.0377e-05,0.04246420366804825,0.36899757837572894,0.5388570856657552,0.11456128631311371,False,0.0850347,-0.05479483725565892,-0.05479483725565892,-0.72666,0.66322,1.38988,2.5793109842525506
1178,7,219,0.00294552,2.58873e-06,0.23039370748897806,0.49772801127462835,0.9315461043204056,0.026917528438580487,False,0.428719,0.4313275206647419,0.4313275206647419,-0.06649,0.94691,1.0134,1.087868861562477
1179,7,366,0.000788136,2.89042e-12,0.23435146370785567,0.6000054192467118,0.9737257032523071,0.008930856998225096,False,0.146633,0.14141779614304192,0.14141779614304192,-0.27167,0.50954,0.78121,0.8022895948938268
1181,7,323,0.00427035,2.70621e-05,0.16787121778019817,0.3491557747304178,0.9013637257096451,0.038678958130597726,False,0.368338,0.36573364610369824,0.36573364610369824,-0.16663,0.92731,1.09394,1.213649904913512
1185,7,250,0.0106855,0.00807364,0.10185154932288835,0.1342727830569309,0.6100870802454765,0.1842468835518904,False,0.314834,0.21404668395135687,0.21404668395135687,-0.5793,1.0,1.5793,2.5886468524535022
1186,7,288,0.00206907,3.35485e-11,0.22056526742915403,0.6465080463800061,0.9479182563978302,0.016848536513229328,False,0.348563,0.3499399460321756,0.3499399460321756,-0.06309,0.77486,0.83795,0.8839897262705763
1190,7,328,8.94838e-07,0.00357058,0.4208007634689649,0.17763292189037888,0.9177620599677431,0.029491622118794716,False,0.497612,0.5100672584979798,0.5100672584979798,0.05768,1.0,0.94232,1.0267585043046126
1191,7,480,0.00164106,0.0193868,0.18060881008378818,0.0011056535210393012,0.09573661672436937,0.20345076849369834,False,0.153445,-0.5223264640494609,-0.5223264640494609,-0.84288,0.84902,1.6919,17.672444022866056
1193,7,341,0.00105418,0.000121246,0.23181754135515048,0.3013797009330192,0.9603101639653422,0.01994144489515902,False,0.195365,0.18267385026987182,0.18267385026987182,-0.3766,0.67733,1.05393,1.0974891650090217
1194,7,368,0.00140846,1.48574e-06,0.2118428285579779,0.38583762501421387,0.9598264410412294,0.016298096486536837,False,-0.0327282,-0.05107829331452113,-0.05107829331452113,-0.64045,0.39011,1.03056,1.0736941137837774
1195,7,313,8.19247e-10,1.16246e-07,0.5627676300343771,0.47243498907051473,0.9998666801871045,7.793015622194389e-05,False,0.0729459,0.07287768588322427,0.07287768588322427,-0.27044,0.36393,0.63437,0.6344545853666118
1196,7,304,0.0382555,3.53493e-06,0.0,0.4087948396895281,0.0,0.14164998782535168,True,-0.00673819,-1.0,-inf,-0.95426,0.57928,1.53354,
1197,7,347,1.1484e-05,4.48173e-11,0.35560233127432245,0.5770679105134465,0.9980886287849972,0.0008729223635733238,False,0.175836,0.17529813745039294,0.17529813745039294,-0.1817,0.48674,0.66844,0.6697200836900745
1203,7,378,5.13824e-05,1.24612e-05,0.3067548335806995,0.3381459155728262,0.9933165563960662,0.003700284683669985,False,0.327559,0.3260377703673324,0.3260377703673324,-0.0874,0.72272,0.8101200000000001,0.8155708215911182
1204,7,241,0.0220312,0.0469242,0.0,0.0,0.0,0.42776,True,0.059971,-1.0,-inf,-1.0,1.0,2.0,
1205,7,203,2.90453e-06,0.000168061,0.5159539875757192,0.38444094704763393,0.9899406511311983,0.005395635436415995,False,0.182375,0.17877775234439652,0.17877775234439652,-0.30376,0.59312,0.8968799999999999,0.9059937067693314
1206,7,272,0.0011952,0.00970068,0.2542601504728361,0.10948823358602987,0.7486386237685831,0.10367576125222955,False,0.703615,0.8013736129826262,0.8013736129826262,0.1611,1.0,0.8389,1.120567351677701
1209,7,534,3.27708e-08,6.03801e-11,0.3718356789995581,0.45118480443364745,0.9999405913304118,3.182982304458361e-05,False,0.576496,0.5764984191810586,0.5764984191810586,0.32595,0.84179,0.5158400000000001,0.5158706471888291
1210,7,433,0.00014478,1.39898e-07,0.26226812564230634,0.39312194473941126,0.991002544492838,0.004047726313367175,False,0.354849,0.3539862492140837,0.3539862492140837,-0.03826,0.73607,0.77433,0.7813602541215232
1211,7,277,0.000358007,0.0347839,0.300279750842861,0.0,0.0,0.17525774935354232,True,0.263451,1.0,inf,-0.59316,1.0,1.5931600000000001,
1212,7,382,0.0030401,2.25918e-05,0.17353758541021952,0.32358344369730385,0.9252663496152183,0.03034215799367774,False,0.362378,0.35885433653174875,0.35885433653174875,-0.15493,0.88179,1.0367199999999999,1.1204557481541728
1213,7,402,0.000123089,3.64759e-06,0.27644976915336783,0.35142110518021974,0.9910465426276092,0.004526129185544989,False,0.511219,0.5112705095272679,0.5112705095272679,0.13388,0.91729,0.78341,0.7904875970031715
1214,7,465,0.0379079,0.0372476,0.0,0.0,0.0,0.42776,True,0.0491576,-1.0,-inf,-1.0,1.0,2.0,
1215,7,493,0.0203105,2.57745e-07,0.0,0.3577962970430354,0.0,0.1342856683008339,True,0.437257,1.0,inf,-0.08872,1.0,1.08872,
1216,7,401,1.02809e-08,0.00576166,0.45181021537764876,0.1329562173244496,0.8719726047743492,0.03804673694849829,False,0.104817,0.07657380826635103,0.07657380826635103,-0.4621,0.55233,1.01443,1.1633737051435418
1219,7,262,0.0113372,0.00366916,0.09213561448221197,0.19641748930515568,0.6632670675524275,0.14693191471580508,False,0.184432,0.05653843997196614,0.05653843997196614,-0.77336,0.91763,1.69099,2.54948584472926
1220,7,218,0.00402992,0.00630498,0.20794427135221627,0.16904139680905328,0.7855693770242326,0.10754781278712566,False,0.195264,0.11165937697972224,0.11165937697972224,-0.68892,0.87443,1.56335,1.9900852117250685
1222,7,356,0.0311065,0.0176803,0.0,0.017882631313818707,0.0,0.4014123369876122,True,0.989366,1.0,inf,0.328,1.0,0.6719999999999999,
1226,7,433,0.012292,8.95164e-05,0.06549256997250975,0.2735863026715151,0.6833211182776203,0.09697070584306719,False,-0.310472,-0.596268277014572,-0.596268277014572,-1.0,0.22029,1.22029,1.7858221667081853
1228,7,590,0.0202225,1.8647e-07,0.0,0.33017030754286386,0.0,0.134124247498021,True,0.0740052,-1.0,-inf,-0.58738,0.5959,1.1832799999999999,
1230,7,434,0.00646813,0.00358148,0.12057226378685504,0.15522581094794616,0.7836271407768436,0.10311269966911764,False,0.384739,0.35938813968553207,0.35938813968553207,-0.35138,1.0,1.35138,1.724519136308013
1232,8,285,0.0256954,0.0381922,0.0,0.0,0.0,0.42776,True,-0.0254268,-1.0,-inf,-1.0,0.96884,1.9688400000000001,
1233,8,291,2.6709e-05,0.0354199,0.36944805283209614,0.0,0.0,0.1517669926049237,True,0.56254,1.0,inf,-0.05023,1.0,1.05023,
1234,8,337,2.15685e-06,6.99276e-07,0.39695420307590257,0.4195275780478963,0.9989196606566649,0.0006438412797989622,False,0.410907,0.41070686150125857,0.41070686150125857,0.0643,0.75181,0.68751,0.6882535473854303
1236,8,153,0.037664,0.000414239,0.0,0.40400579877606146,0.0,0.17643442737101708,True,0.234632,1.0,inf,-0.6865,1.0,1.6865,
1237,8,398,0.00619785,0.000131435,0.12843524128296163,0.2762288927748967,0.8550578160979203,0.05647642675222084,False,0.0222503,-0.04002785087494165,-0.04002785087494165,-0.75741,0.54645,1.30386,1.5248793420194682
1238,8,366,2.06887e-05,0.0275016,0.3328914802025182,0.0,0.0,0.15085918011421667,True,0.193859,1.0,inf,-0.56095,0.84039,1.4013399999999998,
1239,8,400,0.00111985,0.00174186,0.21190471765506821,0.1948448635360677,0.9209754079347285,0.04046145704818445,False,-0.544819,-0.635500635528006,-0.635500635528006,-1.0,-0.01987,0.98013,1.0642303709258911
1240,8,527,0.000426936,4.86119e-05,0.21235517705886608,0.2598434551319103,0.9777187369744699,0.011100597363632425,False,-0.194117,-0.20989430763971445,-0.20989430763971445,-0.87364,0.23451,1.10815,1.1334036651779291
1241,8,604,0.0121753,1.78798e-09,0.05835073360452978,0.3838616680193765,0.6926577531825244,0.0714457656062017,False,0.0252341,-0.06671644891560799,-0.06671644891560799,-0.62815,0.48277,1.11092,1.60385124528774
1242,8,442,0.0449315,0.000632176,0.0,0.22017416313767002,0.0,0.18453727451855542,True,0.344399,1.0,inf,-0.46314,1.0,1.46314,
1243,8,284,8.82753e-05,0.00195463,0.34115922966867734,0.22507510915892953,0.9440305773949416,0.026412386753551616,False,0.170849,0.15299993104568937,0.15299993104568937,-0.4583,0.66568,1.12398,1.1906182139794983
1245,8,252,0.00300435,0.00342196,0.21351543226261674,0.20497931050426432,0.8571179934013355,0.07385106893727958,False,-0.256469,-0.3853845928802139,-0.3853845928802139,-1.0,0.3233,1.3233,1.5438947848343445
1246,8,223,0.0047909,0.00190525,0.19175481735251754,0.25583421676293,0.8519741544612575,0.0746571984598215,False,0.182795,0.12692615259973353,0.12692615259973353,-0.63434,0.79343,1.42777,1.675837221732207
1247,8,291,0.0128473,3.71412e-06,0.07149349387863024,0.4174621134747214,0.6680009635168774,0.08839961871507541,False,0.142502,0.08099147192855456,0.08099147192855456,-0.56623,0.69807,1.2643,1.892661940701013
1248,8,240,1.4117e-06,1.32683e-10,0.4883526031351732,0.6912058373519832,0.999446994301077,0.00029695597398741796,False,0.475331,0.4752968859126026,0.4752968859126026,0.17509,0.77569,0.6006,0.6009323189970724
1249,8,347,0.000572996,2.10462e-06,0.2519401797501037,0.39125293172574344,0.978195546417134,0.009793017303974506,False,0.0306079,0.021278856535653617,0.021278856535653617,-0.50187,0.44465,0.94652,0.9676183902767163
1250,8,403,0.0361786,1.83992e-05,0.0,0.31896105192809926,0.0,0.15046879610888308,True,0.111706,-1.0,-inf,-0.72842,0.71906,1.44748,
1254,8,274,0.00230577,0.009245,0.22022596423672028,0.1144889939295204,0.74323765727982,0.11397748210425444,False,0.342354,0.3072725334337635,0.3072725334337635,-0.44221,1.0,1.44221,1.940442583706473
1256,8,219,0.000561328,0.00597392,0.3205058046604423,0.17382178029335904,0.8532745961397484,0.06601507322770486,False,0.31478,0.29154146613261256,0.29154146613261256,-0.35583,0.95506,1.31089,1.5363049666901178
1258,8,293,0.00128077,0.0187557,0.24174734567731462,0.007130058478930889,0.22285479801161226,0.1907464385497444,False,0.436753,1.0,1.103887211068424,-0.27488,1.0,1.27488,5.720675576092241
1262,8,398,0.0337232,1.10075e-07,0.0,0.415342128425936,0.0,0.1310794035314054,True,0.148068,1.0,inf,-0.54303,0.75988,1.30291,
1263,8,443,0.00369325,0.00078681,0.15218212997205963,0.21316546192580563,0.8899719449698008,0.0519925370608109,False,-0.0510148,-0.11574222945230732,-0.11574222945230732,-0.90227,0.47868,1.38095,1.5516781262659458
1264,8,340,5.43385e-06,0.0355507,0.37579130649812714,0.0,0.0,0.14385655098060726,True,0.0525113,-1.0,-inf,-0.85143,0.67176,1.52319,
1269,8,267,0.0133661,0.000594036,0.06835198050402416,0.2867696395112088,0.6332093623079551,0.12321671776803317,False,-0.628198,-1.0,-1.18667657570513,-1.0,-0.03752,0.96248,1.520002794165743
1270,8,332,0.0271458,8.00875e-05,0.0,0.3168227890024133,0.0,0.15989021440100343,True,0.223561,1.0,inf,-0.57314,0.94118,1.51432,
1271,8,331,0.00529665,1.86943e-05,0.15148560667077376,0.3534319135340125,0.8806798053013775,0.04415475730234885,False,0.533053,0.5551373379458215,0.5551373379458215,0.03109,1.0,0.96891,1.1001841919929451
1272,8,224,0.00117832,3.82895e-05,0.28161152903600006,0.41440084770132685,0.9626443893667633,0.01842125513194256,False,0.150097,0.13678544883503138,0.13678544883503138,-0.44088,0.63238,1.07326,1.1149080718228677
1273,8,317,0.000669628,0.00332039,0.25814410463596965,0.18490927266161558,0.9013331244411209,0.04803876599812204,False,-0.0563284,-0.11579200094619375,-0.11579200094619375,-0.95068,0.48904,1.4397199999999999,1.597322855401226
1276,8,315,7.94501e-09,0.0102098,0.5207420003710783,0.09693560933388973,0.7601092908774355,0.061463379485380394,False,0.1283,0.08793027702301397,0.08793027702301397,-0.47147,0.60257,1.07404,1.4130073305118758
1277,8,301,2.77862e-08,2.48617e-09,0.510566237825557,0.5554147785810638,0.9999332917084613,4.226958059782192e-05,False,0.511617,0.5116088589723202,0.5116088589723202,0.23388,0.79742,0.56354,0.5635775952985319
1278,8,128,4.17694e-05,0.000180741,0.5608344430310274,0.490567902654213,0.9870069306446597,0.008222023112904323,False,0.890723,0.8941183182074453,0.8941183182074453,0.53762,1.0,0.46238,0.4684668219077229
1279,8,296,0.00475342,0.000986628,0.16766593352266282,0.2517942695122956,0.8672411073371453,0.06319987244012798,False,0.903955,0.9694594968421201,0.9694594968421201,0.43113,1.0,0.56887,0.6559536848370915
1280,8,586,0.00147594,1.55284e-05,0.16779641942309578,0.2661365357498113,0.9559236428556153,0.018700004552568136,False,0.317539,0.3126180607425034,0.3126180607425034,-0.1642,0.79483,0.95903,1.0032495871062517
1282,8,247,0.0126553,1.40473e-06,0.07900454629277671,0.4807626410079846,0.6775608964954133,0.0844910297484502,False,0.206836,0.18056675183642035,0.18056675183642035,-0.44625,0.77528,1.22153,1.8028342637808483
1283,8,270,0.0443838,0.000878504,0.0,0.2689546491193492,0.0,0.18996368704990363,True,0.020628,-1.0,-inf,-1.0,0.78637,1.78637,
1284,8,300,0.000492016,0.00518778,0.276952294498653,0.16028268253076514,0.8686995126134146,0.05877729103189707,False,-0.382382,-0.5078387689026137,-0.5078387689026137,-1.0,0.16858,1.16858,1.345206234183807
1294,8,317,0.000895798,0.00215645,0.2470362025391106,0.20821855166830452,0.9186295748801523,0.041828595463060135,False,0.498939,0.4976003571369626,0.4976003571369626,-0.05017,1.0,1.05017,1.1431920207195692
1295,8,259,1.56237e-06,0.00483624,0.46581265127784405,0.17752768660470733,0.8935758208932622,0.03738823100770025,False,0.248271,0.23599874130601586,0.23599874130601586,-0.31536,0.75392,1.06928,1.1966304089686486
1296,8,249,0.0261886,9.84516e-08,0.0,0.540155977637806,0.0,0.12905686951493275,True,0.423809,1.0,inf,-0.13311,1.0,1.13311,
1297,8,163,6.85185e-05,0.00152103,0.47064085979273723,0.315943540215661,0.9555310692475895,0.022788383590854444,False,0.403902,0.39885005174059335,0.39885005174059335,-0.12325,0.94134,1.06459,1.1141343638760866
1298,8,286,3.04275e-05,0.000161018,0.36945547348585,0.32174465068978775,0.9874137375219146,0.006998281947563822,False,0.0119944,0.005059802049113475,0.005059802049113475,-0.55306,0.42911,0.98217,0.9946894221513722
1299,8,203,0.00923438,0.0010925,0.13165483643238546,0.3004172135206569,0.7665324858934425,0.09893095155298673,False,0.427959,0.42924214498686264,0.42924214498686264,-0.2624,1.0,1.2624,1.6468969329181038
1300,8,173,2.39557e-05,2.62029e-05,0.4942976484297204,0.4911111956802518,0.9942097086230122,0.00369684706843206,False,0.480344,0.4794231526784503,0.4794231526784503,0.07041,0.88678,0.81637,0.8211245504036351
1301,8,322,9.93843e-09,3.16349e-08,0.5104186682401481,0.4894427808591867,0.9999126190383096,5.556081001762074e-05,False,0.498844,0.49883202761227713,0.49883202761227713,0.21331,0.79206,0.57875,0.578800576150971
1302,8,199,0.00963103,0.00213825,0.127358283743612,0.26378327407844154,0.7393531300561067,0.11583347455141192,False,0.0627087,-0.07185304611800383,-0.07185304611800383,-0.94021,0.72012,1.66033,2.245652222874885
1304,8,425,0.000715084,1.36098e-07,0.22064012737656105,0.3975119480926829,0.9750759047880122,0.010009119485293795,False,0.303536,0.30102977529582253,0.30102977529582253,-0.1433,0.70024,0.84354,0.8651018816667314
1308,8,269,0.0218928,0.00186016,0.0,0.23391009342771427,0.0,0.20814896775177716,True,-0.540998,-1.0,-inf,-1.0,0.11145,1.11145,
1309,8,378,0.013622,5.00883e-08,0.05662141601477694,0.44049601197871685,0.6342713515599135,0.08474806946909158,False,0.0202189,-0.10173748082802402,-0.10173748082802402,-0.66056,0.49527,1.15583,1.822295768455214
1310,8,336,0.00529233,8.41805e-07,0.15047096705002092,0.4165486988447199,0.8826275523099828,0.03922391828085051,False,0.0931107,0.061052684768472094,0.061052684768472094,-0.53,0.56452,1.0945200000000002,1.2400700580164983
1311,8,182,0.000138272,0.0464419,0.4157290002106102,0.0,0.0,0.16352522181310888,True,0.623291,1.0,inf,-0.04063,1.0,1.04063,
1313,8,169,0.00672137,3.39914e-05,0.1839446207949548,0.4880173969787826,0.8544196896983202,0.054958110880450044,False,0.172596,0.13768162243672746,0.13768162243672746,-0.51899,0.75218,1.27117,1.4877583175182054
1314,8,401,0.0055777,0.000830482,0.13509999220185387,0.22212676543195786,0.8515345886430834,0.06660715617355481,False,0.178466,0.13136147998954661,0.13136147998954661,-0.56919,0.7588,1.32799,1.559525611421312
1317,8,236,0.00409328,8.33045e-06,0.19878016384674616,0.446593658228595,0.9081951297753382,0.035390438189032605,False,0.384602,0.3845115992830224,0.3845115992830224,-0.14381,0.92609,1.0699,1.178050800894146
1320,8,304,0.0317834,0.000625071,0.0,0.26632070212086734,0.0,0.1838368245514024,True,0.082865,-1.0,-inf,-0.95059,0.79756,1.74815,
1322,8,226,0.0010535,0.00808544,0.28597590984117177,0.1406217404112363,0.795348348799991,0.08936122088912622,False,0.195984,0.13405796249120847,0.13405796249120847,-0.62538,0.82054,1.44592,1.8179707070261493
1324,8,481,0.0344331,4.26204e-05,0.0,0.27477578680989745,0.0,0.15616471929571463,True,-0.564487,-1.0,-inf,-1.0,0.01496,1.01496,
1325,8,290,0.0122624,0.00299653,0.07795285896578485,0.19932091867418972,0.6411042472479359,0.14786769245150236,False,-0.170636,-0.4968048391798075,-0.4968048391798075,-1.0,0.45958,1.4595799999999999,2.2766656222689674
1327,8,314,0.00873929,0.00126937,0.1132268591816992,0.23383514503316064,0.7718807381133796,0.0969177630590622,False,0.327195,0.29833266406385306,0.29833266406385306,-0.40342,1.0,1.4034200000000001,1.8181824350614322
1331,8,376,0.000127929,4.4877e-07,0.2851208200774493,0.40352069961309284,0.9915726067946219,0.004000154410833175,False,-0.0217623,-0.02598140996866928,-0.02598140996866928,-0.53347,0.34879,0.88226,0.8897583434177473
1334,8,302,0.0454369,0.0266164,0.0,0.0,0.0,0.42776000000000003,True,0.383362,-1.0,-inf,-0.83298,1.0,1.83298,
1335,8,285,0.00158749,0.000482338,0.2350663296143654,0.2851189271853371,0.9394053312509205,0.03161600964739629,False,0.645125,0.6530822957281386,0.6530822957281386,0.16392,1.0,0.8360799999999999,0.8900098521760232
1338,8,245,0.00255967,0.00130455,0.22664329149930948,0.26388476266162203,0.9042829787497396,0.05023982823103258,False,0.167232,0.1293756208158652,0.1293756208158652,-0.62467,0.73636,1.36103,1.5050930206402406
1339,8,149,0.000718613,0.000853956,0.3790622145820855,0.36873979558127146,0.9515999200268118,0.02842413479637805,False,0.613622,0.6149620790080916,0.6149620790080916,0.09394,1.0,0.90606,0.9521438379003554
1340,8,132,0.000424312,0.000430001,0.4362383501445499,0.43547225056839584,0.9681524098777224,0.019560765198203,False,0.461331,0.4563023655103978,0.4563023655103978,-0.07048,1.0,1.07048,1.1056936790925322
1341,8,102,0.00887761,0.00965339,0.18901975504863897,0.1735006619629285,0.634883041473631,0.18427730409563148,False,0.28162,0.15332382430380526,0.15332382430380526,-0.67874,1.0,1.67874,2.64417206057901
1343,8,110,0.00501904,0.0260674,0.2666336327481912,0.0,0.0,0.24970057805720247,True,1.0,1.0,inf,0.418,1.0,0.5820000000000001,
1344,8,448,1.00028e-05,0.000428162,0.3135615780399779,0.2299783991159898,0.9805847385613568,0.009227944495184631,False,0.341284,0.3386306582661933,0.3386306582661933,-0.11215,0.75995,0.8721,0.8893672986176414
1345,8,332,0.000361396,0.0485498,0.2731151781294325,0.0,0.0,0.1756709883079679,True,0.80021,1.0,inf,0.20716,1.0,0.79284,
1347,8,269,5.11432e-05,0.00702572,0.3672119443110051,0.14316784845564073,0.8420298123452424,0.05811252147172081,False,0.402599,0.4091143490143263,0.4091143490143263,-0.17686,1.0,1.17686,1.397646476105377
1353,8,577,0.000429738,8.4052e-07,0.20306692795104925,0.3130122791513825,0.9817022875919905,0.00782654375855013,False,0.38872,0.38799283760022635,0.38799283760022635,-0.01771,0.78393,0.80164,0.8165815748136191
1357,8,301,0.000571933,0.039,0.27099138225701247,0.0,0.0,0.1823444170200624,True,0.916386,1.0,inf,0.35053,1.0,0.64947,
1359,8,401,0.0427971,0.0042595,0.0,0.15159071905225244,0.0,0.2401801080464532,True,0.330487,1.0,inf,-0.63204,1.0,1.63204,
1360,8,335,0.000297014,1.62496e-05,0.27804180390551025,0.3544258011006943,0.9839589160644849,0.008233834271406473,False,0.252336,0.2480816645322171,0.2480816645322171,-0.24032,0.68593,0.92625,0.9413502788355212
1363,8,322,0.0134075,0.024034,0.06270011243859588,0.0,0.0,0.34498895022637116,True,0.719346,1.0,inf,0.00581,1.0,0.99419,
1364,8,354,0.00100849,0.00140808,0.2292028641637572,0.2159694161724997,0.9303309355433157,0.0363298049782459,False,-0.0261987,-0.06721103490096145,-0.06721103490096145,-0.80656,0.48804,1.2946,1.3915478358719202
1366,8,392,0.0072955,0.0173255,0.11730903432776968,0.020800540116986115,0.3395017691620305,0.24685077743301484,False,-0.02361,-0.7966402593440826,-0.7966402593440826,-1.0,0.67666,1.67666,4.938589875800611
1367,8,367,8.76488e-08,0.00264406,0.43797441100784545,0.18400325780270782,0.935762458115716,0.022580983430473673,False,0.509744,0.5206054296626675,0.5206054296626675,0.11116,1.0,0.88884,0.9498564430441024
1368,8,412,7.69736e-11,0.00127685,0.5167099003263408,0.20406193277739396,0.9628815714537011,0.012492727577434274,False,0.068817,0.05849553474944037,0.05849553474944037,-0.39484,0.43959,0.83443,0.8665967079837528
1370,9,243,0.000612967,0.0449558,0.2998216846751893,0.0,0.0,0.1832308998530613,True,0.268641,1.0,inf,-0.70509,1.0,1.70509,
1371,9,287,0.0136891,0.000844409,0.06276632418797755,0.2623091832775696,0.6148081773436637,0.13117806853617114,False,-0.0354257,-0.270984958684184,-0.270984958684184,-1.0,0.58911,1.58911,2.5847248923491857
1374,9,325,0.0318989,0.00843768,0.0,0.1148084197036847,0.0,0.2874959532582603,True,-0.151356,-1.0,-inf,-1.0,0.60407,1.60407,
1375,9,453,0.00360689,0.000683648,0.15178505600548423,0.215161826711396,0.8938083874598917,0.049867706146637714,False,0.662932,0.6859012540659031,0.6859012540659031,0.16183,1.0,0.83817,0.9377513254065448
1378,9,516,6.10328e-08,2.98641e-05,0.36998235910279603,0.27190738044292456,0.9964943178189107,0.0016596783514225345,False,0.127216,0.12599803069965357,0.12599803069965357,-0.2803,0.4661,0.7464,0.7490258465634728
1379,9,275,0.00253667,0.000212394,0.21444876817399083,0.31942602875417103,0.9285665979423848,0.03426653291150205,False,0.320031,0.3077479501435059,0.3077479501435059,-0.25884,0.86865,1.12749,1.2142263166674425
1380,9,453,0.0125145,1.19004e-05,0.062348265286672276,0.30850355583146616,0.6781172036317705,0.08961649182741652,False,-0.123563,-0.3143696851896663,-0.3143696851896663,-1.0,0.36925,1.36925,2.019193721478753
1383,9,356,0.0190143,0.0438597,0.004285991658913463,0.0,0.0,0.42131154542739546,True,0.0326423,-1.0,-inf,-1.0,0.96007,1.96007,
1384,9,205,0.00499334,0.0145779,0.19619146438637494,0.061149005410317474,0.5261223406545718,0.19312067575508068,False,0.655624,0.8790794241307045,0.8790794241307045,-0.00873,1.0,1.00873,1.9172917058511427
1385,9,141,0.0157157,0.00122069,0.05436595589121309,0.35631180085388137,0.5135984232851516,0.1578721240751847,False,0.687659,1.0,1.0315196696596474,0.05861,1.0,0.94139,1.8329300817914251
1386,9,220,0.00637264,0.000379642,0.16726394764264124,0.3364752868893978,0.8487076039529229,0.06521480642084918,False,0.31416,0.29332268548045154,0.29332268548045154,-0.37648,0.9325,1.30898,1.5423215179212746
1388,9,355,6.29483e-06,0.036063,0.3641558860562834,0.0,0.0,0.1446555312165589,True,0.675583,1.0,inf,0.14648,1.0,0.8535200000000001,
1389,9,450,0.00064643,7.4199e-07,0.21756090734034533,0.3583650402371501,0.9764076767877193,0.00992670006693481,False,0.283821,0.2805122352521328,0.2805122352521328,-0.16195,0.70014,0.86209,0.8829201372486003
1390,9,324,0.00350093,0.0385727,0.1798602900867883,0.0,0.0,0.2309797006937998,True,0.789153,1.0,inf,0.11416,1.0,0.88584,
1393,9,211,0.0107906,0.000652575,0.10862117995491029,0.3198968289065163,0.7285303634789019,0.10351954299576685,False,-0.0601082,-0.2245997575370865,-0.2245997575370865,-1.0,0.54949,1.54949,2.126870859027515
1394,9,319,0.000191499,6.7544e-06,0.2987283907595285,0.38400826639224256,0.9882522303107264,0.006055214259554398,False,-0.229324,-0.23817726592486055,-0.23817726592486055,-0.8663,0.17298,1.03928,1.0516343582379057
1396,9,437,0.00971993,0.000515362,0.08848227677922127,0.2275139619276303,0.7568156723390899,0.0914305381223174,False,-0.16433,-0.3379429727344816,-0.3379429727344816,-1.0,0.39366,1.3936600000000001,1.8414787786999915
1397,9,353,0.0232151,0.0320813,0.0,0.0,0.0,0.4277599999999999,True,-0.630674,-1.0,-inf,-1.0,0.16897,1.16897,
1398,9,440,8.18208e-05,0.000559323,0.27338736284889303,0.22433751032805155,0.9728062391101463,0.013784275379582768,False,0.262239,0.25540001146341934,0.25540001146341934,-0.25732,0.71849,0.97581,1.0030877278219363
1399,9,371,1.57179e-09,1.00869e-06,0.5015973598860645,0.39148288537889675,0.999534423042827,0.00024687108433348037,False,-0.0873161,-0.08760375737512911,-0.08760375737512911,-0.48213,0.2231,0.70523,0.7055584917757085
1401,9,432,6.67223e-06,0.000489525,0.32722211435196863,0.2303282205640423,0.9793711579775609,0.009582097851848609,False,0.449345,0.4490257841126123,0.4490257841126123,0.02425,0.90085,0.8766,0.8950641366754283
1402,9,286,9.68245e-09,9.33935e-05,0.5458469741779035,0.33824352060628193,0.9933634936889979,0.0030295382958907876,False,0.484109,0.48429347843008763,0.48429347843008763,0.13045,0.85367,0.72322,0.7280517198334104
1405,9,290,0.00136886,0.000702083,0.2399752906826704,0.2683259069782115,0.9385241861754509,0.03262398485484631,False,0.534051,0.5342718094335986,0.5342718094335986,0.0134,1.0,0.9866,1.0512249066488755
1409,9,191,0.00323991,0.0274772,0.2396275482607352,0.0,0.0,0.22769378636917315,True,0.0182314,-1.0,-inf,-1.0,0.79984,1.79984,
1411,9,293,9.95298e-06,0.00815045,0.3927390773015906,0.12379602914072109,0.8164366212432822,0.060225349029240094,False,0.0201827,-0.049045630716885946,-0.049045630716885946,-0.725,0.5299,1.2549000000000001,1.5370452125102119
1412,9,503,0.000285912,0.000577889,0.2273746016958111,0.20913052244469754,0.9649149131129587,0.01812612450999555,False,0.092477,0.0770543334749978,0.0770543334749978,-0.54107,0.56212,1.1031900000000001,1.1433028809151116
1418,9,358,0.0031602,3.92718e-07,0.17699559431053583,0.4168228886691587,0.9256106845625114,0.026448421997428043,False,0.0730421,0.05033831045780807,0.05033831045780807,-0.51794,0.5091,1.02704,1.1095809686827773
1419,9,361,3.72137e-07,0.00770671,0.41593588428636374,0.11728771904225363,0.827328730159279,0.0518582892085252,False,0.42897,0.45581846374278884,0.45581846374278884,-0.04468,1.0,1.04468,1.2627145195343044
1420,9,327,0.0287253,2.63161e-05,0.0,0.3475616147795427,0.0,0.1519834561800078,True,0.380665,1.0,inf,-0.26038,1.0,1.26038,
1422,9,390,5.42428e-05,6.30687e-08,0.3005622323547655,0.4292564875342108,0.995072490482667,0.0023304851143188003,False,0.293399,0.2925098600047684,0.2925098600047684,-0.09614,0.64415,0.74029,0.7439558495290298
1427,9,527,0.000190047,4.14884e-05,0.23163804909974503,0.2628708992003609,0.9852779005047867,0.0076359852076018165,False,0.0754747,0.06885236617774784,0.06885236617774784,-0.47147,0.48439,0.9558599999999999,0.9701425349236849
1429,9,478,0.00128425,0.000157678,0.18962625503553726,0.2475316550163,0.9533674913116196,0.022594933668716535,False,0.273955,0.26365495847301074,0.26365495847301074,-0.29274,0.7667,1.05944,1.1112608827708699
1433,9,353,0.0399693,0.0393088,0.0,0.0,0.0,0.4277599999999999,True,-0.138831,-1.0,-inf,-1.0,0.80103,1.80103,
1436,9,263,2.0116e-06,0.000297039,0.455918916379443,0.3152972978904274,0.985832508801034,0.006919984908906082,False,0.320997,0.3185906452538,0.3185906452538,-0.11995,0.73836,0.85831,0.8706448532965033
1439,9,204,0.0134649,0.0139556,0.07551313982385095,0.06922811037927416,0.3975099540869996,0.2762217408632798,False,0.438954,0.4093790796018769,0.4093790796018769,-0.46762,1.0,1.46762,3.6920333312679627
1441,9,212,0.00437839,9.28704e-05,0.20413819205548586,0.3971508394233293,0.8987059731536119,0.04351133584528288,False,0.0634324,0.02216638672692131,0.02216638672692131,-0.67821,0.60305,1.28126,1.4256720643615883
1444,9,256,0.000180039,0.00295784,0.3373610629238895,0.21283658657087318,0.9219088743203583,0.03657695118043821,False,-0.238858,-0.29876591803446084,-0.29876591803446084,-1.0,0.26675,1.26675,1.3740512053687113
1445,9,420,0.00353924,3.38735e-05,0.1582563463640577,0.29949074257594804,0.9143725971084656,0.03438776540831446,False,0.202402,0.18374810785340628,0.18374810785340628,-0.41165,0.71472,1.12637,1.231850127138474
1446,9,333,0.00283809,1.88488e-06,0.18919596403487465,0.4022935192287807,0.93180361743015,0.025803055405925035,False,0.025092,-0.0007630957775052182,-0.0007630957775052182,-0.59054,0.48072,1.0712599999999999,1.1496628473652644
1448,9,261,0.00071883,0.00285866,0.2823006378452191,0.21291253905277036,0.9101477790199373,0.04546760227796701,False,0.685942,0.7037037418381736,0.7037037418381736,0.17486,1.0,0.82514,0.9066000258645084
1452,9,217,3.55845e-05,0.00407798,0.42394632830554957,0.20748682848893288,0.9070874564416682,0.03840576414946451,False,0.758216,0.7935400613676373,0.7935400613676373,0.32034,1.0,0.6796599999999999,0.7492772556531396
1453,9,560,0.00250979,1.13632e-05,0.15265338474771264,0.2775258577191885,0.9355926695816695,0.025484088585954755,False,-0.152265,-0.1899855507262915,-0.1899855507262915,-0.87576,0.28375,1.15951,1.2393320701395087
1457,9,314,0.0396444,3.50345e-05,0.0,0.3479619552751992,0.0,0.15369690234962957,True,-0.24524,-1.0,-inf,-1.0,0.34794,1.34794,
1458,9,259,0.0477416,0.000345246,0.0,0.31234792860205274,0.0,0.1746649028974269,True,0.427966,1.0,inf,-0.36572,1.0,1.36572,
1459,9,226,0.00525759,0.0158055,0.18263364925200065,0.043751023282509405,0.4594901633037948,0.209021521474963,False,0.486753,0.604434002521645,0.604434002521645,-0.30533,1.0,1.30533,2.8408225120958095
1462,9,327,0.0115434,0.000525221,0.0814118228739604,0.26271380193536026,0.701664124878587,0.10627225878631169,False,0.480186,0.5328956233559593,0.5328956233559593,-0.14389,1.0,1.14389,1.630252936471469
1463,9,234,0.0378834,0.000519278,0.0,0.3128726985765019,0.0,0.18046468471488047,True,-0.137849,-1.0,-inf,-1.0,0.52393,1.52393,
1464,9,322,0.00878767,0.00689943,0.11140059805018157,0.13311008899783647,0.6760285649375132,0.15451680237926915,False,0.233303,0.11654270500835011,0.11654270500835011,-0.67673,0.967,1.6437300000000001,2.4314505114912324
1466,9,461,8.56243e-05,8.88257e-05,0.2659789771681155,0.2651705871705264,0.9870203875299766,0.007026549511156235,False,0.384745,0.38268556076545296,0.38268556076545296,-0.06968,0.81745,0.88713,0.8987960240821845
1467,9,321,0.0190715,0.000132633,0.0036386996215612964,0.30848182646032474,0.16767093030796293,0.1606598952619941,False,0.363628,1.0,1.2105145737857619,-0.29886,1.0,1.29886,7.746482933054468
1468,9,346,0.00783851,0.00217457,0.11812383471948382,0.19901328123742806,0.7782661710893567,0.10063053593650279,False,-0.0864064,-0.240325152093792,-0.240325152093792,-1.0,0.51246,1.51246,1.9433711192701277
1469,9,221,0.0203331,2.25327e-05,0.0,0.43383472414134816,0.0,0.15000644760209536,True,-0.331213,-1.0,-inf,-1.0,0.23529,1.23529,
1470,9,335,0.026315,0.00329596,0.0,0.18042725214741734,0.0,0.2283720459587288,True,-0.16843,-1.0,-inf,-1.0,0.55761,1.55761,
1472,9,385,0.00028292,0.0220928,0.26032361982782953,0.0,0.0,0.17278397983302865,True,0.122787,-1.0,-inf,-0.80423,0.76585,1.57008,
1473,9,289,9.32081e-05,0.016541,0.3364403130871133,0.03163914609750186,0.46696582843600803,0.13280207215043488,False,-0.212908,-0.7403326990934417,-0.7403326990934417,-1.0,0.34634,1.34634,2.883166000624175
1474,9,303,2.84048e-05,0.00150878,0.3599986657226276,0.23029613935819668,0.9556717815577824,0.020289893918405,False,0.143426,0.1288476948444353,0.1288476948444353,-0.44231,0.60413,1.04644,1.094978443639156
1475,9,335,0.0106958,0.00224254,0.08926735151292975,0.20070028891597194,0.7014574518955858,0.1249897803129875,False,-0.566118,-0.9852454748971161,-0.9852454748971161,-1.0,0.04467,1.04467,1.4892849126870527
1477,9,336,0.000879681,0.000177816,0.24055765770458684,0.2929342560597554,0.9620771849680151,0.01966032795440694,False,0.0437492,0.02503839860457133,0.02503839860457133,-0.60281,0.50951,1.11232,1.1561650326808028
1485,10,357,0.0184,6.91244e-05,0.010576667674700316,0.30873973364868357,0.28904517281631253,0.14831943130781147,False,0.425599,0.959294929545144,0.959294929545144,-0.19342,1.0,1.19342,4.128835601618627
1486,10,307,0.00524983,0.0033182,0.15765699530573393,0.1878644715003675,0.8154218025645614,0.09153016081586496,False,0.262729,0.20995126527853697,0.20995126527853697,-0.561,0.92838,1.4893800000000001,1.8265148114948493
1487,10,328,0.00353785,0.0480134,0.17817674944087053,0.0,0.0,0.23144103095175625,True,0.045885,-1.0,-inf,-1.0,0.83995,1.83995,
1489,10,268,3.748e-07,5.59393e-05,0.48947218126992326,0.365353479462417,0.9949204345726286,0.0026375069764078742,False,0.028367,0.025860854928207718,0.025860854928207718,-0.44927,0.39812,0.84739,0.8517163489199006
1493,10,370,0.013037,7.59425e-05,0.06274485740000746,0.3007333936336379,0.6552590981105851,0.10185956161956525,False,-0.00575458,-0.1642314344506876,-0.1642314344506876,-0.90433,0.5389,1.44323,2.202533324850428
1496,10,317,0.000173349,0.0360717,0.3026856490956031,0.0,0.0,0.16689692842126708,True,0.241902,1.0,inf,-0.60905,1.0,1.6090499999999999,
1498,10,396,0.0020263,0.00101338,0.18940703662836442,0.21657247461547777,0.9177014849671931,0.04179315429864542,False,0.618193,0.628090784577907,0.628090784577907,0.10327,1.0,0.89673,0.9771478140651121
1499,10,335,0.0451617,0.000405268,0.0,0.2681523791783519,0.0,0.17726614495302995,True,0.334557,1.0,inf,-0.49461,1.0,1.49461,
1501,10,483,0.00746991,0.00128335,0.10519143918413319,0.18870135935505705,0.8001238486266486,0.08646390622335062,False,-0.289302,-0.46963467826677585,-0.46963467826677585,-1.0,0.2679,1.2679,1.5846296822376351
1502,10,387,0.00388126,0.0250213,0.1594668819652201,0.0,0.0,0.2356426823391264,True,-0.151431,-1.0,-inf,-1.0,0.53064,1.53064,
1503,10,436,3.13637e-05,0.00143613,0.29536132654058567,0.19420120141684444,0.9560678552050346,0.019672837642955434,False,0.361594,0.35763273547536806,0.35763273547536806,-0.15117,0.87213,1.0232999999999999,1.0703215199935228
1505,10,375,3.22409e-05,5.78416e-08,0.3187941427444701,0.43997077192646006,0.9963804837591647,0.0017659397806448543,False,0.654208,0.6548121634797667,0.6548121634797667,0.32975,1.0,0.67025,0.6726847935351634
1506,10,287,6.74534e-09,0.000766786,0.5516915704512652,0.26623941338171764,0.9745985509943089,0.009872839269262912,False,0.563486,0.5680422571590401,0.5680422571590401,0.192,0.99752,0.80552,0.82651467024878
1507,10,149,0.00281766,0.00222155,0.2838500471513753,0.3031564298069321,0.8869075525341729,0.062430971425935164,False,0.245078,0.20593694128794487,0.20593694128794487,-0.50877,0.90522,1.41399,1.5942924332528092
1508,10,225,0.0120894,0.000462021,0.08928071497132552,0.3243550879045643,0.6873710251891956,0.10957223514996561,False,0.325674,0.3143888190378019,0.3143888190378019,-0.39633,1.0,1.39633,2.031406545854427
1515,10,183,0.00481762,0.0259927,0.21083629468555548,0.0,0.0,0.2471272583747345,True,0.166732,-1.0,-inf,-0.93357,1.0,1.93357,
1517,10,239,0.00246734,0.0346524,0.23175262879005346,0.0,0.0,0.21721141006312947,True,0.334032,1.0,inf,-0.59055,1.0,1.59055,
1521,10,240,0.0082883,0.00168574,0.13403144923684654,0.253232747970041,0.7789550276183794,0.0992407690488905,False,0.197378,0.12598574689370676,0.12598574689370676,-0.63266,0.87764,1.5103,1.9388795841239712
1522,10,473,7.56561e-06,1.17377e-08,0.3098997125244912,0.4113073704985263,0.9984609647964224,0.0007564766366185155,False,0.497351,0.49735997787818653,0.49735997787818653,0.18148,0.81691,0.63543,0.6364094565575317
1526,10,24,0.00853711,0.0212141,0.39151751819978486,0.0,0.0,0.29082457364409825,True,1.0,1.0,inf,0.37711,1.0,0.6228899999999999,
1529,10,293,0.00778109,0.0112939,0.12822494858081435,0.08814956000046584,0.5972028374460016,0.18688544720492872,False,-0.0692269,-0.4288531988565545,-0.4288531988565545,-1.0,0.60912,1.6091199999999999,2.6944279214773403
1530,10,286,0.00835531,0.00480475,0.12273120542800968,0.16968697179624959,0.724593359920164,0.1315563229101676,False,0.114535,-0.023490862394934215,-0.023490862394934215,-0.87787,0.81413,1.6920000000000002,2.3351028226182273
1531,10,217,0.0217668,0.00653331,0.0,0.1659149322782781,0.0,0.266686711845612,True,0.169016,-1.0,-inf,-0.9653,1.0,1.9653,
1534,10,290,0.000767826,1.19881e-05,0.264770399644392,0.3903739825439347,0.9726637867257335,0.01299699453122273,False,0.483616,0.4838455095084977,0.4838455095084977,0.03714,0.97615,0.93901,0.9654003909829707
1535,10,298,0.0497975,0.00316541,0.0,0.1934453407763685,0.0,0.22669775409936324,True,0.074106,-1.0,-inf,-1.0,0.88721,1.88721,
1536,10,346,0.000856744,1.11136e-05,0.23800982860253803,0.3568701812995097,0.9704261182387734,0.013620556629606831,False,0.146714,0.13714948605458446,0.13714948605458446,-0.4088,0.58756,0.9963599999999999,1.0267242207045022
1538,10,339,0.0125331,0.0264971,0.07014690964826334,0.0,0.0,0.334286206174697,True,-0.124204,-1.0,-inf,-1.0,0.62212,1.62212,
1541,10,175,0.0121287,0.0158144,0.09931331259671926,0.04841903752897499,0.3617300383033591,0.2836756415974985,False,0.119592,-0.4536080065872007,-0.4536080065872007,-1.0,0.96584,1.96584,5.434550056225577
1542,10,383,0.0459198,0.00051569,0.0,0.24303367850172236,0.0,0.18103482918528516,True,0.0818146,-1.0,-inf,-0.99934,0.8032,1.80254,
1543,10,302,1.47059e-10,4.70524e-11,0.6041408675052031,0.6235153736783917,0.9999966415169402,2.301920046637091e-06,False,0.538026,0.5380255050294976,0.5380255050294976,0.28741,0.7824,0.49499,0.494991662421113
1544,10,377,9.48136e-09,1.19918e-07,0.4686295022775126,0.4262264512590616,0.9998431495110495,9.34221034322925e-05,False,0.321343,0.32129997395458226,0.32129997395458226,0.00253,0.62177,0.61924,0.6193371433337572
1545,10,272,5.20396e-13,6.44197e-07,0.7406124669287218,0.4735152374738813,0.9996509151054512,0.0001760829267908538,False,0.502333,0.502332273681996,0.502332273681996,0.22353,0.77518,0.55165,0.5518426399297673
1546,10,235,0.00144814,0.00953732,0.2641492992419574,0.11913777854084463,0.7506404051525777,0.10614613850051889,False,0.334073,0.303643209098439,0.303643209098439,-0.41638,1.0,1.41638,1.886895496535524
1547,10,129,0.0253547,0.0113747,0.0,0.1262611892472608,0.0,0.3220309886432411,True,0.596926,1.0,inf,-0.22351,1.0,1.22351,
1549,10,190,0.000918448,0.0357543,0.32042270533414957,0.0,0.0,0.1905289548959913,True,0.447899,1.0,inf,-0.34901,1.0,1.34901,
1550,10,209,0.00927047,0.000467408,0.12939056645545702,0.3367065240070184,0.7766981524520876,0.08798805893639575,False,0.219082,0.16878363962851203,0.16878363962851203,-0.573,0.86934,1.44234,1.8570148460459661
1551,10,274,0.0296245,1.02673e-06,0.0,0.46117544708801705,0.0,0.13658501777591153,True,0.219899,1.0,inf,-0.45796,0.87054,1.3285,
1556,10,220,0.00371484,0.000269565,0.21322435057563405,0.3502684871321665,0.9056955483249313,0.04428365278374326,False,0.00800709,-0.04005381593277802,-0.04005381593277802,-0.79501,0.54074,1.33575,1.4748333504238231
1557,10,378,0.00596673,0.00264812,0.1342184732771624,0.18131290581114198,0.8109872258308934,0.09047695707262483,False,0.337306,0.3043562648899772,0.3043562648899772,-0.38307,1.0,1.38307,1.705415271594422
1558,10,400,8.82985e-07,0.00737472,0.37841285735435104,0.11540793279188491,0.8346992267796679,0.05108507332864552,False,-0.0255188,-0.09177422342199716,-0.09177422342199716,-0.74773,0.44847,1.1962,1.4330910603751592
1559,10,591,0.000313232,0.0157043,0.20808631991456425,0.03149233194912941,0.521761011793098,0.13512637188060314,False,-0.183372,-0.6104296117987871,-0.6104296117987871,-1.0,0.37905,1.3790499999999999,2.6430683183105605
1562,10,305,0.00196313,3.99907e-05,0.21697548452070117,0.34994772521940337,0.9459504765443425,0.024338658733696755,False,0.135955,0.11799385277974549,0.11799385277974549,-0.47624,0.6246,1.10084,1.163739569138424
1564,10,137,0.00448039,0.022578,0.25132946507713944,0.0,0.0,0.24322005299398558,True,0.0800561,-1.0,-inf,-1.0,0.8705,1.8705,
1565,10,296,0.0127189,0.0201721,0.07235080866743197,0.0,0.0,0.33679385436216835,True,0.799136,1.0,inf,0.14924,1.0,0.85076,
1568,10,350,0.00408417,0.000958605,0.1642579203877874,0.23244268919525854,0.8799363702284904,0.05757581538980466,False,0.438364,0.4327451364594888,0.4327451364594888,-0.14981,1.0,1.14981,1.3066967554727082
1569,10,331,6.87108e-05,0.0159746,0.32135176228133994,0.035885848126916885,0.5062891737885534,0.12556190048247806,False,0.265299,0.2760025431155708,0.2760025431155708,-0.40658,0.90885,1.31543,2.5981791989677743
1570,10,244,0.000353306,0.000932326,0.32139499458220466,0.2806228090352983,0.9565802971953699,0.02370135187629336,False,0.46931,0.46583506834732197,0.46583506834732197,-0.05874,1.0,1.05874,1.1067967875819267
1571,10,236,0.00640398,0.00882641,0.16126022727731648,0.12803072317966135,0.6878786935245762,0.15112513633201263,False,0.57781,0.6202908560544665,0.6202908560544665,-0.11192,1.0,1.11192,1.61644779881567
1572,10,255,0.00888341,0.0375605,0.12280384891451869,0.0,0.0,0.29277596828072433,True,-0.43234,-1.0,-inf,-1.0,0.31169,1.31169,
1573,10,335,0.00809252,0.00354794,0.11704544075887251,0.17619823250196776,0.7501128067476324,0.11691539580194746,False,-0.23196,-0.4650972395933549,-0.4650972395933549,-1.0,0.35906,1.35906,1.811807487853279
1576,10,431,0.00990592,1.72106e-05,0.08728772250884716,0.3093342118172025,0.7653314078753207,0.07287805912661438,False,0.347309,0.35857791546181106,0.35857791546181106,-0.23288,0.95296,1.18584,1.5494464068736922
1579,10,286,0.0121203,0.00592434,0.07998417531075738,0.15360442354928225,0.6036875052696524,0.1768939265211195,False,0.558234,0.6316845555856673,0.6316845555856673,-0.17576,1.0,1.17576,1.9476301724595355
1580,10,371,8.13946e-07,4.69852e-05,0.39548907706595693,0.31186899193984774,0.9951703157344278,0.0024867423633121604,False,0.437339,0.43696264926850265,0.43696264926850265,0.06613,0.80709,0.74096,0.7445559702543754
1581,10,384,3.87082e-10,2.01848e-08,0.5134447779815292,0.4517229635667743,0.9999518932822838,2.8447615994085175e-05,False,0.167449,0.16742860682473204,0.16742860682473204,-0.14616,0.43965,0.5858099999999999,0.585838182752085
1582,10,339,0.000100277,0.000219012,0.3074390395846837,0.28553054075357837,0.9817599759816176,0.010026265105880092,False,0.447847,0.4459549641513575,0.4459549641513575,-0.00226,0.92077,0.92303,0.9401788854522246
1584,10,227,0.00791929,1.83803e-06,0.14260615222341588,0.4968744861687994,0.8255485064335869,0.0553733136943217,False,0.552097,0.6016892798359612,0.6016892798359612,0.06101,1.0,0.93899,1.137413480470683
1587,10,359,0.000768124,0.0199355,0.23755188709153913,0.0,0.0,0.18769457687849006,True,0.150722,-1.0,-inf,-0.71603,0.82021,1.53624,
1588,10,299,0.0289442,0.005933,0.0,0.1502782944136521,0.0,0.25968092675532894,True,0.109294,-1.0,-inf,-1.0,0.93706,1.93706,
1589,10,487,0.00527687,9.4448e-12,0.12685036626483925,0.49724064474649243,0.8816756475213658,0.03211416351698358,False,0.610057,0.655505046677623,0.655505046677623,0.2521,1.0,0.7479,0.8482711324766129
1590,10,349,0.0167126,0.000150163,0.02777930856029088,0.2919463507845843,0.4531937824916824,0.1382143035623294,False,0.294584,0.34503936832041715,0.34503936832041715,-0.40492,0.95129,1.35621,2.992560914104974
1596,10,410,0.0241777,0.00451509,0.0,0.14667631177137438,0.0,0.24318691727282848,True,-0.194013,-1.0,-inf,-1.0,0.48262,1.48262,
1597,10,406,0.0278807,2.40201e-05,0.0,0.31215480332070916,0.0,0.15203140921865782,True,0.15162,-1.0,-inf,-0.61895,0.77644,1.39539,
1598,10,419,0.00183017,0.00115718,0.18849560905121157,0.20594547694680648,0.9183176841202293,0.04158801083248671,False,0.319404,0.3025271036064908,0.3025271036064908,-0.31053,0.89788,1.20841,1.3158953822801378
1601,10,433,0.00221153,0.0110072,0.17773599325524403,0.07705120575205317,0.6907920526408086,0.12664573497097778,False,0.69449,0.822019105254942,0.822019105254942,0.10759,1.0,0.89241,1.291864891306193
1602,10,411,0.00251483,0.000547467,0.17652142256137252,0.23274648241245624,0.9184168256316094,0.039732754105110735,False,0.249132,0.22800022827421762,0.22800022827421762,-0.38368,0.79222,1.1759,1.280355462990691
1605,10,332,0.0190941,3.35471e-05,0.0034153662266003717,0.3389075668656127,0.16428411389032652,0.15029262201437613,False,-0.0986564,-1.0,-1.51535663503393,-1.0,0.46687,1.4668700000000001,8.928860893873521
1606,10,393,0.0207518,0.0018363,0.0,0.19432416238135547,0.0,0.2079490541429529,True,0.0616802,-1.0,-inf,-0.97644,0.73625,1.7126899999999998,
1608,10,498,0.0216887,3.46601e-06,0.0,0.3150214677476688,0.0,0.14320830884982919,True,-0.0649617,-1.0,-inf,-0.9732,0.46118,1.43438,
1618,11,390,0.0192197,0.000953134,0.002289910416123428,0.22041106609886665,0.13470260796498515,0.18927417275710814,False,0.0497712,-1.0,-1.0356367620838554,-0.9949,0.70891,1.70381,12.64867863911656
1619,11,322,0.0171912,0.000330599,0.02359484826687208,0.2803426054692342,0.4119540664056006,0.150981486108628,False,0.0987368,-0.12682162981051645,-0.12682162981051645,-0.80253,0.73315,1.53568,3.7277942499735013
1620,11,423,0.00032454,2.38326e-09,0.24446615276954317,0.4606137802608066,0.9852722438505711,0.0058131810837759815,False,0.506337,0.5080056015382229,0.5080056015382229,0.16672,0.89195,0.72523,0.7360706693265889
1623,11,388,0.00026275,0.000641967,0.2613781836035324,0.2344458773221884,0.964488186327787,0.018687933614222364,False,0.254223,0.24420731090813966,0.24420731090813966,-0.3025,0.75035,1.0528499999999998,1.0916152368943404
1624,11,435,0.0127845,3.02541e-05,0.06097577194921479,0.2964567432112432,0.6666405658702492,0.09518822343883647,False,-0.464773,-0.8399747211720444,-0.8399747211720444,-1.0,0.06138,1.06138,1.5921323338828743
1626,11,334,0.0233791,2.82961e-06,0.0,0.39323691348734946,0.0,0.14103462586243748,True,0.201791,1.0,inf,-0.53608,0.78797,1.32405,
1628,11,283,0.00185938,0.00083109,0.2280372141289324,0.2648603009671043,0.9262261660407972,0.03865960794477186,False,0.43634,0.42935560086272884,0.42935560086272884,-0.13911,1.0,1.13911,1.2298400129087113
1629,11,341,0.000753006,5.30274e-06,0.24452242289713227,0.37572165255216144,0.9734502047766487,0.012042324962557005,False,0.432431,0.43185431876702746,0.43185431876702746,-0.01411,0.87721,0.89132,0.9156297832455714
1631,11,456,0.000110856,0.00243808,0.26166089774961326,0.16929995014435986,0.932115356358139,0.030303701291193107,False,0.0116968,-0.019962015607051034,-0.019962015607051034,-0.70347,0.48768,1.19115,1.277899770532623
1632,11,354,0.0237004,0.0390679,0.0,0.0,0.0,0.42776,True,0.739576,1.0,inf,-0.09445,1.0,1.09445,
1640,11,281,2.2307e-08,0.0246024,0.5348873087412355,0.0,0.0,0.12576380748124477,True,0.0252743,-1.0,-inf,-0.75534,0.56476,1.3201,
1641,11,188,7.2401e-05,5.45941e-07,0.4331822570900667,0.5867796406616657,0.9942055585059402,0.003158398965726041,False,0.552075,0.5521158037570902,0.5521158037570902,0.18401,0.95354,0.76953,0.7740149845434627
1643,11,227,0.0136642,0.001945,0.06967436416434998,0.2523223478896427,0.6033920886942252,0.14854393513551423,False,-0.225923,-0.6206029912421986,-0.6206029912421986,-1.0,0.40564,1.40564,2.3295631917247785
1644,11,203,0.000961715,4.46294e-06,0.30713995522296417,0.5036294029098869,0.9700782756187485,0.013928803285604857,False,0.0644755,0.05210579185700738,0.05210579185700738,-0.50797,0.51476,1.0227300000000001,1.0542757483643972
1650,11,195,0.00257187,0.00985559,0.2539949707329888,0.12543150366281375,0.7268601215683191,0.12271766979707856,False,0.419236,0.40794414414032626,0.40794414414032626,-0.32032,1.0,1.32032,1.8164705433986315
1651,11,199,0.0172884,0.00103323,0.026859479502032685,0.3065447551918093,0.39660770288141856,0.1701669444491453,False,0.184436,0.03597775698048152,0.03597775698048152,-0.714,0.88594,1.59994,4.034061840897641
1653,11,291,0.00111037,0.00017991,0.24891540958927066,0.31536871358280255,0.9574275672836862,0.02200762903957375,False,0.641374,0.6469067657176699,0.6469067657176699,0.18171,1.0,0.81829,0.8546756203412516
1655,11,251,0.00170607,9.81607e-06,0.2468931733107025,0.42745992662927207,0.9538144456956315,0.020267873647539177,False,0.491486,0.49403542636512937,0.49403542636512937,0.01435,1.0,0.98565,1.0333770938865896
1657,11,349,2.02244e-06,3.79074e-12,0.39084500857236015,0.6124050199236664,0.9993126715310235,0.00032712709361331526,False,0.490326,0.49033589472619304,0.49033589472619304,0.19996,0.77435,0.57439,0.5747850661395002
1658,11,185,6.42196e-09,4.39091e-06,0.7102356571106566,0.5309213800650705,0.998924767278716,0.0006164542220305112,False,0.584968,0.584980535991582,0.584980535991582,0.27039,0.91699,0.6466,0.6472959938329251
1659,11,54,5.08929e-09,1.83862e-06,1.5194216664216074,1.150363179127667,0.9994432986289449,0.0004544929550090482,False,0.537674,0.5375187444670035,0.5375187444670035,0.17859,0.86914,0.69055,0.690934644263771
1660,11,44,3.52804e-05,0.000165691,1.0602332445376528,0.9110846516645132,0.9898761088066708,0.008270729722396113,False,0.513251,0.5101449219603601,0.5101449219603601,0.00777,1.0,0.99223,1.002377965456876
1664,11,40,0.0118295,0.000302001,0.19992827150671325,0.8951133513145869,0.7372772486979581,0.10364233389036248,False,0.376296,0.36981158253716323,0.36981158253716323,-0.41468,1.0,1.41468,1.91878971241598
1665,11,31,0.0101709,0.0055669,0.2829292201969872,0.48023122995131307,0.7154463939109947,0.1599386930990815,False,1.0,1.0,1.1741778476353975,0.43844,1.0,0.5615600000000001,0.7849085616746585
1666,11,65,0.0480137,0.0137322,0.0,0.11778535447528889,0.0,0.3514672944693917,True,1.0,1.0,inf,0.28251,1.0,0.71749,
1667,11,223,3.78465e-06,0.0004353,0.48254212679289954,0.3283970795579904,0.9819887854542424,0.00889902347665017,False,0.0752337,0.06755135853477709,0.06755135853477709,-0.47865,0.49869,0.9773400000000001,0.9952659485290436
1669,11,144,0.00257729,0.0453042,0.2964359514053002,0.0,0.0,0.21868797049756483,True,0.628366,1.0,inf,-0.15861,1.0,1.15861,
1670,11,274,1.63674e-05,0.000202486,0.39450758525448915,0.3216228488198789,0.9870638129757714,0.006994841186053733,False,0.232263,0.2282204613851807,0.2282204613851807,-0.25897,0.65754,0.9165099999999999,0.9285215281440946
1671,11,344,0.000387687,2.67926e-08,0.2659584535271257,0.4748541186220325,0.9836329482582719,0.006786161696866675,False,0.39851,0.3982418838213608,0.3982418838213608,-0.00059,0.79668,0.79727,0.8105360860590667
1673,11,371,0.000152465,8.35191e-09,0.28246885924790066,0.47484535503491637,0.990901751416746,0.003902994294813267,False,0.479353,0.479815486273397,0.479815486273397,0.12211,0.84929,0.7271799999999999,0.7338568116973365
1674,11,389,1.674e-10,9.94081e-10,0.5221553760038046,0.4956186155354618,0.9999906085874554,5.959442697477597e-06,False,0.490092,0.4900906432007171,0.4900906432007171,0.23013,0.74738,0.51725,0.5172548577537599
1675,11,261,0.00274531,0.000867558,0.21538495254648457,0.2742326409714046,0.9091311441734261,0.04654674745409771,False,0.522115,0.5231019260464173,0.5231019260464173,-0.02855,1.0,1.02855,1.1313549278252353
1676,11,204,7.07144e-05,0.00176178,0.41517358066909293,0.27253210992331794,0.9498482016555472,0.024565057293443097,False,0.569673,0.5738895349345882,0.5738895349345882,0.08116,1.0,0.91884,0.9673545713920381
1678,11,516,0.00178454,0.000280434,0.17151823607929723,0.22499401291926135,0.9390544631216401,0.029246475460491587,False,0.345487,0.33676483841868954,0.33676483841868954,-0.19087,0.86162,1.0524900000000001,1.1207976122080006
1679,11,313,0.00438938,0.000865189,0.1686184719626023,0.25000735537807406,0.8765142661555384,0.05877788225343539,False,0.136662,0.088856645868607,0.088856645868607,-0.64979,0.71579,1.36558,1.557966655796195
1682,11,358,0.00228402,0.000291984,0.19339020152721442,0.26923252913142626,0.9299668486169447,0.03379481740174875,False,0.317948,0.3055519484601484,0.3055519484601484,-0.26245,0.87592,1.13837,1.2240973984104857
1684,11,410,0.0167406,9.16505e-07,0.026009129132288557,0.3728099764938475,0.45612447001084383,0.11388345131011707,False,0.277931,0.3596552245618019,0.3596552245618019,-0.30978,0.89046,1.20024,2.6313869983153184
1685,11,383,6.72828e-06,1.42121e-06,0.34843848560095597,0.3785080497673143,0.9980429131019138,0.0011177718358227836,False,0.425462,0.4251763351991718,0.4251763351991718,0.08025,0.78073,0.70048,0.7018535884623543
1686,11,358,0.000392205,1.23454e-05,0.260234422596229,0.3481973816029674,0.9815473854611558,0.009106301752320517,False,0.102458,0.09510666487468711,0.09510666487468711,-0.45072,0.51206,0.96278,0.9808797967992767
1687,11,297,6.7816e-05,2.53359e-05,0.34060558039398453,0.3667911325373641,0.9915249225573087,0.004850812840861472,False,-0.253015,-0.2600699256008436,-0.2600699256008436,-0.86577,0.15772,1.02349,1.03223829952781
1688,11,272,0.0111229,4.21816e-05,0.09305171458818265,0.3704901677206475,0.7292481853843406,0.08476557959178033,False,-0.173992,-0.3548278689996405,-0.3548278689996405,-1.0,0.35754,1.35754,1.8615610257357398
1689,11,208,0.000466243,0.00047595,0.3376725035483922,0.3367569600969109,0.9644917622676612,0.02031078500799978,False,0.0819857,0.06394550726591326,0.06394550726591326,-0.59126,0.58907,1.18033,1.2237844284173787
1690,11,255,0.00733374,1.03074e-05,0.1426987393914498,0.4225087639887503,0.837695605725305,0.055306885616943434,False,0.0860807,0.03673627290477614,0.03673627290477614,-0.63229,0.60238,1.23467,1.473888595763829
1693,11,296,0.0232696,0.0233029,0.0,0.0,0.0,0.42776,True,0.082771,-1.0,-inf,-1.0,0.98415,1.98415,
1694,11,199,0.00203889,0.00630152,0.26685912112836696,0.17670247745809414,0.8203578685423367,0.08808916383272429,False,0.319297,0.281837774748355,0.281837774748355,-0.42843,1.0,1.42843,1.7412278894065147
1695,11,100,0.0232227,2.70348e-05,0.0,0.6675104151787403,0.0,0.14892722907717604,True,0.152762,1.0,inf,-0.71011,0.83457,1.54468,
1697,11,131,0.000662405,0.000236117,0.41127400187740926,0.4704358433740823,0.9678169587354851,0.01942242767318795,False,0.751702,0.7566302343819045,0.7566302343819045,0.31478,1.0,0.6852199999999999,0.7080057792077582
1700,11,184,0.000524416,0.0133863,0.3546945979156422,0.08003633863723163,0.6379214725400489,0.1220689939553741,False,0.0719183,-0.07861577970668736,-0.07861577970668736,-0.83215,0.72043,1.5525799999999998,2.4338105344189183
1703,11,248,0.0290718,0.0454369,0.0,0.0,0.0,0.42776,True,-0.204447,-1.0,-inf,-1.0,0.70465,1.70465,
1704,11,326,0.00115234,0.00191246,0.23349934392604474,0.21115514815706,0.9178751852666054,0.04262499344246302,False,-0.00774454,-0.05487623399235128,-0.05487623399235128,-0.83315,0.52697,1.36012,1.4818136733971519
1709,11,181,0.0415289,2.65744e-05,0.0,0.4784877637344102,0.0,0.15049954785351008,True,0.0117368,-1.0,-inf,-0.98795,0.68383,1.67178,
1710,11,291,0.00163936,0.0062743,0.23106691448302918,0.14766051964009766,0.8239558810792419,0.08271893632392877,False,-0.359132,-0.5362555768704258,-0.5362555768704258,-1.0,0.21898,1.21898,1.4794238720686645
1713,11,144,0.00795037,0.00616571,0.1765020796714401,0.20946742108774685,0.719473743973223,0.14220670883830433,False,0.21633,0.10302431712428738,0.10302431712428738,-0.75704,1.0,1.75704,2.4421183048278032
1714,11,278,0.00129374,0.000872444,0.24780678768359402,0.2652499801775571,0.9364753164516757,0.034009744122241274,False,0.539872,0.5401768172539575,0.5401768172539575,0.02344,1.0,0.97656,1.042803780136145
1716,11,383,0.0189326,1.01769e-07,0.0051358819372142855,0.4253985760786461,0.2068000310347008,0.12622253766182107,False,0.421093,1.0,1.4258724278851778,-0.08965,1.0,1.08965,5.26909978953126
1717,11,314,0.0476416,0.0321893,0.0,0.0,0.0,0.42776000000000003,True,-0.632467,-1.0,-inf,-1.0,0.24,1.24,
1718,11,362,0.0142687,1.75333e-09,0.05134659951203902,0.5067167518296227,0.604491966610133,0.08393950240529953,False,0.128986,0.07451959675711156,0.07451959675711156,-0.46485,0.61736,1.08221,1.7902802018508395
1719,11,308,1.14661e-17,0.000319339,0.8468682978295131,0.28800068691246866,0.9857082439206445,0.004676398703584588,False,0.523825,0.5266757222517559,0.5266757222517559,0.22872,0.87125,0.6425299999999999,0.6518460243817618
1720,11,306,0.0066403,0.00493459,0.13954446034207563,0.16237371743683923,0.7590691013342459,0.11783766543180918,False,0.525195,0.5366538222306279,0.5366538222306279,-0.12321,1.0,1.12321,1.4797203548737383
1721,11,515,0.000217271,4.49091e-05,0.23122667275052333,0.264414132331021,0.9841648672648633,0.008195986632391614,False,-0.189273,-0.20064624657978952,-0.20064624657978952,-0.82921,0.23555,1.06476,1.0818919018711999
1722,11,366,0.0107091,1.19916e-05,0.08574007232624832,0.3447735732430342,0.7419707973292184,0.07718638244971501,False,0.514398,0.5892571771342784,0.5892571771342784,0.00134,1.0,0.99866,1.345955937342486
1723,11,581,2.74872e-05,0.019406,0.2575999040123836,0.0014690287925496466,0.11924503619310291,0.1521766590679012,False,0.379078,1.0,1.9028158167075362,-0.22273,1.0,1.22273,10.253927870170939
1724,11,404,0.0124247,6.12482e-08,0.06616848031045952,0.4216146075608459,0.6831892327823695,0.07739778391669495,False,0.529866,0.6622882714948161,0.6622882714948161,0.08225,1.0,0.91775,1.3433320608147667
1726,11,410,0.0257791,0.000162602,0.0,0.26673511728823923,0.0,0.1667756449844087,True,0.502346,1.0,inf,-0.12252,1.0,1.12252,
1728,11,253,1.7904e-07,0.0321558,0.5220883819334907,0.0,0.0,0.1307797903523525,True,0.0952874,-1.0,-inf,-0.67424,0.69086,1.3651,
1729,11,391,1.54628e-08,0.00126362,0.4515764801327122,0.20978129273609863,0.9632239900472701,0.013508433594523705,False,0.373164,0.37338725999528544,0.37338725999528544,-0.03797,0.78868,0.82665,0.8582115982798895
1730,11,330,3.14929e-05,3.78507e-12,0.34153651312745736,0.6322510887082353,0.9965348371163671,0.0014688663596453817,False,0.0401441,0.0388097156264678,0.0388097156264678,-0.34485,0.35471,0.69956,0.7019925184194149
1731,11,427,0.000281717,1.50709e-05,0.24714045932051282,0.313479652635653,0.9843122630166398,0.007850680749431379,False,0.401205,0.39962350773223976,0.39962350773223976,-0.03077,0.85413,0.8848999999999999,0.8990033277529538
1732,11,290,0.00374479,3.39054e-07,0.18556507363584407,0.47070772509777115,0.9151058277505721,0.029719892297443658,False,-0.1098,-0.15246312291595657,-0.15246312291595657,-0.81433,0.34086,1.15519,1.2623567296468654
1734,11,406,1.27748e-06,0.00452381,0.36884525987050015,0.14723784865788264,0.8975954825644947,0.03525867091704169,False,0.157601,0.13630007220336882,0.13630007220336882,-0.41138,0.63574,1.04712,1.166583411280439
1735,11,461,5.34565e-05,0.00730427,0.2760917442467025,0.10898612287971207,0.8319702224652721,0.059683631914714104,False,0.542348,0.5801462060205325,0.5801462060205325,0.0539,1.0,0.9460999999999999,1.1371801231016918
1736,11,524,8.01745e-09,0.000407387,0.3944789324993457,0.21413922528635165,0.9827588677978438,0.006727150156157215,False,0.335317,0.3343544999803905,0.3343544999803905,-0.05106,0.71258,0.76364,0.7770369976016159
1737,11,510,0.0012771,0.000367979,0.18399954580121822,0.21958749944074266,0.9469209752908472,0.026462137006797348,False,0.530617,0.5324149281183166,0.5324149281183166,0.0331,1.0,0.9669,1.021098935635063
1738,11,416,7.41791e-09,2.04259e-09,0.4478332281086437,0.46711035477544877,0.9999651774610132,2.1492639193160844e-05,False,0.411261,0.411253828263275,0.411253828263275,0.13012,0.68031,0.55019,0.5502091596799138
1739,11,305,0.009044,0.00454597,0.1112860595272594,0.1683556969271226,0.7117241197510373,0.13493297760872813,False,0.770999,0.8936974380097855,0.8936974380097855,0.19387,1.0,0.80613,1.1326439242806412
1740,12,356,0.0149365,4.25132e-06,0.04514238037128175,0.37174089182876585,0.5697877146761929,0.10421527589651508,False,0.600816,0.8715539337061703,0.8715539337061703,0.1151,1.0,0.8849,1.5530345376135104
1742,12,454,6.0475e-07,3.47832e-06,0.36004038180624126,0.33048957766594905,0.9987121170613461,0.0007233774449066551,False,0.477237,0.4771281077045583,0.4771281077045583,0.13262,0.82495,0.69233,0.6932227898036742
1746,12,359,0.0170902,0.0211062,0.023744836038297305,0.0,0.0,0.3929680684396234,True,-0.123147,-1.0,-inf,-1.0,0.62496,1.62496,
1747,12,346,0.00322336,8.46724e-05,0.17885525429065305,0.3086132098099273,0.9188172906198512,0.03508178678290579,False,0.0354362,0.0003857276312846864,0.0003857276312846864,-0.68547,0.52114,1.20661,1.3132208245515258
1749,12,385,0.00500937,0.000137958,0.14466783309939837,0.2797333972375699,0.8804900250415062,0.048875689818428436,False,-0.250606,-0.34013070142879914,-0.34013070142879914,-1.0,0.26291,1.26291,1.4343263002218185
1752,12,380,0.013644,0.000220721,0.05629103981486631,0.2690418975003505,0.625710034442042,0.11438774183028186,False,0.0221453,-0.14742042919694626,-0.14742042919694626,-0.90826,0.60119,1.50945,2.4123794040573543
1754,12,368,2.02026e-06,0.000120912,0.3799157678608323,0.2897767037037338,0.9914575246551182,0.004278824947600383,False,0.509255,0.509327089153978,0.509327089153978,0.131,0.91739,0.78639,0.7931655975615783
1755,12,354,0.00179678,0.000199881,0.20552264260518585,0.2818378956351438,0.9423060077555863,0.0280729669445278,False,0.000389479,-0.02937844788920023,-0.02937844788920023,-0.75594,0.48046,1.2364,1.3121003048095765
1757,12,244,0.000222325,1.42858e-05,0.3385883016323634,0.42386015634876845,0.9867117744010844,0.007215266387407727,False,0.273251,0.2696184848651178,0.2696184848651178,-0.21337,0.69671,0.91008,0.9223362116585684
1758,12,292,0.00157869,2.00475e-07,0.23247653745143285,0.47980515927373124,0.9573603154468211,0.016511132604922943,False,0.198476,0.1900693651691109,0.1900693651691109,-0.3098,0.63305,0.94285,0.9848434124407499
1760,12,324,0.0080219,0.0330149,0.11964907184284565,0.0,0.0,0.2828840806115488,True,0.447303,1.0,inf,-0.48852,1.0,1.48852,
1763,12,376,8.90349e-11,3.04454e-05,0.5415245694159284,0.3196431264344035,0.996580645638436,0.0014904780973570926,False,0.386344,0.3861739876115049,0.3861739876115049,0.05584,0.717,0.66116,0.663428497125231
1764,12,465,0.0156848,0.00109428,0.03425020255044944,0.19760280243161166,0.5099552106247143,0.15359238800254554,False,0.493677,0.6668911404608221,0.6668911404608221,-0.1671,1.0,1.1671,2.288632365517471
1766,12,315,0.0050359,7.3274e-07,0.1587070230942775,0.43425708019587916,0.8884118456372051,0.03764279145088015,False,0.729712,0.7789959262111591,0.7789959262111591,0.32596,1.0,0.67404,0.7587021754719525
1770,12,293,1.03666e-05,0.000319274,0.3917540669651371,0.2955632788757856,0.9839866702296698,0.008160463159836524,False,0.601315,0.6028074919975459,0.6028074919975459,0.19639,1.0,0.8036099999999999,0.8166878925427224
1771,12,175,0.00018464,0.00344722,0.4125178207409578,0.2453586002626122,0.9148997696834908,0.04051721591887136,False,0.157947,0.12835262175413314,0.12835262175413314,-0.5568,0.7069,1.2637,1.3812441995008662
1775,12,114,0.0155277,0.000164105,0.06241664778294778,0.5284332780989355,0.542993191077726,0.1281659014926793,False,0.165021,0.06787396069216108,0.06787396069216108,-0.66962,0.84565,1.5152700000000001,2.790587478624753
1778,12,136,0.0216916,0.000990741,0.0,0.377408654435213,0.0,0.19181360229743113,True,1.0,1.0,inf,0.48298,1.0,0.51702,
1780,12,162,0.00234661,0.00173997,0.286235841178889,0.3078432274484737,0.9031645309849111,0.05355442493083957,False,-0.0765657,-0.14407134078764378,-0.14407134078764378,-1.0,0.49787,1.49787,1.6584685830903432
1781,12,193,0.00207159,0.0291271,0.2700329591535183,0.0,0.0,0.21132193740457247,True,-0.354411,-1.0,-inf,-1.0,0.3218,1.3218,
1786,12,275,0.020647,3.09567e-08,0.0,0.5347808716077042,0.0,0.12646475681230573,True,0.376863,1.0,inf,-0.15488,1.0,1.15488,
1787,12,149,0.000104434,0.0357023,0.4763210223280718,0.0,0.0,0.1604319221223728,True,0.460467,1.0,inf,-0.23888,1.0,1.23888,
1788,12,268,1.79919e-08,0.00207035,0.5536642153584582,0.22863085579411974,0.9481135393276434,0.018633366711788387,False,0.194077,0.1850449614005384,0.1850449614005384,-0.29451,0.60048,0.89499,0.9439692219084689
1790,12,453,0.0297915,3.02955e-05,0.0,0.290302464186229,0.0,0.15376741448605533,True,0.26987,1.0,inf,-0.47212,0.95105,1.4231699999999998,
1791,12,348,0.000429685,3.44798e-07,0.26110226649178203,0.42571699443076977,0.9823021582271227,0.007711077495853311,False,-0.134793,-0.1450715304881823,-0.1450715304881823,-0.72048,0.26109,0.98157,0.9992546506988806
1792,12,347,0.0458789,7.70464e-05,0.0,0.31058337401264136,0.0,0.15967897974554604,True,0.079322,-1.0,-inf,-0.94341,0.75834,1.70175,
1793,12,301,0.0334988,0.00967321,0.0,0.10487610721980237,0.0,0.3014193879206618,True,-0.0188003,-1.0,-inf,-1.0,0.80785,1.80785,
1794,12,321,1.11888e-09,4.824e-05,0.549522875109337,0.33581366049965866,0.9955276350914699,0.0020133646813432667,False,0.357202,0.3567843049239128,0.3567843049239128,0.00613,0.68886,0.6827300000000001,0.6857971350411285
1796,12,213,0.0137745,0.00370125,0.0702279570062142,0.21696126002034075,0.5772740149485032,0.17084744657339163,False,-0.152603,-0.5603066103750498,-0.5603066103750498,-1.0,0.51353,1.51353,2.621857143760433
1799,12,135,0.0125292,0.039464,0.10515631788265807,0.0,0.0,0.3356881282283547,True,0.694713,1.0,inf,-0.17131,1.0,1.17131,
1800,12,390,0.0331137,1.10406e-05,0.0,0.33512150063579005,0.0,0.14764821512432907,True,0.2541,1.0,inf,-0.45011,0.94327,1.39338,
1801,12,304,0.0409403,0.00704263,0.0,0.13496627277479326,0.0,0.27208618337832724,True,-0.380068,-1.0,-inf,-1.0,0.38327,1.38327,
1802,12,250,0.00520001,7.58594e-05,0.17480019709631323,0.3698649664593558,0.8815496004497895,0.04793225064222365,False,-0.093241,-0.16014215260286366,-0.16014215260286366,-0.90882,0.4346,1.34342,1.5239301331593278
1804,12,426,0.000777681,0.000184032,0.21770027989570595,0.2584943317124581,0.9636794102346915,0.01857444657134868,False,0.338603,0.33209026781086104,0.33209026781086104,-0.19445,0.8429,1.03735,1.0764471970479965
1805,12,266,0.000673464,0.000148254,0.2822410722093961,0.33695715001286414,0.9682889944033207,0.017091205243179433,False,0.718734,0.7246212637056637,0.7246212637056637,0.30816,1.0,0.69184,0.7144974320670926
1806,12,188,0.00823739,0.00447391,0.15110725866813732,0.21474057797759485,0.7382085216541671,0.12837941535587538,False,0.262807,0.18209974648206612,0.18209974648206612,-0.64304,1.0,1.64304,2.2257125890639946
1807,12,231,0.000131034,0.0023838,0.36750491495497,0.23790493078975858,0.9350177444529182,0.031156098056887613,False,0.497371,0.49861610082693797,0.49861610082693797,-0.00376,1.0,1.00376,1.0735197336680526
1809,12,214,0.00019764,0.0450536,0.36757377810700304,0.0,0.0,0.16756621615980966,True,0.406535,1.0,inf,-0.38751,1.0,1.38751,
1810,12,306,0.0274072,0.000319571,0.0,0.28894954845506143,0.0,0.17391428649170487,True,0.639554,1.0,inf,0.04658,1.0,0.95342,
1811,12,355,0.000299956,3.52284e-08,0.2695882283929461,0.46198072706363263,0.9860844712805578,0.0058939475892038785,False,0.140255,0.1362571425917609,0.1362571425917609,-0.32013,0.49883,0.81896,0.8305170843391084
1812,12,472,9.37956e-05,8.90257e-05,0.26083223654274945,0.2619726284571805,0.9866317790000732,0.00721293363440694,False,0.479714,0.47890314950574686,0.47890314950574686,0.05434,0.92804,0.8736999999999999,0.8855380686049594
1813,12,258,0.00583063,8.1578e-06,0.1627141266861328,0.42590586220438936,0.8718420931296118,0.04572845843664484,False,0.608319,0.6452894922105098,0.6452894922105098,0.13797,1.0,0.86203,0.9887455616023426
1815,12,143,0.00200666,0.00283742,0.3176906021707555,0.2892913042403854,0.8907670139545764,0.06061619641195302,False,-0.338366,-0.447908589071641,-0.447908589071641,-1.0,0.26229,1.2622900000000001,1.4170821103893831
1817,12,111,0.00574639,0.000123565,0.2477393666550681,0.5520037298393797,0.8766615703046199,0.05423813965757002,False,0.959343,1.0,1.0324450061474995,0.52963,1.0,0.47036999999999995,0.5365468453653753
1821,12,337,2.81167e-07,0.00184122,0.43710413570879525,0.2094675216163291,0.9516831793070999,0.018325160130473347,False,0.0722131,0.0566238229709611,0.0566238229709611,-0.4949,0.49535,0.9902500000000001,1.0405248527361592
1822,12,281,0.0272829,0.0037836,0.0,0.18776771119636815,0.0,0.2345350444145712,True,-0.219063,-1.0,-inf,-1.0,0.47899,1.47899,
1826,12,245,0.00720307,0.0140841,0.14720137539687195,0.06251036256722368,0.5152610338945309,0.21028672384722177,False,-0.0420104,-0.4896491433483104,-0.4896491433483104,-1.0,0.67347,1.67347,3.2478101193705706
1827,12,306,0.0189979,0.000399446,0.004426601914376598,0.2814299063505876,0.18154918216879942,0.17242806259535842,False,0.680646,1.0,2.799340274263062,0.10608,1.0,0.89392,4.923844818914458
1829,12,427,0.0456588,0.000236274,0.0,0.2517859411856503,0.0,0.170861218608046,True,0.342507,1.0,inf,-0.45647,1.0,1.45647,
1830,12,390,1.21235e-06,2.45947e-07,0.37779058930176157,0.4061796228796262,0.9992936311533673,0.00041250036772175376,False,0.0998603,0.09951809611505011,0.09951809611505011,-0.29347,0.4153,0.70877,0.7092710069431244
1831,12,300,5.51935e-05,0.0359474,0.3444322608802928,0.0,0.0,0.1567573899680602,True,0.482715,1.0,inf,-0.16258,1.0,1.16258,
1832,12,310,0.0253523,0.0245994,0.0,0.0,0.0,0.42776000000000003,True,-0.573718,-1.0,-inf,-1.0,0.19917,1.19917,
1833,12,352,3.58797e-07,0.0388246,0.42234343798668444,0.0,0.0,0.13400515222656192,True,0.195547,1.0,inf,-0.52332,0.82968,1.353,
1834,12,321,2.49742e-06,0.00545037,0.40440432551956534,0.1516383040853078,0.8792054599130301,0.0414795773115397,False,-0.446952,-0.5555374705701381,-0.5555374705701381,-1.0,0.02543,1.02543,1.1663144131309584
1835,12,291,6.61463e-05,0.00618063,0.34500815593871914,0.14890201261859184,0.8598835128176594,0.05360918407451808,False,0.267067,0.24824038691708955,0.24824038691708955,-0.37832,0.84764,1.22596,1.425727998880667
1836,12,291,0.0317664,0.000217608,0.0,0.3093176851524168,0.0,0.169193480123052,True,-0.387026,-1.0,-inf,-1.0,0.23061,1.23061,
1837,12,280,0.0169722,0.000196164,0.027230580326420086,0.31901709261420746,0.43185093841852834,0.14324105457417283,False,-0.065996,-0.48451221465539746,-0.48451221465539746,-1.0,0.51598,1.5159799999999999,3.510424234694583
1838,12,252,0.00945292,0.000749269,0.1164108277312542,0.2856842848334449,0.7640783097043389,0.09473531349593424,False,-0.0805474,-0.22940412163219254,-0.22940412163219254,-1.0,0.51004,1.51004,1.976289577679953
1839,12,266,1.06228e-05,0.00276773,0.4121470756004081,0.212870534856617,0.933012019567631,0.027487249137528955,False,0.325809,0.31974052274344433,0.31974052274344433,-0.21428,0.84627,1.0605499999999999,1.136694895411392
1840,12,199,8.90928e-09,0.00205573,0.672939992157223,0.2663311608243217,0.949622120183716,0.018339985769945492,False,0.292358,0.28855479290756453,0.28855479290756453,-0.16961,0.73097,0.90058,0.9483561733226812
1841,12,360,6.18909e-07,8.42896e-05,0.4071084325288259,0.30241832681106773,0.9933646072734982,0.003281981599338861,False,-0.0108459,-0.014222251825657305,-0.014222251825657305,-0.50217,0.36405,0.86622,0.8720061029529996
1842,12,281,0.0170107,0.00342736,0.026767009383662638,0.19415933606760427,0.3977447427010178,0.20138039118160156,False,-0.698294,-1.0,-2.2619391146997034,-1.0,-0.05161,0.94839,2.3844186941595824
1843,12,297,0.00644365,0.000527313,0.14404136888350308,0.2758647826673217,0.841169384124448,0.0683406181426191,False,-0.013895,-0.0977634465717224,-0.0977634465717224,-0.91603,0.53953,1.45556,1.7304005916894558
1845,12,370,0.00172199,2.20951e-07,0.2029254668622903,0.4198002968604562,0.9538351526820334,0.017420206171635817,False,0.0769595,0.062420947331359215,0.062420947331359215,-0.48816,0.4838,0.9719599999999999,1.0190020752191848
1846,12,445,0.0333115,5.86757e-05,0.0,0.2791177137976626,0.0,0.15820533773728893,True,0.196856,1.0,inf,-0.61174,0.86659,1.47833,
1847,12,312,0.0122541,1.13148e-05,0.07560785002997364,0.376700076061073,0.6898378951184331,0.08765334544481497,False,0.0480838,-0.05736064331174728,-0.05736064331174728,-0.69522,0.57811,1.27333,1.8458394486742304
1848,12,400,4.37171e-05,0.00189928,0.3015199579664649,0.1912430603867597,0.9461789080447564,0.023878248807726172,False,-0.250615,-0.29010713140388666,-0.29010713140388666,-1.0,0.21875,1.21875,1.2880756373215947
1849,12,286,2.12001e-05,8.40804e-13,0.37889576188451934,0.7114077483886333,0.997280891017982,0.0011754762372268373,False,0.307374,0.30703338098679367,0.30703338098679367,-0.02425,0.61182,0.63607,0.6378042592902055
1850,12,267,7.41938e-05,0.0170693,0.3577602972486115,0.026608220770898843,0.4260402940004575,0.1359789905817962,False,0.157373,0.05021592961857465,0.05021592961857465,-0.64781,0.7608,1.40861,3.3062835131704404
1851,12,329,4.77196e-06,5.9871e-06,0.3852881311272146,0.3803531739392507,0.997564925616073,0.0014396608729189677,False,0.640068,0.6401872426826545,0.6401872426826545,0.29988,1.0,0.7001200000000001,0.7018290058340033
1852,12,597,0.00517516,4.75959e-06,0.11688074599484971,0.28229248170915505,0.8823240729918777,0.04050935618199309,False,0.462116,0.477836496502219,0.477836496502219,-0.01389,1.0,1.01389,1.1491129291780453
1853,12,274,0.00127402,1.13404e-06,0.250356116671281,0.4589274030118519,0.9633896046902465,0.015281737415295277,False,0.597101,0.6039293550108151,0.6039293550108151,0.19527,1.0,0.80473,0.8353110684215245
1860,12,258,0.0371559,0.00797472,0.0,0.13357532920765547,0.0,0.2826254515090345,True,0.0979461,-1.0,-inf,-1.0,0.94279,1.94279,
1871,13,206,0.00174749,0.000665955,0.2716606431357112,0.32298553084573955,0.9335712677821267,0.035987162396599895,False,-0.0944411,-0.13970895088326424,-0.13970895088326424,-0.93785,0.43788,1.37573,1.4736207587753893
1873,13,459,4.4116e-05,4.29719e-05,0.2807070243340182,0.28124941240723994,0.9914713092543472,0.00467326864689049,False,0.0327925,0.028361114528121904,0.028361114528121904,-0.48958,0.42522,0.9148000000000001,0.9226691599255564
1874,13,519,0.0203361,2.89692e-09,0.0,0.40986092567202315,0.0,0.12385981903756654,True,-0.0260844,-1.0,-inf,-0.74206,0.43852,1.18058,
1875,13,460,0.0234684,0.00262216,0.0,0.16547061832576038,0.0,0.21947991632588057,True,-0.0461241,-1.0,-inf,-1.0,0.61154,1.61154,
1877,13,276,0.040121,0.0396938,0.0,0.0,0.0,0.42776,True,0.202616,-1.0,-inf,-1.0,1.0,2.0,
1881,13,242,3.79839e-11,0.000258923,0.712377053148685,0.33451199379601937,0.9877161655025657,0.004890932002418632,False,0.530608,0.5322552028194133,0.5322552028194133,0.19736,0.92284,0.72548,0.734502507236848
1882,13,194,0.000260087,0.035344,0.37608513562290086,0.0,0.0,0.17058061722996926,True,0.681955,1.0,inf,0.05191,1.0,0.94809,
1883,13,359,5.96737e-05,2.27193e-05,0.31147333853988707,0.3341842172761092,0.992037641583097,0.004457168235711827,False,0.422073,0.42096772769413804,0.42096772769413804,0.00481,0.82874,0.82393,0.830543081697152
1884,13,237,4.65228e-05,0.000719732,0.39598388367033055,0.2967199095535115,0.9718187836992629,0.014641608083642154,False,0.0256773,0.011355709625564234,0.011355709625564234,-0.61809,0.482,1.10009,1.1319908798350946
1885,13,228,0.00704941,0.0356033,0.15450466435499802,0.0,0.0,0.27242978760487047,True,-0.0310268,-1.0,-inf,-1.0,0.78851,1.78851,
1887,13,387,1.94169e-05,2.38135e-10,0.3246440127353836,0.5184543312038233,0.9973784697670947,0.001180730973438824,False,0.154334,0.15355582025178982,0.15355582025178982,-0.21084,0.46654,0.67738,0.6791604396254713
1889,13,236,0.00132062,0.00216739,0.26836853823547496,0.24107949724023808,0.9115090140648621,0.04712938816812159,False,-0.38441,-0.47343403247728455,-0.47343403247728455,-1.0,0.16045,1.16045,1.2731086386353865
1891,13,228,0.000390521,0.0369882,0.3290431951417444,0.0,0.0,0.17616832865518367,True,-0.0359072,-1.0,-inf,-1.0,0.65557,1.65557,
1892,13,239,0.0245279,0.0035857,0.0,0.20716205094933476,0.0,0.23209882746240315,True,0.164419,-1.0,-inf,-0.91375,0.94816,1.86191,
1893,13,258,0.00275145,3.11174e-07,0.21649280041347227,0.5041004897300696,0.9349740202738678,0.02399252345663338,False,0.506215,0.5157602950316379,0.5157602950316379,0.06625,1.0,0.93375,0.9986908510318723
1894,13,372,0.00184306,0.00125658,0.1994613839198683,0.21523630051170053,0.9165266725849078,0.0429290315627274,False,0.15174,0.11872100582778432,0.11872100582778432,-0.58612,0.69981,1.28593,1.403047001756373
1895,13,329,0.0152972,4.34175e-05,0.042900138351880515,0.33413685763560036,0.5481536079304482,0.11694391974131745,False,0.153108,0.06597435415087367,0.06597435415087367,-0.61752,0.74742,1.3649399999999998,2.4900684411315384
1896,13,179,0.0304761,0.000355171,0.0,0.37858910499947307,0.0,0.1744857256410554,True,0.42109,1.0,inf,-0.33317,1.0,1.33317,
1898,13,201,0.000184403,0.0389308,0.3828628763630449,0.0,0.0,0.1666938862764324,True,0.25956,1.0,inf,-0.58087,1.0,1.58087,
1899,13,212,0.000296627,0.00371431,0.3533726035779395,0.21720012239261596,0.9052274797674288,0.04492750752498814,False,0.264717,0.24280028764866948,0.24280028764866948,-0.41949,0.84595,1.26544,1.3979248622955158
1902,13,153,0.00340925,0.0231568,0.26359883642245696,0.0,0.0,0.2299045942991906,True,0.570455,1.0,inf,-0.18864,1.0,1.18864,
1905,13,216,0.00131546,0.0402686,0.281088199443809,0.0,0.0,0.19870485012660463,True,0.0954626,-1.0,-inf,-1.0,0.89201,1.89201,
1906,13,289,0.00141731,0.000311446,0.23878289975192818,0.2985318118388532,0.9471846839441367,0.027344335626201945,False,0.105249,0.08224865297588863,0.08224865297588863,-0.58281,0.61173,1.19454,1.2611479263218872
1907,13,257,0.00252253,0.00221461,0.2221505256297571,0.22971408545015393,0.8876557290981584,0.058876458299954054,False,0.440231,0.42961987310947114,0.42961987310947114,-0.21164,1.0,1.21164,1.3649886552650359
1911,13,349,0.00174549,6.50983e-05,0.20826179136226455,0.31392654401317294,0.9485047620470473,0.02379737348084569,False,-0.0625913,-0.09107879784852434,-0.09107879784852434,-0.81114,0.40075,1.21189,1.2776846764422343
1912,13,342,0.0363126,0.00159673,0.0,0.21430775120987416,0.0,0.203970454572461,True,-0.0365903,-1.0,-inf,-1.0,0.68604,1.68604,
1913,13,414,4.18639e-08,1.91639e-06,0.42214966748324906,0.3577896475368957,0.9992642465041841,0.0004022920510242457,False,0.247861,0.24764091061466753,0.24764091061466753,-0.10856,0.56772,0.67628,0.6767779417365237
1914,13,447,0.00184979,0.00442946,0.18227651080386592,0.14195195813224662,0.8549787490298967,0.06994816937026196,False,0.306153,0.27626982646966175,0.27626982646966175,-0.39643,0.94494,1.34137,1.5688927958992995
1915,13,215,0.000653761,0.0201824,0.31667708381585324,0.0,0.0,0.1841988239094903,True,0.0707243,-1.0,-inf,-0.93817,0.74654,1.68471,
1916,13,268,0.00613662,0.0007086,0.15545827331790724,0.2790624262605787,0.8448942592844935,0.06941711847224738,False,0.442755,0.44187527305951546,0.44187527305951546,-0.19152,1.0,1.19152,1.4102593157740824
1917,13,196,0.0425466,0.000236058,0.0,0.3780553442574209,0.0,0.16943569744102316,True,0.312755,1.0,inf,-0.53944,1.0,1.53944,
1919,13,297,2.96142e-05,0.000269775,0.3627832444051589,0.2990904791070143,0.9839008836295858,0.008629569913866632,False,0.480133,0.47921842324886316,0.47921842324886316,0.04088,0.94591,0.90503,0.9198385884779033
1921,13,171,0.00266581,0.00678113,0.2688461376033977,0.18187922789601993,0.8016495496730623,0.0987733788593343,False,0.698788,0.7484749681271202,0.7484749681271202,0.09999,1.0,0.90001,1.1226975682416986
1922,13,164,0.013538,0.00298199,0.08198988536837157,0.26568658848603793,0.5999667726631877,0.16084975963693235,False,0.488584,0.5462539848803473,0.5462539848803473,-0.29206,1.0,1.29206,2.1535525946956784
1923,13,250,0.000262868,0.000532213,0.32827209768304777,0.30124585046331914,0.968072275984961,0.01779253859642005,False,0.341927,0.3348246504361368,0.3348246504361368,-0.1987,0.84318,1.04188,1.0762419561493417
1924,13,119,0.000168041,0.0274134,0.514698246191014,0.0,0.0,0.1646631220937719,True,0.078509,-1.0,-inf,-0.88195,0.76981,1.65176,
1928,13,192,1.6214e-05,1.91784e-05,0.4794030555400162,0.47394758977934487,0.9952440489181241,0.0030031681968403627,False,0.0969078,0.09435337182396446,0.09435337182396446,-0.40375,0.4884,0.89215,0.8964132977934486
1933,13,429,0.000239732,5.06467e-05,0.2508146205137839,0.2876293417346652,0.9832366080597111,0.008821727440620701,False,0.0497931,0.041669901449490315,0.041669901449490315,-0.51245,0.47631,0.98876,1.0056175613224863
1935,13,228,0.00248831,0.0295605,0.23678478086087468,0.0,0.0,0.21750091099860544,True,0.621731,1.0,inf,-0.08009,1.0,1.08009,
1936,13,254,0.00425431,1.43593e-05,0.1889164448702833,0.41456440011707524,0.903987620736426,0.03732746461504295,False,0.250115,0.23538766516693163,0.23538766516693163,-0.3164,0.76531,1.0817100000000002,1.1965982444746246
1937,13,391,0.0165141,0.0475472,0.028591930063811513,0.0,0.0,0.384685676397829,True,-0.0561033,-1.0,-inf,-1.0,0.845,1.845,
1940,13,521,4.4537e-07,9.39105e-09,0.3395200658698303,0.39358704562612357,0.9996923307873377,0.00016676402042294845,False,0.29305,0.29297337486715347,0.29297337486715347,-0.03112,0.59308,0.6242000000000001,0.6243921062277158
1941,13,440,0.00379875,4.66777e-07,0.15122001287600573,0.3703385573611393,0.9121921709637706,0.030174847885775666,False,0.470028,0.4821935181152677,0.4821935181152677,0.03618,1.0,0.96382,1.0565975357820516
1945,13,618,9.39695e-06,0.000819446,0.2670740963526957,0.18048963311087315,0.9706906603954485,0.012841193878175885,False,-0.313152,-0.33583633507442,-0.33583633507442,-1.0,0.10636,1.10636,1.1397657823855867
1946,13,253,0.0325392,1.3229e-05,0.0,0.417664688440261,0.0,0.14734321214734905,True,-0.653739,-1.0,-inf,-1.0,-0.06301,0.93699,
1947,13,259,0.00275165,0.000529823,0.2160707647263263,0.2959297194581199,0.9164503174973695,0.041882105070720994,False,0.130962,0.09720100831274435,0.09720100831274435,-0.61004,0.67933,1.28937,1.4069175113834806
1948,13,547,0.00296444,1.47324e-07,0.14761773117881127,0.3466945123008094,0.9283354640175286,0.024587050555042313,False,0.239247,0.2312310126729194,0.2312310126729194,-0.24172,0.68114,0.92286,0.9941018476297
1950,13,333,4.04582e-07,0.000533816,0.43295337913035203,0.25972772162609026,0.97965155156523,0.008786567004376529,False,0.412222,0.41181523405034975,0.41181523405034975,0.00134,0.84296,0.84162,0.8591013801338943
1952,13,301,0.0269239,1.02345e-07,0.0,0.4852516326970437,0.0,0.12984986952795236,True,0.00782668,-1.0,-inf,-0.77434,0.57292,1.34726,
1957,14,541,0.000332852,0.0423895,0.21576516417993266,0.0,0.0,0.1755029421113331,True,-0.153995,-1.0,-inf,-1.0,0.48196,1.48196,
1958,14,309,0.0195717,1.31284e-06,0.0,0.42662878466561727,0.0,0.13785747709814905,True,0.126879,-1.0,-inf,-0.59946,0.6852,1.2846600000000001,
1960,14,220,0.0110746,0.0193902,0.1029630880576739,0.0,0.0,0.31786856522398094,True,0.0192516,-1.0,-inf,-1.0,0.81496,1.8149600000000001,
1963,14,467,3.72182e-07,2.0448e-10,0.36242846379780497,0.4695170131092033,0.999745129569985,0.0001310769608154813,False,0.427677,0.4276549196324492,0.4276549196324492,0.14204,0.71116,0.5691200000000001,0.5692650888379848
1965,14,504,0.000106281,3.34328e-06,0.2497002165598148,0.31367042430942516,0.9917057208153851,0.004118947811167686,False,0.465838,0.4655807085686717,0.4655807085686717,0.08641,0.86848,0.78207,0.7886109594658569
1966,14,677,1.57344e-05,0.000535287,0.24752579259325755,0.18324691221908693,0.9769089255247896,0.010619801619096434,False,-0.0300879,-0.0416699044869802,-0.0416699044869802,-0.5992,0.38108,0.9802799999999999,1.0034507561422878
1967,14,183,0.000223055,0.0189194,0.39468600418635524,0.005600955671136562,0.18809181889626875,0.16424268757433397,False,-0.0746105,-1.0,-1.2698754734572466,-1.0,0.54869,1.5486900000000001,8.233691444358307
1968,14,181,1.40237e-06,0.00498292,0.5720983613214913,0.20878955179663403,0.8933892552452682,0.03813875560842999,False,0.274859,0.26496876137891495,0.26496876137891495,-0.2791,0.80215,1.08125,1.2102787151868724
1971,14,283,0.000929648,0.0166168,0.2601652023312189,0.03105477438701752,0.45033118320909066,0.16076863654207282,False,0.270198,0.24299752612760697,0.24299752612760697,-0.50865,0.99692,1.50557,3.343250603414149
1972,14,103,0.00283882,0.0309154,0.3426685140077679,0.0,0.0,0.2222905121887642,True,0.535127,1.0,inf,-0.2974,1.0,1.2974,
1976,14,251,0.00806042,1.55469e-07,0.13419350111793918,0.5275753183613882,0.821461138066355,0.052712406707876004,False,0.538103,0.5908868609836971,0.5908868609836971,0.08773,1.0,0.91227,1.1105455361496477
1979,14,249,1.68131e-05,0.0169357,0.41473791420885586,0.028871495122312203,0.43885923226048834,0.1259076885842841,False,0.718258,1.0,1.349750142806889,0.21958,1.0,0.78042,1.7782923147821021
1980,14,180,0.00558724,1.14696e-05,0.19808663024264136,0.5083748495076128,0.8797982561609401,0.04507327664202581,False,0.821154,0.8821121409633791,0.8821121409633791,0.40368,1.0,0.59632,0.6777917503520445
1982,14,247,0.000143345,0.000644737,0.35159778089361454,0.2951471080209331,0.9693018288325527,0.016728020409804246,False,0.353479,0.3474160159130058,0.3474160159130058,-0.1831,0.86342,1.04652,1.0796637010996364
1983,14,303,0.00796894,0.000332888,0.12402224947996829,0.28906489266843405,0.8097440493832612,0.07496143650695465,False,0.488072,0.5101742505025997,0.5101742505025997,-0.09486,1.0,1.09486,1.3521062622613855
1985,14,381,0.00149388,7.21998e-09,0.2058796868441188,0.4702961831787369,0.9585336798339426,0.014802102034926604,False,-0.0346172,-0.051557188938304244,-0.051557188938304244,-0.58662,0.35077,0.9373900000000001,0.9779416411976202
1989,14,264,0.000337664,1.3404e-09,0.310047640864476,0.6102047467760262,0.9853398878718983,0.005977724875072083,False,0.0845609,0.07975235357075519,0.07975235357075519,-0.37374,0.4581,0.83184,0.8442163057019625
1992,14,205,0.00283202,0.00345333,0.24096518553905072,0.22647423245138196,0.8615251939281177,0.07294671840630684,False,0.469271,0.4600263397831183,0.4600263397831183,-0.1782,1.0,1.1782,1.367574631947797
1993,14,389,4.17516e-05,0.0230852,0.30696060209230075,0.0,0.0,0.15543001288800476,True,0.764081,1.0,inf,0.25974,1.0,0.7402599999999999,
1994,14,347,0.00175367,2.31441e-05,0.20864647549686374,0.33980283447667553,0.9507516758091049,0.02167361576781136,False,0.311786,0.30514001880175323,0.30514001880175323,-0.2256,0.80293,1.02853,1.0818071912675877
1996,14,252,3.2652e-05,1.12284e-08,0.3934343959525974,0.5831212732687652,0.9964836179198291,0.001741558751179599,False,0.429129,0.4288956020581618,0.4288956020581618,0.07457,0.77648,0.7019099999999999,0.7043868934496335
1999,14,319,0.00369855,0.001234,0.17791719399511022,0.23318643442747924,0.8825234156110799,0.05815549081066525,False,0.171282,0.12818527779345468,0.12818527779345468,-0.57648,0.77201,1.34849,1.5279934516709381
2001,14,305,5.18711e-07,0.000231986,0.4491342847221569,0.2998106448528884,0.9880394751308382,0.005601729353282573,False,0.489195,0.4894473174593343,0.4894473174593343,0.09627,0.90237,0.8061,0.8158580909869563
2002,14,280,0.000659725,1.08404e-15,0.27569113458977973,0.8272235219024234,0.9771284527411295,0.007415087657568045,False,0.122999,0.1182893733348829,0.1182893733348829,-0.27993,0.47088,0.75081,0.7683841340345373
2003,14,169,0.00181307,0.000443019,0.2983699402100003,0.3796469622450337,0.9385653966752275,0.03354271095820682,False,-0.0405116,-0.07890159942028195,-0.07890159942028195,-0.87335,0.48793,1.3612799999999998,1.4503837503728518
2004,14,288,0.00624501,0.00429746,0.1487762607181747,0.17700097594134787,0.7790391284914833,0.10887878972874009,False,0.261184,0.19550392875153894,0.19550392875153894,-0.55679,0.96472,1.5215100000000001,1.9530597942445118
2005,14,332,0.00817478,3.95533e-08,0.1166106120693018,0.4772098343702982,0.8162940233366144,0.05193279939254882,False,-0.162199,-0.26232190028451,-0.26232190028451,-0.94042,0.28437,1.22479,1.5004274991425908
2007,14,283,0.00390501,0.000280976,0.1850277001647351,0.30533873051271715,0.9000677288966437,0.04560043127135099,False,0.242834,0.21913191907283422,0.21913191907283422,-0.40612,0.81262,1.21874,1.354053657155338
2008,14,301,1.24439e-05,1.43827e-09,0.3817380277020266,0.5652715043028019,0.9980005100247165,0.0009771274508913062,False,0.0896822,0.08888279280229208,0.08888279280229208,-0.30272,0.42066,0.7233799999999999,0.7248292888969413
2009,14,502,0.0035573,1.84138e-05,0.14536613713280644,0.28473584111976674,0.9145110155961067,0.03306887901017296,False,0.430657,0.434754873598397,0.434754873598397,-0.04682,0.98469,1.03151,1.1279361127516103
2010,14,390,0.00371042,2.9323e-07,0.16136739614580123,0.40312732769916837,0.9144562253508622,0.029356715397546765,False,0.237924,0.2280779318030552,0.2280779318030552,-0.3,0.69322,0.99322,1.0861318152423507
2011,14,425,0.0012094,3.73998e-06,0.20293951647935826,0.3408028847626848,0.9632815522847614,0.015412388212787618,False,0.429871,0.43025698021951925,0.43025698021951925,0.00442,0.91096,0.90654,0.9410955684242277
2012,14,329,2.02594e-05,0.00507422,0.3526777452225275,0.15492749467247893,0.8852694842527552,0.042977273460641174,False,0.00867348,-0.03874954922861323,-0.03874954922861323,-0.70388,0.50233,1.20621,1.362534258162244
2016,14,292,5.03869e-05,1.40582e-05,0.351905199893179,0.3850103863855507,0.9933116214514062,0.0038443558312051306,False,0.2371,0.23482625102882276,0.23482625102882276,-0.21901,0.62523,0.84424,0.8499246175801448
2018,14,420,1.8279e-07,1.23256e-06,0.3952279491614282,0.3628946131158838,0.9993204441973113,0.00039033263654355123,False,-0.0490038,-0.049427721531523985,-0.049427721531523985,-0.4716,0.28026,0.75186,0.7523712782679233
2019,14,477,0.0135609,3.4362e-06,0.05214675830523229,0.3222906490771376,0.6361054456949591,0.09333513428913927,False,-0.130603,-0.35204561728674083,-0.35204561728674083,-0.96487,0.37519,1.34006,2.1066633041255534
2020,14,505,0.0155624,1.9728e-05,0.03432256147082221,0.2826118824367277,0.5347467074884599,0.11505286452522559,False,-0.0952372,-0.39325172381685725,-0.39325172381685725,-0.97017,0.43699,1.40716,2.6314514522380064
2024,14,222,0.0453477,2.24889e-06,0.0,0.4977302386019673,0.0,0.13882212577917763,True,0.386847,1.0,inf,-0.27405,1.0,1.27405,
2025,14,253,0.043732,0.0049868,0.0,0.17714816086432333,0.0,0.2489586481920271,True,-0.645678,-1.0,-inf,-1.0,0.1104,1.1104,
2026,14,516,4.32606e-06,0.00013285,0.305664440607957,0.24200610123948138,0.990458481378231,0.004704965169028383,False,0.469382,0.4691534714149449,0.4691534714149449,0.07944,0.8782,0.79876,0.8064548035254532
2028,14,370,0.000226939,6.4509e-07,0.27195958792843655,0.4003759136572972,0.9880184922958515,0.005537974561504579,False,0.0822698,0.07766233733155564,0.07766233733155564,-0.40371,0.46899,0.8727,0.8832830628221474
2029,14,178,9.31713e-11,0.00315421,0.8318833987582143,0.2504416138066403,0.9295647938737713,0.02263215715971716,False,0.502469,0.5161951549828613,0.5161951549828613,0.10924,1.0,0.89076,0.95825487999383
2035,15,334,0.0389929,0.0237879,0.0,0.0,0.0,0.42776,True,-0.656094,-1.0,-inf,-1.0,0.15411,1.15411,
2039,15,451,0.00123423,5.74226e-07,0.19643252639677183,0.3621510496220931,0.9633001953704361,0.014471367726247306,False,0.40282,0.4031439359611192,0.4031439359611192,-0.02987,0.85929,0.88916,0.9230352119445739
2041,15,359,0.00203598,0.000372539,0.19849179861361665,0.26146158261462343,0.9325627753831922,0.033327862562760845,False,0.35771,0.3478394656101835,0.3478394656101835,-0.22844,0.91869,1.14713,1.2300834113056267
2044,15,439,0.0271428,4.53894e-06,0.0,0.3315549525645951,0.0,0.14389232196602456,True,0.0930333,-1.0,-inf,-0.67788,0.69012,1.3679999999999999,
2045,15,203,5.04432e-05,0.00450668,0.42796069036029805,0.20611040941639458,0.8983448642946082,0.04219633633250702,False,0.0600531,0.019877403853713053,0.019877403853713053,-0.66317,0.57969,1.24286,1.3834998666975287
2046,15,410,0.000599852,0.00039036,0.23020088233511904,0.24309235754692526,0.9617483132041789,0.02016442340086277,False,-0.0864777,-0.1108836084625632,-0.1108836084625632,-0.83116,0.39531,1.22647,1.2752504820246258
2047,15,481,0.0361727,0.0203806,0.0,0.0,0.0,0.42776,True,-0.27276,-1.0,-inf,-1.0,0.51463,1.51463,
2048,15,444,3.88321e-05,6.87591e-06,0.28819759016585755,0.3220199738615022,0.9945998524825556,0.0029274598047200544,False,0.280385,0.27896398687646734,0.27896398687646734,-0.14445,0.65967,0.80412,0.8084859433599237
2050,15,325,9.41634e-05,6.23923e-07,0.31600839552323584,0.43014976014819994,0.9929635007521043,0.0034996654749243905,False,0.249289,0.24753108683139555,0.24753108683139555,-0.17294,0.61611,0.78905,0.7946414942768257
2051,15,320,0.000812309,4.359e-05,0.24965224003012226,0.33896489653559914,0.9692707456066857,0.015209299687990278,False,0.408504,0.4057635104480934,0.4057635104480934,-0.06997,0.90701,0.97698,1.0079536645754112
2053,15,191,0.0112272,0.000158196,0.10769040048568776,0.39968259417804,0.7260986157011846,0.09316267796465623,False,0.152377,0.08155134957551356,0.08155134957551356,-0.67491,0.75244,1.4273500000000001,1.9657798116329221
2054,15,118,9.01159e-05,0.002198,0.5496730914902919,0.3431997798491027,0.9438571182827844,0.029024750477588727,False,0.11318,0.08916100529656432,0.08916100529656432,-0.59113,0.64115,1.23228,1.3055789654285392
2055,15,289,0.0107027,0.000127186,0.09523794356346713,0.32721357461238215,0.7392496872526169,0.08760746165958644,False,-0.191275,-0.37725069955191814,-0.37725069955191814,-1.0,0.35888,1.35888,1.8381881297105545
2057,15,230,0.00606403,6.57798e-07,0.1683792579683865,0.5191996828748057,0.8687886974550242,0.04329655012405957,False,0.137308,0.10820979848302788,0.10820979848302788,-0.46056,0.62801,1.08857,1.2529744035446015
2058,15,374,0.000143269,1.26911e-06,0.2829446834839055,0.38548863751890744,0.990746587741445,0.004504098555265949,False,0.473414,0.47328944378570537,0.47328944378570537,0.08784,0.88115,0.79331,0.8007193865875115
2059,15,312,0.00338997,0.00653265,0.18511992789730172,0.13962157958477062,0.788009538053179,0.10266764563690699,False,-0.036283,-0.17633117231067053,-0.17633117231067053,-1.0,0.59505,1.59505,2.024150626324472
2060,15,247,0.0171367,6.49068e-07,0.026591199190241034,0.4992985866305374,0.4229165873746297,0.115507940336407,False,0.430179,0.744049935749741,0.744049935749741,-0.11055,1.0,1.11055,2.6259315268148797
2061,15,297,1.00415e-05,0.000189741,0.3896691579459173,0.31035923588207803,0.9880014127588627,0.0063359236750387335,False,0.57662,0.5772097782051938,0.5772097782051938,0.18273,1.0,0.8172699999999999,0.8271951734541372
2062,15,222,6.5762e-05,0.00299791,0.3989972533550376,0.2276189347826022,0.9262003127101831,0.0330915358301467,False,0.438167,0.43735189743625713,0.43735189743625713,-0.09218,1.0,1.09218,1.1792049570833534
2063,15,521,0.00895563,0.000125617,0.08864603743966631,0.24204918587628485,0.7869416977230332,0.07453057363078887,False,0.258163,0.23334946782022112,0.23334946782022112,-0.39735,0.85339,1.25074,1.5893680607075953
2064,15,410,0.00833687,0.0480274,0.10439087811995748,0.0,0.0,0.28602413677151545,True,-0.0483873,-1.0,-inf,-1.0,0.77512,1.77512,
2066,15,493,3.46501e-11,0.00073555,0.47806815799568997,0.20428707447249814,0.9745541840809434,0.00879720726202675,False,0.306619,0.30559798275232386,0.30559798275232386,-0.06844,0.68263,0.7510699999999999,0.7706805965933017
2067,15,452,9.71048e-06,1.38365e-05,0.31267162956208533,0.30599729712313234,0.9961033867755108,0.0021796555393061023,False,0.301832,0.30082454134675657,0.30082454134675657,-0.10055,0.66639,0.7669400000000001,0.7699401590056468
2068,15,302,5.28034e-05,1.15911e-05,0.3444136860858532,0.38276317683455474,0.9933976208440682,0.0037557446992855558,False,0.398797,0.397666802307274,0.397666802307274,-0.01292,0.80661,0.8195300000000001,0.8249768096924406
2069,15,371,0.00100862,0.02642,0.22388503884018893,0.0,0.0,0.19310915138885704,True,0.888186,1.0,inf,0.33848,1.0,0.66152,
2071,15,443,0.0478361,0.00140118,0.0,0.1936062013308047,0.0,0.2007840165156632,True,0.0150428,-1.0,-inf,-1.0,0.75841,1.75841,
2072,15,599,1.08024e-05,0.00408636,0.2690776431895927,0.12806056822689607,0.9041674112532226,0.03526848604443701,False,-0.391799,-0.4723323144908524,-0.4723323144908524,-1.0,0.0717,1.0717,1.1852893464879128
2074,15,207,4.67487e-08,0.00020524,0.6179775937855727,0.3726997634451803,0.9894544713362101,0.004917818380275059,False,0.0778576,0.07371716812924532,0.07371716812924532,-0.38989,0.46345,0.85334,0.8624348312334229
2076,15,362,0.0256942,0.00036781,0.0,0.2607471380540591,0.0,0.17605132316301442,True,0.61364,1.0,inf,0.02176,1.0,0.97824,
2077,15,172,0.0237481,0.0237578,0.0,0.0,0.0,0.4277599999999999,True,0.408336,-1.0,-inf,-0.70391,1.0,1.70391,
2078,15,217,0.000268353,0.0196693,0.3530122421536268,0.0,0.0,0.1711511957912354,True,0.653908,1.0,inf,0.09144,1.0,0.90856,
2079,15,226,0.00011632,0.000974479,0.37599100922244283,0.28982304449412466,0.9632850929696553,0.019414905818103387,False,0.679122,0.684851347743921,0.684851347743921,0.22789,1.0,0.77211,0.8015384081359622
2081,15,415,8.354e-05,0.00153561,0.2812122378298901,0.19635929230238147,0.9514178527283539,0.022713863971211806,False,0.117925,0.10007289200612952,0.10007289200612952,-0.49161,0.58146,1.07307,1.1278640577563137
2083,15,335,8.98925e-05,5.38124e-07,0.31227755944737495,0.4260132252338139,0.9931669735128188,0.003380693326269898,False,0.582445,0.5830482910900542,0.5830482910900542,0.22737,0.97684,0.7494700000000001,0.754626382056518
2084,15,256,0.00232278,4.10702e-05,0.22742610032637112,0.383512528269798,0.9396026765394383,0.02707766854825665,False,0.566992,0.5746198312676702,0.5746198312676702,0.09006,1.0,0.90994,0.9684306172384629
2085,15,176,0.00843731,0.00581022,0.15280848139099443,0.19622499616481004,0.7117273555333792,0.1428072583065761,False,0.129867,-0.018181482285275455,-0.018181482285275455,-0.92572,0.86037,1.78609,2.5095143331416243
2086,15,313,0.00384933,0.00644919,0.17708339416405397,0.14045741421312474,0.7818579345524742,0.10628208607731085,False,0.452572,0.4429064394171573,0.4429064394171573,-0.2769,1.0,1.2769,1.633161145484674
2087,15,337,0.0208003,0.0204923,0.0,0.0,0.0,0.42776,True,0.0506162,-1.0,-inf,-1.0,0.90958,1.90958,
2089,15,440,6.87469e-06,2.78623e-05,0.3235466078363951,0.2963981494147694,0.9953185349035594,0.0025730672591451273,False,0.177873,0.1761244532212398,0.1761244532212398,-0.25742,0.55548,0.8129,0.8167234623825882
2090,15,278,2.07547e-05,1.65308e-06,0.38527055867002424,0.4467607462851789,0.9967126883265331,0.0018827737104400923,False,0.612146,0.6122759682272967,0.6122759682272967,0.27159,0.99865,0.72706,0.7294579556529213
2091,15,494,0.000794458,0.00992232,0.20180778609969885,0.08222338759403998,0.7452815128360671,0.09800282544493204,False,0.682216,0.7838825524222713,0.7838825524222713,0.14277,1.0,0.8572299999999999,1.150209666060182
2092,15,542,0.00686934,0.015109,0.10549265740141982,0.03720448527167345,0.47391329520256353,0.21472787666893178,False,0.426001,0.445805436289278,0.445805436289278,-0.38664,1.0,1.3866399999999999,2.9259360605346845
2095,15,494,0.00595336,2.31714e-05,0.11893754265929748,0.28280404594791386,0.8643648937768538,0.048467034061693136,False,0.169245,0.13973030002475686,0.13973030002475686,-0.4461,0.67832,1.12442,1.3008626427281562
2096,15,450,0.00530762,0.00399009,0.13114678686505368,0.14710064222769292,0.7996742411508942,0.0971538554577743,False,0.326331,0.2865881289516004,0.2865881289516004,-0.41172,1.0,1.4117199999999999,1.7653688556583327
2099,15,358,0.0362044,0.0189072,0.0,0.005388231088078389,0.0,0.419647972932334,True,-0.381739,-1.0,-inf,-1.0,0.41068,1.41068,
2100,15,376,0.000223272,0.0268732,0.2701828351489888,0.0,0.0,0.16996463409847665,True,0.494105,1.0,inf,-0.13964,1.0,1.13964,
2101,15,446,0.048884,0.00263842,0.0,0.16764076361690422,0.0,0.2196972057442563,True,0.0541234,-1.0,-inf,-1.0,0.86282,1.8628200000000001,
2103,16,419,0.0132305,1.13114e-07,0.05786762057484638,0.40355743188932863,0.6508294383205754,0.08361110812250132,False,0.239255,0.2391469757101461,0.2391469757101461,-0.3087,0.79289,1.1015899999999998,1.6925939964279795
2104,16,457,0.0378685,0.000917028,0.0,0.205086106748054,0.0,0.191393353061723,True,-0.437394,-1.0,-inf,-1.0,0.20773,1.20773,
2105,16,559,0.000992938,4.65008e-06,0.1837683830778077,0.2922423118993475,0.9674397079596508,0.013758742662770438,False,-0.0357827,-0.051208816689211886,-0.051208816689211886,-0.62086,0.37872,0.9995799999999999,1.0332220104011791
2106,16,620,0.00535204,1.86921e-07,0.11328118667698937,0.3218054334716763,0.8793986746739989,0.03793892714038882,False,0.261817,0.2545808622495421,0.2545808622495421,-0.23745,0.74111,0.9785600000000001,1.1127603761317486
2107,16,493,0.0165211,9.74931e-05,0.02641330205802719,0.25434035043020525,0.4708402811408588,0.1326786861835693,False,0.0991692,-0.07116953991781437,-0.07116953991781437,-0.70042,0.67633,1.37675,2.924027648322903
2109,16,453,0.00313223,0.0018801,0.15860740493437092,0.1804758661166242,0.8791948981425656,0.05987414810263763,False,0.589075,0.6019152897899892,0.6019152897899892,0.03671,1.0,0.96329,1.0956501249439665
2110,16,381,0.00916765,0.0160634,0.09943090554085861,0.03319011827035715,0.39452411921495667,0.251490404363606,False,0.228575,-0.058083658888090715,-0.058083658888090715,-0.81491,1.0,1.81491,4.60025106604736
2113,16,219,3.25437e-05,7.73391e-08,0.42464224160333824,0.5864828634339376,0.9964563301741989,0.0018752234044398445,False,0.600647,0.600901171946877,0.600901171946877,0.26285,0.97227,0.7094199999999999,0.7119428905388964
2115,16,384,0.0371942,0.0202113,0.0,0.0,0.0,0.42776000000000003,True,0.0977364,-1.0,-inf,-1.0,1.0,2.0,
2116,16,420,2.25474e-05,1.25483e-05,0.3080089259332248,0.31983379116655325,0.995105085671721,0.002741227585789032,False,-0.113509,-0.11682206156882134,-0.11682206156882134,-0.64856,0.27467,0.92323,0.9277713613299409
2117,16,422,2.73272e-07,3.05296e-15,0.38760585220708416,0.6393957538897795,0.9997897936952481,9.717863862876468e-05,False,0.170917,0.17085573631434756,0.17085573631434756,-0.12351,0.43546,0.55897,0.5590875237223945
2118,16,417,8.33849e-05,5.07774e-06,0.2805622747875727,0.3385158717606918,0.9925171188485815,0.0039005854079901922,False,0.0580767,0.05458456440011784,0.05458456440011784,-0.43518,0.43796,0.87314,0.8797228616196858
2122,16,377,0.000576359,0.00202695,0.24139973333760015,0.19398870099006543,0.9274830028356489,0.036363437352840096,False,0.0466474,0.011088033544246237,0.011088033544246237,-0.72356,0.55575,1.27931,1.3793352504452259
2123,16,400,0.0452921,1.55736e-05,0.0,0.3236715129652721,0.0,0.14952644778421523,True,0.386258,1.0,inf,-0.25641,1.0,1.25641,
2124,16,474,0.00873937,0.00241865,0.09425225880930638,0.16655376404178718,0.7503842408736635,0.10976056928758118,False,0.107244,-0.0033537075414206002,-0.0033537075414206002,-0.77297,0.73291,1.5058799999999999,2.006811867806181
2125,16,379,0.00712565,8.61407e-06,0.12096728985832307,0.3453425879734467,0.8399068298489729,0.05351083777436608,False,0.199314,0.1735944476744538,0.1735944476744538,-0.41243,0.7116,1.12403,1.3382793901105872
2126,16,620,0.000125808,0.0011874,0.22215673774044606,0.16995470910942587,0.956205231501954,0.020744832099601148,False,0.127829,0.11198868650006964,0.11198868650006964,-0.49955,0.60377,1.10332,1.1538527124213347
2127,16,328,0.000441847,0.0130647,0.2681944566077735,0.0657111483059375,0.6466302223389587,0.11671022848784651,False,0.187543,0.10954138712530431,0.10954138712530431,-0.64686,0.82647,1.47333,2.2784737692444126
2128,16,294,0.00260127,2.86603e-06,0.2060549028209782,0.4210329154536642,0.9367148198530646,0.02478522375640728,False,0.426673,0.42903962628309206,0.42903962628309206,-0.04794,0.9385,0.98644,1.0530846519058334
2129,16,91,0.0228558,2.11176e-05,0.0,0.7179978479491924,0.0,0.14704481821922732,True,0.203926,1.0,inf,-0.59452,0.89653,1.49105,
2133,16,529,5.19012e-05,5.65967e-06,0.2580879508041664,0.29738509741585484,0.9939586544567971,0.003155103923321239,False,-0.0139979,-0.0172572610001524,-0.0172572610001524,-0.50188,0.35306,0.85494,0.8601363810924596
2134,16,387,0.0344625,0.00712423,0.0,0.1198351173989876,0.0,0.2727140189604054,True,0.300253,1.0,inf,-0.73261,1.0,1.73261,
2136,16,394,0.0049506,0.0136875,0.14384764348971563,0.05506580533452155,0.5593915734585383,0.1816212273323036,False,0.366318,0.3301743920198433,0.3301743920198433,-0.47268,1.0,1.47268,2.6326460209167846
2137,16,445,8.24462e-06,0.0381828,0.3182795527210845,0.0,0.0,0.14663172916166903,True,0.420489,1.0,inf,-0.20623,1.0,1.20623,
2139,16,325,0.00207129,7.96749e-05,0.20764094198857438,0.3205201017473804,0.9416472122614462,0.02685411278809034,False,0.461916,0.4620221687558245,0.4620221687558245,-0.05148,0.99816,1.0496400000000001,1.114684975787482
2140,16,320,0.00843743,0.00196133,0.11562744893064371,0.21189862056681602,0.7678938849478698,0.10316665017800924,False,0.0263157,-0.10008016951876944,-0.10008016951876944,-0.96863,0.64683,1.6154600000000001,2.1037542187351437
2141,16,341,0.000287806,0.000227744,0.276479306929182,0.283512531112108,0.975042031911478,0.013652954676019366,False,0.627796,0.629863149714696,0.629863149714696,0.20545,1.0,0.79455,0.8148879473865959
2143,16,199,5.12984e-05,7.23361e-10,0.432051646141483,0.7322999004081686,0.9955136126401195,0.002130581269553355,False,0.276133,0.27523723960317076,0.27523723960317076,-0.11318,0.62426,0.7374400000000001,0.740763351336097
2144,16,281,7.62882e-07,7.50286e-05,0.4613933426879505,0.3478409372699483,0.9938370034234649,0.0031899408457551183,False,0.269326,0.26778642598080715,0.26778642598080715,-0.14645,0.64726,0.7937099999999999,0.7986319660728182
2145,16,326,0.000422318,1.44086e-07,0.2705518799634334,0.4579181049422431,0.982666016303649,0.007446415360852699,False,0.220834,0.21715168846666355,0.21715168846666355,-0.22821,0.60533,0.8335400000000001,0.8482434379235027
2146,16,195,0.0196989,4.16919e-07,0.0,0.5820830925267451,0.0,0.13241359657168889,True,0.248371,1.0,inf,-0.40653,0.86428,1.27081,
2149,16,164,0.000245961,1.39584e-06,0.4142877912692241,0.6051673780525634,0.9879917247631754,0.0062861678564460986,False,0.305589,0.3029406265677961,0.3029406265677961,-0.17283,0.73765,0.9104800000000001,0.9215461801749857
2150,16,309,4.81382e-05,0.00128363,0.34270160347881123,0.23524676820477575,0.9590234124878265,0.019537665154336418,False,0.133684,0.11902351220973191,0.11902351220973191,-0.45899,0.61883,1.07782,1.1238724581332171
2152,16,232,0.00302602,0.0294997,0.22202595975852726,0.0,0.0,0.22487466373665813,True,0.0815255,-1.0,-inf,-1.0,0.84674,1.84674,
2156,16,218,0.000103152,0.0107354,0.3875658256413001,0.10773160209012356,0.7419818991738587,0.08669797009300408,False,0.0755772,-0.01498792639737738,-0.01498792639737738,-0.76447,0.6556,1.42007,1.913887658959257
2157,16,336,0.0273409,0.0280761,0.0,0.0,0.0,0.42776,True,0.430264,1.0,inf,-0.68051,1.0,1.68051,
2158,16,541,0.000219191,6.51997e-06,0.22547716129766016,0.2916817017874807,0.9870364741267592,0.006253947880849348,False,-0.033487,-0.04026289698768078,-0.04026289698768078,-0.60012,0.35915,0.9592700000000001,0.971868846942739
2163,16,531,0.000113188,7.68709e-05,0.2419632847279311,0.24988190983419944,0.9863022420531443,0.007286205717330781,False,0.658912,0.6606755682986252,0.6606755682986252,0.28397,1.0,0.7160299999999999,0.7259742191292905
2169,16,607,0.000618002,7.54892e-06,0.1893473549214744,0.2728963559932458,0.9757157161680075,0.01081681447286899,False,0.0681703,0.058780938522112906,0.058780938522112906,-0.454,0.48217,0.93617,0.9594700428488352
2172,16,386,1.36676e-09,9.9912e-07,0.4928807286586825,0.3834308350647367,0.9995374922767843,0.00024329791955370235,False,0.642273,0.6423267831784946,0.6423267831784946,0.3618,0.95055,0.58875,0.5890224274218299
2174,17,438,0.0204242,0.000187675,0.0,0.25439771902211916,0.0,0.1683950453811931,True,0.612979,1.0,inf,0.05682,1.0,0.94318,
2177,17,489,0.0274879,0.00307028,0.0,0.15392363778448878,0.0,0.22543437793974316,True,-0.00401248,-1.0,-inf,,,,
2178,17,377,0.000128835,0.00206467,0.2845488415670218,0.19316555764205032,0.9392988036347119,0.02828268038419391,False,0.69344,0.7081424111708782,0.7081424111708782,0.25412,1.0,0.74588,0.7940817097964373
2181,17,405,0.000134016,0.0422,0.2732886423055081,0.0,0.0,0.16486481065454406,True,-0.32022,-1.0,-inf,-1.0,0.28736,1.28736,
2186,17,483,0.0346118,0.00180757,0.0,0.17650688771578907,0.0,0.20761453715864933,True,-0.258875,-1.0,-inf,-1.0,0.38861,1.38861,
2192,17,197,0.00162751,0.0343061,0.2823065195183203,0.0,0.0,0.20419072326103813,True,0.447488,1.0,inf,-0.34628,1.0,1.34628,
2196,17,284,0.000498161,0.000478969,0.2844391129567664,0.2858982699957859,0.9627586674273317,0.02047256763303394,False,0.381228,0.3747101372049664,0.3747101372049664,-0.17369,0.9076,1.08129,1.1231163494891259
2197,17,440,0.00366492,0.0193237,0.1530604187228824,0.0014928090094928552,0.10472641552406903,0.23091530907195382,False,-0.170534,-1.0,-3.8333147092166984,-1.0,0.4904,1.4904,14.23136648515832
2198,17,489,0.0129652,9.46244e-05,0.05666948048052836,0.256027454369269,0.6570266938620895,0.10236694531893278,False,0.217788,0.17567178892322785,0.17567178892322785,-0.4761,0.80068,1.27678,1.9432695991313822
2201,17,415,0.0222726,0.000449327,0.0,0.23753210322124757,0.0,0.17909192461461357,True,0.329343,1.0,inf,-0.40676,1.0,1.40676,
2203,17,292,0.000312045,3.38298e-06,0.2968669906847098,0.4188236785126715,0.9850509641409214,0.007315477509187585,False,0.376193,0.3744755712335314,0.3744755712335314,-0.06804,0.81065,0.87869,0.8920249124026994
2206,17,253,0.00354202,0.00172679,0.20224716872386447,0.24526117223009303,0.8778619614814266,0.06268725565603929,False,0.401555,0.38601483970453404,0.38601483970453404,-0.25923,1.0,1.25923,1.4344282532472414
2208,17,166,2.41666e-05,6.89247e-05,0.5054521779298785,0.46570351013655925,0.9919190835685208,0.005063534603775624,False,0.289735,0.2869906125528833,0.2869906125528833,-0.19138,0.70485,0.89623,0.9035313614248953
2209,17,341,4.20223e-05,1.43937e-08,0.3286931090141951,0.4880375356160378,0.9958396436279904,0.00196246963464381,False,0.495207,0.4953051764121318,0.4953051764121318,0.15785,0.85116,0.6933100000000001,0.6962064670112648
2211,17,354,9.23977e-06,7.16785e-08,0.35655365448150506,0.45023976065690713,0.9982235024700998,0.0009363589920636661,False,0.334698,0.33435562294620846,0.33435562294620846,-0.01785,0.67274,0.69059,0.6918190147708784
2212,17,197,0.0229871,0.000299858,0.0,0.36700724083265923,0.0,0.17238686198654382,True,0.296625,1.0,inf,-0.48826,1.0,1.48826,
2213,17,203,0.00221809,0.0388206,0.25874405008938706,0.0,0.0,0.21354796303236945,True,0.298206,1.0,inf,-0.67969,1.0,1.67969,
2214,17,391,0.0179788,1.18909e-06,0.014493686258814479,0.37762908096172454,0.3436158205924426,0.1250083687352722,False,0.0421242,-0.24121173638736454,-0.24121173638736454,-0.69747,0.57427,1.2717399999999999,3.7010519416927283
2215,17,358,8.27771e-05,0.0232309,0.3037562249333547,0.0,0.0,0.16033644915080447,True,0.457194,1.0,inf,-0.16169,1.0,1.1616900000000001,
2217,17,307,0.00134833,1.52553e-06,0.2338500909746914,0.4249375618804288,0.9614843088486952,0.015953754394982225,False,-0.00524614,-0.02204913195137578,-0.02204913195137578,-0.5996,0.4212,1.0208,1.0616917932049572
2222,17,478,0.00290388,0.00173745,0.1580631437773631,0.178865504933851,0.8859688628220449,0.056484551345294315,False,0.255837,0.22501067139054465,0.22501067139054465,-0.4227,0.86067,1.2833700000000001,1.4485497785013886
2223,17,382,1.95969e-06,0.00756191,0.37299289283269366,0.11584595434582416,0.8301851963704823,0.05336877306135958,False,0.101417,0.057876516166156966,0.057876516166156966,-0.52816,0.60607,1.13423,1.366237322658586
2225,17,324,0.0142715,0.0258994,0.05368538847136452,0.0,0.0,0.35572869451418554,True,-0.4396,-1.0,-inf,-1.0,0.283,1.283,
2229,17,446,0.00116471,5.35078e-05,0.19952157185266284,0.28077747044107565,0.9604161694050614,0.018525072308617243,False,0.0315512,0.013563003317043187,0.013563003317043187,-0.58954,0.46952,1.05906,1.1027094646438995
2230,17,379,9.16409e-08,8.0442e-08,0.42962138520848236,0.43184562022641726,0.9997888560388525,0.00012920620225752159,False,0.0951197,0.09501055470261321,0.09501055470261321,-0.26229,0.39919,0.6614800000000001,0.6616196970035987
2232,17,588,0.00836018,0.000280502,0.08916905063989083,0.21108031647895611,0.7980082384019546,0.0753919072426021,False,-0.0259737,-0.12702325911520793,-0.12702325911520793,-0.89881,0.50322,1.4020299999999999,1.7569116865354981
2233,17,512,0.00253749,0.0368738,0.15868820130004926,0.0,0.0,0.2183386992625628,True,-0.551388,-1.0,-inf,-1.0,0.12865,1.12865,
2235,17,352,0.000794704,0.000212788,0.23869600405055583,0.2808729889187259,0.9627105187934382,0.019486845252517856,False,0.644672,0.6494009804016939,0.6494009804016939,0.20593,1.0,0.79407,0.8248273852821357
2236,17,314,0.0421058,0.00121152,0.0,0.23583356244780898,0.0,0.1970125227736827,True,0.255859,1.0,inf,-0.72127,1.0,1.72127,
2237,17,223,0.0033225,0.0066541,0.2199259561014965,0.1619531675508601,0.7900888074831603,0.10373527333834254,False,0.426532,0.4085575236661449,0.4085575236661449,-0.27981,1.0,1.27981,1.6198305657269765
2245,18,448,0.013935,0.0387237,0.050150618832929476,0.0,0.0,0.3505967059022481,True,-0.269194,-1.0,-inf,-1.0,0.52802,1.5280200000000002,
2247,18,458,0.0153382,0.0183552,0.03747748025373434,0.0105220184863694,0.1642632029287039,0.3516763443944241,False,-0.340665,-1.0,-4.214829201247981,-1.0,0.36286,1.36286,8.296806440524174
2251,18,346,0.00115595,0.000224327,0.22650129580052322,0.28183464400733893,0.9545584774720267,0.02320102884849342,False,0.433634,0.4299715322192341,0.4299715322192341,-0.0721,0.98293,1.05503,1.1052544447502615
2257,18,406,0.00012493,0.00011799,0.2746852177828447,0.2760921356100907,0.9842030414653457,0.008617799287731995,False,0.0657431,0.05804219079349331,0.05804219079349331,-0.49915,0.50151,1.0006599999999999,1.0167211010749895
2258,18,418,0.00227915,6.12689e-06,0.17946800127968862,0.3345400860718081,0.9413647724577375,0.02336053368211341,False,-0.143658,-0.17742169514805345,-0.17742169514805345,-0.86622,0.29144,1.15766,1.2297677094688317
2259,18,295,0.00072384,0.0196522,0.26479141501246256,0.0,0.0,0.18637587184820228,True,0.43881,1.0,inf,-0.25565,1.0,1.25565,
2262,18,429,0.0037194,0.000192513,0.15412787797074803,0.2564414339120766,0.9043099596116491,0.04170103552687371,False,0.35669,0.3483196896431358,0.3483196896431358,-0.20424,0.93855,1.14279,1.2637149329758182
2263,18,360,1.15686e-06,9.7262e-06,0.3952421165065026,0.3522951315214561,0.9977713345444088,0.0012607764015782905,False,0.413798,0.4134586846862962,0.4134586846862962,0.05301,0.77081,0.7178,0.7194033093040839
2264,18,433,0.00520491,3.50615e-07,0.1346744019526365,0.37823643668985957,0.883403618994476,0.03780209007728432,False,0.424455,0.43768544933381526,0.43768544933381526,-0.03619,0.95869,0.99488,1.1261896358681558
2265,18,465,2.16595e-05,0.000934622,0.29301157291462526,0.20274758039314958,0.9673194093813983,0.01495061144733227,False,-0.0355,-0.05215506993661534,-0.05215506993661534,-0.67402,0.39861,1.07263,1.108868476738152
2266,18,294,1.17221e-05,4.43735e-09,0.38805328249233206,0.552104129692175,0.9980624398333735,0.0009726024525744304,False,0.113705,0.11295124738512978,0.11295124738512978,-0.27075,0.44534,0.71609,0.7174801609802601
2268,18,251,0.000110677,0.00699965,0.3571004634660017,0.1482893622587877,0.8408421258890361,0.061336169011914805,False,0.263813,0.24080243455214995,0.24080243455214995,-0.41003,0.82723,1.23726,1.4714533940504289
2271,18,424,0.00125206,1.00578e-10,0.20192314713288873,0.5048902752899763,0.9633493669710851,0.012381846497819711,False,0.292739,0.2910233432588068,0.2910233432588068,-0.11426,0.68089,0.79515,0.8254014870016169
2272,18,499,0.000580033,1.36688e-05,0.20984396402314567,0.2910218073567125,0.9761992102500096,0.011072147994441155,False,0.0634119,0.05361585161716568,0.05361585161716568,-0.49444,0.47616,0.9706,0.9942642749643533
2273,18,439,0.000980614,2.1874e-06,0.20694287994684785,0.34457190340535665,0.9684249666909881,0.01325436877428134,False,0.597161,0.6029446279362971,0.6029446279362971,0.20588,1.0,0.7941199999999999,0.8200119031559349
2274,18,481,6.14342e-06,0.0158228,0.31088807068640756,0.03266166232568677,0.5194400319552563,0.1125251965226243,False,0.374757,0.5048355678138491,0.5048355678138491,-0.18944,1.0,1.18944,2.289850467478903
2275,18,201,0.000728914,9.04627e-05,0.32277924224869375,0.40971707737393315,0.9699458845214063,0.01638871914115983,False,-0.154465,-0.17614768191471114,-0.17614768191471114,-0.89752,0.31845,1.21597,1.253647259506635
2276,18,261,2.50639e-05,3.60278e-07,0.3934341513084926,0.49759448255406824,0.9967666273553332,0.0017669719952573854,False,0.139228,0.13790693250782332,0.13790693250782332,-0.29886,0.49806,0.7969200000000001,0.7995050979128633
2277,18,428,0.000488877,4.25145e-06,0.2314386957099734,0.3371981438382111,0.9797198089969023,0.009272978247122435,False,0.131822,0.12508578537199408,0.12508578537199408,-0.38207,0.53708,0.91915,0.9381763965159413
2278,18,198,0.00316212,0.041143,0.23715193647555746,0.0,0.0,0.22667476393306638,True,-0.0542374,-1.0,-inf,-1.0,0.7364,1.7364000000000002,
2279,18,103,0.0029656,7.36936e-06,0.33802369788034825,0.7183836627230851,0.9356134218921438,0.028626126954296886,False,0.569681,0.5782889176081905,0.5782889176081905,0.06461,1.0,0.9353899999999999,0.9997612027714481
2280,18,187,0.000797599,3.82367e-09,0.33060676267537853,0.718740054795948,0.9748274579844729,0.010090396818247133,False,0.456084,0.4575103004421698,0.4575103004421698,0.0597,0.87888,0.81918,0.8403333259546407
2281,18,282,9.52058e-18,2.72827e-05,0.8952875139168243,0.3751532399537615,0.9968456243959228,0.0012069841732806042,False,0.704048,0.7050650558381426,0.7050650558381426,0.45318,1.0,0.54682,0.5485503337905171
2282,18,290,2.31987e-05,0.000127849,0.3737736613265662,0.32646193930517836,0.9891262350800784,0.006064869965328374,False,0.593072,0.5934602775824143,0.5934602775824143,0.20187,1.0,0.79813,0.8069040853368776
2288,18,362,0.0414745,0.00263801,0.0,0.18534785991612124,0.0,0.21966222608612973,True,0.28938,1.0,inf,-0.68907,1.0,1.68907,
2289,18,362,5.16929e-05,0.000351599,0.3136047033531959,0.26212632291456694,0.9800014295108748,0.010492729147999754,False,-0.217237,-0.23237693567616652,-0.23237693567616652,-0.92174,0.21381,1.13555,1.1587227995848544
2293,18,356,0.00435053,2.64528e-10,0.15908897089469043,0.5414979236483745,0.9021954243437834,0.028989335128245385,False,-0.674694,-0.7799677499362992,-0.7799677499362992,-1.0,-0.24359,0.75641,0.8384103705138815
2294,18,246,0.00354369,2.57231e-05,0.2050398676899784,0.4054825860616368,0.9172952493837291,0.034131666887508606,False,0.433333,0.43519393933489653,0.43519393933489653,-0.06989,1.0,1.06989,1.1663529280444758
2296,18,414,0.000868225,0.0239002,0.21715001753104649,0.0,0.0,0.19019363998955305,True,0.210515,1.0,inf,-0.67952,0.92218,1.6017000000000001,
2297,18,396,0.0048785,0.000701483,0.14441315749882322,0.22917108955942198,0.8687403105454736,0.05963784689802747,False,0.251352,0.22068062316758053,0.22068062316758053,-0.43907,0.83668,1.27575,1.4685055873589759
2302,18,435,0.00811871,0.000177882,0.10379836525194511,0.2566165274787483,0.8077536550948985,0.07104254588775155,False,-0.0969319,-0.20795256676123264,-0.20795256676123264,-1.0,0.42613,1.4261300000000001,1.765550661398681
2305,18,380,1.04178e-05,0.000307217,0.3409423522625196,0.2596870758374601,0.984081790715779,0.007900628887364182,False,0.325422,0.3226575007364828,0.3226575007364828,-0.13678,0.75613,0.89291,0.9073534419842639
2308,19,350,0.000401311,4.14163e-05,0.2625235995550642,0.32457480415717793,0.9792472844302782,0.010747943223152773,False,-0.169189,-0.1837502601070161,-0.1837502601070161,-0.83412,0.26842,1.1025399999999999,1.12590559864708
2309,19,434,0.0260925,0.000379218,0.0,0.2370588308920276,0.0,0.17678114452467183,True,-0.169135,-1.0,-inf,-1.0,0.44181,1.44181,
2312,19,404,0.000183134,4.7003e-09,0.2656826176172241,0.46204060610046,0.9897650610073371,0.004260624943397981,False,-0.0343598,-0.039019790114728746,-0.039019790114728746,-0.51322,0.31594,0.82916,0.8377341579991915
2313,19,369,0.0141763,8.92527e-10,0.05184321638295652,0.511988071085816,0.6088850679302861,0.0825019301328146,False,-0.286877,-0.6066480352168965,-0.6066480352168965,-1.0,0.16386,1.1638600000000001,1.9114609000942944
2318,19,530,0.0014114,0.0123543,0.17739319209868237,0.05989089020639522,0.6572088982034455,0.1273856203646382,False,-0.132993,-0.3961885194744205,-0.3961885194744205,-1.0,0.44505,1.44505,2.198768160245862
2319,19,318,7.75464e-07,0.000426308,0.43086623666359514,0.27370795768188516,0.9823445014420783,0.007946988231144899,False,0.486736,0.4873941993526655,0.4873941993526655,0.08833,0.91729,0.82896,0.8438587468887846
2321,19,338,0.00196229,0.0375658,0.20620738306641334,0.0,0.0,0.20984266054668074,True,0.401106,1.0,inf,-0.4286,1.0,1.4285999999999999,
2322,19,284,0.011241,0.029179,0.08996401644534834,0.0,0.0,0.31941638134283196,True,0.446511,1.0,inf,-0.45636,1.0,1.45636,
2327,19,310,5.18577e-06,3.77389e-06,0.39595295044976153,0.4030498091064786,0.9978214185273308,0.0013029364754580475,False,0.274972,0.27426657560472684,0.27426657560472684,-0.12054,0.63322,0.75376,0.7554057128904516
2328,19,171,0.00390485,9.25541e-05,0.23748661189987322,0.4465171482361254,0.9095684697773355,0.04055087816853759,False,0.251054,0.23143185898142893,0.23143185898142893,-0.42226,0.807,1.22926,1.3514760469884426
2330,19,88,0.0353523,0.00990079,0.0,0.18064424029062864,0.0,0.3054010145269285,True,0.0699779,-1.0,-inf,-1.0,1.0,2.0,
2331,19,160,0.0450351,5.93409e-06,0.0,0.5659100303627865,0.0,0.14197383275978284,True,0.1089,-1.0,-inf,-0.79217,0.8205,1.61267,
2335,19,213,0.00152094,0.00596631,0.27506326468557407,0.17629545922869186,0.8355362589624492,0.0795129158360974,False,-0.0340762,-0.13594756016591059,-0.13594756016591059,-1.0,0.56738,1.56738,1.8758970459837836
2337,19,474,2.81767e-06,1.20457e-06,0.3267295721469571,0.3408556775295276,0.9986524041223257,0.0007641732825532025,False,0.28838,0.2880039396392587,0.2880039396392587,-0.08492,0.62253,0.70745,0.7084046431768705
2338,19,409,0.000597262,0.0044176,0.23061690674674054,0.14810752387259854,0.8801625551817265,0.054639451796012796,False,0.262796,0.2364978457428347,0.2364978457428347,-0.43465,0.83966,1.2743099999999998,1.4478121030005577
2341,19,285,0.00143934,0.017685,0.23974618968331696,0.019154513376375342,0.35600844935857207,0.1814410712491966,False,0.775861,1.0,1.6696792725615988,0.21845,1.0,0.78155,2.1953130646425247
2342,19,401,0.00905874,0.00183877,0.09827113111782686,0.19236781069902273,0.7523515925842583,0.10620982022548965,False,0.347891,0.32123435659165395,0.32123435659165395,-0.34194,1.0,1.3419400000000001,1.7836607421678474
2343,19,166,8.82684e-08,0.00428242,0.683560297173602,0.2325832972391251,0.9084280956184396,0.03170151768128396,False,0.0867764,0.06062657307095084,0.06062657307095084,-0.50562,0.53651,1.04213,1.1471794025596918
2344,19,268,2.42878e-06,0.000224271,0.4467795965295045,0.32194417582427637,0.987939114362748,0.006048273668786633,False,0.0317032,0.025968124916039597,0.025968124916039597,-0.50935,0.43655,0.9459,0.9574476668130864
2348,19,301,0.0131309,1.40779e-05,0.06744735950443341,0.3787515606294222,0.6552701310560523,0.09474641835009638,False,-0.0297962,-0.19006301744500378,-0.19006301744500378,-0.84424,0.50881,1.35305,2.064873608414572
2350,19,321,0.0142892,0.0214107,0.05370849486480982,0.0,0.0,0.3559740380539909,True,0.493783,1.0,inf,-0.40399,1.0,1.40399,
2352,19,314,0.000859342,0.000569068,0.24986924970452123,0.2653590942872246,0.9519165500207164,0.025771929619973606,False,0.13239,0.11200358936684744,0.11200358936684744,-0.53389,0.62645,1.16034,1.2189513880967273
2356,19,380,3.36833e-05,0.00735722,0.31560945783816846,0.11831449507485507,0.8326267674135172,0.058566608295616045,False,-0.000420746,-0.07084489305917362,-0.07084489305917362,,,,
2357,19,336,0.00195233,0.0228481,0.20705228974388823,0.0,0.0,0.20968638019209695,True,0.577841,1.0,inf,-0.09277,1.0,1.09277,
2364,19,217,0.019807,0.0116518,0.0,0.09625619300095724,0.0,0.3246210898232506,True,-0.0767137,-1.0,-inf,-1.0,0.68938,1.6893799999999999,
2365,19,463,0.000327836,0.0144035,0.23338817848364185,0.04545926514479975,0.5885121041816501,0.1244089912558994,False,-0.259342,-0.6520698359968665,-0.6520698359968665,-1.0,0.2867,1.2867,2.1863611484919385
2367,19,378,0.00160905,0.000847119,0.2036397105734907,0.22807161778597695,0.9295393716489894,0.03626479597733651,False,0.414909,0.4073460636217637,0.4073460636217637,-0.14331,0.9939,1.13721,1.223412406924309
2378,20,434,0.0306671,0.0037072,0.0,0.15346034594607097,0.0,0.23347602923596034,True,0.579515,1.0,inf,-0.14584,1.0,1.14584,
2384,20,267,0.000479165,0.000857589,0.2951831027676885,0.27154412436061975,0.9546515383209383,0.024715856593176252,False,0.0477633,0.024142257652839578,0.024142257652839578,-0.63521,0.5428,1.17801,1.2339685767142943
2385,20,338,0.00270697,3.32078e-05,0.19031498128387042,0.3359640279284102,0.931517360542582,0.02902846124242195,False,0.258585,0.24643291524257582,0.24643291524257582,-0.31628,0.75241,1.0686900000000001,1.1472572012801985
2386,20,283,6.73765e-05,0.00128064,0.3496253263626585,0.24604255429118754,0.9583552904525678,0.020365275907424374,False,0.831901,0.8468004843061292,0.8468004843061292,0.43304,1.0,0.56696,0.5915968802470557
2387,20,283,0.0110466,0.0309896,0.0922765342004342,0.0,0.0,0.31717173010848093,True,0.0295601,-1.0,-inf,-1.0,0.89018,1.89018,
2388,20,298,0.0227562,0.00291569,0.0,0.19825017354926328,0.0,0.22340754598615928,True,0.0921566,-1.0,-inf,-1.0,0.82114,1.82114,
2389,20,219,0.0262029,1.5349e-07,0.0,0.5699211498485656,0.0,0.12982253141549766,True,0.622387,1.0,inf,0.11644,1.0,0.88356,
2391,20,443,6.99725e-06,2.01221e-05,0.3220753394111237,0.3018845343764832,0.9958773986092848,0.0022882356816932743,False,0.0343207,0.032165068072675586,0.032165068072675586,-0.4349,0.39393,0.82883,0.8322610806886852
2393,20,322,0.00275468,0.000975763,0.1939497764147323,0.2417125887440929,0.9055350606094847,0.04766695455194236,False,-0.00833975,-0.06184929439865769,-0.06184929439865769,-0.86899,0.5216,1.39059,1.5356556145535007
2394,20,190,0.00518725,0.0207008,0.20008260552497023,0.0,0.0,0.25143080249297084,True,0.494147,1.0,inf,-0.29438,1.0,1.2943799999999999,
2398,20,421,0.00613735,1.11394e-05,0.12583446031787923,0.3217804180378132,0.8618168237818217,0.04800546601636884,False,-0.0377078,-0.09945647804859757,-0.09945647804859757,-0.79528,0.43689,1.23217,1.4297353753121176
2399,20,134,8.41522e-05,6.277e-07,0.5152080275783791,0.707797363664511,0.9938720540015504,0.0035225158214921685,False,0.188511,0.18612907308712726,0.18612907308712726,-0.28694,0.59198,0.8789199999999999,0.8843391827562431
2400,20,332,0.00458075,4.90006e-08,0.16114165424282592,0.4733166176575169,0.8977894473061067,0.032901053336213265,False,-0.0644943,-0.10848351317611973,-0.10848351317611973,-0.73267,0.35954,1.0922100000000001,1.2165547314877323
2401,20,379,0.000303886,0.00782084,0.2603526574929653,0.11351385527371932,0.8125124595666235,0.07290262035184071,False,0.342905,0.3323055252496346,0.3323055252496346,-0.31266,0.99722,1.30988,1.6121352781453484
2402,20,280,1.06843e-06,5.33405e-09,0.4548320766611648,0.5639340317500378,0.999509803113159,0.0002779130990665141,False,0.376424,0.37633056297132517,0.37633056297132517,0.05025,0.68214,0.63189,0.6321999024240293
2403,20,476,8.56021e-05,0.000188365,0.26170532621614095,0.24388332848352684,0.9831301184194293,0.008964238260915865,False,0.299383,0.2954021612174675,0.2954021612174675,-0.17505,0.73412,0.90917,0.9247707734370559
2404,20,439,0.021268,6.33058e-05,0.0,0.27940486100209505,0.0,0.15873559642625643,True,0.469417,1.0,inf,-0.11246,1.0,1.11246,
2405,20,358,4.24293e-05,3.69211e-13,0.32017628549929106,0.6369718068635557,0.9958421258387479,0.0016741550364679106,False,0.0211608,0.019568006271194305,0.019568006271194305,-0.35488,0.33897,0.69385,0.6967469862912307
2407,20,312,9.60602e-05,6.03128e-06,0.3222911624611763,0.3911820180141557,0.9919430280429864,0.00434025605262202,False,0.648651,0.6495441025666007,0.6495441025666007,0.27459,1.0,0.72541,0.7313020803535141
2408,20,504,0.0436923,1.07129e-10,0.0,0.4584976175751781,0.0,0.1178958530108561,True,0.0905311,-1.0,-inf,-0.58744,0.62577,1.2132100000000001,
2410,20,293,0.0224778,2.40674e-05,0.0,0.37077864870014093,0.0,0.1511471702382881,True,0.130457,-1.0,-inf,-0.63082,0.74651,1.3773300000000002,
2411,20,241,0.0109592,5.53176e-11,0.10021843832956844,0.7067643147210385,0.7391051041477256,0.06057499553758039,False,0.184797,0.1680708247924523,0.1680708247924523,-0.34988,0.66968,1.01956,1.3794519808866315
2413,20,546,0.000572916,3.31117e-06,0.20119308971592798,0.3011594557871924,0.9774966843927885,0.009867711055313005,False,0.502433,0.5039048181024407,0.5039048181024407,0.11056,0.95798,0.8474200000000001,0.866928771759885
2415,20,416,0.0272932,0.0007094,0.0,0.22325301630576505,0.0,0.18644072190961086,True,-0.122794,-1.0,-inf,-1.0,0.5105,1.5105,
2427,20,360,0.036583,0.00119113,0.0,0.22088520372429116,0.0,0.1967349269077063,True,0.193613,-1.0,-inf,-0.75759,1.0,1.75759,
2428,20,426,1.83712e-05,0.00145026,0.3099040122609274,0.19604059922815475,0.9567500842282873,0.018931476541935676,False,0.696859,0.7085732571477945,0.7085732571477945,0.29858,1.0,0.7014199999999999,0.7331277117845919
2429,20,288,2.85019e-05,2.31672e-06,0.36980118053739525,0.43062238083694165,0.9960187131547424,0.002253342013096678,False,0.329174,0.3282274255183724,0.3282274255183724,-0.07338,0.70519,0.77857,0.7816821006645491
2433,21,365,0.00414791,0.00393097,0.16008024196383636,0.16323874570705785,0.8240545638842484,0.08741600416282301,False,0.317732,0.2794911962523013,0.2794911962523013,-0.43085,1.0,1.43085,1.7363534682164394
2435,21,347,0.0184952,0.000322469,0.009660368417773898,0.27053949288350104,0.27261991277450137,0.16407708605875135,False,0.532077,1.0,1.3498643961699204,-0.09842,1.0,1.09842,4.029126078213379
2437,21,251,3.73255e-05,0.0404167,0.39040183718200483,0.0,0.0,0.15355666158103562,True,0.696373,1.0,inf,0.1354,1.0,0.8646,
2439,21,267,0.00107539,0.000179296,0.26153544342450835,0.3300830992335987,0.9584302300879294,0.021750394275312213,False,0.55399,0.55532430949706,0.55532430949706,0.08156,1.0,0.91844,0.9582752830278939
2440,21,355,0.000132053,6.5343e-05,0.2928651817978556,0.3110506010944447,0.9863589322984883,0.007546941212432323,False,0.602506,0.6031871758905747,0.6031871758905747,0.20553,1.0,0.79447,0.8054572975262321
2441,21,312,0.00711983,0.0114127,0.1324039840150615,0.08448172894844527,0.6049236800961018,0.1814216340172757,False,-0.495671,-1.0,-1.1193025769956777,-1.0,0.16259,1.16259,1.9218788059599587
2442,21,347,0.0278548,8.87959e-06,0.0,0.3612217816900233,0.0,0.1462127352906593,True,0.33111,1.0,inf,-0.31908,1.0,1.31908,
2443,21,315,0.0291794,0.00338487,0.0,0.18434749084942575,0.0,0.2295150698336933,True,-0.516049,-1.0,-inf,-1.0,0.16442,1.16442,
2444,21,251,0.00139535,0.000247661,0.25728613707564874,0.3297269235778463,0.9499690184622014,0.02609602398154134,False,0.275464,0.26250116706135596,0.26250116706135596,-0.31858,0.80077,1.1193499999999998,1.1783015848369354
2445,21,196,0.0180302,0.00169548,0.017282073740049062,0.2805552735457745,0.31686845527256474,0.18999322756368686,False,0.21273,0.07175461002186337,0.07175461002186337,-0.74258,0.96784,1.71042,5.397886635729412
2446,21,278,0.00129927,0.0264731,0.24760831947466502,0.0,0.0,0.19857828753549034,True,0.0819917,-1.0,-inf,-0.95339,0.78663,1.74002,
2449,21,499,0.00273945,0.0002296,0.15741298400758885,0.23356786749096148,0.9218872988893371,0.03551312271745282,False,0.410648,0.406920539782356,0.406920539782356,-0.13104,0.98141,1.11245,1.2067093248168699
2452,21,396,0.000306542,1.45921e-05,0.25436650662847166,0.3267277461704421,0.9836715224373701,0.008175957764245267,False,0.173198,0.1677613293377227,0.1677613293377227,-0.33339,0.60105,0.9344399999999999,0.9499512577985557
2453,21,481,0.0150164,6.0443e-12,0.03958351675095648,0.5060879808952483,0.5665239090509396,0.08248161089282832,False,1.0,1.0,1.6195581059310102,0.631,1.0,0.369,0.6513405596917551
2458,21,422,0.00106163,1.65497e-06,0.20826111282882787,0.3567925762607987,0.966824823542147,0.013743620219308191,False,0.498964,0.5018700057813932,0.5018700057813932,0.09264,0.97267,0.8800300000000001,0.9102269393289287
2459,21,492,0.0133186,0.00201139,0.053565409782609354,0.17093717967754657,0.6122475797016362,0.14440291443204792,False,-0.0152711,-0.26079974788934424,-0.26079974788934424,-1.0,0.60582,1.60582,2.6228278448769973
2460,21,456,0.0180045,0.000125276,0.013732478493349898,0.25885684388526997,0.341153309580436,0.14899771593438968,False,-0.163957,-0.9173433384517767,-0.9173433384517767,-1.0,0.39748,1.39748,4.096340151935435
2461,21,313,0.00657683,3.26888e-07,0.13886105775943108,0.45211305880678626,0.8550714523826501,0.04536445707428642,False,0.281671,0.2763588262328805,0.2763588262328805,-0.2411,0.78812,1.02922,1.2036654915002558
2465,22,381,2.77001e-05,0.000558994,0.31954509823535737,0.24110613273027556,0.9759343280007192,0.011851688853144794,False,0.130423,0.1214951741576282,0.1214951741576282,-0.4185,0.56895,0.9874499999999999,1.0117996382224526
2469,22,317,0.0177625,0.0296023,0.017673637934197718,0.0,0.0,0.40294260676617116,True,0.309379,-1.0,-inf,-0.8103,1.0,1.8103,
2470,22,304,2.40854e-06,0.00221429,0.4172906613113159,0.21122891809754538,0.9441666562598745,0.022153973583898687,False,0.202805,0.1913338341471556,0.1913338341471556,-0.34049,0.6723,1.01279,1.0726813886988587
2471,22,478,0.00156872,0.000379009,0.18260783337023967,0.22594645881435346,0.9407884696698788,0.029263718140013974,False,-0.051394,-0.08573416951880442,-0.08573416951880442,-0.80452,0.43628,1.2408000000000001,1.3188937152210156
2473,22,340,4.73185e-05,1.65618e-06,0.32627400016319563,0.40042367661772654,0.9949633694812782,0.002681266777559235,False,0.209142,0.20750586358780082,0.20750586358780082,-0.23214,0.57967,0.81181,0.8159194849788644
2474,22,325,2.7305e-05,1.16408e-05,0.34779777207182394,0.3679136215763642,0.9949019616181765,0.0029379833457161167,False,0.0441901,0.041463499164469064,0.041463499164469064,-0.45787,0.42819,0.8860600000000001,0.8906003145866269
2475,22,232,0.000265525,0.00111908,0.3411122096992793,0.2791457381141196,0.95530373082658,0.02404112271537118,False,0.182315,0.16567911563339313,0.16567911563339313,-0.46492,0.69167,1.15659,1.21070394962161
2476,22,142,0.00478757,9.30546e-05,0.2398256102337227,0.4943737098394122,0.8941204828854288,0.04649941752555542,False,0.646812,0.6714001009541437,0.6714001009541437,0.13653,1.0,0.86347,0.9657199633918282
2478,22,349,0.00966532,0.0111847,0.09821852956202094,0.08274262425380555,0.5615954943531144,0.20369121506820265,False,-0.0418607,-0.4372398239253091,-0.4372398239253091,-1.0,0.67074,1.67074,2.9749882554248
2480,22,281,0.0200298,0.0122392,0.0,0.07928735076318821,0.0,0.3311524433190161,True,0.18602,-1.0,-inf,-1.0,1.0,2.0,
2483,22,473,4.36251e-09,1.24415e-07,0.4251737871472106,0.37681783545422315,0.9998519177191867,8.370919043665122e-05,False,0.234563,0.23451401818025816,0.23451401818025816,-0.08897,0.5328,0.62177,0.6218620867561583
2484,22,201,4.4574e-12,0.000114815,0.8403643049507725,0.40097141123775565,0.9927066994756634,0.0030559023875054263,False,0.510687,0.5113606041750496,0.5113606041750496,0.17614,0.87378,0.69764,0.7027654798426219
2485,22,206,1.00137e-17,4.39963e-10,1.0821637321488453,0.7288851739713031,0.9999954480890523,2.762835373683106e-06,False,0.489293,0.4892924643803515,0.4892924643803515,0.24986,0.7171,0.46724,0.46724212684455246
2486,22,226,0.0220155,0.00160202,0.0,0.26396282912583013,0.0,0.20382945155668317,True,0.410771,1.0,inf,-0.3649,1.0,1.3649,
2491,22,441,0.0334872,1.72057e-06,0.0,0.34792231708051974,0.0,0.14005543640115817,True,-0.073644,-1.0,-inf,-1.0,0.48322,1.48322,
2492,22,415,0.0298326,0.00977838,0.0,0.08993094005658592,0.0,0.3020341999144847,True,0.953091,1.0,inf,0.32095,1.0,0.6790499999999999,
2495,22,384,1.11195e-06,0.00462895,0.38252928275031867,0.14975146653377275,0.8957140280775487,0.03573083380662045,False,0.642271,0.6771582750525671,0.6771582750525671,0.22155,1.0,0.77845,0.8690831845860112
