"locus","chr","start","stop","processed","K","n_snps","h2_SCZ","h2_BIP","p_SCZ","p_BIP","gate_pass","rho_hat","rho_raw","paramlim_drop","rho_lower","rho_upper","bivar_p","n_pheno_returned","dropped_pheno"
1,1,10539,1376204,TRUE,202,1432,2.35853e-05,0.000182782,0.428718,0.000766137,FALSE,NA,NA,NA,NA,NA,NA,2,NA
2,1,1376205,2215495,TRUE,175,1246,0.000334664,0.000131356,0.0147453,0.00500927,TRUE,0.443188,0.443188,FALSE,-0.39737,1,0.207596,2,NA
3,1,2215496,2983519,TRUE,293,1586,0.000414524,0.000343238,0.0175079,5.39564e-07,TRUE,0.44845,0.44845,FALSE,-0.08032,1,0.0874398,2,NA
4,1,2983520,3582047,TRUE,337,1564,0.000569119,5.37893e-05,0.00364826,0.204714,FALSE,NA,NA,NA,NA,NA,NA,2,NA
5,1,3582048,4281476,TRUE,267,1897,NA,0.000187673,NA,0.00156177,FALSE,NA,NA,NA,NA,NA,NA,1,"SCZ"
6,1,4281477,4773403,TRUE,273,1925,0.000126822,0.00010723,0.237126,0.0374494,FALSE,NA,NA,NA,NA,NA,NA,2,NA
7,1,4773404,5362404,TRUE,330,1812,0.000615312,0.000230398,0.00186775,0.00048603,TRUE,0.401998,0.401998,FALSE,-0.16861,0.97794,0.130857,2,NA
8,1,5362405,6136814,TRUE,319,1875,0.000562853,0.000198155,0.00332005,0.0017559,TRUE,0.32541,0.32541,FALSE,-0.34695,0.94416,0.262171,2,NA
9,1,6136815,7711794,TRUE,506,3299,0.000512515,0.000278256,0.0221707,0.00056876,TRUE,0.154751,0.154751,FALSE,-0.74673,0.83527,0.618808,2,NA
10,1,7711795,8580987,TRUE,278,1880,0.000537781,7.2666e-05,0.00285916,0.110457,FALSE,NA,NA,NA,NA,NA,NA,2,NA
11,1,8580988,9475966,TRUE,365,1781,0.0001716,0.000151673,0.20351,0.015615,FALSE,NA,NA,NA,NA,NA,NA,2,NA
12,1,9475967,10753427,TRUE,300,2179,0.000284323,0.000102271,0.0715062,0.0537564,FALSE,NA,NA,NA,NA,NA,NA,2,NA
13,1,10753428,11709173,TRUE,337,2018,0.000676356,8.62072e-05,0.000872282,0.10784,FALSE,NA,NA,NA,NA,NA,NA,2,NA
14,1,11709174,13481025,TRUE,367,2544,0.000422742,0.000139324,0.0252388,0.0251949,TRUE,0.0112371,0.0112371,FALSE,-1,0.86883,0.977829,2,NA
15,1,13481026,14720131,TRUE,416,2768,0.00048609,0.000286643,0.0176034,0.000120097,TRUE,0.0441598,0.0441598,FALSE,-0.82644,0.62468,0.879537,2,NA
16,1,14720132,15755230,TRUE,525,2882,0.000451947,5.37295e-05,0.039193,0.250843,FALSE,NA,NA,NA,NA,NA,NA,2,NA
17,1,15755231,16732168,TRUE,220,2260,0.000306257,2.17454e-05,0.0340894,0.330464,FALSE,NA,NA,NA,NA,NA,NA,2,NA
18,1,16732169,17557746,TRUE,175,1108,0.00018712,0.000107413,0.101086,0.0157403,FALSE,NA,NA,NA,NA,NA,NA,2,NA
19,1,17557747,18427820,TRUE,358,2175,0.000173567,0.00021263,0.198364,0.00151986,FALSE,NA,NA,NA,NA,NA,NA,2,NA
20,1,18427821,19238924,TRUE,466,2317,0.000351887,6.99723e-05,0.0709103,0.178406,FALSE,NA,NA,NA,NA,NA,NA,2,NA
21,1,19238925,20556202,TRUE,437,3377,0.000188961,0.000224925,0.202592,0.00197646,FALSE,NA,NA,NA,NA,NA,NA,2,NA
22,1,20556203,21416121,TRUE,230,1897,0.0004706,8.1391e-05,0.00407432,0.0702599,FALSE,NA,NA,NA,NA,NA,NA,2,NA
23,1,21416122,22145629,TRUE,261,1845,0.000770894,0.000257224,4.11415e-05,2.72261e-05,TRUE,0.100895,0.100895,FALSE,-0.41977,0.50249,0.638551,2,NA
24,1,22145630,22740287,TRUE,254,1734,0.000272982,0.000105269,0.0636749,0.0363468,FALSE,NA,NA,NA,NA,NA,NA,2,NA
25,1,22740288,23907045,TRUE,331,1968,0.000222266,0.000181152,0.133537,0.00419311,FALSE,NA,NA,NA,NA,NA,NA,2,NA
26,1,23907046,25885138,TRUE,515,3330,0.00083528,0.000198076,0.000756395,0.00940526,TRUE,0.0526742,0.0526742,FALSE,-0.82339,0.64829,0.856873,2,NA
27,1,25885139,27992665,TRUE,427,3051,0.00121836,0.000244942,6.1892e-07,0.000961609,TRUE,0.0370213,0.0370213,FALSE,-0.51628,0.43969,0.86322,2,NA
28,1,27992666,29188426,TRUE,224,1942,0.000539772,6.01512e-05,0.00127428,0.14678,FALSE,NA,NA,NA,NA,NA,NA,2,NA
29,1,29188427,30405182,TRUE,360,2288,0.000812348,0.000184063,0.000151604,0.0047025,TRUE,0.263705,0.263705,FALSE,-0.39,0.83865,0.325275,2,NA
30,1,30405183,31639217,TRUE,403,2965,0.00110091,0.000259022,2.72937e-06,0.00037015,TRUE,0.0857707,0.0857707,FALSE,-0.43743,0.48855,0.687287,2,NA
31,1,31639218,33066846,TRUE,312,2178,0.000464348,0.000226119,0.0112313,0.000426853,TRUE,-0.337482,-0.337482,FALSE,-1,0.23639,0.255292,2,NA
32,1,33066847,34371022,TRUE,335,2155,0.00038564,0.000363792,0.0311218,3.17893e-07,TRUE,0.048633,0.048633,FALSE,-0.7529,0.62734,0.859239,2,NA
33,1,34371023,35201626,TRUE,345,2063,0.000595462,0.000162482,0.00296792,0.0100836,TRUE,-0.283325,-0.283325,FALSE,-1,0.31652,0.375241,2,NA
34,1,35201627,36855139,TRUE,274,1667,9.45284e-05,0.000194821,0.294668,0.00119369,FALSE,NA,NA,NA,NA,NA,NA,2,NA
35,1,36855140,38474036,TRUE,505,3372,0.000515729,0.000122403,0.0208757,0.0664181,FALSE,NA,NA,NA,NA,NA,NA,2,NA
36,1,38474037,40200950,TRUE,483,3280,0.000824142,0.000732122,0.000658712,5.84821e-16,TRUE,0.29737,0.29737,FALSE,-0.04692,0.62902,0.0816363,2,NA
37,1,40200951,41093875,TRUE,241,1851,0.000624398,0.000116281,0.000377101,0.0217561,TRUE,0.126873,0.126873,FALSE,-0.82861,0.80718,0.689984,2,NA
38,1,41093876,41977966,TRUE,285,2155,0.000721898,0.000278636,0.00017789,1.34086e-05,TRUE,0.492178,0.492178,FALSE,0.0803,0.93562,0.0258865,2,NA
39,1,41977967,43512669,TRUE,315,3036,0.000675693,0.000246223,0.000630236,0.000172917,TRUE,0.320226,0.320226,FALSE,-0.20131,0.80598,0.191138,2,NA
40,1,43512670,45167235,TRUE,385,2971,0.000753366,0.000169151,0.000561466,0.010857,TRUE,0.45805,0.45805,FALSE,-0.16743,1,0.122189,2,NA
41,1,45167236,47257261,TRUE,285,3292,2.38873e-05,0.000347622,0.437707,1.83306e-07,FALSE,NA,NA,NA,NA,NA,NA,2,NA
42,1,47257262,48105233,TRUE,192,1540,0.000146548,0.000111589,0.164909,0.0151964,FALSE,NA,NA,NA,NA,NA,NA,2,NA
43,1,48105234,49185414,TRUE,304,2055,0.00104929,0.00016795,5.76704e-07,0.00538504,TRUE,-0.0651718,-0.0651718,FALSE,-0.74978,0.39272,0.786282,2,NA
44,1,49185415,51777577,TRUE,218,2835,0.000442741,0.000107605,0.00520478,0.0239185,TRUE,0.534175,0.534175,FALSE,-0.25672,1,0.141307,2,NA
45,1,51777578,53114186,TRUE,158,1874,9.86693e-05,8.80032e-05,0.232104,0.030989,FALSE,NA,NA,NA,NA,NA,NA,2,NA
46,1,53114187,54771293,TRUE,483,3502,0.000832728,0.000371707,0.000561168,7.90574e-06,TRUE,0.218664,0.218664,FALSE,-0.27201,0.64086,0.319284,2,NA
47,1,54771294,55727134,TRUE,400,2455,9.62151e-05,0.000197543,0.323299,0.00424292,FALSE,NA,NA,NA,NA,NA,NA,2,NA
48,1,55727135,56799636,TRUE,287,2821,0.000967002,0.000352068,1.72009e-06,1.5288e-07,TRUE,0.378583,0.378583,FALSE,0.04186,0.70752,0.0353394,2,NA
49,1,56799637,57529670,TRUE,267,1875,0.000418493,9.62998e-06,0.012619,0.423185,FALSE,NA,NA,NA,NA,NA,NA,2,NA
50,1,57529671,58387483,TRUE,261,2024,0.000323638,1.80453e-05,0.0390962,0.367218,FALSE,NA,NA,NA,NA,NA,NA,2,NA
51,1,58387484,59889045,TRUE,421,3353,0.000701524,0.000219247,0.00157183,0.0020853,TRUE,0.295892,0.295892,FALSE,-0.34036,0.88619,0.287675,2,NA
52,1,59889046,61377615,TRUE,386,2742,0.00107517,0.000208084,3.32831e-06,0.00253682,TRUE,0.497325,0.497325,FALSE,0.06286,1,0.0341949,2,NA
53,1,61377616,62778733,TRUE,509,3207,0.000538266,0.000305751,0.017769,0.000202853,TRUE,0.500169,0.500169,FALSE,-0.09512,1,0.0890064,2,NA
54,1,62778734,64344226,TRUE,413,3128,0.000281045,0.000186155,0.104727,0.0065912,FALSE,NA,NA,NA,NA,NA,NA,2,NA
55,1,64344227,65894184,TRUE,407,3093,0.000542267,0.000161322,0.00926258,0.0155182,TRUE,-0.307512,-0.307512,FALSE,-1,0.37173,0.383037,2,NA
56,1,65894185,66778015,TRUE,169,1921,0.000506341,NA,0.000677386,NA,FALSE,NA,NA,NA,NA,NA,NA,1,"BIP"
57,1,66778016,67761890,TRUE,229,2350,0.00013926,2.34786e-05,0.196871,0.32023,FALSE,NA,NA,NA,NA,NA,NA,2,NA
58,1,67761891,68633860,TRUE,269,1851,0.000870217,0.00016724,7.53875e-06,0.00390889,TRUE,0.00109557,0.00109557,FALSE,-0.68892,0.4751,0.996477,2,NA
59,1,68633861,69438909,TRUE,194,1878,0.000172052,5.6953e-05,0.131031,0.12523,FALSE,NA,NA,NA,NA,NA,NA,2,NA
60,1,69438910,70992905,TRUE,364,2866,0.00139775,0.000234275,2.59998e-09,0.000628154,TRUE,0.403251,0.403251,FALSE,0.02852,0.8036,0.0409208,2,NA
61,1,70992906,72513119,TRUE,269,2707,0.00093269,0.000177336,2.09308e-06,0.00220218,TRUE,0.452982,0.452982,FALSE,-0.00569,0.96584,0.0546285,2,NA
62,1,72513120,73992170,TRUE,164,2759,0.000729905,0.000211761,4.10713e-06,2.22204e-05,TRUE,0.813229,0.813229,FALSE,0.4846,1,0.000137133,2,NA
63,1,73992171,75132092,TRUE,204,1885,0.000731419,1.44004e-05,1.70033e-05,0.375874,FALSE,NA,NA,NA,NA,NA,NA,2,NA
64,1,75132093,76097247,TRUE,154,1863,0.000312502,0.000111139,0.0151921,0.00865014,TRUE,0.171292,0.171292,FALSE,-0.91547,0.98837,0.640937,2,NA
65,1,76097248,76977915,TRUE,218,2280,0.000438778,0.000155757,0.00555901,0.00270567,TRUE,0.353877,0.353877,FALSE,-0.38354,1,0.25803,2,NA
66,1,76977916,77895394,TRUE,232,2209,0.000351441,0.000194672,0.0217692,0.000520336,TRUE,0.912517,0.912517,FALSE,0.39898,1,0.00483225,2,NA
67,1,77895395,79065286,TRUE,210,2231,0.000171444,0.000265329,0.142109,4.71008e-06,FALSE,NA,NA,NA,NA,NA,NA,2,NA
68,1,79065287,80099353,TRUE,191,2712,0.000162512,0.000217043,0.142475,3.89563e-05,FALSE,NA,NA,NA,NA,NA,NA,2,NA
69,1,80099354,80781442,TRUE,132,1768,0.000118358,5.41879e-05,0.172527,0.0975111,FALSE,NA,NA,NA,NA,NA,NA,2,NA
70,1,80781443,82123368,TRUE,419,3412,0.000605363,0.000216038,0.0051418,0.0032527,TRUE,0.346996,0.346996,FALSE,-0.36442,1,0.252834,2,NA
71,1,82123369,83461215,TRUE,328,3146,0.0003913,0.000190697,0.0280093,0.00249233,TRUE,0.444562,0.444562,FALSE,-0.34456,1,0.20154,2,NA
72,1,83461216,84728347,TRUE,262,2327,0.000609185,0.000330549,0.000748964,2.02094e-07,TRUE,0.232814,0.232814,FALSE,-0.2323,0.65164,0.279523,2,NA
73,1,84728348,86017267,TRUE,397,3093,0.000444971,0.000298883,0.0241262,5.59272e-05,TRUE,0.0783004,0.0783004,FALSE,-0.78506,0.68017,0.790233,2,NA
74,1,86017268,86761554,TRUE,178,1967,0.000552427,0.000190174,0.000325421,0.00015274,TRUE,-0.0937769,-0.0937769,FALSE,-0.80045,0.36337,0.704285,2,NA
75,1,86761555,87667572,TRUE,179,1897,NA,0.000192922,NA,0.000135656,FALSE,NA,NA,NA,NA,NA,NA,1,"SCZ"
76,1,87667573,88656689,TRUE,354,1900,0.000532951,9.71436e-05,0.00714845,0.077508,FALSE,NA,NA,NA,NA,NA,NA,2,NA
77,1,88656690,89753964,TRUE,227,2175,0.000276404,9.78263e-05,0.0519027,0.0389187,FALSE,NA,NA,NA,NA,NA,NA,2,NA
78,1,89753965,90941549,TRUE,324,2147,0.000571431,0.000145238,0.00316053,0.0149932,TRUE,-0.269877,-0.269877,FALSE,-1,0.36615,0.415572,2,NA
79,1,90941550,91870059,TRUE,247,1971,0.000609229,8.11517e-05,0.000574027,0.0781679,FALSE,NA,NA,NA,NA,NA,NA,2,NA
80,1,91870060,92904465,TRUE,265,2044,NA,0.000300491,NA,2.33045e-06,FALSE,NA,NA,NA,NA,NA,NA,1,"SCZ"
81,1,92904466,94168576,TRUE,186,1946,NA,4.05473e-05,NA,0.196543,FALSE,NA,NA,NA,NA,NA,NA,1,"SCZ"
82,1,94168577,95122541,TRUE,264,2030,0.000205094,0.000187983,0.127585,0.001632,FALSE,NA,NA,NA,NA,NA,NA,2,NA
83,1,95122542,96147576,TRUE,296,2559,0.000666556,0.00041298,0.000562868,2.77318e-09,TRUE,0.494212,0.494212,FALSE,0.13104,0.90678,0.0133594,2,NA
84,1,96147577,97721186,TRUE,316,3144,0.00109509,0.000300574,3.14927e-07,8.46169e-06,TRUE,0.47082,0.47082,FALSE,0.12719,0.80766,0.0114862,2,NA
85,1,97721187,99425000,TRUE,414,3674,0.00163592,0.000216587,1.0007e-10,0.00238905,TRUE,0.331545,0.331545,FALSE,-0.06542,0.77012,0.0984859,2,NA
86,1,99425001,100269207,TRUE,250,2044,0.000122093,0.000214339,0.236143,0.000249315,FALSE,NA,NA,NA,NA,NA,NA,2,NA
87,1,100269208,101188315,TRUE,154,1725,0.000262134,0.000210543,0.0336385,2.12349e-05,TRUE,-0.176928,-0.176928,FALSE,-1,0.45206,0.573794,2,NA
88,1,101188316,102424611,TRUE,339,3031,0.000655472,0.000207964,0.0011692,0.00146311,TRUE,0.64966,0.64966,FALSE,0.14598,1,0.0175748,2,NA
89,1,102424612,103148412,TRUE,133,1832,0.000142285,0.000132725,0.132639,0.00159464,FALSE,NA,NA,NA,NA,NA,NA,2,NA
90,1,103148413,103784541,TRUE,80,1950,0.000266997,1.51395e-08,0.00673314,0.478779,FALSE,NA,NA,NA,NA,NA,NA,2,NA
91,1,103784542,104984435,TRUE,169,1940,0.000267032,0.000164776,0.0373685,0.000794365,TRUE,0.187734,0.187734,FALSE,-0.84306,0.98687,0.594072,2,NA
92,1,104984436,106089656,TRUE,208,3327,0.000293324,0.000162034,0.0369223,0.0016392,TRUE,0.369003,0.369003,FALSE,-0.49746,1,0.304769,2,NA
93,1,106089657,106864947,TRUE,212,1815,0.00031392,9.56526e-05,0.029789,0.0373595,TRUE,0.468546,0.468546,FALSE,-0.68235,1,0.288382,2,NA
94,1,106864948,107874653,TRUE,242,1893,3.04964e-05,0.000169712,0.417531,0.00197893,FALSE,NA,NA,NA,NA,NA,NA,2,NA
95,1,107874654,109271449,TRUE,359,2826,0.000309805,0.000242926,0.0729801,0.000402117,FALSE,NA,NA,NA,NA,NA,NA,2,NA
96,1,109271450,110224230,TRUE,291,2002,0.000352805,0.000200396,0.0340021,0.00104671,TRUE,0.519843,0.519843,FALSE,-0.19824,1,0.130455,2,NA
97,1,110224231,111134062,TRUE,353,1753,NA,0.000333076,NA,4.16162e-06,FALSE,NA,NA,NA,NA,NA,NA,1,"SCZ"
98,1,111134063,112489248,TRUE,459,3411,0.000868686,0.00044026,0.000272,7.94725e-08,TRUE,0.0699276,0.0699276,FALSE,-0.37854,0.43393,0.72168,2,NA
99,1,112489249,113418037,TRUE,295,1787,0.000245269,0.00021579,0.0989019,0.000519672,FALSE,NA,NA,NA,NA,NA,NA,2,NA
100,1,113418038,114664387,TRUE,269,2058,0.000266975,0.000271834,0.0741954,2.27859e-05,FALSE,NA,NA,NA,NA,NA,NA,2,NA
101,1,114664388,116207297,TRUE,401,3561,0.00151658,0.00028719,6.02153e-10,8.0163e-05,TRUE,0.544808,0.544808,FALSE,0.22621,0.89239,0.00241464,2,NA
102,1,116207298,117046311,TRUE,254,1776,0.00025691,0.000139346,0.0744644,0.00956156,FALSE,NA,NA,NA,NA,NA,NA,2,NA
103,1,117046312,118118667,TRUE,313,1916,0.000391088,0.000200332,0.026211,0.00144277,TRUE,-0.299065,-0.299065,FALSE,-1,0.34362,0.374884,2,NA
104,1,118118668,119408888,TRUE,264,2578,0.000454079,0.00018537,0.00803324,0.00144288,TRUE,0.0847017,0.0847017,FALSE,-0.80222,0.71732,0.783046,2,NA
105,1,119408889,120345066,TRUE,245,1877,NA,0.000126827,NA,0.0147707,FALSE,NA,NA,NA,NA,NA,NA,1,"SCZ"
106,1,120345067,145803848,TRUE,111,536,NA,0.000114499,NA,0.0208904,FALSE,NA,NA,NA,NA,NA,NA,1,"SCZ"
107,1,145803849,147083835,TRUE,133,1618,0.000123648,6.83422e-05,0.163958,0.0541841,FALSE,NA,NA,NA,NA,NA,NA,2,NA
108,1,147083836,149716037,TRUE,129,917,3.20124e-05,5.48887e-05,0.38465,0.097527,FALSE,NA,NA,NA,NA,NA,NA,2,NA
109,1,149716038,151146407,TRUE,175,2069,0.000596514,0.000128885,0.000170962,0.00626902,TRUE,0.521351,0.521351,FALSE,-0.02872,1,0.0691057,2,NA
110,1,151146408,152535630,TRUE,271,2049,0.000497437,0.000140372,0.00469912,0.0107378,TRUE,0.053269,0.053269,FALSE,-1,0.75431,0.873146,2,NA
111,1,152535631,153410809,TRUE,184,1727,0.000250418,0.000167545,0.0511467,0.000719304,FALSE,NA,NA,NA,NA,NA,NA,2,NA
112,1,153410810,154685545,TRUE,288,1968,0.000286319,0.000309679,0.0662411,2.6971e-06,FALSE,NA,NA,NA,NA,NA,NA,2,NA
113,1,154685546,156813845,TRUE,527,2854,0.00108779,0.000410529,3.11543e-05,2.3775e-06,TRUE,-0.0943998,-0.0943998,FALSE,-0.57845,0.27497,0.6263,2,NA
114,1,156813846,158081627,TRUE,404,3024,0.000427346,0.000189217,0.0294279,0.00555387,TRUE,-0.195414,-0.195414,FALSE,-1,0.50872,0.590137,2,NA
115,1,158081628,158900369,TRUE,200,2306,0.000191494,NA,0.112918,NA,FALSE,NA,NA,NA,NA,NA,NA,1,"BIP"
116,1,158900370,159882515,TRUE,265,2130,0.000645412,0.000143573,0.000469051,0.00959763,TRUE,-0.56942,-0.56942,FALSE,-1,0.0075,0.0557328,2,NA
117,1,159882516,161054076,TRUE,395,2451,0.000130486,0.000167723,0.271155,0.0120806,FALSE,NA,NA,NA,NA,NA,NA,2,NA
118,1,161054077,161945442,TRUE,224,1809,3.54107e-05,8.6523e-05,0.403212,0.056947,FALSE,NA,NA,NA,NA,NA,NA,2,NA
119,1,161945443,163141862,TRUE,423,3032,0.000277756,0.000230115,0.112028,0.00155568,FALSE,NA,NA,NA,NA,NA,NA,2,NA
120,1,163141863,163854567,TRUE,178,1883,0.000310114,0.000132281,0.0215071,0.00466649,TRUE,0.522554,0.522554,FALSE,-0.29933,1,0.149032,2,NA
121,1,163854568,164726579,TRUE,256,1805,0.000418346,0.000171954,0.0116357,0.00238003,TRUE,-0.250903,-0.250903,FALSE,-1,0.3843,0.436871,2,NA
122,1,164726580,165553812,TRUE,328,2130,0.000477117,0.000183065,0.0107895,0.00345719,TRUE,0.845562,0.845562,FALSE,0.31307,1,0.00962848,2,NA
123,1,165553813,166458031,TRUE,290,1863,0.00052839,8.54127e-05,0.00401537,0.08681,FALSE,NA,NA,NA,NA,NA,NA,2,NA
124,1,166458032,167163954,TRUE,192,1984,0.00059409,0.000148211,0.000222211,0.00261413,TRUE,0.464719,0.464719,FALSE,-0.08642,1,0.0879894,2,NA
125,1,167163955,168179086,TRUE,335,2037,0.00064349,0.000142267,0.00133044,0.0182476,TRUE,-0.343481,-0.343481,FALSE,-1,0.2761,0.288713,2,NA
126,1,168179087,169521551,TRUE,416,3453,0.00025637,0.000237881,0.12717,0.00095178,FALSE,NA,NA,NA,NA,NA,NA,2,NA
127,1,169521552,170193207,TRUE,121,1964,0.000107067,NA,0.183841,NA,FALSE,NA,NA,NA,NA,NA,NA,1,"BIP"
128,1,170193208,171044255,TRUE,183,1832,1.99112e-05,5.12886e-05,0.432826,0.141534,FALSE,NA,NA,NA,NA,NA,NA,2,NA
129,1,171044256,172465153,TRUE,295,3265,0.000641689,0.000386988,0.000752056,1.24045e-08,TRUE,0.255082,0.255082,FALSE,-0.18668,0.6687,0.212569,2,NA
130,1,172465154,173582511,TRUE,275,1797,0.000417115,0.000220858,0.0140027,0.000262521,TRUE,0.0282085,0.0282085,FALSE,-0.90775,0.61731,0.924946,2,NA
131,1,173582512,175385220,TRUE,179,3020,0.000566312,8.0952e-05,0.000242334,0.0480786,TRUE,0.719778,0.719778,FALSE,0.08942,1,0.0392416,2,NA
132,1,175385221,176449096,TRUE,243,2029,0.000572036,0.00014912,0.00104314,0.00592928,TRUE,0.65759,0.65759,FALSE,0.09832,1,0.0272425,2,NA
133,1,176449097,177746472,TRUE,269,2337,0.00107287,8.32328e-05,9.40527e-08,0.0797696,FALSE,NA,NA,NA,NA,NA,NA,2,NA
134,1,177746473,178915113,TRUE,225,2236,0.000659775,0.000177121,0.000134816,0.001066,TRUE,0.282436,0.282436,FALSE,-0.31096,0.78267,0.26607,2,NA
135,1,178915114,180221608,TRUE,234,3435,0.000172849,0.000238213,0.150571,3.58445e-05,FALSE,NA,NA,NA,NA,NA,NA,2,NA
136,1,180221609,181324205,TRUE,267,2318,0.000351667,0.000174089,0.0291519,0.00244536,TRUE,0.510393,0.510393,FALSE,-0.24465,1,0.14835,2,NA
137,1,181324206,182420540,TRUE,317,2451,0.00057995,0.000158776,0.00263492,0.0084102,TRUE,0.583311,0.583311,FALSE,-0.01923,1,0.0632619,2,NA
138,1,182420541,183920616,TRUE,334,3156,0.000482451,0.000554774,0.0106801,3.70098e-13,TRUE,0.404326,0.404326,FALSE,-0.01081,0.95592,0.0602637,2,NA
139,1,183920617,184953089,TRUE,241,1957,0.00068935,0.000161478,0.000130793,0.00317966,TRUE,0.201411,0.201411,FALSE,-0.44737,0.73641,0.449343,2,NA
140,1,184953090,186179447,TRUE,235,1586,0.000307814,0.000185311,0.0398832,0.000993929,TRUE,0.201364,0.201364,FALSE,-0.78123,1,0.568445,2,NA
141,1,186179448,187072605,TRUE,167,1856,0.000372702,5.97333e-05,0.00692894,0.0968225,FALSE,NA,NA,NA,NA,NA,NA,2,NA
142,1,187072606,187757076,TRUE,161,1759,0.000743666,9.1457e-05,2.03511e-06,0.02659,TRUE,0.0974899,0.0974899,FALSE,-0.75309,0.72902,0.73837,2,NA
143,1,187757077,188625772,TRUE,144,2651,0.000148561,6.05042e-05,0.130103,0.0821936,FALSE,NA,NA,NA,NA,NA,NA,2,NA
144,1,188625773,189904637,TRUE,165,3082,0.000598609,0.000127619,0.00011002,0.00879025,TRUE,0.0417837,0.0417837,FALSE,-0.79401,0.63332,0.88515,2,NA
145,1,189904638,191419275,TRUE,217,3331,0.000435368,0.000124296,0.00580585,0.0122652,TRUE,0.755421,0.755421,FALSE,0.14843,1,0.0299407,2,NA
146,1,191419276,192468373,TRUE,194,2148,0.000170147,0.000124614,0.133852,0.00853555,FALSE,NA,NA,NA,NA,NA,NA,2,NA
147,1,192468374,193575516,TRUE,230,1884,0.000454659,5.34665e-05,0.00548142,0.163305,FALSE,NA,NA,NA,NA,NA,NA,2,NA
148,1,193575517,194365688,TRUE,161,2217,0.000294872,8.71794e-05,0.0233532,0.033622,TRUE,0.674383,0.674383,FALSE,-0.20469,1,0.117649,2,NA
149,1,194365689,195161235,TRUE,121,2388,0.000109871,2.75465e-05,0.177867,0.230178,FALSE,NA,NA,NA,NA,NA,NA,2,NA
150,1,195161236,196179110,TRUE,215,2233,0.00046659,0.000116695,0.00334698,0.0161127,TRUE,0.145106,0.145106,FALSE,-0.90769,0.87452,0.671568,2,NA
151,1,196179111,197935821,TRUE,248,2324,0.000687675,0.000150928,0.000148823,0.00532098,TRUE,0.416057,0.416057,FALSE,-0.17521,1,0.131348,2,NA
152,1,197935822,199263389,TRUE,290,2843,0.000781588,0.00032984,7.08838e-05,8.72657e-07,TRUE,0.19742,0.19742,FALSE,-0.24366,0.56716,0.327853,2,NA
153,1,199263390,200134005,TRUE,203,2428,0.000407103,0.000177233,0.00703691,0.000646692,TRUE,-0.0177184,-0.0177184,FALSE,-0.97874,0.57929,0.952747,2,NA
154,1,200134006,201067952,TRUE,253,2051,0.00110249,0.000192131,2.45809e-08,0.000821468,TRUE,0.226913,0.226913,FALSE,-0.22097,0.63349,0.279818,2,NA
155,1,201067953,202583884,TRUE,586,3280,0.000272213,0.000246168,0.151879,0.00309795,FALSE,NA,NA,NA,NA,NA,NA,2,NA
156,1,202583885,204092537,TRUE,528,3171,0.000736175,0.000351162,0.00269526,3.29954e-05,TRUE,0.288284,0.288284,FALSE,-0.26553,0.7943,0.236019,2,NA
157,1,204092538,205009623,TRUE,325,1999,0.00106197,0.000329883,8.66868e-07,2.2261e-06,TRUE,0.13684,0.13684,FALSE,-0.26385,0.47359,0.455539,2,NA
158,1,205009624,205917548,TRUE,313,2218,0.000417685,0.000193976,0.0196598,0.00197108,TRUE,0.377065,0.377065,FALSE,-0.43132,1,0.255842,2,NA
159,1,205917549,208162951,TRUE,452,3295,0.000640624,0.000385606,0.00476144,3.64703e-06,TRUE,0.239433,0.239433,FALSE,-0.31478,0.7369,0.319028,2,NA
160,1,208162952,209711169,TRUE,598,3319,0.000944998,2.17986e-05,0.000432695,0.393578,FALSE,NA,NA,NA,NA,NA,NA,2,NA
161,1,209711170,211082892,TRUE,408,3102,0.00100636,0.000434288,1.6478e-05,3.39746e-08,TRUE,0.0830455,0.0830455,FALSE,-0.32275,0.42492,0.645084,2,NA
162,1,211082893,212347582,TRUE,321,3441,0.000550955,0.0003724,0.00415764,1.91392e-07,TRUE,0.321488,0.321488,FALSE,-0.16938,0.81992,0.164028,2,NA
163,1,212347583,213958292,TRUE,469,3613,0.000772735,0.000135083,0.00104506,0.0438603,TRUE,0.488933,0.488933,FALSE,-0.27369,1,0.158708,2,NA
164,1,213958293,214783872,TRUE,287,1911,0.00061134,0.000184267,0.00110529,0.00211486,TRUE,0.16108,0.16108,FALSE,-0.57727,0.71293,0.563418,2,NA
165,1,214783873,215825791,TRUE,196,1832,0.000471399,0.000177074,0.00227913,0.00071601,TRUE,0.315889,0.315889,FALSE,-0.33794,0.91253,0.261299,2,NA
166,1,215825792,216658126,TRUE,273,1888,8.70818e-05,0.000171069,0.30926,0.00328511,FALSE,NA,NA,NA,NA,NA,NA,2,NA
167,1,216658127,217352165,TRUE,272,1801,0.000112566,0.000152793,0.260172,0.00698123,FALSE,NA,NA,NA,NA,NA,NA,2,NA
168,1,217352166,218563960,TRUE,345,3241,0.000391586,0.00030221,0.0309734,1.4894e-05,TRUE,-0.606446,-0.606446,FALSE,-1,-0.01941,0.0398676,2,NA
169,1,218563961,220073132,TRUE,325,3677,0.000488358,NA,0.00916864,NA,FALSE,NA,NA,NA,NA,NA,NA,1,"BIP"
170,1,220073133,220978151,TRUE,216,1988,0.000356304,0.000174547,0.0180371,0.00108056,TRUE,0.138722,0.138722,FALSE,-0.81973,0.8228,0.67117,2,NA
171,1,220978152,221856864,TRUE,195,2069,0.000231575,0.000213778,0.0707572,6.55402e-05,FALSE,NA,NA,NA,NA,NA,NA,2,NA
172,1,221856865,222763597,TRUE,263,1745,0.000182305,0.000315971,0.154166,6.51136e-07,FALSE,NA,NA,NA,NA,NA,NA,2,NA
173,1,222763598,223654902,TRUE,230,1800,NA,0.000235515,NA,4.40485e-05,FALSE,NA,NA,NA,NA,NA,NA,1,"SCZ"
174,1,223654903,224943337,TRUE,284,2323,0.000761109,4.44606e-05,8.5669e-05,0.224834,FALSE,NA,NA,NA,NA,NA,NA,2,NA
175,1,224943338,226534711,TRUE,332,3354,0.000327755,0.000201269,0.0541436,0.00171308,FALSE,NA,NA,NA,NA,NA,NA,2,NA
176,1,226534712,228045554,TRUE,314,3753,0.000853422,0.000189276,3.03769e-05,0.00215181,TRUE,0.295456,0.295456,FALSE,-0.25361,0.79136,0.230913,2,NA
177,1,228045555,229075156,TRUE,229,1811,0.00011059,0.000148826,0.247589,0.00519604,FALSE,NA,NA,NA,NA,NA,NA,2,NA
178,1,229075157,230227247,TRUE,402,2009,7.67259e-05,0.00025263,0.355886,0.000470549,FALSE,NA,NA,NA,NA,NA,NA,2,NA
179,1,230227248,231287764,TRUE,464,3218,0.000636815,0.000165069,0.00492337,0.0182224,TRUE,-0.102398,-0.102398,FALSE,-1,0.58022,0.764092,2,NA
180,1,231287765,232177704,TRUE,294,1814,0.000450232,0.000270722,0.0121788,4.22056e-05,TRUE,-0.0363633,-0.0363633,FALSE,-0.95164,0.51679,0.896309,2,NA
181,1,232177705,232954942,TRUE,341,2023,0.000242959,0.000179848,0.11675,0.00456369,FALSE,NA,NA,NA,NA,NA,NA,2,NA
182,1,232954943,233639473,TRUE,225,1896,0.000342369,0.000163264,0.0238879,0.00231721,TRUE,0.246069,0.246069,FALSE,-0.70063,1,0.479604,2,NA
183,1,233639474,234365796,TRUE,292,2060,0.000321872,6.6979e-05,0.0478981,0.135682,FALSE,NA,NA,NA,NA,NA,NA,2,NA
184,1,234365797,235097113,TRUE,361,1922,0.000358052,9.78839e-05,0.0459187,0.0781209,FALSE,NA,NA,NA,NA,NA,NA,2,NA
185,1,235097114,236199671,TRUE,251,1913,0.000606315,0.000119228,0.000668451,0.0213888,TRUE,-0.0665676,-0.0665676,FALSE,-1,0.57079,0.836624,2,NA
186,1,236199672,237409458,TRUE,460,3394,0.000374655,0.000226656,0.0583943,0.00232699,FALSE,NA,NA,NA,NA,NA,NA,2,NA
187,1,237409459,238094455,TRUE,305,1938,0.000696664,0.000118367,0.000405639,0.0344609,TRUE,0.246047,0.246047,FALSE,-0.61945,1,0.45611,2,NA
188,1,238094456,238704857,TRUE,167,1888,0.000645059,0.000483299,3.51063e-05,1.39844e-15,TRUE,0.331191,0.331191,FALSE,-0.00999,0.63984,0.0499262,2,NA
189,1,238704858,239332148,TRUE,197,1920,0.000593612,0.000124705,0.000235607,0.00861492,TRUE,0.479,0.479,FALSE,-0.13323,1,0.102896,2,NA
190,1,239332149,240248508,TRUE,339,2240,0.000753742,0.000181628,0.000264758,0.00400937,TRUE,0.351063,0.351063,FALSE,-0.2471,0.95688,0.194178,2,NA
191,1,240248509,241033584,TRUE,337,1790,0.000348302,0.000136514,0.0449858,0.0208248,TRUE,0.218839,0.218839,FALSE,-1,1,0.607802,2,NA
192,1,241033585,241813534,TRUE,345,1927,0.000678964,0.00038749,0.000925592,8.54541e-08,TRUE,0.24423,0.24423,FALSE,-0.2212,0.65597,0.244917,2,NA
193,1,241813535,242417923,TRUE,278,1784,0.000157301,7.7465e-05,0.190777,0.0960612,FALSE,NA,NA,NA,NA,NA,NA,2,NA
194,1,242417924,243048003,TRUE,227,1734,0.000234117,9.36085e-05,0.0815482,0.044038,FALSE,NA,NA,NA,NA,NA,NA,2,NA
195,1,243048004,244723196,TRUE,443,2680,0.00131111,0.000196934,1.42786e-07,0.00611689,TRUE,0.0938531,0.0938531,FALSE,-0.50327,0.54213,0.684259,2,NA
196,1,244723197,245970505,TRUE,604,2985,NA,0.000126962,NA,0.0751201,FALSE,NA,NA,NA,NA,NA,NA,1,"SCZ"
197,1,245970506,246610290,TRUE,168,2049,0.000255363,0.000136991,0.0411767,0.00285117,TRUE,0.322719,0.322719,FALSE,-0.69203,1,0.395275,2,NA
198,1,246610291,247531112,TRUE,340,2562,0.000471362,0.000114696,0.0131919,0.0441734,TRUE,-0.156903,-0.156903,FALSE,-1,0.69308,0.700104,2,NA
199,1,247531113,248341594,TRUE,294,2418,0.000216755,3.26903e-05,0.125068,0.287438,FALSE,NA,NA,NA,NA,NA,NA,2,NA
200,1,248341595,249240538,TRUE,97,1173,NA,0.000100782,NA,0.00482253,FALSE,NA,NA,NA,NA,NA,NA,1,"SCZ"
201,2,10181,789195,TRUE,232,1830,0.000334612,0.00012764,0.0266238,0.0120666,TRUE,0.670729,0.670729,FALSE,-0.09546,1,0.0856126,2,NA
202,2,789196,1376545,TRUE,154,2120,0.000352199,4.56635e-05,0.00775797,0.148442,FALSE,NA,NA,NA,NA,NA,NA,2,NA
203,2,1376546,1875060,TRUE,236,1679,NA,8.95506e-05,NA,0.0569796,FALSE,NA,NA,NA,NA,NA,NA,1,"SCZ"
204,2,1875061,2680063,TRUE,327,2004,0.000695003,0.000146324,0.000558015,0.0147079,TRUE,0.620051,0.620051,FALSE,0.03852,1,0.0434315,2,NA
205,2,2680064,3314202,TRUE,331,1836,0.000428691,0.000119124,0.0191924,0.0365044,TRUE,-0.197085,-0.197085,FALSE,-1,0.6208,0.632003,2,NA
206,2,3314203,4016104,TRUE,314,1873,NA,8.70648e-05,NA,0.0853598,FALSE,NA,NA,NA,NA,NA,NA,1,"SCZ"
207,2,4016105,4766969,TRUE,243,1898,0.000134968,NA,0.211512,NA,FALSE,NA,NA,NA,NA,NA,NA,1,"BIP"
208,2,4766970,5568653,TRUE,218,1727,0.000290856,0.000127592,0.0407674,0.0103176,TRUE,0.346348,0.346348,FALSE,-0.76904,1,0.392724,2,NA
209,2,5568654,6306606,TRUE,313,2215,0.00020686,0.000214454,0.144228,0.000695074,FALSE,NA,NA,NA,NA,NA,NA,2,NA
210,2,6306607,7108208,TRUE,295,1894,0.000417718,0.000149186,0.016793,0.0098705,TRUE,0.533081,0.533081,FALSE,-0.25332,1,0.141207,2,NA
211,2,7108209,7966709,TRUE,255,2038,0.00081946,8.6783e-05,1.30649e-05,0.065319,FALSE,NA,NA,NA,NA,NA,NA,2,NA
212,2,7966710,8978798,TRUE,381,2007,0.000654284,0.000158985,0.00199504,0.0142627,TRUE,0.47517,0.47517,FALSE,-0.2088,1,0.137579,2,NA
213,2,8978799,9960670,TRUE,273,1821,0.000236127,0.000118001,0.0982636,0.0264243,FALSE,NA,NA,NA,NA,NA,NA,2,NA
214,2,9960671,10611654,TRUE,339,2108,0.000320216,9.91271e-05,0.0593723,0.0679888,FALSE,NA,NA,NA,NA,NA,NA,2,NA
215,2,10611655,11230349,TRUE,302,1950,0.000403712,0.000129833,0.0205321,0.0212123,TRUE,0.0418709,0.0418709,FALSE,-1,0.87889,0.915279,2,NA
216,2,11230350,11995765,TRUE,311,1846,0.000183395,9.61052e-06,0.17199,0.428945,FALSE,NA,NA,NA,NA,NA,NA,2,NA
217,2,11995766,12732506,TRUE,355,1959,0.000721864,0.000112051,0.000576681,0.0523377,FALSE,NA,NA,NA,NA,NA,NA,2,NA
218,2,12732507,13625450,TRUE,203,2256,4.27429e-05,2.4449e-05,0.379881,0.303346,FALSE,NA,NA,NA,NA,NA,NA,2,NA
219,2,13625451,14692120,TRUE,271,2732,0.000364332,0.000144481,0.0255436,0.00887819,TRUE,0.53138,0.53138,FALSE,-0.33843,1,0.158142,2,NA
220,2,14692121,15721703,TRUE,239,2119,0.000119962,0.000159148,0.233573,0.0030802,FALSE,NA,NA,NA,NA,NA,NA,2,NA
221,2,15721704,17241115,TRUE,546,3452,6.88213e-05,0.00064708,0.38687,5.17427e-12,FALSE,NA,NA,NA,NA,NA,NA,2,NA
222,2,17241116,18656325,TRUE,395,3725,0.000841141,0.000146997,0.000173492,0.0214068,TRUE,0.156045,0.156045,FALSE,-0.65585,0.79787,0.603148,2,NA
223,2,18656326,20064517,TRUE,449,3643,0.000706136,0.000136889,0.00200201,0.0384258,TRUE,0.263814,0.263814,FALSE,-0.69973,1,0.454537,2,NA
224,2,20064518,21084898,TRUE,391,2391,0.000280584,5.16444e-05,0.0991846,0.227409,FALSE,NA,NA,NA,NA,NA,NA,2,NA
225,2,21084899,22429640,TRUE,286,2192,0.000729466,0.000179336,0.000160369,0.00284279,TRUE,-0.0979075,-0.0979075,FALSE,-0.91266,0.40242,0.710416,2,NA
226,2,22429641,23538527,TRUE,368,2363,0.00055378,0.000294614,0.00629017,4.00119e-05,TRUE,0.639509,0.639509,FALSE,0.1817,1,0.0148424,2,NA
227,2,23538528,24669224,TRUE,285,2791,0.000740406,0.000314887,0.000137765,1.70722e-06,TRUE,0.143727,0.143727,FALSE,-0.34135,0.53472,0.492491,2,NA
228,2,24669225,25895394,TRUE,283,2120,0.000640659,9.13883e-05,0.000638072,0.0659195,FALSE,NA,NA,NA,NA,NA,NA,2,NA
229,2,25895395,26894102,TRUE,276,1837,0.000304289,0.000154812,0.0523951,0.00680588,FALSE,NA,NA,NA,NA,NA,NA,2,NA
230,2,26894103,28819510,TRUE,370,3015,0.000845294,0.000438602,0.000118366,1.28225e-08,TRUE,0.0640965,0.0640965,FALSE,-0.38478,0.4105,0.734759,2,NA
231,2,28819511,29627932,TRUE,281,1917,0.000566621,0.000179582,0.00196578,0.00235577,TRUE,0.0767212,0.0767212,FALSE,-0.73854,0.65915,0.790447,2,NA
232,2,29627933,30575619,TRUE,355,2200,0.000181831,0.000281793,0.187656,6.24055e-05,FALSE,NA,NA,NA,NA,NA,NA,2,NA
233,2,30575620,31457418,TRUE,314,2545,0.000306626,0.000124862,0.0619774,0.0307687,FALSE,NA,NA,NA,NA,NA,NA,2,NA
234,2,31457419,33123604,TRUE,364,3221,0.00110423,0.000291997,3.08691e-06,7.51543e-05,TRUE,0.136121,0.136121,FALSE,-0.33031,0.51605,0.505448,2,NA
235,2,33123605,33735318,TRUE,302,1921,0.000416984,0.000119812,0.0180045,0.030668,TRUE,0.0192064,0.0192064,FALSE,-1,0.8714,0.961929,2,NA
236,2,33735319,34239776,TRUE,184,1795,0.000191574,6.26015e-05,0.102359,0.104421,FALSE,NA,NA,NA,NA,NA,NA,2,NA
237,2,34239777,34890558,TRUE,208,1699,7.58304e-05,0.000223056,0.306928,5.2269e-05,FALSE,NA,NA,NA,NA,NA,NA,2,NA
238,2,34890559,35609257,TRUE,198,1993,0.000240253,0.000200008,0.0648752,0.000143714,FALSE,NA,NA,NA,NA,NA,NA,2,NA
239,2,35609258,36120743,TRUE,132,1874,0.00037888,5.48931e-05,0.00285886,0.0907252,FALSE,NA,NA,NA,NA,NA,NA,2,NA
240,2,36120744,36867389,TRUE,279,2003,0.000529772,0.000219772,0.00341189,0.000333706,TRUE,0.158902,0.158902,FALSE,-0.53476,0.70591,0.559876,2,NA
241,2,36867390,37603360,TRUE,261,1944,0.00077304,0.000159232,3.91333e-05,0.00443631,TRUE,0.134689,0.134689,FALSE,-0.51831,0.65253,0.606645,2,NA
242,2,37603361,38887393,TRUE,448,3351,0.000972602,0.00039525,5.4227e-05,1.76483e-06,TRUE,0.159532,0.159532,FALSE,-0.28343,0.5331,0.419325,2,NA
243,2,38887394,40087418,TRUE,289,1920,0.000481757,0.000178607,0.00725343,0.00289133,TRUE,0.456924,0.456924,FALSE,-0.21436,1,0.145901,2,NA
244,2,40087419,40786176,TRUE,310,1901,0.000737652,0.000263419,0.000259274,8.84382e-05,TRUE,0.332848,0.332848,FALSE,-0.16702,0.79683,0.153065,2,NA
245,2,40786177,41540439,TRUE,218,1884,0.000102779,0.00023022,0.256059,4.39154e-05,FALSE,NA,NA,NA,NA,NA,NA,2,NA
246,2,41540440,42307418,TRUE,252,2383,0.000592409,0.000156803,0.000820588,0.00417231,TRUE,0.0781885,0.0781885,FALSE,-0.71863,0.64146,0.785988,2,NA
247,2,42307419,43295776,FALSE,NA,NA,NA,NA,NA,NA,FALSE,NA,NA,NA,NA,NA,NA,NA,NA
248,2,43295777,44104110,TRUE,275,2001,0.000358815,0.000200842,0.0286725,0.000865877,TRUE,-0.113117,-0.113117,FALSE,-1,0.53456,0.736141,2,NA
249,2,44104111,45189468,TRUE,341,2363,0.000139129,0.000326081,0.241519,3.61796e-06,FALSE,NA,NA,NA,NA,NA,NA,2,NA
250,2,45189469,45850047,TRUE,347,1844,0.000603028,0.00018567,0.00263014,0.00371725,TRUE,-0.0938389,-0.0938389,FALSE,-1,0.48613,0.752056,2,NA
251,2,45850048,46499326,TRUE,442,1883,0.000851836,0.000296865,0.000275175,0.000111846,TRUE,0.54093,0.54093,FALSE,0.11119,1,0.0190848,2,NA
252,2,46499327,47320114,TRUE,381,2281,0.000375147,0.000145338,0.0441717,0.0226225,TRUE,0.205476,0.205476,FALSE,-1,1,0.630169,2,NA
253,2,47320115,48171058,TRUE,421,1998,0.000168875,0.000292727,0.222945,0.000102716,FALSE,NA,NA,NA,NA,NA,NA,2,NA
254,2,48171059,49114132,TRUE,282,2228,0.000559697,0.000338557,0.00225597,3.30727e-07,TRUE,0.241352,0.241352,FALSE,-0.26289,0.71204,0.288447,2,NA
255,2,49114133,49849185,TRUE,260,2082,NA,0.000206776,NA,0.000426118,FALSE,NA,NA,NA,NA,NA,NA,1,"SCZ"
256,2,49849186,50756240,TRUE,250,2211,0.000297494,0.000356431,0.0477798,2.02266e-08,TRUE,0.664613,0.664613,FALSE,0.16712,1,0.0195848,2,NA
257,2,50756241,51669493,TRUE,270,2176,0.000341626,0.000276555,0.0341042,1.23094e-05,TRUE,0.192987,0.192987,FALSE,-0.60094,0.86965,0.52077,2,NA
258,2,51669494,52494111,TRUE,268,1957,0.000492685,0.000459017,0.004818,1.40885e-11,TRUE,0.260835,0.260835,FALSE,-0.20083,0.70543,0.218232,2,NA
259,2,52494112,53032976,TRUE,151,1882,0.000120431,5.73877e-06,0.183715,0.432527,FALSE,NA,NA,NA,NA,NA,NA,2,NA
260,2,53032977,53852120,TRUE,310,2434,9.72948e-05,9.07619e-05,0.299552,0.0764945,FALSE,NA,NA,NA,NA,NA,NA,2,NA
261,2,53852121,54688234,TRUE,217,1900,0.00062862,0.000116088,0.000200056,0.0178133,TRUE,0.241704,0.241704,FALSE,-0.57636,0.90605,0.429472,2,NA
262,2,54688235,55663336,TRUE,286,2400,0.00038625,0.000286118,0.0226967,1.1742e-05,TRUE,0.031888,0.031888,FALSE,-0.82717,0.63747,0.911557,2,NA
263,2,55663337,56394698,TRUE,206,1950,0.000467353,6.64499e-05,0.00302089,0.106668,FALSE,NA,NA,NA,NA,NA,NA,2,NA
264,2,56394699,57433653,TRUE,278,2343,0.000533298,0.000247229,0.00308919,6.53758e-05,TRUE,0.278907,0.278907,FALSE,-0.30753,0.80295,0.281288,2,NA
265,2,57433654,57952945,TRUE,125,1616,0.000581438,2.36777e-05,2.23748e-05,0.265536,FALSE,NA,NA,NA,NA,NA,NA,2,NA
266,2,57952946,59251996,TRUE,315,2167,0.00158378,0.000327292,3.35383e-12,2.22314e-06,TRUE,0.0931365,0.0931365,FALSE,-0.23916,0.38715,0.555138,2,NA
267,2,59251997,60775066,TRUE,535,3260,0.00175633,0.000702442,4.05782e-10,5.70552e-14,TRUE,0.39676,0.39676,FALSE,0.15972,0.62662,0.00224262,2,NA
268,2,60775067,62429910,TRUE,370,2758,0.000306475,0.000255836,0.0779928,0.000314223,FALSE,NA,NA,NA,NA,NA,NA,2,NA
269,2,62429911,63672118,TRUE,289,1979,0.000614711,0.000636132,0.00110424,9.65877e-18,TRUE,-0.0374193,-0.0374193,FALSE,-0.474,0.30073,0.832845,2,NA
270,2,63672119,64696089,TRUE,219,1926,0.00013485,0.000315992,0.200139,1.22333e-07,FALSE,NA,NA,NA,NA,NA,NA,2,NA
271,2,64696090,65938002,TRUE,445,2729,0.000503329,0.000383463,0.0175068,1.70365e-06,TRUE,0.105323,0.105323,FALSE,-0.59328,0.63017,0.687254,2,NA
272,2,65938003,67224027,TRUE,408,2840,0.00037656,5.7614e-05,0.0476412,0.210004,FALSE,NA,NA,NA,NA,NA,NA,2,NA
273,2,67224028,67979828,TRUE,259,2140,0.000527729,0.000293616,0.00254438,2.68917e-06,TRUE,0.309785,0.309785,FALSE,-0.20468,0.79472,0.194664,2,NA
274,2,67979829,68877774,TRUE,253,2122,0.000534303,0.000156743,0.00227755,0.00485691,TRUE,-0.186885,-0.186885,FALSE,-1,0.39637,0.540234,2,NA
275,2,68877775,70756283,TRUE,451,3553,0.000725127,0.000285525,0.0015657,0.000185929,TRUE,-0.0563998,-0.0563998,FALSE,-0.79238,0.41118,0.822635,2,NA
276,2,70756284,71385813,TRUE,261,1817,0.000347134,0.000198755,0.0293002,0.000686319,TRUE,0.379916,0.379916,FALSE,-0.40284,1,0.252904,2,NA
277,2,71385814,72160302,TRUE,289,1898,0.000194346,0.000191317,0.148921,0.00182755,FALSE,NA,NA,NA,NA,NA,NA,2,NA
278,2,72160303,73544290,TRUE,271,1985,0.000847272,0.000145171,1.30066e-05,0.00939523,TRUE,0.378939,0.378939,FALSE,-0.20727,0.97706,0.155086,2,NA
279,2,73544291,75148103,TRUE,333,2294,0.000656198,0.000167105,0.00107416,0.00719372,TRUE,0.28017,0.28017,FALSE,-0.44133,0.94012,0.345828,2,NA
280,2,75148104,75942397,TRUE,295,1979,6.94987e-06,6.05498e-05,0.474344,0.162019,FALSE,NA,NA,NA,NA,NA,NA,2,NA
281,2,75942398,76649030,TRUE,159,1936,0.000416926,9.63617e-05,0.00268836,0.0194536,TRUE,0.440528,0.440528,FALSE,-0.33762,1,0.210398,2,NA
282,2,76649031,77372830,TRUE,253,1996,NA,8.60533e-05,NA,0.0669843,FALSE,NA,NA,NA,NA,NA,NA,1,"SCZ"
283,2,77372831,78080057,TRUE,274,1844,0.000355496,0.000167618,0.029761,0.00393794,TRUE,0.766489,0.766489,FALSE,0.12501,1,0.0343447,2,NA
284,2,78080058,79019676,TRUE,200,2164,0.000443145,0.00032012,0.00395046,3.0403e-08,TRUE,0.140788,0.140788,FALSE,-0.42496,0.60162,0.543471,2,NA
285,2,79019677,79900055,TRUE,329,2364,0.000757333,0.000302134,0.000206055,9.23645e-06,TRUE,0.198972,0.198972,FALSE,-0.28976,0.59879,0.359628,2,NA
286,2,79900056,80737811,TRUE,370,1895,0.000883245,0.000261697,5.90497e-05,0.000196434,TRUE,-0.165885,-0.165885,FALSE,-0.83029,0.26216,0.461683,2,NA
287,2,80737812,81623357,TRUE,197,1831,0.000322503,0.000172598,0.0232228,0.000790635,TRUE,0.0988445,0.0988445,FALSE,-0.98085,0.80996,0.765924,2,NA
288,2,81623358,82941455,TRUE,169,3459,0.000583242,0.00013507,0.000124817,0.00319117,TRUE,0.370244,0.370244,FALSE,-0.2089,0.94391,0.174202,2,NA
289,2,82941456,84395899,TRUE,189,3161,0.000297546,0.000115319,0.0289374,0.0131611,TRUE,-0.63416,-0.63416,FALSE,-1,0.1204,0.112235,2,NA
290,2,84395900,85992794,TRUE,404,3326,0.00072172,0.000346467,0.00114611,7.61341e-06,TRUE,-0.0360873,-0.0360873,FALSE,-0.64963,0.39013,0.874432,2,NA
291,2,85992795,86867032,TRUE,149,2058,0.00031787,9.73679e-05,0.0129232,0.0167932,TRUE,0.300557,0.300557,FALSE,-0.8246,1,0.433301,2,NA
292,2,86867033,88547312,TRUE,153,888,0.000252141,9.90161e-05,0.038104,0.0173723,TRUE,0.23429,0.23429,FALSE,-1,1,0.581768,2,NA
293,2,88547313,91860961,TRUE,117,1249,0.000308497,2.38174e-06,0.00920885,0.458492,FALSE,NA,NA,NA,NA,NA,NA,2,NA
294,2,91860962,97339301,TRUE,183,1383,0.00073235,0.000196851,1.03884e-05,0.000168132,TRUE,0.293282,0.293282,FALSE,-0.1794,0.71398,0.191695,2,NA
295,2,97339302,98989360,TRUE,177,1888,0.000483935,0.000331156,0.00121796,3.08073e-09,TRUE,0.512375,0.512375,FALSE,0.11486,0.96578,0.0174273,2,NA
296,2,98989361,100202436,TRUE,177,2068,0.000256905,0.000230686,0.0465784,2.1483e-05,TRUE,0.900517,0.900517,FALSE,0.36893,1,0.00611362,2,NA
297,2,100202437,101556799,TRUE,274,3050,0.000532016,0.000114903,0.0033116,0.0301656,TRUE,0.482208,0.482208,FALSE,-0.31436,1,0.177997,2,NA
298,2,101556800,102494487,TRUE,256,1907,0.000250023,NA,0.0812141,NA,FALSE,NA,NA,NA,NA,NA,NA,1,"BIP"
299,2,102494488,103305257,TRUE,168,2015,0.00024241,NA,0.0491401,NA,FALSE,NA,NA,NA,NA,NA,NA,1,"BIP"
300,2,103305258,105120578,TRUE,375,2865,0.00114201,0.000358494,7.57589e-07,1.72276e-06,TRUE,0.466081,0.466081,FALSE,0.127,0.80524,0.0102549,2,NA
301,2,105120579,106546524,TRUE,469,3490,0.000502471,0.000139272,0.0201056,0.0379727,TRUE,0.824199,0.824199,FALSE,0.08248,1,0.0448661,2,NA
302,2,106546525,107412295,TRUE,269,2193,0.000384256,0.00011978,0.0207801,0.025191,TRUE,-0.453565,-0.453565,FALSE,-1,0.31888,0.260131,2,NA
303,2,107412296,108417773,TRUE,237,2502,0.000309224,9.74059e-05,0.0380304,0.0410483,TRUE,-0.356401,-0.356401,FALSE,-1,0.50928,0.434144,2,NA
304,2,108417774,110097868,TRUE,350,3301,0.00048137,0.000244225,0.0128164,0.000378492,TRUE,-0.0886067,-0.0886067,FALSE,-1,0.48039,0.765318,2,NA
305,2,110097869,112644828,TRUE,386,2597,0.000373595,0.000165589,0.0450364,0.0119187,TRUE,-0.272672,-0.272672,FALSE,-1,0.52646,0.500046,2,NA
306,2,112644829,113930668,TRUE,253,2573,0.000252907,0.000152401,0.0769757,0.00536895,FALSE,NA,NA,NA,NA,NA,NA,2,NA
307,2,113930669,115203835,TRUE,242,2233,0.000176353,9.49955e-05,0.149911,0.047543,FALSE,NA,NA,NA,NA,NA,NA,2,NA
308,2,115203836,116415816,TRUE,277,2354,0.00048196,5.48734e-05,0.00624423,0.175983,FALSE,NA,NA,NA,NA,NA,NA,2,NA
309,2,116415817,117822516,TRUE,217,3052,3.98134e-05,0.000178224,0.391717,0.00100498,FALSE,NA,NA,NA,NA,NA,NA,2,NA
310,2,117822517,118663653,TRUE,168,1961,0.000240915,0.000137488,0.0510508,0.00309554,FALSE,NA,NA,NA,NA,NA,NA,2,NA
311,2,118663654,119635489,TRUE,281,2304,0.000878088,0.000152307,9.556e-06,0.00750989,TRUE,0.12039,0.12039,FALSE,-0.55345,0.63919,0.643338,2,NA
312,2,119635490,121073752,TRUE,367,3029,0.000933188,0.000288986,2.64225e-05,5.62048e-05,TRUE,-0.0199392,-0.0199392,FALSE,-0.55655,0.37532,0.925038,2,NA
313,2,121073753,122026817,TRUE,387,2123,0.000327969,0.00044594,0.0674424,1.08083e-08,FALSE,NA,NA,NA,NA,NA,NA,2,NA
314,2,122026818,123219243,TRUE,204,2253,0.000359017,0.00013305,0.0147384,0.00715242,TRUE,0.674354,0.674354,FALSE,-0.01026,1,0.0585184,2,NA
315,2,123219244,123929872,TRUE,131,1922,0.000213223,2.1399e-06,0.0520211,0.462523,FALSE,NA,NA,NA,NA,NA,NA,2,NA
316,2,123929873,124730991,TRUE,143,1945,0.000193627,9.84579e-05,0.0747564,0.0152845,FALSE,NA,NA,NA,NA,NA,NA,2,NA
317,2,124730992,125741528,TRUE,268,2290,0.00103039,0.00022989,2.21336e-07,0.000138053,TRUE,0.513089,0.513089,FALSE,0.14225,0.91293,0.0114677,2,NA
318,2,125741529,126754027,TRUE,164,2505,0.000260322,5.71528e-05,0.0375702,0.106087,FALSE,NA,NA,NA,NA,NA,NA,2,NA
319,2,126754028,127895644,TRUE,332,3112,0.000232117,0.000127884,0.124205,0.0281123,FALSE,NA,NA,NA,NA,NA,NA,2,NA
320,2,127895645,129486897,TRUE,425,3780,0.000199728,0.000247085,0.187209,0.000798013,FALSE,NA,NA,NA,NA,NA,NA,2,NA
321,2,129486898,130485398,TRUE,254,2492,4.44974e-05,0.000152158,0.388486,0.0054932,FALSE,NA,NA,NA,NA,NA,NA,2,NA
322,2,130485399,131760638,TRUE,195,1311,NA,0.000124864,NA,0.010902,FALSE,NA,NA,NA,NA,NA,NA,1,"SCZ"
323,2,131760639,132598285,TRUE,118,1357,0.000123227,0.000116239,0.14908,0.00302552,FALSE,NA,NA,NA,NA,NA,NA,2,NA
324,2,132598286,133352950,TRUE,101,997,3.81217e-05,6.52361e-05,0.349624,0.0435341,FALSE,NA,NA,NA,NA,NA,NA,2,NA
325,2,133352951,134359059,TRUE,347,1975,0.000474873,0.00021696,0.012806,0.00105956,TRUE,0.0604628,0.0604628,FALSE,-0.88899,0.68392,0.844775,2,NA
326,2,134359060,135160197,TRUE,272,1910,0.000594923,0.000120931,0.00112421,0.0234399,TRUE,0.122927,0.122927,FALSE,-0.91396,0.82392,0.709993,2,NA
327,2,135160198,137061003,TRUE,182,2687,0.00046026,0.000128938,0.00227975,0.00857381,TRUE,-0.279275,-0.279275,FALSE,-1,0.33986,0.384257,2,NA
328,2,137061004,138073791,TRUE,192,2739,0.000422509,0.000215617,0.00461741,4.67362e-05,TRUE,-0.0633713,-0.0633713,FALSE,-0.8749,0.45838,0.813809,2,NA
329,2,138073792,139505819,TRUE,274,2876,0.000562768,0.000169647,0.00186372,0.00346393,TRUE,0.186534,0.186534,FALSE,-0.59543,0.81981,0.527348,2,NA
330,2,139505820,140934531,TRUE,284,3778,0.000138484,0.000197095,0.222845,0.00107875,FALSE,NA,NA,NA,NA,NA,NA,2,NA
331,2,140934532,141802664,TRUE,212,2746,0.000386122,NA,0.0110501,NA,FALSE,NA,NA,NA,NA,NA,NA,1,"BIP"
332,2,141802665,142494980,TRUE,176,2386,2.41947e-05,5.83791e-05,0.420246,0.108064,FALSE,NA,NA,NA,NA,NA,NA,2,NA
333,2,142494981,143259780,TRUE,225,1967,0.000265658,0.000132361,0.0581837,0.0094959,FALSE,NA,NA,NA,NA,NA,NA,2,NA
334,2,143259781,144503688,TRUE,268,2330,0.000270681,0.00017132,0.0731818,0.00383388,FALSE,NA,NA,NA,NA,NA,NA,2,NA
335,2,144503689,145977920,TRUE,337,1877,0.00113925,0.000152085,2.57054e-07,0.0132386,TRUE,0.833911,0.833911,FALSE,0.42071,1,0.00101375,2,NA
336,2,145977921,147252196,TRUE,266,2127,0.0010046,0.000159777,4.91437e-07,0.00484599,TRUE,0.46628,0.46628,FALSE,-0.00087,1,0.0524218,2,NA
337,2,147252197,149568875,TRUE,360,3603,0.00151674,0.000324262,1.33717e-10,6.16134e-06,TRUE,-0.0847859,-0.0847859,FALSE,-0.48494,0.22957,0.609235,2,NA
338,2,149568876,151428988,TRUE,468,3349,0.000548343,0.000239612,0.0131542,0.00159866,TRUE,-0.105618,-0.105618,FALSE,-1,0.49588,0.734468,2,NA
339,2,151428989,152497375,TRUE,263,2495,0.000756183,0.000183287,5.77222e-05,0.00153049,TRUE,0.294985,0.294985,FALSE,-0.27046,0.78391,0.236883,2,NA
340,2,152497376,153999309,TRUE,311,3190,0.000703022,0.000251033,0.000398315,0.00011568,TRUE,0.578605,0.578605,FALSE,0.14915,1,0.0152241,2,NA
341,2,153999310,155207969,TRUE,252,2828,0.00028492,0.000183672,0.0549003,0.0011353,FALSE,NA,NA,NA,NA,NA,NA,2,NA
342,2,155207970,156130947,TRUE,235,1990,0.000445403,0.000123043,0.00615555,0.0151756,TRUE,0.492763,0.492763,FALSE,-0.29597,1,0.160082,2,NA
343,2,156130948,157556096,TRUE,265,2590,0.000886802,0.000241674,5.45572e-06,9.70492e-05,TRUE,0.328674,0.328674,FALSE,-0.11844,0.73283,0.121142,2,NA
344,2,157556097,159040979,TRUE,337,2165,0.000601091,0.000124632,0.00250668,0.0319546,TRUE,0.453672,0.453672,FALSE,-0.36112,1,0.197746,2,NA
345,2,159040980,160200379,TRUE,302,3199,0.000367921,0.000420425,0.0317461,2.71241e-09,TRUE,0.306197,0.306197,FALSE,-0.27445,0.99662,0.237891,2,NA
346,2,160200380,161432089,TRUE,240,2929,0.00102289,0.000148911,1.0385e-07,0.00586551,TRUE,0.167008,0.167008,FALSE,-0.40722,0.64275,0.482266,2,NA
347,2,161432090,163607635,TRUE,368,3599,0.00110268,0.000301056,1.59252e-06,3.66855e-05,TRUE,0.0259039,0.0259039,FALSE,-0.44576,0.38248,0.895529,2,NA
348,2,163607636,164702312,TRUE,237,2000,0.00036535,NA,0.0194423,NA,FALSE,NA,NA,NA,NA,NA,NA,1,"BIP"
349,2,164702313,165917788,TRUE,255,2045,0.000140807,0.000280744,0.207296,5.4636e-06,FALSE,NA,NA,NA,NA,NA,NA,2,NA
350,2,165917789,167488576,TRUE,310,3197,0.000778696,0.000408463,0.000108248,7.40596e-09,TRUE,0.292238,0.292238,FALSE,-0.09956,0.64129,0.12298,2,NA
351,2,167488577,168437445,TRUE,138,2004,0.000443807,4.62914e-05,0.0009363,0.13647,FALSE,NA,NA,NA,NA,NA,NA,2,NA
352,2,168437446,169224445,TRUE,285,1867,0.000264297,0.000194616,0.0807869,0.00126581,FALSE,NA,NA,NA,NA,NA,NA,2,NA
353,2,169224446,170155561,TRUE,337,2016,0.000500016,0.000389862,0.00935383,9.14161e-08,TRUE,0.196473,0.196473,FALSE,-0.37344,0.69072,0.414229,2,NA
354,2,170155562,170865765,TRUE,140,1927,0.00021421,0.000419322,0.0550914,1.68648e-14,FALSE,NA,NA,NA,NA,NA,NA,2,NA
355,2,170865766,171566482,TRUE,324,1898,7.83564e-05,0.000327682,0.337004,1.93339e-06,FALSE,NA,NA,NA,NA,NA,NA,2,NA
356,2,171566483,172501315,TRUE,190,1953,0.000197437,5.14646e-05,0.0999003,0.146639,FALSE,NA,NA,NA,NA,NA,NA,2,NA
357,2,172501316,173287857,TRUE,216,1773,0.00086173,6.87429e-05,1.4777e-06,0.0976178,FALSE,NA,NA,NA,NA,NA,NA,2,NA
358,2,173287858,174118389,TRUE,239,2165,0.000378039,0.000259361,0.0172593,1.78318e-05,TRUE,0.358723,0.358723,FALSE,-0.25902,1,0.207712,2,NA
359,2,174118390,174927563,TRUE,344,1835,0.00113575,0.000159668,3.19501e-07,0.0101296,TRUE,0.304468,0.304468,FALSE,-0.22887,0.84839,0.217481,2,NA
360,2,174927564,176734750,TRUE,425,3517,0.000924709,0.000263804,7.73304e-05,0.000382165,TRUE,0.417037,0.417037,FALSE,-0.05505,0.88064,0.0705651,2,NA
361,2,176734751,178149981,TRUE,455,2941,0.000587965,7.17617e-05,0.00808443,0.171181,FALSE,NA,NA,NA,NA,NA,NA,2,NA
362,2,178149982,179224870,TRUE,181,2602,0.000394653,0.00023592,0.0067351,9.70591e-06,TRUE,0.346347,0.346347,FALSE,-0.21965,0.94235,0.191718,2,NA
363,2,179224871,180336045,TRUE,296,2139,0.000918507,0.000177036,6.52556e-06,0.00319446,TRUE,0.161916,0.161916,FALSE,-0.43835,0.66447,0.506086,2,NA
364,2,180336046,181309939,TRUE,286,2515,0.000558699,0.000160305,0.00231092,0.00532953,TRUE,-0.193111,-0.193111,FALSE,-1,0.39181,0.525695,2,NA
365,2,181309940,182307877,TRUE,233,2325,0.000216069,0.000352252,0.101342,1.48729e-08,FALSE,NA,NA,NA,NA,NA,NA,2,NA
366,2,182307878,183352290,TRUE,245,2099,0.000116476,0.000202884,0.245946,0.000884447,FALSE,NA,NA,NA,NA,NA,NA,2,NA
367,2,183352291,184148655,TRUE,181,2012,0.00021161,9.26665e-05,0.0809444,0.035066,FALSE,NA,NA,NA,NA,NA,NA,2,NA
368,2,184148656,184866232,TRUE,171,1725,0.000749076,0.000168853,3.15061e-06,0.000527628,TRUE,0.539436,0.539436,FALSE,0.10988,1,0.0186459,2,NA
369,2,184866233,186244920,TRUE,206,2686,0.000892995,0.000322469,4.34118e-07,3.25654e-08,TRUE,0.480558,0.480558,FALSE,0.16181,0.79007,0.00655179,2,NA
370,2,186244921,187498047,TRUE,105,2254,0.00013698,8.0649e-05,0.1135,0.0187581,FALSE,NA,NA,NA,NA,NA,NA,2,NA
371,2,187498048,188895310,TRUE,198,2665,6.96573e-05,0.000117781,0.316539,0.0136022,FALSE,NA,NA,NA,NA,NA,NA,2,NA
372,2,188895311,189882702,TRUE,129,1988,0.000144301,4.11923e-05,0.127245,0.154763,FALSE,NA,NA,NA,NA,NA,NA,2,NA
373,2,189882703,191051954,TRUE,190,2240,0.000124613,0.000173097,0.201625,0.000737232,FALSE,NA,NA,NA,NA,NA,NA,2,NA
374,2,191051955,193033982,TRUE,445,3368,0.000534343,0.000222835,0.0127944,0.00228736,TRUE,0.224559,0.224559,FALSE,-0.61426,0.9229,0.479171,2,NA
375,2,193033983,195300250,TRUE,302,2566,0.000775953,0.000306778,0.00010051,4.32867e-06,TRUE,0.653076,0.653076,FALSE,0.29148,1,0.00196057,2,NA
376,2,195300251,196446299,TRUE,207,2642,0.000625251,0.000183393,0.000230448,0.000751225,TRUE,0.0689394,0.0689394,FALSE,-0.59748,0.55684,0.787606,2,NA
377,2,196446300,198140350,TRUE,293,3213,0.000716578,0.000232254,0.000228797,0.000233793,TRUE,0.500459,0.500459,FALSE,0.03597,1,0.0367722,2,NA
378,2,198140351,199654969,TRUE,213,2000,0.00106368,0.000289744,1.06713e-08,8.3496e-07,TRUE,0.59247,0.59247,FALSE,0.28893,0.90661,0.000793603,2,NA
379,2,199654970,201324132,TRUE,280,2492,0.00159246,0.000373907,3.45012e-13,2.18366e-08,TRUE,0.545288,0.545288,FALSE,0.29249,0.79706,0.000213086,2,NA
380,2,201324133,202504862,TRUE,221,2098,0.0008419,0.000281803,2.9568e-06,1.82804e-06,TRUE,0.350085,0.350085,FALSE,-0.04523,0.70192,0.0708668,2,NA
381,2,202504863,203639686,TRUE,264,1844,0.000537115,0.00019904,0.00246614,0.000772462,TRUE,0.0307054,0.0307054,FALSE,-0.7752,0.58841,0.912162,2,NA
382,2,203639687,205038119,TRUE,232,2374,0.000137881,0.000359558,0.202994,1.01615e-08,FALSE,NA,NA,NA,NA,NA,NA,2,NA
383,2,205038120,206821199,TRUE,665,3272,0.00117138,0.000317524,5.07082e-05,0.000485881,TRUE,0.0886521,0.0886521,FALSE,-0.47526,0.51817,0.694128,2,NA
384,2,206821200,207726594,TRUE,244,1923,0.000404107,0.000162765,0.0125401,0.00295798,TRUE,0.0497112,0.0497112,FALSE,-1,0.72071,0.88063,2,NA
385,2,207726595,208674588,TRUE,304,1929,0.00081943,0.000324117,5.06738e-05,1.70077e-06,TRUE,0.624394,0.624394,FALSE,0.27369,1,0.0021095,2,NA
386,2,208674589,209940230,TRUE,333,2663,0.000458996,0.000282971,0.0144037,3.45054e-05,TRUE,0.444734,0.444734,FALSE,-0.11393,1,0.112066,2,NA
387,2,209940231,210842457,TRUE,148,2172,0.000403625,0.000288853,0.00288039,2.24624e-08,TRUE,0.221895,0.221895,FALSE,-0.3115,0.68807,0.33728,2,NA
388,2,210842458,212520453,TRUE,380,3383,0.000363886,0.000238444,0.0482233,0.000670299,TRUE,0.231627,0.231627,FALSE,-0.69402,1,0.504744,2,NA
389,2,212520454,213194362,TRUE,216,2040,0.000648052,0.000133918,0.000131399,0.00715495,TRUE,0.569015,0.569015,FALSE,0.02898,1,0.044041,2,NA
390,2,213194363,214044566,TRUE,266,1985,0.000563474,0.000239128,0.0017318,0.000109243,TRUE,0.228577,0.228577,FALSE,-0.37738,0.73844,0.371694,2,NA
391,2,214044567,215002484,TRUE,148,2213,0.000209772,1.93911e-05,0.0637415,0.317274,FALSE,NA,NA,NA,NA,NA,NA,2,NA
392,2,215002485,215899570,TRUE,243,1979,0.000723779,0.000350252,8.13896e-05,5.78029e-08,TRUE,0.241844,0.241844,FALSE,-0.16837,0.60983,0.217619,2,NA
393,2,215899571,217566011,TRUE,580,3534,0.000529004,0.000667505,0.0257597,5.2855e-12,TRUE,-0.287305,-0.287305,FALSE,-1,0.14849,0.210536,2,NA
394,2,217566012,218396258,TRUE,267,2130,0.000345137,0.00011979,0.0313171,0.0236359,TRUE,0.00902629,0.00902629,FALSE,-1,0.90342,0.982684,2,NA
395,2,218396259,219678783,TRUE,296,2210,0.00043483,6.60899e-05,0.0135933,0.138491,FALSE,NA,NA,NA,NA,NA,NA,2,NA
396,2,219678784,220771552,TRUE,330,1874,0.000581474,0.000395728,0.00321617,5.95519e-08,TRUE,-0.411886,-0.411886,FALSE,-1,0.02051,0.0654036,2,NA
397,2,220771553,221445191,TRUE,202,1883,0.000513164,0.000120386,0.0011763,0.0116246,TRUE,-0.0446266,-0.0446266,FALSE,-1,0.59128,0.888472,2,NA
398,2,221445192,222327713,TRUE,288,1809,0.000445709,0.000188653,0.0109369,0.00165467,TRUE,0.284679,0.284679,FALSE,-0.50169,1,0.365098,2,NA
399,2,222327714,223353965,TRUE,303,1869,0.00015035,0.000177453,0.211515,0.00317385,FALSE,NA,NA,NA,NA,NA,NA,2,NA
400,2,223353966,224123079,TRUE,192,2057,0.000313419,0.000105708,0.0246041,0.0207185,TRUE,-0.205271,-0.205271,FALSE,-1,0.60462,0.613844,2,NA
401,2,224123080,224938731,TRUE,243,1778,0.000378311,0.000280945,0.017508,4.02434e-06,TRUE,0.32957,0.32957,FALSE,-0.29397,1,0.233425,2,NA
402,2,224938732,226242842,TRUE,297,3169,0.000910068,0.000363879,7.20863e-06,8.88308e-08,TRUE,0.526908,0.526908,FALSE,0.19814,0.86998,0.00418907,2,NA
403,2,226242843,227557841,TRUE,295,2449,0.000469451,0.000101682,0.00876181,0.0524525,FALSE,NA,NA,NA,NA,NA,NA,2,NA
404,2,227557842,228812485,TRUE,406,3638,0.000395322,5.51048e-06,0.0413669,0.459961,FALSE,NA,NA,NA,NA,NA,NA,2,NA
405,2,228812486,229764918,TRUE,247,2142,0.000297599,0.000236406,0.0477161,6.3513e-05,TRUE,0.156804,0.156804,FALSE,-0.75765,0.90734,0.633617,2,NA
406,2,229764919,230541092,TRUE,308,2065,0.0005072,3.7505e-05,0.00614697,0.266636,FALSE,NA,NA,NA,NA,NA,NA,2,NA
407,2,230541093,231847386,TRUE,446,3186,0.000256316,0.000241979,0.134984,0.0012369,FALSE,NA,NA,NA,NA,NA,NA,2,NA
408,2,231847387,233352722,TRUE,405,3179,0.000475129,0.000262467,0.0186074,0.000312784,TRUE,0.439062,0.439062,FALSE,-0.21955,1,0.146235,2,NA
409,2,233352723,234115092,TRUE,271,1806,0.000658185,0.000197969,0.000372832,0.000802521,TRUE,0.52406,0.52406,FALSE,0.01347,1,0.0413551,2,NA
410,2,234115093,234945577,TRUE,278,1936,0.000365021,0.000179285,0.0269695,0.00224675,TRUE,0.241093,0.241093,FALSE,-0.68986,1,0.487134,2,NA
411,2,234945578,235625789,TRUE,347,2264,0.00034923,0.000167276,0.0472921,0.00810051,TRUE,-0.248103,-0.248103,FALSE,-1,0.55455,0.532442,2,NA
412,2,235625790,236276287,TRUE,331,1979,3.13993e-06,NA,0.483368,NA,FALSE,NA,NA,NA,NA,NA,NA,1,"BIP"
413,2,236276288,237194297,TRUE,310,1910,0.000144513,0.00011857,0.224227,0.0333022,FALSE,NA,NA,NA,NA,NA,NA,2,NA
414,2,237194298,238185482,TRUE,319,2184,0.000350133,8.0219e-05,0.0416988,0.107922,FALSE,NA,NA,NA,NA,NA,NA,2,NA
415,2,238185483,238814630,TRUE,249,1779,0.000373132,0.000104722,0.0193918,0.0353414,TRUE,0.0249163,0.0249163,FALSE,-1,0.95969,0.952147,2,NA
416,2,238814631,239634350,TRUE,267,2344,0.00032945,0.000233647,0.0372514,0.000123229,TRUE,0.106917,0.106917,FALSE,-0.81842,0.78807,0.740906,2,NA
417,2,239634351,240325600,TRUE,339,1773,NA,6.15079e-05,NA,0.17549,FALSE,NA,NA,NA,NA,NA,NA,1,"SCZ"
418,2,240325601,241113279,TRUE,401,2420,0.000513416,0.000267232,0.0125143,0.000288463,TRUE,-0.258534,-0.258534,FALSE,-1,0.29401,0.375369,2,NA
419,2,241113280,241910366,TRUE,359,2516,0.000779916,0.000358239,0.000246166,9.58904e-07,TRUE,0.600542,0.600542,FALSE,0.24032,1,0.00393907,2,NA
420,2,241910367,243188366,TRUE,292,2633,0.000223397,0.000231656,0.118686,0.000276109,FALSE,NA,NA,NA,NA,NA,NA,2,NA
421,3,60197,795746,TRUE,333,1800,0.000486514,0.000168657,0.0107014,0.00738241,TRUE,0.76691,0.76691,FALSE,0.17615,1,0.0242725,2,NA
422,3,795747,1440048,TRUE,352,1898,0.000391922,0.000232262,0.031898,0.000550491,TRUE,0.31278,0.31278,FALSE,-0.47751,1,0.341331,2,NA
423,3,1440049,2140011,TRUE,368,2776,0.00030021,0.000215163,0.0793116,0.0016641,FALSE,NA,NA,NA,NA,NA,NA,2,NA
424,3,2140012,3128152,TRUE,618,3094,0.00130111,0.000219663,4.53042e-06,0.00782081,TRUE,0.105325,0.105325,FALSE,-0.54369,0.58576,0.66862,2,NA
425,3,3128153,4109393,TRUE,478,3133,0.0015319,0.000265783,5.44826e-09,0.000633085,TRUE,0.325313,0.325313,FALSE,-0.06119,0.70895,0.0955504,2,NA
426,3,4109394,4835083,TRUE,356,1915,0.000495814,0.000122149,0.0110165,0.0385829,TRUE,0.6533,0.6533,FALSE,-0.14604,1,0.0977367,2,NA
427,3,4835084,5496182,TRUE,385,1625,0.00096863,0.000169661,1.7982e-05,0.0097291,TRUE,0.406394,0.406394,FALSE,-0.14654,1,0.123915,2,NA
428,3,5496183,6421145,TRUE,430,3003,0.00050649,6.78207e-05,0.0155187,0.178631,FALSE,NA,NA,NA,NA,NA,NA,2,NA
429,3,6421146,7529554,TRUE,394,2795,0.000338654,9.99277e-05,0.0629156,0.0834544,FALSE,NA,NA,NA,NA,NA,NA,2,NA
430,3,7529555,8664892,TRUE,454,3500,8.31771e-05,0.000455269,0.353075,2.72285e-08,FALSE,NA,NA,NA,NA,NA,NA,2,NA
431,3,8664893,9970731,TRUE,633,3032,0.000908,0.000437644,0.000851767,2.95914e-06,TRUE,0.00145869,0.00145869,FALSE,NA,NA,0.994594,2,NA
432,3,9970732,11226367,TRUE,526,3143,0.00094756,0.000438228,0.00020813,5.20449e-07,TRUE,0.158298,0.158298,FALSE,-0.29661,0.53509,0.427872,2,NA
433,3,11226368,11997658,TRUE,283,1778,0.000788213,0.000187653,5.04683e-05,0.0017668,TRUE,0.0247626,0.0247626,FALSE,-0.65491,0.5082,0.920917,2,NA
434,3,11997659,12859209,TRUE,216,1918,0.000524077,9.03479e-05,0.00145085,0.0470472,TRUE,0.24474,0.24474,FALSE,-0.77583,1,0.506425,2,NA
435,3,12859210,14312007,TRUE,597,3641,0.000803292,0.00040232,0.00206544,1.01542e-05,TRUE,0.387304,0.387304,FALSE,-0.07717,0.8688,0.0942855,2,NA
436,3,14312008,15150876,TRUE,354,2039,0.00027749,0.000156488,0.0916022,0.0124335,FALSE,NA,NA,NA,NA,NA,NA,2,NA
437,3,15150877,16084005,TRUE,224,1830,0.000294975,8.07857e-05,0.0425092,0.0702916,FALSE,NA,NA,NA,NA,NA,NA,2,NA
438,3,16084006,17182494,TRUE,391,2917,0.00126653,0.000143204,8.97259e-08,0.0236009,TRUE,0.23012,0.23012,FALSE,-0.38011,0.81348,0.373202,2,NA
439,3,17182495,19030988,TRUE,307,3515,0.00113507,0.000186688,1.24478e-07,0.00259353,TRUE,-0.303049,-0.303049,FALSE,-1,0.12379,0.175996,2,NA
440,3,19030989,20754842,TRUE,373,3595,0.000524207,0.000339802,0.00885682,3.28546e-06,TRUE,-0.0784483,-0.0784483,FALSE,-0.88576,0.39954,0.756789,2,NA
441,3,20754843,21790867,TRUE,402,3133,0.000206791,0.000153367,0.172936,0.0194367,FALSE,NA,NA,NA,NA,NA,NA,2,NA
442,3,21790868,22648001,TRUE,367,3046,0.000697193,0.000165351,0.000902928,0.00981875,TRUE,-0.067141,-0.067141,FALSE,-1,0.50737,0.822739,2,NA
443,3,22648002,23426044,TRUE,166,1875,NA,5.65143e-05,NA,0.1085,FALSE,NA,NA,NA,NA,NA,NA,1,"SCZ"
444,3,23426045,24270189,TRUE,261,1864,0.000577128,0.000141072,0.00121954,0.00956862,TRUE,-0.16605,-0.16605,FALSE,-1,0.42894,0.589929,2,NA
445,3,24270190,25516193,TRUE,503,3526,0.00159699,0.000329464,3.44521e-09,5.36927e-05,TRUE,0.37942,0.37942,FALSE,0.03546,0.72684,0.0323776,2,NA
446,3,25516194,26905340,TRUE,364,2841,0.00051135,0.000285718,0.00970582,6.52067e-05,TRUE,-0.0757933,-0.0757933,FALSE,-0.95574,0.45622,0.782648,2,NA
447,3,26905341,27614908,TRUE,128,1882,0.00022386,8.32277e-05,0.0428416,0.0256656,TRUE,-0.0641085,-0.0641085,FALSE,-1,0.92941,0.887423,2,NA
448,3,27614909,28649810,TRUE,261,2005,0.000405989,0.00020644,0.0148523,0.000505776,TRUE,0.13038,0.13038,FALSE,-0.72979,0.7722,0.673297,2,NA
449,3,28649811,29877022,TRUE,475,3540,0.00104967,0.000342665,2.288e-05,1.85318e-05,TRUE,0.143594,0.143594,FALSE,-0.31666,0.5181,0.478409,2,NA
450,3,29877023,31269697,TRUE,462,3561,0.0015927,0.000384805,1.10515e-09,2.17697e-06,TRUE,0.276429,0.276429,FALSE,-0.04848,0.57762,0.0911195,2,NA
451,3,31269698,32378805,TRUE,421,2529,0.000486812,0.000262235,0.017942,0.000371945,TRUE,-0.207219,-0.207219,FALSE,-1,0.38034,0.493207,2,NA
452,3,32378806,33020868,TRUE,207,1633,0.000282764,0.000199726,0.042088,0.000264248,TRUE,-0.0476571,-0.0476571,FALSE,-1,0.66171,0.88854,2,NA
453,3,33020869,33991869,TRUE,212,1981,0.000589903,0.000176326,0.000392109,0.000991672,TRUE,0.664829,0.664829,FALSE,0.19657,1,0.0117981,2,NA
454,3,33991870,35009559,TRUE,233,2294,0.00133415,0.000150137,1.92395e-11,0.00457202,TRUE,0.381747,0.381747,FALSE,-0.03032,0.86202,0.0760543,2,NA
455,3,35009560,35913033,TRUE,211,1843,0.000528856,0.000205349,0.00114436,0.000166895,TRUE,0.265873,0.265873,FALSE,-0.3192,0.77604,0.302106,2,NA
456,3,35913034,36840136,TRUE,271,2391,0.000663013,0.000297167,0.00037834,3.32848e-06,TRUE,0.212165,0.212165,FALSE,-0.28203,0.62798,0.33622,2,NA
457,3,36840137,38729767,TRUE,466,3416,0.00126816,0.000557981,5.83226e-07,8.43487e-11,TRUE,0.534039,0.534039,FALSE,0.25917,0.81212,0.000613849,2,NA
458,3,38729768,39605996,TRUE,198,2245,0.00034926,7.12208e-05,0.0164603,0.0805511,FALSE,NA,NA,NA,NA,NA,NA,2,NA
459,3,39605997,40897627,TRUE,246,2264,0.000218137,0.000251279,0.106061,3.02935e-05,FALSE,NA,NA,NA,NA,NA,NA,2,NA
460,3,40897628,42301657,TRUE,303,2987,0.000403728,0.000227285,0.02084,0.000333222,TRUE,-0.326035,-0.326035,FALSE,-1,0.26222,0.294061,2,NA
461,3,42301658,44141693,TRUE,473,3389,0.00112536,0.000376877,7.97117e-06,5.82064e-06,TRUE,0.159933,0.159933,FALSE,-0.26865,0.50703,0.403195,2,NA
462,3,44141694,45844191,TRUE,363,3330,0.00119305,0.000319519,1.66067e-07,8.08123e-06,TRUE,0.222917,0.222917,FALSE,-0.16314,0.5596,0.221826,2,NA
463,3,45844192,47588461,TRUE,273,3232,0.000392197,0.000150808,0.0191485,0.0074984,TRUE,0.0691274,0.0691274,FALSE,-1,0.8174,0.848092,2,NA
464,3,47588462,50387742,TRUE,227,2817,0.000925719,0.000379364,6.76819e-07,1.50172e-09,TRUE,0.476481,0.476481,FALSE,0.16628,0.77631,0.00489138,2,NA
465,3,50387743,51953968,TRUE,138,1930,0.000864548,0.000390438,2.65446e-08,6.84953e-13,TRUE,0.771514,0.771514,FALSE,0.54402,1,1.55232e-06,2,NA
466,3,51953969,54074844,TRUE,456,3419,0.00175162,0.000498621,2.98492e-11,2.32351e-09,TRUE,0.555915,0.555915,FALSE,0.31319,0.80649,9.40918e-05,2,NA
467,3,54074845,54892586,TRUE,343,1847,0.000701312,8.52664e-05,0.000668036,0.102671,FALSE,NA,NA,NA,NA,NA,NA,2,NA
468,3,54892587,55616625,TRUE,341,1779,0.000340175,8.26294e-05,0.0507467,0.104663,FALSE,NA,NA,NA,NA,NA,NA,2,NA
469,3,55616626,56954878,TRUE,294,3231,0.000951217,0.000393269,3.02209e-06,2.07086e-08,TRUE,0.268315,0.268315,FALSE,-0.08637,0.58947,0.127252,2,NA
470,3,56954879,58557718,TRUE,292,3454,0.000393806,0.000145684,0.0215521,0.0107522,TRUE,-0.0837272,-0.0837272,FALSE,-1,0.64975,0.822308,2,NA
471,3,58557719,59998583,TRUE,461,3250,0.000846467,0.000168473,0.000367531,0.0165206,TRUE,-0.340381,-0.340381,FALSE,-1,0.23474,0.255335,2,NA
472,3,59998584,60571139,TRUE,335,2032,0.00108919,0.000104917,6.35531e-07,0.0575739,FALSE,NA,NA,NA,NA,NA,NA,2,NA
473,3,60571140,61277587,TRUE,272,1911,0.000653557,0.000465849,0.000430874,1.1661e-11,TRUE,-0.0264519,-0.0264519,FALSE,-0.50543,0.33666,0.887789,2,NA
474,3,61277588,62609818,TRUE,600,2868,0.00106357,0.000302133,0.000103702,0.000542001,TRUE,-0.250429,-0.250429,FALSE,-1,0.18532,0.280044,2,NA
475,3,62609819,63670803,TRUE,386,3125,0.00080484,0.000261024,0.00024563,0.000239693,TRUE,-0.201069,-0.201069,FALSE,-0.89105,0.24405,0.396066,2,NA
476,3,63670804,64662373,TRUE,352,1905,0.00120892,0.000247127,8.89737e-08,0.000321515,TRUE,0.165254,0.165254,FALSE,-0.28966,0.55558,0.411657,2,NA
477,3,64662374,65326751,TRUE,298,1993,0.000620637,0.000164458,0.00109934,0.00552184,TRUE,0.0504255,0.0504255,FALSE,-0.81578,0.64599,0.863799,2,NA
478,3,65326752,66702084,TRUE,535,2952,0.000170175,0.000230639,0.247162,0.00363241,FALSE,NA,NA,NA,NA,NA,NA,2,NA
479,3,66702085,67454740,TRUE,230,2118,0.000429489,1.00388e-05,0.00725107,0.413607,FALSE,NA,NA,NA,NA,NA,NA,2,NA
480,3,67454741,68319770,TRUE,249,1986,0.000258074,0.000180338,0.072485,0.00142345,FALSE,NA,NA,NA,NA,NA,NA,2,NA
481,3,68319771,69784969,TRUE,432,3554,0.000635256,0.000485299,0.0038774,3.01661e-09,TRUE,0.0934311,0.0934311,FALSE,-0.45075,0.50825,0.661537,2,NA
482,3,69784970,71223281,TRUE,393,2358,0.00139651,0.000683823,7.98578e-09,3.08874e-16,TRUE,0.423856,0.423856,FALSE,0.17803,0.66425,0.00152081,2,NA
483,3,71223282,72334704,TRUE,564,2550,0.000905048,0.000301581,0.000524892,0.00037522,TRUE,0.624335,0.624335,FALSE,0.1942,1,0.0103283,2,NA
484,3,72334705,73606612,TRUE,479,2566,0.000398195,0.000102847,0.0514656,0.0950197,FALSE,NA,NA,NA,NA,NA,NA,2,NA
485,3,73606613,74383137,TRUE,286,1966,0.000308151,0.000161878,0.0534475,0.00589699,FALSE,NA,NA,NA,NA,NA,NA,2,NA
486,3,74383138,75374967,TRUE,175,1881,0.000314987,0.000125454,0.0215289,0.0095301,TRUE,0.206901,0.206901,FALSE,-0.98074,1,0.585205,2,NA
487,3,75374968,76157470,TRUE,72,723,1.89507e-05,NA,0.398508,NA,FALSE,NA,NA,NA,NA,NA,NA,1,"BIP"
488,3,76157471,77507832,TRUE,371,3199,0.00076275,0.000249796,0.000387267,0.000447012,TRUE,0.0913909,0.0913909,FALSE,-0.5524,0.57019,0.710319,2,NA
489,3,77507833,79023360,TRUE,345,2903,0.000626321,8.23816e-05,0.00194171,0.110461,FALSE,NA,NA,NA,NA,NA,NA,2,NA
490,3,79023361,80385708,TRUE,229,2535,0.000605361,0.000220197,0.000455871,0.000112851,TRUE,0.00696357,0.00696357,FALSE,-0.62952,0.47197,0.977151,2,NA
491,3,80385709,81431496,TRUE,150,2317,0.000606857,0.000133974,3.78181e-05,0.00221119,TRUE,0.202464,0.202464,FALSE,-0.42167,0.72658,0.437057,2,NA
492,3,81431497,82532742,TRUE,184,1879,0.000756909,0.000133418,5.02564e-06,0.00492436,TRUE,0.610444,0.610444,FALSE,0.1432,1,0.0177581,2,NA
493,3,82532743,83529394,TRUE,125,2029,NA,0.00011966,NA,0.00294483,FALSE,NA,NA,NA,NA,NA,NA,1,"SCZ"
494,3,83529395,84698480,TRUE,150,2772,0.000316131,0.000183813,0.0136688,0.000102395,TRUE,0.00289022,0.00289022,FALSE,NA,NA,0.992304,2,NA
495,3,84698481,85807679,TRUE,155,2625,0.000384835,0.000231556,0.00459972,3.04535e-06,TRUE,0.353736,0.353736,FALSE,-0.18593,0.89225,0.167243,2,NA
496,3,85807680,86660979,TRUE,127,1726,0.000285191,7.47162e-05,0.0162523,0.0392527,TRUE,0.465283,0.465283,FALSE,-0.62011,1,0.279438,2,NA
497,3,86660980,87411258,TRUE,129,1751,0.000223208,0.000300937,0.0429887,2.9088e-09,TRUE,0.678819,0.678819,FALSE,0.167,1,0.0190988,2,NA
498,3,87411259,88375763,TRUE,159,2126,0.000130579,2.84299e-05,0.170681,0.255553,FALSE,NA,NA,NA,NA,NA,NA,2,NA
499,3,88375764,89612939,TRUE,187,2616,0.000119725,0.000192656,0.208178,0.000183939,FALSE,NA,NA,NA,NA,NA,NA,2,NA
500,3,89612940,94250144,TRUE,186,2130,0.000435063,0.00022883,0.00370442,1.67375e-05,TRUE,0.271873,0.271873,FALSE,-0.31997,0.80478,0.29224,2,NA
501,3,94250145,95088587,TRUE,109,1791,0.000184292,0.000128956,0.0600592,0.000880046,FALSE,NA,NA,NA,NA,NA,NA,2,NA
502,3,95088588,96055532,TRUE,105,2702,0.000107566,0.000140401,0.166336,0.000548648,FALSE,NA,NA,NA,NA,NA,NA,2,NA
503,3,96055533,97351955,TRUE,173,1748,0.000249,0.000147219,0.0477321,0.00187757,TRUE,0.597373,0.597373,FALSE,-0.17058,1,0.115183,2,NA
504,3,97351956,98212868,TRUE,157,2203,3.79122e-05,5.74674e-05,0.377862,0.0992114,FALSE,NA,NA,NA,NA,NA,NA,2,NA
505,3,98212869,99045104,TRUE,167,2077,NA,0.000142958,NA,0.00237192,FALSE,NA,NA,NA,NA,NA,NA,1,"SCZ"
506,3,99045105,100552522,TRUE,245,2615,0.000463224,0.000199577,0.00559768,0.000453049,TRUE,-0.0750094,-0.0750094,FALSE,-1,0.49864,0.793561,2,NA
507,3,100552523,101906989,TRUE,254,2815,0.000592487,4.4283e-05,0.000835627,0.211336,FALSE,NA,NA,NA,NA,NA,NA,2,NA
508,3,101906990,103450271,TRUE,228,3572,0.000411873,0.000134362,0.0091875,0.00881738,TRUE,0.456553,0.456553,FALSE,-0.33857,1,0.187885,2,NA
509,3,103450272,104116563,TRUE,155,1976,NA,6.46984e-05,NA,0.0755885,FALSE,NA,NA,NA,NA,NA,NA,1,"SCZ"
510,3,104116564,104878977,TRUE,161,2086,0.000513317,6.12662e-05,0.000436447,0.0898746,FALSE,NA,NA,NA,NA,NA,NA,2,NA
511,3,104878978,106174685,TRUE,324,3162,0.000415084,0.000180266,0.0217425,0.00390049,TRUE,0.372485,0.372485,FALSE,-0.45586,1,0.28558,2,NA
512,3,106174686,107736519,TRUE,419,3060,0.000909098,0.0003118,8.94949e-05,4.1833e-05,TRUE,0.185071,0.185071,FALSE,-0.32281,0.59181,0.392229,2,NA
513,3,107736520,108638900,TRUE,190,1946,0.000446321,0.000162753,0.0030266,0.00101278,TRUE,0.525756,0.525756,FALSE,-0.05652,1,0.0706796,2,NA
514,3,108638901,109519606,TRUE,151,1856,0.000276942,6.84982e-05,0.0271218,0.0695942,FALSE,NA,NA,NA,NA,NA,NA,2,NA
515,3,109519607,110935508,TRUE,230,2843,0.000315958,0.000164477,0.034447,0.002342,TRUE,-0.450463,-0.450463,FALSE,-1,0.24001,0.211075,2,NA
516,3,110935509,111693782,TRUE,185,1965,0.000228171,8.5172e-05,0.0672294,0.0429471,FALSE,NA,NA,NA,NA,NA,NA,2,NA
517,3,111693783,112408513,TRUE,184,1833,8.0007e-05,7.99734e-05,0.285989,0.052742,FALSE,NA,NA,NA,NA,NA,NA,2,NA
518,3,112408514,113657665,TRUE,302,2983,0.000432361,0.00013548,0.0150869,0.0177422,TRUE,-0.0753245,-0.0753245,FALSE,-1,0.69131,0.84087,2,NA
519,3,113657666,115649909,TRUE,521,3344,0.0011782,0.000698036,7.45217e-06,5.75485e-14,TRUE,0.209612,0.209612,FALSE,-0.09937,0.49291,0.167944,2,NA
520,3,115649910,116498570,TRUE,214,1904,0.000277278,7.83015e-05,0.0464077,0.0685161,FALSE,NA,NA,NA,NA,NA,NA,2,NA
521,3,116498571,117241644,TRUE,291,1896,0.000156918,0.000150597,0.199141,0.00890708,FALSE,NA,NA,NA,NA,NA,NA,2,NA
522,3,117241645,118086929,TRUE,188,2063,0.00055467,4.60772e-05,0.000417552,0.169479,FALSE,NA,NA,NA,NA,NA,NA,2,NA
523,3,118086930,118903053,TRUE,177,1855,0.000162508,1.5296e-05,0.133093,0.360545,FALSE,NA,NA,NA,NA,NA,NA,2,NA
524,3,118903054,119759983,TRUE,224,1961,0.00078329,9.88383e-05,1.26066e-05,0.0360321,TRUE,0.429629,0.429629,FALSE,-0.24606,1,0.162316,2,NA
525,3,119759984,120574477,TRUE,237,1932,0.000411964,0.000125116,0.0105053,0.0144475,TRUE,-0.00919546,-0.00919546,FALSE,-1,0.74291,0.979749,2,NA
526,3,120574478,121362442,TRUE,94,1713,9.56167e-05,0.000169874,0.18018,1.7832e-05,FALSE,NA,NA,NA,NA,NA,NA,2,NA
527,3,121362443,122340832,TRUE,200,2181,9.93114e-06,0.00016015,0.461199,0.00162301,FALSE,NA,NA,NA,NA,NA,NA,2,NA
528,3,122340833,123518507,TRUE,311,2303,0.000564296,0.000275883,0.00291531,3.09966e-05,TRUE,-0.0568722,-0.0568722,FALSE,-0.78989,0.42882,0.820765,2,NA
529,3,123518508,124823006,TRUE,350,2997,0.000592434,0.00023087,0.00320364,0.000571626,TRUE,-0.0383674,-0.0383674,FALSE,-0.87969,0.49673,0.888876,2,NA
530,3,124823007,125475722,TRUE,156,1702,0.000338899,9.49508e-05,0.0104389,0.0224777,TRUE,NA,1.28666,TRUE,NA,NA,NA,2,NA
531,3,125475723,125992650,TRUE,126,1716,0.000295391,2.94708e-05,0.0122631,0.223566,FALSE,NA,NA,NA,NA,NA,NA,2,NA
532,3,125992651,127495173,TRUE,431,3587,0.000239133,0.000323733,0.148563,2.97698e-05,FALSE,NA,NA,NA,NA,NA,NA,2,NA
533,3,127495174,129091975,TRUE,328,3027,0.000886677,0.000272984,2.41644e-05,5.44096e-05,TRUE,0.323404,0.323404,FALSE,-0.11834,0.72854,0.128839,2,NA
534,3,129091976,130242360,TRUE,220,2144,0.000228015,0.000123808,0.0851071,0.0137253,FALSE,NA,NA,NA,NA,NA,NA,2,NA
535,3,130242361,131373470,TRUE,200,1963,0.000404145,9.36088e-05,0.00743854,0.0413809,TRUE,0.57203,0.57203,FALSE,-0.28735,1,0.150244,2,NA
536,3,131373471,132124018,TRUE,169,2340,3.37547e-05,NA,0.392507,NA,FALSE,NA,NA,NA,NA,NA,NA,1,"BIP"
537,3,132124019,132925967,TRUE,158,1816,0.000156241,0.000107233,0.129455,0.012208,FALSE,NA,NA,NA,NA,NA,NA,2,NA
538,3,132925968,133718493,TRUE,294,1805,0.000186215,0.000226755,0.160483,0.000328873,FALSE,NA,NA,NA,NA,NA,NA,2,NA
539,3,133718494,135288394,TRUE,442,3286,0.000491181,0.000342698,0.0196948,1.52298e-05,TRUE,-0.237191,-0.237191,FALSE,-1,0.30122,0.392912,2,NA
540,3,135288395,137372141,TRUE,292,3107,0.000669957,0.000246981,0.000525682,0.000125091,TRUE,0.0737715,0.0737715,FALSE,-0.53189,0.54458,0.76033,2,NA
541,3,137372142,138693846,TRUE,263,2099,NA,3.86444e-05,NA,0.245337,FALSE,NA,NA,NA,NA,NA,NA,1,"SCZ"
542,3,138693847,139831267,TRUE,290,2327,0.000116939,0.00024515,0.259451,0.000100039,FALSE,NA,NA,NA,NA,NA,NA,2,NA
543,3,139831268,141034637,TRUE,374,2522,0.000394086,0.000311847,0.0360838,1.7562e-05,TRUE,-0.511636,-0.511636,FALSE,-1,0.05707,0.0883639,2,NA
544,3,141034638,141898978,TRUE,262,1958,0.000412456,0.000135516,0.0132653,0.0118667,TRUE,-0.182289,-0.182289,FALSE,-1,0.5196,0.614668,2,NA
545,3,141898979,142976707,TRUE,250,1983,0.000793977,0.000220092,2.12486e-05,0.000171753,TRUE,0.315159,0.315159,FALSE,-0.14775,0.7391,0.157453,2,NA
546,3,142976708,144408821,TRUE,390,3215,0.000567303,0.000265139,0.00643972,0.000244717,TRUE,0.531603,0.531603,FALSE,-0.0024,1,0.0551003,2,NA
547,3,144408822,145211907,TRUE,164,1969,NA,0.000123256,NA,0.00593217,FALSE,NA,NA,NA,NA,NA,NA,1,"SCZ"
548,3,145211908,145903838,TRUE,186,2035,0.000392213,0.000106615,0.00709792,0.0212657,TRUE,0.100975,0.100975,FALSE,-1,0.88835,0.784833,2,NA
549,3,145903839,147358243,TRUE,327,3453,0.000767176,0.000188682,0.000190319,0.00269626,TRUE,1,1.12229,FALSE,0.58967,1,2.69867e-05,2,NA
550,3,147358244,148638308,TRUE,371,2903,0.000393829,3.13754e-05,0.0347513,0.315088,FALSE,NA,NA,NA,NA,NA,NA,2,NA
551,3,148638309,149998411,TRUE,424,3249,0.000775068,0.000230642,0.000666353,0.00139266,TRUE,-0.0575403,-0.0575403,FALSE,-0.83879,0.43687,0.826452,2,NA
552,3,149998412,151131307,TRUE,337,2237,5.76706e-05,0.000140602,0.378715,0.020007,FALSE,NA,NA,NA,NA,NA,NA,2,NA
553,3,151131308,151904021,TRUE,192,1933,0.000171609,8.47454e-05,0.130382,0.0480807,FALSE,NA,NA,NA,NA,NA,NA,2,NA
554,3,151904022,153406718,TRUE,347,3203,0.000817431,0.000341843,0.000115256,2.19679e-06,TRUE,0.297998,0.297998,FALSE,-0.13078,0.6865,0.14714,2,NA
555,3,153406719,155046423,TRUE,329,3547,0.000461357,0.000283752,0.0136145,3.53871e-05,TRUE,-0.136001,-0.136001,FALSE,-1,0.40122,0.625431,2,NA
556,3,155046424,155928190,TRUE,173,1885,0.000361089,0.000110372,0.00956669,0.0160721,TRUE,0.088914,0.088914,FALSE,-1,0.88502,0.810034,2,NA
557,3,155928191,156795410,TRUE,198,1909,0.000378762,7.00783e-05,0.0104296,0.0886994,FALSE,NA,NA,NA,NA,NA,NA,2,NA
558,3,156795411,157633700,TRUE,179,1895,0.000408172,9.09848e-05,0.0047927,0.036906,TRUE,0.967893,0.967893,FALSE,0.3505,1,0.0120871,2,NA
559,3,157633701,158460058,TRUE,86,1878,0.000229231,2.27086e-05,0.0179112,0.233939,FALSE,NA,NA,NA,NA,NA,NA,2,NA
560,3,158460059,159478751,TRUE,249,1845,NA,0.000175489,NA,0.00190777,FALSE,NA,NA,NA,NA,NA,NA,1,"SCZ"
561,3,159478752,160584961,TRUE,201,2046,0.000568733,0.000181922,0.000448338,0.000507325,TRUE,-0.0466317,-0.0466317,FALSE,-0.75427,0.43791,0.856984,2,NA
562,3,160584962,161628883,TRUE,159,2509,0.000787207,0.000104105,6.71616e-07,0.0145272,TRUE,0.662519,0.662519,FALSE,0.19772,1,0.0151383,2,NA
563,3,161628884,162622604,TRUE,149,3147,0.000568918,0.000106475,8.73005e-05,0.0102511,TRUE,-0.0403343,-0.0403343,FALSE,-0.92155,0.54115,0.890356,2,NA
564,3,162622605,163250112,TRUE,53,1897,0.000282413,NA,0.0012157,NA,FALSE,NA,NA,NA,NA,NA,NA,1,"BIP"
565,3,163250113,164037360,TRUE,90,2077,0.000318821,6.40008e-05,0.00293062,0.0345648,TRUE,0.411769,0.411769,FALSE,-0.53685,1,0.287275,2,NA
566,3,164037361,165054911,TRUE,159,1984,0.000374118,0.000140302,0.00617356,0.00207,TRUE,0.230822,0.230822,FALSE,-0.60988,0.89777,0.466297,2,NA
567,3,165054912,165936511,TRUE,139,2369,9.50925e-05,0.000101315,0.227491,0.0139763,FALSE,NA,NA,NA,NA,NA,NA,2,NA
568,3,165936512,167118893,TRUE,162,3377,0.000205143,0.000188602,0.0762501,0.000117033,FALSE,NA,NA,NA,NA,NA,NA,2,NA
569,3,167118894,168972662,TRUE,390,3492,0.000437587,0.000319767,0.0251633,1.44909e-05,TRUE,0.121745,0.121745,FALSE,-0.64524,0.71946,0.669886,2,NA
570,3,168972663,170174578,TRUE,336,2310,0.000331422,0.000332473,0.0548221,2.88411e-06,FALSE,NA,NA,NA,NA,NA,NA,2,NA
571,3,170174579,171134849,TRUE,288,1887,0.000442428,NA,0.0113788,NA,FALSE,NA,NA,NA,NA,NA,NA,1,"BIP"
572,3,171134850,172004760,TRUE,273,1901,0.000266881,2.31179e-05,0.0753928,0.33939,FALSE,NA,NA,NA,NA,NA,NA,2,NA
573,3,172004761,173415591,TRUE,449,2913,0.000721739,7.05025e-05,0.00159291,0.172783,FALSE,NA,NA,NA,NA,NA,NA,2,NA
574,3,173415592,174684707,TRUE,348,2822,0.000628766,0.000200393,0.00192563,0.00220694,TRUE,0.593987,0.593987,FALSE,0.05972,1,0.0365581,2,NA
575,3,174684708,175671424,TRUE,315,2502,0.000480891,0.000142757,0.00898544,0.0140734,TRUE,-0.157153,-0.157153,FALSE,-1,0.53921,0.655834,2,NA
576,3,175671425,176931163,TRUE,327,3161,0.000746012,0.000159843,0.00024178,0.00859408,TRUE,0.18382,0.18382,FALSE,-0.56665,0.74914,0.517939,2,NA
577,3,176931164,178110322,TRUE,394,2454,0.000615152,0.00039757,0.0036747,1.96215e-07,TRUE,0.291383,0.291383,FALSE,-0.18793,0.76331,0.199991,2,NA
578,3,178110323,179372165,TRUE,286,2571,0.000503411,0.000178948,0.00501913,0.00256531,TRUE,0.0241695,0.0241695,FALSE,-0.97902,0.62393,0.936935,2,NA
579,3,179372166,181424323,TRUE,388,3189,0.00111846,0.000336522,1.55009e-06,7.19141e-06,TRUE,0.242272,0.242272,FALSE,-0.1513,0.58746,0.199441,2,NA
580,3,181424324,183203155,TRUE,447,2967,0.000808574,0.000252896,0.000527782,0.000754895,TRUE,0.579394,0.579394,FALSE,0.10124,1,0.02243,2,NA
581,3,183203156,184524268,TRUE,522,3052,0.000543206,0.000281495,0.0176518,0.00050849,TRUE,0.110476,0.110476,FALSE,-0.77379,0.73789,0.715862,2,NA
582,3,184524269,185709996,TRUE,233,2178,0.000821274,6.05134e-05,6.48105e-06,0.132725,FALSE,NA,NA,NA,NA,NA,NA,2,NA
583,3,185709997,186602045,TRUE,412,1914,0.000177173,3.91884e-05,0.209786,0.288038,FALSE,NA,NA,NA,NA,NA,NA,2,NA
584,3,186602046,187939199,TRUE,607,3355,0.00108806,0.000252922,7.76509e-05,0.00285373,TRUE,0.145444,0.145444,FALSE,-0.51292,0.64005,0.558624,2,NA
585,3,187939200,189451805,TRUE,532,3361,0.000956054,0.000202267,0.000206001,0.00930992,TRUE,-0.190584,-0.190584,FALSE,-1,0.3376,0.493473,2,NA
586,3,189451806,190591293,TRUE,397,3185,0.000970239,0.000249439,2.28794e-05,0.000499524,TRUE,-0.134766,-0.134766,FALSE,-0.78067,0.28628,0.551561,2,NA
587,3,190591294,191229357,TRUE,152,1877,0.000518306,5.2581e-05,0.000292247,0.117403,FALSE,NA,NA,NA,NA,NA,NA,2,NA
588,3,191229358,192049688,TRUE,239,2558,0.000563977,0.000114843,0.00108729,0.0219178,TRUE,0.330173,0.330173,FALSE,-0.51188,1,0.318075,2,NA
589,3,192049689,193122090,TRUE,315,2355,2.72893e-05,0.000213684,0.43396,0.000913679,FALSE,NA,NA,NA,NA,NA,NA,2,NA
590,3,193122091,194217140,TRUE,491,2724,0.00034976,NA,0.0771395,NA,FALSE,NA,NA,NA,NA,NA,NA,1,"BIP"
591,3,194217141,195196789,TRUE,452,3340,0.000689351,0.000217881,0.00254576,0.0030083,TRUE,-0.27973,-0.27973,FALSE,-1,0.27549,0.333409,2,NA
592,3,195196790,195710290,TRUE,168,857,NA,0.00017258,NA,0.000568179,FALSE,NA,NA,NA,NA,NA,NA,1,"SCZ"
593,3,195710291,196383152,TRUE,285,1676,0.000379868,0.000135437,0.0237918,0.0155579,TRUE,-0.0280696,-0.0280696,FALSE,-1,0.80342,0.942456,2,NA
594,3,196383153,197147990,TRUE,300,1777,0.000568904,0.000235532,0.00245109,0.00024205,TRUE,-0.20028,-0.20028,FALSE,-1,0.30816,0.448482,2,NA
595,3,197147991,197962380,TRUE,197,1412,0.000245601,1.27017e-06,0.0607065,0.4766,FALSE,NA,NA,NA,NA,NA,NA,2,NA
596,4,10227,812415,TRUE,163,1704,0.000297577,NA,0.0224832,NA,FALSE,NA,NA,NA,NA,NA,NA,1,"BIP"
597,4,812416,1529267,TRUE,204,1901,0.000205542,0.000173348,0.0970867,0.000968092,FALSE,NA,NA,NA,NA,NA,NA,2,NA
598,4,1529268,2468935,TRUE,305,1963,8.06787e-06,0.000178528,0.47241,0.00336845,FALSE,NA,NA,NA,NA,NA,NA,2,NA
599,4,2468936,3549229,TRUE,328,2414,0.000496508,0.000136933,0.0086984,0.0205365,TRUE,0.238294,0.238294,FALSE,-0.83137,1,0.511995,2,NA
600,4,3549230,4266178,TRUE,357,1972,0.000471834,0.00016744,0.0140197,0.00915806,TRUE,-0.69795,-0.69795,FALSE,-1,-0.00123,0.0469337,2,NA
601,4,4266179,5051834,TRUE,388,2304,0.00048081,0.000102405,0.0157911,0.0740742,FALSE,NA,NA,NA,NA,NA,NA,2,NA
602,4,5051835,5972709,TRUE,463,2953,0.000353323,6.81349e-05,0.0704344,0.185356,FALSE,NA,NA,NA,NA,NA,NA,2,NA
603,4,5972710,7135819,TRUE,676,3163,0.00087561,0.000231536,0.00165418,0.00818267,TRUE,0.563039,0.563039,FALSE,-0.00704,1,0.0580241,2,NA
604,4,7135820,7726034,TRUE,565,2378,0.000607026,0.000116614,0.0119541,0.0864389,FALSE,NA,NA,NA,NA,NA,NA,2,NA
605,4,7726035,8309826,TRUE,391,1868,0.00045735,3.30218e-05,0.0207083,0.312449,FALSE,NA,NA,NA,NA,NA,NA,2,NA
606,4,8309827,8882616,TRUE,205,1358,4.08931e-05,5.38779e-06,0.385136,0.444968,FALSE,NA,NA,NA,NA,NA,NA,2,NA
607,4,8882617,9482867,TRUE,17,308,NA,5.67483e-08,NA,0.452889,FALSE,NA,NA,NA,NA,NA,NA,1,"SCZ"
608,4,9482868,9916156,TRUE,83,1521,1.78726e-05,1.22666e-06,0.40922,0.464359,FALSE,NA,NA,NA,NA,NA,NA,2,NA
609,4,9916157,10370666,TRUE,109,1770,0.000170774,4.58652e-05,0.0736943,0.111221,FALSE,NA,NA,NA,NA,NA,NA,2,NA
610,4,10370667,11050119,TRUE,226,1853,0.000225971,7.95743e-05,0.0912378,0.0752204,FALSE,NA,NA,NA,NA,NA,NA,2,NA
611,4,11050120,12209028,TRUE,396,3320,0.000246919,0.000393507,0.130189,2.82627e-07,FALSE,NA,NA,NA,NA,NA,NA,2,NA
612,4,12209029,13127576,TRUE,264,2669,0.000481112,0.000332314,0.00541139,2.31197e-07,TRUE,0.384096,0.384096,FALSE,-0.1055,0.93096,0.108536,2,NA
613,4,13127577,14395886,TRUE,456,3534,0.000544125,0.00028776,0.0130381,0.000217174,TRUE,0.203718,0.203718,FALSE,-0.52403,0.81963,0.478425,2,NA
614,4,14395887,14967147,TRUE,171,1788,0.000302632,0.000244163,0.0222686,2.88969e-06,TRUE,0.765984,0.765984,FALSE,0.2842,1,0.00811915,2,NA
615,4,14967148,15910801,TRUE,258,2219,0.000159153,0.000251605,0.180604,3.20927e-05,FALSE,NA,NA,NA,NA,NA,NA,2,NA
616,4,15910802,17290236,TRUE,510,3363,0.00029734,0.000162875,0.116017,0.0240373,FALSE,NA,NA,NA,NA,NA,NA,2,NA
617,4,17290237,18753263,TRUE,327,3454,0.000437086,0.000170269,0.0183732,0.00915097,TRUE,-0.540694,-0.540694,FALSE,-1,0.14807,0.134139,2,NA
618,4,18753264,20086838,TRUE,249,3664,0.00105827,7.24832e-05,5.50867e-08,0.0983365,FALSE,NA,NA,NA,NA,NA,NA,2,NA
619,4,20086839,21416380,TRUE,450,3428,0.000663532,0.000272605,0.00344423,0.000400072,TRUE,0.0750404,0.0750404,FALSE,-0.66866,0.6068,0.780019,2,NA
620,4,21416381,22835185,TRUE,354,3611,0.000237776,0.000213101,0.126758,0.00143914,FALSE,NA,NA,NA,NA,NA,NA,2,NA
621,4,22835186,23858350,TRUE,284,1973,0.000770323,0.000403712,7.55262e-05,3.78507e-09,TRUE,-0.0918911,-0.0918911,FALSE,-0.55271,0.26386,0.622231,2,NA
622,4,23858351,24764724,TRUE,359,1994,0.000861998,0.000259957,7.18775e-05,0.00018042,TRUE,0.249186,0.249186,FALSE,-0.24193,0.68021,0.27158,2,NA
623,4,24764725,25832018,TRUE,401,2700,0.000958064,0.000117098,3.1473e-05,0.0540493,FALSE,NA,NA,NA,NA,NA,NA,2,NA
624,4,25832019,27385580,TRUE,505,2749,0.0011622,0.000241841,7.89837e-06,0.00243628,TRUE,0.486429,0.486429,FALSE,0.02065,1,0.0388538,2,NA
625,4,27385581,28177792,TRUE,252,2402,0.000203146,NA,0.123749,NA,FALSE,NA,NA,NA,NA,NA,NA,1,"BIP"
626,4,28177793,28927438,TRUE,162,2149,0.000272981,5.71176e-05,0.0307,0.105261,FALSE,NA,NA,NA,NA,NA,NA,2,NA
627,4,28927439,29758399,TRUE,180,2149,0.000154279,8.02724e-05,0.146083,0.0506607,FALSE,NA,NA,NA,NA,NA,NA,2,NA
628,4,29758400,30455555,TRUE,172,2027,0.000218967,0.00010398,0.07346,0.0182172,FALSE,NA,NA,NA,NA,NA,NA,2,NA
629,4,30455556,31395092,TRUE,246,2667,0.000768684,0.000164,3.08349e-05,0.00294552,TRUE,-0.198127,-0.198127,FALSE,-1,0.28409,0.437219,2,NA
630,4,31395093,32260117,TRUE,187,2336,0.000605095,0.000131405,0.000162592,0.0066154,TRUE,0.431848,0.431848,FALSE,-0.1582,1,0.129209,2,NA
631,4,32260118,32746820,TRUE,108,1720,0.000262434,NA,0.0155944,NA,FALSE,NA,NA,NA,NA,NA,NA,1,"BIP"
632,4,32746821,33640822,TRUE,143,1835,0.00023063,7.99631e-06,0.0461359,0.415592,FALSE,NA,NA,NA,NA,NA,NA,2,NA
633,4,33640823,34721845,TRUE,88,2028,0.000409544,8.47091e-05,0.000288087,0.00937578,TRUE,0.0987176,0.0987176,FALSE,-0.78435,0.7419,0.751924,2,NA
634,4,34721846,35411236,TRUE,172,1652,NA,7.36496e-05,NA,0.06148,FALSE,NA,NA,NA,NA,NA,NA,1,"SCZ"
635,4,35411237,35993838,TRUE,113,2224,NA,0.000129007,NA,0.00103508,FALSE,NA,NA,NA,NA,NA,NA,1,"SCZ"
636,4,35993839,36671801,TRUE,172,1936,0.00012278,9.33287e-05,0.193095,0.0270538,FALSE,NA,NA,NA,NA,NA,NA,2,NA
637,4,36671802,37880860,TRUE,400,3771,0.000667917,0.000328176,0.00198698,1.02543e-05,TRUE,0.269964,0.269964,FALSE,-0.27132,0.7515,0.253146,2,NA
638,4,37880861,38984838,TRUE,445,3056,0.000685417,0.000252102,0.00248836,0.000764227,TRUE,-0.091804,-0.091804,FALSE,-0.97241,0.42406,0.734465,2,NA
639,4,38984839,39820061,TRUE,213,1828,0.0003866,8.83395e-05,0.0111932,0.0481432,TRUE,-0.0280924,-0.0280924,FALSE,-1,0.85697,0.946345,2,NA
640,4,39820062,40590541,TRUE,319,1865,0.000255075,0.000258635,0.0981732,9.40059e-05,FALSE,NA,NA,NA,NA,NA,NA,2,NA
641,4,40590542,41360937,TRUE,242,2007,5.92547e-05,0.000114636,0.355026,0.0230909,FALSE,NA,NA,NA,NA,NA,NA,2,NA
642,4,41360938,42189251,TRUE,198,1914,0.000391865,0.000124748,0.00875096,0.00969308,TRUE,0.126518,0.126518,FALSE,-0.95506,0.8758,0.717603,2,NA
643,4,42189252,43192424,TRUE,255,3110,0.000734667,0.000271206,6.92061e-05,9.4258e-06,TRUE,0.464855,0.464855,FALSE,0.05325,0.88298,0.0297763,2,NA
644,4,43192425,43962561,TRUE,155,1984,0.000484205,0.000146177,0.000716572,0.00195867,TRUE,0.321084,0.321084,FALSE,-0.33647,0.9135,0.258356,2,NA
645,4,43962562,45186767,TRUE,240,3454,0.000831857,8.5706e-05,7.14274e-06,0.0633825,FALSE,NA,NA,NA,NA,NA,NA,2,NA
646,4,45186768,46358360,TRUE,232,2198,0.000253195,0.000244808,0.0697731,2.48748e-05,FALSE,NA,NA,NA,NA,NA,NA,2,NA
647,4,46358361,47408265,TRUE,226,1797,0.000571323,0.00024202,0.00072372,2.36574e-05,TRUE,0.484522,0.484522,FALSE,0.01853,0.97429,0.042112,2,NA
648,4,47408266,49325138,TRUE,303,3110,0.000960759,0.00040867,3.13586e-06,4.02787e-09,TRUE,0.31168,0.31168,FALSE,-0.03519,0.62723,0.0697474,2,NA
649,4,49325139,53879571,TRUE,209,1795,0.00037478,0.000197605,0.0124391,0.00022727,TRUE,0.357158,0.357158,FALSE,-0.33364,1,0.233955,2,NA
650,4,53879572,54659778,TRUE,185,1740,0.000473972,7.32365e-05,0.00175588,0.0689749,FALSE,NA,NA,NA,NA,NA,NA,2,NA
651,4,54659779,55681701,TRUE,322,1963,0.000892219,0.00033112,1.86594e-05,1.48334e-06,TRUE,0.275268,0.275268,FALSE,-0.13538,0.64035,0.159708,2,NA
652,4,55681702,57103100,TRUE,407,3668,0.000166539,0.000108253,0.223174,0.069225,FALSE,NA,NA,NA,NA,NA,NA,2,NA
653,4,57103101,58011085,TRUE,309,2522,0.000728414,6.49893e-05,0.000234543,0.147939,FALSE,NA,NA,NA,NA,NA,NA,2,NA
654,4,58011086,58940256,TRUE,288,2365,0.000595403,4.44584e-05,0.00137444,0.224243,FALSE,NA,NA,NA,NA,NA,NA,2,NA
655,4,58940257,59692948,TRUE,172,2137,0.000297756,6.78023e-05,0.0240635,0.0754039,FALSE,NA,NA,NA,NA,NA,NA,2,NA
656,4,59692949,60746709,TRUE,232,2893,0.000587984,9.41029e-05,0.000610743,0.0458155,TRUE,0.601865,0.601865,FALSE,-0.08067,1,0.0883066,2,NA
657,4,60746710,61971161,TRUE,218,3668,0.000246115,0.000125274,0.0690338,0.0119896,FALSE,NA,NA,NA,NA,NA,NA,2,NA
658,4,61971162,63337954,TRUE,354,2732,0.00111509,0.000183402,6.58251e-07,0.0046165,TRUE,0.745295,0.745295,FALSE,0.34921,1,0.00167956,2,NA
659,4,63337955,64117431,TRUE,180,2215,0.000407428,0.000117192,0.00493675,0.0117643,TRUE,0.17161,0.17161,FALSE,-0.90723,0.93658,0.61842,2,NA
660,4,64117432,65563100,TRUE,224,3587,9.48288e-05,0.000151303,0.274336,0.0038774,FALSE,NA,NA,NA,NA,NA,NA,2,NA
661,4,65563101,66597446,TRUE,228,2764,0.000484922,0.000133857,0.0031092,0.0094384,TRUE,0.20781,0.20781,FALSE,-0.65873,0.91445,0.522059,2,NA
662,4,66597447,67616362,TRUE,199,2399,0.000166093,0.000179229,0.141696,0.000530541,FALSE,NA,NA,NA,NA,NA,NA,2,NA
663,4,67616363,68742859,TRUE,220,2658,0.000224759,8.46856e-05,0.0867112,0.0566878,FALSE,NA,NA,NA,NA,NA,NA,2,NA
664,4,68742860,69603368,TRUE,122,1534,8.56569e-05,1.20206e-05,0.231594,0.363539,FALSE,NA,NA,NA,NA,NA,NA,2,NA
665,4,69603369,70516836,TRUE,104,2984,0.000300289,NA,0.00669165,NA,FALSE,NA,NA,NA,NA,NA,NA,1,"BIP"
666,4,70516837,71468300,TRUE,167,2868,3.90111e-05,0.000122275,0.378045,0.0062615,FALSE,NA,NA,NA,NA,NA,NA,2,NA
667,4,71468301,73258294,TRUE,297,3194,0.000244613,0.000290424,0.101622,1.74063e-05,FALSE,NA,NA,NA,NA,NA,NA,2,NA
668,4,73258295,74885900,TRUE,269,3029,4.56338e-05,0.000292712,0.39017,5.01701e-06,FALSE,NA,NA,NA,NA,NA,NA,2,NA
669,4,74885901,76497358,TRUE,352,3509,0.000675397,0.000297224,0.00107974,2.19613e-05,TRUE,0.0690853,0.0690853,FALSE,-0.53094,0.51931,0.768746,2,NA
670,4,76497359,78045637,TRUE,366,3740,0.000863581,0.000249842,7.16873e-05,0.000286935,TRUE,0.701589,0.701589,FALSE,0.31191,1,0.00235983,2,NA
671,4,78045638,78967715,TRUE,204,2264,0.000473823,0.00021997,0.00251164,5.71519e-05,TRUE,0.620816,0.620816,FALSE,0.16625,1,0.0172767,2,NA
672,4,78967716,79880101,TRUE,196,1933,0.000511488,0.000141142,0.00115291,0.00412334,TRUE,0.500941,0.500941,FALSE,-0.10581,1,0.0916247,2,NA
673,4,79880102,81206182,TRUE,272,2681,0.000494279,0.00024268,0.00491131,7.80509e-05,TRUE,0.323808,0.323808,FALSE,-0.29025,0.90109,0.226639,2,NA
674,4,81206183,82655623,TRUE,292,2643,0.000563263,0.000169762,0.00256787,0.00412576,TRUE,-0.0110664,-0.0110664,FALSE,-0.96346,0.58782,0.970735,2,NA
675,4,82655624,84003062,TRUE,316,3108,0.000770441,0.000332311,0.000134654,1.21814e-06,TRUE,0.252339,0.252339,FALSE,-0.17934,0.63979,0.219478,2,NA
676,4,84003063,85437805,TRUE,328,2728,0.000372604,1.28953e-05,0.0340543,0.409992,FALSE,NA,NA,NA,NA,NA,NA,2,NA
677,4,85437806,86931670,TRUE,239,3158,0.000243113,2.38611e-05,0.0791206,0.321203,FALSE,NA,NA,NA,NA,NA,NA,2,NA
678,4,86931671,88502717,TRUE,267,3337,0.00084902,0.000192417,1.23437e-05,0.0010202,TRUE,-0.0520966,-0.0520966,FALSE,-0.67081,0.39242,0.824443,2,NA
679,4,88502718,89244554,TRUE,213,2011,0.000329192,9.75448e-05,0.0249774,0.0362363,TRUE,-0.590631,-0.590631,FALSE,-1,0.23722,0.171286,2,NA
680,4,89244555,90236971,TRUE,256,2091,NA,0.000223552,NA,0.00018101,FALSE,NA,NA,NA,NA,NA,NA,1,"SCZ"
681,4,90236972,91309863,TRUE,221,2429,0.000423975,0.000215747,0.00728742,0.000114677,TRUE,0.230334,0.230334,FALSE,-0.48773,0.81919,0.41177,2,NA
682,4,91309864,92219192,TRUE,240,2205,0.000489191,0.000203315,0.00353368,0.000369362,TRUE,0.449858,0.449858,FALSE,-0.13086,1,0.105895,2,NA
683,4,92219193,93451599,TRUE,240,2155,0.000484687,0.000151004,0.00385628,0.00459451,TRUE,0.0213295,0.0213295,FALSE,-1,0.62935,0.945611,2,NA
684,4,93451600,94757265,TRUE,267,2709,0.00047426,0.000343642,0.00699035,6.33556e-07,TRUE,0.257117,0.257117,FALSE,-0.30926,0.78684,0.29749,2,NA
685,4,94757266,96183801,TRUE,306,3131,0.000376368,0.000147032,0.0295328,0.0126387,TRUE,-0.0694261,-0.0694261,FALSE,-1,0.75498,0.858339,2,NA
686,4,96183802,97540787,TRUE,319,3523,0.000414697,0.000220338,0.0208813,0.000609701,TRUE,0.733217,0.733217,FALSE,0.14577,1,0.0212053,2,NA
687,4,97540788,98445515,TRUE,172,1902,0.000458964,0.000198736,0.00169891,6.56682e-05,TRUE,-0.0318352,-0.0318352,FALSE,-0.77582,0.47504,0.901872,2,NA
688,4,98445516,99532480,TRUE,129,2105,0.000191163,0.000142874,0.0675581,0.000678555,FALSE,NA,NA,NA,NA,NA,NA,2,NA
689,4,99532481,100333334,TRUE,174,2140,6.83823e-05,6.6809e-05,0.307762,0.0819031,FALSE,NA,NA,NA,NA,NA,NA,2,NA
690,4,100333335,101132995,TRUE,196,1939,0.000558304,4.25923e-05,0.000482591,0.192789,FALSE,NA,NA,NA,NA,NA,NA,2,NA
691,4,101132996,102544803,TRUE,302,3297,0.000771943,0.000206625,9.86179e-05,0.000825647,TRUE,0.611163,0.611163,FALSE,0.1698,1,0.0127997,2,NA
692,4,102544804,104384534,TRUE,340,3379,0.00106912,0.000245968,1.09668e-06,0.000234764,TRUE,0.298296,0.298296,FALSE,-0.12678,0.69484,0.153546,2,NA
693,4,104384535,105319195,TRUE,165,1692,0.000175984,8.79381e-05,0.108398,0.0318831,FALSE,NA,NA,NA,NA,NA,NA,2,NA
694,4,105319196,106479155,TRUE,254,2341,0.000467203,0.00026409,0.00608439,1.73888e-05,TRUE,0.595331,0.595331,FALSE,0.10612,1,0.0234231,2,NA
695,4,106479156,108131206,TRUE,325,3083,0.000567273,0.000231687,0.00341763,0.000425491,TRUE,0.109902,0.109902,FALSE,-0.64356,0.6377,0.688476,2,NA
696,4,108131207,109122458,TRUE,221,1842,0.000193387,0.000147679,0.119017,0.0040838,FALSE,NA,NA,NA,NA,NA,NA,2,NA
697,4,109122459,109978982,TRUE,251,1996,0.000200925,1.73364e-05,0.12535,0.367887,FALSE,NA,NA,NA,NA,NA,NA,2,NA
698,4,109978983,111733579,TRUE,463,3475,0.000672064,5.29967e-05,0.00331824,0.238738,FALSE,NA,NA,NA,NA,NA,NA,2,NA
699,4,111733580,112830229,TRUE,244,2010,7.93232e-05,0.000229969,0.313082,9.21754e-05,FALSE,NA,NA,NA,NA,NA,NA,2,NA
700,4,112830230,113916002,TRUE,223,2019,0.000291833,0.000260233,0.0425671,7.34595e-06,TRUE,0.0156443,0.0156443,FALSE,-0.96864,0.66198,0.959667,2,NA
701,4,113916003,115306149,TRUE,378,2956,0.000432357,0.000214921,0.02457,0.0015559,TRUE,-0.284169,-0.284169,FALSE,-1,0.35745,0.394099,2,NA
702,4,115306150,116204703,TRUE,154,1972,0.000373181,NA,0.00554468,NA,FALSE,NA,NA,NA,NA,NA,NA,1,"BIP"
703,4,116204704,117313636,TRUE,187,2484,0.000304947,0.00015548,0.0258584,0.00161131,TRUE,-0.0540061,-0.0540061,FALSE,-1,0.63917,0.876453,2,NA
704,4,117313637,118395262,TRUE,225,2847,0.000271664,0.0001629,0.0544549,0.00231668,FALSE,NA,NA,NA,NA,NA,NA,2,NA
705,4,118395263,119138097,TRUE,143,1830,0.000448356,0.00018241,0.00100574,7.17052e-05,TRUE,0.786353,0.786353,FALSE,0.35992,1,0.00251925,2,NA
706,4,119138098,119927262,TRUE,154,1665,9.35628e-05,0.000138393,0.238308,0.00185707,FALSE,NA,NA,NA,NA,NA,NA,2,NA
707,4,119927263,120563073,TRUE,100,1621,0.000114062,0.000102272,0.148961,0.00434802,FALSE,NA,NA,NA,NA,NA,NA,2,NA
708,4,120563074,121393008,TRUE,176,1931,0.000383074,0.000221677,0.00706115,2.01709e-05,TRUE,0.237175,0.237175,FALSE,-0.41446,0.8024,0.382508,2,NA
709,4,121393009,121981243,TRUE,134,1890,0.000400624,7.77828e-05,0.00208706,0.0376854,TRUE,0.282253,0.282253,FALSE,-0.7265,1,0.450293,2,NA
710,4,121981244,122655434,TRUE,232,2148,0.000318509,7.66493e-05,0.0331866,0.084212,FALSE,NA,NA,NA,NA,NA,NA,2,NA
711,4,122655435,123768693,TRUE,214,2052,0.000745866,0.000182142,1.86381e-05,0.000718244,TRUE,0.250069,0.250069,FALSE,-0.27617,0.71991,0.29228,2,NA
712,4,123768694,124534997,TRUE,177,1941,0.000390945,0.000143271,0.00660446,0.00290444,TRUE,0.0879908,0.0879908,FALSE,-0.84378,0.75744,0.78315,2,NA
713,4,124534998,125486535,TRUE,211,2427,0.000690189,0.000126677,5.22153e-05,0.0102228,TRUE,0.27877,0.27877,FALSE,-0.40103,0.89067,0.32409,2,NA
714,4,125486536,126476842,TRUE,254,2556,0.000147255,7.67129e-05,0.195594,0.0875967,FALSE,NA,NA,NA,NA,NA,NA,2,NA
715,4,126476843,127279171,TRUE,235,2025,0.000114051,NA,0.242234,NA,FALSE,NA,NA,NA,NA,NA,NA,1,"BIP"
716,4,127279172,128321876,TRUE,214,2356,0.000176604,0.000164901,0.138526,0.00201637,FALSE,NA,NA,NA,NA,NA,NA,2,NA
717,4,128321877,129625376,TRUE,234,1946,0.000273508,0.00011102,0.0606536,0.0300603,FALSE,NA,NA,NA,NA,NA,NA,2,NA
718,4,129625377,131098950,TRUE,300,3160,0.000482498,0.00017762,0.00819929,0.00334273,TRUE,0.248229,0.248229,FALSE,-0.5962,0.95862,0.436927,2,NA
719,4,131098951,131873453,TRUE,166,1938,9.38687e-05,7.14993e-05,0.245214,0.0632009,FALSE,NA,NA,NA,NA,NA,NA,2,NA
720,4,131873454,132801980,TRUE,135,1698,0.000107342,0.000107228,0.194955,0.0076226,FALSE,NA,NA,NA,NA,NA,NA,2,NA
721,4,132801981,133524886,TRUE,102,1688,0.000248574,2.5418e-05,0.0179025,0.228535,FALSE,NA,NA,NA,NA,NA,NA,2,NA
722,4,133524887,134109978,TRUE,92,1569,0.000315078,4.4176e-05,0.0038732,0.106301,FALSE,NA,NA,NA,NA,NA,NA,2,NA
723,4,134109979,135809542,TRUE,259,3532,0.000568644,5.79093e-05,0.00142009,0.153135,FALSE,NA,NA,NA,NA,NA,NA,2,NA
724,4,135809543,137400031,TRUE,300,3489,0.000358454,0.000127089,0.0332494,0.0230412,TRUE,-0.598064,-0.598064,FALSE,-1,0.20151,0.151396,2,NA
725,4,137400032,138537344,TRUE,326,3559,0.00023025,0.00012745,0.122679,0.0264972,FALSE,NA,NA,NA,NA,NA,NA,2,NA
726,4,138537345,139553760,TRUE,288,2451,0.000246626,0.000169856,0.095914,0.00431583,FALSE,NA,NA,NA,NA,NA,NA,2,NA
727,4,139553761,141087047,TRUE,536,2966,0.00103298,0.000141357,8.09244e-05,0.0494815,TRUE,0.0835419,0.0835419,FALSE,-0.91224,0.7733,0.793906,2,NA
728,4,141087048,142807914,TRUE,399,3279,0.00123439,0.000181896,2.17146e-07,0.00755841,TRUE,0.28669,0.28669,FALSE,-0.22868,0.823,0.227766,2,NA
729,4,142807915,144401042,TRUE,246,3333,0.000217227,0.000208282,0.105661,0.000309501,FALSE,NA,NA,NA,NA,NA,NA,2,NA
730,4,144401043,146174871,TRUE,262,2631,0.000284397,0.000100093,0.0589672,0.0458294,FALSE,NA,NA,NA,NA,NA,NA,2,NA
731,4,146174872,147161042,TRUE,299,1938,0.000422576,0.000212596,0.0162627,0.000673075,TRUE,0.215443,0.215443,FALSE,-0.60978,0.89678,0.490858,2,NA
732,4,147161043,148462208,TRUE,237,2494,0.000347118,0.000128379,0.0254664,0.013273,TRUE,-0.169911,-0.169911,FALSE,-1,0.62575,0.662656,2,NA
733,4,148462209,149998528,TRUE,389,2884,0.00067276,0.00012051,0.00169305,0.0469088,TRUE,0.325217,0.325217,FALSE,-0.598,1,0.368843,2,NA
734,4,149998529,151014322,TRUE,213,1680,0.000226186,6.59433e-05,0.083073,0.103892,FALSE,NA,NA,NA,NA,NA,NA,2,NA
735,4,151014323,152162098,TRUE,173,1822,0.00052047,0.000272888,0.00056837,3.0728e-07,TRUE,0.286213,0.286213,FALSE,-0.17655,0.70806,0.194681,2,NA
736,4,152162099,153520883,TRUE,295,2783,0.000778511,0.000159864,8.91296e-05,0.0062844,TRUE,0.800231,0.800231,FALSE,0.35007,1,0.00332754,2,NA
737,4,153520884,155044409,TRUE,522,3530,0.00104493,0.000257624,5.23726e-05,0.00134647,TRUE,-0.210986,-0.210986,FALSE,-0.95827,0.23341,0.374223,2,NA
738,4,155044410,156520288,TRUE,408,3050,0.000636384,0.000250774,0.00316027,0.000504411,TRUE,0.00446445,0.00446445,FALSE,-0.80034,0.52564,0.986857,2,NA
739,4,156520289,157597309,TRUE,322,3337,0.00067663,0.000105618,0.000673591,0.0513463,FALSE,NA,NA,NA,NA,NA,NA,2,NA
740,4,157597310,159176073,TRUE,309,3266,2.73293e-05,0.000101823,0.433506,0.057887,FALSE,NA,NA,NA,NA,NA,NA,2,NA
741,4,159176074,160828480,TRUE,310,3185,0.000400905,0.000228102,0.0225748,0.000418354,TRUE,-0.0440145,-0.0440145,FALSE,-1,0.57718,0.889176,2,NA
742,4,160828481,161666201,TRUE,250,2111,0.000360174,0.000200677,0.0232406,0.000518765,TRUE,0.1308,0.1308,FALSE,-0.82333,0.82847,0.685354,2,NA
743,4,161666202,162239289,TRUE,145,2238,0.000150954,0.000133804,0.126679,0.0019653,FALSE,NA,NA,NA,NA,NA,NA,2,NA
744,4,162239290,163245541,TRUE,253,2844,0.000401488,0.000174977,0.0140277,0.00181859,TRUE,-0.0895986,-0.0895986,FALSE,-1,0.54811,0.782718,2,NA
745,4,163245542,163937103,TRUE,165,1818,0.000132514,3.93059e-05,0.171373,0.189979,FALSE,NA,NA,NA,NA,NA,NA,2,NA
746,4,163937104,164781847,TRUE,227,1737,0.00022866,0.00018162,0.0862823,0.000836124,FALSE,NA,NA,NA,NA,NA,NA,2,NA
747,4,164781848,165824650,TRUE,309,3015,0.000368904,0.000220923,0.0329857,0.000506799,TRUE,0.142241,0.142241,FALSE,-0.85727,0.87585,0.666937,2,NA
748,4,165824651,166702855,TRUE,303,2413,0.000558938,0.000166007,0.00298827,0.00554411,TRUE,0.293711,0.293711,FALSE,-0.49348,0.9837,0.342291,2,NA
749,4,166702856,167643768,TRUE,186,2318,0.000396802,0.000177515,0.00658476,0.000444972,TRUE,0.574749,0.574749,FALSE,0.01005,1,0.0522175,2,NA
750,4,167643769,168623790,TRUE,235,2548,0.000655381,8.40756e-05,0.000208488,0.0707925,FALSE,NA,NA,NA,NA,NA,NA,2,NA
751,4,168623791,169555114,TRUE,258,2453,0.000259766,0.0001158,0.0735874,0.0251164,FALSE,NA,NA,NA,NA,NA,NA,2,NA
752,4,169555115,170682809,TRUE,280,2133,0.000487787,9.59676e-05,0.00591703,0.056174,FALSE,NA,NA,NA,NA,NA,NA,2,NA
753,4,170682810,171643019,TRUE,218,2661,0.00030347,0.000130021,0.0349508,0.00959369,TRUE,0.74574,0.74574,FALSE,-0.01273,1,0.0593936,2,NA
754,4,171643020,172555990,TRUE,150,2550,0.000246974,0.000133828,0.0386224,0.00224098,TRUE,0.801343,0.801343,FALSE,0.12537,1,0.0322555,2,NA
755,4,172555991,174470206,TRUE,404,3229,0.00060372,8.63782e-05,0.00470814,0.115032,FALSE,NA,NA,NA,NA,NA,NA,2,NA
756,4,174470207,175295842,TRUE,310,1735,0.000275647,0.000186312,0.0800223,0.00253055,FALSE,NA,NA,NA,NA,NA,NA,2,NA
757,4,175295843,175959697,TRUE,233,1901,0.000172144,0.000158233,0.150662,0.00295589,FALSE,NA,NA,NA,NA,NA,NA,2,NA
758,4,175959698,177129678,TRUE,337,2526,0.00158528,0.000454255,1.02588e-11,2.68674e-09,TRUE,0.366881,0.366881,FALSE,0.09401,0.62023,0.0105754,2,NA
759,4,177129679,178314527,TRUE,379,3122,NA,0.000281473,NA,7.7908e-05,FALSE,NA,NA,NA,NA,NA,NA,1,"SCZ"
760,4,178314528,179233905,TRUE,260,2105,0.000602499,4.71795e-05,0.000816891,0.199936,FALSE,NA,NA,NA,NA,NA,NA,2,NA
761,4,179233906,179932391,TRUE,202,1939,0.000228752,NA,0.0756314,NA,FALSE,NA,NA,NA,NA,NA,NA,1,"BIP"
762,4,179932392,180540877,TRUE,192,2058,0.000244167,0.00010526,0.0590847,0.0199693,FALSE,NA,NA,NA,NA,NA,NA,2,NA
763,4,180540878,181122433,TRUE,236,1985,0.000272125,4.77378e-05,0.0580754,0.188284,FALSE,NA,NA,NA,NA,NA,NA,2,NA
764,4,181122434,182065646,TRUE,466,2832,0.000278434,0.000271618,0.120139,0.000431842,FALSE,NA,NA,NA,NA,NA,NA,2,NA
765,4,182065647,182946258,TRUE,475,2856,0.000775635,0.000212573,0.00105241,0.00448642,TRUE,0.648491,0.648491,FALSE,0.11311,1,0.0224308,2,NA
766,4,182946259,183603892,TRUE,388,1833,0.00102124,0.000412749,7.91452e-06,6.33109e-08,TRUE,0.261615,0.261615,FALSE,-0.11212,0.59386,0.144997,2,NA
767,4,183603893,184338584,TRUE,322,1873,0.000483528,6.71018e-05,0.00972477,0.146651,FALSE,NA,NA,NA,NA,NA,NA,2,NA
768,4,184338585,185483262,TRUE,615,3249,0.000493779,0.000222058,0.0372285,0.00753392,TRUE,0.108922,0.108922,FALSE,-1,0.91296,0.771588,2,NA
769,4,185483263,186232882,TRUE,296,2130,0.000687206,NA,0.000361561,NA,FALSE,NA,NA,NA,NA,NA,NA,1,"BIP"
770,4,186232883,186881568,TRUE,357,1857,0.000575759,0.000113173,0.0042242,0.0501544,FALSE,NA,NA,NA,NA,NA,NA,2,NA
771,4,186881569,187985393,TRUE,545,3088,0.000237285,0.000486586,0.176023,5.86354e-08,FALSE,NA,NA,NA,NA,NA,NA,2,NA
772,4,187985394,189153279,TRUE,503,3324,0.000721928,0.000306852,0.00256057,0.000159057,TRUE,0.486599,0.486599,FALSE,-0.00391,1,0.0560128,2,NA
773,4,189153280,189899573,TRUE,356,3318,0.000884149,0.000267678,4.20215e-05,0.00011368,TRUE,0.672497,0.672497,FALSE,0.29166,1,0.0023081,2,NA
774,4,189899574,191043880,TRUE,287,2264,0.000100066,0.000195429,0.287138,0.00131134,FALSE,NA,NA,NA,NA,NA,NA,2,NA
775,5,10043,598320,TRUE,160,1642,0.00010681,NA,0.214867,NA,FALSE,NA,NA,NA,NA,NA,NA,1,"BIP"
776,5,598321,1206609,TRUE,210,1164,0.000119789,2.65439e-05,0.221306,0.29586,FALSE,NA,NA,NA,NA,NA,NA,2,NA
777,5,1206610,2106885,TRUE,528,2978,6.13801e-05,6.42025e-05,0.396121,0.215465,FALSE,NA,NA,NA,NA,NA,NA,2,NA
778,5,2106886,2960068,TRUE,474,2775,NA,0.000106556,NA,0.0894152,FALSE,NA,NA,NA,NA,NA,NA,1,"SCZ"
779,5,2960069,3677595,TRUE,382,2813,0.000254317,0.00013434,0.117982,0.0293151,FALSE,NA,NA,NA,NA,NA,NA,2,NA
780,5,3677596,4636542,TRUE,317,2126,0.000458589,1.88276e-05,0.0118584,0.372249,FALSE,NA,NA,NA,NA,NA,NA,2,NA
781,5,4636543,5828694,TRUE,495,3285,0.000221898,9.1133e-05,0.181511,0.128369,FALSE,NA,NA,NA,NA,NA,NA,2,NA
782,5,5828695,6936733,TRUE,479,3594,0.000738759,0.000324898,0.00171041,5.92506e-05,TRUE,0.170498,0.170498,FALSE,-0.42784,0.65325,0.482888,2,NA
783,5,6936734,8079415,TRUE,344,3189,0.00138183,0.000345521,1.78555e-09,1.79463e-06,TRUE,0.154429,0.154429,FALSE,-0.19439,0.45427,0.355446,2,NA
784,5,8079416,9203855,TRUE,278,3307,0.000196754,9.49684e-05,0.141283,0.0594036,FALSE,NA,NA,NA,NA,NA,NA,2,NA
785,5,9203856,10549029,TRUE,539,3314,NA,0.000432528,NA,9.14468e-07,FALSE,NA,NA,NA,NA,NA,NA,1,"SCZ"
786,5,10549030,11850850,TRUE,463,3116,0.000424939,0.000523579,0.0399808,7.79347e-10,TRUE,0.281554,0.281554,FALSE,-0.28226,0.93248,0.270728,2,NA
787,5,11850851,12867189,TRUE,155,2017,0.000588598,NA,7.32222e-05,NA,FALSE,NA,NA,NA,NA,NA,NA,1,"BIP"
788,5,12867190,13608147,TRUE,148,1964,0.00014294,6.19151e-05,0.145155,0.0793673,FALSE,NA,NA,NA,NA,NA,NA,2,NA
789,5,13608148,14910295,TRUE,441,2980,0.000250533,0.000143447,0.138086,0.0300175,FALSE,NA,NA,NA,NA,NA,NA,2,NA
790,5,14910296,16592319,TRUE,420,2988,0.000531239,0.000404483,0.0117326,3.41268e-07,TRUE,0.0044455,0.0044455,FALSE,-0.69899,0.48262,0.985606,2,NA
791,5,16592320,17803477,TRUE,505,2750,0.000724234,0.000279738,0.00259773,0.000479111,TRUE,-0.0843495,-0.0843495,FALSE,-0.90628,0.40524,0.75005,2,NA
792,5,17803478,18791410,TRUE,214,2563,0.000589272,0.000132428,0.000400929,0.00811434,TRUE,0.052948,0.052948,FALSE,-0.80091,0.63754,0.858173,2,NA
793,5,18791411,20397013,TRUE,280,3474,0.000126129,0.000193686,0.241058,0.00129001,FALSE,NA,NA,NA,NA,NA,NA,2,NA
794,5,20397014,21211399,TRUE,128,1609,6.66384e-05,6.34622e-05,0.285763,0.0609169,FALSE,NA,NA,NA,NA,NA,NA,2,NA
795,5,21211400,22149042,TRUE,169,1605,0.000133301,3.18045e-05,0.172747,0.239152,FALSE,NA,NA,NA,NA,NA,NA,2,NA
796,5,22149043,23246745,TRUE,202,2364,0.000909268,0.000154968,2.65805e-07,0.00246621,TRUE,0.564521,0.564521,FALSE,0.14634,1,0.0155145,2,NA
797,5,23246746,24362661,TRUE,170,3137,0.000370524,5.72209e-05,0.00784167,0.113531,FALSE,NA,NA,NA,NA,NA,NA,2,NA
798,5,24362662,25722097,TRUE,323,2985,0.000229687,0.000239806,0.123759,0.000286855,FALSE,NA,NA,NA,NA,NA,NA,2,NA
799,5,25722098,26938178,TRUE,260,3498,0.000203464,0.000284831,0.126511,4.70013e-06,FALSE,NA,NA,NA,NA,NA,NA,2,NA
800,5,26938179,28315653,TRUE,312,2755,0.000582259,0.000216658,0.00234832,0.000651333,TRUE,0.231881,0.231881,FALSE,-0.41329,0.80042,0.397693,2,NA
801,5,28315654,29593755,TRUE,248,3369,0.000402505,0.000177782,0.01325,0.00146792,TRUE,0.362199,0.362199,FALSE,-0.38123,1,0.25928,2,NA
802,5,29593756,30416066,TRUE,195,2903,0.00027573,0.000133542,0.0408633,0.0055927,TRUE,-0.0797948,-0.0797948,FALSE,-1,0.76112,0.8384,2,NA
803,5,30416067,31679464,TRUE,432,3052,0.00063834,0.000306411,0.00396331,5.65328e-05,TRUE,-0.0784693,-0.0784693,FALSE,-0.89168,0.40099,0.757946,2,NA
804,5,31679465,32727914,TRUE,447,2616,0.000346765,6.38124e-05,0.0708721,0.197493,FALSE,NA,NA,NA,NA,NA,NA,2,NA
805,5,32727915,33971056,TRUE,321,2990,0.000115313,NA,0.273548,NA,FALSE,NA,NA,NA,NA,NA,NA,1,"BIP"
806,5,33971057,35157146,TRUE,298,2793,0.000275936,4.30247e-05,0.0773317,0.235883,FALSE,NA,NA,NA,NA,NA,NA,2,NA
807,5,35157147,36431967,TRUE,303,3003,0.000519096,0.000127312,0.00513177,0.0268426,TRUE,0.243986,0.243986,FALSE,-0.79335,1,0.499832,2,NA
808,5,36431968,37925487,TRUE,308,2624,0.000447846,8.37247e-05,0.0128966,0.0939143,FALSE,NA,NA,NA,NA,NA,NA,2,NA
809,5,37925488,39438985,TRUE,435,3215,0.000471479,0.000186305,0.0235534,0.00799153,TRUE,0.657872,0.657872,FALSE,-0.07845,1,0.0685494,2,NA
810,5,39438986,40290851,TRUE,185,2578,0.000390776,5.57753e-05,0.00733221,0.12523,FALSE,NA,NA,NA,NA,NA,NA,2,NA
811,5,40290852,41279590,TRUE,218,2436,0.00023392,3.80124e-05,0.0782518,0.228004,FALSE,NA,NA,NA,NA,NA,NA,2,NA
812,5,41279591,42856332,TRUE,204,3003,0.000588361,3.42517e-05,0.000318258,0.244876,FALSE,NA,NA,NA,NA,NA,NA,2,NA
813,5,42856333,44049878,TRUE,171,2566,0.000111086,0.00013035,0.215175,0.00512527,FALSE,NA,NA,NA,NA,NA,NA,2,NA
814,5,44049879,45305566,TRUE,169,1938,0.000549192,0.000108219,0.000272698,0.0138468,TRUE,0.31949,0.31949,FALSE,-0.41267,1,0.299549,2,NA
815,5,45305567,46388848,TRUE,91,2020,0.00117375,0.000182091,2.52592e-15,6.53512e-06,TRUE,0.611891,0.611891,FALSE,0.32153,0.90795,0.000549165,2,NA
816,5,46388849,50164835,TRUE,68,1545,0.000409559,2.70613e-05,8.6273e-05,0.173782,FALSE,NA,NA,NA,NA,NA,NA,2,NA
817,5,50164836,51203265,TRUE,208,1929,0.00029757,0.000219076,0.0353696,6.05836e-05,TRUE,0.0262254,0.0262254,FALSE,-0.96633,0.69638,0.934557,2,NA
818,5,51203266,52139773,TRUE,216,2317,0.000633681,0.000108411,0.000187848,0.0235794,TRUE,0.475921,0.475921,FALSE,-0.19038,1,0.1294,2,NA
819,5,52139774,52837225,TRUE,205,1985,0.00040862,3.43701e-05,0.00741812,0.246005,FALSE,NA,NA,NA,NA,NA,NA,2,NA
820,5,52837226,53747856,TRUE,292,2335,0.000780686,0.000142888,7.28304e-05,0.0122035,TRUE,0.533735,0.533735,FALSE,-0.01509,1,0.0595234,2,NA
821,5,53747857,55221398,TRUE,332,3907,0.000691192,1.80045e-05,0.00063594,0.382317,FALSE,NA,NA,NA,NA,NA,NA,2,NA
822,5,55221399,55968966,TRUE,350,1983,1.37795e-05,0.000178976,0.463212,0.00541305,FALSE,NA,NA,NA,NA,NA,NA,2,NA
823,5,55968967,56896890,TRUE,285,2091,0.000656285,7.2922e-05,0.000537015,0.117464,FALSE,NA,NA,NA,NA,NA,NA,2,NA
824,5,56896891,57895012,TRUE,254,2558,0.000864755,9.48612e-05,5.0325e-06,0.0507762,FALSE,NA,NA,NA,NA,NA,NA,2,NA
825,5,57895013,58721458,TRUE,295,2263,0.000903328,0.000225955,7.63213e-06,0.000293798,TRUE,0.592191,0.592191,FALSE,0.20218,1,0.00750519,2,NA
826,5,58721459,59868567,TRUE,221,1758,0.000684112,0.000193232,7.97831e-05,0.000402509,TRUE,0.0774648,0.0774648,FALSE,-0.53245,0.5379,0.747934,2,NA
827,5,59868568,60930753,TRUE,161,1861,0.000555798,0.000244157,0.000190631,1.98393e-06,TRUE,0.539473,0.539473,FALSE,0.13317,0.96398,0.0149868,2,NA
828,5,60930754,62180368,TRUE,264,2216,4.63033e-05,0.000111767,0.387041,0.0300658,FALSE,NA,NA,NA,NA,NA,NA,2,NA
829,5,62180369,63214089,TRUE,211,2594,0.000328969,0.000318553,0.0245387,6.85759e-08,TRUE,0.159105,0.159105,FALSE,-0.52083,0.75792,0.554678,2,NA
830,5,63214090,64438518,TRUE,218,1914,0.000599755,0.000124318,0.000377518,0.0119062,TRUE,0.66684,0.66684,FALSE,0.10514,1,0.0280737,2,NA
831,5,64438519,65606870,TRUE,223,2143,0.000333923,1.8243e-05,0.0259576,0.355984,FALSE,NA,NA,NA,NA,NA,NA,2,NA
832,5,65606871,67096191,TRUE,406,3277,0.000654103,0.000180259,0.0025955,0.00794884,TRUE,0.1909,0.1909,FALSE,-0.66905,0.85515,0.537155,2,NA
833,5,67096192,68006993,TRUE,345,2078,0.000464064,0.000213128,0.015261,0.00141159,TRUE,0.271291,0.271291,FALSE,-0.55362,0.99436,0.393791,2,NA
834,5,68006994,71468651,TRUE,331,3084,0.000128466,0.000446285,0.254054,1.70102e-09,FALSE,NA,NA,NA,NA,NA,NA,2,NA
835,5,71468652,73314061,TRUE,445,3558,0.000815339,0.000195457,0.000456345,0.00606455,TRUE,0.289761,0.289761,FALSE,-0.36908,0.89972,0.298554,2,NA
836,5,73314062,74245354,TRUE,316,2179,NA,4.71954e-05,NA,0.222415,FALSE,NA,NA,NA,NA,NA,NA,1,"SCZ"
837,5,74245355,75239302,TRUE,149,1959,0.000419164,0.000241169,0.00210696,1.23896e-06,TRUE,0.695849,0.695849,FALSE,0.28853,1,0.00442103,2,NA
838,5,75239303,75959515,TRUE,270,1750,0.000589801,0.000105184,0.00116427,0.0401613,TRUE,-0.389427,-0.389427,FALSE,-1,0.29249,0.270689,2,NA
839,5,75959516,77290255,TRUE,459,3223,0.00077913,0.000231742,0.000938774,0.00218214,TRUE,0.0639523,0.0639523,FALSE,-0.69654,0.58316,0.813469,2,NA
840,5,77290256,79005158,TRUE,401,3263,0.000704699,0.00038535,0.00133268,7.55897e-07,TRUE,0.277574,0.277574,FALSE,-0.18952,0.72693,0.206381,2,NA
841,5,79005159,80448225,TRUE,487,3564,0.00155203,0.000343383,4.80352e-09,2.42592e-05,TRUE,0.0639038,0.0639038,FALSE,-0.33978,0.38991,0.714169,2,NA
842,5,80448226,81710194,TRUE,317,2157,0.00036523,0.000133553,0.035075,0.021335,TRUE,0.706821,0.706821,FALSE,-0.13698,1,0.0887085,2,NA
843,5,81710195,82720248,TRUE,296,2087,0.000194284,0.00018203,0.150976,0.00245147,FALSE,NA,NA,NA,NA,NA,NA,2,NA
844,5,82720249,84094797,TRUE,425,2430,0.000480689,0.00025292,0.0202925,0.000661049,TRUE,0.135364,0.135364,FALSE,-0.78925,0.80342,0.665388,2,NA
845,5,84094798,84697850,FALSE,NA,NA,NA,NA,NA,NA,FALSE,NA,NA,NA,NA,NA,NA,NA,NA
846,5,84697851,85311779,TRUE,91,1892,5.16685e-05,4.16267e-05,0.29735,0.112301,FALSE,NA,NA,NA,NA,NA,NA,2,NA
847,5,85311780,86493763,TRUE,245,2536,0.000488278,0.000253854,0.00391219,2.4681e-05,TRUE,0.293893,0.293893,FALSE,-0.30045,0.83879,0.253039,2,NA
848,5,86493764,87943482,TRUE,210,2162,0.00108774,0.000363018,6.57362e-09,1.076e-08,TRUE,0.229023,0.229023,FALSE,-0.09637,0.52969,0.157695,2,NA
849,5,87943483,89584466,TRUE,371,2058,0.0015299,0.000266783,1.75573e-10,0.000176359,TRUE,0.438428,0.438428,FALSE,0.09883,0.79857,0.0167149,2,NA
850,5,89584467,90793804,TRUE,303,2095,0.000815352,0.000368083,5.36467e-05,8.52011e-08,TRUE,0.504213,0.504213,FALSE,0.14602,0.88487,0.0087605,2,NA
851,5,90793805,91956905,TRUE,211,1919,0.000932172,0.000302764,2.20788e-07,3.4307e-07,TRUE,0.215331,0.215331,FALSE,-0.15431,0.53826,0.229757,2,NA
852,5,91956906,93814604,TRUE,379,2348,0.00115052,0.00023044,7.50306e-07,0.00109584,TRUE,0.167067,0.167067,FALSE,-0.32861,0.58043,0.44436,2,NA
853,5,93814605,95117259,TRUE,358,2396,0.000784142,0.00033417,0.000228462,3.58364e-06,TRUE,0.138465,0.138465,FALSE,-0.34852,0.53321,0.514581,2,NA
854,5,95117260,96467377,TRUE,341,2797,0.000660258,0.000182956,0.00112253,0.00412644,TRUE,-0.0112337,-0.0112337,FALSE,-0.88728,0.54827,0.968832,2,NA
855,5,96467378,97316601,TRUE,119,2437,0.000240863,5.75592e-05,0.0278101,0.0731101,FALSE,NA,NA,NA,NA,NA,NA,2,NA
856,5,97316602,98567769,TRUE,252,2789,0.000382456,0.000261265,0.0188523,2.1998e-05,TRUE,0.182204,0.182204,FALSE,-0.53064,0.78551,0.525929,2,NA
857,5,98567770,99257995,TRUE,89,1639,0.000158881,7.95934e-05,0.0679991,0.0145798,FALSE,NA,NA,NA,NA,NA,NA,2,NA
858,5,99257996,100594081,TRUE,160,2533,0.000252737,4.184e-05,0.0399056,0.172091,FALSE,NA,NA,NA,NA,NA,NA,2,NA
859,5,100594082,101575367,TRUE,155,2496,0.000278024,4.46898e-05,0.0264365,0.15671,FALSE,NA,NA,NA,NA,NA,NA,2,NA
860,5,101575368,102903985,TRUE,174,2955,0.000567423,3.52598e-05,0.000319803,0.244213,FALSE,NA,NA,NA,NA,NA,NA,2,NA
861,5,102903986,103788460,TRUE,302,1932,0.00120986,0.000251016,1.45958e-08,0.000101153,TRUE,0.225811,0.225811,FALSE,-0.18053,0.58838,0.237096,2,NA
862,5,103788461,104850490,TRUE,205,2472,0.000405376,0.000169696,0.00757632,0.00114882,TRUE,0.0741463,0.0741463,FALSE,-0.82305,0.68249,0.808904,2,NA
863,5,104850491,106389388,TRUE,333,3267,0.000191203,0.000240693,0.169047,0.000292102,FALSE,NA,NA,NA,NA,NA,NA,2,NA
864,5,106389389,107265911,TRUE,315,2055,0.00121168,0.000323677,2.34254e-08,2.07482e-06,TRUE,0.44626,0.44626,FALSE,0.12432,0.75781,0.0105665,2,NA
865,5,107265912,108641784,TRUE,272,3395,0.000331611,0.000185403,0.0374856,0.0014696,TRUE,0.138143,0.138143,FALSE,-0.96674,0.91407,0.696153,2,NA
866,5,108641785,109606905,TRUE,282,2517,0.000176694,9.75716e-05,0.166772,0.054725,FALSE,NA,NA,NA,NA,NA,NA,2,NA
867,5,109606906,110819517,TRUE,246,2374,0.000647192,0.000156655,0.000309187,0.00598088,TRUE,0.269847,0.269847,FALSE,-0.42474,0.87146,0.341732,2,NA
868,5,110819518,111983115,TRUE,291,2810,0.000623908,0.000199362,0.00098771,0.00106931,TRUE,0.186327,0.186327,FALSE,-0.48885,0.72686,0.48903,2,NA
869,5,111983116,113121555,TRUE,251,3362,0.000542472,0.000227374,0.0019678,0.000156667,TRUE,0.410033,0.410033,FALSE,-0.11843,0.98216,0.11501,2,NA
870,5,113121556,113998532,TRUE,258,2337,0.000528364,0.000244318,0.00249026,5.61976e-05,TRUE,0.290879,0.290879,FALSE,-0.28955,0.8018,0.255765,2,NA
871,5,113998533,115117631,TRUE,285,2670,0.000488593,0.000227026,0.00622581,0.000270007,TRUE,0.472105,0.472105,FALSE,-0.09129,1,0.0941801,2,NA
872,5,115117632,116208000,TRUE,403,3299,0.000476295,0.000268259,0.0182334,0.000227798,TRUE,0.0199668,0.0199668,FALSE,-0.9296,0.60542,0.946733,2,NA
873,5,116208001,117348497,TRUE,379,3273,0.000697195,0.000342745,0.00123072,4.53103e-06,TRUE,-0.145422,-0.145422,FALSE,-0.81212,0.29391,0.522479,2,NA
874,5,117348498,118605251,TRUE,357,3183,0.000494856,0.00050547,0.0113757,5.09522e-11,TRUE,0.258823,0.258823,FALSE,-0.23389,0.7587,0.246901,2,NA
875,5,118605252,119664173,TRUE,288,2570,0.000435237,0.000222495,0.0130013,0.00032327,TRUE,-0.288855,-0.288855,FALSE,-1,0.2817,0.33288,2,NA
876,5,119664174,120371857,TRUE,165,1991,0.000258169,5.67548e-05,0.0421616,0.121565,FALSE,NA,NA,NA,NA,NA,NA,2,NA
877,5,120371858,120960737,TRUE,189,2097,0.00056478,0.000214608,0.000376175,4.64482e-05,TRUE,0.570679,0.570679,FALSE,0.13375,1,0.017553,2,NA
878,5,120960738,122005291,TRUE,259,1896,0.000187922,0.000137572,0.143942,0.0114367,FALSE,NA,NA,NA,NA,NA,NA,2,NA
879,5,122005292,123191941,TRUE,240,2966,0.000504964,0.000166061,0.00270511,0.00239601,TRUE,-0.307184,-0.307184,FALSE,-1,0.24611,0.300792,2,NA
880,5,123191942,124109485,TRUE,331,2060,0.000468414,0.000108188,0.0120906,0.0511814,FALSE,NA,NA,NA,NA,NA,NA,2,NA
881,5,124109486,125131720,TRUE,426,2633,0.000781639,0.000178538,0.000578042,0.00936656,TRUE,0.255974,0.255974,FALSE,-0.46148,0.88553,0.380998,2,NA
882,5,125131721,126054697,TRUE,264,2581,0.000363212,0.00015934,0.024796,0.00462621,TRUE,-0.307638,-0.307638,FALSE,-1,0.38151,0.39061,2,NA
883,5,126054698,126992836,TRUE,214,2224,0.000198276,0.000158563,0.118603,0.0039461,FALSE,NA,NA,NA,NA,NA,NA,2,NA
884,5,126992837,128067414,TRUE,192,2021,0.000333575,0.000145734,0.0191444,0.00437566,TRUE,-0.134805,-0.134805,FALSE,-1,0.56474,0.703335,2,NA
885,5,128067415,128734905,TRUE,156,2161,4.16592e-05,0.000179249,0.367459,0.000178608,FALSE,NA,NA,NA,NA,NA,NA,2,NA
886,5,128734906,130573817,TRUE,223,3040,0.000706897,0.000242094,5.38696e-05,2.12501e-05,TRUE,-0.00606072,-0.00606072,FALSE,-0.53324,0.40396,0.977812,2,NA
887,5,130573818,132554690,TRUE,266,2844,0.000467166,0.000278464,0.00687084,1.10648e-05,TRUE,0.309858,0.309858,FALSE,-0.27627,0.88206,0.233195,2,NA
888,5,132554691,134556570,TRUE,640,3743,0.00123819,0.000740025,1.66237e-05,3.41185e-13,TRUE,0.0118588,0.0118588,FALSE,-0.33835,0.30216,0.939157,2,NA
889,5,134556571,135344943,TRUE,264,2040,0.000299594,0.000164345,0.0514025,0.0044222,FALSE,NA,NA,NA,NA,NA,NA,2,NA
890,5,135344944,136949853,TRUE,368,3239,0.000592112,0.000280011,0.00404638,0.000114171,TRUE,0.267296,0.267296,FALSE,-0.33959,0.78664,0.309335,2,NA
891,5,136949854,139408116,TRUE,398,3134,0.00139114,0.000798894,1.21624e-08,1.61466e-19,TRUE,0.439182,0.439182,FALSE,0.2052,0.66823,0.000657992,2,NA
892,5,139408117,141253830,TRUE,394,3106,0.000698325,0.000374859,0.00135599,1.23062e-06,TRUE,0.380241,0.380241,FALSE,-0.07135,0.82741,0.0873342,2,NA
893,5,141253831,142532956,TRUE,456,2926,8.42123e-05,0.000230231,0.352104,0.00217809,FALSE,NA,NA,NA,NA,NA,NA,2,NA
894,5,142532957,143605908,TRUE,290,2225,0.000984402,0.000281459,1.40889e-06,1.53887e-05,TRUE,0.520708,0.520708,FALSE,0.14686,0.89411,0.00800723,2,NA
895,5,143605909,145319096,TRUE,299,3483,0.000642686,0.000223435,0.000814524,0.000401015,TRUE,-0.0593119,-0.0593119,FALSE,-0.81584,0.44148,0.816996,2,NA
896,5,145319097,147180171,TRUE,444,3740,0.000155696,0.000325263,0.245765,2.72979e-05,FALSE,NA,NA,NA,NA,NA,NA,2,NA
897,5,147180172,148662214,TRUE,368,3287,NA,0.000316507,NA,1.28387e-05,FALSE,NA,NA,NA,NA,NA,NA,1,"SCZ"
898,5,148662215,149850203,TRUE,471,2555,0.000619669,0.00023293,0.00623067,0.00197836,TRUE,0.270342,0.270342,FALSE,-0.47443,0.93285,0.365617,2,NA
899,5,149850204,150981934,TRUE,358,2851,0.000662123,0.000163337,0.00141224,0.00968306,TRUE,-0.0137227,-0.0137227,FALSE,-1,0.59025,0.964289,2,NA
900,5,150981935,151892617,TRUE,192,2100,0.000364752,0.000184635,0.0117907,0.00032161,TRUE,0.456515,0.456515,FALSE,-0.18355,1,0.132168,2,NA
901,5,151892618,152878627,TRUE,184,2113,0.000933007,0.000126443,5.3917e-08,0.00731388,TRUE,0.454476,0.454476,FALSE,-0.03882,1,0.0637859,2,NA
902,5,152878628,153734494,TRUE,200,2320,0.000801314,0.000254342,3.30253e-06,6.70984e-06,TRUE,0.026005,0.026005,FALSE,-0.44358,0.4015,0.896639,2,NA
903,5,153734495,154599750,TRUE,298,1919,0.000779703,0.00033563,9.1758e-05,1.57822e-06,TRUE,-0.0497832,-0.0497832,FALSE,-0.55961,0.33798,0.807947,2,NA
904,5,154599751,155459556,TRUE,229,1978,0.000273953,0.000199277,0.0540268,0.000328119,FALSE,NA,NA,NA,NA,NA,NA,2,NA
905,5,155459557,156345451,TRUE,208,2159,0.000602705,0.000219958,0.000436337,7.05427e-05,TRUE,0.387177,0.387177,FALSE,-0.10849,0.87023,0.108601,2,NA
906,5,156345452,157191081,TRUE,228,2301,0.000340748,7.46746e-05,0.0249917,0.0844575,FALSE,NA,NA,NA,NA,NA,NA,2,NA
907,5,157191082,158484775,TRUE,365,2938,0.000750452,8.58928e-05,0.000416975,0.103663,FALSE,NA,NA,NA,NA,NA,NA,2,NA
908,5,158484776,159663733,TRUE,350,2700,0.000837407,0.000149419,9.31963e-05,0.0157579,TRUE,0.251509,0.251509,FALSE,-0.43573,0.8863,0.383388,2,NA
909,5,159663734,160519049,TRUE,313,2159,0.000139059,0.000164961,0.234252,0.00646654,FALSE,NA,NA,NA,NA,NA,NA,2,NA
910,5,160519050,161478177,TRUE,211,2213,0.000513883,0.000224621,0.00149908,4.73569e-05,TRUE,0.689526,0.689526,FALSE,0.25536,1,0.00629469,2,NA
911,5,161478178,162386027,TRUE,237,1787,0.000501829,6.18795e-06,0.0027367,0.442777,FALSE,NA,NA,NA,NA,NA,NA,2,NA
912,5,162386028,163781268,TRUE,425,3255,0.000435711,0.000228085,0.0308315,0.00168476,TRUE,0.26911,0.26911,FALSE,-0.67233,1,0.429364,2,NA
913,5,163781269,165289211,TRUE,452,3280,0.000352535,0.000327072,0.0683356,3.35843e-05,FALSE,NA,NA,NA,NA,NA,NA,2,NA
914,5,165289212,166863413,TRUE,555,3068,0.000916576,0.000417723,0.000419417,2.0373e-06,TRUE,0.140739,0.140739,FALSE,-0.3428,0.53109,0.501981,2,NA
915,5,166863414,168342743,TRUE,599,2949,0.000719551,0.000283602,0.00499832,0.000922855,TRUE,0.641869,0.641869,FALSE,0.12299,1,0.0222084,2,NA
916,5,168342744,169506966,TRUE,440,3129,0.00106913,0.00057228,1.07108e-05,2.94668e-11,TRUE,0.0606304,0.0606304,FALSE,-0.30795,0.36368,0.709941,2,NA
917,5,169506967,170898340,TRUE,473,3137,0.000868449,0.000258158,0.000306379,0.000791154,TRUE,0.0642797,0.0642797,FALSE,-0.61424,0.5438,0.794855,2,NA
918,5,170898341,172285682,TRUE,604,3219,0.000725804,0.000218443,0.0048809,0.00852812,TRUE,-0.349214,-0.349214,FALSE,-1,0.23686,0.271001,2,NA
919,5,172285683,173606995,TRUE,506,3302,0.000640994,0.000182137,0.00637949,0.0136961,TRUE,-0.0940935,-0.0940935,FALSE,-1,0.57074,0.779983,2,NA
920,5,173606996,174662885,TRUE,516,2829,0.000586608,0.000219322,0.0113222,0.00472088,TRUE,0.422959,0.422959,FALSE,-0.32981,1,0.193754,2,NA
921,5,174662886,176180301,TRUE,468,2682,0.00107055,0.000331211,1.58948e-05,3.32294e-05,TRUE,0.423644,0.423644,FALSE,0.02917,0.80784,0.0378435,2,NA
922,5,176180302,177659902,TRUE,332,2366,0.000600701,0.000265169,0.0026035,9.85599e-05,TRUE,-0.178817,-0.178817,FALSE,-0.98748,0.31438,0.486634,2,NA
923,5,177659903,178595252,TRUE,432,3093,0.0011153,0.000176021,4.03321e-06,0.0110308,TRUE,0.412444,0.412444,FALSE,-0.09911,1,0.10796,2,NA
924,5,178595253,179794710,TRUE,576,3064,0.000751331,0.000242488,0.0031844,0.00339688,TRUE,0.0493073,0.0493073,FALSE,-0.82818,0.61227,0.866132,2,NA
925,5,179794711,180902886,TRUE,358,2428,0.000112691,0.000151086,0.287337,0.0176756,FALSE,NA,NA,NA,NA,NA,NA,2,NA
926,6,63979,1380679,TRUE,584,3249,0.000465145,0.000197722,0.0421629,0.01317,TRUE,-0.198855,-0.198855,FALSE,-1,0.57284,0.617575,2,NA
927,6,1380680,2746531,TRUE,532,3234,0.000686086,0.000106847,0.00468176,0.0976904,FALSE,NA,NA,NA,NA,NA,NA,2,NA
928,6,2746532,3964072,TRUE,530,3136,0.000712353,0.00033961,0.00346676,5.59321e-05,TRUE,0.21421,0.21421,FALSE,-0.36272,0.72506,0.392281,2,NA
929,6,3964073,4657086,TRUE,218,1942,0.00033502,6.17641e-05,0.0234678,0.119864,FALSE,NA,NA,NA,NA,NA,NA,2,NA
930,6,4657087,5378213,TRUE,229,1855,0.000351391,8.64638e-05,0.020773,0.0562904,FALSE,NA,NA,NA,NA,NA,NA,2,NA
931,6,5378214,6621937,TRUE,576,3425,0.00053071,0.000134404,0.0248919,0.060323,FALSE,NA,NA,NA,NA,NA,NA,2,NA
932,6,6621938,7808323,TRUE,559,3271,0.00102838,0.00022963,9.82137e-05,0.00424895,TRUE,0.268417,0.268417,FALSE,-0.32323,0.80862,0.297186,2,NA
933,6,7808324,9020710,TRUE,314,3193,0.000333478,0.000247348,0.0466502,0.000142173,TRUE,0.216557,0.216557,FALSE,-0.68145,1,0.513194,2,NA
934,6,9020711,10416550,TRUE,415,3338,3.7786e-05,6.92805e-05,0.424006,0.166593,FALSE,NA,NA,NA,NA,NA,NA,2,NA
935,6,10416551,11790671,TRUE,517,3391,0.000277881,0.000225971,0.133928,0.00427429,FALSE,NA,NA,NA,NA,NA,NA,2,NA
936,6,11790672,13352326,TRUE,479,3568,0.00105749,0.000400174,2.34353e-05,1.60924e-06,TRUE,0.365035,0.365035,FALSE,-0.01185,0.72297,0.0565614,2,NA
937,6,13352327,15069421,TRUE,541,3270,0.000699192,0.00021024,0.00429288,0.00717579,TRUE,0.445947,0.445947,FALSE,-0.23774,1,0.152703,2,NA
938,6,15069422,16566882,TRUE,493,3600,0.000590108,0.000442386,0.0100193,2.15386e-07,TRUE,0.0883407,0.0883407,FALSE,-0.54769,0.56509,0.711904,2,NA
939,6,16566883,17391994,TRUE,302,1838,0.000450912,0.000375699,0.0118341,4.3391e-08,TRUE,0.537151,0.537151,FALSE,0.09089,1,0.0283283,2,NA
940,6,17391995,18208676,TRUE,219,1965,0.000297448,0.000298934,0.0390789,3.66537e-07,TRUE,0.278024,0.278024,FALSE,-0.43992,0.99484,0.336908,2,NA
941,6,18208677,18775022,TRUE,135,1899,0.000249028,0.000102695,0.0342517,0.0110495,TRUE,0.601227,0.601227,FALSE,-0.2763,1,0.141323,2,NA
942,6,18775023,19449152,TRUE,137,1875,0.000468963,0.00029119,0.000544742,5.47222e-09,TRUE,0.32097,0.32097,FALSE,-0.1154,0.72659,0.131626,2,NA
943,6,19449153,20418020,TRUE,391,2358,0.000406123,0.000231464,0.0339141,0.000941723,TRUE,0.262946,0.262946,FALSE,-0.62213,1,0.433702,2,NA
944,6,20418021,21295864,TRUE,257,2122,0.000325657,0.000203448,0.0362371,0.000471035,TRUE,-0.216189,-0.216189,FALSE,-1,0.43055,0.521801,2,NA
945,6,21295865,22199713,TRUE,354,1861,0.000256958,8.00788e-05,0.108439,0.117294,FALSE,NA,NA,NA,NA,NA,NA,2,NA
946,6,22199714,23192337,TRUE,309,2739,0.000356034,9.22683e-05,0.0370413,0.0726191,FALSE,NA,NA,NA,NA,NA,NA,2,NA
947,6,23192338,23939306,TRUE,318,2146,0.000311458,0.00025946,0.0601997,0.000101666,FALSE,NA,NA,NA,NA,NA,NA,2,NA
948,6,23939307,24950379,TRUE,359,3055,0.00123198,0.000395409,1.16438e-07,1.25375e-07,TRUE,0.0792189,0.0792189,FALSE,-0.29129,0.38755,0.636593,2,NA
949,6,24950380,25684629,TRUE,252,2329,0.00121206,0.000393616,1.5679e-09,1.38502e-09,TRUE,0.378973,0.378973,FALSE,0.09314,0.66002,0.0136723,2,NA
950,6,25684630,26396200,TRUE,135,1832,0.00171512,0.000558239,8.60603e-22,8.32511e-22,TRUE,0.473783,0.473783,FALSE,0.28167,0.65236,2.18195e-05,2,NA
951,6,26396201,27261035,TRUE,90,1418,0.00188152,0.000317477,1.77109e-29,5.72873e-12,TRUE,0.714636,0.714636,FALSE,0.52472,0.89507,3.28538e-08,2,NA
952,6,27261036,28666364,TRUE,153,2815,0.00280444,0.000302729,7.22829e-41,9.70493e-09,TRUE,0.645059,0.645059,FALSE,0.45249,0.84995,2.5383e-07,2,NA
953,6,28666365,29529755,TRUE,90,2254,0.00235774,0.000400967,2.64299e-39,1.03755e-14,TRUE,0.517381,0.517381,FALSE,0.32498,0.69955,5.53282e-06,2,NA
954,6,29529756,29833843,TRUE,51,2524,0.00131688,0.000212907,5.85099e-23,4.95025e-09,TRUE,0.68638,0.68638,FALSE,0.46211,0.90838,9.61908e-06,2,NA
955,6,29833844,30070717,TRUE,35,1788,0.00120551,0.000204409,3.52783e-23,1.75099e-09,TRUE,0.71721,0.71721,FALSE,0.48806,0.92676,7.18228e-06,2,NA
956,6,30070718,30715006,TRUE,95,2379,0.00153251,0.000421816,6.091e-20,7.84452e-15,TRUE,0.41124,0.41124,FALSE,0.1808,0.62624,0.00129024,2,NA
957,6,30715007,31106493,TRUE,119,2244,0.00139866,0.00035627,3.33321e-17,6.99896e-11,TRUE,0.677368,0.677368,FALSE,0.45616,0.89485,2.22848e-06,2,NA
958,6,31106494,31250556,TRUE,38,1624,0.000934564,0.000150478,9.41996e-17,3.0746e-07,TRUE,0.878957,0.878957,FALSE,0.67058,1,1.41142e-06,2,NA
959,6,31250557,31320268,TRUE,23,1115,0.000869525,8.59015e-05,5.38156e-18,0.000106997,TRUE,0.986929,0.986929,FALSE,0.77631,1,9.943e-06,2,NA
960,6,31320269,31427209,TRUE,40,1496,0.00122177,0.000192284,8.78911e-23,8.72098e-09,TRUE,0.972883,0.972883,FALSE,0.82064,1,6.86637e-09,2,NA
961,6,31427210,32208901,TRUE,218,2247,0.00238613,0.000649492,6.46379e-27,7.99327e-18,TRUE,0.587464,0.587464,FALSE,0.41514,0.75079,5.11984e-08,2,NA
962,6,32208902,32454577,TRUE,43,1994,0.00112123,0.000259117,1.38866e-19,1.06857e-11,TRUE,0.540654,0.540654,FALSE,0.29933,0.76412,0.000262021,2,NA
963,6,32454578,32539567,TRUE,3,14,9.84147e-05,NA,0.0130375,NA,FALSE,NA,NA,NA,NA,NA,NA,1,"BIP"
964,6,32539568,32586784,TRUE,13,373,0.000498358,4.29647e-05,3.89666e-11,0.00694127,TRUE,0.586196,0.586196,FALSE,-0.00163,1,0.0539408,2,NA
965,6,32586785,32629239,TRUE,17,412,0.000747886,4.37727e-05,3.77947e-16,0.00860346,TRUE,0.778846,0.778846,FALSE,0.33043,1,0.00756065,2,NA
966,6,32629240,32682213,TRUE,15,658,0.000927254,6.6902e-05,1.29111e-21,0.000330872,TRUE,0.688213,0.688213,FALSE,0.31614,1,0.0029464,2,NA
967,6,32682214,32897998,TRUE,68,1724,0.000822601,6.338e-05,2.71459e-11,0.0338589,TRUE,0.799775,0.799775,FALSE,0.34089,1,0.00550465,2,NA
968,6,32897999,33194975,TRUE,106,1960,0.00108214,0.000184334,4.02986e-13,5.26507e-05,TRUE,0.411839,0.411839,FALSE,0.05806,0.74947,0.0259516,2,NA
969,6,33194976,33864262,TRUE,224,1901,0.00136765,0.000389099,4.71952e-12,8.19063e-10,TRUE,0.486799,0.486799,FALSE,0.22461,0.73402,0.000803519,2,NA
970,6,33864263,34979270,TRUE,286,2438,0.000925059,0.000233394,4.43606e-06,0.000214235,TRUE,0.281241,0.281241,FALSE,-0.17278,0.69921,0.19277,2,NA
971,6,34979271,36346353,TRUE,314,2641,0.00108527,0.000369523,4.82638e-07,1.74462e-07,TRUE,0.194204,0.194204,FALSE,-0.17638,0.51583,0.267117,2,NA
972,6,36346354,37570051,TRUE,456,2936,0.000904402,0.000306064,0.000162485,9.7656e-05,TRUE,0.0801075,0.0801075,FALSE,-0.47318,0.50862,0.721808,2,NA
973,6,37570052,38688720,TRUE,358,2500,0.000693915,0.000275681,0.000904824,9.56535e-05,TRUE,0.0776943,0.0776943,FALSE,-0.52515,0.53304,0.749549,2,NA
974,6,38688721,39785907,TRUE,369,3036,0.000398763,7.83268e-05,0.0327928,0.124834,FALSE,NA,NA,NA,NA,NA,NA,2,NA
975,6,39785908,40778401,TRUE,342,2758,0.00016642,0.000311953,0.203805,1.12518e-05,FALSE,NA,NA,NA,NA,NA,NA,2,NA
976,6,40778402,42103738,TRUE,501,2942,0.000942806,0.000124255,0.000164762,0.0640071,FALSE,NA,NA,NA,NA,NA,NA,2,NA
977,6,42103739,43770626,TRUE,427,2983,0.000966154,0.000301415,4.19015e-05,7.80085e-05,TRUE,0.449546,0.449546,FALSE,0.02805,0.87045,0.0360237,2,NA
978,6,43770627,44596897,TRUE,443,1960,0.000340032,0.000200441,0.0741685,0.00561104,FALSE,NA,NA,NA,NA,NA,NA,2,NA
979,6,44596898,45408421,TRUE,100,2029,0.000141793,5.73572e-05,0.105133,0.0642921,FALSE,NA,NA,NA,NA,NA,NA,2,NA
980,6,45408422,46430701,TRUE,325,2097,0.000194555,0.000178952,0.161994,0.00461646,FALSE,NA,NA,NA,NA,NA,NA,2,NA
981,6,46430702,47313443,TRUE,278,2036,0.000596499,2.80867e-05,0.00124996,0.310226,FALSE,NA,NA,NA,NA,NA,NA,2,NA
982,6,47313444,48393981,TRUE,234,2499,0.00040291,7.95702e-05,0.0113014,0.0752424,FALSE,NA,NA,NA,NA,NA,NA,2,NA
983,6,48393982,49528164,TRUE,150,2466,0.00021369,3.94409e-05,0.061604,0.17951,FALSE,NA,NA,NA,NA,NA,NA,2,NA
984,6,49528165,50940767,TRUE,234,3152,0.000752239,7.00137e-05,2.81605e-05,0.099895,FALSE,NA,NA,NA,NA,NA,NA,2,NA
985,6,50940768,51826423,TRUE,168,2330,0.000213281,0.00022252,0.0712773,9.81822e-06,FALSE,NA,NA,NA,NA,NA,NA,2,NA
986,6,51826424,52598879,TRUE,277,2017,0.000517056,0.000147549,0.00393078,0.00915712,TRUE,0.305999,0.305999,FALSE,-0.4836,1,0.346535,2,NA
987,6,52598880,53425492,TRUE,246,1986,0.000432984,0.000257887,0.0089273,2.77255e-05,TRUE,0.661116,0.661116,FALSE,0.19145,1,0.0153916,2,NA
988,6,53425493,54452767,TRUE,221,2303,0.000448268,1.63005e-05,0.00492812,0.367255,FALSE,NA,NA,NA,NA,NA,NA,2,NA
989,6,54452768,55469137,TRUE,190,3289,0.000701385,0.000173031,2.13901e-05,0.000627127,TRUE,-0.122438,-0.122438,FALSE,-0.80319,0.32377,0.608496,2,NA
990,6,55469138,56200985,TRUE,160,2120,0.000243921,0.000165003,0.0442442,0.000418438,TRUE,0.0658846,0.0658846,FALSE,-1,0.81583,0.852196,2,NA
991,6,56200986,57316157,TRUE,194,1680,0.000451592,1.6292e-05,0.0029864,0.359667,FALSE,NA,NA,NA,NA,NA,NA,2,NA
992,6,57316158,58141889,TRUE,49,1316,NA,3.77346e-05,NA,0.0736852,FALSE,NA,NA,NA,NA,NA,NA,1,"SCZ"
993,6,58141890,61883560,TRUE,51,1394,NA,6.9842e-05,NA,0.00903196,FALSE,NA,NA,NA,NA,NA,NA,1,"SCZ"
994,6,61883561,62693128,TRUE,57,2620,NA,0.000131285,NA,0.000370243,FALSE,NA,NA,NA,NA,NA,NA,1,"SCZ"
995,6,62693129,64010286,TRUE,155,3179,1.76437e-05,0.000127748,0.433848,0.00376859,FALSE,NA,NA,NA,NA,NA,NA,2,NA
996,6,64010287,65759861,TRUE,243,3499,0.000281292,0.000253492,0.0551243,1.8103e-05,FALSE,NA,NA,NA,NA,NA,NA,2,NA
997,6,65759862,66445495,TRUE,140,1803,0.000473848,0.000147653,0.000546481,0.000829112,TRUE,0.847189,0.847189,FALSE,0.41478,1,0.00214139,2,NA
998,6,66445496,67036787,TRUE,97,1932,0.00052518,0.000134936,2.11486e-05,0.000362608,TRUE,0.63517,0.63517,FALSE,0.20361,1,0.0103089,2,NA
999,6,67036788,67559694,TRUE,142,1830,0.000105843,0.000165843,0.20384,0.000224153,FALSE,NA,NA,NA,NA,NA,NA,2,NA
1000,6,67559695,68547494,TRUE,177,3393,9.25673e-05,0.000119876,0.254582,0.00808005,FALSE,NA,NA,NA,NA,NA,NA,2,NA
1001,6,68547495,69294227,TRUE,200,2534,0.000803956,0.000187225,3.06938e-06,0.000345022,TRUE,0.434268,0.434268,FALSE,-0.00355,0.87353,0.0520472,2,NA
1002,6,69294228,70363348,TRUE,193,2585,0.000695885,0.000231082,2.48454e-05,1.47722e-05,TRUE,0.358619,0.358619,FALSE,-0.08991,0.73975,0.0932279,2,NA
1003,6,70363349,71610787,TRUE,312,2694,0.000487414,2.55153e-05,0.00849645,0.334522,FALSE,NA,NA,NA,NA,NA,NA,2,NA
1004,6,71610788,72290723,TRUE,179,2079,0.000278812,0.000351903,0.0349002,3.3551e-09,TRUE,0.599677,0.599677,FALSE,0.10243,1,0.0290424,2,NA
1005,6,72290724,73170168,TRUE,193,2017,0.000723926,0.000245139,1.41979e-05,5.70986e-06,TRUE,0.817132,0.817132,FALSE,0.49126,1,0.000101041,2,NA
1006,6,73170169,74401506,TRUE,282,2708,0.000514057,7.25606e-05,0.00418843,0.112798,FALSE,NA,NA,NA,NA,NA,NA,2,NA
1007,6,74401507,75461313,TRUE,183,2862,0.000275777,5.55925e-05,0.0364089,0.121976,FALSE,NA,NA,NA,NA,NA,NA,2,NA
1008,6,75461314,77274030,TRUE,299,3014,0.000237495,0.000126926,0.107211,0.0235874,FALSE,NA,NA,NA,NA,NA,NA,2,NA
1009,6,77274031,78168731,TRUE,204,2271,0.00021929,0.00022136,0.0845541,4.86554e-05,FALSE,NA,NA,NA,NA,NA,NA,2,NA
1010,6,78168732,78959762,TRUE,110,1942,0.000329965,8.13966e-05,0.0045804,0.020075,TRUE,0.880475,0.880475,FALSE,0.2573,1,0.0178209,2,NA
1011,6,78959763,79859903,TRUE,131,2127,0.000207921,9.45e-05,0.0541119,0.0138379,FALSE,NA,NA,NA,NA,NA,NA,2,NA
1012,6,79859904,80693927,TRUE,232,2061,0.000445745,0.000173239,0.00585499,0.00148726,TRUE,0.509162,0.509162,FALSE,-0.12905,1,0.0937056,2,NA
1013,6,80693928,81567706,TRUE,139,2325,0.000634261,8.39006e-05,1.17365e-05,0.0270589,TRUE,0.034608,0.034608,FALSE,-0.88482,0.69694,0.909738,2,NA
1014,6,81567707,82388204,TRUE,110,2248,4.21634e-05,0.000122833,0.342011,0.0015063,FALSE,NA,NA,NA,NA,NA,NA,2,NA
1015,6,82388205,83571953,TRUE,265,2626,0.000475119,0.000331735,0.00602314,2.44445e-07,TRUE,0.462935,0.462935,FALSE,-0.00685,1,0.0546565,2,NA
1016,6,83571954,85038134,TRUE,265,2282,0.00089311,8.99695e-05,4.5622e-06,0.063581,FALSE,NA,NA,NA,NA,NA,NA,2,NA
1017,6,85038135,85837203,TRUE,181,2041,0.000809272,0.000135527,1.09782e-06,0.00429199,TRUE,-0.235916,-0.235916,FALSE,-1,0.2432,0.339787,2,NA
1018,6,85837204,86818669,TRUE,131,2018,0.000141677,7.38493e-05,0.13029,0.0392798,FALSE,NA,NA,NA,NA,NA,NA,2,NA
1019,6,86818670,87516322,TRUE,165,1907,0.000251127,1.53346e-05,0.0432273,0.355028,FALSE,NA,NA,NA,NA,NA,NA,2,NA
1020,6,87516323,88499745,TRUE,157,2143,0.000227072,1.43691e-05,0.0549867,0.360604,FALSE,NA,NA,NA,NA,NA,NA,2,NA
1021,6,88499746,89974267,TRUE,440,3372,0.000282226,0.000325216,0.111525,2.59201e-05,FALSE,NA,NA,NA,NA,NA,NA,2,NA
1022,6,89974268,91097024,TRUE,340,1997,0.000819917,0.000286171,0.000101173,3.96647e-05,TRUE,0.261383,0.261383,FALSE,-0.21834,0.68449,0.234046,2,NA
1023,6,91097025,92015279,TRUE,271,2113,0.000397142,4.22649e-05,0.017461,0.229216,FALSE,NA,NA,NA,NA,NA,NA,2,NA
1024,6,92015280,92953798,TRUE,236,2023,0.000525806,0.000218488,0.00197604,0.000130222,TRUE,0.335276,0.335276,FALSE,-0.25652,0.88353,0.197221,2,NA
1025,6,92953799,93696825,TRUE,184,1906,0.000859771,6.72028e-05,3.77997e-07,0.0886467,FALSE,NA,NA,NA,NA,NA,NA,2,NA
1026,6,93696826,95176337,TRUE,354,3453,0.000773423,0.000137685,0.000278536,0.025343,TRUE,0.333574,0.333574,FALSE,-0.40562,1,0.285728,2,NA
1027,6,95176338,96480153,TRUE,206,2638,0.000563996,4.37018e-05,0.000567315,0.193493,FALSE,NA,NA,NA,NA,NA,NA,2,NA
1028,6,96480154,98173003,TRUE,305,3733,0.000492926,0.000344404,0.00740623,4.8691e-07,TRUE,0.0531784,0.0531784,FALSE,-0.60188,0.53349,0.82771,2,NA
1029,6,98173004,99678876,TRUE,331,2584,0.000199096,0.000164242,0.158981,0.0074287,FALSE,NA,NA,NA,NA,NA,NA,2,NA
1030,6,99678877,100878645,TRUE,307,2678,0.000315382,0.000225725,0.054135,0.00037121,FALSE,NA,NA,NA,NA,NA,NA,2,NA
1031,6,100878646,101793542,TRUE,126,1945,0.000155584,5.82203e-05,0.106514,0.0762956,FALSE,NA,NA,NA,NA,NA,NA,2,NA
1032,6,101793543,102637706,TRUE,233,1862,0.000283413,0.000202507,0.0509238,0.000353988,FALSE,NA,NA,NA,NA,NA,NA,2,NA
1033,6,102637707,103612625,TRUE,171,2066,0.000152895,0.000184834,0.142731,0.000206401,FALSE,NA,NA,NA,NA,NA,NA,2,NA
1034,6,103612626,104209796,TRUE,101,1945,0.000237891,NA,0.021075,NA,FALSE,NA,NA,NA,NA,NA,NA,1,"BIP"
1035,6,104209797,104951344,TRUE,171,1869,0.000698114,6.87063e-05,9.96604e-06,0.0733098,FALSE,NA,NA,NA,NA,NA,NA,2,NA
1036,6,104951345,106053915,TRUE,262,1940,0.000466088,5.62673e-05,0.00653373,0.16248,FALSE,NA,NA,NA,NA,NA,NA,2,NA
1037,6,106053916,107309327,TRUE,449,3248,0.000617177,0.000137639,0.00588357,0.0379673,TRUE,0.0347319,0.0347319,FALSE,-1,0.87071,0.925853,2,NA
1038,6,107309328,109043244,TRUE,403,3006,0.00129497,0.000142628,7.94942e-08,0.0278989,TRUE,0.366775,0.366775,FALSE,-0.19515,1,0.161384,2,NA
1039,6,109043245,110647842,TRUE,261,3263,0.000716142,0.000100158,0.000118925,0.0444331,TRUE,0.00558707,0.00558707,FALSE,-1,0.68935,0.986453,2,NA
1040,6,110647843,111363443,TRUE,169,1846,0.000454955,1.31401e-05,0.00170278,0.373936,FALSE,NA,NA,NA,NA,NA,NA,2,NA
1041,6,111363444,112342873,TRUE,218,1936,0.000469288,0.000203993,0.00370665,0.000262943,TRUE,0.750254,0.750254,FALSE,0.2837,1,0.00700525,2,NA
1042,6,112342874,113705003,TRUE,336,2520,0.00077589,0.000261932,0.00019679,0.000104608,TRUE,0.409311,0.409311,FALSE,-0.06209,0.87937,0.0756731,2,NA
1043,6,113705004,115062811,TRUE,298,2546,0.000498346,9.36823e-05,0.00623489,0.065312,FALSE,NA,NA,NA,NA,NA,NA,2,NA
1044,6,115062812,116132147,TRUE,151,2534,0.00021612,0.000191968,0.0592152,5.53142e-05,FALSE,NA,NA,NA,NA,NA,NA,2,NA
1045,6,116132148,117674076,TRUE,275,3235,0.000329632,0.000195928,0.0410056,0.00105396,TRUE,-0.209811,-0.209811,FALSE,-1,0.47341,0.550333,2,NA
1046,6,117674077,118529071,TRUE,184,1856,0.000603708,0.000170013,0.000140448,0.000626368,TRUE,0.245548,0.245548,FALSE,-0.3302,0.7338,0.328702,2,NA
1047,6,118529072,119451294,TRUE,151,2108,0.000422035,9.98428e-05,0.00226599,0.0163023,TRUE,0.102495,0.102495,FALSE,-0.97909,0.81815,0.764333,2,NA
1048,6,119451295,120339244,TRUE,144,2445,0.00057133,0.000165055,9.74595e-05,0.000575088,TRUE,0.318733,0.318733,FALSE,-0.22828,0.80493,0.207079,2,NA
1049,6,120339245,121087444,TRUE,120,1943,0.000402706,8.41331e-05,0.00128615,0.0199352,TRUE,0.161961,0.161961,FALSE,-0.88307,0.93312,0.639138,2,NA
1050,6,121087445,121908063,TRUE,125,2319,0.000393652,NA,0.00235674,NA,FALSE,NA,NA,NA,NA,NA,NA,1,"BIP"
1051,6,121908064,122929290,TRUE,149,2227,0.000420722,8.84092e-05,0.00203739,0.0254026,TRUE,-0.133159,-0.133159,FALSE,-1,0.58756,0.707597,2,NA
1052,6,122929291,123854857,TRUE,279,2191,0.000773535,0.000357559,6.41382e-05,6.90712e-08,TRUE,0.513517,0.513517,FALSE,0.15379,0.88658,0.00818249,2,NA
1053,6,123854858,125365054,TRUE,516,3214,0.00102719,6.79399e-05,6.09927e-05,0.197347,FALSE,NA,NA,NA,NA,NA,NA,2,NA
1054,6,125365055,127545459,TRUE,422,3131,0.00038215,0.000208934,0.0494501,0.00327119,TRUE,-0.4315,-0.4315,FALSE,-1,0.28141,0.249217,2,NA
1055,6,127545460,128763380,TRUE,245,2054,0.000320509,0.000307643,0.0360544,7.63547e-07,TRUE,0.232857,0.232857,FALSE,-0.46067,0.94985,0.420472,2,NA
1056,6,128763381,129850178,TRUE,247,2343,0.000326971,0.000193036,0.0338439,0.000656125,TRUE,-0.607385,-0.607385,FALSE,-1,0.04312,0.0737194,2,NA
1057,6,129850179,130550137,TRUE,303,1925,0.000495553,0.000174664,0.00690076,0.00417614,TRUE,0.666467,0.666467,FALSE,0.06541,1,0.0375999,2,NA
1058,6,130550138,131457164,TRUE,192,2593,0.000596392,3.53116e-05,0.000207006,0.231983,FALSE,NA,NA,NA,NA,NA,NA,2,NA
1059,6,131457165,132890694,TRUE,383,2746,0.000416888,0.000158342,0.029371,0.0138254,TRUE,0.0509054,0.0509054,FALSE,-1,0.89091,0.89559,2,NA
1060,6,132890695,134313643,TRUE,387,3169,0.000480272,0.000108719,0.0161226,0.0641583,FALSE,NA,NA,NA,NA,NA,NA,2,NA
1061,6,134313644,135544083,TRUE,407,2524,NA,0.00014195,NA,0.0273851,FALSE,NA,NA,NA,NA,NA,NA,1,"SCZ"
1062,6,135544084,137553212,TRUE,469,2876,0.000592285,0.000302704,0.00899734,0.000174618,TRUE,-0.0598082,-0.0598082,FALSE,-0.94989,0.47767,0.829327,2,NA
1063,6,137553213,138825721,TRUE,432,3155,0.000165358,0.000230674,0.230038,0.00161348,FALSE,NA,NA,NA,NA,NA,NA,2,NA
1064,6,138825722,139716713,TRUE,280,2113,0.000447285,0.000252467,0.0103037,6.28784e-05,TRUE,0.525237,0.525237,FALSE,-0.02324,1,0.0594346,2,NA
1065,6,139716714,141449453,TRUE,345,3059,0.000724902,0.000105822,0.000471336,0.0582452,FALSE,NA,NA,NA,NA,NA,NA,2,NA
1066,6,141449454,143083347,TRUE,302,2933,0.000731292,0.000129998,0.000239769,0.0232991,TRUE,0.0218907,0.0218907,FALSE,-0.98253,0.64818,0.94363,2,NA
1067,6,143083348,144791455,TRUE,530,3258,0.000688705,0.000348294,0.00467614,4.59104e-05,TRUE,0.38191,0.38191,FALSE,-0.14892,0.95761,0.131364,2,NA
1068,6,144791456,145778282,TRUE,190,2179,0.000604382,8.40438e-05,0.000166304,0.0478383,TRUE,0.977554,0.977554,FALSE,0.41048,1,0.00464535,2,NA
1069,6,145778283,147015882,TRUE,163,2020,0.000683763,0.00012821,1.20745e-05,0.00457362,TRUE,0.686285,0.686285,FALSE,0.22268,1,0.0096344,2,NA
1070,6,147015883,148184844,TRUE,332,2394,0.000280011,0.000182849,0.0839711,0.00394708,FALSE,NA,NA,NA,NA,NA,NA,2,NA
1071,6,148184845,149278798,TRUE,474,3185,0.000115773,0.000183705,0.307679,0.0110463,FALSE,NA,NA,NA,NA,NA,NA,2,NA
1072,6,149278799,150635315,TRUE,386,3202,0.000547144,0.000218403,0.00755061,0.00162069,TRUE,-0.135034,-0.135034,FALSE,-1,0.4321,0.65427,2,NA
1073,6,150635316,151629954,TRUE,452,3107,0.000578347,0.000176643,0.0085552,0.0130276,TRUE,0.809675,0.809675,FALSE,0.21976,1,0.018972,2,NA
1074,6,151629955,152376499,TRUE,260,1893,0.000258213,0.000168941,0.0764785,0.00299499,FALSE,NA,NA,NA,NA,NA,NA,2,NA
1075,6,152376500,153082361,TRUE,262,1934,0.00027218,0.000398186,0.0661085,2.36771e-09,FALSE,NA,NA,NA,NA,NA,NA,2,NA
1076,6,153082362,153791461,TRUE,205,1872,6.87636e-05,0.000123727,0.32009,0.0105501,FALSE,NA,NA,NA,NA,NA,NA,2,NA
1077,6,153791462,154462010,TRUE,133,1863,0.00013318,0.000124784,0.144795,0.00248953,FALSE,NA,NA,NA,NA,NA,NA,2,NA
1078,6,154462011,155523957,TRUE,506,2726,NA,0.000251253,NA,0.0015262,FALSE,NA,NA,NA,NA,NA,NA,1,"SCZ"
1079,6,155523958,156762740,TRUE,469,3178,0.000574511,0.00047592,0.010335,1.93268e-08,TRUE,0.0411544,0.0411544,FALSE,-0.56816,0.49807,0.859517,2,NA
1080,6,156762741,158220143,TRUE,456,2710,0.000678339,0.000137121,0.00286865,0.0393551,TRUE,-0.128162,-0.128162,FALSE,-1,0.58457,0.720747,2,NA
1081,6,158220144,158952060,TRUE,209,2006,0.000494251,0.000166601,0.00191493,0.00135343,TRUE,0.468737,0.468737,FALSE,-0.11263,1,0.101684,2,NA
1082,6,158952061,159604052,TRUE,216,1961,3.26231e-05,4.86976e-05,0.407566,0.172,FALSE,NA,NA,NA,NA,NA,NA,2,NA
1083,6,159604053,160583918,TRUE,297,2412,0.000546896,0.000235189,0.00329865,0.000201999,TRUE,0.335106,0.335106,FALSE,-0.25963,0.92213,0.210943,2,NA
1084,6,160583919,161371014,TRUE,186,1933,NA,5.49346e-05,NA,0.132499,FALSE,NA,NA,NA,NA,NA,NA,1,"SCZ"
1085,6,161371015,162254229,TRUE,382,2288,0.000249152,0.000182183,0.123135,0.00593108,FALSE,NA,NA,NA,NA,NA,NA,2,NA
1086,6,162254230,163336361,TRUE,304,2957,0.00025288,NA,0.0943289,NA,FALSE,NA,NA,NA,NA,NA,NA,1,"BIP"
1087,6,163336362,164687462,TRUE,516,3626,0.000785752,0.000401149,0.0013487,2.55376e-06,TRUE,0.185989,0.185989,FALSE,-0.31756,0.6163,0.401431,2,NA
1088,6,164687463,165835953,TRUE,331,3414,0.000481292,0.00032045,0.0105238,3.52893e-06,TRUE,0.276275,0.276275,FALSE,-0.31255,0.82824,0.286293,2,NA
1089,6,165835954,166853325,TRUE,437,2972,0.000836922,7.87164e-05,0.000302563,0.143153,FALSE,NA,NA,NA,NA,NA,NA,2,NA
1090,6,166853326,167714865,TRUE,353,2602,0.000983241,0.000373261,8.18519e-06,3.42303e-07,TRUE,0.261912,0.261912,FALSE,-0.12628,0.60164,0.156788,2,NA
1091,6,167714866,168707338,TRUE,391,2724,0.000129522,0.000186977,0.269182,0.00540574,FALSE,NA,NA,NA,NA,NA,NA,2,NA
1092,6,168707339,169667886,TRUE,382,3469,NA,4.94803e-05,NA,0.232569,FALSE,NA,NA,NA,NA,NA,NA,1,"SCZ"
1093,6,169667887,171053405,TRUE,324,3176,2.92793e-05,0.000156459,0.430647,0.00972943,FALSE,NA,NA,NA,NA,NA,NA,2,NA
1094,7,15064,617319,TRUE,191,987,1.89763e-06,0.000184211,0.481519,0.000542638,FALSE,NA,NA,NA,NA,NA,NA,2,NA
1095,7,617320,1366972,TRUE,327,2290,0.000129814,0.000205273,0.251853,0.0016338,FALSE,NA,NA,NA,NA,NA,NA,2,NA
1096,7,1366973,2473749,TRUE,418,3024,0.0015095,0.000436904,1.42189e-09,8.77801e-08,TRUE,0.474874,0.474874,FALSE,0.19247,0.75266,0.00248707,2,NA
1097,7,2473750,3100211,TRUE,385,1823,0.00112274,0.00018192,1.2718e-06,0.0068682,TRUE,0.881075,0.881075,FALSE,0.49265,1,0.000325418,2,NA
1098,7,3100212,4139431,TRUE,418,3251,0.00057688,0.000178531,0.00685285,0.00916289,TRUE,0.10166,0.10166,FALSE,-0.93889,0.80663,0.758567,2,NA
1099,7,4139432,4938442,TRUE,437,2548,0.000460471,9.84805e-05,0.0252278,0.0955764,FALSE,NA,NA,NA,NA,NA,NA,2,NA
1100,7,4938443,6020653,TRUE,503,3028,0.000625008,0.000258519,0.00721569,0.00111964,TRUE,0.208659,0.208659,FALSE,-0.55727,0.82244,0.475457,2,NA
1101,7,6020654,6716905,TRUE,249,1847,0.000738566,0.000140443,6.62864e-05,0.00922861,TRUE,0.182067,0.182067,FALSE,-0.52919,0.74912,0.513301,2,NA
1102,7,6716906,7167610,TRUE,142,1162,0.000214762,4.77882e-05,0.0561449,0.131116,FALSE,NA,NA,NA,NA,NA,NA,2,NA
1103,7,7167611,7926500,TRUE,328,2293,NA,0.000198709,NA,0.00177638,FALSE,NA,NA,NA,NA,NA,NA,1,"SCZ"
1104,7,7926501,8718351,TRUE,372,2333,0.000435104,7.32966e-05,0.0243497,0.150664,FALSE,NA,NA,NA,NA,NA,NA,2,NA
1105,7,8718352,9225106,TRUE,290,1781,0.0004735,0.000116714,0.00829083,0.0326592,TRUE,-0.248396,-0.248396,FALSE,-1,0.50708,0.516284,2,NA
1106,7,9225107,9900801,TRUE,256,2334,0.000188655,0.000100684,0.140201,0.04153,FALSE,NA,NA,NA,NA,NA,NA,2,NA
1107,7,9900802,10481677,TRUE,207,1952,0.000138447,NA,0.186902,NA,FALSE,NA,NA,NA,NA,NA,NA,1,"BIP"
1108,7,10481678,11232447,TRUE,198,2169,0.000256302,NA,0.0528719,NA,FALSE,NA,NA,NA,NA,NA,NA,1,"BIP"
1109,7,11232448,11855413,TRUE,287,1942,0.000380533,0.000158799,0.024046,0.00607795,TRUE,0.48743,0.48743,FALSE,-0.31511,1,0.178969,2,NA
1110,7,11855414,12694915,TRUE,250,3186,0.000549627,0.000170519,0.00154176,0.00212579,TRUE,0.0909476,0.0909476,FALSE,-0.71666,0.64914,0.75053,2,NA
1111,7,12694916,13213541,TRUE,191,1727,0.000263982,0.000179285,0.0459086,0.000547876,TRUE,0.105831,0.105831,FALSE,-1,0.87903,0.765977,2,NA
1112,7,13213542,13676747,TRUE,187,1607,0.00066274,0.000156395,4.619e-05,0.0017105,TRUE,0.521771,0.521771,FALSE,0.04147,1,0.0413574,2,NA
1113,7,13676748,15013694,TRUE,520,3320,0.001147,0.000229864,1.09983e-05,0.00315497,TRUE,0.126295,0.126295,FALSE,-0.46172,0.59008,0.596991,2,NA
1114,7,15013695,15877564,TRUE,312,2189,0.000399454,0.000122272,0.0233327,0.029231,TRUE,-0.163472,-0.163472,FALSE,-1,0.6695,0.689567,2,NA
1115,7,15877565,16739013,TRUE,279,2231,0.000795774,0.000129399,4.42719e-05,0.0184379,TRUE,0.192129,0.192129,FALSE,-0.54606,0.81356,0.507921,2,NA
1116,7,16739014,17596578,TRUE,426,2185,0.000495378,0.000293243,0.0175584,0.000113276,TRUE,-0.135925,-0.135925,FALSE,-1,0.42187,0.639503,2,NA
1117,7,17596579,19131026,TRUE,564,3208,0.000753937,0.000363475,0.00293442,4.09499e-05,TRUE,-0.165647,-0.165647,FALSE,-0.95721,0.29911,0.497709,2,NA
1118,7,19131027,20122179,TRUE,338,3084,0.000479106,0.000210127,0.0115913,0.00132817,TRUE,-0.462706,-0.462706,FALSE,-1,0.12177,0.136904,2,NA
1119,7,20122180,21390644,TRUE,495,3214,0.00089104,0.00050937,0.000298674,3.45084e-09,TRUE,0.443615,0.443615,FALSE,0.08374,0.82711,0.018707,2,NA
1120,7,21390645,22165060,TRUE,476,2394,0.000459186,0.000345711,0.0307533,2.07995e-05,TRUE,0.236104,0.236104,FALSE,-0.50001,0.88736,0.418341,2,NA
1121,7,22165061,23106680,TRUE,287,2389,0.000458074,0.000137712,0.0093433,0.0139478,TRUE,0.436306,0.436306,FALSE,-0.38294,1,0.220352,2,NA
1122,7,23106681,24151099,TRUE,264,2299,0.000695515,0.000181948,0.000177014,0.00156482,TRUE,0.539109,0.539109,FALSE,0.0352,1,0.0374345,2,NA
1123,7,24151100,24894119,TRUE,243,2185,0.000751631,0.000177355,3.72298e-05,0.00138113,TRUE,0.357026,0.357026,FALSE,-0.16494,0.84789,0.148203,2,NA
1124,7,24894120,25671575,TRUE,349,2141,0.000740545,0.000361835,0.000381525,4.58646e-07,TRUE,0.317821,0.317821,FALSE,-0.11819,0.71785,0.126969,2,NA
1125,7,25671576,27351286,TRUE,440,3580,0.00130883,0.000318429,1.50363e-07,3.84428e-05,TRUE,0.188809,0.188809,FALSE,-0.20787,0.54271,0.313259,2,NA
1126,7,27351287,28890886,TRUE,543,3487,0.000752044,0.000275569,0.0025296,0.00079731,TRUE,0.553371,0.553371,FALSE,0.02893,1,0.0398061,2,NA
1127,7,28890887,30175113,TRUE,480,3457,0.00119529,0.000256203,2.54226e-06,0.000889522,TRUE,0.535533,0.535533,FALSE,0.12871,1,0.0144043,2,NA
1128,7,30175114,31730554,TRUE,540,3425,0.000667373,0.000305843,0.00616125,0.000306617,TRUE,0.404858,0.404858,FALSE,-0.16607,1,0.139611,2,NA
1129,7,31730555,32460228,TRUE,254,2101,0.000440461,0.000277837,0.00884375,6.7626e-06,TRUE,-0.170536,-0.170536,FALSE,-1,0.33595,0.516894,2,NA
1130,7,32460229,33159277,TRUE,112,1748,1.40977e-06,4.52966e-05,0.477409,0.11773,FALSE,NA,NA,NA,NA,NA,NA,2,NA
1131,7,33159278,34114532,TRUE,258,1958,6.50252e-05,0.000344795,0.346808,1.32186e-07,FALSE,NA,NA,NA,NA,NA,NA,2,NA
1132,7,34114533,35354135,TRUE,252,2893,0.000269104,8.10413e-05,0.066104,0.0774128,FALSE,NA,NA,NA,NA,NA,NA,2,NA
1133,7,35354136,36507690,TRUE,355,2895,0.000277227,0.000224809,0.091883,0.000813109,FALSE,NA,NA,NA,NA,NA,NA,2,NA
1134,7,36507691,37981936,TRUE,518,3673,0.000567747,0.000341923,0.0142742,4.42708e-05,TRUE,0.109521,0.109521,FALSE,-0.64115,0.67026,0.690096,2,NA
1135,7,37981937,38966483,TRUE,315,3038,0.00037032,NA,0.0325837,NA,FALSE,NA,NA,NA,NA,NA,NA,1,"BIP"
1136,7,38966484,40261240,TRUE,294,2517,0.000388686,7.52961e-05,0.0234947,0.112886,FALSE,NA,NA,NA,NA,NA,NA,2,NA
1137,7,40261241,41415925,TRUE,277,2010,0.00069442,0.000138177,0.00024128,0.0130342,TRUE,0.642925,0.642925,FALSE,0.07972,1,0.0308929,2,NA
1138,7,41415926,42494806,TRUE,369,2432,0.000790139,0.000182444,0.000260163,0.00551352,TRUE,0.141534,0.141534,FALSE,-0.60255,0.68287,0.607379,2,NA
1139,7,42494807,43448815,TRUE,259,2268,0.00026721,0.000153083,0.0691872,0.00596907,FALSE,NA,NA,NA,NA,NA,NA,2,NA
1140,7,43448816,44989571,TRUE,377,2982,0.000728605,0.000314841,0.000668658,2.05448e-05,TRUE,0.191831,0.191831,FALSE,-0.33324,0.63192,0.402271,2,NA
1141,7,44989572,46247335,TRUE,353,3377,0.000911983,0.000230952,2.5888e-05,0.000659018,TRUE,0.0589045,0.0589045,FALSE,-0.53082,0.49431,0.799076,2,NA
1142,7,46247336,47253454,TRUE,321,2996,0.000565334,0.00014358,0.00335886,0.0157717,TRUE,-0.160952,-0.160952,FALSE,-1,0.48777,0.629565,2,NA
1143,7,47253455,48363585,TRUE,418,2690,0.000745231,0.000173021,0.000859681,0.0107042,TRUE,0.319164,0.319164,FALSE,-0.40941,1,0.287468,2,NA
1144,7,48363586,48984625,TRUE,178,1860,0.000278036,0.000214728,0.0340696,2.93444e-05,TRUE,0.524783,0.524783,FALSE,-0.10369,1,0.0963578,2,NA
1145,7,48984626,49632426,TRUE,181,1942,0.000352289,0.000155382,0.0120811,0.00142812,TRUE,-0.0239331,-0.0239331,FALSE,-1,0.62111,0.94085,2,NA
1146,7,49632427,50894508,TRUE,328,3120,0.000336765,0.000191071,0.0489902,0.00251618,TRUE,-0.345985,-0.345985,FALSE,-1,0.38477,0.352552,2,NA
1147,7,50894509,51951647,TRUE,326,2403,0.000652701,0.000216525,0.00102784,0.000786613,TRUE,0.0354753,0.0354753,FALSE,-0.73088,0.54798,0.892947,2,NA
1148,7,51951648,52635123,TRUE,163,2375,0.000169095,8.36411e-05,0.115572,0.0372379,FALSE,NA,NA,NA,NA,NA,NA,2,NA
1149,7,52635124,53176523,TRUE,165,2283,0.000295972,0.000183812,0.0223348,0.000148624,TRUE,0.170959,0.170959,FALSE,-0.67885,0.85153,0.58843,2,NA
1150,7,53176524,54086987,TRUE,181,2985,0.000141003,0.000154058,0.168836,0.00150702,FALSE,NA,NA,NA,NA,NA,NA,2,NA
1151,7,54086988,54550500,TRUE,83,1841,0.000179974,6.89142e-05,0.0434989,0.0233577,TRUE,0.16251,0.16251,FALSE,-1,1,0.725217,2,NA
1152,7,54550501,55161394,TRUE,173,1673,0.000399815,0.000192813,0.00495717,9.8434e-05,TRUE,0.536211,0.536211,FALSE,-0.00291,1,0.0530528,2,NA
1153,7,55161395,56303513,TRUE,287,3121,0.000288384,4.22187e-06,0.0654319,0.462708,FALSE,NA,NA,NA,NA,NA,NA,2,NA
1154,7,56303514,57383657,TRUE,117,2229,0.00010737,8.42818e-05,0.17893,0.0196091,FALSE,NA,NA,NA,NA,NA,NA,2,NA
1155,7,57383658,61969717,TRUE,48,877,9.8249e-05,4.47355e-05,0.101775,0.0454746,FALSE,NA,NA,NA,NA,NA,NA,2,NA
1156,7,61969718,63311297,TRUE,79,1700,6.91388e-05,8.16335e-05,0.229476,0.00967369,FALSE,NA,NA,NA,NA,NA,NA,2,NA
1157,7,63311298,64216135,TRUE,115,2601,1.76544e-05,0.00011322,0.423159,0.00348796,FALSE,NA,NA,NA,NA,NA,NA,2,NA
1158,7,64216136,65294277,TRUE,98,1816,NA,0.000167235,NA,2.46412e-05,FALSE,NA,NA,NA,NA,NA,NA,1,"SCZ"
1159,7,65294278,66453993,TRUE,58,2328,6.52215e-05,3.92718e-05,0.208463,0.0795803,FALSE,NA,NA,NA,NA,NA,NA,2,NA
1160,7,66453994,66914875,TRUE,86,1613,2.12225e-05,6.16824e-05,0.398319,0.0369401,FALSE,NA,NA,NA,NA,NA,NA,2,NA
1161,7,66914876,67474722,TRUE,172,1947,0.000380547,6.54633e-05,0.00682149,0.0851855,FALSE,NA,NA,NA,NA,NA,NA,2,NA
1162,7,67474723,68569224,TRUE,398,3644,0.000859584,0.000212842,0.000127734,0.00257645,TRUE,0.380783,0.380783,FALSE,-0.14465,0.9338,0.137395,2,NA
1163,7,68569225,70144614,TRUE,325,2851,0.000552944,0.00012994,0.00437325,0.026806,TRUE,0.0951907,0.0951907,FALSE,-1,0.87664,0.789688,2,NA
1164,7,70144615,71215741,TRUE,359,3032,0.000630333,0.00032998,0.00212438,4.45574e-06,TRUE,0.34512,0.34512,FALSE,-0.13874,0.81969,0.140217,2,NA
1165,7,71215742,73128830,TRUE,341,2918,0.000886675,0.000345444,3.31168e-05,1.77554e-06,TRUE,-0.111344,-0.111344,FALSE,-0.61985,0.26978,0.574696,2,NA
1166,7,73128831,75243899,TRUE,317,1676,0.000309181,4.75549e-05,0.060238,0.223612,FALSE,NA,NA,NA,NA,NA,NA,2,NA
1167,7,75243900,76451928,TRUE,273,2268,0.000153423,0.00014945,0.195524,0.00812587,FALSE,NA,NA,NA,NA,NA,NA,2,NA
1168,7,76451929,77663964,TRUE,248,2302,NA,5.13715e-05,NA,0.178213,FALSE,NA,NA,NA,NA,NA,NA,1,"SCZ"
1169,7,77663965,78685009,TRUE,391,3171,0.000717532,0.000488436,0.000895776,4.1816e-10,TRUE,0.603544,0.603544,FALSE,0.26437,1,0.00211644,2,NA
1170,7,78685010,80055721,TRUE,295,2880,0.000767117,0.000154612,0.000100099,0.00879148,TRUE,0.666927,0.666927,FALSE,0.16323,1,0.0169645,2,NA
1171,7,80055722,81533566,TRUE,443,3020,0.000271307,0.000162358,0.121903,0.019028,FALSE,NA,NA,NA,NA,NA,NA,2,NA
1172,7,81533567,82759283,TRUE,365,2883,0.000593469,0.000267479,0.00366243,0.000131312,TRUE,0.385387,0.385387,FALSE,-0.17934,0.95725,0.141726,2,NA
1173,7,82759284,83953009,TRUE,280,3035,0.000401673,0.000184954,0.0176999,0.00189516,TRUE,0.979293,0.979293,FALSE,0.43875,1,0.00336667,2,NA
1174,7,83953010,85356715,TRUE,219,2335,0.000568351,0.000184783,0.000672614,0.000641995,TRUE,0.594382,0.594382,FALSE,0.0989,1,0.024528,2,NA
1175,7,85356716,86446538,TRUE,146,2438,0.000730828,8.87553e-05,1.30169e-06,0.0239657,TRUE,0.442832,0.442832,FALSE,-0.15362,1,0.126091,2,NA
1176,7,86446539,87836641,TRUE,240,2335,0.00157109,0.000161319,2.98795e-14,0.00295169,TRUE,0.679953,0.679953,FALSE,0.34983,1,0.000704477,2,NA
1177,7,87836642,89330087,TRUE,302,3378,0.000427646,0.000277884,0.0154779,2.0377e-05,TRUE,0.0850347,0.0850347,FALSE,-0.72666,0.66322,0.760375,2,NA
1178,7,89330088,90660831,TRUE,219,3430,0.000480545,0.00027124,0.00294552,2.58873e-06,TRUE,0.428719,0.428719,FALSE,-0.06649,0.94691,0.0779564,2,NA
1179,7,90660832,92530165,TRUE,366,2487,0.000708016,0.000544232,0.000788136,2.89042e-12,TRUE,0.146633,0.146633,FALSE,-0.27167,0.50954,0.433107,2,NA
1180,7,92530166,93691725,TRUE,300,2240,0.000200534,0.000105818,0.146325,0.0469621,FALSE,NA,NA,NA,NA,NA,NA,2,NA
1181,7,93691726,95174847,TRUE,323,2321,0.000554659,0.000286031,0.00427035,2.70621e-05,TRUE,0.368338,0.368338,FALSE,-0.16663,0.92731,0.148224,2,NA
1182,7,95174848,96564981,TRUE,312,2763,0.000245184,0.000134962,0.104705,0.0198827,FALSE,NA,NA,NA,NA,NA,NA,2,NA
1183,7,96564982,97420207,TRUE,255,1752,NA,4.12714e-05,NA,0.227419,FALSE,NA,NA,NA,NA,NA,NA,1,"SCZ"
1184,7,97420208,98173564,TRUE,177,1716,0.000193036,9.68405e-05,0.0967547,0.0267888,FALSE,NA,NA,NA,NA,NA,NA,2,NA
1185,7,98173565,99465540,TRUE,250,2303,0.00042055,0.000144262,0.0106855,0.00807364,TRUE,0.314834,0.314834,FALSE,-0.5793,1,0.363047,2,NA
1186,7,99465541,100849307,TRUE,288,2103,0.000570458,0.000467809,0.00206907,3.35485e-11,TRUE,0.348563,0.348563,FALSE,-0.06309,0.77486,0.0847979,2,NA
1187,7,100849308,101950748,TRUE,359,2969,0.000320565,0.000138036,0.0646237,0.0232445,FALSE,NA,NA,NA,NA,NA,NA,2,NA
1188,7,101950749,103191322,TRUE,166,1748,0.000179921,3.99225e-05,0.103887,0.186939,FALSE,NA,NA,NA,NA,NA,NA,2,NA
1189,7,103191323,104109231,TRUE,267,2606,0.000361491,8.77626e-05,0.0262594,0.0682142,FALSE,NA,NA,NA,NA,NA,NA,2,NA
1190,7,104109232,105312563,TRUE,328,2208,0.00106084,0.000182608,8.94838e-07,0.00357058,TRUE,0.497612,0.497612,FALSE,0.05768,1,0.0347692,2,NA
1191,7,105312564,106399739,TRUE,480,2650,0.000744395,0.000165577,0.00164106,0.0193868,TRUE,0.153445,0.153445,FALSE,-0.84288,0.84902,0.634672,2,NA
1192,7,106399740,107658603,TRUE,344,2281,0.000173522,0.000278256,0.194455,4.93003e-05,FALSE,NA,NA,NA,NA,NA,NA,2,NA
1193,7,107658604,109095558,TRUE,341,3288,0.000666407,0.000263973,0.00105418,0.000121246,TRUE,0.195365,0.195365,FALSE,-0.3766,0.67733,0.427515,2,NA
1194,7,109095559,110479479,TRUE,368,3033,0.000672042,0.000355514,0.00140846,1.48574e-06,TRUE,-0.0327282,-0.0327282,FALSE,-0.64045,0.39011,0.883831,2,NA
1195,7,110479480,111795299,TRUE,313,2024,0.00136535,0.000373477,8.19247e-10,1.16246e-07,TRUE,0.0729459,0.0729459,FALSE,-0.27044,0.36393,0.644814,2,NA
1196,7,111795300,113339386,TRUE,304,2917,0.000349375,0.000311758,0.0382555,3.53493e-06,TRUE,-0.00673819,-0.00673819,FALSE,-0.95426,0.57928,0.981758,2,NA
1197,7,113339387,115321301,TRUE,347,2894,0.000955964,0.000504071,1.1484e-05,4.48173e-11,TRUE,0.175836,0.175836,FALSE,-0.1817,0.48674,0.291815,2,NA
1198,7,115321302,116835336,TRUE,344,2695,0.00024936,0.000369671,0.1137,3.07356e-07,FALSE,NA,NA,NA,NA,NA,NA,2,NA
1199,7,116835337,118342090,TRUE,232,2669,8.55637e-05,0.000260938,0.295843,7.84503e-06,FALSE,NA,NA,NA,NA,NA,NA,2,NA
1200,7,118342091,119568236,TRUE,108,1890,0.000255198,3.2451e-05,0.0191362,0.185647,FALSE,NA,NA,NA,NA,NA,NA,2,NA
1201,7,119568237,121042050,TRUE,248,2447,0.000595342,2.69594e-05,0.000776749,0.3069,FALSE,NA,NA,NA,NA,NA,NA,2,NA
1202,7,121042051,121946052,TRUE,196,1919,0.000352352,3.83135e-05,0.0146599,0.214208,FALSE,NA,NA,NA,NA,NA,NA,2,NA
1203,7,121946053,123859746,TRUE,378,3671,0.000902307,0.000319003,5.13824e-05,1.24612e-05,TRUE,0.327559,0.327559,FALSE,-0.0874,0.72272,0.11391,2,NA
1204,7,123859747,125389586,TRUE,241,3530,0.000357849,9.60235e-05,0.0220312,0.0469242,TRUE,0.059971,0.059971,FALSE,-1,1,0.890833,2,NA
1205,7,125389587,126640872,TRUE,203,3232,0.000807657,0.00020094,2.90453e-06,0.000168061,TRUE,0.182375,0.182375,FALSE,-0.30376,0.59312,0.400418,2,NA
1206,7,126640873,127903738,TRUE,272,2385,0.000592409,0.000143498,0.0011952,0.00970068,TRUE,0.703615,0.703615,FALSE,0.1611,1,0.0226917,2,NA
1207,7,127903739,128779173,TRUE,240,2148,0.000227115,9.72139e-05,0.093708,0.0439458,FALSE,NA,NA,NA,NA,NA,NA,2,NA
1208,7,128779174,130418704,TRUE,440,3284,0.000357274,0.000212335,0.0635902,0.0033883,FALSE,NA,NA,NA,NA,NA,NA,2,NA
1209,7,130418705,131856481,TRUE,534,3124,0.00151184,0.000594473,3.27708e-08,6.03801e-11,TRUE,0.576496,0.576496,FALSE,0.32595,0.84179,8.70186e-05,2,NA
1210,7,131856482,133807216,TRUE,433,3322,0.000892112,0.000423376,0.00014478,1.39898e-07,TRUE,0.354849,0.354849,FALSE,-0.03826,0.73607,0.0679646,2,NA
1211,7,133807217,134943221,TRUE,277,2711,0.00067206,0.000111573,0.000358007,0.0347839,TRUE,0.263451,0.263451,FALSE,-0.59316,1,0.426261,2,NA
1212,7,134943222,136113467,TRUE,382,2844,0.000619507,0.000308429,0.0030401,2.25918e-05,TRUE,0.362378,0.362378,FALSE,-0.15493,0.88179,0.142595,2,NA
1213,7,136113468,137657459,TRUE,402,2851,0.000870821,0.000354077,0.000123089,3.64759e-06,TRUE,0.511219,0.511219,FALSE,0.13388,0.91729,0.0136279,2,NA
1214,7,137657460,138755107,TRUE,465,2588,0.000428629,0.00014007,0.0379079,0.0372476,TRUE,0.0491576,0.0491576,FALSE,-1,1,0.910836,2,NA
1215,7,138755108,140217630,TRUE,493,2955,0.000514264,0.00044145,0.0203105,2.57745e-07,TRUE,0.437257,0.437257,FALSE,-0.08872,1,0.0873364,2,NA
1216,7,140217631,142098979,TRUE,401,3075,0.00138939,0.000188613,1.02809e-08,0.00576166,TRUE,0.104817,0.104817,FALSE,-0.4621,0.55233,0.637692,2,NA
1217,7,142098980,144324464,TRUE,369,3464,0.000123098,5.63075e-06,0.27353,0.459603,FALSE,NA,NA,NA,NA,NA,NA,2,NA
1218,7,144324465,145415775,TRUE,265,2687,0.000209379,0.000201929,0.121805,0.000638349,FALSE,NA,NA,NA,NA,NA,NA,2,NA
1219,7,145415776,146574327,TRUE,262,2661,0.00042684,0.000164381,0.0113372,0.00366916,TRUE,0.184432,0.184432,FALSE,-0.77336,0.91763,0.575784,2,NA
1220,7,146574328,147352171,TRUE,218,2208,0.000456815,0.000137357,0.00402992,0.00630498,TRUE,0.195264,0.195264,FALSE,-0.68892,0.87443,0.543966,2,NA
1221,7,147352172,148622913,TRUE,467,3397,0.00041299,5.3994e-05,0.0435785,0.236924,FALSE,NA,NA,NA,NA,NA,NA,2,NA
1222,7,148622914,149842999,TRUE,356,2449,0.000397159,0.000147397,0.0311065,0.0176803,TRUE,0.989366,0.989366,FALSE,0.328,1,0.0137777,2,NA
1223,7,149843000,150897818,TRUE,322,2553,6.61775e-05,7.91098e-05,0.358618,0.106322,FALSE,NA,NA,NA,NA,NA,NA,2,NA
1224,7,150897819,152253294,TRUE,526,2529,6.11301e-06,0.000101672,0.482139,0.116042,FALSE,NA,NA,NA,NA,NA,NA,2,NA
1225,7,152253295,153241228,FALSE,NA,NA,NA,NA,NA,NA,FALSE,NA,NA,NA,NA,NA,NA,NA,NA
1226,7,153241229,154407487,TRUE,433,2554,0.000532013,0.000299328,0.012292,8.95164e-05,TRUE,-0.310472,-0.310472,FALSE,-1,0.22029,0.266163,2,NA
1227,7,154407488,155280610,TRUE,516,2834,0.000582735,0.000132908,0.0117102,0.0529594,FALSE,NA,NA,NA,NA,NA,NA,2,NA
1228,7,155280611,156344386,TRUE,590,2997,0.000561017,0.000481586,0.0202225,1.8647e-07,TRUE,0.0740052,0.0740052,FALSE,-0.58738,0.5959,0.768968,2,NA
1229,7,156344387,157199331,TRUE,289,2445,0.000268219,0.00013126,0.078531,0.0189137,FALSE,NA,NA,NA,NA,NA,NA,2,NA
1230,7,157199332,158031247,TRUE,434,2554,0.000594615,0.000212261,0.00646813,0.00358148,TRUE,0.384739,0.384739,FALSE,-0.35138,1,0.214254,2,NA
1231,7,158031248,159128566,TRUE,357,2913,0.000337952,0.000236419,0.0555734,0.000604426,FALSE,NA,NA,NA,NA,NA,NA,2,NA
1232,8,11740,660414,TRUE,285,1805,0.000374205,0.00011031,0.0256954,0.0381922,TRUE,-0.0254268,-0.0254268,FALSE,-1,0.96884,0.952804,2,NA
1233,8,660415,1161824,TRUE,291,1721,0.000839168,0.000115856,2.6709e-05,0.0354199,TRUE,0.56254,0.56254,FALSE,-0.05023,1,0.0669982,2,NA
1234,8,1161825,1628039,TRUE,337,1795,0.00103165,0.000356086,2.15685e-06,6.99276e-07,TRUE,0.410907,0.410907,FALSE,0.0643,0.75181,0.0246374,2,NA
1235,8,1628040,2070902,TRUE,418,1582,0.000245985,0.000394507,0.136363,5.06474e-07,FALSE,NA,NA,NA,NA,NA,NA,2,NA
1236,8,2070903,2396122,TRUE,153,1223,0.00025026,0.000176955,0.037664,0.000414239,TRUE,0.234632,0.234632,FALSE,-0.6865,1,0.498805,2,NA
1237,8,2396123,2970491,TRUE,398,2249,0.000576428,0.000282367,0.00619785,0.000131435,TRUE,0.0222503,0.0222503,FALSE,-0.75741,0.54645,0.934217,2,NA
1238,8,2970492,3386667,TRUE,366,2389,0.000939306,0.000135775,2.06887e-05,0.0275016,TRUE,0.193859,0.193859,FALSE,-0.56095,0.84039,0.506904,2,NA
1239,8,3386668,3787248,TRUE,400,2532,0.000714701,0.000223811,0.00111985,0.00174186,TRUE,-0.544819,-0.544819,FALSE,-1,-0.01987,0.0451023,2,NA
1240,8,3787249,4273083,TRUE,527,2792,0.0008907,0.000342738,0.000426936,4.86119e-05,TRUE,-0.194117,-0.194117,FALSE,-0.87364,0.23451,0.390424,2,NA
1241,8,4273084,4893120,TRUE,604,2894,0.000627741,0.00057738,0.0121753,1.78798e-09,TRUE,0.0252341,0.0252341,FALSE,-0.62815,0.48277,0.911039,2,NA
1242,8,4893121,5566269,TRUE,442,3206,0.00039897,0.000255379,0.0449315,0.000632176,TRUE,0.344399,0.344399,FALSE,-0.46314,1,0.312214,2,NA
1243,8,5566270,6019163,TRUE,284,2394,0.000755251,0.000184293,8.82753e-05,0.00195463,TRUE,0.170849,0.170849,FALSE,-0.4583,0.66568,0.502196,2,NA
1244,8,6019164,6663427,TRUE,491,2848,0.000232152,0.00054189,0.169649,1.06647e-09,FALSE,NA,NA,NA,NA,NA,NA,2,NA
1245,8,6663428,8064600,TRUE,252,1202,0.000509932,0.000163825,0.00300435,0.00342196,TRUE,-0.256469,-0.256469,FALSE,-1,0.3233,0.396913,2,NA
1246,8,8064601,8589770,TRUE,223,1695,0.000451757,0.000166568,0.0047909,0.00190525,TRUE,0.182795,0.182795,FALSE,-0.63434,0.79343,0.547432,2,NA
1247,8,8589771,9167795,TRUE,291,1905,0.000437726,0.000306353,0.0128473,3.71412e-06,TRUE,0.142502,0.142502,FALSE,-0.56623,0.69807,0.59132,2,NA
1248,8,9167796,9835863,TRUE,240,1967,0.000907314,0.000414762,1.4117e-06,1.32683e-10,TRUE,0.475331,0.475331,FALSE,0.17509,0.77569,0.00427398,2,NA
1249,8,9835864,10478851,TRUE,347,2050,0.000710949,0.000338635,0.000572996,2.10462e-06,TRUE,0.0306079,0.0306079,FALSE,-0.50187,0.44465,0.888351,2,NA
1250,8,10478852,11466761,TRUE,403,2714,0.000406622,0.000322134,0.0361786,1.83992e-05,TRUE,0.111706,0.111706,FALSE,-0.72842,0.71906,0.708824,2,NA
1251,8,11466762,12296849,TRUE,229,1480,0.000114652,0.000114664,0.238981,0.0209822,FALSE,NA,NA,NA,NA,NA,NA,2,NA
1252,8,12296850,12947935,TRUE,185,1435,0.000466003,5.95983e-05,0.00200183,0.110058,FALSE,NA,NA,NA,NA,NA,NA,2,NA
1253,8,12947936,13395051,TRUE,190,1733,0.000170741,0.000124956,0.131351,0.00921466,FALSE,NA,NA,NA,NA,NA,NA,2,NA
1254,8,13395052,13948095,TRUE,274,3134,0.000547302,0.000144842,0.00230577,0.009245,TRUE,0.342354,0.342354,FALSE,-0.44221,1,0.277917,2,NA
1255,8,13948096,14389305,TRUE,177,1799,0.000627998,4.77395e-05,6.55931e-05,0.155698,FALSE,NA,NA,NA,NA,NA,NA,2,NA
1256,8,14389306,14872767,TRUE,219,1910,0.000579515,0.00014245,0.000561328,0.00597392,TRUE,0.31478,0.31478,FALSE,-0.35583,0.95506,0.281116,2,NA
1257,8,14872768,15359692,TRUE,230,1938,0.000721618,6.9713e-05,4.41287e-05,0.0988433,FALSE,NA,NA,NA,NA,NA,NA,2,NA
1258,8,15359693,15999328,TRUE,293,2296,0.000605978,0.000132719,0.00128077,0.0187557,TRUE,0.436753,0.436753,FALSE,-0.27488,1,0.179731,2,NA
1259,8,15999329,16988030,TRUE,382,2877,NA,0.000490244,NA,3.28664e-09,FALSE,NA,NA,NA,NA,NA,NA,1,"SCZ"
1260,8,16988031,17492672,TRUE,316,1765,0.000284735,0.000255336,0.0751323,0.000102653,FALSE,NA,NA,NA,NA,NA,NA,2,NA
1261,8,17492673,17947004,TRUE,194,1902,0.000147042,0.000103672,0.166649,0.0226339,FALSE,NA,NA,NA,NA,NA,NA,2,NA
1262,8,17947005,18668609,TRUE,398,2853,0.000413682,0.000418746,0.0337232,1.10075e-07,TRUE,0.148068,0.148068,FALSE,-0.54303,0.75988,0.583281,2,NA
1263,8,18668610,19488888,TRUE,443,2649,0.000647361,0.000250857,0.00369325,0.00078681,TRUE,-0.0510148,-0.0510148,FALSE,-0.90227,0.47868,0.853899,2,NA
1264,8,19488889,20135628,TRUE,340,2005,0.000989187,0.000123405,5.43385e-06,0.0355507,TRUE,0.0525113,0.0525113,FALSE,-0.85143,0.67176,0.857887,2,NA
1265,8,20135629,20812107,TRUE,269,1932,0.000166563,0.000224336,0.175275,0.000222802,FALSE,NA,NA,NA,NA,NA,NA,2,NA
1266,8,20812108,21650453,TRUE,382,2283,0.000505669,0.000115945,0.0118488,0.0528231,FALSE,NA,NA,NA,NA,NA,NA,2,NA
1267,8,21650454,22895018,TRUE,507,2575,0.000316379,0.000290427,0.101919,0.000382338,FALSE,NA,NA,NA,NA,NA,NA,2,NA
1268,8,22895019,23788494,TRUE,380,2709,0.000219692,0.000157614,0.151399,0.0142885,FALSE,NA,NA,NA,NA,NA,NA,2,NA
1269,8,23788495,24863243,TRUE,267,2324,0.000426207,0.000206196,0.0133661,0.000594036,TRUE,-0.628198,-0.628198,FALSE,-1,-0.03752,0.0415095,2,NA
1270,8,24863244,25859277,TRUE,332,2292,0.000397271,0.000269483,0.0271458,8.00875e-05,TRUE,0.223561,0.223561,FALSE,-0.57314,0.94118,0.46222,2,NA
1271,8,25859278,26679135,TRUE,331,2662,0.000537666,0.000292299,0.00529665,1.86943e-05,TRUE,0.533053,0.533053,FALSE,0.03109,1,0.0372976,2,NA
1272,8,26679136,27406511,TRUE,224,2268,0.000542889,0.00023721,0.00117832,3.82895e-05,TRUE,0.150097,0.150097,FALSE,-0.44088,0.63238,0.542452,2,NA
1273,8,27406512,28344176,TRUE,317,2338,0.000671016,0.000180588,0.000669628,0.00332039,TRUE,-0.0563284,-0.0563284,FALSE,-0.95068,0.48904,0.839426,2,NA
1274,8,28344177,29744540,TRUE,430,2531,0.000338911,0.000312615,0.0711076,4.40355e-05,FALSE,NA,NA,NA,NA,NA,NA,2,NA
1275,8,29744541,31134786,TRUE,296,2655,7.35548e-05,1.93635e-05,0.339114,0.365713,FALSE,NA,NA,NA,NA,NA,NA,2,NA
1276,8,31134787,32454962,TRUE,315,3421,0.00125935,0.000152084,7.94501e-09,0.0102098,TRUE,0.1283,0.1283,FALSE,-0.47147,0.60257,0.585942,2,NA
1277,8,32454963,33982537,TRUE,301,2727,0.00118983,0.000418217,2.77862e-08,2.48617e-09,TRUE,0.511617,0.511617,FALSE,0.23388,0.79742,0.00129561,2,NA
1278,8,33982538,34792220,TRUE,128,1938,0.000575501,0.000176783,4.17694e-05,0.000180741,TRUE,0.890723,0.890723,FALSE,0.53762,1,0.00028317,2,NA
1279,8,34792221,36641174,TRUE,296,2148,0.00052069,0.000209322,0.00475342,0.000986628,TRUE,0.903955,0.903955,FALSE,0.43113,1,0.00196327,2,NA
1280,8,36641175,38803980,TRUE,586,3154,0.000829543,0.000387561,0.00147594,1.55284e-05,TRUE,0.317539,0.317539,FALSE,-0.1642,0.79483,0.167674,2,NA
1281,8,38803981,40179577,TRUE,315,2777,NA,0.000324041,NA,2.21919e-06,FALSE,NA,NA,NA,NA,NA,NA,1,"SCZ"
1282,8,40179578,40974254,TRUE,247,2417,0.000404027,0.000295433,0.0126553,1.40473e-06,TRUE,0.206836,0.206836,FALSE,-0.44625,0.77528,0.430224,2,NA
1283,8,40974255,41725002,TRUE,270,2024,0.000315889,0.000196424,0.0443838,0.000878504,TRUE,0.020628,0.020628,FALSE,-1,0.78637,0.953388,2,NA
1284,8,41725003,43825633,TRUE,300,3462,0.000685976,0.000179614,0.000492016,0.00518778,TRUE,-0.382382,-0.382382,FALSE,-1,0.16858,0.175893,2,NA
1285,8,43825634,49044813,TRUE,124,2418,0.000301627,2.21178e-05,0.0114804,0.283793,FALSE,NA,NA,NA,NA,NA,NA,2,NA
1286,8,49044814,50288660,TRUE,212,2318,0.000230724,8.45256e-05,0.0778852,0.0551262,FALSE,NA,NA,NA,NA,NA,NA,2,NA
1287,8,50288661,51461455,TRUE,147,2498,4.13242e-05,6.89765e-05,0.364302,0.0609484,FALSE,NA,NA,NA,NA,NA,NA,2,NA
1288,8,51461456,52326236,TRUE,144,2175,0.000444128,6.49201e-05,0.0011674,0.0706986,FALSE,NA,NA,NA,NA,NA,NA,2,NA
1289,8,52326237,53108910,TRUE,161,2119,0.000197098,0.000107937,0.0842606,0.0125305,FALSE,NA,NA,NA,NA,NA,NA,2,NA
1290,8,53108911,54119373,TRUE,207,2278,0.000194612,0.000220621,0.113809,7.38741e-05,FALSE,NA,NA,NA,NA,NA,NA,2,NA
1291,8,54119374,55275354,TRUE,228,2401,0.00028,0.00015463,0.0501086,0.0034092,FALSE,NA,NA,NA,NA,NA,NA,2,NA
1292,8,55275355,56346878,TRUE,257,2366,0.000174818,0.000104025,0.160177,0.0393029,FALSE,NA,NA,NA,NA,NA,NA,2,NA
1293,8,56346879,57436722,TRUE,272,2544,0.000262014,0.000203983,0.0774273,0.00074287,FALSE,NA,NA,NA,NA,NA,NA,2,NA
1294,8,57436723,58675117,TRUE,317,3386,0.000653563,0.000191969,0.000895798,0.00215645,TRUE,0.498939,0.498939,FALSE,-0.05017,1,0.0701432,2,NA
1295,8,58675118,59555977,TRUE,259,2188,0.000933143,0.000158541,1.56237e-06,0.00483624,TRUE,0.248271,0.248271,FALSE,-0.31536,0.75392,0.310417,2,NA
1296,8,59555978,60476248,TRUE,249,1731,0.000349501,0.000337469,0.0261886,9.84516e-08,TRUE,0.423809,0.423809,FALSE,-0.13311,1,0.115623,2,NA
1297,8,60476249,61324889,TRUE,163,1885,0.000605375,0.000148644,6.85185e-05,0.00152103,TRUE,0.403902,0.403902,FALSE,-0.12325,0.94134,0.119398,2,NA
1298,8,61324890,62330900,TRUE,286,1994,0.000823278,0.000236068,3.04275e-05,0.000161018,TRUE,0.0119944,0.0119944,FALSE,-0.55306,0.42911,0.957102,2,NA
1299,8,62330901,63253462,TRUE,203,2271,0.000390744,0.000172458,0.00923438,0.0010925,TRUE,0.427959,0.427959,FALSE,-0.2624,1,0.16829,2,NA
1300,8,63253463,64215358,TRUE,173,2440,0.000666758,0.000212822,2.39557e-05,2.62029e-05,TRUE,0.480344,0.480344,FALSE,0.07041,0.88678,0.0283014,2,NA
1301,8,64215359,66018204,TRUE,322,2912,0.00126549,0.000394071,9.93843e-09,3.16349e-08,TRUE,0.498844,0.498844,FALSE,0.21331,0.79206,0.00188719,2,NA
1302,8,66018205,66960438,TRUE,199,2047,0.000383569,0.000154723,0.00963103,0.00213825,TRUE,0.0627087,0.0627087,FALSE,-0.94021,0.72012,0.845694,2,NA
1303,8,66960439,68683823,TRUE,334,2570,NA,0.00024628,NA,0.000244684,FALSE,NA,NA,NA,NA,NA,NA,1,"SCZ"
1304,8,68683824,70004665,TRUE,425,3084,0.000765638,0.000414243,0.000715084,1.36098e-07,TRUE,0.303536,0.303536,FALSE,-0.1433,0.70024,0.143791,2,NA
1305,8,70004666,70872088,TRUE,290,1840,0.00012951,3.54139e-05,0.239392,0.274498,FALSE,NA,NA,NA,NA,NA,NA,2,NA
1306,8,70872089,72013184,TRUE,187,2192,0.000210474,9.61833e-05,0.084598,0.0281041,FALSE,NA,NA,NA,NA,NA,NA,2,NA
1307,8,72013185,72917489,TRUE,369,2163,0.00024669,0.000225797,0.12118,0.000901346,FALSE,NA,NA,NA,NA,NA,NA,2,NA
1308,8,72917490,73838027,TRUE,269,2311,0.000376042,0.000180395,0.0218928,0.00186016,TRUE,-0.540998,-0.540998,FALSE,-1,0.11145,0.108553,2,NA
1309,8,73838028,75011699,TRUE,378,2534,0.000489364,0.000412784,0.013622,5.00883e-08,TRUE,0.0202189,0.0202189,FALSE,-0.66056,0.49527,0.933899,2,NA
1310,8,75011700,76295483,TRUE,336,2989,0.000542883,0.000352773,0.00529233,8.41805e-07,TRUE,0.0931107,0.0931107,FALSE,-0.53,0.56452,0.697389,2,NA
1311,8,76295484,77377989,TRUE,182,2666,0.000606806,8.35856e-05,0.000138272,0.0464419,TRUE,0.623291,0.623291,FALSE,-0.04063,1,0.0687088,2,NA
1312,8,77377990,78633659,TRUE,235,2800,NA,6.57556e-05,NA,0.115644,FALSE,NA,NA,NA,NA,NA,NA,1,"SCZ"
1313,8,78633660,79756169,TRUE,169,2635,0.00037865,0.00020801,0.00672137,3.39914e-05,TRUE,0.172596,0.172596,FALSE,-0.51899,0.75218,0.528142,2,NA
1314,8,79756170,81340231,TRUE,401,3429,0.000586266,0.000238236,0.0055777,0.000830482,TRUE,0.178466,0.178466,FALSE,-0.56919,0.7588,0.53351,2,NA
1315,8,81340232,82878769,TRUE,375,2933,0.000280233,0.000121894,0.0950875,0.0444036,FALSE,NA,NA,NA,NA,NA,NA,2,NA
1316,8,82878770,83730337,TRUE,173,2157,NA,8.04117e-05,NA,0.0459723,FALSE,NA,NA,NA,NA,NA,NA,1,"SCZ"
1317,8,83730338,85116734,TRUE,236,3688,0.000477423,0.000264982,0.00409328,8.33045e-06,TRUE,0.384602,0.384602,FALSE,-0.14381,0.92609,0.127025,2,NA
1318,8,85116735,86251870,TRUE,154,1903,0.000189831,0.000203987,0.0864025,2.73365e-05,FALSE,NA,NA,NA,NA,NA,NA,2,NA
1319,8,86251871,87563145,TRUE,150,1772,0.000219775,0.000100815,0.0568304,0.0143555,FALSE,NA,NA,NA,NA,NA,NA,2,NA
1320,8,87563146,89081177,TRUE,304,3226,0.000368607,0.000216335,0.0317834,0.000625071,TRUE,0.082865,0.082865,FALSE,-0.95059,0.79756,0.803386,2,NA
1321,8,89081178,90364149,TRUE,234,2975,0.000452025,9.00783e-05,0.00552222,0.0521487,FALSE,NA,NA,NA,NA,NA,NA,2,NA
1322,8,90364150,91457962,TRUE,226,2041,0.000548815,0.000136539,0.0010535,0.00808544,TRUE,0.195984,0.195984,FALSE,-0.62538,0.82054,0.522596,2,NA
1323,8,91457963,92876620,TRUE,190,2088,0.000150645,9.84983e-05,0.158333,0.0267755,FALSE,NA,NA,NA,NA,NA,NA,2,NA
1324,8,92876621,94999066,TRUE,481,3471,0.000450355,0.000332862,0.0344331,4.26204e-05,TRUE,-0.564487,-0.564487,FALSE,-1,0.01496,0.0606456,2,NA
1325,8,94999067,96175630,TRUE,290,2973,0.000439261,0.000175925,0.0122624,0.00299653,TRUE,-0.170636,-0.170636,FALSE,-1,0.45958,0.601664,2,NA
1326,8,96175631,96900513,TRUE,320,2004,6.58792e-05,0.000187437,0.359747,0.00285893,FALSE,NA,NA,NA,NA,NA,NA,2,NA
1327,8,96900514,98132519,TRUE,314,2096,0.000483888,0.000202793,0.00873929,0.00126937,TRUE,0.327195,0.327195,FALSE,-0.40342,1,0.283456,2,NA
1328,8,98132520,99388944,TRUE,400,2752,0.000491933,3.99621e-06,0.0152078,0.468058,FALSE,NA,NA,NA,NA,NA,NA,2,NA
1329,8,99388945,101448439,TRUE,256,2736,NA,0.000232977,NA,0.000102199,FALSE,NA,NA,NA,NA,NA,NA,1,"SCZ"
1330,8,101448440,102548680,TRUE,420,2178,NA,0.000152806,NA,0.0209087,FALSE,NA,NA,NA,NA,NA,NA,1,"SCZ"
1331,8,102548681,103716053,TRUE,376,2785,0.000843284,0.000378971,0.000127929,4.4877e-07,TRUE,-0.0217623,-0.0217623,FALSE,-0.53347,0.34879,0.913391,2,NA
1332,8,103716054,104467845,TRUE,230,1870,0.000841849,8.65124e-05,3.48433e-06,0.0562654,FALSE,NA,NA,NA,NA,NA,NA,2,NA
1333,8,104467846,105370130,TRUE,114,2310,0.00031379,3.26692e-05,0.00678515,0.187361,FALSE,NA,NA,NA,NA,NA,NA,2,NA
1334,8,105370131,106500950,TRUE,302,2275,0.000331275,0.000124126,0.0454369,0.0266164,TRUE,0.383362,0.383362,FALSE,-0.83298,1,0.381598,2,NA
1335,8,106500951,107787163,TRUE,285,2646,0.000585385,0.00021657,0.00158749,0.000482338,TRUE,0.645125,0.645125,FALSE,0.16392,1,0.0156308,2,NA
1336,8,107787164,108647463,TRUE,209,2092,0.00026276,7.59058e-05,0.0541365,0.0738968,FALSE,NA,NA,NA,NA,NA,NA,2,NA
1337,8,108647464,109920827,TRUE,255,2784,0.000410921,9.687e-05,0.0131881,0.0512162,FALSE,NA,NA,NA,NA,NA,NA,2,NA
1338,8,109920828,111207349,TRUE,245,2434,0.000515661,0.000180368,0.00255967,0.00130455,TRUE,0.167232,0.167232,FALSE,-0.62467,0.73636,0.55873,2,NA
1339,8,111207350,112601513,TRUE,149,2051,0.000472683,0.000149498,0.000718613,0.000853956,TRUE,0.613622,0.613622,FALSE,0.09394,1,0.0256844,2,NA
1340,8,112601514,113650853,TRUE,132,2054,0.000471287,0.000153154,0.000424312,0.000430001,TRUE,0.461331,0.461331,FALSE,-0.07048,1,0.0820626,2,NA
1341,8,113650854,114781574,TRUE,102,2299,0.000285271,8.99466e-05,0.00887761,0.00965339,TRUE,0.28162,0.28162,FALSE,-0.67874,1,0.439097,2,NA
1342,8,114781575,115334858,TRUE,121,1522,0.000148308,0.000117425,0.112068,0.0029269,FALSE,NA,NA,NA,NA,NA,NA,2,NA
1343,8,115334859,116094203,TRUE,110,1949,0.000324575,7.83001e-05,0.00501904,0.0260674,TRUE,1,1.08871,FALSE,0.418,1,0.00479803,2,NA
1344,8,116094204,118300068,TRUE,448,3326,0.00107502,0.000265398,1.00028e-05,0.000428162,TRUE,0.341284,0.341284,FALSE,-0.11215,0.75995,0.119827,2,NA
1345,8,118300069,119423298,TRUE,332,2210,0.000734821,0.000110665,0.000361396,0.0485498,TRUE,0.80021,0.80021,FALSE,0.20716,1,0.0196679,2,NA
1346,8,119423299,120216587,TRUE,220,2009,0.00041849,6.01835e-05,0.00763202,0.127069,FALSE,NA,NA,NA,NA,NA,NA,2,NA
1347,8,120216588,121554390,TRUE,269,2980,0.0007741,0.000151001,5.11432e-05,0.00702572,TRUE,0.402599,0.402599,FALSE,-0.17686,1,0.137441,2,NA
1348,8,121554391,122622804,TRUE,314,2543,0.000240251,9.85275e-05,0.109579,0.0620175,FALSE,NA,NA,NA,NA,NA,NA,2,NA
1349,8,122622805,124001019,TRUE,375,2488,0.000346414,0.00010146,0.0542461,0.0712928,FALSE,NA,NA,NA,NA,NA,NA,2,NA
1350,8,124001020,125453322,TRUE,433,3103,0.00035101,0.000298574,0.0646882,8.14152e-05,FALSE,NA,NA,NA,NA,NA,NA,2,NA
1351,8,125453323,126766827,TRUE,427,3052,0.000210486,3.76468e-05,0.174822,0.296976,FALSE,NA,NA,NA,NA,NA,NA,2,NA
1352,8,126766828,128073654,TRUE,406,3078,9.27191e-05,0.000185001,0.32981,0.00637487,FALSE,NA,NA,NA,NA,NA,NA,2,NA
1353,8,128073655,129291118,TRUE,577,3148,0.000928204,0.000443356,0.000429738,8.4052e-07,TRUE,0.38872,0.38872,FALSE,-0.01771,0.78393,0.0586869,2,NA
1354,8,129291119,130383563,TRUE,263,2498,6.96959e-05,0.000243355,0.338383,7.03057e-05,FALSE,NA,NA,NA,NA,NA,NA,2,NA
1355,8,130383564,131545725,TRUE,300,2859,9.42501e-05,5.45497e-05,0.303433,0.189871,FALSE,NA,NA,NA,NA,NA,NA,2,NA
1356,8,131545726,132534636,TRUE,346,2633,0.000342278,4.88716e-05,0.0502329,0.223803,FALSE,NA,NA,NA,NA,NA,NA,2,NA
1357,8,132534637,133461551,TRUE,301,2535,0.000674488,0.00011399,0.000571933,0.039,TRUE,0.916386,0.916386,FALSE,0.35053,1,0.00713176,2,NA
1358,8,133461552,134509448,TRUE,427,2651,0.000168416,0.000268318,0.225171,0.000302033,FALSE,NA,NA,NA,NA,NA,NA,2,NA
1359,8,134509449,135313673,TRUE,401,2670,0.000386709,0.00019744,0.0427971,0.0042595,TRUE,0.330487,0.330487,FALSE,-0.63204,1,0.37678,2,NA
1360,8,135313674,136220342,TRUE,335,2305,0.000746149,0.000297472,0.000297014,1.62496e-05,TRUE,0.252336,0.252336,FALSE,-0.24032,0.68593,0.256945,2,NA
1361,8,136220343,137527617,TRUE,298,3142,0.000113453,0.000454768,0.268738,1.55618e-10,FALSE,NA,NA,NA,NA,NA,NA,2,NA
1362,8,137527618,138564843,TRUE,247,2939,0.000146207,0.000217073,0.195246,0.000208858,FALSE,NA,NA,NA,NA,NA,NA,2,NA
1363,8,138564844,139404631,TRUE,322,2355,0.00045657,0.00013157,0.0134075,0.024034,TRUE,0.719346,0.719346,FALSE,0.00581,1,0.0602935,2,NA
1364,8,139404632,140355988,TRUE,354,2477,0.000680718,0.000215257,0.00100849,0.00140808,TRUE,-0.0261987,-0.0261987,FALSE,-0.80656,0.48804,0.922556,2,NA
1365,8,140355989,141527881,TRUE,440,2738,0.000211288,0.000213567,0.177814,0.00314478,FALSE,NA,NA,NA,NA,NA,NA,2,NA
1366,8,141527882,142611889,TRUE,392,2436,0.000553677,0.000155112,0.0072955,0.0173255,TRUE,-0.02361,-0.02361,FALSE,-1,0.67666,0.946385,2,NA
1367,8,142611890,143611461,TRUE,367,2452,0.00123093,0.000203174,8.76488e-08,0.00264406,TRUE,0.509744,0.509744,FALSE,0.11116,1,0.0208531,2,NA
1368,8,143611462,144934288,TRUE,412,3408,0.00163381,0.000232097,7.69736e-11,0.00127685,TRUE,0.068817,0.068817,FALSE,-0.39484,0.43959,0.722622,2,NA
1369,8,144934289,146303787,TRUE,269,1576,6.78522e-05,0.000378849,0.344509,2.96634e-08,FALSE,NA,NA,NA,NA,NA,NA,2,NA
1370,9,10469,653661,TRUE,243,1662,0.000598719,9.66233e-05,0.000612967,0.0449558,TRUE,0.268641,0.268641,FALSE,-0.70509,1,0.4442,2,NA
1371,9,653662,1103598,TRUE,287,1514,0.000426978,0.000202542,0.0136891,0.000844409,TRUE,-0.0354257,-0.0354257,FALSE,-1,0.58911,0.9095,2,NA
1372,9,1103599,1874961,TRUE,399,2565,0.000563307,1.29712e-05,0.00689158,0.418095,FALSE,NA,NA,NA,NA,NA,NA,2,NA
1373,9,1874962,2441120,TRUE,381,1644,0.000326143,8.20873e-06,0.0665918,0.442852,FALSE,NA,NA,NA,NA,NA,NA,2,NA
1374,9,2441121,3079045,TRUE,325,1653,0.000377664,0.00015973,0.0318989,0.00843768,TRUE,-0.151356,-0.151356,FALSE,-1,0.60407,0.689479,2,NA
1375,9,3079046,4025355,TRUE,453,2133,0.000659623,0.000258622,0.00360689,0.000683648,TRUE,0.662932,0.662932,FALSE,0.16183,1,0.0160094,2,NA
1376,9,4025356,4596614,TRUE,400,1786,0.000195328,0.000186378,0.18439,0.00602758,FALSE,NA,NA,NA,NA,NA,NA,2,NA
1377,9,4596615,5437591,TRUE,306,1924,0.000296117,9.06166e-05,0.0644573,0.0745568,FALSE,NA,NA,NA,NA,NA,NA,2,NA
1378,9,5437592,6859791,TRUE,516,3280,0.00145931,0.000347347,6.10328e-08,2.98641e-05,TRUE,0.127216,0.127216,FALSE,-0.2803,0.4661,0.48354,2,NA
1379,9,6859792,7388202,TRUE,275,1971,0.00054538,0.000227268,0.00253667,0.000212394,TRUE,0.320031,0.320031,FALSE,-0.25884,0.86865,0.22757,2,NA
1380,9,7388203,8262303,TRUE,453,2598,0.000543823,0.000355347,0.0125145,1.19004e-05,TRUE,-0.123563,-0.123563,FALSE,-1,0.36925,0.640824,2,NA
1381,9,8262304,9170120,TRUE,473,2971,NA,5.56097e-05,NA,0.233859,FALSE,NA,NA,NA,NA,NA,NA,1,"SCZ"
1382,9,9170121,9920258,TRUE,371,2330,8.26868e-05,0.000277552,0.340046,9.15486e-05,FALSE,NA,NA,NA,NA,NA,NA,2,NA
1383,9,9920259,10675474,TRUE,356,2527,0.000443917,0.000116705,0.0190143,0.0438597,TRUE,0.0326423,0.0326423,FALSE,-1,0.96007,0.937922,2,NA
1384,9,10675475,11270764,TRUE,205,1832,0.000432574,0.000116749,0.00499334,0.0145779,TRUE,0.655624,0.655624,FALSE,-0.00873,1,0.0600625,2,NA
1385,9,11270765,12044915,TRUE,141,2491,0.000297841,0.000140466,0.0157157,0.00122069,TRUE,0.687659,0.687659,FALSE,0.05861,1,0.0402996,2,NA
1386,9,12044916,12664858,TRUE,220,1789,0.000430793,0.00019354,0.00637264,0.000379642,TRUE,0.31416,0.31416,FALSE,-0.37648,0.9325,0.278171,2,NA
1387,9,12664859,13512852,TRUE,317,1725,NA,0.000208394,NA,0.00126952,FALSE,NA,NA,NA,NA,NA,NA,1,"SCZ"
1388,9,13512853,14244747,TRUE,355,2098,0.000994927,0.000125739,6.29483e-06,0.036063,TRUE,0.675583,0.675583,FALSE,0.14648,1,0.0215649,2,NA
1389,9,14244748,14902924,TRUE,450,1807,0.00079512,0.000402225,0.00064643,7.4199e-07,TRUE,0.283821,0.283821,FALSE,-0.16195,0.70014,0.178074,2,NA
1390,9,14902925,15839403,TRUE,324,2176,0.000565483,0.000116617,0.00350093,0.0385727,TRUE,0.789153,0.789153,FALSE,0.11416,1,0.0320029,2,NA
1391,9,15839404,16658377,TRUE,368,1932,5.72427e-05,9.71678e-05,0.384105,0.0818373,FALSE,NA,NA,NA,NA,NA,NA,2,NA
1392,9,16658378,17392382,TRUE,192,2134,0.000254172,0.000156572,0.0512078,0.00156481,FALSE,NA,NA,NA,NA,NA,NA,2,NA
1393,9,17392383,17990565,TRUE,211,1696,0.000390279,0.00018147,0.0107906,0.000652575,TRUE,-0.0601082,-0.0601082,FALSE,-1,0.54949,0.844722,2,NA
1394,9,17990566,18754196,TRUE,319,2027,0.00075668,0.000308519,0.000191499,6.7544e-06,TRUE,-0.229324,-0.229324,FALSE,-0.8663,0.17298,0.286703,2,NA
1395,9,18754197,19463292,TRUE,281,1989,0.000244805,NA,0.093356,NA,FALSE,NA,NA,NA,NA,NA,NA,1,"BIP"
1396,9,19463293,20483880,TRUE,437,2244,0.00055795,0.000259986,0.00971993,0.000515362,TRUE,-0.16433,-0.16433,FALSE,-1,0.39366,0.57151,2,NA
1397,9,20483881,21674032,TRUE,353,2653,0.000425231,0.000126868,0.0232151,0.0320813,TRUE,-0.630674,-0.630674,FALSE,-1,0.16897,0.126153,2,NA
1398,9,21674033,23091193,TRUE,440,3029,0.000933568,0.000256648,8.18208e-05,0.000559323,TRUE,0.262239,0.262239,FALSE,-0.25732,0.71849,0.264211,2,NA
1399,9,23091194,23859374,TRUE,371,1784,0.00143521,0.000366266,1.57179e-09,1.00869e-06,TRUE,-0.0873161,-0.0873161,FALSE,-0.48213,0.2231,0.593495,2,NA
1400,9,23859375,24757729,TRUE,290,1793,0.000296339,0.000281712,0.0609739,1.35602e-05,FALSE,NA,NA,NA,NA,NA,NA,2,NA
1401,9,24757730,25957606,TRUE,432,3077,0.00108984,0.000258208,6.67223e-06,0.000489525,TRUE,0.449345,0.449345,FALSE,0.02425,0.90085,0.0402659,2,NA
1402,9,25957607,26747214,TRUE,286,1827,0.0012025,0.000244794,9.68245e-09,9.33935e-05,TRUE,0.484109,0.484109,FALSE,0.13045,0.85367,0.0114278,2,NA
1403,9,26747215,27366479,TRUE,246,1810,0.000333124,1.9198e-05,0.0309368,0.354488,FALSE,NA,NA,NA,NA,NA,NA,2,NA
1404,9,27366480,28067454,TRUE,288,1805,0.000283539,NA,0.0678785,NA,FALSE,NA,NA,NA,NA,NA,NA,1,"BIP"
1405,9,28067455,28766060,TRUE,290,1801,0.000597613,0.00020725,0.00136886,0.000702083,TRUE,0.534051,0.534051,FALSE,0.0134,1,0.0468808,2,NA
1406,9,28766061,29596501,TRUE,186,2702,0.000218951,6.0087e-05,0.0751907,0.107365,FALSE,NA,NA,NA,NA,NA,NA,2,NA
1407,9,29596502,30410078,TRUE,176,1927,NA,0.000206734,NA,6.7628e-05,FALSE,NA,NA,NA,NA,NA,NA,1,"SCZ"
1408,9,30410079,31115153,TRUE,127,1763,0.000201004,0.000197399,0.059394,1.44783e-05,FALSE,NA,NA,NA,NA,NA,NA,2,NA
1409,9,31115154,32253283,TRUE,191,3479,0.000443223,9.7136e-05,0.00323991,0.0274772,TRUE,0.0182314,0.0182314,FALSE,-1,0.79984,0.959708,2,NA
1410,9,32253284,33194892,TRUE,282,2301,0.00102989,6.84927e-05,3.80078e-07,0.126349,FALSE,NA,NA,NA,NA,NA,NA,2,NA
1411,9,33194893,34704544,TRUE,293,2985,0.00088718,0.000152592,9.95298e-06,0.00815045,TRUE,0.0201827,0.0201827,FALSE,-0.725,0.5299,0.938101,2,NA
1412,9,34704545,36749273,TRUE,503,3470,0.000906619,0.000276322,0.000285912,0.000577889,TRUE,0.092477,0.092477,FALSE,-0.54107,0.56212,0.702071,2,NA
1413,9,36749274,37687112,TRUE,331,2024,0.000228678,0.000112411,0.12657,0.044174,FALSE,NA,NA,NA,NA,NA,NA,2,NA
1414,9,37687113,38822977,TRUE,372,2396,0.000481775,0.000110093,0.0146564,0.0596344,FALSE,NA,NA,NA,NA,NA,NA,2,NA
1415,9,38822978,43903829,TRUE,12,72,2.96876e-05,1.98307e-05,0.19866,0.0864051,FALSE,NA,NA,NA,NA,NA,NA,2,NA
1416,9,43903830,66673058,TRUE,5,33,NA,7.13478e-06,NA,0.183932,FALSE,NA,NA,NA,NA,NA,NA,1,"SCZ"
1417,9,66673059,70939677,FALSE,NA,NA,NA,NA,NA,NA,FALSE,NA,NA,NA,NA,NA,NA,NA,NA
1418,9,70939678,72288878,TRUE,358,2549,0.000602273,0.00037389,0.0031602,3.92718e-07,TRUE,0.0730421,0.0730421,FALSE,-0.51794,0.5091,0.750041,2,NA
1419,9,72288879,73915494,TRUE,361,3712,0.0011508,0.000169592,3.72137e-07,0.00770671,TRUE,0.42897,0.42897,FALSE,-0.04468,1,0.0760376,2,NA
1420,9,73915495,74950318,TRUE,327,2008,0.000388965,0.000286174,0.0287253,2.63161e-05,TRUE,0.380665,0.380665,FALSE,-0.26038,1,0.19996,2,NA
1421,9,74950319,76197744,TRUE,202,2456,NA,0.000150797,NA,0.00263976,FALSE,NA,NA,NA,NA,NA,NA,1,"SCZ"
1422,9,76197745,77862308,TRUE,390,3222,0.000916719,0.000427247,5.42428e-05,6.30687e-08,TRUE,0.293399,0.293399,FALSE,-0.09614,0.64415,0.119117,2,NA
1423,9,77862309,78630915,TRUE,322,2219,0.000528548,6.17809e-05,0.00536282,0.163898,FALSE,NA,NA,NA,NA,NA,NA,2,NA
1424,9,78630916,79451035,TRUE,414,2181,0.000355218,0.000233425,0.0588042,0.00110529,FALSE,NA,NA,NA,NA,NA,NA,2,NA
1425,9,79451036,80137024,TRUE,241,1928,0.000267156,0.00028061,0.0649722,8.55408e-06,FALSE,NA,NA,NA,NA,NA,NA,2,NA
1426,9,80137025,81161597,TRUE,272,2138,0.000270793,0.000200917,0.072921,0.000912264,FALSE,NA,NA,NA,NA,NA,NA,2,NA
1427,9,81161598,82601465,TRUE,527,2826,0.000953288,0.000344114,0.000190047,4.14884e-05,TRUE,0.0754747,0.0754747,FALSE,-0.47147,0.48439,0.730361,2,NA
1428,9,82601466,83455502,TRUE,234,2679,0.000176815,0.00010166,0.145724,0.0344719,FALSE,NA,NA,NA,NA,NA,NA,2,NA
1429,9,83455503,85135751,TRUE,478,3252,0.000766219,0.000303777,0.00128425,0.000157678,TRUE,0.273955,0.273955,FALSE,-0.29274,0.7667,0.267279,2,NA
1430,9,85135752,86769886,TRUE,457,3431,0.000368746,0.000490813,0.060795,3.929e-09,FALSE,NA,NA,NA,NA,NA,NA,2,NA
1431,9,86769887,87815449,TRUE,325,2628,0.00026554,0.000165875,0.0920481,0.0067395,FALSE,NA,NA,NA,NA,NA,NA,2,NA
1432,9,87815450,89171796,TRUE,322,2667,0.000242662,0.000351505,0.112488,8.55156e-07,FALSE,NA,NA,NA,NA,NA,NA,2,NA
1433,9,89171797,90135154,TRUE,353,2433,0.000372403,0.000120654,0.0399693,0.0393088,TRUE,-0.138831,-0.138831,FALSE,-1,0.80103,0.75716,2,NA
1434,9,90135155,90890979,TRUE,243,1954,0.00021547,0.000131127,0.105582,0.0124372,FALSE,NA,NA,NA,NA,NA,NA,2,NA
1435,9,90890980,91643255,TRUE,196,1883,0.000308221,5.70262e-05,0.0266378,0.125724,FALSE,NA,NA,NA,NA,NA,NA,2,NA
1436,9,91643256,92500277,TRUE,263,1948,0.00092519,0.000216757,2.0116e-06,0.000297039,TRUE,0.320997,0.320997,FALSE,-0.11995,0.73836,0.137747,2,NA
1437,9,92500278,93441050,TRUE,257,2219,NA,0.000198655,NA,0.000794323,FALSE,NA,NA,NA,NA,NA,NA,1,"SCZ"
1438,9,93441051,94175374,TRUE,259,1849,0.000457369,6.47416e-05,0.00783825,0.13573,FALSE,NA,NA,NA,NA,NA,NA,2,NA
1439,9,94175375,94924482,TRUE,204,2256,0.000364052,0.000117942,0.0134649,0.0139556,TRUE,0.438954,0.438954,FALSE,-0.46762,1,0.237391,2,NA
1440,9,94924483,95854925,TRUE,162,2026,0.000521726,3.88517e-05,0.000397475,0.197177,FALSE,NA,NA,NA,NA,NA,NA,2,NA
1441,9,95854926,96670171,TRUE,212,2269,0.000447121,0.000221696,0.00437839,9.28704e-05,TRUE,0.0634324,0.0634324,FALSE,-0.67821,0.60305,0.814639,2,NA
1442,9,96670172,97418633,TRUE,174,1690,0.000178093,6.74467e-05,0.111483,0.0785069,FALSE,NA,NA,NA,NA,NA,NA,2,NA
1443,9,97418634,98885862,TRUE,361,2827,0.00024366,0.000220399,0.124662,0.00121669,FALSE,NA,NA,NA,NA,NA,NA,2,NA
1444,9,98885863,100310517,TRUE,256,2145,0.000685101,0.000168167,0.000180039,0.00295784,TRUE,-0.238858,-0.238858,FALSE,-1,0.26675,0.370323,2,NA
1445,9,100310518,101596750,TRUE,420,2943,0.000637388,0.000318779,0.00353924,3.38735e-05,TRUE,0.202402,0.202402,FALSE,-0.41165,0.71472,0.418245,2,NA
1446,9,101596751,103165725,TRUE,333,2600,0.000592669,0.000334244,0.00283809,1.88488e-06,TRUE,0.025092,0.025092,FALSE,-0.59054,0.48072,0.914762,2,NA
1447,9,103165726,104222848,TRUE,239,2424,0.000282267,8.27413e-05,0.0534523,0.0720076,FALSE,NA,NA,NA,NA,NA,NA,2,NA
1448,9,104222849,105043411,TRUE,261,2435,0.000609946,0.000167681,0.00071883,0.00285866,TRUE,0.685942,0.685942,FALSE,0.17486,1,0.0149042,2,NA
1449,9,105043412,105846545,TRUE,204,2648,8.02752e-05,8.31041e-05,0.294776,0.0544457,FALSE,NA,NA,NA,NA,NA,NA,2,NA
1450,9,105846546,107061019,TRUE,266,3336,NA,0.000163814,NA,0.00483781,FALSE,NA,NA,NA,NA,NA,NA,1,"SCZ"
1451,9,107061020,108203095,TRUE,382,3205,8.72795e-05,0.000117826,0.334398,0.0493707,FALSE,NA,NA,NA,NA,NA,NA,2,NA
1452,9,108203096,109150717,TRUE,217,1772,0.000722443,0.000149504,3.55845e-05,0.00407798,TRUE,0.758216,0.758216,FALSE,0.32034,1,0.0042835,2,NA
1453,9,109150718,110630150,TRUE,560,3405,0.000763004,0.000383905,0.00250979,1.13632e-05,TRUE,-0.152265,-0.152265,FALSE,-0.87576,0.28375,0.519405,2,NA
1454,9,110630151,111368107,TRUE,247,1900,0.000226318,0.00010883,0.0969722,0.0298484,FALSE,NA,NA,NA,NA,NA,NA,2,NA
1455,9,111368108,112076381,TRUE,214,1940,0.000817618,4.45778e-05,3.61375e-06,0.190514,FALSE,NA,NA,NA,NA,NA,NA,2,NA
1456,9,112076382,112865520,TRUE,309,2174,0.000179446,0.000252432,0.174212,9.39475e-05,FALSE,NA,NA,NA,NA,NA,NA,2,NA
1457,9,112865521,113646149,TRUE,314,2276,0.000350632,0.000275344,0.0396444,3.50345e-05,TRUE,-0.24524,-0.24524,FALSE,-1,0.34794,0.431578,2,NA
1458,9,113646150,114443475,TRUE,259,1963,0.000306677,0.000212499,0.0477416,0.000345246,TRUE,0.427966,0.427966,FALSE,-0.36572,1,0.215223,2,NA
1459,9,114443476,115390112,TRUE,226,2344,0.000450974,0.000123476,0.00525759,0.0158055,TRUE,0.486753,0.486753,FALSE,-0.30533,1,0.164475,2,NA
1460,9,115390113,116159540,TRUE,273,1868,1.17591e-05,NA,0.462744,NA,FALSE,NA,NA,NA,NA,NA,NA,1,"BIP"
1461,9,116159541,117054909,TRUE,386,2129,0.000189941,0.000204096,0.186239,0.00259547,FALSE,NA,NA,NA,NA,NA,NA,2,NA
1462,9,117054910,117989017,TRUE,327,2306,0.000472335,0.000226712,0.0115434,0.000525221,TRUE,0.480186,0.480186,FALSE,-0.14389,1,0.107998,2,NA
1463,9,117989018,119001227,TRUE,234,2316,0.00031076,0.000195974,0.0378834,0.000519278,TRUE,-0.137849,-0.137849,FALSE,-1,0.52393,0.686667,2,NA
1464,9,119001228,119890464,TRUE,322,2041,0.000490527,0.000164034,0.00878767,0.00689943,TRUE,0.233303,0.233303,FALSE,-0.67673,0.967,0.484685,2,NA
1465,9,119890465,121008529,TRUE,354,2564,0.00033518,0.000221613,0.056237,0.000923522,FALSE,NA,NA,NA,NA,NA,NA,2,NA
1466,9,121008530,122677719,TRUE,461,3240,0.000947649,0.000305765,8.56243e-05,8.88257e-05,TRUE,0.384745,0.384745,FALSE,-0.06968,0.81745,0.0797799,2,NA
1467,9,122677720,124119883,TRUE,321,2070,0.000423363,0.000250867,0.0190715,0.000132633,TRUE,0.363628,0.363628,FALSE,-0.29886,1,0.222104,2,NA
1468,9,124119884,125137578,TRUE,346,2156,0.000517701,0.000202379,0.00783851,0.00217457,TRUE,-0.0864064,-0.0864064,FALSE,-1,0.51246,0.779227,2,NA
1469,9,125137579,126092931,TRUE,221,1779,0.000353925,0.000252584,0.0203331,2.25327e-05,TRUE,-0.331213,-0.331213,FALSE,-1,0.23529,0.257358,2,NA
1470,9,126092932,127184582,TRUE,335,2393,0.000401241,0.000187219,0.026315,0.00329596,TRUE,-0.16843,-0.16843,FALSE,-1,0.55761,0.631018,2,NA
1471,9,127184583,128785782,TRUE,255,1952,0.000287636,0.000148873,0.0562885,0.00693198,FALSE,NA,NA,NA,NA,NA,NA,2,NA
1472,9,128785783,129617771,TRUE,385,1884,0.000798764,0.000145524,0.00028292,0.0220928,TRUE,0.122787,0.122787,FALSE,-0.80423,0.76585,0.688502,2,NA
1473,9,129617772,130902727,TRUE,289,1999,0.000766547,0.000135782,9.32081e-05,0.016541,TRUE,-0.212908,-0.212908,FALSE,-1,0.34634,0.466536,2,NA
1474,9,130902728,132193798,TRUE,303,1824,0.000847814,0.000199196,2.84048e-05,0.00150878,TRUE,0.143426,0.143426,FALSE,-0.44231,0.60413,0.55356,2,NA
1475,9,132193799,132999452,TRUE,335,2429,0.000488241,0.000209042,0.0106958,0.00224254,TRUE,-0.566118,-0.566118,FALSE,-1,0.04467,0.0746344,2,NA
1476,9,132999453,134141936,TRUE,472,2282,0.000528836,5.9345e-05,0.0162153,0.222374,FALSE,NA,NA,NA,NA,NA,NA,2,NA
1477,9,134141937,135135887,TRUE,336,1829,0.000673162,0.000252811,0.000879681,0.000177816,TRUE,0.0437492,0.0437492,FALSE,-0.60281,0.50951,0.859852,2,NA
1478,9,135135888,136042490,TRUE,378,2060,0.000376411,8.92881e-05,0.0422959,0.101611,FALSE,NA,NA,NA,NA,NA,NA,2,NA
1479,9,136042491,136770926,TRUE,378,2332,0.000348654,0.000167981,0.0547567,0.0118743,FALSE,NA,NA,NA,NA,NA,NA,2,NA
1480,9,136770927,137593527,TRUE,381,2201,5.2116e-05,2.69752e-05,0.395578,0.343233,FALSE,NA,NA,NA,NA,NA,NA,2,NA
1481,9,137593528,138202112,TRUE,450,2131,0.000314298,0.000243481,0.090672,0.00139212,FALSE,NA,NA,NA,NA,NA,NA,2,NA
1482,9,138202113,138995791,TRUE,421,2036,6.91313e-05,0.00020075,0.371814,0.00524056,FALSE,NA,NA,NA,NA,NA,NA,2,NA
1483,9,138995792,140097759,TRUE,455,2458,0.000223037,0.000342853,0.169643,3.26973e-05,FALSE,NA,NA,NA,NA,NA,NA,2,NA
1484,9,140097760,141146682,TRUE,341,1403,0.00019756,0.000694606,0.166607,6.49123e-14,FALSE,NA,NA,NA,NA,NA,NA,2,NA
1485,10,60515,1329232,TRUE,357,2667,0.000451248,0.000281586,0.0184,6.91244e-05,TRUE,0.425599,0.425599,FALSE,-0.19342,1,0.141662,2,NA
1486,10,1329233,1872960,TRUE,307,1645,0.000519956,0.000180613,0.00524983,0.0033182,TRUE,0.262729,0.262729,FALSE,-0.561,0.92838,0.395285,2,NA
1487,10,1872961,2637065,TRUE,328,3060,0.000566473,0.000109765,0.00353785,0.0480134,TRUE,0.045885,0.045885,FALSE,-1,0.83995,0.903353,2,NA
1488,10,2637066,3225336,TRUE,313,2021,0.000534108,1.75498e-05,0.00463429,0.381205,FALSE,NA,NA,NA,NA,NA,NA,2,NA
1489,10,3225337,3880322,TRUE,268,1842,0.00100911,0.000248503,3.748e-07,5.59393e-05,TRUE,0.028367,0.028367,FALSE,-0.44927,0.39812,0.886741,2,NA
1490,10,3880323,4813182,TRUE,403,2446,0.000104736,0.00036158,0.310649,2.31779e-06,FALSE,NA,NA,NA,NA,NA,NA,2,NA
1491,10,4813183,5396242,TRUE,211,2331,0.000198441,6.06522e-05,0.107733,0.118645,FALSE,NA,NA,NA,NA,NA,NA,2,NA
1492,10,5396243,6234718,TRUE,451,2537,0.000250455,0.000207981,0.141969,0.00453747,FALSE,NA,NA,NA,NA,NA,NA,2,NA
1493,10,6234719,6897037,TRUE,370,1794,0.000488845,0.000282605,0.013037,7.59425e-05,TRUE,-0.00575458,-0.00575458,FALSE,-0.90433,0.5389,0.983686,2,NA
1494,10,6897038,7659872,TRUE,415,2347,0.000178184,4.96862e-05,0.209456,0.242655,FALSE,NA,NA,NA,NA,NA,NA,2,NA
1495,10,7659873,8771920,TRUE,461,3339,0.000162903,0.000181315,0.239796,0.0119407,FALSE,NA,NA,NA,NA,NA,NA,2,NA
1496,10,8771921,10081279,TRUE,317,3191,0.000755306,0.000116146,0.000173349,0.0360717,TRUE,0.241902,0.241902,FALSE,-0.60905,1,0.452005,2,NA
1497,10,10081280,10969481,TRUE,295,2255,2.58994e-05,0.00014265,0.434586,0.0125864,FALSE,NA,NA,NA,NA,NA,NA,2,NA
1498,10,10969482,11856924,TRUE,396,2248,0.000662664,0.000231042,0.0020263,0.00101338,TRUE,0.618193,0.618193,FALSE,0.10327,1,0.0237214,2,NA
1499,10,11856925,12581571,TRUE,335,1919,0.000348547,0.000233152,0.0451617,0.000405268,TRUE,0.334557,0.334557,FALSE,-0.49461,1,0.325639,2,NA
1500,10,12581572,13208061,TRUE,344,1786,0.000179844,0.000119372,0.186692,0.0403357,FALSE,NA,NA,NA,NA,NA,NA,2,NA
1501,10,13208062,14008135,TRUE,483,2284,0.000611458,0.000248945,0.00746991,0.00128335,TRUE,-0.289302,-0.289302,FALSE,-1,0.2679,0.326649,2,NA
1502,10,14008136,14820755,TRUE,387,2552,0.000605732,0.000141705,0.00388126,0.0250213,TRUE,-0.151431,-0.151431,FALSE,-1,0.53064,0.664333,2,NA
1503,10,14820756,15946677,TRUE,436,2839,0.00099024,0.000235243,3.13637e-05,0.00143613,TRUE,0.361594,0.361594,FALSE,-0.15117,0.87213,0.127217,2,NA
1504,10,15946678,17065860,TRUE,352,2631,0.000287596,0.000196127,0.0834517,0.00261177,FALSE,NA,NA,NA,NA,NA,NA,2,NA
1505,10,17065861,18529742,TRUE,375,3205,0.000925261,0.000407014,3.22409e-05,5.78416e-08,TRUE,0.654208,0.654208,FALSE,0.32975,1,0.000462636,2,NA
1506,10,18529743,19421514,TRUE,287,2628,0.00121728,0.000203606,6.74534e-09,0.000766786,TRUE,0.563486,0.563486,FALSE,0.192,0.99752,0.00600535,2,NA
1507,10,19421515,19965624,TRUE,149,1892,0.000405109,0.000138627,0.00281766,0.00222155,TRUE,0.245078,0.245078,FALSE,-0.50877,0.90522,0.420084,2,NA
1508,10,19965625,20616432,TRUE,225,1901,0.000389163,0.00019141,0.0120894,0.000462021,TRUE,0.325674,0.325674,FALSE,-0.39633,1,0.286625,2,NA
1509,10,20616433,21477692,TRUE,272,2155,0.000589109,2.3477e-05,0.0011858,0.333299,FALSE,NA,NA,NA,NA,NA,NA,2,NA
1510,10,21477693,23365685,TRUE,411,3011,8.88751e-05,0.000630116,0.339902,3.67068e-13,FALSE,NA,NA,NA,NA,NA,NA,2,NA
1511,10,23365686,24489447,TRUE,266,2171,0.000422516,8.32209e-05,0.0126079,0.0827675,FALSE,NA,NA,NA,NA,NA,NA,2,NA
1512,10,24489448,25577761,TRUE,385,2109,0.000804947,7.60269e-05,0.000256566,0.140758,FALSE,NA,NA,NA,NA,NA,NA,2,NA
1513,10,25577762,26161974,TRUE,177,2010,0.000141238,2.62126e-05,0.165653,0.279997,FALSE,NA,NA,NA,NA,NA,NA,2,NA
1514,10,26161975,26888716,TRUE,155,2268,3.24169e-05,NA,0.391661,NA,FALSE,NA,NA,NA,NA,NA,NA,1,"BIP"
1515,10,26888717,27669566,TRUE,183,2244,0.000411137,9.66645e-05,0.00481762,0.0259927,TRUE,0.166732,0.166732,FALSE,-0.93357,1,0.650803,2,NA
1516,10,27669567,28734422,TRUE,283,2737,0.000812836,5.59263e-05,3.33461e-05,0.171883,FALSE,NA,NA,NA,NA,NA,NA,2,NA
1517,10,28734423,29393749,TRUE,239,1875,0.00050925,0.000102873,0.00246734,0.0346524,TRUE,0.334032,0.334032,FALSE,-0.59055,1,0.35495,2,NA
1518,10,29393750,30000223,TRUE,268,1888,0.000259334,4.30267e-06,0.0780761,0.458693,FALSE,NA,NA,NA,NA,NA,NA,2,NA
1519,10,30000224,30919469,TRUE,336,2424,8.60011e-05,0.000120638,0.32595,0.0350471,FALSE,NA,NA,NA,NA,NA,NA,2,NA
1520,10,30919470,32457293,TRUE,312,3021,8.80081e-05,0.000140525,0.316396,0.0151081,FALSE,NA,NA,NA,NA,NA,NA,2,NA
1521,10,32457294,33655458,TRUE,240,3353,0.00043547,0.000173668,0.0082883,0.00168574,TRUE,0.197378,0.197378,FALSE,-0.63266,0.87764,0.52561,2,NA
1522,10,33655459,35178224,TRUE,473,3277,0.0011205,0.00048448,7.56561e-06,1.17377e-08,TRUE,0.497351,0.497351,FALSE,0.18148,0.81691,0.0041146,2,NA
1523,10,35178225,36475838,TRUE,271,2515,0.000259495,0.000175816,0.0794224,0.00252204,FALSE,NA,NA,NA,NA,NA,NA,2,NA
1524,10,36475839,37561443,TRUE,245,2427,0.000531391,5.75631e-05,0.00194291,0.149555,FALSE,NA,NA,NA,NA,NA,NA,2,NA
1525,10,37561444,38566460,TRUE,86,2491,0.00011416,3.82437e-05,0.133847,0.126534,FALSE,NA,NA,NA,NA,NA,NA,2,NA
1526,10,38566461,42392742,TRUE,24,961,0.000151748,4.08885e-05,0.00853711,0.0212141,TRUE,1,1.02351,FALSE,0.37711,1,0.0217742,2,NA
1527,10,42392743,42984427,TRUE,42,1119,3.30769e-05,1.9266e-05,0.30041,0.243681,FALSE,NA,NA,NA,NA,NA,NA,2,NA
1528,10,42984428,43769842,TRUE,158,2159,0.000220371,4.17873e-05,0.0601209,0.17148,FALSE,NA,NA,NA,NA,NA,NA,2,NA
1529,10,43769843,44893846,TRUE,293,3411,0.000479243,0.000147119,0.00778109,0.0112939,TRUE,-0.0692269,-0.0692269,FALSE,-1,0.60912,0.840631,2,NA
1530,10,44893847,46327144,TRUE,286,3196,0.000467203,0.000164839,0.00835531,0.00480475,TRUE,0.114535,0.114535,FALSE,-0.87787,0.81413,0.72539,2,NA
1531,10,46327145,49197320,TRUE,217,1186,0.000340867,0.000192234,0.0217668,0.00653331,TRUE,0.169016,0.169016,FALSE,-0.9653,1,0.644043,2,NA
1532,10,49197321,50145673,TRUE,236,1801,0.000206825,0.00016854,0.111419,0.00206024,FALSE,NA,NA,NA,NA,NA,NA,2,NA
1533,10,50145674,51724039,TRUE,264,2356,1.41627e-05,0.000219945,0.456867,0.000408994,FALSE,NA,NA,NA,NA,NA,NA,2,NA
1534,10,51724040,53129609,TRUE,290,2266,0.000640454,0.000282458,0.000767826,1.19881e-05,TRUE,0.483616,0.483616,FALSE,0.03714,0.97615,0.0363138,2,NA
1535,10,53129610,53919161,TRUE,298,2275,0.000319653,0.000177994,0.0497975,0.00316541,TRUE,0.074106,0.074106,FALSE,-1,0.88721,0.845051,2,NA
1536,10,53919162,55104428,TRUE,346,2937,0.000682546,0.000309502,0.000856744,1.11136e-05,TRUE,0.146714,0.146714,FALSE,-0.4088,0.58756,0.522143,2,NA
1537,10,55104429,55867694,TRUE,202,2317,0.000360053,7.48165e-05,0.0141588,0.072192,FALSE,NA,NA,NA,NA,NA,NA,2,NA
1538,10,55867695,57044845,TRUE,339,3432,0.00047217,0.000131043,0.0125331,0.0264971,TRUE,-0.124204,-0.124204,FALSE,-1,0.62212,0.745438,2,NA
1539,10,57044846,57955671,TRUE,136,2087,0.000197864,0.000267235,0.0653933,4.6509e-08,FALSE,NA,NA,NA,NA,NA,NA,2,NA
1540,10,57955672,58809133,TRUE,96,2309,6.46664e-05,3.62833e-05,0.26371,0.155065,FALSE,NA,NA,NA,NA,NA,NA,2,NA
1541,10,58809134,59822946,TRUE,175,3233,0.000348028,0.000105784,0.0121287,0.0158144,TRUE,0.119592,0.119592,FALSE,-1,0.96584,0.749461,2,NA
1542,10,59822947,61470383,TRUE,383,3200,0.000371029,0.000246951,0.0459198,0.00051569,TRUE,0.0818146,0.0818146,FALSE,-0.99934,0.8032,0.811172,2,NA
1543,10,61470384,62626465,TRUE,302,3099,0.00140416,0.000469192,1.47059e-10,4.70524e-11,TRUE,0.538026,0.538026,FALSE,0.28741,0.7824,0.000175611,2,NA
1544,10,62626466,64069687,TRUE,377,3076,0.00136741,0.000404956,9.48136e-09,1.19918e-07,TRUE,0.321343,0.321343,FALSE,0.00253,0.62177,0.0469378,2,NA
1545,10,64069688,65400431,TRUE,272,2904,0.00156212,0.000329302,5.20396e-13,6.44197e-07,TRUE,0.502333,0.502333,FALSE,0.22353,0.77518,0.00126504,2,NA
1546,10,65400432,66510387,TRUE,235,2093,0.000543643,0.000136074,0.00144814,0.00953732,TRUE,0.334073,0.334073,FALSE,-0.41638,1,0.285146,2,NA
1547,10,66510388,67146043,TRUE,129,1872,0.000256629,9.81348e-05,0.0253547,0.0113747,TRUE,0.596926,0.596926,FALSE,-0.22351,1,0.134029,2,NA
1548,10,67146044,67769822,TRUE,157,1980,0.000134018,NA,0.1629,NA,FALSE,NA,NA,NA,NA,NA,NA,1,"BIP"
1549,10,67769823,68623274,TRUE,190,3109,0.000514189,9.07349e-05,0.000918448,0.0357543,TRUE,0.447899,0.447899,FALSE,-0.34901,1,0.203276,2,NA
1550,10,68623275,69904170,TRUE,209,2543,0.000395664,0.000184888,0.00927047,0.000467408,TRUE,0.219082,0.219082,FALSE,-0.573,0.86934,0.465202,2,NA
1551,10,69904171,71050504,TRUE,274,2963,0.000354483,0.000316354,0.0296245,1.02673e-06,TRUE,0.219899,0.219899,FALSE,-0.45796,0.87054,0.4344,2,NA
1552,10,71050505,71672997,TRUE,404,2044,7.13666e-05,0.000152079,0.364573,0.0196261,FALSE,NA,NA,NA,NA,NA,NA,2,NA
1553,10,71672998,72659223,TRUE,431,2863,0.000376916,0.00013894,0.0522591,0.0327218,FALSE,NA,NA,NA,NA,NA,NA,2,NA
1554,10,72659224,73514214,TRUE,470,2370,0.000260716,0.000287887,0.136436,0.00024338,FALSE,NA,NA,NA,NA,NA,NA,2,NA
1555,10,73514215,75694023,TRUE,309,3149,0.000266739,0.000334309,0.0877338,1.18277e-06,FALSE,NA,NA,NA,NA,NA,NA,2,NA
1556,10,75694024,77144961,TRUE,220,2042,0.000468697,0.000203477,0.00371484,0.000269565,TRUE,0.00800709,0.00800709,FALSE,-0.79501,0.54074,0.977,2,NA
1557,10,77144962,78665481,TRUE,378,2604,0.000563707,0.000204664,0.00596673,0.00264812,TRUE,0.337306,0.337306,FALSE,-0.38307,1,0.268613,2,NA
1558,10,78665482,79952996,TRUE,400,2758,0.00115726,0.000182018,8.82985e-07,0.00737472,TRUE,-0.0255188,-0.0255188,FALSE,-0.74773,0.44847,0.915985,2,NA
1559,10,79952997,81190573,TRUE,591,3048,0.00096771,0.000192435,0.000313232,0.0157043,TRUE,-0.183372,-0.183372,FALSE,-1,0.37905,0.531935,2,NA
1560,10,81190574,81763230,TRUE,64,1359,0.000120298,NA,0.0906345,NA,FALSE,NA,NA,NA,NA,NA,NA,1,"BIP"
1561,10,81763231,82378048,TRUE,168,1818,NA,6.81586e-05,NA,0.0726334,FALSE,NA,NA,NA,NA,NA,NA,1,"SCZ"
1562,10,82378049,83596350,TRUE,305,3403,0.000586251,0.000265692,0.00196313,3.99907e-05,TRUE,0.135955,0.135955,FALSE,-0.47624,0.6246,0.582684,2,NA
1563,10,83596351,84679429,TRUE,305,2385,0.00037956,8.18717e-05,0.0281217,0.0967351,FALSE,NA,NA,NA,NA,NA,NA,2,NA
1564,10,84679430,85463484,TRUE,137,2658,0.000363891,8.69824e-05,0.00448039,0.022578,TRUE,0.0800561,0.0800561,FALSE,-1,0.8705,0.827572,2,NA
1565,10,85463485,86459980,TRUE,296,2761,0.000440314,0.000129748,0.0127189,0.0201721,TRUE,0.799136,0.799136,FALSE,0.14924,1,0.033342,2,NA
1566,10,86459981,87287935,TRUE,177,2391,0.000294063,3.58039e-05,0.0276268,0.220579,FALSE,NA,NA,NA,NA,NA,NA,2,NA
1567,10,87287936,88443652,TRUE,332,2844,0.000961895,0.000106262,6.81426e-06,0.0553334,FALSE,NA,NA,NA,NA,NA,NA,2,NA
1568,10,88443653,89971628,TRUE,350,2429,0.000573565,0.000222921,0.00408417,0.000958605,TRUE,0.438364,0.438364,FALSE,-0.14981,1,0.122896,2,NA
1569,10,89971629,91021321,TRUE,331,2326,0.000832677,0.000145799,6.87108e-05,0.0159746,TRUE,0.265299,0.265299,FALSE,-0.40658,0.90885,0.354447,2,NA
1570,10,91021322,91960435,TRUE,244,2417,0.00063693,0.000189808,0.000353306,0.000932326,TRUE,0.46931,0.46931,FALSE,-0.05874,1,0.0704095,2,NA
1571,10,91960436,92911506,TRUE,236,2346,0.000444235,0.000136321,0.00640398,0.00882641,TRUE,0.57781,0.57781,FALSE,-0.11192,1,0.0867281,2,NA
1572,10,92911507,94503299,TRUE,255,2731,0.000440429,0.000105311,0.00888341,0.0375605,TRUE,-0.43234,-0.43234,FALSE,-1,0.31169,0.272224,2,NA
1573,10,94503300,95528160,TRUE,335,2777,0.000507655,0.000185218,0.00809252,0.00354794,TRUE,-0.23196,-0.23196,FALSE,-1,0.35906,0.464726,2,NA
1574,10,95528161,97040172,TRUE,254,2910,NA,0.000161637,NA,0.00361613,FALSE,NA,NA,NA,NA,NA,NA,1,"SCZ"
1575,10,97040173,98005994,TRUE,249,2382,0.000179218,9.29691e-05,0.150693,0.053739,FALSE,NA,NA,NA,NA,NA,NA,2,NA
1576,10,98005995,99367800,TRUE,431,2717,0.000552848,0.000338959,0.00990592,1.72106e-05,TRUE,0.347309,0.347309,FALSE,-0.23288,0.95296,0.186544,2,NA
1577,10,99367801,100337830,TRUE,311,1969,0.000262668,0.000278896,0.0899167,2.52182e-05,FALSE,NA,NA,NA,NA,NA,NA,2,NA
1578,10,100337831,101271451,TRUE,142,1659,0.000353013,5.52436e-05,0.00606265,0.0974648,FALSE,NA,NA,NA,NA,NA,NA,2,NA
1579,10,101271452,102509298,TRUE,286,2411,0.000437801,0.000163817,0.0121203,0.00592434,TRUE,0.558234,0.558234,FALSE,-0.17576,1,0.100699,2,NA
1580,10,102509299,104206837,TRUE,371,2504,0.00112389,0.000293302,8.13946e-07,4.69852e-05,TRUE,0.437339,0.437339,FALSE,0.06613,0.80709,0.0256786,2,NA
1581,10,104206838,106142283,TRUE,384,3530,0.00151516,0.000434934,3.87082e-10,2.01848e-08,TRUE,0.167449,0.167449,FALSE,-0.14616,0.43965,0.26999,2,NA
1582,10,106142284,107877787,TRUE,339,3559,0.000813936,0.000247838,0.000100277,0.000219012,TRUE,0.447847,0.447847,FALSE,-0.00226,0.92077,0.0521812,2,NA
1583,10,107877788,108725997,TRUE,254,2092,0.00020273,0.000124426,0.126366,0.0192247,FALSE,NA,NA,NA,NA,NA,NA,2,NA
1584,10,108725998,109579149,TRUE,227,2368,0.000432709,0.000291344,0.00791929,1.83803e-06,TRUE,0.552097,0.552097,FALSE,0.06101,1,0.0315335,2,NA
1585,10,109579150,110358382,TRUE,202,2145,9.65491e-05,0.000244926,0.260599,9.11299e-06,FALSE,NA,NA,NA,NA,NA,NA,2,NA
1586,10,110358383,112164981,TRUE,340,3538,NA,0.000259858,NA,0.000136589,FALSE,NA,NA,NA,NA,NA,NA,1,"SCZ"
1587,10,112164982,113117615,TRUE,359,2078,0.000706759,0.000143944,0.000768124,0.0199355,TRUE,0.150722,0.150722,FALSE,-0.71603,0.82021,0.63423,2,NA
1588,10,113117616,114255954,TRUE,299,2563,0.000371448,0.000162028,0.0289442,0.005933,TRUE,0.109294,0.109294,FALSE,-1,0.93706,0.76691,2,NA
1589,10,114255955,115588903,TRUE,487,2656,0.000648987,0.000615272,0.00527687,9.4448e-12,TRUE,0.610057,0.610057,FALSE,0.2521,1,0.00285325,2,NA
1590,10,115588904,116845213,TRUE,349,2551,0.000452674,0.000258929,0.0167126,0.000150163,TRUE,0.294584,0.294584,FALSE,-0.40492,0.95129,0.316343,2,NA
1591,10,116845214,118416049,TRUE,323,3060,NA,0.000205242,NA,0.00128676,FALSE,NA,NA,NA,NA,NA,NA,1,"SCZ"
1592,10,118416050,119528730,TRUE,364,2136,0.000123792,0.000260887,0.271119,0.000191116,FALSE,NA,NA,NA,NA,NA,NA,2,NA
1593,10,119528731,120592839,TRUE,377,2528,0.000171499,0.000194353,0.20795,0.00487304,FALSE,NA,NA,NA,NA,NA,NA,2,NA
1594,10,120592840,121874445,TRUE,393,3077,0.0003205,0.000138622,0.0725962,0.0279222,FALSE,NA,NA,NA,NA,NA,NA,2,NA
1595,10,121874446,122803506,TRUE,354,2499,0.000181775,2.91302e-05,0.187201,0.324225,FALSE,NA,NA,NA,NA,NA,NA,2,NA
1596,10,122803507,123856184,TRUE,410,2632,0.000454178,0.000199008,0.0241777,0.00451509,TRUE,-0.194013,-0.194013,FALSE,-1,0.48262,0.579383,2,NA
1597,10,123856185,124894142,TRUE,406,2657,0.000435767,0.000323791,0.0278807,2.40201e-05,TRUE,0.15162,0.15162,FALSE,-0.61895,0.77644,0.60424,2,NA
1598,10,124894143,125798319,TRUE,419,2751,0.000689234,0.000235409,0.00183017,0.00115718,TRUE,0.319404,0.319404,FALSE,-0.31053,0.89788,0.240923,2,NA
1599,10,125798320,126875816,TRUE,407,2660,0.000231165,0.000114749,0.146888,0.0565853,FALSE,NA,NA,NA,NA,NA,NA,2,NA
1600,10,126875817,127997708,TRUE,362,2637,0.0003458,0.000431367,0.0526404,9.57773e-09,FALSE,NA,NA,NA,NA,NA,NA,2,NA
1601,10,127997709,129134738,TRUE,433,2360,0.000683668,0.000176864,0.00221153,0.0110072,TRUE,0.69449,0.69449,FALSE,0.10759,1,0.0267631,2,NA
1602,10,129134739,129831969,TRUE,411,2641,0.000657585,0.000249342,0.00251483,0.000547467,TRUE,0.249132,0.249132,FALSE,-0.38368,0.79222,0.353569,2,NA
1603,10,129831970,130694008,TRUE,493,2474,0.000176704,0.000280179,0.229975,0.000402161,FALSE,NA,NA,NA,NA,NA,NA,2,NA
1604,10,130694009,131694738,TRUE,389,2686,0.000108135,0.000173463,0.3016,0.00867272,FALSE,NA,NA,NA,NA,NA,NA,2,NA
1605,10,131694739,132576793,TRUE,332,2867,0.000427523,0.000281328,0.0190941,3.35471e-05,TRUE,-0.0986564,-0.0986564,FALSE,-1,0.46687,0.730472,2,NA
1606,10,132576794,133111170,TRUE,393,2301,0.000457344,0.000216181,0.0207518,0.0018363,TRUE,0.0616802,0.0616802,FALSE,-0.97644,0.73625,0.851229,2,NA
1607,10,133111171,133818036,TRUE,343,2166,NA,0.000121831,NA,0.0374435,FALSE,NA,NA,NA,NA,NA,NA,1,"SCZ"
1608,10,133818037,134856054,TRUE,498,3298,0.000515917,0.000407688,0.0216887,3.46601e-06,TRUE,-0.0649617,-0.0649617,FALSE,-0.9732,0.46118,0.810025,2,NA
1609,10,134856055,135524372,TRUE,215,1602,NA,0.000122845,NA,0.0145304,FALSE,NA,NA,NA,NA,NA,NA,1,"SCZ"
1610,11,87150,1061399,TRUE,377,2257,0.000439517,2.61026e-05,0.0226928,0.348109,FALSE,NA,NA,NA,NA,NA,NA,2,NA
1611,11,1061400,1857845,TRUE,305,2462,0.000150402,0.000227288,0.212078,0.00046926,FALSE,NA,NA,NA,NA,NA,NA,2,NA
1612,11,1857846,2477449,TRUE,303,1724,0.000235591,4.86189e-05,0.110007,0.220788,FALSE,NA,NA,NA,NA,NA,NA,2,NA
1613,11,2477450,3362508,FALSE,NA,NA,NA,NA,NA,NA,FALSE,NA,NA,NA,NA,NA,NA,NA,NA
1614,11,3362509,4405707,TRUE,245,2127,0.000131281,2.59102e-05,0.217552,0.315086,FALSE,NA,NA,NA,NA,NA,NA,2,NA
1615,11,4405708,4946051,TRUE,260,2042,0.000282404,0.000101638,0.0589811,0.0425688,FALSE,NA,NA,NA,NA,NA,NA,2,NA
1616,11,4946052,5533057,TRUE,213,2155,NA,2.11202e-06,NA,0.470693,FALSE,NA,NA,NA,NA,NA,NA,1,"SCZ"
1617,11,5533058,6180840,TRUE,259,2376,0.000295797,0.000174677,0.0504061,0.00198244,FALSE,NA,NA,NA,NA,NA,NA,2,NA
1618,11,6180841,7191230,TRUE,390,2446,0.000464239,0.000235637,0.0192197,0.000953134,TRUE,0.0497712,0.0497712,FALSE,-0.9949,0.70891,0.875321,2,NA
1619,11,7191231,7915071,TRUE,322,2241,0.000433928,0.000238675,0.0171912,0.000330599,TRUE,0.0987368,0.0987368,FALSE,-0.80253,0.73315,0.74536,2,NA
1620,11,7915072,9080939,TRUE,423,3010,0.000824211,0.000490082,0.00032454,2.38326e-09,TRUE,0.506337,0.506337,FALSE,0.16672,0.89195,0.00764052,2,NA
1621,11,9080940,10370100,TRUE,284,2826,0.00020437,NA,0.134402,NA,FALSE,NA,NA,NA,NA,NA,NA,1,"BIP"
1622,11,10370101,11081299,TRUE,302,1966,0.000266602,9.2884e-05,0.0847838,0.07097,FALSE,NA,NA,NA,NA,NA,NA,2,NA
1623,11,11081300,11632650,TRUE,388,1913,0.000801822,0.000237627,0.00026275,0.000641967,TRUE,0.254223,0.254223,FALSE,-0.3025,0.75035,0.300675,2,NA
1624,11,11632651,12470449,TRUE,435,2370,0.000528915,0.000322195,0.0127845,3.02541e-05,TRUE,-0.464773,-0.464773,FALSE,-1,0.06138,0.0870673,2,NA
1625,11,12470450,13364727,TRUE,320,2154,0.00016491,0.000235385,0.196896,0.000286828,FALSE,NA,NA,NA,NA,NA,NA,2,NA
1626,11,13364728,15126767,TRUE,334,3023,0.000412819,0.00032494,0.0233791,2.82961e-06,TRUE,0.201791,0.201791,FALSE,-0.53608,0.78797,0.465414,2,NA
1627,11,15126768,16383386,TRUE,295,2304,0.000405152,4.22835e-05,0.0196134,0.238494,FALSE,NA,NA,NA,NA,NA,NA,2,NA
1628,11,16383387,17583948,TRUE,283,2383,0.000573612,0.000205254,0.00185938,0.00083109,TRUE,0.43634,0.43634,FALSE,-0.13911,1,0.112715,2,NA
1629,11,17583949,18740267,TRUE,341,2504,0.000688747,0.000319552,0.000753006,5.30274e-06,TRUE,0.432431,0.432431,FALSE,-0.01411,0.87721,0.0542046,2,NA
1630,11,18740268,19780784,TRUE,338,2346,0.000362174,1.98193e-05,0.0397359,0.370442,FALSE,NA,NA,NA,NA,NA,NA,2,NA
1631,11,19780785,20686336,TRUE,456,2411,0.000928389,0.000223958,0.000110856,0.00243808,TRUE,0.0116968,0.0116968,FALSE,-0.70347,0.48768,0.962984,2,NA
1632,11,20686337,21442722,TRUE,354,1909,0.000422181,0.00012038,0.0237004,0.0390679,TRUE,0.739576,0.739576,FALSE,-0.09445,1,0.0803028,2,NA
1633,11,21442723,22368743,TRUE,231,2228,0.000186684,0.000115909,0.133121,0.020026,FALSE,NA,NA,NA,NA,NA,NA,2,NA
1634,11,22368744,23164544,TRUE,177,1798,0.000162334,9.58639e-05,0.13284,0.0252959,FALSE,NA,NA,NA,NA,NA,NA,2,NA
1635,11,23164545,24091272,TRUE,249,2811,0.000252415,0.000305093,0.0758979,7.33135e-07,FALSE,NA,NA,NA,NA,NA,NA,2,NA
1636,11,24091273,24892439,TRUE,271,2646,0.000481115,8.46754e-05,0.00620588,0.077348,FALSE,NA,NA,NA,NA,NA,NA,2,NA
1637,11,24892440,25662918,TRUE,151,2171,0.000397921,6.13809e-05,0.00346422,0.0900031,FALSE,NA,NA,NA,NA,NA,NA,2,NA
1638,11,25662919,26356980,TRUE,185,2817,NA,0.000163952,NA,0.00119837,FALSE,NA,NA,NA,NA,NA,NA,1,"SCZ"
1639,11,26356981,27018307,TRUE,192,2024,NA,0.000224667,NA,2.64534e-05,FALSE,NA,NA,NA,NA,NA,NA,1,"SCZ"
1640,11,27018308,28577718,TRUE,281,2434,0.00115971,0.000121306,2.2307e-08,0.0246024,TRUE,0.0252743,0.0252743,FALSE,-0.75534,0.56476,0.922313,2,NA
1641,11,28577719,29530460,TRUE,188,1904,0.000645121,0.000275111,7.2401e-05,5.45941e-07,TRUE,0.552075,0.552075,FALSE,0.18401,0.95354,0.0079242,2,NA
1642,11,29530461,30570129,TRUE,197,2074,0.000562746,3.21072e-05,0.000457536,0.253815,FALSE,NA,NA,NA,NA,NA,NA,2,NA
1643,11,30570130,32065771,TRUE,227,1881,0.000385428,0.00016696,0.0136642,0.001945,TRUE,-0.225923,-0.225923,FALSE,-1,0.40564,0.490793,2,NA
1644,11,32065772,32830422,TRUE,203,1871,0.00052841,0.000258252,0.000961715,4.46294e-06,TRUE,0.0644755,0.0644755,FALSE,-0.50797,0.51476,0.782724,2,NA
1645,11,32830423,33905327,TRUE,234,2299,NA,0.000158961,NA,0.00314419,FALSE,NA,NA,NA,NA,NA,NA,1,"SCZ"
1646,11,33905328,34672697,TRUE,299,1795,0.00028123,3.23264e-05,0.0720864,0.296218,FALSE,NA,NA,NA,NA,NA,NA,2,NA
1647,11,34672698,35500367,TRUE,229,2314,9.2206e-05,0.000131289,0.281193,0.0100477,FALSE,NA,NA,NA,NA,NA,NA,2,NA
1648,11,35500368,36331189,TRUE,323,1838,0.000403762,4.29907e-05,0.024144,0.246141,FALSE,NA,NA,NA,NA,NA,NA,2,NA
1649,11,36331190,37119024,TRUE,243,1972,0.000211012,7.95054e-05,0.113513,0.0842443,FALSE,NA,NA,NA,NA,NA,NA,2,NA
1650,11,37119025,37953086,TRUE,195,2075,0.000464668,0.000122307,0.00257187,0.00985559,TRUE,0.419236,0.419236,FALSE,-0.32032,1,0.199969,2,NA
1651,11,37953087,39329140,TRUE,199,2607,0.000348552,0.000170373,0.0172884,0.00103323,TRUE,0.184436,0.184436,FALSE,-0.714,0.88594,0.572346,2,NA
1652,11,39329141,40362940,TRUE,281,2171,0.000153699,0.000114417,0.199498,0.0346653,FALSE,NA,NA,NA,NA,NA,NA,2,NA
1653,11,40362941,41603195,TRUE,291,2746,0.000615341,0.000236567,0.00111037,0.00017991,TRUE,0.641374,0.641374,FALSE,0.18171,1,0.0111657,2,NA
1654,11,41603196,42858197,TRUE,237,3574,0.000934203,7.89912e-05,6.31134e-07,0.0802609,FALSE,NA,NA,NA,NA,NA,NA,2,NA
1655,11,42858198,43949377,TRUE,251,2872,0.000546962,0.000268397,0.00170607,9.81607e-06,TRUE,0.491486,0.491486,FALSE,0.01435,1,0.0414446,2,NA
1656,11,43949378,45019559,TRUE,531,2739,0.000271642,0.000341695,0.141645,4.96642e-05,FALSE,NA,NA,NA,NA,NA,NA,2,NA
1657,11,45019560,46316005,TRUE,349,2643,0.00105831,0.000536665,2.02244e-06,3.79074e-12,TRUE,0.490326,0.490326,FALSE,0.19996,0.77435,0.00195658,2,NA
1658,11,46316006,48066366,TRUE,185,2126,0.00102362,0.000250724,6.42196e-09,4.39091e-06,TRUE,0.584968,0.584968,FALSE,0.27039,0.91699,0.00133595,2,NA
1659,11,48066367,48765366,TRUE,54,1672,0.000634351,0.000155003,5.08929e-09,1.83862e-06,TRUE,0.537674,0.537674,FALSE,0.17859,0.86914,0.00748203,2,NA
1660,11,48765367,49386071,TRUE,44,1577,0.000369446,0.000104254,3.52804e-05,0.000165691,TRUE,0.513251,0.513251,FALSE,0.00777,1,0.048955,2,NA
1661,11,49386072,50217008,TRUE,36,1957,0.000348077,2.80397e-05,2.59349e-05,0.0984923,FALSE,NA,NA,NA,NA,NA,NA,2,NA
1662,11,50217009,51098366,TRUE,28,2029,0.00013188,3.03332e-05,0.0215093,0.065007,FALSE,NA,NA,NA,NA,NA,NA,2,NA
1663,11,51098367,51581595,TRUE,23,1573,5.90679e-05,3.36704e-05,0.132506,0.149721,FALSE,NA,NA,NA,NA,NA,NA,2,NA
1664,11,51581596,55477633,TRUE,40,2285,0.000177329,9.55669e-05,0.0118295,0.000302001,TRUE,0.376296,0.376296,FALSE,-0.41468,1,0.268442,2,NA
1665,11,55477634,55947452,TRUE,31,2182,0.000162234,5.81762e-05,0.0101709,0.0055669,TRUE,1,1.04277,FALSE,0.43844,1,0.00959677,2,NA
1666,11,55947453,56623494,TRUE,65,1990,0.00015493,6.85306e-05,0.0480137,0.0137322,TRUE,1,1.06223,FALSE,0.28251,1,0.020928,2,NA
1667,11,56623495,57675986,TRUE,223,1953,0.000834054,0.000193276,3.78465e-06,0.0004353,TRUE,0.0752337,0.0752337,FALSE,-0.47865,0.49869,0.73745,2,NA
1668,11,57675987,58452708,TRUE,96,1906,0.000587503,5.20012e-05,3.04827e-06,0.0713181,FALSE,NA,NA,NA,NA,NA,NA,2,NA
1669,11,58452709,59256232,TRUE,144,1825,0.000407839,7.56097e-05,0.00257729,0.0453042,TRUE,0.628366,0.628366,FALSE,-0.15861,1,0.103375,2,NA
1670,11,59256233,60515105,TRUE,274,2370,0.000851276,0.000228683,1.63674e-05,0.000202486,TRUE,0.232263,0.232263,FALSE,-0.25897,0.65754,0.29584,2,NA
1671,11,60515106,61717117,TRUE,344,1829,0.000739082,0.000412646,0.000387687,2.67926e-08,TRUE,0.39851,0.39851,FALSE,-0.00059,0.79668,0.0465271,2,NA
1672,11,61717118,62800368,TRUE,308,1978,0.000201467,0.000205774,0.146925,0.00107352,FALSE,NA,NA,NA,NA,NA,NA,2,NA
1673,11,62800369,64594822,TRUE,371,2746,0.00082628,0.000441148,0.000152465,8.35191e-09,TRUE,0.479353,0.479353,FALSE,0.12211,0.84929,0.0116931,2,NA
1674,11,64594823,66782661,TRUE,389,3032,0.00156543,0.000484559,1.674e-10,9.94081e-10,TRUE,0.490092,0.490092,FALSE,0.23013,0.74738,0.000754426,2,NA
1675,11,66782662,68000949,TRUE,261,1826,0.000528668,0.000201906,0.00274531,0.000867558,TRUE,0.522115,0.522115,FALSE,-0.02855,1,0.0647353,2,NA
1676,11,68000950,68887344,TRUE,204,1756,0.000674903,0.000162207,7.07144e-05,0.00176178,TRUE,0.569673,0.569673,FALSE,0.08116,1,0.0272161,2,NA
1677,11,68887345,69713996,TRUE,329,1970,0.000283495,0.000252793,0.0797676,0.00015288,FALSE,NA,NA,NA,NA,NA,NA,2,NA
1678,11,69713997,71242834,TRUE,516,3760,0.000764135,0.000297789,0.00178454,0.000280434,TRUE,0.345487,0.345487,FALSE,-0.19087,0.86162,0.175763,2,NA
1679,11,71242835,72875068,TRUE,313,3107,0.000538163,0.000216071,0.00438938,0.000865189,TRUE,0.136662,0.136662,FALSE,-0.64979,0.71579,0.633205,2,NA
1680,11,72875069,74399331,TRUE,301,2902,0.000434823,9.23229e-05,0.0145216,0.073982,FALSE,NA,NA,NA,NA,NA,NA,2,NA
1681,11,74399332,75445253,TRUE,305,1905,0.000101311,0.000206905,0.291432,0.000965127,FALSE,NA,NA,NA,NA,NA,NA,2,NA
1682,11,75445254,76518906,TRUE,358,2206,0.000625625,0.000250003,0.00228402,0.000291984,TRUE,0.317948,0.317948,FALSE,-0.26245,0.87592,0.226176,2,NA
1683,11,76518907,77719870,TRUE,223,2288,0.000125799,3.09249e-05,0.217631,0.275968,FALSE,NA,NA,NA,NA,NA,NA,2,NA
1684,11,77719871,78912252,TRUE,410,2328,0.000491923,0.000382825,0.0167406,9.16505e-07,TRUE,0.277931,0.277931,FALSE,-0.30978,0.89046,0.284146,2,NA
1685,11,78912253,79802286,TRUE,383,2085,0.00103359,0.000366467,6.72828e-06,1.42121e-06,TRUE,0.425462,0.425462,FALSE,0.08025,0.78073,0.0243898,2,NA
1686,11,79802287,80726012,TRUE,358,2283,0.000748418,0.000311151,0.000392205,1.23454e-05,TRUE,0.102458,0.102458,FALSE,-0.45072,0.51206,0.644263,2,NA
1687,11,80726013,81658298,TRUE,297,2857,0.000793773,0.000275125,6.7816e-05,2.53359e-05,TRUE,-0.253015,-0.253015,FALSE,-0.86577,0.15772,0.242213,2,NA
1688,11,81658299,82833181,TRUE,272,3057,0.000434552,0.000254025,0.0111229,4.21816e-05,TRUE,-0.173992,-0.173992,FALSE,-1,0.35754,0.530961,2,NA
1689,11,82833182,83677773,TRUE,208,1827,0.000574223,0.00018659,0.000466243,0.00047595,TRUE,0.0819857,0.0819857,FALSE,-0.59126,0.58907,0.74954,2,NA
1690,11,83677774,84613229,TRUE,255,2002,0.000455691,0.000273321,0.00733374,1.03074e-05,TRUE,0.0860807,0.0860807,FALSE,-0.63229,0.60238,0.74181,2,NA
1691,11,84613230,85869059,TRUE,192,2537,0.000237539,0.000277594,0.0637549,8.72871e-07,FALSE,NA,NA,NA,NA,NA,NA,2,NA
1692,11,85869060,86629333,TRUE,238,2051,0.000201361,9.33426e-05,0.118816,0.0482115,FALSE,NA,NA,NA,NA,NA,NA,2,NA
1693,11,86629334,87676870,TRUE,296,3339,0.000390599,0.00012538,0.0232696,0.0233029,TRUE,0.082771,0.082771,FALSE,-1,0.98415,0.836806,2,NA
1694,11,87676871,88359287,TRUE,199,1843,0.000482322,0.000132259,0.00203889,0.00630152,TRUE,0.319297,0.319297,FALSE,-0.42843,1,0.305114,2,NA
1695,11,88359288,89209738,TRUE,100,1848,0.000234653,0.000169302,0.0232227,2.70348e-05,TRUE,0.152762,0.152762,FALSE,-0.71011,0.83457,0.626723,2,NA
1696,11,89209739,90199932,TRUE,115,1553,0.000354577,9.85137e-05,0.00322111,0.00826147,TRUE,NA,1.30956,TRUE,NA,NA,NA,2,NA
1697,11,90199933,90967061,TRUE,131,1891,0.000453064,0.000159044,0.000662405,0.000236117,TRUE,0.751702,0.751702,FALSE,0.31478,1,0.00478214,2,NA
1698,11,90967062,92209168,TRUE,269,2859,0.0006387,6.54464e-05,0.000552768,0.133395,FALSE,NA,NA,NA,NA,NA,NA,2,NA
1699,11,92209169,93576641,TRUE,327,2698,0.000500862,5.68787e-05,0.00814502,0.187725,FALSE,NA,NA,NA,NA,NA,NA,2,NA
1700,11,93576642,94384535,TRUE,184,1937,0.000538467,0.000113308,0.000524416,0.0133863,TRUE,0.0719183,0.0719183,FALSE,-0.83215,0.72043,0.817811,2,NA
1701,11,94384536,95327210,TRUE,334,1912,0.000226096,0.000286535,0.132499,3.04467e-05,FALSE,NA,NA,NA,NA,NA,NA,2,NA
1702,11,95327211,96150134,TRUE,313,1974,0.000402463,8.77406e-05,0.0235108,0.0857783,FALSE,NA,NA,NA,NA,NA,NA,2,NA
1703,11,96150135,97091671,TRUE,248,1905,0.000341232,9.78442e-05,0.0290718,0.0454369,TRUE,-0.204447,-0.204447,FALSE,-1,0.70465,0.647238,2,NA
1704,11,97091672,98145570,TRUE,326,2963,0.000649446,0.000200282,0.00115234,0.00191246,TRUE,-0.00774454,-0.00774454,FALSE,-0.83315,0.52697,0.977578,2,NA
1705,11,98145571,98929380,TRUE,216,2559,0.000206228,6.98184e-05,0.103166,0.0946242,FALSE,NA,NA,NA,NA,NA,NA,2,NA
1706,11,98929381,99619347,TRUE,210,2452,0.000166759,0.000230349,0.14867,3.61011e-05,FALSE,NA,NA,NA,NA,NA,NA,2,NA
1707,11,99619348,100423901,TRUE,284,1991,NA,0.000191187,NA,0.00135735,FALSE,NA,NA,NA,NA,NA,NA,1,"SCZ"
1708,11,100423902,101152831,TRUE,223,2266,NA,1.1393e-05,NA,0.403511,FALSE,NA,NA,NA,NA,NA,NA,1,"SCZ"
1709,11,101152832,101881252,TRUE,181,2048,0.00026609,0.000218911,0.0415289,2.65744e-05,TRUE,0.0117368,0.0117368,FALSE,-0.98795,0.68383,0.970862,2,NA
1710,11,101881253,102671665,TRUE,291,1852,0.000586855,0.000158014,0.00163936,0.0062743,TRUE,-0.359132,-0.359132,FALSE,-1,0.21898,0.236116,2,NA
1711,11,102671666,103495635,TRUE,203,2558,0.000259931,2.04029e-05,0.0525833,0.332873,FALSE,NA,NA,NA,NA,NA,NA,2,NA
1712,11,103495636,104875270,TRUE,235,3001,0.000623559,7.11214e-05,0.000343229,0.097885,FALSE,NA,NA,NA,NA,NA,NA,2,NA
1713,11,104875271,105932282,TRUE,144,1991,0.000342498,0.000114241,0.00795037,0.00616571,TRUE,0.21633,0.21633,FALSE,-0.75704,1,0.527737,2,NA
1714,11,105932283,107054024,TRUE,278,2335,0.000593188,0.000199733,0.00129374,0.000872444,TRUE,0.539872,0.539872,FALSE,0.02344,1,0.04605,2,NA
1715,11,107054025,107846824,TRUE,196,2319,0.000219832,0.000322497,0.0801095,1.82911e-08,FALSE,NA,NA,NA,NA,NA,NA,2,NA
1716,11,107846825,109891837,TRUE,383,3099,0.000462562,0.0004072,0.0189326,1.01769e-07,TRUE,0.421093,0.421093,FALSE,-0.08965,1,0.0970546,2,NA
1717,11,109891838,111117780,TRUE,314,2609,0.000331472,0.000119377,0.0476416,0.0321893,TRUE,-0.632467,-0.632467,FALSE,-1,0.24,0.159887,2,NA
1718,11,111117781,112755446,TRUE,362,2821,0.000476559,0.000460969,0.0142687,1.75333e-09,TRUE,0.128986,0.128986,FALSE,-0.46485,0.61736,0.583812,2,NA
1719,11,112755447,113889019,TRUE,308,2525,0.00200859,0.000232031,1.14661e-17,0.000319339,TRUE,0.523825,0.523825,FALSE,0.22872,0.87125,0.00184511,2,NA
1720,11,113889020,114742317,TRUE,306,1854,0.000500572,0.000168382,0.0066403,0.00493459,TRUE,0.525195,0.525195,FALSE,-0.12321,1,0.10272,2,NA
1721,11,114742318,116247377,TRUE,515,3050,0.000935739,0.000343326,0.000217271,4.49091e-05,TRUE,-0.189273,-0.189273,FALSE,-0.82921,0.23555,0.38981,2,NA
1722,11,116247378,117295641,TRUE,366,2834,0.000501395,0.000312442,0.0107091,1.19916e-05,TRUE,0.514398,0.514398,FALSE,0.00134,1,0.0516622,2,NA
1723,11,117295642,118901213,TRUE,581,3669,0.00114501,0.000184808,2.74872e-05,0.019406,TRUE,0.379078,0.379078,FALSE,-0.22273,1,0.172378,2,NA
1724,11,118901214,120064528,TRUE,404,2345,0.000512999,0.000421118,0.0124247,6.12482e-08,TRUE,0.529866,0.529866,FALSE,0.08225,1,0.0286327,2,NA
1725,11,120064529,121208186,TRUE,405,2289,NA,0.000246817,NA,0.000592851,FALSE,NA,NA,NA,NA,NA,NA,1,"SCZ"
1726,11,121208187,122589224,TRUE,410,2689,0.000445276,0.00027695,0.0257791,0.000162602,TRUE,0.502346,0.502346,FALSE,-0.12252,1,0.0993332,2,NA
1727,11,122589225,123398882,TRUE,389,2112,0.000826014,6.08016e-05,0.000195638,0.191076,FALSE,NA,NA,NA,NA,NA,NA,2,NA
1728,11,123398883,124403477,TRUE,253,2944,0.00101463,0.000108444,1.7904e-07,0.0321558,TRUE,0.0952874,0.0952874,FALSE,-0.67424,0.69086,0.73095,2,NA
1729,11,124403478,125266684,TRUE,391,1901,0.00135806,0.000224655,1.54628e-08,0.00126362,TRUE,0.373164,0.373164,FALSE,-0.03797,0.78868,0.0722602,2,NA
1730,11,125266685,126304240,TRUE,330,2602,0.000872376,0.000519464,3.14929e-05,3.78507e-12,TRUE,0.0401441,0.0401441,FALSE,-0.34485,0.35471,0.811474,2,NA
1731,11,126304241,127306871,TRUE,427,2641,0.00083718,0.000335962,0.000281717,1.50709e-05,TRUE,0.401205,0.401205,FALSE,-0.03077,0.85413,0.0661299,2,NA
1732,11,127306872,128262550,TRUE,290,2312,0.000529996,0.000338782,0.00374479,3.39054e-07,TRUE,-0.1098,-0.1098,FALSE,-0.81433,0.34086,0.636684,2,NA
1733,11,128262551,129451784,TRUE,463,2588,0.000186595,0.000135795,0.214197,0.0425531,FALSE,NA,NA,NA,NA,NA,NA,2,NA
1734,11,129451785,130500783,TRUE,406,2514,0.00115841,0.000204201,1.27748e-06,0.00452381,TRUE,0.157601,0.157601,FALSE,-0.41138,0.63574,0.504918,2,NA
1735,11,130500784,131424361,TRUE,461,2236,0.000985665,0.000194991,5.34565e-05,0.00730427,TRUE,0.542348,0.542348,FALSE,0.0539,1,0.0404256,2,NA
1736,11,131424362,132584401,TRUE,524,2819,0.00158043,0.000289905,8.01745e-09,0.000407387,TRUE,0.335317,0.335317,FALSE,-0.05106,0.71258,0.0803302,2,NA
1737,11,132584402,133521642,TRUE,510,2414,0.000786005,0.000288814,0.0012771,0.000367979,TRUE,0.530617,0.530617,FALSE,0.0331,1,0.0363215,2,NA
1738,11,133521643,134351064,TRUE,416,1877,0.00143528,0.000484276,7.41791e-09,2.04259e-09,TRUE,0.411261,0.411261,FALSE,0.13012,0.68031,0.00666463,2,NA
1739,11,134351065,134946450,TRUE,305,2371,0.000474174,0.000169548,0.009044,0.00454597,TRUE,0.770999,0.770999,FALSE,0.19387,1,0.0184831,2,NA
1740,12,60317,1078397,TRUE,356,2095,0.00046708,0.000333916,0.0149365,4.25132e-06,TRUE,0.600816,0.600816,FALSE,0.1151,1,0.0238813,2,NA
1741,12,1078398,1942426,TRUE,348,2287,0.000573277,NA,0.00386931,NA,FALSE,NA,NA,NA,NA,NA,NA,1,"BIP"
1742,12,1942427,3069506,TRUE,454,2478,0.00124843,0.000371528,6.0475e-07,3.47832e-06,TRUE,0.477237,0.477237,FALSE,0.13262,0.82495,0.00830542,2,NA
1743,12,3069507,3871114,TRUE,437,2292,0.000140623,0.000363519,0.26454,4.05387e-06,FALSE,NA,NA,NA,NA,NA,NA,2,NA
1744,12,3871115,4967643,TRUE,472,2341,0.000184385,0.000258926,0.215604,0.000696951,FALSE,NA,NA,NA,NA,NA,NA,2,NA
1745,12,4967644,6023700,TRUE,450,2442,0.000545112,0.000116503,0.0119675,0.0633122,FALSE,NA,NA,NA,NA,NA,NA,2,NA
1746,12,6023701,6948954,TRUE,359,2009,0.000456932,0.000141884,0.0170902,0.0211062,TRUE,-0.123147,-0.123147,FALSE,-1,0.62496,0.747523,2,NA
1747,12,6948955,8123317,TRUE,346,2439,0.000584994,0.000268069,0.00322336,8.46724e-05,TRUE,0.0354362,0.0354362,FALSE,-0.68547,0.52114,0.890915,2,NA
1748,12,8123318,8760628,TRUE,134,1004,1.18954e-05,NA,0.446563,NA,FALSE,NA,NA,NA,NA,NA,NA,1,"BIP"
1749,12,8760629,10176713,TRUE,385,3004,0.000580569,0.000272723,0.00500937,0.000137958,TRUE,-0.250606,-0.250606,FALSE,-1,0.26291,0.348382,2,NA
1750,12,10176714,10946140,TRUE,206,1808,0.000201072,0.000122552,0.102713,0.0108465,FALSE,NA,NA,NA,NA,NA,NA,2,NA
1751,12,10946141,11742149,TRUE,148,1973,0.000140988,0.000142702,0.149619,0.0023117,FALSE,NA,NA,NA,NA,NA,NA,2,NA
1752,12,11742150,12721874,TRUE,380,2157,0.000491484,0.000265346,0.013644,0.000220721,TRUE,0.0221453,0.0221453,FALSE,-0.90826,0.60119,0.939615,2,NA
1753,12,12721875,13559527,TRUE,338,1709,0.000276951,0.000164212,0.0873612,0.00825728,FALSE,NA,NA,NA,NA,NA,NA,2,NA
1754,12,13559528,14656849,TRUE,368,2765,0.00107344,0.000270498,2.02026e-06,0.000120912,TRUE,0.509255,0.509255,FALSE,0.131,0.91739,0.0136057,2,NA
1755,12,14656850,16136742,TRUE,354,2322,0.000639875,0.000255884,0.00179678,0.000199881,TRUE,0.000389479,0.000389479,FALSE,-0.75594,0.48046,0.998784,2,NA
1756,12,16136743,17374895,TRUE,335,1986,0.000109992,5.30866e-06,0.285068,0.45722,FALSE,NA,NA,NA,NA,NA,NA,2,NA
1757,12,17374896,18470023,TRUE,244,2768,0.000659134,0.000258032,0.000222325,1.42858e-05,TRUE,0.273251,0.273251,FALSE,-0.21337,0.69671,0.222592,2,NA
1758,12,18470024,19532765,TRUE,292,2519,0.000595175,0.000352394,0.00157869,2.00475e-07,TRUE,0.198476,0.198476,FALSE,-0.3098,0.63305,0.369913,2,NA
1759,12,19532766,20074930,TRUE,184,2031,0.000101704,0.000192042,0.241192,0.000186826,FALSE,NA,NA,NA,NA,NA,NA,2,NA
1760,12,20074931,20866285,TRUE,324,2000,0.000499368,0.000121966,0.0080219,0.0330149,TRUE,0.447303,0.447303,FALSE,-0.48852,1,0.239106,2,NA
1761,12,20866286,21572252,TRUE,147,2210,2.79552e-05,NA,0.401817,NA,FALSE,NA,NA,NA,NA,NA,NA,1,"BIP"
1762,12,21572253,22928055,TRUE,337,2587,0.000359469,0.000106543,0.0422236,0.0576784,FALSE,NA,NA,NA,NA,NA,NA,2,NA
1763,12,22928056,23923798,TRUE,376,1942,0.00156356,0.00029994,8.90349e-11,3.04454e-05,TRUE,0.386344,0.386344,FALSE,0.05584,0.717,0.0250865,2,NA
1764,12,23923799,25058714,TRUE,465,2814,0.000525822,0.000247653,0.0156848,0.00109428,TRUE,0.493677,0.493677,FALSE,-0.1671,1,0.112701,2,NA
1765,12,25058715,25990813,TRUE,332,2522,0.000498028,8.29567e-05,0.00869259,0.101581,FALSE,NA,NA,NA,NA,NA,NA,2,NA
1766,12,25990814,26958056,TRUE,315,2672,0.000527065,0.00033797,0.0050359,7.3274e-07,TRUE,0.729712,0.729712,FALSE,0.32596,1,0.00247425,2,NA
1767,12,26958057,27797262,TRUE,204,2136,2.36079e-06,0.00015702,0.480809,0.00199996,FALSE,NA,NA,NA,NA,NA,NA,2,NA
1768,12,27797263,28753585,TRUE,267,2138,0.00014493,9.21596e-05,0.207629,0.0612485,FALSE,NA,NA,NA,NA,NA,NA,2,NA
1769,12,28753586,29647193,TRUE,184,2471,1.40605e-05,6.58697e-05,0.448698,0.0889001,FALSE,NA,NA,NA,NA,NA,NA,2,NA
1770,12,29647194,30358377,TRUE,293,2231,0.000888985,0.000224096,1.03666e-05,0.000319274,TRUE,0.601315,0.601315,FALSE,0.19639,1,0.00693149,2,NA
1771,12,30358378,31067298,TRUE,175,2345,0.00057712,0.000138347,0.00018464,0.00344722,TRUE,0.157947,0.157947,FALSE,-0.5568,0.7069,0.567359,2,NA
1772,12,31067299,31797152,TRUE,203,1807,NA,8.75969e-05,NA,0.0500502,FALSE,NA,NA,NA,NA,NA,NA,1,"SCZ"
1773,12,31797153,32368905,TRUE,240,1988,0.000124025,5.40542e-05,0.22737,0.161111,FALSE,NA,NA,NA,NA,NA,NA,2,NA
1774,12,32368906,33076722,TRUE,212,2172,0.000232854,0.000157298,0.076276,0.00235421,FALSE,NA,NA,NA,NA,NA,NA,2,NA
1775,12,33076723,34340495,TRUE,114,3306,0.000269168,0.000156288,0.0155277,0.000164105,TRUE,0.165021,0.165021,FALSE,-0.66962,0.84565,0.598914,2,NA
1776,12,34340496,38108284,TRUE,38,1742,NA,2.05147e-05,NA,0.18516,FALSE,NA,NA,NA,NA,NA,NA,1,"SCZ"
1777,12,38108285,38746760,TRUE,46,1723,0.000133536,1.07118e-05,0.0487375,0.31396,FALSE,NA,NA,NA,NA,NA,NA,2,NA
1778,12,38746761,40017396,TRUE,136,2402,0.000275096,0.000144371,0.0216916,0.000990741,TRUE,1,1.02547,FALSE,0.48298,1,0.00296783,2,NA
1779,12,40017397,41198229,TRUE,226,3058,0.000135029,0.000159049,0.202863,0.00253467,FALSE,NA,NA,NA,NA,NA,NA,2,NA
1780,12,41198230,42117736,TRUE,162,2433,0.000430887,0.00014568,0.00234661,0.00173997,TRUE,-0.0765657,-0.0765657,FALSE,-1,0.49787,0.796063,2,NA
1781,12,42117737,43072679,TRUE,193,2093,0.000473019,9.77486e-05,0.00207159,0.0291271,TRUE,-0.354411,-0.354411,FALSE,-1,0.3218,0.318114,2,NA
1782,12,43072680,43980531,TRUE,211,2452,0.000233993,7.17902e-05,0.0750963,0.0873062,FALSE,NA,NA,NA,NA,NA,NA,2,NA
1783,12,43980532,44923825,TRUE,166,1836,NA,0.000159748,NA,0.000785965,FALSE,NA,NA,NA,NA,NA,NA,1,"SCZ"
1784,12,44923826,46037744,TRUE,210,2144,0.00012359,4.82714e-05,0.221438,0.174683,FALSE,NA,NA,NA,NA,NA,NA,2,NA
1785,12,46037745,47499603,TRUE,289,2539,0.000225191,0.000146742,0.116065,0.0118224,FALSE,NA,NA,NA,NA,NA,NA,2,NA
1786,12,47499604,48227035,TRUE,275,2071,0.000385694,0.000366709,0.020647,3.09567e-08,TRUE,0.376863,0.376863,FALSE,-0.15488,1,0.142265,2,NA
1787,12,48227036,48960265,TRUE,149,1899,0.000559157,8.11507e-05,0.000104434,0.0357023,TRUE,0.460467,0.460467,FALSE,-0.23888,1,0.16352,2,NA
1788,12,48960266,50344346,TRUE,268,2152,0.00115777,0.00018123,1.79919e-08,0.00207035,TRUE,0.194077,0.194077,FALSE,-0.29451,0.60048,0.374385,2,NA
1789,12,50344347,51769419,TRUE,166,2316,0.000287441,2.75302e-05,0.0260393,0.265393,FALSE,NA,NA,NA,NA,NA,NA,2,NA
1790,12,51769420,53039987,TRUE,453,3178,0.000452168,0.000327309,0.0297915,3.02955e-05,TRUE,0.26987,0.26987,FALSE,-0.47212,0.95105,0.359436,2,NA
1791,12,53039988,54371448,TRUE,348,2804,0.000733214,0.000368781,0.000429685,3.44798e-07,TRUE,-0.134793,-0.134793,FALSE,-0.72048,0.26109,0.516885,2,NA
1792,12,54371449,55416802,TRUE,347,2062,0.000354856,0.000277155,0.0458789,7.70464e-05,TRUE,0.079322,0.079322,FALSE,-0.94341,0.75834,0.805627,2,NA
1793,12,55416803,56987105,TRUE,301,2268,0.000360377,0.000152179,0.0334988,0.00967321,TRUE,-0.0188003,-0.0188003,FALSE,-1,0.80785,0.961229,2,NA
1794,12,56987106,58748139,TRUE,321,2558,0.00135998,0.000271334,1.11888e-09,4.824e-05,TRUE,0.357202,0.357202,FALSE,0.00613,0.68886,0.0481246,2,NA
1795,12,58748140,60000363,TRUE,249,2800,NA,3.51206e-05,NA,0.260948,FALSE,NA,NA,NA,NA,NA,NA,1,"SCZ"
1796,12,60000364,61737953,TRUE,213,3727,0.000376953,0.000158715,0.0137745,0.00370125,TRUE,-0.152603,-0.152603,FALSE,-1,0.51353,0.65233,2,NA
1797,12,61737954,63055936,TRUE,293,2909,8.83892e-05,0.000159871,0.310887,0.00625007,FALSE,NA,NA,NA,NA,NA,NA,2,NA
1798,12,63055937,63764111,TRUE,244,1759,0.000153106,NA,0.184424,NA,FALSE,NA,NA,NA,NA,NA,NA,1,"BIP"
1799,12,63764112,64403857,TRUE,135,1572,0.00030571,7.59578e-05,0.0125292,0.039464,TRUE,0.694713,0.694713,FALSE,-0.17131,1,0.0987096,2,NA
1800,12,64403858,66114643,TRUE,390,2465,0.000409666,0.000327712,0.0331137,1.10406e-05,TRUE,0.2541,0.2541,FALSE,-0.45011,0.94327,0.385373,2,NA
1801,12,66114644,67183620,TRUE,304,2078,0.000341362,0.000160863,0.0409403,0.00704263,TRUE,-0.380068,-0.380068,FALSE,-1,0.38327,0.32665,2,NA
1802,12,67183621,68006682,TRUE,250,2028,0.000471488,0.000234708,0.00520001,7.58594e-05,TRUE,-0.093241,-0.093241,FALSE,-0.90882,0.4346,0.728709,2,NA
1803,12,68006683,68839661,TRUE,264,1865,0.000110641,0.000206977,0.26145,0.000477528,FALSE,NA,NA,NA,NA,NA,NA,2,NA
1804,12,68839662,70097805,TRUE,426,3069,0.000771194,0.00028488,0.000777681,0.000184032,TRUE,0.338603,0.338603,FALSE,-0.19445,0.8429,0.164546,2,NA
1805,12,70097806,71177961,TRUE,266,2951,0.000619495,0.000230032,0.000673464,0.000148254,TRUE,0.718734,0.718734,FALSE,0.30816,1,0.00385868,2,NA
1806,12,71177962,71948185,TRUE,188,1882,0.000386282,0.000137876,0.00823739,0.00447391,TRUE,0.262807,0.262807,FALSE,-0.64304,1,0.429099,2,NA
1807,12,71948186,73154515,TRUE,231,2032,0.000672938,0.000168608,0.000131034,0.0023838,TRUE,0.497371,0.497371,FALSE,-0.00376,1,0.0578571,2,NA
1808,12,73154516,74080747,TRUE,143,2295,0.000307753,3.19241e-05,0.013687,0.219423,FALSE,NA,NA,NA,NA,NA,NA,2,NA
1809,12,74080748,75563968,TRUE,214,3172,0.000625286,9.01314e-05,0.00019764,0.0450536,TRUE,0.406535,0.406535,FALSE,-0.38751,1,0.23066,2,NA
1810,12,75563969,76524573,TRUE,306,1967,0.000380567,0.000227421,0.0274072,0.000319571,TRUE,0.639554,0.639554,FALSE,0.04658,1,0.0451526,2,NA
1811,12,76524574,77800463,TRUE,355,2985,0.000768107,0.000418529,0.000299956,3.52284e-08,TRUE,0.140255,0.140255,FALSE,-0.32013,0.49883,0.47886,2,NA
1812,12,77800464,79315178,TRUE,472,3382,0.000957475,0.000313619,9.37956e-05,8.90257e-05,TRUE,0.479714,0.479714,FALSE,0.05434,0.92804,0.0291713,2,NA
1813,12,79315179,80952472,TRUE,258,2480,0.000474436,0.000281547,0.00583063,8.1578e-06,TRUE,0.608319,0.608319,FALSE,0.13797,1,0.0177252,2,NA
1814,12,80952473,81843890,TRUE,164,1869,0.000389485,6.69246e-05,0.00492281,0.0731103,FALSE,NA,NA,NA,NA,NA,NA,2,NA
1815,12,81843891,82576129,TRUE,143,1841,0.000414182,0.00012836,0.00200666,0.00283742,TRUE,-0.338366,-0.338366,FALSE,-1,0.26229,0.266034,2,NA
1816,12,82576130,83551125,TRUE,202,1900,0.000236302,0.000137836,0.0690992,0.0057823,FALSE,NA,NA,NA,NA,NA,NA,2,NA
1817,12,83551126,84356775,TRUE,111,2334,0.000325809,0.00016189,0.00574639,0.000123565,TRUE,0.959343,0.959343,FALSE,0.52963,1,0.00111682,2,NA
1818,12,84356776,85345631,TRUE,141,2159,0.000279338,1.57559e-05,0.0210266,0.340487,FALSE,NA,NA,NA,NA,NA,NA,2,NA
1819,12,85345632,86933476,TRUE,171,3124,0.000166546,9.74631e-05,0.126439,0.0228131,FALSE,NA,NA,NA,NA,NA,NA,2,NA
1820,12,86933477,88344764,TRUE,172,3178,0.000169392,0.000166629,0.122903,0.000631194,FALSE,NA,NA,NA,NA,NA,NA,2,NA
1821,12,88344765,90567001,TRUE,337,3167,0.00113526,0.00020303,2.81167e-07,0.00184122,TRUE,0.0722131,0.0722131,FALSE,-0.4949,0.49535,0.744388,2,NA
1822,12,90567002,92061179,TRUE,281,2998,0.000366313,0.000167477,0.0272829,0.0037836,TRUE,-0.219063,-0.219063,FALSE,-1,0.47899,0.538767,2,NA
1823,12,92061180,93487547,TRUE,398,3254,0.000244092,0.000250755,0.13311,0.000470886,FALSE,NA,NA,NA,NA,NA,NA,2,NA
1824,12,93487548,94385884,TRUE,320,1937,NA,0.000122151,NA,0.0319211,FALSE,NA,NA,NA,NA,NA,NA,1,"SCZ"
1825,12,94385885,95147845,TRUE,376,2102,0.0002811,0.000358728,0.0951474,1.33497e-06,FALSE,NA,NA,NA,NA,NA,NA,2,NA
1826,12,95147846,96017782,TRUE,245,2748,0.00044348,0.000127121,0.00720307,0.0140841,TRUE,-0.0420104,-0.0420104,FALSE,-1,0.67347,0.904942,2,NA
1827,12,96017783,96828314,TRUE,306,2009,0.000413313,0.000224944,0.0189979,0.000399446,TRUE,0.680646,0.680646,FALSE,0.10608,1,0.0287341,2,NA
1828,12,96828315,97814021,TRUE,278,2558,0.000246465,4.34468e-05,0.0917643,0.226065,FALSE,NA,NA,NA,NA,NA,NA,2,NA
1829,12,97814022,99244337,TRUE,427,2960,0.000392015,0.00027503,0.0456588,0.000236274,TRUE,0.342507,0.342507,FALSE,-0.45647,1,0.300178,2,NA
1830,12,99244338,100931423,TRUE,390,3157,0.00113936,0.000399689,1.21235e-06,2.45947e-07,TRUE,0.0998603,0.0998603,FALSE,-0.29347,0.4153,0.569567,2,NA
1831,12,100931424,101825061,TRUE,300,2010,0.000810363,0.000116005,5.51935e-05,0.0359474,TRUE,0.482715,0.482715,FALSE,-0.16258,1,0.122154,2,NA
1832,12,101825062,102966633,TRUE,310,2467,0.000396085,0.000128612,0.0253523,0.0245994,TRUE,-0.573718,-0.573718,FALSE,-1,0.19917,0.157425,2,NA
1833,12,102966634,104140831,TRUE,352,2602,0.00114076,0.000121052,3.58797e-07,0.0388246,TRUE,0.195547,0.195547,FALSE,-0.52332,0.82968,0.486901,2,NA
1834,12,104140832,105079100,TRUE,321,2784,0.000996715,0.000170163,2.49742e-06,0.00545037,TRUE,-0.446952,-0.446952,FALSE,-1,0.02543,0.0694174,2,NA
1835,12,105079101,106153787,TRUE,291,2665,0.000790532,0.000160583,6.61463e-05,0.00618063,TRUE,0.267067,0.267067,FALSE,-0.37832,0.84764,0.320899,2,NA
1836,12,106153788,106964977,TRUE,291,1794,0.000359787,0.000231968,0.0317664,0.000217608,TRUE,-0.387026,-0.387026,FALSE,-1,0.23061,0.227933,2,NA
1837,12,106964978,108183188,TRUE,280,2496,0.000408771,0.000231839,0.0169722,0.000196164,TRUE,-0.065996,-0.065996,FALSE,-1,0.51598,0.825974,2,NA
1838,12,108183189,109031819,TRUE,252,2198,0.00043228,0.000195689,0.00945292,0.000749269,TRUE,-0.0805474,-0.0805474,FALSE,-1,0.51004,0.790319,2,NA
1839,12,109031820,110111514,TRUE,266,2217,0.000846974,0.000171619,1.06228e-05,0.00276773,TRUE,0.325809,0.325809,FALSE,-0.21428,0.84627,0.186202,2,NA
1840,12,110111515,111592381,TRUE,199,1895,0.00104657,0.000156373,8.90928e-09,0.00205573,TRUE,0.292358,0.292358,FALSE,-0.16961,0.73097,0.183828,2,NA
1841,12,111592382,113947983,TRUE,360,3162,0.00113306,0.000278778,6.18909e-07,8.42896e-05,TRUE,-0.0108459,-0.0108459,FALSE,-0.50217,0.36405,0.956461,2,NA
1842,12,113947984,114685670,TRUE,281,2271,0.000407122,0.00017197,0.0170107,0.00342736,TRUE,-0.698294,-0.698294,FALSE,-1,-0.05161,0.0401181,2,NA
1843,12,114685671,115439451,TRUE,297,1916,0.000494896,0.000214392,0.00644365,0.000527313,TRUE,-0.013895,-0.013895,FALSE,-0.91603,0.53953,0.961489,2,NA
1844,12,115439452,116197675,TRUE,360,2050,0.000680866,0.00011116,0.00116889,0.0550713,FALSE,NA,NA,NA,NA,NA,NA,2,NA
1845,12,116197676,117091843,TRUE,370,2080,0.000659178,0.000387417,0.00172199,2.20951e-07,TRUE,0.0769595,0.0769595,FALSE,-0.48816,0.4838,0.725383,2,NA
1846,12,117091844,118256124,TRUE,445,2653,0.000443009,0.000314996,0.0333115,5.86757e-05,TRUE,0.196856,0.196856,FALSE,-0.61174,0.86659,0.517173,2,NA
1847,12,118256125,119301061,TRUE,312,2402,0.000454519,0.000293726,0.0122541,1.13148e-05,TRUE,0.0480838,0.0480838,FALSE,-0.69522,0.57811,0.857824,2,NA
1848,12,119301062,120567740,TRUE,400,2730,0.00093329,0.00021609,4.37171e-05,0.00189928,TRUE,-0.250615,-0.250615,FALSE,-1,0.21875,0.305122,2,NA
1849,12,120567741,121817509,TRUE,286,2986,0.000836678,0.000514617,2.12001e-05,8.40804e-13,TRUE,0.307374,0.307374,FALSE,-0.02425,0.61182,0.0647264,2,NA
1850,12,121817510,123396634,TRUE,267,2624,0.000748839,0.00012993,7.41938e-05,0.0170693,TRUE,0.157373,0.157373,FALSE,-0.64781,0.7608,0.59078,2,NA
1851,12,123396635,124843768,TRUE,329,2979,0.000983728,0.00031442,4.77196e-06,5.9871e-06,TRUE,0.640068,0.640068,FALSE,0.29988,1,0.00105302,2,NA
1852,12,124843769,126079935,TRUE,597,3124,0.000713579,0.000418445,0.00517516,4.75959e-06,TRUE,0.462116,0.462116,FALSE,-0.01389,1,0.0540471,2,NA
1853,12,126079936,126871452,TRUE,274,2128,0.000586858,0.000311202,0.00127402,1.13404e-06,TRUE,0.597101,0.597101,FALSE,0.19527,1,0.00848022,2,NA
1854,12,126871453,127545377,TRUE,233,1885,0.000259162,0.000225759,0.0650932,8.38275e-05,FALSE,NA,NA,NA,NA,NA,NA,2,NA
1855,12,127545378,128372588,TRUE,395,2169,0.000145275,0.000121656,0.247816,0.0472675,FALSE,NA,NA,NA,NA,NA,NA,2,NA
1856,12,128372589,129170296,TRUE,427,2181,1.30491e-05,0.000257841,0.467827,0.000474498,FALSE,NA,NA,NA,NA,NA,NA,2,NA
1857,12,129170297,129887418,TRUE,466,2288,NA,0.000101629,NA,0.0970887,FALSE,NA,NA,NA,NA,NA,NA,1,"SCZ"
1858,12,129887419,130629840,TRUE,421,2141,NA,0.000158609,NA,0.0204662,FALSE,NA,NA,NA,NA,NA,NA,1,"SCZ"
1859,12,130629841,131404042,TRUE,424,2384,NA,0.000230001,NA,0.00152243,FALSE,NA,NA,NA,NA,NA,NA,1,"SCZ"
1860,12,131404043,132012316,TRUE,258,1858,0.000327796,0.00014704,0.0371559,0.00797472,TRUE,0.0979461,0.0979461,FALSE,-1,0.94279,0.801455,2,NA
1861,12,132012317,132957945,TRUE,336,1908,0.000237094,0.000156122,0.121256,0.0114918,FALSE,NA,NA,NA,NA,NA,NA,2,NA
1862,12,132957946,133841814,TRUE,238,2109,NA,2.66229e-05,NA,0.308946,FALSE,NA,NA,NA,NA,NA,NA,1,"SCZ"
1863,13,19020095,19648628,TRUE,108,1114,9.43512e-05,0.00011828,0.200442,0.00235448,FALSE,NA,NA,NA,NA,NA,NA,2,NA
1864,13,19648629,20491181,TRUE,146,2592,0.000302107,5.53979e-05,0.0155777,0.101329,FALSE,NA,NA,NA,NA,NA,NA,2,NA
1865,13,20491182,21540733,TRUE,338,2556,4.35759e-05,0.000139068,0.405028,0.0226197,FALSE,NA,NA,NA,NA,NA,NA,2,NA
1866,13,21540734,22795188,TRUE,523,3049,NA,0.000178163,NA,0.016334,FALSE,NA,NA,NA,NA,NA,NA,1,"SCZ"
1867,13,22795189,23729049,TRUE,470,3110,0.000589076,0.000115295,0.00845902,0.0688048,FALSE,NA,NA,NA,NA,NA,NA,2,NA
1868,13,23729050,24818333,TRUE,483,3608,0.000307512,0.00013685,0.101988,0.0418652,FALSE,NA,NA,NA,NA,NA,NA,2,NA
1869,13,24818334,25977140,TRUE,355,3145,0.000434151,4.04967e-05,0.020868,0.265655,FALSE,NA,NA,NA,NA,NA,NA,2,NA
1870,13,25977141,26681709,TRUE,216,1871,0.000292747,8.65644e-05,0.0394138,0.0523884,FALSE,NA,NA,NA,NA,NA,NA,2,NA
1871,13,26681710,27392005,TRUE,206,1916,0.000506643,0.000183244,0.00174749,0.000665955,TRUE,-0.0944411,-0.0944411,FALSE,-0.93785,0.43788,0.732271,2,NA
1872,13,27392006,28587125,TRUE,472,3477,0.000232444,0.000155414,0.165561,0.0254034,FALSE,NA,NA,NA,NA,NA,NA,2,NA
1873,13,28587126,30068525,TRUE,459,3328,0.00099655,0.000321607,4.4116e-05,4.29719e-05,TRUE,0.0327925,0.0327925,FALSE,-0.48958,0.42522,0.876275,2,NA
1874,13,30068526,31433218,TRUE,519,3571,0.000526722,0.000525301,0.0203361,2.89692e-09,TRUE,-0.0260844,-0.0260844,FALSE,-0.74206,0.43852,0.913277,2,NA
1875,13,31433219,32986686,TRUE,460,3489,0.000479742,0.000222645,0.0234684,0.00262216,TRUE,-0.0461241,-0.0461241,FALSE,-1,0.61154,0.8912,2,NA
1876,13,32986687,34722391,TRUE,424,3253,8.71717e-05,0.000366162,0.342575,2.58545e-06,FALSE,NA,NA,NA,NA,NA,NA,2,NA
1877,13,34722392,35744568,TRUE,276,2112,0.000329118,0.000107885,0.040121,0.0396938,TRUE,0.202616,0.202616,FALSE,-1,1,0.655964,2,NA
1878,13,35744569,36579413,TRUE,248,2051,0.000141098,6.12731e-05,0.202855,0.135526,FALSE,NA,NA,NA,NA,NA,NA,2,NA
1879,13,36579414,37499810,TRUE,231,1906,0.000209817,0.000133272,0.105918,0.00951095,FALSE,NA,NA,NA,NA,NA,NA,2,NA
1880,13,37499811,38290689,TRUE,159,2071,0.000400442,5.20742e-05,0.00386653,0.123788,FALSE,NA,NA,NA,NA,NA,NA,2,NA
1881,13,38290690,39381743,TRUE,242,2187,0.00132636,0.000208604,3.79839e-11,0.000258923,TRUE,0.530608,0.530608,FALSE,0.19736,0.92284,0.00492752,2,NA
1882,13,39381744,40091623,TRUE,194,2199,0.000583597,9.17263e-05,0.000260087,0.035344,TRUE,0.681955,0.681955,FALSE,0.05191,1,0.0422246,2,NA
1883,13,40091624,41003943,TRUE,359,2123,0.00087011,0.000300418,5.96737e-05,2.27193e-05,TRUE,0.422073,0.422073,FALSE,0.00481,0.82874,0.0480182,2,NA
1884,13,41003944,42037054,TRUE,237,1698,0.000740644,0.000194166,4.65228e-05,0.000719732,TRUE,0.0256773,0.0256773,FALSE,-0.61809,0.482,0.915423,2,NA
1885,13,42037055,42950157,TRUE,228,2110,0.00043293,0.00010309,0.00704941,0.0356033,TRUE,-0.0310268,-0.0310268,FALSE,-1,0.78851,0.936136,2,NA
1886,13,42950158,43931931,TRUE,315,2067,0.000449429,9.07919e-05,0.0137973,0.0792354,FALSE,NA,NA,NA,NA,NA,NA,2,NA
1887,13,43931932,45476446,TRUE,387,3046,0.000970757,0.000502859,1.94169e-05,2.38135e-10,TRUE,0.154334,0.154334,FALSE,-0.21084,0.46654,0.365407,2,NA
1888,13,45476447,46493236,TRUE,275,1987,0.000654256,7.50964e-05,0.000450633,0.103086,FALSE,NA,NA,NA,NA,NA,NA,2,NA
1889,13,46493237,47433528,TRUE,236,1869,0.000548473,0.000168572,0.00132062,0.00216739,TRUE,-0.38441,-0.38441,FALSE,-1,0.16045,0.17859,2,NA
1890,13,47433529,48137479,TRUE,215,1948,0.000146076,0.000169571,0.180996,0.00176564,FALSE,NA,NA,NA,NA,NA,NA,2,NA
1891,13,48137480,49381727,TRUE,228,2782,0.000616816,0.000101346,0.000390521,0.0369882,TRUE,-0.0359072,-0.0359072,FALSE,-1,0.65557,0.915323,2,NA
1892,13,49381728,50419896,TRUE,239,2204,0.000347921,0.000159225,0.0245279,0.0035857,TRUE,0.164419,0.164419,FALSE,-0.91375,0.94816,0.644034,2,NA
1893,13,50419897,51554236,TRUE,258,2171,0.000524093,0.000327895,0.00275145,3.11174e-07,TRUE,0.506215,0.506215,FALSE,0.06625,1,0.0289209,2,NA
1894,13,51554237,53336571,TRUE,372,2976,0.000656697,0.000219652,0.00184306,0.00125658,TRUE,0.15174,0.15174,FALSE,-0.58612,0.69981,0.580279,2,NA
1895,13,53336572,54684856,TRUE,329,2946,0.000447349,0.00027485,0.0152972,4.34175e-05,TRUE,0.153108,0.153108,FALSE,-0.61752,0.74742,0.588289,2,NA
1896,13,54684857,55576912,TRUE,179,1948,0.000287174,0.000178877,0.0304761,0.000355171,TRUE,0.42109,0.42109,FALSE,-0.33317,1,0.207048,2,NA
1897,13,55576913,56434007,TRUE,101,1876,0.000275166,3.28643e-05,0.0105296,0.172022,FALSE,NA,NA,NA,NA,NA,NA,2,NA
1898,13,56434008,58245843,TRUE,201,2638,0.000615526,9.22458e-05,0.000184403,0.0389308,TRUE,0.25956,0.25956,FALSE,-0.58087,1,0.438191,2,NA
1899,13,58245844,59751795,TRUE,212,3198,0.000601749,0.00014775,0.000296627,0.00371431,TRUE,0.264717,0.264717,FALSE,-0.41949,0.84595,0.340738,2,NA
1900,13,59751796,61268155,TRUE,329,3407,0.000387462,0.000101725,0.0292916,0.0599958,FALSE,NA,NA,NA,NA,NA,NA,2,NA
1901,13,61268156,62135827,TRUE,197,2581,0.000115921,5.67529e-05,0.221141,0.129268,FALSE,NA,NA,NA,NA,NA,NA,2,NA
1902,13,62135828,63206535,TRUE,153,2966,0.000399842,9.19295e-05,0.00340925,0.0231568,TRUE,0.570455,0.570455,FALSE,-0.18864,1,0.114135,2,NA
1903,13,63206536,63973941,TRUE,144,1847,0.000238762,6.49882e-05,0.0408901,0.0683235,FALSE,NA,NA,NA,NA,NA,NA,2,NA
1904,13,63973942,65187138,TRUE,181,3659,0.00023015,8.10419e-05,0.0638995,0.0507168,FALSE,NA,NA,NA,NA,NA,NA,2,NA
1905,13,65187139,66382286,TRUE,216,2137,0.000522784,9.31509e-05,0.00131546,0.0402686,TRUE,0.0954626,0.0954626,FALSE,-1,0.89201,0.790405,2,NA
1906,13,66382287,67718879,TRUE,289,2594,0.000598263,0.000226067,0.00141731,0.000311446,TRUE,0.105249,0.105249,FALSE,-0.58281,0.61173,0.685582,2,NA
1907,13,67718880,69004702,TRUE,257,2478,0.000529726,0.000174021,0.00252253,0.00221461,TRUE,0.440231,0.440231,FALSE,-0.21164,1,0.131872,2,NA
1908,13,69004703,69751491,TRUE,139,2477,0.000157411,7.14692e-05,0.113195,0.0486002,FALSE,NA,NA,NA,NA,NA,NA,2,NA
1909,13,69751492,70427880,TRUE,135,1952,0.00018729,0.000115536,0.0758149,0.00467611,FALSE,NA,NA,NA,NA,NA,NA,2,NA
1910,13,70427881,71010208,TRUE,189,1869,0.000243906,0.000146324,0.0577767,0.00259384,FALSE,NA,NA,NA,NA,NA,NA,2,NA
1911,13,71010209,71976862,TRUE,349,2616,0.000637704,0.000277402,0.00174549,6.50983e-05,TRUE,-0.0625913,-0.0625913,FALSE,-0.81114,0.40075,0.800711,2,NA
1912,13,71976863,73114509,TRUE,342,2281,0.000375817,0.000207393,0.0363126,0.00159673,TRUE,-0.0365903,-0.0365903,FALSE,-1,0.68604,0.916672,2,NA
1913,13,73114510,74437635,TRUE,414,3243,0.00134806,0.000371691,4.18639e-08,1.91639e-06,TRUE,0.247861,0.247861,FALSE,-0.10856,0.56772,0.149434,2,NA
1914,13,74437636,75882384,TRUE,447,3448,0.00070934,0.000206204,0.00184979,0.00442946,TRUE,0.306153,0.306153,FALSE,-0.39643,0.94494,0.292712,2,NA
1915,13,75882385,76671493,TRUE,215,2042,0.000561471,0.000110455,0.000653761,0.0201824,TRUE,0.0707243,0.0707243,FALSE,-0.93817,0.74654,0.826911,2,NA
1916,13,76671494,77460044,TRUE,268,2029,0.000475839,0.000199776,0.00613662,0.0007086,TRUE,0.442755,0.442755,FALSE,-0.19152,1,0.130941,2,NA
1917,13,77460045,78693310,TRUE,196,2685,0.000276466,0.000195034,0.0425466,0.000236058,TRUE,0.312755,0.312755,FALSE,-0.53944,1,0.359126,2,NA
1918,13,78693311,79489045,TRUE,219,1923,3.40813e-05,9.18553e-05,0.404807,0.0455111,FALSE,NA,NA,NA,NA,NA,NA,2,NA
1919,13,79489046,80778339,TRUE,297,2377,0.000836363,0.00022974,2.96142e-05,0.000269775,TRUE,0.480133,0.480133,FALSE,0.04088,0.94591,0.033665,2,NA
1920,13,80778340,81724089,TRUE,198,2237,9.11131e-05,7.0649e-05,0.269528,0.0884337,FALSE,NA,NA,NA,NA,NA,NA,2,NA
1921,13,81724090,82582821,TRUE,171,2099,0.000433609,0.000122171,0.00266581,0.00678113,TRUE,0.698788,0.698788,FALSE,0.09999,1,0.0296294,2,NA
1922,13,82582822,83829835,TRUE,164,2807,0.000328857,0.00013404,0.013538,0.00298199,TRUE,0.488584,0.488584,FALSE,-0.29206,1,0.15034,2,NA
1923,13,83829836,85035400,TRUE,250,2540,0.000662105,0.000202493,0.000262868,0.000532213,TRUE,0.341927,0.341927,FALSE,-0.1987,0.84318,0.172745,2,NA
1924,13,85035401,85650680,TRUE,119,1883,0.000487533,7.82555e-05,0.000168041,0.0274134,TRUE,0.078509,0.078509,FALSE,-0.88195,0.76981,0.812429,2,NA
1925,13,85650681,86321288,TRUE,138,1808,0.000149866,3.50612e-05,0.124085,0.198555,FALSE,NA,NA,NA,NA,NA,NA,2,NA
1926,13,86321289,87043588,TRUE,105,2013,0.000207199,4.1611e-05,0.0392885,0.127998,FALSE,NA,NA,NA,NA,NA,NA,2,NA
1927,13,87043589,88029523,TRUE,123,2145,8.06464e-05,3.47291e-05,0.245125,0.183493,FALSE,NA,NA,NA,NA,NA,NA,2,NA
1928,13,88029524,88968400,TRUE,192,1928,0.000718505,0.000230035,1.6214e-05,1.91784e-05,TRUE,0.0969078,0.0969078,FALSE,-0.40375,0.4884,0.64886,2,NA
1929,13,88968401,89764426,TRUE,99,2021,0.000191692,1.32424e-05,0.0464901,0.338674,FALSE,NA,NA,NA,NA,NA,NA,2,NA
1930,13,89764427,90518147,TRUE,158,1900,0.000450532,2.60008e-05,0.00168357,0.274325,FALSE,NA,NA,NA,NA,NA,NA,2,NA
1931,13,90518148,91764204,TRUE,317,3239,8.83164e-05,0.000162051,0.318011,0.00733592,FALSE,NA,NA,NA,NA,NA,NA,2,NA
1932,13,91764205,93285142,TRUE,381,3315,0.000714678,1.86204e-05,0.00088568,0.384568,FALSE,NA,NA,NA,NA,NA,NA,2,NA
1933,13,93285143,94925136,TRUE,429,3629,0.000848842,0.000308093,0.000239732,5.06467e-05,TRUE,0.0497931,0.0497931,FALSE,-0.51245,0.47631,0.82399,2,NA
1934,13,94925137,96132647,TRUE,491,3518,1.158e-05,0.000245957,0.472478,0.00150039,FALSE,NA,NA,NA,NA,NA,NA,2,NA
1935,13,96132648,97516609,TRUE,228,2509,0.000500309,0.000105154,0.00248831,0.0295605,TRUE,0.621731,0.621731,FALSE,-0.08009,1,0.0813658,2,NA
1936,13,97516610,98527335,TRUE,254,1849,0.000497457,0.000269576,0.00425431,1.43593e-05,TRUE,0.250115,0.250115,FALSE,-0.3164,0.76531,0.326498,2,NA
1937,13,98527336,99402294,TRUE,391,2189,0.000480868,0.00012023,0.0165141,0.0475472,TRUE,-0.0561033,-0.0561033,FALSE,-1,0.845,0.89304,2,NA
1938,13,99402295,100470868,TRUE,244,2659,0.000206231,0.000180878,0.116302,0.00132425,FALSE,NA,NA,NA,NA,NA,NA,2,NA
1939,13,100470869,101573736,TRUE,346,2208,0.000466921,5.20162e-05,0.0142552,0.212237,FALSE,NA,NA,NA,NA,NA,NA,2,NA
1940,13,101573737,103050417,TRUE,521,3543,0.00135225,0.000507979,4.4537e-07,9.39105e-09,TRUE,0.29305,0.29305,FALSE,-0.03112,0.59308,0.0697165,2,NA
1941,13,103050418,104378435,TRUE,440,3560,0.000643399,0.000401141,0.00379875,4.66777e-07,TRUE,0.470028,0.470028,FALSE,0.03618,1,0.03997,2,NA
1942,13,104378436,105672500,TRUE,405,3041,0.00056601,NA,0.00734369,NA,FALSE,NA,NA,NA,NA,NA,NA,1,"BIP"
1943,13,105672501,106313847,TRUE,245,1698,NA,0.000127065,NA,0.0146345,FALSE,NA,NA,NA,NA,NA,NA,1,"SCZ"
1944,13,106313848,107037864,TRUE,306,1903,0.000118277,0.000103445,0.264581,0.055019,FALSE,NA,NA,NA,NA,NA,NA,2,NA
1945,13,107037865,108521978,TRUE,618,3457,0.00125441,0.000293788,9.39695e-06,0.000819446,TRUE,-0.313152,-0.313152,FALSE,-1,0.10636,0.156854,2,NA
1946,13,108521979,109156765,TRUE,253,1779,0.000331941,0.000263174,0.0325392,1.3229e-05,TRUE,-0.653739,-0.653739,FALSE,-1,-0.06301,0.030121,2,NA
1947,13,109156766,109813576,TRUE,259,1948,0.000521575,0.000200318,0.00275165,0.000529823,TRUE,0.130962,0.130962,FALSE,-0.61004,0.67933,0.635426,2,NA
1948,13,109813577,110995432,TRUE,547,3456,0.000738025,0.000468277,0.00296444,1.47324e-07,TRUE,0.239247,0.239247,FALSE,-0.24172,0.68114,0.274823,2,NA
1949,13,110995433,111621244,TRUE,352,1902,0.000325707,0.000226825,0.0599142,0.000709442,FALSE,NA,NA,NA,NA,NA,NA,2,NA
1950,13,111621245,112319064,TRUE,333,2177,0.00111219,0.000227934,4.04582e-07,0.000533816,TRUE,0.412222,0.412222,FALSE,0.00134,0.84296,0.0513566,2,NA
1951,13,112319065,113573118,TRUE,492,2854,0.000838458,0.000112182,0.000599854,0.0814505,FALSE,NA,NA,NA,NA,NA,NA,2,NA
1952,13,113573119,114302561,TRUE,301,1761,0.00037976,0.000366089,0.0269239,1.02345e-07,TRUE,0.00782668,0.00782668,FALSE,-0.77434,0.57292,0.976583,2,NA
1953,13,114302562,115109851,TRUE,187,1583,0.000232859,5.47836e-05,0.0643752,0.130602,FALSE,NA,NA,NA,NA,NA,NA,2,NA
1954,14,19000059,20876080,TRUE,210,1565,NA,6.72295e-05,NA,0.101308,FALSE,NA,NA,NA,NA,NA,NA,1,"SCZ"
1955,14,20876081,21982654,TRUE,595,2621,0.00036112,0.000156181,0.0895703,0.0379455,FALSE,NA,NA,NA,NA,NA,NA,2,NA
1956,14,21982655,22760700,TRUE,285,2825,6.49361e-05,0.000147148,0.353221,0.0100859,FALSE,NA,NA,NA,NA,NA,NA,2,NA
1957,14,22760701,23985936,TRUE,541,2783,0.000919744,0.000144807,0.000332852,0.0423895,TRUE,-0.153995,-0.153995,FALSE,-1,0.48196,0.638022,2,NA
1958,14,23985937,24906056,TRUE,309,1809,0.000412876,0.00032827,0.0195717,1.31284e-06,TRUE,0.126879,0.126879,FALSE,-0.59946,0.6852,0.636611,2,NA
1959,14,24906057,25585041,TRUE,181,1901,0.000279719,7.33603e-05,0.0337982,0.065641,FALSE,NA,NA,NA,NA,NA,NA,2,NA
1960,14,25585042,26395690,TRUE,220,1812,0.000391691,0.000113076,0.0110746,0.0193902,TRUE,0.0192516,0.0192516,FALSE,-1,0.81496,0.959043,2,NA
1961,14,26395691,27720240,TRUE,352,2530,0.000220389,0.000207118,0.141382,0.00161834,FALSE,NA,NA,NA,NA,NA,NA,2,NA
1962,14,27720241,29029224,TRUE,276,3288,0.000381356,5.84924e-06,0.0219196,0.449174,FALSE,NA,NA,NA,NA,NA,NA,2,NA
1963,14,29029225,30831154,TRUE,467,2978,0.00129411,0.000550508,3.72182e-07,2.0448e-10,TRUE,0.427677,0.427677,FALSE,0.14204,0.71116,0.00593161,2,NA
1964,14,30831155,32382245,TRUE,283,2846,0.000517052,5.2334e-05,0.00405802,0.187608,FALSE,NA,NA,NA,NA,NA,NA,2,NA
1965,14,32382246,33591113,TRUE,504,2672,0.000970341,0.000388455,0.000106281,3.34328e-06,TRUE,0.465838,0.465838,FALSE,0.08641,0.86848,0.0218546,2,NA
1966,14,33591114,34695195,TRUE,677,2701,0.00127151,0.000318619,1.57344e-05,0.000535287,TRUE,-0.0300879,-0.0300879,FALSE,-0.5992,0.38108,0.89035,2,NA
1967,14,34695196,35379988,TRUE,183,1779,0.0005762,0.000104406,0.000223055,0.0189194,TRUE,-0.0746105,-0.0746105,FALSE,-1,0.54869,0.811231,2,NA
1968,14,35379989,36422077,TRUE,181,2044,0.000797259,0.000131373,1.40237e-06,0.00498292,TRUE,0.274859,0.274859,FALSE,-0.2791,0.80215,0.273166,2,NA
1969,14,36422078,37282012,TRUE,251,1852,0.000150996,9.2791e-05,0.189106,0.0532625,FALSE,NA,NA,NA,NA,NA,NA,2,NA
1970,14,37282013,38722114,TRUE,301,2771,4.39519e-06,6.03399e-05,0.479995,0.168128,FALSE,NA,NA,NA,NA,NA,NA,2,NA
1971,14,38722115,40343754,TRUE,283,3291,0.000616249,0.000132873,0.000929648,0.0166168,TRUE,0.270198,0.270198,FALSE,-0.50865,0.99692,0.395322,2,NA
1972,14,40343755,40965849,TRUE,103,1985,0.000347547,7.24258e-05,0.00283882,0.0309154,TRUE,0.535127,0.535127,FALSE,-0.2974,1,0.156425,2,NA
1973,14,40965850,41614833,TRUE,84,2078,5.14999e-06,3.44367e-05,0.459129,0.142861,FALSE,NA,NA,NA,NA,NA,NA,2,NA
1974,14,41614834,42562550,TRUE,136,2088,0.000145852,0.000137886,0.130712,0.00220113,FALSE,NA,NA,NA,NA,NA,NA,2,NA
1975,14,42562551,43321168,TRUE,152,2002,0.000142414,0.000220535,0.146535,6.40934e-06,FALSE,NA,NA,NA,NA,NA,NA,2,NA
1976,14,43321169,44623273,TRUE,251,3476,0.000443548,0.000330057,0.00806042,1.55469e-07,TRUE,0.538103,0.538103,FALSE,0.08773,1,0.0277373,2,NA
1977,14,44623274,45817082,TRUE,255,2489,0.000109963,8.69688e-05,0.260525,0.068109,FALSE,NA,NA,NA,NA,NA,NA,2,NA
1978,14,45817083,46748238,TRUE,136,1718,0.000405666,4.67634e-05,0.00193277,0.127464,FALSE,NA,NA,NA,NA,NA,NA,2,NA
1979,14,46748239,48177483,TRUE,249,3146,0.000798925,0.000122877,1.68131e-05,0.0169357,TRUE,0.718258,0.718258,FALSE,0.21958,1,0.0116877,2,NA
1980,14,48177484,49002065,TRUE,180,2453,0.000398382,0.000230912,0.00558724,1.14696e-05,TRUE,0.821154,0.821154,FALSE,0.40368,1,0.00205803,2,NA
1981,14,49002066,50500564,TRUE,382,3114,0.000683747,0.00010688,0.00132968,0.0644645,FALSE,NA,NA,NA,NA,NA,NA,2,NA
1982,14,50500565,51418371,TRUE,247,1878,0.000686912,0.000193783,0.000143345,0.000644737,TRUE,0.353479,0.353479,FALSE,-0.1831,0.86342,0.153792,2,NA
1983,14,51418372,52206122,TRUE,303,2084,0.000484012,0.000228754,0.00796894,0.000332888,TRUE,0.488072,0.488072,FALSE,-0.09486,1,0.0891782,2,NA
1984,14,52206123,52760553,TRUE,222,1748,0.000350954,7.73309e-05,0.0202324,0.0785348,FALSE,NA,NA,NA,NA,NA,NA,2,NA
1985,14,52760554,54359598,TRUE,381,3216,0.000677159,0.000449881,0.00149388,7.21998e-09,TRUE,-0.0346172,-0.0346172,FALSE,-0.58662,0.35077,0.866818,2,NA
1986,14,54359599,55292832,TRUE,273,1778,0.000277376,0.000128739,0.0673157,0.0174694,FALSE,NA,NA,NA,NA,NA,NA,2,NA
1987,14,55292833,56206430,TRUE,125,1928,0.000275414,5.1405e-05,0.0174086,0.101694,FALSE,NA,NA,NA,NA,NA,NA,2,NA
1988,14,56206431,57460781,TRUE,442,3158,0.00138554,4.39114e-05,3.91489e-08,0.273926,FALSE,NA,NA,NA,NA,NA,NA,2,NA
1989,14,57460782,58447798,TRUE,264,2183,0.000665658,0.000412588,0.000337664,1.3404e-09,TRUE,0.0845609,0.0845609,FALSE,-0.37374,0.4581,0.665336,2,NA
1990,14,58447799,59447537,TRUE,312,1984,0.000272808,0.000227069,0.0832118,0.000408746,FALSE,NA,NA,NA,NA,NA,NA,2,NA
1991,14,59447538,60099482,TRUE,157,1957,0.000327755,7.46266e-05,0.0125203,0.0514435,FALSE,NA,NA,NA,NA,NA,NA,2,NA
1992,14,60099483,61652816,TRUE,205,2231,0.000471766,0.000149274,0.00283202,0.00345333,TRUE,0.469271,0.469271,FALSE,-0.1782,1,0.124094,2,NA
1993,14,61652817,62717985,TRUE,389,2451,0.000943501,0.000151071,4.17516e-05,0.0230852,TRUE,0.764081,0.764081,FALSE,0.25974,1,0.00895906,2,NA
1994,14,62717986,64033237,TRUE,347,3226,0.000637056,0.000302081,0.00175367,2.31441e-05,TRUE,0.311786,0.311786,FALSE,-0.2256,0.80293,0.197165,2,NA
1995,14,64033238,65229391,TRUE,215,2339,4.46501e-05,0.000180269,0.379232,0.00075058,FALSE,NA,NA,NA,NA,NA,NA,2,NA
1996,14,65229392,66300066,TRUE,252,2558,0.000772516,0.000373877,3.2652e-05,1.12284e-08,TRUE,0.429129,0.429129,FALSE,0.07457,0.77648,0.0214801,2,NA
1997,14,66300067,67891839,TRUE,159,3739,0.000470243,5.79874e-05,0.00110377,0.100643,FALSE,NA,NA,NA,NA,NA,NA,2,NA
1998,14,67891840,68976912,TRUE,248,1999,0.000289502,0.000197316,0.0577967,0.000736195,FALSE,NA,NA,NA,NA,NA,NA,2,NA
1999,14,68976913,69794542,TRUE,319,2018,0.000554446,0.000203647,0.00369855,0.001234,TRUE,0.171282,0.171282,FALSE,-0.57648,0.77201,0.551501,2,NA
2000,14,69794543,71140426,TRUE,340,3229,0.000224178,0.00022011,0.133699,0.000807339,FALSE,NA,NA,NA,NA,NA,NA,2,NA
2001,14,71140427,72665319,TRUE,305,3249,0.00106825,0.000239627,5.18711e-07,0.000231986,TRUE,0.489195,0.489195,FALSE,0.09627,0.90237,0.0183892,2,NA
2002,14,72665320,73373373,TRUE,280,1855,0.000644582,0.000593309,0.000659725,1.08404e-15,TRUE,0.122999,0.122999,FALSE,-0.27993,0.47088,0.48876,2,NA
2003,14,73373374,74245428,TRUE,169,1799,0.00045272,0.000171013,0.00181307,0.000443019,TRUE,-0.0405116,-0.0405116,FALSE,-0.87335,0.48793,0.88298,2,NA
2004,14,74245429,75699501,TRUE,288,2835,0.000490478,0.000169974,0.00624501,0.00429746,TRUE,0.261184,0.261184,FALSE,-0.55679,0.96472,0.411153,2,NA
2005,14,75699502,76694201,TRUE,332,2088,0.000509303,0.000401437,0.00817478,3.95533e-08,TRUE,-0.162199,-0.162199,FALSE,-0.94042,0.28437,0.49088,2,NA
2006,14,76694202,77425453,TRUE,341,1842,0.000267809,0.000227114,0.0963919,0.000826954,FALSE,NA,NA,NA,NA,NA,NA,2,NA
2007,14,77425454,78374053,TRUE,283,2725,0.000519233,0.000222801,0.00390501,0.000280976,TRUE,0.242834,0.242834,FALSE,-0.40612,0.81262,0.37456,2,NA
2008,14,78374054,79199451,TRUE,301,2079,0.000889722,0.000429096,1.24439e-05,1.43827e-09,TRUE,0.0896822,0.0896822,FALSE,-0.30272,0.42066,0.608458,2,NA
2009,14,79199452,81001920,TRUE,502,3497,0.000696815,0.00036045,0.0035573,1.84138e-05,TRUE,0.430657,0.430657,FALSE,-0.04682,0.98469,0.0775264,2,NA
2010,14,81001921,82524785,TRUE,390,3543,0.000610279,0.000389123,0.00371042,2.9323e-07,TRUE,0.237924,0.237924,FALSE,-0.3,0.69322,0.297372,2,NA
2011,14,82524786,84087372,TRUE,425,3646,0.000724547,0.000355356,0.0012094,3.73998e-06,TRUE,0.429871,0.429871,FALSE,0.00442,0.91096,0.0558677,2,NA
2012,14,84087373,85562936,TRUE,329,3526,0.000903713,0.000176579,2.02594e-05,0.00507422,TRUE,0.00867348,0.00867348,FALSE,-0.70388,0.50233,0.972957,2,NA
2013,14,85562937,86653343,TRUE,295,2629,0.000279001,0.000119721,0.0744587,0.0317022,FALSE,NA,NA,NA,NA,NA,NA,2,NA
2014,14,86653344,87350275,TRUE,189,1824,0.000509696,3.94275e-05,0.000970819,0.20643,FALSE,NA,NA,NA,NA,NA,NA,2,NA
2015,14,87350276,88208595,TRUE,193,2009,2.78267e-05,0.000132304,0.414911,0.00635172,FALSE,NA,NA,NA,NA,NA,NA,2,NA
2016,14,88208596,89482883,TRUE,292,2932,0.000803468,0.000281665,5.03869e-05,1.40582e-05,TRUE,0.2371,0.2371,FALSE,-0.21901,0.62523,0.262018,2,NA
2017,14,89482884,90662836,TRUE,438,2598,0.000135736,0.00032577,0.271028,2.8355e-05,FALSE,NA,NA,NA,NA,NA,NA,2,NA
2018,14,90662837,92101228,TRUE,420,3148,0.0012693,0.000379265,1.8279e-07,1.23256e-06,TRUE,-0.0490038,-0.0490038,FALSE,-0.4716,0.28026,0.778412,2,NA
2019,14,92101229,93386328,TRUE,477,3337,0.000547345,0.000381946,0.0135609,3.4362e-06,TRUE,-0.130603,-0.130603,FALSE,-0.96487,0.37519,0.613166,2,NA
2020,14,93386329,94892240,TRUE,505,3741,0.000549569,0.000354253,0.0155624,1.9728e-05,TRUE,-0.0952372,-0.0952372,FALSE,-0.97017,0.43699,0.72541,2,NA
2021,14,94892241,95946792,TRUE,592,3405,0.00108209,2.33622e-05,6.83914e-05,0.386153,FALSE,NA,NA,NA,NA,NA,NA,2,NA
2022,14,95946793,97174314,TRUE,488,3422,0.000423248,0.000112365,0.0441996,0.0793896,FALSE,NA,NA,NA,NA,NA,NA,2,NA
2023,14,97174315,98268391,TRUE,403,2496,4.88571e-05,0.000355126,0.403445,3.3029e-06,FALSE,NA,NA,NA,NA,NA,NA,2,NA
2024,14,98268392,98885322,TRUE,222,2027,0.000285172,0.000275025,0.0453477,2.24889e-06,TRUE,0.386847,0.386847,FALSE,-0.27405,1,0.205377,2,NA
2025,14,98885323,99474533,TRUE,253,1942,0.00030963,0.000158945,0.043732,0.0049868,TRUE,-0.645678,-0.645678,FALSE,-1,0.1104,0.095095,2,NA
2026,14,99474534,100786189,TRUE,516,2862,0.00119897,0.00031409,4.32606e-06,0.00013285,TRUE,0.469382,0.469382,FALSE,0.07944,0.8782,0.0222405,2,NA
2027,14,100786190,102004377,TRUE,569,2736,0.000567135,0.000111567,0.0175575,0.0956713,FALSE,NA,NA,NA,NA,NA,NA,2,NA
2028,14,102004378,103617472,TRUE,370,3317,0.000804689,0.000378361,0.000226939,6.4509e-07,TRUE,0.0822698,0.0822698,FALSE,-0.40371,0.46899,0.687266,2,NA
2029,14,103617473,104439106,TRUE,178,1960,0.00114597,0.000140607,9.31713e-11,0.00315421,TRUE,0.502469,0.502469,FALSE,0.10924,1,0.0206773,2,NA
2030,14,104439107,105091340,TRUE,274,1769,0.000261002,0.000171831,0.0815045,0.00392392,FALSE,NA,NA,NA,NA,NA,NA,2,NA
2031,14,105091341,106347143,TRUE,236,1700,6.43648e-05,0.00014857,0.342224,0.00679322,FALSE,NA,NA,NA,NA,NA,NA,2,NA
2032,14,106347144,106876548,TRUE,4,24,5.99335e-05,2.12775e-06,0.0711154,0.322919,FALSE,NA,NA,NA,NA,NA,NA,2,NA
2033,14,106876549,107289435,TRUE,47,1110,7.68392e-05,NA,0.162812,NA,FALSE,NA,NA,NA,NA,NA,NA,1,"BIP"
2034,15,20000205,22799926,TRUE,30,175,NA,7.26946e-05,NA,0.00811325,FALSE,NA,NA,NA,NA,NA,NA,1,"SCZ"
2035,15,22799927,24099946,TRUE,334,1684,0.000363794,0.000173673,0.0389929,0.0237879,TRUE,-0.656094,-0.656094,FALSE,-1,0.15411,0.122697,2,NA
2036,15,24099947,24531187,FALSE,NA,NA,NA,NA,NA,NA,FALSE,NA,NA,NA,NA,NA,NA,NA,NA
2037,15,24531188,25384327,TRUE,202,2748,NA,3.91045e-05,NA,0.213049,FALSE,NA,NA,NA,NA,NA,NA,1,"SCZ"
2038,15,25384328,26392947,TRUE,515,2840,NA,0.000255263,NA,0.00145996,FALSE,NA,NA,NA,NA,NA,NA,1,"SCZ"
2039,15,26392948,27563172,TRUE,451,2578,0.000743527,0.000404585,0.00123423,5.74226e-07,TRUE,0.40282,0.40282,FALSE,-0.02987,0.85929,0.0637468,2,NA
2040,15,27563173,29141035,TRUE,255,2110,0.000675041,4.77102e-06,0.000208909,0.454743,FALSE,NA,NA,NA,NA,NA,NA,2,NA
2041,15,29141036,30604119,TRUE,359,2550,0.000631184,0.000244575,0.00203598,0.000372539,TRUE,0.35771,0.35771,FALSE,-0.22844,0.91869,0.174982,2,NA
2042,15,30604120,32177320,TRUE,376,2566,0.000162654,0.000153595,0.219394,0.0161619,FALSE,NA,NA,NA,NA,NA,NA,2,NA
2043,15,32177321,33484267,TRUE,391,2360,0.000219293,NA,0.155139,NA,FALSE,NA,NA,NA,NA,NA,NA,1,"BIP"
2044,15,33484268,34410072,TRUE,439,2760,0.000455343,0.000361677,0.0271428,4.53894e-06,TRUE,0.0930333,0.0930333,FALSE,-0.67788,0.69012,0.739338,2,NA
2045,15,34410073,35118927,TRUE,203,1504,0.000683434,0.000143996,5.04432e-05,0.00450668,TRUE,0.0600531,0.0600531,FALSE,-0.66317,0.57969,0.822373,2,NA
2046,15,35118928,36583327,TRUE,410,3041,0.00076662,0.000258254,0.000599852,0.00039036,TRUE,-0.0864777,-0.0864777,FALSE,-0.83116,0.39531,0.727063,2,NA
2047,15,36583328,37962915,TRUE,481,3067,0.000443072,0.000164203,0.0361727,0.0203806,TRUE,-0.27276,-0.27276,FALSE,-1,0.51463,0.503443,2,NA
2048,15,37962916,39238840,TRUE,444,2863,0.000991867,0.000357055,3.88321e-05,6.87591e-06,TRUE,0.280385,0.280385,FALSE,-0.14445,0.65967,0.162885,2,NA
2049,15,39238841,40604780,TRUE,390,2812,0.000902408,0.000100585,5.93581e-05,0.0776055,FALSE,NA,NA,NA,NA,NA,NA,2,NA
2050,15,40604781,42332685,TRUE,325,3040,0.000811017,0.000357941,9.41634e-05,6.23923e-07,TRUE,0.249289,0.249289,FALSE,-0.17294,0.61611,0.214655,2,NA
2051,15,42332686,44987755,TRUE,320,3121,0.000664013,0.000272823,0.000812309,4.359e-05,TRUE,0.408504,0.408504,FALSE,-0.06997,0.90701,0.0861204,2,NA
2052,15,44987756,46022642,TRUE,209,1882,0.000403431,5.24576e-05,0.00818861,0.152436,FALSE,NA,NA,NA,NA,NA,NA,2,NA
2053,15,46022643,46884071,TRUE,191,1799,0.000370689,0.000199295,0.0112272,0.000158196,TRUE,0.152377,0.152377,FALSE,-0.67491,0.75244,0.605538,2,NA
2054,15,46884072,47693316,TRUE,118,1873,0.00052191,0.00012332,9.01159e-05,0.002198,TRUE,0.11318,0.11318,FALSE,-0.59113,0.64115,0.675995,2,NA
2055,15,47693317,49260006,TRUE,289,2324,0.000450028,0.000242403,0.0107027,0.000127186,TRUE,-0.191275,-0.191275,FALSE,-1,0.35888,0.502518,2,NA
2056,15,49260007,50195876,TRUE,110,1913,0.000187902,4.68369e-05,0.0581628,0.108477,FALSE,NA,NA,NA,NA,NA,NA,2,NA
2057,15,50195877,51605477,TRUE,230,3200,0.000443503,0.000295905,0.00606403,6.57798e-07,TRUE,0.137308,0.137308,FALSE,-0.46056,0.62801,0.578611,2,NA
2058,15,51605478,53263126,TRUE,374,3326,0.000835612,0.000359837,0.000143269,1.26911e-06,TRUE,0.473414,0.473414,FALSE,0.08784,0.88115,0.0206466,2,NA
2059,15,53263127,54332799,TRUE,312,3063,0.00056397,0.000169009,0.00338997,0.00653265,TRUE,-0.036283,-0.036283,FALSE,-1,0.59505,0.907951,2,NA
2060,15,54332800,55136717,TRUE,247,2641,0.000380764,0.000305633,0.0171367,6.49068e-07,TRUE,0.430179,0.430179,FALSE,-0.11055,1,0.106794,2,NA
2061,15,55136718,56322588,TRUE,297,3444,0.000892617,0.000236145,1.00415e-05,0.000189741,TRUE,0.57662,0.57662,FALSE,0.18273,1,0.00843675,2,NA
2062,15,56322589,57641164,TRUE,222,2590,0.000694377,0.000156213,6.5762e-05,0.00299791,TRUE,0.438167,0.438167,FALSE,-0.09218,1,0.0948751,2,NA
2063,15,57641165,58712954,TRUE,521,2980,0.000617313,0.000317974,0.00895563,0.000125617,TRUE,0.258163,0.258163,FALSE,-0.39735,0.85339,0.344329,2,NA
2064,15,58712955,59901116,TRUE,410,2425,0.000557293,0.000122193,0.00833687,0.0480274,TRUE,-0.0483873,-0.0483873,FALSE,-1,0.77512,0.902655,2,NA
2065,15,59901117,61130595,TRUE,424,2499,0.000251412,0.000190927,0.134253,0.00658002,FALSE,NA,NA,NA,NA,NA,NA,2,NA
2066,15,61130596,62106138,TRUE,493,2431,0.00180175,0.000264292,3.46501e-11,0.00073555,TRUE,0.306619,0.306619,FALSE,-0.06844,0.68263,0.0985911,2,NA
2067,15,62106139,63218978,TRUE,452,2526,0.00108761,0.000344581,9.71048e-06,1.38365e-05,TRUE,0.301832,0.301832,FALSE,-0.10055,0.66639,0.126043,2,NA
2068,15,63218979,64339945,TRUE,302,2692,0.000813937,0.000291465,5.28034e-05,1.15911e-05,TRUE,0.398797,0.398797,FALSE,-0.01292,0.80661,0.0579512,2,NA
2069,15,64339946,66355634,TRUE,371,3332,0.000698917,0.000137921,0.00100862,0.02642,TRUE,0.888186,0.888186,FALSE,0.33848,1,0.00717271,2,NA
2070,15,66355635,67396520,TRUE,405,2875,0.000274815,0.000241433,0.107622,0.000742061,FALSE,NA,NA,NA,NA,NA,NA,2,NA
2071,15,67396521,69089815,TRUE,443,3219,0.000393077,0.000236685,0.0478361,0.00140118,TRUE,0.0150428,0.0150428,FALSE,-1,0.75841,0.966329,2,NA
2072,15,69089816,70767983,TRUE,599,3354,0.00123242,0.000244836,1.08024e-05,0.00408636,TRUE,-0.391799,-0.391799,FALSE,-1,0.0717,0.103906,2,NA
2073,15,70767984,72058129,TRUE,410,2480,0.000526966,6.23144e-05,0.01127,0.19091,FALSE,NA,NA,NA,NA,NA,NA,2,NA
2074,15,72058130,73375718,TRUE,207,1810,0.000989908,0.000201694,4.67487e-08,0.00020524,TRUE,0.0778576,0.0778576,FALSE,-0.38989,0.46345,0.701023,2,NA
2075,15,73375719,74458113,TRUE,275,2077,0.000289188,0.000409059,0.0609523,1.65865e-09,FALSE,NA,NA,NA,NA,NA,NA,2,NA
2076,15,74458114,76401952,TRUE,362,2850,0.000421433,0.000250282,0.0256942,0.00036781,TRUE,0.61364,0.61364,FALSE,0.02176,1,0.0522297,2,NA
2077,15,76401953,77897163,TRUE,172,2395,0.000298841,9.57956e-05,0.0237481,0.0237578,TRUE,0.408336,0.408336,FALSE,-0.70391,1,0.323113,2,NA
2078,15,77897164,78514101,TRUE,217,1640,0.000624729,0.000116263,0.000268353,0.0196693,TRUE,0.653908,0.653908,FALSE,0.09144,1,0.0372814,2,NA
2079,15,78514102,79292536,TRUE,226,1770,0.000669576,0.000179081,0.00011632,0.000974479,TRUE,0.679122,0.679122,FALSE,0.22789,1,0.00745664,2,NA
2080,15,79292537,79998206,TRUE,264,1788,0.000125278,9.14609e-06,0.235864,0.425502,FALSE,NA,NA,NA,NA,NA,NA,2,NA
2081,15,79998207,81077025,TRUE,415,2686,0.000909547,0.000226569,8.354e-05,0.00153561,TRUE,0.117925,0.117925,FALSE,-0.49161,0.58146,0.630158,2,NA
2082,15,81077026,82191077,TRUE,334,1854,NA,0.000144602,NA,0.0160968,FALSE,NA,NA,NA,NA,NA,NA,1,"SCZ"
2083,15,82191078,84209760,TRUE,335,2538,0.000819591,0.000363247,8.98925e-05,5.38124e-07,TRUE,0.582445,0.582445,FALSE,0.22737,0.97684,0.00368863,2,NA
2084,15,84209761,85494083,TRUE,256,2230,0.000531592,0.000246472,0.00232278,4.10702e-05,TRUE,0.566992,0.566992,FALSE,0.09006,1,0.0247425,2,NA
2085,15,85494084,86341598,TRUE,176,2186,0.000379084,0.000129108,0.00843731,0.00581022,TRUE,0.129867,0.129867,FALSE,-0.92572,0.86037,0.701837,2,NA
2086,15,86341599,87158587,TRUE,313,2631,0.000553951,0.000168967,0.00384933,0.00644919,TRUE,0.452572,0.452572,FALSE,-0.2769,1,0.152497,2,NA
2087,15,87158588,88035757,TRUE,337,2396,0.000426273,0.000138003,0.0208003,0.0204923,TRUE,0.0506162,0.0506162,FALSE,-1,0.90958,0.896638,2,NA
2088,15,88035758,89385187,TRUE,534,2550,0.000262742,0.000273763,0.149951,0.000826346,FALSE,NA,NA,NA,NA,NA,NA,2,NA
2089,15,89385188,90632718,TRUE,440,2513,0.00108818,0.000325672,6.87469e-06,2.78623e-05,TRUE,0.177873,0.177873,FALSE,-0.25742,0.55548,0.373346,2,NA
2090,15,90632719,91593623,TRUE,278,2234,0.000825596,0.000307843,2.07547e-05,1.65308e-06,TRUE,0.612146,0.612146,FALSE,0.27159,0.99865,0.0021442,2,NA
2091,15,91593624,92675405,TRUE,494,2554,0.000810934,0.000189052,0.000794458,0.00992232,TRUE,0.682216,0.682216,FALSE,0.14277,1,0.0208284,2,NA
2092,15,92675406,93707010,TRUE,542,2915,0.000652246,0.000184711,0.00686934,0.015109,TRUE,0.426001,0.426001,FALSE,-0.38664,1,0.210125,2,NA
2093,15,93707011,94565521,TRUE,490,2735,3.36844e-05,NA,0.436301,NA,FALSE,NA,NA,NA,NA,NA,NA,1,"BIP"
2094,15,94565522,95662425,TRUE,547,2713,0.000131994,7.25214e-05,0.297429,0.188051,FALSE,NA,NA,NA,NA,NA,NA,2,NA
2095,15,95662426,96864278,TRUE,494,2554,0.000639972,0.000349842,0.00595336,2.31714e-05,TRUE,0.169245,0.169245,FALSE,-0.4461,0.67832,0.504968,2,NA
2096,15,96864279,98025684,TRUE,450,2327,0.000621786,0.000211011,0.00530762,0.00399009,TRUE,0.326331,0.326331,FALSE,-0.41172,1,0.289502,2,NA
2097,15,98025685,98828261,TRUE,376,2445,0.000420975,0.000110129,0.0271254,0.0574378,FALSE,NA,NA,NA,NA,NA,NA,2,NA
2098,15,98828262,99925972,TRUE,513,2800,0.000281518,0.000149953,0.12848,0.0337926,FALSE,NA,NA,NA,NA,NA,NA,2,NA
2099,15,99925973,100742117,TRUE,358,2440,0.000386071,0.000145902,0.0362044,0.0189072,TRUE,-0.381739,-0.381739,FALSE,-1,0.41068,0.351949,2,NA
2100,15,100742118,101550750,TRUE,376,2451,0.000803031,0.00013609,0.000223272,0.0268732,TRUE,0.494105,0.494105,FALSE,-0.13964,1,0.112477,2,NA
2101,15,101550751,102520975,TRUE,446,2212,0.000393829,0.000224057,0.048884,0.00263842,TRUE,0.0541234,0.0541234,FALSE,-1,0.86282,0.883384,2,NA
2102,16,60169,1049079,TRUE,399,2469,NA,6.90703e-05,NA,0.17383,FALSE,NA,NA,NA,NA,NA,NA,1,"SCZ"
2103,16,1049080,1996492,TRUE,419,2819,0.000516967,0.00042543,0.0132305,1.13114e-07,TRUE,0.239255,0.239255,FALSE,-0.3087,0.79289,0.329321,2,NA
2104,16,1996493,3379996,TRUE,457,2017,0.000426305,0.000253698,0.0378685,0.000917028,TRUE,-0.437394,-0.437394,FALSE,-1,0.20773,0.196262,2,NA
2105,16,3379997,4816145,TRUE,559,3042,0.000850637,0.000410888,0.000992938,4.65008e-06,TRUE,-0.0357827,-0.0357827,FALSE,-0.62086,0.37872,0.871088,2,NA
2106,16,4816146,5782968,TRUE,620,3212,0.000722639,0.0004913,0.00535204,1.86921e-07,TRUE,0.261817,0.261817,FALSE,-0.23745,0.74111,0.246514,2,NA
2107,16,5782969,6446081,TRUE,493,2137,0.000535454,0.000314217,0.0165211,9.74931e-05,TRUE,0.0991692,0.0991692,FALSE,-0.70042,0.67633,0.72819,2,NA
2108,16,6446082,7051429,TRUE,444,2658,0.000690411,0.000122307,0.00227749,0.05435,FALSE,NA,NA,NA,NA,NA,NA,2,NA
2109,16,7051430,7704354,TRUE,453,2853,0.000669813,0.000233442,0.00313223,0.0018801,TRUE,0.589075,0.589075,FALSE,0.03671,1,0.0395399,2,NA
2110,16,7704355,8341012,TRUE,381,2708,0.000526162,0.000153383,0.00916765,0.0160634,TRUE,0.228575,0.228575,FALSE,-0.81491,1,0.519047,2,NA
2111,16,8341013,9104469,TRUE,445,2716,0.000382359,0.000273994,0.0524828,0.00033796,FALSE,NA,NA,NA,NA,NA,NA,2,NA
2112,16,9104470,9754796,TRUE,368,2014,0.000295354,0.000376915,0.0840213,4.37626e-07,FALSE,NA,NA,NA,NA,NA,NA,2,NA
2113,16,9754797,10351808,TRUE,219,1947,0.000731434,0.000321442,3.25437e-05,7.73391e-08,TRUE,0.600647,0.600647,FALSE,0.26285,0.97227,0.00205695,2,NA
2114,16,10351809,11022542,TRUE,326,1820,1.75255e-05,0.000180489,0.45425,0.00495824,FALSE,NA,NA,NA,NA,NA,NA,2,NA
2115,16,11022543,11916631,TRUE,384,2629,0.000392007,0.000148272,0.0371942,0.0202113,TRUE,0.0977364,0.0977364,FALSE,-1,1,0.812566,2,NA
2116,16,11916632,12793149,TRUE,420,2909,0.00100657,0.000343566,2.25474e-05,1.25483e-05,TRUE,-0.113509,-0.113509,FALSE,-0.64856,0.27467,0.573503,2,NA
2117,16,12793150,13893407,TRUE,422,3448,0.00125538,0.000686061,2.73272e-07,3.05296e-15,TRUE,0.170917,0.170917,FALSE,-0.12351,0.43546,0.228043,2,NA
2118,16,13893408,15921108,TRUE,417,2539,0.000914353,0.000353371,8.33849e-05,5.07774e-06,TRUE,0.0580767,0.0580767,FALSE,-0.43518,0.43796,0.777366,2,NA
2119,16,15921109,17343277,TRUE,336,2431,NA,0.000274657,NA,6.32465e-05,FALSE,NA,NA,NA,NA,NA,NA,1,"SCZ"
2120,16,17343278,19104257,TRUE,330,2664,0.000123689,0.000201866,0.261173,0.00179524,FALSE,NA,NA,NA,NA,NA,NA,2,NA
2121,16,19104258,20351261,TRUE,402,2949,0.000799786,0.000114465,0.000347116,0.0594533,FALSE,NA,NA,NA,NA,NA,NA,2,NA
2122,16,20351262,22667048,TRUE,377,2484,0.00074094,0.000211426,0.000576359,0.00202695,TRUE,0.0466474,0.0466474,FALSE,-0.72356,0.55575,0.861097,2,NA
2123,16,22667049,24014705,TRUE,400,2962,0.000380128,0.00032915,0.0452921,1.55736e-05,TRUE,0.386258,0.386258,FALSE,-0.25641,1,0.208886,2,NA
2124,16,24014706,25235251,TRUE,474,2620,0.00059118,0.000229152,0.00873937,0.00241865,TRUE,0.107244,0.107244,FALSE,-0.77297,0.73291,0.727266,2,NA
2125,16,25235252,26154122,TRUE,379,2684,0.000547292,0.000326282,0.00712565,8.61407e-06,TRUE,0.199314,0.199314,FALSE,-0.41243,0.7116,0.434023,2,NA
2126,16,26154123,27443061,TRUE,620,3578,0.00106231,0.000282787,0.000125808,0.0011874,TRUE,0.127829,0.127829,FALSE,-0.49955,0.60377,0.595344,2,NA
2127,16,27443062,29043177,TRUE,328,1856,0.000711355,0.00014892,0.000441847,0.0130647,TRUE,0.187543,0.187543,FALSE,-0.64686,0.82647,0.532601,2,NA
2128,16,29043178,31384210,TRUE,294,2007,0.00055903,0.000311826,0.00260127,2.86603e-06,TRUE,0.426673,0.426673,FALSE,-0.04794,0.9385,0.0722295,2,NA
2129,16,31384211,32847928,TRUE,91,948,0.000226248,0.000168712,0.0228558,2.11176e-05,TRUE,0.203926,0.203926,FALSE,-0.59452,0.89653,0.516253,2,NA
2130,16,32847929,35259453,TRUE,56,352,NA,0.000103942,NA,0.000725846,FALSE,NA,NA,NA,NA,NA,NA,1,"SCZ"
2131,16,35259454,49010761,TRUE,322,2598,NA,0.000209924,NA,0.0011021,FALSE,NA,NA,NA,NA,NA,NA,1,"SCZ"
2132,16,49010762,50467033,TRUE,549,3071,0.000268387,0.000503628,0.148345,2.3929e-08,FALSE,NA,NA,NA,NA,NA,NA,2,NA
2133,16,50467034,52041336,TRUE,529,3076,0.00105161,0.000387959,5.19012e-05,5.65967e-06,TRUE,-0.0139979,-0.0139979,FALSE,-0.50188,0.35306,0.944208,2,NA
2134,16,52041337,53393882,TRUE,387,2840,0.000402379,0.000178887,0.0344625,0.00712423,TRUE,0.300253,0.300253,FALSE,-0.73261,1,0.425114,2,NA
2135,16,53393883,54866095,TRUE,553,3376,0.00032636,0.000471644,0.104317,1.64287e-07,FALSE,NA,NA,NA,NA,NA,NA,2,NA
2136,16,54866096,55907389,TRUE,394,2801,0.00059277,0.00016349,0.0049506,0.0136875,TRUE,0.366318,0.366318,FALSE,-0.47268,1,0.275055,2,NA
2137,16,55907390,57119889,TRUE,445,3054,0.00108796,0.000136856,8.24462e-06,0.0381828,TRUE,0.420489,0.420489,FALSE,-0.20623,1,0.153299,2,NA
2138,16,57119890,58508978,TRUE,524,3534,0.00021121,0.000568969,0.199316,3.52908e-10,FALSE,NA,NA,NA,NA,NA,NA,2,NA
2139,16,58508979,59885499,TRUE,325,3391,0.00060515,0.000267299,0.00207129,7.96749e-05,TRUE,0.461916,0.461916,FALSE,-0.05148,0.99816,0.0678857,2,NA
2140,16,59885500,61092844,TRUE,320,2759,0.000491687,0.000194731,0.00843743,0.00196133,TRUE,0.0263157,0.0263157,FALSE,-0.96863,0.64683,0.932248,2,NA
2141,16,61092845,62607090,TRUE,341,2558,0.000753401,0.00024816,0.000287806,0.000227744,TRUE,0.627796,0.627796,FALSE,0.20545,1,0.00897922,2,NA
2142,16,62607091,64207176,TRUE,388,3168,0.000817982,0.000117226,0.000212473,0.0506877,FALSE,NA,NA,NA,NA,NA,NA,2,NA
2143,16,64207177,65072403,TRUE,199,2182,0.000675142,0.000364816,5.12984e-05,7.23361e-10,TRUE,0.276133,0.276133,FALSE,-0.11318,0.62426,0.138102,2,NA
2144,16,65072404,65882820,TRUE,281,1843,0.00100377,0.000247963,7.62882e-07,7.50286e-05,TRUE,0.269326,0.269326,FALSE,-0.14645,0.64726,0.182069,2,NA
2145,16,65882821,66738843,TRUE,326,1948,0.000713324,0.000375314,0.000422318,1.44086e-07,TRUE,0.220834,0.220834,FALSE,-0.22821,0.60533,0.28347,2,NA
2146,16,66738844,68435728,TRUE,195,1956,0.000333805,0.000288443,0.0196989,4.16919e-07,TRUE,0.248371,0.248371,FALSE,-0.40653,0.86428,0.35962,2,NA
2147,16,68435729,69549149,TRUE,232,2013,0.000247846,0.000315986,0.0734345,2.07647e-07,FALSE,NA,NA,NA,NA,NA,NA,2,NA
2148,16,69549150,71062712,TRUE,197,1712,0.00069285,7.89716e-05,3.34753e-05,0.0635012,FALSE,NA,NA,NA,NA,NA,NA,2,NA
2149,16,71062713,72089511,TRUE,164,1715,0.000545724,0.000248554,0.000245961,1.39584e-06,TRUE,0.305589,0.305589,FALSE,-0.17283,0.73765,0.16575,2,NA
2150,16,72089512,73140781,TRUE,309,1713,0.00083223,0.000208246,4.81382e-05,0.00128363,TRUE,0.133684,0.133684,FALSE,-0.45899,0.61883,0.583149,2,NA
2151,16,73140782,74135275,TRUE,518,2201,0.000642355,3.4366e-05,0.00671518,0.330019,FALSE,NA,NA,NA,NA,NA,NA,2,NA
2152,16,74135276,74889127,TRUE,232,1629,0.000492091,0.000106497,0.00302602,0.0294997,TRUE,0.0815255,0.0815255,FALSE,-1,0.84674,0.820281,2,NA
2153,16,74889128,75525959,FALSE,NA,NA,NA,NA,NA,NA,FALSE,NA,NA,NA,NA,NA,NA,NA,NA
2154,16,75525960,76635467,TRUE,344,2901,0.00025911,0.000119514,0.103832,0.0392345,FALSE,NA,NA,NA,NA,NA,NA,2,NA
2155,16,76635468,77270665,TRUE,212,1912,0.000298841,5.74981e-05,0.0355427,0.131213,FALSE,NA,NA,NA,NA,NA,NA,2,NA
2156,16,77270666,77739132,TRUE,218,1799,0.000664186,0.0001261,0.000103152,0.0107354,TRUE,0.0755772,0.0755772,FALSE,-0.76447,0.6556,0.793552,2,NA
2157,16,77739133,78280636,TRUE,336,2244,0.000397973,0.000128342,0.0273409,0.0280761,TRUE,0.430264,0.430264,FALSE,-0.68051,1,0.298818,2,NA
2158,16,78280637,78973580,TRUE,541,3085,0.000957079,0.000401956,0.000219191,6.51997e-06,TRUE,-0.033487,-0.033487,FALSE,-0.60012,0.35915,0.872909,2,NA
2159,16,78973581,79662634,TRUE,605,2388,0.000698642,NA,0.006266,NA,FALSE,NA,NA,NA,NA,NA,NA,1,"BIP"
2160,16,79662635,80559685,TRUE,450,2909,6.54511e-05,0.000369572,0.381117,3.69199e-06,FALSE,NA,NA,NA,NA,NA,NA,2,NA
2161,16,80559686,81437861,TRUE,446,2799,NA,0.000241035,NA,0.001272,FALSE,NA,NA,NA,NA,NA,NA,1,"SCZ"
2162,16,81437862,82310204,TRUE,584,2833,0.000306886,0.000379518,0.124265,2.26849e-05,FALSE,NA,NA,NA,NA,NA,NA,2,NA
2163,16,82310205,83077869,TRUE,531,3026,0.000998481,0.000333338,0.000113188,7.68709e-05,TRUE,0.658912,0.658912,FALSE,0.28397,1,0.00272216,2,NA
2164,16,83077870,83778371,TRUE,514,2881,0.000713255,0.00011891,0.00310418,0.072781,FALSE,NA,NA,NA,NA,NA,NA,2,NA
2165,16,83778372,84440154,TRUE,635,2805,0.000257222,0.000270423,0.174256,0.0018979,FALSE,NA,NA,NA,NA,NA,NA,2,NA
2166,16,84440155,85146805,TRUE,577,2755,NA,0.000229443,NA,0.00483365,FALSE,NA,NA,NA,NA,NA,NA,1,"SCZ"
2167,16,85146806,86058597,TRUE,684,2338,NA,0.00024,NA,0.00673252,FALSE,NA,NA,NA,NA,NA,NA,1,"SCZ"
2168,16,86058598,86748867,TRUE,645,2614,0.000370601,0.000278019,0.093468,0.00177663,FALSE,NA,NA,NA,NA,NA,NA,2,NA
2169,16,86748868,87669168,TRUE,607,2833,0.000924151,0.00041521,0.000618002,7.54892e-06,TRUE,0.0681703,0.0681703,FALSE,-0.454,0.48217,0.753617,2,NA
2170,16,87669169,88387228,TRUE,419,2427,0.000393805,1.47062e-05,0.0427433,0.411163,FALSE,NA,NA,NA,NA,NA,NA,2,NA
2171,16,88387229,89106304,TRUE,445,2127,NA,0.000287414,NA,0.000234874,FALSE,NA,NA,NA,NA,NA,NA,1,"SCZ"
2172,16,89106305,90292787,TRUE,386,2837,0.00146272,0.000377554,1.36676e-09,9.9912e-07,TRUE,0.642273,0.642273,FALSE,0.3618,0.95055,9.77201e-05,2,NA
2173,17,52,815653,TRUE,411,2114,0.000294925,NA,0.0944258,NA,FALSE,NA,NA,NA,NA,NA,NA,1,"BIP"
2174,17,815654,1480056,TRUE,438,1909,0.000483371,0.000285227,0.0204242,0.000187675,TRUE,0.612979,0.612979,FALSE,0.05682,1,0.0406942,2,NA
2175,17,1480057,2699135,TRUE,495,2592,0.00103249,2.51985e-05,4.51441e-05,0.368238,FALSE,NA,NA,NA,NA,NA,NA,2,NA
2176,17,2699136,3430440,TRUE,293,1818,0.000264842,2.86042e-05,0.0821389,0.314017,FALSE,NA,NA,NA,NA,NA,NA,2,NA
2177,17,3430441,4463971,TRUE,489,2530,0.000477651,0.000228956,0.0274879,0.00307028,TRUE,-0.00401248,-0.00401248,FALSE,NA,NA,0.990711,2,NA
2178,17,4463972,5573784,TRUE,377,2877,0.000841865,0.000211397,0.000128835,0.00206467,TRUE,0.69344,0.69344,FALSE,0.25412,1,0.00639438,2,NA
2179,17,5573785,6305078,TRUE,390,2141,0.000323144,0.000114002,0.0710022,0.055523,FALSE,NA,NA,NA,NA,NA,NA,2,NA
2180,17,6305079,7264458,TRUE,418,2154,0.000497655,7.33704e-05,0.0161917,0.156487,FALSE,NA,NA,NA,NA,NA,NA,2,NA
2181,17,7264459,8554763,TRUE,405,2593,0.000866206,0.000126626,0.000134016,0.0422,TRUE,-0.32022,-0.32022,FALSE,-1,0.28736,0.320647,2,NA
2182,17,8554764,9619356,TRUE,481,2336,0.000275256,0.000158772,0.126799,0.0247037,FALSE,NA,NA,NA,NA,NA,NA,2,NA
2183,17,9619357,10572617,TRUE,449,2569,0.000655368,3.73853e-05,0.00349287,0.303097,FALSE,NA,NA,NA,NA,NA,NA,2,NA
2184,17,10572618,11778164,TRUE,457,2652,3.73081e-05,0.000100043,0.428458,0.0958499,FALSE,NA,NA,NA,NA,NA,NA,2,NA
2185,17,11778165,12676353,TRUE,299,1757,8.39505e-05,0.000122429,0.32012,0.0266619,FALSE,NA,NA,NA,NA,NA,NA,2,NA
2186,17,12676354,13648446,TRUE,483,3039,0.000447261,0.000237086,0.0346118,0.00180757,TRUE,-0.258875,-0.258875,FALSE,-1,0.38861,0.45249,2,NA
2187,17,13648447,14508610,TRUE,368,2321,0.000302218,0.000106692,0.0781866,0.0624402,FALSE,NA,NA,NA,NA,NA,NA,2,NA
2188,17,14508611,15308722,TRUE,378,2542,0.00014742,0.000228306,0.240076,0.000926899,FALSE,NA,NA,NA,NA,NA,NA,2,NA
2189,17,15308723,16405207,TRUE,203,1665,NA,0.000104178,NA,0.025478,FALSE,NA,NA,NA,NA,NA,NA,1,"SCZ"
2190,17,16405208,17326540,TRUE,217,1726,0.000247825,5.93227e-05,0.0664447,0.130079,FALSE,NA,NA,NA,NA,NA,NA,2,NA
2191,17,17326541,18900978,TRUE,226,2078,0.00055379,6.99833e-05,0.000927095,0.09673,FALSE,NA,NA,NA,NA,NA,NA,2,NA
2192,17,18900979,20402494,TRUE,197,1525,0.000495065,9.61826e-05,0.00162751,0.0343061,TRUE,0.447488,0.447488,FALSE,-0.34628,1,0.20962,2,NA
2193,17,20402495,21432873,TRUE,236,1300,0.0002511,0.000179861,0.0729692,0.00120369,FALSE,NA,NA,NA,NA,NA,NA,2,NA
2194,17,21432874,25872110,TRUE,169,2351,4.24581e-05,0.000176727,0.371354,0.000459901,FALSE,NA,NA,NA,NA,NA,NA,2,NA
2195,17,25872111,27344401,TRUE,317,1850,0.000223035,0.000286911,0.128427,2.09815e-05,FALSE,NA,NA,NA,NA,NA,NA,2,NA
2196,17,27344402,29783141,TRUE,284,2977,0.000655954,0.000213129,0.000498161,0.000478969,TRUE,0.381228,0.381228,FALSE,-0.17369,0.9076,0.132879,2,NA
2197,17,29783142,31318753,TRUE,440,2942,0.000646548,0.0001604,0.00366492,0.0193237,TRUE,-0.170534,-0.170534,FALSE,-1,0.4904,0.613519,2,NA
2198,17,31318754,32356061,TRUE,489,2771,0.000559481,0.000314556,0.0129652,9.46244e-05,TRUE,0.217788,0.217788,FALSE,-0.4761,0.80068,0.436112,2,NA
2199,17,32356062,33614189,TRUE,422,2757,0.000145475,8.70696e-05,0.254341,0.117148,FALSE,NA,NA,NA,NA,NA,NA,2,NA
2200,17,33614190,34474611,TRUE,252,2014,NA,6.89155e-05,NA,0.112155,FALSE,NA,NA,NA,NA,NA,NA,1,"SCZ"
2201,17,34474612,36116884,TRUE,415,2154,0.000462954,0.000256318,0.0222726,0.000449327,TRUE,0.329343,0.329343,FALSE,-0.40676,1,0.289868,2,NA
2202,17,36116885,37361178,TRUE,386,2008,0.000653563,3.18984e-05,0.00208077,0.31744,FALSE,NA,NA,NA,NA,NA,NA,2,NA
2203,17,37361179,38880481,TRUE,292,2442,0.000702462,0.000314771,0.000312045,3.38298e-06,TRUE,0.376193,0.376193,FALSE,-0.06804,0.81065,0.0842407,2,NA
2204,17,38880482,40233545,TRUE,310,3303,0.000320174,9.9649e-05,0.0525578,0.0603274,FALSE,NA,NA,NA,NA,NA,NA,2,NA
2205,17,40233546,42348003,TRUE,385,2994,0.000324234,0.000426232,0.0692479,3.58476e-08,FALSE,NA,NA,NA,NA,NA,NA,2,NA
2206,17,42348004,43460500,TRUE,253,1951,0.00050231,0.000180141,0.00354202,0.00172679,TRUE,0.401555,0.401555,FALSE,-0.25923,1,0.173309,2,NA
2207,17,43460501,44865832,TRUE,90,2449,0.000573176,5.69657e-05,2.64423e-06,0.0505294,FALSE,NA,NA,NA,NA,NA,NA,2,NA
2208,17,44865833,45883901,TRUE,166,1953,0.000655928,0.000199635,2.41666e-05,6.89247e-05,TRUE,0.289735,0.289735,FALSE,-0.19138,0.70485,0.19779,2,NA
2209,17,45883902,47516224,TRUE,341,3433,0.000869882,0.000417077,4.20223e-05,1.43937e-08,TRUE,0.495207,0.495207,FALSE,0.15785,0.85116,0.00744243,2,NA
2210,17,47516225,48722590,TRUE,570,2252,0.000276949,0.000204346,0.146029,0.0114024,FALSE,NA,NA,NA,NA,NA,NA,2,NA
2211,17,48722591,49909298,TRUE,354,2283,0.000971659,0.000398928,9.23977e-06,7.16785e-08,TRUE,0.334698,0.334698,FALSE,-0.01785,0.67274,0.0643679,2,NA
2212,17,49909299,51110385,TRUE,197,2882,0.000321976,0.000194975,0.0229871,0.000299858,TRUE,0.296625,0.296625,FALSE,-0.48826,1,0.354323,2,NA
2213,17,51110386,52102649,TRUE,203,2057,0.000481576,9.17438e-05,0.00221809,0.0388206,TRUE,0.298206,0.298206,FALSE,-0.67969,1,0.418354,2,NA
2214,17,52102650,53468006,TRUE,391,2994,0.000471344,0.000369048,0.0179788,1.18909e-06,TRUE,0.0421242,0.0421242,FALSE,-0.69747,0.57427,0.873058,2,NA
2215,17,53468007,54950107,TRUE,358,2875,0.000848377,0.000137703,8.27771e-05,0.0232309,TRUE,0.457194,0.457194,FALSE,-0.16169,1,0.124979,2,NA
2216,17,54950108,56245227,TRUE,628,2704,0.000287095,5.7872e-05,0.148053,0.25529,FALSE,NA,NA,NA,NA,NA,NA,2,NA
2217,17,56245228,58652809,TRUE,307,2919,0.000623903,0.000336131,0.00134833,1.52553e-06,TRUE,-0.00524614,-0.00524614,FALSE,-0.5996,0.4212,0.981483,2,NA
2218,17,58652810,60453120,TRUE,383,2257,NA,5.27393e-05,NA,0.219353,FALSE,NA,NA,NA,NA,NA,NA,1,"SCZ"
2219,17,60453121,62112373,TRUE,271,2125,0.000177392,0.000196621,0.162714,0.000970847,FALSE,NA,NA,NA,NA,NA,NA,2,NA
2220,17,62112374,63548724,TRUE,314,2343,0.000348181,9.2008e-05,0.0406888,0.0780175,FALSE,NA,NA,NA,NA,NA,NA,2,NA
2221,17,63548725,64438387,TRUE,185,2571,0.000197071,0.000126951,0.0954988,0.00647766,FALSE,NA,NA,NA,NA,NA,NA,2,NA
2222,17,64438388,65582327,TRUE,478,2629,0.000695409,0.000245961,0.00290388,0.00173745,TRUE,0.255837,0.255837,FALSE,-0.4227,0.86067,0.365162,2,NA
2223,17,65582328,66757556,TRUE,382,2504,0.00109091,0.000176828,1.95969e-06,0.00756191,TRUE,0.101417,0.101417,FALSE,-0.52816,0.60607,0.681703,2,NA
2224,17,66757557,68176219,TRUE,326,2551,2.87968e-05,NA,0.431701,NA,FALSE,NA,NA,NA,NA,NA,NA,1,"BIP"
2225,17,68176220,69245590,TRUE,324,2705,0.000453806,0.0001273,0.0142715,0.0258994,TRUE,-0.4396,-0.4396,FALSE,-1,0.283,0.255633,2,NA
2226,17,69245591,70495119,TRUE,502,2616,0.000240031,0.000266476,0.164988,0.000936036,FALSE,NA,NA,NA,NA,NA,NA,2,NA
2227,17,70495120,71466953,TRUE,550,2342,0.000651751,NA,0.00714117,NA,FALSE,NA,NA,NA,NA,NA,NA,1,"BIP"
2228,17,71466954,72383472,TRUE,546,2451,0.000378613,0.000329411,0.0725639,0.000122068,FALSE,NA,NA,NA,NA,NA,NA,2,NA
2229,17,72383473,73741321,TRUE,446,2939,0.000748228,0.000317039,0.00116471,5.35078e-05,TRUE,0.0315512,0.0315512,FALSE,-0.58954,0.46952,0.894924,2,NA
2230,17,73741322,74908266,TRUE,379,2574,0.00125211,0.000410769,9.16409e-08,8.0442e-08,TRUE,0.0951197,0.0951197,FALSE,-0.26229,0.39919,0.566112,2,NA
2231,17,74908267,75619256,TRUE,420,2130,0.000353489,7.65185e-05,0.0611665,0.150495,FALSE,NA,NA,NA,NA,NA,NA,2,NA
2232,17,75619257,76596287,TRUE,588,2840,0.000659492,0.000317473,0.00836018,0.000280502,TRUE,-0.0259737,-0.0259737,FALSE,-0.89881,0.50322,0.925326,2,NA
2233,17,76596288,77412786,TRUE,512,2328,0.000729526,0.000148263,0.00253749,0.0368738,TRUE,-0.551388,-0.551388,FALSE,-1,0.12865,0.117947,2,NA
2234,17,77412787,78438332,TRUE,474,2421,1.56974e-05,0.000299256,0.465127,0.000178413,FALSE,NA,NA,NA,NA,NA,NA,2,NA
2235,17,78438333,79333774,TRUE,352,2752,0.000692545,0.00025514,0.000794704,0.000212788,TRUE,0.644672,0.644672,FALSE,0.20593,1,0.0093536,2,NA
2236,17,79333775,80459149,TRUE,314,2644,0.000346233,0.000205762,0.0421058,0.00121152,TRUE,0.255859,0.255859,FALSE,-0.72127,1,0.468044,2,NA
2237,17,80459150,81192460,TRUE,223,1881,0.000477476,0.000142001,0.0033225,0.0066541,TRUE,0.426532,0.426532,FALSE,-0.27981,1,0.182351,2,NA
2238,18,10719,848350,TRUE,346,2113,NA,0.00015893,NA,0.0104218,FALSE,NA,NA,NA,NA,NA,NA,1,"SCZ"
2239,18,848351,1940211,TRUE,342,2635,0.000173163,0.000129739,0.192729,0.0271333,FALSE,NA,NA,NA,NA,NA,NA,2,NA
2240,18,1940212,2839842,TRUE,388,2618,1.09072e-06,7.10392e-06,0.488427,0.44969,FALSE,NA,NA,NA,NA,NA,NA,2,NA
2241,18,2839843,3722828,TRUE,454,2235,0.000314755,NA,0.0911173,NA,FALSE,NA,NA,NA,NA,NA,NA,1,"BIP"
2242,18,3722829,4603961,TRUE,420,2073,0.000158757,0.000256154,0.235774,0.000538377,FALSE,NA,NA,NA,NA,NA,NA,2,NA
2243,18,4603962,5575812,TRUE,370,2526,0.000521047,7.10025e-05,0.00902529,0.151736,FALSE,NA,NA,NA,NA,NA,NA,2,NA
2244,18,5575813,6756496,TRUE,515,2761,0.00036161,0.000177064,0.0763684,0.0174547,FALSE,NA,NA,NA,NA,NA,NA,2,NA
2245,18,6756497,7862479,TRUE,448,2404,0.000528609,0.000135459,0.013935,0.0387237,TRUE,-0.269194,-0.269194,FALSE,-1,0.52802,0.499827,2,NA
2246,18,7862480,8788524,TRUE,408,2585,0.000304027,0.000218067,0.0908017,0.00224419,FALSE,NA,NA,NA,NA,NA,NA,2,NA
2247,18,8788525,9816164,TRUE,458,2962,0.000524374,0.000163707,0.0153382,0.0183552,TRUE,-0.340665,-0.340665,FALSE,-1,0.36286,0.358899,2,NA
2248,18,9816165,10675548,TRUE,475,2319,0.000309902,0.000204737,0.0982495,0.00543603,FALSE,NA,NA,NA,NA,NA,NA,2,NA
2249,18,10675549,11872226,TRUE,467,3160,NA,5.56067e-06,NA,0.462274,FALSE,NA,NA,NA,NA,NA,NA,1,"SCZ"
2250,18,11872227,12735558,TRUE,264,2232,0.000156091,0.000112107,0.188144,0.0297005,FALSE,NA,NA,NA,NA,NA,NA,2,NA
2251,18,12735559,13641479,TRUE,346,2008,0.000660362,0.000250282,0.00115595,0.000224327,TRUE,0.433634,0.433634,FALSE,-0.0721,0.98293,0.0864004,2,NA
2252,18,13641480,14439251,TRUE,174,1846,3.51398e-05,0.000118252,0.390787,0.00916466,FALSE,NA,NA,NA,NA,NA,NA,2,NA
2253,18,14439252,15220934,TRUE,83,914,NA,1.57293e-05,NA,0.297615,FALSE,NA,NA,NA,NA,NA,NA,1,"SCZ"
2254,18,15220935,20009696,TRUE,227,1741,NA,0.000213404,NA,0.000201412,FALSE,NA,NA,NA,NA,NA,NA,1,"SCZ"
2255,18,20009697,21622716,TRUE,302,2789,7.70546e-05,0.000151914,0.335095,0.011044,FALSE,NA,NA,NA,NA,NA,NA,2,NA
2256,18,21622717,22746153,TRUE,383,2464,0.000530214,1.01497e-05,0.00896077,0.432229,FALSE,NA,NA,NA,NA,NA,NA,2,NA
2257,18,22746154,24088163,TRUE,406,2783,0.000879857,0.000283355,0.00012493,0.00011799,TRUE,0.0657431,0.0657431,FALSE,-0.49915,0.50151,0.770958,2,NA
2258,18,24088164,25305260,TRUE,418,2608,0.000670884,0.000346216,0.00227915,6.12689e-06,TRUE,-0.143658,-0.143658,FALSE,-0.86622,0.29144,0.53983,2,NA
2259,18,25305261,26861067,TRUE,295,2949,0.000644283,0.000131595,0.00072384,0.0196522,TRUE,0.43881,0.43881,FALSE,-0.25565,1,0.168194,2,NA
2260,18,26861068,27823155,TRUE,156,2100,0.000327048,7.06931e-05,0.012366,0.0594854,FALSE,NA,NA,NA,NA,NA,NA,2,NA
2261,18,27823156,28792734,TRUE,263,2312,0.000292552,0.000216837,0.0539076,0.000290767,FALSE,NA,NA,NA,NA,NA,NA,2,NA
2262,18,28792735,30401128,TRUE,429,3388,0.000636541,0.00027816,0.0037194,0.000192513,TRUE,0.35669,0.35669,FALSE,-0.20424,0.93855,0.176308,2,NA
2263,18,30401129,32458907,TRUE,360,3463,0.00110628,0.000324418,1.15686e-06,9.7262e-06,TRUE,0.413798,0.413798,FALSE,0.05301,0.77081,0.029784,2,NA
2264,18,32458908,34153297,TRUE,433,3182,0.000612593,0.0004096,0.00520491,3.50615e-07,TRUE,0.424455,0.424455,FALSE,-0.03619,0.95869,0.0674794,2,NA
2265,18,34153298,36056932,TRUE,465,3804,0.00105201,0.000252569,2.16595e-05,0.000934622,TRUE,-0.0355,-0.0355,FALSE,-0.67402,0.39861,0.877226,2,NA
2266,18,36056933,37679127,TRUE,294,2905,0.000887511,0.000410217,1.17221e-05,4.43735e-09,TRUE,0.113705,0.113705,FALSE,-0.27075,0.44534,0.523674,2,NA
2267,18,37679128,38498381,TRUE,187,2243,0.00013628,9.11863e-05,0.178996,0.0352468,FALSE,NA,NA,NA,NA,NA,NA,2,NA
2268,18,38498382,39410165,TRUE,251,1923,0.000710797,0.000148591,0.000110677,0.00699965,TRUE,0.263813,0.263813,FALSE,-0.41003,0.82723,0.342488,2,NA
2269,18,39410166,40471407,TRUE,185,2197,NA,0.000108203,NA,0.0173446,FALSE,NA,NA,NA,NA,NA,NA,1,"SCZ"
2270,18,40471408,41425454,TRUE,204,2079,0.000207595,0.000317082,0.0954046,4.00007e-08,FALSE,NA,NA,NA,NA,NA,NA,2,NA
2271,18,41425455,42974165,TRUE,424,2940,0.00072544,0.000532604,0.00125206,1.00578e-10,TRUE,0.292739,0.292739,FALSE,-0.11426,0.68089,0.131833,2,NA
2272,18,42974166,44300145,TRUE,499,3129,0.000847442,0.000360538,0.000580033,1.36688e-05,TRUE,0.0634119,0.0634119,FALSE,-0.49444,0.47616,0.775723,2,NA
2273,18,44300146,45718492,TRUE,439,3210,0.000760122,0.000375742,0.000980614,2.1874e-06,TRUE,0.597161,0.597161,FALSE,0.20588,1,0.00689022,2,NA
2274,18,45718493,46558306,TRUE,481,2154,0.00114749,0.000175367,6.14342e-06,0.0158228,TRUE,0.374757,0.374757,FALSE,-0.18944,1,0.15753,2,NA
2275,18,46558307,47455925,TRUE,201,2163,0.000539804,0.000210705,0.000728914,9.04627e-05,TRUE,-0.154465,-0.154465,FALSE,-0.89752,0.31845,0.533708,2,NA
2276,18,47455926,48228379,TRUE,261,1823,0.000796072,0.000321032,2.50639e-05,3.60278e-07,TRUE,0.139228,0.139228,FALSE,-0.29886,0.49806,0.473642,2,NA
2277,18,48228380,49790996,TRUE,428,3223,0.000800106,0.000363019,0.000488877,4.25145e-06,TRUE,0.131822,0.131822,FALSE,-0.38207,0.53708,0.543745,2,NA
2278,18,49790997,50372823,TRUE,198,1976,0.00045368,8.99527e-05,0.00316212,0.041143,TRUE,-0.0542374,-0.0542374,FALSE,-1,0.7364,0.885383,2,NA
2279,18,50372824,51060986,TRUE,103,1815,0.000339096,0.00018484,0.0029656,7.36936e-06,TRUE,0.569681,0.569681,FALSE,0.06461,1,0.0315758,2,NA
2280,18,51060987,52512523,TRUE,187,3516,0.00051612,0.000330729,0.000797599,3.82367e-09,TRUE,0.456084,0.456084,FALSE,0.0597,0.87888,0.0297932,2,NA
2281,18,52512524,53762996,TRUE,282,2119,0.00194115,0.000262163,9.52058e-18,2.72827e-05,TRUE,0.704048,0.704048,FALSE,0.45318,1,1.00245e-05,2,NA
2282,18,53762997,54957867,TRUE,290,2433,0.00085486,0.000248137,2.31987e-05,0.000127849,TRUE,0.593072,0.593072,FALSE,0.20187,1,0.00732629,2,NA
2283,18,54957868,55809315,TRUE,326,2420,3.15857e-05,6.52687e-05,0.42638,0.152179,FALSE,NA,NA,NA,NA,NA,NA,2,NA
2284,18,55809316,56832312,TRUE,430,2545,NA,0.000217861,NA,0.00244518,FALSE,NA,NA,NA,NA,NA,NA,1,"SCZ"
2285,18,56832313,57635821,TRUE,342,2206,NA,0.00019239,NA,0.00318163,FALSE,NA,NA,NA,NA,NA,NA,1,"SCZ"
2286,18,57635822,58527236,TRUE,210,2415,0.00037337,8.8536e-05,0.0158666,0.0501421,FALSE,NA,NA,NA,NA,NA,NA,2,NA
2287,18,58527237,59449422,TRUE,312,1846,0.000158091,9.85808e-05,0.204657,0.0640853,FALSE,NA,NA,NA,NA,NA,NA,2,NA
2288,18,59449423,60780194,TRUE,362,3266,0.000371226,0.000197234,0.0414745,0.00263801,TRUE,0.28938,0.28938,FALSE,-0.68907,1,0.425803,2,NA
2289,18,60780195,62074993,TRUE,362,3146,0.000883946,0.000249031,5.16929e-05,0.000351599,TRUE,-0.217237,-0.217237,FALSE,-0.92174,0.21381,0.344114,2,NA
2290,18,62074994,63109755,TRUE,228,2598,0.000281986,NA,0.0491453,NA,FALSE,NA,NA,NA,NA,NA,NA,1,"BIP"
2291,18,63109756,64253143,TRUE,213,2599,0.000240776,9.31254e-05,0.0697401,0.0406018,FALSE,NA,NA,NA,NA,NA,NA,2,NA
2292,18,64253144,65294195,TRUE,225,2723,0.000247159,8.56316e-05,0.0701723,0.0571685,FALSE,NA,NA,NA,NA,NA,NA,2,NA
2293,18,65294196,66407960,TRUE,356,3174,0.000572228,0.000474817,0.00435053,2.64528e-10,TRUE,-0.674694,-0.674694,FALSE,-1,-0.24359,0.00160008,2,NA
2294,18,66407961,67195980,TRUE,246,2006,0.00049463,0.000250919,0.00354369,2.57231e-05,TRUE,0.433333,0.433333,FALSE,-0.06989,1,0.0897729,2,NA
2295,18,67195981,68051035,TRUE,309,2076,NA,0.000591249,NA,4.05095e-15,FALSE,NA,NA,NA,NA,NA,NA,1,"SCZ"
2296,18,68051036,69311742,TRUE,414,3490,0.000747111,0.000147817,0.000868225,0.0239002,TRUE,0.210515,0.210515,FALSE,-0.67952,0.92218,0.51289,2,NA
2297,18,69311743,70540349,TRUE,396,3354,0.000596144,0.000241755,0.0048785,0.000701483,TRUE,0.251352,0.251352,FALSE,-0.43907,0.83668,0.372893,2,NA
2298,18,70540350,71491860,TRUE,373,2820,0.000660235,NA,0.0015988,NA,FALSE,NA,NA,NA,NA,NA,NA,1,"BIP"
2299,18,71491861,72785206,TRUE,462,2905,0.000254141,8.99102e-05,0.140113,0.11934,FALSE,NA,NA,NA,NA,NA,NA,2,NA
2300,18,72785207,73568260,TRUE,362,2216,0.000312124,5.2838e-05,0.0713351,0.215863,FALSE,NA,NA,NA,NA,NA,NA,2,NA
2301,18,73568261,74471745,TRUE,461,2730,0.000276427,0.000329912,0.121065,4.18078e-05,FALSE,NA,NA,NA,NA,NA,NA,2,NA
2302,18,74471746,75240760,TRUE,435,2666,0.000570592,0.000282364,0.00811871,0.000177882,TRUE,-0.0969319,-0.0969319,FALSE,-1,0.42613,0.726177,2,NA
2303,18,75240761,76231685,TRUE,506,3230,NA,0.000334701,NA,4.84981e-05,FALSE,NA,NA,NA,NA,NA,NA,1,"SCZ"
2304,18,76231686,77148137,TRUE,332,2917,0.000218825,0.000294777,0.137521,2.21594e-05,FALSE,NA,NA,NA,NA,NA,NA,2,NA
2305,18,77148138,78017072,TRUE,380,2535,0.000994139,0.000256488,1.04178e-05,0.000307217,TRUE,0.325422,0.325422,FALSE,-0.13678,0.75613,0.137256,2,NA
2306,19,64705,762046,TRUE,395,1562,NA,4.67188e-05,NA,0.260758,FALSE,NA,NA,NA,NA,NA,NA,1,"SCZ"
2307,19,762047,1515920,TRUE,438,1787,0.000643541,NA,0.00424259,NA,FALSE,NA,NA,NA,NA,NA,NA,1,"BIP"
2308,19,1515921,2253174,TRUE,350,1584,0.00075474,0.000296688,0.000401311,4.14163e-05,TRUE,-0.169189,-0.169189,FALSE,-0.83412,0.26842,0.461785,2,NA
2309,19,2253175,3085446,TRUE,434,2268,0.000456308,0.00027073,0.0260925,0.000379218,TRUE,-0.169135,-0.169135,FALSE,-1,0.44181,0.590346,2,NA
2310,19,3085447,3893909,TRUE,417,1931,NA,1.94156e-06,NA,0.480183,FALSE,NA,NA,NA,NA,NA,NA,1,"SCZ"
2311,19,3893910,4741718,TRUE,341,1773,NA,0.000164516,NA,0.00947644,FALSE,NA,NA,NA,NA,NA,NA,1,"SCZ"
2312,19,4741719,5478684,TRUE,404,1980,0.000841765,0.000468735,0.000183134,4.7003e-09,TRUE,-0.0343598,-0.0343598,FALSE,-0.51322,0.31594,0.855328,2,NA
2313,19,5478685,6455428,TRUE,369,2454,0.000485939,0.000489983,0.0141763,8.92527e-10,TRUE,-0.286877,-0.286877,FALSE,-1,0.16386,0.218204,2,NA
2314,19,6455429,7249359,TRUE,427,2268,0.000214247,8.45525e-06,0.170518,0.445393,FALSE,NA,NA,NA,NA,NA,NA,2,NA
2315,19,7249360,8199016,TRUE,391,2340,0.000106308,6.44478e-05,0.304829,0.178417,FALSE,NA,NA,NA,NA,NA,NA,2,NA
2316,19,8199017,9105577,TRUE,335,2079,NA,7.736e-05,NA,0.119163,FALSE,NA,NA,NA,NA,NA,NA,1,"SCZ"
2317,19,9105578,10028840,TRUE,154,2058,0.000268567,7.41663e-05,0.0292056,0.0520041,FALSE,NA,NA,NA,NA,NA,NA,2,NA
2318,19,10028841,11681978,TRUE,530,3462,0.000792525,0.000193414,0.0014114,0.0123543,TRUE,-0.132993,-0.132993,FALSE,-1,0.44505,0.665042,2,NA
2319,19,11681979,13213186,TRUE,318,2764,0.001073,0.000237353,7.75464e-07,0.000426308,TRUE,0.486736,0.486736,FALSE,0.08833,0.91729,0.0221356,2,NA
2320,19,13213187,13968319,TRUE,329,1671,0.000283496,2.0546e-05,0.0820158,0.36786,FALSE,NA,NA,NA,NA,NA,NA,2,NA
2321,19,13968320,14891100,TRUE,338,1765,0.000617501,0.000120551,0.00196229,0.0375658,TRUE,0.401106,0.401106,FALSE,-0.4286,1,0.257893,2,NA
2322,19,14891101,15650185,TRUE,284,1893,0.000441421,0.000117443,0.011241,0.029179,TRUE,0.446511,0.446511,FALSE,-0.45636,1,0.24785,2,NA
2323,19,15650186,16079006,TRUE,131,1794,7.16468e-05,NA,0.273015,NA,FALSE,NA,NA,NA,NA,NA,NA,1,"BIP"
2324,19,16079007,17045963,TRUE,273,2018,0.00012459,0.000166351,0.239942,0.00388353,FALSE,NA,NA,NA,NA,NA,NA,2,NA
2325,19,17045964,17750518,TRUE,307,1854,0.000361782,2.1605e-05,0.0333539,0.355557,FALSE,NA,NA,NA,NA,NA,NA,2,NA
2326,19,17750519,18504867,TRUE,302,1782,0.000527394,8.63787e-05,0.00452994,0.0865238,FALSE,NA,NA,NA,NA,NA,NA,2,NA
2327,19,18504868,19749166,TRUE,310,2134,0.000948349,0.000313283,5.18577e-06,3.77389e-06,TRUE,0.274972,0.274972,FALSE,-0.12054,0.63322,0.15496,2,NA
2328,19,19749167,20485499,TRUE,171,1921,0.000415603,0.000202684,0.00390485,9.25541e-05,TRUE,0.251054,0.251054,FALSE,-0.42226,0.807,0.356124,2,NA
2329,19,20485500,21155862,TRUE,76,1990,7.47486e-06,7.33088e-05,0.447221,0.01369,FALSE,NA,NA,NA,NA,NA,NA,2,NA
2330,19,21155863,21822653,TRUE,88,1693,0.000197088,8.59572e-05,0.0353523,0.00990079,TRUE,0.0699779,0.0699779,FALSE,-1,1,0.866141,2,NA
2331,19,21822654,22729408,TRUE,160,2359,0.000244792,0.000229948,0.0450351,5.93409e-06,TRUE,0.1089,0.1089,FALSE,-0.79217,0.8205,0.731295,2,NA
2332,19,22729409,23468992,TRUE,95,2008,1.30113e-05,7.85723e-06,0.432435,0.392583,FALSE,NA,NA,NA,NA,NA,NA,2,NA
2333,19,23468993,24567341,TRUE,129,2633,3.63337e-05,0.000109664,0.371313,0.00659489,FALSE,NA,NA,NA,NA,NA,NA,2,NA
2334,19,24567342,28555845,TRUE,97,2491,0.00013553,0.00026066,0.116998,8.35243e-09,FALSE,NA,NA,NA,NA,NA,NA,2,NA
2335,19,28555846,29389090,TRUE,213,2824,0.000514856,0.000139738,0.00152094,0.00596631,TRUE,-0.0340762,-0.0340762,FALSE,-1,0.56738,0.910855,2,NA
2336,19,29389091,30375792,TRUE,413,2792,NA,0.00011576,NA,0.0579184,FALSE,NA,NA,NA,NA,NA,NA,1,"SCZ"
2337,19,30375793,31763008,TRUE,474,2460,0.00119251,0.0004151,2.81767e-06,1.20457e-06,TRUE,0.28838,0.28838,FALSE,-0.08492,0.62253,0.112542,2,NA
2338,19,31763009,33028099,TRUE,409,2493,0.000766295,0.000197198,0.000597262,0.0044176,TRUE,0.262796,0.262796,FALSE,-0.43465,0.83966,0.344937,2,NA
2339,19,33028100,33785835,TRUE,238,2168,0.000215451,4.72812e-05,0.103095,0.1909,FALSE,NA,NA,NA,NA,NA,NA,2,NA
2340,19,33785836,34633274,TRUE,362,2364,0.000455954,6.40843e-05,0.0175521,0.173552,FALSE,NA,NA,NA,NA,NA,NA,2,NA
2341,19,34633275,35649343,TRUE,285,2227,0.000590728,0.00013316,0.00143934,0.017685,TRUE,0.775861,0.775861,FALSE,0.21845,1,0.0174197,2,NA
2342,19,35649344,36638122,TRUE,401,2261,0.000540801,0.000220274,0.00905874,0.00183877,TRUE,0.347891,0.347891,FALSE,-0.34194,1,0.257324,2,NA
2343,19,36638123,38472870,TRUE,166,3123,0.000876691,0.000133093,8.82684e-08,0.00428242,TRUE,0.0867764,0.0867764,FALSE,-0.50562,0.53651,0.716995,2,NA
2344,19,38472871,39370419,TRUE,268,2108,0.000923713,0.000224934,2.42878e-06,0.000224271,TRUE,0.0317032,0.0317032,FALSE,-0.50935,0.43655,0.882494,2,NA
2345,19,39370420,40171413,TRUE,246,1840,0.000376893,2.06727e-05,0.0182307,0.34629,FALSE,NA,NA,NA,NA,NA,NA,2,NA
2346,19,40171414,41004105,TRUE,214,1720,NA,3.60849e-05,NA,0.249443,FALSE,NA,NA,NA,NA,NA,NA,1,"SCZ"
2347,19,41004106,41733463,TRUE,272,1722,1.04847e-06,4.76814e-05,0.486282,0.204819,FALSE,NA,NA,NA,NA,NA,NA,2,NA
2348,19,41733464,43317282,TRUE,301,2059,0.000446055,0.000292167,0.0131309,1.40779e-05,TRUE,-0.0297962,-0.0297962,FALSE,-0.84424,0.50881,0.912853,2,NA
2349,19,43317283,43960958,TRUE,134,1676,0.000113696,NA,0.182768,NA,FALSE,NA,NA,NA,NA,NA,NA,1,"BIP"
2350,19,43960959,45040932,TRUE,321,2499,0.000448735,0.000134278,0.0142892,0.0214107,TRUE,0.493783,0.493783,FALSE,-0.40399,1,0.192962,2,NA
2351,19,45040933,45893307,TRUE,396,1959,NA,0.000321961,NA,2.31331e-05,FALSE,NA,NA,NA,NA,NA,NA,1,"SCZ"
2352,19,45893308,46765060,TRUE,314,1989,0.000658275,0.000222864,0.000859342,0.000569068,TRUE,0.13239,0.13239,FALSE,-0.53389,0.62645,0.609268,2,NA
2353,19,46765061,47752727,TRUE,367,1952,0.000239718,0.000189259,0.128666,0.00440339,FALSE,NA,NA,NA,NA,NA,NA,2,NA
2354,19,47752728,48573065,TRUE,282,1933,0.000153086,0.000205681,0.201946,0.000958853,FALSE,NA,NA,NA,NA,NA,NA,2,NA
2355,19,48573066,49415189,TRUE,320,2166,0.000227825,0.000279686,0.124639,4.69483e-05,FALSE,NA,NA,NA,NA,NA,NA,2,NA
2356,19,49415190,50451925,TRUE,380,1991,0.000930294,0.000178957,3.36833e-05,0.00735722,TRUE,-0.000420746,-0.000420746,FALSE,NA,NA,0.998726,2,NA
2357,19,50451926,51259178,TRUE,336,1613,0.000616166,0.000134836,0.00195233,0.0228481,TRUE,0.577841,0.577841,FALSE,-0.09277,1,0.0849251,2,NA
2358,19,51259179,51903804,TRUE,360,1630,0.000216401,5.23981e-05,0.148897,0.214734,FALSE,NA,NA,NA,NA,NA,NA,2,NA
2359,19,51903805,52678748,TRUE,356,2466,0.00062936,6.90474e-05,0.00201078,0.149554,FALSE,NA,NA,NA,NA,NA,NA,2,NA
2360,19,52678749,53431217,TRUE,365,2468,0.000151236,0.000152337,0.230511,0.0152496,FALSE,NA,NA,NA,NA,NA,NA,2,NA
2361,19,53431218,54042240,TRUE,376,2083,2.32583e-05,3.29596e-05,0.447104,0.310975,FALSE,NA,NA,NA,NA,NA,NA,2,NA
2362,19,54042241,54602370,TRUE,311,1356,0.000348218,NA,0.0393682,NA,FALSE,NA,NA,NA,NA,NA,NA,1,"BIP"
2363,19,54602371,55182973,TRUE,327,1631,NA,2.40558e-05,NA,0.345575,FALSE,NA,NA,NA,NA,NA,NA,1,"SCZ"
2364,19,55182974,55714085,TRUE,217,1341,0.000346564,0.000126545,0.019807,0.0116518,TRUE,-0.0767137,-0.0767137,FALSE,-1,0.68938,0.838839,2,NA
2365,19,55714086,56411086,TRUE,463,1763,0.000856419,0.00017504,0.000327836,0.0144035,TRUE,-0.259342,-0.259342,FALSE,-1,0.2867,0.377181,2,NA
2366,19,56411087,57143509,TRUE,382,2094,4.13977e-05,5.36998e-05,0.414237,0.218524,FALSE,NA,NA,NA,NA,NA,NA,2,NA
2367,19,57143510,57959952,TRUE,378,2038,0.000664871,0.000234645,0.00160905,0.000847119,TRUE,0.414909,0.414909,FALSE,-0.14331,0.9939,0.121925,2,NA
2368,19,57959953,59118811,TRUE,304,2367,0.000345479,8.92236e-05,0.0396287,0.0789299,FALSE,NA,NA,NA,NA,NA,NA,2,NA
2369,20,60795,884241,TRUE,520,2226,0.000362378,0.000104163,0.0762204,0.100781,FALSE,NA,NA,NA,NA,NA,NA,2,NA
2370,20,884242,1771285,TRUE,419,2262,0.000180719,6.30426e-05,0.206959,0.191307,FALSE,NA,NA,NA,NA,NA,NA,2,NA
2371,20,1771286,2668108,TRUE,401,2361,0.000548384,5.81788e-05,0.00826,0.204173,FALSE,NA,NA,NA,NA,NA,NA,2,NA
2372,20,2668109,3736551,TRUE,337,2316,0.000425427,7.4973e-05,0.0205487,0.125384,FALSE,NA,NA,NA,NA,NA,NA,2,NA
2373,20,3736552,4591847,TRUE,369,2376,0.000168537,0.000235469,0.208885,0.00065948,FALSE,NA,NA,NA,NA,NA,NA,2,NA
2374,20,4591848,5379450,TRUE,324,2156,0.000206018,0.000121463,0.148147,0.0329547,FALSE,NA,NA,NA,NA,NA,NA,2,NA
2375,20,5379451,6128358,TRUE,313,2077,NA,6.51446e-05,NA,0.149167,FALSE,NA,NA,NA,NA,NA,NA,1,"SCZ"
2376,20,6128359,7231796,TRUE,382,2443,0.000415054,0.000102343,0.0307832,0.0764052,FALSE,NA,NA,NA,NA,NA,NA,2,NA
2377,20,7231797,7959828,TRUE,169,1850,0.000160072,1.48764e-05,0.131355,0.359935,FALSE,NA,NA,NA,NA,NA,NA,2,NA
2378,20,7959829,9279550,TRUE,434,2990,0.000439112,0.000206778,0.0306671,0.0037072,TRUE,0.579515,0.579515,FALSE,-0.14584,1,0.102634,2,NA
2379,20,9279551,10279603,TRUE,393,2283,0.000499712,6.0673e-05,0.0134531,0.191004,FALSE,NA,NA,NA,NA,NA,NA,2,NA
2380,20,10279604,11257012,TRUE,378,2424,0.000250069,0.000129895,0.122469,0.0330402,FALSE,NA,NA,NA,NA,NA,NA,2,NA
2381,20,11257013,12353961,TRUE,309,2610,0.000228815,0.000329053,0.118895,1.06892e-06,FALSE,NA,NA,NA,NA,NA,NA,2,NA
2382,20,12353962,13202335,TRUE,276,2430,0.000340935,9.32975e-05,0.034505,0.0590859,FALSE,NA,NA,NA,NA,NA,NA,2,NA
2383,20,13202336,14203755,TRUE,238,2142,5.08258e-06,3.66925e-05,0.475867,0.245515,FALSE,NA,NA,NA,NA,NA,NA,2,NA
2384,20,14203756,15238519,TRUE,267,2427,0.000646957,0.000197722,0.000479165,0.000857589,TRUE,0.0477633,0.0477633,FALSE,-0.63521,0.5428,0.85345,2,NA
2385,20,15238520,15962576,TRUE,338,1923,0.00059597,0.000287781,0.00270697,3.32078e-05,TRUE,0.258585,0.258585,FALSE,-0.31628,0.75241,0.297298,2,NA
2386,20,15962577,16661516,TRUE,283,2249,0.000775908,0.000193462,6.73765e-05,0.00128064,TRUE,0.831901,0.831901,FALSE,0.43304,1,0.000814149,2,NA
2387,20,16661517,17359290,TRUE,283,1978,0.000442999,0.000115638,0.0110466,0.0309896,TRUE,0.0295601,0.0295601,FALSE,-1,0.89018,0.939395,2,NA
2388,20,17359291,18058524,TRUE,298,1976,0.000393414,0.000181704,0.0227562,0.00291569,TRUE,0.0921566,0.0921566,FALSE,-1,0.82114,0.789145,2,NA
2389,20,18058525,18959419,TRUE,219,2474,0.000332832,0.000315425,0.0262029,1.5349e-07,TRUE,0.622387,0.622387,FALSE,0.11644,1,0.0230314,2,NA
2390,20,18959420,19957928,TRUE,389,2461,0.000769605,6.31223e-05,0.000478613,0.189641,FALSE,NA,NA,NA,NA,NA,NA,2,NA
2391,20,19957929,21682377,TRUE,443,3036,0.00109419,0.000332212,6.99725e-06,2.01221e-05,TRUE,0.0343207,0.0343207,FALSE,-0.4349,0.39393,0.862713,2,NA
2392,20,21682378,22780956,TRUE,259,2081,0.000111592,0.000151017,0.257294,0.00616435,FALSE,NA,NA,NA,NA,NA,NA,2,NA
2393,20,22780957,23808562,TRUE,322,2652,0.000578912,0.000210663,0.00275468,0.000975763,TRUE,-0.00833975,-0.00833975,FALSE,-0.86899,0.5216,0.976198,2,NA
2394,20,23808563,24487128,TRUE,190,1913,0.00041631,0.000106566,0.00518725,0.0207008,TRUE,0.494147,0.494147,FALSE,-0.29438,1,0.170566,2,NA
2395,20,24487129,25181038,TRUE,162,1974,0.000259574,1.47485e-05,0.0382319,0.362302,FALSE,NA,NA,NA,NA,NA,NA,2,NA
2396,20,25181039,26318858,TRUE,95,1628,0.000147121,1.9255e-05,0.0897278,0.279359,FALSE,NA,NA,NA,NA,NA,NA,2,NA
2397,20,26318859,30569659,TRUE,114,1487,9.22819e-05,0.000121193,0.20866,0.00204801,FALSE,NA,NA,NA,NA,NA,NA,2,NA
2398,20,30569660,32484506,TRUE,421,2891,0.000590238,0.000340759,0.00613735,1.11394e-05,TRUE,-0.0377078,-0.0377078,FALSE,-0.79528,0.43689,0.881163,2,NA
2399,20,32484507,33890060,TRUE,134,1827,0.000543909,0.000237548,8.41522e-05,6.277e-07,TRUE,0.188511,0.188511,FALSE,-0.28694,0.59198,0.375654,2,NA
2400,20,33890061,35990261,TRUE,332,2842,0.000549372,0.000395673,0.00458075,4.90006e-08,TRUE,-0.0644943,-0.0644943,FALSE,-0.73267,0.35954,0.776684,2,NA
2401,20,35990262,37253657,TRUE,379,2329,0.000786024,0.000175454,0.000303886,0.00782084,TRUE,0.342905,0.342905,FALSE,-0.31266,0.99722,0.22609,2,NA
2402,20,37253658,38427594,TRUE,280,2508,0.000984502,0.000396173,1.06843e-06,5.33405e-09,TRUE,0.376424,0.376424,FALSE,0.05025,0.68214,0.0274619,2,NA
2403,20,38427595,40272390,TRUE,476,3434,0.000968582,0.000295069,8.56021e-05,0.000188365,TRUE,0.299383,0.299383,FALSE,-0.17505,0.73412,0.182481,2,NA
2404,20,40272391,41351514,TRUE,439,2709,0.000481597,0.000311105,0.021268,6.33058e-05,TRUE,0.469417,0.469417,FALSE,-0.11246,1,0.105438,2,NA
2405,20,41351515,42185671,TRUE,358,1796,0.000892031,0.000572761,4.24293e-05,3.69211e-13,TRUE,0.0211608,0.0211608,FALSE,-0.35488,0.33897,0.898137,2,NA
2406,20,42185672,43008890,TRUE,325,1805,0.000638534,9.01501e-05,0.00123997,0.0824266,FALSE,NA,NA,NA,NA,NA,NA,2,NA
2407,20,43008891,44072210,TRUE,312,1876,0.000786918,0.000304015,9.60602e-05,6.03128e-06,TRUE,0.648651,0.648651,FALSE,0.27459,1,0.00226612,2,NA
2408,20,44072211,45673603,TRUE,504,3599,0.000431269,0.000585449,0.0436923,1.07129e-10,TRUE,0.0905311,0.0905311,FALSE,-0.58744,0.62577,0.719584,2,NA
2409,20,45673604,46486132,TRUE,289,1843,0.000287487,8.12254e-05,0.0650173,0.0924696,FALSE,NA,NA,NA,NA,NA,NA,2,NA
2410,20,46486133,47203836,TRUE,293,1757,0.000392344,0.000275479,0.0224778,2.40674e-05,TRUE,0.130457,0.130457,FALSE,-0.63082,0.74651,0.653519,2,NA
2411,20,47203837,48212975,TRUE,241,2417,0.000414303,0.000430903,0.0109592,5.53176e-11,TRUE,0.184797,0.184797,FALSE,-0.34988,0.66968,0.418106,2,NA
2412,20,48212976,49236418,TRUE,347,2424,9.81442e-05,0.000283385,0.309401,6.90274e-05,FALSE,NA,NA,NA,NA,NA,NA,2,NA
2413,20,49236419,50653620,TRUE,546,3582,0.000877934,0.00040594,0.000572916,3.31117e-06,TRUE,0.502433,0.502433,FALSE,0.11056,0.95798,0.0188804,2,NA
2414,20,50653621,51533750,TRUE,203,1949,2.73741e-05,0.000161354,0.417761,0.00158548,FALSE,NA,NA,NA,NA,NA,NA,2,NA
2415,20,51533751,52411532,TRUE,416,1842,0.000444058,0.000245434,0.0272932,0.0007094,TRUE,-0.122794,-0.122794,FALSE,-1,0.5105,0.704478,2,NA
2416,20,52411533,53120334,TRUE,301,2001,0.000225591,0.000115754,0.119458,0.0335903,FALSE,NA,NA,NA,NA,NA,NA,2,NA
2417,20,53120335,53879803,FALSE,NA,NA,NA,NA,NA,NA,FALSE,NA,NA,NA,NA,NA,NA,NA,NA
2418,20,53879804,54743694,TRUE,245,1899,0.00026486,6.70176e-05,0.0664865,0.11751,FALSE,NA,NA,NA,NA,NA,NA,2,NA
2419,20,54743695,55448075,TRUE,365,1856,0.000269293,6.48764e-05,0.101841,0.171074,FALSE,NA,NA,NA,NA,NA,NA,2,NA
2420,20,55448076,56172843,TRUE,402,2214,0.000489091,NA,0.0159605,NA,FALSE,NA,NA,NA,NA,NA,NA,1,"BIP"
2421,20,56172844,56951773,TRUE,391,2037,0.000621013,NA,0.00344361,NA,FALSE,NA,NA,NA,NA,NA,NA,1,"BIP"
2422,20,56951774,57924037,TRUE,420,2002,0.000205079,0.000315068,0.179209,3.59405e-05,FALSE,NA,NA,NA,NA,NA,NA,2,NA
2423,20,57924038,58780894,TRUE,410,1909,NA,0.000180249,NA,0.00864735,FALSE,NA,NA,NA,NA,NA,NA,1,"SCZ"
2424,20,58780895,59560457,TRUE,313,1978,0.00016316,0.000435397,0.196814,8.66012e-10,FALSE,NA,NA,NA,NA,NA,NA,2,NA
2425,20,59560458,60125333,TRUE,283,1966,0.00022933,NA,0.108084,NA,FALSE,NA,NA,NA,NA,NA,NA,1,"BIP"
2426,20,60125334,60766557,TRUE,350,1856,0.000265639,0.000132357,0.100574,0.0286337,FALSE,NA,NA,NA,NA,NA,NA,2,NA
2427,20,60766558,61470768,TRUE,360,1894,0.000383913,0.000221275,0.036583,0.00119113,TRUE,0.193613,0.193613,FALSE,-0.75759,1,0.573499,2,NA
2428,20,61470769,62179241,TRUE,426,2323,0.00101766,0.000234091,1.83712e-05,0.00145026,TRUE,0.696859,0.696859,FALSE,0.29858,1,0.00309826,2,NA
2429,20,62179242,62963627,TRUE,288,1799,0.000823994,0.000312728,2.85019e-05,2.31672e-06,TRUE,0.329174,0.329174,FALSE,-0.07338,0.70519,0.101098,2,NA
2430,21,9411245,15026792,TRUE,29,464,NA,6.05308e-05,NA,0.0079738,FALSE,NA,NA,NA,NA,NA,NA,1,"SCZ"
2431,21,15026793,15840033,TRUE,174,1960,0.000501765,5.55582e-05,0.000756715,0.117498,FALSE,NA,NA,NA,NA,NA,NA,2,NA
2432,21,15840034,16873443,TRUE,402,2245,0.000529603,4.06259e-05,0.0110151,0.279131,FALSE,NA,NA,NA,NA,NA,NA,2,NA
2433,21,16873444,18222037,TRUE,365,2151,0.000583678,0.000192827,0.00414791,0.00393097,TRUE,0.317732,0.317732,FALSE,-0.43085,1,0.297875,2,NA
2434,21,18222038,19479024,TRUE,400,2853,0.000475542,0.000116578,0.0182437,0.055646,FALSE,NA,NA,NA,NA,NA,NA,2,NA
2435,21,19479025,20407307,TRUE,347,2513,0.000442104,0.000246187,0.0184952,0.000322469,TRUE,0.532077,0.532077,FALSE,-0.09842,1,0.0810696,2,NA
2436,21,20407308,21632916,TRUE,350,3213,0.000534653,6.85976e-05,0.00647736,0.149038,FALSE,NA,NA,NA,NA,NA,NA,2,NA
2437,21,21632917,22201890,TRUE,251,1890,0.000762476,0.000100945,3.73255e-05,0.0404167,TRUE,0.696373,0.696373,FALSE,0.1354,1,0.0284561,2,NA
2438,21,22201891,23266941,TRUE,306,2922,0.000357089,8.84447e-05,0.035255,0.0807675,FALSE,NA,NA,NA,NA,NA,NA,2,NA
2439,21,23266942,24055941,TRUE,267,1832,0.000595937,0.000230474,0.00107539,0.000179296,TRUE,0.55399,0.55399,FALSE,0.08156,1,0.0295864,2,NA
2440,21,24055942,25247986,TRUE,355,3246,0.000814282,0.000276787,0.000132053,6.5343e-05,TRUE,0.602506,0.602506,FALSE,0.20553,1,0.00729271,2,NA
2441,21,25247987,26467826,TRUE,312,3373,0.000498452,0.000147887,0.00711983,0.0114127,TRUE,-0.495671,-0.495671,FALSE,-1,0.16259,0.146765,2,NA
2442,21,26467827,27774350,TRUE,347,2881,0.000404117,0.00031738,0.0278548,8.87959e-06,TRUE,0.33111,0.33111,FALSE,-0.31908,1,0.24875,2,NA
2443,21,27774351,28616539,TRUE,315,2551,0.000380087,0.000181663,0.0291794,0.00338487,TRUE,-0.516049,-0.516049,FALSE,-1,0.16442,0.14722,2,NA
2444,21,28616540,29449870,TRUE,251,2101,0.000560897,0.000214652,0.00139535,0.000247661,TRUE,0.275464,0.275464,FALSE,-0.31858,0.80077,0.290758,2,NA
2445,21,29449871,30847296,TRUE,196,3125,0.000337043,0.000156509,0.0180302,0.00169548,TRUE,0.21273,0.21273,FALSE,-0.74258,0.96784,0.525745,2,NA
2446,21,30847297,32202239,TRUE,278,3287,0.000590118,0.000121041,0.00129927,0.0264731,TRUE,0.0819917,0.0819917,FALSE,-0.95339,0.78663,0.808375,2,NA
2447,21,32202240,33270272,TRUE,360,2556,0.000283593,0.000130225,0.0887515,0.030756,FALSE,NA,NA,NA,NA,NA,NA,2,NA
2448,21,33270273,34383794,TRUE,357,2459,0.000252512,0.000126208,0.113075,0.0340979,FALSE,NA,NA,NA,NA,NA,NA,2,NA
2449,21,34383795,35729261,TRUE,499,2671,0.000714725,0.000296481,0.00273945,0.0002296,TRUE,0.410648,0.410648,FALSE,-0.13104,0.98141,0.11379,2,NA
2450,21,35729262,37303548,TRUE,540,3659,0.000555741,NA,0.0172655,NA,FALSE,NA,NA,NA,NA,NA,NA,1,"BIP"
2451,21,37303549,38046449,TRUE,251,2277,0.000231929,6.98879e-05,0.0948225,0.110526,FALSE,NA,NA,NA,NA,NA,NA,2,NA
2452,21,38046450,39252059,TRUE,396,2922,0.000803578,0.000325279,0.000306542,1.45921e-05,TRUE,0.173198,0.173198,FALSE,-0.33339,0.60105,0.431176,2,NA
2453,21,39252060,40480831,TRUE,481,2764,0.000538028,0.000599306,0.0150164,6.0443e-12,TRUE,1,1.0304,FALSE,0.631,1,4.01468e-06,2,NA
2454,21,40480832,41344742,TRUE,290,2528,0.000274509,0.000209127,0.0733202,0.000654295,FALSE,NA,NA,NA,NA,NA,NA,2,NA
2455,21,41344743,42187152,TRUE,382,2479,0.000589002,7.98438e-05,0.00443308,0.124799,FALSE,NA,NA,NA,NA,NA,NA,2,NA
2456,21,42187153,43081434,TRUE,487,2414,0.000198145,0.000252648,0.205346,0.00118705,FALSE,NA,NA,NA,NA,NA,NA,2,NA
2457,21,43081435,43812791,TRUE,530,2629,0.000283079,0.000237795,0.131008,0.00283193,FALSE,NA,NA,NA,NA,NA,NA,2,NA
2458,21,43812792,44815008,TRUE,422,3068,0.000730714,0.000379014,0.00106163,1.65497e-06,TRUE,0.498964,0.498964,FALSE,0.09264,0.97267,0.0232071,2,NA
2459,21,44815009,46045433,TRUE,492,2755,0.000560742,0.000250938,0.0133186,0.00201139,TRUE,-0.0152711,-0.0152711,FALSE,-1,0.60582,0.961248,2,NA
2460,21,46045434,47014880,TRUE,456,2956,0.000506977,0.000301273,0.0180045,0.000125276,TRUE,-0.163957,-0.163957,FALSE,-1,0.39748,0.572323,2,NA
2461,21,47014881,48119633,TRUE,313,2958,0.000505773,0.000353648,0.00657683,3.26888e-07,TRUE,0.281671,0.281671,FALSE,-0.2411,0.78812,0.241298,2,NA
2462,22,16050213,17587474,TRUE,141,987,7.492e-06,6.35753e-05,0.461206,0.0717081,FALSE,NA,NA,NA,NA,NA,NA,2,NA
2463,22,17587475,18535225,TRUE,458,2664,0.000123327,0.000241763,0.293481,0.00146338,FALSE,NA,NA,NA,NA,NA,NA,2,NA
2464,22,18535226,19635654,TRUE,282,2180,0.000193102,0.00025165,0.147137,8.03061e-05,FALSE,NA,NA,NA,NA,NA,NA,2,NA
2465,22,19635655,20969184,TRUE,381,2307,0.000937741,0.000243663,2.77001e-05,0.000558994,TRUE,0.130423,0.130423,FALSE,-0.4185,0.56895,0.568468,2,NA
2466,22,20969185,22404422,TRUE,257,2099,0.000110233,0.000130223,0.258433,0.0144671,FALSE,NA,NA,NA,NA,NA,NA,2,NA
2467,22,22404423,23143364,TRUE,192,2190,0.000412714,NA,0.00579255,NA,FALSE,NA,NA,NA,NA,NA,NA,1,"BIP"
2468,22,23143365,23950732,TRUE,283,1914,1.9842e-05,0.000196631,0.446037,0.00109748,FALSE,NA,NA,NA,NA,NA,NA,2,NA
2469,22,23950733,25282436,TRUE,317,2633,0.000437229,0.000124691,0.0177625,0.0296023,TRUE,0.309379,0.309379,FALSE,-0.8103,1,0.439539,2,NA
2470,22,25282437,26166934,TRUE,304,1939,0.000986921,0.000196359,2.40854e-06,0.00221429,TRUE,0.202805,0.202805,FALSE,-0.34049,0.6723,0.385938,2,NA
2471,22,26166935,27192923,TRUE,478,2843,0.000749916,0.000280014,0.00156872,0.000379009,TRUE,-0.051394,-0.051394,FALSE,-0.80452,0.43628,0.841044,2,NA
2472,22,27192924,27952441,TRUE,525,2459,9.33277e-06,0.000192412,0.476952,0.0112171,FALSE,NA,NA,NA,NA,NA,NA,2,NA
2473,22,27952442,29457601,TRUE,340,2675,0.000870633,0.000346739,4.73185e-05,1.65618e-06,TRUE,0.209142,0.209142,FALSE,-0.23214,0.57967,0.294214,2,NA
2474,22,29457602,30962255,TRUE,325,3039,0.000874872,0.000298684,2.7305e-05,1.16408e-05,TRUE,0.0441901,0.0441901,FALSE,-0.45787,0.42819,0.82986,2,NA
2475,22,30962256,31904549,TRUE,232,1927,0.000642019,0.000183166,0.000265525,0.00111908,TRUE,0.182315,0.182315,FALSE,-0.46492,0.69167,0.481974,2,NA
2476,22,31904550,32662293,TRUE,142,1917,0.000372426,0.000181421,0.00478757,9.30546e-05,TRUE,0.646812,0.646812,FALSE,0.13653,1,0.0215916,2,NA
2477,22,32662294,33501725,TRUE,346,2405,0.000467025,0.000104275,0.0138037,0.0616868,FALSE,NA,NA,NA,NA,NA,NA,2,NA
2478,22,33501726,34361897,TRUE,349,2345,0.000501871,0.000159581,0.00966532,0.0111847,TRUE,-0.0418607,-0.0418607,FALSE,-1,0.67074,0.903735,2,NA
2479,22,34361898,35368341,TRUE,260,3058,0.000102406,6.9154e-05,0.274127,0.114568,FALSE,NA,NA,NA,NA,NA,NA,2,NA
2480,22,35368342,36135968,TRUE,281,1959,0.000391504,0.000141726,0.0200298,0.0122392,TRUE,0.18602,0.18602,FALSE,-1,1,0.619303,2,NA
2481,22,36135969,37364004,TRUE,433,2752,0.000528272,3.5674e-05,0.0126693,0.308635,FALSE,NA,NA,NA,NA,NA,NA,2,NA
2482,22,37364005,38718589,TRUE,501,2918,0.000305092,0.000111009,0.107836,0.0846201,FALSE,NA,NA,NA,NA,NA,NA,2,NA
2483,22,38718590,40378783,TRUE,473,3008,0.00154198,0.000449845,4.36251e-09,1.24415e-07,TRUE,0.234563,0.234563,FALSE,-0.08897,0.5328,0.135209,2,NA
2484,22,40378784,41722787,TRUE,201,1811,0.00130445,0.000204849,4.4574e-12,0.000114815,TRUE,0.510687,0.510687,FALSE,0.17614,0.87378,0.00513711,2,NA
2485,22,41722788,42867927,TRUE,206,1981,0.0017396,0.000380205,1.00137e-17,4.39963e-10,TRUE,0.489293,0.489293,FALSE,0.24986,0.7171,0.000268988,2,NA
2486,22,42867928,43574017,TRUE,226,1825,0.000345688,0.000169687,0.0220155,0.00160202,TRUE,0.410771,0.410771,FALSE,-0.3649,1,0.223901,2,NA
2487,22,43574018,44409533,TRUE,333,2387,0.000534993,9.90724e-05,0.00550263,0.0683483,FALSE,NA,NA,NA,NA,NA,NA,2,NA
2488,22,44409534,45170649,TRUE,542,2429,0.000320274,0.000226945,0.105621,0.0043698,FALSE,NA,NA,NA,NA,NA,NA,2,NA
2489,22,45170650,46351048,TRUE,596,3392,0.00033823,0.000125784,0.103812,0.0759103,FALSE,NA,NA,NA,NA,NA,NA,2,NA
2490,22,46351049,47299625,TRUE,418,2480,0.000147037,7.01446e-05,0.250434,0.166199,FALSE,NA,NA,NA,NA,NA,NA,2,NA
2491,22,47299626,48269177,TRUE,441,2675,0.00043236,0.000382131,0.0334872,1.72057e-06,TRUE,-0.073644,-0.073644,FALSE,-1,0.48322,0.792472,2,NA
2492,22,48269178,48977538,TRUE,415,2207,0.000432503,0.000178685,0.0298326,0.00977838,TRUE,0.953091,0.953091,FALSE,0.32095,1,0.0116149,2,NA
2493,22,48977539,49559207,TRUE,468,2940,0.000313756,8.30215e-05,0.0940732,0.140191,FALSE,NA,NA,NA,NA,NA,NA,2,NA
2494,22,49559208,50347996,TRUE,389,2700,0.000292664,8.82518e-05,0.0902848,0.105536,FALSE,NA,NA,NA,NA,NA,NA,2,NA
2495,22,50347997,51244236,TRUE,384,2271,0.00112366,0.000192417,1.11195e-06,0.00462895,TRUE,0.642271,0.642271,FALSE,0.22155,1,0.00693904,2,NA
