"locus","chr","start","stop","processed","K","n_snps","h2_ASD","h2_SCZ","p_ASD","p_SCZ","gate_pass","rho_hat","rho_raw","paramlim_drop","rho_lower","rho_upper","bivar_p"
1,1,10539,1376204,TRUE,103,912,0.000253163,NA,0.201959,NA,FALSE,NA,NA,NA,NA,NA,NA
2,1,1376205,2215495,TRUE,125,1059,0.000429098,0.000432062,0.1077,0.000796146,FALSE,NA,NA,NA,NA,NA,NA
3,1,2215496,2983519,TRUE,189,1277,0.000605273,0.000451251,0.0789989,0.00292289,FALSE,NA,NA,NA,NA,NA,NA
4,1,2983520,3582047,TRUE,212,1135,NA,0.00049065,NA,0.00205704,FALSE,NA,NA,NA,NA,NA,NA
5,1,3582048,4281476,FALSE,NA,NA,NA,NA,NA,NA,NA,NA,NA,NA,NA,NA,NA
6,1,4281477,4773403,TRUE,262,1816,0.000104105,0.000116238,0.405703,0.249491,FALSE,NA,NA,NA,NA,NA,NA
7,1,4773404,5362404,TRUE,307,1751,NA,0.000533162,NA,0.00428897,FALSE,NA,NA,NA,NA,NA,NA
8,1,5362405,6136814,TRUE,280,1787,0.000852575,0.000555365,0.0519367,0.00221568,FALSE,NA,NA,NA,NA,NA,NA
9,1,6136815,7711794,TRUE,444,3104,0.000706585,0.000517844,0.136524,0.0150293,FALSE,NA,NA,NA,NA,NA,NA
10,1,7711795,8580987,TRUE,261,1846,0.000887426,0.000483109,0.0405959,0.00495788,TRUE,0.253335,0.253335,FALSE,-0.67302,1,0.499454
11,1,8580988,9475966,TRUE,335,1711,0.000766365,0.000284348,0.0880142,0.0805298,FALSE,NA,NA,NA,NA,NA,NA
12,1,9475967,10753427,TRUE,258,2079,NA,0.000152137,NA,0.191182,FALSE,NA,NA,NA,NA,NA,NA
13,1,10753428,11709173,TRUE,257,1805,0.000374895,0.000634409,0.217894,0.00044128,FALSE,NA,NA,NA,NA,NA,NA
14,1,11709174,13481025,TRUE,290,2336,NA,0.000583022,NA,0.00165762,FALSE,NA,NA,NA,NA,NA,NA
15,1,13481026,14720131,TRUE,379,2651,0.000431621,0.000475537,0.230065,0.0155505,FALSE,NA,NA,NA,NA,NA,NA
16,1,14720132,15755230,TRUE,442,2690,NA,5.85737e-05,NA,0.391027,FALSE,NA,NA,NA,NA,NA,NA
17,1,15755231,16732168,TRUE,207,2211,NA,0.000271869,NA,0.0465539,FALSE,NA,NA,NA,NA,NA,NA
18,1,16732169,17557746,TRUE,155,1053,6.44491e-05,0.000185403,0.418236,0.0897364,FALSE,NA,NA,NA,NA,NA,NA
19,1,17557747,18427820,TRUE,307,2047,0.000809846,0.000122244,0.068783,0.255774,FALSE,NA,NA,NA,NA,NA,NA
20,1,18427821,19238924,TRUE,405,2187,NA,0.000458447,NA,0.0215911,FALSE,NA,NA,NA,NA,NA,NA
21,1,19238925,20556202,TRUE,401,3239,NA,0.000186312,NA,0.194448,FALSE,NA,NA,NA,NA,NA,NA
22,1,20556203,21416121,TRUE,218,1860,NA,0.000450725,NA,0.0045284,FALSE,NA,NA,NA,NA,NA,NA
23,1,21416122,22145629,TRUE,248,1811,NA,0.000763844,NA,3.23036e-05,FALSE,NA,NA,NA,NA,NA,NA
24,1,22145630,22740287,TRUE,247,1711,NA,0.000282732,NA,0.0551406,FALSE,NA,NA,NA,NA,NA,NA
25,1,22740288,23907045,TRUE,301,1904,NA,9.35523e-05,NA,0.303411,FALSE,NA,NA,NA,NA,NA,NA
26,1,23907046,25885138,TRUE,464,3189,NA,0.00072042,NA,0.0018623,FALSE,NA,NA,NA,NA,NA,NA
27,1,25885139,27992665,TRUE,357,2877,NA,0.000826208,NA,0.000115777,FALSE,NA,NA,NA,NA,NA,NA
28,1,27992666,29188426,TRUE,203,1878,NA,0.000487919,NA,0.00198782,FALSE,NA,NA,NA,NA,NA,NA
29,1,29188427,30405182,TRUE,321,2199,NA,0.000770652,NA,0.000146824,FALSE,NA,NA,NA,NA,NA,NA
30,1,30405183,31639217,TRUE,359,2877,7.10045e-06,0.00107411,0.485179,1.50137e-06,FALSE,NA,NA,NA,NA,NA,NA
31,1,31639218,33066846,TRUE,268,2093,NA,0.000450987,NA,0.00861479,FALSE,NA,NA,NA,NA,NA,NA
32,1,33066847,34371022,TRUE,291,2073,2.65473e-05,0.000373232,0.46869,0.0265938,FALSE,NA,NA,NA,NA,NA,NA
33,1,34371023,35201626,TRUE,315,1985,NA,0.000445415,NA,0.0143479,FALSE,NA,NA,NA,NA,NA,NA
34,1,35201627,36855139,TRUE,213,1520,0.000145921,0.000248409,0.360715,0.0654031,FALSE,NA,NA,NA,NA,NA,NA
35,1,36855140,38474036,TRUE,436,3216,NA,0.000603028,NA,0.00569565,FALSE,NA,NA,NA,NA,NA,NA
36,1,38474037,40200950,TRUE,425,3147,NA,0.000862052,NA,0.000195865,FALSE,NA,NA,NA,NA,NA,NA
37,1,40200951,41093875,TRUE,220,1798,0.000306399,0.000638376,0.243591,0.000176799,FALSE,NA,NA,NA,NA,NA,NA
38,1,41093876,41977966,TRUE,277,2110,NA,0.000634885,NA,0.000637558,FALSE,NA,NA,NA,NA,NA,NA
39,1,41977967,43512669,TRUE,287,2933,0.00136671,0.000653363,0.0061793,0.000565655,TRUE,0.184068,0.184068,FALSE,-0.45876,0.93953,0.517859
40,1,43512670,45167235,TRUE,365,2932,0.00048678,0.000666207,0.199508,0.00146271,FALSE,NA,NA,NA,NA,NA,NA
41,1,45167236,47257261,TRUE,270,3218,0.000272111,NA,0.286637,NA,FALSE,NA,NA,NA,NA,NA,NA
42,1,47257262,48105233,TRUE,179,1493,NA,0.000136888,NA,0.171983,FALSE,NA,NA,NA,NA,NA,NA
43,1,48105234,49185414,TRUE,280,1998,NA,0.000842518,NA,1.75349e-05,FALSE,NA,NA,NA,NA,NA,NA
44,1,49185415,51777577,TRUE,198,2742,NA,0.000453042,NA,0.00316583,FALSE,NA,NA,NA,NA,NA,NA
45,1,51777578,53114186,TRUE,150,1800,0.000445435,0.000106001,0.119028,0.20981,FALSE,NA,NA,NA,NA,NA,NA
46,1,53114187,54771293,TRUE,441,3409,0.000260744,0.000844022,0.335136,0.000289734,FALSE,NA,NA,NA,NA,NA,NA
47,1,54771294,55727134,TRUE,386,2412,NA,0.000108364,NA,0.300673,FALSE,NA,NA,NA,NA,NA,NA
48,1,55727135,56799636,TRUE,268,2740,0.000975046,0.000801178,0.0299114,2.68194e-05,TRUE,0.52806,0.52806,FALSE,-0.04469,1,0.0760603
49,1,56799637,57529670,TRUE,226,1782,9.32903e-06,0.000441494,0.47939,0.00565624,FALSE,NA,NA,NA,NA,NA,NA
50,1,57529671,58387483,TRUE,242,1964,0.000429262,0.000265332,0.181102,0.0645718,FALSE,NA,NA,NA,NA,NA,NA
51,1,58387484,59889045,TRUE,387,3275,NA,0.000523923,NA,0.00970607,FALSE,NA,NA,NA,NA,NA,NA
52,1,59889046,61377615,TRUE,364,2630,0.000930196,0.00111271,0.0588268,8.56382e-07,FALSE,NA,NA,NA,NA,NA,NA
53,1,61377616,62778733,TRUE,458,3066,NA,0.000595766,NA,0.00736777,FALSE,NA,NA,NA,NA,NA,NA
54,1,62778734,64344226,TRUE,376,3047,NA,0.000121639,NA,0.276705,FALSE,NA,NA,NA,NA,NA,NA
55,1,64344227,65894184,TRUE,357,2948,0.000569844,0.00041452,0.16099,0.0258639,FALSE,NA,NA,NA,NA,NA,NA
56,1,65894185,66778015,TRUE,155,1809,0.000810396,0.000462539,0.0216631,0.00102769,TRUE,0.519352,0.519352,FALSE,-0.16094,1,0.121359
57,1,66778016,67761890,TRUE,219,2302,0.000593027,0.000193174,0.0977706,0.117773,FALSE,NA,NA,NA,NA,NA,NA
58,1,67761891,68633860,TRUE,249,1795,0.000290565,0.00091189,0.266689,1.56089e-06,FALSE,NA,NA,NA,NA,NA,NA
59,1,68633861,69438909,TRUE,180,1823,NA,0.000167559,NA,0.128161,FALSE,NA,NA,NA,NA,NA,NA
60,1,69438910,70992905,TRUE,342,2774,NA,0.000995927,NA,4.3565e-06,FALSE,NA,NA,NA,NA,NA,NA
61,1,70992906,72513119,TRUE,257,2660,NA,0.00092406,NA,1.6359e-06,FALSE,NA,NA,NA,NA,NA,NA
62,1,72513120,73992170,TRUE,155,2702,0.000294224,0.000604086,0.214549,5.36324e-05,FALSE,NA,NA,NA,NA,NA,NA
63,1,73992171,75132092,TRUE,173,1798,NA,0.000702063,NA,9.62942e-06,FALSE,NA,NA,NA,NA,NA,NA
64,1,75132093,76097247,TRUE,141,1804,0.000287562,0.000312713,0.209087,0.0121214,FALSE,NA,NA,NA,NA,NA,NA
65,1,76097248,76977915,TRUE,205,2205,0.000154194,0.000443859,0.351297,0.00409937,FALSE,NA,NA,NA,NA,NA,NA
66,1,76977916,77895394,TRUE,216,2154,NA,0.000238286,NA,0.0730168,FALSE,NA,NA,NA,NA,NA,NA
67,1,77895395,79065286,TRUE,198,2181,NA,0.000111697,NA,0.230105,FALSE,NA,NA,NA,NA,NA,NA
68,1,79065287,80099353,TRUE,182,2586,0.000107428,0.000183003,0.384555,0.10963,FALSE,NA,NA,NA,NA,NA,NA
69,1,80099354,80781442,TRUE,125,1747,NA,0.000119978,NA,0.164012,FALSE,NA,NA,NA,NA,NA,NA
70,1,80781443,82123368,TRUE,388,3317,NA,0.000423775,NA,0.0285226,FALSE,NA,NA,NA,NA,NA,NA
71,1,82123369,83461215,TRUE,311,3090,NA,0.000330022,NA,0.0473935,FALSE,NA,NA,NA,NA,NA,NA
72,1,83461216,84728347,TRUE,243,2260,0.000417573,0.000549479,0.187799,0.00138947,FALSE,NA,NA,NA,NA,NA,NA
73,1,84728348,86017267,TRUE,366,3019,0.000584336,0.000497648,0.158074,0.0112923,FALSE,NA,NA,NA,NA,NA,NA
74,1,86017268,86761554,TRUE,173,1935,5.65515e-05,0.000661643,0.430139,2.65577e-05,FALSE,NA,NA,NA,NA,NA,NA
75,1,86761555,87667572,TRUE,157,1824,0.000501613,NA,0.0985018,NA,FALSE,NA,NA,NA,NA,NA,NA
76,1,87667573,88656689,TRUE,315,1824,9.19377e-05,0.000259973,0.422477,0.0944291,FALSE,NA,NA,NA,NA,NA,NA
77,1,88656690,89753964,TRUE,199,2084,0.000238886,0.000129686,0.281489,0.196729,FALSE,NA,NA,NA,NA,NA,NA
78,1,89753965,90941549,TRUE,301,2071,0.000661014,0.00055034,0.108156,0.00317495,FALSE,NA,NA,NA,NA,NA,NA
79,1,90941550,91870059,TRUE,238,1906,NA,0.000490064,NA,0.00330402,FALSE,NA,NA,NA,NA,NA,NA
80,1,91870060,92904465,TRUE,250,2010,7.6884e-05,NA,0.425277,NA,FALSE,NA,NA,NA,NA,NA,NA
81,1,92904466,94168576,TRUE,175,1911,0.000165099,NA,0.330405,NA,FALSE,NA,NA,NA,NA,NA,NA
82,1,94168577,95122541,TRUE,243,1952,NA,0.000239054,NA,0.0849176,FALSE,NA,NA,NA,NA,NA,NA
83,1,95122542,96147576,TRUE,274,2501,NA,0.000660865,NA,0.000409165,FALSE,NA,NA,NA,NA,NA,NA
84,1,96147577,97721186,TRUE,304,3104,0.00120722,0.00108684,0.0149142,2.52085e-07,TRUE,0.405482,0.405482,FALSE,-0.08878,1,0.107247
85,1,97721187,99425000,TRUE,364,3507,0.00176766,0.00148396,0.00209443,3.79527e-10,TRUE,0.482708,0.482708,FALSE,0.08881,1,0.0165158
86,1,99425001,100269207,TRUE,217,1964,NA,0.000108918,NA,0.244406,FALSE,NA,NA,NA,NA,NA,NA
87,1,100269208,101188315,TRUE,138,1681,NA,0.000253221,NA,0.0313378,FALSE,NA,NA,NA,NA,NA,NA
88,1,101188316,102424611,TRUE,294,2873,NA,0.000793482,NA,5.59037e-05,FALSE,NA,NA,NA,NA,NA,NA
89,1,102424612,103148412,TRUE,129,1758,NA,9.33931e-05,NA,0.220145,FALSE,NA,NA,NA,NA,NA,NA
90,1,103148413,103784541,TRUE,76,1896,NA,0.000154942,NA,0.0592681,FALSE,NA,NA,NA,NA,NA,NA
91,1,103784542,104984435,TRUE,168,1846,0.00056537,0.00038761,0.0810556,0.00560826,FALSE,NA,NA,NA,NA,NA,NA
92,1,104984436,106089656,TRUE,191,3207,0.00028871,0.000118816,0.240903,0.211006,FALSE,NA,NA,NA,NA,NA,NA
93,1,106089657,106864947,TRUE,188,1742,NA,0.000324907,NA,0.019966,FALSE,NA,NA,NA,NA,NA,NA
94,1,106864948,107874653,TRUE,230,1855,NA,1.70778e-05,NA,0.446833,FALSE,NA,NA,NA,NA,NA,NA
95,1,107874654,109271449,TRUE,326,2661,0.00101405,0.000341939,0.0370093,0.0456971,TRUE,-0.393859,-0.393859,FALSE,-1,0.61625,0.378317
96,1,109271450,110224230,TRUE,270,1935,0.00031705,0.000284241,0.257844,0.0608673,FALSE,NA,NA,NA,NA,NA,NA
97,1,110224231,111134062,TRUE,312,1640,0.000329945,1.09303e-05,0.264593,0.466913,FALSE,NA,NA,NA,NA,NA,NA
98,1,111134063,112489248,TRUE,438,3342,0.000919215,0.000942356,0.0779666,6.84733e-05,FALSE,NA,NA,NA,NA,NA,NA
99,1,112489249,113418037,TRUE,280,1742,9.41289e-05,0.000226187,0.416221,0.110389,FALSE,NA,NA,NA,NA,NA,NA
100,1,113418038,114664387,TRUE,252,1996,NA,0.000328404,NA,0.0349111,FALSE,NA,NA,NA,NA,NA,NA
101,1,114664388,116207297,TRUE,385,3506,NA,0.00149689,NA,5.42584e-10,FALSE,NA,NA,NA,NA,NA,NA
102,1,116207298,117046311,TRUE,228,1720,NA,0.000304448,NA,0.0375531,FALSE,NA,NA,NA,NA,NA,NA
103,1,117046312,118118667,TRUE,276,1828,NA,0.000352934,NA,0.0306069,FALSE,NA,NA,NA,NA,NA,NA
104,1,118118668,119408888,TRUE,251,2477,NA,0.000444128,NA,0.00776818,FALSE,NA,NA,NA,NA,NA,NA
105,1,119408889,120345066,FALSE,NA,NA,NA,NA,NA,NA,NA,NA,NA,NA,NA,NA,NA
106,1,120345067,145803848,TRUE,72,472,0.000134992,NA,0.286961,NA,FALSE,NA,NA,NA,NA,NA,NA
107,1,145803849,147083835,TRUE,120,1556,0.000217845,9.17559e-05,0.249136,0.217159,FALSE,NA,NA,NA,NA,NA,NA
108,1,147083836,149716037,TRUE,110,874,0.000542022,2.35825e-05,0.0521221,0.402691,FALSE,NA,NA,NA,NA,NA,NA
109,1,149716038,151146407,TRUE,166,1860,NA,0.000498161,NA,0.000666574,FALSE,NA,NA,NA,NA,NA,NA
110,1,151146408,152535630,TRUE,258,1997,NA,0.000383001,NA,0.0184481,FALSE,NA,NA,NA,NA,NA,NA
111,1,152535631,153410809,TRUE,157,1656,NA,0.000133061,NA,0.163614,FALSE,NA,NA,NA,NA,NA,NA
112,1,153410810,154685545,TRUE,252,1879,0.000817367,0.000252873,0.050476,0.0766545,FALSE,NA,NA,NA,NA,NA,NA
113,1,154685546,156813845,TRUE,492,2767,NA,0.0010529,NA,3.01333e-05,FALSE,NA,NA,NA,NA,NA,NA
114,1,156813846,158081627,TRUE,379,2919,NA,0.000416426,NA,0.0286213,FALSE,NA,NA,NA,NA,NA,NA
115,1,158081628,158900369,TRUE,193,2198,NA,0.000175747,NA,0.125405,FALSE,NA,NA,NA,NA,NA,NA
116,1,158900370,159882515,TRUE,232,2024,0.000679813,0.000594671,0.0759486,0.000557302,FALSE,NA,NA,NA,NA,NA,NA
117,1,159882516,161054076,TRUE,337,2284,0.00147028,0.000155413,0.00629838,0.217434,FALSE,NA,NA,NA,NA,NA,NA
118,1,161054077,161945442,TRUE,209,1760,0.00100836,NA,0.0150452,NA,FALSE,NA,NA,NA,NA,NA,NA
119,1,161945443,163141862,TRUE,394,2930,NA,9.56387e-05,NA,0.323309,FALSE,NA,NA,NA,NA,NA,NA
120,1,163141863,163854567,TRUE,153,1815,0.000341935,0.000252838,0.18021,0.0362455,FALSE,NA,NA,NA,NA,NA,NA
121,1,163854568,164726579,TRUE,211,1623,0.000143926,0.000271233,0.361748,0.049175,FALSE,NA,NA,NA,NA,NA,NA
122,1,164726580,165553812,TRUE,317,2096,0.000354567,0.000454646,0.251967,0.0127703,FALSE,NA,NA,NA,NA,NA,NA
123,1,165553813,166458031,TRUE,262,1789,NA,0.000518856,NA,0.00312752,FALSE,NA,NA,NA,NA,NA,NA
124,1,166458032,167163954,TRUE,186,1928,0.000342414,0.000581975,0.201818,0.000224256,FALSE,NA,NA,NA,NA,NA,NA
125,1,167163955,168179086,TRUE,296,1948,NA,0.000490232,NA,0.00671842,FALSE,NA,NA,NA,NA,NA,NA
126,1,168179087,169521551,TRUE,375,3288,NA,0.000230013,NA,0.139643,FALSE,NA,NA,NA,NA,NA,NA
127,1,169521552,170193207,TRUE,114,1922,NA,0.000136164,NA,0.123479,FALSE,NA,NA,NA,NA,NA,NA
128,1,170193208,171044255,TRUE,176,1776,NA,9.54517e-05,NA,0.247991,FALSE,NA,NA,NA,NA,NA,NA
129,1,171044256,172465153,TRUE,278,3200,NA,0.000504538,NA,0.00447328,FALSE,NA,NA,NA,NA,NA,NA
130,1,172465154,173582511,TRUE,259,1753,NA,0.000397161,NA,0.0154461,FALSE,NA,NA,NA,NA,NA,NA
131,1,173582512,175385220,TRUE,171,2962,0.000958002,0.000493426,0.0119969,0.000826221,TRUE,0.478305,0.478305,FALSE,-0.15942,1,0.12626
132,1,175385221,176449096,TRUE,205,1941,NA,0.000555871,NA,0.000626179,FALSE,NA,NA,NA,NA,NA,NA
133,1,176449097,177746472,TRUE,253,2276,NA,0.00101924,NA,1.64766e-07,FALSE,NA,NA,NA,NA,NA,NA
134,1,177746473,178915113,TRUE,218,2178,NA,0.000739812,NA,2.12093e-05,FALSE,NA,NA,NA,NA,NA,NA
135,1,178915114,180221608,TRUE,222,3347,NA,0.00017576,NA,0.140268,FALSE,NA,NA,NA,NA,NA,NA
136,1,180221609,181324205,TRUE,240,2244,NA,0.000311266,NA,0.0380596,FALSE,NA,NA,NA,NA,NA,NA
137,1,181324206,182420540,TRUE,302,2402,NA,0.000398318,NA,0.0221464,FALSE,NA,NA,NA,NA,NA,NA
138,1,182420541,183920616,TRUE,312,3046,NA,0.000566398,NA,0.00283809,FALSE,NA,NA,NA,NA,NA,NA
139,1,183920617,184953089,TRUE,230,1928,NA,0.000720059,NA,5.39858e-05,FALSE,NA,NA,NA,NA,NA,NA
140,1,184953090,186179447,TRUE,211,1508,NA,0.000346146,NA,0.0196431,FALSE,NA,NA,NA,NA,NA,NA
141,1,186179448,187072605,TRUE,155,1811,7.99562e-05,0.000380644,0.402592,0.00474514,FALSE,NA,NA,NA,NA,NA,NA
142,1,187072606,187757076,TRUE,153,1721,0.000689767,0.00068338,0.0398449,6.08536e-06,TRUE,0.177205,0.177205,FALSE,-0.54619,1,0.56621
143,1,187757077,188625772,TRUE,128,2555,NA,0.000181256,NA,0.0759784,FALSE,NA,NA,NA,NA,NA,NA
144,1,188625773,189904637,TRUE,126,2938,NA,0.000458968,NA,0.000568806,FALSE,NA,NA,NA,NA,NA,NA
145,1,189904638,191419275,TRUE,205,3238,0.000616643,0.000358158,0.083158,0.0148343,FALSE,NA,NA,NA,NA,NA,NA
146,1,191419276,192468373,TRUE,186,2119,NA,0.000105284,NA,0.234719,FALSE,NA,NA,NA,NA,NA,NA
147,1,192468374,193575516,TRUE,202,1737,NA,0.000344564,NA,0.0174305,FALSE,NA,NA,NA,NA,NA,NA
148,1,193575517,194365688,TRUE,145,2154,0.000382875,0.000375386,0.14882,0.00474987,FALSE,NA,NA,NA,NA,NA,NA
149,1,194365689,195161235,TRUE,113,2357,NA,7.76826e-05,NA,0.243564,FALSE,NA,NA,NA,NA,NA,NA
150,1,195161236,196179110,TRUE,194,2177,NA,0.000264354,NA,0.0462009,FALSE,NA,NA,NA,NA,NA,NA
151,1,196179111,197935821,TRUE,235,2264,NA,0.000566406,NA,0.000939795,FALSE,NA,NA,NA,NA,NA,NA
152,1,197935822,199263389,TRUE,271,2757,0.00111954,0.000716946,0.0165415,0.00013972,TRUE,-0.114547,-0.114547,FALSE,-0.95707,0.5656,0.695788
153,1,199263390,200134005,TRUE,196,2397,NA,0.000371691,NA,0.0108468,FALSE,NA,NA,NA,NA,NA,NA
154,1,200134006,201067952,TRUE,234,1994,0.000492471,0.00111681,0.14601,6.12014e-09,FALSE,NA,NA,NA,NA,NA,NA
155,1,201067953,202583884,TRUE,534,3151,NA,0.000295358,NA,0.121798,FALSE,NA,NA,NA,NA,NA,NA
156,1,202583885,204092537,TRUE,452,2949,NA,0.000295392,NA,0.103863,FALSE,NA,NA,NA,NA,NA,NA
157,1,204092538,205009623,TRUE,295,1920,NA,0.00108927,NA,1.74267e-07,FALSE,NA,NA,NA,NA,NA,NA
158,1,205009624,205917548,TRUE,285,2130,NA,0.000477479,NA,0.00720881,FALSE,NA,NA,NA,NA,NA,NA
159,1,205917549,208162951,TRUE,422,3132,NA,0.000615205,NA,0.00470421,FALSE,NA,NA,NA,NA,NA,NA
160,1,208162952,209711169,TRUE,549,3191,NA,0.000827635,NA,0.00107937,FALSE,NA,NA,NA,NA,NA,NA
161,1,209711170,211082892,TRUE,381,3000,0.000174602,0.000639364,0.376276,0.00240295,FALSE,NA,NA,NA,NA,NA,NA
162,1,211082893,212347582,TRUE,308,3370,NA,0.000227392,NA,0.12091,FALSE,NA,NA,NA,NA,NA,NA
163,1,212347583,213958292,TRUE,437,3509,0.000169345,0.0006661,0.387253,0.00281847,FALSE,NA,NA,NA,NA,NA,NA
164,1,213958293,214783872,TRUE,273,1873,NA,0.000495578,NA,0.00487882,FALSE,NA,NA,NA,NA,NA,NA
165,1,214783873,215825791,TRUE,187,1785,NA,0.000423237,NA,0.00429451,FALSE,NA,NA,NA,NA,NA,NA
166,1,215825792,216658126,TRUE,246,1776,0.000739078,0.000157161,0.0656799,0.178942,FALSE,NA,NA,NA,NA,NA,NA
167,1,216658127,217352165,TRUE,248,1738,NA,0.000132951,NA,0.215438,FALSE,NA,NA,NA,NA,NA,NA
168,1,217352166,218563960,TRUE,329,3174,NA,0.000254517,NA,0.10168,FALSE,NA,NA,NA,NA,NA,NA
169,1,218563961,220073132,TRUE,307,3577,0.000133143,0.000485061,0.39193,0.00799103,FALSE,NA,NA,NA,NA,NA,NA
170,1,220073133,220978151,TRUE,201,1914,0.000456918,0.000235279,0.145781,0.0696199,FALSE,NA,NA,NA,NA,NA,NA
171,1,220978152,221856864,TRUE,187,2044,2.85416e-05,0.000291698,0.459098,0.0315293,FALSE,NA,NA,NA,NA,NA,NA
172,1,221856865,222763597,TRUE,248,1686,0.000303557,0.00026089,0.257794,0.0701729,FALSE,NA,NA,NA,NA,NA,NA
173,1,222763598,223654902,FALSE,NA,NA,NA,NA,NA,NA,NA,NA,NA,NA,NA,NA,NA
174,1,223654903,224943337,TRUE,272,2287,0.00038507,0.000823491,0.218342,1.97364e-05,FALSE,NA,NA,NA,NA,NA,NA
175,1,224943338,226534711,TRUE,320,3278,0.00117562,0.00028959,0.0191902,0.0727889,FALSE,NA,NA,NA,NA,NA,NA
176,1,226534712,228045554,TRUE,304,3710,0.000978115,0.000801141,0.0373143,6.12425e-05,TRUE,0.254334,0.254334,FALSE,-0.43744,1,0.411492
177,1,228045555,229075156,TRUE,220,1787,NA,5.69265e-05,NA,0.352971,FALSE,NA,NA,NA,NA,NA,NA
178,1,229075157,230227247,FALSE,NA,NA,NA,NA,NA,NA,NA,NA,NA,NA,NA,NA,NA
179,1,230227248,231287764,TRUE,449,3165,NA,0.000638014,NA,0.00427742,FALSE,NA,NA,NA,NA,NA,NA
180,1,231287765,232177704,TRUE,263,1707,NA,0.000302613,NA,0.0497074,FALSE,NA,NA,NA,NA,NA,NA
181,1,232177705,232954942,TRUE,310,1935,NA,0.000255957,NA,0.0942797,FALSE,NA,NA,NA,NA,NA,NA
182,1,232954943,233639473,TRUE,207,1851,NA,0.00037468,NA,0.0127203,FALSE,NA,NA,NA,NA,NA,NA
183,1,233639474,234365796,TRUE,264,1981,8.53443e-05,0.000368029,0.420627,0.023621,FALSE,NA,NA,NA,NA,NA,NA
184,1,234365797,235097113,TRUE,316,1833,NA,0.000451724,NA,0.0128369,FALSE,NA,NA,NA,NA,NA,NA
185,1,235097114,236199671,TRUE,198,1790,NA,0.000426633,NA,0.00491061,FALSE,NA,NA,NA,NA,NA,NA
186,1,236199672,237409458,TRUE,365,3200,0.000392489,0.000340018,0.24596,0.0550418,FALSE,NA,NA,NA,NA,NA,NA
187,1,237409459,238094455,TRUE,276,1908,0.000176365,0.000643921,0.354605,0.000600742,FALSE,NA,NA,NA,NA,NA,NA
188,1,238094456,238704857,TRUE,152,1853,NA,0.000593043,NA,6.36105e-05,FALSE,NA,NA,NA,NA,NA,NA
189,1,238704858,239332148,TRUE,191,1870,0.00041463,0.000584337,0.161988,0.00024015,FALSE,NA,NA,NA,NA,NA,NA
190,1,239332149,240248508,TRUE,305,2174,5.03376e-05,0.000788467,0.451763,7.82542e-05,FALSE,NA,NA,NA,NA,NA,NA
191,1,240248509,241033584,TRUE,265,1618,0.000403816,0.000334124,0.205051,0.0339517,FALSE,NA,NA,NA,NA,NA,NA
192,1,241033585,241813534,TRUE,302,1839,NA,0.000562416,NA,0.00274475,FALSE,NA,NA,NA,NA,NA,NA
193,1,241813535,242417923,TRUE,233,1669,7.6824e-05,0.000126788,0.422706,0.218217,FALSE,NA,NA,NA,NA,NA,NA
194,1,242417924,243048003,TRUE,213,1684,NA,0.000230972,NA,0.0777079,FALSE,NA,NA,NA,NA,NA,NA
195,1,243048004,244723196,TRUE,361,2507,NA,0.00123717,NA,5.72899e-08,FALSE,NA,NA,NA,NA,NA,NA
196,1,244723197,245970505,FALSE,NA,NA,NA,NA,NA,NA,NA,NA,NA,NA,NA,NA,NA
197,1,245970506,246610290,TRUE,149,2013,NA,0.000302395,NA,0.0162749,FALSE,NA,NA,NA,NA,NA,NA
198,1,246610291,247531112,TRUE,323,2466,NA,0.000364313,NA,0.0361748,FALSE,NA,NA,NA,NA,NA,NA
199,1,247531113,248341594,TRUE,279,2360,NA,0.000157284,NA,0.191685,FALSE,NA,NA,NA,NA,NA,NA
200,1,248341595,249240538,FALSE,NA,NA,NA,NA,NA,NA,NA,NA,NA,NA,NA,NA,NA
201,2,10181,789195,TRUE,211,1766,NA,0.000272666,NA,0.0476914,FALSE,NA,NA,NA,NA,NA,NA
202,2,789196,1376545,TRUE,142,2066,NA,0.000299365,NA,0.0152189,FALSE,NA,NA,NA,NA,NA,NA
203,2,1376546,1875060,TRUE,216,1603,0.000551076,NA,0.112004,NA,FALSE,NA,NA,NA,NA,NA,NA
204,2,1875061,2680063,TRUE,300,1933,0.000449226,0.000662138,0.195295,0.000596463,FALSE,NA,NA,NA,NA,NA,NA
205,2,2680064,3314202,TRUE,312,1782,NA,0.000162544,NA,0.197074,FALSE,NA,NA,NA,NA,NA,NA
206,2,3314203,4016104,FALSE,NA,NA,NA,NA,NA,NA,NA,NA,NA,NA,NA,NA,NA
207,2,4016105,4766969,TRUE,194,1781,NA,5.07816e-05,NA,0.358157,FALSE,NA,NA,NA,NA,NA,NA
208,2,4766970,5568653,TRUE,181,1641,NA,0.000286346,NA,0.0306697,FALSE,NA,NA,NA,NA,NA,NA
209,2,5568654,6306606,TRUE,300,2175,NA,0.000140323,NA,0.226367,FALSE,NA,NA,NA,NA,NA,NA
210,2,6306607,7108208,TRUE,236,1758,NA,0.000304889,NA,0.0397638,FALSE,NA,NA,NA,NA,NA,NA
211,2,7108209,7966709,TRUE,203,1920,0.000235908,0.000630315,0.285604,0.000129494,FALSE,NA,NA,NA,NA,NA,NA
212,2,7966710,8978798,TRUE,256,1691,NA,0.000631878,NA,0.000442867,FALSE,NA,NA,NA,NA,NA,NA
213,2,8978799,9960670,TRUE,243,1753,NA,0.000288021,NA,0.0498506,FALSE,NA,NA,NA,NA,NA,NA
214,2,9960671,10611654,TRUE,304,2022,NA,0.000200387,NA,0.145626,FALSE,NA,NA,NA,NA,NA,NA
215,2,10611655,11230349,TRUE,274,1876,NA,0.000424925,NA,0.012439,FALSE,NA,NA,NA,NA,NA,NA
216,2,11230350,11995765,TRUE,243,1697,NA,0.000165857,NA,0.165429,FALSE,NA,NA,NA,NA,NA,NA
217,2,11995766,12732506,TRUE,339,1886,0.000445905,0.000718959,0.21071,0.000453789,FALSE,NA,NA,NA,NA,NA,NA
218,2,12732507,13625450,FALSE,NA,NA,NA,NA,NA,NA,NA,NA,NA,NA,NA,NA,NA
219,2,13625451,14692120,TRUE,237,2637,6.20695e-06,0.00021175,0.482519,0.10602,FALSE,NA,NA,NA,NA,NA,NA
220,2,14692121,15721703,TRUE,194,2021,0.000414808,4.67467e-05,0.163663,0.367285,FALSE,NA,NA,NA,NA,NA,NA
221,2,15721704,17241115,TRUE,459,3270,NA,0.000462027,NA,0.0276838,FALSE,NA,NA,NA,NA,NA,NA
222,2,17241116,18656325,TRUE,367,3626,0.000517323,0.000714937,0.186365,0.000726311,FALSE,NA,NA,NA,NA,NA,NA
223,2,18656326,20064517,TRUE,424,3577,NA,0.000459653,NA,0.0241622,FALSE,NA,NA,NA,NA,NA,NA
224,2,20064518,21084898,TRUE,366,2331,0.000395152,0.000319829,0.244856,0.0660677,FALSE,NA,NA,NA,NA,NA,NA
225,2,21084899,22429640,TRUE,251,2122,NA,0.000683404,NA,0.00017044,FALSE,NA,NA,NA,NA,NA,NA
226,2,22429641,23538527,TRUE,339,2283,0.000429157,0.000513904,0.219093,0.00767906,FALSE,NA,NA,NA,NA,NA,NA
227,2,23538528,24669224,TRUE,272,2735,NA,0.000712371,NA,0.000165777,FALSE,NA,NA,NA,NA,NA,NA
228,2,24669225,25895394,TRUE,268,2072,NA,0.000589146,NA,0.00111173,FALSE,NA,NA,NA,NA,NA,NA
229,2,25895395,26894102,TRUE,256,1773,NA,0.000133961,NA,0.218612,FALSE,NA,NA,NA,NA,NA,NA
230,2,26894103,28819510,TRUE,360,2951,NA,0.00102683,NA,4.28317e-06,FALSE,NA,NA,NA,NA,NA,NA
231,2,28819511,29627932,TRUE,275,1872,NA,0.000492902,NA,0.00516447,FALSE,NA,NA,NA,NA,NA,NA
232,2,29627933,30575619,TRUE,319,2112,3.29172e-06,0.000211054,0.487062,0.140551,FALSE,NA,NA,NA,NA,NA,NA
233,2,30575620,31457418,TRUE,298,2429,0.000724082,0.000269608,0.0878327,0.0803199,FALSE,NA,NA,NA,NA,NA,NA
234,2,31457419,33123604,TRUE,351,2727,NA,0.00060831,NA,0.00288857,FALSE,NA,NA,NA,NA,NA,NA
235,2,33123605,33735318,TRUE,266,1821,0.000376117,0.000346675,0.22097,0.0305847,FALSE,NA,NA,NA,NA,NA,NA
236,2,33735319,34239776,TRUE,167,1743,0.000238991,0.00029763,0.264468,0.0230029,FALSE,NA,NA,NA,NA,NA,NA
237,2,34239777,34890558,TRUE,194,1658,0.000376396,0.000135214,0.185567,0.185395,FALSE,NA,NA,NA,NA,NA,NA
238,2,34890559,35609257,TRUE,181,1915,NA,0.000197776,NA,0.0926619,FALSE,NA,NA,NA,NA,NA,NA
239,2,35609258,36120743,TRUE,128,1832,NA,0.000379914,NA,0.00249823,FALSE,NA,NA,NA,NA,NA,NA
240,2,36120744,36867389,TRUE,266,1937,NA,0.000445979,NA,0.00889562,FALSE,NA,NA,NA,NA,NA,NA
241,2,36867390,37603360,TRUE,247,1904,NA,0.000815121,NA,1.13197e-05,FALSE,NA,NA,NA,NA,NA,NA
242,2,37603361,38887393,TRUE,427,3254,0.000820222,0.00101461,0.0989012,1.90088e-05,FALSE,NA,NA,NA,NA,NA,NA
243,2,38887394,40087418,TRUE,275,1884,NA,0.000428269,NA,0.0125704,FALSE,NA,NA,NA,NA,NA,NA
244,2,40087419,40786176,TRUE,290,1804,NA,0.00055109,NA,0.0029394,FALSE,NA,NA,NA,NA,NA,NA
245,2,40786177,41540439,TRUE,203,1838,0.000209347,1.24106e-05,0.306025,0.455122,FALSE,NA,NA,NA,NA,NA,NA
246,2,41540440,42307418,TRUE,234,2328,NA,0.000548378,NA,0.00120321,FALSE,NA,NA,NA,NA,NA,NA
247,2,42307419,43295776,TRUE,313,2210,7.3859e-05,NA,0.435274,NA,FALSE,NA,NA,NA,NA,NA,NA
248,2,43295777,44104110,TRUE,256,1931,NA,0.000172983,NA,0.16018,FALSE,NA,NA,NA,NA,NA,NA
249,2,44104111,45189468,TRUE,329,2325,NA,7.20387e-05,NA,0.349731,FALSE,NA,NA,NA,NA,NA,NA
250,2,45189469,45850047,TRUE,327,1776,NA,0.000458616,NA,0.013014,FALSE,NA,NA,NA,NA,NA,NA
251,2,45850048,46499326,TRUE,408,1798,NA,0.000531674,NA,0.0103788,FALSE,NA,NA,NA,NA,NA,NA
252,2,46499327,47320114,TRUE,352,2173,NA,0.000331778,NA,0.0568745,FALSE,NA,NA,NA,NA,NA,NA
253,2,47320115,48171058,TRUE,388,1929,NA,0.000213025,NA,0.160163,FALSE,NA,NA,NA,NA,NA,NA
254,2,48171059,49114132,TRUE,268,2169,NA,0.00049864,NA,0.00441643,FALSE,NA,NA,NA,NA,NA,NA
255,2,49114133,49849185,TRUE,256,2051,NA,1.16203e-05,NA,0.461846,FALSE,NA,NA,NA,NA,NA,NA
256,2,49849186,50756240,TRUE,240,2171,NA,0.000340961,NA,0.0266534,FALSE,NA,NA,NA,NA,NA,NA
257,2,50756241,51669493,TRUE,262,2119,0.000310217,0.00030475,0.259086,0.0477174,FALSE,NA,NA,NA,NA,NA,NA
258,2,51669494,52494111,TRUE,262,1936,0.000217042,0.000462935,0.321651,0.00674881,FALSE,NA,NA,NA,NA,NA,NA
259,2,52494112,53032976,TRUE,143,1798,0.000720086,0.000205672,0.0301934,0.0626654,FALSE,NA,NA,NA,NA,NA,NA
260,2,53032977,53852120,TRUE,285,2341,NA,2.57019e-05,NA,0.433675,FALSE,NA,NA,NA,NA,NA,NA
261,2,53852121,54688234,TRUE,215,1882,NA,0.000612015,NA,0.000260053,FALSE,NA,NA,NA,NA,NA,NA
262,2,54688235,55663336,TRUE,283,2391,NA,0.000418753,NA,0.0151838,FALSE,NA,NA,NA,NA,NA,NA
263,2,55663337,56394698,TRUE,198,1890,2.81266e-05,0.000478066,0.460625,0.00211515,FALSE,NA,NA,NA,NA,NA,NA
264,2,56394699,57433653,TRUE,265,2279,NA,0.000508294,NA,0.00366709,FALSE,NA,NA,NA,NA,NA,NA
265,2,57433654,57952945,TRUE,120,1564,NA,0.00055067,NA,3.59192e-05,FALSE,NA,NA,NA,NA,NA,NA
266,2,57952946,59251996,TRUE,299,2102,0.000828743,0.00160116,0.0622306,7.5125e-13,FALSE,NA,NA,NA,NA,NA,NA
267,2,59251997,60775066,TRUE,510,3171,2.17691e-05,0.00171598,0.479087,3.95638e-10,FALSE,NA,NA,NA,NA,NA,NA
268,2,60775067,62429910,TRUE,356,2676,NA,0.000484773,NA,0.0126984,FALSE,NA,NA,NA,NA,NA,NA
269,2,62429911,63672118,TRUE,276,1934,NA,0.000539327,NA,0.00277674,FALSE,NA,NA,NA,NA,NA,NA
270,2,63672119,64696089,TRUE,217,1892,0.000636607,9.25111e-05,0.0823728,0.276069,FALSE,NA,NA,NA,NA,NA,NA
271,2,64696090,65938002,TRUE,374,2576,NA,0.000442437,NA,0.0214251,FALSE,NA,NA,NA,NA,NA,NA
272,2,65938003,67224027,TRUE,357,2720,NA,0.000210909,NA,0.152759,FALSE,NA,NA,NA,NA,NA,NA
273,2,67224028,67979828,TRUE,252,2068,0.000749498,0.000622915,0.0652754,0.000475086,FALSE,NA,NA,NA,NA,NA,NA
274,2,67979829,68877774,TRUE,234,2074,NA,0.000433388,NA,0.00771057,FALSE,NA,NA,NA,NA,NA,NA
275,2,68877775,70756283,TRUE,421,3472,NA,0.000674932,NA,0.00214783,FALSE,NA,NA,NA,NA,NA,NA
276,2,70756284,71385813,TRUE,253,1779,NA,0.000363264,NA,0.0227125,FALSE,NA,NA,NA,NA,NA,NA
277,2,71385814,72160302,TRUE,267,1825,NA,0.000189101,NA,0.145546,FALSE,NA,NA,NA,NA,NA,NA
278,2,72160303,73544290,TRUE,224,1862,NA,0.000710316,NA,4.95392e-05,FALSE,NA,NA,NA,NA,NA,NA
279,2,73544291,75148103,TRUE,302,2225,0.000691614,0.000486923,0.0987721,0.00742619,FALSE,NA,NA,NA,NA,NA,NA
280,2,75148104,75942397,TRUE,271,1883,NA,7.70732e-05,NA,0.325587,FALSE,NA,NA,NA,NA,NA,NA
281,2,75942398,76649030,TRUE,151,1890,NA,0.000387532,NA,0.00383367,FALSE,NA,NA,NA,NA,NA,NA
282,2,76649031,77372830,FALSE,NA,NA,NA,NA,NA,NA,NA,NA,NA,NA,NA,NA,NA
283,2,77372831,78080057,TRUE,234,1733,0.000208209,0.000377018,0.318854,0.0158277,FALSE,NA,NA,NA,NA,NA,NA
284,2,78080058,79019676,TRUE,189,2123,7.88054e-05,0.000478316,0.412574,0.00175699,FALSE,NA,NA,NA,NA,NA,NA
285,2,79019677,79900055,TRUE,310,2323,0.000315626,0.000829143,0.272466,4.16659e-05,FALSE,NA,NA,NA,NA,NA,NA
286,2,79900056,80737811,TRUE,338,1832,0.000564962,0.000936419,0.156664,1.20795e-05,FALSE,NA,NA,NA,NA,NA,NA
287,2,80737812,81623357,TRUE,184,1772,NA,0.00031776,NA,0.0211015,FALSE,NA,NA,NA,NA,NA,NA
288,2,81623358,82941455,TRUE,162,3401,NA,0.000597702,NA,6.98458e-05,FALSE,NA,NA,NA,NA,NA,NA
289,2,82941456,84395899,TRUE,180,3102,NA,0.00030064,NA,0.0251437,FALSE,NA,NA,NA,NA,NA,NA
290,2,84395900,85992794,TRUE,378,3215,NA,0.000644242,NA,0.00223882,FALSE,NA,NA,NA,NA,NA,NA
291,2,85992795,86867032,TRUE,140,2020,0.000384577,0.000311892,0.143905,0.012071,FALSE,NA,NA,NA,NA,NA,NA
292,2,86867033,88547312,TRUE,139,823,0.000650408,0.000239249,0.0416311,0.038309,TRUE,0.887065,0.887065,FALSE,-0.01548,1,0.0555115
293,2,88547313,91860961,TRUE,84,1015,0.000595464,0.00017918,0.0236358,0.0454699,TRUE,-0.380105,-0.380105,FALSE,-1,0.71525,0.404439
294,2,91860962,97339301,TRUE,152,1219,NA,0.000349942,NA,0.00822379,FALSE,NA,NA,NA,NA,NA,NA
295,2,97339302,98989360,TRUE,166,1818,NA,0.000443979,NA,0.00192735,FALSE,NA,NA,NA,NA,NA,NA
296,2,98989361,100202436,TRUE,164,1926,NA,0.00015698,NA,0.133722,FALSE,NA,NA,NA,NA,NA,NA
297,2,100202437,101556799,TRUE,263,2922,NA,0.000369085,NA,0.0235389,FALSE,NA,NA,NA,NA,NA,NA
298,2,101556800,102494487,TRUE,245,1850,NA,0.000189205,NA,0.135241,FALSE,NA,NA,NA,NA,NA,NA
299,2,102494488,103305257,TRUE,163,1994,0.000371713,0.000266308,0.168662,0.0337118,FALSE,NA,NA,NA,NA,NA,NA
300,2,103305258,105120578,TRUE,334,2746,0.000610092,0.000946771,0.13766,9.74869e-06,FALSE,NA,NA,NA,NA,NA,NA
301,2,105120579,106546524,TRUE,428,3392,0.00132649,0.000507698,0.0209997,0.0152277,TRUE,0.343193,0.343193,FALSE,-0.52316,1,0.354495
302,2,106546525,107412295,TRUE,259,2142,NA,0.000454778,NA,0.00750358,FALSE,NA,NA,NA,NA,NA,NA
303,2,107412296,108417773,TRUE,221,2455,NA,0.000240152,NA,0.0741631,FALSE,NA,NA,NA,NA,NA,NA
304,2,108417774,110097868,TRUE,326,3204,NA,0.000381011,NA,0.031661,FALSE,NA,NA,NA,NA,NA,NA
305,2,110097869,112644828,TRUE,344,2459,NA,0.000296525,NA,0.0753651,FALSE,NA,NA,NA,NA,NA,NA
306,2,112644829,113930668,TRUE,238,2531,NA,0.000161116,NA,0.168314,FALSE,NA,NA,NA,NA,NA,NA
307,2,113930669,115203835,TRUE,225,2168,NA,0.000230934,NA,0.0828822,FALSE,NA,NA,NA,NA,NA,NA
308,2,115203836,116415816,TRUE,262,2311,NA,0.000457273,NA,0.00733524,FALSE,NA,NA,NA,NA,NA,NA
309,2,116415817,117822516,TRUE,201,2917,0.000367362,1.14285e-05,0.194981,0.457446,FALSE,NA,NA,NA,NA,NA,NA
310,2,117822517,118663653,TRUE,160,1907,NA,0.000234789,NA,0.0508558,FALSE,NA,NA,NA,NA,NA,NA
311,2,118663654,119635489,TRUE,273,2271,NA,0.00082541,NA,2.09936e-05,FALSE,NA,NA,NA,NA,NA,NA
312,2,119635490,121073752,TRUE,344,2923,NA,0.000825987,NA,9.67052e-05,FALSE,NA,NA,NA,NA,NA,NA
313,2,121073753,122026817,TRUE,310,1964,0.00166768,0.000512978,0.00181269,0.00573013,TRUE,-0.416788,-0.416788,FALSE,-1,0.18675,0.159834
314,2,122026818,123219243,TRUE,195,2220,0.000308252,0.000233373,0.229563,0.0677336,FALSE,NA,NA,NA,NA,NA,NA
315,2,123219244,123929872,TRUE,111,1831,NA,0.000198614,NA,0.0499493,FALSE,NA,NA,NA,NA,NA,NA
316,2,123929873,124730991,TRUE,134,1909,NA,0.000199855,NA,0.0630596,FALSE,NA,NA,NA,NA,NA,NA
317,2,124730992,125741528,TRUE,261,2255,NA,0.00111347,NA,2.32919e-08,FALSE,NA,NA,NA,NA,NA,NA
318,2,125741529,126754027,TRUE,159,2463,NA,0.000244519,NA,0.044149,FALSE,NA,NA,NA,NA,NA,NA
319,2,126754028,127895644,FALSE,NA,NA,NA,NA,NA,NA,NA,NA,NA,NA,NA,NA,NA
320,2,127895645,129486897,TRUE,389,3665,6.38834e-06,0.000290543,0.486233,0.0919312,FALSE,NA,NA,NA,NA,NA,NA
321,2,129486898,130485398,TRUE,227,2400,1.92396e-05,NA,0.47087,NA,FALSE,NA,NA,NA,NA,NA,NA
322,2,130485399,131760638,TRUE,156,1226,0.000234272,6.50654e-05,0.26151,0.307657,FALSE,NA,NA,NA,NA,NA,NA
323,2,131760639,132598285,TRUE,95,1271,0.000388999,0.000172699,0.100011,0.0587894,FALSE,NA,NA,NA,NA,NA,NA
324,2,132598286,133352950,FALSE,NA,NA,NA,NA,NA,NA,NA,NA,NA,NA,NA,NA,NA
325,2,133352951,134359059,TRUE,321,1920,NA,0.000536323,NA,0.0047637,FALSE,NA,NA,NA,NA,NA,NA
326,2,134359060,135160197,TRUE,258,1849,NA,0.000632271,NA,0.000457245,FALSE,NA,NA,NA,NA,NA,NA
327,2,135160198,137061003,TRUE,165,2605,0.000441094,0.000302949,0.131605,0.0213591,FALSE,NA,NA,NA,NA,NA,NA
328,2,137061004,138073791,TRUE,183,2688,0.000117174,0.000307504,0.376032,0.0233662,FALSE,NA,NA,NA,NA,NA,NA
329,2,138073792,139505819,TRUE,253,2774,NA,0.000538118,NA,0.00193917,FALSE,NA,NA,NA,NA,NA,NA
330,2,139505820,140934531,TRUE,272,3713,0.000195917,5.05203e-05,0.339562,0.37971,FALSE,NA,NA,NA,NA,NA,NA
331,2,140934532,141802664,TRUE,203,2702,NA,0.000481424,NA,0.00214904,FALSE,NA,NA,NA,NA,NA,NA
332,2,141802665,142494980,TRUE,166,2345,0.00073482,3.58226e-05,0.0365677,0.386382,FALSE,NA,NA,NA,NA,NA,NA
333,2,142494981,143259780,TRUE,211,1883,0.00114023,0.000251083,0.0077817,0.0615572,FALSE,NA,NA,NA,NA,NA,NA
334,2,143259781,144503688,TRUE,245,2144,0.000207098,0.000267185,0.323403,0.0639187,FALSE,NA,NA,NA,NA,NA,NA
335,2,144503689,145977920,TRUE,314,1817,NA,0.00104341,NA,8.57517e-07,FALSE,NA,NA,NA,NA,NA,NA
336,2,145977921,147252196,TRUE,245,2061,NA,0.000804842,NA,1.53573e-05,FALSE,NA,NA,NA,NA,NA,NA
337,2,147252197,149568875,TRUE,318,3475,7.00189e-05,0.00153723,0.438539,9.78247e-12,FALSE,NA,NA,NA,NA,NA,NA
338,2,149568876,151428988,TRUE,445,3253,NA,0.000480028,NA,0.0222277,FALSE,NA,NA,NA,NA,NA,NA
339,2,151428989,152497375,TRUE,243,2442,NA,0.000452069,NA,0.00622716,FALSE,NA,NA,NA,NA,NA,NA
340,2,152497376,153999309,TRUE,285,3088,0.000162329,0.000594723,0.366807,0.00138254,FALSE,NA,NA,NA,NA,NA,NA
341,2,153999310,155207969,TRUE,242,2767,0.000261452,0.000250372,0.28359,0.0741612,FALSE,NA,NA,NA,NA,NA,NA
342,2,155207970,156130947,TRUE,223,1948,NA,0.000451895,NA,0.00472115,FALSE,NA,NA,NA,NA,NA,NA
343,2,156130948,157556096,TRUE,252,2527,0.000667091,0.000827558,0.087726,1.16897e-05,FALSE,NA,NA,NA,NA,NA,NA
344,2,157556097,159040979,TRUE,280,2009,0.000474255,0.000441753,0.175141,0.0108588,FALSE,NA,NA,NA,NA,NA,NA
345,2,159040980,160200379,TRUE,278,3074,0.000335345,0.000283781,0.249638,0.0648315,FALSE,NA,NA,NA,NA,NA,NA
346,2,160200380,161432089,TRUE,228,2861,NA,0.000967822,NA,2.13191e-07,FALSE,NA,NA,NA,NA,NA,NA
347,2,161432090,163607635,TRUE,316,3388,NA,0.00113001,NA,1.77728e-07,FALSE,NA,NA,NA,NA,NA,NA
348,2,163607636,164702312,TRUE,205,1899,NA,0.00034898,NA,0.017186,FALSE,NA,NA,NA,NA,NA,NA
349,2,164702313,165917788,TRUE,242,2006,NA,0.000157609,NA,0.175628,FALSE,NA,NA,NA,NA,NA,NA
350,2,165917789,167488576,TRUE,298,3153,NA,0.000788477,NA,7.00771e-05,FALSE,NA,NA,NA,NA,NA,NA
351,2,167488577,168437445,TRUE,115,1879,NA,0.000355338,NA,0.0029366,FALSE,NA,NA,NA,NA,NA,NA
352,2,168437446,169224445,TRUE,265,1809,0.000106897,0.000339859,0.40407,0.0329827,FALSE,NA,NA,NA,NA,NA,NA
353,2,169224446,170155561,TRUE,295,1915,0.000549406,0.000408728,0.147451,0.0188345,FALSE,NA,NA,NA,NA,NA,NA
354,2,170155562,170865765,TRUE,126,1881,0.000282046,0.000136808,0.200875,0.133343,FALSE,NA,NA,NA,NA,NA,NA
355,2,170865766,171566482,TRUE,287,1808,0.000221246,3.13746e-05,0.326044,0.421888,FALSE,NA,NA,NA,NA,NA,NA
356,2,171566483,172501315,TRUE,189,1936,NA,0.000183358,NA,0.115065,FALSE,NA,NA,NA,NA,NA,NA
357,2,172501316,173287857,TRUE,212,1748,NA,0.000915218,NA,3.47075e-07,FALSE,NA,NA,NA,NA,NA,NA
358,2,173287858,174118389,TRUE,210,2101,0.000340858,0.00045025,0.216242,0.00424203,FALSE,NA,NA,NA,NA,NA,NA
359,2,174118390,174927563,TRUE,300,1724,NA,0.000957993,NA,2.88613e-06,FALSE,NA,NA,NA,NA,NA,NA
360,2,174927564,176734750,TRUE,398,3420,NA,0.00115161,NA,9.77364e-07,FALSE,NA,NA,NA,NA,NA,NA
361,2,176734751,178149981,TRUE,416,2823,NA,0.000431661,NA,0.0303268,FALSE,NA,NA,NA,NA,NA,NA
362,2,178149982,179224870,TRUE,167,2512,NA,0.000213191,NA,0.0721972,FALSE,NA,NA,NA,NA,NA,NA
363,2,179224871,180336045,TRUE,283,2085,NA,0.000892248,NA,7.35683e-06,FALSE,NA,NA,NA,NA,NA,NA
364,2,180336046,181309939,TRUE,266,2456,NA,0.000493175,NA,0.00453097,FALSE,NA,NA,NA,NA,NA,NA
365,2,181309940,182307877,TRUE,215,2262,NA,0.000243622,NA,0.06894,FALSE,NA,NA,NA,NA,NA,NA
366,2,182307878,183352290,TRUE,229,2036,0.000421304,8.81603e-05,0.179041,0.291585,FALSE,NA,NA,NA,NA,NA,NA
367,2,183352291,184148655,TRUE,172,1948,0.000225013,0.000229972,0.278528,0.0603109,FALSE,NA,NA,NA,NA,NA,NA
368,2,184148656,184866232,TRUE,159,1585,0.000562534,0.00075068,0.0768333,1.47329e-06,FALSE,NA,NA,NA,NA,NA,NA
369,2,184866233,186244920,TRUE,195,2628,0.000800202,0.000880811,0.0355164,3.39701e-07,TRUE,-0.121403,-0.121403,FALSE,-0.95035,0.54783,0.670432
370,2,186244921,187498047,TRUE,101,2219,NA,0.000118913,NA,0.139528,FALSE,NA,NA,NA,NA,NA,NA
371,2,187498048,188895310,TRUE,189,2604,0.000200114,NA,0.307228,NA,FALSE,NA,NA,NA,NA,NA,NA
372,2,188895311,189882702,TRUE,122,1955,NA,0.000137142,NA,0.132154,FALSE,NA,NA,NA,NA,NA,NA
373,2,189882703,191051954,TRUE,165,2135,6.66366e-06,0.000101369,0.478589,0.229519,FALSE,NA,NA,NA,NA,NA,NA
374,2,191051955,193033982,TRUE,382,3210,0.000374378,0.000292273,0.260185,0.087638,FALSE,NA,NA,NA,NA,NA,NA
375,2,193033983,195300250,TRUE,264,2433,0.000487578,0.00077204,0.162063,4.39567e-05,FALSE,NA,NA,NA,NA,NA,NA
376,2,195300251,196446299,TRUE,161,2465,NA,0.000409248,NA,0.00388397,FALSE,NA,NA,NA,NA,NA,NA
377,2,196446300,198140350,TRUE,266,3110,6.22691e-06,0.000444485,0.483483,0.00915996,FALSE,NA,NA,NA,NA,NA,NA
378,2,198140351,199654969,TRUE,188,1915,0.000156508,0.00103847,0.343207,4.22182e-09,FALSE,NA,NA,NA,NA,NA,NA
379,2,199654970,201324132,TRUE,271,2449,2.09558e-05,0.00153821,0.471976,8.49097e-13,FALSE,NA,NA,NA,NA,NA,NA
380,2,201324133,202504862,TRUE,214,2045,0.000281978,0.00076028,0.257344,1.31819e-05,FALSE,NA,NA,NA,NA,NA,NA
381,2,202504863,203639686,TRUE,236,1787,NA,0.000660286,NA,0.000182792,FALSE,NA,NA,NA,NA,NA,NA
382,2,203639687,205038119,TRUE,209,2259,NA,0.00010112,NA,0.255344,FALSE,NA,NA,NA,NA,NA,NA
383,2,205038120,206821199,TRUE,584,3083,0.00130821,0.000810284,0.0411257,0.00172759,TRUE,0.442037,0.442037,FALSE,-0.27649,1,0.197334
384,2,206821200,207726594,TRUE,237,1889,NA,0.000313331,NA,0.0363906,FALSE,NA,NA,NA,NA,NA,NA
385,2,207726595,208674588,TRUE,288,1831,0.000500667,0.000626781,0.165988,0.000873459,FALSE,NA,NA,NA,NA,NA,NA
386,2,208674589,209940230,TRUE,301,2544,0.000288585,0.00043179,0.286205,0.0149915,FALSE,NA,NA,NA,NA,NA,NA
387,2,209940231,210842457,TRUE,130,2041,NA,0.000327152,NA,0.00747943,FALSE,NA,NA,NA,NA,NA,NA
388,2,210842458,212520453,TRUE,357,3289,NA,0.000370055,NA,0.0406762,FALSE,NA,NA,NA,NA,NA,NA
389,2,212520454,213194362,TRUE,204,1995,NA,0.000614442,NA,0.000180678,FALSE,NA,NA,NA,NA,NA,NA
390,2,213194363,214044566,TRUE,249,1935,NA,0.000530985,NA,0.00216469,FALSE,NA,NA,NA,NA,NA,NA
391,2,214044567,215002484,TRUE,142,2175,0.000359566,0.00018581,0.160548,0.0822377,FALSE,NA,NA,NA,NA,NA,NA
392,2,215002485,215899570,TRUE,232,1902,0.000632131,0.000627758,0.0904131,0.000333962,FALSE,NA,NA,NA,NA,NA,NA
393,2,215899571,217566011,TRUE,515,3348,0.000334268,0.000587756,0.308936,0.0113821,FALSE,NA,NA,NA,NA,NA,NA
394,2,217566012,218396258,TRUE,238,2050,0.000346064,0.000294077,0.226651,0.04533,FALSE,NA,NA,NA,NA,NA,NA
395,2,218396259,219678783,TRUE,259,2104,NA,0.000432155,NA,0.00967536,FALSE,NA,NA,NA,NA,NA,NA
396,2,219678784,220771552,TRUE,280,1759,NA,0.000417827,NA,0.015303,FALSE,NA,NA,NA,NA,NA,NA
397,2,220771553,221445191,TRUE,190,1850,0.000731955,0.000451178,0.046359,0.00272868,TRUE,0.0153633,0.0153633,FALSE,-1,1,0.967327
398,2,221445192,222327713,TRUE,243,1730,0.000144607,0.000276596,0.370135,0.0562225,FALSE,NA,NA,NA,NA,NA,NA
399,2,222327714,223353965,TRUE,271,1777,0.000377847,0.000238907,0.222021,0.094687,FALSE,NA,NA,NA,NA,NA,NA
400,2,223353966,224123079,TRUE,178,1983,0.000157922,0.000145564,0.337965,0.158012,FALSE,NA,NA,NA,NA,NA,NA
401,2,224123080,224938731,TRUE,231,1744,NA,0.000330081,NA,0.028601,FALSE,NA,NA,NA,NA,NA,NA
402,2,224938732,226242842,TRUE,283,3110,0.000563109,0.000823583,0.137103,2.55661e-05,FALSE,NA,NA,NA,NA,NA,NA
403,2,226242843,227557841,TRUE,262,2351,0.000432159,0.000657657,0.188625,0.000319448,FALSE,NA,NA,NA,NA,NA,NA
404,2,227557842,228812485,TRUE,333,3474,1.58634e-05,0.000376648,0.478347,0.0345074,FALSE,NA,NA,NA,NA,NA,NA
405,2,228812486,229764918,TRUE,223,2079,NA,0.000377338,NA,0.0146214,FALSE,NA,NA,NA,NA,NA,NA
406,2,229764919,230541092,TRUE,269,1955,NA,0.000488211,NA,0.00511821,FALSE,NA,NA,NA,NA,NA,NA
407,2,230541093,231847386,TRUE,421,3092,NA,0.000267954,NA,0.117731,FALSE,NA,NA,NA,NA,NA,NA
408,2,231847387,233352722,TRUE,369,3068,0.000288487,0.000143458,0.304682,0.24258,FALSE,NA,NA,NA,NA,NA,NA
409,2,233352723,234115092,TRUE,244,1750,0.000266963,0.000683324,0.280577,0.000131476,FALSE,NA,NA,NA,NA,NA,NA
410,2,234115093,234945577,TRUE,248,1853,NA,0.000258186,NA,0.070987,FALSE,NA,NA,NA,NA,NA,NA
411,2,234945578,235625789,TRUE,298,2164,0.000746711,0.00027096,0.0816203,0.0788397,FALSE,NA,NA,NA,NA,NA,NA
412,2,235625790,236276287,TRUE,273,1854,NA,4.62482e-05,NA,0.388145,FALSE,NA,NA,NA,NA,NA,NA
413,2,236276288,237194297,TRUE,267,1825,NA,9.88068e-05,NA,0.283928,FALSE,NA,NA,NA,NA,NA,NA
414,2,237194298,238185482,TRUE,273,2059,NA,0.000277647,NA,0.066537,FALSE,NA,NA,NA,NA,NA,NA
415,2,238185483,238814630,TRUE,211,1713,NA,0.000397617,NA,0.00914213,FALSE,NA,NA,NA,NA,NA,NA
416,2,238814631,239634350,TRUE,246,2298,NA,0.000247285,NA,0.0785436,FALSE,NA,NA,NA,NA,NA,NA
417,2,239634351,240325600,TRUE,290,1617,0.000966511,NA,0.0358442,NA,FALSE,NA,NA,NA,NA,NA,NA
418,2,240325601,241113279,TRUE,346,2231,0.00124776,0.000497985,0.0172503,0.00947027,TRUE,0.238466,0.238466,FALSE,-0.58842,1,0.49939
419,2,241113280,241910366,TRUE,331,2432,0.000142459,0.000575226,0.389414,0.00315207,FALSE,NA,NA,NA,NA,NA,NA
420,2,241910367,243188366,TRUE,259,2408,NA,0.000259258,NA,0.0743749,FALSE,NA,NA,NA,NA,NA,NA
421,3,60197,795746,TRUE,302,1680,NA,0.0004614,NA,0.0106865,FALSE,NA,NA,NA,NA,NA,NA
422,3,795747,1440048,TRUE,332,1844,NA,0.000451922,NA,0.0145736,FALSE,NA,NA,NA,NA,NA,NA
423,3,1440049,2140011,TRUE,340,2662,NA,0.000232783,NA,0.124567,FALSE,NA,NA,NA,NA,NA,NA
424,3,2140012,3128152,TRUE,557,2917,NA,0.000865109,NA,0.000719579,FALSE,NA,NA,NA,NA,NA,NA
425,3,3128153,4109393,TRUE,434,2957,NA,0.00132185,NA,8.75885e-08,FALSE,NA,NA,NA,NA,NA,NA
426,3,4109394,4835083,TRUE,328,1844,NA,0.000420609,NA,0.0205537,FALSE,NA,NA,NA,NA,NA,NA
427,3,4835084,5496182,TRUE,332,1501,NA,0.000819174,NA,7.53604e-05,FALSE,NA,NA,NA,NA,NA,NA
428,3,5496183,6421145,TRUE,396,2888,NA,9.9477e-05,NA,0.316485,FALSE,NA,NA,NA,NA,NA,NA
429,3,6421146,7529554,TRUE,325,2629,NA,0.000425593,NA,0.0188022,FALSE,NA,NA,NA,NA,NA,NA
430,3,7529555,8664892,TRUE,429,3401,0.000470064,3.51225e-05,0.225253,0.429383,FALSE,NA,NA,NA,NA,NA,NA
431,3,8664893,9970731,TRUE,552,2820,NA,0.000434438,NA,0.0482314,FALSE,NA,NA,NA,NA,NA,NA
432,3,9970732,11226367,TRUE,479,3006,NA,0.00110622,NA,1.03609e-05,FALSE,NA,NA,NA,NA,NA,NA
433,3,11226368,11997658,TRUE,262,1727,NA,0.000785342,NA,3.10531e-05,FALSE,NA,NA,NA,NA,NA,NA
434,3,11997659,12859209,TRUE,207,1888,NA,0.000401289,NA,0.00864584,FALSE,NA,NA,NA,NA,NA,NA
435,3,12859210,14312007,TRUE,561,3550,NA,0.000641743,NA,0.00844582,FALSE,NA,NA,NA,NA,NA,NA
436,3,14312008,15150876,TRUE,328,1969,0.000442496,0.000380204,0.208716,0.031161,FALSE,NA,NA,NA,NA,NA,NA
437,3,15150877,16084005,TRUE,214,1768,0.000118361,0.00022519,0.383946,0.0848238,FALSE,NA,NA,NA,NA,NA,NA
438,3,16084006,17182494,TRUE,371,2840,NA,0.00127732,NA,3.71576e-08,FALSE,NA,NA,NA,NA,NA,NA
439,3,17182495,19030988,TRUE,284,3428,NA,0.00110166,NA,1.02721e-07,FALSE,NA,NA,NA,NA,NA,NA
440,3,19030989,20754842,TRUE,338,3471,NA,0.000344857,NA,0.0467541,FALSE,NA,NA,NA,NA,NA,NA
441,3,20754843,21790867,TRUE,378,3002,NA,0.000196953,NA,0.17564,FALSE,NA,NA,NA,NA,NA,NA
442,3,21790868,22648001,TRUE,354,2959,NA,0.00049825,NA,0.0101076,FALSE,NA,NA,NA,NA,NA,NA
443,3,22648002,23426044,FALSE,NA,NA,NA,NA,NA,NA,NA,NA,NA,NA,NA,NA,NA
444,3,23426045,24270189,TRUE,250,1825,0.000157504,0.000527981,0.36199,0.00217262,FALSE,NA,NA,NA,NA,NA,NA
445,3,24270190,25516193,TRUE,458,3328,NA,0.00140028,NA,3.80656e-08,FALSE,NA,NA,NA,NA,NA,NA
446,3,25516194,26905340,TRUE,313,2689,NA,0.000307511,NA,0.0597345,FALSE,NA,NA,NA,NA,NA,NA
447,3,26905341,27614908,TRUE,120,1846,6.53062e-06,0.000158137,0.475057,0.0987408,FALSE,NA,NA,NA,NA,NA,NA
448,3,27614909,28649810,TRUE,237,1899,NA,0.000476671,NA,0.00398146,FALSE,NA,NA,NA,NA,NA,NA
449,3,28649811,29877022,TRUE,448,3450,NA,0.00102836,NA,2.03957e-05,FALSE,NA,NA,NA,NA,NA,NA
450,3,29877023,31269697,TRUE,439,3485,3.80206e-05,0.00141598,0.467368,1.84666e-08,FALSE,NA,NA,NA,NA,NA,NA
451,3,31269698,32378805,TRUE,366,2422,5.91926e-05,0.000522121,0.449951,0.00839127,FALSE,NA,NA,NA,NA,NA,NA
452,3,32378806,33020868,TRUE,200,1572,NA,0.000235362,NA,0.0685949,FALSE,NA,NA,NA,NA,NA,NA
453,3,33020869,33991869,TRUE,203,1939,5.7548e-05,0.00055647,0.434525,0.00056939,FALSE,NA,NA,NA,NA,NA,NA
454,3,33991870,35009559,TRUE,215,2224,0.000342997,0.00121657,0.217477,1.40613e-10,FALSE,NA,NA,NA,NA,NA,NA
455,3,35009560,35913033,TRUE,204,1809,8.14906e-05,0.00048721,0.413393,0.00201031,FALSE,NA,NA,NA,NA,NA,NA
456,3,35913034,36840136,TRUE,259,2309,NA,0.000601312,NA,0.000808369,FALSE,NA,NA,NA,NA,NA,NA
457,3,36840137,38729767,TRUE,452,3352,5.28732e-05,0.00109848,0.458771,7.61032e-06,FALSE,NA,NA,NA,NA,NA,NA
458,3,38729768,39605996,TRUE,191,2198,NA,0.000436346,NA,0.00386705,FALSE,NA,NA,NA,NA,NA,NA
459,3,39605997,40897627,TRUE,210,2097,NA,0.00015197,NA,0.168048,FALSE,NA,NA,NA,NA,NA,NA
460,3,40897628,42301657,TRUE,276,2916,NA,0.000413197,NA,0.0149167,FALSE,NA,NA,NA,NA,NA,NA
461,3,42301658,44141693,TRUE,452,3267,0.00130187,0.00106947,0.0256892,1.25461e-05,TRUE,0.46134,0.46134,FALSE,-0.09378,1,0.098081
462,3,44141694,45844191,TRUE,348,3272,0.00127438,0.00112511,0.0157394,4.06886e-07,TRUE,0.310724,0.310724,FALSE,-0.20744,1,0.218681
463,3,45844192,47588461,TRUE,260,3161,NA,0.000384971,NA,0.0184291,FALSE,NA,NA,NA,NA,NA,NA
464,3,47588462,50387742,TRUE,214,2745,0.000133055,0.000838297,0.371656,2.7082e-06,FALSE,NA,NA,NA,NA,NA,NA
465,3,50387743,51953968,TRUE,131,1824,0.000580257,0.000733327,0.0546711,5.85156e-07,FALSE,NA,NA,NA,NA,NA,NA
466,3,51953969,54074844,TRUE,423,3329,0.00177274,0.00148259,0.00360168,2.77828e-09,TRUE,0.592474,0.592474,FALSE,0.20017,1,0.00488737
467,3,54074845,54892586,TRUE,316,1792,NA,0.000637175,NA,0.00115716,FALSE,NA,NA,NA,NA,NA,NA
468,3,54892587,55616625,TRUE,331,1755,0.000743566,0.000379964,0.0930442,0.0325556,FALSE,NA,NA,NA,NA,NA,NA
469,3,55616626,56954878,TRUE,274,3154,0.000460739,0.000926767,0.179242,2.64856e-06,FALSE,NA,NA,NA,NA,NA,NA
470,3,56954879,58557718,TRUE,278,3398,NA,0.000390552,NA,0.0199556,FALSE,NA,NA,NA,NA,NA,NA
471,3,58557719,59998583,TRUE,426,3115,NA,0.000790249,NA,0.000505298,FALSE,NA,NA,NA,NA,NA,NA
472,3,59998584,60571139,TRUE,308,1959,NA,0.00103105,NA,8.28998e-07,FALSE,NA,NA,NA,NA,NA,NA
473,3,60571140,61277587,TRUE,250,1856,NA,0.000534852,NA,0.00200333,FALSE,NA,NA,NA,NA,NA,NA
474,3,61277588,62609818,TRUE,535,2748,NA,0.0012375,NA,3.53365e-06,FALSE,NA,NA,NA,NA,NA,NA
475,3,62609819,63670803,TRUE,347,2997,NA,0.000503871,NA,0.00892767,FALSE,NA,NA,NA,NA,NA,NA
476,3,63670804,64662373,TRUE,324,1844,0.000543562,0.000868588,0.160675,2.87532e-05,FALSE,NA,NA,NA,NA,NA,NA
477,3,64662374,65326751,TRUE,290,1960,9.79888e-05,0.000540387,0.414776,0.00316149,FALSE,NA,NA,NA,NA,NA,NA
478,3,65326752,66702084,TRUE,480,2813,NA,0.000175303,NA,0.228745,FALSE,NA,NA,NA,NA,NA,NA
479,3,66702085,67454740,TRUE,217,2048,NA,0.000379945,NA,0.0124458,FALSE,NA,NA,NA,NA,NA,NA
480,3,67454741,68319770,TRUE,222,1908,0.00102379,0.00023952,0.0160926,0.0751135,FALSE,NA,NA,NA,NA,NA,NA
481,3,68319771,69784969,TRUE,415,3481,0.000307872,0.000751487,0.303988,0.000754087,FALSE,NA,NA,NA,NA,NA,NA
482,3,69784970,71223281,TRUE,367,2277,0.000715775,0.00123706,0.112237,8.03863e-08,FALSE,NA,NA,NA,NA,NA,NA
483,3,71223282,72334704,TRUE,509,2413,NA,0.000860369,NA,0.000504088,FALSE,NA,NA,NA,NA,NA,NA
484,3,72334705,73606612,TRUE,438,2497,NA,0.000292884,NA,0.102,FALSE,NA,NA,NA,NA,NA,NA
485,3,73606613,74383137,TRUE,279,1919,0.000210539,0.000304215,0.331197,0.0528404,FALSE,NA,NA,NA,NA,NA,NA
486,3,74383138,75374967,TRUE,153,1790,NA,0.000302607,NA,0.0189082,FALSE,NA,NA,NA,NA,NA,NA
487,3,75374968,76157470,TRUE,56,729,0.000101991,NA,0.30947,NA,FALSE,NA,NA,NA,NA,NA,NA
488,3,76157471,77507832,TRUE,353,3111,NA,0.000733014,NA,0.00044479,FALSE,NA,NA,NA,NA,NA,NA
489,3,77507833,79023360,TRUE,324,2833,NA,0.000590755,NA,0.00239408,FALSE,NA,NA,NA,NA,NA,NA
490,3,79023361,80385708,TRUE,221,2482,0.000341567,0.00052103,0.221383,0.00163162,FALSE,NA,NA,NA,NA,NA,NA
491,3,80385709,81431496,TRUE,137,2263,0.000291151,0.000504271,0.203241,0.00023864,FALSE,NA,NA,NA,NA,NA,NA
492,3,81431497,82532742,TRUE,167,1812,5.05875e-05,0.000698247,0.434806,8.80748e-06,FALSE,NA,NA,NA,NA,NA,NA
493,3,82532743,83529394,TRUE,118,1972,0.000127194,NA,0.336941,NA,FALSE,NA,NA,NA,NA,NA,NA
494,3,83529395,84698480,TRUE,140,2701,NA,0.00026312,NA,0.0268476,FALSE,NA,NA,NA,NA,NA,NA
495,3,84698481,85807679,TRUE,149,2602,NA,0.000373274,NA,0.0049707,FALSE,NA,NA,NA,NA,NA,NA
496,3,85807680,86660979,TRUE,124,1689,5.76077e-05,0.00030401,0.416588,0.0110554,FALSE,NA,NA,NA,NA,NA,NA
497,3,86660980,87411258,TRUE,122,1706,3.72691e-05,0.000177806,0.439311,0.076219,FALSE,NA,NA,NA,NA,NA,NA
498,3,87411259,88375763,TRUE,146,2065,NA,0.00016645,NA,0.106976,FALSE,NA,NA,NA,NA,NA,NA
499,3,88375764,89612939,TRUE,166,2535,NA,0.000176965,NA,0.107305,FALSE,NA,NA,NA,NA,NA,NA
500,3,89612940,94250144,TRUE,120,1560,1.87749e-05,7.12729e-05,0.460545,0.266185,FALSE,NA,NA,NA,NA,NA,NA
501,3,94250145,95088587,TRUE,98,1752,NA,0.000144578,NA,0.0955296,FALSE,NA,NA,NA,NA,NA,NA
502,3,95088588,96055532,TRUE,100,2654,NA,5.26989e-05,NA,0.301579,FALSE,NA,NA,NA,NA,NA,NA
503,3,96055533,97351955,TRUE,160,1672,NA,0.000148277,NA,0.142194,FALSE,NA,NA,NA,NA,NA,NA
504,3,97351956,98212868,TRUE,150,2168,NA,4.08244e-05,NA,0.367072,FALSE,NA,NA,NA,NA,NA,NA
505,3,98212869,99045104,FALSE,NA,NA,NA,NA,NA,NA,NA,NA,NA,NA,NA,NA,NA
506,3,99045105,100552522,TRUE,221,2526,NA,0.000433851,NA,0.00614502,FALSE,NA,NA,NA,NA,NA,NA
507,3,100552523,101906989,TRUE,223,2712,NA,0.000487706,NA,0.00265654,FALSE,NA,NA,NA,NA,NA,NA
508,3,101906990,103450271,TRUE,208,3494,NA,0.00049899,NA,0.00170966,FALSE,NA,NA,NA,NA,NA,NA
509,3,103450272,104116563,TRUE,150,1959,0.000181654,NA,0.303031,NA,FALSE,NA,NA,NA,NA,NA,NA
510,3,104116564,104878977,TRUE,149,2062,0.000304198,0.000503851,0.203018,0.000376787,FALSE,NA,NA,NA,NA,NA,NA
511,3,104878978,106174685,TRUE,302,3078,0.000392826,0.000491905,0.225507,0.00723181,FALSE,NA,NA,NA,NA,NA,NA
512,3,106174686,107736519,TRUE,392,2965,NA,0.00060512,NA,0.00402436,FALSE,NA,NA,NA,NA,NA,NA
513,3,107736520,108638900,TRUE,185,1924,NA,0.000415356,NA,0.00461867,FALSE,NA,NA,NA,NA,NA,NA
514,3,108638901,109519606,TRUE,140,1734,NA,0.000152547,NA,0.123218,FALSE,NA,NA,NA,NA,NA,NA
515,3,109519607,110935508,TRUE,180,2603,NA,0.000142163,NA,0.16492,FALSE,NA,NA,NA,NA,NA,NA
516,3,110935509,111693782,TRUE,182,1948,NA,0.000288949,NA,0.0302294,FALSE,NA,NA,NA,NA,NA,NA
517,3,111693783,112408513,TRUE,177,1786,NA,6.72166e-05,NA,0.311474,FALSE,NA,NA,NA,NA,NA,NA
518,3,112408514,113657665,TRUE,288,2873,NA,0.000410555,NA,0.0170621,FALSE,NA,NA,NA,NA,NA,NA
519,3,113657666,115649909,TRUE,467,3216,NA,0.00119477,NA,2.1107e-06,FALSE,NA,NA,NA,NA,NA,NA
520,3,115649910,116498570,TRUE,200,1867,NA,0.000215343,NA,0.0851009,FALSE,NA,NA,NA,NA,NA,NA
521,3,116498571,117241644,TRUE,263,1841,NA,0.000261759,NA,0.0751242,FALSE,NA,NA,NA,NA,NA,NA
522,3,117241645,118086929,TRUE,174,2020,NA,0.000559063,NA,0.000254748,FALSE,NA,NA,NA,NA,NA,NA
523,3,118086930,118903053,TRUE,172,1820,7.8464e-05,0.000175139,0.408805,0.113325,FALSE,NA,NA,NA,NA,NA,NA
524,3,118903054,119759983,TRUE,213,1903,NA,0.000666982,NA,8.91755e-05,FALSE,NA,NA,NA,NA,NA,NA
525,3,119759984,120574477,TRUE,221,1885,0.000272763,0.00033569,0.266984,0.0240971,FALSE,NA,NA,NA,NA,NA,NA
526,3,120574478,121362442,TRUE,91,1651,NA,0.000115061,NA,0.135615,FALSE,NA,NA,NA,NA,NA,NA
527,3,121362443,122340832,TRUE,190,2140,NA,1.63629e-05,NA,0.443317,FALSE,NA,NA,NA,NA,NA,NA
528,3,122340833,123518507,TRUE,263,2233,NA,0.000590995,NA,0.00099325,FALSE,NA,NA,NA,NA,NA,NA
529,3,123518508,124823006,TRUE,328,2922,NA,0.000697917,NA,0.00053827,FALSE,NA,NA,NA,NA,NA,NA
530,3,124823007,125475722,TRUE,148,1601,0.000111679,0.000307417,0.368395,0.0145547,FALSE,NA,NA,NA,NA,NA,NA
531,3,125475723,125992650,TRUE,117,1688,NA,0.000331116,NA,0.00506791,FALSE,NA,NA,NA,NA,NA,NA
532,3,125992651,127495173,TRUE,406,3493,0.000474928,0.000273176,0.216931,0.111131,FALSE,NA,NA,NA,NA,NA,NA
533,3,127495174,129091975,TRUE,306,2957,NA,0.000862252,NA,2.23446e-05,FALSE,NA,NA,NA,NA,NA,NA
534,3,129091976,130242360,TRUE,192,2060,NA,0.000296997,NA,0.030431,FALSE,NA,NA,NA,NA,NA,NA
535,3,130242361,131373470,TRUE,174,1903,NA,0.000365877,NA,0.00904293,FALSE,NA,NA,NA,NA,NA,NA
536,3,131373471,132124018,TRUE,148,2279,NA,8.71959e-06,NA,0.458372,FALSE,NA,NA,NA,NA,NA,NA
537,3,132124019,132925967,TRUE,152,1761,NA,0.000130585,NA,0.164587,FALSE,NA,NA,NA,NA,NA,NA
538,3,132925968,133718493,TRUE,280,1751,0.000206681,0.000215343,0.334159,0.121211,FALSE,NA,NA,NA,NA,NA,NA
539,3,133718494,135288394,TRUE,418,3195,0.000355905,0.00036616,0.278815,0.0544473,FALSE,NA,NA,NA,NA,NA,NA
540,3,135288395,137372141,TRUE,281,3043,0.000359407,0.000640502,0.236536,0.000683244,FALSE,NA,NA,NA,NA,NA,NA
541,3,137372142,138693846,TRUE,244,2032,7.02596e-05,NA,0.429784,NA,FALSE,NA,NA,NA,NA,NA,NA
542,3,138693847,139831267,TRUE,280,2276,0.000299892,NA,0.272206,NA,FALSE,NA,NA,NA,NA,NA,NA
543,3,139831268,141034637,TRUE,338,2411,0.00010656,0.000372735,0.41501,0.0364646,FALSE,NA,NA,NA,NA,NA,NA
544,3,141034638,141898978,TRUE,238,1883,NA,0.000283401,NA,0.0511272,FALSE,NA,NA,NA,NA,NA,NA
545,3,141898979,142976707,TRUE,238,1950,NA,0.0007704,NA,2.34159e-05,FALSE,NA,NA,NA,NA,NA,NA
546,3,142976708,144408821,TRUE,370,3086,NA,0.000407293,NA,0.0304687,FALSE,NA,NA,NA,NA,NA,NA
547,3,144408822,145211907,FALSE,NA,NA,NA,NA,NA,NA,NA,NA,NA,NA,NA,NA,NA
548,3,145211908,145903838,TRUE,175,1993,NA,0.000261382,NA,0.0411415,FALSE,NA,NA,NA,NA,NA,NA
549,3,145903839,147358243,TRUE,318,3332,NA,0.000591434,NA,0.00217867,FALSE,NA,NA,NA,NA,NA,NA
550,3,147358244,148638308,TRUE,300,2680,0.000626657,0.000334758,0.119554,0.0426673,FALSE,NA,NA,NA,NA,NA,NA
551,3,148638309,149998411,TRUE,394,3099,NA,0.000445276,NA,0.0238738,FALSE,NA,NA,NA,NA,NA,NA
552,3,149998412,151131307,FALSE,NA,NA,NA,NA,NA,NA,NA,NA,NA,NA,NA,NA,NA
553,3,151131308,151904021,TRUE,187,1880,NA,0.000125646,NA,0.196742,FALSE,NA,NA,NA,NA,NA,NA
554,3,151904022,153406718,TRUE,337,3131,NA,0.00084151,NA,6.23279e-05,FALSE,NA,NA,NA,NA,NA,NA
555,3,153406719,155046423,TRUE,291,3395,NA,0.000469407,NA,0.00879936,FALSE,NA,NA,NA,NA,NA,NA
556,3,155046424,155928190,TRUE,167,1852,NA,0.000399712,NA,0.00455071,FALSE,NA,NA,NA,NA,NA,NA
557,3,155928191,156795410,TRUE,184,1849,NA,0.00030863,NA,0.0239305,FALSE,NA,NA,NA,NA,NA,NA
558,3,156795411,157633700,TRUE,171,1864,0.000291962,0.000360523,0.226836,0.00907492,FALSE,NA,NA,NA,NA,NA,NA
559,3,157633701,158460058,TRUE,84,1852,9.86832e-05,0.000242318,0.345337,0.0129606,FALSE,NA,NA,NA,NA,NA,NA
560,3,158460059,159478751,TRUE,222,1788,0.000321445,0.000140966,0.234679,0.19255,FALSE,NA,NA,NA,NA,NA,NA
561,3,159478752,160584961,TRUE,182,1985,NA,0.000506755,NA,0.000862841,FALSE,NA,NA,NA,NA,NA,NA
562,3,160584962,161628883,TRUE,151,2435,0.000435903,0.000729541,0.124481,1.76523e-06,FALSE,NA,NA,NA,NA,NA,NA
563,3,161628884,162622604,TRUE,145,3121,0.000538765,0.000587498,0.0764902,4.77217e-05,FALSE,NA,NA,NA,NA,NA,NA
564,3,162622605,163250112,TRUE,48,1866,NA,0.000249509,NA,0.00228087,FALSE,NA,NA,NA,NA,NA,NA
565,3,163250113,164037360,TRUE,88,2052,0.000137681,0.000280618,0.301566,0.00643565,FALSE,NA,NA,NA,NA,NA,NA
566,3,164037361,165054911,TRUE,149,1897,5.16266e-05,0.00022895,0.429964,0.0490785,FALSE,NA,NA,NA,NA,NA,NA
567,3,165054912,165936511,TRUE,128,2272,0.000154978,3.11054e-05,0.314772,0.386161,FALSE,NA,NA,NA,NA,NA,NA
568,3,165936512,167118893,TRUE,157,3339,0.000229703,0.000223629,0.265884,0.0579241,FALSE,NA,NA,NA,NA,NA,NA
569,3,167118894,168972662,TRUE,345,3366,0.000601269,0.000484536,0.144696,0.0112257,FALSE,NA,NA,NA,NA,NA,NA
570,3,168972663,170174578,TRUE,313,2233,NA,0.000237933,NA,0.112554,FALSE,NA,NA,NA,NA,NA,NA
571,3,170174579,171134849,TRUE,275,1852,NA,0.000346693,NA,0.0320093,FALSE,NA,NA,NA,NA,NA,NA
572,3,171134850,172004760,TRUE,234,1808,NA,0.000229899,NA,0.089519,FALSE,NA,NA,NA,NA,NA,NA
573,3,172004761,173415591,TRUE,372,2746,NA,0.000667963,NA,0.00141041,FALSE,NA,NA,NA,NA,NA,NA
574,3,173415592,174684707,TRUE,310,2705,NA,0.000307602,NA,0.0589123,FALSE,NA,NA,NA,NA,NA,NA
575,3,174684708,175671424,TRUE,252,2363,0.000448405,0.000377467,0.175834,0.0183557,FALSE,NA,NA,NA,NA,NA,NA
576,3,175671425,176931163,TRUE,293,3050,NA,0.000655561,NA,0.000573265,FALSE,NA,NA,NA,NA,NA,NA
577,3,176931164,178110322,TRUE,366,2377,NA,0.00057631,NA,0.00449252,FALSE,NA,NA,NA,NA,NA,NA
578,3,178110323,179372165,TRUE,266,2508,NA,0.000458298,NA,0.00734326,FALSE,NA,NA,NA,NA,NA,NA
579,3,179372166,181424323,TRUE,352,3072,0.00156198,0.00113744,0.00480386,3.92123e-07,TRUE,0.246954,0.246954,FALSE,-0.23794,0.84525,0.284751
580,3,181424324,183203155,TRUE,335,2576,NA,0.000722564,NA,0.000388586,FALSE,NA,NA,NA,NA,NA,NA
581,3,183203156,184524268,TRUE,475,2937,NA,0.000516573,NA,0.0178877,FALSE,NA,NA,NA,NA,NA,NA
582,3,184524269,185709996,TRUE,220,2140,NA,0.00076103,NA,1.50611e-05,FALSE,NA,NA,NA,NA,NA,NA
583,3,185709997,186602045,TRUE,363,1823,NA,0.000343661,NA,0.0532048,FALSE,NA,NA,NA,NA,NA,NA
584,3,186602046,187939199,TRUE,536,3155,NA,0.000852042,NA,0.000702326,FALSE,NA,NA,NA,NA,NA,NA
585,3,187939200,189451805,TRUE,416,2933,NA,0.000975928,NA,2.69864e-05,FALSE,NA,NA,NA,NA,NA,NA
586,3,189451806,190591293,TRUE,341,3001,NA,0.000868951,NA,4.12866e-05,FALSE,NA,NA,NA,NA,NA,NA
587,3,190591294,191229357,TRUE,136,1788,0.000342876,0.000354442,0.166325,0.00509311,FALSE,NA,NA,NA,NA,NA,NA
588,3,191229358,192049688,TRUE,220,2476,NA,0.000406602,NA,0.00897267,FALSE,NA,NA,NA,NA,NA,NA
589,3,192049689,193122090,TRUE,253,2216,NA,0.000153012,NA,0.187349,FALSE,NA,NA,NA,NA,NA,NA
590,3,193122091,194217140,TRUE,350,2344,NA,0.000463609,NA,0.0146127,FALSE,NA,NA,NA,NA,NA,NA
591,3,194217141,195196789,TRUE,405,3214,NA,0.00061485,NA,0.00404558,FALSE,NA,NA,NA,NA,NA,NA
592,3,195196790,195710290,FALSE,NA,NA,NA,NA,NA,NA,NA,NA,NA,NA,NA,NA,NA
593,3,195710291,196383152,TRUE,259,1610,NA,0.00040021,NA,0.0148763,FALSE,NA,NA,NA,NA,NA,NA
594,3,196383153,197147990,TRUE,281,1729,NA,0.000575397,NA,0.00169291,FALSE,NA,NA,NA,NA,NA,NA
595,3,197147991,197962380,TRUE,159,1290,NA,0.00025825,NA,0.0363629,FALSE,NA,NA,NA,NA,NA,NA
596,4,10227,812415,TRUE,134,1558,0.00040888,0.000319867,0.125512,0.00939119,FALSE,NA,NA,NA,NA,NA,NA
597,4,812416,1529267,TRUE,185,1798,0.000225145,0.00025851,0.285272,0.0461567,FALSE,NA,NA,NA,NA,NA,NA
598,4,1529268,2468935,TRUE,260,1858,0.00116901,NA,0.0119179,NA,FALSE,NA,NA,NA,NA,NA,NA
599,4,2468936,3549229,TRUE,321,2365,NA,0.000459541,NA,0.0126256,FALSE,NA,NA,NA,NA,NA,NA
600,4,3549230,4266178,TRUE,164,984,NA,0.000128464,NA,0.175688,FALSE,NA,NA,NA,NA,NA,NA
601,4,4266179,5051834,TRUE,369,2248,NA,0.000392453,NA,0.0343952,FALSE,NA,NA,NA,NA,NA,NA
602,4,5051835,5972709,TRUE,401,2745,0.000853906,0.000356776,0.0840222,0.0553118,FALSE,NA,NA,NA,NA,NA,NA
603,4,5972710,7135819,TRUE,553,2799,NA,0.000820091,NA,0.00123225,FALSE,NA,NA,NA,NA,NA,NA
604,4,7135820,7726034,TRUE,495,2210,0.000557523,0.000250933,0.203569,0.150566,FALSE,NA,NA,NA,NA,NA,NA
605,4,7726035,8309826,TRUE,358,1779,NA,0.000516148,NA,0.00849426,FALSE,NA,NA,NA,NA,NA,NA
606,4,8309827,8882616,TRUE,175,1281,NA,2.24309e-05,NA,0.424558,FALSE,NA,NA,NA,NA,NA,NA
607,4,8882617,9482867,TRUE,12,278,1.45921e-05,NA,0.392998,NA,FALSE,NA,NA,NA,NA,NA,NA
608,4,9482868,9916156,TRUE,69,1459,NA,3.96481e-05,NA,0.314184,FALSE,NA,NA,NA,NA,NA,NA
609,4,9916157,10370666,TRUE,102,1731,0.000131491,0.000153069,0.320962,0.0882662,FALSE,NA,NA,NA,NA,NA,NA
610,4,10370667,11050119,TRUE,215,1777,NA,0.000216576,NA,0.0939176,FALSE,NA,NA,NA,NA,NA,NA
611,4,11050120,12209028,TRUE,362,3213,NA,0.000275922,NA,0.0952438,FALSE,NA,NA,NA,NA,NA,NA
612,4,12209029,13127576,TRUE,250,2597,0.000249331,0.000506416,0.294982,0.00302264,FALSE,NA,NA,NA,NA,NA,NA
613,4,13127577,14395886,TRUE,406,3371,NA,0.000615517,NA,0.00411441,FALSE,NA,NA,NA,NA,NA,NA
614,4,14395887,14967147,TRUE,150,1739,0.000185143,0.000193297,0.299895,0.079232,FALSE,NA,NA,NA,NA,NA,NA
615,4,14967148,15910801,TRUE,243,2180,0.000510991,0.000158573,0.141904,0.174117,FALSE,NA,NA,NA,NA,NA,NA
616,4,15910802,17290236,TRUE,452,3230,NA,0.000328893,NA,0.0814005,FALSE,NA,NA,NA,NA,NA,NA
617,4,17290237,18753263,TRUE,311,3128,1.55743e-05,0.000440667,0.47781,0.0144979,FALSE,NA,NA,NA,NA,NA,NA
618,4,18753264,20086838,TRUE,237,3604,NA,0.00105686,NA,3.18178e-08,FALSE,NA,NA,NA,NA,NA,NA
619,4,20086839,21416380,TRUE,427,3276,0.000742674,0.000731343,0.120768,0.00113021,FALSE,NA,NA,NA,NA,NA,NA
620,4,21416381,22835185,TRUE,323,3489,NA,0.000205023,NA,0.148865,FALSE,NA,NA,NA,NA,NA,NA
621,4,22835186,23858350,TRUE,256,1905,NA,0.000719296,NA,9.85052e-05,FALSE,NA,NA,NA,NA,NA,NA
622,4,23858351,24764724,TRUE,330,1919,0.000258763,0.00071137,0.313024,0.000458254,FALSE,NA,NA,NA,NA,NA,NA
623,4,24764725,25832018,TRUE,341,2562,0.000948771,0.000793975,0.0501673,0.000149804,FALSE,NA,NA,NA,NA,NA,NA
624,4,25832019,27385580,TRUE,447,2588,NA,0.00113041,NA,4.10697e-06,FALSE,NA,NA,NA,NA,NA,NA
625,4,27385581,28177792,TRUE,237,2295,NA,0.000247855,NA,0.0741391,FALSE,NA,NA,NA,NA,NA,NA
626,4,28177793,28927438,TRUE,151,2094,NA,0.000278935,NA,0.0244534,FALSE,NA,NA,NA,NA,NA,NA
627,4,28927439,29758399,TRUE,160,2090,NA,0.000134243,NA,0.163959,FALSE,NA,NA,NA,NA,NA,NA
628,4,29758400,30455555,TRUE,146,1901,0.000231453,0.000198531,0.25721,0.0748784,FALSE,NA,NA,NA,NA,NA,NA
629,4,30455556,31395092,TRUE,209,2572,NA,0.000647429,NA,0.000117744,FALSE,NA,NA,NA,NA,NA,NA
630,4,31395093,32260117,TRUE,159,2198,NA,0.000583898,NA,9.35907e-05,FALSE,NA,NA,NA,NA,NA,NA
631,4,32260118,32746820,TRUE,85,1652,NA,0.000159481,NA,0.0631398,FALSE,NA,NA,NA,NA,NA,NA
632,4,32746821,33640822,TRUE,87,1659,0.000182667,0.000212375,0.250663,0.0258653,FALSE,NA,NA,NA,NA,NA,NA
633,4,33640823,34721845,TRUE,64,1935,0.000157012,0.000327668,0.248607,0.000683373,FALSE,NA,NA,NA,NA,NA,NA
634,4,34721846,35411236,TRUE,157,1593,NA,3.24113e-05,NA,0.392868,FALSE,NA,NA,NA,NA,NA,NA
635,4,35411237,35993838,FALSE,NA,NA,NA,NA,NA,NA,NA,NA,NA,NA,NA,NA,NA
636,4,35993839,36671801,TRUE,170,1911,0.000172432,0.000151844,0.321712,0.143947,FALSE,NA,NA,NA,NA,NA,NA
637,4,36671802,37880860,TRUE,384,3710,NA,0.000558124,NA,0.00652772,FALSE,NA,NA,NA,NA,NA,NA
638,4,37880861,38984838,TRUE,430,2953,NA,0.000668077,NA,0.00260626,FALSE,NA,NA,NA,NA,NA,NA
639,4,38984839,39820061,TRUE,202,1801,NA,0.000444967,NA,0.00387645,FALSE,NA,NA,NA,NA,NA,NA
640,4,39820062,40590541,TRUE,290,1803,NA,0.000102159,NA,0.284204,FALSE,NA,NA,NA,NA,NA,NA
641,4,40590542,41360937,TRUE,239,1843,NA,5.61979e-05,NA,0.359959,FALSE,NA,NA,NA,NA,NA,NA
642,4,41360938,42189251,TRUE,169,1795,0.000400081,0.000326423,0.156186,0.0151202,FALSE,NA,NA,NA,NA,NA,NA
643,4,42189252,43192424,TRUE,240,3042,0.000417507,0.000653374,0.186423,0.00021711,FALSE,NA,NA,NA,NA,NA,NA
644,4,43192425,43962561,TRUE,148,1933,5.35868e-05,0.000459464,0.427682,0.000949697,FALSE,NA,NA,NA,NA,NA,NA
645,4,43962562,45186767,TRUE,233,3366,0.000605326,0.000809619,0.099883,8.57523e-06,FALSE,NA,NA,NA,NA,NA,NA
646,4,45186768,46358360,TRUE,218,2145,0.000401015,0.000253957,0.184571,0.0633699,FALSE,NA,NA,NA,NA,NA,NA
647,4,46358361,47408265,TRUE,220,1773,0.000751163,0.000625691,0.0534781,0.00023183,FALSE,NA,NA,NA,NA,NA,NA
648,4,47408266,49325138,TRUE,289,3042,NA,0.000695031,NA,0.000283569,FALSE,NA,NA,NA,NA,NA,NA
649,4,49325139,53879571,TRUE,160,1635,0.000148845,0.00020449,0.338175,0.0741471,FALSE,NA,NA,NA,NA,NA,NA
650,4,53879572,54659778,TRUE,175,1675,NA,0.000503581,NA,0.000772093,FALSE,NA,NA,NA,NA,NA,NA
651,4,54659779,55681701,TRUE,299,1899,NA,0.000854682,NA,2.11929e-05,FALSE,NA,NA,NA,NA,NA,NA
652,4,55681702,57103100,TRUE,383,3417,NA,0.00022679,NA,0.145054,FALSE,NA,NA,NA,NA,NA,NA
653,4,57103101,58011085,TRUE,291,2439,NA,0.000866483,NA,1.3344e-05,FALSE,NA,NA,NA,NA,NA,NA
654,4,58011086,58940256,TRUE,280,2317,NA,0.000480734,NA,0.00638903,FALSE,NA,NA,NA,NA,NA,NA
655,4,58940257,59692948,TRUE,163,2094,0.000219677,0.00021179,0.277779,0.0693853,FALSE,NA,NA,NA,NA,NA,NA
656,4,59692949,60746709,TRUE,224,2841,NA,0.000543331,NA,0.00110766,FALSE,NA,NA,NA,NA,NA,NA
657,4,60746710,61971161,TRUE,195,3564,0.000304435,0.000286079,0.232165,0.0361349,FALSE,NA,NA,NA,NA,NA,NA
658,4,61971162,63337954,TRUE,339,2665,9.69259e-05,0.001247,0.421769,2.62223e-08,FALSE,NA,NA,NA,NA,NA,NA
659,4,63337955,64117431,TRUE,161,2096,NA,0.000473839,NA,0.000948343,FALSE,NA,NA,NA,NA,NA,NA
660,4,64117432,65563100,TRUE,211,3447,NA,6.65839e-05,NA,0.327254,FALSE,NA,NA,NA,NA,NA,NA
661,4,65563101,66597446,TRUE,219,2713,NA,0.000516322,NA,0.00158106,FALSE,NA,NA,NA,NA,NA,NA
662,4,66597447,67616362,TRUE,183,2318,NA,0.000195509,NA,0.0960952,FALSE,NA,NA,NA,NA,NA,NA
663,4,67616363,68742859,TRUE,208,2605,NA,0.000192106,NA,0.113633,FALSE,NA,NA,NA,NA,NA,NA
664,4,68742860,69603368,TRUE,116,1497,NA,3.56358e-05,NA,0.365589,FALSE,NA,NA,NA,NA,NA,NA
665,4,69603369,70516836,TRUE,100,2938,NA,0.000265122,NA,0.0121575,FALSE,NA,NA,NA,NA,NA,NA
666,4,70516837,71468300,TRUE,164,2812,0.000439488,5.4095e-05,0.131743,0.33751,FALSE,NA,NA,NA,NA,NA,NA
667,4,71468301,73258294,TRUE,234,2995,0.000359102,0.000121926,0.216885,0.22961,FALSE,NA,NA,NA,NA,NA,NA
668,4,73258295,74885900,TRUE,242,2920,NA,4.41472e-05,NA,0.38766,FALSE,NA,NA,NA,NA,NA,NA
669,4,74885901,76497358,TRUE,302,3326,NA,0.000493993,NA,0.00696435,FALSE,NA,NA,NA,NA,NA,NA
670,4,76497359,78045637,TRUE,347,3666,0.000186282,0.000739268,0.363027,0.000362371,FALSE,NA,NA,NA,NA,NA,NA
671,4,78045638,78967715,TRUE,187,2180,NA,0.000549843,NA,0.00042958,FALSE,NA,NA,NA,NA,NA,NA
672,4,78967716,79880101,TRUE,172,1847,NA,0.000464497,NA,0.0015397,FALSE,NA,NA,NA,NA,NA,NA
673,4,79880102,81206182,TRUE,247,2605,1.83567e-05,0.000485146,0.472802,0.00399959,FALSE,NA,NA,NA,NA,NA,NA
674,4,81206183,82655623,TRUE,232,2459,0.000217241,0.000440013,0.311435,0.00671899,FALSE,NA,NA,NA,NA,NA,NA
675,4,82655624,84003062,TRUE,283,2994,0.000138691,0.000548429,0.383543,0.00252299,FALSE,NA,NA,NA,NA,NA,NA
676,4,84003063,85437805,TRUE,274,2608,NA,0.000409938,NA,0.0150186,FALSE,NA,NA,NA,NA,NA,NA
677,4,85437806,86931670,TRUE,183,3012,9.61412e-05,0.000335562,0.395171,0.0157092,FALSE,NA,NA,NA,NA,NA,NA
678,4,86931671,88502717,TRUE,253,3241,NA,0.000788644,NA,2.5842e-05,FALSE,NA,NA,NA,NA,NA,NA
679,4,88502718,89244554,TRUE,198,1943,NA,0.000255094,NA,0.0545339,FALSE,NA,NA,NA,NA,NA,NA
680,4,89244555,90236971,FALSE,NA,NA,NA,NA,NA,NA,NA,NA,NA,NA,NA,NA,NA
681,4,90236972,91309863,TRUE,200,2345,NA,0.00043502,NA,0.00444961,FALSE,NA,NA,NA,NA,NA,NA
682,4,91309864,92219192,TRUE,225,2145,NA,0.000501557,NA,0.00230301,FALSE,NA,NA,NA,NA,NA,NA
683,4,92219193,93451599,TRUE,230,2089,NA,0.00036439,NA,0.0182448,FALSE,NA,NA,NA,NA,NA,NA
684,4,93451600,94757265,TRUE,251,2623,NA,0.000503632,NA,0.00368015,FALSE,NA,NA,NA,NA,NA,NA
685,4,94757266,96183801,TRUE,284,3027,8.29258e-05,0.00030884,0.425239,0.0521633,FALSE,NA,NA,NA,NA,NA,NA
686,4,96183802,97540787,TRUE,290,3406,0.000242104,0.000318001,0.312857,0.0486072,FALSE,NA,NA,NA,NA,NA,NA
687,4,97540788,98445515,TRUE,170,1866,0.000644578,0.000458264,0.058138,0.00163038,FALSE,NA,NA,NA,NA,NA,NA
688,4,98445516,99532480,TRUE,112,2041,0.000158584,7.28614e-05,0.299737,0.254659,FALSE,NA,NA,NA,NA,NA,NA
689,4,99532481,100333334,TRUE,159,2092,0.000215813,7.77254e-05,0.278637,0.277082,FALSE,NA,NA,NA,NA,NA,NA
690,4,100333335,101132995,TRUE,185,1857,NA,0.0004715,NA,0.0017799,FALSE,NA,NA,NA,NA,NA,NA
691,4,101132996,102544803,TRUE,287,3234,NA,0.000713576,NA,0.000195861,FALSE,NA,NA,NA,NA,NA,NA
692,4,102544804,104384534,TRUE,314,3262,9.37522e-05,0.00084432,0.421055,3.56926e-05,FALSE,NA,NA,NA,NA,NA,NA
693,4,104384535,105319195,TRUE,150,1633,0.000745279,0.000104066,0.0288404,0.213395,FALSE,NA,NA,NA,NA,NA,NA
694,4,105319196,106479155,TRUE,244,2255,0.000347215,0.000380543,0.228639,0.0169033,FALSE,NA,NA,NA,NA,NA,NA
695,4,106479156,108131206,TRUE,300,2924,NA,0.000348821,NA,0.0368569,FALSE,NA,NA,NA,NA,NA,NA
696,4,108131207,109122458,TRUE,211,1788,NA,0.000239447,NA,0.0700426,FALSE,NA,NA,NA,NA,NA,NA
697,4,109122459,109978982,TRUE,231,1923,0.000218126,0.000336127,0.310415,0.0261937,FALSE,NA,NA,NA,NA,NA,NA
698,4,109978983,111733579,TRUE,424,3359,0.000552104,0.000533825,0.188101,0.0112795,FALSE,NA,NA,NA,NA,NA,NA
699,4,111733580,112830229,TRUE,214,1914,NA,9.46128e-05,NA,0.269921,FALSE,NA,NA,NA,NA,NA,NA
700,4,112830230,113916002,TRUE,210,1949,NA,0.000225095,NA,0.0819769,FALSE,NA,NA,NA,NA,NA,NA
701,4,113916003,115306149,TRUE,340,2867,0.000690429,0.00037741,0.111835,0.0344004,FALSE,NA,NA,NA,NA,NA,NA
702,4,115306150,116204703,TRUE,141,1920,0.000264388,0.000437817,0.226866,0.00116865,FALSE,NA,NA,NA,NA,NA,NA
703,4,116204704,117313636,TRUE,175,2431,0.000247929,0.000317704,0.262101,0.0185958,FALSE,NA,NA,NA,NA,NA,NA
704,4,117313637,118395262,TRUE,218,2801,NA,0.000140992,NA,0.189385,FALSE,NA,NA,NA,NA,NA,NA
705,4,118395263,119138097,TRUE,134,1791,0.000678863,0.000380059,0.0335914,0.00306412,TRUE,-0.0230614,-0.0230614,FALSE,-1,0.93855,0.950348
706,4,119138098,119927262,TRUE,149,1637,NA,0.000104962,NA,0.210379,FALSE,NA,NA,NA,NA,NA,NA
707,4,119927263,120563073,TRUE,95,1583,NA,0.000119168,NA,0.13323,FALSE,NA,NA,NA,NA,NA,NA
708,4,120563074,121393008,TRUE,166,1899,0.000486962,0.000192082,0.110592,0.0908118,FALSE,NA,NA,NA,NA,NA,NA
709,4,121393009,121981243,TRUE,129,1826,NA,0.000459521,NA,0.000490277,FALSE,NA,NA,NA,NA,NA,NA
710,4,121981244,122655434,TRUE,225,2045,NA,0.000282229,NA,0.0475772,FALSE,NA,NA,NA,NA,NA,NA
711,4,122655435,123768693,TRUE,205,2012,5.98946e-05,0.000681729,0.432745,5.33362e-05,FALSE,NA,NA,NA,NA,NA,NA
712,4,123768694,124534997,TRUE,146,1838,7.32128e-05,0.000405794,0.406705,0.00263833,FALSE,NA,NA,NA,NA,NA,NA
713,4,124534998,125486535,TRUE,198,2324,NA,0.000669905,NA,4.99885e-05,FALSE,NA,NA,NA,NA,NA,NA
714,4,125486536,126476842,TRUE,250,2526,NA,0.000147735,NA,0.193049,FALSE,NA,NA,NA,NA,NA,NA
715,4,126476843,127279171,TRUE,217,1968,0.000113206,2.08543e-05,0.389036,0.435856,FALSE,NA,NA,NA,NA,NA,NA
716,4,127279172,128321876,TRUE,198,2222,NA,0.000163789,NA,0.144441,FALSE,NA,NA,NA,NA,NA,NA
717,4,128321877,129625376,TRUE,219,1891,0.000565992,0.000170147,0.107698,0.152859,FALSE,NA,NA,NA,NA,NA,NA
718,4,129625377,131098950,TRUE,275,2994,0.000280721,0.00035334,0.282729,0.0299423,FALSE,NA,NA,NA,NA,NA,NA
719,4,131098951,131873453,TRUE,155,1897,NA,4.14446e-05,NA,0.366689,FALSE,NA,NA,NA,NA,NA,NA
720,4,131873454,132801980,TRUE,134,1675,0.000125058,0.000116585,0.348371,0.175829,FALSE,NA,NA,NA,NA,NA,NA
721,4,132801981,133524886,TRUE,97,1672,0.000196853,0.000239111,0.247232,0.0192501,FALSE,NA,NA,NA,NA,NA,NA
722,4,133524887,134109978,TRUE,81,1535,6.76541e-05,0.000254985,0.383801,0.0098521,FALSE,NA,NA,NA,NA,NA,NA
723,4,134109979,135809542,TRUE,253,3466,NA,0.000494715,NA,0.00392721,FALSE,NA,NA,NA,NA,NA,NA
724,4,135809543,137400031,TRUE,291,3383,NA,0.000356893,NA,0.031773,FALSE,NA,NA,NA,NA,NA,NA
725,4,137400032,138537344,TRUE,307,3485,0.000136822,0.000261731,0.389324,0.0883679,FALSE,NA,NA,NA,NA,NA,NA
726,4,138537345,139553760,TRUE,272,2379,NA,0.000218432,NA,0.115288,FALSE,NA,NA,NA,NA,NA,NA
727,4,139553761,141087047,TRUE,462,2820,NA,0.000950936,NA,9.33145e-05,FALSE,NA,NA,NA,NA,NA,NA
728,4,141087048,142807914,TRUE,369,3169,0.000204957,0.00118257,0.355211,2.44057e-07,FALSE,NA,NA,NA,NA,NA,NA
729,4,142807915,144401042,TRUE,215,3227,NA,0.000190101,NA,0.119918,FALSE,NA,NA,NA,NA,NA,NA
730,4,144401043,146174871,TRUE,233,2524,0.000403163,0.000285673,0.190916,0.0485005,FALSE,NA,NA,NA,NA,NA,NA
731,4,146174872,147161042,TRUE,273,1874,NA,0.000283705,NA,0.0622744,FALSE,NA,NA,NA,NA,NA,NA
732,4,147161043,148462208,TRUE,214,2390,NA,0.000250081,NA,0.0652973,FALSE,NA,NA,NA,NA,NA,NA
733,4,148462209,149998528,TRUE,359,2806,NA,0.000649636,NA,0.00163833,FALSE,NA,NA,NA,NA,NA,NA
734,4,149998529,151014322,TRUE,190,1627,0.000190365,0.00010654,0.315627,0.234928,FALSE,NA,NA,NA,NA,NA,NA
735,4,151014323,152162098,TRUE,168,1809,NA,0.000639581,NA,3.97644e-05,FALSE,NA,NA,NA,NA,NA,NA
736,4,152162099,153520883,TRUE,275,2723,NA,0.000738476,NA,0.000115605,FALSE,NA,NA,NA,NA,NA,NA
737,4,153520884,155044409,TRUE,467,3392,NA,0.000739438,NA,0.00154967,FALSE,NA,NA,NA,NA,NA,NA
738,4,155044410,156520288,TRUE,379,2967,NA,0.000340918,NA,0.0582605,FALSE,NA,NA,NA,NA,NA,NA
739,4,156520289,157597309,TRUE,299,3242,NA,0.000634368,NA,0.000895052,FALSE,NA,NA,NA,NA,NA,NA
740,4,157597310,159176073,TRUE,258,3033,NA,7.72694e-05,NA,0.320992,FALSE,NA,NA,NA,NA,NA,NA
741,4,159176074,160828480,TRUE,291,3107,NA,0.000227847,NA,0.112744,FALSE,NA,NA,NA,NA,NA,NA
742,4,160828481,161666201,TRUE,239,2052,NA,0.00031186,NA,0.0375091,FALSE,NA,NA,NA,NA,NA,NA
743,4,161666202,162239289,TRUE,139,2200,NA,0.000166029,NA,0.101408,FALSE,NA,NA,NA,NA,NA,NA
744,4,162239290,163245541,TRUE,244,2776,NA,0.000314558,NA,0.037312,FALSE,NA,NA,NA,NA,NA,NA
745,4,163245542,163937103,TRUE,147,1761,5.79686e-05,0.00011623,0.422855,0.187188,FALSE,NA,NA,NA,NA,NA,NA
746,4,163937104,164781847,TRUE,206,1718,0.000755072,0.000341518,0.0475805,0.0195255,TRUE,0.190452,0.190452,FALSE,-1,1,0.657018
747,4,164781848,165824650,TRUE,293,2936,NA,0.000575319,NA,0.00218152,FALSE,NA,NA,NA,NA,NA,NA
748,4,165824651,166702855,TRUE,285,2341,NA,0.000515807,NA,0.0042264,FALSE,NA,NA,NA,NA,NA,NA
749,4,166702856,167643768,TRUE,156,2238,0.000280003,0.000271547,0.22573,0.0293083,FALSE,NA,NA,NA,NA,NA,NA
750,4,167643769,168623790,TRUE,208,2470,NA,0.000436624,NA,0.00500922,FALSE,NA,NA,NA,NA,NA,NA
751,4,168623791,169555114,TRUE,246,2415,0.000118088,0.000321076,0.391665,0.0353174,FALSE,NA,NA,NA,NA,NA,NA
752,4,169555115,170682809,TRUE,235,2004,NA,0.000548951,NA,0.00122054,FALSE,NA,NA,NA,NA,NA,NA
753,4,170682810,171643019,TRUE,200,2595,0.000332586,0.000331713,0.216177,0.0203012,FALSE,NA,NA,NA,NA,NA,NA
754,4,171643020,172555990,TRUE,127,2473,NA,0.000127861,NA,0.149502,FALSE,NA,NA,NA,NA,NA,NA
755,4,172555991,174470206,TRUE,356,3066,0.000948741,0.000435257,0.053611,0.0211418,FALSE,NA,NA,NA,NA,NA,NA
756,4,174470207,175295842,TRUE,276,1644,NA,0.000263624,NA,0.0765809,FALSE,NA,NA,NA,NA,NA,NA
757,4,175295843,175959697,TRUE,224,1875,2.53494e-05,0.000121743,0.465374,0.223163,FALSE,NA,NA,NA,NA,NA,NA
758,4,175959698,177129678,TRUE,305,2402,0.000269462,0.00139192,0.299454,2.34844e-10,FALSE,NA,NA,NA,NA,NA,NA
759,4,177129679,178314527,FALSE,NA,NA,NA,NA,NA,NA,NA,NA,NA,NA,NA,NA,NA
760,4,178314528,179233905,TRUE,254,2029,NA,0.000585511,NA,0.000919308,FALSE,NA,NA,NA,NA,NA,NA
761,4,179233906,179932391,TRUE,163,1808,0.000149543,0.000178243,0.338912,0.104183,FALSE,NA,NA,NA,NA,NA,NA
762,4,179932392,180540877,TRUE,170,1996,NA,0.000171813,NA,0.116533,FALSE,NA,NA,NA,NA,NA,NA
763,4,180540878,181122433,TRUE,231,1940,NA,0.000272175,NA,0.0560142,FALSE,NA,NA,NA,NA,NA,NA
764,4,181122434,182065646,TRUE,422,2698,NA,0.000176026,NA,0.213076,FALSE,NA,NA,NA,NA,NA,NA
765,4,182065647,182946258,TRUE,447,2787,NA,0.000722917,NA,0.00151201,FALSE,NA,NA,NA,NA,NA,NA
766,4,182946259,183603892,TRUE,355,1780,NA,0.00113327,NA,4.32154e-07,FALSE,NA,NA,NA,NA,NA,NA
767,4,183603893,184338584,TRUE,268,1691,NA,0.000418712,NA,0.0130099,FALSE,NA,NA,NA,NA,NA,NA
768,4,184338585,185483262,TRUE,531,2996,NA,0.000396523,NA,0.0600105,FALSE,NA,NA,NA,NA,NA,NA
769,4,185483263,186232882,TRUE,259,2035,NA,0.000537898,NA,0.00208412,FALSE,NA,NA,NA,NA,NA,NA
770,4,186232883,186881568,TRUE,304,1750,1.22189e-05,0.000356866,0.480065,0.0349799,FALSE,NA,NA,NA,NA,NA,NA
771,4,186881569,187985393,TRUE,518,2987,NA,0.000247815,NA,0.159075,FALSE,NA,NA,NA,NA,NA,NA
772,4,187985394,189153279,TRUE,433,3138,NA,0.000624162,NA,0.00438498,FALSE,NA,NA,NA,NA,NA,NA
773,4,189153280,189899573,TRUE,337,3248,0.000465575,0.000834645,0.200454,6.54507e-05,FALSE,NA,NA,NA,NA,NA,NA
774,4,189899574,191043880,TRUE,240,2133,NA,0.000130583,NA,0.215544,FALSE,NA,NA,NA,NA,NA,NA
775,5,10043,598320,TRUE,130,1527,NA,6.1344e-05,NA,0.299054,FALSE,NA,NA,NA,NA,NA,NA
776,5,598321,1206609,TRUE,152,1013,NA,0.000210829,NA,0.0648192,FALSE,NA,NA,NA,NA,NA,NA
777,5,1206610,2106885,TRUE,501,2875,NA,5.68233e-05,NA,0.400367,FALSE,NA,NA,NA,NA,NA,NA
778,5,2106886,2960068,FALSE,NA,NA,NA,NA,NA,NA,NA,NA,NA,NA,NA,NA,NA
779,5,2960069,3677595,TRUE,343,2668,0.000300999,0.000184202,0.290774,0.179084,FALSE,NA,NA,NA,NA,NA,NA
780,5,3677596,4636542,TRUE,248,1910,NA,0.000432981,NA,0.00833256,FALSE,NA,NA,NA,NA,NA,NA
781,5,4636543,5828694,TRUE,418,2967,0.000822484,0.000375381,0.0960671,0.0501396,FALSE,NA,NA,NA,NA,NA,NA
782,5,5828695,6936733,TRUE,456,3449,NA,0.000853723,NA,0.000302615,FALSE,NA,NA,NA,NA,NA,NA
783,5,6936734,8079415,TRUE,317,3018,0.00115976,0.00127486,0.0200258,5.97744e-09,TRUE,0.486265,0.486265,FALSE,0.01087,1,0.0483722
784,5,8079416,9203855,TRUE,241,3114,NA,0.000148859,NA,0.187922,FALSE,NA,NA,NA,NA,NA,NA
785,5,9203856,10549029,FALSE,NA,NA,NA,NA,NA,NA,NA,NA,NA,NA,NA,NA,NA
786,5,10549030,11850850,TRUE,421,2902,NA,0.000435848,NA,0.0300944,FALSE,NA,NA,NA,NA,NA,NA
787,5,11850851,12867189,TRUE,134,1908,0.000298029,0.000519341,0.195708,0.000152446,FALSE,NA,NA,NA,NA,NA,NA
788,5,12867190,13608147,TRUE,144,1909,NA,0.000171743,NA,0.10206,FALSE,NA,NA,NA,NA,NA,NA
789,5,13608148,14910295,TRUE,391,2812,NA,0.000270564,NA,0.106506,FALSE,NA,NA,NA,NA,NA,NA
790,5,14910296,16592319,TRUE,383,2852,NA,0.000370545,NA,0.0462939,FALSE,NA,NA,NA,NA,NA,NA
791,5,16592320,17803477,TRUE,429,2525,NA,0.00045811,NA,0.0251552,FALSE,NA,NA,NA,NA,NA,NA
792,5,17803478,18791410,TRUE,196,2438,0.000505831,0.000521929,0.120222,0.000894357,FALSE,NA,NA,NA,NA,NA,NA
793,5,18791411,20397013,TRUE,251,3285,0.000156932,0.000180231,0.362684,0.148612,FALSE,NA,NA,NA,NA,NA,NA
794,5,20397014,21211399,TRUE,110,1510,NA,6.01309e-05,NA,0.289208,FALSE,NA,NA,NA,NA,NA,NA
795,5,21211400,22149042,TRUE,153,1516,NA,0.000182524,NA,0.0923087,FALSE,NA,NA,NA,NA,NA,NA
796,5,22149043,23246745,TRUE,181,2254,NA,0.000993891,NA,8.62988e-09,FALSE,NA,NA,NA,NA,NA,NA
797,5,23246746,24362661,TRUE,150,2972,NA,0.000360938,NA,0.00631565,FALSE,NA,NA,NA,NA,NA,NA
798,5,24362662,25722097,TRUE,276,2741,NA,0.000202212,NA,0.133579,FALSE,NA,NA,NA,NA,NA,NA
799,5,25722098,26938178,TRUE,246,3376,NA,0.000127932,NA,0.224127,FALSE,NA,NA,NA,NA,NA,NA
800,5,26938179,28315653,TRUE,274,2592,NA,0.000503687,NA,0.00438077,FALSE,NA,NA,NA,NA,NA,NA
801,5,28315654,29593755,TRUE,234,3245,0.00027178,0.00044762,0.273257,0.00592889,FALSE,NA,NA,NA,NA,NA,NA
802,5,29593756,30416066,TRUE,188,2808,NA,0.000138799,NA,0.175298,FALSE,NA,NA,NA,NA,NA,NA
803,5,30416067,31679464,TRUE,406,2870,NA,0.000710365,NA,0.00124299,FALSE,NA,NA,NA,NA,NA,NA
804,5,31679465,32727914,TRUE,361,2376,NA,0.000379955,NA,0.0380143,FALSE,NA,NA,NA,NA,NA,NA
805,5,32727915,33971056,TRUE,298,2810,NA,0.000105682,NA,0.281725,FALSE,NA,NA,NA,NA,NA,NA
806,5,33971057,35157146,TRUE,275,2652,NA,0.000352302,NA,0.0310659,FALSE,NA,NA,NA,NA,NA,NA
807,5,35157147,36431967,TRUE,293,2868,0.000401755,0.000415154,0.217341,0.0168176,FALSE,NA,NA,NA,NA,NA,NA
808,5,36431968,37925487,TRUE,289,2504,NA,0.00045535,NA,0.00987333,FALSE,NA,NA,NA,NA,NA,NA
809,5,37925488,39438985,TRUE,368,3002,0.000440318,0.000234312,0.222561,0.133874,FALSE,NA,NA,NA,NA,NA,NA
810,5,39438986,40290851,TRUE,179,2505,0.000102068,0.000313647,0.388569,0.0214859,FALSE,NA,NA,NA,NA,NA,NA
811,5,40290852,41279590,TRUE,210,2336,NA,0.000238345,NA,0.0709808,FALSE,NA,NA,NA,NA,NA,NA
812,5,41279591,42856332,TRUE,201,2886,NA,0.000861761,NA,7.13729e-07,FALSE,NA,NA,NA,NA,NA,NA
813,5,42856333,44049878,TRUE,163,2412,NA,9.42747e-05,NA,0.242949,FALSE,NA,NA,NA,NA,NA,NA
814,5,44049879,45305566,TRUE,154,1825,0.000135485,0.000488499,0.347906,0.000590978,FALSE,NA,NA,NA,NA,NA,NA
815,5,45305567,46388848,TRUE,75,1818,0.000103167,0.000816773,0.331184,1.62766e-10,FALSE,NA,NA,NA,NA,NA,NA
816,5,46388849,50164835,TRUE,49,1391,0.000159581,0.000339843,0.217912,0.000151734,FALSE,NA,NA,NA,NA,NA,NA
817,5,50164836,51203265,TRUE,201,1841,NA,0.000304342,NA,0.03019,FALSE,NA,NA,NA,NA,NA,NA
818,5,51203266,52139773,TRUE,207,2191,NA,0.000459076,NA,0.00331662,FALSE,NA,NA,NA,NA,NA,NA
819,5,52139774,52837225,TRUE,186,1879,0.000473892,0.00041143,0.128906,0.00520788,FALSE,NA,NA,NA,NA,NA,NA
820,5,52837226,53747856,TRUE,278,2233,NA,0.000763632,NA,7.05183e-05,FALSE,NA,NA,NA,NA,NA,NA
821,5,53747857,55221398,TRUE,318,3740,8.8841e-05,0.000648939,0.425045,0.000962025,FALSE,NA,NA,NA,NA,NA,NA
822,5,55221399,55968966,TRUE,333,1884,0.000949278,NA,0.04824,NA,FALSE,NA,NA,NA,NA,NA,NA
823,5,55968967,56896890,TRUE,267,1997,NA,0.000784297,NA,3.81221e-05,FALSE,NA,NA,NA,NA,NA,NA
824,5,56896891,57895012,TRUE,239,2431,8.6738e-05,0.000832734,0.415534,5.82614e-06,FALSE,NA,NA,NA,NA,NA,NA
825,5,57895013,58721458,TRUE,284,2192,NA,0.000808162,NA,3.49614e-05,FALSE,NA,NA,NA,NA,NA,NA
826,5,58721459,59868567,TRUE,208,1679,0.000308963,0.000609206,0.23597,0.000232325,FALSE,NA,NA,NA,NA,NA,NA
827,5,59868568,60930753,TRUE,152,1769,8.88327e-05,0.000569563,0.392723,9.98168e-05,FALSE,NA,NA,NA,NA,NA,NA
828,5,60930754,62180368,TRUE,248,2120,NA,8.29152e-05,NA,0.306674,FALSE,NA,NA,NA,NA,NA,NA
829,5,62180369,63214089,TRUE,202,2464,3.26511e-05,0.000371777,0.456894,0.0119843,FALSE,NA,NA,NA,NA,NA,NA
830,5,63214090,64438518,TRUE,200,1813,0.000810238,0.000514946,0.0354771,0.00114324,TRUE,0.74293,0.74293,FALSE,0.08676,1,0.033399
831,5,64438519,65606870,TRUE,210,2074,0.000184749,0.000174935,0.328238,0.13717,FALSE,NA,NA,NA,NA,NA,NA
832,5,65606871,67096191,TRUE,347,3101,4.80967e-05,0.000362873,0.456308,0.0420416,FALSE,NA,NA,NA,NA,NA,NA
833,5,67096192,68006993,TRUE,321,1906,0.00071375,0.000453655,0.09848,0.0132972,FALSE,NA,NA,NA,NA,NA,NA
834,5,68006994,71468651,FALSE,NA,NA,NA,NA,NA,NA,NA,NA,NA,NA,NA,NA,NA
835,5,71468652,73314061,TRUE,400,3370,NA,0.00086606,NA,0.000117361,FALSE,NA,NA,NA,NA,NA,NA
836,5,73314062,74245354,FALSE,NA,NA,NA,NA,NA,NA,NA,NA,NA,NA,NA,NA,NA
837,5,74245355,75239302,TRUE,142,1876,0.000543618,0.000433547,0.0728913,0.00130844,FALSE,NA,NA,NA,NA,NA,NA
838,5,75239303,75959515,TRUE,242,1704,NA,0.000571248,NA,0.00103124,FALSE,NA,NA,NA,NA,NA,NA
839,5,75959516,77290255,TRUE,424,3011,3.19764e-05,0.000516746,0.470614,0.0135904,FALSE,NA,NA,NA,NA,NA,NA
840,5,77290256,79005158,TRUE,356,3031,0.000171429,0.000623443,0.374265,0.00223431,FALSE,NA,NA,NA,NA,NA,NA
841,5,79005159,80448225,TRUE,470,3452,0.000512271,0.00147922,0.216582,1.21185e-08,FALSE,NA,NA,NA,NA,NA,NA
842,5,80448226,81710194,TRUE,291,2045,0.000572008,0.000397198,0.136697,0.0205039,FALSE,NA,NA,NA,NA,NA,NA
843,5,81710195,82720248,TRUE,265,1966,0.000333064,8.48776e-05,0.246043,0.308468,FALSE,NA,NA,NA,NA,NA,NA
844,5,82720249,84094797,TRUE,408,2329,NA,0.000458346,NA,0.0228476,FALSE,NA,NA,NA,NA,NA,NA
845,5,84094798,84697850,TRUE,124,1891,NA,1.18611e-05,NA,0.44445,FALSE,NA,NA,NA,NA,NA,NA
846,5,84697851,85311779,TRUE,88,1835,NA,3.72242e-05,NA,0.342328,FALSE,NA,NA,NA,NA,NA,NA
847,5,85311780,86493763,TRUE,237,2438,NA,0.000445391,NA,0.00653522,FALSE,NA,NA,NA,NA,NA,NA
848,5,86493764,87943482,TRUE,182,2013,0.000277337,0.000954082,0.244017,3.87072e-08,FALSE,NA,NA,NA,NA,NA,NA
849,5,87943483,89584466,TRUE,330,1922,0.000268098,0.00129484,0.307221,6.67049e-09,FALSE,NA,NA,NA,NA,NA,NA
850,5,89584467,90793804,TRUE,282,1996,NA,0.000708415,NA,0.000212293,FALSE,NA,NA,NA,NA,NA,NA
851,5,90793805,91956905,TRUE,204,1862,NA,0.000927247,NA,1.72099e-07,FALSE,NA,NA,NA,NA,NA,NA
852,5,91956906,93814604,TRUE,350,2217,0.000495916,0.00104173,0.190538,2.52745e-06,FALSE,NA,NA,NA,NA,NA,NA
853,5,93814605,95117259,TRUE,336,2225,NA,0.000685964,NA,0.000706516,FALSE,NA,NA,NA,NA,NA,NA
854,5,95117260,96467377,TRUE,318,2680,0.000834312,0.000573095,0.0664674,0.00279256,FALSE,NA,NA,NA,NA,NA,NA
855,5,96467378,97316601,TRUE,106,2316,4.86358e-05,0.000203408,0.420947,0.0421302,FALSE,NA,NA,NA,NA,NA,NA
856,5,97316602,98567769,TRUE,236,2656,NA,0.000258744,NA,0.0684163,FALSE,NA,NA,NA,NA,NA,NA
857,5,98567770,99257995,TRUE,78,1565,0.000381212,0.000154697,0.0848802,0.0614746,FALSE,NA,NA,NA,NA,NA,NA
858,5,99257996,100594081,TRUE,153,2401,5.77104e-05,0.000306122,0.424614,0.0164028,FALSE,NA,NA,NA,NA,NA,NA
859,5,100594082,101575367,TRUE,146,2359,NA,0.000226647,NA,0.0493996,FALSE,NA,NA,NA,NA,NA,NA
860,5,101575368,102903985,TRUE,162,2840,0.000392516,0.000494467,0.155708,0.000930321,FALSE,NA,NA,NA,NA,NA,NA
861,5,102903986,103788460,TRUE,288,1854,0.000767142,0.00112577,0.0730914,5.4004e-08,FALSE,NA,NA,NA,NA,NA,NA
862,5,103788461,104850490,TRUE,192,2374,0.000458575,0.000465286,0.139803,0.00225965,FALSE,NA,NA,NA,NA,NA,NA
863,5,104850491,106389388,TRUE,318,3153,NA,0.000174812,NA,0.183818,FALSE,NA,NA,NA,NA,NA,NA
864,5,106389389,107265911,TRUE,299,1969,NA,0.00122331,NA,8.71665e-09,FALSE,NA,NA,NA,NA,NA,NA
865,5,107265912,108641784,TRUE,256,3247,NA,0.000300026,NA,0.04775,FALSE,NA,NA,NA,NA,NA,NA
866,5,108641785,109606905,TRUE,239,2355,NA,0.000299597,NA,0.042504,FALSE,NA,NA,NA,NA,NA,NA
867,5,109606906,110819517,TRUE,190,2167,NA,0.000653615,NA,6.0377e-05,FALSE,NA,NA,NA,NA,NA,NA
868,5,110819518,111983115,TRUE,275,2648,NA,0.000518048,NA,0.00368859,FALSE,NA,NA,NA,NA,NA,NA
869,5,111983116,113121555,TRUE,227,3199,0.000303725,0.000446855,0.248623,0.00579466,FALSE,NA,NA,NA,NA,NA,NA
870,5,113121556,113998532,TRUE,248,2241,0.00134881,0.000498047,0.00422695,0.00336294,TRUE,0.0533462,0.0533462,FALSE,-0.69201,0.80456,0.860378
871,5,113998533,115117631,TRUE,270,2545,NA,0.000446922,NA,0.00912156,FALSE,NA,NA,NA,NA,NA,NA
872,5,115117632,116208000,TRUE,364,3115,NA,0.000385143,NA,0.0362398,FALSE,NA,NA,NA,NA,NA,NA
873,5,116208001,117348497,TRUE,343,3034,NA,0.000785017,NA,0.000188733,FALSE,NA,NA,NA,NA,NA,NA
874,5,117348498,118605251,TRUE,343,3018,NA,0.000273604,NA,0.0917805,FALSE,NA,NA,NA,NA,NA,NA
875,5,118605252,119664173,TRUE,277,2457,NA,0.000346511,NA,0.0331961,FALSE,NA,NA,NA,NA,NA,NA
876,5,119664174,120371857,TRUE,158,1819,1.88731e-05,0.000182659,0.465488,0.0983066,FALSE,NA,NA,NA,NA,NA,NA
877,5,120371858,120960737,TRUE,177,1997,NA,0.000486222,NA,0.00119818,FALSE,NA,NA,NA,NA,NA,NA
878,5,120960738,122005291,TRUE,220,1755,0.000579838,3.07941e-05,0.103001,0.412605,FALSE,NA,NA,NA,NA,NA,NA
879,5,122005292,123191941,TRUE,236,2868,0.000119146,0.000489206,0.38863,0.00320908,FALSE,NA,NA,NA,NA,NA,NA
880,5,123191942,124109485,TRUE,308,1966,NA,0.000517289,NA,0.0052949,FALSE,NA,NA,NA,NA,NA,NA
881,5,124109486,125131720,TRUE,409,2552,NA,0.000635604,NA,0.00314192,FALSE,NA,NA,NA,NA,NA,NA
882,5,125131721,126054697,TRUE,233,2377,NA,0.000292963,NA,0.0440889,FALSE,NA,NA,NA,NA,NA,NA
883,5,126054698,126992836,TRUE,186,2124,NA,0.000100689,NA,0.251055,FALSE,NA,NA,NA,NA,NA,NA
884,5,126992837,128067414,TRUE,181,1942,0.000139377,0.000376804,0.355481,0.00858611,FALSE,NA,NA,NA,NA,NA,NA
885,5,128067415,128734905,TRUE,146,2068,NA,3.23289e-05,NA,0.389108,FALSE,NA,NA,NA,NA,NA,NA
886,5,128734906,130573817,TRUE,205,2863,0.000397563,0.000646141,0.179534,0.000104827,FALSE,NA,NA,NA,NA,NA,NA
887,5,130573818,132554690,TRUE,244,2698,0.000488765,0.000408232,0.152494,0.0118017,FALSE,NA,NA,NA,NA,NA,NA
888,5,132554691,134556570,TRUE,607,3603,NA,0.000876722,NA,0.00101928,FALSE,NA,NA,NA,NA,NA,NA
889,5,134556571,135344943,TRUE,231,1925,7.5624e-05,0.000198694,0.423382,0.118675,FALSE,NA,NA,NA,NA,NA,NA
890,5,135344944,136949853,TRUE,359,3115,0.00044841,0.000645614,0.215862,0.0018246,FALSE,NA,NA,NA,NA,NA,NA
891,5,136949854,139408116,TRUE,365,2956,NA,0.00131853,NA,1.58955e-08,FALSE,NA,NA,NA,NA,NA,NA
892,5,139408117,141253830,TRUE,387,2950,NA,0.000805178,NA,0.000269259,FALSE,NA,NA,NA,NA,NA,NA
893,5,141253831,142532956,TRUE,366,2696,NA,0.000100338,NA,0.308564,FALSE,NA,NA,NA,NA,NA,NA
894,5,142532957,143605908,TRUE,273,2133,0.000149357,0.000720105,0.373609,0.000140322,FALSE,NA,NA,NA,NA,NA,NA
895,5,143605909,145319096,TRUE,263,3327,0.000593965,0.000708841,0.116955,0.000137774,FALSE,NA,NA,NA,NA,NA,NA
896,5,145319097,147180171,TRUE,370,3508,NA,0.000255087,NA,0.113832,FALSE,NA,NA,NA,NA,NA,NA
897,5,147180172,148662214,TRUE,311,3053,9.31436e-06,NA,0.482439,NA,FALSE,NA,NA,NA,NA,NA,NA
898,5,148662215,149850203,TRUE,442,2436,0.000330948,0.000451146,0.29716,0.0281593,FALSE,NA,NA,NA,NA,NA,NA
899,5,149850204,150981934,TRUE,320,2689,NA,0.000469611,NA,0.0110617,FALSE,NA,NA,NA,NA,NA,NA
900,5,150981935,151892617,TRUE,183,2017,0.000134871,0.000412526,0.360207,0.00480961,FALSE,NA,NA,NA,NA,NA,NA
901,5,151892618,152878627,TRUE,175,2013,NA,0.00101088,NA,3.31776e-09,FALSE,NA,NA,NA,NA,NA,NA
902,5,152878628,153734494,TRUE,196,2262,NA,0.000800036,NA,2.83002e-06,FALSE,NA,NA,NA,NA,NA,NA
903,5,153734495,154599750,TRUE,290,1848,3.88315e-05,0.000670814,0.459278,0.000472856,FALSE,NA,NA,NA,NA,NA,NA
904,5,154599751,155459556,TRUE,210,1900,NA,0.000154095,NA,0.164614,FALSE,NA,NA,NA,NA,NA,NA
905,5,155459557,156345451,TRUE,197,2050,NA,0.000573384,NA,0.000528673,FALSE,NA,NA,NA,NA,NA,NA
906,5,156345452,157191081,TRUE,221,2193,3.44441e-05,0.000291902,0.457214,0.0422528,FALSE,NA,NA,NA,NA,NA,NA
907,5,157191082,158484775,TRUE,346,2838,NA,0.000668425,NA,0.00104019,FALSE,NA,NA,NA,NA,NA,NA
908,5,158484776,159663733,TRUE,301,2553,NA,0.000818862,NA,4.68187e-05,FALSE,NA,NA,NA,NA,NA,NA
909,5,159663734,160519049,TRUE,305,2064,0.000356461,0.00025388,0.246881,0.0963014,FALSE,NA,NA,NA,NA,NA,NA
910,5,160519050,161478177,TRUE,201,2104,7.83685e-05,0.000504636,0.415544,0.00136623,FALSE,NA,NA,NA,NA,NA,NA
911,5,161478178,162386027,TRUE,204,1658,NA,0.000608191,NA,0.000205811,FALSE,NA,NA,NA,NA,NA,NA
912,5,162386028,163781268,TRUE,382,3014,0.000692478,0.000361167,0.124068,0.0494396,FALSE,NA,NA,NA,NA,NA,NA
913,5,163781269,165289211,TRUE,403,3041,9.18591e-05,0.000276811,0.431357,0.105107,FALSE,NA,NA,NA,NA,NA,NA
914,5,165289212,166863413,TRUE,503,2868,NA,0.000684924,NA,0.00392851,FALSE,NA,NA,NA,NA,NA,NA
915,5,166863414,168342743,TRUE,536,2795,NA,0.000643422,NA,0.00724776,FALSE,NA,NA,NA,NA,NA,NA
916,5,168342744,169506966,TRUE,414,2932,NA,0.000845122,NA,0.000208036,FALSE,NA,NA,NA,NA,NA,NA
917,5,169506967,170898340,TRUE,396,2859,0.000352822,0.000860659,0.275228,0.000118041,FALSE,NA,NA,NA,NA,NA,NA
918,5,170898341,172285682,TRUE,536,3003,0.000924578,0.000845003,0.0973359,0.000795265,FALSE,NA,NA,NA,NA,NA,NA
919,5,172285683,173606995,TRUE,433,3047,5.46394e-05,0.000699853,0.456783,0.00176824,FALSE,NA,NA,NA,NA,NA,NA
920,5,173606996,174662885,TRUE,422,2592,NA,0.00030708,NA,0.0875706,FALSE,NA,NA,NA,NA,NA,NA
921,5,174662886,176180301,TRUE,387,2435,NA,0.000870608,NA,9.30408e-05,FALSE,NA,NA,NA,NA,NA,NA
922,5,176180302,177659902,TRUE,302,2252,NA,0.000465904,NA,0.0106309,FALSE,NA,NA,NA,NA,NA,NA
923,5,177659903,178595252,TRUE,412,2946,NA,0.00101316,NA,1.41605e-05,FALSE,NA,NA,NA,NA,NA,NA
924,5,178595253,179794710,TRUE,546,2921,NA,0.000528596,NA,0.0224935,FALSE,NA,NA,NA,NA,NA,NA
925,5,179794711,180902886,TRUE,287,2153,0.00047244,NA,0.178845,NA,FALSE,NA,NA,NA,NA,NA,NA
926,6,63979,1380679,TRUE,503,3072,NA,0.00050129,NA,0.0232444,FALSE,NA,NA,NA,NA,NA,NA
927,6,1380680,2746531,TRUE,463,3086,NA,0.000490364,NA,0.0217014,FALSE,NA,NA,NA,NA,NA,NA
928,6,2746532,3964072,TRUE,465,2978,9.5548e-05,0.000277913,0.433835,0.12001,FALSE,NA,NA,NA,NA,NA,NA
929,6,3964073,4657086,TRUE,191,1874,NA,0.000178316,NA,0.119831,FALSE,NA,NA,NA,NA,NA,NA
930,6,4657087,5378213,TRUE,207,1805,0.000510483,0.000288041,0.124188,0.0380261,FALSE,NA,NA,NA,NA,NA,NA
931,6,5378214,6621937,TRUE,514,3271,NA,0.000342906,NA,0.0857701,FALSE,NA,NA,NA,NA,NA,NA
932,6,6621938,7808323,TRUE,526,3188,NA,0.000852023,NA,0.000649661,FALSE,NA,NA,NA,NA,NA,NA
933,6,7808324,9020710,TRUE,287,3087,0.000727132,0.000388643,0.0832354,0.021563,FALSE,NA,NA,NA,NA,NA,NA
934,6,9020711,10416550,TRUE,391,3205,NA,0.000139389,NA,0.254802,FALSE,NA,NA,NA,NA,NA,NA
935,6,10416551,11790671,TRUE,458,3219,NA,0.000319855,NA,0.0885035,FALSE,NA,NA,NA,NA,NA,NA
936,6,11790672,13352326,TRUE,426,3392,NA,0.000693752,NA,0.00178879,FALSE,NA,NA,NA,NA,NA,NA
937,6,13352327,15069421,TRUE,469,3102,NA,0.000661169,NA,0.00380691,FALSE,NA,NA,NA,NA,NA,NA
938,6,15069422,16566882,TRUE,464,3500,0.000987909,0.000367506,0.0695148,0.0631279,FALSE,NA,NA,NA,NA,NA,NA
939,6,16566883,17391994,TRUE,286,1801,0.00160613,0.000369823,0.00181319,0.0269782,TRUE,1,1.02487,FALSE,0.37406,1,0.00261421
940,6,17391995,18208676,TRUE,212,1931,NA,0.000285896,NA,0.0423146,FALSE,NA,NA,NA,NA,NA,NA
941,6,18208677,18775022,TRUE,132,1859,0.000300817,0.000233538,0.191996,0.0410429,FALSE,NA,NA,NA,NA,NA,NA
942,6,18775023,19449152,TRUE,133,1838,0.000178406,0.000449684,0.295416,0.000721665,FALSE,NA,NA,NA,NA,NA,NA
943,6,19449153,20418020,TRUE,332,2217,NA,0.00051527,NA,0.00681208,FALSE,NA,NA,NA,NA,NA,NA
944,6,20418021,21295864,TRUE,249,2095,NA,0.000303292,NA,0.0439408,FALSE,NA,NA,NA,NA,NA,NA
945,6,21295865,22199713,TRUE,314,1772,NA,0.000409903,NA,0.0210113,FALSE,NA,NA,NA,NA,NA,NA
946,6,22199714,23192337,TRUE,298,2650,NA,0.00028839,NA,0.0670766,FALSE,NA,NA,NA,NA,NA,NA
947,6,23192338,23939306,TRUE,267,2003,0.000774986,0.00028124,0.0643364,0.0620302,FALSE,NA,NA,NA,NA,NA,NA
948,6,23939307,24950379,TRUE,347,3004,NA,0.00122486,NA,8.62638e-08,FALSE,NA,NA,NA,NA,NA,NA
949,6,24950380,25684629,TRUE,241,2286,NA,0.0012031,NA,1.01854e-09,FALSE,NA,NA,NA,NA,NA,NA
950,6,25684630,26396200,TRUE,130,1803,NA,0.00174051,NA,9.79814e-23,FALSE,NA,NA,NA,NA,NA,NA
951,6,26396201,27261035,TRUE,83,1360,NA,0.00183919,NA,9.85283e-30,FALSE,NA,NA,NA,NA,NA,NA
952,6,27261036,28666364,TRUE,146,2728,8.73177e-05,0.00266719,0.39218,3.61535e-39,FALSE,NA,NA,NA,NA,NA,NA
953,6,28666365,29529755,TRUE,88,2176,0.000213192,0.00237266,0.221061,2.81842e-40,FALSE,NA,NA,NA,NA,NA,NA
954,6,29529756,29833843,TRUE,50,2484,0.000777701,0.00129182,0.00114741,1.2263e-22,TRUE,0.246162,0.246162,FALSE,-0.17186,0.72539,0.227549
955,6,29833844,30070717,TRUE,34,1727,0.000467033,0.00121021,0.010983,1.40172e-23,TRUE,0.134838,0.134838,FALSE,-0.43779,0.79148,0.588626
956,6,30070718,30715006,TRUE,93,2290,0.000285344,0.00148972,0.164571,1.49439e-19,FALSE,NA,NA,NA,NA,NA,NA
957,6,30715007,31106493,TRUE,117,2171,0.000739937,0.00153398,0.0179471,6.85242e-20,TRUE,0.017797,0.017797,FALSE,-0.5158,0.5663,0.937381
958,6,31106494,31250556,TRUE,37,1580,0.000111128,0.000967474,0.257902,1.03313e-17,FALSE,NA,NA,NA,NA,NA,NA
959,6,31250557,31320268,TRUE,23,1098,0.000168888,0.000877706,0.12705,3.29776e-18,FALSE,NA,NA,NA,NA,NA,NA
960,6,31320269,31427209,TRUE,38,1469,6.55508e-05,0.00121389,0.338806,4.79631e-23,FALSE,NA,NA,NA,NA,NA,NA
961,6,31427210,32208901,TRUE,212,2189,0.000367042,0.0022524,0.201151,2.11081e-25,FALSE,NA,NA,NA,NA,NA,NA
962,6,32208902,32454577,TRUE,42,1904,NA,0.00109788,NA,1.84346e-19,FALSE,NA,NA,NA,NA,NA,NA
963,6,32454578,32539567,TRUE,3,14,5.10379e-05,9.84147e-05,0.146897,0.0130375,FALSE,NA,NA,NA,NA,NA,NA
964,6,32539568,32586784,TRUE,12,343,NA,0.000444707,NA,4.24353e-10,FALSE,NA,NA,NA,NA,NA,NA
965,6,32586785,32629239,TRUE,17,391,NA,0.000761151,NA,1.77664e-16,FALSE,NA,NA,NA,NA,NA,NA
966,6,32629240,32682213,TRUE,15,639,NA,0.000922639,NA,1.68881e-21,FALSE,NA,NA,NA,NA,NA,NA
967,6,32682214,32897998,TRUE,66,1684,NA,0.000814043,NA,2.39732e-11,FALSE,NA,NA,NA,NA,NA,NA
968,6,32897999,33194975,TRUE,101,1918,0.000579403,0.00102927,0.036654,1.27819e-12,TRUE,0.37714,0.37714,FALSE,-0.17775,1,0.161895
969,6,33194976,33864262,TRUE,214,1851,NA,0.00128962,NA,1.88268e-11,FALSE,NA,NA,NA,NA,NA,NA
970,6,33864263,34979270,TRUE,251,2350,3.87e-05,0.000778664,0.456358,2.88701e-05,FALSE,NA,NA,NA,NA,NA,NA
971,6,34979271,36346353,TRUE,297,2575,NA,0.000961827,NA,3.21701e-06,FALSE,NA,NA,NA,NA,NA,NA
972,6,36346354,37570051,TRUE,423,2844,NA,0.000896367,NA,0.000111976,FALSE,NA,NA,NA,NA,NA,NA
973,6,37570052,38688720,TRUE,340,2458,NA,0.000675381,NA,0.000913731,FALSE,NA,NA,NA,NA,NA,NA
974,6,38688721,39785907,TRUE,356,2984,0.00107957,0.000419103,0.0343423,0.0247514,TRUE,0.826923,0.826923,FALSE,0.03156,1,0.0446698
975,6,39785908,40778401,TRUE,311,2687,0.000910947,0.000161626,0.0494994,0.199139,FALSE,NA,NA,NA,NA,NA,NA
976,6,40778402,42103738,TRUE,454,2774,NA,0.0008366,NA,0.000378791,FALSE,NA,NA,NA,NA,NA,NA
977,6,42103739,43770626,TRUE,378,2894,0.000230845,0.00104061,0.340975,4.72205e-06,FALSE,NA,NA,NA,NA,NA,NA
978,6,43770627,44596897,TRUE,384,1794,NA,0.000330693,NA,0.0650731,FALSE,NA,NA,NA,NA,NA,NA
979,6,44596898,45408421,TRUE,91,1966,NA,5.79737e-05,NA,0.27984,FALSE,NA,NA,NA,NA,NA,NA
980,6,45408422,46430701,TRUE,283,2028,NA,0.000204062,NA,0.134741,FALSE,NA,NA,NA,NA,NA,NA
981,6,46430702,47313443,TRUE,267,1984,NA,0.000556426,NA,0.00190605,FALSE,NA,NA,NA,NA,NA,NA
982,6,47313444,48393981,TRUE,227,2462,0.000372263,0.000421985,0.205679,0.0079073,FALSE,NA,NA,NA,NA,NA,NA
983,6,48393982,49528164,TRUE,144,2428,NA,0.000231131,NA,0.0456562,FALSE,NA,NA,NA,NA,NA,NA
984,6,49528165,50940767,TRUE,228,3102,NA,0.000665868,NA,0.000128885,FALSE,NA,NA,NA,NA,NA,NA
985,6,50940768,51826423,TRUE,160,2293,0.00029593,0.000215677,0.216782,0.0646299,FALSE,NA,NA,NA,NA,NA,NA
986,6,51826424,52598879,TRUE,266,1959,0.000387783,0.000559733,0.214357,0.00177625,FALSE,NA,NA,NA,NA,NA,NA
987,6,52598880,53425492,TRUE,206,1874,NA,0.000310582,NA,0.0292557,FALSE,NA,NA,NA,NA,NA,NA
988,6,53425493,54452767,TRUE,206,2245,0.000481071,0.000418286,0.136921,0.00614947,FALSE,NA,NA,NA,NA,NA,NA
989,6,54452768,55469137,TRUE,184,3228,7.7875e-05,0.000647546,0.41229,5.53433e-05,FALSE,NA,NA,NA,NA,NA,NA
990,6,55469138,56200985,TRUE,152,2082,0.000222152,0.000261451,0.268988,0.031517,FALSE,NA,NA,NA,NA,NA,NA
991,6,56200986,57316157,TRUE,187,1647,NA,0.00035714,NA,0.0120554,FALSE,NA,NA,NA,NA,NA,NA
992,6,57316158,58141889,TRUE,39,1231,0.000217942,NA,0.128824,NA,FALSE,NA,NA,NA,NA,NA,NA
993,6,58141890,61883560,TRUE,44,1144,0.000206335,NA,0.152947,NA,FALSE,NA,NA,NA,NA,NA,NA
994,6,61883561,62693128,FALSE,NA,NA,NA,NA,NA,NA,NA,NA,NA,NA,NA,NA,NA
995,6,62693129,64010286,TRUE,141,3077,NA,6.38574e-05,NA,0.300812,FALSE,NA,NA,NA,NA,NA,NA
996,6,64010287,65759861,TRUE,225,3408,0.000305111,0.000342029,0.246788,0.023418,FALSE,NA,NA,NA,NA,NA,NA
997,6,65759862,66445495,TRUE,132,1771,NA,0.000477604,NA,0.000367439,FALSE,NA,NA,NA,NA,NA,NA
998,6,66445496,67036787,TRUE,95,1903,0.000676797,0.000501527,0.0172969,3.58426e-05,TRUE,0.292176,0.292176,FALSE,-0.38985,1,0.340963
999,6,67036788,67559694,TRUE,139,1789,0.000153513,0.000129954,0.322916,0.155721,FALSE,NA,NA,NA,NA,NA,NA
1000,6,67559695,68547494,TRUE,170,3351,NA,3.23097e-05,NA,0.39673,FALSE,NA,NA,NA,NA,NA,NA
1001,6,68547495,69294227,TRUE,195,2489,0.000588927,0.000732402,0.0874476,1.26693e-05,FALSE,NA,NA,NA,NA,NA,NA
1002,6,69294228,70363348,TRUE,186,2536,NA,0.000741202,NA,6.68098e-06,FALSE,NA,NA,NA,NA,NA,NA
1003,6,70363349,71610787,TRUE,294,2628,0.000635103,0.0003505,0.114365,0.0356178,FALSE,NA,NA,NA,NA,NA,NA
1004,6,71610788,72290723,TRUE,169,2028,0.000268884,0.000320613,0.242552,0.0169327,FALSE,NA,NA,NA,NA,NA,NA
1005,6,72290724,73170168,TRUE,186,1971,NA,0.000639319,NA,6.93853e-05,FALSE,NA,NA,NA,NA,NA,NA
1006,6,73170169,74401506,TRUE,259,2620,0.000488473,0.000488447,0.159452,0.00448288,FALSE,NA,NA,NA,NA,NA,NA
1007,6,74401507,75461313,TRUE,175,2783,NA,0.000263676,NA,0.0393738,FALSE,NA,NA,NA,NA,NA,NA
1008,6,75461314,77274030,FALSE,NA,NA,NA,NA,NA,NA,NA,NA,NA,NA,NA,NA,NA
1009,6,77274031,78168731,TRUE,194,2236,NA,0.000312467,NA,0.0251407,FALSE,NA,NA,NA,NA,NA,NA
1010,6,78168732,78959762,TRUE,105,1873,4.12364e-05,9.66404e-05,0.429731,0.190157,FALSE,NA,NA,NA,NA,NA,NA
1011,6,78959763,79859903,TRUE,124,2080,NA,0.000141417,NA,0.123734,FALSE,NA,NA,NA,NA,NA,NA
1012,6,79859904,80693927,TRUE,227,2086,5.48298e-05,0.000423477,0.440343,0.00793738,FALSE,NA,NA,NA,NA,NA,NA
1013,6,80693928,81567706,TRUE,133,2256,NA,0.000485993,NA,0.000307262,FALSE,NA,NA,NA,NA,NA,NA
1014,6,81567707,82388204,TRUE,105,2219,0.000124023,4.12454e-05,0.331591,0.34134,FALSE,NA,NA,NA,NA,NA,NA
1015,6,82388205,83571953,TRUE,255,2561,NA,0.000432258,NA,0.00951129,FALSE,NA,NA,NA,NA,NA,NA
1016,6,83571954,85038134,TRUE,256,2228,1.55246e-05,0.000971259,0.475587,6.00751e-07,FALSE,NA,NA,NA,NA,NA,NA
1017,6,85038135,85837203,TRUE,170,1993,NA,0.000682755,NA,1.37579e-05,FALSE,NA,NA,NA,NA,NA,NA
1018,6,85837204,86818669,TRUE,127,1968,NA,0.000115533,NA,0.172052,FALSE,NA,NA,NA,NA,NA,NA
1019,6,86818670,87516322,TRUE,156,1835,NA,0.000211148,NA,0.0665312,FALSE,NA,NA,NA,NA,NA,NA
1020,6,87516323,88499745,TRUE,152,2073,NA,0.000219152,NA,0.0576447,FALSE,NA,NA,NA,NA,NA,NA
1021,6,88499746,89974267,TRUE,415,3277,0.000709708,0.000336016,0.127833,0.069149,FALSE,NA,NA,NA,NA,NA,NA
1022,6,89974268,91097024,TRUE,289,1886,NA,0.000520236,NA,0.0042311,FALSE,NA,NA,NA,NA,NA,NA
1023,6,91097025,92015279,TRUE,235,2013,NA,0.000348874,NA,0.0229069,FALSE,NA,NA,NA,NA,NA,NA
1024,6,92015280,92953798,TRUE,224,1940,NA,0.000492952,NA,0.0025304,FALSE,NA,NA,NA,NA,NA,NA
1025,6,92953799,93696825,TRUE,182,1865,NA,0.000932067,NA,5.03492e-08,FALSE,NA,NA,NA,NA,NA,NA
1026,6,93696826,95176337,TRUE,340,3402,NA,0.000715178,NA,0.000532207,FALSE,NA,NA,NA,NA,NA,NA
1027,6,95176338,96480153,TRUE,177,2503,NA,0.000546792,NA,0.000349868,FALSE,NA,NA,NA,NA,NA,NA
1028,6,96480154,98173003,TRUE,287,3569,0.000657096,0.000485149,0.10434,0.00654028,FALSE,NA,NA,NA,NA,NA,NA
1029,6,98173004,99678876,TRUE,301,2501,0.000504345,0.000114481,0.169387,0.267088,FALSE,NA,NA,NA,NA,NA,NA
1030,6,99678877,100878645,TRUE,277,2586,NA,0.000271682,NA,0.0713016,FALSE,NA,NA,NA,NA,NA,NA
1031,6,100878646,101793542,TRUE,108,1875,NA,7.17823e-05,NA,0.254278,FALSE,NA,NA,NA,NA,NA,NA
1032,6,101793543,102637706,TRUE,203,1774,NA,0.000303686,NA,0.0309418,FALSE,NA,NA,NA,NA,NA,NA
1033,6,102637707,103612625,TRUE,156,2003,9.54659e-05,0.000154066,0.387492,0.130344,FALSE,NA,NA,NA,NA,NA,NA
1034,6,103612626,104209796,TRUE,93,1911,0.000143108,0.00026332,0.300162,0.0106152,FALSE,NA,NA,NA,NA,NA,NA
1035,6,104209797,104951344,TRUE,159,1816,NA,0.000633803,NA,2.76315e-05,FALSE,NA,NA,NA,NA,NA,NA
1036,6,104951345,106053915,TRUE,224,1844,NA,0.000215486,NA,0.0966046,FALSE,NA,NA,NA,NA,NA,NA
1037,6,106053916,107309327,TRUE,418,3103,NA,0.000460207,NA,0.0235832,FALSE,NA,NA,NA,NA,NA,NA
1038,6,107309328,109043244,TRUE,357,2819,NA,0.000911409,NA,2.86991e-05,FALSE,NA,NA,NA,NA,NA,NA
1039,6,109043245,110647842,TRUE,211,3100,NA,0.000459115,NA,0.00351639,FALSE,NA,NA,NA,NA,NA,NA
1040,6,110647843,111363443,TRUE,158,1807,0.000113275,0.000437015,0.370858,0.00181993,FALSE,NA,NA,NA,NA,NA,NA
1041,6,111363444,112342873,TRUE,208,1874,NA,0.00041671,NA,0.00690166,FALSE,NA,NA,NA,NA,NA,NA
1042,6,112342874,113705003,TRUE,316,2387,NA,0.00059485,NA,0.00201933,FALSE,NA,NA,NA,NA,NA,NA
1043,6,113705004,115062811,TRUE,284,2503,0.000906183,0.000412556,0.043509,0.0159721,TRUE,0.643606,0.643606,FALSE,-0.1874,1,0.116698
1044,6,115062812,116132147,TRUE,147,2469,0.000363745,0.000231859,0.161856,0.0457164,FALSE,NA,NA,NA,NA,NA,NA
1045,6,116132148,117674076,TRUE,267,2988,NA,0.000380479,NA,0.0205587,FALSE,NA,NA,NA,NA,NA,NA
1046,6,117674077,118529071,TRUE,174,1816,NA,0.000631195,NA,5.29234e-05,FALSE,NA,NA,NA,NA,NA,NA
1047,6,118529072,119451294,TRUE,146,2076,0.000241692,0.000413946,0.248747,0.00231666,FALSE,NA,NA,NA,NA,NA,NA
1048,6,119451295,120339244,TRUE,140,2139,0.000661128,0.000479835,0.039826,0.000461284,TRUE,-0.547774,-0.547774,FALSE,-1,0.14215,0.116589
1049,6,120339245,121087444,TRUE,114,1915,NA,0.00036917,NA,0.00217214,FALSE,NA,NA,NA,NA,NA,NA
1050,6,121087445,121908063,TRUE,119,2267,3.5693e-05,0.000353724,0.440411,0.00434877,FALSE,NA,NA,NA,NA,NA,NA
1051,6,121908064,122929290,TRUE,141,2185,NA,0.000457983,NA,0.000761845,FALSE,NA,NA,NA,NA,NA,NA
1052,6,122929291,123854857,TRUE,266,2142,0.000545334,0.000671401,0.137376,0.000282869,FALSE,NA,NA,NA,NA,NA,NA
1053,6,123854858,125365054,TRUE,449,3056,NA,0.000820622,NA,0.000438391,FALSE,NA,NA,NA,NA,NA,NA
1054,6,125365055,127545459,TRUE,376,3011,NA,0.000265682,NA,0.108303,FALSE,NA,NA,NA,NA,NA,NA
1055,6,127545460,128763380,TRUE,209,1922,0.000269012,0.000315738,0.264104,0.0278521,FALSE,NA,NA,NA,NA,NA,NA
1056,6,128763381,129850178,TRUE,211,2251,NA,0.000292721,NA,0.0380674,FALSE,NA,NA,NA,NA,NA,NA
1057,6,129850179,130550137,TRUE,288,1856,NA,0.000472097,NA,0.00795136,FALSE,NA,NA,NA,NA,NA,NA
1058,6,130550138,131457164,TRUE,180,2547,NA,0.000518012,NA,0.000691385,FALSE,NA,NA,NA,NA,NA,NA
1059,6,131457165,132890694,TRUE,351,2661,NA,0.000401009,NA,0.0287514,FALSE,NA,NA,NA,NA,NA,NA
1060,6,132890695,134313643,TRUE,357,3063,0.000556103,0.000546861,0.166614,0.00588183,FALSE,NA,NA,NA,NA,NA,NA
1061,6,134313644,135544083,TRUE,376,2434,0.000535729,NA,0.181167,NA,FALSE,NA,NA,NA,NA,NA,NA
1062,6,135544084,137553212,TRUE,388,2633,NA,0.000408432,NA,0.0336641,FALSE,NA,NA,NA,NA,NA,NA
1063,6,137553213,138825721,TRUE,372,2974,NA,0.000158695,NA,0.221918,FALSE,NA,NA,NA,NA,NA,NA
1064,6,138825722,139716713,TRUE,239,1973,0.000602525,0.000373343,0.103539,0.0174492,FALSE,NA,NA,NA,NA,NA,NA
1065,6,139716714,141449453,TRUE,333,2982,8.48502e-05,0.000624139,0.429511,0.00168722,FALSE,NA,NA,NA,NA,NA,NA
1066,6,141449454,143083347,TRUE,277,2796,NA,0.000734205,NA,0.000124904,FALSE,NA,NA,NA,NA,NA,NA
1067,6,143083348,144791455,TRUE,492,3163,0.000113955,0.000538583,0.425034,0.016302,FALSE,NA,NA,NA,NA,NA,NA
1068,6,144791456,145778282,TRUE,179,2115,0.000690343,0.000490635,0.0509757,0.00109253,FALSE,NA,NA,NA,NA,NA,NA
1069,6,145778283,147015882,TRUE,159,1989,0.000549381,0.000647892,0.0813979,2.34208e-05,FALSE,NA,NA,NA,NA,NA,NA
1070,6,147015883,148184844,TRUE,296,2293,NA,0.000206546,NA,0.13693,FALSE,NA,NA,NA,NA,NA,NA
1071,6,148184845,149278798,TRUE,441,3039,0.000779786,0.00032759,0.11344,0.0793764,FALSE,NA,NA,NA,NA,NA,NA
1072,6,149278799,150635315,TRUE,365,3112,0.00037591,0.000470638,0.254727,0.0149249,FALSE,NA,NA,NA,NA,NA,NA
1073,6,150635316,151629954,TRUE,414,3016,NA,0.000593711,NA,0.00536945,FALSE,NA,NA,NA,NA,NA,NA
1074,6,151629955,152376499,TRUE,237,1837,0.000263802,0.00023902,0.279991,0.0822925,FALSE,NA,NA,NA,NA,NA,NA
1075,6,152376500,153082361,TRUE,243,1887,NA,0.00029742,NA,0.0450369,FALSE,NA,NA,NA,NA,NA,NA
1076,6,153082362,153791461,TRUE,191,1821,0.000507131,8.18479e-05,0.116846,0.284641,FALSE,NA,NA,NA,NA,NA,NA
1077,6,153791462,154462010,TRUE,126,1824,5.66536e-06,0.000119194,0.476661,0.163309,FALSE,NA,NA,NA,NA,NA,NA
1078,6,154462011,155523957,TRUE,454,2576,NA,9.89979e-05,NA,0.328817,FALSE,NA,NA,NA,NA,NA,NA
1079,6,155523958,156762740,TRUE,437,3099,0.000265159,0.000289367,0.331968,0.106216,FALSE,NA,NA,NA,NA,NA,NA
1080,6,156762741,158220143,TRUE,416,2612,7.56341e-06,0.000525879,0.485935,0.0116184,FALSE,NA,NA,NA,NA,NA,NA
1081,6,158220144,158952060,TRUE,200,1973,0.000454588,0.000426716,0.146373,0.00492214,FALSE,NA,NA,NA,NA,NA,NA
1082,6,158952061,159604052,TRUE,202,1930,NA,8.33287e-05,NA,0.287463,FALSE,NA,NA,NA,NA,NA,NA
1083,6,159604053,160583918,TRUE,275,2323,0.000259972,0.000542645,0.296349,0.00257903,FALSE,NA,NA,NA,NA,NA,NA
1084,6,160583919,161371014,FALSE,NA,NA,NA,NA,NA,NA,NA,NA,NA,NA,NA,NA,NA
1085,6,161371015,162254229,TRUE,333,2156,NA,0.000307803,NA,0.0648922,FALSE,NA,NA,NA,NA,NA,NA
1086,6,162254230,163336361,TRUE,273,2882,6.03435e-05,0.000123775,0.441248,0.240523,FALSE,NA,NA,NA,NA,NA,NA
1087,6,163336362,164687462,TRUE,475,3536,0.00118838,0.000666816,0.0404315,0.003781,TRUE,0.7175,0.7175,FALSE,0.0382,1,0.0461033
1088,6,164687463,165835953,TRUE,313,3344,0.000467239,0.000500812,0.191265,0.00703125,FALSE,NA,NA,NA,NA,NA,NA
1089,6,165835954,166853325,TRUE,371,2836,NA,0.000697781,NA,0.0009104,FALSE,NA,NA,NA,NA,NA,NA
1090,6,166853326,167714865,TRUE,314,2497,NA,0.000695793,NA,0.000461296,FALSE,NA,NA,NA,NA,NA,NA
1091,6,167714866,168707338,TRUE,328,2534,0.000331795,9.11722e-05,0.26848,0.314693,FALSE,NA,NA,NA,NA,NA,NA
1092,6,168707339,169667886,TRUE,357,3397,0.000111927,NA,0.413654,NA,FALSE,NA,NA,NA,NA,NA,NA
1093,6,169667887,171053405,TRUE,281,3024,0.000174359,NA,0.357259,NA,FALSE,NA,NA,NA,NA,NA,NA
1094,7,15064,617319,TRUE,120,708,0.000352227,NA,0.146308,NA,FALSE,NA,NA,NA,NA,NA,NA
1095,7,617320,1366972,TRUE,240,1896,NA,0.000235782,NA,0.085294,FALSE,NA,NA,NA,NA,NA,NA
1096,7,1366973,2473749,TRUE,369,2875,0.000723114,0.00141227,0.110581,1.88913e-09,FALSE,NA,NA,NA,NA,NA,NA
1097,7,2473750,3100211,TRUE,339,1705,NA,0.00111022,NA,4.42669e-07,FALSE,NA,NA,NA,NA,NA,NA
1098,7,3100212,4139431,TRUE,407,3205,NA,0.000868994,NA,0.000129092,FALSE,NA,NA,NA,NA,NA,NA
1099,7,4139432,4938442,TRUE,386,2402,NA,0.000591441,NA,0.0043538,FALSE,NA,NA,NA,NA,NA,NA
1100,7,4938443,6020653,TRUE,472,2859,NA,0.000674977,NA,0.00333787,FALSE,NA,NA,NA,NA,NA,NA
1101,7,6020654,6716905,TRUE,242,1820,NA,0.000698876,NA,0.000115114,FALSE,NA,NA,NA,NA,NA,NA
1102,7,6716906,7167610,TRUE,86,864,NA,0.000227071,NA,0.0190848,FALSE,NA,NA,NA,NA,NA,NA
1103,7,7167611,7926500,TRUE,297,2208,0.00104489,NA,0.027606,NA,FALSE,NA,NA,NA,NA,NA,NA
1104,7,7926501,8718351,TRUE,317,2133,NA,0.000357049,NA,0.037997,FALSE,NA,NA,NA,NA,NA,NA
1105,7,8718352,9225106,TRUE,253,1690,NA,0.000339704,NA,0.0305063,FALSE,NA,NA,NA,NA,NA,NA
1106,7,9225107,9900801,TRUE,234,2272,NA,0.000163724,NA,0.161869,FALSE,NA,NA,NA,NA,NA,NA
1107,7,9900802,10481677,TRUE,197,1883,0.000403477,0.000108289,0.171676,0.234042,FALSE,NA,NA,NA,NA,NA,NA
1108,7,10481678,11232447,TRUE,189,2128,NA,0.000298778,NA,0.0281805,FALSE,NA,NA,NA,NA,NA,NA
1109,7,11232448,11855413,TRUE,256,1874,NA,0.000333461,NA,0.0326204,FALSE,NA,NA,NA,NA,NA,NA
1110,7,11855414,12694915,TRUE,244,3126,NA,0.000595861,NA,0.000640498,FALSE,NA,NA,NA,NA,NA,NA
1111,7,12694916,13213541,TRUE,172,1677,NA,0.000213193,NA,0.0732082,FALSE,NA,NA,NA,NA,NA,NA
1112,7,13213542,13676747,TRUE,178,1616,NA,0.000558595,NA,0.000339237,FALSE,NA,NA,NA,NA,NA,NA
1113,7,13676748,15013694,TRUE,460,3184,0.000818438,0.000932933,0.107371,0.000105464,FALSE,NA,NA,NA,NA,NA,NA
1114,7,15013695,15877564,TRUE,286,2137,NA,0.000330048,NA,0.0414933,FALSE,NA,NA,NA,NA,NA,NA
1115,7,15877565,16739013,TRUE,262,2151,NA,0.000758441,NA,5.61501e-05,FALSE,NA,NA,NA,NA,NA,NA
1116,7,16739014,17596578,TRUE,402,2122,NA,0.00038981,NA,0.0417224,FALSE,NA,NA,NA,NA,NA,NA
1117,7,17596579,19131026,TRUE,507,3076,0.00188094,0.000659809,0.00439369,0.00531792,TRUE,0.148955,0.148955,FALSE,-0.57547,0.97264,0.622144
1118,7,19131027,20122179,TRUE,302,2949,0.000508562,0.00055258,0.167861,0.00315848,FALSE,NA,NA,NA,NA,NA,NA
1119,7,20122180,21390644,TRUE,471,3147,0.00058579,0.00081407,0.186654,0.000621953,FALSE,NA,NA,NA,NA,NA,NA
1120,7,21390645,22165060,TRUE,445,2319,NA,0.000507244,NA,0.016817,FALSE,NA,NA,NA,NA,NA,NA
1121,7,22165061,23106680,TRUE,281,2340,NA,0.000475085,NA,0.0069543,FALSE,NA,NA,NA,NA,NA,NA
1122,7,23106681,24151099,TRUE,257,2246,0.000217612,0.000661635,0.319678,0.000276038,FALSE,NA,NA,NA,NA,NA,NA
1123,7,24151100,24894119,TRUE,235,2144,NA,0.000634106,NA,0.000277751,FALSE,NA,NA,NA,NA,NA,NA
1124,7,24894120,25671575,TRUE,339,2106,NA,0.000753883,NA,0.000261103,FALSE,NA,NA,NA,NA,NA,NA
1125,7,25671576,27351286,TRUE,426,3511,NA,0.00131603,NA,8.90735e-08,FALSE,NA,NA,NA,NA,NA,NA
1126,7,27351287,28890886,TRUE,509,3394,NA,0.000441538,NA,0.0402518,FALSE,NA,NA,NA,NA,NA,NA
1127,7,28890887,30175113,TRUE,453,3394,NA,0.000949648,NA,7.56123e-05,FALSE,NA,NA,NA,NA,NA,NA
1128,7,30175114,31730554,TRUE,463,3204,NA,0.000402192,NA,0.0471573,FALSE,NA,NA,NA,NA,NA,NA
1129,7,31730555,32460228,TRUE,231,2044,NA,0.00045546,NA,0.00535771,FALSE,NA,NA,NA,NA,NA,NA
1130,7,32460229,33159277,TRUE,103,1691,8.58645e-05,NA,0.374433,NA,FALSE,NA,NA,NA,NA,NA,NA
1131,7,33159278,34114532,TRUE,220,1879,NA,0.000182256,NA,0.13208,FALSE,NA,NA,NA,NA,NA,NA
1132,7,34114533,35354135,TRUE,226,2796,NA,0.000272629,NA,0.0543183,FALSE,NA,NA,NA,NA,NA,NA
1133,7,35354136,36507690,TRUE,337,2847,NA,0.000312093,NA,0.0638321,FALSE,NA,NA,NA,NA,NA,NA
1134,7,36507691,37981936,TRUE,454,3495,6.44836e-05,0.000717591,0.45181,0.00181667,FALSE,NA,NA,NA,NA,NA,NA
1135,7,37981937,38966483,TRUE,305,2982,0.000500069,0.000401249,0.172855,0.0216506,FALSE,NA,NA,NA,NA,NA,NA
1136,7,38966484,40261240,TRUE,280,2441,NA,0.00032145,NA,0.0438505,FALSE,NA,NA,NA,NA,NA,NA
1137,7,40261241,41415925,TRUE,235,1896,0.00031116,0.000516848,0.247336,0.00204192,FALSE,NA,NA,NA,NA,NA,NA
1138,7,41415926,42494806,TRUE,344,2368,6.31716e-05,0.000848613,0.445626,6.66959e-05,FALSE,NA,NA,NA,NA,NA,NA
1139,7,42494807,43448815,TRUE,246,2217,NA,0.00027902,NA,0.0565501,FALSE,NA,NA,NA,NA,NA,NA
1140,7,43448816,44989571,TRUE,356,2923,NA,0.000660885,NA,0.00131404,FALSE,NA,NA,NA,NA,NA,NA
1141,7,44989572,46247335,TRUE,334,3301,0.000147174,0.000914216,0.386695,1.62683e-05,FALSE,NA,NA,NA,NA,NA,NA
1142,7,46247336,47253454,TRUE,304,2901,NA,0.000562062,NA,0.00278731,FALSE,NA,NA,NA,NA,NA,NA
1143,7,47253455,48363585,TRUE,400,2630,0.000291484,0.000580139,0.30994,0.00561936,FALSE,NA,NA,NA,NA,NA,NA
1144,7,48363586,48984625,TRUE,173,1830,0.000440678,0.000243398,0.137076,0.0509919,FALSE,NA,NA,NA,NA,NA,NA
1145,7,48984626,49632426,TRUE,177,1922,0.000114271,0.000355734,0.376713,0.010728,FALSE,NA,NA,NA,NA,NA,NA
1146,7,49632427,50894508,TRUE,308,3053,0.000350259,0.000203405,0.251457,0.144602,FALSE,NA,NA,NA,NA,NA,NA
1147,7,50894509,51951647,TRUE,313,2348,NA,0.000573045,NA,0.00266566,FALSE,NA,NA,NA,NA,NA,NA
1148,7,51951648,52635123,TRUE,161,2348,0.000492333,0.000275581,0.105026,0.0291153,FALSE,NA,NA,NA,NA,NA,NA
1149,7,52635124,53176523,TRUE,161,2255,0.000632781,0.000243046,0.0568124,0.0450644,FALSE,NA,NA,NA,NA,NA,NA
1150,7,53176524,54086987,TRUE,176,2940,0.000599786,0.000190491,0.074076,0.0988021,FALSE,NA,NA,NA,NA,NA,NA
1151,7,54086988,54550500,TRUE,77,1781,NA,0.00010685,NA,0.133699,FALSE,NA,NA,NA,NA,NA,NA
1152,7,54550501,55161394,TRUE,160,1638,NA,0.000360578,NA,0.00749631,FALSE,NA,NA,NA,NA,NA,NA
1153,7,55161395,56303513,TRUE,279,3063,NA,0.000320419,NA,0.045277,FALSE,NA,NA,NA,NA,NA,NA
1154,7,56303514,57383657,TRUE,107,2128,NA,9.77021e-05,NA,0.189069,FALSE,NA,NA,NA,NA,NA,NA
1155,7,57383658,61969717,TRUE,38,826,0.000249041,3.90675e-05,0.0994428,0.262532,FALSE,NA,NA,NA,NA,NA,NA
1156,7,61969718,63311297,TRUE,59,1566,5.5173e-05,1.68504e-05,0.384643,0.39731,FALSE,NA,NA,NA,NA,NA,NA
1157,7,63311298,64216135,TRUE,108,2507,0.000145741,1.58688e-05,0.310094,0.426729,FALSE,NA,NA,NA,NA,NA,NA
1158,7,64216136,65294277,FALSE,NA,NA,NA,NA,NA,NA,NA,NA,NA,NA,NA,NA,NA
1159,7,65294278,66453993,TRUE,52,2247,NA,5.77511e-05,NA,0.221281,FALSE,NA,NA,NA,NA,NA,NA
1160,7,66453994,66914875,TRUE,81,1564,3.88041e-05,NA,0.423639,NA,FALSE,NA,NA,NA,NA,NA,NA
1161,7,66914876,67474722,TRUE,167,1881,NA,0.000371219,NA,0.00697231,FALSE,NA,NA,NA,NA,NA,NA
1162,7,67474723,68569224,TRUE,373,3582,3.40418e-05,0.000897372,0.467287,4.55486e-05,FALSE,NA,NA,NA,NA,NA,NA
1163,7,68569225,70144614,TRUE,295,2698,NA,0.000547404,NA,0.00320223,FALSE,NA,NA,NA,NA,NA,NA
1164,7,70144615,71215741,TRUE,348,2974,0.000171939,0.000588468,0.372563,0.00324506,FALSE,NA,NA,NA,NA,NA,NA
1165,7,71215742,73128830,TRUE,315,2828,5.85558e-05,0.000821941,0.446554,5.66811e-05,FALSE,NA,NA,NA,NA,NA,NA
1166,7,73128831,75243899,TRUE,259,1525,0.000191887,0.000242877,0.338825,0.0866571,FALSE,NA,NA,NA,NA,NA,NA
1167,7,75243900,76451928,TRUE,250,2170,NA,2.30012e-05,NA,0.435383,FALSE,NA,NA,NA,NA,NA,NA
1168,7,76451929,77663964,FALSE,NA,NA,NA,NA,NA,NA,NA,NA,NA,NA,NA,NA,NA
1169,7,77663965,78685009,TRUE,351,3037,0.000256041,0.000701816,0.319836,0.000660978,FALSE,NA,NA,NA,NA,NA,NA
1170,7,78685010,80055721,TRUE,258,2777,NA,0.000603902,NA,0.000763063,FALSE,NA,NA,NA,NA,NA,NA
1171,7,80055722,81533566,TRUE,382,2780,NA,7.28215e-05,NA,0.358225,FALSE,NA,NA,NA,NA,NA,NA
1172,7,81533567,82759283,TRUE,341,2788,0.00024587,0.000628969,0.323776,0.00173221,FALSE,NA,NA,NA,NA,NA,NA
1173,7,82759284,83953009,TRUE,265,2912,NA,0.000335636,NA,0.0338799,FALSE,NA,NA,NA,NA,NA,NA
1174,7,83953010,85356715,TRUE,196,2257,NA,0.000576353,NA,0.000329719,FALSE,NA,NA,NA,NA,NA,NA
1175,7,85356716,86446538,TRUE,135,2395,5.28263e-05,0.000681993,0.425184,2.56139e-06,FALSE,NA,NA,NA,NA,NA,NA
1176,7,86446539,87836641,TRUE,217,2253,NA,0.00141261,NA,5.18998e-13,FALSE,NA,NA,NA,NA,NA,NA
1177,7,87836642,89330087,TRUE,292,3337,NA,0.000426322,NA,0.0144028,FALSE,NA,NA,NA,NA,NA,NA
1178,7,89330088,90660831,TRUE,205,3362,NA,0.000290708,NA,0.0369658,FALSE,NA,NA,NA,NA,NA,NA
1179,7,90660832,92530165,TRUE,319,2370,NA,0.000595334,NA,0.00209627,FALSE,NA,NA,NA,NA,NA,NA
1180,7,92530166,93691725,TRUE,255,2099,8.19564e-05,8.98646e-05,0.421961,0.296289,FALSE,NA,NA,NA,NA,NA,NA
1181,7,93691726,95174847,TRUE,296,2222,NA,0.000453394,NA,0.0114416,FALSE,NA,NA,NA,NA,NA,NA
1182,7,95174848,96564981,TRUE,295,2656,9.07585e-05,0.000198961,0.420819,0.14438,FALSE,NA,NA,NA,NA,NA,NA
1183,7,96564982,97420207,FALSE,NA,NA,NA,NA,NA,NA,NA,NA,NA,NA,NA,NA,NA
1184,7,97420208,98173564,TRUE,144,1609,NA,0.000259923,NA,0.0297327,FALSE,NA,NA,NA,NA,NA,NA
1185,7,98173565,99465540,TRUE,223,2217,NA,0.000295592,NA,0.0401794,FALSE,NA,NA,NA,NA,NA,NA
1186,7,99465541,100849307,TRUE,282,2073,NA,0.000545511,NA,0.00271282,FALSE,NA,NA,NA,NA,NA,NA
1187,7,100849308,101950748,TRUE,340,2912,NA,0.000289424,NA,0.0784016,FALSE,NA,NA,NA,NA,NA,NA
1188,7,101950749,103191322,TRUE,153,1675,7.89566e-06,0.000189104,0.476469,0.0852119,FALSE,NA,NA,NA,NA,NA,NA
1189,7,103191323,104109231,TRUE,253,2556,NA,0.000314559,NA,0.0405206,FALSE,NA,NA,NA,NA,NA,NA
1190,7,104109232,105312563,TRUE,317,2167,9.32733e-05,0.00101982,0.421763,1.40829e-06,FALSE,NA,NA,NA,NA,NA,NA
1191,7,105312564,106399739,TRUE,442,2541,NA,0.000647279,NA,0.00364146,FALSE,NA,NA,NA,NA,NA,NA
1192,7,106399740,107658603,TRUE,303,2180,0.000120344,0.000228577,0.400412,0.116451,FALSE,NA,NA,NA,NA,NA,NA
1193,7,107658604,109095558,TRUE,318,3180,0.000226976,0.000648114,0.330296,0.000980755,FALSE,NA,NA,NA,NA,NA,NA
1194,7,109095559,110479479,TRUE,347,2919,6.61947e-05,0.000551239,0.443769,0.00523244,FALSE,NA,NA,NA,NA,NA,NA
1195,7,110479480,111795299,TRUE,284,1912,NA,0.00125217,NA,2.73176e-09,FALSE,NA,NA,NA,NA,NA,NA
1196,7,111795300,113339386,TRUE,279,2815,0.000134475,0.000404995,0.38586,0.0170034,FALSE,NA,NA,NA,NA,NA,NA
1197,7,113339387,115321301,TRUE,326,2804,0.000132602,0.000847479,0.395388,4.69092e-05,FALSE,NA,NA,NA,NA,NA,NA
1198,7,115321302,116835336,TRUE,289,2535,NA,0.000266846,NA,0.0799,FALSE,NA,NA,NA,NA,NA,NA
1199,7,116835337,118342090,TRUE,216,2607,NA,7.51855e-05,NA,0.310789,FALSE,NA,NA,NA,NA,NA,NA
1200,7,118342091,119568236,TRUE,90,1808,NA,0.000188552,NA,0.0437482,FALSE,NA,NA,NA,NA,NA,NA
1201,7,119568237,121042050,TRUE,203,2313,NA,0.000442965,NA,0.00418176,FALSE,NA,NA,NA,NA,NA,NA
1202,7,121042051,121946052,TRUE,174,1855,NA,0.000306651,NA,0.0215283,FALSE,NA,NA,NA,NA,NA,NA
1203,7,121946053,123859746,TRUE,362,3574,0.000527883,0.000733951,0.180177,0.000506996,FALSE,NA,NA,NA,NA,NA,NA
1204,7,123859747,125389586,TRUE,221,3434,0.000282975,0.000308709,0.259902,0.0338026,FALSE,NA,NA,NA,NA,NA,NA
1205,7,125389587,126640872,TRUE,195,3182,NA,0.000802133,NA,2.30173e-06,FALSE,NA,NA,NA,NA,NA,NA
1206,7,126640873,127903738,TRUE,259,2332,0.000535223,0.000624565,0.138606,0.000564508,FALSE,NA,NA,NA,NA,NA,NA
1207,7,127903739,128779173,TRUE,221,2097,0.000338362,0.000257887,0.223395,0.0610356,FALSE,NA,NA,NA,NA,NA,NA
1208,7,128779174,130418704,TRUE,418,3221,0.000946498,0.000396089,0.0679269,0.0420046,FALSE,NA,NA,NA,NA,NA,NA
1209,7,130418705,131856481,TRUE,471,2955,NA,0.00104108,NA,2.43108e-05,FALSE,NA,NA,NA,NA,NA,NA
1210,7,131856482,133807216,TRUE,410,3243,0.00064311,0.000934633,0.149053,5.20682e-05,FALSE,NA,NA,NA,NA,NA,NA
1211,7,133807217,134943221,TRUE,264,2636,NA,0.000769991,NA,4.34117e-05,FALSE,NA,NA,NA,NA,NA,NA
1212,7,134943222,136113467,TRUE,349,2772,NA,0.000507034,NA,0.00880599,FALSE,NA,NA,NA,NA,NA,NA
1213,7,136113468,137657459,TRUE,337,2686,NA,0.000757018,NA,0.00024371,FALSE,NA,NA,NA,NA,NA,NA
1214,7,137657460,138755107,TRUE,395,2373,0.000443307,0.000520297,0.228846,0.0105938,FALSE,NA,NA,NA,NA,NA,NA
1215,7,138755108,140217630,TRUE,422,2736,0.000421824,0.000406373,0.246358,0.0389435,FALSE,NA,NA,NA,NA,NA,NA
1216,7,140217631,142098979,TRUE,344,2906,0.000417516,0.00101675,0.226636,3.07424e-06,FALSE,NA,NA,NA,NA,NA,NA
1217,7,142098980,144324464,TRUE,323,3335,0.000535279,0.000114947,0.163849,0.273294,FALSE,NA,NA,NA,NA,NA,NA
1218,7,144324465,145415775,TRUE,253,2619,0.000129187,0.000241642,0.384481,0.085525,FALSE,NA,NA,NA,NA,NA,NA
1219,7,145415776,146574327,TRUE,228,2542,NA,0.000285522,NA,0.047019,FALSE,NA,NA,NA,NA,NA,NA
1220,7,146574328,147352171,TRUE,197,2155,0.000395813,0.000443376,0.176006,0.00351999,FALSE,NA,NA,NA,NA,NA,NA
1221,7,147352172,148622913,TRUE,397,3172,NA,0.000477179,NA,0.0169929,FALSE,NA,NA,NA,NA,NA,NA
1222,7,148622914,149842999,TRUE,288,2238,NA,0.000411803,NA,0.0166708,FALSE,NA,NA,NA,NA,NA,NA
1223,7,149843000,150897818,TRUE,296,2396,NA,9.98973e-05,NA,0.289841,FALSE,NA,NA,NA,NA,NA,NA
1224,7,150897819,152253294,FALSE,NA,NA,NA,NA,NA,NA,NA,NA,NA,NA,NA,NA,NA
1225,7,152253295,153241228,FALSE,NA,NA,NA,NA,NA,NA,NA,NA,NA,NA,NA,NA,NA
1226,7,153241229,154407487,TRUE,350,2381,NA,0.00044108,NA,0.018798,FALSE,NA,NA,NA,NA,NA,NA
1227,7,154407488,155280610,TRUE,427,2631,NA,0.000643165,NA,0.00328072,FALSE,NA,NA,NA,NA,NA,NA
1228,7,155280611,156344386,TRUE,469,2734,NA,0.000378509,NA,0.0578704,FALSE,NA,NA,NA,NA,NA,NA
1229,7,156344387,157199331,TRUE,259,2351,NA,0.000263273,NA,0.0711452,FALSE,NA,NA,NA,NA,NA,NA
1230,7,157199332,158031247,TRUE,382,2422,1.03651e-06,0.000345561,0.489685,0.0566731,FALSE,NA,NA,NA,NA,NA,NA
1231,7,158031248,159128566,TRUE,323,2762,NA,0.000253343,NA,0.101353,FALSE,NA,NA,NA,NA,NA,NA
1232,8,11740,660414,TRUE,266,1731,0.000569172,0.000347221,0.127713,0.0301988,FALSE,NA,NA,NA,NA,NA,NA
1233,8,660415,1161824,TRUE,280,1670,0.000300521,0.00085145,0.27181,1.55917e-05,FALSE,NA,NA,NA,NA,NA,NA
1234,8,1161825,1628039,TRUE,323,1751,NA,0.000886992,NA,2.16956e-05,FALSE,NA,NA,NA,NA,NA,NA
1235,8,1628040,2070902,TRUE,375,1472,NA,0.000200449,NA,0.17048,FALSE,NA,NA,NA,NA,NA,NA
1236,8,2070903,2396122,TRUE,147,1203,NA,0.000372223,NA,0.00464198,FALSE,NA,NA,NA,NA,NA,NA
1237,8,2396123,2970491,TRUE,372,2134,NA,0.000566387,NA,0.00538565,FALSE,NA,NA,NA,NA,NA,NA
1238,8,2970492,3386667,TRUE,341,2288,0.000329044,0.000818786,0.273879,9.35334e-05,FALSE,NA,NA,NA,NA,NA,NA
1239,8,3386668,3787248,TRUE,377,2439,NA,0.000425403,NA,0.0262917,FALSE,NA,NA,NA,NA,NA,NA
1240,8,3787249,4273083,TRUE,498,2690,NA,0.000851277,NA,0.000519201,FALSE,NA,NA,NA,NA,NA,NA
1241,8,4273084,4893120,TRUE,565,2759,NA,0.000772729,NA,0.00229368,FALSE,NA,NA,NA,NA,NA,NA
1242,8,4893121,5566269,TRUE,427,3124,NA,0.000472094,NA,0.0213486,FALSE,NA,NA,NA,NA,NA,NA
1243,8,5566270,6019163,TRUE,266,2325,NA,0.00047223,NA,0.00598157,FALSE,NA,NA,NA,NA,NA,NA
1244,8,6019164,6663427,TRUE,427,2665,NA,8.65952e-05,NA,0.343466,FALSE,NA,NA,NA,NA,NA,NA
1245,8,6663428,8064600,TRUE,214,1011,0.000400746,0.000474382,0.18262,0.00287592,FALSE,NA,NA,NA,NA,NA,NA
1246,8,8064601,8589770,TRUE,212,1647,8.08743e-06,0.000413019,0.479833,0.00728209,FALSE,NA,NA,NA,NA,NA,NA
1247,8,8589771,9167795,TRUE,265,1833,0.000484998,0.000320468,0.163709,0.0407429,FALSE,NA,NA,NA,NA,NA,NA
1248,8,9167796,9835863,TRUE,223,1911,NA,0.000851363,NA,2.55642e-06,FALSE,NA,NA,NA,NA,NA,NA
1249,8,9835864,10478851,TRUE,331,2009,0.000479847,0.000731572,0.191622,0.000315854,FALSE,NA,NA,NA,NA,NA,NA
1250,8,10478852,11466761,TRUE,335,2579,0.000794675,0.000349399,0.0806812,0.0446571,FALSE,NA,NA,NA,NA,NA,NA
1251,8,11466762,12296849,TRUE,222,1453,NA,4.10758e-05,NA,0.388955,FALSE,NA,NA,NA,NA,NA,NA
1252,8,12296850,12947935,TRUE,165,1331,7.65283e-05,0.000340554,0.408839,0.011229,FALSE,NA,NA,NA,NA,NA,NA
1253,8,12947936,13395051,TRUE,172,1671,NA,9.75026e-05,NA,0.242543,FALSE,NA,NA,NA,NA,NA,NA
1254,8,13395052,13948095,TRUE,260,3083,0.000311595,0.000429658,0.257437,0.0101744,FALSE,NA,NA,NA,NA,NA,NA
1255,8,13948096,14389305,TRUE,169,1757,1.99222e-05,0.000573051,0.465578,0.000155547,FALSE,NA,NA,NA,NA,NA,NA
1256,8,14389306,14872767,TRUE,212,1862,NA,0.000369283,NA,0.0139739,FALSE,NA,NA,NA,NA,NA,NA
1257,8,14872768,15359692,TRUE,224,1913,NA,0.000607072,NA,0.000341824,FALSE,NA,NA,NA,NA,NA,NA
1258,8,15359693,15999328,TRUE,279,2224,0.000761872,0.000627678,0.0714488,0.000712474,FALSE,NA,NA,NA,NA,NA,NA
1259,8,15999329,16988030,TRUE,323,2670,NA,7.50987e-06,NA,0.474571,FALSE,NA,NA,NA,NA,NA,NA
1260,8,16988031,17492672,TRUE,283,1701,NA,0.000282553,NA,0.0660291,FALSE,NA,NA,NA,NA,NA,NA
1261,8,17492673,17947004,TRUE,179,1835,NA,3.31795e-05,NA,0.39707,FALSE,NA,NA,NA,NA,NA,NA
1262,8,17947005,18668609,TRUE,372,2784,0.000148906,0.000438154,0.391303,0.0230078,FALSE,NA,NA,NA,NA,NA,NA
1263,8,18668610,19488888,TRUE,413,2584,NA,0.000570916,NA,0.00690635,FALSE,NA,NA,NA,NA,NA,NA
1264,8,19488889,20135628,TRUE,322,1925,NA,0.000801339,NA,9.48228e-05,FALSE,NA,NA,NA,NA,NA,NA
1265,8,20135629,20812107,TRUE,257,1894,6.0065e-05,0.000175341,0.439694,0.157995,FALSE,NA,NA,NA,NA,NA,NA
1266,8,20812108,21650453,TRUE,325,2155,0.000812586,0.000473348,0.0734204,0.0109812,FALSE,NA,NA,NA,NA,NA,NA
1267,8,21650454,22895018,TRUE,443,2424,0.000260926,0.000261469,0.335379,0.128939,FALSE,NA,NA,NA,NA,NA,NA
1268,8,22895019,23788494,TRUE,352,2648,NA,0.000176024,NA,0.192963,FALSE,NA,NA,NA,NA,NA,NA
1269,8,23788495,24863243,TRUE,258,2289,0.000591522,0.00054856,0.115765,0.00224871,FALSE,NA,NA,NA,NA,NA,NA
1270,8,24863244,25859277,TRUE,301,2184,NA,0.000216564,NA,0.127136,FALSE,NA,NA,NA,NA,NA,NA
1271,8,25859278,26679135,TRUE,322,2553,NA,0.000544281,NA,0.00425689,FALSE,NA,NA,NA,NA,NA,NA
1272,8,26679136,27406511,TRUE,214,2220,0.000408573,0.000452831,0.178259,0.00420538,FALSE,NA,NA,NA,NA,NA,NA
1273,8,27406512,28344176,TRUE,293,2284,NA,0.000631638,NA,0.000840706,FALSE,NA,NA,NA,NA,NA,NA
1274,8,28344177,29744540,TRUE,343,2335,NA,0.000330805,NA,0.0549452,FALSE,NA,NA,NA,NA,NA,NA
1275,8,29744541,31134786,TRUE,256,2564,NA,8.94104e-05,NA,0.296317,FALSE,NA,NA,NA,NA,NA,NA
1276,8,31134787,32454962,TRUE,302,3371,NA,0.00125765,NA,4.69872e-09,FALSE,NA,NA,NA,NA,NA,NA
1277,8,32454963,33982537,TRUE,276,2620,NA,0.00115565,NA,2.0127e-08,FALSE,NA,NA,NA,NA,NA,NA
1278,8,33982538,34792220,TRUE,118,1883,NA,0.00057648,NA,2.37993e-05,FALSE,NA,NA,NA,NA,NA,NA
1279,8,34792221,36641174,TRUE,243,2017,NA,0.000554737,NA,0.00133649,FALSE,NA,NA,NA,NA,NA,NA
1280,8,36641175,38803980,TRUE,534,2999,0.000184646,0.00071245,0.389389,0.00349799,FALSE,NA,NA,NA,NA,NA,NA
1281,8,38803981,40179577,TRUE,305,2718,NA,1.32213e-05,NA,0.461715,FALSE,NA,NA,NA,NA,NA,NA
1282,8,40179578,40974254,TRUE,229,2328,0.000102194,0.000352669,0.400928,0.0205452,FALSE,NA,NA,NA,NA,NA,NA
1283,8,40974255,41725002,TRUE,259,1976,NA,0.000157932,NA,0.18314,FALSE,NA,NA,NA,NA,NA,NA
1284,8,41725003,43825633,TRUE,240,3192,NA,0.000405802,NA,0.012339,FALSE,NA,NA,NA,NA,NA,NA
1285,8,43825634,49044813,TRUE,78,2065,0.000369142,0.000130174,0.0911407,0.0941236,FALSE,NA,NA,NA,NA,NA,NA
1286,8,49044814,50288660,TRUE,184,2226,0.000427037,0.00017242,0.151082,0.123937,FALSE,NA,NA,NA,NA,NA,NA
1287,8,50288661,51461455,FALSE,NA,NA,NA,NA,NA,NA,NA,NA,NA,NA,NA,NA,NA
1288,8,51461456,52326236,TRUE,116,2056,NA,0.000360389,NA,0.00281666,FALSE,NA,NA,NA,NA,NA,NA
1289,8,52326237,53108910,TRUE,134,1902,NA,0.000206448,NA,0.0575527,FALSE,NA,NA,NA,NA,NA,NA
1290,8,53108911,54119373,TRUE,175,2171,NA,0.000150319,NA,0.151878,FALSE,NA,NA,NA,NA,NA,NA
1291,8,54119374,55275354,TRUE,212,2343,NA,9.63074e-05,NA,0.265647,FALSE,NA,NA,NA,NA,NA,NA
1292,8,55275355,56346878,TRUE,247,2326,NA,0.000231296,NA,0.093558,FALSE,NA,NA,NA,NA,NA,NA
1293,8,56346879,57436722,TRUE,260,2488,0.00043787,0.000279842,0.184791,0.0607313,FALSE,NA,NA,NA,NA,NA,NA
1294,8,57436723,58675117,TRUE,298,3297,NA,0.000549007,NA,0.00312382,FALSE,NA,NA,NA,NA,NA,NA
1295,8,58675118,59555977,TRUE,238,2133,0.000160883,0.000776301,0.356133,2.00518e-05,FALSE,NA,NA,NA,NA,NA,NA
1296,8,59555978,60476248,TRUE,215,1673,0.00010805,0.000366935,0.392896,0.0154662,FALSE,NA,NA,NA,NA,NA,NA
1297,8,60476249,61324889,TRUE,146,1837,NA,0.000582388,NA,6.35071e-05,FALSE,NA,NA,NA,NA,NA,NA
1298,8,61324890,62330900,TRUE,251,1908,0.000718188,0.00067536,0.0728221,0.000194121,FALSE,NA,NA,NA,NA,NA,NA
1299,8,62330901,63253462,TRUE,189,2210,NA,0.000426693,NA,0.00414446,FALSE,NA,NA,NA,NA,NA,NA
1300,8,63253463,64215358,TRUE,162,2386,NA,0.000554002,NA,0.000192864,FALSE,NA,NA,NA,NA,NA,NA
1301,8,64215359,66018204,TRUE,309,2835,0.000212303,0.0011541,0.337779,6.65505e-08,FALSE,NA,NA,NA,NA,NA,NA
1302,8,66018205,66960438,TRUE,181,1992,NA,0.000366099,NA,0.00967214,FALSE,NA,NA,NA,NA,NA,NA
1303,8,66960439,68683823,FALSE,NA,NA,NA,NA,NA,NA,NA,NA,NA,NA,NA,NA,NA
1304,8,68683824,70004665,TRUE,410,3027,2.5858e-05,0.00073366,0.474051,0.000912082,FALSE,NA,NA,NA,NA,NA,NA
1305,8,70004666,70872088,TRUE,264,1771,0.000391229,0.000115803,0.21159,0.251836,FALSE,NA,NA,NA,NA,NA,NA
1306,8,70872089,72013184,TRUE,171,2096,NA,0.000116029,NA,0.204632,FALSE,NA,NA,NA,NA,NA,NA
1307,8,72013185,72917489,TRUE,351,2116,0.000701584,0.000174484,0.11178,0.194311,FALSE,NA,NA,NA,NA,NA,NA
1308,8,72917490,73838027,TRUE,230,2209,NA,0.000349643,NA,0.021429,FALSE,NA,NA,NA,NA,NA,NA
1309,8,73838028,75011699,TRUE,355,2470,NA,0.000330376,NA,0.0580505,FALSE,NA,NA,NA,NA,NA,NA
1310,8,75011700,76295483,TRUE,318,2917,NA,0.000463612,NA,0.0116754,FALSE,NA,NA,NA,NA,NA,NA
1311,8,76295484,77377989,TRUE,175,2583,NA,0.000571633,NA,0.000214769,FALSE,NA,NA,NA,NA,NA,NA
1312,8,77377990,78633659,TRUE,211,2704,0.00033502,7.22855e-05,0.22047,0.31498,FALSE,NA,NA,NA,NA,NA,NA
1313,8,78633660,79756169,TRUE,163,2600,NA,0.000295043,NA,0.0227122,FALSE,NA,NA,NA,NA,NA,NA
1314,8,79756170,81340231,TRUE,374,3329,NA,0.000467799,NA,0.0168446,FALSE,NA,NA,NA,NA,NA,NA
1315,8,81340232,82878769,TRUE,351,2848,0.000829977,0.00029933,0.0766339,0.074958,FALSE,NA,NA,NA,NA,NA,NA
1316,8,82878770,83730337,FALSE,NA,NA,NA,NA,NA,NA,NA,NA,NA,NA,NA,NA,NA
1317,8,83730338,85116734,TRUE,222,3561,NA,0.00040884,NA,0.00920122,FALSE,NA,NA,NA,NA,NA,NA
1318,8,85116735,86251870,TRUE,145,1829,NA,0.00023493,NA,0.0429695,FALSE,NA,NA,NA,NA,NA,NA
1319,8,86251871,87563145,TRUE,145,1737,0.000214675,0.000189955,0.270768,0.0796629,FALSE,NA,NA,NA,NA,NA,NA
1320,8,87563146,89081177,TRUE,294,3159,NA,0.000393073,NA,0.0224929,FALSE,NA,NA,NA,NA,NA,NA
1321,8,89081178,90364149,TRUE,216,2895,NA,0.000438617,NA,0.00516711,FALSE,NA,NA,NA,NA,NA,NA
1322,8,90364150,91457962,TRUE,209,1982,NA,0.000435031,NA,0.00501309,FALSE,NA,NA,NA,NA,NA,NA
1323,8,91457963,92876620,TRUE,176,2028,NA,0.000147565,NA,0.154143,FALSE,NA,NA,NA,NA,NA,NA
1324,8,92876621,94999066,TRUE,443,3317,0.0001248,0.000538666,0.414537,0.0123016,FALSE,NA,NA,NA,NA,NA,NA
1325,8,94999067,96175630,TRUE,276,2917,NA,0.000586925,NA,0.0013036,FALSE,NA,NA,NA,NA,NA,NA
1326,8,96175631,96900513,TRUE,300,1943,0.000874275,2.11973e-05,0.0533248,0.444819,FALSE,NA,NA,NA,NA,NA,NA
1327,8,96900514,98132519,TRUE,296,2046,NA,0.000513099,NA,0.0049657,FALSE,NA,NA,NA,NA,NA,NA
1328,8,98132520,99388944,TRUE,380,2673,NA,0.000477925,NA,0.0153245,FALSE,NA,NA,NA,NA,NA,NA
1329,8,99388945,101448439,TRUE,240,2656,8.14423e-05,5.99038e-05,0.420033,0.352047,FALSE,NA,NA,NA,NA,NA,NA
1330,8,101448440,102548680,FALSE,NA,NA,NA,NA,NA,NA,NA,NA,NA,NA,NA,NA,NA
1331,8,102548681,103716053,TRUE,357,2730,0.000171951,0.000818574,0.374095,0.000136559,FALSE,NA,NA,NA,NA,NA,NA
1332,8,103716054,104467845,TRUE,220,1845,0.000280089,0.000698787,0.261438,5.17416e-05,FALSE,NA,NA,NA,NA,NA,NA
1333,8,104467846,105370130,TRUE,111,2280,2.17156e-05,0.000310728,0.45538,0.00663708,FALSE,NA,NA,NA,NA,NA,NA
1334,8,105370131,106500950,TRUE,292,2224,NA,0.0003544,NA,0.0332968,FALSE,NA,NA,NA,NA,NA,NA
1335,8,106500951,107787163,TRUE,267,2552,0.000415161,0.000481985,0.199752,0.00545025,FALSE,NA,NA,NA,NA,NA,NA
1336,8,107787164,108647463,TRUE,202,1973,0.000553501,0.000257896,0.103928,0.0533026,FALSE,NA,NA,NA,NA,NA,NA
1337,8,108647464,109920827,TRUE,241,2642,NA,0.000350846,NA,0.0238222,FALSE,NA,NA,NA,NA,NA,NA
1338,8,109920828,111207349,TRUE,231,2384,NA,0.000505902,NA,0.00235998,FALSE,NA,NA,NA,NA,NA,NA
1339,8,111207350,112601513,TRUE,134,1997,NA,0.000428366,NA,0.00113706,FALSE,NA,NA,NA,NA,NA,NA
1340,8,112601514,113650853,TRUE,125,2013,NA,0.000525947,NA,8.68861e-05,FALSE,NA,NA,NA,NA,NA,NA
1341,8,113650854,114781574,TRUE,96,2264,NA,0.000227673,NA,0.0233056,FALSE,NA,NA,NA,NA,NA,NA
1342,8,114781575,115334858,TRUE,110,1483,0.00045838,0.000145846,0.0816296,0.105144,FALSE,NA,NA,NA,NA,NA,NA
1343,8,115334859,116094203,TRUE,101,1881,0.000601727,0.000316705,0.0319351,0.00446474,TRUE,-0.274441,-0.274441,FALSE,-1,0.61126,0.473446
1344,8,116094204,118300068,TRUE,403,3165,9.65249e-05,0.000878722,0.428387,9.97255e-05,FALSE,NA,NA,NA,NA,NA,NA
1345,8,118300069,119423298,TRUE,311,2130,NA,0.000761261,NA,0.000154281,FALSE,NA,NA,NA,NA,NA,NA
1346,8,119423299,120216587,TRUE,198,1946,NA,0.000246643,NA,0.0591091,FALSE,NA,NA,NA,NA,NA,NA
1347,8,120216588,121554390,TRUE,258,2902,NA,0.000780159,NA,3.31118e-05,FALSE,NA,NA,NA,NA,NA,NA
1348,8,121554391,122622804,TRUE,289,2478,NA,0.000192305,NA,0.150204,FALSE,NA,NA,NA,NA,NA,NA
1349,8,122622805,124001019,TRUE,343,2411,NA,0.000357826,NA,0.0421786,FALSE,NA,NA,NA,NA,NA,NA
1350,8,124001020,125453322,TRUE,397,2995,NA,0.00020047,NA,0.176854,FALSE,NA,NA,NA,NA,NA,NA
1351,8,125453323,126766827,TRUE,381,2897,NA,0.000145791,NA,0.242448,FALSE,NA,NA,NA,NA,NA,NA
1352,8,126766828,128073654,TRUE,368,2950,NA,7.50333e-06,NA,0.475885,FALSE,NA,NA,NA,NA,NA,NA
1353,8,128073655,129291118,TRUE,530,3025,0.00133542,0.000772313,0.03184,0.00175191,TRUE,-0.288129,-0.288129,FALSE,-1,0.44121,0.38792
1354,8,129291119,130383563,TRUE,236,2417,NA,8.34866e-05,NA,0.301252,FALSE,NA,NA,NA,NA,NA,NA
1355,8,130383564,131545725,TRUE,272,2698,0.00028485,0.000144852,0.279013,0.207354,FALSE,NA,NA,NA,NA,NA,NA
1356,8,131545726,132534636,TRUE,318,2566,NA,0.00020632,NA,0.144812,FALSE,NA,NA,NA,NA,NA,NA
1357,8,132534637,133461551,TRUE,265,2373,NA,0.000597832,NA,0.00096234,FALSE,NA,NA,NA,NA,NA,NA
1358,8,133461552,134509448,TRUE,397,2584,NA,0.00019742,NA,0.180636,FALSE,NA,NA,NA,NA,NA,NA
1359,8,134509449,135313673,TRUE,375,2600,NA,0.000317637,NA,0.0701874,FALSE,NA,NA,NA,NA,NA,NA
1360,8,135313674,136220342,TRUE,300,2215,0.000394375,0.00067805,0.223938,0.000471007,FALSE,NA,NA,NA,NA,NA,NA
1361,8,136220343,137527617,TRUE,272,3044,0.000258712,0.000176495,0.296201,0.163401,FALSE,NA,NA,NA,NA,NA,NA
1362,8,137527618,138564843,TRUE,234,2879,NA,0.000175767,NA,0.147162,FALSE,NA,NA,NA,NA,NA,NA
1363,8,138564844,139404631,TRUE,286,2225,NA,0.000182585,NA,0.161821,FALSE,NA,NA,NA,NA,NA,NA
1364,8,139404632,140355988,TRUE,275,2215,NA,0.0004364,NA,0.0108968,FALSE,NA,NA,NA,NA,NA,NA
1365,8,140355989,141527881,TRUE,405,2643,0.000658717,0.000215603,0.142113,0.162998,FALSE,NA,NA,NA,NA,NA,NA
1366,8,141527882,142611889,TRUE,361,2352,NA,0.000432807,NA,0.0219772,FALSE,NA,NA,NA,NA,NA,NA
1367,8,142611890,143611461,TRUE,292,2292,NA,0.00108665,NA,1.53215e-07,FALSE,NA,NA,NA,NA,NA,NA
1368,8,143611462,144934288,TRUE,371,3245,0.000475834,0.00138737,0.206432,3.31831e-09,FALSE,NA,NA,NA,NA,NA,NA
1369,8,144934289,146303787,TRUE,194,1425,NA,0.000159706,NA,0.149918,FALSE,NA,NA,NA,NA,NA,NA
1370,9,10469,653661,TRUE,225,1587,NA,0.000526661,NA,0.00144649,FALSE,NA,NA,NA,NA,NA,NA
1371,9,653662,1103598,TRUE,256,1396,0.000511288,0.000397925,0.147694,0.0147203,FALSE,NA,NA,NA,NA,NA,NA
1372,9,1103599,1874961,TRUE,359,2463,0.00126246,0.000598359,0.0177644,0.00310567,TRUE,0.069404,0.069404,FALSE,-0.78372,0.96979,0.833196
1373,9,1874962,2441120,TRUE,325,1529,NA,0.000128208,NA,0.251983,FALSE,NA,NA,NA,NA,NA,NA
1374,9,2441121,3079045,TRUE,303,1604,NA,0.000239722,NA,0.106006,FALSE,NA,NA,NA,NA,NA,NA
1375,9,3079046,4025355,TRUE,380,1938,NA,0.000579733,NA,0.00482561,FALSE,NA,NA,NA,NA,NA,NA
1376,9,4025356,4596614,TRUE,370,1719,NA,0.000186614,NA,0.185269,FALSE,NA,NA,NA,NA,NA,NA
1377,9,4596615,5437591,TRUE,277,1857,NA,0.000173315,NA,0.168238,FALSE,NA,NA,NA,NA,NA,NA
1378,9,5437592,6859791,TRUE,484,3191,NA,0.00103571,NA,3.34152e-05,FALSE,NA,NA,NA,NA,NA,NA
1379,9,6859792,7388202,TRUE,264,1936,NA,0.000542795,NA,0.00223433,FALSE,NA,NA,NA,NA,NA,NA
1380,9,7388203,8262303,TRUE,430,2487,NA,0.000463172,NA,0.0238371,FALSE,NA,NA,NA,NA,NA,NA
1381,9,8262304,9170120,FALSE,NA,NA,NA,NA,NA,NA,NA,NA,NA,NA,NA,NA,NA
1382,9,9170121,9920258,TRUE,342,2250,NA,8.66608e-05,NA,0.326692,FALSE,NA,NA,NA,NA,NA,NA
1383,9,9920259,10675474,TRUE,336,2455,0.00012314,0.000529717,0.403366,0.00593259,FALSE,NA,NA,NA,NA,NA,NA
1384,9,10675475,11270764,TRUE,191,1773,0.00053913,0.000342021,0.103646,0.0157623,FALSE,NA,NA,NA,NA,NA,NA
1385,9,11270765,12044915,TRUE,135,2438,0.00016522,0.000289905,0.309249,0.0161286,FALSE,NA,NA,NA,NA,NA,NA
1386,9,12044916,12664858,TRUE,191,1710,NA,0.000459999,NA,0.00241088,FALSE,NA,NA,NA,NA,NA,NA
1387,9,12664859,13512852,FALSE,NA,NA,NA,NA,NA,NA,NA,NA,NA,NA,NA,NA,NA
1388,9,13512853,14244747,TRUE,311,1955,NA,0.000669766,NA,0.000621871,FALSE,NA,NA,NA,NA,NA,NA
1389,9,14244748,14902924,TRUE,380,1666,0.000344418,0.000839694,0.275776,0.000134605,FALSE,NA,NA,NA,NA,NA,NA
1390,9,14902925,15839403,TRUE,301,2083,0.000488869,0.000392753,0.176515,0.0232734,FALSE,NA,NA,NA,NA,NA,NA
1391,9,15839404,16658377,TRUE,333,1858,9.11304e-05,8.98865e-05,0.425122,0.318562,FALSE,NA,NA,NA,NA,NA,NA
1392,9,16658378,17392382,TRUE,175,2090,NA,0.000282465,NA,0.0302117,FALSE,NA,NA,NA,NA,NA,NA
1393,9,17392383,17990565,TRUE,194,1610,NA,0.000338659,NA,0.0175155,FALSE,NA,NA,NA,NA,NA,NA
1394,9,17990566,18754196,TRUE,309,1981,NA,0.000750314,NA,0.000168908,FALSE,NA,NA,NA,NA,NA,NA
1395,9,18754197,19463292,TRUE,261,1926,NA,0.000289854,NA,0.0543923,FALSE,NA,NA,NA,NA,NA,NA
1396,9,19463293,20483880,TRUE,380,2120,0.000451858,0.000572568,0.22048,0.00527354,FALSE,NA,NA,NA,NA,NA,NA
1397,9,20483881,21674032,TRUE,338,2597,0.000631392,0.000352973,0.131196,0.0437539,FALSE,NA,NA,NA,NA,NA,NA
1398,9,21674033,23091193,TRUE,417,2910,NA,0.000703126,NA,0.00147435,FALSE,NA,NA,NA,NA,NA,NA
1399,9,23091194,23859374,TRUE,331,1704,0.000176169,0.0012541,0.366666,1.96798e-08,FALSE,NA,NA,NA,NA,NA,NA
1400,9,23859375,24757729,TRUE,265,1727,NA,0.000236134,NA,0.0958323,FALSE,NA,NA,NA,NA,NA,NA
1401,9,24757730,25957606,TRUE,389,2931,0.000374034,0.000849245,0.262202,0.000144532,FALSE,NA,NA,NA,NA,NA,NA
1402,9,25957607,26747214,TRUE,279,1802,0.000205354,0.0012605,0.334812,1.79466e-09,FALSE,NA,NA,NA,NA,NA,NA
1403,9,26747215,27366479,TRUE,217,1738,NA,0.000300618,NA,0.0359963,FALSE,NA,NA,NA,NA,NA,NA
1404,9,27366480,28067454,TRUE,252,1720,0.000368086,0.000391802,0.219692,0.0158115,FALSE,NA,NA,NA,NA,NA,NA
1405,9,28067455,28766060,TRUE,276,1764,0.000148572,0.000548662,0.374842,0.00230995,FALSE,NA,NA,NA,NA,NA,NA
1406,9,28766061,29596501,TRUE,178,2661,0.000593233,0.000236,0.0772168,0.057558,FALSE,NA,NA,NA,NA,NA,NA
1407,9,29596502,30410078,FALSE,NA,NA,NA,NA,NA,NA,NA,NA,NA,NA,NA,NA,NA
1408,9,30410079,31115153,TRUE,120,1716,NA,0.000156656,NA,0.100963,FALSE,NA,NA,NA,NA,NA,NA
1409,9,31115154,32253283,TRUE,175,3397,0.000190549,0.000462923,0.308557,0.00162876,FALSE,NA,NA,NA,NA,NA,NA
1410,9,32253284,33194892,TRUE,262,2246,0.0010932,0.000942918,0.0171794,1.20621e-06,TRUE,-0.260096,-0.260096,FALSE,-1,0.29776,0.3263
1411,9,33194893,34704544,TRUE,275,2926,NA,0.000672621,NA,0.000319434,FALSE,NA,NA,NA,NA,NA,NA
1412,9,34704545,36749273,TRUE,480,3372,1.9591e-05,0.000950276,0.479741,0.000113175,FALSE,NA,NA,NA,NA,NA,NA
1413,9,36749274,37687112,TRUE,312,1971,6.76922e-05,0.000185946,0.439649,0.166623,FALSE,NA,NA,NA,NA,NA,NA
1414,9,37687113,38822977,TRUE,330,2183,NA,0.000349372,NA,0.0430806,FALSE,NA,NA,NA,NA,NA,NA
1415,9,38822978,43903829,TRUE,6,43,NA,4.87672e-05,NA,0.0546691,FALSE,NA,NA,NA,NA,NA,NA
1416,9,43903830,66673058,FALSE,NA,NA,NA,NA,NA,NA,NA,NA,NA,NA,NA,NA,NA
1417,9,66673059,70939677,FALSE,NA,NA,NA,NA,NA,NA,NA,NA,NA,NA,NA,NA,NA
1418,9,70939678,72288878,TRUE,348,2479,1.14879e-05,0.000530811,0.481877,0.00676618,FALSE,NA,NA,NA,NA,NA,NA
1419,9,72288879,73915494,TRUE,351,3659,NA,0.00111427,NA,5.46743e-07,FALSE,NA,NA,NA,NA,NA,NA
1420,9,73915495,74950318,TRUE,296,1931,0.0004938,0.000230494,0.172298,0.112028,FALSE,NA,NA,NA,NA,NA,NA
1421,9,74950319,76197744,TRUE,195,2408,0.000905329,NA,0.0214885,NA,FALSE,NA,NA,NA,NA,NA,NA
1422,9,76197745,77862308,TRUE,364,3053,NA,0.000819864,NA,0.000145633,FALSE,NA,NA,NA,NA,NA,NA
1423,9,77862309,78630915,TRUE,305,2167,NA,0.000269165,NA,0.0823473,FALSE,NA,NA,NA,NA,NA,NA
1424,9,78630916,79451035,TRUE,389,2133,0.00100587,0.000491611,0.0511056,0.0140962,FALSE,NA,NA,NA,NA,NA,NA
1425,9,79451036,80137024,TRUE,223,1741,0.000545598,0.000316688,0.117648,0.0311036,FALSE,NA,NA,NA,NA,NA,NA
1426,9,80137025,81161597,TRUE,231,2021,NA,6.21593e-05,NA,0.345185,FALSE,NA,NA,NA,NA,NA,NA
1427,9,81161598,82601465,TRUE,472,2717,0.000233661,0.000726074,0.355108,0.00189238,FALSE,NA,NA,NA,NA,NA,NA
1428,9,82601466,83455502,TRUE,223,2631,NA,0.000121236,NA,0.224112,FALSE,NA,NA,NA,NA,NA,NA
1429,9,83455503,85135751,TRUE,416,3054,NA,0.000844175,NA,0.000213508,FALSE,NA,NA,NA,NA,NA,NA
1430,9,85135752,86769886,TRUE,430,3377,NA,0.000360009,NA,0.0596341,FALSE,NA,NA,NA,NA,NA,NA
1431,9,86769887,87815449,TRUE,297,2565,NA,0.000198421,NA,0.145979,FALSE,NA,NA,NA,NA,NA,NA
1432,9,87815450,89171796,TRUE,275,2515,NA,0.000146493,NA,0.207519,FALSE,NA,NA,NA,NA,NA,NA
1433,9,89171797,90135154,TRUE,329,2372,NA,0.000301011,NA,0.0686905,FALSE,NA,NA,NA,NA,NA,NA
1434,9,90135155,90890979,TRUE,219,1890,0.000596022,0.000218135,0.0967153,0.0918704,FALSE,NA,NA,NA,NA,NA,NA
1435,9,90890980,91643255,TRUE,162,1791,0.000347678,0.000271511,0.182939,0.0305129,FALSE,NA,NA,NA,NA,NA,NA
1436,9,91643256,92500277,TRUE,230,1872,NA,0.000867013,NA,2.15186e-06,FALSE,NA,NA,NA,NA,NA,NA
1437,9,92500278,93441050,FALSE,NA,NA,NA,NA,NA,NA,NA,NA,NA,NA,NA,NA,NA
1438,9,93441051,94175374,TRUE,233,1782,NA,0.000621579,NA,0.000393962,FALSE,NA,NA,NA,NA,NA,NA
1439,9,94175375,94924482,TRUE,196,2229,0.000340044,0.00028518,0.209153,0.0361464,FALSE,NA,NA,NA,NA,NA,NA
1440,9,94924483,95854925,TRUE,155,1982,NA,0.000459661,NA,0.001115,FALSE,NA,NA,NA,NA,NA,NA
1441,9,95854926,96670171,TRUE,202,2238,NA,0.000401493,NA,0.00757398,FALSE,NA,NA,NA,NA,NA,NA
1442,9,96670172,97418633,TRUE,166,1654,0.000236356,4.12926e-05,0.265977,0.371979,FALSE,NA,NA,NA,NA,NA,NA
1443,9,97418634,98885862,TRUE,345,2686,NA,0.000428834,NA,0.0212979,FALSE,NA,NA,NA,NA,NA,NA
1444,9,98885863,100310517,TRUE,243,2109,NA,0.000611193,NA,0.000497181,FALSE,NA,NA,NA,NA,NA,NA
1445,9,100310518,101596750,TRUE,385,2843,NA,0.000505673,NA,0.0118256,FALSE,NA,NA,NA,NA,NA,NA
1446,9,101596751,103165725,TRUE,320,2537,NA,0.00062107,NA,0.00159513,FALSE,NA,NA,NA,NA,NA,NA
1447,9,103165726,104222848,TRUE,221,2322,NA,5.89381e-05,NA,0.348211,FALSE,NA,NA,NA,NA,NA,NA
1448,9,104222849,105043411,TRUE,231,2355,NA,0.000518159,NA,0.00187959,FALSE,NA,NA,NA,NA,NA,NA
1449,9,105043412,105846545,TRUE,198,2613,9.47242e-05,4.6207e-05,0.400334,0.370054,FALSE,NA,NA,NA,NA,NA,NA
1450,9,105846546,107061019,FALSE,NA,NA,NA,NA,NA,NA,NA,NA,NA,NA,NA,NA,NA
1451,9,107061020,108203095,TRUE,351,3115,0.000680499,NA,0.11855,NA,FALSE,NA,NA,NA,NA,NA,NA
1452,9,108203096,109150717,TRUE,189,1694,2.24817e-05,0.00063416,0.465026,9.06626e-05,FALSE,NA,NA,NA,NA,NA,NA
1453,9,109150718,110630150,TRUE,504,3221,0.00110681,0.000641198,0.0563122,0.00604508,FALSE,NA,NA,NA,NA,NA,NA
1454,9,110630151,111368107,TRUE,234,1865,NA,0.0001356,NA,0.205036,FALSE,NA,NA,NA,NA,NA,NA
1455,9,111368108,112076381,TRUE,202,1914,0.000777406,0.000727642,0.0418235,1.71681e-05,TRUE,0.171441,0.171441,FALSE,-0.55608,1,0.581181
1456,9,112076382,112865520,TRUE,294,2137,NA,5.33981e-05,NA,0.378134,FALSE,NA,NA,NA,NA,NA,NA
1457,9,112865521,113646149,TRUE,311,2259,NA,0.000281927,NA,0.0755782,FALSE,NA,NA,NA,NA,NA,NA
1458,9,113646150,114443475,TRUE,251,1933,NA,0.000314904,NA,0.041391,FALSE,NA,NA,NA,NA,NA,NA
1459,9,114443476,115390112,TRUE,213,2216,0.000154633,0.00040359,0.353572,0.00846043,FALSE,NA,NA,NA,NA,NA,NA
1460,9,115390113,116159540,TRUE,253,1820,NA,8.63596e-05,NA,0.301223,FALSE,NA,NA,NA,NA,NA,NA
1461,9,116159541,117054909,TRUE,336,2022,NA,0.000174299,NA,0.189326,FALSE,NA,NA,NA,NA,NA,NA
1462,9,117054910,117989017,TRUE,312,2251,NA,0.000466885,NA,0.0106268,FALSE,NA,NA,NA,NA,NA,NA
1463,9,117989018,119001227,TRUE,202,2232,0.000129493,0.00026364,0.371142,0.0511695,FALSE,NA,NA,NA,NA,NA,NA
1464,9,119001228,119890464,TRUE,311,2015,0.00068793,0.000483848,0.103016,0.00863533,FALSE,NA,NA,NA,NA,NA,NA
1465,9,119890465,121008529,TRUE,345,2512,0.000178081,0.000372213,0.368007,0.0375056,FALSE,NA,NA,NA,NA,NA,NA
1466,9,121008530,122677719,TRUE,385,3063,NA,0.00105147,NA,3.99955e-06,FALSE,NA,NA,NA,NA,NA,NA
1467,9,122677720,124119883,TRUE,297,1998,NA,0.000282136,NA,0.0710533,FALSE,NA,NA,NA,NA,NA,NA
1468,9,124119884,125137578,TRUE,308,2070,NA,0.000376539,NA,0.0290707,FALSE,NA,NA,NA,NA,NA,NA
1469,9,125137579,126092931,TRUE,200,1706,0.000201584,0.000307756,0.310871,0.0297888,FALSE,NA,NA,NA,NA,NA,NA
1470,9,126092932,127184582,TRUE,306,2318,0.000382132,0.000375345,0.232797,0.0286435,FALSE,NA,NA,NA,NA,NA,NA
1471,9,127184583,128785782,TRUE,235,1897,NA,0.000256847,NA,0.0686477,FALSE,NA,NA,NA,NA,NA,NA
1472,9,128785783,129617771,TRUE,363,1829,NA,0.000721137,NA,0.00061515,FALSE,NA,NA,NA,NA,NA,NA
1473,9,129617772,130902727,TRUE,252,1922,NA,0.00072892,NA,7.70226e-05,FALSE,NA,NA,NA,NA,NA,NA
1474,9,130902728,132193798,TRUE,247,1706,0.000850127,0.000853282,0.0429505,5.28652e-06,TRUE,0.758143,0.758143,FALSE,0.19674,1,0.0122911
1475,9,132193799,132999452,TRUE,302,2335,NA,0.000458227,NA,0.0113452,FALSE,NA,NA,NA,NA,NA,NA
1476,9,132999453,134141936,TRUE,404,2078,0.000142534,0.000299672,0.399512,0.0890058,FALSE,NA,NA,NA,NA,NA,NA
1477,9,134141937,135135887,TRUE,301,1762,NA,0.000760626,NA,0.000120345,FALSE,NA,NA,NA,NA,NA,NA
1478,9,135135888,136042490,TRUE,341,1991,1.7107e-05,0.000223667,0.477725,0.134274,FALSE,NA,NA,NA,NA,NA,NA
1479,9,136042491,136770926,TRUE,337,2141,NA,0.000341179,NA,0.0487569,FALSE,NA,NA,NA,NA,NA,NA
1480,9,136770927,137593527,TRUE,230,1711,NA,9.25888e-05,NA,0.281178,FALSE,NA,NA,NA,NA,NA,NA
1481,9,137593528,138202112,TRUE,381,1978,NA,0.000224042,NA,0.146888,FALSE,NA,NA,NA,NA,NA,NA
1482,9,138202113,138995791,TRUE,308,1664,NA,0.000105374,NA,0.285248,FALSE,NA,NA,NA,NA,NA,NA
1483,9,138995792,140097759,TRUE,284,1925,0.00110671,0.000408635,0.0194821,0.0169678,TRUE,0.671726,0.671726,FALSE,-0.0831,1,0.0761724
1484,9,140097760,141146682,TRUE,228,1182,0.000335,0.000460264,0.228886,0.00536969,FALSE,NA,NA,NA,NA,NA,NA
1485,10,60515,1329232,TRUE,317,2528,NA,0.000325426,NA,0.0517801,FALSE,NA,NA,NA,NA,NA,NA
1486,10,1329233,1872960,TRUE,277,1563,NA,0.000339008,NA,0.0357583,FALSE,NA,NA,NA,NA,NA,NA
1487,10,1872961,2637065,TRUE,320,2988,NA,0.000564041,NA,0.00327093,FALSE,NA,NA,NA,NA,NA,NA
1488,10,2637066,3225336,TRUE,253,1856,NA,0.000311134,NA,0.0415836,FALSE,NA,NA,NA,NA,NA,NA
1489,10,3225337,3880322,TRUE,247,1801,NA,0.000870375,NA,3.59548e-06,FALSE,NA,NA,NA,NA,NA,NA
1490,10,3880323,4813182,TRUE,342,2295,0.0005206,0.000267773,0.176816,0.0949107,FALSE,NA,NA,NA,NA,NA,NA
1491,10,4813183,5396242,TRUE,198,2271,NA,0.000190535,NA,0.109586,FALSE,NA,NA,NA,NA,NA,NA
1492,10,5396243,6234718,TRUE,425,2459,NA,7.66398e-05,NA,0.359486,FALSE,NA,NA,NA,NA,NA,NA
1493,10,6234719,6897037,TRUE,305,1658,NA,0.00044221,NA,0.013308,FALSE,NA,NA,NA,NA,NA,NA
1494,10,6897038,7659872,TRUE,355,2223,NA,0.000219805,NA,0.143241,FALSE,NA,NA,NA,NA,NA,NA
1495,10,7659873,8771920,TRUE,426,3191,2.37522e-05,NA,0.47587,NA,FALSE,NA,NA,NA,NA,NA,NA
1496,10,8771921,10081279,TRUE,301,3151,0.000636646,0.000872939,0.116408,1.53617e-05,FALSE,NA,NA,NA,NA,NA,NA
1497,10,10081280,10969481,FALSE,NA,NA,NA,NA,NA,NA,NA,NA,NA,NA,NA,NA,NA
1498,10,10969482,11856924,TRUE,350,2132,NA,0.000508655,NA,0.00870595,FALSE,NA,NA,NA,NA,NA,NA
1499,10,11856925,12581571,TRUE,303,1824,0.000833434,0.000170086,0.062382,0.183691,FALSE,NA,NA,NA,NA,NA,NA
1500,10,12581572,13208061,TRUE,315,1713,NA,0.000280654,NA,0.0776716,FALSE,NA,NA,NA,NA,NA,NA
1501,10,13208062,14008135,TRUE,457,2213,NA,0.000547769,NA,0.0120617,FALSE,NA,NA,NA,NA,NA,NA
1502,10,14008136,14820755,TRUE,342,2431,NA,0.000562281,NA,0.00415997,FALSE,NA,NA,NA,NA,NA,NA
1503,10,14820756,15946677,TRUE,396,2789,NA,0.000912966,NA,5.73137e-05,FALSE,NA,NA,NA,NA,NA,NA
1504,10,15946678,17065860,TRUE,297,2521,0.000365056,0.000210566,0.239178,0.132187,FALSE,NA,NA,NA,NA,NA,NA
1505,10,17065861,18529742,TRUE,351,3136,9.4672e-05,0.000743434,0.424622,0.000375988,FALSE,NA,NA,NA,NA,NA,NA
1506,10,18529743,19421514,TRUE,274,2562,NA,0.00118028,NA,8.85654e-09,FALSE,NA,NA,NA,NA,NA,NA
1507,10,19421515,19965624,TRUE,130,1853,0.000571566,0.000329337,0.0565398,0.00744991,FALSE,NA,NA,NA,NA,NA,NA
1508,10,19965625,20616432,TRUE,218,1869,0.000411909,0.000379948,0.17853,0.0126493,FALSE,NA,NA,NA,NA,NA,NA
1509,10,20616433,21477692,TRUE,247,2090,NA,0.000532829,NA,0.00190168,FALSE,NA,NA,NA,NA,NA,NA
1510,10,21477693,23365685,TRUE,372,2755,NA,0.0001556,NA,0.228196,FALSE,NA,NA,NA,NA,NA,NA
1511,10,23365686,24489447,TRUE,240,2095,NA,0.000403912,NA,0.0121318,FALSE,NA,NA,NA,NA,NA,NA
1512,10,24489448,25577761,TRUE,347,2025,NA,0.0006252,NA,0.0019643,FALSE,NA,NA,NA,NA,NA,NA
1513,10,25577762,26161974,TRUE,156,1926,0.00054003,0.000149461,0.0829341,0.138062,FALSE,NA,NA,NA,NA,NA,NA
1514,10,26161975,26888716,TRUE,132,2191,0.00026502,NA,0.219269,NA,FALSE,NA,NA,NA,NA,NA,NA
1515,10,26888717,27669566,TRUE,174,2206,NA,0.000440499,NA,0.00239253,FALSE,NA,NA,NA,NA,NA,NA
1516,10,27669567,28734422,TRUE,273,2696,NA,0.000774656,NA,5.31428e-05,FALSE,NA,NA,NA,NA,NA,NA
1517,10,28734423,29393749,TRUE,225,1837,NA,0.000458449,NA,0.00437264,FALSE,NA,NA,NA,NA,NA,NA
1518,10,29393750,30000223,TRUE,254,1837,NA,0.000162574,NA,0.173617,FALSE,NA,NA,NA,NA,NA,NA
1519,10,30000224,30919469,TRUE,275,2315,NA,9.09413e-05,NA,0.299682,FALSE,NA,NA,NA,NA,NA,NA
1520,10,30919470,32457293,TRUE,304,2972,0.000723549,NA,0.0900003,NA,FALSE,NA,NA,NA,NA,NA,NA
1521,10,32457294,33655458,TRUE,236,3164,NA,0.000370195,NA,0.017772,FALSE,NA,NA,NA,NA,NA,NA
1522,10,33655459,35178224,TRUE,441,3199,NA,0.00106946,NA,9.4119e-06,FALSE,NA,NA,NA,NA,NA,NA
1523,10,35178225,36475838,TRUE,237,2376,0.000383292,0.000182402,0.204067,0.139858,FALSE,NA,NA,NA,NA,NA,NA
1524,10,36475839,37561443,TRUE,232,2376,0.000371737,0.000489827,0.208415,0.00298574,FALSE,NA,NA,NA,NA,NA,NA
1525,10,37561444,38566460,TRUE,76,2357,NA,6.76375e-05,NA,0.23047,FALSE,NA,NA,NA,NA,NA,NA
1526,10,38566461,42392742,TRUE,19,532,5.51964e-05,0.000102065,0.30678,0.0292497,FALSE,NA,NA,NA,NA,NA,NA
1527,10,42392743,42984427,TRUE,35,1057,NA,8.84408e-05,NA,0.0935608,FALSE,NA,NA,NA,NA,NA,NA
1528,10,42984428,43769842,TRUE,145,2096,NA,7.58642e-05,NA,0.272657,FALSE,NA,NA,NA,NA,NA,NA
1529,10,43769843,44893846,TRUE,278,3328,NA,0.000303702,NA,0.052571,FALSE,NA,NA,NA,NA,NA,NA
1530,10,44893847,46327144,TRUE,275,3079,0.000331725,0.000371082,0.250705,0.0242992,FALSE,NA,NA,NA,NA,NA,NA
1531,10,46327145,49197320,TRUE,200,1136,0.000548227,0.000307468,0.104922,0.028194,FALSE,NA,NA,NA,NA,NA,NA
1532,10,49197321,50145673,TRUE,227,1775,NA,0.000220483,NA,0.0934013,FALSE,NA,NA,NA,NA,NA,NA
1533,10,50145674,51724039,FALSE,NA,NA,NA,NA,NA,NA,NA,NA,NA,NA,NA,NA,NA
1534,10,51724040,53129609,TRUE,268,2162,NA,0.000562758,NA,0.00172071,FALSE,NA,NA,NA,NA,NA,NA
1535,10,53129610,53919161,TRUE,273,2229,4.88461e-05,0.000414437,0.450205,0.0143406,FALSE,NA,NA,NA,NA,NA,NA
1536,10,53919162,55104428,TRUE,312,2845,NA,0.000519468,NA,0.00537179,FALSE,NA,NA,NA,NA,NA,NA
1537,10,55104429,55867694,TRUE,195,2273,NA,0.000352105,NA,0.0142691,FALSE,NA,NA,NA,NA,NA,NA
1538,10,55867695,57044845,TRUE,313,3332,NA,0.000393645,NA,0.024625,FALSE,NA,NA,NA,NA,NA,NA
1539,10,57044846,57955671,TRUE,132,2068,NA,0.000193765,NA,0.0664131,FALSE,NA,NA,NA,NA,NA,NA
1540,10,57955672,58809133,TRUE,92,2195,NA,2.10673e-05,NA,0.401565,FALSE,NA,NA,NA,NA,NA,NA
1541,10,58809134,59822946,TRUE,164,3152,NA,0.000426752,NA,0.00261214,FALSE,NA,NA,NA,NA,NA,NA
1542,10,59822947,61470383,TRUE,333,3044,NA,0.000179617,NA,0.182431,FALSE,NA,NA,NA,NA,NA,NA
1543,10,61470384,62626465,TRUE,286,3041,NA,0.00135068,NA,2.35751e-10,FALSE,NA,NA,NA,NA,NA,NA
1544,10,62626466,64069687,TRUE,365,3001,NA,0.00122887,NA,1.07281e-07,FALSE,NA,NA,NA,NA,NA,NA
1545,10,64069688,65400431,TRUE,256,2838,0.000926687,0.00138518,0.0334753,2.21778e-11,TRUE,0.10902,0.10902,FALSE,-0.45747,0.79345,0.660674
1546,10,65400432,66510387,TRUE,216,2049,NA,0.000549315,NA,0.000906933,FALSE,NA,NA,NA,NA,NA,NA
1547,10,66510388,67146043,TRUE,122,1830,NA,0.00021861,NA,0.0414759,FALSE,NA,NA,NA,NA,NA,NA
1548,10,67146044,67769822,TRUE,153,1946,0.000121809,0.000127532,0.360582,0.170781,FALSE,NA,NA,NA,NA,NA,NA
1549,10,67769823,68623274,TRUE,186,3076,0.000837403,0.000431829,0.0272542,0.00361126,TRUE,-0.0997198,-0.0997198,FALSE,-1,0.79646,0.780844
1550,10,68623275,69904170,TRUE,186,2455,NA,0.00037677,NA,0.00890989,FALSE,NA,NA,NA,NA,NA,NA
1551,10,69904171,71050504,TRUE,261,2903,NA,0.000308924,NA,0.0443685,FALSE,NA,NA,NA,NA,NA,NA
1552,10,71050505,71672997,TRUE,378,1964,0.000390186,7.41749e-05,0.250813,0.355202,FALSE,NA,NA,NA,NA,NA,NA
1553,10,71672998,72659223,TRUE,406,2805,NA,0.000231879,NA,0.146468,FALSE,NA,NA,NA,NA,NA,NA
1554,10,72659224,73514214,TRUE,431,2290,NA,0.000210256,NA,0.175323,FALSE,NA,NA,NA,NA,NA,NA
1555,10,73514215,75694023,TRUE,256,2987,NA,5.30292e-05,NA,0.371682,FALSE,NA,NA,NA,NA,NA,NA
1556,10,75694024,77144961,TRUE,175,1873,NA,0.000117201,NA,0.20503,FALSE,NA,NA,NA,NA,NA,NA
1557,10,77144962,78665481,TRUE,329,2493,NA,0.000649655,NA,0.0011297,FALSE,NA,NA,NA,NA,NA,NA
1558,10,78665482,79952996,TRUE,375,2689,NA,0.00103478,NA,4.52065e-06,FALSE,NA,NA,NA,NA,NA,NA
1559,10,79952997,81190573,TRUE,556,2956,NA,0.000909933,NA,0.000442821,FALSE,NA,NA,NA,NA,NA,NA
1560,10,81190574,81763230,TRUE,60,1310,NA,0.000115493,NA,0.0920029,FALSE,NA,NA,NA,NA,NA,NA
1561,10,81763231,82378048,TRUE,159,1797,NA,2.63683e-05,NA,0.40984,FALSE,NA,NA,NA,NA,NA,NA
1562,10,82378049,83596350,TRUE,269,3283,NA,0.000570613,NA,0.00147204,FALSE,NA,NA,NA,NA,NA,NA
1563,10,83596351,84679429,TRUE,257,2282,NA,0.00029641,NA,0.0502542,FALSE,NA,NA,NA,NA,NA,NA
1564,10,84679430,85463484,TRUE,129,2601,NA,0.00029338,NA,0.0135598,FALSE,NA,NA,NA,NA,NA,NA
1565,10,85463485,86459980,TRUE,288,2706,NA,0.000415252,NA,0.0159952,FALSE,NA,NA,NA,NA,NA,NA
1566,10,86459981,87287935,TRUE,167,2337,0.000281267,0.000243426,0.232081,0.0488123,FALSE,NA,NA,NA,NA,NA,NA
1567,10,87287936,88443652,TRUE,314,2761,NA,0.000909822,NA,1.08776e-05,FALSE,NA,NA,NA,NA,NA,NA
1568,10,88443653,89971628,TRUE,331,2361,NA,0.00038557,NA,0.0303458,FALSE,NA,NA,NA,NA,NA,NA
1569,10,89971629,91021321,TRUE,309,2237,NA,0.000653952,NA,0.000782261,FALSE,NA,NA,NA,NA,NA,NA
1570,10,91021322,91960435,TRUE,218,2303,0.000143479,0.000537077,0.364221,0.00114106,FALSE,NA,NA,NA,NA,NA,NA
1571,10,91960436,92911506,TRUE,221,2265,NA,0.000430192,NA,0.00638175,FALSE,NA,NA,NA,NA,NA,NA
1572,10,92911507,94503299,TRUE,225,2624,NA,0.000465503,NA,0.00409779,FALSE,NA,NA,NA,NA,NA,NA
1573,10,94503300,95528160,TRUE,301,2686,0.000137195,0.000447034,0.388003,0.0123761,FALSE,NA,NA,NA,NA,NA,NA
1574,10,95528161,97040172,FALSE,NA,NA,NA,NA,NA,NA,NA,NA,NA,NA,NA,NA,NA
1575,10,97040173,98005994,TRUE,232,2316,0.000143164,0.000182868,0.368404,0.137007,FALSE,NA,NA,NA,NA,NA,NA
1576,10,98005995,99367800,TRUE,386,2593,NA,0.000241422,NA,0.131099,FALSE,NA,NA,NA,NA,NA,NA
1577,10,99367801,100337830,TRUE,291,1920,0.000420781,0.0001761,0.206438,0.170892,FALSE,NA,NA,NA,NA,NA,NA
1578,10,100337831,101271451,TRUE,129,1608,0.000515792,0.000398103,0.0739731,0.0018087,FALSE,NA,NA,NA,NA,NA,NA
1579,10,101271452,102509298,TRUE,272,2362,NA,0.000361676,NA,0.026656,FALSE,NA,NA,NA,NA,NA,NA
1580,10,102509299,104206837,TRUE,358,2478,0.000223999,0.00107683,0.341177,1.4221e-06,FALSE,NA,NA,NA,NA,NA,NA
1581,10,104206838,106142283,TRUE,365,3476,0.00131207,0.00105917,0.0152431,2.42678e-06,TRUE,0.591217,0.591217,FALSE,0.08423,1,0.0227553
1582,10,106142284,107877787,TRUE,322,3500,NA,0.000672106,NA,0.000708383,FALSE,NA,NA,NA,NA,NA,NA
1583,10,107877788,108725997,TRUE,219,1998,NA,7.62592e-05,NA,0.311052,FALSE,NA,NA,NA,NA,NA,NA
1584,10,108725998,109579149,TRUE,211,2297,NA,0.00023665,NA,0.0768377,FALSE,NA,NA,NA,NA,NA,NA
1585,10,109579150,110358382,TRUE,186,2077,NA,7.55646e-05,NA,0.296861,FALSE,NA,NA,NA,NA,NA,NA
1586,10,110358383,112164981,TRUE,324,3459,0.00086262,NA,0.0620862,NA,FALSE,NA,NA,NA,NA,NA,NA
1587,10,112164982,113117615,TRUE,321,1979,NA,0.00069152,NA,0.000526889,FALSE,NA,NA,NA,NA,NA,NA
1588,10,113117616,114255954,TRUE,259,2460,NA,0.000270025,NA,0.0662539,FALSE,NA,NA,NA,NA,NA,NA
1589,10,114255955,115588903,TRUE,411,2495,0.000253831,0.000485095,0.333672,0.0174164,FALSE,NA,NA,NA,NA,NA,NA
1590,10,115588904,116845213,TRUE,317,2494,NA,0.000297281,NA,0.0671968,FALSE,NA,NA,NA,NA,NA,NA
1591,10,116845214,118416049,FALSE,NA,NA,NA,NA,NA,NA,NA,NA,NA,NA,NA,NA,NA
1592,10,118416050,119528730,FALSE,NA,NA,NA,NA,NA,NA,NA,NA,NA,NA,NA,NA,NA
1593,10,119528731,120592839,TRUE,326,2425,0.000279862,0.000299663,0.298897,0.0688827,FALSE,NA,NA,NA,NA,NA,NA
1594,10,120592840,121874445,TRUE,365,3015,NA,0.000292422,NA,0.0832069,FALSE,NA,NA,NA,NA,NA,NA
1595,10,121874446,122803506,TRUE,323,2411,NA,0.000206328,NA,0.146885,FALSE,NA,NA,NA,NA,NA,NA
1596,10,122803507,123856184,TRUE,382,2542,NA,0.000367429,NA,0.046957,FALSE,NA,NA,NA,NA,NA,NA
1597,10,123856185,124894142,TRUE,376,2586,0.000393553,0.000366956,0.248511,0.0459938,FALSE,NA,NA,NA,NA,NA,NA
1598,10,124894143,125798319,TRUE,371,2643,NA,0.000357573,NA,0.048588,FALSE,NA,NA,NA,NA,NA,NA
1599,10,125798320,126875816,TRUE,351,2551,0.000128005,6.62863e-05,0.402132,0.36399,FALSE,NA,NA,NA,NA,NA,NA
1600,10,126875817,127997708,TRUE,313,2531,1.2258e-05,0.000366681,0.480324,0.0331421,FALSE,NA,NA,NA,NA,NA,NA
1601,10,127997709,129134738,TRUE,376,2230,NA,0.000591985,NA,0.00393627,FALSE,NA,NA,NA,NA,NA,NA
1602,10,129134739,129831969,TRUE,381,2542,0.000480351,0.000624205,0.207322,0.00276442,FALSE,NA,NA,NA,NA,NA,NA
1603,10,129831970,130694008,TRUE,398,2284,0.00042105,0.000243976,0.240552,0.13173,FALSE,NA,NA,NA,NA,NA,NA
1604,10,130694009,131694738,TRUE,276,2460,0.000176946,0.000201838,0.354186,0.13315,FALSE,NA,NA,NA,NA,NA,NA
1605,10,131694739,132576793,TRUE,296,2788,0.000166678,0.00045704,0.366105,0.0100231,FALSE,NA,NA,NA,NA,NA,NA
1606,10,132576794,133111170,TRUE,370,2254,NA,0.000280397,NA,0.093439,FALSE,NA,NA,NA,NA,NA,NA
1607,10,133111171,133818036,TRUE,322,2110,2.41602e-05,NA,0.47196,NA,FALSE,NA,NA,NA,NA,NA,NA
1608,10,133818037,134856054,TRUE,438,3096,0.000890292,0.000322298,0.0843818,0.0842944,FALSE,NA,NA,NA,NA,NA,NA
1609,10,134856055,135524372,TRUE,118,1264,8.69136e-06,NA,0.472258,NA,FALSE,NA,NA,NA,NA,NA,NA
1610,11,87150,1061399,TRUE,275,1908,NA,0.000419019,NA,0.0135052,FALSE,NA,NA,NA,NA,NA,NA
1611,11,1061400,1857845,TRUE,262,2254,NA,0.000319752,NA,0.0394538,FALSE,NA,NA,NA,NA,NA,NA
1612,11,1857846,2477449,TRUE,217,1537,0.000258872,4.29195e-05,0.275031,0.383268,FALSE,NA,NA,NA,NA,NA,NA
1613,11,2477450,3362508,TRUE,398,1839,NA,4.28806e-05,NA,0.41301,FALSE,NA,NA,NA,NA,NA,NA
1614,11,3362509,4405707,TRUE,211,1878,0.000468668,0.000140701,0.145523,0.184814,FALSE,NA,NA,NA,NA,NA,NA
1615,11,4405708,4946051,TRUE,252,2002,NA,0.000244178,NA,0.0830305,FALSE,NA,NA,NA,NA,NA,NA
1616,11,4946052,5533057,FALSE,NA,NA,NA,NA,NA,NA,NA,NA,NA,NA,NA,NA,NA
1617,11,5533058,6180840,TRUE,252,2340,NA,0.000275542,NA,0.059865,FALSE,NA,NA,NA,NA,NA,NA
1618,11,6180841,7191230,TRUE,357,2369,NA,0.000473234,NA,0.0139014,FALSE,NA,NA,NA,NA,NA,NA
1619,11,7191231,7915071,TRUE,287,2156,NA,0.000388703,NA,0.0219244,FALSE,NA,NA,NA,NA,NA,NA
1620,11,7915072,9080939,TRUE,396,2906,NA,0.000715494,NA,0.00101671,FALSE,NA,NA,NA,NA,NA,NA
1621,11,9080940,10370100,TRUE,271,2771,NA,0.000177291,NA,0.161185,FALSE,NA,NA,NA,NA,NA,NA
1622,11,10370101,11081299,TRUE,277,1903,NA,0.000277465,NA,0.0682605,FALSE,NA,NA,NA,NA,NA,NA
1623,11,11081300,11632650,TRUE,374,1876,NA,0.000654709,NA,0.00171064,FALSE,NA,NA,NA,NA,NA,NA
1624,11,11632651,12470449,TRUE,390,2247,7.77712e-05,0.000403441,0.439382,0.0344001,FALSE,NA,NA,NA,NA,NA,NA
1625,11,12470450,13364727,TRUE,306,2121,4.3302e-05,0.000146421,0.45704,0.217872,FALSE,NA,NA,NA,NA,NA,NA
1626,11,13364728,15126767,TRUE,326,2955,NA,0.000358447,NA,0.0389662,FALSE,NA,NA,NA,NA,NA,NA
1627,11,15126768,16383386,TRUE,269,2234,NA,0.000322896,NA,0.0405353,FALSE,NA,NA,NA,NA,NA,NA
1628,11,16383387,17583948,TRUE,261,2312,0.000602254,0.000532169,0.113072,0.00246693,FALSE,NA,NA,NA,NA,NA,NA
1629,11,17583949,18740267,TRUE,306,2425,NA,0.000528658,NA,0.0044927,FALSE,NA,NA,NA,NA,NA,NA
1630,11,18740268,19780784,TRUE,298,2247,NA,0.000303809,NA,0.0573352,FALSE,NA,NA,NA,NA,NA,NA
1631,11,19780785,20686336,TRUE,409,2306,0.000239683,0.000922842,0.341524,5.83739e-05,FALSE,NA,NA,NA,NA,NA,NA
1632,11,20686337,21442722,TRUE,303,1805,NA,0.000416682,NA,0.0176031,FALSE,NA,NA,NA,NA,NA,NA
1633,11,21442723,22368743,FALSE,NA,NA,NA,NA,NA,NA,NA,NA,NA,NA,NA,NA,NA
1634,11,22368744,23164544,TRUE,152,1745,NA,0.000166983,NA,0.109791,FALSE,NA,NA,NA,NA,NA,NA
1635,11,23164545,24091272,TRUE,235,2760,0.000258331,0.000247539,0.283002,0.0742466,FALSE,NA,NA,NA,NA,NA,NA
1636,11,24091273,24892439,TRUE,250,2584,NA,0.000438841,NA,0.00854954,FALSE,NA,NA,NA,NA,NA,NA
1637,11,24892440,25662918,TRUE,123,2006,NA,0.000337744,NA,0.00523826,FALSE,NA,NA,NA,NA,NA,NA
1638,11,25662919,26356980,FALSE,NA,NA,NA,NA,NA,NA,NA,NA,NA,NA,NA,NA,NA
1639,11,26356981,27018307,TRUE,183,1991,0.000608833,NA,0.0748469,NA,FALSE,NA,NA,NA,NA,NA,NA
1640,11,27018308,28577718,TRUE,265,2371,NA,0.000985382,NA,5.69034e-07,FALSE,NA,NA,NA,NA,NA,NA
1641,11,28577719,29530460,TRUE,185,1879,0.000235334,0.000641624,0.277292,6.84295e-05,FALSE,NA,NA,NA,NA,NA,NA
1642,11,29530461,30570129,TRUE,190,2041,NA,0.000597118,NA,0.000192449,FALSE,NA,NA,NA,NA,NA,NA
1643,11,30570130,32065771,TRUE,206,1808,0.000617401,0.000234935,0.0833879,0.0718984,FALSE,NA,NA,NA,NA,NA,NA
1644,11,32065772,32830422,TRUE,191,1819,0.000222573,0.000359256,0.290241,0.0123774,FALSE,NA,NA,NA,NA,NA,NA
1645,11,32830423,33905327,FALSE,NA,NA,NA,NA,NA,NA,NA,NA,NA,NA,NA,NA,NA
1646,11,33905328,34672697,TRUE,254,1713,NA,0.000317015,NA,0.0387469,FALSE,NA,NA,NA,NA,NA,NA
1647,11,34672698,35500367,TRUE,209,2259,0.000223008,0.000109289,0.298038,0.238541,FALSE,NA,NA,NA,NA,NA,NA
1648,11,35500368,36331189,TRUE,280,1733,NA,0.000354435,NA,0.0308062,FALSE,NA,NA,NA,NA,NA,NA
1649,11,36331190,37119024,TRUE,212,1880,NA,0.000169628,NA,0.145664,FALSE,NA,NA,NA,NA,NA,NA
1650,11,37119025,37953086,TRUE,188,2052,NA,0.000376618,NA,0.00947485,FALSE,NA,NA,NA,NA,NA,NA
1651,11,37953087,39329140,TRUE,175,2509,NA,0.000134489,NA,0.177174,FALSE,NA,NA,NA,NA,NA,NA
1652,11,39329141,40362940,TRUE,248,2075,NA,0.000184037,NA,0.143803,FALSE,NA,NA,NA,NA,NA,NA
1653,11,40362941,41603195,TRUE,280,2688,0.000175269,0.000495687,0.356367,0.00531538,FALSE,NA,NA,NA,NA,NA,NA
1654,11,41603196,42858197,TRUE,226,3532,NA,0.000974356,NA,1.50163e-07,FALSE,NA,NA,NA,NA,NA,NA
1655,11,42858198,43949377,TRUE,240,2814,0.000483385,0.000480271,0.153132,0.00397251,FALSE,NA,NA,NA,NA,NA,NA
1656,11,43949378,45019559,TRUE,471,2621,NA,0.00027829,NA,0.121471,FALSE,NA,NA,NA,NA,NA,NA
1657,11,45019560,46316005,TRUE,319,2490,5.63335e-05,0.000989969,0.448491,2.96545e-06,FALSE,NA,NA,NA,NA,NA,NA
1658,11,46316006,48066366,TRUE,178,2054,NA,0.00103292,NA,2.59154e-09,FALSE,NA,NA,NA,NA,NA,NA
1659,11,48066367,48765366,TRUE,47,1589,NA,0.00059957,NA,5.90738e-09,FALSE,NA,NA,NA,NA,NA,NA
1660,11,48765367,49386071,TRUE,41,1512,3.77655e-05,0.000400801,0.395863,7.53125e-06,FALSE,NA,NA,NA,NA,NA,NA
1661,11,49386072,50217008,TRUE,34,1915,NA,0.000318063,NA,6.21728e-05,FALSE,NA,NA,NA,NA,NA,NA
1662,11,50217009,51098366,TRUE,28,1959,NA,0.000119977,NA,0.0306903,FALSE,NA,NA,NA,NA,NA,NA
1663,11,51098367,51581595,FALSE,NA,NA,NA,NA,NA,NA,NA,NA,NA,NA,NA,NA,NA
1664,11,51581596,55477633,TRUE,39,2176,1.71935e-06,0.00016226,0.466298,0.0169988,FALSE,NA,NA,NA,NA,NA,NA
1665,11,55477634,55947452,TRUE,31,2140,NA,0.000167992,NA,0.00849085,FALSE,NA,NA,NA,NA,NA,NA
1666,11,55947453,56623494,TRUE,63,1957,NA,0.000161985,NA,0.0395507,FALSE,NA,NA,NA,NA,NA,NA
1667,11,56623495,57675986,TRUE,219,1926,NA,0.000939251,NA,2.78393e-07,FALSE,NA,NA,NA,NA,NA,NA
1668,11,57675987,58452708,TRUE,93,1879,NA,0.000498589,NA,3.32297e-05,FALSE,NA,NA,NA,NA,NA,NA
1669,11,58452709,59256232,TRUE,131,1709,0.000365501,0.00036641,0.147842,0.00385964,FALSE,NA,NA,NA,NA,NA,NA
1670,11,59256233,60515105,TRUE,252,2222,NA,0.0005068,NA,0.00321525,FALSE,NA,NA,NA,NA,NA,NA
1671,11,60515106,61717117,TRUE,313,1773,NA,0.000667103,NA,0.000703514,FALSE,NA,NA,NA,NA,NA,NA
1672,11,61717118,62800368,TRUE,301,1951,NA,0.000110485,NA,0.273682,FALSE,NA,NA,NA,NA,NA,NA
1673,11,62800369,64594822,TRUE,339,2640,NA,0.00081763,NA,9.68399e-05,FALSE,NA,NA,NA,NA,NA,NA
1674,11,64594823,66782661,TRUE,384,2982,NA,0.00129563,NA,4.25841e-08,FALSE,NA,NA,NA,NA,NA,NA
1675,11,66782662,68000949,TRUE,233,1704,NA,0.000387959,NA,0.0138227,FALSE,NA,NA,NA,NA,NA,NA
1676,11,68000950,68887344,TRUE,193,1690,NA,0.000756546,NA,7.83537e-06,FALSE,NA,NA,NA,NA,NA,NA
1677,11,68887345,69713996,TRUE,292,1894,0.000352988,0.000282344,0.244325,0.0688116,FALSE,NA,NA,NA,NA,NA,NA
1678,11,69713997,71242834,TRUE,484,3651,0.000628139,0.000726311,0.173735,0.00210367,FALSE,NA,NA,NA,NA,NA,NA
1679,11,71242835,72875068,TRUE,293,3027,NA,0.000533803,NA,0.00365757,FALSE,NA,NA,NA,NA,NA,NA
1680,11,72875069,74399331,TRUE,280,2741,0.0003398,0.000382659,0.24771,0.0219989,FALSE,NA,NA,NA,NA,NA,NA
1681,11,74399332,75445253,TRUE,281,1853,0.0010439,NA,0.0247657,NA,FALSE,NA,NA,NA,NA,NA,NA
1682,11,75445254,76518906,TRUE,327,2126,0.000431815,0.000659983,0.213754,0.000935695,FALSE,NA,NA,NA,NA,NA,NA
1683,11,76518907,77719870,TRUE,200,2219,NA,7.55577e-05,NA,0.303848,FALSE,NA,NA,NA,NA,NA,NA
1684,11,77719871,78912252,TRUE,367,2226,NA,0.000541792,NA,0.00686884,FALSE,NA,NA,NA,NA,NA,NA
1685,11,78912253,79802286,TRUE,356,1992,0.000331198,0.000774653,0.276822,0.000260036,FALSE,NA,NA,NA,NA,NA,NA
1686,11,79802287,80726012,TRUE,329,2212,NA,0.000442163,NA,0.0161281,FALSE,NA,NA,NA,NA,NA,NA
1687,11,80726013,81658298,TRUE,287,2794,NA,0.000655282,NA,0.000556627,FALSE,NA,NA,NA,NA,NA,NA
1688,11,81658299,82833181,TRUE,268,2995,NA,0.000472116,NA,0.00636665,FALSE,NA,NA,NA,NA,NA,NA
1689,11,82833182,83677773,TRUE,199,1783,0.000210487,0.000492557,0.303403,0.00161929,FALSE,NA,NA,NA,NA,NA,NA
1690,11,83677774,84613229,TRUE,239,1960,4.61913e-05,0.00054376,0.44903,0.00152667,FALSE,NA,NA,NA,NA,NA,NA
1691,11,84613230,85869059,TRUE,185,2489,0.000541179,0.000213621,0.0995223,0.0798855,FALSE,NA,NA,NA,NA,NA,NA
1692,11,85869060,86629333,TRUE,226,1994,NA,0.000205459,NA,0.108128,FALSE,NA,NA,NA,NA,NA,NA
1693,11,86629334,87676870,TRUE,271,3254,NA,0.000397904,NA,0.017366,FALSE,NA,NA,NA,NA,NA,NA
1694,11,87676871,88359287,TRUE,192,1813,NA,0.000449135,NA,0.00312563,FALSE,NA,NA,NA,NA,NA,NA
1695,11,88359288,89209738,TRUE,94,1808,0.000255284,0.000194245,0.190095,0.041959,FALSE,NA,NA,NA,NA,NA,NA
1696,11,89209739,90199932,TRUE,109,1509,NA,0.000289854,NA,0.00974142,FALSE,NA,NA,NA,NA,NA,NA
1697,11,90199933,90967061,TRUE,123,1858,NA,0.000390604,NA,0.00190025,FALSE,NA,NA,NA,NA,NA,NA
1698,11,90967062,92209168,TRUE,250,2770,NA,0.000576397,NA,0.00105366,FALSE,NA,NA,NA,NA,NA,NA
1699,11,92209169,93576641,TRUE,297,2618,NA,0.000605539,NA,0.00135862,FALSE,NA,NA,NA,NA,NA,NA
1700,11,93576642,94384535,TRUE,176,1887,NA,0.000622474,NA,7.26689e-05,FALSE,NA,NA,NA,NA,NA,NA
1701,11,94384536,95327210,TRUE,285,1798,NA,0.000220793,NA,0.1186,FALSE,NA,NA,NA,NA,NA,NA
1702,11,95327211,96150134,TRUE,294,1889,0.000620448,0.000228583,0.119538,0.113713,FALSE,NA,NA,NA,NA,NA,NA
1703,11,96150135,97091671,TRUE,219,1810,NA,0.000302671,NA,0.0358566,FALSE,NA,NA,NA,NA,NA,NA
1704,11,97091672,98145570,TRUE,318,2903,NA,0.00062511,NA,0.00144065,FALSE,NA,NA,NA,NA,NA,NA
1705,11,98145571,98929380,TRUE,200,2496,NA,0.000206716,NA,0.0938018,FALSE,NA,NA,NA,NA,NA,NA
1706,11,98929381,99619347,TRUE,201,2425,NA,8.29654e-05,NA,0.289398,FALSE,NA,NA,NA,NA,NA,NA
1707,11,99619348,100423901,TRUE,271,1949,NA,1.13815e-05,NA,0.463405,FALSE,NA,NA,NA,NA,NA,NA
1708,11,100423902,101152831,TRUE,210,2205,0.000741258,NA,0.0519656,NA,FALSE,NA,NA,NA,NA,NA,NA
1709,11,101152832,101881252,TRUE,177,2023,NA,0.00032231,NA,0.0183145,FALSE,NA,NA,NA,NA,NA,NA
1710,11,101881253,102671665,TRUE,282,1826,NA,0.000544773,NA,0.00267254,FALSE,NA,NA,NA,NA,NA,NA
1711,11,102671666,103495635,TRUE,189,2493,NA,0.000233024,NA,0.0649123,FALSE,NA,NA,NA,NA,NA,NA
1712,11,103495636,104875270,TRUE,220,2911,NA,0.000509919,NA,0.00176904,FALSE,NA,NA,NA,NA,NA,NA
1713,11,104875271,105932282,TRUE,133,1950,0.000578995,0.000341389,0.0562255,0.0063231,FALSE,NA,NA,NA,NA,NA,NA
1714,11,105932283,107054024,TRUE,265,2277,NA,0.000483944,NA,0.00525798,FALSE,NA,NA,NA,NA,NA,NA
1715,11,107054025,107846824,TRUE,187,2285,0.000294762,0.000190257,0.234407,0.104316,FALSE,NA,NA,NA,NA,NA,NA
1716,11,107846825,109891837,TRUE,349,2930,NA,0.000379629,NA,0.0353581,FALSE,NA,NA,NA,NA,NA,NA
1717,11,109891838,111117780,TRUE,287,2555,0.000253787,0.000421474,0.304229,0.0146923,FALSE,NA,NA,NA,NA,NA,NA
1718,11,111117781,112755446,TRUE,335,2753,NA,0.000176546,NA,0.187219,FALSE,NA,NA,NA,NA,NA,NA
1719,11,112755447,113889019,TRUE,284,2454,NA,0.00186259,NA,1.24097e-16,FALSE,NA,NA,NA,NA,NA,NA
1720,11,113889020,114742317,TRUE,274,1770,0.000122368,0.000493873,0.393929,0.00504946,FALSE,NA,NA,NA,NA,NA,NA
1721,11,114742318,116247377,TRUE,477,2956,NA,0.000849283,NA,0.000429552,FALSE,NA,NA,NA,NA,NA,NA
1722,11,116247378,117295641,TRUE,350,2774,0.000997578,0.000412531,0.0443209,0.025231,TRUE,0.484419,0.484419,FALSE,-0.46026,1,0.254794
1723,11,117295642,118901213,TRUE,534,3570,NA,0.000802334,NA,0.00130453,FALSE,NA,NA,NA,NA,NA,NA
1724,11,118901214,120064528,TRUE,377,2297,0.000122012,0.000443098,0.409355,0.0215963,FALSE,NA,NA,NA,NA,NA,NA
1725,11,120064529,121208186,FALSE,NA,NA,NA,NA,NA,NA,NA,NA,NA,NA,NA,NA,NA
1726,11,121208187,122589224,TRUE,365,2587,NA,0.000500461,NA,0.0108114,FALSE,NA,NA,NA,NA,NA,NA
1727,11,122589225,123398882,TRUE,329,1957,NA,0.000661367,NA,0.000924877,FALSE,NA,NA,NA,NA,NA,NA
1728,11,123398883,124403477,TRUE,244,2886,0.000651052,0.00091352,0.0894537,1.22705e-06,FALSE,NA,NA,NA,NA,NA,NA
1729,11,124403478,125266684,TRUE,361,1839,0.000141567,0.0012288,0.394527,8.15214e-08,FALSE,NA,NA,NA,NA,NA,NA
1730,11,125266685,126304240,TRUE,309,2527,0.000140125,0.0007226,0.387341,0.000253191,FALSE,NA,NA,NA,NA,NA,NA
1731,11,126304241,127306871,TRUE,380,2525,NA,0.000649678,NA,0.0020036,FALSE,NA,NA,NA,NA,NA,NA
1732,11,127306872,128262550,TRUE,259,2230,NA,0.000442932,NA,0.00844685,FALSE,NA,NA,NA,NA,NA,NA
1733,11,128262551,129451784,TRUE,425,2490,0.000368175,0.000385363,0.274034,0.049253,FALSE,NA,NA,NA,NA,NA,NA
1734,11,129451785,130500783,TRUE,374,2370,NA,0.000990922,NA,1.00222e-05,FALSE,NA,NA,NA,NA,NA,NA
1735,11,130500784,131424361,TRUE,358,1994,0.000233997,0.000467098,0.334965,0.0148745,FALSE,NA,NA,NA,NA,NA,NA
1736,11,131424362,132584401,TRUE,493,2749,0.00064836,0.00140482,0.168539,9.03523e-08,FALSE,NA,NA,NA,NA,NA,NA
1737,11,132584402,133521642,TRUE,419,2220,NA,0.000440035,NA,0.0278904,FALSE,NA,NA,NA,NA,NA,NA
1738,11,133521643,134351064,TRUE,382,1791,NA,0.00155461,NA,1.39063e-10,FALSE,NA,NA,NA,NA,NA,NA
1739,11,134351065,134946450,TRUE,280,2281,NA,0.00040743,NA,0.016125,FALSE,NA,NA,NA,NA,NA,NA
1740,12,60317,1078397,TRUE,306,1970,NA,0.000253465,NA,0.0952281,FALSE,NA,NA,NA,NA,NA,NA
1741,12,1078398,1942426,TRUE,257,2038,0.000142229,0.000439828,0.375354,0.00857842,FALSE,NA,NA,NA,NA,NA,NA
1742,12,1942427,3069506,TRUE,368,2331,NA,0.00126783,NA,4.04048e-08,FALSE,NA,NA,NA,NA,NA,NA
1743,12,3069507,3871114,TRUE,398,2224,NA,3.24865e-06,NA,0.48463,FALSE,NA,NA,NA,NA,NA,NA
1744,12,3871115,4967643,TRUE,394,2168,NA,0.000205625,NA,0.169714,FALSE,NA,NA,NA,NA,NA,NA
1745,12,4967644,6023700,TRUE,415,2347,NA,0.00059491,NA,0.00538707,FALSE,NA,NA,NA,NA,NA,NA
1746,12,6023701,6948954,TRUE,301,1869,NA,0.000331506,NA,0.0441372,FALSE,NA,NA,NA,NA,NA,NA
1747,12,6948955,8123317,TRUE,324,2364,0.00106711,0.000599984,0.030067,0.00202563,TRUE,0.409273,0.409273,FALSE,-0.3166,1,0.23072
1748,12,8123318,8760628,TRUE,82,687,NA,3.58223e-05,NA,0.341391,FALSE,NA,NA,NA,NA,NA,NA
1749,12,8760629,10176713,TRUE,364,2899,NA,0.00049034,NA,0.0119723,FALSE,NA,NA,NA,NA,NA,NA
1750,12,10176714,10946140,TRUE,194,1759,NA,0.000146002,NA,0.166439,FALSE,NA,NA,NA,NA,NA,NA
1751,12,10946141,11742149,TRUE,125,1715,NA,7.56021e-05,NA,0.25859,FALSE,NA,NA,NA,NA,NA,NA
1752,12,11742150,12721874,TRUE,332,2039,NA,0.000479088,NA,0.0106033,FALSE,NA,NA,NA,NA,NA,NA
1753,12,12721875,13559527,TRUE,285,1613,NA,0.000163499,NA,0.185539,FALSE,NA,NA,NA,NA,NA,NA
1754,12,13559528,14656849,TRUE,350,2704,NA,0.000850295,NA,6.65028e-05,FALSE,NA,NA,NA,NA,NA,NA
1755,12,14656850,16136742,TRUE,313,2223,NA,0.00044049,NA,0.0147768,FALSE,NA,NA,NA,NA,NA,NA
1756,12,16136743,17374895,TRUE,287,1882,NA,4.9341e-05,NA,0.38471,FALSE,NA,NA,NA,NA,NA,NA
1757,12,17374896,18470023,TRUE,233,2712,NA,0.000430985,NA,0.00751748,FALSE,NA,NA,NA,NA,NA,NA
1758,12,18470024,19532765,TRUE,264,2440,NA,0.000395958,NA,0.0167918,FALSE,NA,NA,NA,NA,NA,NA
1759,12,19532766,20074930,TRUE,165,1963,NA,2.74311e-05,NA,0.408922,FALSE,NA,NA,NA,NA,NA,NA
1760,12,20074931,20866285,TRUE,295,1918,NA,0.000262848,NA,0.0835219,FALSE,NA,NA,NA,NA,NA,NA
1761,12,20866286,21572252,TRUE,136,2146,0.000243511,9.90254e-06,0.239906,0.452902,FALSE,NA,NA,NA,NA,NA,NA
1762,12,21572253,22928055,TRUE,310,2450,NA,0.0003368,NA,0.0446364,FALSE,NA,NA,NA,NA,NA,NA
1763,12,22928056,23923798,TRUE,354,1894,NA,0.00148708,NA,1.98408e-10,FALSE,NA,NA,NA,NA,NA,NA
1764,12,23923799,25058714,TRUE,446,2757,NA,0.000513676,NA,0.0159018,FALSE,NA,NA,NA,NA,NA,NA
1765,12,25058715,25990813,TRUE,312,2467,NA,0.00046288,NA,0.0110917,FALSE,NA,NA,NA,NA,NA,NA
1766,12,25990814,26958056,TRUE,301,2624,NA,0.000510797,NA,0.00534428,FALSE,NA,NA,NA,NA,NA,NA
1767,12,26958057,27797262,TRUE,195,2106,NA,5.99791e-05,NA,0.336431,FALSE,NA,NA,NA,NA,NA,NA
1768,12,27797263,28753585,TRUE,254,2031,NA,8.25509e-05,NA,0.30961,FALSE,NA,NA,NA,NA,NA,NA
1769,12,28753586,29647193,TRUE,170,2395,0.000332404,8.83819e-06,0.198298,0.460977,FALSE,NA,NA,NA,NA,NA,NA
1770,12,29647194,30358377,TRUE,272,2160,NA,0.00078386,NA,4.13667e-05,FALSE,NA,NA,NA,NA,NA,NA
1771,12,30358378,31067298,TRUE,167,2281,0.000329906,0.000546021,0.197968,0.000265175,FALSE,NA,NA,NA,NA,NA,NA
1772,12,31067299,31797152,TRUE,195,1776,NA,8.96185e-06,NA,0.4633,FALSE,NA,NA,NA,NA,NA,NA
1773,12,31797153,32368905,TRUE,233,1973,NA,9.92988e-05,NA,0.268815,FALSE,NA,NA,NA,NA,NA,NA
1774,12,32368906,33076722,TRUE,208,2151,NA,0.000215255,NA,0.0897221,FALSE,NA,NA,NA,NA,NA,NA
1775,12,33076723,34340495,TRUE,108,3220,NA,0.000263951,NA,0.0150763,FALSE,NA,NA,NA,NA,NA,NA
1776,12,34340496,38108284,TRUE,34,1524,0.000153217,NA,0.18744,NA,FALSE,NA,NA,NA,NA,NA,NA
1777,12,38108285,38746760,TRUE,31,1494,NA,0.000106936,NA,0.0531734,FALSE,NA,NA,NA,NA,NA,NA
1778,12,38746761,40017396,TRUE,122,2294,0.000210517,0.000190085,0.257436,0.065115,FALSE,NA,NA,NA,NA,NA,NA
1779,12,40017397,41198229,TRUE,220,3020,NA,0.000113258,NA,0.237233,FALSE,NA,NA,NA,NA,NA,NA
1780,12,41198230,42117736,TRUE,155,2345,0.000336204,0.00036487,0.185432,0.006366,FALSE,NA,NA,NA,NA,NA,NA
1781,12,42117737,43072679,TRUE,179,2015,0.000480749,0.000364118,0.12151,0.00958607,FALSE,NA,NA,NA,NA,NA,NA
1782,12,43072680,43980531,TRUE,203,2400,0.00103653,6.95131e-05,0.0121241,0.317967,FALSE,NA,NA,NA,NA,NA,NA
1783,12,43980532,44923825,TRUE,146,1772,NA,2.21295e-05,NA,0.418801,FALSE,NA,NA,NA,NA,NA,NA
1784,12,44923826,46037744,TRUE,182,2073,NA,0.000121122,NA,0.209704,FALSE,NA,NA,NA,NA,NA,NA
1785,12,46037745,47499603,TRUE,276,2442,NA,0.000261544,NA,0.0792372,FALSE,NA,NA,NA,NA,NA,NA
1786,12,47499604,48227035,TRUE,260,2019,NA,0.000286991,NA,0.0559204,FALSE,NA,NA,NA,NA,NA,NA
1787,12,48227036,48960265,TRUE,139,1846,7.1254e-05,0.000521475,0.406538,0.000167678,FALSE,NA,NA,NA,NA,NA,NA
1788,12,48960266,50344346,TRUE,249,2044,0.00121346,0.0011083,0.00855796,2.10574e-08,TRUE,0.331445,0.331445,FALSE,-0.15197,1,0.159467
1789,12,50344347,51769419,TRUE,156,2288,NA,0.000204981,NA,0.0716223,FALSE,NA,NA,NA,NA,NA,NA
1790,12,51769420,53039987,TRUE,412,3081,NA,0.000968136,NA,2.98033e-05,FALSE,NA,NA,NA,NA,NA,NA
1791,12,53039988,54371448,TRUE,328,2748,3.10303e-05,0.000686146,0.467285,0.000632312,FALSE,NA,NA,NA,NA,NA,NA
1792,12,54371449,55416802,TRUE,309,1922,NA,0.000251382,NA,0.0978832,FALSE,NA,NA,NA,NA,NA,NA
1793,12,55416803,56987105,TRUE,280,2192,NA,0.000357296,NA,0.0299399,FALSE,NA,NA,NA,NA,NA,NA
1794,12,56987106,58748139,TRUE,302,2496,NA,0.00123762,NA,7.91437e-09,FALSE,NA,NA,NA,NA,NA,NA
1795,12,58748140,60000363,FALSE,NA,NA,NA,NA,NA,NA,NA,NA,NA,NA,NA,NA,NA
1796,12,60000364,61737953,TRUE,205,3572,NA,0.000323633,NA,0.0246075,FALSE,NA,NA,NA,NA,NA,NA
1797,12,61737954,63055936,TRUE,279,2855,NA,3.38528e-05,NA,0.415695,FALSE,NA,NA,NA,NA,NA,NA
1798,12,63055937,63764111,TRUE,221,1691,NA,4.80066e-05,NA,0.373094,FALSE,NA,NA,NA,NA,NA,NA
1799,12,63764112,64403857,TRUE,130,1541,NA,0.000308631,NA,0.0107781,FALSE,NA,NA,NA,NA,NA,NA
1800,12,64403858,66114643,TRUE,351,2350,NA,0.000402101,NA,0.0286757,FALSE,NA,NA,NA,NA,NA,NA
1801,12,66114644,67183620,TRUE,289,2034,0.000335138,0.000204701,0.253763,0.135714,FALSE,NA,NA,NA,NA,NA,NA
1802,12,67183621,68006682,TRUE,220,1952,NA,0.000455067,NA,0.00429537,FALSE,NA,NA,NA,NA,NA,NA
1803,12,68006683,68839661,TRUE,253,1824,NA,0.000169298,NA,0.164691,FALSE,NA,NA,NA,NA,NA,NA
1804,12,68839662,70097805,TRUE,407,2887,0.000218434,0.000552542,0.3537,0.00850768,FALSE,NA,NA,NA,NA,NA,NA
1805,12,70097806,71177961,TRUE,248,2877,NA,0.00057803,NA,0.000944706,FALSE,NA,NA,NA,NA,NA,NA
1806,12,71177962,71948185,TRUE,164,1819,0.000569543,0.000413691,0.0773564,0.00332752,FALSE,NA,NA,NA,NA,NA,NA
1807,12,71948186,73154515,TRUE,208,1966,0.000285324,0.000555949,0.25212,0.000647556,FALSE,NA,NA,NA,NA,NA,NA
1808,12,73154516,74080747,TRUE,137,2236,0.000646829,0.00030792,0.0414299,0.0120406,TRUE,0.180255,0.180255,FALSE,-0.94549,1,0.663481
1809,12,74080748,75563968,TRUE,205,3123,0.0010001,0.000433579,0.0149748,0.0047642,TRUE,-0.0350291,-0.0350291,FALSE,-0.98952,0.82739,0.918555
1810,12,75563969,76524573,TRUE,277,1896,NA,0.000374532,NA,0.0235845,FALSE,NA,NA,NA,NA,NA,NA
1811,12,76524574,77800463,TRUE,334,2924,0.000433641,0.000543661,0.215182,0.00518822,FALSE,NA,NA,NA,NA,NA,NA
1812,12,77800464,79315178,TRUE,431,3196,NA,0.00078352,NA,0.000597221,FALSE,NA,NA,NA,NA,NA,NA
1813,12,79315179,80952472,TRUE,182,2247,6.47286e-05,0.000300225,0.424143,0.0261029,FALSE,NA,NA,NA,NA,NA,NA
1814,12,80952473,81843890,TRUE,152,1825,NA,0.00037742,NA,0.0047402,FALSE,NA,NA,NA,NA,NA,NA
1815,12,81843891,82576129,TRUE,140,1819,NA,0.000427587,NA,0.00139205,FALSE,NA,NA,NA,NA,NA,NA
1816,12,82576130,83551125,TRUE,177,1821,0.000157158,0.000211628,0.338214,0.0771945,FALSE,NA,NA,NA,NA,NA,NA
1817,12,83551126,84356775,TRUE,97,2222,NA,0.000330498,NA,0.00329316,FALSE,NA,NA,NA,NA,NA,NA
1818,12,84356776,85345631,TRUE,139,2138,1.02575e-05,0.000206626,0.472706,0.060161,FALSE,NA,NA,NA,NA,NA,NA
1819,12,85345632,86933476,TRUE,158,3051,NA,9.83464e-05,NA,0.232759,FALSE,NA,NA,NA,NA,NA,NA
1820,12,86933477,88344764,TRUE,162,3104,NA,0.000187067,NA,0.0950243,FALSE,NA,NA,NA,NA,NA,NA
1821,12,88344765,90567001,TRUE,301,3035,NA,0.000830783,NA,3.43551e-05,FALSE,NA,NA,NA,NA,NA,NA
1822,12,90567002,92061179,TRUE,267,2944,NA,0.000361356,NA,0.0258244,FALSE,NA,NA,NA,NA,NA,NA
1823,12,92061180,93487547,TRUE,357,3096,0.00015172,0.000204756,0.387281,0.159601,FALSE,NA,NA,NA,NA,NA,NA
1824,12,93487548,94385884,FALSE,NA,NA,NA,NA,NA,NA,NA,NA,NA,NA,NA,NA,NA
1825,12,94385885,95147845,TRUE,354,2031,0.000987405,0.000110517,0.0467378,0.288882,FALSE,NA,NA,NA,NA,NA,NA
1826,12,95147846,96017782,TRUE,231,2692,4.32795e-05,0.000398556,0.450633,0.0112953,FALSE,NA,NA,NA,NA,NA,NA
1827,12,96017783,96828314,TRUE,283,1931,NA,0.000356977,NA,0.0302887,FALSE,NA,NA,NA,NA,NA,NA
1828,12,96828315,97814021,TRUE,267,2505,NA,0.00016012,NA,0.182836,FALSE,NA,NA,NA,NA,NA,NA
1829,12,97814022,99244337,TRUE,406,2867,NA,0.000488732,NA,0.0163137,FALSE,NA,NA,NA,NA,NA,NA
1830,12,99244338,100931423,TRUE,366,2994,NA,0.00121822,NA,1.17048e-07,FALSE,NA,NA,NA,NA,NA,NA
1831,12,100931424,101825061,TRUE,285,1923,0.000429226,0.000729657,0.199684,0.00015437,FALSE,NA,NA,NA,NA,NA,NA
1832,12,101825062,102966633,TRUE,263,2338,0.000733175,0.00013037,0.0732428,0.228921,FALSE,NA,NA,NA,NA,NA,NA
1833,12,102966634,104140831,TRUE,327,2531,0.000376666,0.000865839,0.242873,3.2948e-05,FALSE,NA,NA,NA,NA,NA,NA
1834,12,104140832,105079100,TRUE,308,2726,NA,0.000860144,NA,2.27028e-05,FALSE,NA,NA,NA,NA,NA,NA
1835,12,105079101,106153787,TRUE,264,2542,0.000333255,0.000722768,0.245532,0.000111913,FALSE,NA,NA,NA,NA,NA,NA
1836,12,106153788,106964977,TRUE,257,1731,NA,0.000483853,NA,0.00479495,FALSE,NA,NA,NA,NA,NA,NA
1837,12,106964978,108183188,TRUE,272,2431,NA,0.000470199,NA,0.0070228,FALSE,NA,NA,NA,NA,NA,NA
1838,12,108183189,109031819,TRUE,233,2122,NA,0.000323402,NA,0.0311616,FALSE,NA,NA,NA,NA,NA,NA
1839,12,109031820,110111514,TRUE,252,2193,NA,0.000832881,NA,9.23651e-06,FALSE,NA,NA,NA,NA,NA,NA
1840,12,110111515,111592381,TRUE,183,1840,0.000773332,0.00105994,0.035997,2.14452e-09,TRUE,0.0571659,0.0571659,FALSE,-0.5819,0.75508,0.831827
1841,12,111592382,113947983,TRUE,303,3008,0.0001171,0.000580882,0.402746,0.00221881,FALSE,NA,NA,NA,NA,NA,NA
1842,12,113947984,114685670,TRUE,260,2224,0.000473268,0.000408877,0.167119,0.0136793,FALSE,NA,NA,NA,NA,NA,NA
1843,12,114685671,115439451,TRUE,260,1840,0.000224096,0.000453777,0.316041,0.00737946,FALSE,NA,NA,NA,NA,NA,NA
1844,12,115439452,116197675,TRUE,331,1952,0.000935284,0.000556119,0.0501374,0.00419047,FALSE,NA,NA,NA,NA,NA,NA
1845,12,116197676,117091843,TRUE,353,2020,NA,0.000682612,NA,0.000979321,FALSE,NA,NA,NA,NA,NA,NA
1846,12,117091844,118256124,TRUE,387,2424,0.000763811,0.000446867,0.103772,0.0223635,FALSE,NA,NA,NA,NA,NA,NA
1847,12,118256125,119301061,TRUE,284,2341,0.00101737,0.000434549,0.0281963,0.0121405,TRUE,-0.0949921,-0.0949921,FALSE,-1,0.86475,0.80318
1848,12,119301062,120567740,TRUE,378,2654,0.000526113,0.000789478,0.185915,0.000276421,FALSE,NA,NA,NA,NA,NA,NA
1849,12,120567741,121817509,TRUE,272,2942,NA,0.000779729,NA,4.31236e-05,FALSE,NA,NA,NA,NA,NA,NA
1850,12,121817510,123396634,TRUE,251,2525,5.87276e-05,0.000762068,0.44007,3.60159e-05,FALSE,NA,NA,NA,NA,NA,NA
1851,12,123396635,124843768,TRUE,312,2912,NA,0.00080767,NA,7.35621e-05,FALSE,NA,NA,NA,NA,NA,NA
1852,12,124843769,126079935,TRUE,539,2952,0.000515557,0.000448683,0.230286,0.0413607,FALSE,NA,NA,NA,NA,NA,NA
1853,12,126079936,126871452,TRUE,233,2037,NA,0.000517015,NA,0.00194344,FALSE,NA,NA,NA,NA,NA,NA
1854,12,126871453,127545377,TRUE,210,1792,NA,0.000363341,NA,0.014838,FALSE,NA,NA,NA,NA,NA,NA
1855,12,127545378,128372588,TRUE,320,1981,NA,0.000196158,NA,0.156992,FALSE,NA,NA,NA,NA,NA,NA
1856,12,128372589,129170296,TRUE,321,1967,0.000465217,NA,0.195113,NA,FALSE,NA,NA,NA,NA,NA,NA
1857,12,129170297,129887418,TRUE,422,2189,NA,2.01486e-05,NA,0.455215,FALSE,NA,NA,NA,NA,NA,NA
1858,12,129887419,130629840,FALSE,NA,NA,NA,NA,NA,NA,NA,NA,NA,NA,NA,NA,NA
1859,12,130629841,131404042,FALSE,NA,NA,NA,NA,NA,NA,NA,NA,NA,NA,NA,NA,NA
1860,12,131404043,132012316,TRUE,231,1741,NA,0.000272265,NA,0.0556736,FALSE,NA,NA,NA,NA,NA,NA
1861,12,132012317,132957945,TRUE,251,1583,0.000250413,9.25484e-05,0.294593,0.288934,FALSE,NA,NA,NA,NA,NA,NA
1862,12,132957946,133841814,TRUE,201,1947,0.000618729,5.99815e-05,0.0805883,0.340277,FALSE,NA,NA,NA,NA,NA,NA
1863,13,19020095,19648628,TRUE,79,803,2.56522e-05,NA,0.441517,NA,FALSE,NA,NA,NA,NA,NA,NA
1864,13,19648629,20491181,TRUE,127,2474,0.000265533,0.000254609,0.214674,0.0249472,FALSE,NA,NA,NA,NA,NA,NA
1865,13,20491182,21540733,TRUE,307,2396,NA,5.52315e-05,NA,0.37676,FALSE,NA,NA,NA,NA,NA,NA
1866,13,21540734,22795188,FALSE,NA,NA,NA,NA,NA,NA,NA,NA,NA,NA,NA,NA,NA
1867,13,22795189,23729049,TRUE,417,2915,NA,0.000519448,NA,0.0123984,FALSE,NA,NA,NA,NA,NA,NA
1868,13,23729050,24818333,TRUE,445,3504,NA,0.00028281,NA,0.11111,FALSE,NA,NA,NA,NA,NA,NA
1869,13,24818334,25977140,TRUE,334,3048,0.000275935,0.000373574,0.30345,0.0341947,FALSE,NA,NA,NA,NA,NA,NA
1870,13,25977141,26681709,TRUE,167,1770,NA,0.000118911,NA,0.196352,FALSE,NA,NA,NA,NA,NA,NA
1871,13,26681710,27392005,TRUE,195,1927,8.90965e-06,0.00061241,0.478206,0.000215848,FALSE,NA,NA,NA,NA,NA,NA
1872,13,27392006,28587125,TRUE,422,3246,0.000207341,0.000101456,0.362686,0.318415,FALSE,NA,NA,NA,NA,NA,NA
1873,13,28587126,30068525,TRUE,404,3161,0.000204644,0.00083951,0.361451,0.000201846,FALSE,NA,NA,NA,NA,NA,NA
1874,13,30068526,31433218,TRUE,467,3404,0.000698449,0.000364745,0.144999,0.0643273,FALSE,NA,NA,NA,NA,NA,NA
1875,13,31433219,32986686,TRUE,408,3393,NA,0.000142314,NA,0.254404,FALSE,NA,NA,NA,NA,NA,NA
1876,13,32986687,34722391,TRUE,374,3108,NA,1.27229e-05,NA,0.466319,FALSE,NA,NA,NA,NA,NA,NA
1877,13,34722392,35744568,TRUE,257,2068,NA,0.000349689,NA,0.0277782,FALSE,NA,NA,NA,NA,NA,NA
1878,13,35744569,36579413,TRUE,232,2013,NA,6.58011e-05,NA,0.336363,FALSE,NA,NA,NA,NA,NA,NA
1879,13,36579414,37499810,TRUE,195,1822,NA,0.000257758,NA,0.0507099,FALSE,NA,NA,NA,NA,NA,NA
1880,13,37499811,38290689,TRUE,150,2044,0.0003548,0.000391507,0.169719,0.00368787,FALSE,NA,NA,NA,NA,NA,NA
1881,13,38290690,39381743,TRUE,221,2123,NA,0.00118185,NA,5.18558e-10,FALSE,NA,NA,NA,NA,NA,NA
1882,13,39381744,40091623,TRUE,186,2160,NA,0.000538654,NA,0.000505241,FALSE,NA,NA,NA,NA,NA,NA
1883,13,40091624,41003943,TRUE,329,2046,NA,0.000961674,NA,5.95045e-06,FALSE,NA,NA,NA,NA,NA,NA
1884,13,41003944,42037054,TRUE,213,1571,0.000591152,0.000529536,0.095572,0.0011621,FALSE,NA,NA,NA,NA,NA,NA
1885,13,42037055,42950157,TRUE,222,2080,NA,0.000568276,NA,0.000723705,FALSE,NA,NA,NA,NA,NA,NA
1886,13,42950158,43931931,TRUE,279,1982,NA,0.000403981,NA,0.0174037,FALSE,NA,NA,NA,NA,NA,NA
1887,13,43931932,45476446,TRUE,365,2940,0.000884697,0.000823608,0.0681139,0.000136822,FALSE,NA,NA,NA,NA,NA,NA
1888,13,45476447,46493236,TRUE,256,1933,NA,0.000599483,NA,0.000775981,FALSE,NA,NA,NA,NA,NA,NA
1889,13,46493237,47433528,TRUE,197,1737,NA,0.000310208,NA,0.0264178,FALSE,NA,NA,NA,NA,NA,NA
1890,13,47433529,48137479,TRUE,204,1889,NA,0.000126351,NA,0.206732,FALSE,NA,NA,NA,NA,NA,NA
1891,13,48137480,49381727,TRUE,210,2666,NA,0.000207506,NA,0.100322,FALSE,NA,NA,NA,NA,NA,NA
1892,13,49381728,50419896,TRUE,232,2179,9.17673e-05,0.000245628,0.410139,0.0746383,FALSE,NA,NA,NA,NA,NA,NA
1893,13,50419897,51554236,TRUE,248,2118,0.000447735,0.000572976,0.174344,0.0010538,FALSE,NA,NA,NA,NA,NA,NA
1894,13,51554237,53336571,TRUE,359,2898,NA,0.00068701,NA,0.00104064,FALSE,NA,NA,NA,NA,NA,NA
1895,13,53336572,54684856,TRUE,322,2919,NA,0.000453161,NA,0.0135076,FALSE,NA,NA,NA,NA,NA,NA
1896,13,54684857,55576912,TRUE,176,1928,0.00111719,0.000235066,0.0051547,0.0583244,FALSE,NA,NA,NA,NA,NA,NA
1897,13,55576913,56434007,TRUE,100,1857,0.00033993,0.000288383,0.134075,0.00784201,FALSE,NA,NA,NA,NA,NA,NA
1898,13,56434008,58245843,TRUE,192,2585,0.000845181,0.000653786,0.0279208,6.29007e-05,TRUE,0.316073,0.316073,FALSE,-0.35031,1,0.304406
1899,13,58245844,59751795,TRUE,203,3154,9.57443e-05,0.000612893,0.400634,0.000186601,FALSE,NA,NA,NA,NA,NA,NA
1900,13,59751796,61268155,TRUE,307,3367,2.26149e-05,0.000332147,0.472433,0.0458878,FALSE,NA,NA,NA,NA,NA,NA
1901,13,61268156,62135827,TRUE,191,2541,NA,0.000146486,NA,0.165662,FALSE,NA,NA,NA,NA,NA,NA
1902,13,62135828,63206535,TRUE,149,2933,NA,0.000404307,NA,0.00285231,FALSE,NA,NA,NA,NA,NA,NA
1903,13,63206536,63973941,TRUE,135,1799,0.000566168,0.000274804,0.0612165,0.0204737,FALSE,NA,NA,NA,NA,NA,NA
1904,13,63973942,65187138,TRUE,162,3577,NA,0.000200047,NA,0.0795789,FALSE,NA,NA,NA,NA,NA,NA
1905,13,65187139,66382286,TRUE,204,2101,NA,0.00049616,NA,0.00164305,FALSE,NA,NA,NA,NA,NA,NA
1906,13,66382287,67718879,TRUE,279,2547,0.000679994,0.000488367,0.0941089,0.00591739,FALSE,NA,NA,NA,NA,NA,NA
1907,13,67718880,69004702,TRUE,236,2388,0.000429932,0.000403179,0.177886,0.0114279,FALSE,NA,NA,NA,NA,NA,NA
1908,13,69004703,69751491,TRUE,135,2453,NA,0.000115586,NA,0.178191,FALSE,NA,NA,NA,NA,NA,NA
1909,13,69751492,70427880,TRUE,133,1924,0.000427565,0.000283164,0.115,0.0175376,FALSE,NA,NA,NA,NA,NA,NA
1910,13,70427881,71010208,TRUE,182,1835,0.000949012,0.000255137,0.0146879,0.0472163,TRUE,0.491998,0.491998,FALSE,-0.44741,1,0.242937
1911,13,71010209,71976862,TRUE,326,2557,0.00012125,0.00062459,0.403252,0.00155396,FALSE,NA,NA,NA,NA,NA,NA
1912,13,71976863,73114509,TRUE,268,2114,NA,0.000237472,NA,0.0951826,FALSE,NA,NA,NA,NA,NA,NA
1913,13,73114510,74437635,TRUE,391,3109,NA,0.00122087,NA,2.10303e-07,FALSE,NA,NA,NA,NA,NA,NA
1914,13,74437636,75882384,TRUE,399,3322,0.00116419,0.000824258,0.0317536,0.000220704,TRUE,0.115181,0.115181,FALSE,-0.64186,1,0.711042
1915,13,75882385,76671493,TRUE,205,2017,NA,0.000565286,NA,0.000483391,FALSE,NA,NA,NA,NA,NA,NA
1916,13,76671494,77460044,TRUE,252,1985,0.000102564,0.000369423,0.405124,0.0206937,FALSE,NA,NA,NA,NA,NA,NA
1917,13,77460045,78693310,TRUE,177,2555,0.000484994,0.000266802,0.118359,0.0397767,FALSE,NA,NA,NA,NA,NA,NA
1918,13,78693311,79489045,TRUE,211,1885,0.000750704,6.25748e-05,0.0503063,0.336295,FALSE,NA,NA,NA,NA,NA,NA
1919,13,79489046,80778339,TRUE,282,2322,NA,0.000803748,NA,3.68994e-05,FALSE,NA,NA,NA,NA,NA,NA
1920,13,80778340,81724089,TRUE,183,2190,0.000239266,0.000113522,0.273196,0.216669,FALSE,NA,NA,NA,NA,NA,NA
1921,13,81724090,82582821,TRUE,166,2064,0.000389069,0.000419753,0.160453,0.0030106,FALSE,NA,NA,NA,NA,NA,NA
1922,13,82582822,83829835,TRUE,152,2766,NA,0.000266529,NA,0.0295628,FALSE,NA,NA,NA,NA,NA,NA
1923,13,83829836,85035400,TRUE,240,2496,NA,0.000636852,NA,0.000328083,FALSE,NA,NA,NA,NA,NA,NA
1924,13,85035401,85650680,TRUE,116,1869,0.000480902,0.000422393,0.077416,0.000696843,FALSE,NA,NA,NA,NA,NA,NA
1925,13,85650681,86321288,TRUE,135,1763,NA,0.000130045,NA,0.152515,FALSE,NA,NA,NA,NA,NA,NA
1926,13,86321289,87043588,TRUE,103,1988,6.24905e-05,0.000248262,0.40272,0.018395,FALSE,NA,NA,NA,NA,NA,NA
1927,13,87043589,88029523,TRUE,118,2101,0.000467458,4.21355e-05,0.0844705,0.346827,FALSE,NA,NA,NA,NA,NA,NA
1928,13,88029524,88968400,TRUE,182,1899,NA,0.000667701,NA,3.43933e-05,FALSE,NA,NA,NA,NA,NA,NA
1929,13,88968401,89764426,TRUE,94,1990,NA,0.000201889,NA,0.0357366,FALSE,NA,NA,NA,NA,NA,NA
1930,13,89764427,90518147,TRUE,151,1867,0.000180351,0.000310558,0.304782,0.0162379,FALSE,NA,NA,NA,NA,NA,NA
1931,13,90518148,91764204,TRUE,303,3182,0.00029535,NA,0.282623,NA,FALSE,NA,NA,NA,NA,NA,NA
1932,13,91764205,93285142,TRUE,338,3199,0.00051834,0.000758709,0.176458,0.000246258,FALSE,NA,NA,NA,NA,NA,NA
1933,13,93285143,94925136,TRUE,394,3524,0.000583204,0.000843787,0.167044,0.000154065,FALSE,NA,NA,NA,NA,NA,NA
1934,13,94925137,96132647,TRUE,457,3415,7.85594e-05,7.23646e-05,0.443473,0.370533,FALSE,NA,NA,NA,NA,NA,NA
1935,13,96132648,97516609,TRUE,207,2446,0.000102545,0.000410106,0.395674,0.00723328,FALSE,NA,NA,NA,NA,NA,NA
1936,13,97516610,98527335,TRUE,225,1738,NA,0.000372101,NA,0.0162261,FALSE,NA,NA,NA,NA,NA,NA
1937,13,98527336,99402294,TRUE,360,2116,NA,0.000319897,NA,0.0656457,FALSE,NA,NA,NA,NA,NA,NA
1938,13,99402295,100470868,TRUE,234,2592,0.000171768,0.000191075,0.346527,0.127723,FALSE,NA,NA,NA,NA,NA,NA
1939,13,100470869,101573736,TRUE,310,2127,0.00070901,0.000394841,0.096246,0.0244649,FALSE,NA,NA,NA,NA,NA,NA
1940,13,101573737,103050417,TRUE,492,3454,NA,0.00106015,NA,2.69557e-05,FALSE,NA,NA,NA,NA,NA,NA
1941,13,103050418,104378435,TRUE,403,3492,NA,0.000640392,NA,0.00290665,FALSE,NA,NA,NA,NA,NA,NA
1942,13,104378436,105672500,TRUE,363,2851,NA,0.000496261,NA,0.0114668,FALSE,NA,NA,NA,NA,NA,NA
1943,13,105672501,106313847,TRUE,210,1592,0.00064138,NA,0.0777643,NA,FALSE,NA,NA,NA,NA,NA,NA
1944,13,106313848,107037864,FALSE,NA,NA,NA,NA,NA,NA,NA,NA,NA,NA,NA,NA,NA
1945,13,107037865,108521978,TRUE,545,3262,0.001078,0.00110012,0.0679757,2.95514e-05,FALSE,NA,NA,NA,NA,NA,NA
1946,13,108521979,109156765,TRUE,220,1695,0.000112385,0.000264732,0.39045,0.0555201,FALSE,NA,NA,NA,NA,NA,NA
1947,13,109156766,109813576,TRUE,235,1899,NA,0.000516388,NA,0.00203702,FALSE,NA,NA,NA,NA,NA,NA
1948,13,109813577,110995432,TRUE,464,3228,0.000669155,0.000788628,0.154176,0.000788911,FALSE,NA,NA,NA,NA,NA,NA
1949,13,110995433,111621244,TRUE,325,1834,NA,0.000127165,NA,0.254018,FALSE,NA,NA,NA,NA,NA,NA
1950,13,111621245,112319064,TRUE,314,2116,NA,0.000979992,NA,3.01469e-06,FALSE,NA,NA,NA,NA,NA,NA
1951,13,112319065,113573118,TRUE,424,2687,NA,0.000691185,NA,0.00185936,FALSE,NA,NA,NA,NA,NA,NA
1952,13,113573119,114302561,TRUE,269,1677,8.99098e-05,0.000159019,0.417822,0.185563,FALSE,NA,NA,NA,NA,NA,NA
1953,13,114302562,115109851,TRUE,175,1515,NA,0.000188088,NA,0.0994536,FALSE,NA,NA,NA,NA,NA,NA
1954,14,19000059,20876080,FALSE,NA,NA,NA,NA,NA,NA,NA,NA,NA,NA,NA,NA,NA
1955,14,20876081,21982654,TRUE,519,2425,NA,0.000473915,NA,0.0313003,FALSE,NA,NA,NA,NA,NA,NA
1956,14,21982655,22760700,FALSE,NA,NA,NA,NA,NA,NA,NA,NA,NA,NA,NA,NA,NA
1957,14,22760701,23985936,TRUE,487,2671,NA,0.000467052,NA,0.0294057,FALSE,NA,NA,NA,NA,NA,NA
1958,14,23985937,24906056,TRUE,270,1680,6.9283e-05,0.000486346,0.433953,0.00530682,FALSE,NA,NA,NA,NA,NA,NA
1959,14,24906057,25585041,TRUE,175,1847,0.000409003,0.000111062,0.155155,0.215645,FALSE,NA,NA,NA,NA,NA,NA
1960,14,25585042,26395690,TRUE,179,1692,NA,0.000297274,NA,0.0256827,FALSE,NA,NA,NA,NA,NA,NA
1961,14,26395691,27720240,TRUE,312,2430,0.000130517,0.000230946,0.394619,0.116923,FALSE,NA,NA,NA,NA,NA,NA
1962,14,27720241,29029224,TRUE,264,3226,NA,0.000328737,NA,0.0366175,FALSE,NA,NA,NA,NA,NA,NA
1963,14,29029225,30831154,TRUE,440,2869,0.000838713,0.00132976,0.0973047,9.42136e-08,FALSE,NA,NA,NA,NA,NA,NA
1964,14,30831155,32382245,TRUE,246,2710,0.000426879,0.000536291,0.184228,0.00177513,FALSE,NA,NA,NA,NA,NA,NA
1965,14,32382246,33591113,TRUE,451,2549,0.00032992,0.00106685,0.299511,1.10698e-05,FALSE,NA,NA,NA,NA,NA,NA
1966,14,33591114,34695195,TRUE,573,2492,NA,0.00131767,NA,1.78823e-06,FALSE,NA,NA,NA,NA,NA,NA
1967,14,34695196,35379988,TRUE,161,1707,0.00028609,0.00060629,0.224614,5.4314e-05,FALSE,NA,NA,NA,NA,NA,NA
1968,14,35379989,36422077,TRUE,172,2006,0.000291126,0.000801668,0.228062,7.87612e-07,FALSE,NA,NA,NA,NA,NA,NA
1969,14,36422078,37282012,TRUE,220,1791,0.000952421,0.000204619,0.0221491,0.105413,FALSE,NA,NA,NA,NA,NA,NA
1970,14,37282013,38722114,TRUE,262,2653,NA,6.92148e-05,NA,0.339184,FALSE,NA,NA,NA,NA,NA,NA
1971,14,38722115,40343754,TRUE,275,3224,0.000158082,0.000635513,0.367641,0.00059428,FALSE,NA,NA,NA,NA,NA,NA
1972,14,40343755,40965849,TRUE,93,1724,9.9723e-05,0.000174992,0.35116,0.0552285,FALSE,NA,NA,NA,NA,NA,NA
1973,14,40965850,41614833,TRUE,76,2067,0.000315484,5.02585e-06,0.120773,0.457714,FALSE,NA,NA,NA,NA,NA,NA
1974,14,41614834,42562550,TRUE,131,2057,NA,0.000145187,NA,0.127273,FALSE,NA,NA,NA,NA,NA,NA
1975,14,42562551,43321168,TRUE,137,1896,NA,0.000232889,NA,0.0405612,FALSE,NA,NA,NA,NA,NA,NA
1976,14,43321169,44623273,TRUE,238,3376,2.17997e-05,0.000437664,0.469392,0.00736824,FALSE,NA,NA,NA,NA,NA,NA
1977,14,44623274,45817082,TRUE,246,2426,NA,0.000132956,NA,0.217047,FALSE,NA,NA,NA,NA,NA,NA
1978,14,45817083,46748238,TRUE,125,1668,8.46572e-05,0.000361163,0.386787,0.00343152,FALSE,NA,NA,NA,NA,NA,NA
1979,14,46748239,48177483,TRUE,240,3077,0.000858894,0.000621792,0.0394823,0.00037461,TRUE,0.297238,0.297238,FALSE,-0.4776,1,0.37295
1980,14,48177484,49002065,TRUE,173,2396,NA,0.000275407,NA,0.0326741,FALSE,NA,NA,NA,NA,NA,NA
1981,14,49002066,50500564,TRUE,364,3034,NA,0.000616155,NA,0.00262902,FALSE,NA,NA,NA,NA,NA,NA
1982,14,50500565,51418371,TRUE,231,1835,NA,0.000651392,NA,0.000186772,FALSE,NA,NA,NA,NA,NA,NA
1983,14,51418372,52206122,TRUE,289,2043,0.000135024,0.000528772,0.387373,0.00370732,FALSE,NA,NA,NA,NA,NA,NA
1984,14,52206123,52760553,TRUE,216,1719,0.000670198,0.000335894,0.072011,0.0230776,FALSE,NA,NA,NA,NA,NA,NA
1985,14,52760554,54359598,TRUE,363,3097,0.0010315,0.000579401,0.041984,0.00419138,TRUE,-0.134016,-0.134016,FALSE,-1,0.78665,0.714646
1986,14,54359599,55292832,TRUE,245,1698,NA,0.000254049,NA,0.073257,FALSE,NA,NA,NA,NA,NA,NA
1987,14,55292833,56206430,TRUE,112,1867,NA,0.00029226,NA,0.00969398,FALSE,NA,NA,NA,NA,NA,NA
1988,14,56206431,57460781,TRUE,396,3006,NA,0.00129745,NA,5.50458e-08,FALSE,NA,NA,NA,NA,NA,NA
1989,14,57460782,58447798,TRUE,244,2126,NA,0.000473235,NA,0.00498811,FALSE,NA,NA,NA,NA,NA,NA
1990,14,58447799,59447537,TRUE,297,1932,0.000378414,0.00030217,0.231649,0.0587631,FALSE,NA,NA,NA,NA,NA,NA
1991,14,59447538,60099482,TRUE,152,1920,NA,0.000426833,NA,0.00194537,FALSE,NA,NA,NA,NA,NA,NA
1992,14,60099483,61652816,TRUE,191,2158,NA,0.000414773,NA,0.00548492,FALSE,NA,NA,NA,NA,NA,NA
1993,14,61652817,62717985,TRUE,350,2324,NA,0.000794778,NA,0.000199757,FALSE,NA,NA,NA,NA,NA,NA
1994,14,62717986,64033237,TRUE,319,3115,NA,0.000562225,NA,0.00343089,FALSE,NA,NA,NA,NA,NA,NA
1995,14,64033238,65229391,TRUE,203,2284,NA,5.39962e-05,NA,0.353474,FALSE,NA,NA,NA,NA,NA,NA
1996,14,65229392,66300066,TRUE,233,2488,NA,0.000725455,NA,4.67302e-05,FALSE,NA,NA,NA,NA,NA,NA
1997,14,66300067,67891839,FALSE,NA,NA,NA,NA,NA,NA,NA,NA,NA,NA,NA,NA,NA
1998,14,67891840,68976912,TRUE,239,1828,0.000216302,0.000184614,0.314626,0.140125,FALSE,NA,NA,NA,NA,NA,NA
1999,14,68976913,69794542,TRUE,304,1979,NA,0.000423374,NA,0.0164863,FALSE,NA,NA,NA,NA,NA,NA
2000,14,69794543,71140426,TRUE,318,3140,0.000113419,0.000222162,0.407595,0.127704,FALSE,NA,NA,NA,NA,NA,NA
2001,14,71140427,72665319,TRUE,280,3078,0.000509677,0.00102704,0.158667,4.53682e-07,FALSE,NA,NA,NA,NA,NA,NA
2002,14,72665320,73373373,TRUE,253,1770,5.13948e-05,0.000683616,0.44623,0.000191345,FALSE,NA,NA,NA,NA,NA,NA
2003,14,73373374,74245428,TRUE,165,1770,NA,0.000412955,NA,0.00337462,FALSE,NA,NA,NA,NA,NA,NA
2004,14,74245429,75699501,TRUE,269,2770,NA,0.000372968,NA,0.0227864,FALSE,NA,NA,NA,NA,NA,NA
2005,14,75699502,76694201,TRUE,291,1952,NA,0.000477112,NA,0.00783909,FALSE,NA,NA,NA,NA,NA,NA
2006,14,76694202,77425453,TRUE,305,1763,0.000242931,0.000144998,0.316532,0.22111,FALSE,NA,NA,NA,NA,NA,NA
2007,14,77425454,78374053,TRUE,278,2710,0.0010486,0.000488076,0.0237502,0.00567124,TRUE,0.450706,0.450706,FALSE,-0.30645,1,0.204502
2008,14,78374054,79199451,TRUE,284,2034,NA,0.000966157,NA,1.64883e-06,FALSE,NA,NA,NA,NA,NA,NA
2009,14,79199452,81001920,TRUE,461,3400,0.000115618,0.000702559,0.421616,0.00238861,FALSE,NA,NA,NA,NA,NA,NA
2010,14,81001921,82524785,TRUE,362,3452,NA,0.000645191,NA,0.00173887,FALSE,NA,NA,NA,NA,NA,NA
2011,14,82524786,84087372,TRUE,414,3607,NA,0.000595863,NA,0.00526285,FALSE,NA,NA,NA,NA,NA,NA
2012,14,84087373,85562936,TRUE,315,3413,NA,0.000874099,NA,2.299e-05,FALSE,NA,NA,NA,NA,NA,NA
2013,14,85562937,86653343,TRUE,273,2472,NA,0.000182999,NA,0.154532,FALSE,NA,NA,NA,NA,NA,NA
2014,14,86653344,87350275,TRUE,173,1770,NA,0.000387694,NA,0.00598428,FALSE,NA,NA,NA,NA,NA,NA
2015,14,87350276,88208595,TRUE,161,1930,NA,8.61086e-05,NA,0.260607,FALSE,NA,NA,NA,NA,NA,NA
2016,14,88208596,89482883,TRUE,270,2856,NA,0.000602443,NA,0.000980853,FALSE,NA,NA,NA,NA,NA,NA
2017,14,89482884,90662836,TRUE,365,2424,NA,4.1595e-05,NA,0.411408,FALSE,NA,NA,NA,NA,NA,NA
2018,14,90662837,92101228,TRUE,383,3069,NA,0.00117033,NA,4.39069e-07,FALSE,NA,NA,NA,NA,NA,NA
2019,14,92101229,93386328,TRUE,455,3258,NA,0.000560181,NA,0.0103027,FALSE,NA,NA,NA,NA,NA,NA
2020,14,93386329,94892240,TRUE,477,3669,0.00181461,0.000495687,0.00461545,0.0221769,TRUE,-0.00330808,-0.00330808,FALSE,-0.96616,0.90874,0.992242
2021,14,94892241,95946792,TRUE,538,3260,NA,0.000938512,NA,0.000241502,FALSE,NA,NA,NA,NA,NA,NA
2022,14,95946793,97174314,TRUE,421,3138,NA,0.000382324,NA,0.0473029,FALSE,NA,NA,NA,NA,NA,NA
2023,14,97174315,98268391,TRUE,326,2342,NA,7.36524e-05,NA,0.346028,FALSE,NA,NA,NA,NA,NA,NA
2024,14,98268392,98885322,TRUE,207,1990,NA,0.000386445,NA,0.0101876,FALSE,NA,NA,NA,NA,NA,NA
2025,14,98885323,99474533,TRUE,235,1846,NA,0.0001861,NA,0.13472,FALSE,NA,NA,NA,NA,NA,NA
2026,14,99474534,100786189,TRUE,455,2710,NA,0.00116606,NA,2.33988e-06,FALSE,NA,NA,NA,NA,NA,NA
2027,14,100786190,102004377,TRUE,482,2517,NA,0.000674378,NA,0.00365572,FALSE,NA,NA,NA,NA,NA,NA
2028,14,102004378,103617472,TRUE,348,3250,NA,0.000760059,NA,0.000318642,FALSE,NA,NA,NA,NA,NA,NA
2029,14,103617473,104439106,TRUE,167,1932,NA,0.00117183,NA,1.58645e-11,FALSE,NA,NA,NA,NA,NA,NA
2030,14,104439107,105091340,TRUE,193,1460,0.000113807,0.000299096,0.3821,0.0301843,FALSE,NA,NA,NA,NA,NA,NA
2031,14,105091341,106347143,TRUE,144,1425,NA,2.30447e-05,NA,0.41516,FALSE,NA,NA,NA,NA,NA,NA
2032,14,106347144,106876548,FALSE,NA,NA,NA,NA,NA,NA,NA,NA,NA,NA,NA,NA,NA
2033,14,106876549,107289435,FALSE,NA,NA,NA,NA,NA,NA,NA,NA,NA,NA,NA,NA,NA
2034,15,20000205,22799926,TRUE,16,104,4.03186e-05,NA,0.331635,NA,FALSE,NA,NA,NA,NA,NA,NA
2035,15,22799927,24099946,TRUE,241,1436,NA,0.000380801,NA,0.0163842,FALSE,NA,NA,NA,NA,NA,NA
2036,15,24099947,24531187,FALSE,NA,NA,NA,NA,NA,NA,NA,NA,NA,NA,NA,NA,NA
2037,15,24531188,25384327,TRUE,183,2685,0.000856957,NA,0.023946,NA,FALSE,NA,NA,NA,NA,NA,NA
2038,15,25384328,26392947,TRUE,436,2641,0.000695961,NA,0.137923,NA,FALSE,NA,NA,NA,NA,NA,NA
2039,15,26392948,27563172,TRUE,369,2374,NA,0.00075485,NA,0.000387433,FALSE,NA,NA,NA,NA,NA,NA
2040,15,27563173,29141035,TRUE,204,1955,0.000197475,0.000607152,0.315791,0.000208564,FALSE,NA,NA,NA,NA,NA,NA
2041,15,29141036,30604119,TRUE,274,2362,NA,0.000464055,NA,0.00738984,FALSE,NA,NA,NA,NA,NA,NA
2042,15,30604120,32177320,FALSE,NA,NA,NA,NA,NA,NA,NA,NA,NA,NA,NA,NA,NA
2043,15,32177321,33484267,TRUE,360,2280,NA,0.000257952,NA,0.108686,FALSE,NA,NA,NA,NA,NA,NA
2044,15,33484268,34410072,TRUE,404,2667,NA,0.000560063,NA,0.00748684,FALSE,NA,NA,NA,NA,NA,NA
2045,15,34410073,35118927,TRUE,181,1428,NA,0.000707274,NA,1.3246e-05,FALSE,NA,NA,NA,NA,NA,NA
2046,15,35118928,36583327,TRUE,348,2879,0.000423873,0.000456899,0.224652,0.0156116,FALSE,NA,NA,NA,NA,NA,NA
2047,15,36583328,37962915,TRUE,459,2946,NA,0.000499409,NA,0.0195755,FALSE,NA,NA,NA,NA,NA,NA
2048,15,37962916,39238840,TRUE,402,2716,NA,0.00107631,NA,4.35195e-06,FALSE,NA,NA,NA,NA,NA,NA
2049,15,39238841,40604780,TRUE,353,2699,0.00028303,0.00089878,0.304019,3.06775e-05,FALSE,NA,NA,NA,NA,NA,NA
2050,15,40604781,42332685,TRUE,318,2937,NA,0.000731829,NA,0.000271448,FALSE,NA,NA,NA,NA,NA,NA
2051,15,42332686,44987755,TRUE,307,3072,NA,0.000742236,NA,0.000191928,FALSE,NA,NA,NA,NA,NA,NA
2052,15,44987756,46022642,TRUE,168,1755,NA,0.000176396,NA,0.108964,FALSE,NA,NA,NA,NA,NA,NA
2053,15,46022643,46884071,TRUE,167,1684,0.000121436,0.00017414,0.36655,0.111631,FALSE,NA,NA,NA,NA,NA,NA
2054,15,46884072,47693316,TRUE,111,1720,0.000421786,0.000434989,0.0990932,0.000463782,FALSE,NA,NA,NA,NA,NA,NA
2055,15,47693317,49260006,TRUE,251,2215,0.000270741,0.000337958,0.280693,0.0299299,FALSE,NA,NA,NA,NA,NA,NA
2056,15,49260007,50195876,TRUE,105,1881,NA,0.000196116,NA,0.0475933,FALSE,NA,NA,NA,NA,NA,NA
2057,15,50195877,51605477,TRUE,224,3171,NA,0.000466376,NA,0.00390568,FALSE,NA,NA,NA,NA,NA,NA
2058,15,51605478,53263126,TRUE,348,3187,NA,0.000698326,NA,0.000725779,FALSE,NA,NA,NA,NA,NA,NA
2059,15,53263127,54332799,TRUE,306,2998,NA,0.000536728,NA,0.00451565,FALSE,NA,NA,NA,NA,NA,NA
2060,15,54332800,55136717,TRUE,245,2607,0.000166048,0.000464979,0.354127,0.00527599,FALSE,NA,NA,NA,NA,NA,NA
2061,15,55136718,56322588,TRUE,282,3352,NA,0.000847009,NA,1.55581e-05,FALSE,NA,NA,NA,NA,NA,NA
2062,15,56322589,57641164,TRUE,209,2533,NA,0.000581489,NA,0.000404413,FALSE,NA,NA,NA,NA,NA,NA
2063,15,57641165,58712954,TRUE,486,2909,NA,0.000478029,NA,0.0275343,FALSE,NA,NA,NA,NA,NA,NA
2064,15,58712955,59901116,TRUE,324,2245,NA,0.000597204,NA,0.00221918,FALSE,NA,NA,NA,NA,NA,NA
2065,15,59901117,61130595,TRUE,380,2367,0.000657833,8.62412e-05,0.135136,0.335588,FALSE,NA,NA,NA,NA,NA,NA
2066,15,61130596,62106138,TRUE,474,2388,0.000821041,0.00183771,0.109945,7.78399e-12,FALSE,NA,NA,NA,NA,NA,NA
2067,15,62106139,63218978,TRUE,422,2472,0.000133282,0.000836392,0.407275,0.000268027,FALSE,NA,NA,NA,NA,NA,NA
2068,15,63218979,64339945,TRUE,287,2618,0.000173465,0.000803867,0.359304,4.31325e-05,FALSE,NA,NA,NA,NA,NA,NA
2069,15,64339946,66355634,TRUE,339,3235,NA,0.000587929,NA,0.00303296,FALSE,NA,NA,NA,NA,NA,NA
2070,15,66355635,67396520,TRUE,379,2816,NA,0.000221919,NA,0.148181,FALSE,NA,NA,NA,NA,NA,NA
2071,15,67396521,69089815,TRUE,392,3065,NA,0.00026241,NA,0.114422,FALSE,NA,NA,NA,NA,NA,NA
2072,15,69089816,70767983,TRUE,504,3146,NA,0.00104364,NA,4.25476e-05,FALSE,NA,NA,NA,NA,NA,NA
2073,15,70767984,72058129,TRUE,344,2346,0.000339556,0.000442668,0.268743,0.0175933,FALSE,NA,NA,NA,NA,NA,NA
2074,15,72058130,73375718,TRUE,173,1724,NA,0.000856511,NA,2.26257e-07,FALSE,NA,NA,NA,NA,NA,NA
2075,15,73375719,74458113,TRUE,255,2004,0.000642085,0.00028097,0.0968356,0.0588316,FALSE,NA,NA,NA,NA,NA,NA
2076,15,74458114,76401952,TRUE,342,2773,NA,0.000382036,NA,0.0336278,FALSE,NA,NA,NA,NA,NA,NA
2077,15,76401953,77897163,TRUE,169,2348,NA,0.000313804,NA,0.0183102,FALSE,NA,NA,NA,NA,NA,NA
2078,15,77897164,78514101,TRUE,208,1602,0.0005001,0.000644386,0.129298,0.000143053,FALSE,NA,NA,NA,NA,NA,NA
2079,15,78514102,79292536,TRUE,214,1737,0.000369623,0.000744322,0.200655,1.75198e-05,FALSE,NA,NA,NA,NA,NA,NA
2080,15,79292537,79998206,TRUE,237,1732,0.000250981,0.000189843,0.288954,0.130683,FALSE,NA,NA,NA,NA,NA,NA
2081,15,79998207,81077025,TRUE,404,2637,0.000243876,0.000934181,0.338156,4.54581e-05,FALSE,NA,NA,NA,NA,NA,NA
2082,15,81077026,82191077,TRUE,276,1711,4.88932e-05,NA,0.450437,NA,FALSE,NA,NA,NA,NA,NA,NA
2083,15,82191078,84209760,TRUE,329,2505,NA,0.000866127,NA,3.56793e-05,FALSE,NA,NA,NA,NA,NA,NA
2084,15,84209761,85494083,TRUE,254,2198,NA,0.000545641,NA,0.00178478,FALSE,NA,NA,NA,NA,NA,NA
2085,15,85494084,86341598,TRUE,170,2047,NA,0.00042513,NA,0.00317068,FALSE,NA,NA,NA,NA,NA,NA
2086,15,86341599,87158587,TRUE,300,2549,NA,0.000508274,NA,0.00598425,FALSE,NA,NA,NA,NA,NA,NA
2087,15,87158588,88035757,TRUE,308,2346,0.00038374,0.000560248,0.232612,0.0031975,FALSE,NA,NA,NA,NA,NA,NA
2088,15,88035758,89385187,TRUE,467,2405,NA,0.000270548,NA,0.127359,FALSE,NA,NA,NA,NA,NA,NA
2089,15,89385188,90632718,TRUE,400,2431,NA,0.00107262,NA,3.92083e-06,FALSE,NA,NA,NA,NA,NA,NA
2090,15,90632719,91593623,TRUE,259,2183,NA,0.000722549,NA,9.00708e-05,FALSE,NA,NA,NA,NA,NA,NA
2091,15,91593624,92675405,TRUE,432,2447,NA,0.000757459,NA,0.000816916,FALSE,NA,NA,NA,NA,NA,NA
2092,15,92675406,93707010,TRUE,486,2779,0.000125225,0.000740852,0.418076,0.00170301,FALSE,NA,NA,NA,NA,NA,NA
2093,15,93707011,94565521,TRUE,399,2506,0.0011549,0.000249321,0.0327682,0.127019,FALSE,NA,NA,NA,NA,NA,NA
2094,15,94565522,95662425,TRUE,485,2554,NA,0.000162586,NA,0.245078,FALSE,NA,NA,NA,NA,NA,NA
2095,15,95662426,96864278,TRUE,427,2436,NA,0.000763534,NA,0.000754928,FALSE,NA,NA,NA,NA,NA,NA
2096,15,96864279,98025684,TRUE,376,2155,0.000852963,0.000601089,0.077909,0.00354689,FALSE,NA,NA,NA,NA,NA,NA
2097,15,98025685,98828261,TRUE,299,2285,0.000420859,0.000347448,0.209429,0.0370495,FALSE,NA,NA,NA,NA,NA,NA
2098,15,98828262,99925972,TRUE,450,2674,NA,0.000283173,NA,0.112209,FALSE,NA,NA,NA,NA,NA,NA
2099,15,99925973,100742117,TRUE,336,2369,NA,0.000388176,NA,0.0313406,FALSE,NA,NA,NA,NA,NA,NA
2100,15,100742118,101550750,TRUE,351,2393,NA,0.000756138,NA,0.000306707,FALSE,NA,NA,NA,NA,NA,NA
2101,15,101550751,102520975,TRUE,367,1963,0.000189069,0.000496879,0.364845,0.0114615,FALSE,NA,NA,NA,NA,NA,NA
2102,16,60169,1049079,FALSE,NA,NA,NA,NA,NA,NA,NA,NA,NA,NA,NA,NA,NA
2103,16,1049080,1996492,TRUE,256,2136,NA,0.000454595,NA,0.00693292,FALSE,NA,NA,NA,NA,NA,NA
2104,16,1996493,3379996,TRUE,359,1834,NA,0.000287834,NA,0.0848061,FALSE,NA,NA,NA,NA,NA,NA
2105,16,3379997,4816145,TRUE,531,2911,NA,0.000533387,NA,0.02033,FALSE,NA,NA,NA,NA,NA,NA
2106,16,4816146,5782968,TRUE,567,2981,NA,0.000423787,NA,0.0546492,FALSE,NA,NA,NA,NA,NA,NA
2107,16,5782969,6446081,TRUE,420,1946,NA,0.000596378,NA,0.00543596,FALSE,NA,NA,NA,NA,NA,NA
2108,16,6446082,7051429,TRUE,409,2557,0.000334919,0.000625733,0.287927,0.00358845,FALSE,NA,NA,NA,NA,NA,NA
2109,16,7051430,7704354,TRUE,433,2787,0.000659271,0.000544004,0.149619,0.0107235,FALSE,NA,NA,NA,NA,NA,NA
2110,16,7704355,8341012,TRUE,337,2563,NA,0.000540164,NA,0.00519867,FALSE,NA,NA,NA,NA,NA,NA
2111,16,8341013,9104469,TRUE,383,2568,NA,0.000355862,NA,0.051735,FALSE,NA,NA,NA,NA,NA,NA
2112,16,9104470,9754796,TRUE,351,1944,NA,0.000105367,NA,0.297309,FALSE,NA,NA,NA,NA,NA,NA
2113,16,9754797,10351808,TRUE,207,1852,0.000408357,0.00061005,0.174594,0.000230653,FALSE,NA,NA,NA,NA,NA,NA
2114,16,10351809,11022542,FALSE,NA,NA,NA,NA,NA,NA,NA,NA,NA,NA,NA,NA,NA
2115,16,11022543,11916631,TRUE,336,2537,NA,0.000389493,NA,0.0294384,FALSE,NA,NA,NA,NA,NA,NA
2116,16,11916632,12793149,TRUE,373,2748,0.000369497,0.000943661,0.260366,2.43405e-05,FALSE,NA,NA,NA,NA,NA,NA
2117,16,12793150,13893407,TRUE,389,3344,0.00120102,0.00133422,0.0265815,2.1609e-08,TRUE,0.517113,0.517113,FALSE,0.02617,1,0.0420123
2118,16,13893408,15921108,TRUE,350,2374,NA,0.00104124,NA,2.38879e-06,FALSE,NA,NA,NA,NA,NA,NA
2119,16,15921109,17343277,FALSE,NA,NA,NA,NA,NA,NA,NA,NA,NA,NA,NA,NA,NA
2120,16,17343278,19104257,TRUE,277,2512,NA,0.000166517,NA,0.177585,FALSE,NA,NA,NA,NA,NA,NA
2121,16,19104258,20351261,TRUE,329,2757,NA,0.000396369,NA,0.0267476,FALSE,NA,NA,NA,NA,NA,NA
2122,16,20351262,22667048,TRUE,326,2333,NA,0.000396579,NA,0.0259012,FALSE,NA,NA,NA,NA,NA,NA
2123,16,22667049,24014705,TRUE,345,2853,0.000732597,0.000416689,0.10052,0.0238321,FALSE,NA,NA,NA,NA,NA,NA
2124,16,24014706,25235251,TRUE,433,2502,0.000469099,0.00076195,0.226713,0.000790507,FALSE,NA,NA,NA,NA,NA,NA
2125,16,25235252,26154122,TRUE,337,2584,0.000944578,0.00059205,0.049955,0.00269308,TRUE,0.179135,0.179135,FALSE,-0.76564,1,0.626834
2126,16,26154123,27443061,TRUE,560,3433,NA,0.000818253,NA,0.00130818,FALSE,NA,NA,NA,NA,NA,NA
2127,16,27443062,29043177,TRUE,299,1768,0.000361544,0.000585402,0.241891,0.00187484,FALSE,NA,NA,NA,NA,NA,NA
2128,16,29043178,31384210,TRUE,273,1937,NA,0.000578663,NA,0.0014169,FALSE,NA,NA,NA,NA,NA,NA
2129,16,31384211,32847928,TRUE,63,852,3.01329e-05,6.45988e-07,0.42746,0.473373,FALSE,NA,NA,NA,NA,NA,NA
2130,16,32847929,35259453,FALSE,NA,NA,NA,NA,NA,NA,NA,NA,NA,NA,NA,NA,NA
2131,16,35259454,49010761,TRUE,267,2361,NA,8.82985e-06,NA,0.468852,FALSE,NA,NA,NA,NA,NA,NA
2132,16,49010762,50467033,TRUE,526,2965,NA,0.000308737,NA,0.110877,FALSE,NA,NA,NA,NA,NA,NA
2133,16,50467034,52041336,TRUE,479,2928,NA,0.000750697,NA,0.00148214,FALSE,NA,NA,NA,NA,NA,NA
2134,16,52041337,53393882,TRUE,345,2735,NA,0.000269666,NA,0.0943034,FALSE,NA,NA,NA,NA,NA,NA
2135,16,53393883,54866095,TRUE,486,3228,0.000318532,0.000177328,0.311957,0.227598,FALSE,NA,NA,NA,NA,NA,NA
2136,16,54866096,55907389,TRUE,345,2666,0.000540817,0.000616376,0.16908,0.0021724,FALSE,NA,NA,NA,NA,NA,NA
2137,16,55907390,57119889,TRUE,431,2976,NA,0.000859265,NA,0.000213387,FALSE,NA,NA,NA,NA,NA,NA
2138,16,57119890,58508978,TRUE,463,3363,NA,0.000371964,NA,0.0609779,FALSE,NA,NA,NA,NA,NA,NA
2139,16,58508979,59885499,TRUE,307,3279,NA,0.000621816,NA,0.00125125,FALSE,NA,NA,NA,NA,NA,NA
2140,16,59885500,61092844,TRUE,298,2693,NA,0.000446328,NA,0.0119983,FALSE,NA,NA,NA,NA,NA,NA
2141,16,61092845,62607090,TRUE,308,2471,NA,0.000546429,NA,0.00366323,FALSE,NA,NA,NA,NA,NA,NA
2142,16,62607091,64207176,TRUE,361,3086,0.000979612,0.000817054,0.049492,0.000138122,TRUE,-0.19866,-0.19866,FALSE,-1,0.51315,0.541462
2143,16,64207177,65072403,TRUE,190,2150,0.000117844,0.000618826,0.377631,0.0001224,FALSE,NA,NA,NA,NA,NA,NA
2144,16,65072404,65882820,TRUE,267,1792,0.000371799,0.00090375,0.223858,3.62955e-06,FALSE,NA,NA,NA,NA,NA,NA
2145,16,65882821,66738843,TRUE,278,1842,0.000325468,0.00045242,0.255627,0.00920153,FALSE,NA,NA,NA,NA,NA,NA
2146,16,66738844,68435728,TRUE,185,1911,0.000143046,0.000297396,0.353734,0.0284532,FALSE,NA,NA,NA,NA,NA,NA
2147,16,68435729,69549149,TRUE,215,1954,0.000604065,0.000226307,0.092052,0.0829997,FALSE,NA,NA,NA,NA,NA,NA
2148,16,69549150,71062712,TRUE,184,1639,NA,0.000589017,NA,0.000185336,FALSE,NA,NA,NA,NA,NA,NA
2149,16,71062713,72089511,TRUE,160,1680,0.000719351,0.000544642,0.0370506,0.000221204,TRUE,0.343082,0.343082,FALSE,-0.39521,1,0.304364
2150,16,72089512,73140781,TRUE,289,1642,0.000792179,0.000724905,0.0673901,0.000196694,FALSE,NA,NA,NA,NA,NA,NA
2151,16,73140782,74135275,TRUE,474,2102,NA,0.000487264,NA,0.0235207,FALSE,NA,NA,NA,NA,NA,NA
2152,16,74135276,74889127,TRUE,222,1591,9.05679e-05,0.000366867,0.409206,0.0162638,FALSE,NA,NA,NA,NA,NA,NA
2153,16,74889128,75525959,FALSE,NA,NA,NA,NA,NA,NA,NA,NA,NA,NA,NA,NA,NA
2154,16,75525960,76635467,TRUE,326,2832,0.000526246,0.000181379,0.168824,0.178263,FALSE,NA,NA,NA,NA,NA,NA
2155,16,76635468,77270665,TRUE,198,1867,NA,0.00036221,NA,0.0129169,FALSE,NA,NA,NA,NA,NA,NA
2156,16,77270666,77739132,TRUE,208,1756,4.50466e-05,0.000495057,0.446426,0.0018111,FALSE,NA,NA,NA,NA,NA,NA
2157,16,77739133,78280636,TRUE,305,2183,0.000266777,0.00040127,0.30116,0.021438,FALSE,NA,NA,NA,NA,NA,NA
2158,16,78280637,78973580,TRUE,503,2950,NA,0.000627578,NA,0.00709308,FALSE,NA,NA,NA,NA,NA,NA
2159,16,78973581,79662634,TRUE,507,2179,NA,0.000489722,NA,0.026205,FALSE,NA,NA,NA,NA,NA,NA
2160,16,79662635,80559685,FALSE,NA,NA,NA,NA,NA,NA,NA,NA,NA,NA,NA,NA,NA
2161,16,80559686,81437861,FALSE,NA,NA,NA,NA,NA,NA,NA,NA,NA,NA,NA,NA,NA
2162,16,81437862,82310204,TRUE,521,2661,NA,0.000278494,NA,0.132894,FALSE,NA,NA,NA,NA,NA,NA
2163,16,82310205,83077869,TRUE,518,2871,NA,0.000819112,NA,0.000891717,FALSE,NA,NA,NA,NA,NA,NA
2164,16,83077870,83778371,TRUE,472,2758,0.000365671,0.000760738,0.28536,0.0012485,FALSE,NA,NA,NA,NA,NA,NA
2165,16,83778372,84440154,TRUE,582,2700,NA,0.000128089,NA,0.307836,FALSE,NA,NA,NA,NA,NA,NA
2166,16,84440155,85146805,FALSE,NA,NA,NA,NA,NA,NA,NA,NA,NA,NA,NA,NA,NA
2167,16,85146806,86058597,FALSE,NA,NA,NA,NA,NA,NA,NA,NA,NA,NA,NA,NA,NA
2168,16,86058598,86748867,TRUE,590,2468,NA,0.000270524,NA,0.153588,FALSE,NA,NA,NA,NA,NA,NA
2169,16,86748868,87669168,TRUE,535,2663,NA,0.000834932,NA,0.00089789,FALSE,NA,NA,NA,NA,NA,NA
2170,16,87669169,88387228,TRUE,354,2165,NA,0.000448042,NA,0.0177313,FALSE,NA,NA,NA,NA,NA,NA
2171,16,88387229,89106304,TRUE,280,1431,0.000126166,NA,0.392208,NA,FALSE,NA,NA,NA,NA,NA,NA
2172,16,89106305,90292787,TRUE,364,2758,NA,0.00110246,NA,1.00997e-06,FALSE,NA,NA,NA,NA,NA,NA
2173,17,52,815653,TRUE,326,1892,NA,0.000334933,NA,0.0488329,FALSE,NA,NA,NA,NA,NA,NA
2174,17,815654,1480056,TRUE,319,1594,NA,0.000440299,NA,0.0150304,FALSE,NA,NA,NA,NA,NA,NA
2175,17,1480057,2699135,TRUE,423,2378,NA,0.000583793,NA,0.00638244,FALSE,NA,NA,NA,NA,NA,NA
2176,17,2699136,3430440,TRUE,238,1661,NA,0.000221681,NA,0.0966993,FALSE,NA,NA,NA,NA,NA,NA
2177,17,3430441,4463971,TRUE,402,2352,NA,0.000607002,NA,0.00420202,FALSE,NA,NA,NA,NA,NA,NA
2178,17,4463972,5573784,TRUE,335,2782,0.000146344,0.000645062,0.387419,0.00129211,FALSE,NA,NA,NA,NA,NA,NA
2179,17,5573785,6305078,TRUE,346,2049,NA,0.000471339,NA,0.0132986,FALSE,NA,NA,NA,NA,NA,NA
2180,17,6305079,7264458,TRUE,373,2040,NA,0.000354462,NA,0.0504538,FALSE,NA,NA,NA,NA,NA,NA
2181,17,7264459,8554763,TRUE,381,2516,NA,0.000886831,NA,6.31604e-05,FALSE,NA,NA,NA,NA,NA,NA
2182,17,8554764,9619356,TRUE,413,2148,NA,0.000178818,NA,0.206652,FALSE,NA,NA,NA,NA,NA,NA
2183,17,9619357,10572617,TRUE,362,2376,NA,0.000366382,NA,0.0424646,FALSE,NA,NA,NA,NA,NA,NA
2184,17,10572618,11778164,FALSE,NA,NA,NA,NA,NA,NA,NA,NA,NA,NA,NA,NA,NA
2185,17,11778165,12676353,TRUE,244,1654,NA,8.14237e-05,NA,0.307595,FALSE,NA,NA,NA,NA,NA,NA
2186,17,12676354,13648446,TRUE,433,2904,0.000223146,0.000297715,0.355176,0.0968555,FALSE,NA,NA,NA,NA,NA,NA
2187,17,13648447,14508610,TRUE,308,2135,NA,0.000142366,NA,0.224263,FALSE,NA,NA,NA,NA,NA,NA
2188,17,14508611,15308722,TRUE,347,2465,0.000326734,5.14667e-06,0.276893,0.479827,FALSE,NA,NA,NA,NA,NA,NA
2189,17,15308723,16405207,TRUE,189,1609,6.78112e-05,5.45204e-06,0.422684,0.471866,FALSE,NA,NA,NA,NA,NA,NA
2190,17,16405208,17326540,TRUE,204,1669,7.30789e-05,0.000137,0.420839,0.186672,FALSE,NA,NA,NA,NA,NA,NA
2191,17,17326541,18900978,TRUE,210,2037,NA,0.000488709,NA,0.00207438,FALSE,NA,NA,NA,NA,NA,NA
2192,17,18900979,20402494,TRUE,178,1466,NA,0.000542417,NA,0.000413599,FALSE,NA,NA,NA,NA,NA,NA
2193,17,20402495,21432873,TRUE,208,1228,NA,0.000174435,NA,0.13549,FALSE,NA,NA,NA,NA,NA,NA
2194,17,21432874,25872110,TRUE,140,2203,0.000448908,NA,0.109994,NA,FALSE,NA,NA,NA,NA,NA,NA
2195,17,25872111,27344401,TRUE,299,1801,NA,0.000331889,NA,0.0444259,FALSE,NA,NA,NA,NA,NA,NA
2196,17,27344402,29783141,TRUE,267,2911,NA,0.00053754,NA,0.0023979,FALSE,NA,NA,NA,NA,NA,NA
2197,17,29783142,31318753,TRUE,394,2797,0.000115025,0.000765823,0.415735,0.000469815,FALSE,NA,NA,NA,NA,NA,NA
2198,17,31318754,32356061,TRUE,440,2679,NA,0.000700627,NA,0.00193087,FALSE,NA,NA,NA,NA,NA,NA
2199,17,32356062,33614189,TRUE,372,2637,NA,0.000146244,NA,0.23928,FALSE,NA,NA,NA,NA,NA,NA
2200,17,33614190,34474611,FALSE,NA,NA,NA,NA,NA,NA,NA,NA,NA,NA,NA,NA,NA
2201,17,34474612,36116884,TRUE,358,2030,NA,0.000390898,NA,0.0330241,FALSE,NA,NA,NA,NA,NA,NA
2202,17,36116885,37361178,TRUE,350,1915,NA,0.000531121,NA,0.00677496,FALSE,NA,NA,NA,NA,NA,NA
2203,17,37361179,38880481,TRUE,265,2351,NA,0.000602982,NA,0.000919946,FALSE,NA,NA,NA,NA,NA,NA
2204,17,38880482,40233545,TRUE,289,3211,0.00117456,0.000375252,0.0151654,0.025758,TRUE,0.301587,0.301587,FALSE,-0.62895,1,0.433219
2205,17,40233546,42348003,TRUE,362,2924,0.00012732,0.000395312,0.404038,0.0325044,FALSE,NA,NA,NA,NA,NA,NA
2206,17,42348004,43460500,TRUE,247,1922,0.000610321,0.000538491,0.104269,0.00185115,FALSE,NA,NA,NA,NA,NA,NA
2207,17,43460501,44865832,TRUE,87,2424,0.0011043,0.000602161,0.000392858,8.06045e-07,TRUE,-0.175272,-0.175272,FALSE,-0.70598,0.30564,0.445583
2208,17,44865833,45883901,TRUE,158,1925,NA,0.00064802,NA,2.08227e-05,FALSE,NA,NA,NA,NA,NA,NA
2209,17,45883902,47516224,TRUE,325,3375,0.000559215,0.000843937,0.154501,4.53732e-05,FALSE,NA,NA,NA,NA,NA,NA
2210,17,47516225,48722590,TRUE,505,2132,NA,0.000293199,NA,0.120039,FALSE,NA,NA,NA,NA,NA,NA
2211,17,48722591,49909298,TRUE,321,2209,0.000403072,0.000785642,0.22664,0.000113058,FALSE,NA,NA,NA,NA,NA,NA
2212,17,49909299,51110385,TRUE,181,2793,NA,0.000428724,NA,0.00344919,FALSE,NA,NA,NA,NA,NA,NA
2213,17,51110386,52102649,TRUE,189,2014,NA,0.00036518,NA,0.0111167,FALSE,NA,NA,NA,NA,NA,NA
2214,17,52102650,53468006,TRUE,369,2913,NA,0.000526146,NA,0.00837543,FALSE,NA,NA,NA,NA,NA,NA
2215,17,53468007,54950107,TRUE,280,2680,NA,0.000731602,NA,0.000125634,FALSE,NA,NA,NA,NA,NA,NA
2216,17,54950108,56245227,TRUE,499,2372,NA,0.000168348,NA,0.241356,FALSE,NA,NA,NA,NA,NA,NA
2217,17,56245228,58652809,TRUE,265,2687,NA,0.000607039,NA,0.000813088,FALSE,NA,NA,NA,NA,NA,NA
2218,17,58652810,60453120,FALSE,NA,NA,NA,NA,NA,NA,NA,NA,NA,NA,NA,NA,NA
2219,17,60453121,62112373,TRUE,244,2044,8.6189e-05,0.00022681,0.416827,0.0954131,FALSE,NA,NA,NA,NA,NA,NA
2220,17,62112374,63548724,TRUE,237,2146,0.000332557,0.000305921,0.234572,0.0390463,FALSE,NA,NA,NA,NA,NA,NA
2221,17,63548725,64438387,TRUE,165,2511,0.00020219,0.000212113,0.293545,0.069784,FALSE,NA,NA,NA,NA,NA,NA
2222,17,64438388,65582327,TRUE,436,2510,0.000922257,0.000596182,0.0768716,0.00630652,FALSE,NA,NA,NA,NA,NA,NA
2223,17,65582328,66757556,TRUE,355,2410,0.000468153,0.00101392,0.205092,4.00958e-06,FALSE,NA,NA,NA,NA,NA,NA
2224,17,66757557,68176219,FALSE,NA,NA,NA,NA,NA,NA,NA,NA,NA,NA,NA,NA,NA
2225,17,68176220,69245590,TRUE,298,2642,NA,0.000438882,NA,0.0136314,FALSE,NA,NA,NA,NA,NA,NA
2226,17,69245591,70495119,TRUE,438,2453,NA,0.000217816,NA,0.169808,FALSE,NA,NA,NA,NA,NA,NA
2227,17,70495120,71466953,TRUE,454,2113,NA,0.000785966,NA,0.000710455,FALSE,NA,NA,NA,NA,NA,NA
2228,17,71466954,72383472,TRUE,469,2298,NA,0.000352933,NA,0.071248,FALSE,NA,NA,NA,NA,NA,NA
2229,17,72383473,73741321,TRUE,389,2783,NA,0.000629445,NA,0.00283949,FALSE,NA,NA,NA,NA,NA,NA
2230,17,73741322,74908266,TRUE,347,2487,0.00079187,0.000999089,0.0848707,4.77875e-06,FALSE,NA,NA,NA,NA,NA,NA
2231,17,74908267,75619256,TRUE,343,1895,NA,0.00010392,NA,0.297299,FALSE,NA,NA,NA,NA,NA,NA
2232,17,75619257,76596287,TRUE,472,2508,NA,0.000774258,NA,0.0010307,FALSE,NA,NA,NA,NA,NA,NA
2233,17,76596288,77412786,TRUE,409,2065,NA,0.000653351,NA,0.00257927,FALSE,NA,NA,NA,NA,NA,NA
2234,17,77412787,78438332,TRUE,395,2146,NA,1.50055e-05,NA,0.462989,FALSE,NA,NA,NA,NA,NA,NA
2235,17,78438333,79333774,TRUE,321,2600,NA,0.00062667,NA,0.00134744,FALSE,NA,NA,NA,NA,NA,NA
2236,17,79333775,80459149,TRUE,197,2213,NA,0.000393824,NA,0.00781532,FALSE,NA,NA,NA,NA,NA,NA
2237,17,80459150,81192460,TRUE,195,1782,NA,0.00048368,NA,0.00178433,FALSE,NA,NA,NA,NA,NA,NA
2238,18,10719,848350,FALSE,NA,NA,NA,NA,NA,NA,NA,NA,NA,NA,NA,NA,NA
2239,18,848351,1940211,TRUE,287,2454,0.000559481,0.000118884,0.140166,0.253798,FALSE,NA,NA,NA,NA,NA,NA
2240,18,1940212,2839842,TRUE,344,2529,NA,9.93142e-05,NA,0.304552,FALSE,NA,NA,NA,NA,NA,NA
2241,18,2839843,3722828,TRUE,370,2031,NA,0.000319319,NA,0.067592,FALSE,NA,NA,NA,NA,NA,NA
2242,18,3722829,4603961,TRUE,336,1880,NA,0.000143289,NA,0.23237,FALSE,NA,NA,NA,NA,NA,NA
2243,18,4603962,5575812,TRUE,284,2304,NA,0.000529725,NA,0.00346484,FALSE,NA,NA,NA,NA,NA,NA
2244,18,5575813,6756496,TRUE,440,2570,0.000359063,0.000321775,0.282074,0.0827743,FALSE,NA,NA,NA,NA,NA,NA
2245,18,6756497,7862479,TRUE,348,2218,NA,0.000376693,NA,0.0360625,FALSE,NA,NA,NA,NA,NA,NA
2246,18,7862480,8788524,TRUE,345,2362,0.000289647,0.000158669,0.298042,0.216876,FALSE,NA,NA,NA,NA,NA,NA
2247,18,8788525,9816164,TRUE,433,2872,NA,0.000651189,NA,0.00320746,FALSE,NA,NA,NA,NA,NA,NA
2248,18,9816165,10675548,TRUE,407,2150,NA,0.000398718,NA,0.0383888,FALSE,NA,NA,NA,NA,NA,NA
2249,18,10675549,11872226,FALSE,NA,NA,NA,NA,NA,NA,NA,NA,NA,NA,NA,NA,NA
2250,18,11872227,12735558,TRUE,238,2137,NA,6.18076e-05,NA,0.346755,FALSE,NA,NA,NA,NA,NA,NA
2251,18,12735559,13641479,TRUE,323,1953,NA,0.000770149,NA,0.000147858,FALSE,NA,NA,NA,NA,NA,NA
2252,18,13641480,14439251,TRUE,127,1461,0.000211687,NA,0.260385,NA,FALSE,NA,NA,NA,NA,NA,NA
2253,18,14439252,15220934,TRUE,56,687,5.44737e-06,NA,0.465397,NA,FALSE,NA,NA,NA,NA,NA,NA
2254,18,15220935,20009696,FALSE,NA,NA,NA,NA,NA,NA,NA,NA,NA,NA,NA,NA,NA
2255,18,20009697,21622716,TRUE,277,2725,0.0010319,4.75729e-05,0.0252679,0.387159,FALSE,NA,NA,NA,NA,NA,NA
2256,18,21622717,22746153,TRUE,361,2409,0.000178379,0.000536133,0.370626,0.00693013,FALSE,NA,NA,NA,NA,NA,NA
2257,18,22746154,24088163,TRUE,367,2687,NA,0.0006954,NA,0.00101216,FALSE,NA,NA,NA,NA,NA,NA
2258,18,24088164,25305260,TRUE,363,2528,0.000518869,0.000400087,0.184428,0.0312517,FALSE,NA,NA,NA,NA,NA,NA
2259,18,25305261,26861067,TRUE,270,2884,0.000347146,0.000591556,0.239507,0.001096,FALSE,NA,NA,NA,NA,NA,NA
2260,18,26861068,27823155,TRUE,141,2053,0.000195458,0.000349761,0.285039,0.00632641,FALSE,NA,NA,NA,NA,NA,NA
2261,18,27823156,28792734,TRUE,254,2266,0.000186851,0.000308815,0.341075,0.0426394,FALSE,NA,NA,NA,NA,NA,NA
2262,18,28792735,30401128,TRUE,399,3303,NA,0.000440301,NA,0.0250576,FALSE,NA,NA,NA,NA,NA,NA
2263,18,30401129,32458907,TRUE,340,3331,NA,0.000951045,NA,1.08609e-05,FALSE,NA,NA,NA,NA,NA,NA
2264,18,32458908,34153297,TRUE,414,3074,NA,0.000497182,NA,0.015599,FALSE,NA,NA,NA,NA,NA,NA
2265,18,34153298,36056932,TRUE,442,3685,NA,0.00107196,NA,1.00349e-05,FALSE,NA,NA,NA,NA,NA,NA
2266,18,36056933,37679127,TRUE,276,2813,0.000926299,0.000951319,0.038369,1.75751e-06,TRUE,0.277169,0.277169,FALSE,-0.32958,1,0.336882
2267,18,37679128,38498381,TRUE,176,2196,NA,0.000111292,NA,0.216541,FALSE,NA,NA,NA,NA,NA,NA
2268,18,38498382,39410165,TRUE,231,1856,NA,0.00076496,NA,2.09786e-05,FALSE,NA,NA,NA,NA,NA,NA
2269,18,39410166,40471407,TRUE,167,2125,0.000371759,NA,0.171379,NA,FALSE,NA,NA,NA,NA,NA,NA
2270,18,40471408,41425454,TRUE,196,2030,NA,0.000242472,NA,0.0614089,FALSE,NA,NA,NA,NA,NA,NA
2271,18,41425455,42974165,TRUE,409,2869,NA,0.000825087,NA,0.000261621,FALSE,NA,NA,NA,NA,NA,NA
2272,18,42974166,44300145,TRUE,470,3024,6.56937e-05,0.000862467,0.451909,0.000333552,FALSE,NA,NA,NA,NA,NA,NA
2273,18,44300146,45718492,TRUE,405,3104,NA,0.000824557,NA,0.000261485,FALSE,NA,NA,NA,NA,NA,NA
2274,18,45718493,46558306,TRUE,439,2027,NA,0.000944875,NA,6.40138e-05,FALSE,NA,NA,NA,NA,NA,NA
2275,18,46558307,47455925,TRUE,193,2120,2.18075e-05,0.000377918,0.466018,0.00954795,FALSE,NA,NA,NA,NA,NA,NA
2276,18,47455926,48228379,TRUE,253,1801,NA,0.000722127,NA,8.24333e-05,FALSE,NA,NA,NA,NA,NA,NA
2277,18,48228380,49790996,TRUE,397,3119,NA,0.000926253,NA,4.68591e-05,FALSE,NA,NA,NA,NA,NA,NA
2278,18,49790997,50372823,TRUE,185,1938,5.36376e-05,0.000431075,0.435139,0.00360061,FALSE,NA,NA,NA,NA,NA,NA
2279,18,50372824,51060986,TRUE,98,1789,NA,0.000338465,NA,0.00252578,FALSE,NA,NA,NA,NA,NA,NA
2280,18,51060987,52512523,TRUE,177,3453,NA,0.000470536,NA,0.00147313,FALSE,NA,NA,NA,NA,NA,NA
2281,18,52512524,53762996,TRUE,272,2089,NA,0.00188912,NA,1.84242e-17,FALSE,NA,NA,NA,NA,NA,NA
2282,18,53762997,54957867,TRUE,267,2270,0.00150129,0.000714994,0.00243514,0.000145733,TRUE,0.00151864,0.00151864,FALSE,-0.61987,0.59462,0.995317
2283,18,54957868,55809315,TRUE,292,2325,NA,5.59516e-05,NA,0.372064,FALSE,NA,NA,NA,NA,NA,NA
2284,18,55809316,56832312,TRUE,404,2494,0.000412621,NA,0.246325,NA,FALSE,NA,NA,NA,NA,NA,NA
2285,18,56832313,57635821,FALSE,NA,NA,NA,NA,NA,NA,NA,NA,NA,NA,NA,NA,NA
2286,18,57635822,58527236,TRUE,194,2001,NA,0.000315544,NA,0.0242542,FALSE,NA,NA,NA,NA,NA,NA
2287,18,58527237,59449422,TRUE,270,1693,0.000804884,0.000125739,0.0586224,0.237933,FALSE,NA,NA,NA,NA,NA,NA
2288,18,59449423,60780194,TRUE,348,3210,NA,0.000327322,NA,0.0581519,FALSE,NA,NA,NA,NA,NA,NA
2289,18,60780195,62074993,TRUE,301,2956,8.66989e-05,0.000669844,0.424571,0.000537144,FALSE,NA,NA,NA,NA,NA,NA
2290,18,62074994,63109755,TRUE,209,2541,NA,0.000213813,NA,0.0918619,FALSE,NA,NA,NA,NA,NA,NA
2291,18,63109756,64253143,TRUE,201,2546,0.000439229,0.000296672,0.154726,0.0325088,FALSE,NA,NA,NA,NA,NA,NA
2292,18,64253144,65294195,TRUE,206,2674,0.00117212,0.000295866,0.00609286,0.0346978,TRUE,-0.415151,-0.415151,FALSE,-1,0.39144,0.271657
2293,18,65294196,66407960,TRUE,303,3002,0.000650532,0.000102636,0.11237,0.287329,FALSE,NA,NA,NA,NA,NA,NA
2294,18,66407961,67195980,TRUE,210,1915,NA,0.000293475,NA,0.0369447,FALSE,NA,NA,NA,NA,NA,NA
2295,18,67195981,68051035,FALSE,NA,NA,NA,NA,NA,NA,NA,NA,NA,NA,NA,NA,NA
2296,18,68051036,69311742,TRUE,396,3367,NA,0.000705251,NA,0.00117257,FALSE,NA,NA,NA,NA,NA,NA
2297,18,69311743,70540349,TRUE,357,3200,NA,0.000639033,NA,0.00186269,FALSE,NA,NA,NA,NA,NA,NA
2298,18,70540350,71491860,TRUE,325,2646,NA,0.000642437,NA,0.00112321,FALSE,NA,NA,NA,NA,NA,NA
2299,18,71491861,72785206,TRUE,357,2684,NA,7.57395e-05,NA,0.348391,FALSE,NA,NA,NA,NA,NA,NA
2300,18,72785207,73568260,TRUE,301,2086,NA,0.000222856,NA,0.122242,FALSE,NA,NA,NA,NA,NA,NA
2301,18,73568261,74471745,TRUE,390,2532,NA,0.000302771,NA,0.0832012,FALSE,NA,NA,NA,NA,NA,NA
2302,18,74471746,75240760,TRUE,371,2521,NA,0.000391442,NA,0.0349455,FALSE,NA,NA,NA,NA,NA,NA
2303,18,75240761,76231685,FALSE,NA,NA,NA,NA,NA,NA,NA,NA,NA,NA,NA,NA,NA
2304,18,76231686,77148137,FALSE,NA,NA,NA,NA,NA,NA,NA,NA,NA,NA,NA,NA,NA
2305,18,77148138,78017072,TRUE,279,2258,NA,0.00114105,NA,2.47891e-08,FALSE,NA,NA,NA,NA,NA,NA
2306,19,64705,762046,TRUE,130,598,NA,5.01705e-05,NA,0.331395,FALSE,NA,NA,NA,NA,NA,NA
2307,19,762047,1515920,TRUE,216,1052,0.000937548,0.000445225,0.0228438,0.00528579,TRUE,-0.0440281,-0.0440281,FALSE,-1,0.8705,0.90183
2308,19,1515921,2253174,TRUE,206,1145,NA,0.00067414,NA,7.25304e-05,FALSE,NA,NA,NA,NA,NA,NA
2309,19,2253175,3085446,TRUE,325,1943,NA,0.000372089,NA,0.0335092,FALSE,NA,NA,NA,NA,NA,NA
2310,19,3085447,3893909,FALSE,NA,NA,NA,NA,NA,NA,NA,NA,NA,NA,NA,NA,NA
2311,19,3893910,4741718,TRUE,239,1502,NA,9.36665e-06,NA,0.465724,FALSE,NA,NA,NA,NA,NA,NA
2312,19,4741719,5478684,TRUE,367,1899,NA,0.000794839,NA,0.000209142,FALSE,NA,NA,NA,NA,NA,NA
2313,19,5478685,6455428,TRUE,308,2296,NA,0.000308495,NA,0.0596162,FALSE,NA,NA,NA,NA,NA,NA
2314,19,6455429,7249359,TRUE,323,1989,2.17331e-05,0.000342198,0.473761,0.0444059,FALSE,NA,NA,NA,NA,NA,NA
2315,19,7249360,8199016,TRUE,341,2210,0.00074307,0.000165636,0.0962726,0.202057,FALSE,NA,NA,NA,NA,NA,NA
2316,19,8199017,9105577,TRUE,279,1931,0.000456321,NA,0.183496,NA,FALSE,NA,NA,NA,NA,NA,NA
2317,19,9105578,10028840,TRUE,140,2007,0.000334677,0.00027491,0.174991,0.0218237,FALSE,NA,NA,NA,NA,NA,NA
2318,19,10028841,11681978,TRUE,482,3321,NA,0.00071961,NA,0.00217824,FALSE,NA,NA,NA,NA,NA,NA
2319,19,11681979,13213186,TRUE,300,2567,NA,0.000892145,NA,1.15485e-05,FALSE,NA,NA,NA,NA,NA,NA
2320,19,13213187,13968319,TRUE,284,1480,0.000384197,0.000455533,0.223564,0.00928907,FALSE,NA,NA,NA,NA,NA,NA
2321,19,13968320,14891100,TRUE,278,1566,NA,0.000625443,NA,0.000733328,FALSE,NA,NA,NA,NA,NA,NA
2322,19,14891101,15650185,TRUE,264,1826,NA,0.000361937,NA,0.024644,FALSE,NA,NA,NA,NA,NA,NA
2323,19,15650186,16079006,TRUE,125,1755,NA,9.44986e-05,NA,0.213021,FALSE,NA,NA,NA,NA,NA,NA
2324,19,16079007,17045963,TRUE,222,1902,0.000123881,0.000155055,0.381407,0.168391,FALSE,NA,NA,NA,NA,NA,NA
2325,19,17045964,17750518,TRUE,269,1756,NA,0.000501664,NA,0.00411615,FALSE,NA,NA,NA,NA,NA,NA
2326,19,17750519,18504867,TRUE,267,1688,NA,0.000470709,NA,0.00629345,FALSE,NA,NA,NA,NA,NA,NA
2327,19,18504868,19749166,TRUE,276,2037,NA,0.000811142,NA,2.82435e-05,FALSE,NA,NA,NA,NA,NA,NA
2328,19,19749167,20485499,TRUE,162,1860,0.000112023,0.000376876,0.373572,0.00627053,FALSE,NA,NA,NA,NA,NA,NA
2329,19,20485500,21155862,TRUE,71,1932,3.61008e-05,NA,0.422616,NA,FALSE,NA,NA,NA,NA,NA,NA
2330,19,21155863,21822653,TRUE,83,1658,NA,9.19328e-05,NA,0.175507,FALSE,NA,NA,NA,NA,NA,NA
2331,19,21822654,22729408,TRUE,151,2246,NA,0.000197323,NA,0.0757541,FALSE,NA,NA,NA,NA,NA,NA
2332,19,22729409,23468992,FALSE,NA,NA,NA,NA,NA,NA,NA,NA,NA,NA,NA,NA,NA
2333,19,23468993,24567341,TRUE,61,1039,NA,7.59024e-06,NA,0.440657,FALSE,NA,NA,NA,NA,NA,NA
2334,19,24567342,28555845,TRUE,90,2171,0.000247726,0.000139733,0.191793,0.0973197,FALSE,NA,NA,NA,NA,NA,NA
2335,19,28555846,29389090,TRUE,200,2734,NA,0.000438149,NA,0.00415077,FALSE,NA,NA,NA,NA,NA,NA
2336,19,29389091,30375792,FALSE,NA,NA,NA,NA,NA,NA,NA,NA,NA,NA,NA,NA,NA
2337,19,30375793,31763008,TRUE,379,2213,NA,0.000838784,NA,0.000138498,FALSE,NA,NA,NA,NA,NA,NA
2338,19,31763009,33028099,TRUE,360,2390,NA,0.000617658,NA,0.00245744,FALSE,NA,NA,NA,NA,NA,NA
2339,19,33028100,33785835,TRUE,217,2105,0.000325259,0.000226947,0.229775,0.0827306,FALSE,NA,NA,NA,NA,NA,NA
2340,19,33785836,34633274,TRUE,336,2300,0.00046429,0.000338921,0.200736,0.0492919,FALSE,NA,NA,NA,NA,NA,NA
2341,19,34633275,35649343,TRUE,262,2148,0.000253312,0.000524175,0.296471,0.00278997,FALSE,NA,NA,NA,NA,NA,NA
2342,19,35649344,36638122,TRUE,373,2169,0.000157924,0.000484531,0.385651,0.0138314,FALSE,NA,NA,NA,NA,NA,NA
2343,19,36638123,38472870,TRUE,156,3064,0.000135432,0.000827867,0.348863,1.75796e-07,FALSE,NA,NA,NA,NA,NA,NA
2344,19,38472871,39370419,TRUE,257,2053,0.000632256,0.000947865,0.100913,9.52651e-07,FALSE,NA,NA,NA,NA,NA,NA
2345,19,39370420,40171413,TRUE,230,1798,NA,0.00048845,NA,0.0030649,FALSE,NA,NA,NA,NA,NA,NA
2346,19,40171414,41004105,TRUE,198,1658,0.00123855,NA,0.00366919,NA,FALSE,NA,NA,NA,NA,NA,NA
2347,19,41004106,41733463,TRUE,245,1653,NA,2.39123e-09,NA,0.487979,FALSE,NA,NA,NA,NA,NA,NA
2348,19,41733464,43317282,TRUE,271,1954,NA,0.000506687,NA,0.00420066,FALSE,NA,NA,NA,NA,NA,NA
2349,19,43317283,43960958,TRUE,126,1640,0.00040127,NA,0.122943,NA,FALSE,NA,NA,NA,NA,NA,NA
2350,19,43960959,45040932,TRUE,301,2405,NA,0.000391105,NA,0.0232934,FALSE,NA,NA,NA,NA,NA,NA
2351,19,45040933,45893307,FALSE,NA,NA,NA,NA,NA,NA,NA,NA,NA,NA,NA,NA,NA
2352,19,45893308,46765060,TRUE,292,1916,NA,0.000685093,NA,0.000389014,FALSE,NA,NA,NA,NA,NA,NA
2353,19,46765061,47752727,TRUE,323,1853,NA,0.000139115,NA,0.235923,FALSE,NA,NA,NA,NA,NA,NA
2354,19,47752728,48573065,TRUE,244,1759,NA,6.87667e-05,NA,0.334016,FALSE,NA,NA,NA,NA,NA,NA
2355,19,48573066,49415189,TRUE,295,2048,NA,0.000230551,NA,0.11168,FALSE,NA,NA,NA,NA,NA,NA
2356,19,49415190,50451925,TRUE,336,1875,0.000219617,0.000854897,0.339251,4.79812e-05,FALSE,NA,NA,NA,NA,NA,NA
2357,19,50451926,51259178,TRUE,274,1462,NA,0.000646178,NA,0.000484295,FALSE,NA,NA,NA,NA,NA,NA
2358,19,51259179,51903804,TRUE,299,1492,NA,5.80942e-05,NA,0.369785,FALSE,NA,NA,NA,NA,NA,NA
2359,19,51903805,52678748,TRUE,334,2400,NA,0.000424202,NA,0.0200607,FALSE,NA,NA,NA,NA,NA,NA
2360,19,52678749,53431217,TRUE,318,2322,NA,0.000103581,NA,0.290001,FALSE,NA,NA,NA,NA,NA,NA
2361,19,53431218,54042240,TRUE,331,1940,6.63858e-05,2.59381e-05,0.442307,0.438024,FALSE,NA,NA,NA,NA,NA,NA
2362,19,54042241,54602370,TRUE,190,1001,NA,7.77356e-05,NA,0.292998,FALSE,NA,NA,NA,NA,NA,NA
2363,19,54602371,55182973,TRUE,254,1470,NA,3.86339e-05,NA,0.400729,FALSE,NA,NA,NA,NA,NA,NA
2364,19,55182974,55714085,TRUE,188,1237,NA,0.00045484,NA,0.00246766,FALSE,NA,NA,NA,NA,NA,NA
2365,19,55714086,56411086,TRUE,416,1647,NA,0.000585761,NA,0.00599525,FALSE,NA,NA,NA,NA,NA,NA
2366,19,56411087,57143509,TRUE,341,1989,0.000257072,NA,0.316818,NA,FALSE,NA,NA,NA,NA,NA,NA
2367,19,57143510,57959952,TRUE,356,1986,NA,0.000576199,NA,0.00404941,FALSE,NA,NA,NA,NA,NA,NA
2368,19,57959953,59118811,TRUE,278,2300,NA,0.000293306,NA,0.0583885,FALSE,NA,NA,NA,NA,NA,NA
2369,20,60795,884241,TRUE,402,1902,NA,0.000215706,NA,0.161048,FALSE,NA,NA,NA,NA,NA,NA
2370,20,884242,1771285,TRUE,369,2159,0.000561569,0.000177914,0.16818,0.195523,FALSE,NA,NA,NA,NA,NA,NA
2371,20,1771286,2668108,TRUE,344,2240,NA,0.000384755,NA,0.0324291,FALSE,NA,NA,NA,NA,NA,NA
2372,20,2668109,3736551,TRUE,306,2237,0.00139485,0.000367835,0.00659108,0.0311564,TRUE,0.110875,0.110875,FALSE,-0.85871,1,0.762892
2373,20,3736552,4591847,TRUE,344,2320,NA,0.00025237,NA,0.10889,FALSE,NA,NA,NA,NA,NA,NA
2374,20,4591848,5379450,TRUE,261,1975,NA,0.000249279,NA,0.0819203,FALSE,NA,NA,NA,NA,NA,NA
2375,20,5379451,6128358,FALSE,NA,NA,NA,NA,NA,NA,NA,NA,NA,NA,NA,NA,NA
2376,20,6128359,7231796,TRUE,315,2261,NA,0.000251225,NA,0.100159,FALSE,NA,NA,NA,NA,NA,NA
2377,20,7231797,7959828,TRUE,125,1744,0.00037186,0.000102239,0.1388,0.196716,FALSE,NA,NA,NA,NA,NA,NA
2378,20,7959829,9279550,TRUE,402,2914,NA,0.000435993,NA,0.0267264,FALSE,NA,NA,NA,NA,NA,NA
2379,20,9279551,10279603,TRUE,333,2163,NA,0.000318948,NA,0.0586398,FALSE,NA,NA,NA,NA,NA,NA
2380,20,10279604,11257012,TRUE,323,2312,NA,0.000272731,NA,0.085853,FALSE,NA,NA,NA,NA,NA,NA
2381,20,11257013,12353961,TRUE,287,2537,0.000245091,8.87019e-05,0.309988,0.307969,FALSE,NA,NA,NA,NA,NA,NA
2382,20,12353962,13202335,TRUE,242,2322,NA,0.000283031,NA,0.0520516,FALSE,NA,NA,NA,NA,NA,NA
2383,20,13202336,14203755,FALSE,NA,NA,NA,NA,NA,NA,NA,NA,NA,NA,NA,NA,NA
2384,20,14203756,15238519,TRUE,257,2340,0.00108022,0.000613471,0.0174117,0.000657972,TRUE,0.279271,0.279271,FALSE,-0.4112,1,0.370039
2385,20,15238520,15962576,TRUE,284,1796,NA,0.000438545,NA,0.0116936,FALSE,NA,NA,NA,NA,NA,NA
2386,20,15962577,16661516,TRUE,271,2189,0.000764169,0.000625339,0.0682274,0.000662864,FALSE,NA,NA,NA,NA,NA,NA
2387,20,16661517,17359290,TRUE,269,1955,6.12378e-05,0.000472014,0.440118,0.00655589,FALSE,NA,NA,NA,NA,NA,NA
2388,20,17359291,18058524,TRUE,278,1912,4.75711e-05,0.000363982,0.451638,0.0273138,FALSE,NA,NA,NA,NA,NA,NA
2389,20,18058525,18959419,TRUE,211,2386,0.000643348,0.00034036,0.0776217,0.0214233,FALSE,NA,NA,NA,NA,NA,NA
2390,20,18959420,19957928,TRUE,353,2375,NA,0.000823863,NA,0.000119463,FALSE,NA,NA,NA,NA,NA,NA
2391,20,19957929,21682377,TRUE,420,2965,0.00102854,0.000739348,0.0536117,0.000963325,FALSE,NA,NA,NA,NA,NA,NA
2392,20,21682378,22780956,TRUE,214,1986,0.000206809,NA,0.312495,NA,FALSE,NA,NA,NA,NA,NA,NA
2393,20,22780957,23808562,TRUE,291,2575,NA,0.000600059,NA,0.00132709,FALSE,NA,NA,NA,NA,NA,NA
2394,20,23808563,24487128,TRUE,173,1860,NA,0.000366709,NA,0.00867419,FALSE,NA,NA,NA,NA,NA,NA
2395,20,24487129,25181038,TRUE,154,1919,0.00029064,0.000196765,0.216458,0.0792321,FALSE,NA,NA,NA,NA,NA,NA
2396,20,25181039,26318858,TRUE,88,1574,0.000248151,7.74966e-05,0.188946,0.217672,FALSE,NA,NA,NA,NA,NA,NA
2397,20,26318859,30569659,TRUE,97,1430,1.03678e-05,0.000144355,0.467199,0.0938028,FALSE,NA,NA,NA,NA,NA,NA
2398,20,30569660,32484506,TRUE,390,2805,0.000670065,0.000504648,0.133883,0.0123933,FALSE,NA,NA,NA,NA,NA,NA
2399,20,32484507,33890060,TRUE,129,1792,NA,0.000492629,NA,0.000228141,FALSE,NA,NA,NA,NA,NA,NA
2400,20,33890061,35990261,TRUE,308,2745,0.000308088,0.000514995,0.276384,0.00546764,FALSE,NA,NA,NA,NA,NA,NA
2401,20,35990262,37253657,TRUE,347,2258,0.00127434,0.000599068,0.0156321,0.00273959,TRUE,-0.361843,-0.361843,FALSE,-1,0.29616,0.264724
2402,20,37253658,38427594,TRUE,268,2465,NA,0.000971443,NA,9.0504e-07,FALSE,NA,NA,NA,NA,NA,NA
2403,20,38427595,40272390,TRUE,414,3289,0.00101041,0.000800089,0.0554248,0.000399072,FALSE,NA,NA,NA,NA,NA,NA
2404,20,40272391,41351514,TRUE,416,2629,NA,0.000410201,NA,0.0365645,FALSE,NA,NA,NA,NA,NA,NA
2405,20,41351515,42185671,TRUE,322,1721,0.000798619,0.000771875,0.0758859,0.000150248,FALSE,NA,NA,NA,NA,NA,NA
2406,20,42185672,43008890,TRUE,289,1725,NA,0.000447531,NA,0.0107679,FALSE,NA,NA,NA,NA,NA,NA
2407,20,43008891,44072210,TRUE,285,1807,NA,0.000756804,NA,8.96764e-05,FALSE,NA,NA,NA,NA,NA,NA
2408,20,44072211,45673603,TRUE,466,3468,NA,0.000295918,NA,0.106748,FALSE,NA,NA,NA,NA,NA,NA
2409,20,45673604,46486132,TRUE,262,1766,NA,0.000323291,NA,0.0380822,FALSE,NA,NA,NA,NA,NA,NA
2410,20,46486133,47203836,TRUE,263,1672,0.000134369,0.00042318,0.382666,0.0114793,FALSE,NA,NA,NA,NA,NA,NA
2411,20,47203837,48212975,TRUE,222,2349,0.000103927,0.000436985,0.39798,0.0061087,FALSE,NA,NA,NA,NA,NA,NA
2412,20,48212976,49236418,TRUE,333,2367,NA,9.84814e-05,NA,0.304952,FALSE,NA,NA,NA,NA,NA,NA
2413,20,49236419,50653620,TRUE,496,3466,0.00139667,0.000693661,0.0229806,0.00320946,TRUE,-0.323986,-0.323986,FALSE,-1,0.37544,0.331309
2414,20,50653621,51533750,TRUE,186,1905,0.000145317,3.4727e-05,0.35212,0.395105,FALSE,NA,NA,NA,NA,NA,NA
2415,20,51533751,52411532,TRUE,373,1743,NA,0.000519312,NA,0.00931535,FALSE,NA,NA,NA,NA,NA,NA
2416,20,52411533,53120334,TRUE,258,1877,NA,0.000304464,NA,0.046055,FALSE,NA,NA,NA,NA,NA,NA
2417,20,53120335,53879803,TRUE,152,1750,NA,1.81225e-05,NA,0.431622,FALSE,NA,NA,NA,NA,NA,NA
2418,20,53879804,54743694,TRUE,196,1787,0.000481225,0.000241771,0.131291,0.0626991,FALSE,NA,NA,NA,NA,NA,NA
2419,20,54743695,55448075,TRUE,297,1688,NA,4.6768e-05,NA,0.39209,FALSE,NA,NA,NA,NA,NA,NA
2420,20,55448076,56172843,TRUE,382,2152,0.00038029,0.000442858,0.257071,0.0223624,FALSE,NA,NA,NA,NA,NA,NA
2421,20,56172844,56951773,TRUE,329,1886,NA,0.000462177,NA,0.0132333,FALSE,NA,NA,NA,NA,NA,NA
2422,20,56951774,57924037,TRUE,345,1864,0.000215093,0.000198321,0.344087,0.163412,FALSE,NA,NA,NA,NA,NA,NA
2423,20,57924038,58780894,FALSE,NA,NA,NA,NA,NA,NA,NA,NA,NA,NA,NA,NA,NA
2424,20,58780895,59560457,TRUE,253,1830,0.000635827,0.000157612,0.0980799,0.179652,FALSE,NA,NA,NA,NA,NA,NA
2425,20,59560458,60125333,TRUE,217,1769,NA,0.000218897,NA,0.0892599,FALSE,NA,NA,NA,NA,NA,NA
2426,20,60125334,60766557,TRUE,267,1649,NA,0.000148009,NA,0.199882,FALSE,NA,NA,NA,NA,NA,NA
2427,20,60766558,61470768,TRUE,287,1686,NA,0.000284717,NA,0.0657804,FALSE,NA,NA,NA,NA,NA,NA
2428,20,61470769,62179241,TRUE,354,2049,0.000361966,0.00091066,0.25914,2.54811e-05,FALSE,NA,NA,NA,NA,NA,NA
2429,20,62179242,62963627,TRUE,241,1669,0.000798523,0.00059947,0.0507407,0.000563079,FALSE,NA,NA,NA,NA,NA,NA
2430,21,9411245,15026792,FALSE,NA,NA,NA,NA,NA,NA,NA,NA,NA,NA,NA,NA,NA
2431,21,15026793,15840033,TRUE,156,1749,NA,0.00041749,NA,0.00244762,FALSE,NA,NA,NA,NA,NA,NA
2432,21,15840034,16873443,TRUE,329,2059,NA,0.000491604,NA,0.00941669,FALSE,NA,NA,NA,NA,NA,NA
2433,21,16873444,18222037,TRUE,249,1877,0.000569625,0.000635799,0.120211,0.000355409,FALSE,NA,NA,NA,NA,NA,NA
2434,21,18222038,19479024,TRUE,348,2678,0.00029363,0.00052061,0.296453,0.00747636,FALSE,NA,NA,NA,NA,NA,NA
2435,21,19479025,20407307,TRUE,311,2413,NA,0.000296383,NA,0.0657763,FALSE,NA,NA,NA,NA,NA,NA
2436,21,20407308,21632916,TRUE,325,3116,NA,0.000422392,NA,0.0196263,FALSE,NA,NA,NA,NA,NA,NA
2437,21,21632917,22201890,TRUE,227,1820,NA,0.00068977,NA,8.01299e-05,FALSE,NA,NA,NA,NA,NA,NA
2438,21,22201891,23266941,TRUE,280,2865,0.00014335,0.000302094,0.379522,0.0534723,FALSE,NA,NA,NA,NA,NA,NA
2439,21,23266942,24055941,TRUE,242,1765,NA,0.000312328,NA,0.0384392,FALSE,NA,NA,NA,NA,NA,NA
2440,21,24055942,25247986,TRUE,335,3177,NA,0.000656872,NA,0.0010566,FALSE,NA,NA,NA,NA,NA,NA
2441,21,25247987,26467826,TRUE,285,3299,NA,0.000457383,NA,0.00926397,FALSE,NA,NA,NA,NA,NA,NA
2442,21,26467827,27774350,TRUE,336,2845,NA,0.000465505,NA,0.0132286,FALSE,NA,NA,NA,NA,NA,NA
2443,21,27774351,28616539,TRUE,263,2416,NA,0.000283337,NA,0.0588596,FALSE,NA,NA,NA,NA,NA,NA
2444,21,28616540,29449870,TRUE,225,2008,0.000499329,0.000289086,0.138438,0.0436062,FALSE,NA,NA,NA,NA,NA,NA
2445,21,29449871,30847296,TRUE,175,3054,0.000510746,0.000395448,0.105966,0.00536035,FALSE,NA,NA,NA,NA,NA,NA
2446,21,30847297,32202239,TRUE,225,3152,0.000319347,0.000523834,0.237464,0.00153136,FALSE,NA,NA,NA,NA,NA,NA
2447,21,32202240,33270272,TRUE,317,2459,NA,0.000310063,NA,0.0593489,FALSE,NA,NA,NA,NA,NA,NA
2448,21,33270273,34383794,TRUE,321,2357,NA,0.000140335,NA,0.232328,FALSE,NA,NA,NA,NA,NA,NA
2449,21,34383795,35729261,TRUE,472,2607,NA,0.000595921,NA,0.00806244,FALSE,NA,NA,NA,NA,NA,NA
2450,21,35729262,37303548,TRUE,472,3506,NA,0.000504578,NA,0.0197107,FALSE,NA,NA,NA,NA,NA,NA
2451,21,37303549,38046449,TRUE,217,2149,3.20852e-05,0.000111659,0.458897,0.237943,FALSE,NA,NA,NA,NA,NA,NA
2452,21,38046450,39252059,TRUE,364,2811,NA,0.000701534,NA,0.000817937,FALSE,NA,NA,NA,NA,NA,NA
2453,21,39252060,40480831,TRUE,414,2609,NA,0.000268928,NA,0.114193,FALSE,NA,NA,NA,NA,NA,NA
2454,21,40480832,41344742,TRUE,253,2448,0.000398075,0.000233437,0.203024,0.0920446,FALSE,NA,NA,NA,NA,NA,NA
2455,21,41344743,42187152,TRUE,330,2328,0.000623093,0.000353694,0.131493,0.0409997,FALSE,NA,NA,NA,NA,NA,NA
2456,21,42187153,43081434,TRUE,419,2200,NA,0.000200021,NA,0.184324,FALSE,NA,NA,NA,NA,NA,NA
2457,21,43081435,43812791,TRUE,481,2488,0.000615655,0.000288472,0.177651,0.115329,FALSE,NA,NA,NA,NA,NA,NA
2458,21,43812792,44815008,TRUE,392,2941,NA,0.000672777,NA,0.00162899,FALSE,NA,NA,NA,NA,NA,NA
2459,21,44815009,46045433,TRUE,430,2597,NA,0.000338448,NA,0.0711901,FALSE,NA,NA,NA,NA,NA,NA
2460,21,46045434,47014880,TRUE,393,2786,NA,0.000464223,NA,0.0192269,FALSE,NA,NA,NA,NA,NA,NA
2461,21,47014881,48119633,TRUE,282,2846,NA,0.000333158,NA,0.038777,FALSE,NA,NA,NA,NA,NA,NA
2462,22,16050213,17587474,FALSE,NA,NA,NA,NA,NA,NA,NA,NA,NA,NA,NA,NA,NA
2463,22,17587475,18535225,TRUE,359,2345,NA,6.53727e-05,NA,0.367306,FALSE,NA,NA,NA,NA,NA,NA
2464,22,18535226,19635654,TRUE,241,2019,0.00104747,7.0548e-05,0.0174236,0.328987,FALSE,NA,NA,NA,NA,NA,NA
2465,22,19635655,20969184,TRUE,291,2025,0.000178881,0.000816525,0.356401,3.37027e-05,FALSE,NA,NA,NA,NA,NA,NA
2466,22,20969185,22404422,TRUE,228,1995,NA,0.00013523,NA,0.202044,FALSE,NA,NA,NA,NA,NA,NA
2467,22,22404423,23143364,TRUE,108,1297,0.000302821,0.000229677,0.168106,0.0278281,FALSE,NA,NA,NA,NA,NA,NA
2468,22,23143365,23950732,TRUE,220,1614,0.000446597,NA,0.161231,NA,FALSE,NA,NA,NA,NA,NA,NA
2469,22,23950733,25282436,TRUE,281,2550,NA,0.000300952,NA,0.0587576,FALSE,NA,NA,NA,NA,NA,NA
2470,22,25282437,26166934,TRUE,256,1771,NA,0.000741676,NA,7.10606e-05,FALSE,NA,NA,NA,NA,NA,NA
2471,22,26166935,27192923,TRUE,434,2720,NA,0.000826614,NA,0.000351193,FALSE,NA,NA,NA,NA,NA,NA
2472,22,27192924,27952441,TRUE,453,2302,0.000481608,NA,0.225976,NA,FALSE,NA,NA,NA,NA,NA,NA
2473,22,27952442,29457601,TRUE,315,2560,NA,0.000741024,NA,0.000233706,FALSE,NA,NA,NA,NA,NA,NA
2474,22,29457602,30962255,TRUE,316,3006,NA,0.000790285,NA,9.71453e-05,FALSE,NA,NA,NA,NA,NA,NA
2475,22,30962256,31904549,TRUE,222,1865,NA,0.000718997,NA,4.52651e-05,FALSE,NA,NA,NA,NA,NA,NA
2476,22,31904550,32662293,TRUE,139,1902,NA,0.000380567,NA,0.00383512,FALSE,NA,NA,NA,NA,NA,NA
2477,22,32662294,33501725,TRUE,324,2348,0.00022642,0.000410907,0.332107,0.0218477,FALSE,NA,NA,NA,NA,NA,NA
2478,22,33501726,34361897,TRUE,316,2278,NA,0.000422738,NA,0.0184536,FALSE,NA,NA,NA,NA,NA,NA
2479,22,34361898,35368341,TRUE,245,3003,0.000113307,9.36619e-05,0.395247,0.284544,FALSE,NA,NA,NA,NA,NA,NA
2480,22,35368342,36135968,TRUE,245,1844,NA,0.000372966,NA,0.0182685,FALSE,NA,NA,NA,NA,NA,NA
2481,22,36135969,37364004,TRUE,361,2546,NA,0.00044913,NA,0.0182806,FALSE,NA,NA,NA,NA,NA,NA
2482,22,37364005,38718589,TRUE,445,2799,0.000495223,0.000294285,0.21794,0.102363,FALSE,NA,NA,NA,NA,NA,NA
2483,22,38718590,40378783,TRUE,437,2871,NA,0.00133955,NA,7.23492e-08,FALSE,NA,NA,NA,NA,NA,NA
2484,22,40378784,41722787,TRUE,187,1773,0.000448423,0.00127803,0.141879,2.8628e-12,FALSE,NA,NA,NA,NA,NA,NA
2485,22,41722788,42867927,TRUE,199,1941,0.000957026,0.00173541,0.017362,3.83864e-18,TRUE,0.418167,0.418167,FALSE,-0.01826,1,0.0536214
2486,22,42867928,43574017,TRUE,216,1792,0.000400422,0.000245247,0.183858,0.0674549,FALSE,NA,NA,NA,NA,NA,NA
2487,22,43574018,44409533,TRUE,317,2345,NA,0.000495952,NA,0.0076548,FALSE,NA,NA,NA,NA,NA,NA
2488,22,44409534,45170649,TRUE,456,2219,NA,0.000303731,NA,0.0979503,FALSE,NA,NA,NA,NA,NA,NA
2489,22,45170650,46351048,TRUE,489,3186,NA,0.000124583,NA,0.297795,FALSE,NA,NA,NA,NA,NA,NA
2490,22,46351049,47299625,TRUE,348,2327,0.000269501,0.000329542,0.310919,0.0564157,FALSE,NA,NA,NA,NA,NA,NA
2491,22,47299626,48269177,TRUE,393,2564,NA,0.000548265,NA,0.00773581,FALSE,NA,NA,NA,NA,NA,NA
2492,22,48269178,48977538,TRUE,353,2057,NA,0.000327047,NA,0.0592105,FALSE,NA,NA,NA,NA,NA,NA
2493,22,48977539,49559207,TRUE,394,2711,NA,0.000459808,NA,0.0200047,FALSE,NA,NA,NA,NA,NA,NA
2494,22,49559208,50347996,TRUE,320,2533,NA,0.000210955,NA,0.139934,FALSE,NA,NA,NA,NA,NA,NA
2495,22,50347997,51244236,TRUE,361,2220,NA,0.00105999,NA,2.02253e-06,FALSE,NA,NA,NA,NA,NA,NA
