"locus","K","theta1","theta2","lambda_min","r_e","rho_true","n_rep","n_gate_pass","n_paramlim_drop","n_reported","gate_rate","mean_rho_hat","se_rho_hat"
10,272,0.237152198505187,0.402317318699684,64.505397993411,0.10897,-0.8,2000,1594,95,1499,0.797,-0.737066635697131,0.00558284228028992
10,272,0.237152198505187,0.402317318699684,64.505397993411,0.10897,-0.6,2000,1631,31,1600,0.8155,-0.57466714382,0.00610940357515071
10,272,0.237152198505187,0.402317318699684,64.505397993411,0.10897,-0.4,2000,1602,10,1592,0.801,-0.395442958984925,0.00663612000758199
10,272,0.237152198505187,0.402317318699684,64.505397993411,0.10897,-0.2,2000,1640,1,1639,0.82,-0.193173123965467,0.0062408132225146
10,272,0.237152198505187,0.402317318699684,64.505397993411,0.10897,0,2000,1618,0,1618,0.809,0.00387088362934487,0.0062234297407564
10,272,0.237152198505187,0.402317318699684,64.505397993411,0.10897,0.2,2000,1621,0,1621,0.8105,0.207175046656385,0.00614585842129007
10,272,0.237152198505187,0.402317318699684,64.505397993411,0.10897,0.4,2000,1582,2,1580,0.791,0.398531019668987,0.00609310200876489
10,272,0.237152198505187,0.402317318699684,64.505397993411,0.10897,0.6,2000,1623,5,1618,0.8115,0.588115601143387,0.00557566022148606
10,272,0.237152198505187,0.402317318699684,64.505397993411,0.10897,0.8,2000,1623,86,1537,0.8115,0.754409630839297,0.00495558273781816
19,353,0.170772895516974,0.398157537297009,60.2828321174918,0.10897,-0.8,2000,1388,64,1324,0.694,-0.717631125,0.00592342639965749
19,353,0.170772895516974,0.398157537297009,60.2828321174918,0.10897,-0.6,2000,1323,12,1311,0.6615,-0.560397243249428,0.00665570487293977
19,353,0.170772895516974,0.398157537297009,60.2828321174918,0.10897,-0.4,2000,1349,1,1348,0.6745,-0.362322505893249,0.00684659546482361
19,353,0.170772895516974,0.398157537297009,60.2828321174918,0.10897,-0.2,2000,1362,1,1361,0.681,-0.189482652032035,0.00683224175392756
19,353,0.170772895516974,0.398157537297009,60.2828321174918,0.10897,0,2000,1392,0,1392,0.696,0.0173801003671695,0.0064288892811792
19,353,0.170772895516974,0.398157537297009,60.2828321174918,0.10897,0.2,2000,1397,0,1397,0.6985,0.195818662169506,0.00640654031073028
19,353,0.170772895516974,0.398157537297009,60.2828321174918,0.10897,0.4,2000,1389,0,1389,0.6945,0.37937122687761,0.00631373587828727
19,353,0.170772895516974,0.398157537297009,60.2828321174918,0.10897,0.6,2000,1355,6,1349,0.6775,0.580669693002224,0.00598571836764182
19,353,0.170772895516974,0.398157537297009,60.2828321174918,0.10897,0.8,2000,1348,30,1318,0.674,0.748099122003035,0.0052589927066726
22,226,0.169955386416691,0.39894968006604,38.4099173301721,0.10897,-0.8,2000,1032,42,990,0.516,-0.671869031070707,0.00770272933747737
22,226,0.169955386416691,0.39894968006604,38.4099173301721,0.10897,-0.6,2000,989,15,974,0.4945,-0.504530895708419,0.00882046520260968
22,226,0.169955386416691,0.39894968006604,38.4099173301721,0.10897,-0.4,2000,1013,4,1009,0.5065,-0.336813131377602,0.00935730003897079
22,226,0.169955386416691,0.39894968006604,38.4099173301721,0.10897,-0.2,2000,1048,0,1048,0.524,-0.156334191858779,0.00855873034243202
22,226,0.169955386416691,0.39894968006604,38.4099173301721,0.10897,0,2000,993,0,993,0.4965,0.0297707470513595,0.0090130383731362
22,226,0.169955386416691,0.39894968006604,38.4099173301721,0.10897,0.2,2000,1014,0,1014,0.507,0.188687545939152,0.0088202690200704
22,226,0.169955386416691,0.39894968006604,38.4099173301721,0.10897,0.4,2000,1068,1,1067,0.534,0.386618900656045,0.0083954347731006
22,226,0.169955386416691,0.39894968006604,38.4099173301721,0.10897,0.6,2000,1071,11,1060,0.5355,0.560096842669811,0.00765849202171456
22,226,0.169955386416691,0.39894968006604,38.4099173301721,0.10897,0.8,2000,1024,36,988,0.512,0.705201131578947,0.00714377903947486
37,239,0.182393568148074,0.399133232473307,43.5920627873896,0.10897,-0.8,2000,1180,57,1123,0.59,-0.701700240338379,0.00706041798991462
37,239,0.182393568148074,0.399133232473307,43.5920627873896,0.10897,-0.6,2000,1157,15,1142,0.5785,-0.511515744448336,0.00773427999106844
37,239,0.182393568148074,0.399133232473307,43.5920627873896,0.10897,-0.4,2000,1185,3,1182,0.5925,-0.349596491330795,0.0081260771014618
37,239,0.182393568148074,0.399133232473307,43.5920627873896,0.10897,-0.2,2000,1184,1,1183,0.592,-0.160317599120879,0.00791421858547039
37,239,0.182393568148074,0.399133232473307,43.5920627873896,0.10897,0,2000,1155,0,1155,0.5775,0.0198166107714286,0.00801659560859302
37,239,0.182393568148074,0.399133232473307,43.5920627873896,0.10897,0.2,2000,1185,0,1185,0.5925,0.216980072486751,0.00792647515584116
37,239,0.182393568148074,0.399133232473307,43.5920627873896,0.10897,0.4,2000,1166,0,1166,0.583,0.390550515523156,0.00818772346102016
37,239,0.182393568148074,0.399133232473307,43.5920627873896,0.10897,0.6,2000,1130,11,1119,0.565,0.546210703923146,0.00721106755151096
37,239,0.182393568148074,0.399133232473307,43.5920627873896,0.10897,0.8,2000,1176,50,1126,0.588,0.719115544582593,0.00647437623493901
41,279,0.377636814263957,0.43097814275667,105.360671179644,0.10897,-0.8,2000,1967,97,1870,0.9835,-0.78879395026738,0.00411673565221261
41,279,0.377636814263957,0.43097814275667,105.360671179644,0.10897,-0.6,2000,1961,25,1936,0.9805,-0.620568820506198,0.00483992309041844
41,279,0.377636814263957,0.43097814275667,105.360671179644,0.10897,-0.4,2000,1959,3,1956,0.9795,-0.418193355501534,0.00500063722611247
41,279,0.377636814263957,0.43097814275667,105.360671179644,0.10897,-0.2,2000,1962,0,1962,0.981,-0.216958433205403,0.00489139581055345
41,279,0.377636814263957,0.43097814275667,105.360671179644,0.10897,0,2000,1956,0,1956,0.978,-0.00839914342653374,0.00474306556575884
41,279,0.377636814263957,0.43097814275667,105.360671179644,0.10897,0.2,2000,1980,0,1980,0.99,0.204568094635051,0.00470047514641353
41,279,0.377636814263957,0.43097814275667,105.360671179644,0.10897,0.4,2000,1963,1,1962,0.9815,0.417944591864169,0.00452599742129607
41,279,0.377636814263957,0.43097814275667,105.360671179644,0.10897,0.6,2000,1969,9,1960,0.9845,0.614650565765306,0.00425606959043617
41,279,0.377636814263957,0.43097814275667,105.360671179644,0.10897,0.8,2000,1960,59,1901,0.98,0.802948094687007,0.00371954791762059
42,187,0.229743556607173,0.403046419428842,42.9620450855414,0.10897,-0.8,2000,1254,76,1178,0.627,-0.698518680135823,0.00691777065521192
42,187,0.229743556607173,0.403046419428842,42.9620450855414,0.10897,-0.6,2000,1288,29,1259,0.644,-0.535399397728356,0.00787237504207757
42,187,0.229743556607173,0.403046419428842,42.9620450855414,0.10897,-0.4,2000,1250,4,1246,0.625,-0.361115401701685,0.00814187792239454
42,187,0.229743556607173,0.403046419428842,42.9620450855414,0.10897,-0.2,2000,1264,1,1263,0.632,-0.178840216,0.00834226167234544
42,187,0.229743556607173,0.403046419428842,42.9620450855414,0.10897,0,2000,1222,0,1222,0.611,0.00839879300736497,0.0082005807382989
42,187,0.229743556607173,0.403046419428842,42.9620450855414,0.10897,0.2,2000,1264,0,1264,0.632,0.202189004503244,0.00818202566519655
42,187,0.229743556607173,0.403046419428842,42.9620450855414,0.10897,0.4,2000,1279,1,1278,0.6395,0.419076327078247,0.00746521684886446
42,187,0.229743556607173,0.403046419428842,42.9620450855414,0.10897,0.6,2000,1254,15,1239,0.627,0.554466627296207,0.00748989818106567
42,187,0.229743556607173,0.403046419428842,42.9620450855414,0.10897,0.8,2000,1278,63,1215,0.639,0.728593426748971,0.00649030411787292
59,194,0.170713377036411,0.400888911331521,33.1183951450638,0.10897,-0.8,2000,909,46,863,0.4545,-0.643979528621089,0.00854120661387575
59,194,0.170713377036411,0.400888911331521,33.1183951450638,0.10897,-0.6,2000,909,15,894,0.4545,-0.483385407438479,0.0093825852043751
59,194,0.170713377036411,0.400888911331521,33.1183951450638,0.10897,-0.4,2000,942,2,940,0.471,-0.326801341679894,0.00998048799692842
59,194,0.170713377036411,0.400888911331521,33.1183951450638,0.10897,-0.2,2000,915,0,915,0.4575,-0.147039674236175,0.0100625301076158
59,194,0.170713377036411,0.400888911331521,33.1183951450638,0.10897,0,2000,943,0,943,0.4715,0.0174845076882291,0.00971059162621971
59,194,0.170713377036411,0.400888911331521,33.1183951450638,0.10897,0.2,2000,911,0,911,0.4555,0.217680297310648,0.00974983153343442
59,194,0.170713377036411,0.400888911331521,33.1183951450638,0.10897,0.4,2000,934,3,931,0.467,0.374889066571429,0.00941120318763725
59,194,0.170713377036411,0.400888911331521,33.1183951450638,0.10897,0.6,2000,932,9,923,0.466,0.538069371508126,0.00879886608448842
59,194,0.170713377036411,0.400888911331521,33.1183951450638,0.10897,0.8,2000,953,21,932,0.4765,0.696632122961373,0.00772802686068023
77,224,0.471874889020066,0.398649382105885,89.2974615917183,0.10897,-0.8,2000,1949,114,1835,0.9745,-0.787606613623978,0.00428966534500332
77,224,0.471874889020066,0.398649382105885,89.2974615917183,0.10897,-0.6,2000,1952,35,1917,0.976,-0.617726623191445,0.00493682673986297
77,224,0.471874889020066,0.398649382105885,89.2974615917183,0.10897,-0.4,2000,1937,4,1933,0.9685,-0.410252944252457,0.00534078841509248
77,224,0.471874889020066,0.398649382105885,89.2974615917183,0.10897,-0.2,2000,1932,0,1932,0.966,-0.209297597596273,0.0051412367313945
77,224,0.471874889020066,0.398649382105885,89.2974615917183,0.10897,0,2000,1930,0,1930,0.965,-0.0103476840160622,0.00521475408160413
77,224,0.471874889020066,0.398649382105885,89.2974615917183,0.10897,0.2,2000,1955,0,1955,0.9775,0.203039536873197,0.00491069050665678
77,224,0.471874889020066,0.398649382105885,89.2974615917183,0.10897,0.4,2000,1932,0,1932,0.966,0.396548056345756,0.00477011543783761
77,224,0.471874889020066,0.398649382105885,89.2974615917183,0.10897,0.6,2000,1945,5,1940,0.9725,0.620380141752577,0.00453137047867465
77,224,0.471874889020066,0.398649382105885,89.2974615917183,0.10897,0.8,2000,1951,63,1888,0.9755,0.789556005826271,0.00384850607663811
97,350,0.260888182002717,0.395238774727042,91.310863700951,0.10897,-0.8,2000,1858,103,1755,0.929,-0.761569321310541,0.00459379450650518
97,350,0.260888182002717,0.395238774727042,91.310863700951,0.10897,-0.6,2000,1844,23,1821,0.922,-0.598926093130148,0.00527181193703499
97,350,0.260888182002717,0.395238774727042,91.310863700951,0.10897,-0.4,2000,1829,4,1825,0.9145,-0.413180348223562,0.00541622663172546
97,350,0.260888182002717,0.395238774727042,91.310863700951,0.10897,-0.2,2000,1856,0,1856,0.928,-0.213646194836746,0.00541261435260945
97,350,0.260888182002717,0.395238774727042,91.310863700951,0.10897,0,2000,1831,0,1831,0.9155,0.00435455366903331,0.00535861260388036
97,350,0.260888182002717,0.395238774727042,91.310863700951,0.10897,0.2,2000,1854,0,1854,0.927,0.212834105833873,0.00498009215813972
97,350,0.260888182002717,0.395238774727042,91.310863700951,0.10897,0.4,2000,1845,0,1845,0.9225,0.412517070905149,0.00497973726079118
97,350,0.260888182002717,0.395238774727042,91.310863700951,0.10897,0.6,2000,1860,6,1854,0.93,0.619104527464941,0.00472043479122007
97,350,0.260888182002717,0.395238774727042,91.310863700951,0.10897,0.8,2000,1861,74,1787,0.9305,0.785442612758814,0.00398708549176312
125,333,0.169368024100174,0.396849755907265,56.3995520253581,0.10897,-0.8,2000,1327,63,1264,0.6635,-0.715106956337025,0.00626787115028161
125,333,0.169368024100174,0.396849755907265,56.3995520253581,0.10897,-0.6,2000,1289,13,1276,0.6445,-0.536970208448276,0.00703528146179666
125,333,0.169368024100174,0.396849755907265,56.3995520253581,0.10897,-0.4,2000,1328,4,1324,0.664,-0.368040988700906,0.00704516778178058
125,333,0.169368024100174,0.396849755907265,56.3995520253581,0.10897,-0.2,2000,1345,1,1344,0.6725,-0.186210822949033,0.00686418495432057
125,333,0.169368024100174,0.396849755907265,56.3995520253581,0.10897,0,2000,1374,0,1374,0.687,0.0121156565545852,0.00676867419240067
125,333,0.169368024100174,0.396849755907265,56.3995520253581,0.10897,0.2,2000,1306,1,1305,0.653,0.201130901006897,0.00655455246785704
125,333,0.169368024100174,0.396849755907265,56.3995520253581,0.10897,0.4,2000,1318,2,1316,0.659,0.393946549044073,0.00662358174316939
125,333,0.169368024100174,0.396849755907265,56.3995520253581,0.10897,0.6,2000,1294,4,1290,0.647,0.579044147488372,0.00625119852286137
125,333,0.169368024100174,0.396849755907265,56.3995520253581,0.10897,0.8,2000,1319,26,1293,0.6595,0.74040796129157,0.00545183255076031
224,387,0.206727212958858,0.399012409069325,80.0034314150779,0.10897,-0.8,2000,1687,84,1603,0.8435,-0.752588959918902,0.00499063821216574
224,387,0.206727212958858,0.399012409069325,80.0034314150779,0.10897,-0.6,2000,1712,22,1690,0.856,-0.581875419526627,0.00550669241607029
224,387,0.206727212958858,0.399012409069325,80.0034314150779,0.10897,-0.4,2000,1654,5,1649,0.827,-0.397322457084294,0.00599569688529845
224,387,0.206727212958858,0.399012409069325,80.0034314150779,0.10897,-0.2,2000,1690,0,1690,0.845,-0.196211871056095,0.00578257067982446
224,387,0.206727212958858,0.399012409069325,80.0034314150779,0.10897,0,2000,1683,1,1682,0.8415,0.00464268344827586,0.00550126697549967
224,387,0.206727212958858,0.399012409069325,80.0034314150779,0.10897,0.2,2000,1668,0,1668,0.834,0.209221614067746,0.0054946636745808
224,387,0.206727212958858,0.399012409069325,80.0034314150779,0.10897,0.4,2000,1676,0,1676,0.838,0.405228383400955,0.00527251321534241
224,387,0.206727212958858,0.399012409069325,80.0034314150779,0.10897,0.6,2000,1661,7,1654,0.8305,0.600598521638452,0.00511992220646369
224,387,0.206727212958858,0.399012409069325,80.0034314150779,0.10897,0.8,2000,1683,51,1632,0.8415,0.766789660073529,0.00444973868038028
267,522,0.170055012492636,0.481281845399267,88.768716521156,0.10897,-0.8,2000,1632,47,1585,0.816,-0.756884094006309,0.00461244282279918
267,522,0.170055012492636,0.481281845399267,88.768716521156,0.10897,-0.6,2000,1622,3,1619,0.811,-0.580933999765287,0.00494732732081465
267,522,0.170055012492636,0.481281845399267,88.768716521156,0.10897,-0.4,2000,1661,0,1661,0.8305,-0.388752284924744,0.00499495941392738
267,522,0.170055012492636,0.481281845399267,88.768716521156,0.10897,-0.2,2000,1634,0,1634,0.817,-0.194508548768666,0.00506120801209029
267,522,0.170055012492636,0.481281845399267,88.768716521156,0.10897,0,2000,1618,0,1618,0.809,-0.000422202276885043,0.00491641144120597
267,522,0.170055012492636,0.481281845399267,88.768716521156,0.10897,0.2,2000,1643,0,1643,0.8215,0.201569686284967,0.0048708830145944
267,522,0.170055012492636,0.481281845399267,88.768716521156,0.10897,0.4,2000,1645,0,1645,0.8225,0.407554162584195,0.00467574586014068
267,522,0.170055012492636,0.481281845399267,88.768716521156,0.10897,0.6,2000,1635,1,1634,0.8175,0.596065081340269,0.00462364938716407
267,522,0.170055012492636,0.481281845399267,88.768716521156,0.10897,0.8,2000,1631,25,1606,0.8155,0.775312506849315,0.00414634205250921
278,264,0.166161306596806,0.399347661540453,43.8665849415569,0.10897,-0.8,2000,1135,51,1084,0.5675,-0.67630503800738,0.00709675953336258
278,264,0.166161306596806,0.399347661540453,43.8665849415569,0.10897,-0.6,2000,1133,17,1116,0.5665,-0.512420741719534,0.00801568841174645
278,264,0.166161306596806,0.399347661540453,43.8665849415569,0.10897,-0.4,2000,1128,5,1123,0.564,-0.343069146214604,0.00817645936539438
278,264,0.166161306596806,0.399347661540453,43.8665849415569,0.10897,-0.2,2000,1126,0,1126,0.563,-0.165251026293428,0.00846655031350369
278,264,0.166161306596806,0.399347661540453,43.8665849415569,0.10897,0,2000,1091,0,1091,0.5455,0.0210881833987168,0.00812820212032252
278,264,0.166161306596806,0.399347661540453,43.8665849415569,0.10897,0.2,2000,1095,1,1094,0.5475,0.195679326261426,0.00830887956637677
278,264,0.166161306596806,0.399347661540453,43.8665849415569,0.10897,0.4,2000,1107,3,1104,0.5535,0.372126719412138,0.00804015249932853
278,264,0.166161306596806,0.399347661540453,43.8665849415569,0.10897,0.6,2000,1174,6,1168,0.587,0.55848618192637,0.00700068789530656
278,264,0.166161306596806,0.399347661540453,43.8665849415569,0.10897,0.8,2000,1088,30,1058,0.544,0.712944150418715,0.00668361772068849
377,288,0.397218511738964,0.397941568949904,114.398931380822,0.10897,-0.8,2000,1970,101,1869,0.985,-0.780858084216158,0.00410561238526106
377,288,0.397218511738964,0.397941568949904,114.398931380822,0.10897,-0.6,2000,1968,21,1947,0.984,-0.615931139409348,0.00491499565213794
377,288,0.397218511738964,0.397941568949904,114.398931380822,0.10897,-0.4,2000,1967,1,1966,0.9835,-0.41703571628179,0.0048362562727455
377,288,0.397218511738964,0.397941568949904,114.398931380822,0.10897,-0.2,2000,1971,1,1970,0.9855,-0.216859519350102,0.00481423651880707
377,288,0.397218511738964,0.397941568949904,114.398931380822,0.10897,0,2000,1971,0,1971,0.9855,-0.00232738847590056,0.00475823626726058
377,288,0.397218511738964,0.397941568949904,114.398931380822,0.10897,0.2,2000,1965,0,1965,0.9825,0.202182434882188,0.00464158733126879
377,288,0.397218511738964,0.397941568949904,114.398931380822,0.10897,0.4,2000,1968,0,1968,0.984,0.409636301063516,0.00455648603647617
377,288,0.397218511738964,0.397941568949904,114.398931380822,0.10897,0.6,2000,1969,7,1962,0.9845,0.610496148756371,0.00431395482518257
377,288,0.397218511738964,0.397941568949904,114.398931380822,0.10897,0.8,2000,1980,44,1936,0.99,0.799844505165289,0.00365359905595363
404,402,0.169079568099605,0.40016682751726,67.9699863760413,0.10897,-0.8,2000,1423,54,1369,0.7115,-0.731789874433893,0.00571817620042315
404,402,0.169079568099605,0.40016682751726,67.9699863760413,0.10897,-0.6,2000,1460,12,1448,0.73,-0.558052373763812,0.00616856769975139
404,402,0.169079568099605,0.40016682751726,67.9699863760413,0.10897,-0.4,2000,1472,2,1470,0.736,-0.374136526831293,0.00631494574304185
404,402,0.169079568099605,0.40016682751726,67.9699863760413,0.10897,-0.2,2000,1486,0,1486,0.743,-0.188668398083445,0.00579159585944317
404,402,0.169079568099605,0.40016682751726,67.9699863760413,0.10897,0,2000,1454,0,1454,0.727,0.0105318890577717,0.00628301968535817
404,402,0.169079568099605,0.40016682751726,67.9699863760413,0.10897,0.2,2000,1442,0,1442,0.721,0.197806527393204,0.00590766859754297
404,402,0.169079568099605,0.40016682751726,67.9699863760413,0.10897,0.4,2000,1463,1,1462,0.7315,0.40381500493844,0.00581775267522949
404,402,0.169079568099605,0.40016682751726,67.9699863760413,0.10897,0.6,2000,1457,8,1449,0.7285,0.591415903247067,0.00538134379845847
404,402,0.169079568099605,0.40016682751726,67.9699863760413,0.10897,0.8,2000,1482,35,1447,0.741,0.748511429302004,0.00498320073424556
417,336,0.169461354916603,0.395050295919776,56.9390152519787,0.10897,-0.8,2000,1302,53,1249,0.651,-0.713454308086469,0.00608352206975898
417,336,0.169461354916603,0.395050295919776,56.9390152519787,0.10897,-0.6,2000,1322,22,1300,0.661,-0.540799029084615,0.00671569185393357
417,336,0.169461354916603,0.395050295919776,56.9390152519787,0.10897,-0.4,2000,1303,5,1298,0.6515,-0.384613978761171,0.00693370296884437
417,336,0.169461354916603,0.395050295919776,56.9390152519787,0.10897,-0.2,2000,1344,0,1344,0.672,-0.178168750770833,0.00695705774969837
417,336,0.169461354916603,0.395050295919776,56.9390152519787,0.10897,0,2000,1328,0,1328,0.664,0.011552846309488,0.0068505393599883
417,336,0.169461354916603,0.395050295919776,56.9390152519787,0.10897,0.2,2000,1328,0,1328,0.664,0.186018730353163,0.00693796298561537
417,336,0.169461354916603,0.395050295919776,56.9390152519787,0.10897,0.4,2000,1347,0,1347,0.6735,0.393212557449889,0.00666994513136342
417,336,0.169461354916603,0.395050295919776,56.9390152519787,0.10897,0.6,2000,1334,6,1328,0.667,0.573146180587349,0.00616945401109413
417,336,0.169461354916603,0.395050295919776,56.9390152519787,0.10897,0.8,2000,1318,48,1270,0.659,0.736091840551181,0.00556299314053135
421,328,0.167086510453278,0.393314268450544,54.8043754286752,0.10897,-0.8,2000,1303,67,1236,0.6515,-0.707236975555016,0.00615831414869252
421,328,0.167086510453278,0.393314268450544,54.8043754286752,0.10897,-0.6,2000,1295,15,1280,0.6475,-0.5383314048125,0.00708682230548447
421,328,0.167086510453278,0.393314268450544,54.8043754286752,0.10897,-0.4,2000,1299,2,1297,0.6495,-0.358551887970702,0.00737769383856896
421,328,0.167086510453278,0.393314268450544,54.8043754286752,0.10897,-0.2,2000,1324,0,1324,0.662,-0.168661832805665,0.00697800508283282
421,328,0.167086510453278,0.393314268450544,54.8043754286752,0.10897,0,2000,1263,0,1263,0.6315,0.0185740998543151,0.00714705235287082
421,328,0.167086510453278,0.393314268450544,54.8043754286752,0.10897,0.2,2000,1280,0,1280,0.64,0.19658299346875,0.00679654272982886
421,328,0.167086510453278,0.393314268450544,54.8043754286752,0.10897,0.4,2000,1265,0,1265,0.6325,0.382363931563636,0.00676393830909011
421,328,0.167086510453278,0.393314268450544,54.8043754286752,0.10897,0.6,2000,1277,4,1273,0.6385,0.578372324296936,0.00638715478452785
421,328,0.167086510453278,0.393314268450544,54.8043754286752,0.10897,0.8,2000,1293,28,1265,0.6465,0.736999184608696,0.00568245480624944
436,351,0.170672051889069,0.398933787411736,59.9058902130632,0.10897,-0.8,2000,1381,75,1306,0.6905,-0.715372521286371,0.00590931113484263
436,351,0.170672051889069,0.398933787411736,59.9058902130632,0.10897,-0.6,2000,1374,17,1357,0.687,-0.555767139060427,0.00666936946472422
436,351,0.170672051889069,0.398933787411736,59.9058902130632,0.10897,-0.4,2000,1351,3,1348,0.6755,-0.372962716485163,0.00693893114852186
436,351,0.170672051889069,0.398933787411736,59.9058902130632,0.10897,-0.2,2000,1370,0,1370,0.685,-0.180833769301752,0.00671198577228265
436,351,0.170672051889069,0.398933787411736,59.9058902130632,0.10897,0,2000,1383,0,1383,0.6915,0.0224992336232827,0.00668681909095695
436,351,0.170672051889069,0.398933787411736,59.9058902130632,0.10897,0.2,2000,1346,0,1346,0.673,0.202931001938336,0.00640342484955369
436,351,0.170672051889069,0.398933787411736,59.9058902130632,0.10897,0.4,2000,1344,1,1343,0.672,0.385486224259121,0.00638331811851228
436,351,0.170672051889069,0.398933787411736,59.9058902130632,0.10897,0.6,2000,1348,9,1339,0.674,0.57622106476475,0.00600721663356516
436,351,0.170672051889069,0.398933787411736,59.9058902130632,0.10897,0.8,2000,1404,40,1364,0.702,0.739551440029325,0.0052635252687729
450,459,0.169386318111954,0.398817292339747,77.7483200133867,0.10897,-0.8,2000,1535,64,1471,0.7675,-0.742983737729436,0.00510161072544609
450,459,0.169386318111954,0.398817292339747,77.7483200133867,0.10897,-0.6,2000,1558,15,1543,0.779,-0.569852272365522,0.00585703226928777
450,459,0.169386318111954,0.398817292339747,77.7483200133867,0.10897,-0.4,2000,1539,4,1535,0.7695,-0.394271666834528,0.0059293496094454
450,459,0.169386318111954,0.398817292339747,77.7483200133867,0.10897,-0.2,2000,1555,0,1555,0.7775,-0.200242254925402,0.00598449025472472
450,459,0.169386318111954,0.398817292339747,77.7483200133867,0.10897,0,2000,1541,0,1541,0.7705,0.00889537127306944,0.00560772002514265
450,459,0.169386318111954,0.398817292339747,77.7483200133867,0.10897,0.2,2000,1581,0,1581,0.7905,0.204349076290323,0.00561532633881374
450,459,0.169386318111954,0.398817292339747,77.7483200133867,0.10897,0.4,2000,1554,0,1554,0.777,0.389607489490348,0.00531864404783504
450,459,0.169386318111954,0.398817292339747,77.7483200133867,0.10897,0.6,2000,1541,3,1538,0.7705,0.58663525526658,0.00508209823163818
450,459,0.169386318111954,0.398817292339747,77.7483200133867,0.10897,0.8,2000,1567,39,1528,0.7835,0.764475257395288,0.004485846028229
456,269,0.170011894175193,0.405108331297005,45.733199533127,0.10897,-0.8,2000,1152,53,1099,0.576,-0.678042465632393,0.00717243564662832
456,269,0.170011894175193,0.405108331297005,45.733199533127,0.10897,-0.6,2000,1131,18,1113,0.5655,-0.526363661719677,0.00786987646600351
456,269,0.170011894175193,0.405108331297005,45.733199533127,0.10897,-0.4,2000,1176,6,1170,0.588,-0.344184740333333,0.0080142016795036
456,269,0.170011894175193,0.405108331297005,45.733199533127,0.10897,-0.2,2000,1212,0,1212,0.606,-0.158450657634488,0.00824622229186094
456,269,0.170011894175193,0.405108331297005,45.733199533127,0.10897,0,2000,1189,0,1189,0.5945,0.00521115486291001,0.00792520460444004
456,269,0.170011894175193,0.405108331297005,45.733199533127,0.10897,0.2,2000,1124,0,1124,0.562,0.198023289602046,0.00778506501196344
456,269,0.170011894175193,0.405108331297005,45.733199533127,0.10897,0.4,2000,1182,1,1181,0.591,0.393076637962743,0.00752893320177706
456,269,0.170011894175193,0.405108331297005,45.733199533127,0.10897,0.6,2000,1194,9,1185,0.597,0.55619998556962,0.00708239749484106
456,269,0.170011894175193,0.405108331297005,45.733199533127,0.10897,0.8,2000,1155,33,1122,0.5775,0.72016107013369,0.006391528123875
481,427,0.1707658619567,0.430871977746665,72.9170230555108,0.10897,-0.8,2000,1516,64,1452,0.758,-0.734906903856749,0.00531697246791824
481,427,0.1707658619567,0.430871977746665,72.9170230555108,0.10897,-0.6,2000,1504,11,1493,0.752,-0.567013748861353,0.00574810739854513
481,427,0.1707658619567,0.430871977746665,72.9170230555108,0.10897,-0.4,2000,1516,0,1516,0.758,-0.388154917274406,0.00583490252930091
481,427,0.1707658619567,0.430871977746665,72.9170230555108,0.10897,-0.2,2000,1509,0,1509,0.7545,-0.191369045504771,0.00603176394959248
481,427,0.1707658619567,0.430871977746665,72.9170230555108,0.10897,0,2000,1491,0,1491,0.7455,0.00740805315090543,0.00581457480875889
481,427,0.1707658619567,0.430871977746665,72.9170230555108,0.10897,0.2,2000,1494,0,1494,0.747,0.19687880943909,0.00561833100269946
481,427,0.1707658619567,0.430871977746665,72.9170230555108,0.10897,0.4,2000,1520,0,1520,0.76,0.386399522953947,0.00531751919179302
481,427,0.1707658619567,0.430871977746665,72.9170230555108,0.10897,0.6,2000,1511,3,1508,0.7555,0.57584337831565,0.00526663597781957
481,427,0.1707658619567,0.430871977746665,72.9170230555108,0.10897,0.8,2000,1498,28,1470,0.749,0.758459757823129,0.00468329759819551
514,147,0.168066514655095,0.386908360457915,24.7057776542989,0.10897,-0.8,2000,741,34,707,0.3705,-0.587139485473833,0.0107560458261957
514,147,0.168066514655095,0.386908360457915,24.7057776542989,0.10897,-0.6,2000,694,10,684,0.347,-0.452573071232456,0.0117482026894783
514,147,0.168066514655095,0.386908360457915,24.7057776542989,0.10897,-0.4,2000,689,4,685,0.3445,-0.307612055912409,0.0115519575760961
514,147,0.168066514655095,0.386908360457915,24.7057776542989,0.10897,-0.2,2000,684,2,682,0.342,-0.130276477821114,0.0128320212660571
514,147,0.168066514655095,0.386908360457915,24.7057776542989,0.10897,0,2000,732,1,731,0.366,0.047001316749658,0.0120678634170256
514,147,0.168066514655095,0.386908360457915,24.7057776542989,0.10897,0.2,2000,727,1,726,0.3635,0.213162138290634,0.0124646489542042
514,147,0.168066514655095,0.386908360457915,24.7057776542989,0.10897,0.4,2000,733,0,733,0.3665,0.370389420470668,0.0114102441258195
514,147,0.168066514655095,0.386908360457915,24.7057776542989,0.10897,0.6,2000,711,4,707,0.3555,0.514174900042433,0.0108062318523063
514,147,0.168066514655095,0.386908360457915,24.7057776542989,0.10897,0.8,2000,697,26,671,0.3485,0.663548893815201,0.010272844184743
517,183,0.210076152290813,0.400085004302252,38.4439358692188,0.10897,-0.8,2000,1080,68,1012,0.54,-0.68147724486166,0.00765993086003412
517,183,0.210076152290813,0.400085004302252,38.4439358692188,0.10897,-0.6,2000,1103,18,1085,0.5515,-0.516288859392627,0.00881227608326308
517,183,0.210076152290813,0.400085004302252,38.4439358692188,0.10897,-0.4,2000,1112,4,1108,0.556,-0.34488762292509,0.0093006155415075
517,183,0.210076152290813,0.400085004302252,38.4439358692188,0.10897,-0.2,2000,1080,2,1078,0.54,-0.16395437534564,0.00901031312100352
517,183,0.210076152290813,0.400085004302252,38.4439358692188,0.10897,0,2000,1150,0,1150,0.575,0.0262778883130435,0.00917843176328625
517,183,0.210076152290813,0.400085004302252,38.4439358692188,0.10897,0.2,2000,1135,0,1135,0.5675,0.213986009465198,0.00824965596320814
517,183,0.210076152290813,0.400085004302252,38.4439358692188,0.10897,0.4,2000,1127,4,1123,0.5635,0.399049538824577,0.00834382464187553
517,183,0.210076152290813,0.400085004302252,38.4439358692188,0.10897,0.6,2000,1088,11,1077,0.544,0.560479469480037,0.00807539909369268
517,183,0.210076152290813,0.400085004302252,38.4439358692188,0.10897,0.8,2000,1100,54,1046,0.55,0.731338465774379,0.00668765578524869
518,300,0.170677215714874,0.398552136816438,51.2031647144623,0.10897,-0.8,2000,1278,59,1219,0.639,-0.70227275438064,0.00652039899371512
518,300,0.170677215714874,0.398552136816438,51.2031647144623,0.10897,-0.6,2000,1263,14,1249,0.6315,-0.534482356164932,0.00708103805286871
518,300,0.170677215714874,0.398552136816438,51.2031647144623,0.10897,-0.4,2000,1261,2,1259,0.6305,-0.35892602737355,0.00751819385040143
518,300,0.170677215714874,0.398552136816438,51.2031647144623,0.10897,-0.2,2000,1241,0,1241,0.6205,-0.176501636999194,0.0075299255578591
518,300,0.170677215714874,0.398552136816438,51.2031647144623,0.10897,0,2000,1288,1,1287,0.644,0.0143353070675991,0.00721309886377809
518,300,0.170677215714874,0.398552136816438,51.2031647144623,0.10897,0.2,2000,1248,0,1248,0.624,0.201989082203526,0.00720257060299625
518,300,0.170677215714874,0.398552136816438,51.2031647144623,0.10897,0.4,2000,1236,1,1235,0.618,0.403161934631579,0.00702073729926142
518,300,0.170677215714874,0.398552136816438,51.2031647144623,0.10897,0.6,2000,1278,8,1270,0.639,0.558042397464567,0.00682629509951618
518,300,0.170677215714874,0.398552136816438,51.2031647144623,0.10897,0.8,2000,1247,46,1201,0.6235,0.73084023480433,0.00610763270726655
541,259,0.229164007000123,0.400084403581669,59.3534778130317,0.10897,-0.8,2000,1524,116,1408,0.762,-0.735747441051136,0.00572759713366548
541,259,0.229164007000123,0.400084403581669,59.3534778130317,0.10897,-0.6,2000,1539,22,1517,0.7695,-0.571318809822017,0.00647987004801292
541,259,0.229164007000123,0.400084403581669,59.3534778130317,0.10897,-0.4,2000,1516,4,1512,0.758,-0.390077653935847,0.00686147618451597
541,259,0.229164007000123,0.400084403581669,59.3534778130317,0.10897,-0.2,2000,1514,1,1513,0.757,-0.205625128461996,0.00683988411182628
541,259,0.229164007000123,0.400084403581669,59.3534778130317,0.10897,0,2000,1497,0,1497,0.7485,0.0006283034001336,0.00690798921255219
541,259,0.229164007000123,0.400084403581669,59.3534778130317,0.10897,0.2,2000,1528,0,1528,0.764,0.205514110008704,0.00652956898806597
541,259,0.229164007000123,0.400084403581669,59.3534778130317,0.10897,0.4,2000,1509,2,1507,0.7545,0.397930967690113,0.00646641927094927
541,259,0.229164007000123,0.400084403581669,59.3534778130317,0.10897,0.6,2000,1552,13,1539,0.776,0.591685014100065,0.00606504267416945
541,259,0.229164007000123,0.400084403581669,59.3534778130317,0.10897,0.8,2000,1490,65,1425,0.745,0.766980790315789,0.0051095081440427
545,247,0.170324096768081,0.400137855016563,42.070051901716,0.10897,-0.8,2000,1089,53,1036,0.5445,-0.662325489903475,0.00776377844972802
545,247,0.170324096768081,0.400137855016563,42.070051901716,0.10897,-0.6,2000,1134,13,1121,0.567,-0.517746240365745,0.00814835707142898
545,247,0.170324096768081,0.400137855016563,42.070051901716,0.10897,-0.4,2000,1125,6,1119,0.5625,-0.330151372160143,0.00852076078181283
545,247,0.170324096768081,0.400137855016563,42.070051901716,0.10897,-0.2,2000,1107,0,1107,0.5535,-0.171829415395664,0.00846194648211489
545,247,0.170324096768081,0.400137855016563,42.070051901716,0.10897,0,2000,1141,0,1141,0.5705,0.0117369211185802,0.00805612000850147
545,247,0.170324096768081,0.400137855016563,42.070051901716,0.10897,0.2,2000,1051,0,1051,0.5255,0.198698129048525,0.00794680551652585
545,247,0.170324096768081,0.400137855016563,42.070051901716,0.10897,0.4,2000,1083,0,1083,0.5415,0.3895821452253,0.00816619552885785
545,247,0.170324096768081,0.400137855016563,42.070051901716,0.10897,0.6,2000,1136,13,1123,0.568,0.556268496455922,0.00733194162363145
545,247,0.170324096768081,0.400137855016563,42.070051901716,0.10897,0.8,2000,1084,36,1048,0.542,0.716299904007634,0.00702464656789593
597,202,0.312750880759477,0.394791242938241,63.1756779134144,0.10897,-0.8,2000,1675,139,1536,0.8375,-0.739362107942708,0.00546921340713175
597,202,0.312750880759477,0.394791242938241,63.1756779134144,0.10897,-0.6,2000,1695,48,1647,0.8475,-0.596326800610808,0.006330255247136
597,202,0.312750880759477,0.394791242938241,63.1756779134144,0.10897,-0.4,2000,1667,4,1663,0.8335,-0.39004495378018,0.00666601935625822
597,202,0.312750880759477,0.394791242938241,63.1756779134144,0.10897,-0.2,2000,1701,0,1701,0.8505,-0.205702195867137,0.00651026806022521
597,202,0.312750880759477,0.394791242938241,63.1756779134144,0.10897,0,2000,1674,0,1674,0.837,-0.00286929883739546,0.00667253605815364
597,202,0.312750880759477,0.394791242938241,63.1756779134144,0.10897,0.2,2000,1692,0,1692,0.846,0.210274244693262,0.00630502579246787
597,202,0.312750880759477,0.394791242938241,63.1756779134144,0.10897,0.4,2000,1726,2,1724,0.863,0.411319781169374,0.00610218498160558
597,202,0.312750880759477,0.394791242938241,63.1756779134144,0.10897,0.6,2000,1646,14,1632,0.823,0.598593316317402,0.00583553895988485
597,202,0.312750880759477,0.394791242938241,63.1756779134144,0.10897,0.8,2000,1668,73,1595,0.834,0.758600186727273,0.00496472233136356
609,107,0.227054474076897,0.399700921701672,24.294828726228,0.10897,-0.8,2000,784,33,751,0.392,-0.602425589237017,0.0106465660282236
609,107,0.227054474076897,0.399700921701672,24.294828726228,0.10897,-0.6,2000,792,12,780,0.396,-0.464228707964103,0.0113542865387578
609,107,0.227054474076897,0.399700921701672,24.294828726228,0.10897,-0.4,2000,752,2,750,0.376,-0.301142885306667,0.0122411589308216
609,107,0.227054474076897,0.399700921701672,24.294828726228,0.10897,-0.2,2000,783,1,782,0.3915,-0.117452882016624,0.011764832913881
609,107,0.227054474076897,0.399700921701672,24.294828726228,0.10897,0,2000,792,2,790,0.396,0.0628825092177215,0.0121637170688301
609,107,0.227054474076897,0.399700921701672,24.294828726228,0.10897,0.2,2000,755,1,754,0.3775,0.218110846118037,0.0125608110147383
609,107,0.227054474076897,0.399700921701672,24.294828726228,0.10897,0.4,2000,796,8,788,0.398,0.388859418630711,0.0115762749656989
609,107,0.227054474076897,0.399700921701672,24.294828726228,0.10897,0.6,2000,776,8,768,0.388,0.540667512526042,0.0102608239185142
609,107,0.227054474076897,0.399700921701672,24.294828726228,0.10897,0.8,2000,742,33,709,0.371,0.700786621651622,0.009264713367788
613,452,0.169776413806952,0.396326770684609,76.7389390407423,0.10897,-0.8,2000,1541,70,1471,0.7705,-0.727757310401088,0.00532614014569955
613,452,0.169776413806952,0.396326770684609,76.7389390407423,0.10897,-0.6,2000,1555,16,1539,0.7775,-0.583359085847953,0.00588614345544777
613,452,0.169776413806952,0.396326770684609,76.7389390407423,0.10897,-0.4,2000,1536,3,1533,0.768,-0.384390219453947,0.00606602712835596
613,452,0.169776413806952,0.396326770684609,76.7389390407423,0.10897,-0.2,2000,1540,1,1539,0.77,-0.185701729309942,0.005788200421783
613,452,0.169776413806952,0.396326770684609,76.7389390407423,0.10897,0,2000,1525,0,1525,0.7625,0.00945364190970492,0.00565503921487489
613,452,0.169776413806952,0.396326770684609,76.7389390407423,0.10897,0.2,2000,1560,0,1560,0.78,0.204263158531667,0.00556775362124819
613,452,0.169776413806952,0.396326770684609,76.7389390407423,0.10897,0.4,2000,1544,0,1544,0.772,0.397960860779793,0.00554829432960707
613,452,0.169776413806952,0.396326770684609,76.7389390407423,0.10897,0.6,2000,1530,3,1527,0.765,0.591792270759659,0.00532847815804952
613,452,0.169776413806952,0.396326770684609,76.7389390407423,0.10897,0.8,2000,1572,35,1537,0.786,0.764067517696812,0.00455260709733949
653,305,0.170534824975038,0.400714075486077,52.0131216173866,0.10897,-0.8,2000,1254,50,1204,0.627,-0.697030964460133,0.00629032905115853
653,305,0.170534824975038,0.400714075486077,52.0131216173866,0.10897,-0.6,2000,1236,17,1219,0.618,-0.544498560697293,0.00699156975688207
653,305,0.170534824975038,0.400714075486077,52.0131216173866,0.10897,-0.4,2000,1261,4,1257,0.6305,-0.371355920950676,0.00768013319001591
653,305,0.170534824975038,0.400714075486077,52.0131216173866,0.10897,-0.2,2000,1267,0,1267,0.6335,-0.170570035837411,0.00722832418653969
653,305,0.170534824975038,0.400714075486077,52.0131216173866,0.10897,0,2000,1249,0,1249,0.6245,0.0141580071705364,0.00712190217126663
653,305,0.170534824975038,0.400714075486077,52.0131216173866,0.10897,0.2,2000,1241,0,1241,0.6205,0.198261375809831,0.00750098886195738
653,305,0.170534824975038,0.400714075486077,52.0131216173866,0.10897,0.4,2000,1221,0,1221,0.6105,0.384973633366093,0.00715755349669209
653,305,0.170534824975038,0.400714075486077,52.0131216173866,0.10897,0.6,2000,1262,8,1254,0.631,0.572493260326396,0.00657710802104297
653,305,0.170534824975038,0.400714075486077,52.0131216173866,0.10897,0.8,2000,1244,53,1191,0.622,0.733349660453401,0.00606001473431487
663,216,0.16986288307053,0.403927923866275,36.6903827432345,0.10897,-0.8,2000,998,42,956,0.499,-0.656178651046025,0.00811422460749249
663,216,0.16986288307053,0.403927923866275,36.6903827432345,0.10897,-0.6,2000,1041,7,1034,0.5205,-0.517503099484526,0.00864472229940805
663,216,0.16986288307053,0.403927923866275,36.6903827432345,0.10897,-0.4,2000,989,4,985,0.4945,-0.323968984377665,0.00939446589431495
663,216,0.16986288307053,0.403927923866275,36.6903827432345,0.10897,-0.2,2000,1010,0,1010,0.505,-0.154969299182178,0.00939947463673705
663,216,0.16986288307053,0.403927923866275,36.6903827432345,0.10897,0,2000,953,0,953,0.4765,0.0157479880441763,0.00921970099217421
663,216,0.16986288307053,0.403927923866275,36.6903827432345,0.10897,0.2,2000,985,1,984,0.4925,0.212061026961382,0.009158748467959
663,216,0.16986288307053,0.403927923866275,36.6903827432345,0.10897,0.4,2000,1015,0,1015,0.5075,0.374163600167488,0.0086566613648821
663,216,0.16986288307053,0.403927923866275,36.6903827432345,0.10897,0.6,2000,1012,7,1005,0.506,0.543522323502488,0.00823227796726658
663,216,0.16986288307053,0.403927923866275,36.6903827432345,0.10897,0.8,2000,959,25,934,0.4795,0.705429311327623,0.00761210901078527
698,459,0.169773823428179,0.401804324513354,77.9261849535339,0.10897,-0.8,2000,1550,93,1457,0.775,-0.748360988606726,0.00513386377781376
698,459,0.169773823428179,0.401804324513354,77.9261849535339,0.10897,-0.6,2000,1557,18,1539,0.7785,-0.569975205328135,0.00584227550378469
698,459,0.169773823428179,0.401804324513354,77.9261849535339,0.10897,-0.4,2000,1544,1,1543,0.772,-0.395849404432923,0.00564328103846659
698,459,0.169773823428179,0.401804324513354,77.9261849535339,0.10897,-0.2,2000,1554,0,1554,0.777,-0.189220300118919,0.00571259076586476
698,459,0.169773823428179,0.401804324513354,77.9261849535339,0.10897,0,2000,1560,0,1560,0.78,0.00130518712948718,0.00544127463322754
698,459,0.169773823428179,0.401804324513354,77.9261849535339,0.10897,0.2,2000,1537,0,1537,0.7685,0.197170893453481,0.0056930239323377
698,459,0.169773823428179,0.401804324513354,77.9261849535339,0.10897,0.4,2000,1592,0,1592,0.796,0.391328588046482,0.00523580213445981
698,459,0.169773823428179,0.401804324513354,77.9261849535339,0.10897,0.6,2000,1518,4,1514,0.759,0.582742757675033,0.00522388558646653
698,459,0.169773823428179,0.401804324513354,77.9261849535339,0.10897,0.8,2000,1581,28,1553,0.7905,0.76154105924018,0.00447104788397114
714,253,0.243301564500526,0.405314240900763,61.5552958186331,0.10897,-0.8,2000,1587,88,1499,0.7935,-0.734761359372915,0.00547828618883607
714,253,0.243301564500526,0.405314240900763,61.5552958186331,0.10897,-0.6,2000,1590,26,1564,0.795,-0.57493239597954,0.00622423489883324
714,253,0.243301564500526,0.405314240900763,61.5552958186331,0.10897,-0.4,2000,1582,5,1577,0.791,-0.391785929589093,0.00672168850732615
714,253,0.243301564500526,0.405314240900763,61.5552958186331,0.10897,-0.2,2000,1581,0,1581,0.7905,-0.178628444702214,0.00668937376999156
714,253,0.243301564500526,0.405314240900763,61.5552958186331,0.10897,0,2000,1585,0,1585,0.7925,-0.00357737950037855,0.00636507470239274
714,253,0.243301564500526,0.405314240900763,61.5552958186331,0.10897,0.2,2000,1591,0,1591,0.7955,0.19474748330484,0.0062710976113068
714,253,0.243301564500526,0.405314240900763,61.5552958186331,0.10897,0.4,2000,1588,2,1586,0.794,0.404372685952963,0.0060055291050312
714,253,0.243301564500526,0.405314240900763,61.5552958186331,0.10897,0.6,2000,1566,5,1561,0.783,0.595224022419603,0.00583348124089657
714,253,0.243301564500526,0.405314240900763,61.5552958186331,0.10897,0.8,2000,1564,68,1496,0.782,0.762527722192513,0.00505189308726469
718,298,0.16780255626303,0.398573629661721,50.005161766383,0.10897,-0.8,2000,1210,39,1171,0.605,-0.699023950811272,0.00675787962320024
718,298,0.16780255626303,0.398573629661721,50.005161766383,0.10897,-0.6,2000,1182,10,1172,0.591,-0.537072756987201,0.00770232925079091
718,298,0.16780255626303,0.398573629661721,50.005161766383,0.10897,-0.4,2000,1224,2,1222,0.612,-0.3545374495982,0.00762425193703438
718,298,0.16780255626303,0.398573629661721,50.005161766383,0.10897,-0.2,2000,1217,0,1217,0.6085,-0.175083204387017,0.00756430521211131
718,298,0.16780255626303,0.398573629661721,50.005161766383,0.10897,0,2000,1206,0,1206,0.603,0.0197394772363184,0.00770541957702375
718,298,0.16780255626303,0.398573629661721,50.005161766383,0.10897,0.2,2000,1210,0,1210,0.605,0.199269828739669,0.00727971333836711
718,298,0.16780255626303,0.398573629661721,50.005161766383,0.10897,0.4,2000,1227,0,1227,0.6135,0.386807155628362,0.00708224906404265
718,298,0.16780255626303,0.398573629661721,50.005161766383,0.10897,0.6,2000,1257,8,1249,0.6285,0.565869132489992,0.00681788979609338
718,298,0.16780255626303,0.398573629661721,50.005161766383,0.10897,0.8,2000,1218,37,1181,0.609,0.734808696867062,0.00589113085448128
728,396,0.169813672069142,0.396039112530407,67.2462141393801,0.10897,-0.8,2000,1464,69,1395,0.732,-0.722421105017921,0.00558705925361593
728,396,0.169813672069142,0.396039112530407,67.2462141393801,0.10897,-0.6,2000,1480,23,1457,0.74,-0.564621518805765,0.00623764871460441
728,396,0.169813672069142,0.396039112530407,67.2462141393801,0.10897,-0.4,2000,1417,3,1414,0.7085,-0.383301919944837,0.0062693946357355
728,396,0.169813672069142,0.396039112530407,67.2462141393801,0.10897,-0.2,2000,1442,0,1442,0.721,-0.184498557420943,0.00644383212688551
728,396,0.169813672069142,0.396039112530407,67.2462141393801,0.10897,0,2000,1400,0,1400,0.7,0.00127904230428571,0.0063154704206725
728,396,0.169813672069142,0.396039112530407,67.2462141393801,0.10897,0.2,2000,1457,0,1457,0.7285,0.183332898211119,0.00611101791335976
728,396,0.169813672069142,0.396039112530407,67.2462141393801,0.10897,0.4,2000,1487,0,1487,0.7435,0.384400688137861,0.00583979237303154
728,396,0.169813672069142,0.396039112530407,67.2462141393801,0.10897,0.6,2000,1448,6,1442,0.724,0.585061608307906,0.00560131935926511
728,396,0.169813672069142,0.396039112530407,67.2462141393801,0.10897,0.8,2000,1433,39,1394,0.7165,0.749333410545194,0.00502770045093585
780,315,0.169942677259507,0.404286607390541,53.5319433367446,0.10897,-0.8,2000,1270,49,1221,0.635,-0.705075922375102,0.00638368832101831
780,315,0.169942677259507,0.404286607390541,53.5319433367446,0.10897,-0.6,2000,1287,13,1274,0.6435,-0.552967222629513,0.00709208092935272
780,315,0.169942677259507,0.404286607390541,53.5319433367446,0.10897,-0.4,2000,1283,1,1282,0.6415,-0.367150279525741,0.00719015592803526
780,315,0.169942677259507,0.404286607390541,53.5319433367446,0.10897,-0.2,2000,1279,0,1279,0.6395,-0.188804736194136,0.00756344981735337
780,315,0.169942677259507,0.404286607390541,53.5319433367446,0.10897,0,2000,1314,0,1314,0.657,0.0209437018554033,0.00690365059556553
780,315,0.169942677259507,0.404286607390541,53.5319433367446,0.10897,0.2,2000,1245,0,1245,0.6225,0.202492291071004,0.00670835819696191
780,315,0.169942677259507,0.404286607390541,53.5319433367446,0.10897,0.4,2000,1268,1,1267,0.634,0.387208908000789,0.00665900000803508
780,315,0.169942677259507,0.404286607390541,53.5319433367446,0.10897,0.6,2000,1311,6,1305,0.6555,0.565163831180077,0.00643021186640008
780,315,0.169942677259507,0.404286607390541,53.5319433367446,0.10897,0.8,2000,1299,36,1263,0.6495,0.738309637292161,0.00577240916964222
789,436,0.224384353949541,0.40108506294822,97.8315783219998,0.10897,-0.8,2000,1838,97,1741,0.919,-0.775732939689833,0.00432858352875554
789,436,0.224384353949541,0.40108506294822,97.8315783219998,0.10897,-0.6,2000,1813,16,1797,0.9065,-0.610217712611575,0.00507804678325501
789,436,0.224384353949541,0.40108506294822,97.8315783219998,0.10897,-0.4,2000,1841,1,1840,0.9205,-0.414726445272283,0.00515048709918652
789,436,0.224384353949541,0.40108506294822,97.8315783219998,0.10897,-0.2,2000,1844,1,1843,0.922,-0.206876043809604,0.00503378856043946
789,436,0.224384353949541,0.40108506294822,97.8315783219998,0.10897,0,2000,1837,0,1837,0.9185,-0.00584351377348939,0.00496975960866592
789,436,0.224384353949541,0.40108506294822,97.8315783219998,0.10897,0.2,2000,1832,0,1832,0.916,0.196485858441048,0.00491213716648407
789,436,0.224384353949541,0.40108506294822,97.8315783219998,0.10897,0.4,2000,1827,0,1827,0.9135,0.406728244313082,0.00463781186756608
789,436,0.224384353949541,0.40108506294822,97.8315783219998,0.10897,0.6,2000,1837,2,1835,0.9185,0.611182255040872,0.00449073019058685
789,436,0.224384353949541,0.40108506294822,97.8315783219998,0.10897,0.8,2000,1835,41,1794,0.9175,0.785293900724638,0.00404880906974024
790,417,0.170206230020286,0.396686183664965,70.9759979184592,0.10897,-0.8,2000,1506,62,1444,0.753,-0.733116688490305,0.00526906401195977
790,417,0.170206230020286,0.396686183664965,70.9759979184592,0.10897,-0.6,2000,1526,8,1518,0.763,-0.565468843715415,0.0059388458979964
790,417,0.170206230020286,0.396686183664965,70.9759979184592,0.10897,-0.4,2000,1460,0,1460,0.73,-0.384049422544521,0.00622591152072879
790,417,0.170206230020286,0.396686183664965,70.9759979184592,0.10897,-0.2,2000,1484,1,1483,0.742,-0.187309248096426,0.00609267674978707
790,417,0.170206230020286,0.396686183664965,70.9759979184592,0.10897,0,2000,1498,0,1498,0.749,0.0140076933711615,0.00585738270791689
790,417,0.170206230020286,0.396686183664965,70.9759979184592,0.10897,0.2,2000,1503,0,1503,0.7515,0.199227454654691,0.00577639622763625
790,417,0.170206230020286,0.396686183664965,70.9759979184592,0.10897,0.4,2000,1507,1,1506,0.7535,0.389822254240637,0.00575146732468546
790,417,0.170206230020286,0.396686183664965,70.9759979184592,0.10897,0.6,2000,1474,5,1469,0.737,0.585067596868618,0.00548470287439343
790,417,0.170206230020286,0.396686183664965,70.9759979184592,0.10897,0.8,2000,1457,34,1423,0.7285,0.754825865776528,0.00489732299447137
824,247,0.168832368601439,0.401445015903235,41.7015950445553,0.10897,-0.8,2000,1067,50,1017,0.5335,-0.678327222812193,0.00784269075334193
824,247,0.168832368601439,0.401445015903235,41.7015950445553,0.10897,-0.6,2000,1113,11,1102,0.5565,-0.510799721932849,0.00816639227532373
824,247,0.168832368601439,0.401445015903235,41.7015950445553,0.10897,-0.4,2000,1079,2,1077,0.5395,-0.343709771606314,0.00840102537910238
824,247,0.168832368601439,0.401445015903235,41.7015950445553,0.10897,-0.2,2000,1089,0,1089,0.5445,-0.159897720123049,0.00861631792468333
824,247,0.168832368601439,0.401445015903235,41.7015950445553,0.10897,0,2000,1062,0,1062,0.531,0.00451779653606403,0.00839414981636539
824,247,0.168832368601439,0.401445015903235,41.7015950445553,0.10897,0.2,2000,1075,1,1074,0.5375,0.204097531106145,0.00846956104855192
824,247,0.168832368601439,0.401445015903235,41.7015950445553,0.10897,0.4,2000,1068,3,1065,0.534,0.386877738743662,0.0080052864992761
824,247,0.168832368601439,0.401445015903235,41.7015950445553,0.10897,0.6,2000,1068,10,1058,0.534,0.555758816446125,0.00781181059712129
824,247,0.168832368601439,0.401445015903235,41.7015950445553,0.10897,0.8,2000,1111,40,1071,0.5555,0.724482627077498,0.00657264525879771
875,282,0.284868996161368,0.401065616608393,80.3330569175058,0.10897,-0.8,2000,1817,118,1699,0.9085,-0.752562865155974,0.00486433662650578
875,282,0.284868996161368,0.401065616608393,80.3330569175058,0.10897,-0.6,2000,1819,40,1779,0.9095,-0.608846391309725,0.00541020846886474
875,282,0.284868996161368,0.401065616608393,80.3330569175058,0.10897,-0.4,2000,1806,5,1801,0.903,-0.424066173260966,0.0058606424551981
875,282,0.284868996161368,0.401065616608393,80.3330569175058,0.10897,-0.2,2000,1816,3,1813,0.908,-0.215979439973138,0.00574915659750146
875,282,0.284868996161368,0.401065616608393,80.3330569175058,0.10897,0,2000,1806,0,1806,0.903,-0.0051999889423588,0.00556252945385433
875,282,0.284868996161368,0.401065616608393,80.3330569175058,0.10897,0.2,2000,1832,0,1832,0.916,0.199962419442849,0.00551705575426046
875,282,0.284868996161368,0.401065616608393,80.3330569175058,0.10897,0.4,2000,1804,1,1803,0.902,0.406594714482529,0.00550760230896152
875,282,0.284868996161368,0.401065616608393,80.3330569175058,0.10897,0.6,2000,1821,7,1814,0.9105,0.597649413302095,0.0050464143592736
875,282,0.284868996161368,0.401065616608393,80.3330569175058,0.10897,0.8,2000,1798,78,1720,0.899,0.790896019186046,0.00421824481862822
907,359,0.171358206214145,0.401532804831121,61.5175960308781,0.10897,-0.8,2000,1392,70,1322,0.696,-0.724903834145235,0.00602362544758909
907,359,0.171358206214145,0.401532804831121,61.5175960308781,0.10897,-0.6,2000,1412,16,1396,0.706,-0.544117049820917,0.00644438027444777
907,359,0.171358206214145,0.401532804831121,61.5175960308781,0.10897,-0.4,2000,1413,5,1408,0.7065,-0.369995898941761,0.00654830704909347
907,359,0.171358206214145,0.401532804831121,61.5175960308781,0.10897,-0.2,2000,1399,1,1398,0.6995,-0.191848697761803,0.00658537184228012
907,359,0.171358206214145,0.401532804831121,61.5175960308781,0.10897,0,2000,1377,0,1377,0.6885,0.0218061304139434,0.00673571537081314
907,359,0.171358206214145,0.401532804831121,61.5175960308781,0.10897,0.2,2000,1396,0,1396,0.698,0.197469797627507,0.00620228447769842
907,359,0.171358206214145,0.401532804831121,61.5175960308781,0.10897,0.4,2000,1423,2,1421,0.7115,0.393589111513723,0.00633920977699669
907,359,0.171358206214145,0.401532804831121,61.5175960308781,0.10897,0.6,2000,1377,12,1365,0.6885,0.575148866212454,0.00590153710305986
907,359,0.171358206214145,0.401532804831121,61.5175960308781,0.10897,0.8,2000,1390,36,1354,0.695,0.740789523190547,0.00521641364086194
918,596,0.169435228003928,0.394499128029073,100.983395890341,0.10897,-0.8,2000,1730,74,1656,0.865,-0.769629521135266,0.00448030359001328
918,596,0.169435228003928,0.394499128029073,100.983395890341,0.10897,-0.6,2000,1746,6,1740,0.873,-0.592671620764368,0.00513630581767267
918,596,0.169435228003928,0.394499128029073,100.983395890341,0.10897,-0.4,2000,1696,0,1696,0.848,-0.399313905393868,0.00522609029323568
918,596,0.169435228003928,0.394499128029073,100.983395890341,0.10897,-0.2,2000,1703,0,1703,0.8515,-0.205138302451556,0.00490868760523081
918,596,0.169435228003928,0.394499128029073,100.983395890341,0.10897,0,2000,1715,0,1715,0.8575,-0.000504366225889213,0.00483671540464466
918,596,0.169435228003928,0.394499128029073,100.983395890341,0.10897,0.2,2000,1725,0,1725,0.8625,0.199928370171594,0.00486983105665888
918,596,0.169435228003928,0.394499128029073,100.983395890341,0.10897,0.4,2000,1727,0,1727,0.8635,0.41553625294557,0.00477967659120503
918,596,0.169435228003928,0.394499128029073,100.983395890341,0.10897,0.6,2000,1699,2,1697,0.8495,0.602913744313494,0.00461654508388121
918,596,0.169435228003928,0.394499128029073,100.983395890341,0.10897,0.8,2000,1730,30,1700,0.865,0.776337529117647,0.00389373817728788
922,326,0.180140200090588,0.395185652177592,58.7257052295318,0.10897,-0.8,2000,1393,56,1337,0.6965,-0.694275149364248,0.00597450136680186
922,326,0.180140200090588,0.395185652177592,58.7257052295318,0.10897,-0.6,2000,1400,20,1380,0.7,-0.559568890746377,0.00651518296708002
922,326,0.180140200090588,0.395185652177592,58.7257052295318,0.10897,-0.4,2000,1390,1,1389,0.695,-0.387632088185025,0.00696332125521411
922,326,0.180140200090588,0.395185652177592,58.7257052295318,0.10897,-0.2,2000,1370,0,1370,0.685,-0.188042918191971,0.00686849374632038
922,326,0.180140200090588,0.395185652177592,58.7257052295318,0.10897,0,2000,1385,0,1385,0.6925,-0.00303602405227437,0.00662846982635869
922,326,0.180140200090588,0.395185652177592,58.7257052295318,0.10897,0.2,2000,1397,1,1396,0.6985,0.200196949505731,0.00655644386094565
922,326,0.180140200090588,0.395185652177592,58.7257052295318,0.10897,0.4,2000,1357,1,1356,0.6785,0.386140500535398,0.00669542542295905
922,326,0.180140200090588,0.395185652177592,58.7257052295318,0.10897,0.6,2000,1366,5,1361,0.683,0.583664437538575,0.00615022380421924
922,326,0.180140200090588,0.395185652177592,58.7257052295318,0.10897,0.8,2000,1382,52,1330,0.691,0.744240387218045,0.00531372831986048
942,135,0.169893178871442,0.878885177658726,22.9355791476447,0.10897,-0.8,2000,762,8,754,0.381,-0.639850982891247,0.00854220797351432
942,135,0.169893178871442,0.878885177658726,22.9355791476447,0.10897,-0.6,2000,750,2,748,0.375,-0.483794940066845,0.00934689278524559
942,135,0.169893178871442,0.878885177658726,22.9355791476447,0.10897,-0.4,2000,754,0,754,0.377,-0.320010149708223,0.00920358417542964
942,135,0.169893178871442,0.878885177658726,22.9355791476447,0.10897,-0.2,2000,723,0,723,0.3615,-0.145008369308437,0.010071789093647
942,135,0.169893178871442,0.878885177658726,22.9355791476447,0.10897,0,2000,744,0,744,0.372,0.0286044106989247,0.00965047580330962
942,135,0.169893178871442,0.878885177658726,22.9355791476447,0.10897,0.2,2000,766,0,766,0.383,0.1767747225,0.00923782974769363
942,135,0.169893178871442,0.878885177658726,22.9355791476447,0.10897,0.4,2000,715,0,715,0.3575,0.362703330615385,0.00918490437432977
942,135,0.169893178871442,0.878885177658726,22.9355791476447,0.10897,0.6,2000,783,1,782,0.3915,0.503059397749361,0.00850239072803892
942,135,0.169893178871442,0.878885177658726,22.9355791476447,0.10897,0.8,2000,758,8,750,0.379,0.678304953333333,0.00747187885048936
957,79,0.580440014049698,1.42250563210179,45.8547611099262,0.10897,-0.8,2000,1813,50,1763,0.9065,-0.791036911514464,0.0040879352718115
957,79,0.580440014049698,1.42250563210179,45.8547611099262,0.10897,-0.6,2000,1810,12,1798,0.905,-0.608132948092325,0.00500276331491799
957,79,0.580440014049698,1.42250563210179,45.8547611099262,0.10897,-0.4,2000,1849,0,1849,0.9245,-0.408928595333694,0.00507388431222633
957,79,0.580440014049698,1.42250563210179,45.8547611099262,0.10897,-0.2,2000,1828,0,1828,0.914,-0.206625252351203,0.00526937675448035
957,79,0.580440014049698,1.42250563210179,45.8547611099262,0.10897,0,2000,1812,0,1812,0.906,-0.00141640935651214,0.00528292484530972
957,79,0.580440014049698,1.42250563210179,45.8547611099262,0.10897,0.2,2000,1817,0,1817,0.9085,0.20493761233902,0.00519271544991997
957,79,0.580440014049698,1.42250563210179,45.8547611099262,0.10897,0.4,2000,1809,0,1809,0.9045,0.401124967606412,0.00491016897895651
957,79,0.580440014049698,1.42250563210179,45.8547611099262,0.10897,0.6,2000,1819,2,1817,0.9095,0.609296387561915,0.00452643504843662
957,79,0.580440014049698,1.42250563210179,45.8547611099262,0.10897,0.8,2000,1828,23,1805,0.914,0.801620752908587,0.00363449224602393
990,158,0.229091002370047,0.404163978775533,36.1963783744674,0.10897,-0.8,2000,1117,68,1049,0.5585,-0.660429401248808,0.00799807803061718
990,158,0.229091002370047,0.404163978775533,36.1963783744674,0.10897,-0.6,2000,1126,28,1098,0.563,-0.512224540510018,0.00850133628415595
990,158,0.229091002370047,0.404163978775533,36.1963783744674,0.10897,-0.4,2000,1083,9,1074,0.5415,-0.336882712225326,0.00955926095528728
990,158,0.229091002370047,0.404163978775533,36.1963783744674,0.10897,-0.2,2000,1115,0,1115,0.5575,-0.14358470707713,0.00925413655205324
990,158,0.229091002370047,0.404163978775533,36.1963783744674,0.10897,0,2000,1102,0,1102,0.551,0.0304960935626134,0.00949300451226594
990,158,0.229091002370047,0.404163978775533,36.1963783744674,0.10897,0.2,2000,1116,1,1115,0.558,0.201599990762332,0.00892459648192253
990,158,0.229091002370047,0.404163978775533,36.1963783744674,0.10897,0.4,2000,1117,3,1114,0.5585,0.394605131344704,0.0087086629794431
990,158,0.229091002370047,0.404163978775533,36.1963783744674,0.10897,0.6,2000,1129,8,1121,0.5645,0.558081087537021,0.00792024452220512
990,158,0.229091002370047,0.404163978775533,36.1963783744674,0.10897,0.8,2000,1091,56,1035,0.5455,0.709021276289855,0.00720899358350251
1002,190,0.171249140743065,0.461075010466107,32.5373367411823,0.10897,-0.8,2000,932,31,901,0.466,-0.636102175305216,0.00826394286716749
1002,190,0.171249140743065,0.461075010466107,32.5373367411823,0.10897,-0.6,2000,953,13,940,0.4765,-0.50063671102766,0.00905388609544064
1002,190,0.171249140743065,0.461075010466107,32.5373367411823,0.10897,-0.4,2000,923,5,918,0.4615,-0.32732193972658,0.00949000187031813
1002,190,0.171249140743065,0.461075010466107,32.5373367411823,0.10897,-0.2,2000,929,0,929,0.4645,-0.154372084082885,0.00924772734023018
1002,190,0.171249140743065,0.461075010466107,32.5373367411823,0.10897,0,2000,939,0,939,0.4695,0.028998656886049,0.00956978284789258
1002,190,0.171249140743065,0.461075010466107,32.5373367411823,0.10897,0.2,2000,947,0,947,0.4735,0.179742056489968,0.00882595983836673
1002,190,0.171249140743065,0.461075010466107,32.5373367411823,0.10897,0.4,2000,919,2,917,0.4595,0.373921322050164,0.0090706948462587
1002,190,0.171249140743065,0.461075010466107,32.5373367411823,0.10897,0.6,2000,919,8,911,0.4595,0.552438486448957,0.00837678831883495
1002,190,0.171249140743065,0.461075010466107,32.5373367411823,0.10897,0.8,2000,927,25,902,0.4635,0.708854350758315,0.00752976058342189
1017,177,0.170488032874567,0.399258838294303,30.1763818187984,0.10897,-0.8,2000,856,48,808,0.428,-0.613696993564356,0.00976432499772293
1017,177,0.170488032874567,0.399258838294303,30.1763818187984,0.10897,-0.6,2000,843,16,827,0.4215,-0.468046330108827,0.0101409313305869
1017,177,0.170488032874567,0.399258838294303,30.1763818187984,0.10897,-0.4,2000,810,2,808,0.405,-0.314338387944802,0.0108769922549743
1017,177,0.170488032874567,0.399258838294303,30.1763818187984,0.10897,-0.2,2000,851,3,848,0.4255,-0.132824915713443,0.0105060830056895
1017,177,0.170488032874567,0.399258838294303,30.1763818187984,0.10897,0,2000,834,0,834,0.417,0.0314300721642686,0.010450638518734
1017,177,0.170488032874567,0.399258838294303,30.1763818187984,0.10897,0.2,2000,885,0,885,0.4425,0.202567890629379,0.00999961720934601
1017,177,0.170488032874567,0.399258838294303,30.1763818187984,0.10897,0.4,2000,855,3,852,0.4275,0.370596659046948,0.0097565720095515
1017,177,0.170488032874567,0.399258838294303,30.1763818187984,0.10897,0.6,2000,861,7,854,0.4305,0.529286156393443,0.00936406757069808
1017,177,0.170488032874567,0.399258838294303,30.1763818187984,0.10897,0.8,2000,869,25,844,0.4345,0.675473512274882,0.00850670807099091
1019,164,0.170292363382927,0.40227924981336,27.9279475948001,0.10897,-0.8,2000,789,36,753,0.3945,-0.611988370451527,0.0100663217326139
1019,164,0.170292363382927,0.40227924981336,27.9279475948001,0.10897,-0.6,2000,805,16,789,0.4025,-0.46781832772294,0.0107407942556193
1019,164,0.170292363382927,0.40227924981336,27.9279475948001,0.10897,-0.4,2000,773,1,772,0.3865,-0.313023172512953,0.0116765166558702
1019,164,0.170292363382927,0.40227924981336,27.9279475948001,0.10897,-0.2,2000,810,1,809,0.405,-0.138353037572435,0.0110420769491708
1019,164,0.170292363382927,0.40227924981336,27.9279475948001,0.10897,0,2000,797,2,795,0.3985,0.0237192080880503,0.0108024839463136
1019,164,0.170292363382927,0.40227924981336,27.9279475948001,0.10897,0.2,2000,835,0,835,0.4175,0.196196412518563,0.0103096996084533
1019,164,0.170292363382927,0.40227924981336,27.9279475948001,0.10897,0.4,2000,816,2,814,0.408,0.371836864703931,0.00997534113351224
1019,164,0.170292363382927,0.40227924981336,27.9279475948001,0.10897,0.6,2000,821,11,810,0.4105,0.542643842049383,0.00974484244812314
1019,164,0.170292363382927,0.40227924981336,27.9279475948001,0.10897,0.8,2000,829,27,802,0.4145,0.670597115022444,0.00865762354654155
1020,152,0.180189575351652,0.399104860104088,27.3888154534511,0.10897,-0.8,2000,790,46,744,0.395,-0.630222151674731,0.0100570996833474
1020,152,0.180189575351652,0.399104860104088,27.3888154534511,0.10897,-0.6,2000,819,14,805,0.4095,-0.470484668922981,0.010919148131531
1020,152,0.180189575351652,0.399104860104088,27.3888154534511,0.10897,-0.4,2000,796,4,792,0.398,-0.326457680719697,0.0114530131903888
1020,152,0.180189575351652,0.399104860104088,27.3888154534511,0.10897,-0.2,2000,765,1,764,0.3825,-0.151724795638743,0.0115588848020392
1020,152,0.180189575351652,0.399104860104088,27.3888154534511,0.10897,0,2000,810,1,809,0.405,0.0140785443176761,0.0111032971329636
1020,152,0.180189575351652,0.399104860104088,27.3888154534511,0.10897,0.2,2000,841,0,841,0.4205,0.192725151374554,0.0103123139327614
1020,152,0.180189575351652,0.399104860104088,27.3888154534511,0.10897,0.4,2000,793,2,791,0.3965,0.365664628192162,0.010487043390969
1020,152,0.180189575351652,0.399104860104088,27.3888154534511,0.10897,0.6,2000,795,5,790,0.3975,0.530634376912658,0.00993887086476872
1020,152,0.180189575351652,0.399104860104088,27.3888154534511,0.10897,0.8,2000,786,36,750,0.393,0.68706351996,0.00889994456880945
1031,124,0.367492076311222,0.40192087783984,45.5690174625916,0.10897,-0.8,2000,1405,115,1290,0.7025,-0.705281786767442,0.00678536935656556
1031,124,0.367492076311222,0.40192087783984,45.5690174625916,0.10897,-0.6,2000,1390,40,1350,0.695,-0.543087491047778,0.00780202492032699
1031,124,0.367492076311222,0.40192087783984,45.5690174625916,0.10897,-0.4,2000,1414,9,1405,0.707,-0.380633432170819,0.0080796588248233
1031,124,0.367492076311222,0.40192087783984,45.5690174625916,0.10897,-0.2,2000,1383,1,1382,0.6915,-0.181636798460781,0.00809309168618928
1031,124,0.367492076311222,0.40192087783984,45.5690174625916,0.10897,0,2000,1399,0,1399,0.6995,0.0239388029157255,0.0081507123714628
1031,124,0.367492076311222,0.40192087783984,45.5690174625916,0.10897,0.2,2000,1407,0,1407,0.7035,0.213447186186923,0.00786872272412309
1031,124,0.367492076311222,0.40192087783984,45.5690174625916,0.10897,0.4,2000,1428,3,1425,0.714,0.396769980533333,0.00741970777889718
1031,124,0.367492076311222,0.40192087783984,45.5690174625916,0.10897,0.6,2000,1455,19,1436,0.7275,0.578673952020195,0.00710015635142299
1031,124,0.367492076311222,0.40192087783984,45.5690174625916,0.10897,0.8,2000,1388,75,1313,0.694,0.747500430083778,0.00595568351239641
1106,255,0.170173144198607,0.402590260118237,43.3941517706448,0.10897,-0.8,2000,1097,56,1041,0.5485,-0.676713067915466,0.00757522226712638
1106,255,0.170173144198607,0.402590260118237,43.3941517706448,0.10897,-0.6,2000,1122,21,1101,0.561,-0.519598636939146,0.00797733472768416
1106,255,0.170173144198607,0.402590260118237,43.3941517706448,0.10897,-0.4,2000,1155,5,1150,0.5775,-0.344854471113043,0.00822226075740055
1106,255,0.170173144198607,0.402590260118237,43.3941517706448,0.10897,-0.2,2000,1135,0,1135,0.5675,-0.174998635777093,0.00831079699579318
1106,255,0.170173144198607,0.402590260118237,43.3941517706448,0.10897,0,2000,1118,0,1118,0.559,0.0094871246088551,0.00820228116312866
1106,255,0.170173144198607,0.402590260118237,43.3941517706448,0.10897,0.2,2000,1120,0,1120,0.56,0.212760119359821,0.00806221183180997
1106,255,0.170173144198607,0.402590260118237,43.3941517706448,0.10897,0.4,2000,1114,3,1111,0.557,0.385443787830783,0.00784337104026255
1106,255,0.170173144198607,0.402590260118237,43.3941517706448,0.10897,0.6,2000,1104,11,1093,0.552,0.559079457150046,0.00754040766617821
1106,255,0.170173144198607,0.402590260118237,43.3941517706448,0.10897,0.8,2000,1127,26,1101,0.5635,0.719840055858311,0.00637171750617584
1178,213,0.169285512198446,0.402264179189827,36.0578140982689,0.10897,-0.8,2000,999,56,943,0.4995,-0.651373856680806,0.00847079475830617
1178,213,0.169285512198446,0.402264179189827,36.0578140982689,0.10897,-0.6,2000,947,19,928,0.4735,-0.496896164121767,0.0091401325167727
1178,213,0.169285512198446,0.402264179189827,36.0578140982689,0.10897,-0.4,2000,992,4,988,0.496,-0.342653839078947,0.00967913044784831
1178,213,0.169285512198446,0.402264179189827,36.0578140982689,0.10897,-0.2,2000,963,1,962,0.4815,-0.137036536005197,0.0094800080429158
1178,213,0.169285512198446,0.402264179189827,36.0578140982689,0.10897,0,2000,976,0,976,0.488,0.0207274103668033,0.00940406385763492
1178,213,0.169285512198446,0.402264179189827,36.0578140982689,0.10897,0.2,2000,996,0,996,0.498,0.212312383215773,0.00903121656453629
1178,213,0.169285512198446,0.402264179189827,36.0578140982689,0.10897,0.4,2000,971,3,968,0.4855,0.381080122985537,0.0083407349044302
1178,213,0.169285512198446,0.402264179189827,36.0578140982689,0.10897,0.6,2000,986,8,978,0.493,0.557150800899796,0.00830341591087385
1178,213,0.169285512198446,0.402264179189827,36.0578140982689,0.10897,0.8,2000,977,32,945,0.4885,0.701069950582011,0.00748753373731836
1183,250,0.170290771154102,0.40154537140876,42.5726927885255,0.10897,-0.8,2000,1088,53,1035,0.544,-0.667299399903382,0.00784883464743567
1183,250,0.170290771154102,0.40154537140876,42.5726927885255,0.10897,-0.6,2000,1128,14,1114,0.564,-0.524704438429084,0.00819317240011675
1183,250,0.170290771154102,0.40154537140876,42.5726927885255,0.10897,-0.4,2000,1125,5,1120,0.5625,-0.36315319234375,0.00807010999315704
1183,250,0.170290771154102,0.40154537140876,42.5726927885255,0.10897,-0.2,2000,1117,2,1115,0.5585,-0.177553175738117,0.00820208533968991
1183,250,0.170290771154102,0.40154537140876,42.5726927885255,0.10897,0,2000,1136,0,1136,0.568,0.0132468839955986,0.00848853657309629
1183,250,0.170290771154102,0.40154537140876,42.5726927885255,0.10897,0.2,2000,1110,1,1109,0.555,0.196567962771867,0.00788548673163235
1183,250,0.170290771154102,0.40154537140876,42.5726927885255,0.10897,0.4,2000,1103,0,1103,0.5515,0.385847151486854,0.00796573429755475
1183,250,0.170290771154102,0.40154537140876,42.5726927885255,0.10897,0.6,2000,1120,7,1113,0.56,0.549230761994609,0.00771650189302176
1183,250,0.170290771154102,0.40154537140876,42.5726927885255,0.10897,0.8,2000,1117,38,1079,0.5585,0.729176521130677,0.00627469475021573
1234,330,0.349604526456844,0.417961066509339,115.369493730759,0.10897,-0.8,2000,1966,109,1857,0.983,-0.78495718362951,0.00409164523411895
1234,330,0.349604526456844,0.417961066509339,115.369493730759,0.10897,-0.6,2000,1977,27,1950,0.9885,-0.612384084010256,0.00473523667301444
1234,330,0.349604526456844,0.417961066509339,115.369493730759,0.10897,-0.4,2000,1970,4,1966,0.985,-0.414784512131231,0.00479029021447598
1234,330,0.349604526456844,0.417961066509339,115.369493730759,0.10897,-0.2,2000,1978,0,1978,0.989,-0.212495151418099,0.00462792697106221
1234,330,0.349604526456844,0.417961066509339,115.369493730759,0.10897,0,2000,1976,0,1976,0.988,0.00111314824645749,0.00456485313927855
1234,330,0.349604526456844,0.417961066509339,115.369493730759,0.10897,0.2,2000,1971,0,1971,0.9855,0.198873181594622,0.00454283470179031
1234,330,0.349604526456844,0.417961066509339,115.369493730759,0.10897,0.4,2000,1970,0,1970,0.985,0.413666743659898,0.00432280195536202
1234,330,0.349604526456844,0.417961066509339,115.369493730759,0.10897,0.6,2000,1971,5,1966,0.9855,0.61478969344354,0.00424918562943386
1234,330,0.349604526456844,0.417961066509339,115.369493730759,0.10897,0.8,2000,1966,55,1911,0.983,0.796688771323914,0.00361053794818151
1237,391,0.168105909025907,0.39502900455042,65.7294104291295,0.10897,-0.8,2000,1413,79,1334,0.7065,-0.720327756146927,0.00575103236214291
1237,391,0.168105909025907,0.39502900455042,65.7294104291295,0.10897,-0.6,2000,1410,19,1391,0.705,-0.563849731365924,0.0061186403559448
1237,391,0.168105909025907,0.39502900455042,65.7294104291295,0.10897,-0.4,2000,1460,3,1457,0.73,-0.369513241846259,0.00640815925893827
1237,391,0.168105909025907,0.39502900455042,65.7294104291295,0.10897,-0.2,2000,1367,0,1367,0.6835,-0.182687310986646,0.0062272803034379
1237,391,0.168105909025907,0.39502900455042,65.7294104291295,0.10897,0,2000,1404,0,1404,0.702,0.0059233160505698,0.00627803646189712
1237,391,0.168105909025907,0.39502900455042,65.7294104291295,0.10897,0.2,2000,1431,0,1431,0.7155,0.202354841803913,0.00591549201217748
1237,391,0.168105909025907,0.39502900455042,65.7294104291295,0.10897,0.4,2000,1427,0,1427,0.7135,0.3925771341178,0.0061623186796922
1237,391,0.168105909025907,0.39502900455042,65.7294104291295,0.10897,0.6,2000,1436,6,1430,0.718,0.579252090352448,0.00565077965829305
1237,391,0.168105909025907,0.39502900455042,65.7294104291295,0.10897,0.8,2000,1410,38,1372,0.705,0.747609148104956,0.00514373943861372
1244,483,0.200725513170991,0.428557866403002,96.9504228615885,0.10897,-0.8,2000,1776,76,1700,0.888,-0.765296235882353,0.00438218026232562
1244,483,0.200725513170991,0.428557866403002,96.9504228615885,0.10897,-0.6,2000,1778,12,1766,0.889,-0.604515959852775,0.00505873802065694
1244,483,0.200725513170991,0.428557866403002,96.9504228615885,0.10897,-0.4,2000,1776,1,1775,0.888,-0.411487885684507,0.00499004856762531
1244,483,0.200725513170991,0.428557866403002,96.9504228615885,0.10897,-0.2,2000,1759,0,1759,0.8795,-0.208713649491188,0.00492247215844542
1244,483,0.200725513170991,0.428557866403002,96.9504228615885,0.10897,0,2000,1768,0,1768,0.884,0.00235865439705882,0.00486211180911051
1244,483,0.200725513170991,0.428557866403002,96.9504228615885,0.10897,0.2,2000,1770,0,1770,0.885,0.198856448609605,0.00473660665518119
1244,483,0.200725513170991,0.428557866403002,96.9504228615885,0.10897,0.4,2000,1802,0,1802,0.901,0.4026101172697,0.00460306582616978
1244,483,0.200725513170991,0.428557866403002,96.9504228615885,0.10897,0.6,2000,1761,1,1760,0.8805,0.594802928579545,0.00460427184220831
1244,483,0.200725513170991,0.428557866403002,96.9504228615885,0.10897,0.8,2000,1780,39,1741,0.89,0.778472522228604,0.00397134090408698
1301,318,0.311184586287893,0.474885126470041,98.9566984395498,0.10897,-0.8,2000,1934,95,1839,0.967,-0.780422820554649,0.00401414662867324
1301,318,0.311184586287893,0.474885126470041,98.9566984395498,0.10897,-0.6,2000,1946,7,1939,0.973,-0.611994368643631,0.00461930639422173
1301,318,0.311184586287893,0.474885126470041,98.9566984395498,0.10897,-0.4,2000,1928,4,1924,0.964,-0.412404082920998,0.00481742711010501
1301,318,0.311184586287893,0.474885126470041,98.9566984395498,0.10897,-0.2,2000,1929,0,1929,0.9645,-0.212159568401763,0.00473424646556569
1301,318,0.311184586287893,0.474885126470041,98.9566984395498,0.10897,0,2000,1917,0,1917,0.9585,-0.000910941585289515,0.00470248035778078
1301,318,0.311184586287893,0.474885126470041,98.9566984395498,0.10897,0.2,2000,1931,0,1931,0.9655,0.206071701353185,0.00440619741259275
1301,318,0.311184586287893,0.474885126470041,98.9566984395498,0.10897,0.4,2000,1939,0,1939,0.9695,0.413868317973182,0.00440395991763967
1301,318,0.311184586287893,0.474885126470041,98.9566984395498,0.10897,0.6,2000,1936,9,1927,0.968,0.613972743798651,0.00428043625520486
1301,318,0.311184586287893,0.474885126470041,98.9566984395498,0.10897,0.8,2000,1927,52,1875,0.9635,0.8005702192,0.00363866293384485
1327,315,0.170344983326691,0.399866357971161,53.6586697479075,0.10897,-0.8,2000,1301,64,1237,0.6505,-0.703862855375909,0.00628368145485631
1327,315,0.170344983326691,0.399866357971161,53.6586697479075,0.10897,-0.6,2000,1287,16,1271,0.6435,-0.54930155563336,0.00701117906681646
1327,315,0.170344983326691,0.399866357971161,53.6586697479075,0.10897,-0.4,2000,1272,2,1270,0.636,-0.355856149700787,0.00725280424680007
1327,315,0.170344983326691,0.399866357971161,53.6586697479075,0.10897,-0.2,2000,1265,0,1265,0.6325,-0.186009959794466,0.00743827785935862
1327,315,0.170344983326691,0.399866357971161,53.6586697479075,0.10897,0,2000,1267,0,1267,0.6335,0.00919539139305446,0.00697394827493241
1327,315,0.170344983326691,0.399866357971161,53.6586697479075,0.10897,0.2,2000,1273,0,1273,0.6365,0.199999252340927,0.00699980441495054
1327,315,0.170344983326691,0.399866357971161,53.6586697479075,0.10897,0.4,2000,1289,0,1289,0.6445,0.390202491577967,0.00690408658598211
1327,315,0.170344983326691,0.399866357971161,53.6586697479075,0.10897,0.6,2000,1264,8,1256,0.632,0.588425615764331,0.00653047177376779
1327,315,0.170344983326691,0.399866357971161,53.6586697479075,0.10897,0.8,2000,1261,37,1224,0.6305,0.740785641748366,0.00568304179832529
1367,363,0.18293054634801,0.394669856588057,66.4037883243276,0.10897,-0.8,2000,1489,87,1402,0.7445,-0.732315626105563,0.00548943879743614
1367,363,0.18293054634801,0.394669856588057,66.4037883243276,0.10897,-0.6,2000,1505,17,1488,0.7525,-0.572673214232251,0.0061865124853693
1367,363,0.18293054634801,0.394669856588057,66.4037883243276,0.10897,-0.4,2000,1459,3,1456,0.7295,-0.375376148659341,0.00646927947873554
1367,363,0.18293054634801,0.394669856588057,66.4037883243276,0.10897,-0.2,2000,1514,0,1514,0.757,-0.191228389624835,0.00654597961124964
1367,363,0.18293054634801,0.394669856588057,66.4037883243276,0.10897,0,2000,1445,0,1445,0.7225,0.00370941381799308,0.0062150797359633
1367,363,0.18293054634801,0.394669856588057,66.4037883243276,0.10897,0.2,2000,1470,0,1470,0.735,0.199680564623129,0.00628914831664716
1367,363,0.18293054634801,0.394669856588057,66.4037883243276,0.10897,0.4,2000,1478,1,1477,0.739,0.39003471422478,0.00596531920537209
1367,363,0.18293054634801,0.394669856588057,66.4037883243276,0.10897,0.6,2000,1495,7,1488,0.7475,0.582069775692204,0.00567960730467763
1367,363,0.18293054634801,0.394669856588057,66.4037883243276,0.10897,0.8,2000,1453,38,1415,0.7265,0.757065369611307,0.00500023686957721
1384,201,0.17059431266471,0.402196469059183,34.2894568456067,0.10897,-0.8,2000,971,46,925,0.4855,-0.636994417059459,0.00835481300942973
1384,201,0.17059431266471,0.402196469059183,34.2894568456067,0.10897,-0.6,2000,918,15,903,0.459,-0.499595767471761,0.00967613931119421
1384,201,0.17059431266471,0.402196469059183,34.2894568456067,0.10897,-0.4,2000,927,5,922,0.4635,-0.323201913644252,0.0100378957535791
1384,201,0.17059431266471,0.402196469059183,34.2894568456067,0.10897,-0.2,2000,937,0,937,0.4685,-0.148773163409819,0.00977711694875946
1384,201,0.17059431266471,0.402196469059183,34.2894568456067,0.10897,0,2000,945,0,945,0.4725,0.0239368607146032,0.00940974326321214
1384,201,0.17059431266471,0.402196469059183,34.2894568456067,0.10897,0.2,2000,961,0,961,0.4805,0.207271777072841,0.00932917929526623
1384,201,0.17059431266471,0.402196469059183,34.2894568456067,0.10897,0.4,2000,948,0,948,0.474,0.389057354243038,0.00917428959734032
1384,201,0.17059431266471,0.402196469059183,34.2894568456067,0.10897,0.6,2000,953,10,943,0.4765,0.548307947128314,0.00842460597496838
1384,201,0.17059431266471,0.402196469059183,34.2894568456067,0.10897,0.8,2000,983,34,949,0.4915,0.6962771942255,0.00748845500234881
1403,243,0.169464047728526,0.401507694725413,41.1797635980318,0.10897,-0.8,2000,1101,51,1050,0.5505,-0.66512174247619,0.00749033256722273
1403,243,0.169464047728526,0.401507694725413,41.1797635980318,0.10897,-0.6,2000,1126,10,1116,0.563,-0.507652127657437,0.00815101773382737
1403,243,0.169464047728526,0.401507694725413,41.1797635980318,0.10897,-0.4,2000,1064,3,1061,0.532,-0.341625656161169,0.00854777439211511
1403,243,0.169464047728526,0.401507694725413,41.1797635980318,0.10897,-0.2,2000,1050,2,1048,0.525,-0.172949742986927,0.008844929846903
1403,243,0.169464047728526,0.401507694725413,41.1797635980318,0.10897,0,2000,1063,0,1063,0.5315,0.0287615173349012,0.00847797751616661
1403,243,0.169464047728526,0.401507694725413,41.1797635980318,0.10897,0.2,2000,1044,0,1044,0.522,0.191851565374521,0.00856427749794922
1403,243,0.169464047728526,0.401507694725413,41.1797635980318,0.10897,0.4,2000,1097,1,1096,0.5485,0.370079316020985,0.00829498619802508
1403,243,0.169464047728526,0.401507694725413,41.1797635980318,0.10897,0.6,2000,1083,13,1070,0.5415,0.553310826971963,0.00763632752844562
1403,243,0.169464047728526,0.401507694725413,41.1797635980318,0.10897,0.8,2000,1075,27,1048,0.5375,0.714976281774809,0.00659611629586918
1412,496,0.168444629516931,0.396430350853531,83.548536240398,0.10897,-0.8,2000,1606,71,1535,0.803,-0.747905233550489,0.00499790800773659
1412,496,0.168444629516931,0.396430350853531,83.548536240398,0.10897,-0.6,2000,1591,14,1577,0.7955,-0.570036085098288,0.0056576515346095
1412,496,0.168444629516931,0.396430350853531,83.548536240398,0.10897,-0.4,2000,1598,2,1596,0.799,-0.386378300278321,0.00573075104080444
1412,496,0.168444629516931,0.396430350853531,83.548536240398,0.10897,-0.2,2000,1619,0,1619,0.8095,-0.195581057773749,0.00559748148944255
1412,496,0.168444629516931,0.396430350853531,83.548536240398,0.10897,0,2000,1618,0,1618,0.809,0.00591002990611867,0.00550183328995994
1412,496,0.168444629516931,0.396430350853531,83.548536240398,0.10897,0.2,2000,1609,0,1609,0.8045,0.204543570572405,0.00529811292997142
1412,496,0.168444629516931,0.396430350853531,83.548536240398,0.10897,0.4,2000,1595,0,1595,0.7975,0.402829845160502,0.00523983391597566
1412,496,0.168444629516931,0.396430350853531,83.548536240398,0.10897,0.6,2000,1633,4,1629,0.8165,0.590265313376305,0.00505265096490382
1412,496,0.168444629516931,0.396430350853531,83.548536240398,0.10897,0.8,2000,1606,28,1578,0.803,0.772395987072243,0.00441595182940036
1481,442,0.186983381167862,0.390616356104017,82.6466544761951,0.10897,-0.8,2000,1669,79,1590,0.8345,-0.754097668553459,0.0049499076220297
1481,442,0.186983381167862,0.390616356104017,82.6466544761951,0.10897,-0.6,2000,1661,13,1648,0.8305,-0.588376685273058,0.00555861443136407
1481,442,0.186983381167862,0.390616356104017,82.6466544761951,0.10897,-0.4,2000,1664,1,1663,0.832,-0.400051437515935,0.00566720585072752
1481,442,0.186983381167862,0.390616356104017,82.6466544761951,0.10897,-0.2,2000,1639,0,1639,0.8195,-0.195468991183893,0.00563623837307993
1481,442,0.186983381167862,0.390616356104017,82.6466544761951,0.10897,0,2000,1610,0,1610,0.805,-0.0010496683,0.00561090309495357
1481,442,0.186983381167862,0.390616356104017,82.6466544761951,0.10897,0.2,2000,1651,0,1651,0.8255,0.202011901967414,0.00546542606873883
1481,442,0.186983381167862,0.390616356104017,82.6466544761951,0.10897,0.4,2000,1662,3,1659,0.831,0.398014888324292,0.00513717095189205
1481,442,0.186983381167862,0.390616356104017,82.6466544761951,0.10897,0.6,2000,1626,2,1624,0.813,0.590968441200739,0.00514860169748218
1481,442,0.186983381167862,0.390616356104017,82.6466544761951,0.10897,0.8,2000,1654,48,1606,0.827,0.767307265255293,0.00443173867986908
1504,346,0.169003125990802,0.401228695047374,58.4750815928176,0.10897,-0.8,2000,1352,64,1288,0.676,-0.711034753730435,0.00590304840085235
1504,346,0.169003125990802,0.401228695047374,58.4750815928176,0.10897,-0.6,2000,1312,17,1295,0.656,-0.55040462427027,0.00688927577388463
1504,346,0.169003125990802,0.401228695047374,58.4750815928176,0.10897,-0.4,2000,1330,2,1328,0.665,-0.370197793298193,0.00705941247776388
1504,346,0.169003125990802,0.401228695047374,58.4750815928176,0.10897,-0.2,2000,1325,1,1324,0.6625,-0.171540803876888,0.00713923883856077
1504,346,0.169003125990802,0.401228695047374,58.4750815928176,0.10897,0,2000,1296,0,1296,0.648,0.0121914346674383,0.00692823459919848
1504,346,0.169003125990802,0.401228695047374,58.4750815928176,0.10897,0.2,2000,1305,0,1305,0.6525,0.196374931426054,0.0064692638041807
1504,346,0.169003125990802,0.401228695047374,58.4750815928176,0.10897,0.4,2000,1342,0,1342,0.671,0.394909919849478,0.00628399428299887
1504,346,0.169003125990802,0.401228695047374,58.4750815928176,0.10897,0.6,2000,1354,9,1345,0.677,0.566939435782156,0.00612272899924088
1504,346,0.169003125990802,0.401228695047374,58.4750815928176,0.10897,0.8,2000,1336,38,1298,0.668,0.751384008474576,0.00537805270612195
1511,261,0.165557816128611,0.391482002101559,43.2105900095675,0.10897,-0.8,2000,1109,52,1057,0.5545,-0.677833905487228,0.00750397027992864
1511,261,0.165557816128611,0.391482002101559,43.2105900095675,0.10897,-0.6,2000,1133,11,1122,0.5665,-0.52582986557041,0.00813679191194421
1511,261,0.165557816128611,0.391482002101559,43.2105900095675,0.10897,-0.4,2000,1146,5,1141,0.573,-0.34418028785539,0.00837394012560889
1511,261,0.165557816128611,0.391482002101559,43.2105900095675,0.10897,-0.2,2000,1126,1,1125,0.563,-0.171928082400889,0.00821590478206781
1511,261,0.165557816128611,0.391482002101559,43.2105900095675,0.10897,0,2000,1095,1,1094,0.5475,0.0159655861972578,0.00798678006054262
1511,261,0.165557816128611,0.391482002101559,43.2105900095675,0.10897,0.2,2000,1128,0,1128,0.564,0.194918276609043,0.00811652530547781
1511,261,0.165557816128611,0.391482002101559,43.2105900095675,0.10897,0.4,2000,1095,1,1094,0.5475,0.390686069542962,0.00781375450001726
1511,261,0.165557816128611,0.391482002101559,43.2105900095675,0.10897,0.6,2000,1094,3,1091,0.547,0.565466335087076,0.00739087886857874
1511,261,0.165557816128611,0.391482002101559,43.2105900095675,0.10897,0.8,2000,1072,33,1039,0.536,0.712409186082772,0.00675010946810923
1541,171,0.480989319313305,0.403129438406689,68.9351339675438,0.10897,-0.8,2000,1854,123,1731,0.927,-0.763316630629694,0.00477179269815635
1541,171,0.480989319313305,0.403129438406689,68.9351339675438,0.10897,-0.6,2000,1832,38,1794,0.916,-0.600370632909699,0.0055286646571596
1541,171,0.480989319313305,0.403129438406689,68.9351339675438,0.10897,-0.4,2000,1839,6,1833,0.9195,-0.418357652897981,0.0059112199713052
1541,171,0.480989319313305,0.403129438406689,68.9351339675438,0.10897,-0.2,2000,1844,0,1844,0.922,-0.210594607107918,0.00609408365327547
1541,171,0.480989319313305,0.403129438406689,68.9351339675438,0.10897,0,2000,1864,0,1864,0.932,-0.00520140481598712,0.00579902030490186
1541,171,0.480989319313305,0.403129438406689,68.9351339675438,0.10897,0.2,2000,1826,1,1825,0.913,0.200573727854247,0.00553576231419661
1541,171,0.480989319313305,0.403129438406689,68.9351339675438,0.10897,0.4,2000,1850,0,1850,0.925,0.40608453662,0.00550167406325387
1541,171,0.480989319313305,0.403129438406689,68.9351339675438,0.10897,0.6,2000,1837,16,1821,0.9185,0.607938669813289,0.00507693198590765
1541,171,0.480989319313305,0.403129438406689,68.9351339675438,0.10897,0.8,2000,1865,66,1799,0.9325,0.785250753585325,0.00423848892379366
1567,325,0.170270006341606,0.396965808720125,55.337752061022,0.10897,-0.8,2000,1269,60,1209,0.6345,-0.711455177543424,0.00610837559853167
1567,325,0.170270006341606,0.396965808720125,55.337752061022,0.10897,-0.6,2000,1295,16,1279,0.6475,-0.546280730320563,0.00688026997802025
1567,325,0.170270006341606,0.396965808720125,55.337752061022,0.10897,-0.4,2000,1286,4,1282,0.643,-0.371322734033151,0.0070859513471541
1567,325,0.170270006341606,0.396965808720125,55.337752061022,0.10897,-0.2,2000,1273,0,1273,0.6365,-0.179042691786332,0.00715338010933068
1567,325,0.170270006341606,0.396965808720125,55.337752061022,0.10897,0,2000,1328,0,1328,0.664,0.00989249352786145,0.00705073335883232
1567,325,0.170270006341606,0.396965808720125,55.337752061022,0.10897,0.2,2000,1317,0,1317,0.6585,0.206344519277145,0.00709909191661757
1567,325,0.170270006341606,0.396965808720125,55.337752061022,0.10897,0.4,2000,1294,1,1293,0.647,0.386471187410673,0.00684555029422707
1567,325,0.170270006341606,0.396965808720125,55.337752061022,0.10897,0.6,2000,1324,6,1318,0.662,0.575793809673748,0.00638019085177579
1567,325,0.170270006341606,0.396965808720125,55.337752061022,0.10897,0.8,2000,1282,44,1238,0.641,0.731127695638126,0.00572813707553172
1588,290,0.168552480745245,0.402372981395561,48.880219416121,0.10897,-0.8,2000,1201,62,1139,0.6005,-0.690374344249342,0.00678161625173115
1588,290,0.168552480745245,0.402372981395561,48.880219416121,0.10897,-0.6,2000,1233,7,1226,0.6165,-0.525158227258564,0.00725583306620302
1588,290,0.168552480745245,0.402372981395561,48.880219416121,0.10897,-0.4,2000,1217,1,1216,0.6085,-0.358842250041941,0.00789499626982075
1588,290,0.168552480745245,0.402372981395561,48.880219416121,0.10897,-0.2,2000,1172,0,1172,0.586,-0.170838371243174,0.00775808257875982
1588,290,0.168552480745245,0.402372981395561,48.880219416121,0.10897,0,2000,1215,0,1215,0.6075,0.0179370159358025,0.0074865515257642
1588,290,0.168552480745245,0.402372981395561,48.880219416121,0.10897,0.2,2000,1206,0,1206,0.603,0.201924015456799,0.00712204445647277
1588,290,0.168552480745245,0.402372981395561,48.880219416121,0.10897,0.4,2000,1163,1,1162,0.5815,0.391972265139415,0.0074113770810554
1588,290,0.168552480745245,0.402372981395561,48.880219416121,0.10897,0.6,2000,1208,5,1203,0.604,0.561919007182045,0.00676528015889278
1588,290,0.168552480745245,0.402372981395561,48.880219416121,0.10897,0.8,2000,1232,32,1200,0.616,0.7269751605,0.0059971979176673
1664,39,0.402536273680402,0.783422567957533,15.6989146735357,0.10897,-0.8,2000,844,66,778,0.422,-0.637747633457584,0.0101991847959616
1664,39,0.402536273680402,0.783422567957533,15.6989146735357,0.10897,-0.6,2000,799,18,781,0.3995,-0.503372250985916,0.0117508681862649
1664,39,0.402536273680402,0.783422567957533,15.6989146735357,0.10897,-0.4,2000,793,4,789,0.3965,-0.326992972996198,0.0126490214023061
1664,39,0.402536273680402,0.783422567957533,15.6989146735357,0.10897,-0.2,2000,810,3,807,0.405,-0.144252117340768,0.0129338968444
1664,39,0.402536273680402,0.783422567957533,15.6989146735357,0.10897,0,2000,835,1,834,0.4175,0.0334799615503597,0.0121306262972186
1664,39,0.402536273680402,0.783422567957533,15.6989146735357,0.10897,0.2,2000,828,1,827,0.414,0.20077933541717,0.0122506754351417
1664,39,0.402536273680402,0.783422567957533,15.6989146735357,0.10897,0.4,2000,835,4,831,0.4175,0.396793372202166,0.0112605842191498
1664,39,0.402536273680402,0.783422567957533,15.6989146735357,0.10897,0.6,2000,837,9,828,0.4185,0.529482905008092,0.0105518514221492
1664,39,0.402536273680402,0.783422567957533,15.6989146735357,0.10897,0.8,2000,818,29,789,0.409,0.698961067820025,0.00936501456170266
1671,338,0.168836816041128,0.462760329012494,57.0668438219011,0.10897,-0.8,2000,1311,33,1278,0.6555,-0.712086653364632,0.00596006005459427
1671,338,0.168836816041128,0.462760329012494,57.0668438219011,0.10897,-0.6,2000,1344,10,1334,0.672,-0.550555734205397,0.00633100892185896
1671,338,0.168836816041128,0.462760329012494,57.0668438219011,0.10897,-0.4,2000,1340,2,1338,0.67,-0.361911692312407,0.0065561287723283
1671,338,0.168836816041128,0.462760329012494,57.0668438219011,0.10897,-0.2,2000,1337,1,1336,0.6685,-0.178433883038091,0.00658433033293388
1671,338,0.168836816041128,0.462760329012494,57.0668438219011,0.10897,0,2000,1335,0,1335,0.6675,0.000317736387265918,0.00657235186970904
1671,338,0.168836816041128,0.462760329012494,57.0668438219011,0.10897,0.2,2000,1309,0,1309,0.6545,0.18767712451482,0.00642771777919068
1671,338,0.168836816041128,0.462760329012494,57.0668438219011,0.10897,0.4,2000,1285,2,1283,0.6425,0.379111779058301,0.00629571057991917
1671,338,0.168836816041128,0.462760329012494,57.0668438219011,0.10897,0.6,2000,1334,4,1330,0.667,0.571203107857143,0.00592093156572385
1671,338,0.168836816041128,0.462760329012494,57.0668438219011,0.10897,0.8,2000,1320,34,1286,0.66,0.74285858100311,0.0052424930921446
1692,237,0.391405023452788,0.401275793099041,92.7629905583108,0.10897,-0.8,2000,1925,157,1768,0.9625,-0.77891317760181,0.00446981052720042
1692,237,0.391405023452788,0.401275793099041,92.7629905583108,0.10897,-0.6,2000,1914,32,1882,0.957,-0.611014835770457,0.00520797408260929
1692,237,0.391405023452788,0.401275793099041,92.7629905583108,0.10897,-0.4,2000,1924,9,1915,0.962,-0.425434300349869,0.00555824889067695
1692,237,0.391405023452788,0.401275793099041,92.7629905583108,0.10897,-0.2,2000,1922,0,1922,0.961,-0.21142350014974,0.00538848377351684
1692,237,0.391405023452788,0.401275793099041,92.7629905583108,0.10897,0,2000,1919,0,1919,0.9595,-0.00405168816362689,0.00525574259228986
1692,237,0.391405023452788,0.401275793099041,92.7629905583108,0.10897,0.2,2000,1914,0,1914,0.957,0.209755874198589,0.00525999578096217
1692,237,0.391405023452788,0.401275793099041,92.7629905583108,0.10897,0.4,2000,1920,0,1920,0.96,0.411897034729167,0.00492306976768647
1692,237,0.391405023452788,0.401275793099041,92.7629905583108,0.10897,0.6,2000,1927,11,1916,0.9635,0.6032998782881,0.00472179137507241
1692,237,0.391405023452788,0.401275793099041,92.7629905583108,0.10897,0.8,2000,1927,73,1854,0.9635,0.791089240021575,0.00399180679473047
1704,321,0.167886631089182,0.393804227965796,53.8916085796274,0.10897,-0.8,2000,1255,53,1202,0.6275,-0.701941485424293,0.00659159703358948
1704,321,0.167886631089182,0.393804227965796,53.8916085796274,0.10897,-0.6,2000,1257,16,1241,0.6285,-0.550287592119259,0.00710518380360113
1704,321,0.167886631089182,0.393804227965796,53.8916085796274,0.10897,-0.4,2000,1283,4,1279,0.6415,-0.357143659314308,0.00735003957843497
1704,321,0.167886631089182,0.393804227965796,53.8916085796274,0.10897,-0.2,2000,1283,0,1283,0.6415,-0.189998547398285,0.00730362402890699
1704,321,0.167886631089182,0.393804227965796,53.8916085796274,0.10897,0,2000,1262,0,1262,0.631,0.00240781291703645,0.00727254035746428
1704,321,0.167886631089182,0.393804227965796,53.8916085796274,0.10897,0.2,2000,1281,0,1281,0.6405,0.206705454574551,0.00717583021605866
1704,321,0.167886631089182,0.393804227965796,53.8916085796274,0.10897,0.4,2000,1269,0,1269,0.6345,0.391462485854216,0.00705913678833122
1704,321,0.167886631089182,0.393804227965796,53.8916085796274,0.10897,0.6,2000,1308,6,1302,0.654,0.566347125499232,0.00634993076688137
1704,321,0.167886631089182,0.393804227965796,53.8916085796274,0.10897,0.8,2000,1257,32,1225,0.6285,0.733087646204082,0.00575831253947436
1706,208,0.253622668001194,0.396817407155498,52.7535149442483,0.10897,-0.8,2000,1494,114,1380,0.747,-0.720133692594203,0.00608313827086007
1706,208,0.253622668001194,0.396817407155498,52.7535149442483,0.10897,-0.6,2000,1468,28,1440,0.734,-0.566458164402778,0.00713276902823207
1706,208,0.253622668001194,0.396817407155498,52.7535149442483,0.10897,-0.4,2000,1448,4,1444,0.724,-0.387335684889197,0.00743574998643511
1706,208,0.253622668001194,0.396817407155498,52.7535149442483,0.10897,-0.2,2000,1420,1,1419,0.71,-0.187159807035236,0.00743501339070026
1706,208,0.253622668001194,0.396817407155498,52.7535149442483,0.10897,0,2000,1494,0,1494,0.747,0.00641889209424364,0.007385142043177
1706,208,0.253622668001194,0.396817407155498,52.7535149442483,0.10897,0.2,2000,1438,0,1438,0.719,0.216945585090403,0.00708826287252726
1706,208,0.253622668001194,0.396817407155498,52.7535149442483,0.10897,0.4,2000,1452,2,1450,0.726,0.387439803102759,0.0070861426905297
1706,208,0.253622668001194,0.396817407155498,52.7535149442483,0.10897,0.6,2000,1486,9,1477,0.743,0.583556215153013,0.00644913018602766
1706,208,0.253622668001194,0.396817407155498,52.7535149442483,0.10897,0.8,2000,1461,65,1396,0.7305,0.753064112614613,0.00528003073266129
1775,113,0.165837421322693,0.553335714220519,18.7396286094643,0.10897,-0.8,2000,644,18,626,0.322,-0.586073575415335,0.0111747458507751
1775,113,0.165837421322693,0.553335714220519,18.7396286094643,0.10897,-0.6,2000,632,5,627,0.316,-0.447455222296651,0.0124113429232933
1775,113,0.165837421322693,0.553335714220519,18.7396286094643,0.10897,-0.4,2000,645,1,644,0.3225,-0.275701087049689,0.0126087892333717
1775,113,0.165837421322693,0.553335714220519,18.7396286094643,0.10897,-0.2,2000,666,0,666,0.333,-0.150315798207207,0.0120319686537981
1775,113,0.165837421322693,0.553335714220519,18.7396286094643,0.10897,0,2000,631,0,631,0.3155,0.0346370029762282,0.0131567331324999
1775,113,0.165837421322693,0.553335714220519,18.7396286094643,0.10897,0.2,2000,600,2,598,0.3,0.205331544648829,0.012524695234809
1775,113,0.165837421322693,0.553335714220519,18.7396286094643,0.10897,0.4,2000,610,0,610,0.305,0.365792148906557,0.011977977791053
1775,113,0.165837421322693,0.553335714220519,18.7396286094643,0.10897,0.6,2000,659,4,655,0.3295,0.514907075923664,0.0108090501329032
1775,113,0.165837421322693,0.553335714220519,18.7396286094643,0.10897,0.8,2000,631,13,618,0.3155,0.644002435970874,0.0105488629126137
1786,270,0.204132133784515,0.44093519579894,55.1156761218191,0.10897,-0.8,2000,1423,86,1337,0.7115,-0.717291253702319,0.00587219329688951
1786,270,0.204132133784515,0.44093519579894,55.1156761218191,0.10897,-0.6,2000,1413,19,1394,0.7065,-0.555594938651363,0.00670230970185877
1786,270,0.204132133784515,0.44093519579894,55.1156761218191,0.10897,-0.4,2000,1407,7,1400,0.7035,-0.379293082086429,0.00689769780977528
1786,270,0.204132133784515,0.44093519579894,55.1156761218191,0.10897,-0.2,2000,1415,1,1414,0.7075,-0.1800467095686,0.00690780349470321
1786,270,0.204132133784515,0.44093519579894,55.1156761218191,0.10897,0,2000,1423,0,1423,0.7115,0.00207720483429375,0.00679675591934278
1786,270,0.204132133784515,0.44093519579894,55.1156761218191,0.10897,0.2,2000,1408,0,1408,0.704,0.204208293152699,0.00659223667936007
1786,270,0.204132133784515,0.44093519579894,55.1156761218191,0.10897,0.4,2000,1434,0,1434,0.717,0.387615134541144,0.00637584525261463
1786,270,0.204132133784515,0.44093519579894,55.1156761218191,0.10897,0.6,2000,1410,5,1405,0.705,0.582426835822064,0.00588962895309527
1786,270,0.204132133784515,0.44093519579894,55.1156761218191,0.10897,0.8,2000,1405,37,1368,0.7025,0.751879880701754,0.00532381337855676
1791,343,0.209835994521772,0.3994210098507,71.9737461209679,0.10897,-0.8,2000,1616,88,1528,0.808,-0.742910518193717,0.00522603458547246
1791,343,0.209835994521772,0.3994210098507,71.9737461209679,0.10897,-0.6,2000,1630,23,1607,0.815,-0.581122887849409,0.00570085017990041
1791,343,0.209835994521772,0.3994210098507,71.9737461209679,0.10897,-0.4,2000,1615,2,1613,0.8075,-0.398371662213267,0.00612814268882485
1791,343,0.209835994521772,0.3994210098507,71.9737461209679,0.10897,-0.2,2000,1612,0,1612,0.806,-0.19543851669665,0.006119267128309
1791,343,0.209835994521772,0.3994210098507,71.9737461209679,0.10897,0,2000,1607,0,1607,0.8035,0.00627708307797138,0.00609426122575718
1791,343,0.209835994521772,0.3994210098507,71.9737461209679,0.10897,0.2,2000,1595,0,1595,0.7975,0.205969804464577,0.00600357343209509
1791,343,0.209835994521772,0.3994210098507,71.9737461209679,0.10897,0.4,2000,1623,2,1621,0.8115,0.398332775732881,0.00552747958420793
1791,343,0.209835994521772,0.3994210098507,71.9737461209679,0.10897,0.6,2000,1648,5,1643,0.824,0.596503056031649,0.00536968286246341
1791,343,0.209835994521772,0.3994210098507,71.9737461209679,0.10897,0.8,2000,1643,45,1598,0.8215,0.770555148310388,0.00450617112932297
1852,593,0.282186296203629,0.397982123845179,167.336473648752,0.10897,-0.8,2000,1994,54,1940,0.997,-0.794498821649484,0.00369736467009282
1852,593,0.282186296203629,0.397982123845179,167.336473648752,0.10897,-0.6,2000,1988,5,1983,0.994,-0.617004318860313,0.00404010226158888
1852,593,0.282186296203629,0.397982123845179,167.336473648752,0.10897,-0.4,2000,1990,0,1990,0.995,-0.411789855628141,0.00404945578823012
1852,593,0.282186296203629,0.397982123845179,167.336473648752,0.10897,-0.2,2000,1993,0,1993,0.9965,-0.215548476898143,0.00388690944515095
1852,593,0.282186296203629,0.397982123845179,167.336473648752,0.10897,0,2000,1982,0,1982,0.991,-0.00687272227749748,0.00378279773435765
1852,593,0.282186296203629,0.397982123845179,167.336473648752,0.10897,0.2,2000,1993,0,1993,0.9965,0.199586133161565,0.00366038073942734
1852,593,0.282186296203629,0.397982123845179,167.336473648752,0.10897,0.4,2000,1986,0,1986,0.993,0.40701878234139,0.00349525419876137
1852,593,0.282186296203629,0.397982123845179,167.336473648752,0.10897,0.6,2000,1993,1,1992,0.9965,0.610926570983936,0.00346843886636318
1852,593,0.282186296203629,0.397982123845179,167.336473648752,0.10897,0.8,2000,1990,21,1969,0.995,0.8080288765871,0.00317796824214929
1854,233,0.169508885421358,0.399325014012665,39.4955703031764,0.10897,-0.8,2000,1043,45,998,0.5215,-0.661122301903808,0.00780316165382107
1854,233,0.169508885421358,0.399325014012665,39.4955703031764,0.10897,-0.6,2000,1048,18,1030,0.524,-0.516165299776699,0.00877315419531024
1854,233,0.169508885421358,0.399325014012665,39.4955703031764,0.10897,-0.4,2000,1038,7,1031,0.519,-0.356175607048497,0.00846996866837722
1854,233,0.169508885421358,0.399325014012665,39.4955703031764,0.10897,-0.2,2000,1071,0,1071,0.5355,-0.178154682583567,0.00889058105727935
1854,233,0.169508885421358,0.399325014012665,39.4955703031764,0.10897,0,2000,1059,0,1059,0.5295,0.0196077765684608,0.00873497154955714
1854,233,0.169508885421358,0.399325014012665,39.4955703031764,0.10897,0.2,2000,1060,0,1060,0.53,0.194775434319811,0.00890373359661949
1854,233,0.169508885421358,0.399325014012665,39.4955703031764,0.10897,0.4,2000,1053,0,1053,0.5265,0.370240010034188,0.00871710816544781
1854,233,0.169508885421358,0.399325014012665,39.4955703031764,0.10897,0.6,2000,1037,5,1032,0.5185,0.55686917873062,0.00796836307739761
1854,233,0.169508885421358,0.399325014012665,39.4955703031764,0.10897,0.8,2000,1065,32,1033,0.5325,0.715391410842207,0.00665202091542716
1886,311,0.185962305273969,0.397242322828419,57.8342769402044,0.10897,-0.8,2000,1374,92,1282,0.687,-0.720785547737909,0.00604824440115987
1886,311,0.185962305273969,0.397242322828419,57.8342769402044,0.10897,-0.6,2000,1394,13,1381,0.697,-0.566636353323678,0.00658142847124629
1886,311,0.185962305273969,0.397242322828419,57.8342769402044,0.10897,-0.4,2000,1406,2,1404,0.703,-0.366087162750356,0.00684069725507194
1886,311,0.185962305273969,0.397242322828419,57.8342769402044,0.10897,-0.2,2000,1406,0,1406,0.703,-0.189910836561878,0.00695986240139596
1886,311,0.185962305273969,0.397242322828419,57.8342769402044,0.10897,0,2000,1386,0,1386,0.693,0.00289403691269841,0.00701624523966372
1886,311,0.185962305273969,0.397242322828419,57.8342769402044,0.10897,0.2,2000,1425,0,1425,0.7125,0.192521801442807,0.00633593615858069
1886,311,0.185962305273969,0.397242322828419,57.8342769402044,0.10897,0.4,2000,1380,0,1380,0.69,0.388474653394203,0.00656610716440576
1886,311,0.185962305273969,0.397242322828419,57.8342769402044,0.10897,0.6,2000,1376,11,1365,0.688,0.587711251531136,0.00629582569718019
1886,311,0.185962305273969,0.397242322828419,57.8342769402044,0.10897,0.8,2000,1418,44,1374,0.709,0.743091697088792,0.00533176907885544
1887,383,0.169227479147518,0.422280936195476,64.8141245134992,0.10897,-0.8,2000,1393,45,1348,0.6965,-0.723755965875371,0.00586185671764287
1887,383,0.169227479147518,0.422280936195476,64.8141245134992,0.10897,-0.6,2000,1427,14,1413,0.7135,-0.566522280106157,0.00624555277190897
1887,383,0.169227479147518,0.422280936195476,64.8141245134992,0.10897,-0.4,2000,1392,4,1388,0.696,-0.384713249557637,0.00649527186984237
1887,383,0.169227479147518,0.422280936195476,64.8141245134992,0.10897,-0.2,2000,1439,0,1439,0.7195,-0.183620822693537,0.00626091134321082
1887,383,0.169227479147518,0.422280936195476,64.8141245134992,0.10897,0,2000,1401,0,1401,0.7005,0.00404387513847252,0.00607628937359194
1887,383,0.169227479147518,0.422280936195476,64.8141245134992,0.10897,0.2,2000,1402,0,1402,0.701,0.196885173669757,0.00618541681272045
1887,383,0.169227479147518,0.422280936195476,64.8141245134992,0.10897,0.4,2000,1419,1,1418,0.7095,0.395039899733427,0.00610896229067139
1887,383,0.169227479147518,0.422280936195476,64.8141245134992,0.10897,0.6,2000,1414,2,1412,0.707,0.573661587953258,0.00560459674015683
1887,383,0.169227479147518,0.422280936195476,64.8141245134992,0.10897,0.8,2000,1437,34,1403,0.7185,0.754500067854597,0.0049905149962763
1892,237,0.168254428519378,0.396060832164172,39.8762995590926,0.10897,-0.8,2000,1052,50,1002,0.526,-0.656996550279441,0.00784057374644553
1892,237,0.168254428519378,0.396060832164172,39.8762995590926,0.10897,-0.6,2000,1003,15,988,0.5015,-0.506827563825911,0.0089147737605132
1892,237,0.168254428519378,0.396060832164172,39.8762995590926,0.10897,-0.4,2000,1051,4,1047,0.5255,-0.335572663050621,0.00867858472518222
1892,237,0.168254428519378,0.396060832164172,39.8762995590926,0.10897,-0.2,2000,1010,0,1010,0.505,-0.183404587848515,0.00867452874099258
1892,237,0.168254428519378,0.396060832164172,39.8762995590926,0.10897,0,2000,1050,0,1050,0.525,0.0331269798238095,0.00915606612965736
1892,237,0.168254428519378,0.396060832164172,39.8762995590926,0.10897,0.2,2000,1052,0,1052,0.526,0.210798912594772,0.00851564766168886
1892,237,0.168254428519378,0.396060832164172,39.8762995590926,0.10897,0.4,2000,1030,0,1030,0.515,0.382798268243689,0.00809549993775671
1892,237,0.168254428519378,0.396060832164172,39.8762995590926,0.10897,0.6,2000,1047,3,1044,0.5235,0.548975481785441,0.00801503009223616
1892,237,0.168254428519378,0.396060832164172,39.8762995590926,0.10897,0.8,2000,1027,29,998,0.5135,0.720311334368738,0.00704256372144821
1918,216,0.171302327873097,0.398333182352927,37.0013028205889,0.10897,-0.8,2000,1012,38,974,0.506,-0.662333933264887,0.0077953031448079
1918,216,0.171302327873097,0.398333182352927,37.0013028205889,0.10897,-0.6,2000,950,18,932,0.475,-0.503159546684549,0.00898393604164542
1918,216,0.171302327873097,0.398333182352927,37.0013028205889,0.10897,-0.4,2000,1006,6,1000,0.503,-0.3422616556002,0.00930837809869658
1918,216,0.171302327873097,0.398333182352927,37.0013028205889,0.10897,-0.2,2000,944,0,944,0.472,-0.15478265123411,0.00952771045221478
1918,216,0.171302327873097,0.398333182352927,37.0013028205889,0.10897,0,2000,994,1,993,0.497,0.0220550830645519,0.00955021639131908
1918,216,0.171302327873097,0.398333182352927,37.0013028205889,0.10897,0.2,2000,980,0,980,0.49,0.198683101809184,0.00904005299796667
1918,216,0.171302327873097,0.398333182352927,37.0013028205889,0.10897,0.4,2000,1045,2,1043,0.5225,0.378454836972196,0.00841547665659444
1918,216,0.171302327873097,0.398333182352927,37.0013028205889,0.10897,0.6,2000,1016,7,1009,0.508,0.537665688233895,0.00833834446864029
1918,216,0.171302327873097,0.398333182352927,37.0013028205889,0.10897,0.8,2000,1001,35,966,0.5005,0.710589977950311,0.00720639606846671
1919,292,0.169790885865647,0.400295670257148,49.578938672769,0.10897,-0.8,2000,1201,75,1126,0.6005,-0.691167422380107,0.0067970941482863
1919,292,0.169790885865647,0.400295670257148,49.578938672769,0.10897,-0.6,2000,1188,9,1179,0.594,-0.536035955040712,0.00760813140325413
1919,292,0.169790885865647,0.400295670257148,49.578938672769,0.10897,-0.4,2000,1191,5,1186,0.5955,-0.362734293713322,0.00778724325377237
1919,292,0.169790885865647,0.400295670257148,49.578938672769,0.10897,-0.2,2000,1222,0,1222,0.611,-0.177920787094926,0.00754727023803326
1919,292,0.169790885865647,0.400295670257148,49.578938672769,0.10897,0,2000,1199,0,1199,0.5995,0.00469388399666389,0.00767760098240713
1919,292,0.169790885865647,0.400295670257148,49.578938672769,0.10897,0.2,2000,1230,0,1230,0.615,0.196597554696748,0.00735492067729534
1919,292,0.169790885865647,0.400295670257148,49.578938672769,0.10897,0.4,2000,1221,3,1218,0.6105,0.396066060656814,0.00722603788928788
1919,292,0.169790885865647,0.400295670257148,49.578938672769,0.10897,0.6,2000,1230,10,1220,0.615,0.558750857532787,0.00681825198781581
1919,292,0.169790885865647,0.400295670257148,49.578938672769,0.10897,0.8,2000,1234,41,1193,0.617,0.727535423554065,0.00605927999626408
1954,209,0.383121691556694,0.394563118666212,80.072433535349,0.10897,-0.8,2000,1846,150,1696,0.923,-0.752610987470519,0.00495370226550729
1954,209,0.383121691556694,0.394563118666212,80.072433535349,0.10897,-0.6,2000,1850,38,1812,0.925,-0.603008130104857,0.00565806204087095
1954,209,0.383121691556694,0.394563118666212,80.072433535349,0.10897,-0.4,2000,1849,11,1838,0.9245,-0.412160049825898,0.00592384779015885
1954,209,0.383121691556694,0.394563118666212,80.072433535349,0.10897,-0.2,2000,1830,0,1830,0.915,-0.215311207779781,0.00596123366746174
1954,209,0.383121691556694,0.394563118666212,80.072433535349,0.10897,0,2000,1843,0,1843,0.9215,-0.00565011673602821,0.00594955449057079
1954,209,0.383121691556694,0.394563118666212,80.072433535349,0.10897,0.2,2000,1849,0,1849,0.9245,0.191017449949108,0.00566691054187322
1954,209,0.383121691556694,0.394563118666212,80.072433535349,0.10897,0.4,2000,1852,2,1850,0.926,0.406961670881081,0.00539502647334745
1954,209,0.383121691556694,0.394563118666212,80.072433535349,0.10897,0.6,2000,1841,12,1829,0.9205,0.610882787561509,0.00519031178473566
1954,209,0.383121691556694,0.394563118666212,80.072433535349,0.10897,0.8,2000,1865,90,1775,0.9325,0.785256960507042,0.00434872681377636
1970,295,0.168865652603478,0.391297081574123,49.8153675180261,0.10897,-0.8,2000,1197,61,1136,0.5985,-0.682169522711268,0.00686163604927707
1970,295,0.168865652603478,0.391297081574123,49.8153675180261,0.10897,-0.6,2000,1230,20,1210,0.615,-0.543431585942149,0.00732354562557512
1970,295,0.168865652603478,0.391297081574123,49.8153675180261,0.10897,-0.4,2000,1218,5,1213,0.609,-0.356443120702391,0.00796255712579995
1970,295,0.168865652603478,0.391297081574123,49.8153675180261,0.10897,-0.2,2000,1226,0,1226,0.613,-0.178270827096786,0.00760955858253
1970,295,0.168865652603478,0.391297081574123,49.8153675180261,0.10897,0,2000,1218,0,1218,0.609,-0.00272529503037767,0.00749358707203145
1970,295,0.168865652603478,0.391297081574123,49.8153675180261,0.10897,0.2,2000,1210,0,1210,0.605,0.197157125028099,0.007260219474031
1970,295,0.168865652603478,0.391297081574123,49.8153675180261,0.10897,0.4,2000,1224,1,1223,0.612,0.387283896993459,0.0072927208651243
1970,295,0.168865652603478,0.391297081574123,49.8153675180261,0.10897,0.6,2000,1218,3,1215,0.609,0.570772261358025,0.00688533694932673
1970,295,0.168865652603478,0.391297081574123,49.8153675180261,0.10897,0.8,2000,1207,44,1163,0.6035,0.726572178589854,0.00608322422785324
1984,220,0.168819889008159,0.39437150761623,37.1403755817949,0.10897,-0.8,2000,992,42,950,0.496,-0.675577372568421,0.00774300744893698
1984,220,0.168819889008159,0.39437150761623,37.1403755817949,0.10897,-0.6,2000,1036,15,1021,0.518,-0.503762249774731,0.00884487767311229
1984,220,0.168819889008159,0.39437150761623,37.1403755817949,0.10897,-0.4,2000,967,1,966,0.4835,-0.330559400755694,0.00952635669613335
1984,220,0.168819889008159,0.39437150761623,37.1403755817949,0.10897,-0.2,2000,963,2,961,0.4815,-0.153808994938606,0.00919095378709286
1984,220,0.168819889008159,0.39437150761623,37.1403755817949,0.10897,0,2000,1021,1,1020,0.5105,0.0264344456062745,0.00884693952717684
1984,220,0.168819889008159,0.39437150761623,37.1403755817949,0.10897,0.2,2000,997,0,997,0.4985,0.206910175719157,0.00900831948838147
1984,220,0.168819889008159,0.39437150761623,37.1403755817949,0.10897,0.4,2000,973,2,971,0.4865,0.375484710030896,0.0089338520745174
1984,220,0.168819889008159,0.39437150761623,37.1403755817949,0.10897,0.6,2000,984,6,978,0.492,0.558761458997955,0.00823507001251731
1984,220,0.168819889008159,0.39437150761623,37.1403755817949,0.10897,0.8,2000,981,34,947,0.4905,0.697458691763464,0.00739292873428769
2019,472,0.170605000536023,0.398321046829638,80.5255602530028,0.10897,-0.8,2000,1563,71,1492,0.7815,-0.743455346380697,0.00511899470824957
2019,472,0.170605000536023,0.398321046829638,80.5255602530028,0.10897,-0.6,2000,1587,11,1576,0.7935,-0.574816493502538,0.0056616150968156
2019,472,0.170605000536023,0.398321046829638,80.5255602530028,0.10897,-0.4,2000,1586,1,1585,0.793,-0.390102524451104,0.00566697081388829
2019,472,0.170605000536023,0.398321046829638,80.5255602530028,0.10897,-0.2,2000,1593,1,1592,0.7965,-0.191002015665829,0.00562724184800689
2019,472,0.170605000536023,0.398321046829638,80.5255602530028,0.10897,0,2000,1590,0,1590,0.795,0.00543401689559748,0.00558523528975702
2019,472,0.170605000536023,0.398321046829638,80.5255602530028,0.10897,0.2,2000,1565,0,1565,0.7825,0.208138479759105,0.00556789107337209
2019,472,0.170605000536023,0.398321046829638,80.5255602530028,0.10897,0.4,2000,1568,0,1568,0.784,0.398612138399872,0.00541440773715119
2019,472,0.170605000536023,0.398321046829638,80.5255602530028,0.10897,0.6,2000,1559,2,1557,0.7795,0.581184059351317,0.00515319343156428
2019,472,0.170605000536023,0.398321046829638,80.5255602530028,0.10897,0.8,2000,1606,37,1569,0.803,0.766412188655194,0.00439777763252807
2042,368,0.182342739184178,0.398585226185353,67.1021280197775,0.10897,-0.8,2000,1464,65,1399,0.732,-0.724773631236598,0.00554662841360524
2042,368,0.182342739184178,0.398585226185353,67.1021280197775,0.10897,-0.6,2000,1532,13,1519,0.766,-0.575030715332456,0.00596726502802192
2042,368,0.182342739184178,0.398585226185353,67.1021280197775,0.10897,-0.4,2000,1518,5,1513,0.759,-0.378091710383344,0.00635992931073294
2042,368,0.182342739184178,0.398585226185353,67.1021280197775,0.10897,-0.2,2000,1471,1,1470,0.7355,-0.190409169083673,0.00617739906676004
2042,368,0.182342739184178,0.398585226185353,67.1021280197775,0.10897,0,2000,1490,0,1490,0.745,0.00999620846107383,0.00592477216391309
2042,368,0.182342739184178,0.398585226185353,67.1021280197775,0.10897,0.2,2000,1464,0,1464,0.732,0.209519936456967,0.00598108065339164
2042,368,0.182342739184178,0.398585226185353,67.1021280197775,0.10897,0.4,2000,1482,0,1482,0.741,0.396255323562753,0.00587686217940222
2042,368,0.182342739184178,0.398585226185353,67.1021280197775,0.10897,0.6,2000,1517,9,1508,0.7585,0.58382405397878,0.00563098787150334
2042,368,0.182342739184178,0.398585226185353,67.1021280197775,0.10897,0.8,2000,1478,31,1447,0.739,0.753784557422253,0.0050631171382734
2090,276,0.282808261803109,0.402960787312987,78.0550802576581,0.10897,-0.8,2000,1808,109,1699,0.904,-0.756146716686286,0.00493051095032064
2090,276,0.282808261803109,0.402960787312987,78.0550802576581,0.10897,-0.6,2000,1818,38,1780,0.909,-0.602378135370787,0.00555949825420761
2090,276,0.282808261803109,0.402960787312987,78.0550802576581,0.10897,-0.4,2000,1792,4,1788,0.896,-0.417740152098993,0.0057742946737533
2090,276,0.282808261803109,0.402960787312987,78.0550802576581,0.10897,-0.2,2000,1800,1,1799,0.9,-0.216342086126181,0.00585653038497917
2090,276,0.282808261803109,0.402960787312987,78.0550802576581,0.10897,0,2000,1799,0,1799,0.8995,0.00441077773262924,0.00562829006005043
2090,276,0.282808261803109,0.402960787312987,78.0550802576581,0.10897,0.2,2000,1807,0,1807,0.9035,0.207410643155506,0.00554136720974925
2090,276,0.282808261803109,0.402960787312987,78.0550802576581,0.10897,0.4,2000,1801,0,1801,0.9005,0.403319650661855,0.00548231614949312
2090,276,0.282808261803109,0.402960787312987,78.0550802576581,0.10897,0.6,2000,1783,12,1771,0.8915,0.604685518604178,0.00522526113700885
2090,276,0.282808261803109,0.402960787312987,78.0550802576581,0.10897,0.8,2000,1778,60,1718,0.889,0.776992951105937,0.00427014333303935
2098,509,0.170389363464537,0.400960135599662,86.7281860034492,0.10897,-0.8,2000,1635,79,1556,0.8175,-0.756403045179949,0.00475856266216304
2098,509,0.170389363464537,0.400960135599662,86.7281860034492,0.10897,-0.6,2000,1633,13,1620,0.8165,-0.575667742222222,0.00545766221038889
2098,509,0.170389363464537,0.400960135599662,86.7281860034492,0.10897,-0.4,2000,1625,4,1621,0.8125,-0.397097715514497,0.00552102863250841
2098,509,0.170389363464537,0.400960135599662,86.7281860034492,0.10897,-0.2,2000,1639,0,1639,0.8195,-0.199023308297743,0.00545322865558618
2098,509,0.170389363464537,0.400960135599662,86.7281860034492,0.10897,0,2000,1615,0,1615,0.8075,0.000574415439009288,0.0052811662265836
2098,509,0.170389363464537,0.400960135599662,86.7281860034492,0.10897,0.2,2000,1613,0,1613,0.8065,0.200962941303906,0.0052264456568234
2098,509,0.170389363464537,0.400960135599662,86.7281860034492,0.10897,0.4,2000,1627,0,1627,0.8135,0.394315612274124,0.00505054694434627
2098,509,0.170389363464537,0.400960135599662,86.7281860034492,0.10897,0.6,2000,1631,1,1630,0.8155,0.599496338865031,0.00488793380421168
2098,509,0.170389363464537,0.400960135599662,86.7281860034492,0.10897,0.8,2000,1600,35,1565,0.8,0.766117536102236,0.0045054039818154
2108,441,0.169654033877491,0.399468534038022,74.8174289399736,0.10897,-0.8,2000,1533,63,1470,0.7665,-0.748485871768708,0.0051703553907881
2108,441,0.169654033877491,0.399468534038022,74.8174289399736,0.10897,-0.6,2000,1512,9,1503,0.756,-0.569470233225549,0.00597193265281583
2108,441,0.169654033877491,0.399468534038022,74.8174289399736,0.10897,-0.4,2000,1500,4,1496,0.75,-0.377960085423195,0.00599208603482815
2108,441,0.169654033877491,0.399468534038022,74.8174289399736,0.10897,-0.2,2000,1486,0,1486,0.743,-0.18830849631965,0.00578246491892154
2108,441,0.169654033877491,0.399468534038022,74.8174289399736,0.10897,0,2000,1529,0,1529,0.7645,0.00997281517468934,0.00580069972825742
2108,441,0.169654033877491,0.399468534038022,74.8174289399736,0.10897,0.2,2000,1502,0,1502,0.751,0.203066189697337,0.00549440622887562
2108,441,0.169654033877491,0.399468534038022,74.8174289399736,0.10897,0.4,2000,1535,1,1534,0.7675,0.398815912731421,0.00551788539837452
2108,441,0.169654033877491,0.399468534038022,74.8174289399736,0.10897,0.6,2000,1510,3,1507,0.755,0.585039422262774,0.00543122473223248
2108,441,0.169654033877491,0.399468534038022,74.8174289399736,0.10897,0.8,2000,1538,29,1509,0.769,0.759577423194168,0.00464217831185155
2196,277,0.200991238053166,0.401288193765913,55.674572940727,0.10897,-0.8,2000,1381,85,1296,0.6905,-0.714885792006173,0.00613341175004335
2196,277,0.200991238053166,0.401288193765913,55.674572940727,0.10897,-0.6,2000,1359,27,1332,0.6795,-0.572648509737237,0.00677814396169712
2196,277,0.200991238053166,0.401288193765913,55.674572940727,0.10897,-0.4,2000,1404,2,1402,0.702,-0.374149550801712,0.00699006341365963
2196,277,0.200991238053166,0.401288193765913,55.674572940727,0.10897,-0.2,2000,1409,0,1409,0.7045,-0.196029259823989,0.00699872775291205
2196,277,0.200991238053166,0.401288193765913,55.674572940727,0.10897,0,2000,1390,0,1390,0.695,0.000138274299280575,0.00691350763820819
2196,277,0.200991238053166,0.401288193765913,55.674572940727,0.10897,0.2,2000,1414,0,1414,0.707,0.196777849212871,0.00701497386998825
2196,277,0.200991238053166,0.401288193765913,55.674572940727,0.10897,0.4,2000,1385,2,1383,0.6925,0.394308153239335,0.00686724730211203
2196,277,0.200991238053166,0.401288193765913,55.674572940727,0.10897,0.6,2000,1384,5,1379,0.692,0.576195366063089,0.00642411013335184
2196,277,0.200991238053166,0.401288193765913,55.674572940727,0.10897,0.8,2000,1414,52,1362,0.707,0.743368001615272,0.00548799093440993
2199,418,0.262802926823826,0.400049658681335,109.851623412359,0.10897,-0.8,2000,1926,102,1824,0.963,-0.783448317708333,0.0041098484972594
2199,418,0.262802926823826,0.400049658681335,109.851623412359,0.10897,-0.6,2000,1931,21,1910,0.9655,-0.618788804816754,0.00484661690801375
2199,418,0.262802926823826,0.400049658681335,109.851623412359,0.10897,-0.4,2000,1932,0,1932,0.966,-0.418399306309524,0.00478802601498819
2199,418,0.262802926823826,0.400049658681335,109.851623412359,0.10897,-0.2,2000,1926,0,1926,0.963,-0.216295848336397,0.00477414683141938
2199,418,0.262802926823826,0.400049658681335,109.851623412359,0.10897,0,2000,1937,0,1937,0.9685,-0.0120103394455343,0.00471435735542107
2199,418,0.262802926823826,0.400049658681335,109.851623412359,0.10897,0.2,2000,1922,0,1922,0.961,0.20284200048231,0.00453241898282186
2199,418,0.262802926823826,0.400049658681335,109.851623412359,0.10897,0.4,2000,1918,2,1916,0.959,0.4122296011738,0.00424213057010843
2199,418,0.262802926823826,0.400049658681335,109.851623412359,0.10897,0.6,2000,1929,8,1921,0.9645,0.60522989,0.00438786007191744
2199,418,0.262802926823826,0.400049658681335,109.851623412359,0.10897,0.8,2000,1930,44,1886,0.965,0.795929459172853,0.00369872539387335
2236,305,0.204653673173272,0.397112829407515,62.4193703178478,0.10897,-0.8,2000,1507,85,1422,0.7535,-0.728869175738397,0.00568397894763951
2236,305,0.204653673173272,0.397112829407515,62.4193703178478,0.10897,-0.6,2000,1495,21,1474,0.7475,-0.569186557042062,0.00651397481634121
2236,305,0.204653673173272,0.397112829407515,62.4193703178478,0.10897,-0.4,2000,1508,3,1505,0.754,-0.389680380870432,0.00660415730791552
2236,305,0.204653673173272,0.397112829407515,62.4193703178478,0.10897,-0.2,2000,1504,0,1504,0.752,-0.19584015709508,0.00649139854027175
2236,305,0.204653673173272,0.397112829407515,62.4193703178478,0.10897,0,2000,1482,0,1482,0.741,0.0117532653030364,0.00666050663059335
2236,305,0.204653673173272,0.397112829407515,62.4193703178478,0.10897,0.2,2000,1484,0,1484,0.742,0.190944154326146,0.00649646543570231
2236,305,0.204653673173272,0.397112829407515,62.4193703178478,0.10897,0.4,2000,1486,1,1485,0.743,0.39895325206734,0.00605196930150899
2236,305,0.204653673173272,0.397112829407515,62.4193703178478,0.10897,0.6,2000,1527,6,1521,0.7635,0.592083580006575,0.00576775619421873
2236,305,0.204653673173272,0.397112829407515,62.4193703178478,0.10897,0.8,2000,1498,52,1446,0.749,0.760556347164592,0.00512627835783178
2246,404,0.16894047105927,0.394809750613709,68.251950307945,0.10897,-0.8,2000,1432,77,1355,0.716,-0.727706232472325,0.0057179912454325
2246,404,0.16894047105927,0.394809750613709,68.251950307945,0.10897,-0.6,2000,1429,15,1414,0.7145,-0.564705584462518,0.00617507817748371
2246,404,0.16894047105927,0.394809750613709,68.251950307945,0.10897,-0.4,2000,1477,3,1474,0.7385,-0.378136448977612,0.00631805631405231
2246,404,0.16894047105927,0.394809750613709,68.251950307945,0.10897,-0.2,2000,1436,1,1435,0.718,-0.194013420026829,0.00668099405844491
2246,404,0.16894047105927,0.394809750613709,68.251950307945,0.10897,0,2000,1431,0,1431,0.7155,0.000205280399021663,0.00614801701430673
2246,404,0.16894047105927,0.394809750613709,68.251950307945,0.10897,0.2,2000,1449,0,1449,0.7245,0.201965220301587,0.00624608282735784
2246,404,0.16894047105927,0.394809750613709,68.251950307945,0.10897,0.4,2000,1445,0,1445,0.7225,0.395657878065052,0.0059782934520031
2246,404,0.16894047105927,0.394809750613709,68.251950307945,0.10897,0.6,2000,1429,5,1424,0.7145,0.587951687521067,0.00592335921373382
2246,404,0.16894047105927,0.394809750613709,68.251950307945,0.10897,0.8,2000,1478,39,1439,0.739,0.749035184016678,0.00477009422735072
2284,425,0.170763839528505,0.400646952389395,72.5746317996147,0.10897,-0.8,2000,1497,61,1436,0.7485,-0.732852633704735,0.00542395052164095
2284,425,0.170763839528505,0.400646952389395,72.5746317996147,0.10897,-0.6,2000,1553,16,1537,0.7765,-0.562649457859467,0.00583370573952868
2284,425,0.170763839528505,0.400646952389395,72.5746317996147,0.10897,-0.4,2000,1531,3,1528,0.7655,-0.383523872116819,0.00605589359938978
2284,425,0.170763839528505,0.400646952389395,72.5746317996147,0.10897,-0.2,2000,1500,0,1500,0.75,-0.185963367174,0.00605597368986292
2284,425,0.170763839528505,0.400646952389395,72.5746317996147,0.10897,0,2000,1502,0,1502,0.751,0.00993201393235686,0.00606456544607424
2284,425,0.170763839528505,0.400646952389395,72.5746317996147,0.10897,0.2,2000,1519,0,1519,0.7595,0.199168772111916,0.00575875035400803
2284,425,0.170763839528505,0.400646952389395,72.5746317996147,0.10897,0.4,2000,1519,0,1519,0.7595,0.398080402288874,0.0056284582554361
2284,425,0.170763839528505,0.400646952389395,72.5746317996147,0.10897,0.6,2000,1474,4,1470,0.737,0.590339814394558,0.00540673506900308
2284,425,0.170763839528505,0.400646952389395,72.5746317996147,0.10897,0.8,2000,1540,38,1502,0.77,0.766686235019973,0.00472033020618281
2341,283,0.169404756467308,0.394679606767737,47.9415460802482,0.10897,-0.8,2000,1195,60,1135,0.5975,-0.684402840114537,0.00694042279739938
2341,283,0.169404756467308,0.394679606767737,47.9415460802482,0.10897,-0.6,2000,1187,20,1167,0.5935,-0.524806399614396,0.00769996196319357
2341,283,0.169404756467308,0.394679606767737,47.9415460802482,0.10897,-0.4,2000,1230,4,1226,0.615,-0.361001763809135,0.00801218383592616
2341,283,0.169404756467308,0.394679606767737,47.9415460802482,0.10897,-0.2,2000,1171,1,1170,0.5855,-0.169341104232479,0.00803098337859266
2341,283,0.169404756467308,0.394679606767737,47.9415460802482,0.10897,0,2000,1224,0,1224,0.612,0.00415772939589706,0.00760011947865333
2341,283,0.169404756467308,0.394679606767737,47.9415460802482,0.10897,0.2,2000,1167,1,1166,0.5835,0.197942010886792,0.00785792831227112
2341,283,0.169404756467308,0.394679606767737,47.9415460802482,0.10897,0.4,2000,1180,1,1179,0.59,0.385669776946565,0.00705027999130354
2341,283,0.169404756467308,0.394679606767737,47.9415460802482,0.10897,0.6,2000,1165,6,1159,0.5825,0.560372489335634,0.00701709525587501
2341,283,0.169404756467308,0.394679606767737,47.9415460802482,0.10897,0.8,2000,1183,31,1152,0.5915,0.725397931770833,0.00641499342720537
2356,375,0.168322889469972,0.39452161388037,63.1210835512394,0.10897,-0.8,2000,1417,69,1348,0.7085,-0.710227632121662,0.00579558924922315
2356,375,0.168322889469972,0.39452161388037,63.1210835512394,0.10897,-0.6,2000,1390,17,1373,0.695,-0.55769583776402,0.00636280693660221
2356,375,0.168322889469972,0.39452161388037,63.1210835512394,0.10897,-0.4,2000,1380,1,1379,0.69,-0.375269097593183,0.00657827309690825
2356,375,0.168322889469972,0.39452161388037,63.1210835512394,0.10897,-0.2,2000,1407,0,1407,0.7035,-0.192319023724513,0.0064433032468848
2356,375,0.168322889469972,0.39452161388037,63.1210835512394,0.10897,0,2000,1406,0,1406,0.703,0.0173650323665718,0.00648376682339327
2356,375,0.168322889469972,0.39452161388037,63.1210835512394,0.10897,0.2,2000,1408,0,1408,0.704,0.202445547924006,0.00628725958919436
2356,375,0.168322889469972,0.39452161388037,63.1210835512394,0.10897,0.4,2000,1368,0,1368,0.684,0.39549791630848,0.0063716162451742
2356,375,0.168322889469972,0.39452161388037,63.1210835512394,0.10897,0.6,2000,1370,4,1366,0.685,0.580612223038067,0.0058848379849353
2356,375,0.168322889469972,0.39452161388037,63.1210835512394,0.10897,0.8,2000,1395,39,1356,0.6975,0.748115677876106,0.00524978725091626
2358,359,0.217575122528715,0.399848074145284,78.1094689878088,0.10897,-0.8,2000,1656,102,1554,0.828,-0.762566530952381,0.004984536694647
2358,359,0.217575122528715,0.399848074145284,78.1094689878088,0.10897,-0.6,2000,1706,25,1681,0.853,-0.58173714220345,0.00555733662415592
2358,359,0.217575122528715,0.399848074145284,78.1094689878088,0.10897,-0.4,2000,1711,4,1707,0.8555,-0.403413999746339,0.00576197068087707
2358,359,0.217575122528715,0.399848074145284,78.1094689878088,0.10897,-0.2,2000,1693,0,1693,0.8465,-0.197803288826934,0.00571236080998326
2358,359,0.217575122528715,0.399848074145284,78.1094689878088,0.10897,0,2000,1688,0,1688,0.844,0.013969130443128,0.00570651696897784
2358,359,0.217575122528715,0.399848074145284,78.1094689878088,0.10897,0.2,2000,1704,0,1704,0.852,0.204175763460681,0.00566429028274025
2358,359,0.217575122528715,0.399848074145284,78.1094689878088,0.10897,0.4,2000,1702,1,1701,0.851,0.408701820940623,0.0054254144428141
2358,359,0.217575122528715,0.399848074145284,78.1094689878088,0.10897,0.6,2000,1690,12,1678,0.845,0.597202864040524,0.00515312418552081
2358,359,0.217575122528715,0.399848074145284,78.1094689878088,0.10897,0.8,2000,1725,67,1658,0.8625,0.772684020144753,0.00430916167409887
2368,298,0.170223755681876,0.39793651100699,50.7266791931989,0.10897,-0.8,2000,1230,62,1168,0.615,-0.691214948116438,0.00671889063038866
2368,298,0.170223755681876,0.39793651100699,50.7266791931989,0.10897,-0.6,2000,1249,14,1235,0.6245,-0.537423728463968,0.00720101094306867
2368,298,0.170223755681876,0.39793651100699,50.7266791931989,0.10897,-0.4,2000,1257,2,1255,0.6285,-0.356604027273307,0.00742815467627751
2368,298,0.170223755681876,0.39793651100699,50.7266791931989,0.10897,-0.2,2000,1187,1,1186,0.5935,-0.189391291296796,0.00775845832248776
2368,298,0.170223755681876,0.39793651100699,50.7266791931989,0.10897,0,2000,1237,0,1237,0.6185,0.012255289323363,0.00711396933057493
2368,298,0.170223755681876,0.39793651100699,50.7266791931989,0.10897,0.2,2000,1247,0,1247,0.6235,0.20802943436648,0.0072264497311477
2368,298,0.170223755681876,0.39793651100699,50.7266791931989,0.10897,0.4,2000,1226,2,1224,0.613,0.389300526690359,0.0071092395912115
2368,298,0.170223755681876,0.39793651100699,50.7266791931989,0.10897,0.6,2000,1264,9,1255,0.632,0.556758111107809,0.00666885617017821
2368,298,0.170223755681876,0.39793651100699,50.7266791931989,0.10897,0.8,2000,1223,41,1182,0.6115,0.729742056108291,0.00594737444556419
2377,167,0.168142403448285,0.403398967559506,28.0797813758636,0.10897,-0.8,2000,831,30,801,0.4155,-0.611138094244694,0.00974127159653559
2377,167,0.168142403448285,0.403398967559506,28.0797813758636,0.10897,-0.6,2000,785,11,774,0.3925,-0.464922231524548,0.0106854567433464
2377,167,0.168142403448285,0.403398967559506,28.0797813758636,0.10897,-0.4,2000,789,2,787,0.3945,-0.305252135482211,0.0111460735495617
2377,167,0.168142403448285,0.403398967559506,28.0797813758636,0.10897,-0.2,2000,745,0,745,0.3725,-0.152461392204322,0.0112952374525881
2377,167,0.168142403448285,0.403398967559506,28.0797813758636,0.10897,0,2000,813,0,813,0.4065,0.0243022497392374,0.0106094144503787
2377,167,0.168142403448285,0.403398967559506,28.0797813758636,0.10897,0.2,2000,822,0,822,0.411,0.207069235602798,0.0105116528572596
2377,167,0.168142403448285,0.403398967559506,28.0797813758636,0.10897,0.4,2000,808,2,806,0.404,0.365744315955335,0.0104278254090612
2377,167,0.168142403448285,0.403398967559506,28.0797813758636,0.10897,0.6,2000,798,10,788,0.399,0.5327080675,0.00942162469868261
2377,167,0.168142403448285,0.403398967559506,28.0797813758636,0.10897,0.8,2000,836,30,806,0.418,0.670061840843672,0.00858789604727193
2462,140,0.169839744722806,0.397842645381199,23.7775642611928,0.10897,-0.8,2000,723,32,691,0.3615,-0.577054399004342,0.0110711676616233
2462,140,0.169839744722806,0.397842645381199,23.7775642611928,0.10897,-0.6,2000,678,18,660,0.339,-0.442213508469697,0.0122901213725241
2462,140,0.169839744722806,0.397842645381199,23.7775642611928,0.10897,-0.4,2000,714,3,711,0.357,-0.29363935478903,0.01173859881984
2462,140,0.169839744722806,0.397842645381199,23.7775642611928,0.10897,-0.2,2000,682,2,680,0.341,-0.132572939153529,0.0118426038313769
2462,140,0.169839744722806,0.397842645381199,23.7775642611928,0.10897,0,2000,707,0,707,0.3535,0.0366285891386139,0.0123194506554758
2462,140,0.169839744722806,0.397842645381199,23.7775642611928,0.10897,0.2,2000,696,0,696,0.348,0.202639667816092,0.0125142984144212
2462,140,0.169839744722806,0.397842645381199,23.7775642611928,0.10897,0.4,2000,711,0,711,0.3555,0.349744356090014,0.0117006400912956
2462,140,0.169839744722806,0.397842645381199,23.7775642611928,0.10897,0.6,2000,707,7,700,0.3535,0.5258591272,0.0107643258937928
2462,140,0.169839744722806,0.397842645381199,23.7775642611928,0.10897,0.8,2000,698,29,669,0.349,0.656824367234679,0.00955830975197699
2475,229,0.175160758449199,0.391610599891522,40.1118136848667,0.10897,-0.8,2000,1048,47,1001,0.524,-0.679385125034965,0.00779379783852446
2475,229,0.175160758449199,0.391610599891522,40.1118136848667,0.10897,-0.6,2000,1045,13,1032,0.5225,-0.510884993168605,0.00846902455408352
2475,229,0.175160758449199,0.391610599891522,40.1118136848667,0.10897,-0.4,2000,1072,3,1069,0.536,-0.355175277046773,0.00891762595408037
2475,229,0.175160758449199,0.391610599891522,40.1118136848667,0.10897,-0.2,2000,1082,1,1081,0.541,-0.170030899309251,0.00867140369144191
2475,229,0.175160758449199,0.391610599891522,40.1118136848667,0.10897,0,2000,1104,0,1104,0.552,0.0148143548431159,0.0084000575991858
2475,229,0.175160758449199,0.391610599891522,40.1118136848667,0.10897,0.2,2000,1055,1,1054,0.5275,0.207583278529412,0.00855467737465396
2475,229,0.175160758449199,0.391610599891522,40.1118136848667,0.10897,0.4,2000,1064,3,1061,0.532,0.380417347049953,0.00833999907183495
2475,229,0.175160758449199,0.391610599891522,40.1118136848667,0.10897,0.6,2000,1079,7,1072,0.5395,0.542741937962687,0.00792012140404024
2475,229,0.175160758449199,0.391610599891522,40.1118136848667,0.10897,0.8,2000,1037,30,1007,0.5185,0.709190062451837,0.00701627059707505
2495,375,0.394057891780103,0.395202550668936,147.771709417538,0.10897,-0.8,2000,1995,84,1911,0.9975,-0.790889966509681,0.00372114313266416
2495,375,0.394057891780103,0.395202550668936,147.771709417538,0.10897,-0.6,2000,1995,11,1984,0.9975,-0.618214681149194,0.0043405323246234
2495,375,0.394057891780103,0.395202550668936,147.771709417538,0.10897,-0.4,2000,1990,2,1988,0.995,-0.417447676710262,0.00435876175776052
2495,375,0.394057891780103,0.395202550668936,147.771709417538,0.10897,-0.2,2000,1996,0,1996,0.998,-0.215155721216433,0.00425420116284292
2495,375,0.394057891780103,0.395202550668936,147.771709417538,0.10897,0,2000,1995,0,1995,0.9975,-0.00383750315739348,0.00420628150623296
2495,375,0.394057891780103,0.395202550668936,147.771709417538,0.10897,0.2,2000,1992,0,1992,0.996,0.206240866053715,0.00410474229643111
2495,375,0.394057891780103,0.395202550668936,147.771709417538,0.10897,0.4,2000,1994,0,1994,0.997,0.399877462940321,0.00385223131949515
2495,375,0.394057891780103,0.395202550668936,147.771709417538,0.10897,0.6,2000,1995,3,1992,0.9975,0.61099287439759,0.00384087946587435
2495,375,0.394057891780103,0.395202550668936,147.771709417538,0.10897,0.8,2000,1996,35,1961,0.998,0.802913816420194,0.00327836318031703
