"locus","K","theta1","theta2","lambda_min","r_e","rho_true","n_rep","n_gate_pass","n_paramlim_drop","n_reported","gate_rate","mean_rho_hat","se_rho_hat"
34,274,0.128500780448603,0.393235583029953,35.2092138429173,0.21388,-0.8,2000,809,31,778,0.4045,-0.616193370706941,0.00962302108517435
34,274,0.128500780448603,0.393235583029953,35.2092138429173,0.21388,-0.6,2000,833,17,816,0.4165,-0.444037693590686,0.00968144837610963
34,274,0.128500780448603,0.393235583029953,35.2092138429173,0.21388,-0.4,2000,808,2,806,0.404,-0.281582878066997,0.0102043465636139
34,274,0.128500780448603,0.393235583029953,35.2092138429173,0.21388,-0.2,2000,837,0,837,0.4185,-0.131539340283154,0.00948463424948653
34,274,0.128500780448603,0.393235583029953,35.2092138429173,0.21388,0,2000,828,0,828,0.414,0.0560052724561594,0.00963308142485947
34,274,0.128500780448603,0.393235583029953,35.2092138429173,0.21388,0.2,2000,859,0,859,0.4295,0.2207725773844,0.00892199739421478
34,274,0.128500780448603,0.393235583029953,35.2092138429173,0.21388,0.4,2000,817,0,817,0.4085,0.408534892705018,0.00879286898609339
34,274,0.128500780448603,0.393235583029953,35.2092138429173,0.21388,0.6,2000,810,4,806,0.405,0.556276849168735,0.00851294988299678
34,274,0.128500780448603,0.393235583029953,35.2092138429173,0.21388,0.8,2000,809,11,798,0.4045,0.696827336967418,0.00725854066839178
37,241,0.335818586258682,0.398518647940064,80.9322792883425,0.21388,-0.8,2000,1843,189,1654,0.9215,-0.751068896916566,0.00516232688335059
37,241,0.335818586258682,0.398518647940064,80.9322792883425,0.21388,-0.6,2000,1852,61,1791,0.926,-0.596070892680067,0.0056992469249582
37,241,0.335818586258682,0.398518647940064,80.9322792883425,0.21388,-0.4,2000,1861,6,1855,0.9305,-0.418880069861995,0.00608590590434774
37,241,0.335818586258682,0.398518647940064,80.9322792883425,0.21388,-0.2,2000,1849,2,1847,0.9245,-0.205824635848944,0.00607057527523481
37,241,0.335818586258682,0.398518647940064,80.9322792883425,0.21388,0,2000,1855,0,1855,0.9275,-0.00447576436280323,0.00552381748050913
37,241,0.335818586258682,0.398518647940064,80.9322792883425,0.21388,0.2,2000,1838,0,1838,0.919,0.191962811390642,0.00535536251929797
37,241,0.335818586258682,0.398518647940064,80.9322792883425,0.21388,0.4,2000,1841,1,1840,0.9205,0.404563618411413,0.00495841412625858
37,241,0.335818586258682,0.398518647940064,80.9322792883425,0.21388,0.6,2000,1862,0,1862,0.931,0.610417393817401,0.00459797844924858
37,241,0.335818586258682,0.398518647940064,80.9322792883425,0.21388,0.8,2000,1853,44,1809,0.9265,0.78873496644555,0.00398538490107902
42,192,0.129848348484159,0.401932622845577,24.9308829089586,0.21388,-0.8,2000,639,30,609,0.3195,-0.543312438566502,0.0121116174145991
42,192,0.129848348484159,0.401932622845577,24.9308829089586,0.21388,-0.6,2000,657,4,653,0.3285,-0.404298006906585,0.0115918524120437
42,192,0.129848348484159,0.401932622845577,24.9308829089586,0.21388,-0.4,2000,652,2,650,0.326,-0.241905246970769,0.0123519611858491
42,192,0.129848348484159,0.401932622845577,24.9308829089586,0.21388,-0.2,2000,657,0,657,0.3285,-0.0996794658447489,0.0126249836346393
42,192,0.129848348484159,0.401932622845577,24.9308829089586,0.21388,0,2000,652,0,652,0.326,0.0673929779907975,0.0114851928984655
42,192,0.129848348484159,0.401932622845577,24.9308829089586,0.21388,0.2,2000,643,0,643,0.3215,0.229507535940902,0.0109564764468395
42,192,0.129848348484159,0.401932622845577,24.9308829089586,0.21388,0.4,2000,633,0,633,0.3165,0.378723859026856,0.0108420971572385
42,192,0.129848348484159,0.401932622845577,24.9308829089586,0.21388,0.6,2000,642,4,638,0.321,0.525841455250784,0.0101365140679362
42,192,0.129848348484159,0.401932622845577,24.9308829089586,0.21388,0.8,2000,651,12,639,0.3255,0.687987898748044,0.00905750304664841
77,227,0.157357029578933,0.398078586216597,35.7200457144177,0.21388,-0.8,2000,952,48,904,0.476,-0.608335938473451,0.00875117058475753
77,227,0.157357029578933,0.398078586216597,35.7200457144177,0.21388,-0.6,2000,929,12,917,0.4645,-0.475006207022901,0.00968820674589802
77,227,0.157357029578933,0.398078586216597,35.7200457144177,0.21388,-0.4,2000,966,4,962,0.483,-0.30237053012578,0.00927852936093044
77,227,0.157357029578933,0.398078586216597,35.7200457144177,0.21388,-0.2,2000,931,0,931,0.4655,-0.122341060915897,0.00943129857501843
77,227,0.157357029578933,0.398078586216597,35.7200457144177,0.21388,0,2000,970,0,970,0.485,0.0325081282,0.00890182683039814
77,227,0.157357029578933,0.398078586216597,35.7200457144177,0.21388,0.2,2000,964,0,964,0.482,0.228642645273859,0.00861564063136663
77,227,0.157357029578933,0.398078586216597,35.7200457144177,0.21388,0.4,2000,897,0,897,0.4485,0.397435871594203,0.00856527445802233
77,227,0.157357029578933,0.398078586216597,35.7200457144177,0.21388,0.6,2000,922,2,920,0.461,0.566687627967391,0.00820145378664599
77,227,0.157357029578933,0.398078586216597,35.7200457144177,0.21388,0.8,2000,931,24,907,0.4655,0.737123943936053,0.00710616130614513
95,359,0.128055737831994,0.397959562852777,45.972009881686,0.21388,-0.8,2000,982,35,947,0.491,-0.621128364107709,0.00773522412578663
95,359,0.128055737831994,0.397959562852777,45.972009881686,0.21388,-0.6,2000,1006,11,995,0.503,-0.482778277356784,0.00829181215601323
95,359,0.128055737831994,0.397959562852777,45.972009881686,0.21388,-0.4,2000,1022,1,1021,0.511,-0.305599602238002,0.00824712275472656
95,359,0.128055737831994,0.397959562852777,45.972009881686,0.21388,-0.2,2000,1013,0,1013,0.5065,-0.132543718253702,0.00773283574665195
95,359,0.128055737831994,0.397959562852777,45.972009881686,0.21388,0,2000,1031,0,1031,0.5155,0.039310018500485,0.00770457687041883
95,359,0.128055737831994,0.397959562852777,45.972009881686,0.21388,0.2,2000,1009,0,1009,0.5045,0.210960543561943,0.00756389752840779
95,359,0.128055737831994,0.397959562852777,45.972009881686,0.21388,0.4,2000,1025,0,1025,0.5125,0.390898495014634,0.00723618020485611
95,359,0.128055737831994,0.397959562852777,45.972009881686,0.21388,0.6,2000,1023,2,1021,0.5115,0.56417560532713,0.0066057297414865
95,359,0.128055737831994,0.397959562852777,45.972009881686,0.21388,0.8,2000,980,8,972,0.49,0.728604963374486,0.00640292194720971
99,295,0.129200282026362,0.399539513057045,38.1140831977769,0.21388,-0.8,2000,855,37,818,0.4275,-0.615993398080685,0.00904247962688327
99,295,0.129200282026362,0.399539513057045,38.1140831977769,0.21388,-0.6,2000,877,7,870,0.4385,-0.462864927103448,0.00891648271966717
99,295,0.129200282026362,0.399539513057045,38.1140831977769,0.21388,-0.4,2000,891,5,886,0.4455,-0.313181166659142,0.00947033664113575
99,295,0.129200282026362,0.399539513057045,38.1140831977769,0.21388,-0.2,2000,854,1,853,0.427,-0.135363408412661,0.00926780027757125
99,295,0.129200282026362,0.399539513057045,38.1140831977769,0.21388,0,2000,861,0,861,0.4305,0.0444346120360046,0.00931573431509992
99,295,0.129200282026362,0.399539513057045,38.1140831977769,0.21388,0.2,2000,871,0,871,0.4355,0.210377541105626,0.00869137041495855
99,295,0.129200282026362,0.399539513057045,38.1140831977769,0.21388,0.4,2000,894,0,894,0.447,0.401594589731544,0.00799795273295516
99,295,0.129200282026362,0.399539513057045,38.1140831977769,0.21388,0.6,2000,903,3,900,0.4515,0.552840876188889,0.00783984038956748
99,295,0.129200282026362,0.399539513057045,38.1140831977769,0.21388,0.8,2000,917,12,905,0.4585,0.720475166850829,0.0067694599399133
111,184,0.176161616570063,0.401600870848101,32.4137374488916,0.21388,-0.8,2000,907,60,847,0.4535,-0.618963084337662,0.00925861042489774
111,184,0.176161616570063,0.401600870848101,32.4137374488916,0.21388,-0.6,2000,932,15,917,0.466,-0.482598275693893,0.00970711880108975
111,184,0.176161616570063,0.401600870848101,32.4137374488916,0.21388,-0.4,2000,942,3,939,0.471,-0.318669432217252,0.0100156284657446
111,184,0.176161616570063,0.401600870848101,32.4137374488916,0.21388,-0.2,2000,880,2,878,0.44,-0.12492567364533,0.0101912557960636
111,184,0.176161616570063,0.401600870848101,32.4137374488916,0.21388,0,2000,918,0,918,0.459,0.0494007505610022,0.0102346498859498
111,184,0.176161616570063,0.401600870848101,32.4137374488916,0.21388,0.2,2000,927,1,926,0.4635,0.232145071232181,0.0092579101959678
111,184,0.176161616570063,0.401600870848101,32.4137374488916,0.21388,0.4,2000,944,1,943,0.472,0.404689691097879,0.00912255097996039
111,184,0.176161616570063,0.401600870848101,32.4137374488916,0.21388,0.6,2000,926,6,920,0.463,0.556824636898913,0.00850626432816297
111,184,0.176161616570063,0.401600870848101,32.4137374488916,0.21388,0.8,2000,935,25,910,0.4675,0.718651533846154,0.00728436629093302
118,224,0.128530773032075,0.397856800774297,28.7908931591847,0.21388,-0.8,2000,714,25,689,0.357,-0.579401644586357,0.0106572318557267
118,224,0.128530773032075,0.397856800774297,28.7908931591847,0.21388,-0.6,2000,759,13,746,0.3795,-0.403722530981233,0.0106935441424049
118,224,0.128530773032075,0.397856800774297,28.7908931591847,0.21388,-0.4,2000,711,3,708,0.3555,-0.259634130155367,0.0111043838763184
118,224,0.128530773032075,0.397856800774297,28.7908931591847,0.21388,-0.2,2000,749,0,749,0.3745,-0.113564707437917,0.0111069429163152
118,224,0.128530773032075,0.397856800774297,28.7908931591847,0.21388,0,2000,740,0,740,0.37,0.0557865995527027,0.0105452692443845
118,224,0.128530773032075,0.397856800774297,28.7908931591847,0.21388,0.2,2000,713,0,713,0.3565,0.23289506828892,0.0107465675215378
118,224,0.128530773032075,0.397856800774297,28.7908931591847,0.21388,0.4,2000,714,1,713,0.357,0.394797736704067,0.00959075771501355
118,224,0.128530773032075,0.397856800774297,28.7908931591847,0.21388,0.6,2000,702,3,699,0.351,0.545084928483548,0.00914169407192497
118,224,0.128530773032075,0.397856800774297,28.7908931591847,0.21388,0.8,2000,741,16,725,0.3705,0.681642076551724,0.00857213897410682
123,290,0.233980071400803,0.389922050387047,67.8542207062328,0.21388,-0.8,2000,1625,120,1505,0.8125,-0.72477703986711,0.00554560504412547
123,290,0.233980071400803,0.389922050387047,67.8542207062328,0.21388,-0.6,2000,1642,35,1607,0.821,-0.569790594517735,0.00633305020963013
123,290,0.233980071400803,0.389922050387047,67.8542207062328,0.21388,-0.4,2000,1612,8,1604,0.806,-0.387219354721322,0.00656284441384973
123,290,0.233980071400803,0.389922050387047,67.8542207062328,0.21388,-0.2,2000,1625,0,1625,0.8125,-0.187419628778215,0.00635495014980723
123,290,0.233980071400803,0.389922050387047,67.8542207062328,0.21388,0,2000,1639,0,1639,0.8195,-0.000957750134716291,0.00605354345726142
123,290,0.233980071400803,0.389922050387047,67.8542207062328,0.21388,0.2,2000,1649,0,1649,0.8245,0.213107338260825,0.00579014751803751
123,290,0.233980071400803,0.389922050387047,67.8542207062328,0.21388,0.4,2000,1635,0,1635,0.8175,0.404699026544343,0.00575846966604515
123,290,0.233980071400803,0.389922050387047,67.8542207062328,0.21388,0.6,2000,1642,2,1640,0.821,0.595228765792683,0.00518766893305674
123,290,0.233980071400803,0.389922050387047,67.8542207062328,0.21388,0.8,2000,1614,34,1580,0.807,0.775724843101266,0.00454598098134167
137,317,0.235902958735251,0.398813174710227,74.7812379190746,0.21388,-0.8,2000,1674,125,1549,0.837,-0.74242659012266,0.0052457412166107
137,317,0.235902958735251,0.398813174710227,74.7812379190746,0.21388,-0.6,2000,1713,42,1671,0.8565,-0.582420975643327,0.00580368012369786
137,317,0.235902958735251,0.398813174710227,74.7812379190746,0.21388,-0.4,2000,1696,7,1689,0.848,-0.401338446805802,0.00626940879634366
137,317,0.235902958735251,0.398813174710227,74.7812379190746,0.21388,-0.2,2000,1697,1,1696,0.8485,-0.193158596143278,0.0059394465798504
137,317,0.235902958735251,0.398813174710227,74.7812379190746,0.21388,0,2000,1723,1,1722,0.8615,0.000830628805458769,0.00578829292036936
137,317,0.235902958735251,0.398813174710227,74.7812379190746,0.21388,0.2,2000,1723,0,1723,0.8615,0.206150013524086,0.00541891515333848
137,317,0.235902958735251,0.398813174710227,74.7812379190746,0.21388,0.4,2000,1700,2,1698,0.85,0.407838433233216,0.00527313154148991
137,317,0.235902958735251,0.398813174710227,74.7812379190746,0.21388,0.6,2000,1678,6,1672,0.839,0.597604488277512,0.0049163539228393
137,317,0.235902958735251,0.398813174710227,74.7812379190746,0.21388,0.8,2000,1709,39,1670,0.8545,0.781255220239521,0.00427078676718671
172,263,0.128137217923313,0.48018967434447,33.7000883138313,0.21388,-0.8,2000,793,23,770,0.3965,-0.608260697850649,0.00889326764202675
172,263,0.128137217923313,0.48018967434447,33.7000883138313,0.21388,-0.6,2000,814,8,806,0.407,-0.441554659280397,0.00940104831422438
172,263,0.128137217923313,0.48018967434447,33.7000883138313,0.21388,-0.4,2000,812,0,812,0.406,-0.282552562987685,0.00970382018640342
172,263,0.128137217923313,0.48018967434447,33.7000883138313,0.21388,-0.2,2000,820,0,820,0.41,-0.132051781195122,0.00882879195213459
172,263,0.128137217923313,0.48018967434447,33.7000883138313,0.21388,0,2000,807,0,807,0.4035,0.0528030256654275,0.00940965747225929
172,263,0.128137217923313,0.48018967434447,33.7000883138313,0.21388,0.2,2000,824,0,824,0.412,0.205629990970874,0.00898190698114003
172,263,0.128137217923313,0.48018967434447,33.7000883138313,0.21388,0.4,2000,812,0,812,0.406,0.380006171022167,0.00839250409762917
172,263,0.128137217923313,0.48018967434447,33.7000883138313,0.21388,0.6,2000,810,0,810,0.405,0.544405202740741,0.00818563694111425
172,263,0.128137217923313,0.48018967434447,33.7000883138313,0.21388,0.8,2000,823,3,820,0.4115,0.694757142926829,0.00693638208844309
186,460,0.129502511135946,0.399375701624832,59.5711551225353,0.21388,-0.8,2000,1181,42,1139,0.5905,-0.683043448846419,0.00680982340989415
186,460,0.129502511135946,0.399375701624832,59.5711551225353,0.21388,-0.6,2000,1152,13,1139,0.576,-0.511790820750659,0.00719425068608212
186,460,0.129502511135946,0.399375701624832,59.5711551225353,0.21388,-0.4,2000,1181,3,1178,0.5905,-0.338132720736163,0.00707852119286437
186,460,0.129502511135946,0.399375701624832,59.5711551225353,0.21388,-0.2,2000,1214,0,1214,0.607,-0.148924867696046,0.00692044363369623
186,460,0.129502511135946,0.399375701624832,59.5711551225353,0.21388,0,2000,1191,0,1191,0.5955,0.0292614372753988,0.00643421464062632
186,460,0.129502511135946,0.399375701624832,59.5711551225353,0.21388,0.2,2000,1190,0,1190,0.595,0.211053720795798,0.00657376789688399
186,460,0.129502511135946,0.399375701624832,59.5711551225353,0.21388,0.4,2000,1158,0,1158,0.579,0.384814611476684,0.00597551487215095
186,460,0.129502511135946,0.399375701624832,59.5711551225353,0.21388,0.6,2000,1158,3,1155,0.579,0.579108407272727,0.00599699965694107
186,460,0.129502511135946,0.399375701624832,59.5711551225353,0.21388,0.8,2000,1175,5,1170,0.5875,0.746198937692308,0.00522448984087052
199,294,0.129508445464523,0.401550826986195,38.0754829665697,0.21388,-0.8,2000,894,28,866,0.447,-0.62597918187067,0.00836145029037218
199,294,0.129508445464523,0.401550826986195,38.0754829665697,0.21388,-0.6,2000,904,10,894,0.452,-0.463834650766219,0.00917907413509286
199,294,0.129508445464523,0.401550826986195,38.0754829665697,0.21388,-0.4,2000,891,6,885,0.4455,-0.305124841676158,0.00932332887361653
199,294,0.129508445464523,0.401550826986195,38.0754829665697,0.21388,-0.2,2000,877,1,876,0.4385,-0.14447944655137,0.00937975572566989
199,294,0.129508445464523,0.401550826986195,38.0754829665697,0.21388,0,2000,908,0,908,0.454,0.0666422101773128,0.00877859608514921
199,294,0.129508445464523,0.401550826986195,38.0754829665697,0.21388,0.2,2000,886,0,886,0.443,0.205046738668172,0.00845742980843115
199,294,0.129508445464523,0.401550826986195,38.0754829665697,0.21388,0.4,2000,937,0,937,0.4685,0.384497402132871,0.0078944782441456
199,294,0.129508445464523,0.401550826986195,38.0754829665697,0.21388,0.6,2000,888,0,888,0.444,0.555776152027027,0.00769975094358391
199,294,0.129508445464523,0.401550826986195,38.0754829665697,0.21388,0.8,2000,897,15,882,0.4485,0.710141908730159,0.00703230989572643
228,283,0.293047956406353,0.401185328253254,82.932571662998,0.21388,-0.8,2000,1847,170,1677,0.9235,-0.754038273106738,0.00506319400024685
228,283,0.293047956406353,0.401185328253254,82.932571662998,0.21388,-0.6,2000,1831,34,1797,0.9155,-0.587558483416806,0.00559139460632952
228,283,0.293047956406353,0.401185328253254,82.932571662998,0.21388,-0.4,2000,1834,5,1829,0.917,-0.419121052376162,0.00576372744212895
228,283,0.293047956406353,0.401185328253254,82.932571662998,0.21388,-0.2,2000,1845,2,1843,0.9225,-0.214632105398264,0.00588914399875443
228,283,0.293047956406353,0.401185328253254,82.932571662998,0.21388,0,2000,1863,0,1863,0.9315,-0.0112462568336017,0.00551378640220942
228,283,0.293047956406353,0.401185328253254,82.932571662998,0.21388,0.2,2000,1814,0,1814,0.907,0.197807724041345,0.00533369081005159
228,283,0.293047956406353,0.401185328253254,82.932571662998,0.21388,0.4,2000,1848,0,1848,0.924,0.398833341813312,0.00497250570608534
228,283,0.293047956406353,0.401185328253254,82.932571662998,0.21388,0.6,2000,1832,4,1828,0.916,0.602695236859956,0.0047081346768319
228,283,0.293047956406353,0.401185328253254,82.932571662998,0.21388,0.8,2000,1842,46,1796,0.921,0.792156688195991,0.00387112043924863
275,451,0.208211450782676,0.401874118307425,93.9033643029867,0.21388,-0.8,2000,1773,117,1656,0.8865,-0.753225813405797,0.00473042996184507
275,451,0.208211450782676,0.401874118307425,93.9033643029867,0.21388,-0.6,2000,1770,33,1737,0.885,-0.597195202072539,0.00529098791383328
275,451,0.208211450782676,0.401874118307425,93.9033643029867,0.21388,-0.4,2000,1776,4,1772,0.888,-0.402816771185102,0.00546887875957849
275,451,0.208211450782676,0.401874118307425,93.9033643029867,0.21388,-0.2,2000,1775,0,1775,0.8875,-0.193848160973127,0.00526725679410467
275,451,0.208211450782676,0.401874118307425,93.9033643029867,0.21388,0,2000,1775,0,1775,0.8875,-0.00535378993464789,0.00503180717430109
275,451,0.208211450782676,0.401874118307425,93.9033643029867,0.21388,0.2,2000,1775,0,1775,0.8875,0.203513707451718,0.00476320930376972
275,451,0.208211450782676,0.401874118307425,93.9033643029867,0.21388,0.4,2000,1762,0,1762,0.881,0.402049699392736,0.00452706496888368
275,451,0.208211450782676,0.401874118307425,93.9033643029867,0.21388,0.6,2000,1792,3,1789,0.896,0.61126274628284,0.00430618220263692
275,451,0.208211450782676,0.401874118307425,93.9033643029867,0.21388,0.8,2000,1791,32,1759,0.8955,0.779691923251848,0.00383828609412268
336,266,0.483380322228383,0.397101825917662,105.629085694098,0.21388,-0.8,2000,1973,133,1840,0.9865,-0.782637383152174,0.00412829521829251
336,266,0.483380322228383,0.397101825917662,105.629085694098,0.21388,-0.6,2000,1982,33,1949,0.991,-0.62616724889687,0.00491228504936393
336,266,0.483380322228383,0.397101825917662,105.629085694098,0.21388,-0.4,2000,1969,5,1964,0.9845,-0.418825565009674,0.00496443740097531
336,266,0.483380322228383,0.397101825917662,105.629085694098,0.21388,-0.2,2000,1963,0,1963,0.9815,-0.214199575425675,0.00485252836519535
336,266,0.483380322228383,0.397101825917662,105.629085694098,0.21388,0,2000,1961,0,1961,0.9805,-0.0162032389390107,0.00460489454184322
336,266,0.483380322228383,0.397101825917662,105.629085694098,0.21388,0.2,2000,1976,0,1976,0.988,0.197826766894231,0.00453249301423727
336,266,0.483380322228383,0.397101825917662,105.629085694098,0.21388,0.4,2000,1978,0,1978,0.989,0.403837910059656,0.00406159379819373
336,266,0.483380322228383,0.397101825917662,105.629085694098,0.21388,0.6,2000,1978,1,1977,0.989,0.609634613808801,0.00394592814876275
336,266,0.483380322228383,0.397101825917662,105.629085694098,0.21388,0.8,2000,1970,16,1954,0.985,0.803246231320368,0.0033761752462342
345,302,0.156310590873325,0.54981673351028,47.2057984437443,0.21388,-0.8,2000,1119,37,1082,0.5595,-0.668378268955638,0.00659694585610767
345,302,0.156310590873325,0.54981673351028,47.2057984437443,0.21388,-0.6,2000,1136,5,1131,0.568,-0.516280402371353,0.00716006802951398
345,302,0.156310590873325,0.54981673351028,47.2057984437443,0.21388,-0.4,2000,1150,2,1148,0.575,-0.332946970421603,0.00716147434990842
345,302,0.156310590873325,0.54981673351028,47.2057984437443,0.21388,-0.2,2000,1126,0,1126,0.563,-0.151854391613766,0.00717211169765317
345,302,0.156310590873325,0.54981673351028,47.2057984437443,0.21388,0,2000,1168,0,1168,0.584,0.0273269255813356,0.00685975528098989
345,302,0.156310590873325,0.54981673351028,47.2057984437443,0.21388,0.2,2000,1096,0,1096,0.548,0.205319193442427,0.00679934619003267
345,302,0.156310590873325,0.54981673351028,47.2057984437443,0.21388,0.4,2000,1154,0,1154,0.577,0.394454180294627,0.00610527216507447
345,302,0.156310590873325,0.54981673351028,47.2057984437443,0.21388,0.6,2000,1152,2,1150,0.576,0.5829458046,0.00610284752774444
345,302,0.156310590873325,0.54981673351028,47.2057984437443,0.21388,0.8,2000,1150,11,1139,0.575,0.745629160667252,0.00535850292024132
347,368,0.381641276775687,0.390343515431249,140.443989853453,0.21388,-0.8,2000,1983,130,1853,0.9915,-0.792239966001079,0.00406000395705735
347,368,0.381641276775687,0.390343515431249,140.443989853453,0.21388,-0.6,2000,1995,20,1975,0.9975,-0.617762471255696,0.00466965866884233
347,368,0.381641276775687,0.390343515431249,140.443989853453,0.21388,-0.4,2000,1988,4,1984,0.994,-0.427181953345716,0.004756729566071
347,368,0.381641276775687,0.390343515431249,140.443989853453,0.21388,-0.2,2000,1990,0,1990,0.995,-0.219869610806397,0.00456123002522968
347,368,0.381641276775687,0.390343515431249,140.443989853453,0.21388,0,2000,1989,0,1989,0.9945,-0.0126660033210156,0.00431583878460291
347,368,0.381641276775687,0.390343515431249,140.443989853453,0.21388,0.2,2000,1993,0,1993,0.9965,0.191424053343201,0.00406769767260673
347,368,0.381641276775687,0.390343515431249,140.443989853453,0.21388,0.4,2000,1988,0,1988,0.994,0.398997198737425,0.00391284082289876
347,368,0.381641276775687,0.390343515431249,140.443989853453,0.21388,0.6,2000,1987,0,1987,0.9935,0.612037864116759,0.00362876522778729
347,368,0.381641276775687,0.390343515431249,140.443989853453,0.21388,0.8,2000,1989,15,1974,0.9945,0.804317592705167,0.00321283402853828
362,181,0.278471854722419,0.513929700320182,50.4034057047579,0.21388,-0.8,2000,1549,109,1440,0.7745,-0.726575303611111,0.00584118662282795
362,181,0.278471854722419,0.513929700320182,50.4034057047579,0.21388,-0.6,2000,1489,42,1447,0.7445,-0.568919341181755,0.00689494416185581
362,181,0.278471854722419,0.513929700320182,50.4034057047579,0.21388,-0.4,2000,1558,8,1550,0.779,-0.368754684063226,0.0070049716320008
362,181,0.278471854722419,0.513929700320182,50.4034057047579,0.21388,-0.2,2000,1534,1,1533,0.767,-0.196219155684932,0.00697419217024982
362,181,0.278471854722419,0.513929700320182,50.4034057047579,0.21388,0,2000,1520,0,1520,0.76,0.00705707848427632,0.0066724067886768
362,181,0.278471854722419,0.513929700320182,50.4034057047579,0.21388,0.2,2000,1510,0,1510,0.755,0.200191700314172,0.00636062757241378
362,181,0.278471854722419,0.513929700320182,50.4034057047579,0.21388,0.4,2000,1546,1,1545,0.773,0.398503748194175,0.00600337485744914
362,181,0.278471854722419,0.513929700320182,50.4034057047579,0.21388,0.6,2000,1511,3,1508,0.7555,0.598084215431035,0.00559218774231933
362,181,0.278471854722419,0.513929700320182,50.4034057047579,0.21388,0.8,2000,1535,46,1489,0.7675,0.769151400470114,0.00483186743088172
404,406,0.128386063133009,0.399651318819688,52.1247416320016,0.21388,-0.8,2000,1120,41,1079,0.56,-0.656736975718258,0.00719847839534814
404,406,0.128386063133009,0.399651318819688,52.1247416320016,0.21388,-0.6,2000,1070,10,1060,0.535,-0.5141483595,0.00745640602838489
404,406,0.128386063133009,0.399651318819688,52.1247416320016,0.21388,-0.4,2000,1096,3,1093,0.548,-0.332789844886551,0.00799317929242884
404,406,0.128386063133009,0.399651318819688,52.1247416320016,0.21388,-0.2,2000,1106,0,1106,0.553,-0.157468331936528,0.00745933272478408
404,406,0.128386063133009,0.399651318819688,52.1247416320016,0.21388,0,2000,1047,0,1047,0.5235,0.0344632480983763,0.0073458750220325
404,406,0.128386063133009,0.399651318819688,52.1247416320016,0.21388,0.2,2000,1095,0,1095,0.5475,0.212139586661187,0.00690040916377375
404,406,0.128386063133009,0.399651318819688,52.1247416320016,0.21388,0.4,2000,1071,0,1071,0.5355,0.391737482258637,0.00662643748572339
404,406,0.128386063133009,0.399651318819688,52.1247416320016,0.21388,0.6,2000,1103,1,1102,0.5515,0.567723563883848,0.00650385289964972
404,406,0.128386063133009,0.399651318819688,52.1247416320016,0.21388,0.8,2000,1119,11,1108,0.5595,0.743601497021661,0.0055249405914083
423,368,0.129488553915608,0.393830929422509,47.6517878409438,0.21388,-0.8,2000,1047,36,1011,0.5235,-0.64577368644906,0.00755679493676569
423,368,0.129488553915608,0.393830929422509,47.6517878409438,0.21388,-0.6,2000,995,4,991,0.4975,-0.492403297386478,0.00829871095016837
423,368,0.129488553915608,0.393830929422509,47.6517878409438,0.21388,-0.4,2000,1005,3,1002,0.5025,-0.300485517394212,0.00808235626179668
423,368,0.129488553915608,0.393830929422509,47.6517878409438,0.21388,-0.2,2000,981,0,981,0.4905,-0.146512969445464,0.00795784305168777
423,368,0.129488553915608,0.393830929422509,47.6517878409438,0.21388,0,2000,1006,0,1006,0.503,0.0406492732604374,0.00751798623431081
423,368,0.129488553915608,0.393830929422509,47.6517878409438,0.21388,0.2,2000,1028,0,1028,0.514,0.20076150213035,0.00780927612871395
423,368,0.129488553915608,0.393830929422509,47.6517878409438,0.21388,0.4,2000,1042,0,1042,0.521,0.38863919165643,0.00724448465288385
423,368,0.129488553915608,0.393830929422509,47.6517878409438,0.21388,0.6,2000,976,3,973,0.488,0.546654960928058,0.00705195031728864
423,368,0.129488553915608,0.393830929422509,47.6517878409438,0.21388,0.8,2000,1027,18,1009,0.5135,0.738105443111992,0.00595893486397297
436,354,0.129372250671809,0.398520136628964,45.7977767378205,0.21388,-0.8,2000,1014,47,967,0.507,-0.633195145348501,0.00807557814053721
436,354,0.129372250671809,0.398520136628964,45.7977767378205,0.21388,-0.6,2000,952,11,941,0.476,-0.477993509139214,0.00842428312917575
436,354,0.129372250671809,0.398520136628964,45.7977767378205,0.21388,-0.4,2000,971,1,970,0.4855,-0.310413857771237,0.00847365055163399
436,354,0.129372250671809,0.398520136628964,45.7977767378205,0.21388,-0.2,2000,972,0,972,0.486,-0.131364607554527,0.00844451400673262
436,354,0.129372250671809,0.398520136628964,45.7977767378205,0.21388,0,2000,1024,0,1024,0.512,0.02970476553125,0.00740199935586564
436,354,0.129372250671809,0.398520136628964,45.7977767378205,0.21388,0.2,2000,944,0,944,0.472,0.213192729523305,0.00804625356384185
436,354,0.129372250671809,0.398520136628964,45.7977767378205,0.21388,0.4,2000,1031,0,1031,0.5155,0.380423657235693,0.00725126234422724
436,354,0.129372250671809,0.398520136628964,45.7977767378205,0.21388,0.6,2000,986,1,985,0.493,0.5648146844467,0.00696904022270692
436,354,0.129372250671809,0.398520136628964,45.7977767378205,0.21388,0.8,2000,1017,7,1010,0.5085,0.726517799227723,0.00625060051275127
438,391,0.419038574442892,0.401026974035401,156.801546847842,0.21388,-0.8,2000,1998,90,1908,0.999,-0.793785234800839,0.00372427902743283
438,391,0.419038574442892,0.401026974035401,156.801546847842,0.21388,-0.6,2000,1996,24,1972,0.998,-0.623926138793103,0.00432745869989604
438,391,0.419038574442892,0.401026974035401,156.801546847842,0.21388,-0.4,2000,2000,1,1999,1,-0.414439753113557,0.00433903173663692
438,391,0.419038574442892,0.401026974035401,156.801546847842,0.21388,-0.2,2000,1999,0,1999,0.9995,-0.21628907717909,0.00418651804426477
438,391,0.419038574442892,0.401026974035401,156.801546847842,0.21388,0,2000,2000,0,2000,1,-0.004991585138,0.00390184516231802
438,391,0.419038574442892,0.401026974035401,156.801546847842,0.21388,0.2,2000,1998,0,1998,0.999,0.193920063763764,0.00363776572189882
438,391,0.419038574442892,0.401026974035401,156.801546847842,0.21388,0.4,2000,1999,0,1999,0.9995,0.402824683746873,0.00356967107069429
438,391,0.419038574442892,0.401026974035401,156.801546847842,0.21388,0.6,2000,2000,1,1999,1,0.618268037018509,0.00332978000283454
438,391,0.419038574442892,0.401026974035401,156.801546847842,0.21388,0.8,2000,1999,16,1983,0.9995,0.808574837115482,0.00293040295941759
482,393,0.456905145529333,0.690388160113677,179.563722193028,0.21388,-0.8,2000,2000,25,1975,1,-0.808365563037975,0.00313816509878822
482,393,0.456905145529333,0.690388160113677,179.563722193028,0.21388,-0.6,2000,1999,0,1999,0.9995,-0.617633273436718,0.00348700777026714
482,393,0.456905145529333,0.690388160113677,179.563722193028,0.21388,-0.4,2000,2000,0,2000,1,-0.41314688552,0.00344199755390716
482,393,0.456905145529333,0.690388160113677,179.563722193028,0.21388,-0.2,2000,2000,0,2000,1,-0.211759569338,0.0032761325841573
482,393,0.456905145529333,0.690388160113677,179.563722193028,0.21388,0,2000,2000,0,2000,1,-0.0036351301072,0.00316265365445414
482,393,0.456905145529333,0.690388160113677,179.563722193028,0.21388,0.2,2000,1999,0,1999,0.9995,0.196346735652826,0.00284410991305582
482,393,0.456905145529333,0.690388160113677,179.563722193028,0.21388,0.4,2000,1999,0,1999,0.9995,0.401791739869935,0.00278812092511105
482,393,0.456905145529333,0.690388160113677,179.563722193028,0.21388,0.6,2000,2000,0,2000,1,0.605407192,0.0026232346149838
482,393,0.456905145529333,0.690388160113677,179.563722193028,0.21388,0.8,2000,2000,1,1999,1,0.810440775387694,0.00239195270788163
502,105,0.132883233544097,0.512530179095888,13.9527395221302,0.21388,-0.8,2000,440,16,424,0.22,-0.426476308773585,0.0151572707423932
502,105,0.132883233544097,0.512530179095888,13.9527395221302,0.21388,-0.6,2000,434,2,432,0.217,-0.338494462175926,0.016578626873381
502,105,0.132883233544097,0.512530179095888,13.9527395221302,0.21388,-0.4,2000,467,3,464,0.2335,-0.204307745577586,0.0152115619477307
502,105,0.132883233544097,0.512530179095888,13.9527395221302,0.21388,-0.2,2000,482,1,481,0.241,-0.0728279713825364,0.0150106940132817
502,105,0.132883233544097,0.512530179095888,13.9527395221302,0.21388,0,2000,453,0,453,0.2265,0.0793782050596026,0.0145836211556491
502,105,0.132883233544097,0.512530179095888,13.9527395221302,0.21388,0.2,2000,446,0,446,0.223,0.243407980584081,0.0150559663500113
502,105,0.132883233544097,0.512530179095888,13.9527395221302,0.21388,0.4,2000,427,0,427,0.2135,0.395713721053864,0.0140108132654208
502,105,0.132883233544097,0.512530179095888,13.9527395221302,0.21388,0.6,2000,460,5,455,0.23,0.496459719208791,0.0137441324292251
502,105,0.132883233544097,0.512530179095888,13.9527395221302,0.21388,0.8,2000,437,8,429,0.2185,0.653686945407925,0.0124502278859788
523,177,0.129469104504189,0.400180754065173,22.9160314972415,0.21388,-0.8,2000,585,26,559,0.2925,-0.534969790465116,0.0125231242123643
523,177,0.129469104504189,0.400180754065173,22.9160314972415,0.21388,-0.6,2000,610,4,606,0.305,-0.38357673805,0.0126092912119161
523,177,0.129469104504189,0.400180754065173,22.9160314972415,0.21388,-0.4,2000,638,2,636,0.319,-0.236846569426101,0.0124993337038071
523,177,0.129469104504189,0.400180754065173,22.9160314972415,0.21388,-0.2,2000,590,4,586,0.295,-0.0864316794846416,0.0129221643798252
523,177,0.129469104504189,0.400180754065173,22.9160314972415,0.21388,0,2000,585,0,585,0.2925,0.0824671563333333,0.0125090680912921
523,177,0.129469104504189,0.400180754065173,22.9160314972415,0.21388,0.2,2000,620,0,620,0.31,0.259536174517742,0.0120230256310793
523,177,0.129469104504189,0.400180754065173,22.9160314972415,0.21388,0.4,2000,627,0,627,0.3135,0.392223572288676,0.0113139769656694
523,177,0.129469104504189,0.400180754065173,22.9160314972415,0.21388,0.6,2000,577,4,573,0.2885,0.536636510209424,0.0115834718178694
523,177,0.129469104504189,0.400180754065173,22.9160314972415,0.21388,0.8,2000,609,12,597,0.3045,0.671896784924623,0.00994859117592854
527,200,0.12934226113243,0.399615820240816,25.8684522264861,0.21388,-0.8,2000,657,19,638,0.3285,-0.554150829717868,0.0110990992278253
527,200,0.12934226113243,0.399615820240816,25.8684522264861,0.21388,-0.6,2000,676,7,669,0.338,-0.40101017796562,0.0119864498000816
527,200,0.12934226113243,0.399615820240816,25.8684522264861,0.21388,-0.4,2000,699,4,695,0.3495,-0.238908679294964,0.0112498658597013
527,200,0.12934226113243,0.399615820240816,25.8684522264861,0.21388,-0.2,2000,702,0,702,0.351,-0.0825268332763533,0.0112371194186551
527,200,0.12934226113243,0.399615820240816,25.8684522264861,0.21388,0,2000,667,1,666,0.3335,0.0652407049938438,0.0115106893366073
527,200,0.12934226113243,0.399615820240816,25.8684522264861,0.21388,0.2,2000,669,0,669,0.3345,0.228936734781764,0.0108108481540311
527,200,0.12934226113243,0.399615820240816,25.8684522264861,0.21388,0.4,2000,671,1,670,0.3355,0.402256407283582,0.0103995597211624
527,200,0.12934226113243,0.399615820240816,25.8684522264861,0.21388,0.6,2000,654,4,650,0.327,0.547007505710769,0.00954178640051392
527,200,0.12934226113243,0.399615820240816,25.8684522264861,0.21388,0.8,2000,651,11,640,0.3255,0.687572174375,0.00882572665611337
533,328,0.349311713031205,0.397687074430516,114.574241874235,0.21388,-0.8,2000,1969,143,1826,0.9845,-0.777671125410734,0.00437776409480458
533,328,0.349311713031205,0.397687074430516,114.574241874235,0.21388,-0.6,2000,1968,33,1935,0.984,-0.618757380206718,0.00498123268796
533,328,0.349311713031205,0.397687074430516,114.574241874235,0.21388,-0.4,2000,1962,6,1956,0.981,-0.42353581200409,0.00511171750260378
533,328,0.349311713031205,0.397687074430516,114.574241874235,0.21388,-0.2,2000,1967,0,1967,0.9835,-0.224293794190137,0.00518707552635569
533,328,0.349311713031205,0.397687074430516,114.574241874235,0.21388,0,2000,1972,0,1972,0.986,-0.00700147093686613,0.00476060371682365
533,328,0.349311713031205,0.397687074430516,114.574241874235,0.21388,0.2,2000,1963,0,1963,0.9815,0.200100466169638,0.00444178649816718
533,328,0.349311713031205,0.397687074430516,114.574241874235,0.21388,0.4,2000,1969,0,1969,0.9845,0.400499327140681,0.00415839826365663
533,328,0.349311713031205,0.397687074430516,114.574241874235,0.21388,0.6,2000,1965,1,1964,0.9825,0.607393154114053,0.00393539083305772
533,328,0.349311713031205,0.397687074430516,114.574241874235,0.21388,0.8,2000,1963,42,1921,0.9815,0.797137756897449,0.00345636209626979
603,676,0.167322987490629,0.394914852384891,113.110339543665,0.21388,-0.8,2000,1787,81,1706,0.8935,-0.761876847186401,0.00455450461666265
603,676,0.167322987490629,0.394914852384891,113.110339543665,0.21388,-0.6,2000,1788,14,1774,0.894,-0.59632280210823,0.00503925486327087
603,676,0.167322987490629,0.394914852384891,113.110339543665,0.21388,-0.4,2000,1792,0,1792,0.896,-0.403498289876674,0.00496886104391722
603,676,0.167322987490629,0.394914852384891,113.110339543665,0.21388,-0.2,2000,1785,0,1785,0.8925,-0.205470930155742,0.00492246322625468
603,676,0.167322987490629,0.394914852384891,113.110339543665,0.21388,0,2000,1784,0,1784,0.892,-0.00420663228587444,0.00459379008907545
603,676,0.167322987490629,0.394914852384891,113.110339543665,0.21388,0.2,2000,1780,0,1780,0.89,0.195589919911798,0.00426139397333503
603,676,0.167322987490629,0.394914852384891,113.110339543665,0.21388,0.4,2000,1800,0,1800,0.9,0.400624951685556,0.00417378556489954
603,676,0.167322987490629,0.394914852384891,113.110339543665,0.21388,0.6,2000,1774,1,1773,0.887,0.613495855442752,0.00392787469036264
603,676,0.167322987490629,0.394914852384891,113.110339543665,0.21388,0.8,2000,1776,20,1756,0.888,0.786054078587699,0.0035670748725609
626,162,0.217871789006907,0.400486452785583,35.2952298191189,0.21388,-0.8,2000,1030,65,965,0.515,-0.633052518082902,0.00885011950958867
626,162,0.217871789006907,0.400486452785583,35.2952298191189,0.21388,-0.6,2000,1055,29,1026,0.5275,-0.479068973735478,0.00918565820280168
626,162,0.217871789006907,0.400486452785583,35.2952298191189,0.21388,-0.4,2000,1062,7,1055,0.531,-0.295803669996209,0.00942564194045725
626,162,0.217871789006907,0.400486452785583,35.2952298191189,0.21388,-0.2,2000,1046,1,1045,0.523,-0.140415497714833,0.00944244773579871
626,162,0.217871789006907,0.400486452785583,35.2952298191189,0.21388,0,2000,1023,0,1023,0.5115,0.0373274472561095,0.00953937237273196
626,162,0.217871789006907,0.400486452785583,35.2952298191189,0.21388,0.2,2000,1069,0,1069,0.5345,0.217039507315248,0.00889683110855857
626,162,0.217871789006907,0.400486452785583,35.2952298191189,0.21388,0.4,2000,1066,3,1063,0.533,0.413656725221072,0.00871846223197562
626,162,0.217871789006907,0.400486452785583,35.2952298191189,0.21388,0.6,2000,1036,9,1027,0.518,0.576115936114898,0.00813409141697178
626,162,0.217871789006907,0.400486452785583,35.2952298191189,0.21388,0.8,2000,1058,36,1022,0.529,0.745432800684931,0.00655106846949668
640,319,0.129573213846885,0.398502887768584,41.3338552171562,0.21388,-0.8,2000,968,42,926,0.484,-0.600728897051836,0.00850717500577124
640,319,0.129573213846885,0.398502887768584,41.3338552171562,0.21388,-0.6,2000,946,15,931,0.473,-0.473822945126745,0.00885638532507131
640,319,0.129573213846885,0.398502887768584,41.3338552171562,0.21388,-0.4,2000,943,4,939,0.4715,-0.315013248315229,0.00878709790760978
640,319,0.129573213846885,0.398502887768584,41.3338552171562,0.21388,-0.2,2000,933,0,933,0.4665,-0.128562001285102,0.00904173464793016
640,319,0.129573213846885,0.398502887768584,41.3338552171562,0.21388,0,2000,963,0,963,0.4815,0.0443188722554517,0.00845986814532927
640,319,0.129573213846885,0.398502887768584,41.3338552171562,0.21388,0.2,2000,940,0,940,0.47,0.200626421365957,0.00849053872143103
640,319,0.129573213846885,0.398502887768584,41.3338552171562,0.21388,0.4,2000,922,1,921,0.461,0.390851533767644,0.00791716278862123
640,319,0.129573213846885,0.398502887768584,41.3338552171562,0.21388,0.6,2000,960,0,960,0.48,0.559618974166667,0.0075051456578785
640,319,0.129573213846885,0.398502887768584,41.3338552171562,0.21388,0.8,2000,923,19,904,0.4615,0.727336820022124,0.00676898545629631
652,407,0.128664474764696,0.397582117534488,52.3664412292314,0.21388,-0.8,2000,1063,42,1021,0.5315,-0.656889841393732,0.00712113239485244
652,407,0.128664474764696,0.397582117534488,52.3664412292314,0.21388,-0.6,2000,1059,8,1051,0.5295,-0.508124805101808,0.00792654285184755
652,407,0.128664474764696,0.397582117534488,52.3664412292314,0.21388,-0.4,2000,1057,1,1056,0.5285,-0.329290051542614,0.00792340979221191
652,407,0.128664474764696,0.397582117534488,52.3664412292314,0.21388,-0.2,2000,1118,0,1118,0.559,-0.145544042030411,0.00747703485277048
652,407,0.128664474764696,0.397582117534488,52.3664412292314,0.21388,0,2000,1117,0,1117,0.5585,0.0344862270777977,0.00731668021357742
652,407,0.128664474764696,0.397582117534488,52.3664412292314,0.21388,0.2,2000,1114,0,1114,0.557,0.206081211314183,0.00675231784755752
652,407,0.128664474764696,0.397582117534488,52.3664412292314,0.21388,0.4,2000,1115,0,1115,0.5575,0.384437059784753,0.00667090434505044
652,407,0.128664474764696,0.397582117534488,52.3664412292314,0.21388,0.6,2000,1108,2,1106,0.554,0.571019884177215,0.0062237406714425
652,407,0.128664474764696,0.397582117534488,52.3664412292314,0.21388,0.8,2000,1078,7,1071,0.539,0.722664180205415,0.00584636067623339
654,288,0.268062848927138,0.402276663845393,77.2021004910159,0.21388,-0.8,2000,1809,169,1640,0.9045,-0.750781819616463,0.00520447375188323
654,288,0.268062848927138,0.402276663845393,77.2021004910159,0.21388,-0.6,2000,1779,46,1733,0.8895,-0.594566749971148,0.00568809328932913
654,288,0.268062848927138,0.402276663845393,77.2021004910159,0.21388,-0.4,2000,1772,10,1762,0.886,-0.410023683577412,0.00598718522233169
654,288,0.268062848927138,0.402276663845393,77.2021004910159,0.21388,-0.2,2000,1770,1,1769,0.885,-0.20934344484398,0.0059615857906878
654,288,0.268062848927138,0.402276663845393,77.2021004910159,0.21388,0,2000,1783,0,1783,0.8915,-0.00316882929226024,0.00567877403452954
654,288,0.268062848927138,0.402276663845393,77.2021004910159,0.21388,0.2,2000,1794,0,1794,0.897,0.200451718042921,0.0053488841506684
654,288,0.268062848927138,0.402276663845393,77.2021004910159,0.21388,0.4,2000,1774,1,1773,0.887,0.401671282199662,0.00544582652446786
654,288,0.268062848927138,0.402276663845393,77.2021004910159,0.21388,0.6,2000,1770,3,1767,0.885,0.609209800271647,0.0048087415825433
654,288,0.268062848927138,0.402276663845393,77.2021004910159,0.21388,0.8,2000,1787,46,1741,0.8935,0.793414466398621,0.00394698551600453
657,218,0.145540675871391,0.397872921750768,31.7278673399632,0.21388,-0.8,2000,839,36,803,0.4195,-0.59971556611457,0.00962063515123859
657,218,0.145540675871391,0.397872921750768,31.7278673399632,0.21388,-0.6,2000,832,6,826,0.416,-0.459789825217918,0.010408746038036
657,218,0.145540675871391,0.397872921750768,31.7278673399632,0.21388,-0.4,2000,849,2,847,0.4245,-0.308498258769776,0.010172034240165
657,218,0.145540675871391,0.397872921750768,31.7278673399632,0.21388,-0.2,2000,842,0,842,0.421,-0.116505337068884,0.0104970585161547
657,218,0.145540675871391,0.397872921750768,31.7278673399632,0.21388,0,2000,783,1,782,0.3915,0.0500456313606138,0.0110568814447362
657,218,0.145540675871391,0.397872921750768,31.7278673399632,0.21388,0.2,2000,834,0,834,0.417,0.227297285245564,0.00966600204724058
657,218,0.145540675871391,0.397872921750768,31.7278673399632,0.21388,0.4,2000,837,0,837,0.4185,0.402673646152927,0.00919759134238134
657,218,0.145540675871391,0.397872921750768,31.7278673399632,0.21388,0.6,2000,795,6,789,0.3975,0.560904923637516,0.00882508188032279
657,218,0.145540675871391,0.397872921750768,31.7278673399632,0.21388,0.8,2000,824,18,806,0.412,0.710779703722084,0.00756387843123804
694,254,0.236307905747425,0.410435288751402,60.022208059846,0.21388,-0.8,2000,1533,125,1408,0.7665,-0.724988916193182,0.00595896937546496
694,254,0.236307905747425,0.410435288751402,60.022208059846,0.21388,-0.6,2000,1545,39,1506,0.7725,-0.559671767045153,0.00654146120395748
694,254,0.236307905747425,0.410435288751402,60.022208059846,0.21388,-0.4,2000,1562,5,1557,0.781,-0.374215342903661,0.00716146059866005
694,254,0.236307905747425,0.410435288751402,60.022208059846,0.21388,-0.2,2000,1575,4,1571,0.7875,-0.187672087733291,0.00666581936294076
694,254,0.236307905747425,0.410435288751402,60.022208059846,0.21388,0,2000,1559,0,1559,0.7795,0.00641350601603592,0.00648810973696215
694,254,0.236307905747425,0.410435288751402,60.022208059846,0.21388,0.2,2000,1542,0,1542,0.771,0.214191801938392,0.00602838753779303
694,254,0.236307905747425,0.410435288751402,60.022208059846,0.21388,0.4,2000,1546,0,1546,0.773,0.398686774851876,0.00602471548597051
694,254,0.236307905747425,0.410435288751402,60.022208059846,0.21388,0.6,2000,1526,7,1519,0.763,0.597215115681369,0.00552606807136771
694,254,0.236307905747425,0.410435288751402,60.022208059846,0.21388,0.8,2000,1543,37,1506,0.7715,0.777597,0.00464714399209235
703,187,0.210926185699537,0.399446766636685,39.4431967258134,0.21388,-0.8,2000,1119,69,1050,0.5595,-0.644267424142857,0.0080820211977188
703,187,0.210926185699537,0.399446766636685,39.4431967258134,0.21388,-0.6,2000,1141,24,1117,0.5705,-0.505715173958818,0.00860220123443154
703,187,0.210926185699537,0.399446766636685,39.4431967258134,0.21388,-0.4,2000,1159,8,1151,0.5795,-0.33193076997828,0.00911958054831117
703,187,0.210926185699537,0.399446766636685,39.4431967258134,0.21388,-0.2,2000,1158,3,1155,0.579,-0.162275388375758,0.00910870957550289
703,187,0.210926185699537,0.399446766636685,39.4431967258134,0.21388,0,2000,1172,0,1172,0.586,0.039955486140785,0.0086685966593641
703,187,0.210926185699537,0.399446766636685,39.4431967258134,0.21388,0.2,2000,1171,0,1171,0.5855,0.220179961841418,0.00820312873060904
703,187,0.210926185699537,0.399446766636685,39.4431967258134,0.21388,0.4,2000,1159,1,1158,0.5795,0.400126427711572,0.00800110479473454
703,187,0.210926185699537,0.399446766636685,39.4431967258134,0.21388,0.6,2000,1120,8,1112,0.56,0.573311203282374,0.00730899527001937
703,187,0.210926185699537,0.399446766636685,39.4431967258134,0.21388,0.8,2000,1158,29,1129,0.579,0.754128993268379,0.00617958732362566
719,166,0.129850513971977,0.401352421925453,21.5551853193483,0.21388,-0.8,2000,596,22,574,0.298,-0.513058958763066,0.0123848560170105
719,166,0.129850513971977,0.401352421925453,21.5551853193483,0.21388,-0.6,2000,563,3,560,0.2815,-0.366268837647768,0.0123724665613134
719,166,0.129850513971977,0.401352421925453,21.5551853193483,0.21388,-0.4,2000,577,2,575,0.2885,-0.245411621017391,0.0133745516097673
719,166,0.129850513971977,0.401352421925453,21.5551853193483,0.21388,-0.2,2000,571,0,571,0.2855,-0.0736102354238179,0.0130551132917238
719,166,0.129850513971977,0.401352421925453,21.5551853193483,0.21388,0,2000,562,0,562,0.281,0.0904064206708185,0.0126009021047403
719,166,0.129850513971977,0.401352421925453,21.5551853193483,0.21388,0.2,2000,570,0,570,0.285,0.241309542452105,0.0123785088257923
719,166,0.129850513971977,0.401352421925453,21.5551853193483,0.21388,0.4,2000,563,2,561,0.2815,0.373318864117647,0.0117956634766267
719,166,0.129850513971977,0.401352421925453,21.5551853193483,0.21388,0.6,2000,585,9,576,0.2925,0.528459928368056,0.0117416724320953
719,166,0.129850513971977,0.401352421925453,21.5551853193483,0.21388,0.8,2000,573,17,556,0.2865,0.680117917086331,0.0107412525708838
720,135,0.129657685079267,0.402016493743245,17.5037874857011,0.21388,-0.8,2000,461,11,450,0.2305,-0.465115454888889,0.0150243223397956
720,135,0.129657685079267,0.402016493743245,17.5037874857011,0.21388,-0.6,2000,470,5,465,0.235,-0.345624931529892,0.0150519068184806
720,135,0.129657685079267,0.402016493743245,17.5037874857011,0.21388,-0.4,2000,486,3,483,0.243,-0.183549281614907,0.0159329198241827
720,135,0.129657685079267,0.402016493743245,17.5037874857011,0.21388,-0.2,2000,483,0,483,0.2415,-0.0712339954037267,0.015198395757668
720,135,0.129657685079267,0.402016493743245,17.5037874857011,0.21388,0,2000,456,0,456,0.228,0.083702848868193,0.0145751032637046
720,135,0.129657685079267,0.402016493743245,17.5037874857011,0.21388,0.2,2000,478,0,478,0.239,0.252956838514644,0.0148125523738363
720,135,0.129657685079267,0.402016493743245,17.5037874857011,0.21388,0.4,2000,504,1,503,0.252,0.391548524530616,0.0133846911834295
720,135,0.129657685079267,0.402016493743245,17.5037874857011,0.21388,0.6,2000,488,7,481,0.244,0.515192883118503,0.0129352673810588
720,135,0.129657685079267,0.402016493743245,17.5037874857011,0.21388,0.8,2000,493,16,477,0.2465,0.675017816016771,0.0113863185721641
731,299,0.182728013818702,0.398059316254548,54.6356761317918,0.21388,-0.8,2000,1342,90,1252,0.671,-0.690352289297125,0.00644256973376964
731,299,0.182728013818702,0.398059316254548,54.6356761317918,0.21388,-0.6,2000,1343,30,1313,0.6715,-0.537470439809596,0.00731917323571915
731,299,0.182728013818702,0.398059316254548,54.6356761317918,0.21388,-0.4,2000,1339,5,1334,0.6695,-0.363739459801349,0.00732975055192816
731,299,0.182728013818702,0.398059316254548,54.6356761317918,0.21388,-0.2,2000,1332,0,1332,0.666,-0.174165190417492,0.00729893167910541
731,299,0.182728013818702,0.398059316254548,54.6356761317918,0.21388,0,2000,1339,0,1339,0.6695,0.0121401788782674,0.00686210244750836
731,299,0.182728013818702,0.398059316254548,54.6356761317918,0.21388,0.2,2000,1333,0,1333,0.6665,0.201815197207802,0.00673350747004339
731,299,0.182728013818702,0.398059316254548,54.6356761317918,0.21388,0.4,2000,1364,2,1362,0.682,0.398609699306167,0.00640126472093974
731,299,0.182728013818702,0.398059316254548,54.6356761317918,0.21388,0.6,2000,1290,4,1286,0.645,0.583235086360809,0.00592403237695873
731,299,0.182728013818702,0.398059316254548,54.6356761317918,0.21388,0.8,2000,1298,23,1275,0.649,0.753373680156863,0.00514589693446684
773,356,0.322205852094578,0.399190176502815,114.70528334567,0.21388,-0.8,2000,1954,139,1815,0.977,-0.775205029201102,0.00432701669266363
773,356,0.322205852094578,0.399190176502815,114.70528334567,0.21388,-0.6,2000,1965,33,1932,0.9825,-0.614932035854037,0.00498479302927259
773,356,0.322205852094578,0.399190176502815,114.70528334567,0.21388,-0.4,2000,1956,3,1953,0.978,-0.426549217941833,0.00508635535960557
773,356,0.322205852094578,0.399190176502815,114.70528334567,0.21388,-0.2,2000,1956,0,1956,0.978,-0.219412674970348,0.00492765033659545
773,356,0.322205852094578,0.399190176502815,114.70528334567,0.21388,0,2000,1954,0,1954,0.977,-0.0026753247716479,0.0047553341062146
773,356,0.322205852094578,0.399190176502815,114.70528334567,0.21388,0.2,2000,1966,0,1966,0.983,0.184796271989929,0.00440354741360398
773,356,0.322205852094578,0.399190176502815,114.70528334567,0.21388,0.4,2000,1961,0,1961,0.9805,0.40294725418103,0.00444025509111589
773,356,0.322205852094578,0.399190176502815,114.70528334567,0.21388,0.6,2000,1959,2,1957,0.9795,0.617050450822688,0.00402633155805872
773,356,0.322205852094578,0.399190176502815,114.70528334567,0.21388,0.8,2000,1962,30,1932,0.981,0.805198149585921,0.00338354734405691
807,303,0.220812132241846,0.38708738821008,66.9060760692793,0.21388,-0.8,2000,1584,115,1469,0.792,-0.715836236072158,0.00572182621045409
807,303,0.220812132241846,0.38708738821008,66.9060760692793,0.21388,-0.6,2000,1606,34,1572,0.803,-0.567147167729008,0.00628426949234616
807,303,0.220812132241846,0.38708738821008,66.9060760692793,0.21388,-0.4,2000,1595,6,1589,0.7975,-0.382055238648836,0.00658606657960763
807,303,0.220812132241846,0.38708738821008,66.9060760692793,0.21388,-0.2,2000,1609,1,1608,0.8045,-0.194518123161692,0.00666832831247667
807,303,0.220812132241846,0.38708738821008,66.9060760692793,0.21388,0,2000,1582,0,1582,0.791,0.0235293393385588,0.00621960743600294
807,303,0.220812132241846,0.38708738821008,66.9060760692793,0.21388,0.2,2000,1610,0,1610,0.805,0.224091283546584,0.00587438054189616
807,303,0.220812132241846,0.38708738821008,66.9060760692793,0.21388,0.4,2000,1571,0,1571,0.7855,0.411159204888606,0.00562404834222476
807,303,0.220812132241846,0.38708738821008,66.9060760692793,0.21388,0.6,2000,1579,3,1576,0.7895,0.600667296656091,0.00531267039660442
807,303,0.220812132241846,0.38708738821008,66.9060760692793,0.21388,0.8,2000,1594,32,1562,0.797,0.782436392253521,0.00459621428805633
838,270,0.282576525347953,0.399085839251295,76.2956618439472,0.21388,-0.8,2000,1781,157,1624,0.8905,-0.742492121859606,0.00530861077069076
838,270,0.282576525347953,0.399085839251295,76.2956618439472,0.21388,-0.6,2000,1782,40,1742,0.891,-0.60322157858783,0.00577763847167286
838,270,0.282576525347953,0.399085839251295,76.2956618439472,0.21388,-0.4,2000,1753,11,1742,0.8765,-0.403094599378875,0.00622832345830158
838,270,0.282576525347953,0.399085839251295,76.2956618439472,0.21388,-0.2,2000,1783,1,1782,0.8915,-0.202725236776375,0.00613971275188746
838,270,0.282576525347953,0.399085839251295,76.2956618439472,0.21388,0,2000,1772,0,1772,0.886,-0.000855191258465012,0.00576973109921612
838,270,0.282576525347953,0.399085839251295,76.2956618439472,0.21388,0.2,2000,1773,0,1773,0.8865,0.209602808382967,0.00519932506978715
838,270,0.282576525347953,0.399085839251295,76.2956618439472,0.21388,0.4,2000,1785,0,1785,0.8925,0.410402013855182,0.00509691753594398
838,270,0.282576525347953,0.399085839251295,76.2956618439472,0.21388,0.6,2000,1779,6,1773,0.8895,0.618658801074789,0.00486780733224659
838,270,0.282576525347953,0.399085839251295,76.2956618439472,0.21388,0.8,2000,1762,48,1714,0.881,0.790574916861144,0.00405072990319947
852,379,0.389224767736422,0.390304813122808,147.516186972104,0.21388,-0.8,2000,1990,109,1881,0.995,-0.786788152578416,0.00399285238274923
852,379,0.389224767736422,0.390304813122808,147.516186972104,0.21388,-0.6,2000,1994,18,1976,0.997,-0.620853965080972,0.00454138207877438
852,379,0.389224767736422,0.390304813122808,147.516186972104,0.21388,-0.4,2000,1991,3,1988,0.9955,-0.423961363732394,0.00475015297935517
852,379,0.389224767736422,0.390304813122808,147.516186972104,0.21388,-0.2,2000,1993,0,1993,0.9965,-0.223718289201706,0.00443108247513312
852,379,0.389224767736422,0.390304813122808,147.516186972104,0.21388,0,2000,1994,0,1994,0.997,-0.0137162650927783,0.00425380422784593
852,379,0.389224767736422,0.390304813122808,147.516186972104,0.21388,0.2,2000,1992,0,1992,0.996,0.195928471671185,0.00403153076022131
852,379,0.389224767736422,0.390304813122808,147.516186972104,0.21388,0.4,2000,1997,0,1997,0.9985,0.405986807822233,0.00381432764894962
852,379,0.389224767736422,0.390304813122808,147.516186972104,0.21388,0.6,2000,1995,3,1992,0.9975,0.609554740963855,0.00360092145147672
852,379,0.389224767736422,0.390304813122808,147.516186972104,0.21388,0.8,2000,1997,7,1990,0.9985,0.805063250251256,0.00313043574101455
856,252,0.193791488222539,0.406176934374052,48.8354550320797,0.21388,-0.8,2000,1263,69,1194,0.6315,-0.681585230025126,0.00696127652159429
856,252,0.193791488222539,0.406176934374052,48.8354550320797,0.21388,-0.6,2000,1264,21,1243,0.632,-0.5268228369107,0.00762190383407609
856,252,0.193791488222539,0.406176934374052,48.8354550320797,0.21388,-0.4,2000,1279,6,1273,0.6395,-0.351299981743676,0.00802378667705642
856,252,0.193791488222539,0.406176934374052,48.8354550320797,0.21388,-0.2,2000,1295,2,1293,0.6475,-0.169318938109049,0.00756553104263509
856,252,0.193791488222539,0.406176934374052,48.8354550320797,0.21388,0,2000,1265,0,1265,0.6325,0.0179106956386561,0.00750822332799985
856,252,0.193791488222539,0.406176934374052,48.8354550320797,0.21388,0.2,2000,1322,0,1322,0.661,0.205145422223903,0.00729504101007819
856,252,0.193791488222539,0.406176934374052,48.8354550320797,0.21388,0.4,2000,1303,0,1303,0.6515,0.396858994221028,0.00661158076070649
856,252,0.193791488222539,0.406176934374052,48.8354550320797,0.21388,0.6,2000,1276,5,1271,0.638,0.587129487970102,0.00623133386136831
856,252,0.193791488222539,0.406176934374052,48.8354550320797,0.21388,0.8,2000,1268,29,1239,0.634,0.760802634059726,0.00555332826546841
859,155,0.231462447570461,0.39655197945482,35.8766793734214,0.21388,-0.8,2000,1081,68,1013,0.5405,-0.645479655281343,0.00815155018515935
859,155,0.231462447570461,0.39655197945482,35.8766793734214,0.21388,-0.6,2000,1077,26,1051,0.5385,-0.481735785865842,0.00928755785484656
859,155,0.231462447570461,0.39655197945482,35.8766793734214,0.21388,-0.4,2000,1165,8,1157,0.5825,-0.313452997723423,0.00911526495577121
859,155,0.231462447570461,0.39655197945482,35.8766793734214,0.21388,-0.2,2000,1066,1,1065,0.533,-0.13445629346385,0.00946772371627055
859,155,0.231462447570461,0.39655197945482,35.8766793734214,0.21388,0,2000,1110,0,1110,0.555,0.0416146870107207,0.00925814622702592
859,155,0.231462447570461,0.39655197945482,35.8766793734214,0.21388,0.2,2000,1072,0,1072,0.536,0.235586895465485,0.00883181522983116
859,155,0.231462447570461,0.39655197945482,35.8766793734214,0.21388,0.4,2000,1070,0,1070,0.535,0.40289063646729,0.00849373720605837
859,155,0.231462447570461,0.39655197945482,35.8766793734214,0.21388,0.6,2000,1132,12,1120,0.566,0.579600561973214,0.0075138560305152
859,155,0.231462447570461,0.39655197945482,35.8766793734214,0.21388,0.8,2000,1114,36,1078,0.557,0.736314359350649,0.00678538694672134
923,432,0.333368780795967,0.398262821218748,144.015313303858,0.21388,-0.8,2000,1994,94,1900,0.997,-0.784467882631579,0.00402086873254667
923,432,0.333368780795967,0.398262821218748,144.015313303858,0.21388,-0.6,2000,1993,20,1973,0.9965,-0.616504504206792,0.00450488359505902
923,432,0.333368780795967,0.398262821218748,144.015313303858,0.21388,-0.4,2000,1994,3,1991,0.997,-0.422894110828729,0.00461821422447793
923,432,0.333368780795967,0.398262821218748,144.015313303858,0.21388,-0.2,2000,1993,2,1991,0.9965,-0.211526334139227,0.00443167317116968
923,432,0.333368780795967,0.398262821218748,144.015313303858,0.21388,0,2000,1992,0,1992,0.996,-0.00814860554503012,0.00420474273664768
923,432,0.333368780795967,0.398262821218748,144.015313303858,0.21388,0.2,2000,1995,0,1995,0.9975,0.186197279182456,0.00388955997826533
923,432,0.333368780795967,0.398262821218748,144.015313303858,0.21388,0.4,2000,1992,0,1992,0.996,0.411989513654618,0.00362599605789461
923,432,0.333368780795967,0.398262821218748,144.015313303858,0.21388,0.6,2000,1990,1,1989,0.995,0.611480785319256,0.00351510981203091
923,432,0.333368780795967,0.398262821218748,144.015313303858,0.21388,0.8,2000,1991,12,1979,0.9955,0.80546898938858,0.00310446860967522
951,90,2.69246527027585,1.3662532287836,122.962790590524,0.21388,-0.8,2000,2000,1,1999,1,-0.809556014507254,0.00245824823307678
951,90,2.69246527027585,1.3662532287836,122.962790590524,0.21388,-0.6,2000,2000,0,2000,1,-0.615844955,0.00271506795482648
951,90,2.69246527027585,1.3662532287836,122.962790590524,0.21388,-0.4,2000,2000,0,2000,1,-0.40888863205,0.00286740122565073
951,90,2.69246527027585,1.3662532287836,122.962790590524,0.21388,-0.2,2000,2000,0,2000,1,-0.2086051733055,0.00283646034739727
951,90,2.69246527027585,1.3662532287836,122.962790590524,0.21388,0,2000,2000,0,2000,1,-0.0076535884207,0.00283094892339908
951,90,2.69246527027585,1.3662532287836,122.962790590524,0.21388,0.2,2000,2000,0,2000,1,0.19605221289445,0.00263439443759071
951,90,2.69246527027585,1.3662532287836,122.962790590524,0.21388,0.4,2000,2000,0,2000,1,0.402934432225,0.00248400695052401
951,90,2.69246527027585,1.3662532287836,122.962790590524,0.21388,0.6,2000,2000,0,2000,1,0.603970265,0.00231134306475843
951,90,2.69246527027585,1.3662532287836,122.962790590524,0.21388,0.8,2000,2000,0,2000,1,0.8058692055,0.00188106381479066
987,246,0.225989272558471,0.405520894415462,55.5933610493838,0.21388,-0.8,2000,1471,95,1376,0.7355,-0.709888270494186,0.0061336698310243
987,246,0.225989272558471,0.405520894415462,55.5933610493838,0.21388,-0.6,2000,1439,24,1415,0.7195,-0.543659801532862,0.00695968231694467
987,246,0.225989272558471,0.405520894415462,55.5933610493838,0.21388,-0.4,2000,1524,9,1515,0.762,-0.376328215452145,0.00712388760237328
987,246,0.225989272558471,0.405520894415462,55.5933610493838,0.21388,-0.2,2000,1447,1,1446,0.7235,-0.176725014853389,0.00683245955087228
987,246,0.225989272558471,0.405520894415462,55.5933610493838,0.21388,0,2000,1478,0,1478,0.739,0.0162934077124493,0.00682445418371769
987,246,0.225989272558471,0.405520894415462,55.5933610493838,0.21388,0.2,2000,1443,0,1443,0.7215,0.212350229796951,0.00642974183923126
987,246,0.225989272558471,0.405520894415462,55.5933610493838,0.21388,0.4,2000,1457,1,1456,0.7285,0.403080592678571,0.00638714621967639
987,246,0.225989272558471,0.405520894415462,55.5933610493838,0.21388,0.6,2000,1467,8,1459,0.7335,0.584582662165867,0.00590150551082379
987,246,0.225989272558471,0.405520894415462,55.5933610493838,0.21388,0.8,2000,1460,33,1427,0.73,0.767538476384022,0.00498673587957444
997,140,0.436781761110931,0.418657228967198,58.6120120554078,0.21388,-0.8,2000,1708,145,1563,0.854,-0.735247623480486,0.00570629736707328
997,140,0.436781761110931,0.418657228967198,58.6120120554078,0.21388,-0.6,2000,1705,45,1660,0.8525,-0.572556629828916,0.00647945658609703
997,140,0.436781761110931,0.418657228967198,58.6120120554078,0.21388,-0.4,2000,1714,11,1703,0.857,-0.393118450841456,0.00678479334877828
997,140,0.436781761110931,0.418657228967198,58.6120120554078,0.21388,-0.2,2000,1723,4,1719,0.8615,-0.199610731416521,0.00700584700494118
997,140,0.436781761110931,0.418657228967198,58.6120120554078,0.21388,0,2000,1675,0,1675,0.8375,-0.000286945631641791,0.00682506125368978
997,140,0.436781761110931,0.418657228967198,58.6120120554078,0.21388,0.2,2000,1703,0,1703,0.8515,0.198474823741632,0.006654848933595
997,140,0.436781761110931,0.418657228967198,58.6120120554078,0.21388,0.4,2000,1685,1,1684,0.8425,0.411966514109264,0.00587164089775897
997,140,0.436781761110931,0.418657228967198,58.6120120554078,0.21388,0.6,2000,1723,11,1712,0.8615,0.609709076051402,0.00536403740714495
997,140,0.436781761110931,0.418657228967198,58.6120120554078,0.21388,0.8,2000,1704,69,1635,0.852,0.78406494941896,0.00461914194219428
1003,312,0.201088156036868,0.396640727306049,62.7395046835029,0.21388,-0.8,2000,1492,99,1393,0.746,-0.719987489662599,0.00583758850182874
1003,312,0.201088156036868,0.396640727306049,62.7395046835029,0.21388,-0.6,2000,1495,29,1466,0.7475,-0.556483183396999,0.00675013755955729
1003,312,0.201088156036868,0.396640727306049,62.7395046835029,0.21388,-0.4,2000,1521,4,1517,0.7605,-0.369452988497034,0.00661014175262071
1003,312,0.201088156036868,0.396640727306049,62.7395046835029,0.21388,-0.2,2000,1497,0,1497,0.7485,-0.187568270082164,0.00682637929165382
1003,312,0.201088156036868,0.396640727306049,62.7395046835029,0.21388,0,2000,1486,0,1486,0.743,0.0155881304461642,0.00648464717236901
1003,312,0.201088156036868,0.396640727306049,62.7395046835029,0.21388,0.2,2000,1482,0,1482,0.741,0.209242752713225,0.00613977801663471
1003,312,0.201088156036868,0.396640727306049,62.7395046835029,0.21388,0.4,2000,1504,1,1503,0.752,0.40661728338656,0.00590278860723485
1003,312,0.201088156036868,0.396640727306049,62.7395046835029,0.21388,0.6,2000,1479,8,1471,0.7395,0.600525345955133,0.00538612527449974
1003,312,0.201088156036868,0.396640727306049,62.7395046835029,0.21388,0.8,2000,1497,32,1465,0.7485,0.763697786211604,0.00493445248210065
1033,171,0.129563632932679,0.42727557844211,22.1553812314881,0.21388,-0.8,2000,614,15,599,0.307,-0.528447693706177,0.0115123773662434
1033,171,0.129563632932679,0.42727557844211,22.1553812314881,0.21388,-0.6,2000,602,6,596,0.301,-0.390883087147651,0.012796522721978
1033,171,0.129563632932679,0.42727557844211,22.1553812314881,0.21388,-0.4,2000,603,1,602,0.3015,-0.24390446986711,0.0128842396557606
1033,171,0.129563632932679,0.42727557844211,22.1553812314881,0.21388,-0.2,2000,598,3,595,0.299,-0.0816768978638655,0.0127667763463492
1033,171,0.129563632932679,0.42727557844211,22.1553812314881,0.21388,0,2000,572,0,572,0.286,0.0715964701241259,0.0130882639234554
1033,171,0.129563632932679,0.42727557844211,22.1553812314881,0.21388,0.2,2000,590,0,590,0.295,0.228858078925424,0.0127447981111323
1033,171,0.129563632932679,0.42727557844211,22.1553812314881,0.21388,0.4,2000,593,3,590,0.2965,0.388288926716949,0.0114111611926389
1033,171,0.129563632932679,0.42727557844211,22.1553812314881,0.21388,0.6,2000,619,1,618,0.3095,0.539728445420712,0.0100692604351475
1033,171,0.129563632932679,0.42727557844211,22.1553812314881,0.21388,0.8,2000,604,15,589,0.302,0.680657652801358,0.00969543414572368
1067,530,0.166880349525035,0.393278322113702,88.4465852482688,0.21388,-0.8,2000,1626,78,1548,0.813,-0.746074606718346,0.00496129943642362
1067,530,0.166880349525035,0.393278322113702,88.4465852482688,0.21388,-0.6,2000,1606,15,1591,0.803,-0.573410482715273,0.00565121732982803
1067,530,0.166880349525035,0.393278322113702,88.4465852482688,0.21388,-0.4,2000,1659,3,1656,0.8295,-0.376789986291787,0.00577502845356755
1067,530,0.166880349525035,0.393278322113702,88.4465852482688,0.21388,-0.2,2000,1618,0,1618,0.809,-0.190521902973548,0.00562425580327134
1067,530,0.166880349525035,0.393278322113702,88.4465852482688,0.21388,0,2000,1638,0,1638,0.819,0.00927507570757021,0.00508048304899005
1067,530,0.166880349525035,0.393278322113702,88.4465852482688,0.21388,0.2,2000,1637,0,1637,0.8185,0.209006444101405,0.00505997029320577
1067,530,0.166880349525035,0.393278322113702,88.4465852482688,0.21388,0.4,2000,1626,0,1626,0.813,0.40196175895449,0.00479735757263696
1067,530,0.166880349525035,0.393278322113702,88.4465852482688,0.21388,0.6,2000,1630,1,1629,0.815,0.595299789625537,0.00471037225527671
1067,530,0.166880349525035,0.393278322113702,88.4465852482688,0.21388,0.8,2000,1638,14,1624,0.819,0.780027570320197,0.00390918377663964
1077,133,0.130157052365528,0.403927758658304,17.3108879646152,0.21388,-0.8,2000,475,16,459,0.2375,-0.463000314253595,0.0150189787733876
1077,133,0.130157052365528,0.403927758658304,17.3108879646152,0.21388,-0.6,2000,474,4,470,0.237,-0.323287418234043,0.0152771848694169
1077,133,0.130157052365528,0.403927758658304,17.3108879646152,0.21388,-0.4,2000,510,2,508,0.255,-0.208700575177165,0.0152972275991794
1077,133,0.130157052365528,0.403927758658304,17.3108879646152,0.21388,-0.2,2000,485,1,484,0.2425,-0.0457254985681818,0.0143992988044133
1077,133,0.130157052365528,0.403927758658304,17.3108879646152,0.21388,0,2000,482,0,482,0.241,0.084672834906639,0.0146694616618418
1077,133,0.130157052365528,0.403927758658304,17.3108879646152,0.21388,0.2,2000,482,0,482,0.241,0.239211026562241,0.0139114750793165
1077,133,0.130157052365528,0.403927758658304,17.3108879646152,0.21388,0.4,2000,485,2,483,0.2425,0.37548761126294,0.0140321876081026
1077,133,0.130157052365528,0.403927758658304,17.3108879646152,0.21388,0.6,2000,478,5,473,0.239,0.537577819365751,0.0118396147326941
1077,133,0.130157052365528,0.403927758658304,17.3108879646152,0.21388,0.8,2000,462,13,449,0.231,0.661920053786192,0.012742521836915
1081,209,0.306450806360634,0.400208819098713,64.0482185293724,0.21388,-0.8,2000,1670,145,1525,0.835,-0.735298696983607,0.005607858978789
1081,209,0.306450806360634,0.400208819098713,64.0482185293724,0.21388,-0.6,2000,1679,40,1639,0.8395,-0.578255883709579,0.00655574836434169
1081,209,0.306450806360634,0.400208819098713,64.0482185293724,0.21388,-0.4,2000,1701,15,1686,0.8505,-0.398246377663108,0.00693998783256816
1081,209,0.306450806360634,0.400208819098713,64.0482185293724,0.21388,-0.2,2000,1698,1,1697,0.849,-0.19497945149617,0.00665363239790165
1081,209,0.306450806360634,0.400208819098713,64.0482185293724,0.21388,0,2000,1671,0,1671,0.8355,0.000605464675044883,0.00661414293006651
1081,209,0.306450806360634,0.400208819098713,64.0482185293724,0.21388,0.2,2000,1649,1,1648,0.8245,0.193757299846481,0.00621132936416296
1081,209,0.306450806360634,0.400208819098713,64.0482185293724,0.21388,0.4,2000,1703,1,1702,0.8515,0.414350681583431,0.00573153853890647
1081,209,0.306450806360634,0.400208819098713,64.0482185293724,0.21388,0.6,2000,1658,9,1649,0.829,0.60088927153487,0.00558321064110135
1081,209,0.306450806360634,0.400208819098713,64.0482185293724,0.21388,0.8,2000,1666,40,1626,0.833,0.784860720787208,0.00447812999829895
1087,516,0.197161747965774,0.398608222947363,101.735461950339,0.21388,-0.8,2000,1802,108,1694,0.901,-0.764933302656434,0.00461624110844394
1087,516,0.197161747965774,0.398608222947363,101.735461950339,0.21388,-0.6,2000,1797,19,1778,0.8985,-0.603866622665917,0.00522005075438026
1087,516,0.197161747965774,0.398608222947363,101.735461950339,0.21388,-0.4,2000,1792,3,1789,0.896,-0.39912856646171,0.00542639776965416
1087,516,0.197161747965774,0.398608222947363,101.735461950339,0.21388,-0.2,2000,1800,0,1800,0.9,-0.213103834535,0.0052424234120342
1087,516,0.197161747965774,0.398608222947363,101.735461950339,0.21388,0,2000,1811,0,1811,0.9055,0.00122147220590834,0.00494573166929956
1087,516,0.197161747965774,0.398608222947363,101.735461950339,0.21388,0.2,2000,1786,0,1786,0.893,0.196075788770381,0.00449268408059266
1087,516,0.197161747965774,0.398608222947363,101.735461950339,0.21388,0.4,2000,1793,0,1793,0.8965,0.404352164629113,0.00439928317210681
1087,516,0.197161747965774,0.398608222947363,101.735461950339,0.21388,0.6,2000,1772,3,1769,0.886,0.59962442102883,0.00427698452293981
1087,516,0.197161747965774,0.398608222947363,101.735461950339,0.21388,0.8,2000,1786,28,1758,0.893,0.797251413936291,0.00359825156339215
1101,249,0.379454134879529,0.395882850750794,94.4840795850026,0.21388,-0.8,2000,1939,171,1768,0.9695,-0.765846863574661,0.00475762337083422
1101,249,0.379454134879529,0.395882850750794,94.4840795850026,0.21388,-0.6,2000,1927,46,1881,0.9635,-0.611321318798511,0.00537486089143206
1101,249,0.379454134879529,0.395882850750794,94.4840795850026,0.21388,-0.4,2000,1915,12,1903,0.9575,-0.416890614334367,0.00570199327172107
1101,249,0.379454134879529,0.395882850750794,94.4840795850026,0.21388,-0.2,2000,1924,2,1922,0.962,-0.217329758015088,0.00556366351417449
1101,249,0.379454134879529,0.395882850750794,94.4840795850026,0.21388,0,2000,1918,0,1918,0.959,-0.0105364197648592,0.00539378392282122
1101,249,0.379454134879529,0.395882850750794,94.4840795850026,0.21388,0.2,2000,1919,0,1919,0.9595,0.20143261383481,0.00508142225452991
1101,249,0.379454134879529,0.395882850750794,94.4840795850026,0.21388,0.4,2000,1914,0,1914,0.957,0.40548325241745,0.00490316817332451
1101,249,0.379454134879529,0.395882850750794,94.4840795850026,0.21388,0.6,2000,1916,6,1910,0.958,0.610932492828796,0.00455884267207246
1101,249,0.379454134879529,0.395882850750794,94.4840795850026,0.21388,0.8,2000,1940,37,1903,0.97,0.797004220546506,0.00364651165863982
1106,256,0.129885473612309,0.40243885898927,33.2506812447512,0.21388,-0.8,2000,820,33,787,0.41,-0.582177693100381,0.00934223300453031
1106,256,0.129885473612309,0.40243885898927,33.2506812447512,0.21388,-0.6,2000,813,8,805,0.4065,-0.459903575079503,0.0100925673190427
1106,256,0.129885473612309,0.40243885898927,33.2506812447512,0.21388,-0.4,2000,823,1,822,0.4115,-0.283769204238443,0.0097655892950502
1106,256,0.129885473612309,0.40243885898927,33.2506812447512,0.21388,-0.2,2000,830,2,828,0.415,-0.129314341442029,0.00963203888236051
1106,256,0.129885473612309,0.40243885898927,33.2506812447512,0.21388,0,2000,842,0,842,0.421,0.0475478835083135,0.00900183140271299
1106,256,0.129885473612309,0.40243885898927,33.2506812447512,0.21388,0.2,2000,825,0,825,0.4125,0.211017158778182,0.00910834358883358
1106,256,0.129885473612309,0.40243885898927,33.2506812447512,0.21388,0.4,2000,819,0,819,0.4095,0.390082214407814,0.008551465775096
1106,256,0.129885473612309,0.40243885898927,33.2506812447512,0.21388,0.6,2000,834,3,831,0.417,0.550957706305656,0.00837794704336885
1106,256,0.129885473612309,0.40243885898927,33.2506812447512,0.21388,0.8,2000,827,11,816,0.4135,0.712140492401961,0.00718612847902321
1193,341,0.252066020098568,0.394924608619092,85.9545128536115,0.21388,-0.8,2000,1840,154,1686,0.92,-0.752974848932384,0.00503457641276888
1193,341,0.252066020098568,0.394924608619092,85.9545128536115,0.21388,-0.6,2000,1801,32,1769,0.9005,-0.584000426715659,0.00557653776177922
1193,341,0.252066020098568,0.394924608619092,85.9545128536115,0.21388,-0.4,2000,1817,7,1810,0.9085,-0.416580535140884,0.0058372249074838
1193,341,0.252066020098568,0.394924608619092,85.9545128536115,0.21388,-0.2,2000,1803,0,1803,0.9015,-0.212238788813367,0.00587397626568727
1193,341,0.252066020098568,0.394924608619092,85.9545128536115,0.21388,0,2000,1826,1,1825,0.913,-3.79999456909588e-05,0.0052769556632104
1193,341,0.252066020098568,0.394924608619092,85.9545128536115,0.21388,0.2,2000,1806,0,1806,0.903,0.201103531199889,0.00506848807358547
1193,341,0.252066020098568,0.394924608619092,85.9545128536115,0.21388,0.4,2000,1808,0,1808,0.904,0.400388617825387,0.00497631482584055
1193,341,0.252066020098568,0.394924608619092,85.9545128536115,0.21388,0.6,2000,1803,5,1798,0.9015,0.605537486979978,0.00468682426305744
1193,341,0.252066020098568,0.394924608619092,85.9545128536115,0.21388,0.8,2000,1804,33,1771,0.902,0.792462660643704,0.00386198093181128
1208,440,0.129048649225843,0.398158972936459,56.781405659371,0.21388,-0.8,2000,1180,42,1138,0.59,-0.671851721616872,0.00679997537608424
1208,440,0.129048649225843,0.398158972936459,56.781405659371,0.21388,-0.6,2000,1130,13,1117,0.565,-0.502587930850492,0.00744093168993948
1208,440,0.129048649225843,0.398158972936459,56.781405659371,0.21388,-0.4,2000,1142,2,1140,0.571,-0.335687567611404,0.00737829557786074
1208,440,0.129048649225843,0.398158972936459,56.781405659371,0.21388,-0.2,2000,1132,0,1132,0.566,-0.155778187727032,0.00739960251305301
1208,440,0.129048649225843,0.398158972936459,56.781405659371,0.21388,0,2000,1150,0,1150,0.575,0.0302940760069565,0.00685137649470102
1208,440,0.129048649225843,0.398158972936459,56.781405659371,0.21388,0.2,2000,1160,0,1160,0.58,0.198393773851724,0.00664389899947354
1208,440,0.129048649225843,0.398158972936459,56.781405659371,0.21388,0.4,2000,1154,0,1154,0.577,0.391246792996534,0.00627358920392706
1208,440,0.129048649225843,0.398158972936459,56.781405659371,0.21388,0.6,2000,1163,2,1161,0.5815,0.565449420056848,0.00612573736140726
1208,440,0.129048649225843,0.398158972936459,56.781405659371,0.21388,0.8,2000,1127,10,1117,0.5635,0.736661645568487,0.0054774188237
1234,337,0.394602328010402,0.416724950844339,132.980984539506,0.21388,-0.8,2000,1981,127,1854,0.9905,-0.795108144012945,0.00402826291899573
1234,337,0.394602328010402,0.416724950844339,132.980984539506,0.21388,-0.6,2000,1995,24,1971,0.9975,-0.625401549771689,0.0046291023827628
1234,337,0.394602328010402,0.416724950844339,132.980984539506,0.21388,-0.4,2000,1993,2,1991,0.9965,-0.425578369110999,0.00479933060307951
1234,337,0.394602328010402,0.416724950844339,132.980984539506,0.21388,-0.2,2000,1991,0,1991,0.9955,-0.216601646871924,0.00465302013396442
1234,337,0.394602328010402,0.416724950844339,132.980984539506,0.21388,0,2000,1986,0,1986,0.993,-0.00848232764320242,0.00427670762312676
1234,337,0.394602328010402,0.416724950844339,132.980984539506,0.21388,0.2,2000,1988,0,1988,0.994,0.196286593216298,0.00403609152321016
1234,337,0.394602328010402,0.416724950844339,132.980984539506,0.21388,0.4,2000,1993,0,1993,0.9965,0.403606768590065,0.00381206122886247
1234,337,0.394602328010402,0.416724950844339,132.980984539506,0.21388,0.6,2000,1987,1,1986,0.9935,0.606924576032226,0.00365995478161512
1234,337,0.394602328010402,0.416724950844339,132.980984539506,0.21388,0.8,2000,1989,19,1970,0.9945,0.801817040101523,0.00314539789347799
1235,418,0.129371809047029,0.397781266134366,54.0774161816581,0.21388,-0.8,2000,1121,27,1094,0.5605,-0.660001004936015,0.00698871605195778
1235,418,0.129371809047029,0.397781266134366,54.0774161816581,0.21388,-0.6,2000,1145,11,1134,0.5725,-0.513019464470106,0.00752866577737369
1235,418,0.129371809047029,0.397781266134366,54.0774161816581,0.21388,-0.4,2000,1146,1,1145,0.573,-0.328819260885085,0.00729642199829198
1235,418,0.129371809047029,0.397781266134366,54.0774161816581,0.21388,-0.2,2000,1137,0,1137,0.5685,-0.161609116037819,0.00749345824953317
1235,418,0.129371809047029,0.397781266134366,54.0774161816581,0.21388,0,2000,1116,0,1116,0.558,0.0319066421102151,0.0071910903426111
1235,418,0.129371809047029,0.397781266134366,54.0774161816581,0.21388,0.2,2000,1103,0,1103,0.5515,0.207237705041704,0.00687375756753376
1235,418,0.129371809047029,0.397781266134366,54.0774161816581,0.21388,0.4,2000,1097,0,1097,0.5485,0.381380817756609,0.00659709269509377
1235,418,0.129371809047029,0.397781266134366,54.0774161816581,0.21388,0.6,2000,1136,0,1136,0.568,0.568677364348592,0.00611099393978011
1235,418,0.129371809047029,0.397781266134366,54.0774161816581,0.21388,0.8,2000,1089,14,1075,0.5445,0.749868777860465,0.00575858455934147
1250,403,0.130203597602905,0.397335174834706,52.4720498339706,0.21388,-0.8,2000,1124,49,1075,0.562,-0.663399653944186,0.00697547734814964
1250,403,0.130203597602905,0.397335174834706,52.4720498339706,0.21388,-0.6,2000,1080,10,1070,0.54,-0.499244771140187,0.00793897297208244
1250,403,0.130203597602905,0.397335174834706,52.4720498339706,0.21388,-0.4,2000,1098,3,1095,0.549,-0.329458373762466,0.00784700610164708
1250,403,0.130203597602905,0.397335174834706,52.4720498339706,0.21388,-0.2,2000,1091,1,1090,0.5455,-0.139801993158349,0.00738851401349727
1250,403,0.130203597602905,0.397335174834706,52.4720498339706,0.21388,0,2000,1087,0,1087,0.5435,0.0487699374599816,0.00701159195674745
1250,403,0.130203597602905,0.397335174834706,52.4720498339706,0.21388,0.2,2000,1085,0,1085,0.5425,0.209439385252535,0.00705355237058109
1250,403,0.130203597602905,0.397335174834706,52.4720498339706,0.21388,0.4,2000,1044,0,1044,0.522,0.390949750440613,0.00680868294657515
1250,403,0.130203597602905,0.397335174834706,52.4720498339706,0.21388,0.6,2000,1099,1,1098,0.5495,0.55927190136612,0.00648797703747977
1250,403,0.130203597602905,0.397335174834706,52.4720498339706,0.21388,0.8,2000,1081,10,1071,0.5405,0.737744998879552,0.0056482531307309
1285,124,0.310969864079214,0.385502357323064,38.5602631458225,0.21388,-0.8,2000,1188,84,1104,0.594,-0.657693214474638,0.00821181234979583
1285,124,0.310969864079214,0.385502357323064,38.5602631458225,0.21388,-0.6,2000,1191,42,1149,0.5955,-0.512276549825936,0.00886148354105196
1285,124,0.310969864079214,0.385502357323064,38.5602631458225,0.21388,-0.4,2000,1211,16,1195,0.6055,-0.328436514087029,0.00928880684129103
1285,124,0.310969864079214,0.385502357323064,38.5602631458225,0.21388,-0.2,2000,1178,3,1175,0.589,-0.152984424722894,0.00921186884113669
1285,124,0.310969864079214,0.385502357323064,38.5602631458225,0.21388,0,2000,1186,1,1185,0.593,0.0492138142092827,0.00886625017251867
1285,124,0.310969864079214,0.385502357323064,38.5602631458225,0.21388,0.2,2000,1204,0,1204,0.602,0.231043989449336,0.00839779878677687
1285,124,0.310969864079214,0.385502357323064,38.5602631458225,0.21388,0.4,2000,1184,1,1183,0.592,0.401902132544379,0.00827979365390358
1285,124,0.310969864079214,0.385502357323064,38.5602631458225,0.21388,0.6,2000,1168,9,1159,0.584,0.606656178602243,0.00735474828025033
1285,124,0.310969864079214,0.385502357323064,38.5602631458225,0.21388,0.8,2000,1221,46,1175,0.6105,0.754727972255319,0.00644571004068746
1306,187,0.145133725254444,0.401860671889266,27.140006622581,0.21388,-0.8,2000,714,23,691,0.357,-0.570312315426918,0.0109427976826771
1306,187,0.145133725254444,0.401860671889266,27.140006622581,0.21388,-0.6,2000,740,8,732,0.37,-0.425794608442623,0.0107078454347587
1306,187,0.145133725254444,0.401860671889266,27.140006622581,0.21388,-0.4,2000,707,2,705,0.3535,-0.290573158956028,0.0116357871112364
1306,187,0.145133725254444,0.401860671889266,27.140006622581,0.21388,-0.2,2000,748,1,747,0.374,-0.100831757344311,0.0111152041654527
1306,187,0.145133725254444,0.401860671889266,27.140006622581,0.21388,0,2000,733,0,733,0.3665,0.0703794088567531,0.0108365600518639
1306,187,0.145133725254444,0.401860671889266,27.140006622581,0.21388,0.2,2000,725,0,725,0.3625,0.242558355885517,0.0104124901045028
1306,187,0.145133725254444,0.401860671889266,27.140006622581,0.21388,0.4,2000,738,1,737,0.369,0.384881421649932,0.0100495242180762
1306,187,0.145133725254444,0.401860671889266,27.140006622581,0.21388,0.6,2000,726,6,720,0.363,0.547756313472222,0.0098614812093877
1306,187,0.145133725254444,0.401860671889266,27.140006622581,0.21388,0.8,2000,729,20,709,0.3645,0.681624442736248,0.00925939127522539
1338,245,0.271564440350476,0.399397602907544,66.5332878858667,0.21388,-0.8,2000,1668,145,1523,0.834,-0.734457547734734,0.00574532624273817
1338,245,0.271564440350476,0.399397602907544,66.5332878858667,0.21388,-0.6,2000,1713,45,1668,0.8565,-0.580106869833933,0.0062772700940884
1338,245,0.271564440350476,0.399397602907544,66.5332878858667,0.21388,-0.4,2000,1662,11,1651,0.831,-0.392284310989703,0.00662135410940299
1338,245,0.271564440350476,0.399397602907544,66.5332878858667,0.21388,-0.2,2000,1722,1,1721,0.861,-0.19574483181534,0.00645175132981907
1338,245,0.271564440350476,0.399397602907544,66.5332878858667,0.21388,0,2000,1691,0,1691,0.8455,-0.0024313189390893,0.00622120652745881
1338,245,0.271564440350476,0.399397602907544,66.5332878858667,0.21388,0.2,2000,1723,0,1723,0.8615,0.208962681195589,0.00594028565561628
1338,245,0.271564440350476,0.399397602907544,66.5332878858667,0.21388,0.4,2000,1697,1,1696,0.8485,0.402338936096698,0.00570459175478095
1338,245,0.271564440350476,0.399397602907544,66.5332878858667,0.21388,0.6,2000,1673,6,1667,0.8365,0.603920693605279,0.0052437784160807
1338,245,0.271564440350476,0.399397602907544,66.5332878858667,0.21388,0.8,2000,1663,42,1621,0.8315,0.787202183281925,0.00447153116896857
1363,322,0.182516347614686,0.39579971627353,58.7702639319288,0.21388,-0.8,2000,1376,90,1286,0.688,-0.705753238102644,0.00628897397717628
1363,322,0.182516347614686,0.39579971627353,58.7702639319288,0.21388,-0.6,2000,1416,24,1392,0.708,-0.549701878771552,0.00677880463532593
1363,322,0.182516347614686,0.39579971627353,58.7702639319288,0.21388,-0.4,2000,1382,4,1378,0.691,-0.358972778099419,0.00716960567772316
1363,322,0.182516347614686,0.39579971627353,58.7702639319288,0.21388,-0.2,2000,1372,0,1372,0.686,-0.179621369496356,0.00697647876516739
1363,322,0.182516347614686,0.39579971627353,58.7702639319288,0.21388,0,2000,1378,0,1378,0.689,0.0136286536155298,0.00652479888219046
1363,322,0.182516347614686,0.39579971627353,58.7702639319288,0.21388,0.2,2000,1395,0,1395,0.6975,0.199801348516846,0.00637900015155724
1363,322,0.182516347614686,0.39579971627353,58.7702639319288,0.21388,0.4,2000,1421,0,1421,0.7105,0.400981739429979,0.00607302184513057
1363,322,0.182516347614686,0.39579971627353,58.7702639319288,0.21388,0.6,2000,1407,7,1400,0.7035,0.589542607985714,0.00561929165676782
1363,322,0.182516347614686,0.39579971627353,58.7702639319288,0.21388,0.8,2000,1391,29,1362,0.6955,0.763786438325991,0.00496305520045584
1427,527,0.233741799403331,0.399688370253392,123.181928285555,0.21388,-0.8,2000,1920,117,1803,0.96,-0.774927244037715,0.00427197130488229
1427,527,0.233741799403331,0.399688370253392,123.181928285555,0.21388,-0.6,2000,1934,26,1908,0.967,-0.609027395807128,0.00479407703568072
1427,527,0.233741799403331,0.399688370253392,123.181928285555,0.21388,-0.4,2000,1929,3,1926,0.9645,-0.41405339667757,0.00492341178699293
1427,527,0.233741799403331,0.399688370253392,123.181928285555,0.21388,-0.2,2000,1927,0,1927,0.9635,-0.217388769830306,0.00466804116446577
1427,527,0.233741799403331,0.399688370253392,123.181928285555,0.21388,0,2000,1931,0,1931,0.9655,0.00247467618327292,0.00419370512721123
1427,527,0.233741799403331,0.399688370253392,123.181928285555,0.21388,0.2,2000,1931,0,1931,0.9655,0.190791118161574,0.00411800989535196
1427,527,0.233741799403331,0.399688370253392,123.181928285555,0.21388,0.4,2000,1929,0,1929,0.9645,0.403148714838258,0.00399668310676673
1427,527,0.233741799403331,0.399688370253392,123.181928285555,0.21388,0.6,2000,1932,1,1931,0.966,0.613956666701191,0.00392785042726275
1427,527,0.233741799403331,0.399688370253392,123.181928285555,0.21388,0.8,2000,1930,15,1915,0.965,0.797796063185379,0.0033533957242587
1428,234,0.129319311997559,0.401825859464451,30.2607190074289,0.21388,-0.8,2000,745,26,719,0.3725,-0.576337109831711,0.0103460024986854
1428,234,0.129319311997559,0.401825859464451,30.2607190074289,0.21388,-0.6,2000,709,9,700,0.3545,-0.423625094257143,0.0106634992536006
1428,234,0.129319311997559,0.401825859464451,30.2607190074289,0.21388,-0.4,2000,746,1,745,0.373,-0.266830399691275,0.0103945632522254
1428,234,0.129319311997559,0.401825859464451,30.2607190074289,0.21388,-0.2,2000,763,0,763,0.3815,-0.0985397014626474,0.0102087532204247
1428,234,0.129319311997559,0.401825859464451,30.2607190074289,0.21388,0,2000,769,0,769,0.3845,0.0587660786176853,0.00981012602771481
1428,234,0.129319311997559,0.401825859464451,30.2607190074289,0.21388,0.2,2000,762,0,762,0.381,0.21746996589895,0.00988140712528381
1428,234,0.129319311997559,0.401825859464451,30.2607190074289,0.21388,0.4,2000,773,1,772,0.3865,0.391528688510363,0.00925669361654122
1428,234,0.129319311997559,0.401825859464451,30.2607190074289,0.21388,0.6,2000,745,2,743,0.3725,0.563935565948856,0.00928595825991311
1428,234,0.129319311997559,0.401825859464451,30.2607190074289,0.21388,0.8,2000,727,20,707,0.3635,0.692031477001414,0.00864750758777966
1435,196,0.204346688441064,0.40121616872888,40.0519509344486,0.21388,-0.8,2000,1115,79,1036,0.5575,-0.66329442496139,0.00779532116951909
1435,196,0.204346688441064,0.40121616872888,40.0519509344486,0.21388,-0.6,2000,1161,22,1139,0.5805,-0.501559700395083,0.008446889845788
1435,196,0.204346688441064,0.40121616872888,40.0519509344486,0.21388,-0.4,2000,1119,6,1113,0.5595,-0.341780087628032,0.00908822621193916
1435,196,0.204346688441064,0.40121616872888,40.0519509344486,0.21388,-0.2,2000,1138,0,1138,0.569,-0.149921426720299,0.00864080411835601
1435,196,0.204346688441064,0.40121616872888,40.0519509344486,0.21388,0,2000,1139,0,1139,0.5695,0.0344263044082529,0.00842684007870375
1435,196,0.204346688441064,0.40121616872888,40.0519509344486,0.21388,0.2,2000,1182,0,1182,0.591,0.217716340461929,0.00793407436396334
1435,196,0.204346688441064,0.40121616872888,40.0519509344486,0.21388,0.4,2000,1122,2,1120,0.561,0.399882383633929,0.00811132002322038
1435,196,0.204346688441064,0.40121616872888,40.0519509344486,0.21388,0.6,2000,1161,8,1153,0.5805,0.58445623753686,0.00708892753591281
1435,196,0.204346688441064,0.40121616872888,40.0519509344486,0.21388,0.8,2000,1180,43,1137,0.59,0.745366591996482,0.00611919192816684
1453,560,0.175869597515456,0.399096054132394,98.4869746086553,0.21388,-0.8,2000,1754,81,1673,0.877,-0.755418444590556,0.00475644694107158
1453,560,0.175869597515456,0.399096054132394,98.4869746086553,0.21388,-0.6,2000,1721,18,1703,0.8605,-0.595487696535526,0.00536178508954577
1453,560,0.175869597515456,0.399096054132394,98.4869746086553,0.21388,-0.4,2000,1728,0,1728,0.864,-0.403164475738079,0.0053433235138724
1453,560,0.175869597515456,0.399096054132394,98.4869746086553,0.21388,-0.2,2000,1719,0,1719,0.8595,-0.198622343427516,0.00516459212782621
1453,560,0.175869597515456,0.399096054132394,98.4869746086553,0.21388,0,2000,1730,0,1730,0.865,-0.000420693848589595,0.00501423424552145
1453,560,0.175869597515456,0.399096054132394,98.4869746086553,0.21388,0.2,2000,1697,0,1697,0.8485,0.191810441872717,0.00465793218094037
1453,560,0.175869597515456,0.399096054132394,98.4869746086553,0.21388,0.4,2000,1765,0,1765,0.8825,0.401200220871388,0.00445787119675248
1453,560,0.175869597515456,0.399096054132394,98.4869746086553,0.21388,0.6,2000,1730,1,1729,0.865,0.604288861348756,0.00426991962326484
1453,560,0.175869597515456,0.399096054132394,98.4869746086553,0.21388,0.8,2000,1740,17,1723,0.87,0.78540819384794,0.00374124667137564
1463,234,0.17015440389036,0.395534607400903,39.8161305103441,0.21388,-0.8,2000,1071,56,1015,0.5355,-0.644315098236453,0.00808521963343579
1463,234,0.17015440389036,0.395534607400903,39.8161305103441,0.21388,-0.6,2000,1047,13,1034,0.5235,-0.487939515203095,0.00873302562926342
1463,234,0.17015440389036,0.395534607400903,39.8161305103441,0.21388,-0.4,2000,1083,6,1077,0.5415,-0.325939554390065,0.00917440779078773
1463,234,0.17015440389036,0.395534607400903,39.8161305103441,0.21388,-0.2,2000,1019,1,1018,0.5095,-0.130676877194499,0.0091172257816851
1463,234,0.17015440389036,0.395534607400903,39.8161305103441,0.21388,0,2000,1028,0,1028,0.514,0.0392226930233463,0.00857460893450108
1463,234,0.17015440389036,0.395534607400903,39.8161305103441,0.21388,0.2,2000,1048,0,1048,0.524,0.208472200216603,0.00848835909827128
1463,234,0.17015440389036,0.395534607400903,39.8161305103441,0.21388,0.4,2000,1064,0,1064,0.532,0.400303966278195,0.00792027317416316
1463,234,0.17015440389036,0.395534607400903,39.8161305103441,0.21388,0.6,2000,1064,6,1058,0.532,0.568659897202268,0.00730535575740759
1463,234,0.17015440389036,0.395534607400903,39.8161305103441,0.21388,0.8,2000,1077,26,1051,0.5385,0.731230726355852,0.00644824543297956
1475,335,0.186282646050737,0.374503742358905,62.404686426997,0.21388,-0.8,2000,1457,112,1345,0.7285,-0.691545697695167,0.00633006676949604
1475,335,0.186282646050737,0.374503742358905,62.404686426997,0.21388,-0.6,2000,1478,23,1455,0.739,-0.548251402494845,0.00671289302921122
1475,335,0.186282646050737,0.374503742358905,62.404686426997,0.21388,-0.4,2000,1457,10,1447,0.7285,-0.377514609923981,0.00711441917476546
1475,335,0.186282646050737,0.374503742358905,62.404686426997,0.21388,-0.2,2000,1414,2,1412,0.707,-0.166929701434136,0.0068519428012648
1475,335,0.186282646050737,0.374503742358905,62.404686426997,0.21388,0,2000,1463,0,1463,0.7315,0.0220965745833903,0.00643271711461767
1475,335,0.186282646050737,0.374503742358905,62.404686426997,0.21388,0.2,2000,1429,0,1429,0.7145,0.219995768456263,0.0063105378291751
1475,335,0.186282646050737,0.374503742358905,62.404686426997,0.21388,0.4,2000,1467,1,1466,0.7335,0.410765526974079,0.00605119658502182
1475,335,0.186282646050737,0.374503742358905,62.404686426997,0.21388,0.6,2000,1417,3,1414,0.7085,0.592809760113154,0.00557280281767717
1475,335,0.186282646050737,0.374503742358905,62.404686426997,0.21388,0.8,2000,1433,29,1404,0.7165,0.759225674358974,0.00492759034116207
1482,421,0.128542740456679,0.388370726181793,54.116493732262,0.21388,-0.8,2000,1095,36,1059,0.5475,-0.660195219169027,0.00702923015575006
1482,421,0.128542740456679,0.388370726181793,54.116493732262,0.21388,-0.6,2000,1137,8,1129,0.5685,-0.504071862589017,0.0075672136068565
1482,421,0.128542740456679,0.388370726181793,54.116493732262,0.21388,-0.4,2000,1078,0,1078,0.539,-0.326208733451763,0.00792100456806867
1482,421,0.128542740456679,0.388370726181793,54.116493732262,0.21388,-0.2,2000,1168,1,1167,0.584,-0.149439717691517,0.00731293036644386
1482,421,0.128542740456679,0.388370726181793,54.116493732262,0.21388,0,2000,1118,0,1118,0.559,0.0134539140572451,0.00725643543583428
1482,421,0.128542740456679,0.388370726181793,54.116493732262,0.21388,0.2,2000,1075,0,1075,0.5375,0.208699777751814,0.00715782503178591
1482,421,0.128542740456679,0.388370726181793,54.116493732262,0.21388,0.4,2000,1095,0,1095,0.5475,0.398333333513242,0.00648195472210124
1482,421,0.128542740456679,0.388370726181793,54.116493732262,0.21388,0.6,2000,1087,5,1082,0.5435,0.556239203133087,0.00643745657968335
1482,421,0.128542740456679,0.388370726181793,54.116493732262,0.21388,0.8,2000,1099,14,1085,0.5495,0.734632581382488,0.00564073134122228
1506,287,0.548875301839437,0.402590342514129,115.543428301555,0.21388,-0.8,2000,1985,85,1900,0.9925,-0.78853185,0.0038595662523044
1506,287,0.548875301839437,0.402590342514129,115.543428301555,0.21388,-0.6,2000,1987,14,1973,0.9935,-0.617335942726812,0.0044716922332671
1506,287,0.548875301839437,0.402590342514129,115.543428301555,0.21388,-0.4,2000,1988,5,1983,0.994,-0.422444559631871,0.00460483376084883
1506,287,0.548875301839437,0.402590342514129,115.543428301555,0.21388,-0.2,2000,1989,0,1989,0.9945,-0.218715664033886,0.00440169689830891
1506,287,0.548875301839437,0.402590342514129,115.543428301555,0.21388,0,2000,1989,0,1989,0.9945,-0.0135405454659125,0.00428505558640575
1506,287,0.548875301839437,0.402590342514129,115.543428301555,0.21388,0.2,2000,1983,0,1983,0.9915,0.195931933203227,0.00396060050338228
1506,287,0.548875301839437,0.402590342514129,115.543428301555,0.21388,0.4,2000,1994,0,1994,0.997,0.407509903515547,0.00374285966806839
1506,287,0.548875301839437,0.402590342514129,115.543428301555,0.21388,0.6,2000,1993,0,1993,0.9965,0.616341940291019,0.00351355983257606
1506,287,0.548875301839437,0.402590342514129,115.543428301555,0.21388,0.8,2000,1984,13,1971,0.992,0.804410067478437,0.00299252920052527
1522,473,0.306690010673951,0.406624438812131,145.064375048779,0.21388,-0.8,2000,1987,96,1891,0.9935,-0.795552020095188,0.00376018744280224
1522,473,0.306690010673951,0.406624438812131,145.064375048779,0.21388,-0.6,2000,1992,22,1970,0.996,-0.615228686401015,0.00448378347917754
1522,473,0.306690010673951,0.406624438812131,145.064375048779,0.21388,-0.4,2000,1986,0,1986,0.993,-0.424874987559416,0.00448914262457731
1522,473,0.306690010673951,0.406624438812131,145.064375048779,0.21388,-0.2,2000,1986,0,1986,0.993,-0.216572868123364,0.00439047098414922
1522,473,0.306690010673951,0.406624438812131,145.064375048779,0.21388,0,2000,1980,0,1980,0.99,-0.0143704036883838,0.00413918914979927
1522,473,0.306690010673951,0.406624438812131,145.064375048779,0.21388,0.2,2000,1989,0,1989,0.9945,0.195725080621921,0.00385771993214582
1522,473,0.306690010673951,0.406624438812131,145.064375048779,0.21388,0.4,2000,1987,0,1987,0.9935,0.406600090754907,0.00361296169144623
1522,473,0.306690010673951,0.406624438812131,145.064375048779,0.21388,0.6,2000,1984,0,1984,0.992,0.616417682409274,0.00346478867219646
1522,473,0.306690010673951,0.406624438812131,145.064375048779,0.21388,0.8,2000,1989,15,1974,0.9945,0.808724604863222,0.00304667099709273
1554,470,0.129370729840899,0.397524472879421,60.8042430252226,0.21388,-0.8,2000,1218,36,1182,0.609,-0.684808238494078,0.00664212212658795
1554,470,0.129370729840899,0.397524472879421,60.8042430252226,0.21388,-0.6,2000,1186,10,1176,0.593,-0.528501661420068,0.00712686592754391
1554,470,0.129370729840899,0.397524472879421,60.8042430252226,0.21388,-0.4,2000,1205,0,1205,0.6025,-0.342042692975104,0.00709108587052657
1554,470,0.129370729840899,0.397524472879421,60.8042430252226,0.21388,-0.2,2000,1184,1,1183,0.592,-0.148236300060017,0.00709091827534931
1554,470,0.129370729840899,0.397524472879421,60.8042430252226,0.21388,0,2000,1204,0,1204,0.602,0.0362229103538206,0.00650854166428565
1554,470,0.129370729840899,0.397524472879421,60.8042430252226,0.21388,0.2,2000,1197,0,1197,0.5985,0.209576104173768,0.00649158922788551
1554,470,0.129370729840899,0.397524472879421,60.8042430252226,0.21388,0.4,2000,1209,0,1209,0.6045,0.390968246913151,0.00614466211748234
1554,470,0.129370729840899,0.397524472879421,60.8042430252226,0.21388,0.6,2000,1201,0,1201,0.6005,0.566226549205079,0.00593597971272789
1554,470,0.129370729840899,0.397524472879421,60.8042430252226,0.21388,0.8,2000,1211,10,1201,0.6055,0.743042948376353,0.00531550198121899
1612,303,0.12945445020321,0.383590323736833,39.2246984115726,0.21388,-0.8,2000,948,39,909,0.474,-0.611732098558856,0.00853876354998107
1612,303,0.12945445020321,0.383590323736833,39.2246984115726,0.21388,-0.6,2000,934,10,924,0.467,-0.465792194675325,0.00887549977687409
1612,303,0.12945445020321,0.383590323736833,39.2246984115726,0.21388,-0.4,2000,897,0,897,0.4485,-0.310872487783724,0.00934778715261689
1612,303,0.12945445020321,0.383590323736833,39.2246984115726,0.21388,-0.2,2000,905,0,905,0.4525,-0.133693502363536,0.00902189275657945
1612,303,0.12945445020321,0.383590323736833,39.2246984115726,0.21388,0,2000,901,0,901,0.4505,0.0605552848390677,0.00900832553205475
1612,303,0.12945445020321,0.383590323736833,39.2246984115726,0.21388,0.2,2000,862,0,862,0.431,0.200907901200696,0.00890139261799319
1612,303,0.12945445020321,0.383590323736833,39.2246984115726,0.21388,0.4,2000,925,0,925,0.4625,0.372346452183784,0.00840893172998364
1612,303,0.12945445020321,0.383590323736833,39.2246984115726,0.21388,0.6,2000,871,2,869,0.4355,0.571902208170311,0.00802213633784459
1612,303,0.12945445020321,0.383590323736833,39.2246984115726,0.21388,0.8,2000,888,11,877,0.444,0.710474576168757,0.00718189179507748
1642,197,0.368195292251271,0.397195277886907,72.5344725735004,0.21388,-0.8,2000,1774,173,1601,0.887,-0.749586741661462,0.00528808190172558
1642,197,0.368195292251271,0.397195277886907,72.5344725735004,0.21388,-0.6,2000,1780,51,1729,0.89,-0.599250592325043,0.00614336596033009
1642,197,0.368195292251271,0.397195277886907,72.5344725735004,0.21388,-0.4,2000,1809,14,1795,0.9045,-0.406408876661281,0.0061307314588578
1642,197,0.368195292251271,0.397195277886907,72.5344725735004,0.21388,-0.2,2000,1802,3,1799,0.901,-0.217648353415787,0.00627393054877059
1642,197,0.368195292251271,0.397195277886907,72.5344725735004,0.21388,0,2000,1789,0,1789,0.8945,-0.000377913305757407,0.00610974160881103
1642,197,0.368195292251271,0.397195277886907,72.5344725735004,0.21388,0.2,2000,1805,0,1805,0.9025,0.205181524502493,0.00598114991935626
1642,197,0.368195292251271,0.397195277886907,72.5344725735004,0.21388,0.4,2000,1804,1,1803,0.902,0.413722690342984,0.00554509623123402
1642,197,0.368195292251271,0.397195277886907,72.5344725735004,0.21388,0.6,2000,1807,6,1801,0.9035,0.605526637295947,0.00509561106858431
1642,197,0.368195292251271,0.397195277886907,72.5344725735004,0.21388,0.8,2000,1792,52,1740,0.896,0.787070804597701,0.00416844646636929
1660,44,1.07902747136039,0.949724926777985,41.7878967782313,0.21388,-0.8,2000,1878,163,1715,0.939,-0.786303334536443,0.00487858463715186
1660,44,1.07902747136039,0.949724926777985,41.7878967782313,0.21388,-0.6,2000,1878,29,1849,0.939,-0.60534871424013,0.00579093989954223
1660,44,1.07902747136039,0.949724926777985,41.7878967782313,0.21388,-0.4,2000,1878,8,1870,0.939,-0.418644997987701,0.00630395397341143
1660,44,1.07902747136039,0.949724926777985,41.7878967782313,0.21388,-0.2,2000,1875,1,1874,0.9375,-0.224238456749733,0.00655181752905659
1660,44,1.07902747136039,0.949724926777985,41.7878967782313,0.21388,0,2000,1874,1,1873,0.937,0.00667859465296316,0.00620090078705801
1660,44,1.07902747136039,0.949724926777985,41.7878967782313,0.21388,0.2,2000,1878,0,1878,0.939,0.181119729629393,0.00610310503029912
1660,44,1.07902747136039,0.949724926777985,41.7878967782313,0.21388,0.4,2000,1866,1,1865,0.933,0.401210916719517,0.00571793497322864
1660,44,1.07902747136039,0.949724926777985,41.7878967782313,0.21388,0.6,2000,1855,0,1855,0.9275,0.614507330138545,0.00501335769368992
1660,44,1.07902747136039,0.949724926777985,41.7878967782313,0.21388,0.8,2000,1869,40,1829,0.9345,0.797705697102242,0.0040192697772059
1662,28,0.611025356574042,0.431545031746876,12.0832608889125,0.21388,-0.8,2000,496,34,462,0.248,-0.525996688290043,0.0156529519890159
1662,28,0.611025356574042,0.431545031746876,12.0832608889125,0.21388,-0.6,2000,494,11,483,0.247,-0.361241562643478,0.0175871018644142
1662,28,0.611025356574042,0.431545031746876,12.0832608889125,0.21388,-0.4,2000,505,3,502,0.2525,-0.227085744448207,0.0168541677645757
1662,28,0.611025356574042,0.431545031746876,12.0832608889125,0.21388,-0.2,2000,536,3,533,0.268,-0.0391844952326454,0.0172547948967427
1662,28,0.611025356574042,0.431545031746876,12.0832608889125,0.21388,0,2000,499,3,496,0.2495,0.0836313375118952,0.0178926544082027
1662,28,0.611025356574042,0.431545031746876,12.0832608889125,0.21388,0.2,2000,553,2,551,0.2765,0.280143465680581,0.0163512809384408
1662,28,0.611025356574042,0.431545031746876,12.0832608889125,0.21388,0.4,2000,522,1,521,0.261,0.464306200211132,0.0150296995156741
1662,28,0.611025356574042,0.431545031746876,12.0832608889125,0.21388,0.6,2000,562,14,548,0.281,0.598729872226277,0.0138085155179378
1662,28,0.611025356574042,0.431545031746876,12.0832608889125,0.21388,0.8,2000,545,33,512,0.2725,0.704796561113281,0.0120968355604429
1679,313,0.221960182562306,0.390142424527897,69.4735371420018,0.21388,-0.8,2000,1638,145,1493,0.819,-0.723629626389819,0.00565740935833109
1679,313,0.221960182562306,0.390142424527897,69.4735371420018,0.21388,-0.6,2000,1607,41,1566,0.8035,-0.572279518301405,0.00632570347899394
1679,313,0.221960182562306,0.390142424527897,69.4735371420018,0.21388,-0.4,2000,1625,8,1617,0.8125,-0.385506742661101,0.00635033878819826
1679,313,0.221960182562306,0.390142424527897,69.4735371420018,0.21388,-0.2,2000,1625,0,1625,0.8125,-0.191140300194092,0.00652866579789428
1679,313,0.221960182562306,0.390142424527897,69.4735371420018,0.21388,0,2000,1656,0,1656,0.828,0.0109732765483092,0.00615570741904576
1679,313,0.221960182562306,0.390142424527897,69.4735371420018,0.21388,0.2,2000,1630,0,1630,0.815,0.195184757520859,0.00581263142210323
1679,313,0.221960182562306,0.390142424527897,69.4735371420018,0.21388,0.4,2000,1638,0,1638,0.819,0.404987161617277,0.00550803310704698
1679,313,0.221960182562306,0.390142424527897,69.4735371420018,0.21388,0.6,2000,1648,10,1638,0.824,0.602658141452991,0.00513721024564232
1679,313,0.221960182562306,0.390142424527897,69.4735371420018,0.21388,0.8,2000,1605,35,1570,0.8025,0.783053079426752,0.00436899725262596
1683,223,0.128700388777899,0.391639757380168,28.7001866974715,0.21388,-0.8,2000,682,24,658,0.341,-0.57488511443769,0.0107008561063994
1683,223,0.128700388777899,0.391639757380168,28.7001866974715,0.21388,-0.6,2000,705,8,697,0.3525,-0.426656315992826,0.0109338529558439
1683,223,0.128700388777899,0.391639757380168,28.7001866974715,0.21388,-0.4,2000,702,6,696,0.351,-0.291148247002011,0.0111048557146926
1683,223,0.128700388777899,0.391639757380168,28.7001866974715,0.21388,-0.2,2000,744,1,743,0.372,-0.0909985301776581,0.0109731230094068
1683,223,0.128700388777899,0.391639757380168,28.7001866974715,0.21388,0,2000,704,0,704,0.352,0.0461780085497159,0.0110039915014061
1683,223,0.128700388777899,0.391639757380168,28.7001866974715,0.21388,0.2,2000,710,0,710,0.355,0.218964161591549,0.010898118823105
1683,223,0.128700388777899,0.391639757380168,28.7001866974715,0.21388,0.4,2000,757,1,756,0.3785,0.40173148952381,0.00944036318457085
1683,223,0.128700388777899,0.391639757380168,28.7001866974715,0.21388,0.6,2000,746,7,739,0.373,0.550800952909337,0.00912135779392054
1683,223,0.128700388777899,0.391639757380168,28.7001866974715,0.21388,0.8,2000,687,8,679,0.3435,0.699764835640648,0.00823277241058374
1688,272,0.206316688287254,0.399505521817249,56.1181392141331,0.21388,-0.8,2000,1447,88,1359,0.7235,-0.69569790946284,0.00622585644054189
1688,272,0.206316688287254,0.399505521817249,56.1181392141331,0.21388,-0.6,2000,1418,33,1385,0.709,-0.551808005176895,0.00708582543868849
1688,272,0.206316688287254,0.399505521817249,56.1181392141331,0.21388,-0.4,2000,1431,11,1420,0.7155,-0.381882531953521,0.00721830053784167
1688,272,0.206316688287254,0.399505521817249,56.1181392141331,0.21388,-0.2,2000,1414,0,1414,0.707,-0.167421187934936,0.00710948712814823
1688,272,0.206316688287254,0.399505521817249,56.1181392141331,0.21388,0,2000,1443,1,1442,0.7215,0.018723798639043,0.00661642158609489
1688,272,0.206316688287254,0.399505521817249,56.1181392141331,0.21388,0.2,2000,1439,0,1439,0.7195,0.195227054959486,0.00685061820687728
1688,272,0.206316688287254,0.399505521817249,56.1181392141331,0.21388,0.4,2000,1440,0,1440,0.72,0.402604298875,0.00631753074407868
1688,272,0.206316688287254,0.399505521817249,56.1181392141331,0.21388,0.6,2000,1439,6,1433,0.7195,0.590816312512212,0.00592531028305248
1688,272,0.206316688287254,0.399505521817249,56.1181392141331,0.21388,0.8,2000,1417,32,1385,0.7085,0.763546094873646,0.00500539327442092
1714,278,0.27501157752485,0.399130162097136,76.4532185519084,0.21388,-0.8,2000,1764,141,1623,0.882,-0.740519952495379,0.00527590192043225
1714,278,0.27501157752485,0.399130162097136,76.4532185519084,0.21388,-0.6,2000,1763,44,1719,0.8815,-0.596040982501454,0.00578849261417452
1714,278,0.27501157752485,0.399130162097136,76.4532185519084,0.21388,-0.4,2000,1768,16,1752,0.884,-0.413199339881849,0.006220635429823
1714,278,0.27501157752485,0.399130162097136,76.4532185519084,0.21388,-0.2,2000,1804,2,1802,0.902,-0.204473143983574,0.00585058733640935
1714,278,0.27501157752485,0.399130162097136,76.4532185519084,0.21388,0,2000,1791,0,1791,0.8955,-0.00268773576214405,0.0058460395386356
1714,278,0.27501157752485,0.399130162097136,76.4532185519084,0.21388,0.2,2000,1790,0,1790,0.895,0.205785509990503,0.0052828676582701
1714,278,0.27501157752485,0.399130162097136,76.4532185519084,0.21388,0.4,2000,1779,0,1779,0.8895,0.409317367331085,0.0052251079415179
1714,278,0.27501157752485,0.399130162097136,76.4532185519084,0.21388,0.6,2000,1779,8,1771,0.8895,0.611120828690006,0.00481779019169916
1714,278,0.27501157752485,0.399130162097136,76.4532185519084,0.21388,0.8,2000,1781,45,1736,0.8905,0.785042048790323,0.00413915109153459
1716,383,0.155742867660521,0.421752473968163,59.6495183139796,0.21388,-0.8,2000,1285,53,1232,0.6425,-0.701501393912338,0.00635240181335878
1716,383,0.155742867660521,0.421752473968163,59.6495183139796,0.21388,-0.6,2000,1308,20,1288,0.654,-0.541143963128882,0.0066762461630795
1716,383,0.155742867660521,0.421752473968163,59.6495183139796,0.21388,-0.4,2000,1312,4,1308,0.656,-0.356874568552752,0.00690137313315159
1716,383,0.155742867660521,0.421752473968163,59.6495183139796,0.21388,-0.2,2000,1286,0,1286,0.643,-0.175600907499689,0.00692961267200995
1716,383,0.155742867660521,0.421752473968163,59.6495183139796,0.21388,0,2000,1324,0,1324,0.662,0.0166262683089124,0.0065817120403234
1716,383,0.155742867660521,0.421752473968163,59.6495183139796,0.21388,0.2,2000,1306,0,1306,0.653,0.201150388399694,0.00627087046851813
1716,383,0.155742867660521,0.421752473968163,59.6495183139796,0.21388,0.4,2000,1281,0,1281,0.6405,0.381380942235753,0.00584764451169685
1716,383,0.155742867660521,0.421752473968163,59.6495183139796,0.21388,0.6,2000,1291,2,1289,0.6455,0.577691378432894,0.00598343545634908
1716,383,0.155742867660521,0.421752473968163,59.6495183139796,0.21388,0.8,2000,1325,18,1307,0.6625,0.755207499617444,0.00498371936467269
1718,362,0.169699320524056,0.50311724439692,61.4311540297084,0.21388,-0.8,2000,1376,54,1322,0.688,-0.707928245839637,0.00567384290790648
1718,362,0.169699320524056,0.50311724439692,61.4311540297084,0.21388,-0.6,2000,1381,10,1371,0.6905,-0.546042070585704,0.00628572251689124
1718,362,0.169699320524056,0.50311724439692,61.4311540297084,0.21388,-0.4,2000,1398,2,1396,0.699,-0.351649419484241,0.00658547497531747
1718,362,0.169699320524056,0.50311724439692,61.4311540297084,0.21388,-0.2,2000,1396,0,1396,0.698,-0.169299031863897,0.00596133839631108
1718,362,0.169699320524056,0.50311724439692,61.4311540297084,0.21388,0,2000,1388,0,1388,0.694,0.0161969542111671,0.00581916863476362
1718,362,0.169699320524056,0.50311724439692,61.4311540297084,0.21388,0.2,2000,1372,0,1372,0.686,0.202111695985933,0.00573367398838729
1718,362,0.169699320524056,0.50311724439692,61.4311540297084,0.21388,0.4,2000,1365,0,1365,0.6825,0.396993814087179,0.00564685083599161
1718,362,0.169699320524056,0.50311724439692,61.4311540297084,0.21388,0.6,2000,1367,1,1366,0.6835,0.5800947,0.00532714960903912
1718,362,0.169699320524056,0.50311724439692,61.4311540297084,0.21388,0.8,2000,1368,9,1359,0.684,0.758367997792495,0.00452286688757892
1767,204,0.129381758158714,0.401264512315072,26.3938786643777,0.21388,-0.8,2000,644,17,627,0.322,-0.549840562009569,0.0112668652448549
1767,204,0.129381758158714,0.401264512315072,26.3938786643777,0.21388,-0.6,2000,668,14,654,0.334,-0.411836483883792,0.0112435084821379
1767,204,0.129381758158714,0.401264512315072,26.3938786643777,0.21388,-0.4,2000,669,1,668,0.3345,-0.268493114745509,0.0113817106376647
1767,204,0.129381758158714,0.401264512315072,26.3938786643777,0.21388,-0.2,2000,706,2,704,0.353,-0.0939612613025568,0.0110223628907838
1767,204,0.129381758158714,0.401264512315072,26.3938786643777,0.21388,0,2000,672,0,672,0.336,0.0748272870208333,0.0115414271429757
1767,204,0.129381758158714,0.401264512315072,26.3938786643777,0.21388,0.2,2000,679,0,679,0.3395,0.212150705421767,0.0106752011853058
1767,204,0.129381758158714,0.401264512315072,26.3938786643777,0.21388,0.4,2000,691,1,690,0.3455,0.397246900861449,0.0104123749619931
1767,204,0.129381758158714,0.401264512315072,26.3938786643777,0.21388,0.6,2000,681,5,676,0.3405,0.536870754763314,0.00990431979917394
1767,204,0.129381758158714,0.401264512315072,26.3938786643777,0.21388,0.8,2000,684,11,673,0.342,0.682021226300149,0.00896555634855708
1819,171,0.127957490692684,0.399372629937751,21.8807309084489,0.21388,-0.8,2000,567,17,550,0.2835,-0.503878741236364,0.0127520467941822
1819,171,0.127957490692684,0.399372629937751,21.8807309084489,0.21388,-0.6,2000,594,6,588,0.297,-0.395617983860544,0.0125630381626229
1819,171,0.127957490692684,0.399372629937751,21.8807309084489,0.21388,-0.4,2000,593,0,593,0.2965,-0.234778118600337,0.0124851312255345
1819,171,0.127957490692684,0.399372629937751,21.8807309084489,0.21388,-0.2,2000,587,1,586,0.2935,-0.0997407584283276,0.0127005905324319
1819,171,0.127957490692684,0.399372629937751,21.8807309084489,0.21388,0,2000,618,0,618,0.309,0.0719979808964401,0.0125975577493588
1819,171,0.127957490692684,0.399372629937751,21.8807309084489,0.21388,0.2,2000,598,0,598,0.299,0.254726739704013,0.0124034593315934
1819,171,0.127957490692684,0.399372629937751,21.8807309084489,0.21388,0.4,2000,561,0,561,0.2805,0.392357871515152,0.0118430897178551
1819,171,0.127957490692684,0.399372629937751,21.8807309084489,0.21388,0.6,2000,598,1,597,0.299,0.551875250988275,0.0108261300861889
1819,171,0.127957490692684,0.399372629937751,21.8807309084489,0.21388,0.8,2000,634,16,618,0.317,0.685276332152104,0.009393830427246
1823,398,0.129050601896639,0.398733374081919,51.3621395548625,0.21388,-0.8,2000,1095,39,1056,0.5475,-0.650266036931818,0.00696035548856453
1823,398,0.129050601896639,0.398733374081919,51.3621395548625,0.21388,-0.6,2000,1100,7,1093,0.55,-0.509181248816102,0.00763860366531657
1823,398,0.129050601896639,0.398733374081919,51.3621395548625,0.21388,-0.4,2000,1104,2,1102,0.552,-0.325644437395644,0.00767068102862305
1823,398,0.129050601896639,0.398733374081919,51.3621395548625,0.21388,-0.2,2000,1061,0,1061,0.5305,-0.155031225869934,0.00761871270290578
1823,398,0.129050601896639,0.398733374081919,51.3621395548625,0.21388,0,2000,1125,0,1125,0.5625,0.028779203464,0.00709516619226784
1823,398,0.129050601896639,0.398733374081919,51.3621395548625,0.21388,0.2,2000,1032,0,1032,0.516,0.223353842741279,0.00723983678238923
1823,398,0.129050601896639,0.398733374081919,51.3621395548625,0.21388,0.4,2000,1046,0,1046,0.523,0.38631488606979,0.00695084106235259
1823,398,0.129050601896639,0.398733374081919,51.3621395548625,0.21388,0.6,2000,1059,2,1057,0.5295,0.556408933263955,0.00655525229850567
1823,398,0.129050601896639,0.398733374081919,51.3621395548625,0.21388,0.8,2000,1103,18,1085,0.5515,0.735412217142857,0.00564941983642883
1833,352,0.419209320757186,0.398152167034241,140.149562796053,0.21388,-0.8,2000,1993,97,1896,0.9965,-0.789450099683544,0.0039830309052733
1833,352,0.419209320757186,0.398152167034241,140.149562796053,0.21388,-0.6,2000,1993,16,1977,0.9965,-0.613557153414264,0.00459892945565142
1833,352,0.419209320757186,0.398152167034241,140.149562796053,0.21388,-0.4,2000,1990,3,1987,0.995,-0.422316073680423,0.00464466901520011
1833,352,0.419209320757186,0.398152167034241,140.149562796053,0.21388,-0.2,2000,1995,0,1995,0.9975,-0.213812525504762,0.00446041246349505
1833,352,0.419209320757186,0.398152167034241,140.149562796053,0.21388,0,2000,1995,0,1995,0.9975,-0.0124029726618546,0.00421093816242218
1833,352,0.419209320757186,0.398152167034241,140.149562796053,0.21388,0.2,2000,1994,0,1994,0.997,0.200848993311033,0.00403246282180259
1833,352,0.419209320757186,0.398152167034241,140.149562796053,0.21388,0.4,2000,1993,0,1993,0.9965,0.405255518499749,0.00372568827439413
1833,352,0.419209320757186,0.398152167034241,140.149562796053,0.21388,0.6,2000,1997,1,1996,0.9985,0.611678985470942,0.00369704199618837
1833,352,0.419209320757186,0.398152167034241,140.149562796053,0.21388,0.8,2000,1995,11,1984,0.9975,0.804661318044355,0.00310205262654043
1864,146,0.26863055270142,0.39967511375482,39.2200606944074,0.21388,-0.8,2000,1169,78,1091,0.5845,-0.661303855209899,0.0078495244549013
1864,146,0.26863055270142,0.39967511375482,39.2200606944074,0.21388,-0.6,2000,1177,36,1141,0.5885,-0.502933041770377,0.0087545872519456
1864,146,0.26863055270142,0.39967511375482,39.2200606944074,0.21388,-0.4,2000,1211,4,1207,0.6055,-0.334170661093621,0.00857240160917133
1864,146,0.26863055270142,0.39967511375482,39.2200606944074,0.21388,-0.2,2000,1219,2,1217,0.6095,-0.153205223489729,0.00886639688104362
1864,146,0.26863055270142,0.39967511375482,39.2200606944074,0.21388,0,2000,1227,0,1227,0.6135,0.0399534154205379,0.0084395121447026
1864,146,0.26863055270142,0.39967511375482,39.2200606944074,0.21388,0.2,2000,1236,0,1236,0.618,0.213235883879693,0.00825833070031358
1864,146,0.26863055270142,0.39967511375482,39.2200606944074,0.21388,0.4,2000,1234,2,1232,0.617,0.408708624217532,0.00789605235112833
1864,146,0.26863055270142,0.39967511375482,39.2200606944074,0.21388,0.6,2000,1196,5,1191,0.598,0.592939570461797,0.00720434912879081
1864,146,0.26863055270142,0.39967511375482,39.2200606944074,0.21388,0.8,2000,1192,43,1149,0.596,0.753313921409922,0.00621012122819427
1871,206,0.312218965634306,0.389555214721231,64.317106920667,0.21388,-0.8,2000,1710,129,1581,0.855,-0.71952120398482,0.00580606907003417
1871,206,0.312218965634306,0.389555214721231,64.317106920667,0.21388,-0.6,2000,1693,55,1638,0.8465,-0.587819568040904,0.0063262987858527
1871,206,0.312218965634306,0.389555214721231,64.317106920667,0.21388,-0.4,2000,1709,16,1693,0.8545,-0.397627629474306,0.00665146408659161
1871,206,0.312218965634306,0.389555214721231,64.317106920667,0.21388,-0.2,2000,1682,7,1675,0.841,-0.19983734599403,0.00665026144130814
1871,206,0.312218965634306,0.389555214721231,64.317106920667,0.21388,0,2000,1670,0,1670,0.835,0.0114355120728743,0.00640556354115605
1871,206,0.312218965634306,0.389555214721231,64.317106920667,0.21388,0.2,2000,1686,0,1686,0.843,0.200467258558066,0.00621816349763803
1871,206,0.312218965634306,0.389555214721231,64.317106920667,0.21388,0.4,2000,1699,0,1699,0.8495,0.398243236321189,0.00569857469078111
1871,206,0.312218965634306,0.389555214721231,64.317106920667,0.21388,0.6,2000,1682,8,1674,0.841,0.60774918332736,0.00542415447361987
1871,206,0.312218965634306,0.389555214721231,64.317106920667,0.21388,0.8,2000,1675,59,1616,0.8375,0.781298072524752,0.00454845361513207
1884,237,0.399783851040609,0.388969723186186,92.185824395126,0.21388,-0.8,2000,1928,157,1771,0.964,-0.773792252625635,0.00463722586262666
1884,237,0.399783851040609,0.388969723186186,92.185824395126,0.21388,-0.6,2000,1916,48,1868,0.958,-0.612412567987152,0.00543484224222732
1884,237,0.399783851040609,0.388969723186186,92.185824395126,0.21388,-0.4,2000,1926,10,1916,0.963,-0.417995894460856,0.00577001753300902
1884,237,0.399783851040609,0.388969723186186,92.185824395126,0.21388,-0.2,2000,1904,0,1904,0.952,-0.222890202708036,0.00557612592204759
1884,237,0.399783851040609,0.388969723186186,92.185824395126,0.21388,0,2000,1912,0,1912,0.956,-0.0081555644300523,0.00543252451309458
1884,237,0.399783851040609,0.388969723186186,92.185824395126,0.21388,0.2,2000,1931,0,1931,0.9655,0.193256472297462,0.00489546524084911
1884,237,0.399783851040609,0.388969723186186,92.185824395126,0.21388,0.4,2000,1912,0,1912,0.956,0.408947490578033,0.00476275048132053
1884,237,0.399783851040609,0.388969723186186,92.185824395126,0.21388,0.6,2000,1912,3,1909,0.956,0.60435823085385,0.00445245657681144
1884,237,0.399783851040609,0.388969723186186,92.185824395126,0.21388,0.8,2000,1909,56,1853,0.9545,0.801869769562871,0.00373686687930044
1912,342,0.141527668414006,0.396634653227246,48.4024625975902,0.21388,-0.8,2000,1120,42,1078,0.56,-0.651220993664193,0.00720041202433669
1912,342,0.141527668414006,0.396634653227246,48.4024625975902,0.21388,-0.6,2000,1074,29,1045,0.537,-0.492068504639234,0.00830672881388309
1912,342,0.141527668414006,0.396634653227246,48.4024625975902,0.21388,-0.4,2000,1084,4,1080,0.542,-0.329900063631481,0.0081910833867665
1912,342,0.141527668414006,0.396634653227246,48.4024625975902,0.21388,-0.2,2000,1086,1,1085,0.543,-0.15461531438894,0.00782380145743338
1912,342,0.141527668414006,0.396634653227246,48.4024625975902,0.21388,0,2000,1080,0,1080,0.54,0.0323597046666667,0.00763281931585047
1912,342,0.141527668414006,0.396634653227246,48.4024625975902,0.21388,0.2,2000,1104,0,1104,0.552,0.211699654441123,0.00722317794102716
1912,342,0.141527668414006,0.396634653227246,48.4024625975902,0.21388,0.4,2000,1074,0,1074,0.537,0.396259045484171,0.0068725082970336
1912,342,0.141527668414006,0.396634653227246,48.4024625975902,0.21388,0.6,2000,1070,1,1069,0.535,0.582227213751169,0.00648448332142534
1912,342,0.141527668414006,0.396634653227246,48.4024625975902,0.21388,0.8,2000,1069,21,1048,0.5345,0.739587919465649,0.00593006354008774
1972,103,0.428494748034769,0.392254785692806,40.402242926359,0.21388,-0.8,2000,1317,102,1215,0.6585,-0.672660127169547,0.00750187365918884
1972,103,0.428494748034769,0.392254785692806,40.402242926359,0.21388,-0.6,2000,1276,48,1228,0.638,-0.52078988735342,0.00830748779098393
1972,103,0.428494748034769,0.392254785692806,40.402242926359,0.21388,-0.4,2000,1359,14,1345,0.6795,-0.341823092966543,0.008390616260293
1972,103,0.428494748034769,0.392254785692806,40.402242926359,0.21388,-0.2,2000,1322,4,1318,0.661,-0.158254904103187,0.0084599273394905
1972,103,0.428494748034769,0.392254785692806,40.402242926359,0.21388,0,2000,1340,0,1340,0.67,0.0434901865,0.00846435244106478
1972,103,0.428494748034769,0.392254785692806,40.402242926359,0.21388,0.2,2000,1372,0,1372,0.686,0.229307964327988,0.00787333859374749
1972,103,0.428494748034769,0.392254785692806,40.402242926359,0.21388,0.4,2000,1324,4,1320,0.662,0.425717212973712,0.00766577001283114
1972,103,0.428494748034769,0.392254785692806,40.402242926359,0.21388,0.6,2000,1341,18,1323,0.6705,0.594119947123205,0.00701478570365605
1972,103,0.428494748034769,0.392254785692806,40.402242926359,0.21388,0.8,2000,1350,50,1300,0.675,0.771273167523077,0.00570235888977096
2035,334,0.140500486905336,0.305900906494623,46.9271626263824,0.21388,-0.8,2000,1056,63,993,0.528,-0.617920106878147,0.00836453742828549
2035,334,0.140500486905336,0.305900906494623,46.9271626263824,0.21388,-0.6,2000,1027,13,1014,0.5135,-0.489001561552268,0.00857542475563499
2035,334,0.140500486905336,0.305900906494623,46.9271626263824,0.21388,-0.4,2000,1043,6,1037,0.5215,-0.321270213497493,0.00890958389024696
2035,334,0.140500486905336,0.305900906494623,46.9271626263824,0.21388,-0.2,2000,1039,0,1039,0.5195,-0.149778098238691,0.00876261965406462
2035,334,0.140500486905336,0.305900906494623,46.9271626263824,0.21388,0,2000,1040,0,1040,0.52,0.0414345130442308,0.00894918615265069
2035,334,0.140500486905336,0.305900906494623,46.9271626263824,0.21388,0.2,2000,1051,0,1051,0.5255,0.209206970231399,0.00805011118054527
2035,334,0.140500486905336,0.305900906494623,46.9271626263824,0.21388,0.4,2000,1060,1,1059,0.53,0.394965211152975,0.00793290397459633
2035,334,0.140500486905336,0.305900906494623,46.9271626263824,0.21388,0.6,2000,1044,4,1040,0.522,0.580831961524423,0.0072304711642658
2035,334,0.140500486905336,0.305900906494623,46.9271626263824,0.21388,0.8,2000,1097,38,1059,0.5485,0.73731016713881,0.00623122195735708
2075,275,0.135166246984327,0.58944538281629,37.17071792069,0.21388,-0.8,2000,919,21,898,0.4595,-0.648222381625835,0.00773397013121677
2075,275,0.135166246984327,0.58944538281629,37.17071792069,0.21388,-0.6,2000,868,3,865,0.434,-0.47160932614104,0.00853390351480046
2075,275,0.135166246984327,0.58944538281629,37.17071792069,0.21388,-0.4,2000,941,2,939,0.4705,-0.298453278665602,0.00780268147803028
2075,275,0.135166246984327,0.58944538281629,37.17071792069,0.21388,-0.2,2000,913,0,913,0.4565,-0.140152455629792,0.00851636587009335
2075,275,0.135166246984327,0.58944538281629,37.17071792069,0.21388,0,2000,901,0,901,0.4505,0.0287449843718091,0.00784638270411376
2075,275,0.135166246984327,0.58944538281629,37.17071792069,0.21388,0.2,2000,866,0,866,0.433,0.204619403048499,0.00788691383766326
2075,275,0.135166246984327,0.58944538281629,37.17071792069,0.21388,0.4,2000,911,0,911,0.4555,0.384313486810099,0.00723759543429855
2075,275,0.135166246984327,0.58944538281629,37.17071792069,0.21388,0.6,2000,900,3,897,0.45,0.547352234726867,0.00703978320890727
2075,275,0.135166246984327,0.58944538281629,37.17071792069,0.21388,0.8,2000,885,8,877,0.4425,0.717620600798176,0.00631245562717868
2097,376,0.145108502664273,0.401322624377267,54.5607970017665,0.21388,-0.8,2000,1180,54,1126,0.59,-0.681572162104796,0.00670670805407528
2097,376,0.145108502664273,0.401322624377267,54.5607970017665,0.21388,-0.6,2000,1185,19,1166,0.5925,-0.522713824519726,0.00745069568085453
2097,376,0.145108502664273,0.401322624377267,54.5607970017665,0.21388,-0.4,2000,1213,2,1211,0.6065,-0.333011583891825,0.00725911429039837
2097,376,0.145108502664273,0.401322624377267,54.5607970017665,0.21388,-0.2,2000,1209,0,1209,0.6045,-0.141894188315136,0.00726616191192634
2097,376,0.145108502664273,0.401322624377267,54.5607970017665,0.21388,0,2000,1204,0,1204,0.602,0.018928087583887,0.00693982197193631
2097,376,0.145108502664273,0.401322624377267,54.5607970017665,0.21388,0.2,2000,1175,0,1175,0.5875,0.211173924187234,0.00669040913369564
2097,376,0.145108502664273,0.401322624377267,54.5607970017665,0.21388,0.4,2000,1200,1,1199,0.6,0.396806100275229,0.00640564825637877
2097,376,0.145108502664273,0.401322624377267,54.5607970017665,0.21388,0.6,2000,1218,2,1216,0.609,0.56748061381579,0.00605612161311121
2097,376,0.145108502664273,0.401322624377267,54.5607970017665,0.21388,0.8,2000,1185,19,1166,0.5925,0.740130354802744,0.00556828115547634
2116,420,0.306691425890301,0.388468160700875,128.810398873926,0.21388,-0.8,2000,1973,114,1859,0.9865,-0.782036109198494,0.00419761908545387
2116,420,0.306691425890301,0.388468160700875,128.810398873926,0.21388,-0.6,2000,1983,28,1955,0.9915,-0.626136831560102,0.00469966089291406
2116,420,0.306691425890301,0.388468160700875,128.810398873926,0.21388,-0.4,2000,1978,5,1973,0.989,-0.416216546044095,0.00479910514260902
2116,420,0.306691425890301,0.388468160700875,128.810398873926,0.21388,-0.2,2000,1969,0,1969,0.9845,-0.213364267506348,0.00474030221308646
2116,420,0.306691425890301,0.388468160700875,128.810398873926,0.21388,0,2000,1974,0,1974,0.987,-0.0100857759777102,0.00434243078685122
2116,420,0.306691425890301,0.388468160700875,128.810398873926,0.21388,0.2,2000,1978,0,1978,0.989,0.195440864762892,0.00414222985036046
2116,420,0.306691425890301,0.388468160700875,128.810398873926,0.21388,0.4,2000,1968,0,1968,0.984,0.408851494837398,0.0040943469524395
2116,420,0.306691425890301,0.388468160700875,128.810398873926,0.21388,0.6,2000,1975,1,1974,0.9875,0.605431030243161,0.0038587621570088
2116,420,0.306691425890301,0.388468160700875,128.810398873926,0.21388,0.8,2000,1979,30,1949,0.9895,0.804959204207286,0.00329819084699391
2137,445,0.315486938718128,0.396549538087521,140.391687729567,0.21388,-0.8,2000,1978,99,1879,0.989,-0.785660447046301,0.00401295613969372
2137,445,0.315486938718128,0.396549538087521,140.391687729567,0.21388,-0.6,2000,1983,12,1971,0.9915,-0.626313599340436,0.00459472771895761
2137,445,0.315486938718128,0.396549538087521,140.391687729567,0.21388,-0.4,2000,1991,2,1989,0.9955,-0.416829321534942,0.00479726083782963
2137,445,0.315486938718128,0.396549538087521,140.391687729567,0.21388,-0.2,2000,1988,0,1988,0.994,-0.219081157987777,0.00454642665842102
2137,445,0.315486938718128,0.396549538087521,140.391687729567,0.21388,0,2000,1990,0,1990,0.995,-0.016322940778392,0.00427851940982651
2137,445,0.315486938718128,0.396549538087521,140.391687729567,0.21388,0.2,2000,1983,0,1983,0.9915,0.196705519892637,0.00405007634616107
2137,445,0.315486938718128,0.396549538087521,140.391687729567,0.21388,0.4,2000,1990,0,1990,0.995,0.403272460773869,0.00373484619064817
2137,445,0.315486938718128,0.396549538087521,140.391687729567,0.21388,0.6,2000,1981,0,1981,0.9905,0.610214254013125,0.00365391964810787
2137,445,0.315486938718128,0.396549538087521,140.391687729567,0.21388,0.8,2000,1987,15,1972,0.9935,0.812416420385396,0.00301887023403176
2142,388,0.272814783218757,0.398628125414791,105.852135888878,0.21388,-0.8,2000,1915,131,1784,0.9575,-0.774846705717489,0.00451792546166711
2142,388,0.272814783218757,0.398628125414791,105.852135888878,0.21388,-0.6,2000,1928,30,1898,0.964,-0.613858234562698,0.00498975064188834
2142,388,0.272814783218757,0.398628125414791,105.852135888878,0.21388,-0.4,2000,1918,4,1914,0.959,-0.405040720198537,0.00525635468060147
2142,388,0.272814783218757,0.398628125414791,105.852135888878,0.21388,-0.2,2000,1910,0,1910,0.955,-0.216062228963246,0.00513324941464126
2142,388,0.272814783218757,0.398628125414791,105.852135888878,0.21388,0,2000,1935,0,1935,0.9675,-0.010785502852093,0.00481078953340479
2142,388,0.272814783218757,0.398628125414791,105.852135888878,0.21388,0.2,2000,1905,0,1905,0.9525,0.205971307166404,0.00454433517375212
2142,388,0.272814783218757,0.398628125414791,105.852135888878,0.21388,0.4,2000,1917,0,1917,0.9585,0.405169058330725,0.00428020655489003
2142,388,0.272814783218757,0.398628125414791,105.852135888878,0.21388,0.6,2000,1913,5,1908,0.9565,0.601539698034591,0.00413771940497961
2142,388,0.272814783218757,0.398628125414791,105.852135888878,0.21388,0.8,2000,1905,21,1884,0.9525,0.806781530254777,0.00349549321859012
2198,489,0.147804114966955,0.39881359696806,72.2762122188409,0.21388,-0.8,2000,1399,63,1336,0.6995,-0.704422218113772,0.00569264934210188
2198,489,0.147804114966955,0.39881359696806,72.2762122188409,0.21388,-0.6,2000,1443,22,1421,0.7215,-0.546772872299789,0.0062732131153772
2198,489,0.147804114966955,0.39881359696806,72.2762122188409,0.21388,-0.4,2000,1393,0,1393,0.6965,-0.361909617954056,0.00635825371425372
2198,489,0.147804114966955,0.39881359696806,72.2762122188409,0.21388,-0.2,2000,1440,0,1440,0.72,-0.163725145233333,0.00602195428282637
2198,489,0.147804114966955,0.39881359696806,72.2762122188409,0.21388,0,2000,1398,0,1398,0.699,0.020905007880329,0.00612031792410973
2198,489,0.147804114966955,0.39881359696806,72.2762122188409,0.21388,0.2,2000,1403,0,1403,0.7015,0.208018958987883,0.00552831317180903
2198,489,0.147804114966955,0.39881359696806,72.2762122188409,0.21388,0.4,2000,1461,0,1461,0.7305,0.405452084312115,0.00550154977168966
2198,489,0.147804114966955,0.39881359696806,72.2762122188409,0.21388,0.6,2000,1421,0,1421,0.7105,0.58076013947924,0.00528380565884346
2198,489,0.147804114966955,0.39881359696806,72.2762122188409,0.21388,0.8,2000,1442,24,1418,0.721,0.754488825317348,0.00465132028290754
2222,478,0.187654578115504,0.387843085149096,89.6988883392108,0.21388,-0.8,2000,1697,110,1587,0.8485,-0.750490216194077,0.00500048940133659
2222,478,0.187654578115504,0.387843085149096,89.6988883392108,0.21388,-0.6,2000,1735,31,1704,0.8675,-0.577634509102113,0.00551012354599069
2222,478,0.187654578115504,0.387843085149096,89.6988883392108,0.21388,-0.4,2000,1690,4,1686,0.845,-0.399956572111507,0.00564651819933148
2222,478,0.187654578115504,0.387843085149096,89.6988883392108,0.21388,-0.2,2000,1721,0,1721,0.8605,-0.200347203054619,0.00536077686132086
2222,478,0.187654578115504,0.387843085149096,89.6988883392108,0.21388,0,2000,1711,0,1711,0.8555,-0.00337292684102864,0.00523892371288502
2222,478,0.187654578115504,0.387843085149096,89.6988883392108,0.21388,0.2,2000,1685,0,1685,0.8425,0.19335620614184,0.0051627155921577
2222,478,0.187654578115504,0.387843085149096,89.6988883392108,0.21388,0.4,2000,1713,0,1713,0.8565,0.399982842042615,0.00473773066506507
2222,478,0.187654578115504,0.387843085149096,89.6988883392108,0.21388,0.6,2000,1706,3,1703,0.853,0.599938646975925,0.00456839044338357
2222,478,0.187654578115504,0.387843085149096,89.6988883392108,0.21388,0.8,2000,1715,20,1695,0.8575,0.788160982300885,0.00390024546306164
2291,213,0.146715976955695,0.400675009439251,31.250503091563,0.21388,-0.8,2000,791,25,766,0.3955,-0.606437336144909,0.00937301530668756
2291,213,0.146715976955695,0.400675009439251,31.250503091563,0.21388,-0.6,2000,815,10,805,0.4075,-0.448271096956522,0.010708785565388
2291,213,0.146715976955695,0.400675009439251,31.250503091563,0.21388,-0.4,2000,823,1,822,0.4115,-0.287059723958637,0.0100975983741878
2291,213,0.146715976955695,0.400675009439251,31.250503091563,0.21388,-0.2,2000,833,1,832,0.4165,-0.11617405791226,0.00983577601762053
2291,213,0.146715976955695,0.400675009439251,31.250503091563,0.21388,0,2000,828,0,828,0.414,0.0469438679746377,0.0100441083182309
2291,213,0.146715976955695,0.400675009439251,31.250503091563,0.21388,0.2,2000,846,0,846,0.423,0.220474873126241,0.00956100884936555
2291,213,0.146715976955695,0.400675009439251,31.250503091563,0.21388,0.4,2000,807,1,806,0.4035,0.373432634205955,0.00927092783623116
2291,213,0.146715976955695,0.400675009439251,31.250503091563,0.21388,0.6,2000,828,4,824,0.414,0.568591421723301,0.0085133853975629
2291,213,0.146715976955695,0.400675009439251,31.250503091563,0.21388,0.8,2000,855,12,843,0.4275,0.702930001067616,0.00765329575950469
2304,332,0.128993399401755,0.392969877374755,42.8258086013828,0.21388,-0.8,2000,945,46,899,0.4725,-0.641028915850945,0.00818609749724512
2304,332,0.128993399401755,0.392969877374755,42.8258086013828,0.21388,-0.6,2000,957,11,946,0.4785,-0.477251244069767,0.00859372451556936
2304,332,0.128993399401755,0.392969877374755,42.8258086013828,0.21388,-0.4,2000,942,1,941,0.471,-0.314984340268863,0.0089648077442526
2304,332,0.128993399401755,0.392969877374755,42.8258086013828,0.21388,-0.2,2000,947,1,946,0.4735,-0.14222602844186,0.00845966303375373
2304,332,0.128993399401755,0.392969877374755,42.8258086013828,0.21388,0,2000,988,0,988,0.494,0.0318357773021255,0.0084742183542055
2304,332,0.128993399401755,0.392969877374755,42.8258086013828,0.21388,0.2,2000,936,0,936,0.468,0.22397948659188,0.00797294095223255
2304,332,0.128993399401755,0.392969877374755,42.8258086013828,0.21388,0.4,2000,962,0,962,0.481,0.391570071167672,0.00792441315884921
2304,332,0.128993399401755,0.392969877374755,42.8258086013828,0.21388,0.6,2000,939,2,937,0.4695,0.54741566321238,0.00739881980142151
2304,332,0.128993399401755,0.392969877374755,42.8258086013828,0.21388,0.8,2000,943,9,934,0.4715,0.719040028383298,0.00662695162578241
2361,376,0.128481056900835,0.394541504156126,48.308877394714,0.21388,-0.8,2000,1048,37,1011,0.524,-0.656510359149357,0.00725799565507834
2361,376,0.128481056900835,0.394541504156126,48.308877394714,0.21388,-0.6,2000,1048,11,1037,0.524,-0.478935651918033,0.00817481168470442
2361,376,0.128481056900835,0.394541504156126,48.308877394714,0.21388,-0.4,2000,1028,2,1026,0.514,-0.324324877094542,0.00812219783186102
2361,376,0.128481056900835,0.394541504156126,48.308877394714,0.21388,-0.2,2000,1032,0,1032,0.516,-0.134177125289729,0.00780538647909553
2361,376,0.128481056900835,0.394541504156126,48.308877394714,0.21388,0,2000,993,0,993,0.4965,0.0320220457935549,0.00797353657319833
2361,376,0.128481056900835,0.394541504156126,48.308877394714,0.21388,0.2,2000,1017,0,1017,0.5085,0.204056240982596,0.0074830749633862
2361,376,0.128481056900835,0.394541504156126,48.308877394714,0.21388,0.4,2000,1046,0,1046,0.523,0.390750172868069,0.00716190562415584
2361,376,0.128481056900835,0.394541504156126,48.308877394714,0.21388,0.6,2000,1070,1,1069,0.535,0.562353269663237,0.00666494149006677
2361,376,0.128481056900835,0.394541504156126,48.308877394714,0.21388,0.8,2000,1040,16,1024,0.52,0.711321773730469,0.0059601148751136
2378,434,0.130800752429739,0.401401040640007,56.7675265545067,0.21388,-0.8,2000,1157,34,1123,0.5785,-0.665952372573464,0.00693764865894056
2378,434,0.130800752429739,0.401401040640007,56.7675265545067,0.21388,-0.6,2000,1162,6,1156,0.581,-0.507597426773356,0.00712329440052812
2378,434,0.130800752429739,0.401401040640007,56.7675265545067,0.21388,-0.4,2000,1144,2,1142,0.572,-0.332270576578809,0.00734749257784752
2378,434,0.130800752429739,0.401401040640007,56.7675265545067,0.21388,-0.2,2000,1185,1,1184,0.5925,-0.163856876443412,0.00693429958350039
2378,434,0.130800752429739,0.401401040640007,56.7675265545067,0.21388,0,2000,1192,0,1192,0.596,0.0278748790208893,0.00675374229392363
2378,434,0.130800752429739,0.401401040640007,56.7675265545067,0.21388,0.2,2000,1141,0,1141,0.5705,0.214521686750219,0.00660373807317812
2378,434,0.130800752429739,0.401401040640007,56.7675265545067,0.21388,0.4,2000,1197,0,1197,0.5985,0.397794400415205,0.00628990643942855
2378,434,0.130800752429739,0.401401040640007,56.7675265545067,0.21388,0.6,2000,1133,2,1131,0.5665,0.564924078691423,0.00629014184527525
2378,434,0.130800752429739,0.401401040640007,56.7675265545067,0.21388,0.8,2000,1152,16,1136,0.576,0.736300819806338,0.00561364825175293
2381,309,0.12927638497281,0.428630419353589,39.9464029565984,0.21388,-0.8,2000,910,31,879,0.455,-0.628418483845279,0.00821040036829454
2381,309,0.12927638497281,0.428630419353589,39.9464029565984,0.21388,-0.6,2000,928,10,918,0.464,-0.473162913394336,0.00863666348921382
2381,309,0.12927638497281,0.428630419353589,39.9464029565984,0.21388,-0.4,2000,967,1,966,0.4835,-0.303278168271222,0.00873082015891454
2381,309,0.12927638497281,0.428630419353589,39.9464029565984,0.21388,-0.2,2000,935,0,935,0.4675,-0.136636290819251,0.00858312451006412
2381,309,0.12927638497281,0.428630419353589,39.9464029565984,0.21388,0,2000,935,0,935,0.4675,0.0466645382363636,0.00830179671977861
2381,309,0.12927638497281,0.428630419353589,39.9464029565984,0.21388,0.2,2000,896,0,896,0.448,0.217528166313616,0.00808556783937544
2381,309,0.12927638497281,0.428630419353589,39.9464029565984,0.21388,0.4,2000,941,0,941,0.4705,0.39013542570457,0.00780382748968156
2381,309,0.12927638497281,0.428630419353589,39.9464029565984,0.21388,0.6,2000,924,2,922,0.462,0.557808690281996,0.00752908092468854
2381,309,0.12927638497281,0.428630419353589,39.9464029565984,0.21388,0.8,2000,925,8,917,0.4625,0.719031368920393,0.00660501002316811
2392,259,0.12929666774746,0.40032069003758,33.487836946592,0.21388,-0.8,2000,802,27,775,0.401,-0.596778744428903,0.00932698908330665
2392,259,0.12929666774746,0.40032069003758,33.487836946592,0.21388,-0.6,2000,838,5,833,0.419,-0.43330656267467,0.0101186700889061
2392,259,0.12929666774746,0.40032069003758,33.487836946592,0.21388,-0.4,2000,829,3,826,0.4145,-0.284032797600121,0.00997288783294336
2392,259,0.12929666774746,0.40032069003758,33.487836946592,0.21388,-0.2,2000,798,0,798,0.399,-0.12010923497995,0.0100365876740958
2392,259,0.12929666774746,0.40032069003758,33.487836946592,0.21388,0,2000,773,0,773,0.3865,0.0357199651009056,0.0097089681763425
2392,259,0.12929666774746,0.40032069003758,33.487836946592,0.21388,0.2,2000,854,0,854,0.427,0.203321510327869,0.00888543995857243
2392,259,0.12929666774746,0.40032069003758,33.487836946592,0.21388,0.4,2000,788,1,787,0.394,0.380730216003558,0.00893492749270613
2392,259,0.12929666774746,0.40032069003758,33.487836946592,0.21388,0.6,2000,811,1,810,0.4055,0.559736659530864,0.00879808067591627
2392,259,0.12929666774746,0.40032069003758,33.487836946592,0.21388,0.8,2000,840,18,822,0.42,0.706175223357664,0.00741698759126147
2412,347,0.128298576495126,0.386552378277233,44.5196060438088,0.21388,-0.8,2000,1011,35,976,0.5055,-0.642103533555328,0.00789591925725202
2412,347,0.128298576495126,0.386552378277233,44.5196060438088,0.21388,-0.6,2000,960,9,951,0.48,-0.466292138485804,0.0083592787886434
2412,347,0.128298576495126,0.386552378277233,44.5196060438088,0.21388,-0.4,2000,981,2,979,0.4905,-0.321122642753115,0.00899158684208599
2412,347,0.128298576495126,0.386552378277233,44.5196060438088,0.21388,-0.2,2000,1005,1,1004,0.5025,-0.144383848276892,0.00829975078412616
2412,347,0.128298576495126,0.386552378277233,44.5196060438088,0.21388,0,2000,978,0,978,0.489,0.0343587411840491,0.00834051293277035
2412,347,0.128298576495126,0.386552378277233,44.5196060438088,0.21388,0.2,2000,936,0,936,0.468,0.217659023292735,0.00794004806045774
2412,347,0.128298576495126,0.386552378277233,44.5196060438088,0.21388,0.4,2000,1023,0,1023,0.5115,0.379412347311828,0.00725073980570115
2412,347,0.128298576495126,0.386552378277233,44.5196060438088,0.21388,0.6,2000,996,5,991,0.498,0.555757602795156,0.00696478073229807
2412,347,0.128298576495126,0.386552378277233,44.5196060438088,0.21388,0.8,2000,1034,14,1020,0.517,0.727364841960784,0.00612593470325399
2489,596,0.129722828142742,0.398771971209672,77.3148055730743,0.21388,-0.8,2000,1350,48,1302,0.675,-0.706399437327189,0.00573259176605363
2489,596,0.129722828142742,0.398771971209672,77.3148055730743,0.21388,-0.6,2000,1364,11,1353,0.682,-0.546022334028086,0.00613094033382334
2489,596,0.129722828142742,0.398771971209672,77.3148055730743,0.21388,-0.4,2000,1351,0,1351,0.6755,-0.370476445995559,0.00632660510149404
2489,596,0.129722828142742,0.398771971209672,77.3148055730743,0.21388,-0.2,2000,1371,0,1371,0.6855,-0.176360294316849,0.00603596546326985
2489,596,0.129722828142742,0.398771971209672,77.3148055730743,0.21388,0,2000,1381,0,1381,0.6905,0.0208200898406951,0.00564640975260194
2489,596,0.129722828142742,0.398771971209672,77.3148055730743,0.21388,0.2,2000,1351,0,1351,0.6755,0.207653411110289,0.00565484913090442
2489,596,0.129722828142742,0.398771971209672,77.3148055730743,0.21388,0.4,2000,1407,0,1407,0.7035,0.381651010660981,0.00528418340917697
2489,596,0.129722828142742,0.398771971209672,77.3148055730743,0.21388,0.6,2000,1368,0,1368,0.684,0.588437816666667,0.00511536301203925
2489,596,0.129722828142742,0.398771971209672,77.3148055730743,0.21388,0.8,2000,1402,15,1387,0.701,0.75709199444845,0.00443151287730962
