"locus","chr","start","stop","processed","K","n_snps","h2_AN","h2_ASD","p_AN","p_ASD","gate_pass","rho_hat","rho_raw","paramlim_drop","rho_lower","rho_upper","bivar_p","n_pheno_returned","dropped_pheno"
1,1,10539,1376204,FALSE,NA,NA,NA,NA,NA,NA,FALSE,NA,NA,NA,NA,NA,NA,NA,NA
2,1,1376205,2215495,TRUE,75,895,0.00169916,1.75994e-05,4.77196e-10,0.451932,FALSE,NA,NA,NA,NA,NA,NA,2,NA
3,1,2215496,2983519,TRUE,147,1256,0.0016333,0.000210163,1.41191e-06,0.275985,FALSE,NA,NA,NA,NA,NA,NA,2,NA
4,1,2983520,3582047,TRUE,167,1008,0.000782887,NA,0.00749671,NA,FALSE,NA,NA,NA,NA,NA,NA,1,"ASD"
5,1,3582048,4281476,TRUE,145,1490,0.00124549,NA,2.00439e-05,NA,FALSE,NA,NA,NA,NA,NA,NA,1,"ASD"
6,1,4281477,4773403,TRUE,242,1820,0.00128221,0.000164556,9.56896e-05,0.354428,FALSE,NA,NA,NA,NA,NA,NA,2,NA
7,1,4773404,5362404,TRUE,261,1779,0.00114202,NA,0.000598493,NA,FALSE,NA,NA,NA,NA,NA,NA,1,"ASD"
8,1,5362405,6136814,TRUE,212,1641,0.00156409,0.000432256,5.46627e-06,0.164424,FALSE,NA,NA,NA,NA,NA,NA,2,NA
9,1,6136815,7711794,TRUE,384,3104,0.00187584,0.000525226,1.80593e-05,0.188105,FALSE,NA,NA,NA,NA,NA,NA,2,NA
10,1,7711795,8580987,TRUE,221,1828,0.000490309,0.000618133,0.0557651,0.0901064,FALSE,NA,NA,NA,NA,NA,NA,2,NA
11,1,8580988,9475966,TRUE,304,1711,0.0014412,0.000315657,0.000127814,0.270535,FALSE,NA,NA,NA,NA,NA,NA,2,NA
12,1,9475967,10753427,TRUE,190,1987,0.00104561,NA,0.000465187,NA,FALSE,NA,NA,NA,NA,NA,NA,1,"ASD"
13,1,10753428,11709173,TRUE,196,1673,0.00112592,0.000181678,0.000381743,0.325275,FALSE,NA,NA,NA,NA,NA,NA,2,NA
14,1,11709174,13481025,TRUE,225,2222,0.0011301,NA,0.000726146,NA,FALSE,NA,NA,NA,NA,NA,NA,1,"ASD"
15,1,13481026,14720131,TRUE,327,2675,0.00126488,0.000572135,0.000988956,0.149956,FALSE,NA,NA,NA,NA,NA,NA,2,NA
16,1,14720132,15755230,TRUE,360,2536,0.00154469,NA,0.000159838,NA,FALSE,NA,NA,NA,NA,NA,NA,1,"ASD"
17,1,15755231,16732168,TRUE,155,2246,0.000553347,NA,0.0183037,NA,FALSE,NA,NA,NA,NA,NA,NA,1,"ASD"
18,1,16732169,17557746,TRUE,98,850,0.000339402,6.81805e-05,0.0570901,0.393245,FALSE,NA,NA,NA,NA,NA,NA,2,NA
19,1,17557747,18427820,TRUE,257,2028,0.00149492,0.000441152,1.86554e-05,0.181778,FALSE,NA,NA,NA,NA,NA,NA,2,NA
20,1,18427821,19238924,TRUE,346,2074,0.00126149,NA,0.00110651,NA,FALSE,NA,NA,NA,NA,NA,NA,1,"ASD"
21,1,19238925,20556202,TRUE,338,3217,0.00194748,NA,1.35243e-06,NA,FALSE,NA,NA,NA,NA,NA,NA,1,"ASD"
22,1,20556203,21416121,TRUE,201,1913,0.00097552,NA,0.000839818,NA,FALSE,NA,NA,NA,NA,NA,NA,1,"ASD"
23,1,21416122,22145629,TRUE,232,1813,0.000942594,NA,0.00217111,NA,FALSE,NA,NA,NA,NA,NA,NA,1,"ASD"
24,1,22145630,22740287,TRUE,228,1855,0.000700024,NA,0.0145834,NA,FALSE,NA,NA,NA,NA,NA,NA,1,"ASD"
25,1,22740288,23907045,TRUE,248,1897,0.000318397,NA,0.159113,NA,FALSE,NA,NA,NA,NA,NA,NA,1,"ASD"
26,1,23907046,25885138,TRUE,379,3135,0.000967094,NA,0.010201,NA,FALSE,NA,NA,NA,NA,NA,NA,1,"ASD"
27,1,25885139,27992665,TRUE,253,2742,0.000403166,NA,0.109785,NA,FALSE,NA,NA,NA,NA,NA,NA,1,"ASD"
28,1,27992666,29188426,TRUE,128,1782,0.0014218,NA,3.03608e-07,NA,FALSE,NA,NA,NA,NA,NA,NA,1,"ASD"
29,1,29188427,30405182,TRUE,271,2139,0.00163908,NA,5.35116e-06,NA,FALSE,NA,NA,NA,NA,NA,NA,1,"ASD"
30,1,30405183,31639217,TRUE,295,2846,0.00019064,NA,0.285072,NA,FALSE,NA,NA,NA,NA,NA,NA,1,"ASD"
31,1,31639218,33066846,TRUE,165,1827,0.00027531,1.7896e-05,0.152244,0.467212,FALSE,NA,NA,NA,NA,NA,NA,2,NA
32,1,33066847,34371022,TRUE,215,2040,0.000254997,1.83264e-06,0.199004,0.485541,FALSE,NA,NA,NA,NA,NA,NA,2,NA
33,1,34371023,35201626,TRUE,268,1980,0.00140439,NA,7.00116e-05,NA,FALSE,NA,NA,NA,NA,NA,NA,1,"ASD"
34,1,35201627,36855139,TRUE,126,1189,0.000556159,NA,0.0252049,NA,FALSE,NA,NA,NA,NA,NA,NA,1,"ASD"
35,1,36855140,38474036,TRUE,348,3150,0.00155808,NA,9.23207e-05,NA,FALSE,NA,NA,NA,NA,NA,NA,1,"ASD"
36,1,38474037,40200950,TRUE,341,3084,0.000994662,NA,0.00703054,NA,FALSE,NA,NA,NA,NA,NA,NA,1,"ASD"
37,1,40200951,41093875,TRUE,172,1781,0.00100384,NA,0.000449154,NA,FALSE,NA,NA,NA,NA,NA,NA,1,"ASD"
38,1,41093876,41977966,TRUE,253,2134,0.00181583,NA,3.26842e-07,NA,FALSE,NA,NA,NA,NA,NA,NA,1,"ASD"
39,1,41977967,43512669,TRUE,231,2900,0.000651541,0.00110651,0.0201505,0.0118459,TRUE,-0.0380262,-0.0380262,FALSE,-1,0.85894,0.918659,2,NA
40,1,43512670,45167235,TRUE,298,2859,0.00173803,0.000872534,5.29133e-06,0.0531158,FALSE,NA,NA,NA,NA,NA,NA,2,NA
41,1,45167236,47257261,TRUE,199,3177,0.000709356,9.54528e-05,0.00905283,0.399932,FALSE,NA,NA,NA,NA,NA,NA,2,NA
42,1,47257262,48105233,TRUE,159,1593,0.000522426,6.11284e-05,0.0253999,0.42258,FALSE,NA,NA,NA,NA,NA,NA,2,NA
43,1,48105234,49185414,TRUE,228,1993,0.00113857,NA,0.000338964,NA,FALSE,NA,NA,NA,NA,NA,NA,1,"ASD"
44,1,49185415,51777577,TRUE,131,2577,0.000333849,NA,0.082988,NA,FALSE,NA,NA,NA,NA,NA,NA,1,"ASD"
45,1,51777578,53114186,TRUE,96,1696,0.000393669,0.000440804,0.0381879,0.0764868,FALSE,NA,NA,NA,NA,NA,NA,2,NA
46,1,53114187,54771293,TRUE,344,3267,0.0024724,0.000198128,5.31082e-09,0.354773,FALSE,NA,NA,NA,NA,NA,NA,2,NA
47,1,54771294,55727134,TRUE,313,2394,0.000642298,NA,0.0423925,NA,FALSE,NA,NA,NA,NA,NA,NA,1,"ASD"
48,1,55727135,56799636,TRUE,228,2760,0.00126338,0.000557923,7.41124e-05,0.115154,FALSE,NA,NA,NA,NA,NA,NA,2,NA
49,1,56799637,57529670,TRUE,181,1739,0.0013851,0.000152382,6.30294e-06,0.344034,FALSE,NA,NA,NA,NA,NA,NA,2,NA
50,1,57529671,58387483,TRUE,224,1988,0.000667748,0.000464808,0.0170477,0.154192,FALSE,NA,NA,NA,NA,NA,NA,2,NA
51,1,58387484,59889045,TRUE,320,3324,0.000399025,NA,0.134579,NA,FALSE,NA,NA,NA,NA,NA,NA,1,"ASD"
52,1,59889046,61377615,TRUE,311,2681,0.001615,0.000785777,1.84453e-05,0.0757209,FALSE,NA,NA,NA,NA,NA,NA,2,NA
53,1,61377616,62778733,TRUE,402,3022,0.000446439,NA,0.139719,NA,FALSE,NA,NA,NA,NA,NA,NA,1,"ASD"
54,1,62778734,64344226,TRUE,323,3038,0.000892155,NA,0.010001,NA,FALSE,NA,NA,NA,NA,NA,NA,1,"ASD"
55,1,64344227,65894184,TRUE,302,3040,0.00127835,0.000875319,0.000367094,0.0536633,FALSE,NA,NA,NA,NA,NA,NA,2,NA
56,1,65894185,66778015,TRUE,130,1921,0.000276184,0.000558421,0.114464,0.0604489,FALSE,NA,NA,NA,NA,NA,NA,2,NA
57,1,66778016,67761890,TRUE,188,2322,0.000636261,0.000623916,0.0136081,0.0727128,FALSE,NA,NA,NA,NA,NA,NA,2,NA
58,1,67761891,68633860,TRUE,215,1768,0.00192411,0.000236386,1.70278e-08,0.290549,FALSE,NA,NA,NA,NA,NA,NA,2,NA
59,1,68633861,69438909,TRUE,152,1869,0.000572788,NA,0.014798,NA,FALSE,NA,NA,NA,NA,NA,NA,1,"ASD"
60,1,69438910,70992905,TRUE,270,2735,0.00131712,NA,0.000151507,NA,FALSE,NA,NA,NA,NA,NA,NA,1,"ASD"
61,1,70992906,72513119,TRUE,222,2684,0.00114134,1.44606e-06,0.00024961,0.48611,FALSE,NA,NA,NA,NA,NA,NA,2,NA
62,1,72513120,73992170,TRUE,101,2625,0.00100969,2.18395e-05,2.57052e-05,0.453083,FALSE,NA,NA,NA,NA,NA,NA,2,NA
63,1,73992171,75132092,TRUE,129,1756,0.000607581,NA,0.00702148,NA,FALSE,NA,NA,NA,NA,NA,NA,1,"ASD"
64,1,75132093,76097247,TRUE,109,1846,0.000336728,0.000363076,0.0606102,0.129056,FALSE,NA,NA,NA,NA,NA,NA,2,NA
65,1,76097248,76977915,TRUE,181,2296,0.000595017,NA,0.01804,NA,FALSE,NA,NA,NA,NA,NA,NA,1,"ASD"
66,1,76977916,77895394,TRUE,176,2157,0.000195886,NA,0.226738,NA,FALSE,NA,NA,NA,NA,NA,NA,1,"ASD"
67,1,77895395,79065286,TRUE,174,2213,0.00053269,NA,0.0281236,NA,FALSE,NA,NA,NA,NA,NA,NA,1,"ASD"
68,1,79065287,80099353,TRUE,139,2564,0.000451246,NA,0.0342681,NA,FALSE,NA,NA,NA,NA,NA,NA,1,"ASD"
69,1,80099354,80781442,TRUE,104,1834,0.000479461,NA,0.0146505,NA,FALSE,NA,NA,NA,NA,NA,NA,1,"ASD"
70,1,80781443,82123368,TRUE,318,3332,0.00123649,NA,0.000943603,NA,FALSE,NA,NA,NA,NA,NA,NA,1,"ASD"
71,1,82123369,83461215,TRUE,235,2988,0.00153431,NA,5.40483e-06,NA,FALSE,NA,NA,NA,NA,NA,NA,1,"ASD"
72,1,83461216,84728347,TRUE,175,2177,0.00128685,0.000538739,1.87268e-05,0.0947719,FALSE,NA,NA,NA,NA,NA,NA,2,NA
73,1,84728348,86017267,TRUE,312,3013,0.000942621,0.000416109,0.00589576,0.216645,FALSE,NA,NA,NA,NA,NA,NA,2,NA
74,1,86017268,86761554,TRUE,143,2009,0.000153796,0.000203247,0.251935,0.279414,FALSE,NA,NA,NA,NA,NA,NA,2,NA
75,1,86761555,87667572,TRUE,117,1779,0.00018105,0.000464516,0.198237,0.0848921,FALSE,NA,NA,NA,NA,NA,NA,2,NA
76,1,87667573,88656689,TRUE,247,1715,0.000975598,NA,0.00256845,NA,FALSE,NA,NA,NA,NA,NA,NA,1,"ASD"
77,1,88656690,89753964,TRUE,133,2006,0.000587827,0.000469395,0.00927493,0.0953728,FALSE,NA,NA,NA,NA,NA,NA,2,NA
78,1,89753965,90941549,TRUE,234,2101,0.00164702,0.000237423,1.89361e-06,0.297455,FALSE,NA,NA,NA,NA,NA,NA,2,NA
79,1,90941550,91870059,TRUE,204,1954,0.00130582,NA,2.37828e-05,NA,FALSE,NA,NA,NA,NA,NA,NA,1,"ASD"
80,1,91870060,92904465,TRUE,225,2064,0.00142023,6.87809e-05,1.42112e-05,0.42819,FALSE,NA,NA,NA,NA,NA,NA,2,NA
81,1,92904466,94168576,TRUE,96,1831,0.000648957,0.000333438,0.00153027,0.133844,FALSE,NA,NA,NA,NA,NA,NA,2,NA
82,1,94168577,95122541,TRUE,196,1907,0.00124483,NA,4.88069e-05,NA,FALSE,NA,NA,NA,NA,NA,NA,1,"ASD"
83,1,95122542,96147576,TRUE,254,2534,0.00137143,NA,4.81432e-05,NA,FALSE,NA,NA,NA,NA,NA,NA,1,"ASD"
84,1,96147577,97721186,TRUE,271,3224,0.00247449,0.00129008,9.3338e-11,0.00751517,TRUE,0.276743,0.276743,FALSE,-0.17646,0.84049,0.207744,2,NA
85,1,97721187,99425000,TRUE,269,3394,0.00143998,0.00148123,4.77448e-05,0.00278621,TRUE,0.562104,0.562104,FALSE,0.0821,1,0.0266055,2,NA
86,1,99425001,100269207,TRUE,171,1943,0.000967517,NA,0.000515884,NA,FALSE,NA,NA,NA,NA,NA,NA,1,"ASD"
87,1,100269208,101188315,TRUE,98,1703,0.000601776,NA,0.00324852,NA,FALSE,NA,NA,NA,NA,NA,NA,1,"ASD"
88,1,101188316,102424611,TRUE,221,2773,0.000943183,NA,0.0020341,NA,FALSE,NA,NA,NA,NA,NA,NA,1,"ASD"
89,1,102424612,103148412,TRUE,80,1732,0.000363815,NA,0.0289877,NA,FALSE,NA,NA,NA,NA,NA,NA,1,"ASD"
90,1,103148413,103784541,TRUE,51,1912,0.00027729,NA,0.0351814,NA,FALSE,NA,NA,NA,NA,NA,NA,1,"ASD"
91,1,103784542,104984435,TRUE,135,1840,0.000792323,0.000571323,0.00151953,0.0596675,FALSE,NA,NA,NA,NA,NA,NA,2,NA
92,1,104984436,106089656,TRUE,121,3307,0.000624452,9.73868e-05,0.00566617,0.370929,FALSE,NA,NA,NA,NA,NA,NA,2,NA
93,1,106089657,106864947,TRUE,108,1592,0.0005541,NA,0.0110966,NA,FALSE,NA,NA,NA,NA,NA,NA,1,"ASD"
94,1,106864948,107874653,TRUE,172,1824,0.000338304,0.000125218,0.102325,0.364913,FALSE,NA,NA,NA,NA,NA,NA,2,NA
95,1,107874654,109271449,TRUE,274,2657,0.000799785,0.00124502,0.0115338,0.00960839,TRUE,0.621306,0.621306,FALSE,-0.07084,1,0.0737047,2,NA
96,1,109271450,110224230,TRUE,223,1854,0.000517644,NA,0.047592,NA,FALSE,NA,NA,NA,NA,NA,NA,1,"ASD"
97,1,110224231,111134062,TRUE,270,1615,0.00151147,0.000436977,2.96386e-05,0.189548,FALSE,NA,NA,NA,NA,NA,NA,2,NA
98,1,111134063,112489248,TRUE,392,3443,0.000238233,0.000738745,0.268248,0.112476,FALSE,NA,NA,NA,NA,NA,NA,2,NA
99,1,112489249,113418037,TRUE,239,1790,0.000707205,1.76829e-05,0.0151585,0.472919,FALSE,NA,NA,NA,NA,NA,NA,2,NA
100,1,113418038,114664387,TRUE,204,1959,0.000532395,NA,0.0378785,NA,FALSE,NA,NA,NA,NA,NA,NA,1,"ASD"
101,1,114664388,116207297,TRUE,331,3494,0.00194273,NA,1.31693e-06,NA,FALSE,NA,NA,NA,NA,NA,NA,1,"ASD"
102,1,116207298,117046311,TRUE,166,1667,0.000312706,8.4721e-06,0.11621,0.476824,FALSE,NA,NA,NA,NA,NA,NA,2,NA
103,1,117046312,118118667,TRUE,208,1755,0.00141815,NA,1.24731e-05,NA,FALSE,NA,NA,NA,NA,NA,NA,1,"ASD"
104,1,118118668,119408888,TRUE,215,2586,0.000582612,NA,0.0291441,NA,FALSE,NA,NA,NA,NA,NA,NA,1,"ASD"
105,1,119408889,120345066,TRUE,206,1884,0.000573483,NA,0.0270041,NA,FALSE,NA,NA,NA,NA,NA,NA,1,"ASD"
106,1,120345067,145803848,TRUE,43,444,0.000269562,0.000141906,0.0333799,0.227476,FALSE,NA,NA,NA,NA,NA,NA,2,NA
107,1,145803849,147083835,TRUE,89,1661,0.000138233,0.000263395,0.224332,0.177243,FALSE,NA,NA,NA,NA,NA,NA,2,NA
108,1,147083836,149716037,TRUE,88,843,0.000168692,0.000869865,0.185365,0.00326221,FALSE,NA,NA,NA,NA,NA,NA,2,NA
109,1,149716038,151146407,TRUE,107,1784,0.000320577,0.00012947,0.0672626,0.326999,FALSE,NA,NA,NA,NA,NA,NA,2,NA
110,1,151146408,152535630,TRUE,204,2057,0.000931087,NA,0.00137231,NA,FALSE,NA,NA,NA,NA,NA,NA,1,"ASD"
111,1,152535631,153410809,TRUE,113,1692,0.000280057,NA,0.0994364,NA,FALSE,NA,NA,NA,NA,NA,NA,1,"ASD"
112,1,153410810,154685545,TRUE,184,1780,6.97566e-05,0.00019653,0.388532,0.307858,FALSE,NA,NA,NA,NA,NA,NA,2,NA
113,1,154685546,156813845,TRUE,398,2660,0.00277379,NA,1.00789e-09,NA,FALSE,NA,NA,NA,NA,NA,NA,1,"ASD"
114,1,156813846,158081627,TRUE,310,2955,0.00132334,NA,0.000315222,NA,FALSE,NA,NA,NA,NA,NA,NA,1,"ASD"
115,1,158081628,158900369,TRUE,160,2358,6.13453e-05,NA,0.390904,NA,FALSE,NA,NA,NA,NA,NA,NA,1,"ASD"
116,1,158900370,159882515,TRUE,195,2124,0.00044983,0.000681104,0.060212,0.060102,FALSE,NA,NA,NA,NA,NA,NA,2,NA
117,1,159882516,161054076,TRUE,266,2127,0.00105341,0.000876435,0.00214755,0.0437515,TRUE,0.0374493,0.0374493,FALSE,-1,0.94984,0.917854,2,NA
118,1,161054077,161945442,TRUE,174,1844,0.000870048,0.000640399,0.00165504,0.0611876,FALSE,NA,NA,NA,NA,NA,NA,2,NA
119,1,161945443,163141862,TRUE,351,2968,0.00118315,NA,0.00158643,NA,FALSE,NA,NA,NA,NA,NA,NA,1,"ASD"
120,1,163141863,163854567,TRUE,93,1758,0.00119316,0.00032752,3.81724e-07,0.134299,FALSE,NA,NA,NA,NA,NA,NA,2,NA
121,1,163854568,164726579,TRUE,151,1569,0.00103967,0.000113457,0.000146463,0.367887,FALSE,NA,NA,NA,NA,NA,NA,2,NA
122,1,164726580,165553812,TRUE,284,2103,0.000965679,5.07515e-05,0.00375269,0.449711,FALSE,NA,NA,NA,NA,NA,NA,2,NA
123,1,165553813,166458031,TRUE,198,1764,0.000444596,NA,0.0644319,NA,FALSE,NA,NA,NA,NA,NA,NA,1,"ASD"
124,1,166458032,167163954,TRUE,155,1936,0.000175295,0.000275004,0.234767,0.228801,FALSE,NA,NA,NA,NA,NA,NA,2,NA
125,1,167163955,168179086,TRUE,236,1876,0.000251361,NA,0.215146,NA,FALSE,NA,NA,NA,NA,NA,NA,1,"ASD"
126,1,168179087,169521551,TRUE,326,3343,0.00121048,NA,0.00098765,NA,FALSE,NA,NA,NA,NA,NA,NA,1,"ASD"
127,1,169521552,170193207,FALSE,NA,NA,NA,NA,NA,NA,FALSE,NA,NA,NA,NA,NA,NA,NA,NA
128,1,170193208,171044255,TRUE,146,1802,0.000116807,NA,0.302793,NA,FALSE,NA,NA,NA,NA,NA,NA,1,"ASD"
129,1,171044256,172465153,TRUE,250,3334,0.000823508,NA,0.00655026,NA,FALSE,NA,NA,NA,NA,NA,NA,1,"ASD"
130,1,172465154,173582511,TRUE,217,1758,0.000816437,NA,0.00572776,NA,FALSE,NA,NA,NA,NA,NA,NA,1,"ASD"
131,1,173582512,175385220,TRUE,127,3045,9.15046e-05,0.000266538,0.334619,0.213872,FALSE,NA,NA,NA,NA,NA,NA,2,NA
132,1,175385221,176449096,TRUE,141,1648,0.000874449,NA,0.000931679,NA,FALSE,NA,NA,NA,NA,NA,NA,1,"ASD"
133,1,176449097,177746472,TRUE,205,2252,0.0012031,8.04314e-05,8.03301e-05,0.414532,FALSE,NA,NA,NA,NA,NA,NA,2,NA
134,1,177746473,178915113,TRUE,171,2114,0.0006391,NA,0.0109183,NA,FALSE,NA,NA,NA,NA,NA,NA,1,"ASD"
135,1,178915114,180221608,TRUE,183,3482,0.000765792,NA,0.00408232,NA,FALSE,NA,NA,NA,NA,NA,NA,1,"ASD"
136,1,180221609,181324205,TRUE,193,2247,0.000756987,NA,0.00644519,NA,FALSE,NA,NA,NA,NA,NA,NA,1,"ASD"
137,1,181324206,182420540,TRUE,259,2368,0.000796263,NA,0.00951906,NA,FALSE,NA,NA,NA,NA,NA,NA,1,"ASD"
138,1,182420541,183920616,TRUE,251,3051,0.00133613,NA,9.06874e-05,NA,FALSE,NA,NA,NA,NA,NA,NA,1,"ASD"
139,1,183920617,184953089,TRUE,184,1918,0.000910037,NA,0.00104861,NA,FALSE,NA,NA,NA,NA,NA,NA,1,"ASD"
140,1,184953090,186179447,TRUE,148,1436,0.000631466,2.40848e-05,0.00956233,0.458799,FALSE,NA,NA,NA,NA,NA,NA,2,NA
141,1,186179448,187072605,TRUE,108,1723,0.000708086,0.000608434,0.00183851,0.0344689,TRUE,0.458477,0.458477,FALSE,-0.36573,1,0.215167,2,NA
142,1,187072606,187757076,TRUE,144,1866,0.000131456,0.000658714,0.281531,0.0422355,FALSE,NA,NA,NA,NA,NA,NA,2,NA
143,1,187757077,188625772,TRUE,73,2266,5.02751e-05,NA,0.372635,NA,FALSE,NA,NA,NA,NA,NA,NA,1,"ASD"
144,1,188625773,189904637,TRUE,55,2556,0.000293998,NA,0.0449677,NA,FALSE,NA,NA,NA,NA,NA,NA,1,"ASD"
145,1,189904638,191419275,TRUE,151,3198,0.000775151,0.000276747,0.0018878,0.224678,FALSE,NA,NA,NA,NA,NA,NA,2,NA
146,1,191419276,192468373,TRUE,136,2049,0.000408775,NA,0.0482452,NA,FALSE,NA,NA,NA,NA,NA,NA,1,"ASD"
147,1,192468374,193575516,TRUE,126,1604,0.000949794,0.000126664,0.000160389,0.342325,FALSE,NA,NA,NA,NA,NA,NA,2,NA
148,1,193575517,194365688,TRUE,110,2119,0.000407087,0.000540044,0.0360651,0.0527004,FALSE,NA,NA,NA,NA,NA,NA,2,NA
149,1,194365689,195161235,TRUE,77,2373,0.000385477,NA,0.0240119,NA,FALSE,NA,NA,NA,NA,NA,NA,1,"ASD"
150,1,195161236,196179110,TRUE,143,2103,0.000765125,NA,0.00237857,NA,FALSE,NA,NA,NA,NA,NA,NA,1,"ASD"
151,1,196179111,197935821,TRUE,151,2125,0.000778175,NA,0.00245978,NA,FALSE,NA,NA,NA,NA,NA,NA,1,"ASD"
152,1,197935822,199263389,TRUE,224,2756,0.000604853,0.000689732,0.0275306,0.0699641,FALSE,NA,NA,NA,NA,NA,NA,2,NA
153,1,199263390,200134005,TRUE,155,2372,0.000513202,NA,0.024143,NA,FALSE,NA,NA,NA,NA,NA,NA,1,"ASD"
154,1,200134006,201067952,TRUE,211,2046,0.000619869,0.000608571,0.0213288,0.0886453,FALSE,NA,NA,NA,NA,NA,NA,2,NA
155,1,201067953,202583884,TRUE,451,3047,0.00141178,NA,0.00109847,NA,FALSE,NA,NA,NA,NA,NA,NA,1,"ASD"
156,1,202583885,204092537,TRUE,355,2820,0.000452797,NA,0.127489,NA,FALSE,NA,NA,NA,NA,NA,NA,1,"ASD"
157,1,204092538,205009623,TRUE,250,1868,0.000876448,NA,0.0051424,NA,FALSE,NA,NA,NA,NA,NA,NA,1,"ASD"
158,1,205009624,205917548,TRUE,265,2168,0.00115485,NA,0.000579386,NA,FALSE,NA,NA,NA,NA,NA,NA,1,"ASD"
159,1,205917549,208162951,TRUE,348,2962,0.00229366,NA,4.28277e-08,NA,FALSE,NA,NA,NA,NA,NA,NA,1,"ASD"
160,1,208162952,209711169,TRUE,457,3063,0.00403895,NA,3.42452e-15,NA,FALSE,NA,NA,NA,NA,NA,NA,1,"ASD"
161,1,209711170,211082892,TRUE,330,3011,0.0021752,0.00015074,7.43096e-08,0.383612,FALSE,NA,NA,NA,NA,NA,NA,2,NA
162,1,211082893,212347582,TRUE,281,3448,0.0017388,NA,2.34821e-06,NA,FALSE,NA,NA,NA,NA,NA,NA,1,"ASD"
163,1,212347583,213958292,TRUE,363,3497,0.00177823,1.01706e-06,1.38706e-05,0.489431,FALSE,NA,NA,NA,NA,NA,NA,2,NA
164,1,213958293,214783872,TRUE,224,1819,0.00112658,NA,0.000356952,NA,FALSE,NA,NA,NA,NA,NA,NA,1,"ASD"
165,1,214783873,215825791,TRUE,138,1734,0.000652374,NA,0.00543623,NA,FALSE,NA,NA,NA,NA,NA,NA,1,"ASD"
166,1,215825792,216658126,TRUE,199,1774,0.000924923,0.000619043,0.00142682,0.0795323,FALSE,NA,NA,NA,NA,NA,NA,2,NA
167,1,216658127,217352165,TRUE,220,1729,0.000941848,0.000181775,0.00228519,0.334182,FALSE,NA,NA,NA,NA,NA,NA,2,NA
168,1,217352166,218563960,TRUE,284,3197,0.000894699,NA,0.0064627,NA,FALSE,NA,NA,NA,NA,NA,NA,1,"ASD"
169,1,218563961,220073132,TRUE,254,3606,0.00161215,NA,4.01302e-06,NA,FALSE,NA,NA,NA,NA,NA,NA,1,"ASD"
170,1,220073133,220978151,TRUE,153,1862,0.000815963,0.000208879,0.00147635,0.280883,FALSE,NA,NA,NA,NA,NA,NA,2,NA
171,1,220978152,221856864,TRUE,163,2043,0.000604615,0.000143254,0.0135545,0.34468,FALSE,NA,NA,NA,NA,NA,NA,2,NA
172,1,221856865,222763597,TRUE,215,1703,0.000502919,0.000265341,0.0550345,0.269512,FALSE,NA,NA,NA,NA,NA,NA,2,NA
173,1,222763598,223654902,TRUE,150,1598,0.000887339,NA,0.00167957,NA,FALSE,NA,NA,NA,NA,NA,NA,1,"ASD"
174,1,223654903,224943337,TRUE,204,2220,0.000995424,0.000661992,0.00082108,0.0691101,FALSE,NA,NA,NA,NA,NA,NA,2,NA
175,1,224943338,226534711,TRUE,293,3369,0.00236167,0.00110608,1.41762e-09,0.0209366,TRUE,0.6772,0.6772,FALSE,0.225,1,0.00580039,2,NA
176,1,226534712,228045554,TRUE,278,3804,0.000816421,0.00092424,0.00987059,0.039166,TRUE,0.0205952,0.0205952,FALSE,-1,1,0.958026,2,NA
177,1,228045555,229075156,TRUE,189,1812,0.000683454,NA,0.0104382,NA,FALSE,NA,NA,NA,NA,NA,NA,1,"ASD"
178,1,229075157,230227247,TRUE,232,1722,0.00114037,NA,0.000465232,NA,FALSE,NA,NA,NA,NA,NA,NA,1,"ASD"
179,1,230227248,231287764,TRUE,421,3219,0.00151382,7.6922e-05,0.000303025,0.442161,FALSE,NA,NA,NA,NA,NA,NA,2,NA
180,1,231287765,232177704,TRUE,218,1715,0.000818668,NA,0.00523306,NA,FALSE,NA,NA,NA,NA,NA,NA,1,"ASD"
181,1,232177705,232954942,TRUE,267,1925,0.000380309,NA,0.125784,NA,FALSE,NA,NA,NA,NA,NA,NA,1,"ASD"
182,1,232954943,233639473,TRUE,168,1837,0.00070416,NA,0.00614656,NA,FALSE,NA,NA,NA,NA,NA,NA,1,"ASD"
183,1,233639474,234365796,TRUE,226,1965,0.00138306,4.52107e-05,2.86076e-05,0.44844,FALSE,NA,NA,NA,NA,NA,NA,2,NA
184,1,234365797,235097113,TRUE,285,1825,0.00155583,NA,4.10295e-05,NA,FALSE,NA,NA,NA,NA,NA,NA,1,"ASD"
185,1,235097114,236199671,TRUE,147,1760,0.000361423,NA,0.0812109,NA,FALSE,NA,NA,NA,NA,NA,NA,1,"ASD"
186,1,236199672,237409458,TRUE,296,3181,0.00172411,0.000149822,8.03021e-06,0.378055,FALSE,NA,NA,NA,NA,NA,NA,2,NA
187,1,237409459,238094455,TRUE,230,1914,0.0011875,NA,0.000278761,NA,FALSE,NA,NA,NA,NA,NA,NA,1,"ASD"
188,1,238094456,238704857,TRUE,127,1870,0.000327346,NA,0.083969,NA,FALSE,NA,NA,NA,NA,NA,NA,1,"ASD"
189,1,238704858,239332148,TRUE,158,1866,0.000233086,0.000179838,0.175087,0.309125,FALSE,NA,NA,NA,NA,NA,NA,2,NA
190,1,239332149,240248508,TRUE,253,2154,0.000825468,0.000200367,0.00810098,0.330861,FALSE,NA,NA,NA,NA,NA,NA,2,NA
191,1,240248509,241033584,TRUE,231,1585,0.000867979,0.000497056,0.00523551,0.142443,FALSE,NA,NA,NA,NA,NA,NA,2,NA
192,1,241033585,241813534,TRUE,266,1838,0.00122221,NA,0.000430656,NA,FALSE,NA,NA,NA,NA,NA,NA,1,"ASD"
193,1,241813535,242417923,TRUE,174,1578,0.000497725,NA,0.047054,NA,FALSE,NA,NA,NA,NA,NA,NA,1,"ASD"
194,1,242417924,243048003,TRUE,181,1705,0.000371698,NA,0.0872457,NA,FALSE,NA,NA,NA,NA,NA,NA,1,"ASD"
195,1,243048004,244723196,TRUE,266,2248,0.00129066,NA,0.000389079,NA,FALSE,NA,NA,NA,NA,NA,NA,1,"ASD"
196,1,244723197,245970505,TRUE,414,2633,0.00192705,NA,2.38195e-05,NA,FALSE,NA,NA,NA,NA,NA,NA,1,"ASD"
197,1,245970506,246610290,TRUE,133,2158,0.000274519,NA,0.118958,NA,FALSE,NA,NA,NA,NA,NA,NA,1,"ASD"
198,1,246610291,247531112,TRUE,290,2682,0.00201261,NA,1.28585e-07,NA,FALSE,NA,NA,NA,NA,NA,NA,1,"ASD"
199,1,247531113,248341594,TRUE,261,2569,0.000969847,NA,0.00270941,NA,FALSE,NA,NA,NA,NA,NA,NA,1,"ASD"
200,1,248341595,249240538,FALSE,NA,NA,NA,NA,NA,NA,FALSE,NA,NA,NA,NA,NA,NA,NA,NA
201,2,10181,789195,TRUE,180,1719,0.00036633,NA,0.0900171,NA,FALSE,NA,NA,NA,NA,NA,NA,1,"ASD"
202,2,789196,1376545,TRUE,117,2186,0.000645312,NA,0.00318152,NA,FALSE,NA,NA,NA,NA,NA,NA,1,"ASD"
203,2,1376546,1875060,TRUE,188,1594,0.000206768,0.000479059,0.225837,0.127676,FALSE,NA,NA,NA,NA,NA,NA,2,NA
204,2,1875061,2680063,TRUE,247,1858,0.00113234,0.000555388,0.000523157,0.124954,FALSE,NA,NA,NA,NA,NA,NA,2,NA
205,2,2680064,3314202,TRUE,290,1854,0.000999587,NA,0.0035924,NA,FALSE,NA,NA,NA,NA,NA,NA,1,"ASD"
206,2,3314203,4016104,TRUE,257,1834,0.000671236,NA,0.0245526,NA,FALSE,NA,NA,NA,NA,NA,NA,1,"ASD"
207,2,4016105,4766969,TRUE,140,1617,0.000912223,NA,0.000679896,NA,FALSE,NA,NA,NA,NA,NA,NA,1,"ASD"
208,2,4766970,5568653,TRUE,141,1581,0.000433855,7.67215e-05,0.0438869,0.40143,FALSE,NA,NA,NA,NA,NA,NA,2,NA
209,2,5568654,6306606,TRUE,255,2019,0.00116702,NA,0.000578382,NA,FALSE,NA,NA,NA,NA,NA,NA,1,"ASD"
210,2,6306607,7108208,TRUE,203,1723,0.00110725,NA,0.000323913,NA,FALSE,NA,NA,NA,NA,NA,NA,1,"ASD"
211,2,7108209,7966709,TRUE,159,1851,0.000852809,NA,0.00147209,NA,FALSE,NA,NA,NA,NA,NA,NA,1,"ASD"
212,2,7966710,8978798,TRUE,204,1551,0.000979043,NA,0.00153962,NA,FALSE,NA,NA,NA,NA,NA,NA,1,"ASD"
213,2,8978799,9960670,TRUE,173,1665,5.59382e-05,NA,0.404962,NA,FALSE,NA,NA,NA,NA,NA,NA,1,"ASD"
214,2,9960671,10611654,TRUE,266,2064,0.000806922,NA,0.0129295,NA,FALSE,NA,NA,NA,NA,NA,NA,1,"ASD"
215,2,10611655,11230349,TRUE,237,1929,0.00054037,0.000239165,0.0467356,0.297345,FALSE,NA,NA,NA,NA,NA,NA,2,NA
216,2,11230350,11995765,TRUE,196,1606,0.000377414,NA,0.100423,NA,FALSE,NA,NA,NA,NA,NA,NA,1,"ASD"
217,2,11995766,12732506,TRUE,321,1914,0.000721135,0.000477146,0.027612,0.1894,FALSE,NA,NA,NA,NA,NA,NA,2,NA
218,2,12732507,13625450,TRUE,120,2138,0.000390807,NA,0.0436408,NA,FALSE,NA,NA,NA,NA,NA,NA,1,"ASD"
219,2,13625451,14692120,TRUE,196,2734,0.000574689,9.0048e-06,0.0289283,0.478173,FALSE,NA,NA,NA,NA,NA,NA,2,NA
220,2,14692121,15721703,TRUE,154,2014,0.00235611,0.000469892,5.77359e-13,0.110292,FALSE,NA,NA,NA,NA,NA,NA,2,NA
221,2,15721704,17241115,TRUE,373,3116,0.00138415,NA,0.000698423,NA,FALSE,NA,NA,NA,NA,NA,NA,1,"ASD"
222,2,17241116,18656325,TRUE,332,3691,0.000689005,0.000563099,0.032558,0.155361,FALSE,NA,NA,NA,NA,NA,NA,2,NA
223,2,18656326,20064517,TRUE,389,3634,0.00100916,NA,0.00719203,NA,FALSE,NA,NA,NA,NA,NA,NA,1,"ASD"
224,2,20064518,21084898,TRUE,321,2324,0.00148994,0.00019656,0.000107921,0.351033,FALSE,NA,NA,NA,NA,NA,NA,2,NA
225,2,21084899,22429640,TRUE,184,2065,0.00100407,NA,0.000569154,NA,FALSE,NA,NA,NA,NA,NA,NA,1,"ASD"
226,2,22429641,23538527,TRUE,270,2227,0.000389524,0.000303014,0.12131,0.266658,FALSE,NA,NA,NA,NA,NA,NA,2,NA
227,2,23538528,24669224,TRUE,229,2739,0.0011306,NA,0.000350456,NA,FALSE,NA,NA,NA,NA,NA,NA,1,"ASD"
228,2,24669225,25895394,TRUE,240,2127,0.00115067,NA,0.000335171,NA,FALSE,NA,NA,NA,NA,NA,NA,1,"ASD"
229,2,25895395,26894102,TRUE,217,1766,0.00112811,NA,0.000331304,NA,FALSE,NA,NA,NA,NA,NA,NA,1,"ASD"
230,2,26894103,28819510,TRUE,321,2970,0.00232468,NA,7.96734e-09,NA,FALSE,NA,NA,NA,NA,NA,NA,1,"ASD"
231,2,28819511,29627932,TRUE,258,1888,0.00120886,NA,0.000274795,NA,FALSE,NA,NA,NA,NA,NA,NA,1,"ASD"
232,2,29627933,30575619,TRUE,272,2063,0.00098503,NA,0.00290742,NA,FALSE,NA,NA,NA,NA,NA,NA,1,"ASD"
233,2,30575620,31457418,TRUE,253,2445,0.00108414,0.000732663,0.000870583,0.069802,FALSE,NA,NA,NA,NA,NA,NA,2,NA
234,2,31457419,33123604,TRUE,278,2610,0.00105654,NA,0.00211183,NA,FALSE,NA,NA,NA,NA,NA,NA,1,"ASD"
235,2,33123605,33735318,TRUE,251,1863,0.00119865,0.000527896,0.000333826,0.138185,FALSE,NA,NA,NA,NA,NA,NA,2,NA
236,2,33735319,34239776,TRUE,147,1812,5.96981e-05,0.000197795,0.388386,0.286808,FALSE,NA,NA,NA,NA,NA,NA,2,NA
237,2,34239777,34890558,TRUE,160,1679,0.000754024,0.000483536,0.00336504,0.108208,FALSE,NA,NA,NA,NA,NA,NA,2,NA
238,2,34890559,35609257,TRUE,133,1905,0.000839594,7.05205e-05,0.000683785,0.405316,FALSE,NA,NA,NA,NA,NA,NA,2,NA
239,2,35609258,36120743,TRUE,117,1943,0.000187583,NA,0.186964,NA,FALSE,NA,NA,NA,NA,NA,NA,1,"ASD"
240,2,36120744,36867389,TRUE,244,1994,0.00104435,NA,0.000899228,NA,FALSE,NA,NA,NA,NA,NA,NA,1,"ASD"
241,2,36867390,37603360,TRUE,220,1928,0.000659913,NA,0.0186759,NA,FALSE,NA,NA,NA,NA,NA,NA,1,"ASD"
242,2,37603361,38887393,TRUE,376,3351,0.00163949,0.000383986,7.10288e-05,0.253506,FALSE,NA,NA,NA,NA,NA,NA,2,NA
243,2,38887394,40087418,TRUE,217,1794,0.00143279,NA,9.87723e-06,NA,FALSE,NA,NA,NA,NA,NA,NA,1,"ASD"
244,2,40087419,40786176,TRUE,260,1855,0.000973717,NA,0.00257662,NA,FALSE,NA,NA,NA,NA,NA,NA,1,"ASD"
245,2,40786177,41540439,TRUE,160,1798,0.000698148,0.000346946,0.00536849,0.182008,FALSE,NA,NA,NA,NA,NA,NA,2,NA
246,2,41540440,42307418,TRUE,192,2325,0.000561902,0.000104057,0.025355,0.390478,FALSE,NA,NA,NA,NA,NA,NA,2,NA
247,2,42307419,43295776,TRUE,287,2235,0.00117083,NA,0.000699208,NA,FALSE,NA,NA,NA,NA,NA,NA,1,"ASD"
248,2,43295777,44104110,TRUE,224,1941,0.000734779,NA,0.0102797,NA,FALSE,NA,NA,NA,NA,NA,NA,1,"ASD"
249,2,44104111,45189468,TRUE,308,2354,0.00121854,NA,0.000647483,NA,FALSE,NA,NA,NA,NA,NA,NA,1,"ASD"
250,2,45189469,45850047,TRUE,313,1801,0.000785242,NA,0.0181676,NA,FALSE,NA,NA,NA,NA,NA,NA,1,"ASD"
251,2,45850048,46499326,TRUE,393,1820,0.00131903,NA,0.00120935,NA,FALSE,NA,NA,NA,NA,NA,NA,1,"ASD"
252,2,46499327,47320114,TRUE,332,2197,0.000624147,NA,0.0481732,NA,FALSE,NA,NA,NA,NA,NA,NA,1,"ASD"
253,2,47320115,48171058,TRUE,347,1921,0.0012344,NA,0.00125029,NA,FALSE,NA,NA,NA,NA,NA,NA,1,"ASD"
254,2,48171059,49114132,TRUE,248,2194,0.000561925,NA,0.0408284,NA,FALSE,NA,NA,NA,NA,NA,NA,1,"ASD"
255,2,49114133,49849185,TRUE,225,2076,0.00129285,NA,4.91643e-05,NA,FALSE,NA,NA,NA,NA,NA,NA,1,"ASD"
256,2,49849186,50756240,TRUE,225,2190,0.00042615,NA,0.079537,NA,FALSE,NA,NA,NA,NA,NA,NA,1,"ASD"
257,2,50756241,51669493,TRUE,256,2195,0.00131103,9.84879e-05,8.98248e-05,0.409047,FALSE,NA,NA,NA,NA,NA,NA,2,NA
258,2,51669494,52494111,TRUE,241,1973,0.00098318,0.000280019,0.00162481,0.270511,FALSE,NA,NA,NA,NA,NA,NA,2,NA
259,2,52494112,53032976,TRUE,122,1809,0.000626971,0.000657645,0.00447585,0.0320097,TRUE,0.0153212,0.0153212,FALSE,-1,0.96374,0.967834,2,NA
260,2,53032977,53852120,TRUE,241,2335,0.000708477,NA,0.0145938,NA,FALSE,NA,NA,NA,NA,NA,NA,1,"ASD"
261,2,53852121,54688234,TRUE,186,1882,0.000771179,NA,0.00392568,NA,FALSE,NA,NA,NA,NA,NA,NA,1,"ASD"
262,2,54688235,55663336,TRUE,265,2441,0.000177744,NA,0.282792,NA,FALSE,NA,NA,NA,NA,NA,NA,1,"ASD"
263,2,55663337,56394698,TRUE,191,2003,0.00149842,NA,1.08453e-06,NA,FALSE,NA,NA,NA,NA,NA,NA,1,"ASD"
264,2,56394699,57433653,TRUE,211,2255,0.000898668,NA,0.00234275,NA,FALSE,NA,NA,NA,NA,NA,NA,1,"ASD"
265,2,57433654,57952945,TRUE,113,1677,0.000235344,NA,0.131656,NA,FALSE,NA,NA,NA,NA,NA,NA,1,"ASD"
266,2,57952946,59251996,TRUE,284,2137,0.001148,0.000696932,0.000756332,0.0908166,FALSE,NA,NA,NA,NA,NA,NA,2,NA
267,2,59251997,60775066,TRUE,473,3240,0.00134442,0.000117863,0.00155422,0.421284,FALSE,NA,NA,NA,NA,NA,NA,2,NA
268,2,60775067,62429910,TRUE,319,2657,0.00116144,NA,0.00120609,NA,FALSE,NA,NA,NA,NA,NA,NA,1,"ASD"
269,2,62429911,63672118,TRUE,257,2011,0.000417859,NA,0.0996269,NA,FALSE,NA,NA,NA,NA,NA,NA,1,"ASD"
270,2,63672119,64696089,TRUE,209,1975,0.00081674,0.000591437,0.00414798,0.0935364,FALSE,NA,NA,NA,NA,NA,NA,2,NA
271,2,64696090,65938002,TRUE,322,2574,0.0012124,0.000152468,0.00111323,0.38105,FALSE,NA,NA,NA,NA,NA,NA,2,NA
272,2,65938003,67224027,TRUE,300,2764,0.00140156,NA,0.000126301,NA,FALSE,NA,NA,NA,NA,NA,NA,1,"ASD"
273,2,67224028,67979828,TRUE,233,2150,0.000917673,0.000737601,0.00242253,0.0613129,FALSE,NA,NA,NA,NA,NA,NA,2,NA
274,2,67979829,68877774,TRUE,195,2070,0.000583398,NA,0.0249265,NA,FALSE,NA,NA,NA,NA,NA,NA,1,"ASD"
275,2,68877775,70756283,TRUE,349,3446,0.00062163,NA,0.0523416,NA,FALSE,NA,NA,NA,NA,NA,NA,1,"ASD"
276,2,70756284,71385813,TRUE,232,1844,0.000649289,NA,0.0207319,NA,FALSE,NA,NA,NA,NA,NA,NA,1,"ASD"
277,2,71385814,72160302,TRUE,236,1860,0.000381469,NA,0.109279,NA,FALSE,NA,NA,NA,NA,NA,NA,1,"ASD"
278,2,72160303,73544290,TRUE,159,1821,0.000989834,NA,0.000285273,NA,FALSE,NA,NA,NA,NA,NA,NA,1,"ASD"
279,2,73544291,75148103,TRUE,224,2207,0.00110218,0.000272129,0.000429263,0.268753,FALSE,NA,NA,NA,NA,NA,NA,2,NA
280,2,75148104,75942397,TRUE,238,1890,0.000697258,NA,0.0170495,NA,FALSE,NA,NA,NA,NA,NA,NA,1,"ASD"
281,2,75942398,76649030,TRUE,141,2001,0.000500678,NA,0.0215976,NA,FALSE,NA,NA,NA,NA,NA,NA,1,"ASD"
282,2,76649031,77372830,TRUE,177,2058,0.000646692,NA,0.0128496,NA,FALSE,NA,NA,NA,NA,NA,NA,1,"ASD"
283,2,77372831,78080057,TRUE,201,1780,0.001268,0.000281545,6.34881e-05,0.251262,FALSE,NA,NA,NA,NA,NA,NA,2,NA
284,2,78080058,79019676,TRUE,129,2086,0.000905711,NA,0.000251316,NA,FALSE,NA,NA,NA,NA,NA,NA,1,"ASD"
285,2,79019677,79900055,TRUE,274,2391,0.00121317,6.09327e-05,0.000410435,0.440896,FALSE,NA,NA,NA,NA,NA,NA,2,NA
286,2,79900056,80737811,TRUE,316,1853,3.6687e-05,0.000209679,0.449026,0.341189,FALSE,NA,NA,NA,NA,NA,NA,2,NA
287,2,80737812,81623357,TRUE,143,1736,0.000151404,NA,0.256282,NA,FALSE,NA,NA,NA,NA,NA,NA,1,"ASD"
288,2,81623358,82941455,FALSE,NA,NA,NA,NA,NA,NA,FALSE,NA,NA,NA,NA,NA,NA,NA,NA
289,2,82941456,84395899,TRUE,116,3039,0.00093752,NA,0.000100105,NA,FALSE,NA,NA,NA,NA,NA,NA,1,"ASD"
290,2,84395900,85992794,TRUE,319,3199,0.0012862,NA,0.000428028,NA,FALSE,NA,NA,NA,NA,NA,NA,1,"ASD"
291,2,85992795,86867032,TRUE,108,1996,0.00104806,0.000316904,8.47156e-06,0.158036,FALSE,NA,NA,NA,NA,NA,NA,2,NA
292,2,86867033,88547312,TRUE,97,738,9.69511e-05,0.000271099,0.305153,0.180492,FALSE,NA,NA,NA,NA,NA,NA,2,NA
293,2,88547313,91860961,TRUE,55,983,0.000179773,0.000469385,0.121666,0.0278702,FALSE,NA,NA,NA,NA,NA,NA,2,NA
294,2,91860962,97339301,TRUE,97,1028,0.000780435,NA,0.000881566,NA,FALSE,NA,NA,NA,NA,NA,NA,1,"ASD"
295,2,97339302,98989360,TRUE,140,2015,0.000729119,0.000101272,0.00264726,0.375542,FALSE,NA,NA,NA,NA,NA,NA,2,NA
296,2,98989361,100202436,TRUE,142,1920,NA,4.68752e-05,NA,0.433371,FALSE,NA,NA,NA,NA,NA,NA,1,"AN"
297,2,100202437,101556799,TRUE,230,2963,0.00102284,NA,0.000930493,NA,FALSE,NA,NA,NA,NA,NA,NA,1,"ASD"
298,2,101556800,102494487,TRUE,220,1894,0.000511993,NA,0.04754,NA,FALSE,NA,NA,NA,NA,NA,NA,1,"ASD"
299,2,102494488,103305257,TRUE,156,2027,0.000265007,0.000332883,0.141889,0.188357,FALSE,NA,NA,NA,NA,NA,NA,2,NA
300,2,103305258,105120578,TRUE,261,2626,0.000793699,0.000882124,0.0112827,0.041456,TRUE,0.516668,0.516668,FALSE,-0.32011,1,0.195729,2,NA
301,2,105120579,106546524,TRUE,364,3367,0.000315784,0.00102216,0.202302,0.0435294,FALSE,NA,NA,NA,NA,NA,NA,2,NA
302,2,106546525,107412295,TRUE,231,2216,0.00185248,NA,1.04913e-07,NA,FALSE,NA,NA,NA,NA,NA,NA,1,"ASD"
303,2,107412296,108417773,TRUE,166,2367,6.03357e-05,NA,0.394649,NA,FALSE,NA,NA,NA,NA,NA,NA,1,"ASD"
304,2,108417774,110097868,TRUE,264,3267,0.00113577,NA,0.000764763,NA,FALSE,NA,NA,NA,NA,NA,NA,1,"ASD"
305,2,110097869,112644828,TRUE,262,2386,0.00109891,NA,0.00140958,NA,FALSE,NA,NA,NA,NA,NA,NA,1,"ASD"
306,2,112644829,113930668,TRUE,219,2619,0.000966967,NA,0.00119564,NA,FALSE,NA,NA,NA,NA,NA,NA,1,"ASD"
307,2,113930669,115203835,TRUE,186,2175,0.00125487,NA,2.70235e-05,NA,FALSE,NA,NA,NA,NA,NA,NA,1,"ASD"
308,2,115203836,116415816,TRUE,207,2299,0.000105299,2.39879e-05,0.347384,0.465215,FALSE,NA,NA,NA,NA,NA,NA,2,NA
309,2,116415817,117822516,TRUE,130,2863,0.000796289,0.000114185,0.000997816,0.357509,FALSE,NA,NA,NA,NA,NA,NA,2,NA
310,2,117822517,118663653,TRUE,126,2056,0.00133128,0.000248854,3.87459e-07,0.227412,FALSE,NA,NA,NA,NA,NA,NA,2,NA
311,2,118663654,119635489,TRUE,248,2303,0.000914856,NA,0.00307016,NA,FALSE,NA,NA,NA,NA,NA,NA,1,"ASD"
312,2,119635490,121073752,TRUE,267,2836,0.000843782,NA,0.00768801,NA,FALSE,NA,NA,NA,NA,NA,NA,1,"ASD"
313,2,121073753,122026817,TRUE,245,1847,0.000671561,0.00138198,0.0293516,0.0033944,TRUE,0.350357,0.350357,FALSE,-0.5157,1,0.324614,2,NA
314,2,122026818,123219243,TRUE,148,2190,0.000151492,0.000279155,0.256441,0.220691,FALSE,NA,NA,NA,NA,NA,NA,2,NA
315,2,123219244,123929872,TRUE,90,1871,2.77535e-05,NA,0.422858,NA,FALSE,NA,NA,NA,NA,NA,NA,1,"ASD"
316,2,123929873,124730991,TRUE,93,1881,0.0003598,0.000132484,0.0399533,0.312279,FALSE,NA,NA,NA,NA,NA,NA,2,NA
317,2,124730992,125741528,TRUE,246,2322,0.000933107,NA,0.00255609,NA,FALSE,NA,NA,NA,NA,NA,NA,1,"ASD"
318,2,125741529,126754027,TRUE,123,2471,0.000935865,NA,0.000112148,NA,FALSE,NA,NA,NA,NA,NA,NA,1,"ASD"
319,2,126754028,127895644,TRUE,234,2945,0.00153941,NA,4.78229e-06,NA,FALSE,NA,NA,NA,NA,NA,NA,1,"ASD"
320,2,127895645,129486897,TRUE,325,3612,0.00118124,0.000226394,0.00112137,0.332362,FALSE,NA,NA,NA,NA,NA,NA,2,NA
321,2,129486898,130485398,TRUE,167,2384,0.000676031,NA,0.007421,NA,FALSE,NA,NA,NA,NA,NA,NA,1,"ASD"
322,2,130485399,131760638,TRUE,90,1009,0.000700577,0.000250504,0.00107435,0.189385,FALSE,NA,NA,NA,NA,NA,NA,2,NA
323,2,131760639,132598285,TRUE,34,953,NA,0.000226123,NA,0.10766,FALSE,NA,NA,NA,NA,NA,NA,1,"AN"
324,2,132598286,133352950,TRUE,48,527,3.57529e-05,NA,0.374872,NA,FALSE,NA,NA,NA,NA,NA,NA,1,"ASD"
325,2,133352951,134359059,TRUE,273,1895,0.00066678,NA,0.0270836,NA,FALSE,NA,NA,NA,NA,NA,NA,1,"ASD"
326,2,134359060,135160197,TRUE,233,1864,0.00032122,NA,0.145205,NA,FALSE,NA,NA,NA,NA,NA,NA,1,"ASD"
327,2,135160198,137061003,TRUE,135,2256,0.000505219,0.000475072,0.0316703,0.0944139,FALSE,NA,NA,NA,NA,NA,NA,2,NA
328,2,137061004,138073791,TRUE,175,2804,0.000354213,8.68265e-05,0.0930037,0.401651,FALSE,NA,NA,NA,NA,NA,NA,2,NA
329,2,138073792,139505819,TRUE,192,2737,0.00109758,NA,0.000196887,NA,FALSE,NA,NA,NA,NA,NA,NA,1,"ASD"
330,2,139505820,140934531,TRUE,235,3747,0.000755105,0.000686969,0.0103541,0.0751462,FALSE,NA,NA,NA,NA,NA,NA,2,NA
331,2,140934532,141802664,TRUE,179,2751,0.000605815,NA,0.0154825,NA,FALSE,NA,NA,NA,NA,NA,NA,1,"ASD"
332,2,141802665,142494980,TRUE,150,2423,0.000795638,0.000519457,0.00140993,0.0868182,FALSE,NA,NA,NA,NA,NA,NA,2,NA
333,2,142494981,143259780,TRUE,187,1872,0.000726983,0.000652476,0.00680153,0.0640574,FALSE,NA,NA,NA,NA,NA,NA,2,NA
334,2,143259781,144503688,TRUE,205,2167,0.00144313,0.000550527,5.27476e-06,0.106636,FALSE,NA,NA,NA,NA,NA,NA,2,NA
335,2,144503689,145977920,TRUE,262,1760,0.000813644,NA,0.00971668,NA,FALSE,NA,NA,NA,NA,NA,NA,1,"ASD"
336,2,145977921,147252196,TRUE,187,1971,0.000579063,NA,0.0236934,NA,FALSE,NA,NA,NA,NA,NA,NA,1,"ASD"
337,2,147252197,149568875,TRUE,229,3397,0.00120528,0.000250089,0.000178074,0.286408,FALSE,NA,NA,NA,NA,NA,NA,2,NA
338,2,149568876,151428988,TRUE,361,3205,0.00166644,NA,3.46284e-05,NA,FALSE,NA,NA,NA,NA,NA,NA,1,"ASD"
339,2,151428989,152497375,TRUE,221,2475,0.0013418,NA,2.79874e-05,NA,FALSE,NA,NA,NA,NA,NA,NA,1,"ASD"
340,2,152497376,153999309,TRUE,245,3117,0.00128739,0.000265892,8.18111e-05,0.281697,FALSE,NA,NA,NA,NA,NA,NA,2,NA
341,2,153999310,155207969,TRUE,211,2849,0.000897591,0.000464762,0.0020999,0.14742,FALSE,NA,NA,NA,NA,NA,NA,2,NA
342,2,155207970,156130947,TRUE,183,1937,0.00066103,NA,0.0121657,NA,FALSE,NA,NA,NA,NA,NA,NA,1,"ASD"
343,2,156130948,157556096,TRUE,237,2602,0.000990169,0.000630832,0.00145802,0.0929991,FALSE,NA,NA,NA,NA,NA,NA,2,NA
344,2,157556097,159040979,TRUE,212,1965,0.00206662,0.000394188,3.94669e-09,0.185263,FALSE,NA,NA,NA,NA,NA,NA,2,NA
345,2,159040980,160200379,TRUE,249,3242,0.00177054,0.000466175,5.41282e-07,0.165612,FALSE,NA,NA,NA,NA,NA,NA,2,NA
346,2,160200380,161432089,TRUE,210,2969,0.000828519,NA,0.00362673,NA,FALSE,NA,NA,NA,NA,NA,NA,1,"ASD"
347,2,161432090,163607635,TRUE,220,3268,0.00176782,NA,3.77665e-07,NA,FALSE,NA,NA,NA,NA,NA,NA,1,"ASD"
348,2,163607636,164702312,TRUE,170,1870,0.0011886,NA,4.88816e-05,NA,FALSE,NA,NA,NA,NA,NA,NA,1,"ASD"
349,2,164702313,165917788,TRUE,214,1983,0.00138658,9.01783e-05,1.80174e-05,0.407908,FALSE,NA,NA,NA,NA,NA,NA,2,NA
350,2,165917789,167488576,TRUE,282,3264,0.000694248,NA,0.0223569,NA,FALSE,NA,NA,NA,NA,NA,NA,1,"ASD"
351,2,167488577,168437445,TRUE,77,1944,0.000633801,NA,0.000838221,NA,FALSE,NA,NA,NA,NA,NA,NA,1,"ASD"
352,2,168437446,169224445,TRUE,231,1794,0.00092907,4.63459e-05,0.00244405,0.448033,FALSE,NA,NA,NA,NA,NA,NA,2,NA
353,2,169224446,170155561,TRUE,257,1903,0.0011508,0.000310646,0.000569375,0.25686,FALSE,NA,NA,NA,NA,NA,NA,2,NA
354,2,170155562,170865765,TRUE,101,1982,0.000308346,0.000254985,0.0678496,0.198266,FALSE,NA,NA,NA,NA,NA,NA,2,NA
355,2,170865766,171566482,TRUE,241,1798,0.00104233,0.000240944,0.00108952,0.297574,FALSE,NA,NA,NA,NA,NA,NA,2,NA
356,2,171566483,172501315,TRUE,164,1960,0.000988216,NA,0.000273048,NA,FALSE,NA,NA,NA,NA,NA,NA,1,"ASD"
357,2,172501316,173287857,TRUE,195,1829,0.00173467,NA,6.47917e-08,NA,FALSE,NA,NA,NA,NA,NA,NA,1,"ASD"
358,2,173287858,174118389,TRUE,186,2147,0.0012993,0.000408371,1.5832e-05,0.162417,FALSE,NA,NA,NA,NA,NA,NA,2,NA
359,2,174118390,174927563,TRUE,253,1648,0.0014481,NA,3.61221e-05,NA,FALSE,NA,NA,NA,NA,NA,NA,1,"ASD"
360,2,174927564,176734750,TRUE,319,3365,0.00182762,NA,2.56525e-06,NA,FALSE,NA,NA,NA,NA,NA,NA,1,"ASD"
361,2,176734751,178149981,TRUE,370,2810,0.000759682,NA,0.0288869,NA,FALSE,NA,NA,NA,NA,NA,NA,1,"ASD"
362,2,178149982,179224870,TRUE,141,2585,0.000716225,NA,0.00265937,NA,FALSE,NA,NA,NA,NA,NA,NA,1,"ASD"
363,2,179224871,180336045,TRUE,278,2215,0.000968679,NA,0.00310823,NA,FALSE,NA,NA,NA,NA,NA,NA,1,"ASD"
364,2,180336046,181309939,TRUE,250,2498,0.000512458,NA,0.0559039,NA,FALSE,NA,NA,NA,NA,NA,NA,1,"ASD"
365,2,181309940,182307877,TRUE,171,2240,0.000716728,NA,0.0055359,NA,FALSE,NA,NA,NA,NA,NA,NA,1,"ASD"
366,2,182307878,183352290,TRUE,193,2040,0.00116105,0.000181485,0.000121346,0.324206,FALSE,NA,NA,NA,NA,NA,NA,2,NA
367,2,183352291,184148655,TRUE,131,1938,0.000393754,0.000319676,0.0524725,0.177723,FALSE,NA,NA,NA,NA,NA,NA,2,NA
368,2,184148656,184866232,TRUE,118,1554,0.00102377,0.000222665,5.27498e-05,0.24309,FALSE,NA,NA,NA,NA,NA,NA,2,NA
369,2,184866233,186244920,TRUE,159,2602,0.00217778,0.000883026,1.2289e-11,0.0153206,TRUE,-0.0521909,-0.0521909,FALSE,-0.68162,0.4509,0.826735,2,NA
370,2,186244921,187498047,TRUE,79,2303,0.00038659,NA,0.0216118,NA,FALSE,NA,NA,NA,NA,NA,NA,1,"ASD"
371,2,187498048,188895310,TRUE,162,2627,0.00161753,4.15514e-05,6.61714e-08,0.442913,FALSE,NA,NA,NA,NA,NA,NA,2,NA
372,2,188895311,189882702,TRUE,88,1914,0.000603623,NA,0.00241908,NA,FALSE,NA,NA,NA,NA,NA,NA,1,"ASD"
373,2,189882703,191051954,TRUE,119,2104,0.00143683,NA,1.03216e-07,NA,FALSE,NA,NA,NA,NA,NA,NA,1,"ASD"
374,2,191051955,193033982,TRUE,308,3144,0.000963938,0.000229321,0.00561407,0.326246,FALSE,NA,NA,NA,NA,NA,NA,2,NA
375,2,193033983,195300250,TRUE,122,2071,0.000622161,0.000477056,0.00653172,0.0836811,FALSE,NA,NA,NA,NA,NA,NA,2,NA
376,2,195300251,196446299,TRUE,130,2524,0.000230445,NA,0.165604,NA,FALSE,NA,NA,NA,NA,NA,NA,1,"ASD"
377,2,196446300,198140350,TRUE,200,3042,0.000715513,NA,0.00873437,NA,FALSE,NA,NA,NA,NA,NA,NA,1,"ASD"
378,2,198140351,199654969,TRUE,130,1877,0.000597785,0.000188464,0.00819381,0.283904,FALSE,NA,NA,NA,NA,NA,NA,2,NA
379,2,199654970,201324132,TRUE,235,2394,0.000659409,8.5003e-05,0.0207756,0.416267,FALSE,NA,NA,NA,NA,NA,NA,2,NA
380,2,201324133,202504862,TRUE,191,2096,0.000866366,2.72603e-05,0.00183245,0.460726,FALSE,NA,NA,NA,NA,NA,NA,2,NA
381,2,202504863,203639686,TRUE,199,1776,0.00114944,NA,0.000153386,NA,FALSE,NA,NA,NA,NA,NA,NA,1,"ASD"
382,2,203639687,205038119,TRUE,175,2263,0.00113903,1.66464e-05,9.68774e-05,0.469386,FALSE,NA,NA,NA,NA,NA,NA,2,NA
383,2,205038120,206821199,TRUE,498,3023,0.0025312,0.00138555,2.00949e-07,0.0240239,TRUE,-0.187131,-0.187131,FALSE,-1,0.33965,0.464175,2,NA
384,2,206821200,207726594,TRUE,228,1959,0.00047692,1.42687e-05,0.0612328,0.475218,FALSE,NA,NA,NA,NA,NA,NA,2,NA
385,2,207726595,208674588,TRUE,252,1850,0.000837059,0.00029017,0.00657912,0.268132,FALSE,NA,NA,NA,NA,NA,NA,2,NA
386,2,208674589,209940230,TRUE,222,2633,0.00137978,0.000419173,2.40354e-05,0.17665,FALSE,NA,NA,NA,NA,NA,NA,2,NA
387,2,209940231,210842457,TRUE,101,2068,0.000237467,NA,0.121966,NA,FALSE,NA,NA,NA,NA,NA,NA,1,"ASD"
388,2,210842458,212520453,TRUE,297,3286,0.000164815,NA,0.309498,NA,FALSE,NA,NA,NA,NA,NA,NA,1,"ASD"
389,2,212520454,213194362,TRUE,164,1883,0.000723904,NA,0.0059333,NA,FALSE,NA,NA,NA,NA,NA,NA,1,"ASD"
390,2,213194363,214044566,TRUE,222,1958,0.00121412,4.55975e-05,0.000150038,0.447648,FALSE,NA,NA,NA,NA,NA,NA,2,NA
391,2,214044567,215002484,TRUE,108,2184,0.000529435,0.000464458,0.0110377,0.0774195,FALSE,NA,NA,NA,NA,NA,NA,2,NA
392,2,215002485,215899570,TRUE,196,1899,0.000942012,0.000859475,0.00104755,0.0271424,TRUE,-0.223808,-0.223808,FALSE,-1,0.48871,0.506454,2,NA
393,2,215899571,217566011,TRUE,438,3296,0.00204621,0.000597405,6.24131e-06,0.173748,FALSE,NA,NA,NA,NA,NA,NA,2,NA
394,2,217566012,218396258,TRUE,207,2020,3.92942e-05,0.000446003,0.433153,0.154596,FALSE,NA,NA,NA,NA,NA,NA,2,NA
395,2,218396259,219678783,TRUE,201,2084,0.00084476,NA,0.00323971,NA,FALSE,NA,NA,NA,NA,NA,NA,1,"ASD"
396,2,219678784,220771552,TRUE,184,1589,0.000679557,NA,0.0111521,NA,FALSE,NA,NA,NA,NA,NA,NA,1,"ASD"
397,2,220771553,221445191,TRUE,151,1854,NA,0.000733121,NA,0.0311424,FALSE,NA,NA,NA,NA,NA,NA,1,"AN"
398,2,221445192,222327713,TRUE,183,1656,0.00132388,0.000180727,1.18609e-05,0.320557,FALSE,NA,NA,NA,NA,NA,NA,2,NA
399,2,222327714,223353965,TRUE,209,1623,0.000983846,0.000250077,0.0012313,0.277805,FALSE,NA,NA,NA,NA,NA,NA,2,NA
400,2,223353966,224123079,TRUE,157,2031,0.000573675,0.000223674,0.0147714,0.270864,FALSE,NA,NA,NA,NA,NA,NA,2,NA
401,2,224123080,224938731,TRUE,195,1743,0.000373295,NA,0.0951502,NA,FALSE,NA,NA,NA,NA,NA,NA,1,"ASD"
402,2,224938732,226242842,TRUE,234,3162,0.00119818,0.000653268,0.000180413,0.0845999,FALSE,NA,NA,NA,NA,NA,NA,2,NA
403,2,226242843,227557841,TRUE,197,2318,0.000744799,0.000276267,0.00681269,0.252958,FALSE,NA,NA,NA,NA,NA,NA,2,NA
404,2,227557842,228812485,TRUE,275,3434,0.00229203,NA,3.94018e-09,NA,FALSE,NA,NA,NA,NA,NA,NA,1,"ASD"
405,2,228812486,229764918,TRUE,154,2008,0.000646683,NA,0.00734631,NA,FALSE,NA,NA,NA,NA,NA,NA,1,"ASD"
406,2,229764919,230541092,TRUE,239,1946,0.000840814,NA,0.00744673,NA,FALSE,NA,NA,NA,NA,NA,NA,1,"ASD"
407,2,230541093,231847386,TRUE,369,3128,0.0010226,NA,0.005994,NA,FALSE,NA,NA,NA,NA,NA,NA,1,"ASD"
408,2,231847387,233352722,TRUE,322,3171,0.00151354,NA,9.52191e-05,NA,FALSE,NA,NA,NA,NA,NA,NA,1,"ASD"
409,2,233352723,234115092,TRUE,210,1739,0.00102592,0.000206563,0.00083162,0.311093,FALSE,NA,NA,NA,NA,NA,NA,2,NA
410,2,234115093,234945577,TRUE,232,1863,0.000857085,NA,0.00435985,NA,FALSE,NA,NA,NA,NA,NA,NA,1,"ASD"
411,2,234945578,235625789,TRUE,248,2112,0.000354697,0.000295575,0.137261,0.262996,FALSE,NA,NA,NA,NA,NA,NA,2,NA
412,2,235625790,236276287,TRUE,237,1840,0.00106388,NA,0.000919905,NA,FALSE,NA,NA,NA,NA,NA,NA,1,"ASD"
413,2,236276288,237194297,TRUE,199,1712,0.00198091,NA,9.78353e-09,NA,FALSE,NA,NA,NA,NA,NA,NA,1,"ASD"
414,2,237194298,238185482,TRUE,214,1977,0.000368329,NA,0.111382,NA,FALSE,NA,NA,NA,NA,NA,NA,1,"ASD"
415,2,238185483,238814630,TRUE,181,1686,0.00109836,NA,0.000199421,NA,FALSE,NA,NA,NA,NA,NA,NA,1,"ASD"
416,2,238814631,239634350,TRUE,192,2222,0.00116828,NA,0.000122144,NA,FALSE,NA,NA,NA,NA,NA,NA,1,"ASD"
417,2,239634351,240325600,TRUE,253,1592,0.000571467,0.00054877,0.0462431,0.130318,FALSE,NA,NA,NA,NA,NA,NA,2,NA
418,2,240325601,241113279,TRUE,293,2180,0.00089395,0.0012237,0.00845253,0.0126585,TRUE,0.355742,0.355742,FALSE,-0.44011,1,0.301373,2,NA
419,2,241113280,241910366,TRUE,305,2473,0.00136478,0.000362348,0.000424299,0.243526,FALSE,NA,NA,NA,NA,NA,NA,2,NA
420,2,241910367,243188366,TRUE,194,1732,0.000950757,NA,0.00155215,NA,FALSE,NA,NA,NA,NA,NA,NA,1,"ASD"
421,3,60197,795746,TRUE,246,1541,0.00107726,NA,0.00103248,NA,FALSE,NA,NA,NA,NA,NA,NA,1,"ASD"
422,3,795747,1440048,TRUE,305,1908,0.000794135,NA,0.0155492,NA,FALSE,NA,NA,NA,NA,NA,NA,1,"ASD"
423,3,1440049,2140011,TRUE,318,2799,0.00132407,NA,0.000424297,NA,FALSE,NA,NA,NA,NA,NA,NA,1,"ASD"
424,3,2140012,3128152,TRUE,506,2954,0.000114321,NA,0.395125,NA,FALSE,NA,NA,NA,NA,NA,NA,1,"ASD"
425,3,3128153,4109393,TRUE,371,3049,0.00182332,NA,1.02275e-05,NA,FALSE,NA,NA,NA,NA,NA,NA,1,"ASD"
426,3,4109394,4835083,TRUE,298,1857,0.000633775,NA,0.0417153,NA,FALSE,NA,NA,NA,NA,NA,NA,1,"ASD"
427,3,4835084,5496182,TRUE,296,1488,0.00106102,NA,0.00287362,NA,FALSE,NA,NA,NA,NA,NA,NA,1,"ASD"
428,3,5496183,6421145,TRUE,341,2943,0.0015421,NA,8.57622e-05,NA,FALSE,NA,NA,NA,NA,NA,NA,1,"ASD"
429,3,6421146,7529554,TRUE,260,2612,8.02212e-05,NA,0.393319,NA,FALSE,NA,NA,NA,NA,NA,NA,1,"ASD"
430,3,7529555,8664892,TRUE,391,3492,0.000706947,0.000366663,0.0399509,0.266607,FALSE,NA,NA,NA,NA,NA,NA,2,NA
431,3,8664893,9970731,TRUE,489,2767,0.00170013,NA,0.000272225,NA,FALSE,NA,NA,NA,NA,NA,NA,1,"ASD"
432,3,9970732,11226367,TRUE,434,3048,0.00233792,NA,2.78905e-07,NA,FALSE,NA,NA,NA,NA,NA,NA,1,"ASD"
433,3,11226368,11997658,TRUE,223,1754,0.000696961,NA,0.0149967,NA,FALSE,NA,NA,NA,NA,NA,NA,1,"ASD"
434,3,11997659,12859209,TRUE,171,1927,0.00110838,NA,8.54094e-05,NA,FALSE,NA,NA,NA,NA,NA,NA,1,"ASD"
435,3,12859210,14312007,TRUE,485,3550,0.00309373,NA,7.15563e-10,NA,FALSE,NA,NA,NA,NA,NA,NA,1,"ASD"
436,3,14312008,15150876,TRUE,285,1956,0.00147522,0.000558716,4.45562e-05,0.139684,FALSE,NA,NA,NA,NA,NA,NA,2,NA
437,3,15150877,16084005,TRUE,200,1868,0.000744953,NA,0.00742715,NA,FALSE,NA,NA,NA,NA,NA,NA,1,"ASD"
438,3,16084006,17182494,TRUE,358,2921,0.00144277,NA,0.000196021,NA,FALSE,NA,NA,NA,NA,NA,NA,1,"ASD"
439,3,17182495,19030988,TRUE,233,3407,0.00125608,NA,0.000129355,NA,FALSE,NA,NA,NA,NA,NA,NA,1,"ASD"
440,3,19030989,20754842,TRUE,276,3473,0.000679911,NA,0.0245663,NA,FALSE,NA,NA,NA,NA,NA,NA,1,"ASD"
441,3,20754843,21790867,TRUE,345,3068,0.00244517,0.000347316,5.81882e-09,0.26466,FALSE,NA,NA,NA,NA,NA,NA,2,NA
442,3,21790868,22648001,TRUE,297,2951,0.00113208,NA,0.00132017,NA,FALSE,NA,NA,NA,NA,NA,NA,1,"ASD"
443,3,22648002,23426044,TRUE,143,1950,0.000380913,NA,0.0589516,NA,FALSE,NA,NA,NA,NA,NA,NA,1,"ASD"
444,3,23426045,24270189,TRUE,226,1879,0.00137314,0.00031634,2.49583e-05,0.239883,FALSE,NA,NA,NA,NA,NA,NA,2,NA
445,3,24270190,25516193,TRUE,403,3310,0.00174703,NA,3.47897e-05,NA,FALSE,NA,NA,NA,NA,NA,NA,1,"ASD"
446,3,25516194,26905340,TRUE,232,2650,0.000587339,NA,0.0337617,NA,FALSE,NA,NA,NA,NA,NA,NA,1,"ASD"
447,3,26905341,27614908,TRUE,87,1834,0.000807845,9.83353e-05,0.000107577,0.34825,FALSE,NA,NA,NA,NA,NA,NA,2,NA
448,3,27614909,28649810,TRUE,193,1876,0.00066964,NA,0.0121775,NA,FALSE,NA,NA,NA,NA,NA,NA,1,"ASD"
449,3,28649811,29877022,TRUE,407,3478,0.00148518,NA,0.000340249,NA,FALSE,NA,NA,NA,NA,NA,NA,1,"ASD"
450,3,29877023,31269697,TRUE,381,3470,0.00285365,0.000333977,1.66702e-10,0.281767,FALSE,NA,NA,NA,NA,NA,NA,2,NA
451,3,31269698,32378805,TRUE,309,2430,0.00164509,0.000198562,1.75342e-05,0.347005,FALSE,NA,NA,NA,NA,NA,NA,2,NA
452,3,32378806,33020868,TRUE,159,1630,0.000988151,NA,0.000306413,NA,FALSE,NA,NA,NA,NA,NA,NA,1,"ASD"
453,3,33020869,33991869,TRUE,174,1942,0.00061962,0.000480071,0.013416,0.118738,FALSE,NA,NA,NA,NA,NA,NA,2,NA
454,3,33991870,35009559,TRUE,196,2274,0.000748468,0.000358957,0.00591916,0.197279,FALSE,NA,NA,NA,NA,NA,NA,2,NA
455,3,35009560,35913033,TRUE,193,1883,0.000732649,1.12759e-05,0.00639033,0.475875,FALSE,NA,NA,NA,NA,NA,NA,2,NA
456,3,35913034,36840136,TRUE,228,2357,0.000754927,NA,0.0093377,NA,FALSE,NA,NA,NA,NA,NA,NA,1,"ASD"
457,3,36840137,38729767,TRUE,420,3406,0.000966414,0.000228852,0.0115528,0.349755,FALSE,NA,NA,NA,NA,NA,NA,2,NA
458,3,38729768,39605996,TRUE,167,2237,0.00074598,NA,0.00366561,NA,FALSE,NA,NA,NA,NA,NA,NA,1,"ASD"
459,3,39605997,40897627,TRUE,140,2085,0.000195798,NA,0.201078,NA,FALSE,NA,NA,NA,NA,NA,NA,1,"ASD"
460,3,40897628,42301657,TRUE,196,2947,0.000689864,NA,0.0105391,NA,FALSE,NA,NA,NA,NA,NA,NA,1,"ASD"
461,3,42301658,44141693,TRUE,395,3228,0.00110457,0.000966758,0.00438176,0.0590774,FALSE,NA,NA,NA,NA,NA,NA,2,NA
462,3,44141694,45844191,TRUE,315,3298,0.00261632,0.000766728,1.26728e-10,0.0817836,FALSE,NA,NA,NA,NA,NA,NA,2,NA
463,3,45844192,47588461,TRUE,216,3254,0.00152439,NA,2.28243e-06,NA,FALSE,NA,NA,NA,NA,NA,NA,1,"ASD"
464,3,47588462,50387742,TRUE,180,2707,0.00164275,NA,1.31139e-07,NA,FALSE,NA,NA,NA,NA,NA,NA,1,"ASD"
465,3,50387743,51953968,TRUE,86,1664,0.0015524,0.000386387,7.51108e-10,0.0915437,FALSE,NA,NA,NA,NA,NA,NA,2,NA
466,3,51953969,54074844,TRUE,351,3240,0.0015504,NA,8.77217e-05,NA,FALSE,NA,NA,NA,NA,NA,NA,1,"ASD"
467,3,54074845,54892586,TRUE,297,1788,0.000648937,0.000168882,0.0370453,0.364769,FALSE,NA,NA,NA,NA,NA,NA,2,NA
468,3,54892587,55616625,TRUE,313,1797,0.000141649,0.000816231,0.337657,0.0690861,FALSE,NA,NA,NA,NA,NA,NA,2,NA
469,3,55616626,56954878,TRUE,231,3206,0.00153991,0.000618493,3.49756e-06,0.0944779,FALSE,NA,NA,NA,NA,NA,NA,2,NA
470,3,56954879,58557718,TRUE,249,3516,0.000903194,NA,0.00359882,NA,FALSE,NA,NA,NA,NA,NA,NA,1,"ASD"
471,3,58557719,59998583,TRUE,358,3008,0.000399673,NA,0.148734,NA,FALSE,NA,NA,NA,NA,NA,NA,1,"ASD"
472,3,59998584,60571139,TRUE,281,1972,0.00131427,NA,0.000158932,NA,FALSE,NA,NA,NA,NA,NA,NA,1,"ASD"
473,3,60571140,61277587,TRUE,218,1916,0.000756078,NA,0.00806904,NA,FALSE,NA,NA,NA,NA,NA,NA,1,"ASD"
474,3,61277588,62609818,TRUE,460,2626,0.00198482,NA,1.56845e-05,NA,FALSE,NA,NA,NA,NA,NA,NA,1,"ASD"
475,3,62609819,63670803,TRUE,285,2985,0.000964027,NA,0.00380818,NA,FALSE,NA,NA,NA,NA,NA,NA,1,"ASD"
476,3,63670804,64662373,TRUE,296,1855,0.00169756,0.000577179,5.0034e-06,0.136581,FALSE,NA,NA,NA,NA,NA,NA,2,NA
477,3,64662374,65326751,TRUE,284,2044,0.00015956,NA,0.309182,NA,FALSE,NA,NA,NA,NA,NA,NA,1,"ASD"
478,3,65326752,66702084,TRUE,422,2758,0.000718959,NA,0.0492475,NA,FALSE,NA,NA,NA,NA,NA,NA,1,"ASD"
479,3,66702085,67454740,TRUE,181,2117,0.00016847,NA,0.257567,NA,FALSE,NA,NA,NA,NA,NA,NA,1,"ASD"
480,3,67454741,68319770,TRUE,169,1816,0.000753081,0.000399085,0.0044267,0.156748,FALSE,NA,NA,NA,NA,NA,NA,2,NA
481,3,68319771,69784969,TRUE,390,3584,0.00196691,0.000603711,2.94436e-06,0.157882,FALSE,NA,NA,NA,NA,NA,NA,2,NA
482,3,69784970,71223281,TRUE,310,2249,0.0026664,0.00078915,7.47717e-11,0.0745884,FALSE,NA,NA,NA,NA,NA,NA,2,NA
483,3,71223282,72334704,TRUE,471,2398,0.000538311,NA,0.111345,NA,FALSE,NA,NA,NA,NA,NA,NA,1,"ASD"
484,3,72334705,73606612,TRUE,361,2408,0.00160632,NA,7.81193e-05,NA,FALSE,NA,NA,NA,NA,NA,NA,1,"ASD"
485,3,73606613,74383137,TRUE,252,1901,0.00087187,NA,0.0048306,NA,FALSE,NA,NA,NA,NA,NA,NA,1,"ASD"
486,3,74383138,75374967,TRUE,103,1701,0.000295953,NA,0.0984387,NA,FALSE,NA,NA,NA,NA,NA,NA,1,"ASD"
487,3,75374968,76157470,TRUE,27,520,0.000311514,0.000182436,0.0155523,0.127656,FALSE,NA,NA,NA,NA,NA,NA,2,NA
488,3,76157471,77507832,TRUE,312,3158,0.00185547,7.77228e-05,1.76098e-06,0.432373,FALSE,NA,NA,NA,NA,NA,NA,2,NA
489,3,77507833,79023360,TRUE,287,2860,0.000400462,NA,0.121501,NA,FALSE,NA,NA,NA,NA,NA,NA,1,"ASD"
490,3,79023361,80385708,TRUE,178,2428,0.000427255,0.000592218,0.0610171,0.077546,FALSE,NA,NA,NA,NA,NA,NA,2,NA
491,3,80385709,81431496,TRUE,112,2257,0.000838777,0.000262231,0.000240885,0.203606,FALSE,NA,NA,NA,NA,NA,NA,2,NA
492,3,81431497,82532742,TRUE,136,1805,0.000827724,7.01548e-05,0.000748489,0.406725,FALSE,NA,NA,NA,NA,NA,NA,2,NA
493,3,82532743,83529394,TRUE,108,2025,0.000639809,NA,0.00260272,NA,FALSE,NA,NA,NA,NA,NA,NA,1,"ASD"
494,3,83529395,84698480,TRUE,122,2742,0.000439952,NA,0.0282916,NA,FALSE,NA,NA,NA,NA,NA,NA,1,"ASD"
495,3,84698481,85807679,TRUE,130,2677,0.000376444,NA,0.057076,NA,FALSE,NA,NA,NA,NA,NA,NA,1,"ASD"
496,3,85807680,86660979,TRUE,98,1734,NA,4.80672e-05,NA,0.418589,FALSE,NA,NA,NA,NA,NA,NA,1,"AN"
497,3,86660980,87411258,TRUE,80,1700,3.4856e-05,0.000220251,0.403289,0.203997,FALSE,NA,NA,NA,NA,NA,NA,2,NA
498,3,87411259,88375763,TRUE,98,2017,0.000228344,NA,0.125988,NA,FALSE,NA,NA,NA,NA,NA,NA,1,"ASD"
499,3,88375764,89612939,TRUE,125,2587,0.000345766,NA,0.0651482,NA,FALSE,NA,NA,NA,NA,NA,NA,1,"ASD"
500,3,89612940,94250144,TRUE,59,1278,0.000480628,0.000110162,0.00469012,0.302172,FALSE,NA,NA,NA,NA,NA,NA,2,NA
501,3,94250145,95088587,TRUE,70,1804,0.000580706,NA,0.00126178,NA,FALSE,NA,NA,NA,NA,NA,NA,1,"ASD"
502,3,95088588,96055532,TRUE,72,2708,0.000219826,NA,0.102376,NA,FALSE,NA,NA,NA,NA,NA,NA,1,"ASD"
503,3,96055533,97351955,TRUE,82,1505,NA,1.93705e-05,NA,0.451491,FALSE,NA,NA,NA,NA,NA,NA,1,"AN"
504,3,97351956,98212868,TRUE,117,2353,0.000242759,NA,0.134467,NA,FALSE,NA,NA,NA,NA,NA,NA,1,"ASD"
505,3,98212869,99045104,TRUE,144,2144,5.07075e-05,NA,0.402537,NA,FALSE,NA,NA,NA,NA,NA,NA,1,"ASD"
506,3,99045105,100552522,TRUE,182,2590,0.00162131,NA,1.62543e-07,NA,FALSE,NA,NA,NA,NA,NA,NA,1,"ASD"
507,3,100552523,101906989,TRUE,182,2782,0.00066086,NA,0.0103465,NA,FALSE,NA,NA,NA,NA,NA,NA,1,"ASD"
508,3,101906990,103450271,TRUE,146,3467,0.000210216,1.22884e-06,0.192226,0.483107,FALSE,NA,NA,NA,NA,NA,NA,2,NA
509,3,103450272,104116563,TRUE,130,2004,0.0007234,0.000239059,0.00203933,0.238919,FALSE,NA,NA,NA,NA,NA,NA,2,NA
510,3,104116564,104878977,TRUE,134,2072,0.000601216,0.000293347,0.00759863,0.19916,FALSE,NA,NA,NA,NA,NA,NA,2,NA
511,3,104878978,106174685,TRUE,249,3055,0.00180108,0.000677058,5.0421e-07,0.083548,FALSE,NA,NA,NA,NA,NA,NA,2,NA
512,3,106174686,107736519,TRUE,342,2978,0.000659385,NA,0.0431114,NA,FALSE,NA,NA,NA,NA,NA,NA,1,"ASD"
513,3,107736520,108638900,TRUE,173,1967,0.00116398,NA,3.98669e-05,NA,FALSE,NA,NA,NA,NA,NA,NA,1,"ASD"
514,3,108638901,109519606,TRUE,117,1804,5.46256e-05,NA,0.384347,NA,FALSE,NA,NA,NA,NA,NA,NA,1,"ASD"
515,3,109519607,110935508,TRUE,124,2582,0.000255543,NA,0.132512,NA,FALSE,NA,NA,NA,NA,NA,NA,1,"ASD"
516,3,110935509,111693782,TRUE,166,1969,0.00093046,NA,0.000529632,NA,FALSE,NA,NA,NA,NA,NA,NA,1,"ASD"
517,3,111693783,112408513,TRUE,150,1864,0.000906025,NA,0.000453366,NA,FALSE,NA,NA,NA,NA,NA,NA,1,"ASD"
518,3,112408514,113657665,TRUE,243,2905,0.00052005,NA,0.0516493,NA,FALSE,NA,NA,NA,NA,NA,NA,1,"ASD"
519,3,113657666,115649909,TRUE,375,3091,0.00247951,NA,1.37241e-08,NA,FALSE,NA,NA,NA,NA,NA,NA,1,"ASD"
520,3,115649910,116498570,TRUE,169,1886,0.00100984,NA,0.000252556,NA,FALSE,NA,NA,NA,NA,NA,NA,1,"ASD"
521,3,116498571,117241644,TRUE,212,1740,0.000968796,NA,0.0016786,NA,FALSE,NA,NA,NA,NA,NA,NA,1,"ASD"
522,3,117241645,118086929,TRUE,144,2003,0.000843811,NA,0.000742711,NA,FALSE,NA,NA,NA,NA,NA,NA,1,"ASD"
523,3,118086930,118903053,TRUE,158,1904,0.000550948,0.000219977,0.0178314,0.274553,FALSE,NA,NA,NA,NA,NA,NA,2,NA
524,3,118903054,119759983,TRUE,194,1946,0.000657021,NA,0.0123171,NA,FALSE,NA,NA,NA,NA,NA,NA,1,"ASD"
525,3,119759984,120574477,TRUE,192,1835,0.000126769,NA,0.316922,NA,FALSE,NA,NA,NA,NA,NA,NA,1,"ASD"
526,3,120574478,121362442,TRUE,68,1688,0.00049326,NA,0.00574862,NA,FALSE,NA,NA,NA,NA,NA,NA,1,"ASD"
527,3,121362443,122340832,TRUE,176,2230,0.000239574,NA,0.178207,NA,FALSE,NA,NA,NA,NA,NA,NA,1,"ASD"
528,3,122340833,123518507,TRUE,213,2210,0.000636677,NA,0.0208905,NA,FALSE,NA,NA,NA,NA,NA,NA,1,"ASD"
529,3,123518508,124823006,TRUE,280,2968,0.00117365,NA,0.000623201,NA,FALSE,NA,NA,NA,NA,NA,NA,1,"ASD"
530,3,124823007,125475722,TRUE,123,1639,0.000659824,NA,0.00430325,NA,FALSE,NA,NA,NA,NA,NA,NA,1,"ASD"
531,3,125475723,125992650,TRUE,72,1321,0.000366695,6.61985e-05,0.0259532,0.37921,FALSE,NA,NA,NA,NA,NA,NA,2,NA
532,3,125992651,127495173,TRUE,352,3458,0.0010081,8.33518e-05,0.00577756,0.43243,FALSE,NA,NA,NA,NA,NA,NA,2,NA
533,3,127495174,129091975,TRUE,240,2877,0.00153964,NA,6.46652e-06,NA,FALSE,NA,NA,NA,NA,NA,NA,1,"ASD"
534,3,129091976,130242360,TRUE,136,2046,0.000793778,NA,0.0014513,NA,FALSE,NA,NA,NA,NA,NA,NA,1,"ASD"
535,3,130242361,131373470,TRUE,135,1889,0.000693861,3.09366e-05,0.00351807,0.449269,FALSE,NA,NA,NA,NA,NA,NA,2,NA
536,3,131373471,132124018,TRUE,133,2416,0.000838264,NA,0.000537414,NA,FALSE,NA,NA,NA,NA,NA,NA,1,"ASD"
537,3,132124019,132925967,TRUE,132,1826,0.000313228,NA,0.0889588,NA,FALSE,NA,NA,NA,NA,NA,NA,1,"ASD"
538,3,132925968,133718493,TRUE,245,1799,0.00132395,0.00036775,8.71825e-05,0.216794,FALSE,NA,NA,NA,NA,NA,NA,2,NA
539,3,133718494,135288394,TRUE,387,3234,0.00094012,0.000105811,0.0107374,0.420936,FALSE,NA,NA,NA,NA,NA,NA,2,NA
540,3,135288395,137372141,TRUE,229,3115,0.000581795,0.000382338,0.0322977,0.200772,FALSE,NA,NA,NA,NA,NA,NA,2,NA
541,3,137372142,138693846,TRUE,192,2019,0.00101362,NA,0.000530264,NA,FALSE,NA,NA,NA,NA,NA,NA,1,"ASD"
542,3,138693847,139831267,TRUE,256,2316,0.0004594,0.000127637,0.0783783,0.386327,FALSE,NA,NA,NA,NA,NA,NA,2,NA
543,3,139831268,141034637,TRUE,282,2410,0.000531094,0.000103192,0.0645308,0.409697,FALSE,NA,NA,NA,NA,NA,NA,2,NA
544,3,141034638,141898978,TRUE,185,1828,0.000760777,NA,0.00535304,NA,FALSE,NA,NA,NA,NA,NA,NA,1,"ASD"
545,3,141898979,142976707,TRUE,201,1977,0.000608741,NA,0.0212709,NA,FALSE,NA,NA,NA,NA,NA,NA,1,"ASD"
546,3,142976708,144408821,TRUE,305,3034,0.00113095,NA,0.00138448,NA,FALSE,NA,NA,NA,NA,NA,NA,1,"ASD"
547,3,144408822,145211907,TRUE,89,1857,0.000819903,2.60746e-05,0.000210097,0.444283,FALSE,NA,NA,NA,NA,NA,NA,2,NA
548,3,145211908,145903838,TRUE,138,2051,0.000411786,5.59307e-05,0.0463374,0.422633,FALSE,NA,NA,NA,NA,NA,NA,2,NA
549,3,145903839,147358243,TRUE,281,3427,0.000570898,NA,0.0499872,NA,FALSE,NA,NA,NA,NA,NA,NA,1,"ASD"
550,3,147358244,148638308,TRUE,245,2685,0.00111675,0.000721017,0.000841392,0.0698598,FALSE,NA,NA,NA,NA,NA,NA,2,NA
551,3,148638309,149998411,TRUE,346,3052,0.00168396,NA,2.3039e-05,NA,FALSE,NA,NA,NA,NA,NA,NA,1,"ASD"
552,3,149998412,151131307,TRUE,269,2131,0.000902143,8.10309e-05,0.00524073,0.424694,FALSE,NA,NA,NA,NA,NA,NA,2,NA
553,3,151131308,151904021,TRUE,177,1988,0.000286474,0.00011257,0.13834,0.378275,FALSE,NA,NA,NA,NA,NA,NA,2,NA
554,3,151904022,153406718,TRUE,312,3243,0.00151405,NA,4.3214e-05,NA,FALSE,NA,NA,NA,NA,NA,NA,1,"ASD"
555,3,153406719,155046423,TRUE,220,3253,0.000848957,NA,0.0048524,NA,FALSE,NA,NA,NA,NA,NA,NA,1,"ASD"
556,3,155046424,155928190,TRUE,135,1885,0.00106327,NA,3.4466e-05,NA,FALSE,NA,NA,NA,NA,NA,NA,1,"ASD"
557,3,155928191,156795410,TRUE,146,1834,0.000511932,NA,0.0216294,NA,FALSE,NA,NA,NA,NA,NA,NA,1,"ASD"
558,3,156795411,157633700,TRUE,154,1923,0.000198197,0.00031694,0.205093,0.197729,FALSE,NA,NA,NA,NA,NA,NA,2,NA
559,3,157633701,158460058,TRUE,79,1988,0.000213164,0.000231455,0.116032,0.19207,FALSE,NA,NA,NA,NA,NA,NA,2,NA
560,3,158460059,159478751,TRUE,192,1854,0.000144496,0.000375157,0.29524,0.185133,FALSE,NA,NA,NA,NA,NA,NA,2,NA
561,3,159478752,160584961,TRUE,151,1935,0.000412748,NA,0.0535464,NA,FALSE,NA,NA,NA,NA,NA,NA,1,"ASD"
562,3,160584962,161628883,TRUE,119,2448,0.000447109,0.000406046,0.0250608,0.114278,FALSE,NA,NA,NA,NA,NA,NA,2,NA
563,3,161628884,162622604,TRUE,141,3257,0.000365145,0.000174205,0.0647832,0.304487,FALSE,NA,NA,NA,NA,NA,NA,2,NA
564,3,162622605,163250112,TRUE,36,1938,0.000211381,7.61452e-05,0.0496039,0.315208,FALSE,NA,NA,NA,NA,NA,NA,2,NA
565,3,163250113,164037360,TRUE,64,2076,0.000135298,8.1721e-05,0.192984,0.349336,FALSE,NA,NA,NA,NA,NA,NA,2,NA
566,3,164037361,165054911,TRUE,120,1909,0.000160891,0.000149481,0.222357,0.314973,FALSE,NA,NA,NA,NA,NA,NA,2,NA
567,3,165054912,165936511,TRUE,107,2332,0.000202666,2.6758e-05,0.164082,0.448281,FALSE,NA,NA,NA,NA,NA,NA,2,NA
568,3,165936512,167118893,TRUE,121,3433,NA,0.000223534,NA,0.244907,FALSE,NA,NA,NA,NA,NA,NA,1,"AN"
569,3,167118894,168972662,TRUE,267,3297,0.00191331,0.000450932,1.55507e-07,0.181168,FALSE,NA,NA,NA,NA,NA,NA,2,NA
570,3,168972663,170174578,TRUE,248,2207,0.00149372,NA,1.28224e-05,NA,FALSE,NA,NA,NA,NA,NA,NA,1,"ASD"
571,3,170174579,171134849,TRUE,242,1909,0.000790165,NA,0.00825575,NA,FALSE,NA,NA,NA,NA,NA,NA,1,"ASD"
572,3,171134850,172004760,TRUE,184,1760,0.000692571,NA,0.00944143,NA,FALSE,NA,NA,NA,NA,NA,NA,1,"ASD"
573,3,172004761,173415591,TRUE,296,2671,0.00141033,NA,0.000164353,NA,FALSE,NA,NA,NA,NA,NA,NA,1,"ASD"
574,3,173415592,174684707,TRUE,259,2706,0.00195659,NA,8.18513e-08,NA,FALSE,NA,NA,NA,NA,NA,NA,1,"ASD"
575,3,174684708,175671424,TRUE,199,2366,0.000434894,0.000385588,0.0761067,0.183041,FALSE,NA,NA,NA,NA,NA,NA,2,NA
576,3,175671425,176931163,TRUE,221,3036,0.000869004,NA,0.00359099,NA,FALSE,NA,NA,NA,NA,NA,NA,1,"ASD"
577,3,176931164,178110322,TRUE,317,2334,0.000953779,NA,0.00611871,NA,FALSE,NA,NA,NA,NA,NA,NA,1,"ASD"
578,3,178110323,179372165,TRUE,236,2560,0.000497662,NA,0.0565734,NA,FALSE,NA,NA,NA,NA,NA,NA,1,"ASD"
579,3,179372166,181424323,TRUE,268,2904,0.00170669,0.000763257,2.30728e-06,0.067444,FALSE,NA,NA,NA,NA,NA,NA,2,NA
580,3,181424324,183203155,TRUE,268,2478,0.000462699,NA,0.086609,NA,FALSE,NA,NA,NA,NA,NA,NA,1,"ASD"
581,3,183203156,184524268,TRUE,432,2925,0.00145844,NA,0.000707201,NA,FALSE,NA,NA,NA,NA,NA,NA,1,"ASD"
582,3,184524269,185709996,TRUE,193,2171,0.00127437,NA,2.5347e-05,NA,FALSE,NA,NA,NA,NA,NA,NA,1,"ASD"
583,3,185709997,186602045,TRUE,319,1835,0.00165934,NA,1.68342e-05,NA,FALSE,NA,NA,NA,NA,NA,NA,1,"ASD"
584,3,186602046,187939199,TRUE,496,3208,0.00232289,NA,2.06431e-06,NA,FALSE,NA,NA,NA,NA,NA,NA,1,"ASD"
585,3,187939200,189451805,TRUE,351,2915,0.000922401,NA,0.0107984,NA,FALSE,NA,NA,NA,NA,NA,NA,1,"ASD"
586,3,189451806,190591293,TRUE,295,3037,0.000803553,NA,0.0139049,NA,FALSE,NA,NA,NA,NA,NA,NA,1,"ASD"
587,3,190591294,191229357,TRUE,113,1854,0.000288774,0.000434245,0.0915896,0.0949374,FALSE,NA,NA,NA,NA,NA,NA,2,NA
588,3,191229358,192049688,TRUE,182,2567,0.000664658,NA,0.010092,NA,FALSE,NA,NA,NA,NA,NA,NA,1,"ASD"
589,3,192049689,193122090,TRUE,209,2191,0.00124664,NA,8.87774e-05,NA,FALSE,NA,NA,NA,NA,NA,NA,1,"ASD"
590,3,193122091,194217140,TRUE,283,2268,0.00151136,NA,4.2062e-05,NA,FALSE,NA,NA,NA,NA,NA,NA,1,"ASD"
591,3,194217141,195196789,TRUE,329,3125,0.000695337,NA,0.0386954,NA,FALSE,NA,NA,NA,NA,NA,NA,1,"ASD"
592,3,195196790,195710290,TRUE,110,750,0.000545554,NA,0.0147203,NA,FALSE,NA,NA,NA,NA,NA,NA,1,"ASD"
593,3,195710291,196383152,TRUE,232,1699,0.00121684,NA,0.000163158,NA,FALSE,NA,NA,NA,NA,NA,NA,1,"ASD"
594,3,196383153,197147990,TRUE,246,1747,0.000570259,NA,0.0406582,NA,FALSE,NA,NA,NA,NA,NA,NA,1,"ASD"
595,3,197147991,197962380,TRUE,125,1183,0.000640417,NA,0.00511751,NA,FALSE,NA,NA,NA,NA,NA,NA,1,"ASD"
596,4,10227,812415,TRUE,87,1370,0.000994386,0.000329739,2.80574e-05,0.125654,FALSE,NA,NA,NA,NA,NA,NA,2,NA
597,4,812416,1529267,TRUE,162,1871,0.00158219,4.5375e-05,3.78678e-07,0.439061,FALSE,NA,NA,NA,NA,NA,NA,2,NA
598,4,1529268,2468935,TRUE,213,1818,0.00147286,0.000586921,2.58955e-05,0.0970711,FALSE,NA,NA,NA,NA,NA,NA,2,NA
599,4,2468936,3549229,TRUE,264,2316,0.000549987,NA,0.0549888,NA,FALSE,NA,NA,NA,NA,NA,NA,1,"ASD"
600,4,3549230,4266178,TRUE,100,709,0.000387832,NA,0.0542273,NA,FALSE,NA,NA,NA,NA,NA,NA,1,"ASD"
601,4,4266179,5051834,TRUE,326,2241,0.000774951,NA,0.0207119,NA,FALSE,NA,NA,NA,NA,NA,NA,1,"ASD"
602,4,5051835,5972709,TRUE,339,2786,0.0013815,0.000381957,0.000414942,0.243793,FALSE,NA,NA,NA,NA,NA,NA,2,NA
603,4,5972710,7135819,TRUE,478,2697,0.00200708,NA,3.43506e-05,NA,FALSE,NA,NA,NA,NA,NA,NA,1,"ASD"
604,4,7135820,7726034,TRUE,461,2225,0.00346173,4.99278e-05,1.58417e-11,0.460952,FALSE,NA,NA,NA,NA,NA,NA,2,NA
605,4,7726035,8309826,TRUE,314,1681,0.000832113,NA,0.0144249,NA,FALSE,NA,NA,NA,NA,NA,NA,1,"ASD"
606,4,8309827,8882616,TRUE,153,1221,0.000653922,0.000181038,0.00939482,0.305301,FALSE,NA,NA,NA,NA,NA,NA,2,NA
607,4,8882617,9482867,FALSE,NA,NA,NA,NA,NA,NA,FALSE,NA,NA,NA,NA,NA,NA,NA,NA
608,4,9482868,9916156,FALSE,NA,NA,NA,NA,NA,NA,FALSE,NA,NA,NA,NA,NA,NA,NA,NA
609,4,9916157,10370666,TRUE,83,1701,0.000655575,NA,0.000784779,NA,FALSE,NA,NA,NA,NA,NA,NA,1,"ASD"
610,4,10370667,11050119,TRUE,194,1797,0.000477404,NA,0.0480904,NA,FALSE,NA,NA,NA,NA,NA,NA,1,"ASD"
611,4,11050120,12209028,TRUE,277,3269,0.00165856,NA,7.27808e-06,NA,FALSE,NA,NA,NA,NA,NA,NA,1,"ASD"
612,4,12209029,13127576,TRUE,209,2654,NA,0.000495098,NA,0.132082,FALSE,NA,NA,NA,NA,NA,NA,1,"AN"
613,4,13127577,14395886,TRUE,321,3269,0.000926316,0.000239976,0.00807972,0.322633,FALSE,NA,NA,NA,NA,NA,NA,2,NA
614,4,14395887,14967147,TRUE,138,1837,0.00044424,0.000200865,0.0356392,0.278169,FALSE,NA,NA,NA,NA,NA,NA,2,NA
615,4,14967148,15910801,TRUE,219,2211,0.000751907,0.000492285,0.00878232,0.138604,FALSE,NA,NA,NA,NA,NA,NA,2,NA
616,4,15910802,17290236,TRUE,406,3241,0.00190953,NA,7.88123e-06,NA,FALSE,NA,NA,NA,NA,NA,NA,1,"ASD"
617,4,17290237,18753263,TRUE,265,3125,0.00058795,8.00328e-05,0.0405589,0.424919,FALSE,NA,NA,NA,NA,NA,NA,2,NA
618,4,18753264,20086838,TRUE,189,3591,0.000783081,NA,0.00413673,NA,FALSE,NA,NA,NA,NA,NA,NA,1,"ASD"
619,4,20086839,21416380,TRUE,393,3370,0.00163373,0.000641052,8.11747e-05,0.144916,FALSE,NA,NA,NA,NA,NA,NA,2,NA
620,4,21416381,22835185,TRUE,267,3517,0.000708028,NA,0.0197226,NA,FALSE,NA,NA,NA,NA,NA,NA,1,"ASD"
621,4,22835186,23858350,TRUE,196,1824,0.000999027,NA,0.00065023,NA,FALSE,NA,NA,NA,NA,NA,NA,1,"ASD"
622,4,23858351,24764724,TRUE,286,1874,0.000464725,0.000203034,0.0920609,0.338296,FALSE,NA,NA,NA,NA,NA,NA,2,NA
623,4,24764725,25832018,TRUE,299,2503,0.00158349,0.000394985,2.54307e-05,0.223241,FALSE,NA,NA,NA,NA,NA,NA,2,NA
624,4,25832019,27385580,TRUE,373,2524,0.00226704,0.000691157,1.32181e-07,0.121831,FALSE,NA,NA,NA,NA,NA,NA,2,NA
625,4,27385581,28177792,TRUE,199,2280,0.000289965,NA,0.151672,NA,FALSE,NA,NA,NA,NA,NA,NA,1,"ASD"
626,4,28177793,28927438,TRUE,123,2147,0.000308545,NA,0.0871339,NA,FALSE,NA,NA,NA,NA,NA,NA,1,"ASD"
627,4,28927439,29758399,TRUE,127,2053,0.000497998,NA,0.0204152,NA,FALSE,NA,NA,NA,NA,NA,NA,1,"ASD"
628,4,29758400,30455555,TRUE,117,1839,0.000747083,0.000291687,0.00162226,0.185311,FALSE,NA,NA,NA,NA,NA,NA,2,NA
629,4,30455556,31395092,TRUE,177,2546,0.00104094,NA,0.000290171,NA,FALSE,NA,NA,NA,NA,NA,NA,1,"ASD"
630,4,31395093,32260117,TRUE,107,2184,9.30027e-06,NA,0.464231,NA,FALSE,NA,NA,NA,NA,NA,NA,1,"ASD"
631,4,32260118,32746820,TRUE,61,1590,0.000459546,NA,0.00560899,NA,FALSE,NA,NA,NA,NA,NA,NA,1,"ASD"
632,4,32746821,33640822,TRUE,50,1435,0.000316742,0.000262489,0.0287087,0.115909,FALSE,NA,NA,NA,NA,NA,NA,2,NA
633,4,33640823,34721845,TRUE,38,1854,0.000211453,2.17169e-05,0.0609475,0.424318,FALSE,NA,NA,NA,NA,NA,NA,2,NA
634,4,34721846,35411236,TRUE,111,1543,0.000378778,NA,0.0491262,NA,FALSE,NA,NA,NA,NA,NA,NA,1,"ASD"
635,4,35411237,35993838,TRUE,72,2179,0.000206451,NA,0.113686,NA,FALSE,NA,NA,NA,NA,NA,NA,1,"ASD"
636,4,35993839,36671801,TRUE,153,1927,0.000146323,0.000324198,0.267658,0.192024,FALSE,NA,NA,NA,NA,NA,NA,2,NA
637,4,36671802,37880860,TRUE,358,3826,0.00138699,NA,0.000335855,NA,FALSE,NA,NA,NA,NA,NA,NA,1,"ASD"
638,4,37880861,38984838,TRUE,407,3102,0.000784367,NA,0.0313294,NA,FALSE,NA,NA,NA,NA,NA,NA,1,"ASD"
639,4,38984839,39820061,FALSE,NA,NA,NA,NA,NA,NA,FALSE,NA,NA,NA,NA,NA,NA,NA,NA
640,4,39820062,40590541,TRUE,266,1828,0.000932045,NA,0.00491417,NA,FALSE,NA,NA,NA,NA,NA,NA,1,"ASD"
641,4,40590542,41360937,TRUE,220,1896,0.000277314,NA,0.172259,NA,FALSE,NA,NA,NA,NA,NA,NA,1,"ASD"
642,4,41360938,42189251,TRUE,142,1792,0.000493239,0.000166437,0.0260902,0.312354,FALSE,NA,NA,NA,NA,NA,NA,2,NA
643,4,42189252,43192424,TRUE,219,3102,1.44689e-05,0.000395669,0.467663,0.188103,FALSE,NA,NA,NA,NA,NA,NA,2,NA
644,4,43192425,43962561,TRUE,112,1942,0.000367644,NA,0.048202,NA,FALSE,NA,NA,NA,NA,NA,NA,1,"ASD"
645,4,43962562,45186767,TRUE,216,3470,0.000361572,0.000336072,0.109398,0.222353,FALSE,NA,NA,NA,NA,NA,NA,2,NA
646,4,45186768,46358360,TRUE,153,2036,0.00149077,0.000454769,2.92566e-07,0.116653,FALSE,NA,NA,NA,NA,NA,NA,2,NA
647,4,46358361,47408265,TRUE,199,1818,0.000260891,0.000750895,0.175364,0.0458758,FALSE,NA,NA,NA,NA,NA,NA,2,NA
648,4,47408266,49325138,TRUE,252,3115,0.000651263,0.000244807,0.0237306,0.298842,FALSE,NA,NA,NA,NA,NA,NA,2,NA
649,4,49325139,53879571,TRUE,91,1555,0.000509765,NA,0.00894635,NA,FALSE,NA,NA,NA,NA,NA,NA,1,"ASD"
650,4,53879572,54659778,TRUE,150,1768,0.0012686,NA,4.32521e-06,NA,FALSE,NA,NA,NA,NA,NA,NA,1,"ASD"
651,4,54659779,55681701,TRUE,239,1907,0.00132453,NA,6.11807e-05,NA,FALSE,NA,NA,NA,NA,NA,NA,1,"ASD"
652,4,55681702,57103100,TRUE,320,3417,0.000738549,NA,0.0235662,NA,FALSE,NA,NA,NA,NA,NA,NA,1,"ASD"
653,4,57103101,58011085,TRUE,247,2470,0.00127121,NA,0.000145726,NA,FALSE,NA,NA,NA,NA,NA,NA,1,"ASD"
654,4,58011086,58940256,TRUE,247,2481,0.000857653,8.46363e-05,0.0052882,0.418573,FALSE,NA,NA,NA,NA,NA,NA,2,NA
655,4,58940257,59692948,TRUE,119,2087,0.000258018,0.000197875,0.120336,0.266662,FALSE,NA,NA,NA,NA,NA,NA,2,NA
656,4,59692949,60746709,TRUE,198,2961,8.08565e-05,5.6849e-05,0.374817,0.434352,FALSE,NA,NA,NA,NA,NA,NA,2,NA
657,4,60746710,61971161,TRUE,138,3502,0.00041097,0.000335776,0.0499963,0.172641,FALSE,NA,NA,NA,NA,NA,NA,2,NA
658,4,61971162,63337954,TRUE,304,2742,0.00062442,0.000427219,0.0423623,0.207975,FALSE,NA,NA,NA,NA,NA,NA,2,NA
659,4,63337955,64117431,TRUE,105,2068,0.0012505,NA,1.37011e-06,NA,FALSE,NA,NA,NA,NA,NA,NA,1,"ASD"
660,4,64117432,65563100,TRUE,135,3346,0.00110148,NA,3.40555e-05,NA,FALSE,NA,NA,NA,NA,NA,NA,1,"ASD"
661,4,65563101,66597446,TRUE,185,2795,0.00114419,NA,0.000101209,NA,FALSE,NA,NA,NA,NA,NA,NA,1,"ASD"
662,4,66597447,67616362,TRUE,155,2327,0.000923139,NA,0.000584655,NA,FALSE,NA,NA,NA,NA,NA,NA,1,"ASD"
663,4,67616363,68742859,TRUE,165,2582,0.000904114,NA,0.000877253,NA,FALSE,NA,NA,NA,NA,NA,NA,1,"ASD"
664,4,68742860,69603368,TRUE,76,1337,0.000491964,NA,0.00836597,NA,FALSE,NA,NA,NA,NA,NA,NA,1,"ASD"
665,4,69603369,70516836,TRUE,66,3038,0.00122421,NA,2.53283e-08,NA,FALSE,NA,NA,NA,NA,NA,NA,1,"ASD"
666,4,70516837,71468300,TRUE,115,2789,NA,0.000280899,NA,0.191642,FALSE,NA,NA,NA,NA,NA,NA,1,"AN"
667,4,71468301,73258294,TRUE,161,2770,0.00146904,8.35063e-05,2.25614e-06,0.400871,FALSE,NA,NA,NA,NA,NA,NA,2,NA
668,4,73258295,74885900,TRUE,156,2858,0.000956579,NA,0.000402781,NA,FALSE,NA,NA,NA,NA,NA,NA,1,"ASD"
669,4,74885901,76497358,TRUE,223,3372,0.001093,NA,0.000413058,NA,FALSE,NA,NA,NA,NA,NA,NA,1,"ASD"
670,4,76497359,78045637,TRUE,310,3796,0.00105274,0.000520129,0.00256946,0.165712,FALSE,NA,NA,NA,NA,NA,NA,2,NA
671,4,78045638,78967715,TRUE,141,2194,0.000494855,NA,0.0247734,NA,FALSE,NA,NA,NA,NA,NA,NA,1,"ASD"
672,4,78967716,79880101,TRUE,136,1898,0.00083158,NA,0.000705822,NA,FALSE,NA,NA,NA,NA,NA,NA,1,"ASD"
673,4,79880102,81206182,TRUE,198,2632,0.000187002,0.000118353,0.247642,0.379567,FALSE,NA,NA,NA,NA,NA,NA,2,NA
674,4,81206183,82655623,TRUE,163,2428,0.000514161,6.59833e-05,0.0302591,0.4187,FALSE,NA,NA,NA,NA,NA,NA,2,NA
675,4,82655624,84003062,TRUE,218,2997,0.000552803,0.000227132,0.0411331,0.298683,FALSE,NA,NA,NA,NA,NA,NA,2,NA
676,4,84003063,85437805,TRUE,206,2579,0.000976104,NA,0.00121652,NA,FALSE,NA,NA,NA,NA,NA,NA,1,"ASD"
677,4,85437806,86931670,TRUE,133,2990,0.00104591,0.000446771,4.68812e-05,0.105638,FALSE,NA,NA,NA,NA,NA,NA,2,NA
678,4,86931671,88502717,TRUE,219,3346,0.000899122,NA,0.00251126,NA,FALSE,NA,NA,NA,NA,NA,NA,1,"ASD"
679,4,88502718,89244554,TRUE,183,2027,0.000636771,NA,0.0134199,NA,FALSE,NA,NA,NA,NA,NA,NA,1,"ASD"
680,4,89244555,90236971,TRUE,171,1936,0.000720678,NA,0.00577426,NA,FALSE,NA,NA,NA,NA,NA,NA,1,"ASD"
681,4,90236972,91309863,TRUE,157,2361,0.000431599,NA,0.0500802,NA,FALSE,NA,NA,NA,NA,NA,NA,1,"ASD"
682,4,91309864,92219192,FALSE,NA,NA,NA,NA,NA,NA,FALSE,NA,NA,NA,NA,NA,NA,NA,NA
683,4,92219193,93451599,TRUE,185,2103,0.000498277,NA,0.0409904,NA,FALSE,NA,NA,NA,NA,NA,NA,1,"ASD"
684,4,93451600,94757265,TRUE,210,2638,0.00119128,NA,0.000134477,NA,FALSE,NA,NA,NA,NA,NA,NA,1,"ASD"
685,4,94757266,96183801,TRUE,233,3101,0.000758009,0.000140159,0.010301,0.371063,FALSE,NA,NA,NA,NA,NA,NA,2,NA
686,4,96183802,97540787,TRUE,254,3513,0.00197528,NA,6.02689e-08,NA,FALSE,NA,NA,NA,NA,NA,NA,1,"ASD"
687,4,97540788,98445515,TRUE,146,1884,0.00090607,0.00100021,0.000403401,0.00603903,TRUE,0.516316,0.516316,FALSE,-0.04212,1,0.078986,2,NA
688,4,98445516,99532480,TRUE,78,2064,0.00105547,0.000320908,1.00126e-06,0.119886,FALSE,NA,NA,NA,NA,NA,NA,2,NA
689,4,99532481,100333334,TRUE,144,2219,0.00069153,0.000175992,0.00379374,0.304652,FALSE,NA,NA,NA,NA,NA,NA,2,NA
690,4,100333335,101132995,TRUE,163,1872,0.00129421,NA,5.49054e-06,NA,FALSE,NA,NA,NA,NA,NA,NA,1,"ASD"
691,4,101132996,102544803,TRUE,223,3222,0.00193091,2.82227e-05,2.70868e-08,0.462801,FALSE,NA,NA,NA,NA,NA,NA,2,NA
692,4,102544804,104384534,TRUE,254,3307,0.00160099,0.00029097,4.31895e-06,0.268386,FALSE,NA,NA,NA,NA,NA,NA,2,NA
693,4,104384535,105319195,TRUE,104,1679,0.000857714,0.000924225,0.000192228,0.00361602,TRUE,0.668454,0.668454,FALSE,0.13409,1,0.0196807,2,NA
694,4,105319196,106479155,TRUE,225,2337,0.000516739,0.00072898,0.0461601,0.0603936,FALSE,NA,NA,NA,NA,NA,NA,2,NA
695,4,106479156,108131206,TRUE,237,2903,0.00146934,NA,1.49206e-05,NA,FALSE,NA,NA,NA,NA,NA,NA,1,"ASD"
696,4,108131207,109122458,TRUE,169,1761,0.000725478,NA,0.00501815,NA,FALSE,NA,NA,NA,NA,NA,NA,1,"ASD"
697,4,109122459,109978982,TRUE,184,1932,0.00107351,NA,0.000186238,NA,FALSE,NA,NA,NA,NA,NA,NA,1,"ASD"
698,4,109978983,111733579,TRUE,335,3381,0.00133607,NA,0.000435474,NA,FALSE,NA,NA,NA,NA,NA,NA,1,"ASD"
699,4,111733580,112830229,TRUE,162,1933,0.000214617,NA,0.202139,NA,FALSE,NA,NA,NA,NA,NA,NA,1,"ASD"
700,4,112830230,113916002,TRUE,173,1958,0.000687232,NA,0.00812851,NA,FALSE,NA,NA,NA,NA,NA,NA,1,"ASD"
701,4,113916003,115306149,TRUE,279,2843,0.00068786,0.000880852,0.0241269,0.0464932,TRUE,-0.70301,-0.70301,FALSE,-1,0.16163,0.103992,2,NA
702,4,115306150,116204703,TRUE,98,1941,0.000483825,0.000314372,0.0130009,0.149024,FALSE,NA,NA,NA,NA,NA,NA,2,NA
703,4,116204704,117313636,TRUE,93,2313,5.29707e-05,0.000376097,0.375443,0.104803,FALSE,NA,NA,NA,NA,NA,NA,2,NA
704,4,117313637,118395262,TRUE,187,2861,0.000797835,NA,0.00354888,NA,FALSE,NA,NA,NA,NA,NA,NA,1,"ASD"
705,4,118395263,119138097,TRUE,123,1864,0.000524632,0.000653467,0.0131139,0.0332645,TRUE,0.58011,0.58011,FALSE,-0.29744,1,0.156676,2,NA
706,4,119138098,119927262,TRUE,131,1803,0.000813853,NA,0.000643617,NA,FALSE,NA,NA,NA,NA,NA,NA,1,"ASD"
707,4,119927263,120563073,TRUE,77,1892,0.000300704,NA,0.0491932,NA,FALSE,NA,NA,NA,NA,NA,NA,1,"ASD"
708,4,120563074,121393008,TRUE,141,1922,0.000250076,0.000607374,0.145867,0.053022,FALSE,NA,NA,NA,NA,NA,NA,2,NA
709,4,121393009,121981243,TRUE,111,1877,0.000293905,NA,0.0854662,NA,FALSE,NA,NA,NA,NA,NA,NA,1,"ASD"
710,4,121981244,122655434,TRUE,203,2078,0.000457311,NA,0.058078,NA,FALSE,NA,NA,NA,NA,NA,NA,1,"ASD"
711,4,122655435,123768693,TRUE,174,2005,0.000781416,0.000205425,0.00313432,0.295614,FALSE,NA,NA,NA,NA,NA,NA,2,NA
712,4,123768694,124534997,TRUE,123,1866,0.000998719,NA,5.52713e-05,NA,FALSE,NA,NA,NA,NA,NA,NA,1,"ASD"
713,4,124534998,125486535,TRUE,173,2389,0.000639395,NA,0.0108312,NA,FALSE,NA,NA,NA,NA,NA,NA,1,"ASD"
714,4,125486536,126476842,TRUE,238,2573,0.00066699,NA,0.0191914,NA,FALSE,NA,NA,NA,NA,NA,NA,1,"ASD"
715,4,126476843,127279171,TRUE,169,1963,0.000705191,0.000181921,0.00656338,0.312979,FALSE,NA,NA,NA,NA,NA,NA,2,NA
716,4,127279172,128321876,TRUE,175,2291,0.000232601,NA,0.185951,NA,FALSE,NA,NA,NA,NA,NA,NA,1,"ASD"
717,4,128321877,129625376,TRUE,178,1931,0.00208509,0.000470381,2.59436e-10,0.125707,FALSE,NA,NA,NA,NA,NA,NA,2,NA
718,4,129625377,131098950,TRUE,218,2990,0.00110281,NA,0.000333649,NA,FALSE,NA,NA,NA,NA,NA,NA,1,"ASD"
719,4,131098951,131873453,TRUE,127,1908,0.000529328,NA,0.0150185,NA,FALSE,NA,NA,NA,NA,NA,NA,1,"ASD"
720,4,131873454,132801980,TRUE,94,1448,0.000349405,0.00027832,0.0486694,0.171238,FALSE,NA,NA,NA,NA,NA,NA,2,NA
721,4,132801981,133524886,TRUE,46,1558,NA,1.00617e-05,NA,0.453044,FALSE,NA,NA,NA,NA,NA,NA,1,"AN"
722,4,133524887,134109978,TRUE,46,1432,0.000139401,0.00012091,0.163141,0.264002,FALSE,NA,NA,NA,NA,NA,NA,2,NA
723,4,134109979,135809542,TRUE,181,3343,0.00100812,NA,0.000495067,NA,FALSE,NA,NA,NA,NA,NA,NA,1,"ASD"
724,4,135809543,137400031,TRUE,219,3367,0.000650028,NA,0.0222666,NA,FALSE,NA,NA,NA,NA,NA,NA,1,"ASD"
725,4,137400032,138537344,TRUE,254,3434,0.00112967,NA,0.000593819,NA,FALSE,NA,NA,NA,NA,NA,NA,1,"ASD"
726,4,138537345,139553760,TRUE,229,2373,0.000697773,NA,0.0148707,NA,FALSE,NA,NA,NA,NA,NA,NA,1,"ASD"
727,4,139553761,141087047,TRUE,376,2750,0.000951121,NA,0.0110512,NA,FALSE,NA,NA,NA,NA,NA,NA,1,"ASD"
728,4,141087048,142807914,TRUE,298,3203,0.000495418,2.68643e-06,0.0823853,0.487072,FALSE,NA,NA,NA,NA,NA,NA,2,NA
729,4,142807915,144401042,TRUE,156,3194,0.000536659,NA,0.0210519,NA,FALSE,NA,NA,NA,NA,NA,NA,1,"ASD"
730,4,144401043,146174871,TRUE,140,2543,0.000660781,NA,0.0061785,NA,FALSE,NA,NA,NA,NA,NA,NA,1,"ASD"
731,4,146174872,147161042,TRUE,218,1872,0.00100775,NA,0.00105764,NA,FALSE,NA,NA,NA,NA,NA,NA,1,"ASD"
732,4,147161043,148462208,TRUE,168,2420,0.000841693,NA,0.00147786,NA,FALSE,NA,NA,NA,NA,NA,NA,1,"ASD"
733,4,148462209,149998528,TRUE,306,2828,0.000461661,NA,0.100983,NA,FALSE,NA,NA,NA,NA,NA,NA,1,"ASD"
734,4,149998529,151014322,TRUE,137,1535,0.000574963,0.000408015,0.0127183,0.128391,FALSE,NA,NA,NA,NA,NA,NA,2,NA
735,4,151014323,152162098,TRUE,126,1749,0.000713269,NA,0.00224759,NA,FALSE,NA,NA,NA,NA,NA,NA,1,"ASD"
736,4,152162099,153520883,TRUE,207,2642,0.00037476,9.27078e-05,0.100355,0.404207,FALSE,NA,NA,NA,NA,NA,NA,2,NA
737,4,153520884,155044409,TRUE,397,3360,0.00169541,NA,5.49502e-05,NA,FALSE,NA,NA,NA,NA,NA,NA,1,"ASD"
738,4,155044410,156520288,TRUE,302,2909,0.00127331,NA,0.000426156,NA,FALSE,NA,NA,NA,NA,NA,NA,1,"ASD"
739,4,156520289,157597309,TRUE,277,3347,0.00119614,NA,0.000501127,NA,FALSE,NA,NA,NA,NA,NA,NA,1,"ASD"
740,4,157597310,159176073,TRUE,185,2978,0.000698584,NA,0.00905561,NA,FALSE,NA,NA,NA,NA,NA,NA,1,"ASD"
741,4,159176074,160828480,TRUE,212,3151,0.000962093,0.000165776,0.00121267,0.344181,FALSE,NA,NA,NA,NA,NA,NA,2,NA
742,4,160828481,161666201,TRUE,204,2096,0.000756265,NA,0.00650166,NA,FALSE,NA,NA,NA,NA,NA,NA,1,"ASD"
743,4,161666202,162239289,TRUE,116,2273,0.000172823,NA,0.204895,NA,FALSE,NA,NA,NA,NA,NA,NA,1,"ASD"
744,4,162239290,163245541,TRUE,218,2816,0.00150825,NA,3.4553e-06,NA,FALSE,NA,NA,NA,NA,NA,NA,1,"ASD"
745,4,163245542,163937103,TRUE,100,1743,0.000637589,NA,0.00234337,NA,FALSE,NA,NA,NA,NA,NA,NA,1,"ASD"
746,4,163937104,164781847,TRUE,165,1729,0.00121709,0.000560323,2.81843e-05,0.0810851,FALSE,NA,NA,NA,NA,NA,NA,2,NA
747,4,164781848,165824650,TRUE,253,3115,0.00078853,NA,0.0106571,NA,FALSE,NA,NA,NA,NA,NA,NA,1,"ASD"
748,4,165824651,166702855,TRUE,246,2419,0.00137628,NA,5.75574e-05,NA,FALSE,NA,NA,NA,NA,NA,NA,1,"ASD"
749,4,166702856,167643768,TRUE,121,2252,0.000626033,0.000134871,0.00567549,0.330743,FALSE,NA,NA,NA,NA,NA,NA,2,NA
750,4,167643769,168623790,TRUE,153,2506,0.000681743,NA,0.00693773,NA,FALSE,NA,NA,NA,NA,NA,NA,1,"ASD"
751,4,168623791,169555114,TRUE,219,2427,0.000583495,NA,0.0336841,NA,FALSE,NA,NA,NA,NA,NA,NA,1,"ASD"
752,4,169555115,170682809,TRUE,194,1989,0.000761787,NA,0.00578495,NA,FALSE,NA,NA,NA,NA,NA,NA,1,"ASD"
753,4,170682810,171643019,TRUE,163,2705,NA,0.000497536,NA,0.104089,FALSE,NA,NA,NA,NA,NA,NA,1,"AN"
754,4,171643020,172555990,TRUE,97,2481,0.000226821,NA,0.126822,NA,FALSE,NA,NA,NA,NA,NA,NA,1,"ASD"
755,4,172555991,174470206,TRUE,271,2956,0.000969025,0.000816527,0.00399019,0.056474,FALSE,NA,NA,NA,NA,NA,NA,2,NA
756,4,174470207,175295842,TRUE,245,1675,0.00136272,6.57636e-05,6.55075e-05,0.433594,FALSE,NA,NA,NA,NA,NA,NA,2,NA
757,4,175295843,175959697,TRUE,198,1969,0.000588451,NA,0.0227092,NA,FALSE,NA,NA,NA,NA,NA,NA,1,"ASD"
758,4,175959698,177129678,TRUE,238,2311,0.000702919,0.000461998,0.0201894,0.162494,FALSE,NA,NA,NA,NA,NA,NA,2,NA
759,4,177129679,178314527,TRUE,260,2900,0.000593046,NA,0.0426817,NA,FALSE,NA,NA,NA,NA,NA,NA,1,"ASD"
760,4,178314528,179233905,TRUE,221,2054,0.000537196,NA,0.0418905,NA,FALSE,NA,NA,NA,NA,NA,NA,1,"ASD"
761,4,179233906,179932391,TRUE,140,1808,0.000419771,8.68026e-05,0.0492492,0.390526,FALSE,NA,NA,NA,NA,NA,NA,2,NA
762,4,179932392,180540877,TRUE,147,2011,0.000156932,NA,0.257031,NA,FALSE,NA,NA,NA,NA,NA,NA,1,"ASD"
763,4,180540878,181122433,TRUE,215,1967,0.00049766,7.13438e-06,0.050818,0.480822,FALSE,NA,NA,NA,NA,NA,NA,2,NA
764,4,181122434,182065646,TRUE,379,2702,0.00124378,NA,0.00187449,NA,FALSE,NA,NA,NA,NA,NA,NA,1,"ASD"
765,4,182065647,182946258,TRUE,423,2901,0.00115806,NA,0.00366537,NA,FALSE,NA,NA,NA,NA,NA,NA,1,"ASD"
766,4,182946259,183603892,TRUE,325,1710,0.00123605,NA,0.00116447,NA,FALSE,NA,NA,NA,NA,NA,NA,1,"ASD"
767,4,183603893,184338584,TRUE,230,1672,0.000592688,NA,0.0355574,NA,FALSE,NA,NA,NA,NA,NA,NA,1,"ASD"
768,4,184338585,185483262,TRUE,466,2969,0.00186092,NA,7.86656e-05,NA,FALSE,NA,NA,NA,NA,NA,NA,1,"ASD"
769,4,185483263,186232882,TRUE,218,2093,0.00119548,NA,0.000174347,NA,FALSE,NA,NA,NA,NA,NA,NA,1,"ASD"
770,4,186232883,186881568,TRUE,270,1752,0.000732195,NA,0.0207266,NA,FALSE,NA,NA,NA,NA,NA,NA,1,"ASD"
771,4,186881569,187985393,TRUE,462,2994,0.00145324,NA,0.000849063,NA,FALSE,NA,NA,NA,NA,NA,NA,1,"ASD"
772,4,187985394,189153279,TRUE,391,3243,0.00176123,NA,3.22095e-05,NA,FALSE,NA,NA,NA,NA,NA,NA,1,"ASD"
773,4,189153280,189899573,TRUE,296,3346,0.00192383,0.000223936,4.62162e-07,0.326675,FALSE,NA,NA,NA,NA,NA,NA,2,NA
774,4,189899574,191043880,TRUE,177,2159,0.000515742,NA,0.0338298,NA,FALSE,NA,NA,NA,NA,NA,NA,1,"ASD"
775,5,10043,598320,TRUE,105,1650,0.000150784,0.000166791,0.241544,0.285446,FALSE,NA,NA,NA,NA,NA,NA,2,NA
776,5,598321,1206609,TRUE,127,1001,0.00216621,NA,7.9172e-11,NA,FALSE,NA,NA,NA,NA,NA,NA,1,"ASD"
777,5,1206610,2106885,TRUE,463,2963,0.00180994,NA,8.0476e-05,NA,FALSE,NA,NA,NA,NA,NA,NA,1,"ASD"
778,5,2106886,2960068,TRUE,322,2482,0.00203302,NA,4.94514e-07,NA,FALSE,NA,NA,NA,NA,NA,NA,1,"ASD"
779,5,2960069,3677595,TRUE,301,2663,0.00108974,0.000215309,0.00182344,0.333778,FALSE,NA,NA,NA,NA,NA,NA,2,NA
780,5,3677596,4636542,TRUE,191,1801,0.000905545,NA,0.00190785,NA,FALSE,NA,NA,NA,NA,NA,NA,1,"ASD"
781,5,4636543,5828694,TRUE,341,2856,0.00141492,0.00108053,0.000301002,0.0315656,TRUE,-0.360743,-0.360743,FALSE,-1,0.2783,0.256843,2,NA
782,5,5828695,6936733,TRUE,429,3482,0.000852603,NA,0.0235185,NA,FALSE,NA,NA,NA,NA,NA,NA,1,"ASD"
783,5,6936734,8079415,TRUE,283,3200,0.000856216,0.000250404,0.00809218,0.305246,FALSE,NA,NA,NA,NA,NA,NA,2,NA
784,5,8079416,9203855,TRUE,188,3155,0.000267987,NA,0.166542,NA,FALSE,NA,NA,NA,NA,NA,NA,1,"ASD"
785,5,9203856,10549029,TRUE,396,2827,0.00152052,NA,0.000304495,NA,FALSE,NA,NA,NA,NA,NA,NA,1,"ASD"
786,5,10549030,11850850,TRUE,367,2829,0.00118876,NA,0.00211367,NA,FALSE,NA,NA,NA,NA,NA,NA,1,"ASD"
787,5,11850851,12867189,TRUE,72,1789,0.000443836,0.000270314,0.00906172,0.148225,FALSE,NA,NA,NA,NA,NA,NA,2,NA
788,5,12867190,13608147,TRUE,102,1815,0.0013806,NA,9.21096e-08,NA,FALSE,NA,NA,NA,NA,NA,NA,1,"ASD"
789,5,13608148,14910295,TRUE,333,2754,0.00129914,NA,0.000594958,NA,FALSE,NA,NA,NA,NA,NA,NA,1,"ASD"
790,5,14910296,16592319,TRUE,302,2764,0.000927684,NA,0.00653354,NA,FALSE,NA,NA,NA,NA,NA,NA,1,"ASD"
791,5,16592320,17803477,TRUE,355,2515,0.00119025,NA,0.00257244,NA,FALSE,NA,NA,NA,NA,NA,NA,1,"ASD"
792,5,17803478,18791410,TRUE,145,2486,0.00063135,0.000218567,0.00775864,0.267424,FALSE,NA,NA,NA,NA,NA,NA,2,NA
793,5,18791411,20397013,TRUE,187,3242,0.00110669,0.000301472,0.000200014,0.229726,FALSE,NA,NA,NA,NA,NA,NA,2,NA
794,5,20397014,21211399,TRUE,81,1505,0.000379016,NA,0.0286788,NA,FALSE,NA,NA,NA,NA,NA,NA,1,"ASD"
795,5,21211400,22149042,TRUE,106,1393,0.000355569,NA,0.0525024,NA,FALSE,NA,NA,NA,NA,NA,NA,1,"ASD"
796,5,22149043,23246745,TRUE,133,2196,0.000884764,NA,0.000471358,NA,FALSE,NA,NA,NA,NA,NA,NA,1,"ASD"
797,5,23246746,24362661,TRUE,114,2983,0.000255971,NA,0.119924,NA,FALSE,NA,NA,NA,NA,NA,NA,1,"ASD"
798,5,24362662,25722097,TRUE,218,2697,0.00185516,NA,1.03559e-07,NA,FALSE,NA,NA,NA,NA,NA,NA,1,"ASD"
799,5,25722098,26938178,TRUE,195,3338,0.00110366,NA,0.000342381,NA,FALSE,NA,NA,NA,NA,NA,NA,1,"ASD"
800,5,26938179,28315653,TRUE,181,2447,0.00122936,NA,8.55284e-05,NA,FALSE,NA,NA,NA,NA,NA,NA,1,"ASD"
801,5,28315654,29593755,TRUE,197,3355,0.000961621,9.17589e-05,0.0008378,0.402729,FALSE,NA,NA,NA,NA,NA,NA,2,NA
802,5,29593756,30416066,TRUE,145,2819,8.06133e-05,NA,0.357282,NA,FALSE,NA,NA,NA,NA,NA,NA,1,"ASD"
803,5,30416067,31679464,TRUE,330,2738,0.00145895,NA,0.000178025,NA,FALSE,NA,NA,NA,NA,NA,NA,1,"ASD"
804,5,31679465,32727914,TRUE,319,2380,0.00187523,NA,3.28014e-06,NA,FALSE,NA,NA,NA,NA,NA,NA,1,"ASD"
805,5,32727915,33971056,TRUE,259,2849,0.00102872,NA,0.00152095,NA,FALSE,NA,NA,NA,NA,NA,NA,1,"ASD"
806,5,33971057,35157146,TRUE,240,2727,0.000578337,NA,0.0418741,NA,FALSE,NA,NA,NA,NA,NA,NA,1,"ASD"
807,5,35157147,36431967,TRUE,268,2942,0.000779556,NA,0.0113949,NA,FALSE,NA,NA,NA,NA,NA,NA,1,"ASD"
808,5,36431968,37925487,TRUE,246,2527,0.000239322,NA,0.221259,NA,FALSE,NA,NA,NA,NA,NA,NA,1,"ASD"
809,5,37925488,39438985,TRUE,308,2986,0.0015993,0.000424181,2.62175e-05,0.211007,FALSE,NA,NA,NA,NA,NA,NA,2,NA
810,5,39438986,40290851,TRUE,170,2574,0.000496659,4.31169e-05,0.0328859,0.442714,FALSE,NA,NA,NA,NA,NA,NA,2,NA
811,5,40290852,41279590,TRUE,204,2434,0.000688995,NA,0.0104397,NA,FALSE,NA,NA,NA,NA,NA,NA,1,"ASD"
812,5,41279591,42856332,TRUE,158,2962,0.000793697,NA,0.00229193,NA,FALSE,NA,NA,NA,NA,NA,NA,1,"ASD"
813,5,42856333,44049878,TRUE,103,2302,0.00129716,0.000252168,1.9651e-07,0.202803,FALSE,NA,NA,NA,NA,NA,NA,2,NA
814,5,44049879,45305566,TRUE,105,1816,0.000942251,0.000145973,4.81071e-05,0.307461,FALSE,NA,NA,NA,NA,NA,NA,2,NA
815,5,45305567,46388848,TRUE,24,720,9.09884e-05,5.22082e-05,0.197949,0.332208,FALSE,NA,NA,NA,NA,NA,NA,2,NA
816,5,46388849,50164835,TRUE,25,864,6.12105e-05,NA,0.266568,NA,FALSE,NA,NA,NA,NA,NA,NA,1,"ASD"
817,5,50164836,51203265,TRUE,173,1864,0.000646737,NA,0.010646,NA,FALSE,NA,NA,NA,NA,NA,NA,1,"ASD"
818,5,51203266,52139773,TRUE,175,2274,0.000287609,NA,0.141868,NA,FALSE,NA,NA,NA,NA,NA,NA,1,"ASD"
819,5,52139774,52837225,TRUE,173,1968,0.00117409,0.000599836,3.53384e-05,0.0724847,FALSE,NA,NA,NA,NA,NA,NA,2,NA
820,5,52837226,53747856,TRUE,265,2338,0.000268929,NA,0.199952,NA,FALSE,NA,NA,NA,NA,NA,NA,1,"ASD"
821,5,53747857,55221398,TRUE,249,3746,0.00153737,0.000253284,8.42612e-06,0.291879,FALSE,NA,NA,NA,NA,NA,NA,2,NA
822,5,55221399,55968966,TRUE,314,1940,0.000895311,0.000819306,0.00970002,0.0686767,FALSE,NA,NA,NA,NA,NA,NA,2,NA
823,5,55968967,56896890,TRUE,225,1935,0.000706074,NA,0.0145572,NA,FALSE,NA,NA,NA,NA,NA,NA,1,"ASD"
824,5,56896891,57895012,TRUE,202,2516,0.000777809,0.000163722,0.00504205,0.342356,FALSE,NA,NA,NA,NA,NA,NA,2,NA
825,5,57895013,58721458,TRUE,276,2261,0.000518027,NA,0.0609246,NA,FALSE,NA,NA,NA,NA,NA,NA,1,"ASD"
826,5,58721459,59868567,TRUE,176,1696,0.000402264,0.000274564,0.0686931,0.242555,FALSE,NA,NA,NA,NA,NA,NA,2,NA
827,5,59868568,60930753,TRUE,125,1818,0.000375438,0.000227841,0.0523264,0.244473,FALSE,NA,NA,NA,NA,NA,NA,2,NA
828,5,60930754,62180368,TRUE,198,2130,0.00032638,NA,0.123151,NA,FALSE,NA,NA,NA,NA,NA,NA,1,"ASD"
829,5,62180369,63214089,TRUE,174,2560,0.000596658,2.18662e-05,0.0151882,0.464162,FALSE,NA,NA,NA,NA,NA,NA,2,NA
830,5,63214090,64438518,TRUE,176,1842,0.000553922,0.00096225,0.0224884,0.0125953,TRUE,0.0179954,0.0179954,FALSE,-1,0.99964,0.962566,2,NA
831,5,64438519,65606870,TRUE,179,2095,0.000273806,6.85689e-05,0.157058,0.419885,FALSE,NA,NA,NA,NA,NA,NA,2,NA
832,5,65606871,67096191,TRUE,293,3170,0.00219636,1.86095e-05,2.38984e-08,0.47483,FALSE,NA,NA,NA,NA,NA,NA,2,NA
833,5,67096192,68006993,TRUE,262,1852,0.00154894,0.000766703,2.39655e-05,0.0646089,FALSE,NA,NA,NA,NA,NA,NA,2,NA
834,5,68006994,71468651,TRUE,234,2892,0.00012164,NA,0.336941,NA,FALSE,NA,NA,NA,NA,NA,NA,1,"ASD"
835,5,71468652,73314061,TRUE,341,3332,0.000935961,NA,0.00818702,NA,FALSE,NA,NA,NA,NA,NA,NA,1,"ASD"
836,5,73314062,74245354,TRUE,233,2006,0.00066123,NA,0.0196525,NA,FALSE,NA,NA,NA,NA,NA,NA,1,"ASD"
837,5,74245355,75239302,TRUE,103,1935,0.000624145,0.000376254,0.0025627,0.115306,FALSE,NA,NA,NA,NA,NA,NA,2,NA
838,5,75239303,75959515,TRUE,214,1752,0.000916649,0.000167471,0.00222865,0.343493,FALSE,NA,NA,NA,NA,NA,NA,2,NA
839,5,75959516,77290255,TRUE,374,3051,0.00202141,NA,1.26104e-06,NA,FALSE,NA,NA,NA,NA,NA,NA,1,"ASD"
840,5,77290256,79005158,TRUE,284,3109,0.000464926,0.000131631,0.0885238,0.388918,FALSE,NA,NA,NA,NA,NA,NA,2,NA
841,5,79005159,80448225,TRUE,455,3632,0.00074839,0.000333482,0.0426302,0.298438,FALSE,NA,NA,NA,NA,NA,NA,2,NA
842,5,80448226,81710194,TRUE,268,2081,0.000726961,0.000305585,0.0173385,0.264291,FALSE,NA,NA,NA,NA,NA,NA,2,NA
843,5,81710195,82720248,TRUE,238,2011,0.00156904,0.000184909,6.0378e-06,0.337701,FALSE,NA,NA,NA,NA,NA,NA,2,NA
844,5,82720249,84094797,TRUE,360,2334,0.00216123,NA,5.21906e-07,NA,FALSE,NA,NA,NA,NA,NA,NA,1,"ASD"
845,5,84094798,84697850,TRUE,104,1936,0.000647505,NA,0.0020473,NA,FALSE,NA,NA,NA,NA,NA,NA,1,"ASD"
846,5,84697851,85311779,TRUE,83,1946,0.000221169,NA,0.114828,NA,FALSE,NA,NA,NA,NA,NA,NA,1,"ASD"
847,5,85311780,86493763,TRUE,190,2462,0.000297178,NA,0.142955,NA,FALSE,NA,NA,NA,NA,NA,NA,1,"ASD"
848,5,86493764,87943482,TRUE,124,1933,0.000380493,0.000135392,0.050537,0.33208,FALSE,NA,NA,NA,NA,NA,NA,2,NA
849,5,87943483,89584466,TRUE,249,1803,0.000885813,2.4741e-05,0.00513683,0.467651,FALSE,NA,NA,NA,NA,NA,NA,2,NA
850,5,89584467,90793804,TRUE,247,2027,0.00108284,NA,0.000726193,NA,FALSE,NA,NA,NA,NA,NA,NA,1,"ASD"
851,5,90793805,91956905,TRUE,160,1860,0.000911293,0.00022987,0.000738298,0.267606,FALSE,NA,NA,NA,NA,NA,NA,2,NA
852,5,91956906,93814604,TRUE,270,2068,0.00232385,0.000164618,1.43847e-09,0.361679,FALSE,NA,NA,NA,NA,NA,NA,2,NA
853,5,93814605,95117259,TRUE,301,2219,0.00178059,0.000129403,3.3429e-06,0.393578,FALSE,NA,NA,NA,NA,NA,NA,2,NA
854,5,95117260,96467377,TRUE,280,2720,0.000258111,0.000636997,0.215577,0.108421,FALSE,NA,NA,NA,NA,NA,NA,2,NA
855,5,96467378,97316601,TRUE,65,2399,0.000685684,NA,0.00024312,NA,FALSE,NA,NA,NA,NA,NA,NA,1,"ASD"
856,5,97316602,98567769,TRUE,188,2737,0.000197736,NA,0.232535,NA,FALSE,NA,NA,NA,NA,NA,NA,1,"ASD"
857,5,98567770,99257995,TRUE,53,1767,4.09696e-05,3.04748e-05,0.365985,0.420481,FALSE,NA,NA,NA,NA,NA,NA,2,NA
858,5,99257996,100594081,TRUE,112,2531,0.000863768,NA,0.000169221,NA,FALSE,NA,NA,NA,NA,NA,NA,1,"ASD"
859,5,100594082,101575367,TRUE,123,2458,3.80077e-05,NA,0.41585,NA,FALSE,NA,NA,NA,NA,NA,NA,1,"ASD"
860,5,101575368,102903985,TRUE,116,2837,1.80404e-06,0.000616285,0.479252,0.0371898,FALSE,NA,NA,NA,NA,NA,NA,2,NA
861,5,102903986,103788460,TRUE,258,1878,0.00129713,0.000847615,0.000134832,0.0465681,TRUE,-0.584629,-0.584629,FALSE,-1,0.07083,0.0771593,2,NA
862,5,103788461,104850490,TRUE,178,2439,0.000666353,0.000635664,0.00975676,0.0644322,FALSE,NA,NA,NA,NA,NA,NA,2,NA
863,5,104850491,106389388,TRUE,267,3195,0.00161608,NA,7.25931e-06,NA,FALSE,NA,NA,NA,NA,NA,NA,1,"ASD"
864,5,106389389,107265911,TRUE,268,1953,0.00218146,1.64454e-05,4.98622e-09,0.475406,FALSE,NA,NA,NA,NA,NA,NA,2,NA
865,5,107265912,108641784,TRUE,207,3315,0.000735977,0.000107666,0.00751983,0.391257,FALSE,NA,NA,NA,NA,NA,NA,2,NA
866,5,108641785,109606905,TRUE,178,2322,0.00205904,NA,2.11908e-10,NA,FALSE,NA,NA,NA,NA,NA,NA,1,"ASD"
867,5,109606906,110819517,TRUE,144,2130,0.000713394,NA,0.00373479,NA,FALSE,NA,NA,NA,NA,NA,NA,1,"ASD"
868,5,110819518,111983115,TRUE,254,2718,0.000951629,7.16494e-05,0.00268071,0.430043,FALSE,NA,NA,NA,NA,NA,NA,2,NA
869,5,111983116,113121555,TRUE,180,3170,0.000757122,0.00025944,0.00426443,0.256142,FALSE,NA,NA,NA,NA,NA,NA,2,NA
870,5,113121556,113998532,TRUE,239,2340,0.000511722,0.00139771,0.0525483,0.00285073,FALSE,NA,NA,NA,NA,NA,NA,2,NA
871,5,113998533,115117631,TRUE,220,2486,0.000592305,NA,0.0293165,NA,FALSE,NA,NA,NA,NA,NA,NA,1,"ASD"
872,5,115117632,116208000,TRUE,314,3116,0.00166424,6.16684e-05,1.09842e-05,0.444209,FALSE,NA,NA,NA,NA,NA,NA,2,NA
873,5,116208001,117348497,TRUE,294,3059,0.00125131,NA,0.000461831,NA,FALSE,NA,NA,NA,NA,NA,NA,1,"ASD"
874,5,117348498,118605251,TRUE,319,3115,0.00132623,NA,0.00029223,NA,FALSE,NA,NA,NA,NA,NA,NA,1,"ASD"
875,5,118605252,119664173,TRUE,251,2560,0.000536491,NA,0.0509956,NA,FALSE,NA,NA,NA,NA,NA,NA,1,"ASD"
876,5,119664174,120371857,TRUE,137,1864,NA,0.000113915,NA,0.361237,FALSE,NA,NA,NA,NA,NA,NA,1,"AN"
877,5,120371858,120960737,TRUE,149,2082,0.00107959,NA,4.81479e-05,NA,FALSE,NA,NA,NA,NA,NA,NA,1,"ASD"
878,5,120960738,122005291,TRUE,164,1718,0.000345559,0.00042683,0.0956618,0.13826,FALSE,NA,NA,NA,NA,NA,NA,2,NA
879,5,122005292,123191941,TRUE,217,2960,0.00109249,NA,0.000306399,NA,FALSE,NA,NA,NA,NA,NA,NA,1,"ASD"
880,5,123191942,124109485,TRUE,253,1924,0.00135968,NA,7.24796e-05,NA,FALSE,NA,NA,NA,NA,NA,NA,1,"ASD"
881,5,124109486,125131720,TRUE,351,2555,0.00115353,NA,0.00195007,NA,FALSE,NA,NA,NA,NA,NA,NA,1,"ASD"
882,5,125131721,126054697,TRUE,212,2475,0.00106123,NA,0.00044927,NA,FALSE,NA,NA,NA,NA,NA,NA,1,"ASD"
883,5,126054698,126992836,TRUE,137,2128,0.000198835,NA,0.199083,NA,FALSE,NA,NA,NA,NA,NA,NA,1,"ASD"
884,5,126992837,128067414,TRUE,165,1996,0.00043121,0.000312799,0.0508714,0.208246,FALSE,NA,NA,NA,NA,NA,NA,2,NA
885,5,128067415,128734905,TRUE,137,2273,0.000241942,NA,0.149267,NA,FALSE,NA,NA,NA,NA,NA,NA,1,"ASD"
886,5,128734906,130573817,TRUE,148,2901,0.000814455,0.000521688,0.00120041,0.0846652,FALSE,NA,NA,NA,NA,NA,NA,2,NA
887,5,130573818,132554690,TRUE,178,2620,0.00178738,NA,1.72304e-08,NA,FALSE,NA,NA,NA,NA,NA,NA,1,"ASD"
888,5,132554691,134556570,TRUE,551,3568,0.00183242,NA,0.00015075,NA,FALSE,NA,NA,NA,NA,NA,NA,1,"ASD"
889,5,134556571,135344943,TRUE,199,1895,0.00113327,NA,0.000186477,NA,FALSE,NA,NA,NA,NA,NA,NA,1,"ASD"
890,5,135344944,136949853,TRUE,320,3155,0.00115074,0.000672935,0.00133493,0.110874,FALSE,NA,NA,NA,NA,NA,NA,2,NA
891,5,136949854,139408116,TRUE,298,2908,0.00109241,0.000165888,0.0018002,0.367087,FALSE,NA,NA,NA,NA,NA,NA,2,NA
892,5,139408117,141253830,TRUE,344,3001,0.000546359,NA,0.0724087,NA,FALSE,NA,NA,NA,NA,NA,NA,1,"ASD"
893,5,141253831,142532956,TRUE,303,2643,0.000941722,NA,0.00659102,NA,FALSE,NA,NA,NA,NA,NA,NA,1,"ASD"
894,5,142532957,143605908,TRUE,238,2139,0.000822463,1.24348e-05,0.00621798,0.477292,FALSE,NA,NA,NA,NA,NA,NA,2,NA
895,5,143605909,145319096,TRUE,210,3391,0.000223604,0.000368731,0.217521,0.199075,FALSE,NA,NA,NA,NA,NA,NA,2,NA
896,5,145319097,147180171,TRUE,289,3394,0.00144645,NA,0.000106658,NA,FALSE,NA,NA,NA,NA,NA,NA,1,"ASD"
897,5,147180172,148662214,TRUE,237,3144,0.000347442,NA,0.132273,NA,FALSE,NA,NA,NA,NA,NA,NA,1,"ASD"
898,5,148662215,149850203,TRUE,381,2373,0.00134171,0.000288118,0.00074979,0.307677,FALSE,NA,NA,NA,NA,NA,NA,2,NA
899,5,149850204,150981934,TRUE,290,2768,0.000820055,NA,0.0115227,NA,FALSE,NA,NA,NA,NA,NA,NA,1,"ASD"
900,5,150981935,151892617,TRUE,168,2076,0.000302115,6.04544e-05,0.122811,0.425298,FALSE,NA,NA,NA,NA,NA,NA,2,NA
901,5,151892618,152878627,TRUE,164,2183,0.000843954,NA,0.00119263,NA,FALSE,NA,NA,NA,NA,NA,NA,1,"ASD"
902,5,152878628,153734494,TRUE,180,2320,0.00127878,NA,1.58224e-05,NA,FALSE,NA,NA,NA,NA,NA,NA,1,"ASD"
903,5,153734495,154599750,TRUE,266,1884,0.000753868,NA,0.0143157,NA,FALSE,NA,NA,NA,NA,NA,NA,1,"ASD"
904,5,154599751,155459556,TRUE,174,1903,0.000484654,NA,0.0384119,NA,FALSE,NA,NA,NA,NA,NA,NA,1,"ASD"
905,5,155459557,156345451,TRUE,168,1989,0.000832427,NA,0.00186334,NA,FALSE,NA,NA,NA,NA,NA,NA,1,"ASD"
906,5,156345452,157191081,TRUE,200,2275,0.000894369,NA,0.00185405,NA,FALSE,NA,NA,NA,NA,NA,NA,1,"ASD"
907,5,157191082,158484775,TRUE,316,2898,0.00150906,NA,4.5988e-05,NA,FALSE,NA,NA,NA,NA,NA,NA,1,"ASD"
908,5,158484776,159663733,TRUE,262,2510,0.000574583,NA,0.0445466,NA,FALSE,NA,NA,NA,NA,NA,NA,1,"ASD"
909,5,159663734,160519049,TRUE,275,2114,0.000490337,NA,0.0727921,NA,FALSE,NA,NA,NA,NA,NA,NA,1,"ASD"
910,5,160519050,161478177,TRUE,177,2126,0.000778122,0.000222084,0.00328471,0.283587,FALSE,NA,NA,NA,NA,NA,NA,2,NA
911,5,161478178,162386027,TRUE,139,1629,0.000849052,NA,0.000891747,NA,FALSE,NA,NA,NA,NA,NA,NA,1,"ASD"
912,5,162386028,163781268,TRUE,311,3024,0.00126776,0.000266783,0.000430025,0.302874,FALSE,NA,NA,NA,NA,NA,NA,2,NA
913,5,163781269,165289211,TRUE,361,3063,0.00116072,0.000120013,0.0022661,0.408748,FALSE,NA,NA,NA,NA,NA,NA,2,NA
914,5,165289212,166863413,TRUE,431,2784,0.000691951,NA,0.0546902,NA,FALSE,NA,NA,NA,NA,NA,NA,1,"ASD"
915,5,166863414,168342743,TRUE,477,2749,0.00173374,NA,0.000127894,NA,FALSE,NA,NA,NA,NA,NA,NA,1,"ASD"
916,5,168342744,169506966,TRUE,379,2917,0.00189571,2.68571e-05,7.07595e-06,0.472345,FALSE,NA,NA,NA,NA,NA,NA,2,NA
917,5,169506967,170898340,TRUE,318,2805,0.00128824,NA,0.000479809,NA,FALSE,NA,NA,NA,NA,NA,NA,1,"ASD"
918,5,170898341,172285682,TRUE,497,2978,0.00164664,0.000712051,0.000356144,0.147729,FALSE,NA,NA,NA,NA,NA,NA,2,NA
919,5,172285683,173606995,TRUE,366,3042,0.00144815,0.000411568,0.00026171,0.236382,FALSE,NA,NA,NA,NA,NA,NA,2,NA
920,5,173606996,174662885,TRUE,371,2608,0.00106809,NA,0.00511566,NA,FALSE,NA,NA,NA,NA,NA,NA,1,"ASD"
921,5,174662886,176180301,TRUE,333,2447,0.0010652,NA,0.00391041,NA,FALSE,NA,NA,NA,NA,NA,NA,1,"ASD"
922,5,176180302,177659902,TRUE,224,2203,0.00078949,NA,0.0111632,NA,FALSE,NA,NA,NA,NA,NA,NA,1,"ASD"
923,5,177659903,178595252,TRUE,359,3106,0.000978878,NA,0.00752335,NA,FALSE,NA,NA,NA,NA,NA,NA,1,"ASD"
924,5,178595253,179794710,TRUE,478,3013,0.00117761,0.000107678,0.00592788,0.427628,FALSE,NA,NA,NA,NA,NA,NA,2,NA
925,5,179794711,180902886,TRUE,249,2131,0.00131105,0.000164841,0.000296059,0.356144,FALSE,NA,NA,NA,NA,NA,NA,2,NA
926,6,63979,1380679,TRUE,450,3038,0.00108951,NA,0.00884796,NA,FALSE,NA,NA,NA,NA,NA,NA,1,"ASD"
927,6,1380680,2746531,TRUE,405,2985,0.0013476,0.000156152,0.0011261,0.391185,FALSE,NA,NA,NA,NA,NA,NA,2,NA
928,6,2746532,3964072,TRUE,393,2963,0.00116356,NA,0.00360655,NA,FALSE,NA,NA,NA,NA,NA,NA,1,"ASD"
929,6,3964073,4657086,TRUE,161,1907,0.000610396,NA,0.0124309,NA,FALSE,NA,NA,NA,NA,NA,NA,1,"ASD"
930,6,4657087,5378213,TRUE,168,1783,0.000852238,0.000474668,0.0013547,0.117412,FALSE,NA,NA,NA,NA,NA,NA,2,NA
931,6,5378214,6621937,TRUE,461,3322,0.00154831,NA,0.000421093,NA,FALSE,NA,NA,NA,NA,NA,NA,1,"ASD"
932,6,6621938,7808323,TRUE,482,3267,0.00154438,NA,0.000468906,NA,FALSE,NA,NA,NA,NA,NA,NA,1,"ASD"
933,6,7808324,9020710,TRUE,245,3163,0.000396752,0.000203309,0.106717,0.326186,FALSE,NA,NA,NA,NA,NA,NA,2,NA
934,6,9020711,10416550,TRUE,361,3288,0.000635191,NA,0.0534394,NA,FALSE,NA,NA,NA,NA,NA,NA,1,"ASD"
935,6,10416551,11790671,TRUE,376,3180,0.00101662,NA,0.00701607,NA,FALSE,NA,NA,NA,NA,NA,NA,1,"ASD"
936,6,11790672,13352326,TRUE,356,3345,0.00199679,0.000132928,1.20334e-06,0.399531,FALSE,NA,NA,NA,NA,NA,NA,2,NA
937,6,13352327,15069421,TRUE,398,3070,0.00180266,NA,2.07611e-05,NA,FALSE,NA,NA,NA,NA,NA,NA,1,"ASD"
938,6,15069422,16566882,TRUE,416,3537,0.00117564,0.000903187,0.00315473,0.076438,FALSE,NA,NA,NA,NA,NA,NA,2,NA
939,6,16566883,17391994,TRUE,262,1816,0.000420332,0.00150645,0.100393,0.0022043,FALSE,NA,NA,NA,NA,NA,NA,2,NA
940,6,17391995,18208676,TRUE,169,1888,0.000686014,NA,0.007149,NA,FALSE,NA,NA,NA,NA,NA,NA,1,"ASD"
941,6,18208677,18775022,TRUE,124,1946,0.000392064,0.000418454,0.044593,0.112193,FALSE,NA,NA,NA,NA,NA,NA,2,NA
942,6,18775023,19449152,TRUE,114,1894,0.000820641,0.00029844,0.000318296,0.17737,FALSE,NA,NA,NA,NA,NA,NA,2,NA
943,6,19449153,20418020,TRUE,278,2189,0.000414725,NA,0.116157,NA,FALSE,NA,NA,NA,NA,NA,NA,1,"ASD"
944,6,20418021,21295864,TRUE,231,2113,0.00109425,NA,0.000429724,NA,FALSE,NA,NA,NA,NA,NA,NA,1,"ASD"
945,6,21295865,22199713,TRUE,265,1766,0.000773618,NA,0.0131713,NA,FALSE,NA,NA,NA,NA,NA,NA,1,"ASD"
946,6,22199714,23192337,TRUE,285,2719,0.00125043,NA,0.000287113,NA,FALSE,NA,NA,NA,NA,NA,NA,1,"ASD"
947,6,23192338,23939306,TRUE,219,2018,0.00236354,0.000664358,3.23989e-11,0.0749461,FALSE,NA,NA,NA,NA,NA,NA,2,NA
948,6,23939307,24950379,TRUE,323,3118,0.000582103,NA,0.0560512,NA,FALSE,NA,NA,NA,NA,NA,NA,1,"ASD"
949,6,24950380,25684629,TRUE,227,2333,0.00123248,NA,0.000105305,NA,FALSE,NA,NA,NA,NA,NA,NA,1,"ASD"
950,6,25684630,26396200,TRUE,123,1834,0.000203999,NA,0.173922,NA,FALSE,NA,NA,NA,NA,NA,NA,1,"ASD"
951,6,26396201,27261035,TRUE,77,1609,0.000136917,2.09032e-05,0.208291,0.447711,FALSE,NA,NA,NA,NA,NA,NA,2,NA
952,6,27261036,28666364,TRUE,118,2722,0.000951625,NA,6.80561e-05,NA,FALSE,NA,NA,NA,NA,NA,NA,1,"ASD"
953,6,28666365,29529755,TRUE,82,2220,0.000325631,8.80339e-05,0.0443319,0.357413,FALSE,NA,NA,NA,NA,NA,NA,2,NA
954,6,29529756,29833843,TRUE,50,2631,0.000473226,0.000762369,0.00199254,0.00135374,TRUE,-0.152927,-0.152927,FALSE,-1,0.52267,0.627432,2,NA
955,6,29833844,30070717,TRUE,36,2444,0.000736112,0.000456238,3.24181e-06,0.0138997,TRUE,0.210397,0.210397,FALSE,-0.51873,1,0.501916,2,NA
956,6,30070718,30715006,TRUE,94,2438,0.000419381,0.000377236,0.0223376,0.105267,FALSE,NA,NA,NA,NA,NA,NA,2,NA
957,6,30715007,31106493,TRUE,116,2407,0.000842618,0.000467008,0.000294209,0.0830325,FALSE,NA,NA,NA,NA,NA,NA,2,NA
958,6,31106494,31250556,TRUE,37,1968,0.000408193,0.000118701,0.00230097,0.246008,FALSE,NA,NA,NA,NA,NA,NA,2,NA
959,6,31250557,31320268,TRUE,27,1715,9.10133e-05,0.00014316,0.184678,0.176877,FALSE,NA,NA,NA,NA,NA,NA,2,NA
960,6,31320269,31427209,TRUE,41,1772,0.000458581,8.29185e-05,0.00133629,0.313834,FALSE,NA,NA,NA,NA,NA,NA,2,NA
961,6,31427210,32208901,TRUE,213,2333,0.000845238,0.000210083,0.00335561,0.309578,FALSE,NA,NA,NA,NA,NA,NA,2,NA
962,6,32208902,32454577,TRUE,41,2275,9.49657e-05,NA,0.220393,NA,FALSE,NA,NA,NA,NA,NA,NA,1,"ASD"
963,6,32454578,32539567,FALSE,NA,NA,NA,NA,NA,NA,FALSE,NA,NA,NA,NA,NA,NA,NA,NA
964,6,32539568,32586784,FALSE,NA,NA,NA,NA,NA,NA,FALSE,NA,NA,NA,NA,NA,NA,NA,NA
965,6,32586785,32629239,TRUE,14,732,0.000183905,NA,0.0328118,NA,FALSE,NA,NA,NA,NA,NA,NA,1,"ASD"
966,6,32629240,32682213,TRUE,14,1310,0.000548981,NA,4.19906e-06,NA,FALSE,NA,NA,NA,NA,NA,NA,1,"ASD"
967,6,32682214,32897998,TRUE,62,2101,0.000136868,NA,0.185373,NA,FALSE,NA,NA,NA,NA,NA,NA,1,"ASD"
968,6,32897999,33194975,TRUE,99,2229,0.000618394,0.000473678,0.00252219,0.0661513,FALSE,NA,NA,NA,NA,NA,NA,2,NA
969,6,33194976,33864262,TRUE,212,1989,0.000968151,NA,0.00104671,NA,FALSE,NA,NA,NA,NA,NA,NA,1,"ASD"
970,6,33864263,34979270,TRUE,199,2371,0.00150685,0.000141687,1.87448e-06,0.359796,FALSE,NA,NA,NA,NA,NA,NA,2,NA
971,6,34979271,36346353,TRUE,267,2626,0.000654446,NA,0.0270467,NA,FALSE,NA,NA,NA,NA,NA,NA,1,"ASD"
972,6,36346354,37570051,TRUE,384,2876,0.000790564,NA,0.0277314,NA,FALSE,NA,NA,NA,NA,NA,NA,1,"ASD"
973,6,37570052,38688720,TRUE,312,2465,0.00205152,0.000163678,1.68678e-07,0.371473,FALSE,NA,NA,NA,NA,NA,NA,2,NA
974,6,38688721,39785907,TRUE,328,3061,0.000753452,0.0010222,0.0219046,0.0363252,TRUE,-0.396787,-0.396787,FALSE,-1,0.46715,0.334388,2,NA
975,6,39785908,40778401,TRUE,259,2673,0.000771236,0.000871417,0.0113843,0.0426911,TRUE,0.185864,0.185864,FALSE,-0.96621,1,0.643026,2,NA
976,6,40778402,42103738,TRUE,403,2732,0.000837148,NA,0.0239629,NA,FALSE,NA,NA,NA,NA,NA,NA,1,"ASD"
977,6,42103739,43770626,TRUE,315,2863,0.00134111,8.54064e-06,0.000334871,0.483119,FALSE,NA,NA,NA,NA,NA,NA,2,NA
978,6,43770627,44596897,TRUE,346,1732,0.000906907,NA,0.0137421,NA,FALSE,NA,NA,NA,NA,NA,NA,1,"ASD"
979,6,44596898,45408421,TRUE,69,2043,0.000154653,NA,0.1728,NA,FALSE,NA,NA,NA,NA,NA,NA,1,"ASD"
980,6,45408422,46430701,TRUE,214,1981,0.000562199,NA,0.035646,NA,FALSE,NA,NA,NA,NA,NA,NA,1,"ASD"
981,6,46430702,47313443,TRUE,233,1944,0.000157811,NA,0.295592,NA,FALSE,NA,NA,NA,NA,NA,NA,1,"ASD"
982,6,47313444,48393981,TRUE,181,2486,9.53714e-05,0.000317122,0.350851,0.215465,FALSE,NA,NA,NA,NA,NA,NA,2,NA
983,6,48393982,49528164,TRUE,97,2437,0.000588916,NA,0.00348347,NA,FALSE,NA,NA,NA,NA,NA,NA,1,"ASD"
984,6,49528165,50940767,TRUE,199,3141,0.00051813,NA,0.043917,NA,FALSE,NA,NA,NA,NA,NA,NA,1,"ASD"
985,6,50940768,51826423,TRUE,148,2393,0.000628578,0.00032802,0.0073786,0.185708,FALSE,NA,NA,NA,NA,NA,NA,2,NA
986,6,51826424,52598879,TRUE,241,2008,0.000949538,0.00030501,0.00204738,0.253935,FALSE,NA,NA,NA,NA,NA,NA,2,NA
987,6,52598880,53425492,TRUE,154,1799,0.000124089,3.2674e-05,0.300979,0.450665,FALSE,NA,NA,NA,NA,NA,NA,2,NA
988,6,53425493,54452767,TRUE,172,2253,0.000895288,0.000545669,0.000909709,0.0904169,FALSE,NA,NA,NA,NA,NA,NA,2,NA
989,6,54452768,55469137,TRUE,171,3393,0.000638548,NA,0.0101303,NA,FALSE,NA,NA,NA,NA,NA,NA,1,"ASD"
990,6,55469138,56200985,TRUE,127,2148,7.70603e-05,0.000247858,0.35139,0.229082,FALSE,NA,NA,NA,NA,NA,NA,2,NA
991,6,56200986,57316157,TRUE,141,1645,0.000537877,NA,0.016403,NA,FALSE,NA,NA,NA,NA,NA,NA,1,"ASD"
992,6,57316158,58141889,TRUE,10,737,0.00015937,0.000116075,0.0433874,0.118789,FALSE,NA,NA,NA,NA,NA,NA,2,NA
993,6,58141890,61883560,TRUE,9,643,0.000429293,NA,0.000195415,NA,FALSE,NA,NA,NA,NA,NA,NA,1,"ASD"
994,6,61883561,62693128,TRUE,23,1708,3.47869e-05,NA,0.338199,NA,FALSE,NA,NA,NA,NA,NA,NA,1,"ASD"
995,6,62693129,64010286,TRUE,86,2998,0.000606143,NA,0.00209433,NA,FALSE,NA,NA,NA,NA,NA,NA,1,"ASD"
996,6,64010287,65759861,TRUE,144,3476,0.000448612,0.000181794,0.0380508,0.299328,FALSE,NA,NA,NA,NA,NA,NA,2,NA
997,6,65759862,66445495,TRUE,106,1829,0.000514002,NA,0.011069,NA,FALSE,NA,NA,NA,NA,NA,NA,1,"ASD"
998,6,66445496,67036787,TRUE,82,1946,0.000323858,0.000534273,0.0432235,0.0344406,TRUE,0.11962,0.11962,FALSE,-1,1,0.800727,2,NA
999,6,67036788,67559694,TRUE,113,1847,0.000847028,0.000126812,0.000384311,0.334102,FALSE,NA,NA,NA,NA,NA,NA,2,NA
1000,6,67559695,68547494,TRUE,135,3434,0.000852266,NA,0.000549361,NA,FALSE,NA,NA,NA,NA,NA,NA,1,"ASD"
1001,6,68547495,69294227,TRUE,182,2584,0.00106183,0.000680666,0.000226871,0.0545615,FALSE,NA,NA,NA,NA,NA,NA,2,NA
1002,6,69294228,70363348,TRUE,176,2695,0.001003,0.000210044,0.00031144,0.292838,FALSE,NA,NA,NA,NA,NA,NA,2,NA
1003,6,70363349,71610787,TRUE,248,2630,0.00131176,0.000975707,9.06825e-05,0.0255822,TRUE,0.604968,0.604968,FALSE,0.02188,1,0.0477306,2,NA
1004,6,71610788,72290723,TRUE,146,2109,0.000331987,0.000149556,0.0873336,0.330571,FALSE,NA,NA,NA,NA,NA,NA,2,NA
1005,6,72290724,73170168,TRUE,181,2046,0.000851869,NA,0.00163001,NA,FALSE,NA,NA,NA,NA,NA,NA,1,"ASD"
1006,6,73170169,74401506,TRUE,227,2724,0.00140319,0.000404564,1.72161e-05,0.187182,FALSE,NA,NA,NA,NA,NA,NA,2,NA
1007,6,74401507,75461313,TRUE,132,3041,0.000586007,9.9295e-05,0.00910933,0.374114,FALSE,NA,NA,NA,NA,NA,NA,2,NA
1008,6,75461314,77274030,TRUE,154,2809,0.000295018,2.00879e-05,0.124117,0.463776,FALSE,NA,NA,NA,NA,NA,NA,2,NA
1009,6,77274031,78168731,TRUE,182,2436,0.000892494,NA,0.00110815,NA,FALSE,NA,NA,NA,NA,NA,NA,1,"ASD"
1010,6,78168732,78959762,TRUE,96,2058,0.000344893,5.88937e-05,0.0446804,0.403927,FALSE,NA,NA,NA,NA,NA,NA,2,NA
1011,6,78959763,79859903,TRUE,109,2198,0.00026802,NA,0.102011,NA,FALSE,NA,NA,NA,NA,NA,NA,1,"ASD"
1012,6,79859904,80693927,TRUE,216,2142,0.000827912,NA,0.0045892,NA,FALSE,NA,NA,NA,NA,NA,NA,1,"ASD"
1013,6,80693928,81567706,TRUE,110,2416,5.99482e-05,NA,0.370143,NA,FALSE,NA,NA,NA,NA,NA,NA,1,"ASD"
1014,6,81567707,82388204,TRUE,76,2381,0.000249143,NA,0.0830267,NA,FALSE,NA,NA,NA,NA,NA,NA,1,"ASD"
1015,6,82388205,83571953,TRUE,224,2676,0.000282243,NA,0.169571,NA,FALSE,NA,NA,NA,NA,NA,NA,1,"ASD"
1016,6,83571954,85038134,TRUE,195,2187,0.00159451,0.000194524,4.48744e-07,0.3144,FALSE,NA,NA,NA,NA,NA,NA,2,NA
1017,6,85038135,85837203,TRUE,166,2118,0.000861645,NA,0.00100578,NA,FALSE,NA,NA,NA,NA,NA,NA,1,"ASD"
1018,6,85837204,86818669,TRUE,116,2199,0.00110217,NA,7.28167e-06,NA,FALSE,NA,NA,NA,NA,NA,NA,1,"ASD"
1019,6,86818670,87516322,TRUE,133,1888,0.000233954,NA,0.156754,NA,FALSE,NA,NA,NA,NA,NA,NA,1,"ASD"
1020,6,87516323,88499745,TRUE,120,2181,0.000141491,NA,0.249408,NA,FALSE,NA,NA,NA,NA,NA,NA,1,"ASD"
1021,6,88499746,89974267,TRUE,362,3339,0.000698533,NA,0.0377358,NA,FALSE,NA,NA,NA,NA,NA,NA,1,"ASD"
1022,6,89974268,91097024,TRUE,269,1906,0.000926894,NA,0.00431013,NA,FALSE,NA,NA,NA,NA,NA,NA,1,"ASD"
1023,6,91097025,92015279,TRUE,204,2023,0.000833884,NA,0.00358027,NA,FALSE,NA,NA,NA,NA,NA,NA,1,"ASD"
1024,6,92015280,92953798,TRUE,207,1962,0.00039192,NA,0.0881721,NA,FALSE,NA,NA,NA,NA,NA,NA,1,"ASD"
1025,6,92953799,93696825,TRUE,176,1916,0.000654377,NA,0.0100793,NA,FALSE,NA,NA,NA,NA,NA,NA,1,"ASD"
1026,6,93696826,95176337,TRUE,306,3464,0.00189903,NA,8.05713e-07,NA,FALSE,NA,NA,NA,NA,NA,NA,1,"ASD"
1027,6,95176338,96480153,TRUE,139,2379,0.000360713,NA,0.0750481,NA,FALSE,NA,NA,NA,NA,NA,NA,1,"ASD"
1028,6,96480154,98173003,TRUE,231,3480,0.00107913,0.000801255,0.000530087,0.0469774,TRUE,0.545557,0.545557,FALSE,-0.13322,1,0.118507,2,NA
1029,6,98173004,99678876,TRUE,230,2468,0.00140984,0.000528879,1.70383e-05,0.127966,FALSE,NA,NA,NA,NA,NA,NA,2,NA
1030,6,99678877,100878645,TRUE,235,2665,0.00180157,NA,1.41229e-07,NA,FALSE,NA,NA,NA,NA,NA,NA,1,"ASD"
1031,6,100878646,101793542,TRUE,67,1801,0.000111747,NA,0.239207,NA,FALSE,NA,NA,NA,NA,NA,NA,1,"ASD"
1032,6,101793543,102637706,TRUE,157,1755,0.000164081,NA,0.254079,NA,FALSE,NA,NA,NA,NA,NA,NA,1,"ASD"
1033,6,102637707,103612625,TRUE,90,1851,0.00024842,3.55545e-06,0.0999052,0.475288,FALSE,NA,NA,NA,NA,NA,NA,2,NA
1034,6,103612626,104209796,TRUE,61,1997,0.000225658,NA,0.0820724,NA,FALSE,NA,NA,NA,NA,NA,NA,1,"ASD"
1035,6,104209797,104951344,TRUE,132,1855,0.000385725,0.000108095,0.0527486,0.364865,FALSE,NA,NA,NA,NA,NA,NA,2,NA
1036,6,104951345,106053915,TRUE,196,1846,0.001219,NA,0.000118655,NA,FALSE,NA,NA,NA,NA,NA,NA,1,"ASD"
1037,6,106053916,107309327,TRUE,385,3120,0.000927769,NA,0.0115754,NA,FALSE,NA,NA,NA,NA,NA,NA,1,"ASD"
1038,6,107309328,109043244,TRUE,275,2627,0.000825559,NA,0.0124423,NA,FALSE,NA,NA,NA,NA,NA,NA,1,"ASD"
1039,6,109043245,110647842,TRUE,167,3179,0.000325393,NA,0.112469,NA,FALSE,NA,NA,NA,NA,NA,NA,1,"ASD"
1040,6,110647843,111363443,TRUE,140,1855,0.00108109,0.000170847,3.00449e-05,0.307013,FALSE,NA,NA,NA,NA,NA,NA,2,NA
1041,6,111363444,112342873,TRUE,177,1869,0.000584033,NA,0.0187211,NA,FALSE,NA,NA,NA,NA,NA,NA,1,"ASD"
1042,6,112342874,113705003,TRUE,285,2430,0.00155857,NA,1.84882e-05,NA,FALSE,NA,NA,NA,NA,NA,NA,1,"ASD"
1043,6,113705004,115062811,TRUE,254,2519,0.000669668,0.00049628,0.0210761,0.153598,FALSE,NA,NA,NA,NA,NA,NA,2,NA
1044,6,115062812,116132147,TRUE,113,2565,0.00109785,4.4406e-05,8.50726e-06,0.428424,FALSE,NA,NA,NA,NA,NA,NA,2,NA
1045,6,116132148,117674076,TRUE,252,3140,0.000578098,NA,0.0374546,NA,FALSE,NA,NA,NA,NA,NA,NA,1,"ASD"
1046,6,117674077,118529071,TRUE,164,1863,0.000819989,NA,0.00155205,NA,FALSE,NA,NA,NA,NA,NA,NA,1,"ASD"
1047,6,118529072,119451294,TRUE,135,2090,0.000356482,0.000295513,0.066441,0.198383,FALSE,NA,NA,NA,NA,NA,NA,2,NA
1048,6,119451295,120339244,TRUE,135,2195,0.000402704,0.000715659,0.0454369,0.0277668,TRUE,0.519117,0.519117,FALSE,-0.55351,1,0.251528,2,NA
1049,6,120339245,121087444,TRUE,99,2071,3.41724e-05,NA,0.4131,NA,FALSE,NA,NA,NA,NA,NA,NA,1,"ASD"
1050,6,121087445,121908063,TRUE,99,2339,0.000435036,NA,0.0205279,NA,FALSE,NA,NA,NA,NA,NA,NA,1,"ASD"
1051,6,121908064,122929290,TRUE,110,2192,0.00082377,NA,0.000333314,NA,FALSE,NA,NA,NA,NA,NA,NA,1,"ASD"
1052,6,122929291,123854857,TRUE,244,2166,0.000756974,0.000571923,0.0112542,0.117095,FALSE,NA,NA,NA,NA,NA,NA,2,NA
1053,6,123854858,125365054,TRUE,384,3050,0.0020302,NA,3.78749e-06,NA,FALSE,NA,NA,NA,NA,NA,NA,1,"ASD"
1054,6,125365055,127545459,TRUE,292,2905,0.000489244,NA,0.0873168,NA,FALSE,NA,NA,NA,NA,NA,NA,1,"ASD"
1055,6,127545460,128763380,TRUE,147,1814,0.0016637,0.000448017,1.59202e-08,0.115603,FALSE,NA,NA,NA,NA,NA,NA,2,NA
1056,6,128763381,129850178,TRUE,176,2292,0.00114536,NA,7.7432e-05,NA,FALSE,NA,NA,NA,NA,NA,NA,1,"ASD"
1057,6,129850179,130550137,TRUE,279,1911,0.000534867,NA,0.061008,NA,FALSE,NA,NA,NA,NA,NA,NA,1,"ASD"
1058,6,130550138,131457164,TRUE,153,2596,0.000523175,NA,0.0223902,NA,FALSE,NA,NA,NA,NA,NA,NA,1,"ASD"
1059,6,131457165,132890694,TRUE,305,2774,0.000828623,NA,0.0120219,NA,FALSE,NA,NA,NA,NA,NA,NA,1,"ASD"
1060,6,132890695,134313643,TRUE,304,3069,0.00100661,0.000769159,0.00345028,0.0777065,FALSE,NA,NA,NA,NA,NA,NA,2,NA
1061,6,134313644,135544083,TRUE,308,2375,0.000795167,0.000679348,0.0157684,0.104689,FALSE,NA,NA,NA,NA,NA,NA,2,NA
1062,6,135544084,137553212,TRUE,268,2446,0.000630806,NA,0.0362688,NA,FALSE,NA,NA,NA,NA,NA,NA,1,"ASD"
1063,6,137553213,138825721,TRUE,329,2968,0.00118161,NA,0.00140826,NA,FALSE,NA,NA,NA,NA,NA,NA,1,"ASD"
1064,6,138825722,139716713,TRUE,212,1986,0.00109638,0.000902724,0.000338267,0.0258674,TRUE,0.508682,0.508682,FALSE,-0.12739,1,0.113341,2,NA
1065,6,139716714,141449453,TRUE,288,2973,0.00126662,7.72965e-05,0.00029829,0.42998,FALSE,NA,NA,NA,NA,NA,NA,2,NA
1066,6,141449454,143083347,TRUE,229,2829,0.000977392,NA,0.00157776,NA,FALSE,NA,NA,NA,NA,NA,NA,1,"ASD"
1067,6,143083348,144791455,TRUE,433,3116,0.00121057,0.000206076,0.003308,0.365086,FALSE,NA,NA,NA,NA,NA,NA,2,NA
1068,6,144791456,145778282,TRUE,156,2114,0.000250095,0.000625886,0.156527,0.0560944,FALSE,NA,NA,NA,NA,NA,NA,2,NA
1069,6,145778283,147015882,TRUE,108,1913,0.000359936,0.000657767,0.0528588,0.0254886,FALSE,NA,NA,NA,NA,NA,NA,2,NA
1070,6,147015883,148184844,TRUE,228,2191,0.00154647,NA,3.59771e-06,NA,FALSE,NA,NA,NA,NA,NA,NA,1,"ASD"
1071,6,148184845,149278798,TRUE,423,3103,0.00129458,5.4177e-05,0.0017378,0.45657,FALSE,NA,NA,NA,NA,NA,NA,2,NA
1072,6,149278799,150635315,TRUE,318,3084,0.000467615,0.00035458,0.0972653,0.252284,FALSE,NA,NA,NA,NA,NA,NA,2,NA
1073,6,150635316,151629954,TRUE,388,3102,0.00119373,8.67727e-05,0.00220099,0.433368,FALSE,NA,NA,NA,NA,NA,NA,2,NA
1074,6,151629955,152376499,TRUE,208,1873,0.000344437,4.57158e-05,0.117655,0.445829,FALSE,NA,NA,NA,NA,NA,NA,2,NA
1075,6,152376500,153082361,TRUE,215,1866,0.000227452,NA,0.217333,NA,FALSE,NA,NA,NA,NA,NA,NA,1,"ASD"
1076,6,153082362,153791461,TRUE,168,1821,0.000731695,0.000333435,0.0052337,0.196294,FALSE,NA,NA,NA,NA,NA,NA,2,NA
1077,6,153791462,154462010,TRUE,100,1855,1.68597e-05,0.000158847,0.447789,0.289343,FALSE,NA,NA,NA,NA,NA,NA,2,NA
1078,6,154462011,155523957,TRUE,393,2542,0.00134751,NA,0.0010309,NA,FALSE,NA,NA,NA,NA,NA,NA,1,"ASD"
1079,6,155523958,156762740,TRUE,386,3128,0.000618708,0.000191277,0.0625943,0.366674,FALSE,NA,NA,NA,NA,NA,NA,2,NA
1080,6,156762741,158220143,TRUE,333,2318,0.000627208,NA,0.0588185,NA,FALSE,NA,NA,NA,NA,NA,NA,1,"ASD"
1081,6,158220144,158952060,TRUE,184,2082,0.000292286,0.000187896,0.13945,0.315004,FALSE,NA,NA,NA,NA,NA,NA,2,NA
1082,6,158952061,159604052,TRUE,188,1963,0.000482581,NA,0.044614,NA,FALSE,NA,NA,NA,NA,NA,NA,1,"ASD"
1083,6,159604053,160583918,TRUE,235,2355,0.000802257,0.000257328,0.00732985,0.283704,FALSE,NA,NA,NA,NA,NA,NA,2,NA
1084,6,160583919,161371014,TRUE,160,2050,0.000699161,NA,0.0050502,NA,FALSE,NA,NA,NA,NA,NA,NA,1,"ASD"
1085,6,161371015,162254229,TRUE,311,2189,0.00140444,NA,0.000157096,NA,FALSE,NA,NA,NA,NA,NA,NA,1,"ASD"
1086,6,162254230,163336361,TRUE,236,2929,0.000468984,0.000332934,0.0676922,0.233884,FALSE,NA,NA,NA,NA,NA,NA,2,NA
1087,6,163336362,164687462,TRUE,417,3483,0.00089031,0.00145236,0.0191781,0.0124804,TRUE,-0.359468,-0.359468,FALSE,-1,0.38995,0.322083,2,NA
1088,6,164687463,165835953,TRUE,273,3521,0.000613579,3.73056e-05,0.0363681,0.459233,FALSE,NA,NA,NA,NA,NA,NA,2,NA
1089,6,165835954,166853325,TRUE,333,2864,0.000850555,NA,0.013796,NA,FALSE,NA,NA,NA,NA,NA,NA,1,"ASD"
1090,6,166853326,167714865,TRUE,277,2609,0.000772186,NA,0.0143477,NA,FALSE,NA,NA,NA,NA,NA,NA,1,"ASD"
1091,6,167714866,168707338,TRUE,244,2312,0.000702144,2.95271e-05,0.0248543,0.463346,FALSE,NA,NA,NA,NA,NA,NA,2,NA
1092,6,168707339,169667886,TRUE,295,3451,0.00212362,0.000459524,3.92269e-08,0.188277,FALSE,NA,NA,NA,NA,NA,NA,2,NA
1093,6,169667887,171053405,TRUE,240,3053,0.000881206,NA,0.00487255,NA,FALSE,NA,NA,NA,NA,NA,NA,1,"ASD"
1094,7,15064,617319,TRUE,66,484,0.000507603,NA,0.00808336,NA,FALSE,NA,NA,NA,NA,NA,NA,1,"ASD"
1095,7,617320,1366972,TRUE,115,1566,0.00113019,0.000230434,2.35742e-05,0.233505,FALSE,NA,NA,NA,NA,NA,NA,2,NA
1096,7,1366973,2473749,TRUE,295,2922,0.00103097,0.00034262,0.00356435,0.251447,FALSE,NA,NA,NA,NA,NA,NA,2,NA
1097,7,2473750,3100211,TRUE,284,1664,0.00156862,NA,5.25973e-05,NA,FALSE,NA,NA,NA,NA,NA,NA,1,"ASD"
1098,7,3100212,4139431,TRUE,341,3166,0.000669733,NA,0.0386147,NA,FALSE,NA,NA,NA,NA,NA,NA,1,"ASD"
1099,7,4139432,4938442,TRUE,333,2370,0.00139062,NA,0.00037466,NA,FALSE,NA,NA,NA,NA,NA,NA,1,"ASD"
1100,7,4938443,6020653,TRUE,357,2588,0.00300189,0.0003167,1.38348e-09,0.285349,FALSE,NA,NA,NA,NA,NA,NA,2,NA
1101,7,6020654,6716905,TRUE,185,1767,0.0022884,NA,2.65932e-11,NA,FALSE,NA,NA,NA,NA,NA,NA,1,"ASD"
1102,7,6716906,7167610,TRUE,58,731,0.000316191,NA,0.032542,NA,FALSE,NA,NA,NA,NA,NA,NA,1,"ASD"
1103,7,7167611,7926500,TRUE,268,2218,0.000954624,0.000656879,0.00360455,0.0972027,FALSE,NA,NA,NA,NA,NA,NA,2,NA
1104,7,7926501,8718351,TRUE,270,2093,0.00167711,NA,1.64705e-05,NA,FALSE,NA,NA,NA,NA,NA,NA,1,"ASD"
1105,7,8718352,9225106,TRUE,228,1658,0.00100709,NA,0.00158989,NA,FALSE,NA,NA,NA,NA,NA,NA,1,"ASD"
1106,7,9225107,9900801,TRUE,200,2319,0.000604522,NA,0.0225256,NA,FALSE,NA,NA,NA,NA,NA,NA,1,"ASD"
1107,7,9900802,10481677,TRUE,183,1960,0.000212124,0.000130206,0.209957,0.364352,FALSE,NA,NA,NA,NA,NA,NA,2,NA
1108,7,10481678,11232447,TRUE,167,2159,0.000101063,NA,0.334532,NA,FALSE,NA,NA,NA,NA,NA,NA,1,"ASD"
1109,7,11232448,11855413,TRUE,228,1849,0.000135282,NA,0.319291,NA,FALSE,NA,NA,NA,NA,NA,NA,1,"ASD"
1110,7,11855414,12694915,FALSE,NA,NA,NA,NA,NA,NA,FALSE,NA,NA,NA,NA,NA,NA,NA,NA
1111,7,12694916,13213541,TRUE,145,1723,0.000485348,NA,0.0289118,NA,FALSE,NA,NA,NA,NA,NA,NA,1,"ASD"
1112,7,13213542,13676747,TRUE,168,1585,0.000679694,NA,0.00768058,NA,FALSE,NA,NA,NA,NA,NA,NA,1,"ASD"
1113,7,13676748,15013694,TRUE,406,3186,0.00179808,0.000728617,4.99165e-05,0.119433,FALSE,NA,NA,NA,NA,NA,NA,2,NA
1114,7,15013695,15877564,TRUE,255,2123,0.00037449,NA,0.124286,NA,FALSE,NA,NA,NA,NA,NA,NA,1,"ASD"
1115,7,15877565,16739013,TRUE,240,2185,0.000108283,NA,0.354296,NA,FALSE,NA,NA,NA,NA,NA,NA,1,"ASD"
1116,7,16739014,17596578,TRUE,375,2134,0.00191168,NA,5.66784e-06,NA,FALSE,NA,NA,NA,NA,NA,NA,1,"ASD"
1117,7,17596579,19131026,TRUE,453,3077,0.00270794,0.00114037,2.64023e-08,0.0430991,TRUE,-0.0495343,-0.0495343,FALSE,-0.8141,0.55102,0.852816,2,NA
1118,7,19131027,20122179,TRUE,250,3005,0.00111287,0.000468445,0.00084243,0.164963,FALSE,NA,NA,NA,NA,NA,NA,2,NA
1119,7,20122180,21390644,TRUE,434,3178,0.00178991,0.000754168,4.02045e-05,0.11913,FALSE,NA,NA,NA,NA,NA,NA,2,NA
1120,7,21390645,22165060,TRUE,417,2346,0.00132321,NA,0.00114848,NA,FALSE,NA,NA,NA,NA,NA,NA,1,"ASD"
1121,7,22165061,23106680,TRUE,261,2437,0.000648102,NA,0.0266237,NA,FALSE,NA,NA,NA,NA,NA,NA,1,"ASD"
1122,7,23106681,24151099,TRUE,241,2367,0.000704155,0.000174702,0.0155191,0.346378,FALSE,NA,NA,NA,NA,NA,NA,2,NA
1123,7,24151100,24894119,TRUE,219,2196,0.000514976,NA,0.0437556,NA,FALSE,NA,NA,NA,NA,NA,NA,1,"ASD"
1124,7,24894120,25671575,TRUE,321,2112,0.00128997,NA,0.000393131,NA,FALSE,NA,NA,NA,NA,NA,NA,1,"ASD"
1125,7,25671576,27351286,TRUE,393,3587,0.00107971,3.00461e-05,0.0049175,0.470748,FALSE,NA,NA,NA,NA,NA,NA,2,NA
1126,7,27351287,28890886,TRUE,457,3384,0.00112138,NA,0.00617022,NA,FALSE,NA,NA,NA,NA,NA,NA,1,"ASD"
1127,7,28890887,30175113,TRUE,409,3522,0.000902076,NA,0.016458,NA,FALSE,NA,NA,NA,NA,NA,NA,1,"ASD"
1128,7,30175114,31730554,TRUE,396,3149,0.00171523,NA,5.06235e-05,NA,FALSE,NA,NA,NA,NA,NA,NA,1,"ASD"
1129,7,31730555,32460228,TRUE,194,2064,0.00079495,NA,0.00398873,NA,FALSE,NA,NA,NA,NA,NA,NA,1,"ASD"
1130,7,32460229,33159277,TRUE,76,1800,0.000325657,4.43642e-05,0.0401085,0.41321,FALSE,NA,NA,NA,NA,NA,NA,2,NA
1131,7,33159278,34114532,TRUE,167,1825,0.00101834,NA,0.000224371,NA,FALSE,NA,NA,NA,NA,NA,NA,1,"ASD"
1132,7,34114533,35354135,TRUE,184,2603,0.000941056,NA,0.000849615,NA,FALSE,NA,NA,NA,NA,NA,NA,1,"ASD"
1133,7,35354136,36507690,TRUE,286,2754,0.000895237,NA,0.00638181,NA,FALSE,NA,NA,NA,NA,NA,NA,1,"ASD"
1134,7,36507691,37981936,TRUE,398,3431,0.00156294,NA,0.000141738,NA,FALSE,NA,NA,NA,NA,NA,NA,1,"ASD"
1135,7,37981937,38966483,TRUE,268,3018,0.00135044,0.000467683,0.000108898,0.173301,FALSE,NA,NA,NA,NA,NA,NA,2,NA
1136,7,38966484,40261240,TRUE,240,2476,0.000944281,0.000126657,0.00228516,0.383539,FALSE,NA,NA,NA,NA,NA,NA,2,NA
1137,7,40261241,41415925,TRUE,149,1761,0.00156771,0.000155692,7.59942e-08,0.326356,FALSE,NA,NA,NA,NA,NA,NA,2,NA
1138,7,41415926,42494806,TRUE,283,2265,0.000834565,NA,0.0109949,NA,FALSE,NA,NA,NA,NA,NA,NA,1,"ASD"
1139,7,42494807,43448815,TRUE,208,2256,0.00139103,NA,1.13409e-05,NA,FALSE,NA,NA,NA,NA,NA,NA,1,"ASD"
1140,7,43448816,44989571,TRUE,267,2897,0.00125088,NA,0.00027038,NA,FALSE,NA,NA,NA,NA,NA,NA,1,"ASD"
1141,7,44989572,46247335,TRUE,269,3262,0.00145889,0.000359283,3.42608e-05,0.231936,FALSE,NA,NA,NA,NA,NA,NA,2,NA
1142,7,46247336,47253454,TRUE,274,2900,0.00182261,NA,5.6391e-07,NA,FALSE,NA,NA,NA,NA,NA,NA,1,"ASD"
1143,7,47253455,48363585,TRUE,376,2713,0.000497806,0.000245727,0.101873,0.33158,FALSE,NA,NA,NA,NA,NA,NA,2,NA
1144,7,48363586,48984625,TRUE,162,1952,0.000333934,0.00034694,0.0950413,0.183413,FALSE,NA,NA,NA,NA,NA,NA,2,NA
1145,7,48984626,49632426,TRUE,145,1932,0.000608851,0.000207869,0.00906005,0.276673,FALSE,NA,NA,NA,NA,NA,NA,2,NA
1146,7,49632427,50894508,TRUE,250,3045,0.000727818,0.000311253,0.0140308,0.253657,FALSE,NA,NA,NA,NA,NA,NA,2,NA
1147,7,50894509,51951647,TRUE,268,2407,0.00188455,NA,2.04413e-07,NA,FALSE,NA,NA,NA,NA,NA,NA,1,"ASD"
1148,7,51951648,52635123,TRUE,148,2397,0.00103778,0.000507196,7.17991e-05,0.0902893,FALSE,NA,NA,NA,NA,NA,NA,2,NA
1149,7,52635124,53176523,TRUE,152,2357,0.000721147,0.000587439,0.00323478,0.0648164,FALSE,NA,NA,NA,NA,NA,NA,2,NA
1150,7,53176524,54086987,TRUE,154,3012,0.000787714,0.000637125,0.00184248,0.0521781,FALSE,NA,NA,NA,NA,NA,NA,2,NA
1151,7,54086988,54550500,TRUE,50,1810,7.07367e-05,0.00018021,0.28842,0.195226,FALSE,NA,NA,NA,NA,NA,NA,2,NA
1152,7,54550501,55161394,TRUE,129,1651,0.000462595,5.07055e-05,0.026479,0.42587,FALSE,NA,NA,NA,NA,NA,NA,2,NA
1153,7,55161395,56303513,TRUE,229,3089,0.000847151,NA,0.00490499,NA,FALSE,NA,NA,NA,NA,NA,NA,1,"ASD"
1154,7,56303514,57383657,TRUE,45,1830,7.92476e-05,NA,0.272864,NA,FALSE,NA,NA,NA,NA,NA,NA,1,"ASD"
1155,7,57383658,61969717,TRUE,22,365,0.000108377,NA,0.145687,NA,FALSE,NA,NA,NA,NA,NA,NA,1,"ASD"
1156,7,61969718,63311297,TRUE,20,370,0.00015281,5.73571e-06,0.0970744,0.441414,FALSE,NA,NA,NA,NA,NA,NA,2,NA
1157,7,63311298,64216135,TRUE,66,2434,1.87357e-05,0.00015928,0.432129,0.248982,FALSE,NA,NA,NA,NA,NA,NA,2,NA
1158,7,64216136,65294277,TRUE,44,1791,0.00037436,NA,0.00843899,NA,FALSE,NA,NA,NA,NA,NA,NA,1,"ASD"
1159,7,65294278,66453993,TRUE,22,1836,0.000252249,NA,0.020092,NA,FALSE,NA,NA,NA,NA,NA,NA,1,"ASD"
1160,7,66453994,66914875,TRUE,58,1880,0.000359327,0.000181105,0.0178488,0.210115,FALSE,NA,NA,NA,NA,NA,NA,2,NA
1161,7,66914876,67474722,TRUE,146,1931,0.000236853,3.24241e-05,0.160421,0.449612,FALSE,NA,NA,NA,NA,NA,NA,2,NA
1162,7,67474723,68569224,TRUE,310,3655,0.000823022,0.000155077,0.0123135,0.377052,FALSE,NA,NA,NA,NA,NA,NA,2,NA
1163,7,68569225,70144614,TRUE,242,2584,0.00107687,7.02952e-06,0.000761766,0.48201,FALSE,NA,NA,NA,NA,NA,NA,2,NA
1164,7,70144615,71215741,TRUE,298,2961,0.00087253,NA,0.00811734,NA,FALSE,NA,NA,NA,NA,NA,NA,1,"ASD"
1165,7,71215742,73128830,TRUE,228,2682,0.00105797,NA,0.000893939,NA,FALSE,NA,NA,NA,NA,NA,NA,1,"ASD"
1166,7,73128831,75243899,TRUE,159,1263,0.000525905,NA,0.0381057,NA,FALSE,NA,NA,NA,NA,NA,NA,1,"ASD"
1167,7,75243900,76451928,TRUE,210,2319,0.000665373,NA,0.0197094,NA,FALSE,NA,NA,NA,NA,NA,NA,1,"ASD"
1168,7,76451929,77663964,TRUE,186,2209,0.000568485,0.000255183,0.0254889,0.262638,FALSE,NA,NA,NA,NA,NA,NA,2,NA
1169,7,77663965,78685009,TRUE,330,3070,0.000997975,0.000209795,0.0047135,0.344279,FALSE,NA,NA,NA,NA,NA,NA,2,NA
1170,7,78685010,80055721,TRUE,179,2663,0.000947638,NA,0.000830776,NA,FALSE,NA,NA,NA,NA,NA,NA,1,"ASD"
1171,7,80055722,81533566,TRUE,290,2591,0.00155923,NA,4.44752e-05,NA,FALSE,NA,NA,NA,NA,NA,NA,1,"ASD"
1172,7,81533567,82759283,TRUE,294,2769,0.00175963,9.02891e-05,3.89831e-06,0.421035,FALSE,NA,NA,NA,NA,NA,NA,2,NA
1173,7,82759284,83953009,TRUE,231,3038,0.000714705,NA,0.0141956,NA,FALSE,NA,NA,NA,NA,NA,NA,1,"ASD"
1174,7,83953010,85356715,TRUE,135,2187,0.000284171,NA,0.121051,NA,FALSE,NA,NA,NA,NA,NA,NA,1,"ASD"
1175,7,85356716,86446538,TRUE,96,2432,0.000659215,NA,0.00135101,NA,FALSE,NA,NA,NA,NA,NA,NA,1,"ASD"
1176,7,86446539,87836641,TRUE,162,2246,0.000956514,NA,0.000396232,NA,FALSE,NA,NA,NA,NA,NA,NA,1,"ASD"
1177,7,87836642,89330087,TRUE,250,3395,0.00202047,NA,2.1623e-08,NA,FALSE,NA,NA,NA,NA,NA,NA,1,"ASD"
1178,7,89330088,90660831,TRUE,180,3526,0.00112314,NA,8.74775e-05,NA,FALSE,NA,NA,NA,NA,NA,NA,1,"ASD"
1179,7,90660832,92530165,TRUE,221,2306,0.00121939,7.53675e-05,0.000175166,0.421923,FALSE,NA,NA,NA,NA,NA,NA,2,NA
1180,7,92530166,93691725,TRUE,202,2022,0.000616065,0.000224643,0.0228699,0.293729,FALSE,NA,NA,NA,NA,NA,NA,2,NA
1181,7,93691726,95174847,TRUE,260,2163,0.00167827,NA,2.38829e-06,NA,FALSE,NA,NA,NA,NA,NA,NA,1,"ASD"
1182,7,95174848,96564981,TRUE,262,2730,0.000606555,NA,0.0343521,NA,FALSE,NA,NA,NA,NA,NA,NA,1,"ASD"
1183,7,96564982,97420207,TRUE,178,1713,0.00119019,0.000113521,4.99827e-05,0.37773,FALSE,NA,NA,NA,NA,NA,NA,2,NA
1184,7,97420208,98173564,TRUE,102,1509,0.000392487,NA,0.0361723,NA,FALSE,NA,NA,NA,NA,NA,NA,1,"ASD"
1185,7,98173565,99465540,TRUE,148,2091,0.000917377,NA,0.000459119,NA,FALSE,NA,NA,NA,NA,NA,NA,1,"ASD"
1186,7,99465541,100849307,TRUE,219,2023,0.00132701,NA,3.59805e-05,NA,FALSE,NA,NA,NA,NA,NA,NA,1,"ASD"
1187,7,100849308,101950748,TRUE,301,2979,0.000434572,NA,0.106296,NA,FALSE,NA,NA,NA,NA,NA,NA,1,"ASD"
1188,7,101950749,103191322,TRUE,91,1467,0.000560245,0.000370066,0.00687974,0.105937,FALSE,NA,NA,NA,NA,NA,NA,2,NA
1189,7,103191323,104109231,TRUE,228,2654,0.000495846,NA,0.0532097,NA,FALSE,NA,NA,NA,NA,NA,NA,1,"ASD"
1190,7,104109232,105312563,TRUE,290,2237,0.000894559,NA,0.00682389,NA,FALSE,NA,NA,NA,NA,NA,NA,1,"ASD"
1191,7,105312564,106399739,TRUE,397,2571,0.000795527,NA,0.0287789,NA,FALSE,NA,NA,NA,NA,NA,NA,1,"ASD"
1192,7,106399740,107658603,TRUE,226,2047,0.000871346,0.000325628,0.00378877,0.233891,FALSE,NA,NA,NA,NA,NA,NA,2,NA
1193,7,107658604,109095558,TRUE,235,3079,0.00165732,4.43643e-05,2.61325e-06,0.450139,FALSE,NA,NA,NA,NA,NA,NA,2,NA
1194,7,109095559,110479479,TRUE,288,2905,0.00159648,0.000205524,1.74743e-05,0.337095,FALSE,NA,NA,NA,NA,NA,NA,2,NA
1195,7,110479480,111795299,TRUE,225,1816,0.000767593,NA,0.00918113,NA,FALSE,NA,NA,NA,NA,NA,NA,1,"ASD"
1196,7,111795300,113339386,TRUE,224,2823,0.00131417,0.000284648,6.516e-05,0.260109,FALSE,NA,NA,NA,NA,NA,NA,2,NA
1197,7,113339387,115321301,TRUE,258,2747,0.00192061,0.000211286,1.3326e-07,0.32451,FALSE,NA,NA,NA,NA,NA,NA,2,NA
1198,7,115321302,116835336,TRUE,223,2451,0.0010928,NA,0.000559482,NA,FALSE,NA,NA,NA,NA,NA,NA,1,"ASD"
1199,7,116835337,118342090,TRUE,163,2528,0.000580618,NA,0.0165365,NA,FALSE,NA,NA,NA,NA,NA,NA,1,"ASD"
1200,7,118342091,119568236,FALSE,NA,NA,NA,NA,NA,NA,FALSE,NA,NA,NA,NA,NA,NA,NA,NA
1201,7,119568237,121042050,FALSE,NA,NA,NA,NA,NA,NA,FALSE,NA,NA,NA,NA,NA,NA,NA,NA
1202,7,121042051,121946052,TRUE,131,1815,0.000242238,NA,0.148447,NA,FALSE,NA,NA,NA,NA,NA,NA,1,"ASD"
1203,7,121946053,123859746,TRUE,317,3660,0.000998423,0.000243201,0.00387791,0.319541,FALSE,NA,NA,NA,NA,NA,NA,2,NA
1204,7,123859747,125389586,TRUE,152,3374,0.000139897,0.000452907,0.276942,0.116838,FALSE,NA,NA,NA,NA,NA,NA,2,NA
1205,7,125389587,126640872,TRUE,151,3185,0.00090602,NA,0.00046386,NA,FALSE,NA,NA,NA,NA,NA,NA,1,"ASD"
1206,7,126640873,127903738,TRUE,226,2336,0.000750102,0.000385556,0.00921698,0.197433,FALSE,NA,NA,NA,NA,NA,NA,2,NA
1207,7,127903739,128779173,TRUE,172,2157,0.000889342,0.000388966,0.00132947,0.164533,FALSE,NA,NA,NA,NA,NA,NA,2,NA
1208,7,128779174,130418704,TRUE,352,3199,0.00124831,0.00021593,0.000951385,0.345009,FALSE,NA,NA,NA,NA,NA,NA,2,NA
1209,7,130418705,131856481,TRUE,397,2855,0.00146881,NA,0.000431518,NA,FALSE,NA,NA,NA,NA,NA,NA,1,"ASD"
1210,7,131856482,133807216,TRUE,346,3181,0.000996678,0.000294434,0.00585456,0.295456,FALSE,NA,NA,NA,NA,NA,NA,2,NA
1211,7,133807217,134943221,TRUE,239,2718,0.000348348,NA,0.129158,NA,FALSE,NA,NA,NA,NA,NA,NA,1,"ASD"
1212,7,134943222,136113467,TRUE,275,2733,0.00112884,NA,0.000882546,NA,FALSE,NA,NA,NA,NA,NA,NA,1,"ASD"
1213,7,136113468,137657459,TRUE,263,2694,0.00108104,NA,0.00116994,NA,FALSE,NA,NA,NA,NA,NA,NA,1,"ASD"
1214,7,137657460,138755107,TRUE,330,2301,0.000817024,0.000244754,0.0208053,0.321828,FALSE,NA,NA,NA,NA,NA,NA,2,NA
1215,7,138755108,140217630,TRUE,347,2652,0.00199196,NA,2.31664e-06,NA,FALSE,NA,NA,NA,NA,NA,NA,1,"ASD"
1216,7,140217631,142098979,TRUE,252,2793,0.00095174,0.000488825,0.00314668,0.156151,FALSE,NA,NA,NA,NA,NA,NA,2,NA
1217,7,142098980,144324464,TRUE,223,3199,0.000854434,0.000344776,0.00410496,0.220365,FALSE,NA,NA,NA,NA,NA,NA,2,NA
1218,7,144324465,145415775,TRUE,189,2558,0.00027697,0.000157619,0.16136,0.342641,FALSE,NA,NA,NA,NA,NA,NA,2,NA
1219,7,145415776,146574327,TRUE,154,2512,0.00053531,NA,0.0254521,NA,FALSE,NA,NA,NA,NA,NA,NA,1,"ASD"
1220,7,146574328,147352171,TRUE,168,2223,0.000815535,0.000199109,0.00192925,0.297766,FALSE,NA,NA,NA,NA,NA,NA,2,NA
1221,7,147352172,148622913,TRUE,337,3242,0.000667265,NA,0.0415978,NA,FALSE,NA,NA,NA,NA,NA,NA,1,"ASD"
1222,7,148622914,149842999,TRUE,203,2096,0.000845128,NA,0.00426073,NA,FALSE,NA,NA,NA,NA,NA,NA,1,"ASD"
1223,7,149843000,150897818,TRUE,250,2392,0.000581665,NA,0.0371751,NA,FALSE,NA,NA,NA,NA,NA,NA,1,"ASD"
1224,7,150897819,152253294,TRUE,348,2017,0.00153648,NA,0.000207114,NA,FALSE,NA,NA,NA,NA,NA,NA,1,"ASD"
1225,7,152253295,153241228,TRUE,288,2776,0.000941313,NA,0.00690403,NA,FALSE,NA,NA,NA,NA,NA,NA,1,"ASD"
1226,7,153241229,154407487,TRUE,288,2260,0.000962124,NA,0.00616054,NA,FALSE,NA,NA,NA,NA,NA,NA,1,"ASD"
1227,7,154407488,155280610,TRUE,352,2561,0.00254224,NA,2.49422e-08,NA,FALSE,NA,NA,NA,NA,NA,NA,1,"ASD"
1228,7,155280611,156344386,TRUE,394,2625,0.00179643,NA,4.37369e-05,NA,FALSE,NA,NA,NA,NA,NA,NA,1,"ASD"
1229,7,156344387,157199331,TRUE,217,2396,0.00100202,NA,0.00116279,NA,FALSE,NA,NA,NA,NA,NA,NA,1,"ASD"
1230,7,157199332,158031247,TRUE,306,2373,0.00206809,0.000161107,7.63009e-07,0.372074,FALSE,NA,NA,NA,NA,NA,NA,2,NA
1231,7,158031248,159128566,TRUE,225,2669,0.00138983,NA,3.87527e-05,NA,FALSE,NA,NA,NA,NA,NA,NA,1,"ASD"
1232,8,11740,660414,TRUE,247,1805,0.00108769,6.50408e-05,0.000782828,0.434447,FALSE,NA,NA,NA,NA,NA,NA,2,NA
1233,8,660415,1161824,TRUE,276,1764,0.00143683,0.000310975,4.82495e-05,0.26384,FALSE,NA,NA,NA,NA,NA,NA,2,NA
1234,8,1161825,1628039,TRUE,309,1867,0.00115699,NA,0.00139156,NA,FALSE,NA,NA,NA,NA,NA,NA,1,"ASD"
1235,8,1628040,2070902,TRUE,334,1430,0.00206613,NA,2.03044e-06,NA,FALSE,NA,NA,NA,NA,NA,NA,1,"ASD"
1236,8,2070903,2396122,TRUE,120,1182,0.000298935,NA,0.0925036,NA,FALSE,NA,NA,NA,NA,NA,NA,1,"ASD"
1237,8,2396123,2970491,TRUE,335,2131,0.000315974,NA,0.195679,NA,FALSE,NA,NA,NA,NA,NA,NA,1,"ASD"
1238,8,2970492,3386667,TRUE,325,2437,0.000564235,NA,0.0626723,NA,FALSE,NA,NA,NA,NA,NA,NA,1,"ASD"
1239,8,3386668,3787248,TRUE,353,2517,0.000897257,NA,0.011601,NA,FALSE,NA,NA,NA,NA,NA,NA,1,"ASD"
1240,8,3787249,4273083,TRUE,471,2781,0.00143851,NA,0.00092321,NA,FALSE,NA,NA,NA,NA,NA,NA,1,"ASD"
1241,8,4273084,4893120,TRUE,516,2719,0.00102507,NA,0.0163548,NA,FALSE,NA,NA,NA,NA,NA,NA,1,"ASD"
1242,8,4893121,5566269,TRUE,372,3118,0.0016279,NA,5.06417e-05,NA,FALSE,NA,NA,NA,NA,NA,NA,1,"ASD"
1243,8,5566270,6019163,TRUE,247,2409,0.00123817,NA,0.000180506,NA,FALSE,NA,NA,NA,NA,NA,NA,1,"ASD"
1244,8,6019164,6663427,TRUE,380,2681,0.00272429,0.000177728,1.89832e-09,0.374155,FALSE,NA,NA,NA,NA,NA,NA,2,NA
1245,8,6663428,8064600,TRUE,173,926,0.000778137,NA,0.00435719,NA,FALSE,NA,NA,NA,NA,NA,NA,1,"ASD"
1246,8,8064601,8589770,TRUE,194,1659,0.000390168,NA,0.0823722,NA,FALSE,NA,NA,NA,NA,NA,NA,1,"ASD"
1247,8,8589771,9167795,TRUE,234,1833,0.00011297,0.000374972,0.34647,0.207471,FALSE,NA,NA,NA,NA,NA,NA,2,NA
1248,8,9167796,9835863,TRUE,202,2003,0.000361937,NA,0.102068,NA,FALSE,NA,NA,NA,NA,NA,NA,1,"ASD"
1249,8,9835864,10478851,TRUE,317,2043,0.000877677,0.000343306,0.008594,0.258412,FALSE,NA,NA,NA,NA,NA,NA,2,NA
1250,8,10478852,11466761,TRUE,309,2612,0.000604338,0.000504484,0.0481069,0.172341,FALSE,NA,NA,NA,NA,NA,NA,2,NA
1251,8,11466762,12296849,TRUE,200,1487,0.000488551,NA,0.0470862,NA,FALSE,NA,NA,NA,NA,NA,NA,1,"ASD"
1252,8,12296850,12947935,TRUE,138,1262,0.000390894,NA,0.055526,NA,FALSE,NA,NA,NA,NA,NA,NA,1,"ASD"
1253,8,12947936,13395051,TRUE,159,1714,0.00053883,NA,0.0206678,NA,FALSE,NA,NA,NA,NA,NA,NA,1,"ASD"
1254,8,13395052,13948095,TRUE,212,3073,0.00126883,0.000319472,4.49744e-05,0.231039,FALSE,NA,NA,NA,NA,NA,NA,2,NA
1255,8,13948096,14389305,TRUE,162,1833,0.000571111,NA,0.0169255,NA,FALSE,NA,NA,NA,NA,NA,NA,1,"ASD"
1256,8,14389306,14872767,TRUE,204,1925,0.000527556,NA,0.0356976,NA,FALSE,NA,NA,NA,NA,NA,NA,1,"ASD"
1257,8,14872768,15359692,TRUE,210,1954,0.000638064,NA,0.0171642,NA,FALSE,NA,NA,NA,NA,NA,NA,1,"ASD"
1258,8,15359693,15999328,TRUE,258,2321,0.000602264,0.000680151,0.034112,0.08614,FALSE,NA,NA,NA,NA,NA,NA,2,NA
1259,8,15999329,16988030,TRUE,272,2634,0.0013798,NA,0.000134655,NA,FALSE,NA,NA,NA,NA,NA,NA,1,"ASD"
1260,8,16988031,17492672,TRUE,257,1656,0.000780403,NA,0.0114926,NA,FALSE,NA,NA,NA,NA,NA,NA,1,"ASD"
1261,8,17492673,17947004,FALSE,NA,NA,NA,NA,NA,NA,FALSE,NA,NA,NA,NA,NA,NA,NA,NA
1262,8,17947005,18668609,TRUE,340,2795,0.00156777,0.000151622,5.44302e-05,0.384675,FALSE,NA,NA,NA,NA,NA,NA,2,NA
1263,8,18668610,19488888,TRUE,371,2584,0.00155998,NA,0.000101744,NA,FALSE,NA,NA,NA,NA,NA,NA,1,"ASD"
1264,8,19488889,20135628,TRUE,303,1939,0.000540018,NA,0.0651893,NA,FALSE,NA,NA,NA,NA,NA,NA,1,"ASD"
1265,8,20135629,20812107,TRUE,240,1897,0.000344053,2.26143e-05,0.133803,0.468836,FALSE,NA,NA,NA,NA,NA,NA,2,NA
1266,8,20812108,21650453,TRUE,273,2077,0.00147254,0.000571171,4.23916e-05,0.129831,FALSE,NA,NA,NA,NA,NA,NA,2,NA
1267,8,21650454,22895018,TRUE,380,2389,0.000565647,NA,0.0879413,NA,FALSE,NA,NA,NA,NA,NA,NA,1,"ASD"
1268,8,22895019,23788494,TRUE,318,2737,0.000866298,NA,0.0102302,NA,FALSE,NA,NA,NA,NA,NA,NA,1,"ASD"
1269,8,23788495,24863243,TRUE,186,2209,0.00112521,0.000421112,0.000176341,0.155465,FALSE,NA,NA,NA,NA,NA,NA,2,NA
1270,8,24863244,25859277,TRUE,255,2215,0.0011383,NA,0.000522619,NA,FALSE,NA,NA,NA,NA,NA,NA,1,"ASD"
1271,8,25859278,26679135,TRUE,308,2595,0.00170866,NA,5.30102e-06,NA,FALSE,NA,NA,NA,NA,NA,NA,1,"ASD"
1272,8,26679136,27406511,TRUE,205,2311,0.000282998,9.46575e-06,0.158054,0.478237,FALSE,NA,NA,NA,NA,NA,NA,2,NA
1273,8,27406512,28344176,TRUE,270,2297,0.000401502,NA,0.11179,NA,FALSE,NA,NA,NA,NA,NA,NA,1,"ASD"
1274,8,28344177,29744540,TRUE,295,2356,0.000952014,NA,0.00501976,NA,FALSE,NA,NA,NA,NA,NA,NA,1,"ASD"
1275,8,29744541,31134786,TRUE,213,2516,0.00110873,NA,0.000298441,NA,FALSE,NA,NA,NA,NA,NA,NA,1,"ASD"
1276,8,31134787,32454962,TRUE,278,3456,0.00123322,NA,0.000297886,NA,FALSE,NA,NA,NA,NA,NA,NA,1,"ASD"
1277,8,32454963,33982537,TRUE,212,2584,0.000318138,NA,0.138651,NA,FALSE,NA,NA,NA,NA,NA,NA,1,"ASD"
1278,8,33982538,34792220,TRUE,65,1816,0.000155834,6.72335e-05,0.166504,0.371697,FALSE,NA,NA,NA,NA,NA,NA,2,NA
1279,8,34792221,36641174,TRUE,124,1691,0.000652917,3.71242e-05,0.0051348,0.439962,FALSE,NA,NA,NA,NA,NA,NA,2,NA
1280,8,36641175,38803980,TRUE,408,2811,0.00154452,NA,0.000280931,NA,FALSE,NA,NA,NA,NA,NA,NA,1,"ASD"
1281,8,38803981,40179577,TRUE,255,2734,0.000598344,NA,0.035746,NA,FALSE,NA,NA,NA,NA,NA,NA,1,"ASD"
1282,8,40179578,40974254,TRUE,205,2403,0.0012682,NA,3.79867e-05,NA,FALSE,NA,NA,NA,NA,NA,NA,1,"ASD"
1283,8,40974255,41725002,TRUE,230,2000,0.00040147,NA,0.09654,NA,FALSE,NA,NA,NA,NA,NA,NA,1,"ASD"
1284,8,41725003,43825633,TRUE,132,2298,0.00156728,NA,1.02482e-07,NA,FALSE,NA,NA,NA,NA,NA,NA,1,"ASD"
1285,8,43825634,49044813,TRUE,48,1393,0.000434026,0.00023944,0.00937878,0.130792,FALSE,NA,NA,NA,NA,NA,NA,2,NA
1286,8,49044814,50288660,TRUE,140,2244,0.000776509,0.000540886,0.00150458,0.0725444,FALSE,NA,NA,NA,NA,NA,NA,2,NA
1287,8,50288661,51461455,TRUE,61,2240,0.000152958,0.000100654,0.163699,0.318418,FALSE,NA,NA,NA,NA,NA,NA,2,NA
1288,8,51461456,52326236,TRUE,85,2069,0.000732054,0.000251629,0.000310858,0.182103,FALSE,NA,NA,NA,NA,NA,NA,2,NA
1289,8,52326237,53108910,TRUE,117,1980,0.000763014,7.28781e-05,0.000797707,0.396569,FALSE,NA,NA,NA,NA,NA,NA,2,NA
1290,8,53108911,54119373,TRUE,150,2196,0.000348267,6.86987e-05,0.0822811,0.412547,FALSE,NA,NA,NA,NA,NA,NA,2,NA
1291,8,54119374,55275354,TRUE,150,2246,0.000676205,NA,0.00630718,NA,FALSE,NA,NA,NA,NA,NA,NA,1,"ASD"
1292,8,55275355,56346878,TRUE,225,2366,0.000347286,NA,0.124603,NA,FALSE,NA,NA,NA,NA,NA,NA,1,"ASD"
1293,8,56346879,57436722,TRUE,218,2580,0.000570837,0.000351614,0.0317759,0.213644,FALSE,NA,NA,NA,NA,NA,NA,2,NA
1294,8,57436723,58675117,TRUE,252,3354,0.000774614,NA,0.00988581,NA,FALSE,NA,NA,NA,NA,NA,NA,1,"ASD"
1295,8,58675118,59555977,TRUE,203,2167,0.000399942,NA,0.0853357,NA,FALSE,NA,NA,NA,NA,NA,NA,1,"ASD"
1296,8,59555978,60476248,TRUE,184,1642,0.000549129,0.000421181,0.0285946,0.154203,FALSE,NA,NA,NA,NA,NA,NA,2,NA
1297,8,60476249,61324889,TRUE,107,1803,0.000427571,0.000200604,0.0250932,0.253522,FALSE,NA,NA,NA,NA,NA,NA,2,NA
1298,8,61324890,62330900,TRUE,207,1935,0.000342151,0.00039951,0.11865,0.179537,FALSE,NA,NA,NA,NA,NA,NA,2,NA
1299,8,62330901,63253462,TRUE,166,2300,0.000335596,NA,0.0971894,NA,FALSE,NA,NA,NA,NA,NA,NA,1,"ASD"
1300,8,63253463,64215358,TRUE,143,2432,0.000442933,NA,0.0370048,NA,FALSE,NA,NA,NA,NA,NA,NA,1,"ASD"
1301,8,64215359,66018204,TRUE,262,2818,0.0014008,8.38875e-05,4.45358e-05,0.421473,FALSE,NA,NA,NA,NA,NA,NA,2,NA
1302,8,66018205,66960438,TRUE,142,2000,0.000891961,4.86554e-05,0.000387997,0.431466,FALSE,NA,NA,NA,NA,NA,NA,2,NA
1303,8,66960439,68683823,TRUE,226,2369,0.000981027,NA,0.00185184,NA,FALSE,NA,NA,NA,NA,NA,NA,1,"ASD"
1304,8,68683824,70004665,TRUE,373,3134,0.00194448,NA,2.70029e-06,NA,FALSE,NA,NA,NA,NA,NA,NA,1,"ASD"
1305,8,70004666,70872088,TRUE,200,1714,0.000611786,0.000429068,0.0211912,0.159467,FALSE,NA,NA,NA,NA,NA,NA,2,NA
1306,8,70872089,72013184,TRUE,136,2079,0.000834596,NA,0.000699838,NA,FALSE,NA,NA,NA,NA,NA,NA,1,"ASD"
1307,8,72013185,72917489,TRUE,328,2163,0.000565146,0.000697019,0.0643779,0.105867,FALSE,NA,NA,NA,NA,NA,NA,2,NA
1308,8,72917490,73838027,TRUE,203,2187,0.000184411,NA,0.252434,NA,FALSE,NA,NA,NA,NA,NA,NA,1,"ASD"
1309,8,73838028,75011699,TRUE,323,2530,0.00112355,NA,0.00169682,NA,FALSE,NA,NA,NA,NA,NA,NA,1,"ASD"
1310,8,75011700,76295483,TRUE,284,3008,0.000488732,NA,0.0773369,NA,FALSE,NA,NA,NA,NA,NA,NA,1,"ASD"
1311,8,76295484,77377989,TRUE,154,2660,0.000984894,NA,0.000215815,NA,FALSE,NA,NA,NA,NA,NA,NA,1,"ASD"
1312,8,77377990,78633659,TRUE,164,2718,0.000296644,4.46625e-05,0.127643,0.440141,FALSE,NA,NA,NA,NA,NA,NA,2,NA
1313,8,78633660,79756169,TRUE,120,2575,0.000817689,0.000121115,0.000464723,0.34466,FALSE,NA,NA,NA,NA,NA,NA,2,NA
1314,8,79756170,81340231,TRUE,319,3343,0.000708205,NA,0.0286581,NA,FALSE,NA,NA,NA,NA,NA,NA,1,"ASD"
1315,8,81340232,82878769,TRUE,264,2769,0.000928902,0.00033712,0.00518065,0.243175,FALSE,NA,NA,NA,NA,NA,NA,2,NA
1316,8,82878770,83730337,TRUE,147,2166,0.000265431,NA,0.135341,NA,FALSE,NA,NA,NA,NA,NA,NA,1,"ASD"
1317,8,83730338,85116734,TRUE,171,3585,0.000879974,NA,0.001106,NA,FALSE,NA,NA,NA,NA,NA,NA,1,"ASD"
1318,8,85116735,86251870,TRUE,100,1820,0.000504092,NA,0.0100652,NA,FALSE,NA,NA,NA,NA,NA,NA,1,"ASD"
1319,8,86251871,87563145,TRUE,112,1710,0.000342723,0.000362021,0.0584389,0.132647,FALSE,NA,NA,NA,NA,NA,NA,2,NA
1320,8,87563146,89081177,TRUE,278,3294,0.000683239,NA,0.0240526,NA,FALSE,NA,NA,NA,NA,NA,NA,1,"ASD"
1321,8,89081178,90364149,TRUE,159,2853,0.000871508,NA,0.000841635,NA,FALSE,NA,NA,NA,NA,NA,NA,1,"ASD"
1322,8,90364150,91457962,TRUE,157,2061,0.000481665,5.91754e-05,0.0339938,0.424076,FALSE,NA,NA,NA,NA,NA,NA,2,NA
1323,8,91457963,92876620,TRUE,130,1989,0.00048634,NA,0.0220696,NA,FALSE,NA,NA,NA,NA,NA,NA,1,"ASD"
1324,8,92876621,94999066,TRUE,373,3271,0.000809618,NA,0.0214006,NA,FALSE,NA,NA,NA,NA,NA,NA,1,"ASD"
1325,8,94999067,96175630,TRUE,253,2987,0.00123083,NA,0.000184087,NA,FALSE,NA,NA,NA,NA,NA,NA,1,"ASD"
1326,8,96175631,96900513,TRUE,277,2004,NA,0.000877658,NA,0.0465146,FALSE,NA,NA,NA,NA,NA,NA,1,"AN"
1327,8,96900514,98132519,TRUE,262,2066,6.6481e-05,NA,0.407785,NA,FALSE,NA,NA,NA,NA,NA,NA,1,"ASD"
1328,8,98132520,99388944,TRUE,345,2721,0.00141311,NA,0.000214595,NA,FALSE,NA,NA,NA,NA,NA,NA,1,"ASD"
1329,8,99388945,101448439,TRUE,159,2508,0.00121674,NA,2.15453e-05,NA,FALSE,NA,NA,NA,NA,NA,NA,1,"ASD"
1330,8,101448440,102548680,TRUE,299,2018,0.000462201,NA,0.104054,NA,FALSE,NA,NA,NA,NA,NA,NA,1,"ASD"
1331,8,102548681,103716053,TRUE,338,2830,0.00123869,NA,0.000877169,NA,FALSE,NA,NA,NA,NA,NA,NA,1,"ASD"
1332,8,103716054,104467845,TRUE,203,1873,9.40285e-06,0.000229333,0.473647,0.290591,FALSE,NA,NA,NA,NA,NA,NA,2,NA
1333,8,104467846,105370130,TRUE,96,2360,0.000113113,2.00869e-05,0.274558,0.454194,FALSE,NA,NA,NA,NA,NA,NA,2,NA
1334,8,105370131,106500950,TRUE,285,2282,0.000737237,NA,0.0176475,NA,FALSE,NA,NA,NA,NA,NA,NA,1,"ASD"
1335,8,106500951,107787163,TRUE,222,2570,0.00129034,0.000517931,5.19043e-05,0.128708,FALSE,NA,NA,NA,NA,NA,NA,2,NA
1336,8,107787164,108647463,TRUE,195,2035,0.00068256,0.000560836,0.00980034,0.0974825,FALSE,NA,NA,NA,NA,NA,NA,2,NA
1337,8,108647464,109920827,TRUE,200,2701,0.000556084,NA,0.0292323,NA,FALSE,NA,NA,NA,NA,NA,NA,1,"ASD"
1338,8,109920828,111207349,TRUE,185,2379,0.000733348,NA,0.00612292,NA,FALSE,NA,NA,NA,NA,NA,NA,1,"ASD"
1339,8,111207350,112601513,TRUE,89,1960,0.000244548,NA,0.10306,NA,FALSE,NA,NA,NA,NA,NA,NA,1,"ASD"
1340,8,112601514,113650853,FALSE,NA,NA,NA,NA,NA,NA,FALSE,NA,NA,NA,NA,NA,NA,NA,NA
1341,8,113650854,114781574,TRUE,77,2279,0.000290996,NA,0.0560333,NA,FALSE,NA,NA,NA,NA,NA,NA,1,"ASD"
1342,8,114781575,115334858,TRUE,97,1584,0.000477108,0.000427035,0.0128018,0.0834665,FALSE,NA,NA,NA,NA,NA,NA,2,NA
1343,8,115334859,116094203,TRUE,79,1931,0.000685708,0.000382664,0.000562039,0.0853417,FALSE,NA,NA,NA,NA,NA,NA,2,NA
1344,8,116094204,118300068,TRUE,323,3108,0.00184856,0.000447795,3.0392e-06,0.204353,FALSE,NA,NA,NA,NA,NA,NA,2,NA
1345,8,118300069,119423298,TRUE,283,2170,0.000987976,6.71642e-05,0.00300259,0.437078,FALSE,NA,NA,NA,NA,NA,NA,2,NA
1346,8,119423299,120216587,TRUE,167,1985,0.000911297,NA,0.000730152,NA,FALSE,NA,NA,NA,NA,NA,NA,1,"ASD"
1347,8,120216588,121554390,TRUE,210,2948,0.000723392,NA,0.0104596,NA,FALSE,NA,NA,NA,NA,NA,NA,1,"ASD"
1348,8,121554391,122622804,TRUE,249,2547,0.00150439,NA,1.00785e-05,NA,FALSE,NA,NA,NA,NA,NA,NA,1,"ASD"
1349,8,122622805,124001019,TRUE,270,2313,0.00120608,NA,0.00046491,NA,FALSE,NA,NA,NA,NA,NA,NA,1,"ASD"
1350,8,124001020,125453322,TRUE,347,3020,0.000866983,NA,0.0131747,NA,FALSE,NA,NA,NA,NA,NA,NA,1,"ASD"
1351,8,125453323,126766827,TRUE,340,2892,0.00155534,NA,7.12146e-05,NA,FALSE,NA,NA,NA,NA,NA,NA,1,"ASD"
1352,8,126766828,128073654,TRUE,314,2949,0.000679161,NA,0.0331959,NA,FALSE,NA,NA,NA,NA,NA,NA,1,"ASD"
1353,8,128073655,129291118,TRUE,485,3057,0.00131354,0.00130415,0.00248898,0.0294386,TRUE,0.47239,0.47239,FALSE,-0.23156,1,0.162955,2,NA
1354,8,129291119,130383563,TRUE,188,2524,0.000667412,2.55001e-05,0.0110078,0.462079,FALSE,NA,NA,NA,NA,NA,NA,2,NA
1355,8,130383564,131545725,TRUE,242,2717,0.00117318,1.28201e-05,0.000275458,0.477157,FALSE,NA,NA,NA,NA,NA,NA,2,NA
1356,8,131545726,132534636,TRUE,266,2632,0.0011517,NA,0.000554134,NA,FALSE,NA,NA,NA,NA,NA,NA,1,"ASD"
1357,8,132534637,133461551,TRUE,235,2428,0.000279361,NA,0.179283,NA,FALSE,NA,NA,NA,NA,NA,NA,1,"ASD"
1358,8,133461552,134509448,TRUE,337,2529,0.00125595,NA,0.000755583,NA,FALSE,NA,NA,NA,NA,NA,NA,1,"ASD"
1359,8,134509449,135313673,TRUE,331,2595,0.000174156,NA,0.311541,NA,FALSE,NA,NA,NA,NA,NA,NA,1,"ASD"
1360,8,135313674,136220342,TRUE,258,2222,0.0009499,NA,0.00286094,NA,FALSE,NA,NA,NA,NA,NA,NA,1,"ASD"
1361,8,136220343,137527617,TRUE,217,3060,0.000933493,0.000319161,0.00168893,0.233735,FALSE,NA,NA,NA,NA,NA,NA,2,NA
1362,8,137527618,138564843,TRUE,195,2797,0.00107422,0.000225061,0.000514022,0.290197,FALSE,NA,NA,NA,NA,NA,NA,2,NA
1363,8,138564844,139404631,TRUE,257,2347,0.000259796,NA,0.20634,NA,FALSE,NA,NA,NA,NA,NA,NA,1,"ASD"
1364,8,139404632,140355988,TRUE,236,2213,0.000490872,NA,0.0644471,NA,FALSE,NA,NA,NA,NA,NA,NA,1,"ASD"
1365,8,140355989,141527881,TRUE,355,2647,0.00035319,NA,0.175835,NA,FALSE,NA,NA,NA,NA,NA,NA,1,"ASD"
1366,8,141527882,142611889,TRUE,299,2260,0.000202735,NA,0.279258,NA,FALSE,NA,NA,NA,NA,NA,NA,1,"ASD"
1367,8,142611890,143611461,TRUE,231,2216,0.00177128,4.80637e-06,6.69246e-07,0.483496,FALSE,NA,NA,NA,NA,NA,NA,2,NA
1368,8,143611462,144934288,TRUE,311,3339,0.00207475,NA,8.18276e-07,NA,FALSE,NA,NA,NA,NA,NA,NA,1,"ASD"
1369,8,144934289,146303787,TRUE,125,1292,0.00135396,NA,4.37911e-06,NA,FALSE,NA,NA,NA,NA,NA,NA,1,"ASD"
1370,9,10469,653661,TRUE,208,1614,0.000860678,3.8855e-06,0.00326141,0.483441,FALSE,NA,NA,NA,NA,NA,NA,2,NA
1371,9,653662,1103598,TRUE,222,1406,0.00043519,0.000149941,0.0792486,0.360154,FALSE,NA,NA,NA,NA,NA,NA,2,NA
1372,9,1103599,1874961,TRUE,324,2595,0.000898624,0.00100842,0.00989082,0.0373633,TRUE,-0.260893,-0.260893,FALSE,-1,0.61631,0.499587,2,NA
1373,9,1874962,2441120,TRUE,295,1507,0.000643116,NA,0.0365628,NA,FALSE,NA,NA,NA,NA,NA,NA,1,"ASD"
1374,9,2441121,3079045,TRUE,257,1586,0.000739016,NA,0.0145445,NA,FALSE,NA,NA,NA,NA,NA,NA,1,"ASD"
1375,9,3079046,4025355,TRUE,323,1879,0.00196238,NA,1.27012e-06,NA,FALSE,NA,NA,NA,NA,NA,NA,1,"ASD"
1376,9,4025356,4596614,TRUE,335,1761,0.000309774,NA,0.197569,NA,FALSE,NA,NA,NA,NA,NA,NA,1,"ASD"
1377,9,4596615,5437591,TRUE,224,1859,0.000554731,NA,0.0373502,NA,FALSE,NA,NA,NA,NA,NA,NA,1,"ASD"
1378,9,5437592,6859791,TRUE,423,3264,0.00187438,NA,2.25109e-05,NA,FALSE,NA,NA,NA,NA,NA,NA,1,"ASD"
1379,9,6859792,7388202,TRUE,231,1988,0.0015032,NA,6.05108e-06,NA,FALSE,NA,NA,NA,NA,NA,NA,1,"ASD"
1380,9,7388203,8262303,TRUE,392,2492,0.00142969,NA,0.00037771,NA,FALSE,NA,NA,NA,NA,NA,NA,1,"ASD"
1381,9,8262304,9170120,TRUE,399,2879,0.000974329,NA,0.0106967,NA,FALSE,NA,NA,NA,NA,NA,NA,1,"ASD"
1382,9,9170121,9920258,TRUE,317,2313,0.000887311,NA,0.00997325,NA,FALSE,NA,NA,NA,NA,NA,NA,1,"ASD"
1383,9,9920259,10675474,TRUE,286,2480,0.000486965,0.000239987,0.0808923,0.313099,FALSE,NA,NA,NA,NA,NA,NA,2,NA
1384,9,10675475,11270764,TRUE,127,1752,0.000855518,0.000655114,0.000353516,0.0348611,TRUE,0.435415,0.435415,FALSE,-0.30205,1,0.20449,2,NA
1385,9,11270765,12044915,TRUE,92,2411,0.000592855,5.76192e-05,0.00315222,0.403588,FALSE,NA,NA,NA,NA,NA,NA,2,NA
1386,9,12044916,12664858,TRUE,163,1721,0.000655489,NA,0.00862444,NA,FALSE,NA,NA,NA,NA,NA,NA,1,"ASD"
1387,9,12664859,13512852,TRUE,212,1555,0.00064341,NA,0.020635,NA,FALSE,NA,NA,NA,NA,NA,NA,1,"ASD"
1388,9,13512853,14244747,TRUE,292,1969,0.00141734,NA,0.000110488,NA,FALSE,NA,NA,NA,NA,NA,NA,1,"ASD"
1389,9,14244748,14902924,TRUE,357,1709,0.0015918,0.000294094,6.15225e-05,0.298474,FALSE,NA,NA,NA,NA,NA,NA,2,NA
1390,9,14902925,15839403,TRUE,241,2084,0.00103695,0.000515812,0.00114946,0.138839,FALSE,NA,NA,NA,NA,NA,NA,2,NA
1391,9,15839404,16658377,TRUE,289,1873,0.00162316,0.000160597,1.22151e-05,0.36892,FALSE,NA,NA,NA,NA,NA,NA,2,NA
1392,9,16658378,17392382,TRUE,146,2190,0.000645824,NA,0.00702705,NA,FALSE,NA,NA,NA,NA,NA,NA,1,"ASD"
1393,9,17392383,17990565,TRUE,160,1640,0.000858121,NA,0.00126189,NA,FALSE,NA,NA,NA,NA,NA,NA,1,"ASD"
1394,9,17990566,18754196,TRUE,303,2065,0.00110395,NA,0.00139914,NA,FALSE,NA,NA,NA,NA,NA,NA,1,"ASD"
1395,9,18754197,19463292,TRUE,226,1923,0.00127762,NA,7.06702e-05,NA,FALSE,NA,NA,NA,NA,NA,NA,1,"ASD"
1396,9,19463293,20483880,TRUE,336,2161,0.00166829,0.000566648,2.49768e-05,0.155294,FALSE,NA,NA,NA,NA,NA,NA,2,NA
1397,9,20483881,21674032,TRUE,293,2635,0.00105638,0.000517856,0.00207693,0.160229,FALSE,NA,NA,NA,NA,NA,NA,2,NA
1398,9,21674033,23091193,TRUE,355,2900,0.00141034,NA,0.000337979,NA,FALSE,NA,NA,NA,NA,NA,NA,1,"ASD"
1399,9,23091194,23859374,TRUE,272,1680,0.000741701,NA,0.0230494,NA,FALSE,NA,NA,NA,NA,NA,NA,1,"ASD"
1400,9,23859375,24757729,TRUE,198,1636,0.00195265,NA,3.64011e-08,NA,FALSE,NA,NA,NA,NA,NA,NA,1,"ASD"
1401,9,24757730,25957606,TRUE,330,3001,0.00185228,1.66134e-05,3.95301e-06,0.477711,FALSE,NA,NA,NA,NA,NA,NA,2,NA
1402,9,25957607,26747214,TRUE,249,1822,0.000678829,3.73148e-05,0.019979,0.45732,FALSE,NA,NA,NA,NA,NA,NA,2,NA
1403,9,26747215,27366479,TRUE,201,1795,0.0007375,NA,0.00748976,NA,FALSE,NA,NA,NA,NA,NA,NA,1,"ASD"
1404,9,27366480,28067454,TRUE,210,1650,0.000418397,2.91243e-05,0.0854354,0.460867,FALSE,NA,NA,NA,NA,NA,NA,2,NA
1405,9,28067455,28766060,TRUE,231,1742,0.000872226,0.000202531,0.00459562,0.322057,FALSE,NA,NA,NA,NA,NA,NA,2,NA
1406,9,28766061,29596501,TRUE,165,2801,0.000782567,0.000438305,0.0022469,0.133016,FALSE,NA,NA,NA,NA,NA,NA,2,NA
1407,9,29596502,30410078,TRUE,135,1822,0.000677594,NA,0.00422394,NA,FALSE,NA,NA,NA,NA,NA,NA,1,"ASD"
1408,9,30410079,31115153,TRUE,82,1776,0.000640179,0.000191621,0.00105848,0.235235,FALSE,NA,NA,NA,NA,NA,NA,2,NA
1409,9,31115154,32253283,TRUE,111,3560,0.00138657,0.000100529,9.93883e-08,0.362012,FALSE,NA,NA,NA,NA,NA,NA,2,NA
1410,9,32253284,33194892,TRUE,224,2293,0.00144809,0.000788599,1.25562e-05,0.047134,TRUE,0.520889,0.520889,FALSE,-0.10747,1,0.097768,2,NA
1411,9,33194893,34704544,TRUE,220,2922,0.000757576,NA,0.00798528,NA,FALSE,NA,NA,NA,NA,NA,NA,1,"ASD"
1412,9,34704545,36749273,TRUE,438,3370,0.00125425,NA,0.00264015,NA,FALSE,NA,NA,NA,NA,NA,NA,1,"ASD"
1413,9,36749274,37687112,TRUE,279,1965,0.000512099,0.000195856,0.0677367,0.341481,FALSE,NA,NA,NA,NA,NA,NA,2,NA
1414,9,37687113,38822977,TRUE,284,2128,0.00103932,NA,0.00226023,NA,FALSE,NA,NA,NA,NA,NA,NA,1,"ASD"
1415,9,38822978,43903829,TRUE,3,36,2.19646e-05,NA,0.239958,NA,FALSE,NA,NA,NA,NA,NA,NA,1,"ASD"
1416,9,43903830,66673058,TRUE,3,10,5.44752e-06,NA,0.347752,NA,FALSE,NA,NA,NA,NA,NA,NA,1,"ASD"
1417,9,66673059,70939677,FALSE,NA,NA,NA,NA,NA,NA,FALSE,NA,NA,NA,NA,NA,NA,NA,NA
1418,9,70939678,72288878,TRUE,326,2604,0.000801509,NA,0.0162115,NA,FALSE,NA,NA,NA,NA,NA,NA,1,"ASD"
1419,9,72288879,73915494,TRUE,330,3788,0.00223499,NA,2.27429e-08,NA,FALSE,NA,NA,NA,NA,NA,NA,1,"ASD"
1420,9,73915495,74950318,TRUE,247,1905,0.000565415,0.000151951,0.0422368,0.365467,FALSE,NA,NA,NA,NA,NA,NA,2,NA
1421,9,74950319,76197744,TRUE,151,2327,0.000811584,0.000672742,0.0014064,0.0424799,TRUE,0.433776,0.433776,FALSE,-0.37988,1,0.236794,2,NA
1422,9,76197745,77862308,TRUE,294,3047,0.00115335,0.000350576,0.0012131,0.246442,FALSE,NA,NA,NA,NA,NA,NA,2,NA
1423,9,77862309,78630915,TRUE,277,2156,0.00188865,NA,3.67289e-07,NA,FALSE,NA,NA,NA,NA,NA,NA,1,"ASD"
1424,9,78630916,79451035,TRUE,360,2167,0.00100112,0.000994743,0.00730705,0.0468593,TRUE,-0.0664164,-0.0664164,FALSE,-1,0.87499,0.863835,2,NA
1425,9,79451036,80137024,TRUE,190,1777,0.000249207,0.000316106,0.1821,0.221447,FALSE,NA,NA,NA,NA,NA,NA,2,NA
1426,9,80137025,81161597,TRUE,177,1947,0.000334445,NA,0.109201,NA,FALSE,NA,NA,NA,NA,NA,NA,1,"ASD"
1427,9,81161598,82601465,TRUE,403,2693,0.00149288,0.000210777,0.000388816,0.357602,FALSE,NA,NA,NA,NA,NA,NA,2,NA
1428,9,82601466,83455502,TRUE,205,2856,0.00165158,NA,2.84161e-07,NA,FALSE,NA,NA,NA,NA,NA,NA,1,"ASD"
1429,9,83455503,85135751,TRUE,350,3049,0.00194065,NA,1.86288e-06,NA,FALSE,NA,NA,NA,NA,NA,NA,1,"ASD"
1430,9,85135752,86769886,TRUE,380,3456,0.0014361,0.000182298,0.000360363,0.371288,FALSE,NA,NA,NA,NA,NA,NA,2,NA
1431,9,86769887,87815449,TRUE,245,2589,0.000178472,NA,0.277782,NA,FALSE,NA,NA,NA,NA,NA,NA,1,"ASD"
1432,9,87815450,89171796,TRUE,205,2490,0.000318136,NA,0.145099,NA,FALSE,NA,NA,NA,NA,NA,NA,1,"ASD"
1433,9,89171797,90135154,TRUE,289,2377,0.00165446,NA,7.26292e-06,NA,FALSE,NA,NA,NA,NA,NA,NA,1,"ASD"
1434,9,90135155,90890979,TRUE,184,1880,0.000166293,0.000252513,0.263496,0.263578,FALSE,NA,NA,NA,NA,NA,NA,2,NA
1435,9,90890980,91643255,TRUE,128,1656,0.00050851,0.000394847,0.0223404,0.128178,FALSE,NA,NA,NA,NA,NA,NA,2,NA
1436,9,91643256,92500277,TRUE,191,1850,0.000912856,NA,0.00132843,NA,FALSE,NA,NA,NA,NA,NA,NA,1,"ASD"
1437,9,92500278,93441050,TRUE,194,2144,0.000330399,NA,0.120305,NA,FALSE,NA,NA,NA,NA,NA,NA,1,"ASD"
1438,9,93441051,94175374,TRUE,218,1852,0.00102639,NA,0.000785758,NA,FALSE,NA,NA,NA,NA,NA,NA,1,"ASD"
1439,9,94175375,94924482,TRUE,151,2196,NA,0.000478741,NA,0.104259,FALSE,NA,NA,NA,NA,NA,NA,1,"AN"
1440,9,94924483,95854925,TRUE,124,1975,0.000520315,NA,0.0144907,NA,FALSE,NA,NA,NA,NA,NA,NA,1,"ASD"
1441,9,95854926,96670171,TRUE,174,2263,0.000464684,NA,0.0438487,NA,FALSE,NA,NA,NA,NA,NA,NA,1,"ASD"
1442,9,96670172,97418633,TRUE,140,1821,0.000134811,0.000321389,0.273736,0.183995,FALSE,NA,NA,NA,NA,NA,NA,2,NA
1443,9,97418634,98885862,TRUE,288,2615,0.000585364,NA,0.0472643,NA,FALSE,NA,NA,NA,NA,NA,NA,1,"ASD"
1444,9,98885863,100310517,TRUE,156,1847,0.00181396,NA,6.22669e-09,NA,FALSE,NA,NA,NA,NA,NA,NA,1,"ASD"
1445,9,100310518,101596750,TRUE,346,2914,0.00140559,NA,0.000250879,NA,FALSE,NA,NA,NA,NA,NA,NA,1,"ASD"
1446,9,101596751,103165725,TRUE,252,2491,0.00174406,NA,9.46902e-07,NA,FALSE,NA,NA,NA,NA,NA,NA,1,"ASD"
1447,9,103165726,104222848,TRUE,180,2348,0.000294887,NA,0.136844,NA,FALSE,NA,NA,NA,NA,NA,NA,1,"ASD"
1448,9,104222849,105043411,TRUE,199,2398,0.00116044,NA,0.000116753,NA,FALSE,NA,NA,NA,NA,NA,NA,1,"ASD"
1449,9,105043412,105846545,TRUE,186,2741,0.000566825,0.000110975,0.0233447,0.382551,FALSE,NA,NA,NA,NA,NA,NA,2,NA
1450,9,105846546,107061019,TRUE,211,3389,0.00147038,NA,4.35294e-06,NA,FALSE,NA,NA,NA,NA,NA,NA,1,"ASD"
1451,9,107061020,108203095,TRUE,311,3142,0.00100536,0.000406907,0.00381187,0.221143,FALSE,NA,NA,NA,NA,NA,NA,2,NA
1452,9,108203096,109150717,TRUE,142,1708,0.000620991,0.000372677,0.00892462,0.152522,FALSE,NA,NA,NA,NA,NA,NA,2,NA
1453,9,109150718,110630150,TRUE,448,3169,0.0014146,0.00172779,0.00114146,0.00528137,TRUE,-0.149499,-0.149499,FALSE,-1,0.44565,0.599005,2,NA
1454,9,110630151,111368107,TRUE,201,1850,0.000129432,NA,0.314985,NA,FALSE,NA,NA,NA,NA,NA,NA,1,"ASD"
1455,9,111368108,112076381,TRUE,181,1926,0.000728123,0.00106521,0.00549532,0.00760631,TRUE,0.57529,0.57529,FALSE,-0.08679,1,0.0835953,2,NA
1456,9,112076382,112865520,TRUE,251,2140,0.00105992,NA,0.000975672,NA,FALSE,NA,NA,NA,NA,NA,NA,1,"ASD"
1457,9,112865521,113646149,TRUE,305,2390,0.00117497,3.96236e-05,0.000761703,0.459698,FALSE,NA,NA,NA,NA,NA,NA,2,NA
1458,9,113646150,114443475,TRUE,229,1970,0.000381457,NA,0.104714,NA,FALSE,NA,NA,NA,NA,NA,NA,1,"ASD"
1459,9,114443476,115390112,TRUE,170,2229,0.000825323,1.36322e-05,0.00170408,0.471946,FALSE,NA,NA,NA,NA,NA,NA,2,NA
1460,9,115390113,116159540,TRUE,220,1814,0.000982787,NA,0.00126216,NA,FALSE,NA,NA,NA,NA,NA,NA,1,"ASD"
1461,9,116159541,117054909,TRUE,289,1939,0.00156224,NA,3.22316e-05,NA,FALSE,NA,NA,NA,NA,NA,NA,1,"ASD"
1462,9,117054910,117989017,TRUE,280,2246,0.000441839,NA,0.0962973,NA,FALSE,NA,NA,NA,NA,NA,NA,1,"ASD"
1463,9,117989018,119001227,TRUE,175,2250,0.000334517,0.000342379,0.105827,0.195026,FALSE,NA,NA,NA,NA,NA,NA,2,NA
1464,9,119001228,119890464,TRUE,287,2052,0.000386103,0.000765523,0.126731,0.073169,FALSE,NA,NA,NA,NA,NA,NA,2,NA
1465,9,119890465,121008529,TRUE,334,2585,0.000348823,0.000230882,0.166242,0.331591,FALSE,NA,NA,NA,NA,NA,NA,2,NA
1466,9,121008530,122677719,TRUE,288,3002,0.00146867,NA,6.00003e-05,NA,FALSE,NA,NA,NA,NA,NA,NA,1,"ASD"
1467,9,122677720,124119883,TRUE,212,1847,0.000100943,NA,0.354751,NA,FALSE,NA,NA,NA,NA,NA,NA,1,"ASD"
1468,9,124119884,125137578,TRUE,261,2024,0.00141895,NA,5.03754e-05,NA,FALSE,NA,NA,NA,NA,NA,NA,1,"ASD"
1469,9,125137579,126092931,TRUE,165,1735,0.00105447,0.000239896,0.000245068,0.262553,FALSE,NA,NA,NA,NA,NA,NA,2,NA
1470,9,126092932,127184582,TRUE,231,2221,0.00120103,0.000265953,0.000167703,0.276046,FALSE,NA,NA,NA,NA,NA,NA,2,NA
1471,9,127184583,128785782,TRUE,167,1809,0.00114363,NA,6.21206e-05,NA,FALSE,NA,NA,NA,NA,NA,NA,1,"ASD"
1472,9,128785783,129617771,TRUE,338,1842,0.000774423,NA,0.0206563,NA,FALSE,NA,NA,NA,NA,NA,NA,1,"ASD"
1473,9,129617772,130902727,TRUE,204,1920,0.00124812,NA,6.48293e-05,NA,FALSE,NA,NA,NA,NA,NA,NA,1,"ASD"
1474,9,130902728,132193798,TRUE,183,1634,0.00135661,0.0003582,1.45857e-05,0.190034,FALSE,NA,NA,NA,NA,NA,NA,2,NA
1475,9,132193799,132999452,TRUE,254,2320,0.00214357,NA,1.76815e-08,NA,FALSE,NA,NA,NA,NA,NA,NA,1,"ASD"
1476,9,132999453,134141936,TRUE,345,2033,0.0017849,0.000392855,2.25029e-05,0.239818,FALSE,NA,NA,NA,NA,NA,NA,2,NA
1477,9,134141937,135135887,TRUE,249,1753,0.000260168,NA,0.209104,NA,FALSE,NA,NA,NA,NA,NA,NA,1,"ASD"
1478,9,135135888,136042490,TRUE,305,1983,0.000851809,NA,0.0114281,NA,FALSE,NA,NA,NA,NA,NA,NA,1,"ASD"
1479,9,136042491,136770926,TRUE,272,2002,0.000751199,NA,0.0234355,NA,FALSE,NA,NA,NA,NA,NA,NA,1,"ASD"
1480,9,136770927,137593527,TRUE,183,1550,0.00115902,NA,0.000543969,NA,FALSE,NA,NA,NA,NA,NA,NA,1,"ASD"
1481,9,137593528,138202112,TRUE,333,1923,0.00141481,NA,0.000605707,NA,FALSE,NA,NA,NA,NA,NA,NA,1,"ASD"
1482,9,138202113,138995791,TRUE,241,1557,0.00074586,NA,0.026483,NA,FALSE,NA,NA,NA,NA,NA,NA,1,"ASD"
1483,9,138995792,140097759,TRUE,186,1666,0.000998923,0.000529923,0.00205624,0.104525,FALSE,NA,NA,NA,NA,NA,NA,2,NA
1484,9,140097760,141146682,TRUE,92,640,0.000299112,NA,0.0962629,NA,FALSE,NA,NA,NA,NA,NA,NA,1,"ASD"
1485,10,60515,1329232,TRUE,232,2334,0.000855985,NA,0.00653993,NA,FALSE,NA,NA,NA,NA,NA,NA,1,"ASD"
1486,10,1329233,1872960,TRUE,246,1596,0.000471874,NA,0.0784173,NA,FALSE,NA,NA,NA,NA,NA,NA,1,"ASD"
1487,10,1872961,2637065,TRUE,286,3066,0.000604848,NA,0.040361,NA,FALSE,NA,NA,NA,NA,NA,NA,1,"ASD"
1488,10,2637066,3225336,TRUE,205,1847,0.00115095,NA,0.000263183,NA,FALSE,NA,NA,NA,NA,NA,NA,1,"ASD"
1489,10,3225337,3880322,TRUE,216,1803,0.000511811,0.000227117,0.0470612,0.297873,FALSE,NA,NA,NA,NA,NA,NA,2,NA
1490,10,3880323,4813182,TRUE,288,2265,0.00134432,2.47667e-05,0.000202232,0.469892,FALSE,NA,NA,NA,NA,NA,NA,2,NA
1491,10,4813183,5396242,TRUE,170,2478,0.000174157,NA,0.246869,NA,FALSE,NA,NA,NA,NA,NA,NA,1,"ASD"
1492,10,5396243,6234718,TRUE,393,2485,0.000556833,NA,0.0895467,NA,FALSE,NA,NA,NA,NA,NA,NA,1,"ASD"
1493,10,6234719,6897037,TRUE,269,1768,0.00114814,NA,0.000712093,NA,FALSE,NA,NA,NA,NA,NA,NA,1,"ASD"
1494,10,6897038,7659872,TRUE,312,2211,0.000654764,NA,0.0378809,NA,FALSE,NA,NA,NA,NA,NA,NA,1,"ASD"
1495,10,7659873,8771920,TRUE,392,3244,0.000231075,NA,0.276721,NA,FALSE,NA,NA,NA,NA,NA,NA,1,"ASD"
1496,10,8771921,10081279,TRUE,263,3196,0.0007302,0.000306375,0.0150447,0.261906,FALSE,NA,NA,NA,NA,NA,NA,2,NA
1497,10,10081280,10969481,TRUE,231,2202,0.000599878,NA,0.0299673,NA,FALSE,NA,NA,NA,NA,NA,NA,1,"ASD"
1498,10,10969482,11856924,TRUE,312,2083,0.00159755,NA,3.2849e-05,NA,FALSE,NA,NA,NA,NA,NA,NA,1,"ASD"
1499,10,11856925,12581571,TRUE,260,1834,0.00136729,0.000728762,7.91623e-05,0.0733222,FALSE,NA,NA,NA,NA,NA,NA,2,NA
1500,10,12581572,13208061,TRUE,296,1731,0.00120912,NA,0.000704785,NA,FALSE,NA,NA,NA,NA,NA,NA,1,"ASD"
1501,10,13208062,14008135,TRUE,432,2252,0.00125043,NA,0.00253147,NA,FALSE,NA,NA,NA,NA,NA,NA,1,"ASD"
1502,10,14008136,14820755,TRUE,317,2487,0.000974937,NA,0.00481316,NA,FALSE,NA,NA,NA,NA,NA,NA,1,"ASD"
1503,10,14820756,15946677,TRUE,342,2835,0.00152884,NA,9.13119e-05,NA,FALSE,NA,NA,NA,NA,NA,NA,1,"ASD"
1504,10,15946678,17065860,TRUE,260,2565,0.001154,NA,0.000513747,NA,FALSE,NA,NA,NA,NA,NA,NA,1,"ASD"
1505,10,17065861,18529742,TRUE,313,3191,0.00160695,0.000118896,2.06098e-05,0.402992,FALSE,NA,NA,NA,NA,NA,NA,2,NA
1506,10,18529743,19421514,TRUE,248,2645,0.000740547,NA,0.0125993,NA,FALSE,NA,NA,NA,NA,NA,NA,1,"ASD"
1507,10,19421515,19965624,TRUE,91,1867,0.000457284,0.000436246,0.0143487,0.0736113,FALSE,NA,NA,NA,NA,NA,NA,2,NA
1508,10,19965625,20616432,TRUE,197,1921,0.000127883,0.00050033,0.314614,0.123193,FALSE,NA,NA,NA,NA,NA,NA,2,NA
1509,10,20616433,21477692,TRUE,211,2155,0.000408328,NA,0.0847232,NA,FALSE,NA,NA,NA,NA,NA,NA,1,"ASD"
1510,10,21477693,23365685,TRUE,260,2525,0.00151973,0.00033928,3.02139e-05,0.240253,FALSE,NA,NA,NA,NA,NA,NA,2,NA
1511,10,23365686,24489447,TRUE,165,2037,0.000666134,NA,0.00948566,NA,FALSE,NA,NA,NA,NA,NA,NA,1,"ASD"
1512,10,24489448,25577761,TRUE,294,1981,0.00107982,NA,0.00210336,NA,FALSE,NA,NA,NA,NA,NA,NA,1,"ASD"
1513,10,25577762,26161974,TRUE,120,1986,0.00069494,0.000295441,0.00242503,0.185325,FALSE,NA,NA,NA,NA,NA,NA,2,NA
1514,10,26161975,26888716,TRUE,99,2250,7.99623e-05,0.000352406,0.329647,0.125151,FALSE,NA,NA,NA,NA,NA,NA,2,NA
1515,10,26888717,27669566,TRUE,153,2343,0.000240963,NA,0.167071,NA,FALSE,NA,NA,NA,NA,NA,NA,1,"ASD"
1516,10,27669567,28734422,TRUE,260,2787,0.00019136,NA,0.269141,NA,FALSE,NA,NA,NA,NA,NA,NA,1,"ASD"
1517,10,28734423,29393749,TRUE,207,1851,NA,3.61041e-05,NA,0.454312,FALSE,NA,NA,NA,NA,NA,NA,1,"AN"
1518,10,29393750,30000223,FALSE,NA,NA,NA,NA,NA,NA,FALSE,NA,NA,NA,NA,NA,NA,NA,NA
1519,10,30000224,30919469,TRUE,239,2291,0.000371566,NA,0.123282,NA,FALSE,NA,NA,NA,NA,NA,NA,1,"ASD"
1520,10,30919470,32457293,TRUE,247,2903,0.00120252,0.000645242,0.000235786,0.0925364,FALSE,NA,NA,NA,NA,NA,NA,2,NA
1521,10,32457294,33655458,TRUE,206,3258,0.00121981,NA,7.77189e-05,NA,FALSE,NA,NA,NA,NA,NA,NA,1,"ASD"
1522,10,33655459,35178224,TRUE,361,3079,0.00331045,NA,1.69216e-13,NA,FALSE,NA,NA,NA,NA,NA,NA,1,"ASD"
1523,10,35178225,36475838,TRUE,174,2290,0.000969074,0.000237917,0.0005941,0.269352,FALSE,NA,NA,NA,NA,NA,NA,2,NA
1524,10,36475839,37561443,TRUE,188,2418,8.27099e-05,0.000485374,0.369326,0.124771,FALSE,NA,NA,NA,NA,NA,NA,2,NA
1525,10,37561444,38566460,TRUE,40,2142,0.000117167,3.62405e-05,0.192902,0.397584,FALSE,NA,NA,NA,NA,NA,NA,2,NA
1526,10,38566461,42392742,FALSE,NA,NA,NA,NA,NA,NA,FALSE,NA,NA,NA,NA,NA,NA,NA,NA
1527,10,42392743,42984427,TRUE,15,367,5.46497e-05,0.000210844,0.231714,0.0530554,FALSE,NA,NA,NA,NA,NA,NA,2,NA
1528,10,42984428,43769842,TRUE,129,2161,5.42319e-05,NA,0.390327,NA,FALSE,NA,NA,NA,NA,NA,NA,1,"ASD"
1529,10,43769843,44893846,TRUE,239,3401,0.000900852,NA,0.00320293,NA,FALSE,NA,NA,NA,NA,NA,NA,1,"ASD"
1530,10,44893847,46327144,TRUE,216,3040,0.00113163,0.000417995,0.000264116,0.174164,FALSE,NA,NA,NA,NA,NA,NA,2,NA
1531,10,46327145,49197320,TRUE,128,810,0.00071067,0.000227768,0.00426523,0.246977,FALSE,NA,NA,NA,NA,NA,NA,2,NA
1532,10,49197321,50145673,TRUE,190,1743,0.000624376,NA,0.0162687,NA,FALSE,NA,NA,NA,NA,NA,NA,1,"ASD"
1533,10,50145674,51724039,TRUE,206,2281,0.000308917,NA,0.142869,NA,FALSE,NA,NA,NA,NA,NA,NA,1,"ASD"
1534,10,51724040,53129609,TRUE,224,2197,0.000636378,NA,0.0225117,NA,FALSE,NA,NA,NA,NA,NA,NA,1,"ASD"
1535,10,53129610,53919161,TRUE,237,2275,0.000489749,NA,0.0641488,NA,FALSE,NA,NA,NA,NA,NA,NA,1,"ASD"
1536,10,53919162,55104428,TRUE,255,2919,0.000314955,NA,0.164106,NA,FALSE,NA,NA,NA,NA,NA,NA,1,"ASD"
1537,10,55104429,55867694,TRUE,176,2507,0.000104039,NA,0.334331,NA,FALSE,NA,NA,NA,NA,NA,NA,1,"ASD"
1538,10,55867695,57044845,TRUE,293,3479,0.00114786,NA,0.000924897,NA,FALSE,NA,NA,NA,NA,NA,NA,1,"ASD"
1539,10,57044846,57955671,TRUE,96,2120,3.83473e-05,NA,0.405062,NA,FALSE,NA,NA,NA,NA,NA,NA,1,"ASD"
1540,10,57955672,58809133,TRUE,58,2145,4.90814e-05,NA,0.354521,NA,FALSE,NA,NA,NA,NA,NA,NA,1,"ASD"
1541,10,58809134,59822946,TRUE,100,3113,0.000597903,NA,0.00427091,NA,FALSE,NA,NA,NA,NA,NA,NA,1,"ASD"
1542,10,59822947,61470383,TRUE,239,2976,0.000884734,NA,0.00430197,NA,FALSE,NA,NA,NA,NA,NA,NA,1,"ASD"
1543,10,61470384,62626465,TRUE,252,3067,0.000952925,NA,0.00235072,NA,FALSE,NA,NA,NA,NA,NA,NA,1,"ASD"
1544,10,62626466,64069687,TRUE,322,2874,0.00137407,NA,0.00024507,NA,FALSE,NA,NA,NA,NA,NA,NA,1,"ASD"
1545,10,64069688,65400431,TRUE,225,2872,0.000190356,0.000971986,0.25504,0.0212144,FALSE,NA,NA,NA,NA,NA,NA,2,NA
1546,10,65400432,66510387,TRUE,152,2046,0.000199677,NA,0.207746,NA,FALSE,NA,NA,NA,NA,NA,NA,1,"ASD"
1547,10,66510388,67146043,TRUE,104,1890,0.000216467,NA,0.14176,NA,FALSE,NA,NA,NA,NA,NA,NA,1,"ASD"
1548,10,67146044,67769822,TRUE,132,1989,0.000469499,0.000169653,0.0267736,0.303072,FALSE,NA,NA,NA,NA,NA,NA,2,NA
1549,10,67769823,68623274,TRUE,175,3259,0.000569975,0.00089119,0.0195538,0.0182433,TRUE,1,1.08885,FALSE,0.30902,1,0.00580981,2,NA
1550,10,68623275,69904170,TRUE,134,2467,0.000977854,NA,0.000119424,NA,FALSE,NA,NA,NA,NA,NA,NA,1,"ASD"
1551,10,69904171,71050504,TRUE,205,2918,0.000939982,NA,0.00122486,NA,FALSE,NA,NA,NA,NA,NA,NA,1,"ASD"
1552,10,71050505,71672997,TRUE,348,1968,0.00163993,NA,4.24586e-05,NA,FALSE,NA,NA,NA,NA,NA,NA,1,"ASD"
1553,10,71672998,72659223,TRUE,380,2830,0.000580922,NA,0.0716617,NA,FALSE,NA,NA,NA,NA,NA,NA,1,"ASD"
1554,10,72659224,73514214,TRUE,394,2242,0.00158947,NA,0.000149303,NA,FALSE,NA,NA,NA,NA,NA,NA,1,"ASD"
1555,10,73514215,75694023,TRUE,168,2875,0.0012881,NA,1.07854e-05,NA,FALSE,NA,NA,NA,NA,NA,NA,1,"ASD"
1556,10,75694024,77144961,TRUE,125,1806,0.00149143,NA,2.81176e-08,NA,FALSE,NA,NA,NA,NA,NA,NA,1,"ASD"
1557,10,77144962,78665481,TRUE,246,2434,0.00128997,NA,0.000128364,NA,FALSE,NA,NA,NA,NA,NA,NA,1,"ASD"
1558,10,78665482,79952996,TRUE,298,2572,0.00108001,NA,0.00210266,NA,FALSE,NA,NA,NA,NA,NA,NA,1,"ASD"
1559,10,79952997,81190573,TRUE,479,2830,0.00179641,NA,8.60706e-05,NA,FALSE,NA,NA,NA,NA,NA,NA,1,"ASD"
1560,10,81190574,81763230,TRUE,35,978,0.000310156,NA,0.0147001,NA,FALSE,NA,NA,NA,NA,NA,NA,1,"ASD"
1561,10,81763231,82378048,TRUE,148,1950,9.18644e-05,0.000172301,0.339734,0.310389,FALSE,NA,NA,NA,NA,NA,NA,2,NA
1562,10,82378049,83596350,TRUE,211,3247,0.000945102,0.000419025,0.00153443,0.170937,FALSE,NA,NA,NA,NA,NA,NA,2,NA
1563,10,83596351,84679429,TRUE,221,2255,0.00120514,NA,0.000130751,NA,FALSE,NA,NA,NA,NA,NA,NA,1,"ASD"
1564,10,84679430,85463484,TRUE,96,2621,0.00108791,NA,2.1808e-06,NA,FALSE,NA,NA,NA,NA,NA,NA,1,"ASD"
1565,10,85463485,86459980,TRUE,264,2773,0.000760175,NA,0.0122432,NA,FALSE,NA,NA,NA,NA,NA,NA,1,"ASD"
1566,10,86459981,87287935,TRUE,145,2436,0.000382729,0.000228386,0.0614088,0.259091,FALSE,NA,NA,NA,NA,NA,NA,2,NA
1567,10,87287936,88443652,TRUE,275,2754,0.000649462,NA,0.0308709,NA,FALSE,NA,NA,NA,NA,NA,NA,1,"ASD"
1568,10,88443653,89971628,TRUE,283,2372,0.0007808,6.53108e-05,0.0144498,0.438491,FALSE,NA,NA,NA,NA,NA,NA,2,NA
1569,10,89971629,91021321,TRUE,276,2220,0.00120549,0.00017984,0.000489699,0.352106,FALSE,NA,NA,NA,NA,NA,NA,2,NA
1570,10,91021322,91960435,TRUE,183,2401,0.000568918,0.000446353,0.0240217,0.140492,FALSE,NA,NA,NA,NA,NA,NA,2,NA
1571,10,91960436,92911506,TRUE,168,2196,0.000947938,NA,0.000489922,NA,FALSE,NA,NA,NA,NA,NA,NA,1,"ASD"
1572,10,92911507,94503299,TRUE,160,2589,0.00119175,NA,2.27345e-05,NA,FALSE,NA,NA,NA,NA,NA,NA,1,"ASD"
1573,10,94503300,95528160,TRUE,269,2734,0.00103977,8.92984e-05,0.00165323,0.418294,FALSE,NA,NA,NA,NA,NA,NA,2,NA
1574,10,95528161,97040172,TRUE,176,2898,0.000394621,0.000372388,0.0724876,0.176944,FALSE,NA,NA,NA,NA,NA,NA,2,NA
1575,10,97040173,98005994,TRUE,206,2352,0.000447265,0.00034669,0.0638794,0.210451,FALSE,NA,NA,NA,NA,NA,NA,2,NA
1576,10,98005995,99367800,TRUE,332,2549,0.000638565,NA,0.0455302,NA,FALSE,NA,NA,NA,NA,NA,NA,1,"ASD"
1577,10,99367801,100337830,TRUE,241,1903,0.00131112,0.000270364,8.9975e-05,0.277071,FALSE,NA,NA,NA,NA,NA,NA,2,NA
1578,10,100337831,101271451,TRUE,95,1633,0.000463938,3.94545e-06,0.0139201,0.475425,FALSE,NA,NA,NA,NA,NA,NA,2,NA
1579,10,101271452,102509298,TRUE,221,2397,0.00137743,NA,2.12695e-05,NA,FALSE,NA,NA,NA,NA,NA,NA,1,"ASD"
1580,10,102509299,104206837,TRUE,322,2474,7.60203e-05,0.000281404,0.406373,0.296842,FALSE,NA,NA,NA,NA,NA,NA,2,NA
1581,10,104206838,106142283,TRUE,339,3542,0.00149513,0.000781365,8.80658e-05,0.0852504,FALSE,NA,NA,NA,NA,NA,NA,2,NA
1582,10,106142284,107877787,TRUE,262,3476,0.00119946,NA,0.000330571,NA,FALSE,NA,NA,NA,NA,NA,NA,1,"ASD"
1583,10,107877788,108725997,TRUE,177,2024,0.000890245,NA,0.00128826,NA,FALSE,NA,NA,NA,NA,NA,NA,1,"ASD"
1584,10,108725998,109579149,TRUE,181,2264,0.000967927,NA,0.000611606,NA,FALSE,NA,NA,NA,NA,NA,NA,1,"ASD"
1585,10,109579150,110358382,TRUE,149,2091,0.000886311,NA,0.000559771,NA,FALSE,NA,NA,NA,NA,NA,NA,1,"ASD"
1586,10,110358383,112164981,TRUE,244,3397,0.00098217,0.000658792,0.00178636,0.087047,FALSE,NA,NA,NA,NA,NA,NA,2,NA
1587,10,112164982,113117615,TRUE,291,1989,0.00138179,NA,0.000124954,NA,FALSE,NA,NA,NA,NA,NA,NA,1,"ASD"
1588,10,113117616,114255954,TRUE,193,2408,0.00062062,NA,0.017498,NA,FALSE,NA,NA,NA,NA,NA,NA,1,"ASD"
1589,10,114255955,115588903,TRUE,355,2397,0.00174457,NA,2.20363e-05,NA,FALSE,NA,NA,NA,NA,NA,NA,1,"ASD"
1590,10,115588904,116845213,TRUE,242,2384,0.00129229,NA,9.90524e-05,NA,FALSE,NA,NA,NA,NA,NA,NA,1,"ASD"
1591,10,116845214,118416049,TRUE,177,2796,0.000682496,NA,0.00874391,NA,FALSE,NA,NA,NA,NA,NA,NA,1,"ASD"
1592,10,118416050,119528730,TRUE,241,1874,0.00175573,NA,1.33981e-06,NA,FALSE,NA,NA,NA,NA,NA,NA,1,"ASD"
1593,10,119528731,120592839,TRUE,272,2252,0.000965418,4.87004e-05,0.00384872,0.450229,FALSE,NA,NA,NA,NA,NA,NA,2,NA
1594,10,120592840,121874445,TRUE,309,3013,0.000764451,NA,0.0182099,NA,FALSE,NA,NA,NA,NA,NA,NA,1,"ASD"
1595,10,121874446,122803506,TRUE,289,2450,0.0010397,NA,0.00246641,NA,FALSE,NA,NA,NA,NA,NA,NA,1,"ASD"
1596,10,122803507,123856184,TRUE,338,2548,0.00223336,NA,7.48584e-08,NA,FALSE,NA,NA,NA,NA,NA,NA,1,"ASD"
1597,10,123856185,124894142,TRUE,326,2585,0.000815769,NA,0.0181282,NA,FALSE,NA,NA,NA,NA,NA,NA,1,"ASD"
1598,10,124894143,125798319,TRUE,308,2452,0.000862713,0.000156027,0.0116502,0.376008,FALSE,NA,NA,NA,NA,NA,NA,2,NA
1599,10,125798320,126875816,TRUE,306,2505,0.00201768,9.39342e-05,4.02785e-07,0.419919,FALSE,NA,NA,NA,NA,NA,NA,2,NA
1600,10,126875817,127997708,TRUE,251,2439,0.00204289,NA,1.93861e-08,NA,FALSE,NA,NA,NA,NA,NA,NA,1,"ASD"
1601,10,127997709,129134738,TRUE,327,2209,0.000835359,NA,0.0150936,NA,FALSE,NA,NA,NA,NA,NA,NA,1,"ASD"
1602,10,129134739,129831969,TRUE,346,2549,0.00228052,0.000577864,6.57775e-08,0.15416,FALSE,NA,NA,NA,NA,NA,NA,2,NA
1603,10,129831970,130694008,TRUE,368,2276,0.000928354,0.000382418,0.0127267,0.252112,FALSE,NA,NA,NA,NA,NA,NA,2,NA
1604,10,130694009,131694738,TRUE,218,2397,0.000779916,NA,0.00749711,NA,FALSE,NA,NA,NA,NA,NA,NA,1,"ASD"
1605,10,131694739,132576793,TRUE,259,2773,0.00135152,NA,7.40668e-05,NA,FALSE,NA,NA,NA,NA,NA,NA,1,"ASD"
1606,10,132576794,133111170,TRUE,340,2250,0.00182165,NA,7.64499e-06,NA,FALSE,NA,NA,NA,NA,NA,NA,1,"ASD"
1607,10,133111171,133818036,TRUE,293,2139,0.00120795,1.78718e-05,0.000626672,0.475391,FALSE,NA,NA,NA,NA,NA,NA,2,NA
1608,10,133818037,134856054,TRUE,357,2970,0.00158323,0.000555692,0.000403209,0.166784,FALSE,NA,NA,NA,NA,NA,NA,2,NA
1609,10,134856055,135524372,TRUE,96,1330,0.000794938,1.4619e-05,0.000784705,0.461405,FALSE,NA,NA,NA,NA,NA,NA,2,NA
1610,11,87150,1061399,TRUE,233,1932,0.00228565,NA,1.66403e-08,NA,FALSE,NA,NA,NA,NA,NA,NA,1,"ASD"
1611,11,1061400,1857845,TRUE,218,2302,0.00200542,NA,9.10015e-08,NA,FALSE,NA,NA,NA,NA,NA,NA,1,"ASD"
1612,11,1857846,2477449,TRUE,185,1500,0.00098807,NA,0.00215971,NA,FALSE,NA,NA,NA,NA,NA,NA,1,"ASD"
1613,11,2477450,3362508,TRUE,364,1803,0.00239586,NA,2.05791e-07,NA,FALSE,NA,NA,NA,NA,NA,NA,1,"ASD"
1614,11,3362509,4405707,TRUE,146,1702,0.00083503,0.000523695,0.00109928,0.0826034,FALSE,NA,NA,NA,NA,NA,NA,2,NA
1615,11,4405708,4946051,TRUE,232,2095,0.000769951,0.000198606,0.0082762,0.325363,FALSE,NA,NA,NA,NA,NA,NA,2,NA
1616,11,4946052,5533057,TRUE,199,2460,0.000257474,NA,0.176285,NA,FALSE,NA,NA,NA,NA,NA,NA,1,"ASD"
1617,11,5533058,6180840,TRUE,230,2553,0.000201781,NA,0.244912,NA,FALSE,NA,NA,NA,NA,NA,NA,1,"ASD"
1618,11,6180841,7191230,TRUE,281,2423,0.000583796,NA,0.0461299,NA,FALSE,NA,NA,NA,NA,NA,NA,1,"ASD"
1619,11,7191231,7915071,TRUE,265,2353,0.000839153,NA,0.0075596,NA,FALSE,NA,NA,NA,NA,NA,NA,1,"ASD"
1620,11,7915072,9080939,TRUE,354,3002,0.00185991,NA,5.27011e-06,NA,FALSE,NA,NA,NA,NA,NA,NA,1,"ASD"
1621,11,9080940,10370100,TRUE,223,2823,0.000988482,NA,0.00112301,NA,FALSE,NA,NA,NA,NA,NA,NA,1,"ASD"
1622,11,10370101,11081299,TRUE,236,1875,0.0009221,NA,0.00285877,NA,FALSE,NA,NA,NA,NA,NA,NA,1,"ASD"
1623,11,11081300,11632650,TRUE,369,1930,0.000474672,NA,0.112954,NA,FALSE,NA,NA,NA,NA,NA,NA,1,"ASD"
1624,11,11632651,12470449,TRUE,351,2221,0.000704175,NA,0.0357267,NA,FALSE,NA,NA,NA,NA,NA,NA,1,"ASD"
1625,11,12470450,13364727,TRUE,274,2141,0.00188747,1.10017e-06,2.63308e-07,0.48777,FALSE,NA,NA,NA,NA,NA,NA,2,NA
1626,11,13364728,15126767,TRUE,271,3059,0.000926601,NA,0.00413157,NA,FALSE,NA,NA,NA,NA,NA,NA,1,"ASD"
1627,11,15126768,16383386,TRUE,223,2179,0.00096621,NA,0.00148253,NA,FALSE,NA,NA,NA,NA,NA,NA,1,"ASD"
1628,11,16383387,17583948,TRUE,218,2332,0.00129366,0.000697498,5.25251e-05,0.065488,FALSE,NA,NA,NA,NA,NA,NA,2,NA
1629,11,17583949,18740267,TRUE,264,2469,0.00101739,NA,0.00189475,NA,FALSE,NA,NA,NA,NA,NA,NA,1,"ASD"
1630,11,18740268,19780784,TRUE,238,2208,0.000686968,NA,0.0189026,NA,FALSE,NA,NA,NA,NA,NA,NA,1,"ASD"
1631,11,19780785,20686336,TRUE,380,2317,0.00168243,0.000413006,4.81273e-05,0.239658,FALSE,NA,NA,NA,NA,NA,NA,2,NA
1632,11,20686337,21442722,TRUE,264,1836,0.00048468,0.000317108,0.0767138,0.255521,FALSE,NA,NA,NA,NA,NA,NA,2,NA
1633,11,21442723,22368743,TRUE,146,2101,0.00126194,NA,4.44108e-06,NA,FALSE,NA,NA,NA,NA,NA,NA,1,"ASD"
1634,11,22368744,23164544,TRUE,114,1833,6.02172e-07,NA,0.481263,NA,FALSE,NA,NA,NA,NA,NA,NA,1,"ASD"
1635,11,23164545,24091272,TRUE,186,2834,0.00122958,NA,4.07473e-05,NA,FALSE,NA,NA,NA,NA,NA,NA,1,"ASD"
1636,11,24091273,24892439,TRUE,217,2623,0.00115774,NA,0.000221013,NA,FALSE,NA,NA,NA,NA,NA,NA,1,"ASD"
1637,11,24892440,25662918,TRUE,76,2070,0.000282699,NA,0.0653567,NA,FALSE,NA,NA,NA,NA,NA,NA,1,"ASD"
1638,11,25662919,26356980,TRUE,118,2743,0.00108925,NA,1.88374e-05,NA,FALSE,NA,NA,NA,NA,NA,NA,1,"ASD"
1639,11,26356981,27018307,TRUE,168,2072,0.000217536,0.000501164,0.19585,0.105709,FALSE,NA,NA,NA,NA,NA,NA,2,NA
1640,11,27018308,28577718,TRUE,221,2332,0.000852399,NA,0.00370898,NA,FALSE,NA,NA,NA,NA,NA,NA,1,"ASD"
1641,11,28577719,29530460,TRUE,179,1991,0.000706093,9.54342e-05,0.00682669,0.394706,FALSE,NA,NA,NA,NA,NA,NA,2,NA
1642,11,29530461,30570129,TRUE,171,2100,0.000101263,NA,0.33686,NA,FALSE,NA,NA,NA,NA,NA,NA,1,"ASD"
1643,11,30570130,32065771,TRUE,145,1741,NA,0.000129892,NA,0.349074,FALSE,NA,NA,NA,NA,NA,NA,1,"AN"
1644,11,32065772,32830422,TRUE,165,1877,0.000571498,0.00034365,0.0191662,0.187598,FALSE,NA,NA,NA,NA,NA,NA,2,NA
1645,11,32830423,33905327,TRUE,147,2082,0.00080164,6.41864e-05,0.00198419,0.416371,FALSE,NA,NA,NA,NA,NA,NA,2,NA
1646,11,33905328,34672697,TRUE,206,1620,0.000749963,NA,0.00818127,NA,FALSE,NA,NA,NA,NA,NA,NA,1,"ASD"
1647,11,34672698,35500367,TRUE,183,2304,0.000759746,0.000529126,0.00431716,0.103141,FALSE,NA,NA,NA,NA,NA,NA,2,NA
1648,11,35500368,36331189,TRUE,251,1748,0.00111997,NA,0.000718296,NA,FALSE,NA,NA,NA,NA,NA,NA,1,"ASD"
1649,11,36331190,37119024,TRUE,157,1834,0.00026556,NA,0.145939,NA,FALSE,NA,NA,NA,NA,NA,NA,1,"ASD"
1650,11,37119025,37953086,TRUE,125,1963,0.00112175,NA,1.75922e-05,NA,FALSE,NA,NA,NA,NA,NA,NA,1,"ASD"
1651,11,37953087,39329140,TRUE,91,2320,0.000838584,NA,0.000132412,NA,FALSE,NA,NA,NA,NA,NA,NA,1,"ASD"
1652,11,39329141,40362940,TRUE,185,2007,0.00142944,NA,6.92711e-06,NA,FALSE,NA,NA,NA,NA,NA,NA,1,"ASD"
1653,11,40362941,41603195,TRUE,233,2675,0.00153165,0.000128404,5.27866e-06,0.380473,FALSE,NA,NA,NA,NA,NA,NA,2,NA
1654,11,41603196,42858197,TRUE,175,3596,4.14221e-05,NA,0.424828,NA,FALSE,NA,NA,NA,NA,NA,NA,1,"ASD"
1655,11,42858198,43949377,TRUE,215,2951,0.00147499,0.000314044,4.42447e-06,0.236107,FALSE,NA,NA,NA,NA,NA,NA,2,NA
1656,11,43949378,45019559,TRUE,434,2595,0.00214726,9.72688e-05,2.92888e-06,0.430492,FALSE,NA,NA,NA,NA,NA,NA,2,NA
1657,11,45019560,46316005,TRUE,278,2504,0.000720483,0.000239996,0.0188905,0.310692,FALSE,NA,NA,NA,NA,NA,NA,2,NA
1658,11,46316006,48066366,TRUE,145,1991,0.000771704,NA,0.0018281,NA,FALSE,NA,NA,NA,NA,NA,NA,1,"ASD"
1659,11,48066367,48765366,TRUE,21,1336,0.000304035,NA,0.00549202,NA,FALSE,NA,NA,NA,NA,NA,NA,1,"ASD"
1660,11,48765367,49386071,TRUE,9,648,NA,2.89653e-05,NA,0.323472,FALSE,NA,NA,NA,NA,NA,NA,1,"AN"
1661,11,49386072,50217008,FALSE,NA,NA,NA,NA,NA,NA,FALSE,NA,NA,NA,NA,NA,NA,NA,NA
1662,11,50217009,51098366,FALSE,NA,NA,NA,NA,NA,NA,FALSE,NA,NA,NA,NA,NA,NA,NA,NA
1663,11,51098367,51581595,FALSE,NA,NA,NA,NA,NA,NA,FALSE,NA,NA,NA,NA,NA,NA,NA,NA
1664,11,51581596,55477633,TRUE,6,975,9.60797e-05,5.32771e-05,0.0743998,0.205686,FALSE,NA,NA,NA,NA,NA,NA,2,NA
1665,11,55477634,55947452,TRUE,16,2217,0.000108852,NA,0.0933993,NA,FALSE,NA,NA,NA,NA,NA,NA,1,"ASD"
1666,11,55947453,56623494,TRUE,53,2042,0.000404203,NA,0.00658779,NA,FALSE,NA,NA,NA,NA,NA,NA,1,"ASD"
1667,11,56623495,57675986,TRUE,204,1981,0.00104981,NA,0.000374146,NA,FALSE,NA,NA,NA,NA,NA,NA,1,"ASD"
1668,11,57675987,58452708,TRUE,85,1995,0.000841045,NA,5.14869e-05,NA,FALSE,NA,NA,NA,NA,NA,NA,1,"ASD"
1669,11,58452709,59256232,TRUE,67,1573,0.000777304,0.000444238,8.58401e-05,0.0464361,TRUE,-0.425618,-0.425618,FALSE,-1,0.28578,0.237417,2,NA
1670,11,59256233,60515105,TRUE,175,2197,0.000358243,NA,0.0953123,NA,FALSE,NA,NA,NA,NA,NA,NA,1,"ASD"
1671,11,60515106,61717117,TRUE,268,1734,0.00110091,NA,0.00114686,NA,FALSE,NA,NA,NA,NA,NA,NA,1,"ASD"
1672,11,61717118,62800368,TRUE,261,2013,9.02613e-05,NA,0.380116,NA,FALSE,NA,NA,NA,NA,NA,NA,1,"ASD"
1673,11,62800369,64594822,TRUE,222,2553,0.000956219,NA,0.00160969,NA,FALSE,NA,NA,NA,NA,NA,NA,1,"ASD"
1674,11,64594823,66782661,TRUE,334,3025,0.00117543,NA,0.00130447,NA,FALSE,NA,NA,NA,NA,NA,NA,1,"ASD"
1675,11,66782662,68000949,TRUE,143,1284,0.00126793,NA,7.13908e-06,NA,FALSE,NA,NA,NA,NA,NA,NA,1,"ASD"
1676,11,68000950,68887344,TRUE,144,1668,0.000329183,NA,0.0925356,NA,FALSE,NA,NA,NA,NA,NA,NA,1,"ASD"
1677,11,68887345,69713996,TRUE,243,1802,0.000264569,0.000288224,0.199245,0.265825,FALSE,NA,NA,NA,NA,NA,NA,2,NA
1678,11,69713997,71242834,TRUE,405,3550,0.00165455,0.0011904,9.72271e-05,0.0299,TRUE,0.124469,0.124469,FALSE,-0.65799,0.93577,0.679954,2,NA
1679,11,71242835,72875068,TRUE,208,2338,0.000770851,NA,0.00929905,NA,FALSE,NA,NA,NA,NA,NA,NA,1,"ASD"
1680,11,72875069,74399331,TRUE,224,2732,0.0014952,0.00014804,5.14265e-06,0.362271,FALSE,NA,NA,NA,NA,NA,NA,2,NA
1681,11,74399332,75445253,TRUE,224,1801,0.000544551,0.000942348,0.040193,0.0240989,TRUE,0.76562,0.76562,FALSE,-0.06614,1,0.074303,2,NA
1682,11,75445254,76518906,TRUE,289,2133,0.00153227,0.000264772,3.21372e-05,0.297653,FALSE,NA,NA,NA,NA,NA,NA,2,NA
1683,11,76518907,77719870,TRUE,138,2198,0.00113844,NA,2.25488e-05,NA,FALSE,NA,NA,NA,NA,NA,NA,1,"ASD"
1684,11,77719871,78912252,TRUE,283,2150,0.00183432,NA,1.14577e-06,NA,FALSE,NA,NA,NA,NA,NA,NA,1,"ASD"
1685,11,78912253,79802286,TRUE,316,1989,0.000695554,0.000120502,0.0306919,0.402307,FALSE,NA,NA,NA,NA,NA,NA,2,NA
1686,11,79802287,80726012,TRUE,299,2202,0.000630705,NA,0.041592,NA,FALSE,NA,NA,NA,NA,NA,NA,1,"ASD"
1687,11,80726013,81658298,TRUE,275,2923,0.000684792,NA,0.0224525,NA,FALSE,NA,NA,NA,NA,NA,NA,1,"ASD"
1688,11,81658299,82833181,TRUE,237,3078,0.000725736,NA,0.01186,NA,FALSE,NA,NA,NA,NA,NA,NA,1,"ASD"
1689,11,82833182,83677773,TRUE,165,1799,0.000681633,9.45302e-05,0.00669116,0.391375,FALSE,NA,NA,NA,NA,NA,NA,2,NA
1690,11,83677774,84613229,TRUE,212,2009,0.000733852,3.91936e-05,0.00861057,0.452109,FALSE,NA,NA,NA,NA,NA,NA,2,NA
1691,11,84613230,85869059,TRUE,169,2543,0.000558296,NA,0.0202281,NA,FALSE,NA,NA,NA,NA,NA,NA,1,"ASD"
1692,11,85869060,86629333,TRUE,222,2136,0.000415416,NA,0.0827289,NA,FALSE,NA,NA,NA,NA,NA,NA,1,"ASD"
1693,11,86629334,87676870,TRUE,222,3274,0.00102131,3.20225e-05,0.000842495,0.459414,FALSE,NA,NA,NA,NA,NA,NA,2,NA
1694,11,87676871,88359287,TRUE,188,1928,0.000477439,9.92746e-05,0.0457396,0.393685,FALSE,NA,NA,NA,NA,NA,NA,2,NA
1695,11,88359288,89209738,TRUE,76,1853,NA,0.000303545,NA,0.129005,FALSE,NA,NA,NA,NA,NA,NA,1,"AN"
1696,11,89209739,90199932,TRUE,87,1616,0.000253161,NA,0.0947863,NA,FALSE,NA,NA,NA,NA,NA,NA,1,"ASD"
1697,11,90199933,90967061,FALSE,NA,NA,NA,NA,NA,NA,FALSE,NA,NA,NA,NA,NA,NA,NA,NA
1698,11,90967062,92209168,TRUE,180,2808,3.35826e-05,NA,0.437188,NA,FALSE,NA,NA,NA,NA,NA,NA,1,"ASD"
1699,11,92209169,93576641,TRUE,249,2622,0.000896927,NA,0.00376627,NA,FALSE,NA,NA,NA,NA,NA,NA,1,"ASD"
1700,11,93576642,94384535,TRUE,132,1953,0.000670146,NA,0.00374213,NA,FALSE,NA,NA,NA,NA,NA,NA,1,"ASD"
1701,11,94384536,95327210,TRUE,232,1737,0.00042443,0.00015464,0.0932279,0.359311,FALSE,NA,NA,NA,NA,NA,NA,2,NA
1702,11,95327211,96150134,TRUE,259,1874,0.000510901,0.000787268,0.0621629,0.0589426,FALSE,NA,NA,NA,NA,NA,NA,2,NA
1703,11,96150135,97091671,TRUE,161,1774,0.000999511,NA,0.000305102,NA,FALSE,NA,NA,NA,NA,NA,NA,1,"ASD"
1704,11,97091672,98145570,TRUE,295,2935,0.000551568,NA,0.0581963,NA,FALSE,NA,NA,NA,NA,NA,NA,1,"ASD"
1705,11,98145571,98929380,TRUE,176,2582,0.00072567,NA,0.00598462,NA,FALSE,NA,NA,NA,NA,NA,NA,1,"ASD"
1706,11,98929381,99619347,TRUE,185,2505,0.000373696,NA,0.0871251,NA,FALSE,NA,NA,NA,NA,NA,NA,1,"ASD"
1707,11,99619348,100423901,TRUE,259,2060,0.001025,NA,0.00156476,NA,FALSE,NA,NA,NA,NA,NA,NA,1,"ASD"
1708,11,100423902,101152831,TRUE,188,2228,0.000750716,0.000528522,0.00539659,0.106215,FALSE,NA,NA,NA,NA,NA,NA,2,NA
1709,11,101152832,101881252,TRUE,137,2064,0.000689495,NA,0.00325587,NA,FALSE,NA,NA,NA,NA,NA,NA,1,"ASD"
1710,11,101881253,102671665,TRUE,253,1841,0.000795568,NA,0.00935133,NA,FALSE,NA,NA,NA,NA,NA,NA,1,"ASD"
1711,11,102671666,103495635,TRUE,168,2554,0.000676744,NA,0.00751588,NA,FALSE,NA,NA,NA,NA,NA,NA,1,"ASD"
1712,11,103495636,104875270,TRUE,172,2948,0.00115012,NA,5.1643e-05,NA,FALSE,NA,NA,NA,NA,NA,NA,1,"ASD"
1713,11,104875271,105932282,TRUE,100,1927,0.000508451,0.000578984,0.0092095,0.0361376,TRUE,0.917168,0.917168,FALSE,0.18577,1,0.0260745,2,NA
1714,11,105932283,107054024,TRUE,237,2329,0.000732328,NA,0.0118828,NA,FALSE,NA,NA,NA,NA,NA,NA,1,"ASD"
1715,11,107054025,107846824,TRUE,165,2338,0.000894996,0.000110577,0.000748602,0.376037,FALSE,NA,NA,NA,NA,NA,NA,2,NA
1716,11,107846825,109891837,TRUE,243,2807,0.000724796,NA,0.0142428,NA,FALSE,NA,NA,NA,NA,NA,NA,1,"ASD"
1717,11,109891838,111117780,TRUE,229,2559,0.000730417,0.000210506,0.0113132,0.315356,FALSE,NA,NA,NA,NA,NA,NA,2,NA
1718,11,111117781,112755446,TRUE,242,2611,0.000786222,NA,0.00902791,NA,FALSE,NA,NA,NA,NA,NA,NA,1,"ASD"
1719,11,112755447,113889019,TRUE,243,2435,0.000953,9.88283e-07,0.00215397,0.487107,FALSE,NA,NA,NA,NA,NA,NA,2,NA
1720,11,113889020,114742317,TRUE,226,1758,0.00188791,0.000172573,8.09001e-08,0.343398,FALSE,NA,NA,NA,NA,NA,NA,2,NA
1721,11,114742318,116247377,TRUE,404,2914,0.00229531,NA,2.31063e-07,NA,FALSE,NA,NA,NA,NA,NA,NA,1,"ASD"
1722,11,116247378,117295641,TRUE,321,2796,0.00151105,0.000801054,6.24448e-05,0.0750009,FALSE,NA,NA,NA,NA,NA,NA,2,NA
1723,11,117295642,118901213,TRUE,471,3637,0.00115669,NA,0.00563222,NA,FALSE,NA,NA,NA,NA,NA,NA,1,"ASD"
1724,11,118901214,120064528,TRUE,311,2268,0.000948057,8.82387e-05,0.00563244,0.424658,FALSE,NA,NA,NA,NA,NA,NA,2,NA
1725,11,120064529,121208186,TRUE,298,2109,0.00110877,NA,0.00159876,NA,FALSE,NA,NA,NA,NA,NA,NA,1,"ASD"
1726,11,121208187,122589224,TRUE,300,2538,0.00087828,NA,0.0099844,NA,FALSE,NA,NA,NA,NA,NA,NA,1,"ASD"
1727,11,122589225,123398882,TRUE,286,1962,0.000915487,NA,0.00586039,NA,FALSE,NA,NA,NA,NA,NA,NA,1,"ASD"
1728,11,123398883,124403477,TRUE,222,2991,0.000345933,0.000659449,0.124507,0.077654,FALSE,NA,NA,NA,NA,NA,NA,2,NA
1729,11,124403478,125266684,TRUE,312,1808,0.00048857,0.000269865,0.0906692,0.301213,FALSE,NA,NA,NA,NA,NA,NA,2,NA
1730,11,125266685,126304240,TRUE,295,2626,0.000452694,1.06822e-05,0.0947527,0.48093,FALSE,NA,NA,NA,NA,NA,NA,2,NA
1731,11,126304241,127306871,TRUE,334,2498,0.00215167,1.7753e-05,1.0152e-07,0.477032,FALSE,NA,NA,NA,NA,NA,NA,2,NA
1732,11,127306872,128262550,TRUE,206,2186,0.000631598,NA,0.0199922,NA,FALSE,NA,NA,NA,NA,NA,NA,1,"ASD"
1733,11,128262551,129451784,TRUE,384,2481,0.00142361,4.84837e-05,0.000432906,0.458195,FALSE,NA,NA,NA,NA,NA,NA,2,NA
1734,11,129451785,130500783,TRUE,335,2357,0.00100055,NA,0.00607999,NA,FALSE,NA,NA,NA,NA,NA,NA,1,"ASD"
1735,11,130500784,131424361,TRUE,295,1981,0.00126329,0.000206488,0.000556624,0.338235,FALSE,NA,NA,NA,NA,NA,NA,2,NA
1736,11,131424362,132584401,TRUE,456,2761,0.0012726,0.000457883,0.00242508,0.237479,FALSE,NA,NA,NA,NA,NA,NA,2,NA
1737,11,132584402,133521642,TRUE,387,2201,0.00192125,0.00032144,1.353e-05,0.290183,FALSE,NA,NA,NA,NA,NA,NA,2,NA
1738,11,133521643,134351064,TRUE,330,1771,0.00121967,NA,0.000990107,NA,FALSE,NA,NA,NA,NA,NA,NA,1,"ASD"
1739,11,134351065,134946450,TRUE,258,2277,0.00202451,NA,3.91123e-08,NA,FALSE,NA,NA,NA,NA,NA,NA,1,"ASD"
1740,12,60317,1078397,TRUE,261,1900,0.00175447,NA,3.39154e-06,NA,FALSE,NA,NA,NA,NA,NA,NA,1,"ASD"
1741,12,1078398,1942426,TRUE,216,2058,0.00212664,0.000157576,6.4156e-09,0.352139,FALSE,NA,NA,NA,NA,NA,NA,2,NA
1742,12,1942427,3069506,TRUE,311,2297,0.000404386,NA,0.132557,NA,FALSE,NA,NA,NA,NA,NA,NA,1,"ASD"
1743,12,3069507,3871114,TRUE,369,2252,0.00217295,NA,5.69511e-07,NA,FALSE,NA,NA,NA,NA,NA,NA,1,"ASD"
1744,12,3871115,4967643,TRUE,343,2135,0.00188407,NA,3.3253e-06,NA,FALSE,NA,NA,NA,NA,NA,NA,1,"ASD"
1745,12,4967644,6023700,TRUE,380,2346,0.00062246,NA,0.061041,NA,FALSE,NA,NA,NA,NA,NA,NA,1,"ASD"
1746,12,6023701,6948954,TRUE,213,1671,0.000523161,0.000186943,0.0473599,0.327612,FALSE,NA,NA,NA,NA,NA,NA,2,NA
1747,12,6948955,8123317,TRUE,3,6,4.96319e-05,1.82062e-05,0.085828,0.278826,FALSE,NA,NA,NA,NA,NA,NA,2,NA
1748,12,8123318,8760628,FALSE,NA,NA,NA,NA,NA,NA,FALSE,NA,NA,NA,NA,NA,NA,NA,NA
1749,12,8760629,10176713,TRUE,79,562,0.000280294,NA,0.0641674,NA,FALSE,NA,NA,NA,NA,NA,NA,1,"ASD"
1750,12,10176714,10946140,TRUE,170,1817,0.00112805,NA,6.08736e-05,NA,FALSE,NA,NA,NA,NA,NA,NA,1,"ASD"
1751,12,10946141,11742149,TRUE,67,1690,0.000152844,NA,0.177348,NA,FALSE,NA,NA,NA,NA,NA,NA,1,"ASD"
1752,12,11742150,12721874,TRUE,300,2052,0.00170663,NA,7.66395e-06,NA,FALSE,NA,NA,NA,NA,NA,NA,1,"ASD"
1753,12,12721875,13559527,TRUE,255,1604,0.000606776,0.000109208,0.035654,0.400454,FALSE,NA,NA,NA,NA,NA,NA,2,NA
1754,12,13559528,14656849,TRUE,312,2729,0.000674274,NA,0.0337802,NA,FALSE,NA,NA,NA,NA,NA,NA,1,"ASD"
1755,12,14656850,16136742,TRUE,215,2066,0.000807496,9.7248e-05,0.00779564,0.402073,FALSE,NA,NA,NA,NA,NA,NA,2,NA
1756,12,16136743,17374895,TRUE,201,1765,0.000812896,NA,0.00482286,NA,FALSE,NA,NA,NA,NA,NA,NA,1,"ASD"
1757,12,17374896,18470023,TRUE,199,2830,0.000211443,NA,0.219985,NA,FALSE,NA,NA,NA,NA,NA,NA,1,"ASD"
1758,12,18470024,19532765,TRUE,227,2452,0.00107247,NA,0.0005179,NA,FALSE,NA,NA,NA,NA,NA,NA,1,"ASD"
1759,12,19532766,20074930,TRUE,144,2029,0.000330206,NA,0.0887733,NA,FALSE,NA,NA,NA,NA,NA,NA,1,"ASD"
1760,12,20074931,20866285,TRUE,268,1945,0.000198763,NA,0.267351,NA,FALSE,NA,NA,NA,NA,NA,NA,1,"ASD"
1761,12,20866286,21572252,TRUE,109,2390,0.000733393,0.000322302,0.000936596,0.155318,FALSE,NA,NA,NA,NA,NA,NA,2,NA
1762,12,21572253,22928055,TRUE,229,2407,0.00028027,NA,0.17943,NA,FALSE,NA,NA,NA,NA,NA,NA,1,"ASD"
1763,12,22928056,23923798,TRUE,314,1903,0.00157717,NA,3.89212e-05,NA,FALSE,NA,NA,NA,NA,NA,NA,1,"ASD"
1764,12,23923799,25058714,TRUE,406,2746,0.00203542,NA,2.81322e-06,NA,FALSE,NA,NA,NA,NA,NA,NA,1,"ASD"
1765,12,25058715,25990813,TRUE,284,2512,0.00156393,NA,1.76137e-05,NA,FALSE,NA,NA,NA,NA,NA,NA,1,"ASD"
1766,12,25990814,26958056,TRUE,282,2678,0.00155282,NA,1.52063e-05,NA,FALSE,NA,NA,NA,NA,NA,NA,1,"ASD"
1767,12,26958057,27797262,TRUE,183,2190,0.000400118,NA,0.0710901,NA,FALSE,NA,NA,NA,NA,NA,NA,1,"ASD"
1768,12,27797263,28753585,TRUE,221,2023,0.000806602,NA,0.00644982,NA,FALSE,NA,NA,NA,NA,NA,NA,1,"ASD"
1769,12,28753586,29647193,TRUE,142,2517,0.000362258,0.000361077,0.0704873,0.159608,FALSE,NA,NA,NA,NA,NA,NA,2,NA
1770,12,29647194,30358377,TRUE,243,2246,0.000717557,NA,0.0143592,NA,FALSE,NA,NA,NA,NA,NA,NA,1,"ASD"
1771,12,30358378,31067298,TRUE,156,2401,0.00056693,8.64261e-05,0.0152378,0.396444,FALSE,NA,NA,NA,NA,NA,NA,2,NA
1772,12,31067299,31797152,TRUE,174,1938,0.000765142,NA,0.00457102,NA,FALSE,NA,NA,NA,NA,NA,NA,1,"ASD"
1773,12,31797153,32368905,TRUE,230,2112,0.000670881,NA,0.0167755,NA,FALSE,NA,NA,NA,NA,NA,NA,1,"ASD"
1774,12,32368906,33076722,TRUE,192,2293,0.000919024,NA,0.0010332,NA,FALSE,NA,NA,NA,NA,NA,NA,1,"ASD"
1775,12,33076723,34340495,TRUE,82,3243,0.000190007,NA,0.148863,NA,FALSE,NA,NA,NA,NA,NA,NA,1,"ASD"
1776,12,34340496,38108284,TRUE,6,200,4.3109e-05,0.000235205,0.203956,0.00964235,FALSE,NA,NA,NA,NA,NA,NA,2,NA
1777,12,38108285,38746760,TRUE,10,457,0.0001543,NA,0.0365958,NA,FALSE,NA,NA,NA,NA,NA,NA,1,"ASD"
1778,12,38746761,40017396,TRUE,90,2307,0.000584497,0.000255578,0.00401812,0.18504,FALSE,NA,NA,NA,NA,NA,NA,2,NA
1779,12,40017397,41198229,TRUE,210,3169,0.000450252,2.29893e-05,0.0628643,0.466357,FALSE,NA,NA,NA,NA,NA,NA,2,NA
1780,12,41198230,42117736,TRUE,138,2494,0.000390595,0.0003937,0.0524506,0.137086,FALSE,NA,NA,NA,NA,NA,NA,2,NA
1781,12,42117737,43072679,TRUE,154,2062,0.000220698,0.000331756,0.183599,0.187659,FALSE,NA,NA,NA,NA,NA,NA,2,NA
1782,12,43072680,43980531,TRUE,189,2467,0.00110438,0.000865813,0.000138058,0.0244735,TRUE,0.233946,0.233946,FALSE,-0.5106,1,0.453961,2,NA
1783,12,43980532,44923825,TRUE,96,1718,0.00106728,NA,5.21062e-06,NA,FALSE,NA,NA,NA,NA,NA,NA,1,"ASD"
1784,12,44923826,46037744,TRUE,137,2061,0.000832311,NA,0.00095347,NA,FALSE,NA,NA,NA,NA,NA,NA,1,"ASD"
1785,12,46037745,47499603,TRUE,208,2380,0.000377488,NA,0.100001,NA,FALSE,NA,NA,NA,NA,NA,NA,1,"ASD"
1786,12,47499604,48227035,TRUE,243,2069,0.00111041,NA,0.000617015,NA,FALSE,NA,NA,NA,NA,NA,NA,1,"ASD"
1787,12,48227036,48960265,TRUE,123,1934,0.000722168,NA,0.00164538,NA,FALSE,NA,NA,NA,NA,NA,NA,1,"ASD"
1788,12,48960266,50344346,TRUE,200,2052,0.00167293,0.00103175,3.97807e-07,0.0119679,TRUE,0.185235,0.185235,FALSE,-0.38841,0.8435,0.471223,2,NA
1789,12,50344347,51769419,TRUE,119,2302,0.00031117,NA,0.08464,NA,FALSE,NA,NA,NA,NA,NA,NA,1,"ASD"
1790,12,51769420,53039987,TRUE,350,3057,0.00119385,NA,0.00166067,NA,FALSE,NA,NA,NA,NA,NA,NA,1,"ASD"
1791,12,53039988,54371448,TRUE,297,2781,0.00045171,NA,0.0983868,NA,FALSE,NA,NA,NA,NA,NA,NA,1,"ASD"
1792,12,54371449,55416802,TRUE,248,1945,0.00125093,NA,0.000248342,NA,FALSE,NA,NA,NA,NA,NA,NA,1,"ASD"
1793,12,55416803,56987105,TRUE,162,2104,0.000917835,NA,0.000722795,NA,FALSE,NA,NA,NA,NA,NA,NA,1,"ASD"
1794,12,56987106,58748139,TRUE,246,2556,0.000931954,NA,0.00265411,NA,FALSE,NA,NA,NA,NA,NA,NA,1,"ASD"
1795,12,58748140,60000363,TRUE,166,2689,0.000834555,NA,0.00171984,NA,FALSE,NA,NA,NA,NA,NA,NA,1,"ASD"
1796,12,60000364,61737953,TRUE,151,3668,0.000821199,NA,0.00129283,NA,FALSE,NA,NA,NA,NA,NA,NA,1,"ASD"
1797,12,61737954,63055936,TRUE,249,2921,0.000787961,NA,0.0086773,NA,FALSE,NA,NA,NA,NA,NA,NA,1,"ASD"
1798,12,63055937,63764111,TRUE,207,1740,0.00111682,NA,0.000296782,NA,FALSE,NA,NA,NA,NA,NA,NA,1,"ASD"
1799,12,63764112,64403857,FALSE,NA,NA,NA,NA,NA,NA,FALSE,NA,NA,NA,NA,NA,NA,NA,NA
1800,12,64403858,66114643,TRUE,281,2290,0.00148151,NA,3.8604e-05,NA,FALSE,NA,NA,NA,NA,NA,NA,1,"ASD"
1801,12,66114644,67183620,TRUE,243,2087,0.00103635,0.000151566,0.0010964,0.364724,FALSE,NA,NA,NA,NA,NA,NA,2,NA
1802,12,67183621,68006682,TRUE,178,1871,0.000344256,NA,0.101369,NA,FALSE,NA,NA,NA,NA,NA,NA,1,"ASD"
1803,12,68006683,68839661,TRUE,233,1867,0.000445111,NA,0.0787205,NA,FALSE,NA,NA,NA,NA,NA,NA,1,"ASD"
1804,12,68839662,70097805,TRUE,376,2857,0.00205865,0.000169582,1.21819e-06,0.378672,FALSE,NA,NA,NA,NA,NA,NA,2,NA
1805,12,70097806,71177961,TRUE,220,2991,0.000590465,6.0647e-05,0.026716,0.434392,FALSE,NA,NA,NA,NA,NA,NA,2,NA
1806,12,71177962,71948185,TRUE,140,1837,0.000283944,0.000791742,0.120526,0.0193765,FALSE,NA,NA,NA,NA,NA,NA,2,NA
1807,12,71948186,73154515,TRUE,144,1926,5.14138e-05,0.000237398,0.403066,0.250871,FALSE,NA,NA,NA,NA,NA,NA,2,NA
1808,12,73154516,74080747,TRUE,105,2307,0.000269395,0.000470196,0.0995861,0.0725927,FALSE,NA,NA,NA,NA,NA,NA,2,NA
1809,12,74080748,75563968,TRUE,171,3174,0.000547787,0.000901054,0.0224421,0.0164209,TRUE,0.139542,0.139542,FALSE,-1,1,0.722464,2,NA
1810,12,75563969,76524573,TRUE,234,1860,0.0005183,NA,0.0532188,NA,FALSE,NA,NA,NA,NA,NA,NA,1,"ASD"
1811,12,76524574,77800463,TRUE,291,2878,0.00102473,2.07143e-05,0.00301885,0.473138,FALSE,NA,NA,NA,NA,NA,NA,2,NA
1812,12,77800464,79315178,TRUE,354,3188,0.00145264,NA,0.000200713,NA,FALSE,NA,NA,NA,NA,NA,NA,1,"ASD"
1813,12,79315179,80952472,TRUE,130,2223,0.000686703,0.000204331,0.00432344,0.269317,FALSE,NA,NA,NA,NA,NA,NA,2,NA
1814,12,80952473,81843890,TRUE,130,1880,0.00079159,NA,0.000855238,NA,FALSE,NA,NA,NA,NA,NA,NA,1,"ASD"
1815,12,81843891,82576129,TRUE,134,1888,0.00082615,NA,0.000607447,NA,FALSE,NA,NA,NA,NA,NA,NA,1,"ASD"
1816,12,82576130,83551125,TRUE,127,1786,9.4845e-05,NA,0.329366,NA,FALSE,NA,NA,NA,NA,NA,NA,1,"ASD"
1817,12,83551126,84356775,TRUE,76,2322,0.000657935,NA,0.000603458,NA,FALSE,NA,NA,NA,NA,NA,NA,1,"ASD"
1818,12,84356776,85345631,TRUE,117,2161,0.000449397,0.000134489,0.0245959,0.328545,FALSE,NA,NA,NA,NA,NA,NA,2,NA
1819,12,85345632,86933476,FALSE,NA,NA,NA,NA,NA,NA,FALSE,NA,NA,NA,NA,NA,NA,NA,NA
1820,12,86933477,88344764,TRUE,110,3117,0.000437371,NA,0.0262726,NA,FALSE,NA,NA,NA,NA,NA,NA,1,"ASD"
1821,12,88344765,90567001,TRUE,249,2967,0.00172836,NA,1.18495e-06,NA,FALSE,NA,NA,NA,NA,NA,NA,1,"ASD"
1822,12,90567002,92061179,TRUE,220,2923,0.000951029,0.000313861,0.00160925,0.238662,FALSE,NA,NA,NA,NA,NA,NA,2,NA
1823,12,92061180,93487547,TRUE,313,3082,0.00162256,0.000127468,3.00948e-05,0.396931,FALSE,NA,NA,NA,NA,NA,NA,2,NA
1824,12,93487548,94385884,TRUE,235,1819,0.000405189,NA,0.0992753,NA,FALSE,NA,NA,NA,NA,NA,NA,1,"ASD"
1825,12,94385885,95147845,TRUE,321,1992,0.00121689,0.000854047,0.000949786,0.0630585,FALSE,NA,NA,NA,NA,NA,NA,2,NA
1826,12,95147846,96017782,TRUE,210,2819,0.0013467,NA,1.59496e-05,NA,FALSE,NA,NA,NA,NA,NA,NA,1,"ASD"
1827,12,96017783,96828314,TRUE,268,2008,0.0011786,NA,0.000660399,NA,FALSE,NA,NA,NA,NA,NA,NA,1,"ASD"
1828,12,96828315,97814021,TRUE,237,2558,0.000208187,NA,0.241668,NA,FALSE,NA,NA,NA,NA,NA,NA,1,"ASD"
1829,12,97814022,99244337,TRUE,369,2948,0.00101771,NA,0.00591715,NA,FALSE,NA,NA,NA,NA,NA,NA,1,"ASD"
1830,12,99244338,100931423,TRUE,290,2884,0.00111928,0.000190499,0.00135636,0.348027,FALSE,NA,NA,NA,NA,NA,NA,2,NA
1831,12,100931424,101825061,TRUE,257,1925,0.00077176,0.000438123,0.011079,0.183337,FALSE,NA,NA,NA,NA,NA,NA,2,NA
1832,12,101825062,102966633,TRUE,214,2263,0.00147825,0.000137721,6.93721e-06,0.367785,FALSE,NA,NA,NA,NA,NA,NA,2,NA
1833,12,102966634,104140831,TRUE,282,2523,0.00108042,0.000499988,0.00145489,0.16388,FALSE,NA,NA,NA,NA,NA,NA,2,NA
1834,12,104140832,105079100,TRUE,280,2811,0.000679417,NA,0.0243389,NA,FALSE,NA,NA,NA,NA,NA,NA,1,"ASD"
1835,12,105079101,106153787,TRUE,239,2594,0.000325154,0.000308039,0.146338,0.251109,FALSE,NA,NA,NA,NA,NA,NA,2,NA
1836,12,106153788,106964977,TRUE,219,1684,0.000946497,NA,0.00180005,NA,FALSE,NA,NA,NA,NA,NA,NA,1,"ASD"
1837,12,106964978,108183188,TRUE,242,2425,0.000682834,7.80794e-05,0.0179209,0.423101,FALSE,NA,NA,NA,NA,NA,NA,2,NA
1838,12,108183189,109031819,TRUE,188,2090,0.000314851,NA,0.127629,NA,FALSE,NA,NA,NA,NA,NA,NA,1,"ASD"
1839,12,109031820,110111514,TRUE,211,2140,0.00100834,NA,0.000763992,NA,FALSE,NA,NA,NA,NA,NA,NA,1,"ASD"
1840,12,110111515,111592381,TRUE,131,1757,0.000767829,0.000430592,0.00170914,0.111881,FALSE,NA,NA,NA,NA,NA,NA,2,NA
1841,12,111592382,113947983,TRUE,237,2849,0.00136021,0.000523247,6.69753e-05,0.133721,FALSE,NA,NA,NA,NA,NA,NA,2,NA
1842,12,113947984,114685670,TRUE,237,2255,0.000615148,0.000545198,0.0271406,0.124505,FALSE,NA,NA,NA,NA,NA,NA,2,NA
1843,12,114685671,115439451,TRUE,233,1821,0.00052155,NA,0.0507364,NA,FALSE,NA,NA,NA,NA,NA,NA,1,"ASD"
1844,12,115439452,116197675,TRUE,292,1933,0.000957382,0.00110581,0.00418468,0.0208035,TRUE,0.796686,0.796686,FALSE,0.1377,1,0.021305,2,NA
1845,12,116197676,117091843,TRUE,312,1971,0.00191584,NA,1.89338e-06,NA,FALSE,NA,NA,NA,NA,NA,NA,1,"ASD"
1846,12,117091844,118256124,TRUE,319,2275,0.000879137,0.000656143,0.0105057,0.116106,FALSE,NA,NA,NA,NA,NA,NA,2,NA
1847,12,118256125,119301061,TRUE,241,2326,0.0017851,0.00086973,3.83045e-07,0.038022,TRUE,0.0608548,0.0608548,FALSE,-0.6994,0.74933,0.830272,2,NA
1848,12,119301062,120567740,TRUE,322,2643,0.000488839,0.000637157,0.0932087,0.123697,FALSE,NA,NA,NA,NA,NA,NA,2,NA
1849,12,120567741,121817509,TRUE,247,3029,0.000794752,NA,0.00800698,NA,FALSE,NA,NA,NA,NA,NA,NA,1,"ASD"
1850,12,121817510,123396634,TRUE,201,2608,0.000807666,NA,0.00442404,NA,FALSE,NA,NA,NA,NA,NA,NA,1,"ASD"
1851,12,123396635,124843768,TRUE,251,2896,0.000591046,NA,0.0386955,NA,FALSE,NA,NA,NA,NA,NA,NA,1,"ASD"
1852,12,124843769,126079935,TRUE,485,2910,0.00269761,0.000240401,8.42499e-08,0.35327,FALSE,NA,NA,NA,NA,NA,NA,2,NA
1853,12,126079936,126871452,TRUE,182,1948,0.000789457,NA,0.00356015,NA,FALSE,NA,NA,NA,NA,NA,NA,1,"ASD"
1854,12,126871453,127545377,TRUE,172,1802,0.000280714,NA,0.147984,NA,FALSE,NA,NA,NA,NA,NA,NA,1,"ASD"
1855,12,127545378,128372588,TRUE,260,1943,0.000713426,NA,0.0204244,NA,FALSE,NA,NA,NA,NA,NA,NA,1,"ASD"
1856,12,128372589,129170296,TRUE,257,1855,0.00108015,0.000348879,0.00135725,0.233214,FALSE,NA,NA,NA,NA,NA,NA,2,NA
1857,12,129170297,129887418,TRUE,374,2200,0.000769482,NA,0.0300293,NA,FALSE,NA,NA,NA,NA,NA,NA,1,"ASD"
1858,12,129887419,130629840,TRUE,327,2034,0.000854427,NA,0.0139841,NA,FALSE,NA,NA,NA,NA,NA,NA,1,"ASD"
1859,12,130629841,131404042,TRUE,337,2328,0.00143146,NA,0.000255166,NA,FALSE,NA,NA,NA,NA,NA,NA,1,"ASD"
1860,12,131404043,132012316,TRUE,196,1830,0.000666557,8.28145e-05,0.0138833,0.410501,FALSE,NA,NA,NA,NA,NA,NA,2,NA
1861,12,132012317,132957945,TRUE,181,1484,0.00170495,0.000170183,8.3407e-07,0.328632,FALSE,NA,NA,NA,NA,NA,NA,2,NA
1862,12,132957946,133841814,TRUE,149,1765,0.00147461,0.000355228,1.39768e-06,0.168694,FALSE,NA,NA,NA,NA,NA,NA,2,NA
1863,13,19020095,19648628,TRUE,44,569,0.000191557,0.000181291,0.0995053,0.180215,FALSE,NA,NA,NA,NA,NA,NA,2,NA
1864,13,19648629,20491181,TRUE,87,2667,0.000342376,NA,0.0513438,NA,FALSE,NA,NA,NA,NA,NA,NA,1,"ASD"
1865,13,20491182,21540733,TRUE,258,2405,0.000751659,NA,0.0138823,NA,FALSE,NA,NA,NA,NA,NA,NA,1,"ASD"
1866,13,21540734,22795188,TRUE,346,2742,0.00141025,0.000209752,0.000396749,0.347705,FALSE,NA,NA,NA,NA,NA,NA,2,NA
1867,13,22795189,23729049,TRUE,381,3029,0.00152611,NA,0.000289081,NA,FALSE,NA,NA,NA,NA,NA,NA,1,"ASD"
1868,13,23729050,24818333,TRUE,407,3547,0.000772314,NA,0.0324041,NA,FALSE,NA,NA,NA,NA,NA,NA,1,"ASD"
1869,13,24818334,25977140,TRUE,288,3234,0.000696078,NA,0.0263921,NA,FALSE,NA,NA,NA,NA,NA,NA,1,"ASD"
1870,13,25977141,26681709,TRUE,144,1823,0.000150355,NA,0.259333,NA,FALSE,NA,NA,NA,NA,NA,NA,1,"ASD"
1871,13,26681710,27392005,TRUE,155,1909,0.000418854,0.000164989,0.0563491,0.320904,FALSE,NA,NA,NA,NA,NA,NA,2,NA
1872,13,27392006,28587125,TRUE,368,3200,0.00197571,5.76719e-05,2.44096e-06,0.451109,FALSE,NA,NA,NA,NA,NA,NA,2,NA
1873,13,28587126,30068525,TRUE,336,3144,0.000358853,NA,0.167402,NA,FALSE,NA,NA,NA,NA,NA,NA,1,"ASD"
1874,13,30068526,31433218,TRUE,403,3365,0.00164863,0.000340497,9.01487e-05,0.28353,FALSE,NA,NA,NA,NA,NA,NA,2,NA
1875,13,31433219,32986686,TRUE,362,3379,0.00093115,NA,0.00975919,NA,FALSE,NA,NA,NA,NA,NA,NA,1,"ASD"
1876,13,32986687,34722391,TRUE,301,3069,0.000682173,0.000176312,0.0310587,0.360446,FALSE,NA,NA,NA,NA,NA,NA,2,NA
1877,13,34722392,35744568,TRUE,200,2021,0.0011847,NA,0.000104494,NA,FALSE,NA,NA,NA,NA,NA,NA,1,"ASD"
1878,13,35744569,36579413,TRUE,202,2027,0.00120945,NA,7.43242e-05,NA,FALSE,NA,NA,NA,NA,NA,NA,1,"ASD"
1879,13,36579414,37499810,TRUE,159,1829,0.000523486,NA,0.0264618,NA,FALSE,NA,NA,NA,NA,NA,NA,1,"ASD"
1880,13,37499811,38290689,TRUE,117,2029,NA,0.000248618,NA,0.219665,FALSE,NA,NA,NA,NA,NA,NA,1,"AN"
1881,13,38290690,39381743,TRUE,176,2121,0.0010064,7.23072e-05,0.000359043,0.415661,FALSE,NA,NA,NA,NA,NA,NA,2,NA
1882,13,39381744,40091623,TRUE,153,2161,0.000588961,NA,0.0119086,NA,FALSE,NA,NA,NA,NA,NA,NA,1,"ASD"
1883,13,40091624,41003943,TRUE,280,1988,0.000998934,NA,0.0027848,NA,FALSE,NA,NA,NA,NA,NA,NA,1,"ASD"
1884,13,41003944,42037054,TRUE,163,1559,NA,0.000560733,NA,0.0797836,FALSE,NA,NA,NA,NA,NA,NA,1,"AN"
1885,13,42037055,42950157,TRUE,191,2119,0.000485315,5.39821e-05,0.0439307,0.435831,FALSE,NA,NA,NA,NA,NA,NA,2,NA
1886,13,42950158,43931931,TRUE,256,2023,0.000304066,NA,0.171848,NA,FALSE,NA,NA,NA,NA,NA,NA,1,"ASD"
1887,13,43931932,45476446,TRUE,302,2939,0.00165773,0.000830139,9.71215e-06,0.0628006,FALSE,NA,NA,NA,NA,NA,NA,2,NA
1888,13,45476447,46493236,TRUE,215,1932,0.000943224,NA,0.00163744,NA,FALSE,NA,NA,NA,NA,NA,NA,1,"ASD"
1889,13,46493237,47433528,TRUE,168,1768,0.00165563,NA,5.26711e-08,NA,FALSE,NA,NA,NA,NA,NA,NA,1,"ASD"
1890,13,47433529,48137479,TRUE,175,1920,0.000767078,NA,0.00373161,NA,FALSE,NA,NA,NA,NA,NA,NA,1,"ASD"
1891,13,48137480,49381727,TRUE,157,2575,0.0010088,NA,0.000199551,NA,FALSE,NA,NA,NA,NA,NA,NA,1,"ASD"
1892,13,49381728,50419896,TRUE,215,2250,0.000856357,6.88119e-05,0.00313988,0.426545,FALSE,NA,NA,NA,NA,NA,NA,2,NA
1893,13,50419897,51554236,TRUE,238,2214,0.000572609,0.00022634,0.0350335,0.306953,FALSE,NA,NA,NA,NA,NA,NA,2,NA
1894,13,51554237,53336571,TRUE,318,2996,0.00184488,NA,2.764e-06,NA,FALSE,NA,NA,NA,NA,NA,NA,1,"ASD"
1895,13,53336572,54684856,TRUE,301,2972,0.00113908,NA,0.00104094,NA,FALSE,NA,NA,NA,NA,NA,NA,1,"ASD"
1896,13,54684857,55576912,TRUE,165,1962,0.000567455,0.00101279,0.0187496,0.00795059,TRUE,0.638562,0.638562,FALSE,-0.06315,1,0.0827831,2,NA
1897,13,55576913,56434007,TRUE,89,1946,0.000365398,0.000357092,0.0328983,0.1111,FALSE,NA,NA,NA,NA,NA,NA,2,NA
1898,13,56434008,58245843,TRUE,151,2573,0.00129057,0.000567638,4.32687e-06,0.0704279,FALSE,NA,NA,NA,NA,NA,NA,2,NA
1899,13,58245844,59751795,TRUE,176,3208,0.0010606,0.00025729,0.000150913,0.255494,FALSE,NA,NA,NA,NA,NA,NA,2,NA
1900,13,59751796,61268155,TRUE,257,3338,0.0010803,NA,0.00100524,NA,FALSE,NA,NA,NA,NA,NA,NA,1,"ASD"
1901,13,61268156,62135827,TRUE,168,2659,0.000525576,NA,0.0266337,NA,FALSE,NA,NA,NA,NA,NA,NA,1,"ASD"
1902,13,62135828,63206535,TRUE,139,2981,0.000932244,NA,0.000254502,NA,FALSE,NA,NA,NA,NA,NA,NA,1,"ASD"
1903,13,63206536,63973941,TRUE,113,1798,0.00114781,0.000531525,5.75619e-06,0.0573751,FALSE,NA,NA,NA,NA,NA,NA,2,NA
1904,13,63973942,65187138,TRUE,108,3484,0.00101469,1.66978e-05,2.90353e-05,0.46101,FALSE,NA,NA,NA,NA,NA,NA,2,NA
1905,13,65187139,66382286,TRUE,174,2060,7.04868e-06,NA,0.475337,NA,FALSE,NA,NA,NA,NA,NA,NA,1,"ASD"
1906,13,66382287,67718879,TRUE,251,2594,0.000512151,0.000690901,0.058395,0.0803109,FALSE,NA,NA,NA,NA,NA,NA,2,NA
1907,13,67718880,69004702,TRUE,196,2392,0.00124288,0.000525757,6.01786e-05,0.111778,FALSE,NA,NA,NA,NA,NA,NA,2,NA
1908,13,69004703,69751491,TRUE,128,2524,0.000851469,NA,0.000359825,NA,FALSE,NA,NA,NA,NA,NA,NA,1,"ASD"
1909,13,69751492,70427880,TRUE,127,2001,0.00201116,0.000306228,2.57341e-12,0.183761,FALSE,NA,NA,NA,NA,NA,NA,2,NA
1910,13,70427881,71010208,TRUE,178,1951,0.00105446,0.00106812,0.000186828,0.00712865,TRUE,0.203001,0.203001,FALSE,-0.43485,0.88257,0.476134,2,NA
1911,13,71010209,71976862,TRUE,277,2515,0.00146954,0.000528234,4.38002e-05,0.149245,FALSE,NA,NA,NA,NA,NA,NA,2,NA
1912,13,71976863,73114509,TRUE,224,2077,0.00049849,NA,0.057923,NA,FALSE,NA,NA,NA,NA,NA,NA,1,"ASD"
1913,13,73114510,74437635,TRUE,350,3136,0.00104926,NA,0.00380949,NA,FALSE,NA,NA,NA,NA,NA,NA,1,"ASD"
1914,13,74437636,75882384,TRUE,337,3296,0.00115179,0.00116309,0.00171354,0.0226101,TRUE,0.402089,0.402089,FALSE,-0.3503,1,0.221423,2,NA
1915,13,75882385,76671493,TRUE,192,2087,0.00165004,NA,1.23722e-07,NA,FALSE,NA,NA,NA,NA,NA,NA,1,"ASD"
1916,13,76671494,77460044,TRUE,239,2052,0.0014352,0.000211815,1.57917e-05,0.317921,FALSE,NA,NA,NA,NA,NA,NA,2,NA
1917,13,77460045,78693310,TRUE,157,2575,0.00017267,0.000606005,0.238151,0.0621095,FALSE,NA,NA,NA,NA,NA,NA,2,NA
1918,13,78693311,79489045,TRUE,178,1889,0.000803287,0.000433675,0.00303789,0.143863,FALSE,NA,NA,NA,NA,NA,NA,2,NA
1919,13,79489046,80778339,TRUE,234,2340,0.000450002,NA,0.0759992,NA,FALSE,NA,NA,NA,NA,NA,NA,1,"ASD"
1920,13,80778340,81724089,TRUE,147,2171,0.000697883,0.000289959,0.00437364,0.211876,FALSE,NA,NA,NA,NA,NA,NA,2,NA
1921,13,81724090,82582821,TRUE,147,2112,0.000307962,0.000582989,0.104194,0.063296,FALSE,NA,NA,NA,NA,NA,NA,2,NA
1922,13,82582822,83829835,TRUE,129,2784,0.00080657,NA,0.000819324,NA,FALSE,NA,NA,NA,NA,NA,NA,1,"ASD"
1923,13,83829836,85035400,TRUE,189,2423,0.00155605,NA,1.01145e-06,NA,FALSE,NA,NA,NA,NA,NA,NA,1,"ASD"
1924,13,85035401,85650680,TRUE,102,1906,0.000269442,0.000361948,0.0937507,0.122581,FALSE,NA,NA,NA,NA,NA,NA,2,NA
1925,13,85650681,86321288,TRUE,123,1848,0.000261934,NA,0.121355,NA,FALSE,NA,NA,NA,NA,NA,NA,1,"ASD"
1926,13,86321289,87043588,TRUE,96,2149,0.00069334,0.000156065,0.000851246,0.288632,FALSE,NA,NA,NA,NA,NA,NA,2,NA
1927,13,87043589,88029523,TRUE,94,2118,0.000590326,0.000618409,0.00316461,0.0251244,TRUE,0.416778,0.416778,FALSE,-0.40114,1,0.260762,2,NA
1928,13,88029524,88968400,TRUE,144,1873,0.000780996,NA,0.00169355,NA,FALSE,NA,NA,NA,NA,NA,NA,1,"ASD"
1929,13,88968401,89764426,TRUE,82,2015,0.000197923,NA,0.141073,NA,FALSE,NA,NA,NA,NA,NA,NA,1,"ASD"
1930,13,89764427,90518147,TRUE,130,1816,0.00060425,0.000234071,0.0081786,0.243153,FALSE,NA,NA,NA,NA,NA,NA,2,NA
1931,13,90518148,91764204,TRUE,262,3235,0.000671894,0.000339878,0.0246099,0.240699,FALSE,NA,NA,NA,NA,NA,NA,2,NA
1932,13,91764205,93285142,TRUE,248,3033,0.00202019,0.000694878,4.41726e-08,0.0780313,FALSE,NA,NA,NA,NA,NA,NA,2,NA
1933,13,93285143,94925136,TRUE,338,3547,0.0024613,0.00063182,2.69642e-09,0.131042,FALSE,NA,NA,NA,NA,NA,NA,2,NA
1934,13,94925137,96132647,TRUE,414,3437,0.000664086,0.00020608,0.0559969,0.362188,FALSE,NA,NA,NA,NA,NA,NA,2,NA
1935,13,96132648,97516609,TRUE,158,2433,0.000155925,0.00013355,0.257734,0.351526,FALSE,NA,NA,NA,NA,NA,NA,2,NA
1936,13,97516610,98527335,TRUE,165,1665,0.00092624,NA,0.000654609,NA,FALSE,NA,NA,NA,NA,NA,NA,1,"ASD"
1937,13,98527336,99402294,TRUE,315,2103,0.000497146,NA,0.0894331,NA,FALSE,NA,NA,NA,NA,NA,NA,1,"ASD"
1938,13,99402295,100470868,TRUE,212,2664,0.000512689,0.00033683,0.0428021,0.219834,FALSE,NA,NA,NA,NA,NA,NA,2,NA
1939,13,100470869,101573736,TRUE,267,2133,0.0014184,0.000520558,5.76297e-05,0.148391,FALSE,NA,NA,NA,NA,NA,NA,2,NA
1940,13,101573737,103050417,TRUE,454,3561,0.00181769,NA,3.81907e-05,NA,FALSE,NA,NA,NA,NA,NA,NA,1,"ASD"
1941,13,103050418,104378435,TRUE,362,3372,0.00156255,NA,0.00010689,NA,FALSE,NA,NA,NA,NA,NA,NA,1,"ASD"
1942,13,104378436,105672500,TRUE,299,2813,0.000444732,NA,0.10988,NA,FALSE,NA,NA,NA,NA,NA,NA,1,"ASD"
1943,13,105672501,106313847,TRUE,180,1567,0.000481922,0.000385854,0.0459591,0.171501,FALSE,NA,NA,NA,NA,NA,NA,2,NA
1944,13,106313848,107037864,TRUE,237,1780,0.000977068,NA,0.00220489,NA,FALSE,NA,NA,NA,NA,NA,NA,1,"ASD"
1945,13,107037865,108521978,TRUE,466,3226,0.00108117,0.00135502,0.00940792,0.0229886,TRUE,0.0182084,0.0182084,FALSE,-1,0.90572,0.959621,2,NA
1946,13,108521979,109156765,TRUE,188,1626,0.00097676,0.000391203,0.000835466,0.173335,FALSE,NA,NA,NA,NA,NA,NA,2,NA
1947,13,109156766,109813576,TRUE,203,1912,0.000779658,NA,0.0053381,NA,FALSE,NA,NA,NA,NA,NA,NA,1,"ASD"
1948,13,109813577,110995432,TRUE,399,3210,0.000253698,0.000428885,0.263718,0.236956,FALSE,NA,NA,NA,NA,NA,NA,2,NA
1949,13,110995433,111621244,TRUE,287,1835,0.000320341,NA,0.173245,NA,FALSE,NA,NA,NA,NA,NA,NA,1,"ASD"
1950,13,111621245,112319064,TRUE,302,2166,0.000131112,NA,0.344641,NA,FALSE,NA,NA,NA,NA,NA,NA,1,"ASD"
1951,13,112319065,113573118,TRUE,353,2633,0.00176232,NA,1.94482e-05,NA,FALSE,NA,NA,NA,NA,NA,NA,1,"ASD"
1952,13,113573119,114302561,TRUE,203,1619,0.00122797,0.000223683,0.000116667,0.294912,FALSE,NA,NA,NA,NA,NA,NA,2,NA
1953,13,114302562,115109851,TRUE,130,1358,0.000464602,2.7626e-05,0.037222,0.452052,FALSE,NA,NA,NA,NA,NA,NA,2,NA
1954,14,19000059,20876080,TRUE,160,1534,4.96452e-05,NA,0.409793,NA,FALSE,NA,NA,NA,NA,NA,NA,1,"ASD"
1955,14,20876081,21982654,TRUE,433,2322,0.00166409,NA,0.000210649,NA,FALSE,NA,NA,NA,NA,NA,NA,1,"ASD"
1956,14,21982655,22760700,TRUE,226,2766,0.00141922,0.000144871,1.77379e-05,0.365391,FALSE,NA,NA,NA,NA,NA,NA,2,NA
1957,14,22760701,23985936,TRUE,411,2635,0.00174351,6.73108e-05,6.11157e-05,0.447576,FALSE,NA,NA,NA,NA,NA,NA,2,NA
1958,14,23985937,24906056,TRUE,234,1518,0.000887801,0.000115197,0.00426493,0.391371,FALSE,NA,NA,NA,NA,NA,NA,2,NA
1959,14,24906057,25585041,TRUE,158,1930,0.000146154,0.000205156,0.269497,0.287066,FALSE,NA,NA,NA,NA,NA,NA,2,NA
1960,14,25585042,26395690,TRUE,137,1717,9.91504e-05,NA,0.328229,NA,FALSE,NA,NA,NA,NA,NA,NA,1,"ASD"
1961,14,26395691,27720240,TRUE,255,2457,0.000813921,NA,0.00925558,NA,FALSE,NA,NA,NA,NA,NA,NA,1,"ASD"
1962,14,27720241,29029224,TRUE,197,3198,0.00110563,NA,0.000222441,NA,FALSE,NA,NA,NA,NA,NA,NA,1,"ASD"
1963,14,29029225,30831154,TRUE,358,2733,0.00239539,0.000675858,3.64778e-08,0.122279,FALSE,NA,NA,NA,NA,NA,NA,2,NA
1964,14,30831155,32382245,TRUE,186,2674,0.000610655,0.000478579,0.021092,0.126719,FALSE,NA,NA,NA,NA,NA,NA,2,NA
1965,14,32382246,33591113,TRUE,402,2621,0.00345678,0.000550333,2.86586e-13,0.182708,FALSE,NA,NA,NA,NA,NA,NA,2,NA
1966,14,33591114,34695195,FALSE,NA,NA,NA,NA,NA,NA,FALSE,NA,NA,NA,NA,NA,NA,NA,NA
1967,14,34695196,35379988,TRUE,139,1743,0.000451672,0.000287208,0.0358918,0.207782,FALSE,NA,NA,NA,NA,NA,NA,2,NA
1968,14,35379989,36422077,TRUE,143,2057,0.0012471,0.000500794,4.01288e-06,0.089454,FALSE,NA,NA,NA,NA,NA,NA,2,NA
1969,14,36422078,37282012,TRUE,166,1827,0.00105908,0.000734783,0.000137288,0.0365743,TRUE,0.394765,0.394765,FALSE,-0.34281,1,0.231133,2,NA
1970,14,37282013,38722114,TRUE,190,2468,0.000366696,NA,0.100213,NA,FALSE,NA,NA,NA,NA,NA,NA,1,"ASD"
1971,14,38722115,40343754,TRUE,247,3427,NA,6.52453e-06,NA,0.482612,FALSE,NA,NA,NA,NA,NA,NA,1,"AN"
1972,14,40343755,40965849,TRUE,84,1847,0.000473321,0.000153048,0.00890155,0.279681,FALSE,NA,NA,NA,NA,NA,NA,2,NA
1973,14,40965850,41614833,TRUE,59,2147,0.000322321,0.000403762,0.0271585,0.0516736,FALSE,NA,NA,NA,NA,NA,NA,2,NA
1974,14,41614834,42562550,TRUE,112,2094,0.000314024,NA,0.0766456,NA,FALSE,NA,NA,NA,NA,NA,NA,1,"ASD"
1975,14,42562551,43321168,TRUE,103,1804,0.000671259,NA,0.00192744,NA,FALSE,NA,NA,NA,NA,NA,NA,1,"ASD"
1976,14,43321169,44623273,TRUE,191,3411,0.000668921,NA,0.0116891,NA,FALSE,NA,NA,NA,NA,NA,NA,1,"ASD"
1977,14,44623274,45817082,TRUE,185,2442,9.04121e-05,NA,0.360455,NA,FALSE,NA,NA,NA,NA,NA,NA,1,"ASD"
1978,14,45817083,46748238,TRUE,68,1662,0.000205151,5.6775e-05,0.114478,0.389801,FALSE,NA,NA,NA,NA,NA,NA,2,NA
1979,14,46748239,48177483,TRUE,197,3153,0.000794807,0.00104155,0.00438686,0.010928,TRUE,-0.395734,-0.395734,FALSE,-1,0.30547,0.236319,2,NA
1980,14,48177484,49002065,TRUE,155,2514,0.000259199,NA,0.145717,NA,FALSE,NA,NA,NA,NA,NA,NA,1,"ASD"
1981,14,49002066,50500564,TRUE,284,2921,0.00105799,NA,0.00173545,NA,FALSE,NA,NA,NA,NA,NA,NA,1,"ASD"
1982,14,50500565,51418371,TRUE,185,1818,0.000317837,NA,0.123215,NA,FALSE,NA,NA,NA,NA,NA,NA,1,"ASD"
1983,14,51418372,52206122,TRUE,282,2084,0.000744405,NA,0.0168018,NA,FALSE,NA,NA,NA,NA,NA,NA,1,"ASD"
1984,14,52206123,52760553,TRUE,196,1774,0.00094207,0.000475647,0.00100354,0.1339,FALSE,NA,NA,NA,NA,NA,NA,2,NA
1985,14,52760554,54359598,TRUE,288,3056,0.00162099,0.000434031,9.67678e-06,0.198381,FALSE,NA,NA,NA,NA,NA,NA,2,NA
1986,14,54359599,55292832,TRUE,200,1689,0.00142773,NA,5.99621e-06,NA,FALSE,NA,NA,NA,NA,NA,NA,1,"ASD"
1987,14,55292833,56206430,TRUE,81,1895,0.000246506,NA,0.0884966,NA,FALSE,NA,NA,NA,NA,NA,NA,1,"ASD"
1988,14,56206431,57460781,TRUE,348,3072,0.000304511,NA,0.206766,NA,FALSE,NA,NA,NA,NA,NA,NA,1,"ASD"
1989,14,57460782,58447798,TRUE,193,2117,0.000416386,NA,0.0772987,NA,FALSE,NA,NA,NA,NA,NA,NA,1,"ASD"
1990,14,58447799,59447537,TRUE,262,1922,0.000835745,0.0005536,0.00754731,0.132263,FALSE,NA,NA,NA,NA,NA,NA,2,NA
1991,14,59447538,60099482,TRUE,143,2014,0.000512736,NA,0.0201896,NA,FALSE,NA,NA,NA,NA,NA,NA,1,"ASD"
1992,14,60099483,61652816,TRUE,113,2028,0.000505702,NA,0.0152881,NA,FALSE,NA,NA,NA,NA,NA,NA,1,"ASD"
1993,14,61652817,62717985,TRUE,311,2296,0.0025353,NA,6.21849e-10,NA,FALSE,NA,NA,NA,NA,NA,NA,1,"ASD"
1994,14,62717986,64033237,TRUE,274,3215,0.00117688,NA,0.000502442,NA,FALSE,NA,NA,NA,NA,NA,NA,1,"ASD"
1995,14,64033238,65229391,TRUE,158,2178,0.000696669,NA,0.00555476,NA,FALSE,NA,NA,NA,NA,NA,NA,1,"ASD"
1996,14,65229392,66300066,TRUE,211,2538,0.00138583,NA,1.25089e-05,NA,FALSE,NA,NA,NA,NA,NA,NA,1,"ASD"
1997,14,66300067,67891839,FALSE,NA,NA,NA,NA,NA,NA,FALSE,NA,NA,NA,NA,NA,NA,NA,NA
1998,14,67891840,68976912,TRUE,196,1798,0.00114169,0.000311584,0.000148243,0.227857,FALSE,NA,NA,NA,NA,NA,NA,2,NA
1999,14,68976913,69794542,TRUE,290,1999,0.000922063,NA,0.00512892,NA,FALSE,NA,NA,NA,NA,NA,NA,1,"ASD"
2000,14,69794543,71140426,TRUE,265,3143,0.000940162,0.000328198,0.0034211,0.249028,FALSE,NA,NA,NA,NA,NA,NA,2,NA
2001,14,71140427,72665319,TRUE,250,3112,0.000291638,0.000308116,0.178392,0.255668,FALSE,NA,NA,NA,NA,NA,NA,2,NA
2002,14,72665320,73373373,TRUE,223,1771,0.000131126,NA,0.323228,NA,FALSE,NA,NA,NA,NA,NA,NA,1,"ASD"
2003,14,73373374,74245428,TRUE,149,1769,0.000387395,NA,0.0640525,NA,FALSE,NA,NA,NA,NA,NA,NA,1,"ASD"
2004,14,74245429,75699501,TRUE,211,2723,0.00164973,NA,7.35037e-07,NA,FALSE,NA,NA,NA,NA,NA,NA,1,"ASD"
2005,14,75699502,76694201,TRUE,245,1898,0.000658398,NA,0.0249463,NA,FALSE,NA,NA,NA,NA,NA,NA,1,"ASD"
2006,14,76694202,77425453,TRUE,261,1744,0.00144115,0.00044555,5.19792e-05,0.181294,FALSE,NA,NA,NA,NA,NA,NA,2,NA
2007,14,77425454,78374053,TRUE,265,2756,0.000135981,0.000940407,0.328322,0.0337272,FALSE,NA,NA,NA,NA,NA,NA,2,NA
2008,14,78374054,79199451,TRUE,252,2021,0.000410262,0.000137384,0.0996584,0.377916,FALSE,NA,NA,NA,NA,NA,NA,2,NA
2009,14,79199452,81001920,TRUE,381,3320,0.00240919,0.000313881,3.5192e-08,0.292981,FALSE,NA,NA,NA,NA,NA,NA,2,NA
2010,14,81001921,82524785,TRUE,315,3435,0.00220421,NA,2.87016e-08,NA,FALSE,NA,NA,NA,NA,NA,NA,1,"ASD"
2011,14,82524786,84087372,TRUE,374,3607,0.00188219,NA,5.82138e-06,NA,FALSE,NA,NA,NA,NA,NA,NA,1,"ASD"
2012,14,84087373,85562936,TRUE,287,3441,0.00114738,NA,0.000821494,NA,FALSE,NA,NA,NA,NA,NA,NA,1,"ASD"
2013,14,85562937,86653343,TRUE,243,2555,0.00131449,NA,7.29351e-05,NA,FALSE,NA,NA,NA,NA,NA,NA,1,"ASD"
2014,14,86653344,87350275,TRUE,155,1838,0.000645428,NA,0.00821317,NA,FALSE,NA,NA,NA,NA,NA,NA,1,"ASD"
2015,14,87350276,88208595,TRUE,116,1878,0.000437506,NA,0.0321437,NA,FALSE,NA,NA,NA,NA,NA,NA,1,"ASD"
2016,14,88208596,89482883,TRUE,199,2771,0.000517964,NA,0.0397629,NA,FALSE,NA,NA,NA,NA,NA,NA,1,"ASD"
2017,14,89482884,90662836,TRUE,287,2282,0.00177774,NA,2.63682e-06,NA,FALSE,NA,NA,NA,NA,NA,NA,1,"ASD"
2018,14,90662837,92101228,TRUE,303,3017,0.00184761,NA,1.55305e-06,NA,FALSE,NA,NA,NA,NA,NA,NA,1,"ASD"
2019,14,92101229,93386328,TRUE,406,3290,0.0019083,NA,1.03384e-05,NA,FALSE,NA,NA,NA,NA,NA,NA,1,"ASD"
2020,14,93386329,94892240,TRUE,427,3596,0.00197545,0.00186285,7.05433e-06,0.00252867,TRUE,-0.0262685,-0.0262685,FALSE,-0.62118,0.44748,0.91018,2,NA
2021,14,94892241,95946792,TRUE,495,3226,0.00369931,0.00016283,7.88868e-13,0.397488,FALSE,NA,NA,NA,NA,NA,NA,2,NA
2022,14,95946793,97174314,TRUE,357,3053,0.00149643,NA,0.000198041,NA,FALSE,NA,NA,NA,NA,NA,NA,1,"ASD"
2023,14,97174315,98268391,TRUE,266,2180,0.00107981,NA,0.00152177,NA,FALSE,NA,NA,NA,NA,NA,NA,1,"ASD"
2024,14,98268392,98885322,TRUE,174,1958,0.000204686,NA,0.214797,NA,FALSE,NA,NA,NA,NA,NA,NA,1,"ASD"
2025,14,98885323,99474533,TRUE,189,1803,0.000278818,NA,0.160797,NA,FALSE,NA,NA,NA,NA,NA,NA,1,"ASD"
2026,14,99474534,100786189,TRUE,368,2582,0.00261812,NA,3.62708e-09,NA,FALSE,NA,NA,NA,NA,NA,NA,1,"ASD"
2027,14,100786190,102004377,TRUE,389,2352,0.00209821,NA,2.7482e-06,NA,FALSE,NA,NA,NA,NA,NA,NA,1,"ASD"
2028,14,102004378,103617472,TRUE,270,3186,0.00129878,NA,0.000231798,NA,FALSE,NA,NA,NA,NA,NA,NA,1,"ASD"
2029,14,103617473,104439106,TRUE,135,1943,0.00050573,NA,0.0231107,NA,FALSE,NA,NA,NA,NA,NA,NA,1,"ASD"
2030,14,104439107,105091340,TRUE,154,1354,0.000974645,0.00019848,0.00100735,0.290472,FALSE,NA,NA,NA,NA,NA,NA,2,NA
2031,14,105091341,106347143,TRUE,105,1339,0.000720467,NA,0.00299152,NA,FALSE,NA,NA,NA,NA,NA,NA,1,"ASD"
2032,14,106347144,106876548,FALSE,NA,NA,NA,NA,NA,NA,FALSE,NA,NA,NA,NA,NA,NA,NA,NA
2033,14,106876549,107289435,FALSE,NA,NA,NA,NA,NA,NA,FALSE,NA,NA,NA,NA,NA,NA,NA,NA
2034,15,20000205,22799926,TRUE,5,35,5.21768e-05,NA,0.144815,NA,FALSE,NA,NA,NA,NA,NA,NA,1,"ASD"
2035,15,22799927,24099946,TRUE,141,929,0.000717426,0.000295709,0.00912069,0.203055,FALSE,NA,NA,NA,NA,NA,NA,2,NA
2036,15,24099947,24531187,TRUE,67,1361,0.000155047,NA,0.186515,NA,FALSE,NA,NA,NA,NA,NA,NA,1,"ASD"
2037,15,24531188,25384327,TRUE,115,2045,0.00109698,0.000624009,6.7863e-05,0.035043,TRUE,-0.746168,-0.746168,FALSE,-1,-0.12829,0.0242457,2,NA
2038,15,25384328,26392947,TRUE,321,2293,0.0014329,0.000150057,0.000345029,0.38253,FALSE,NA,NA,NA,NA,NA,NA,2,NA
2039,15,26392948,27563172,TRUE,283,2166,0.000365452,NA,0.151016,NA,FALSE,NA,NA,NA,NA,NA,NA,1,"ASD"
2040,15,27563173,29141035,TRUE,163,1735,0.000671684,0.000341903,0.0118585,0.187359,FALSE,NA,NA,NA,NA,NA,NA,2,NA
2041,15,29141036,30604119,TRUE,199,2270,0.00196652,NA,1.19065e-08,NA,FALSE,NA,NA,NA,NA,NA,NA,1,"ASD"
2042,15,30604120,32177320,TRUE,263,2397,0.000905742,NA,0.00526611,NA,FALSE,NA,NA,NA,NA,NA,NA,1,"ASD"
2043,15,32177321,33484267,TRUE,306,2238,0.00104087,NA,0.00312252,NA,FALSE,NA,NA,NA,NA,NA,NA,1,"ASD"
2044,15,33484268,34410072,TRUE,349,2608,0.000811718,NA,0.0216398,NA,FALSE,NA,NA,NA,NA,NA,NA,1,"ASD"
2045,15,34410073,35118927,TRUE,130,1261,0.000987549,NA,0.000146622,NA,FALSE,NA,NA,NA,NA,NA,NA,1,"ASD"
2046,15,35118928,36583327,TRUE,280,2821,0.00142669,0.000570771,0.000120694,0.132835,FALSE,NA,NA,NA,NA,NA,NA,2,NA
2047,15,36583328,37962915,TRUE,367,2865,0.00127553,NA,0.00112142,NA,FALSE,NA,NA,NA,NA,NA,NA,1,"ASD"
2048,15,37962916,39238840,TRUE,337,2654,0.000964767,4.32837e-05,0.0071784,0.459063,FALSE,NA,NA,NA,NA,NA,NA,2,NA
2049,15,39238841,40604780,TRUE,284,2664,0.000856901,NA,0.00859599,NA,FALSE,NA,NA,NA,NA,NA,NA,1,"ASD"
2050,15,40604781,42332685,TRUE,265,2933,0.0008679,NA,0.00596766,NA,FALSE,NA,NA,NA,NA,NA,NA,1,"ASD"
2051,15,42332686,44987755,TRUE,172,2721,0.000740299,NA,0.00633523,NA,FALSE,NA,NA,NA,NA,NA,NA,1,"ASD"
2052,15,44987756,46022642,TRUE,127,1690,0.000658678,NA,0.00579621,NA,FALSE,NA,NA,NA,NA,NA,NA,1,"ASD"
2053,15,46022643,46884071,TRUE,118,1599,0.000541013,NA,0.0117898,NA,FALSE,NA,NA,NA,NA,NA,NA,1,"ASD"
2054,15,46884072,47693316,TRUE,96,1730,0.000735146,0.000297944,0.000503584,0.158576,FALSE,NA,NA,NA,NA,NA,NA,2,NA
2055,15,47693317,49260006,TRUE,217,2145,0.001674,0.000677847,6.6773e-07,0.0703119,FALSE,NA,NA,NA,NA,NA,NA,2,NA
2056,15,49260007,50195876,TRUE,79,1940,0.000113341,NA,0.257073,NA,FALSE,NA,NA,NA,NA,NA,NA,1,"ASD"
2057,15,50195877,51605477,TRUE,186,3161,3.59819e-05,NA,0.434265,NA,FALSE,NA,NA,NA,NA,NA,NA,1,"ASD"
2058,15,51605478,53263126,TRUE,285,3114,0.00151448,NA,3.00424e-05,NA,FALSE,NA,NA,NA,NA,NA,NA,1,"ASD"
2059,15,53263127,54332799,TRUE,252,3016,0.00107084,NA,0.00095138,NA,FALSE,NA,NA,NA,NA,NA,NA,1,"ASD"
2060,15,54332800,55136717,TRUE,230,2693,0.00081693,0.00015277,0.00529229,0.360219,FALSE,NA,NA,NA,NA,NA,NA,2,NA
2061,15,55136718,56322588,TRUE,217,3384,0.00128459,NA,4.76583e-05,NA,FALSE,NA,NA,NA,NA,NA,NA,1,"ASD"
2062,15,56322589,57641164,TRUE,122,2337,0.00108902,NA,3.42787e-05,NA,FALSE,NA,NA,NA,NA,NA,NA,1,"ASD"
2063,15,57641165,58712954,TRUE,421,2853,0.00102036,NA,0.00928068,NA,FALSE,NA,NA,NA,NA,NA,NA,1,"ASD"
2064,15,58712955,59901116,TRUE,269,2187,0.00112356,0.000323215,0.000819245,0.253644,FALSE,NA,NA,NA,NA,NA,NA,2,NA
2065,15,59901117,61130595,TRUE,307,2281,0.00179022,0.000795933,5.08748e-06,0.0720403,FALSE,NA,NA,NA,NA,NA,NA,2,NA
2066,15,61130596,62106138,TRUE,435,2389,0.0014341,0.00067231,0.000659163,0.145625,FALSE,NA,NA,NA,NA,NA,NA,2,NA
2067,15,62106139,63218978,TRUE,362,2411,0.00129796,NA,0.000845046,NA,FALSE,NA,NA,NA,NA,NA,NA,1,"ASD"
2068,15,63218979,64339945,TRUE,257,2664,0.00132598,NA,8.28855e-05,NA,FALSE,NA,NA,NA,NA,NA,NA,1,"ASD"
2069,15,64339946,66355634,TRUE,202,2905,0.000821442,NA,0.00393047,NA,FALSE,NA,NA,NA,NA,NA,NA,1,"ASD"
2070,15,66355635,67396520,TRUE,336,2817,0.00150115,NA,9.63043e-05,NA,FALSE,NA,NA,NA,NA,NA,NA,1,"ASD"
2071,15,67396521,69089815,TRUE,304,2916,0.00159928,0.000258111,2.7687e-05,0.30642,FALSE,NA,NA,NA,NA,NA,NA,2,NA
2072,15,69089816,70767983,TRUE,422,2989,0.00183264,NA,4.91538e-05,NA,FALSE,NA,NA,NA,NA,NA,NA,1,"ASD"
2073,15,70767984,72058129,TRUE,265,2257,0.00126543,0.000421484,0.000256358,0.195531,FALSE,NA,NA,NA,NA,NA,NA,2,NA
2074,15,72058130,73375718,TRUE,112,1622,0.000880295,NA,0.000235987,NA,FALSE,NA,NA,NA,NA,NA,NA,1,"ASD"
2075,15,73375719,74458113,TRUE,215,1977,0.00165576,0.000504024,5.15566e-07,0.131234,FALSE,NA,NA,NA,NA,NA,NA,2,NA
2076,15,74458114,76401952,TRUE,251,2681,0.000807008,0.000124696,0.00900131,0.387541,FALSE,NA,NA,NA,NA,NA,NA,2,NA
2077,15,76401953,77897163,TRUE,104,2187,7.19152e-05,NA,0.349726,NA,FALSE,NA,NA,NA,NA,NA,NA,1,"ASD"
2078,15,77897164,78514101,TRUE,172,1524,0.000573898,0.000479183,0.0239733,0.11789,FALSE,NA,NA,NA,NA,NA,NA,2,NA
2079,15,78514102,79292536,TRUE,190,1844,0.000376105,2.46716e-05,0.0906195,0.463057,FALSE,NA,NA,NA,NA,NA,NA,2,NA
2080,15,79292537,79998206,TRUE,208,1758,0.000914907,0.000279315,0.00178216,0.256325,FALSE,NA,NA,NA,NA,NA,NA,2,NA
2081,15,79998207,81077025,TRUE,383,2697,0.00131937,0.000374017,0.000744137,0.260641,FALSE,NA,NA,NA,NA,NA,NA,2,NA
2082,15,81077026,82191077,TRUE,205,1624,0.000704062,0.000160619,0.0119303,0.345981,FALSE,NA,NA,NA,NA,NA,NA,2,NA
2083,15,82191078,84209760,TRUE,320,2569,0.00138333,NA,0.000168992,NA,FALSE,NA,NA,NA,NA,NA,NA,1,"ASD"
2084,15,84209761,85494083,TRUE,255,2381,0.000300225,NA,0.168855,NA,FALSE,NA,NA,NA,NA,NA,NA,1,"ASD"
2085,15,85494084,86341598,TRUE,162,2130,0.000837042,NA,0.00132287,NA,FALSE,NA,NA,NA,NA,NA,NA,1,"ASD"
2086,15,86341599,87158587,TRUE,246,2524,0.00168466,NA,1.29086e-06,NA,FALSE,NA,NA,NA,NA,NA,NA,1,"ASD"
2087,15,87158588,88035757,TRUE,258,2323,0.00110617,0.000392306,0.00100969,0.20843,FALSE,NA,NA,NA,NA,NA,NA,2,NA
2088,15,88035758,89385187,TRUE,382,2315,0.00264095,NA,4.02637e-09,NA,FALSE,NA,NA,NA,NA,NA,NA,1,"ASD"
2089,15,89385188,90632718,TRUE,264,2200,0.000903547,NA,0.0052263,NA,FALSE,NA,NA,NA,NA,NA,NA,1,"ASD"
2090,15,90632719,91593623,TRUE,188,2141,0.000963216,NA,0.000755103,NA,FALSE,NA,NA,NA,NA,NA,NA,1,"ASD"
2091,15,91593624,92675405,FALSE,NA,NA,NA,NA,NA,NA,FALSE,NA,NA,NA,NA,NA,NA,NA,NA
2092,15,92675406,93707010,TRUE,431,2753,0.00216569,NA,1.80105e-06,NA,FALSE,NA,NA,NA,NA,NA,NA,1,"ASD"
2093,15,93707011,94565521,TRUE,349,2516,0.00100013,0.00115843,0.00765771,0.0247893,TRUE,0.317769,0.317769,FALSE,-0.55715,1,0.378932,2,NA
2094,15,94565522,95662425,TRUE,417,2459,0.00121662,NA,0.00342105,NA,FALSE,NA,NA,NA,NA,NA,NA,1,"ASD"
2095,15,95662426,96864278,TRUE,340,2301,0.0014145,NA,0.000297403,NA,FALSE,NA,NA,NA,NA,NA,NA,1,"ASD"
2096,15,96864279,98025684,TRUE,299,2097,0.00157777,0.000619529,9.23585e-05,0.121736,FALSE,NA,NA,NA,NA,NA,NA,2,NA
2097,15,98025685,98828261,TRUE,238,2156,0.00067352,0.000443443,0.0239737,0.171828,FALSE,NA,NA,NA,NA,NA,NA,2,NA
2098,15,98828262,99925972,TRUE,386,2612,0.00333472,0.000212398,1.39958e-12,0.353696,FALSE,NA,NA,NA,NA,NA,NA,2,NA
2099,15,99925973,100742117,TRUE,282,2402,0.000402455,NA,0.122843,NA,FALSE,NA,NA,NA,NA,NA,NA,1,"ASD"
2100,15,100742118,101550750,TRUE,312,2459,0.000531263,NA,0.0766714,NA,FALSE,NA,NA,NA,NA,NA,NA,1,"ASD"
2101,15,101550751,102520975,TRUE,325,1899,0.00100838,9.02867e-05,0.00734021,0.42482,FALSE,NA,NA,NA,NA,NA,NA,2,NA
2102,16,60169,1049079,TRUE,173,1717,0.000822878,NA,0.00931827,NA,FALSE,NA,NA,NA,NA,NA,NA,1,"ASD"
2103,16,1049080,1996492,TRUE,192,2041,0.00178038,NA,3.40731e-07,NA,FALSE,NA,NA,NA,NA,NA,NA,1,"ASD"
2104,16,1996493,3379996,FALSE,NA,NA,NA,NA,NA,NA,FALSE,NA,NA,NA,NA,NA,NA,NA,NA
2105,16,3379997,4816145,TRUE,390,2686,0.00258748,NA,2.31547e-08,NA,FALSE,NA,NA,NA,NA,NA,NA,1,"ASD"
2106,16,4816146,5782968,TRUE,432,2627,0.000839248,NA,0.0314161,NA,FALSE,NA,NA,NA,NA,NA,NA,1,"ASD"
2107,16,5782969,6446081,TRUE,351,1838,0.00230266,NA,8.40047e-08,NA,FALSE,NA,NA,NA,NA,NA,NA,1,"ASD"
2108,16,6446082,7051429,TRUE,309,2400,0.00172873,0.000511232,8.14731e-06,0.169297,FALSE,NA,NA,NA,NA,NA,NA,2,NA
2109,16,7051430,7704354,TRUE,385,2786,0.00114972,0.0004511,0.00309296,0.222285,FALSE,NA,NA,NA,NA,NA,NA,2,NA
2110,16,7704355,8341012,TRUE,271,2532,0.00108744,NA,0.00126627,NA,FALSE,NA,NA,NA,NA,NA,NA,1,"ASD"
2111,16,8341013,9104469,TRUE,311,2501,0.00228166,NA,2.77197e-08,NA,FALSE,NA,NA,NA,NA,NA,NA,1,"ASD"
2112,16,9104470,9754796,TRUE,307,1898,0.000806532,NA,0.0143355,NA,FALSE,NA,NA,NA,NA,NA,NA,1,"ASD"
2113,16,9754797,10351808,TRUE,183,1886,0.000339991,0.000187919,0.105635,0.314531,FALSE,NA,NA,NA,NA,NA,NA,2,NA
2114,16,10351809,11022542,TRUE,219,1584,0.000926227,NA,0.00330267,NA,FALSE,NA,NA,NA,NA,NA,NA,1,"ASD"
2115,16,11022543,11916631,TRUE,281,2473,0.00186115,NA,7.54064e-07,NA,FALSE,NA,NA,NA,NA,NA,NA,1,"ASD"
2116,16,11916632,12793149,TRUE,296,2746,0.0018482,0.000397081,1.39568e-06,0.220996,FALSE,NA,NA,NA,NA,NA,NA,2,NA
2117,16,12793150,13893407,TRUE,322,3256,0.00230737,0.000748284,2.01276e-08,0.0889136,FALSE,NA,NA,NA,NA,NA,NA,2,NA
2118,16,13893408,15921108,TRUE,240,2134,0.00230422,NA,2.1413e-09,NA,FALSE,NA,NA,NA,NA,NA,NA,1,"ASD"
2119,16,15921109,17343277,TRUE,228,2137,0.000415716,NA,0.0948241,NA,FALSE,NA,NA,NA,NA,NA,NA,1,"ASD"
2120,16,17343278,19104257,TRUE,215,2343,0.000593264,NA,0.0348189,NA,FALSE,NA,NA,NA,NA,NA,NA,1,"ASD"
2121,16,19104258,20351261,TRUE,245,2628,0.00106731,NA,0.000913413,NA,FALSE,NA,NA,NA,NA,NA,NA,1,"ASD"
2122,16,20351262,22667048,TRUE,220,2253,0.000723198,0.000121329,0.0136769,0.383007,FALSE,NA,NA,NA,NA,NA,NA,2,NA
2123,16,22667049,24014705,TRUE,266,2696,0.0012296,0.000455382,0.000384654,0.178509,FALSE,NA,NA,NA,NA,NA,NA,2,NA
2124,16,24014706,25235251,TRUE,364,2460,0.00215518,NA,4.21594e-07,NA,FALSE,NA,NA,NA,NA,NA,NA,1,"ASD"
2125,16,25235252,26154122,TRUE,289,2598,0.00138281,0.00110652,0.000155577,0.0202728,TRUE,0.631517,0.631517,FALSE,0.06103,1,0.0348848,2,NA
2126,16,26154123,27443061,TRUE,486,3357,0.00199379,NA,2.44203e-05,NA,FALSE,NA,NA,NA,NA,NA,NA,1,"ASD"
2127,16,27443062,29043177,TRUE,194,1549,7.36016e-06,9.50377e-05,0.476301,0.399066,FALSE,NA,NA,NA,NA,NA,NA,2,NA
2128,16,29043178,31384210,TRUE,167,1710,0.00123176,4.1512e-05,3.80309e-05,0.443803,FALSE,NA,NA,NA,NA,NA,NA,2,NA
2129,16,31384211,32847928,TRUE,37,723,0.000294744,0.00012233,0.0215607,0.240438,FALSE,NA,NA,NA,NA,NA,NA,2,NA
2130,16,32847929,35259453,TRUE,11,29,5.98636e-05,NA,0.218082,NA,FALSE,NA,NA,NA,NA,NA,NA,1,"ASD"
2131,16,35259454,49010761,TRUE,172,2121,0.00138769,0.000107767,5.48699e-06,0.381082,FALSE,NA,NA,NA,NA,NA,NA,2,NA
2132,16,49010762,50467033,TRUE,428,2823,0.00175668,NA,5.39682e-05,NA,FALSE,NA,NA,NA,NA,NA,NA,1,"ASD"
2133,16,50467034,52041336,TRUE,377,2744,0.00179111,NA,2.23565e-05,NA,FALSE,NA,NA,NA,NA,NA,NA,1,"ASD"
2134,16,52041337,53393882,TRUE,250,2643,0.00151181,NA,1.65132e-05,NA,FALSE,NA,NA,NA,NA,NA,NA,1,"ASD"
2135,16,53393883,54866095,TRUE,390,3162,0.0022044,NA,7.43269e-07,NA,FALSE,NA,NA,NA,NA,NA,NA,1,"ASD"
2136,16,54866096,55907389,TRUE,276,2558,0.000971156,0.000542939,0.00367733,0.142563,FALSE,NA,NA,NA,NA,NA,NA,2,NA
2137,16,55907390,57119889,TRUE,384,2960,0.00165612,NA,6.68058e-05,NA,FALSE,NA,NA,NA,NA,NA,NA,1,"ASD"
2138,16,57119890,58508978,TRUE,406,3339,0.00168358,NA,9.56231e-05,NA,FALSE,NA,NA,NA,NA,NA,NA,1,"ASD"
2139,16,58508979,59885499,TRUE,254,3382,0.00280355,NA,4.61057e-13,NA,FALSE,NA,NA,NA,NA,NA,NA,1,"ASD"
2140,16,59885500,61092844,TRUE,265,2803,0.0010069,NA,0.00203738,NA,FALSE,NA,NA,NA,NA,NA,NA,1,"ASD"
2141,16,61092845,62607090,TRUE,194,2232,0.000620483,NA,0.021954,NA,FALSE,NA,NA,NA,NA,NA,NA,1,"ASD"
2142,16,62607091,64207176,TRUE,278,2976,0.000636634,0.000884295,0.0334098,0.0456291,TRUE,0.425245,0.425245,FALSE,-0.66079,1,0.340207,2,NA
2143,16,64207177,65072403,TRUE,158,2114,0.000699862,0.000182511,0.00546126,0.306757,FALSE,NA,NA,NA,NA,NA,NA,2,NA
2144,16,65072404,65882820,TRUE,255,1866,0.000974385,0.000257115,0.00236485,0.291422,FALSE,NA,NA,NA,NA,NA,NA,2,NA
2145,16,65882821,66738843,TRUE,243,1814,0.000705013,3.91121e-05,0.0163543,0.455309,FALSE,NA,NA,NA,NA,NA,NA,2,NA
2146,16,66738844,68435728,TRUE,104,1666,0.000186685,NA,0.179564,NA,FALSE,NA,NA,NA,NA,NA,NA,1,"ASD"
2147,16,68435729,69549149,TRUE,154,1864,0.000193913,0.000397335,0.215114,0.147264,FALSE,NA,NA,NA,NA,NA,NA,2,NA
2148,16,69549150,71062712,TRUE,121,1456,0.000864885,NA,0.000492712,NA,FALSE,NA,NA,NA,NA,NA,NA,1,"ASD"
2149,16,71062713,72089511,TRUE,150,1742,0.000352217,0.000807776,0.0776219,0.0205083,FALSE,NA,NA,NA,NA,NA,NA,2,NA
2150,16,72089512,73140781,TRUE,244,1535,0.00149719,0.000675782,1.71079e-05,0.0819407,FALSE,NA,NA,NA,NA,NA,NA,2,NA
2151,16,73140782,74135275,TRUE,428,2057,0.00123886,NA,0.00363896,NA,FALSE,NA,NA,NA,NA,NA,NA,1,"ASD"
2152,16,74135276,74889127,TRUE,195,1649,0.000259855,NA,0.178122,NA,FALSE,NA,NA,NA,NA,NA,NA,1,"ASD"
2153,16,74889128,75525959,TRUE,124,1480,5.20857e-05,NA,0.394048,NA,FALSE,NA,NA,NA,NA,NA,NA,1,"ASD"
2154,16,75525960,76635467,TRUE,228,2650,0.001475,0.000480604,1.50258e-05,0.148604,FALSE,NA,NA,NA,NA,NA,NA,2,NA
2155,16,76635468,77270665,TRUE,167,1838,0.000647708,NA,0.00921939,NA,FALSE,NA,NA,NA,NA,NA,NA,1,"ASD"
2156,16,77270666,77739132,TRUE,199,1803,0.00023245,0.000116496,0.1982,0.38147,FALSE,NA,NA,NA,NA,NA,NA,2,NA
2157,16,77739133,78280636,TRUE,274,2172,0.00112893,0.000226721,0.000881134,0.318545,FALSE,NA,NA,NA,NA,NA,NA,2,NA
2158,16,78280637,78973580,TRUE,440,2846,0.00174431,NA,9.12032e-05,NA,FALSE,NA,NA,NA,NA,NA,NA,1,"ASD"
2159,16,78973581,79662634,TRUE,434,2026,0.00151377,NA,0.000696681,NA,FALSE,NA,NA,NA,NA,NA,NA,1,"ASD"
2160,16,79662635,80559685,TRUE,356,2794,0.00205998,1.58856e-05,5.57227e-07,0.479042,FALSE,NA,NA,NA,NA,NA,NA,2,NA
2161,16,80559686,81437861,TRUE,318,2687,0.00149532,0.000307129,9.53853e-05,0.280027,FALSE,NA,NA,NA,NA,NA,NA,2,NA
2162,16,81437862,82310204,TRUE,460,2678,0.00134116,7.19136e-05,0.00224015,0.44765,FALSE,NA,NA,NA,NA,NA,NA,2,NA
2163,16,82310205,83077869,TRUE,489,2837,0.000865339,NA,0.0286503,NA,FALSE,NA,NA,NA,NA,NA,NA,1,"ASD"
2164,16,83077870,83778371,TRUE,446,2768,0.000165277,0.000374494,0.341089,0.2755,FALSE,NA,NA,NA,NA,NA,NA,2,NA
2165,16,83778372,84440154,TRUE,529,2647,0.0013055,NA,0.00488772,NA,FALSE,NA,NA,NA,NA,NA,NA,1,"ASD"
2166,16,84440155,85146805,TRUE,458,2562,0.000701267,NA,0.0587885,NA,FALSE,NA,NA,NA,NA,NA,NA,1,"ASD"
2167,16,85146806,86058597,TRUE,406,1783,0.0011509,NA,0.00636466,NA,FALSE,NA,NA,NA,NA,NA,NA,1,"ASD"
2168,16,86058598,86748867,TRUE,538,2480,0.00283612,NA,5.47136e-08,NA,FALSE,NA,NA,NA,NA,NA,NA,1,"ASD"
2169,16,86748868,87669168,TRUE,467,2572,0.0024369,NA,3.83562e-07,NA,FALSE,NA,NA,NA,NA,NA,NA,1,"ASD"
2170,16,87669169,88387228,TRUE,250,1831,0.00121433,NA,0.000683063,NA,FALSE,NA,NA,NA,NA,NA,NA,1,"ASD"
2171,16,88387229,89106304,TRUE,258,1405,0.00114785,4.17618e-05,0.00574415,0.454485,FALSE,NA,NA,NA,NA,NA,NA,2,NA
2172,16,89106305,90292787,TRUE,285,2694,0.00145878,NA,0.000127016,NA,FALSE,NA,NA,NA,NA,NA,NA,1,"ASD"
2173,17,52,815653,TRUE,250,1792,0.00128776,NA,0.000421982,NA,FALSE,NA,NA,NA,NA,NA,NA,1,"ASD"
2174,17,815654,1480056,TRUE,235,1432,0.000658969,8.74373e-06,0.0337117,0.480286,FALSE,NA,NA,NA,NA,NA,NA,2,NA
2175,17,1480057,2699135,TRUE,329,2323,0.00275851,NA,3.21867e-10,NA,FALSE,NA,NA,NA,NA,NA,NA,1,"ASD"
2176,17,2699136,3430440,TRUE,171,1720,0.000699326,4.30653e-05,0.00805973,0.44293,FALSE,NA,NA,NA,NA,NA,NA,2,NA
2177,17,3430441,4463971,TRUE,277,2133,0.00154228,NA,3.69444e-05,NA,FALSE,NA,NA,NA,NA,NA,NA,1,"ASD"
2178,17,4463972,5573784,TRUE,278,2800,0.00101348,NA,0.00235066,NA,FALSE,NA,NA,NA,NA,NA,NA,1,"ASD"
2179,17,5573785,6305078,TRUE,277,1971,0.000999385,NA,0.0029939,NA,FALSE,NA,NA,NA,NA,NA,NA,1,"ASD"
2180,17,6305079,7264458,TRUE,330,2000,0.0012073,NA,0.00155012,NA,FALSE,NA,NA,NA,NA,NA,NA,1,"ASD"
2181,17,7264459,8554763,TRUE,309,2435,0.00082094,4.40803e-05,0.0138667,0.456675,FALSE,NA,NA,NA,NA,NA,NA,2,NA
2182,17,8554764,9619356,TRUE,335,2066,0.00144286,NA,0.000286661,NA,FALSE,NA,NA,NA,NA,NA,NA,1,"ASD"
2183,17,9619357,10572617,TRUE,304,2291,0.00121348,NA,0.00110133,NA,FALSE,NA,NA,NA,NA,NA,NA,1,"ASD"
2184,17,10572618,11778164,TRUE,301,2365,0.000952593,NA,0.00667813,NA,FALSE,NA,NA,NA,NA,NA,NA,1,"ASD"
2185,17,11778165,12676353,TRUE,195,1610,0.000185772,NA,0.257092,NA,FALSE,NA,NA,NA,NA,NA,NA,1,"ASD"
2186,17,12676354,13648446,TRUE,349,2815,0.00129416,0.000224895,0.00087621,0.338726,FALSE,NA,NA,NA,NA,NA,NA,2,NA
2187,17,13648447,14508610,TRUE,242,2096,0.000572446,1.26367e-05,0.0423106,0.477311,FALSE,NA,NA,NA,NA,NA,NA,2,NA
2188,17,14508611,15308722,TRUE,303,2456,0.00091525,NA,0.00670339,NA,FALSE,NA,NA,NA,NA,NA,NA,1,"ASD"
2189,17,15308723,16405207,TRUE,103,1479,0.000120073,NA,0.274549,NA,FALSE,NA,NA,NA,NA,NA,NA,1,"ASD"
2190,17,16405208,17326540,TRUE,141,1457,0.000144114,0.000250984,0.275786,0.237565,FALSE,NA,NA,NA,NA,NA,NA,2,NA
2191,17,17326541,18900978,TRUE,158,2016,0.000940019,NA,0.000604465,NA,FALSE,NA,NA,NA,NA,NA,NA,1,"ASD"
2192,17,18900979,20402494,TRUE,73,1235,0.000609669,NA,0.00141715,NA,FALSE,NA,NA,NA,NA,NA,NA,1,"ASD"
2193,17,20402495,21432873,TRUE,82,786,0.000964467,5.28992e-05,1.9801e-05,0.404565,FALSE,NA,NA,NA,NA,NA,NA,2,NA
2194,17,21432874,25872110,TRUE,65,1319,0.000178474,0.00025936,0.177191,0.146068,FALSE,NA,NA,NA,NA,NA,NA,2,NA
2195,17,25872111,27344401,TRUE,237,1698,0.00143986,NA,2.16174e-05,NA,FALSE,NA,NA,NA,NA,NA,NA,1,"ASD"
2196,17,27344402,29783141,TRUE,140,2630,0.00101055,NA,0.000133418,NA,FALSE,NA,NA,NA,NA,NA,NA,1,"ASD"
2197,17,29783142,31318753,TRUE,286,2628,0.00138915,9.60465e-05,0.000147733,0.415649,FALSE,NA,NA,NA,NA,NA,NA,2,NA
2198,17,31318754,32356061,TRUE,372,2589,0.00261866,NA,3.34537e-09,NA,FALSE,NA,NA,NA,NA,NA,NA,1,"ASD"
2199,17,32356062,33614189,TRUE,310,2603,0.00170419,0.000232876,1.10089e-05,0.324429,FALSE,NA,NA,NA,NA,NA,NA,2,NA
2200,17,33614190,34474611,TRUE,153,1744,0.000574061,NA,0.0174477,NA,FALSE,NA,NA,NA,NA,NA,NA,1,"ASD"
2201,17,34474612,36116884,TRUE,276,1820,0.0021023,NA,6.83484e-08,NA,FALSE,NA,NA,NA,NA,NA,NA,1,"ASD"
2202,17,36116885,37361178,TRUE,258,1643,0.0019689,NA,2.09879e-07,NA,FALSE,NA,NA,NA,NA,NA,NA,1,"ASD"
2203,17,37361179,38880481,TRUE,157,2153,0.000779521,NA,0.0028728,NA,FALSE,NA,NA,NA,NA,NA,NA,1,"ASD"
2204,17,38880482,40233545,TRUE,189,2941,0.00123879,0.000826366,6.63519e-05,0.0296521,TRUE,0.353311,0.353311,FALSE,-0.33795,1,0.258831,2,NA
2205,17,40233546,42348003,TRUE,257,2837,0.00133868,9.09527e-05,8.10035e-05,0.415148,FALSE,NA,NA,NA,NA,NA,NA,2,NA
2206,17,42348004,43460500,TRUE,223,1942,0.00108499,9.0785e-05,0.000505248,0.409221,FALSE,NA,NA,NA,NA,NA,NA,2,NA
2207,17,43460501,44865832,TRUE,57,2499,0.000107217,0.000737352,0.230144,0.00270138,FALSE,NA,NA,NA,NA,NA,NA,2,NA
2208,17,44865833,45883901,TRUE,135,1989,0.000359016,NA,0.0685319,NA,FALSE,NA,NA,NA,NA,NA,NA,1,"ASD"
2209,17,45883902,47516224,TRUE,278,3399,0.00133785,0.000264483,0.000123172,0.294345,FALSE,NA,NA,NA,NA,NA,NA,2,NA
2210,17,47516225,48722590,TRUE,412,1873,0.0035809,NA,4.64727e-12,NA,FALSE,NA,NA,NA,NA,NA,NA,1,"ASD"
2211,17,48722591,49909298,TRUE,246,2129,0.00104929,4.58005e-05,0.00136901,0.450074,FALSE,NA,NA,NA,NA,NA,NA,2,NA
2212,17,49909299,51110385,TRUE,125,2735,0.000640984,NA,0.00551783,NA,FALSE,NA,NA,NA,NA,NA,NA,1,"ASD"
2213,17,51110386,52102649,TRUE,156,2008,0.00109084,NA,9.249e-05,NA,FALSE,NA,NA,NA,NA,NA,NA,1,"ASD"
2214,17,52102650,53468006,TRUE,293,2819,0.000521413,NA,0.0716051,NA,FALSE,NA,NA,NA,NA,NA,NA,1,"ASD"
2215,17,53468007,54950107,TRUE,208,2549,0.00105657,NA,0.000604568,NA,FALSE,NA,NA,NA,NA,NA,NA,1,"ASD"
2216,17,54950108,56245227,TRUE,437,2245,0.00360327,NA,6.38078e-12,NA,FALSE,NA,NA,NA,NA,NA,NA,1,"ASD"
2217,17,56245228,58652809,TRUE,168,2432,0.00045264,NA,0.0560231,NA,FALSE,NA,NA,NA,NA,NA,NA,1,"ASD"
2218,17,58652810,60453120,TRUE,211,1981,0.00096756,NA,0.0026316,NA,FALSE,NA,NA,NA,NA,NA,NA,1,"ASD"
2219,17,60453121,62112373,TRUE,137,1803,0.000643707,0.000369942,0.00780902,0.150152,FALSE,NA,NA,NA,NA,NA,NA,2,NA
2220,17,62112374,63548724,TRUE,160,1885,0.00105098,0.000433961,0.000346092,0.131825,FALSE,NA,NA,NA,NA,NA,NA,2,NA
2221,17,63548725,64438387,TRUE,117,2502,0.000755107,NA,0.000919247,NA,FALSE,NA,NA,NA,NA,NA,NA,1,"ASD"
2222,17,64438388,65582327,TRUE,336,2300,0.00130199,0.000944288,0.000694139,0.049772,TRUE,0.11281,0.11281,FALSE,-0.83152,1,0.74496,2,NA
2223,17,65582328,66757556,TRUE,270,2184,0.000789371,0.00037427,0.0139293,0.223658,FALSE,NA,NA,NA,NA,NA,NA,2,NA
2224,17,66757557,68176219,TRUE,204,2461,0.000390346,8.67705e-05,0.0930714,0.40874,FALSE,NA,NA,NA,NA,NA,NA,2,NA
2225,17,68176220,69245590,TRUE,249,2625,0.00163716,NA,2.68743e-06,NA,FALSE,NA,NA,NA,NA,NA,NA,1,"ASD"
2226,17,69245591,70495119,TRUE,365,2372,0.00160187,NA,0.000134564,NA,FALSE,NA,NA,NA,NA,NA,NA,1,"ASD"
2227,17,70495120,71466953,TRUE,372,2040,0.00181349,NA,2.89212e-05,NA,FALSE,NA,NA,NA,NA,NA,NA,1,"ASD"
2228,17,71466954,72383472,TRUE,377,2111,0.00171944,NA,6.1675e-05,NA,FALSE,NA,NA,NA,NA,NA,NA,1,"ASD"
2229,17,72383473,73741321,TRUE,289,2706,0.00134227,NA,0.000241253,NA,FALSE,NA,NA,NA,NA,NA,NA,1,"ASD"
2230,17,73741322,74908266,TRUE,257,2321,0.000839474,0.000304156,0.00858738,0.261005,FALSE,NA,NA,NA,NA,NA,NA,2,NA
2231,17,74908267,75619256,TRUE,294,1829,0.00078157,NA,0.0220014,NA,FALSE,NA,NA,NA,NA,NA,NA,1,"ASD"
2232,17,75619257,76596287,TRUE,387,2378,0.00232817,NA,8.22697e-07,NA,FALSE,NA,NA,NA,NA,NA,NA,1,"ASD"
2233,17,76596288,77412786,TRUE,351,2002,0.00287385,NA,9.46332e-10,NA,FALSE,NA,NA,NA,NA,NA,NA,1,"ASD"
2234,17,77412787,78438332,TRUE,298,1948,0.00226539,NA,4.02421e-08,NA,FALSE,NA,NA,NA,NA,NA,NA,1,"ASD"
2235,17,78438333,79333774,TRUE,244,2438,0.00115243,0.000317818,0.00102143,0.246957,FALSE,NA,NA,NA,NA,NA,NA,2,NA
2236,17,79333775,80459149,TRUE,101,1859,0.00156852,NA,1.39614e-08,NA,FALSE,NA,NA,NA,NA,NA,NA,1,"ASD"
2237,17,80459150,81192460,TRUE,148,1781,0.000133039,NA,0.292238,NA,FALSE,NA,NA,NA,NA,NA,NA,1,"ASD"
2238,18,10719,848350,TRUE,215,1677,0.000933205,NA,0.0026794,NA,FALSE,NA,NA,NA,NA,NA,NA,1,"ASD"
2239,18,848351,1940211,TRUE,221,2472,0.000968928,0.000368152,0.00189667,0.20513,FALSE,NA,NA,NA,NA,NA,NA,2,NA
2240,18,1940212,2839842,TRUE,290,2395,0.000608877,NA,0.0466144,NA,FALSE,NA,NA,NA,NA,NA,NA,1,"ASD"
2241,18,2839843,3722828,TRUE,291,1840,0.000513979,NA,0.0780038,NA,FALSE,NA,NA,NA,NA,NA,NA,1,"ASD"
2242,18,3722829,4603961,TRUE,269,1725,0.00121851,NA,0.000684473,NA,FALSE,NA,NA,NA,NA,NA,NA,1,"ASD"
2243,18,4603962,5575812,TRUE,220,2206,0.00093699,NA,0.00247026,NA,FALSE,NA,NA,NA,NA,NA,NA,1,"ASD"
2244,18,5575813,6756496,TRUE,363,2434,0.00222868,0.000340949,4.049e-07,0.27324,FALSE,NA,NA,NA,NA,NA,NA,2,NA
2245,18,6756497,7862479,TRUE,306,2203,8.56024e-05,NA,0.396594,NA,FALSE,NA,NA,NA,NA,NA,NA,1,"ASD"
2246,18,7862480,8788524,TRUE,290,2339,0.000473092,NA,0.0948103,NA,FALSE,NA,NA,NA,NA,NA,NA,1,"ASD"
2247,18,8788525,9816164,TRUE,396,2942,0.0017823,NA,2.08106e-05,NA,FALSE,NA,NA,NA,NA,NA,NA,1,"ASD"
2248,18,9816165,10675548,TRUE,337,2038,0.00159617,NA,6.83242e-05,NA,FALSE,NA,NA,NA,NA,NA,NA,1,"ASD"
2249,18,10675549,11872226,TRUE,294,2839,0.000889629,NA,0.00894136,NA,FALSE,NA,NA,NA,NA,NA,NA,1,"ASD"
2250,18,11872227,12735558,TRUE,190,2231,0.000685164,6.76996e-06,0.0108777,0.479945,FALSE,NA,NA,NA,NA,NA,NA,2,NA
2251,18,12735559,13641479,TRUE,295,1996,0.000700153,NA,0.0280085,NA,FALSE,NA,NA,NA,NA,NA,NA,1,"ASD"
2252,18,13641480,14439251,TRUE,95,1397,NA,0.000230999,NA,0.212593,FALSE,NA,NA,NA,NA,NA,NA,1,"AN"
2253,18,14439252,15220934,FALSE,NA,NA,NA,NA,NA,NA,FALSE,NA,NA,NA,NA,NA,NA,NA,NA
2254,18,15220935,20009696,TRUE,129,1386,0.000192174,NA,0.211037,NA,FALSE,NA,NA,NA,NA,NA,NA,1,"ASD"
2255,18,20009697,21622716,TRUE,214,2673,0.00130392,0.000361967,4.29626e-05,0.205262,FALSE,NA,NA,NA,NA,NA,NA,2,NA
2256,18,21622717,22746153,TRUE,322,2406,0.00203915,0.0001719,2.49633e-07,0.367802,FALSE,NA,NA,NA,NA,NA,NA,2,NA
2257,18,22746154,24088163,TRUE,297,2609,0.00159956,NA,1.79853e-05,NA,FALSE,NA,NA,NA,NA,NA,NA,1,"ASD"
2258,18,24088164,25305260,TRUE,318,2491,0.00165865,0.000380283,1.51681e-05,0.237932,FALSE,NA,NA,NA,NA,NA,NA,2,NA
2259,18,25305261,26861067,TRUE,219,2924,0.00122951,0.000485998,8.42847e-05,0.141509,FALSE,NA,NA,NA,NA,NA,NA,2,NA
2260,18,26861068,27823155,TRUE,99,2017,0.000915569,0.000338357,6.33716e-05,0.133994,FALSE,NA,NA,NA,NA,NA,NA,2,NA
2261,18,27823156,28792734,TRUE,230,2286,0.000339379,8.94287e-05,0.130991,0.411702,FALSE,NA,NA,NA,NA,NA,NA,2,NA
2262,18,28792735,30401128,TRUE,326,3300,0.000637121,NA,0.0445113,NA,FALSE,NA,NA,NA,NA,NA,NA,1,"ASD"
2263,18,30401129,32458907,TRUE,248,3254,0.00181894,NA,4.30712e-07,NA,FALSE,NA,NA,NA,NA,NA,NA,1,"ASD"
2264,18,32458908,34153297,TRUE,357,3096,0.00167429,NA,2.66283e-05,NA,FALSE,NA,NA,NA,NA,NA,NA,1,"ASD"
2265,18,34153298,36056932,TRUE,403,3687,0.00111202,NA,0.00415288,NA,FALSE,NA,NA,NA,NA,NA,NA,1,"ASD"
2266,18,36056933,37679127,TRUE,225,2757,6.36895e-05,0.000860342,0.404009,0.0350392,FALSE,NA,NA,NA,NA,NA,NA,2,NA
2267,18,37679128,38498381,TRUE,146,2218,0.000485201,NA,0.0271348,NA,FALSE,NA,NA,NA,NA,NA,NA,1,"ASD"
2268,18,38498382,39410165,TRUE,180,1769,0.00108444,NA,0.00020353,NA,FALSE,NA,NA,NA,NA,NA,NA,1,"ASD"
2269,18,39410166,40471407,TRUE,134,2155,0.000627824,0.000163448,0.00611056,0.310323,FALSE,NA,NA,NA,NA,NA,NA,2,NA
2270,18,40471408,41425454,TRUE,176,2026,0.00104668,NA,0.00018768,NA,FALSE,NA,NA,NA,NA,NA,NA,1,"ASD"
2271,18,41425455,42974165,TRUE,390,2921,0.00188745,NA,6.61704e-06,NA,FALSE,NA,NA,NA,NA,NA,NA,1,"ASD"
2272,18,42974166,44300145,TRUE,420,2979,0.00143483,NA,0.000591357,NA,FALSE,NA,NA,NA,NA,NA,NA,1,"ASD"
2273,18,44300146,45718492,TRUE,327,3033,0.002136,NA,1.44369e-07,NA,FALSE,NA,NA,NA,NA,NA,NA,1,"ASD"
2274,18,45718493,46558306,TRUE,406,2005,0.00126877,NA,0.00234883,NA,FALSE,NA,NA,NA,NA,NA,NA,1,"ASD"
2275,18,46558307,47455925,TRUE,168,2219,0.000604655,0.000175587,0.0130552,0.317993,FALSE,NA,NA,NA,NA,NA,NA,2,NA
2276,18,47455926,48228379,TRUE,236,1853,0.000864756,NA,0.00412418,NA,FALSE,NA,NA,NA,NA,NA,NA,1,"ASD"
2277,18,48228380,49790996,TRUE,339,3124,0.00168974,NA,1.78028e-05,NA,FALSE,NA,NA,NA,NA,NA,NA,1,"ASD"
2278,18,49790997,50372823,TRUE,164,1943,0.000888169,0.000169217,0.000773874,0.321649,FALSE,NA,NA,NA,NA,NA,NA,2,NA
2279,18,50372824,51060986,TRUE,74,1820,0.000235042,NA,0.0885942,NA,FALSE,NA,NA,NA,NA,NA,NA,1,"ASD"
2280,18,51060987,52512523,FALSE,NA,NA,NA,NA,NA,NA,FALSE,NA,NA,NA,NA,NA,NA,NA,NA
2281,18,52512524,53762996,TRUE,257,2116,0.00132162,NA,7.46884e-05,NA,FALSE,NA,NA,NA,NA,NA,NA,1,"ASD"
2282,18,53762997,54957867,TRUE,208,2228,0.000695553,0.00111877,0.0119581,0.00838228,TRUE,-0.333303,-0.333303,FALSE,-1,0.37608,0.340998,2,NA
2283,18,54957868,55809315,TRUE,245,2332,0.000604489,NA,0.0329444,NA,FALSE,NA,NA,NA,NA,NA,NA,1,"ASD"
2284,18,55809316,56832312,TRUE,359,2527,0.00120186,0.000582508,0.00137655,0.156567,FALSE,NA,NA,NA,NA,NA,NA,2,NA
2285,18,56832313,57635821,TRUE,233,2086,0.000830624,NA,0.00579339,NA,FALSE,NA,NA,NA,NA,NA,NA,1,"ASD"
2286,18,57635822,58527236,TRUE,148,2001,0.000523806,NA,0.023151,NA,FALSE,NA,NA,NA,NA,NA,NA,1,"ASD"
2287,18,58527237,59449422,TRUE,212,1610,0.000917447,0.000689766,0.00258702,0.0650455,FALSE,NA,NA,NA,NA,NA,NA,2,NA
2288,18,59449423,60780194,TRUE,329,3282,0.00156574,NA,3.72623e-05,NA,FALSE,NA,NA,NA,NA,NA,NA,1,"ASD"
2289,18,60780195,62074993,TRUE,225,2869,0.000734,NA,0.0119439,NA,FALSE,NA,NA,NA,NA,NA,NA,1,"ASD"
2290,18,62074994,63109755,TRUE,155,2499,0.000533919,6.3484e-05,0.0246996,0.419216,FALSE,NA,NA,NA,NA,NA,NA,2,NA
2291,18,63109756,64253143,TRUE,161,2546,0.000738788,0.000126669,0.00360591,0.359284,FALSE,NA,NA,NA,NA,NA,NA,2,NA
2292,18,64253144,65294195,TRUE,167,2651,0.00110738,0.00147201,0.000101318,0.00039061,TRUE,0.738548,0.738548,FALSE,0.30558,1,0.00276063,2,NA
2293,18,65294196,66407960,TRUE,254,2944,0.00139388,0.000105078,5.21998e-05,0.403508,FALSE,NA,NA,NA,NA,NA,NA,2,NA
2294,18,66407961,67195980,TRUE,165,1920,0.000981735,4.01953e-05,0.000396588,0.444784,FALSE,NA,NA,NA,NA,NA,NA,2,NA
2295,18,67195981,68051035,TRUE,218,1831,0.00202098,NA,3.22776e-08,NA,FALSE,NA,NA,NA,NA,NA,NA,1,"ASD"
2296,18,68051036,69311742,TRUE,345,3433,0.000858025,NA,0.0135867,NA,FALSE,NA,NA,NA,NA,NA,NA,1,"ASD"
2297,18,69311743,70540349,TRUE,285,3153,0.0011355,0.000231746,0.00120457,0.318353,FALSE,NA,NA,NA,NA,NA,NA,2,NA
2298,18,70540350,71491860,TRUE,295,2698,0.00146719,NA,7.78038e-05,NA,FALSE,NA,NA,NA,NA,NA,NA,1,"ASD"
2299,18,71491861,72785206,TRUE,294,2597,0.00137253,NA,0.000189819,NA,FALSE,NA,NA,NA,NA,NA,NA,1,"ASD"
2300,18,72785207,73568260,TRUE,243,2019,0.00138328,NA,4.22307e-05,NA,FALSE,NA,NA,NA,NA,NA,NA,1,"ASD"
2301,18,73568261,74471745,TRUE,329,2516,0.00160613,NA,4.37314e-05,NA,FALSE,NA,NA,NA,NA,NA,NA,1,"ASD"
2302,18,74471746,75240760,TRUE,349,2558,0.00117994,NA,0.00207579,NA,FALSE,NA,NA,NA,NA,NA,NA,1,"ASD"
2303,18,75240761,76231685,TRUE,361,2953,0.00144006,NA,0.00039484,NA,FALSE,NA,NA,NA,NA,NA,NA,1,"ASD"
2304,18,76231686,77148137,TRUE,230,2729,0.000864854,NA,0.00430626,NA,FALSE,NA,NA,NA,NA,NA,NA,1,"ASD"
2305,18,77148138,78017072,TRUE,219,2164,0.00288032,0.000193177,2.42416e-13,0.32493,FALSE,NA,NA,NA,NA,NA,NA,2,NA
2306,19,64705,762046,TRUE,96,531,0.0012603,NA,7.75488e-06,NA,FALSE,NA,NA,NA,NA,NA,NA,1,"ASD"
2307,19,762047,1515920,TRUE,155,809,0.000289803,0.00131574,0.196093,0.000867989,FALSE,NA,NA,NA,NA,NA,NA,2,NA
2308,19,1515921,2253174,TRUE,142,920,0.000433707,NA,0.0749851,NA,FALSE,NA,NA,NA,NA,NA,NA,1,"ASD"
2309,19,2253175,3085446,TRUE,221,1711,0.00187691,NA,1.10596e-06,NA,FALSE,NA,NA,NA,NA,NA,NA,1,"ASD"
2310,19,3085447,3893909,TRUE,185,1259,0.000473653,NA,0.0782322,NA,FALSE,NA,NA,NA,NA,NA,NA,1,"ASD"
2311,19,3893910,4741718,TRUE,167,1360,0.000946225,0.000138405,0.00225604,0.350847,FALSE,NA,NA,NA,NA,NA,NA,2,NA
2312,19,4741719,5478684,TRUE,303,1772,0.000891207,NA,0.012324,NA,FALSE,NA,NA,NA,NA,NA,NA,1,"ASD"
2313,19,5478685,6455428,TRUE,205,2066,0.00199834,NA,5.40391e-08,NA,FALSE,NA,NA,NA,NA,NA,NA,1,"ASD"
2314,19,6455429,7249359,TRUE,237,1829,0.00139351,7.6833e-05,6.70834e-05,0.423339,FALSE,NA,NA,NA,NA,NA,NA,2,NA
2315,19,7249360,8199016,TRUE,237,2110,0.000641668,NA,0.0326938,NA,FALSE,NA,NA,NA,NA,NA,NA,1,"ASD"
2316,19,8199017,9105577,TRUE,202,1800,0.00130028,0.000610652,0.000130057,0.0836608,FALSE,NA,NA,NA,NA,NA,NA,2,NA
2317,19,9105578,10028840,TRUE,78,1707,0.000866425,0.000471076,7.54713e-05,0.0484258,TRUE,0.425856,0.425856,FALSE,-0.35152,1,0.230882,2,NA
2318,19,10028841,11681978,TRUE,372,3275,0.0019794,0.000111691,3.62836e-06,0.415526,FALSE,NA,NA,NA,NA,NA,NA,2,NA
2319,19,11681979,13213186,TRUE,173,2434,0.000685029,NA,0.00878797,NA,FALSE,NA,NA,NA,NA,NA,NA,1,"ASD"
2320,19,13213187,13968319,TRUE,203,1325,0.000204105,0.000502469,0.249798,0.12555,FALSE,NA,NA,NA,NA,NA,NA,2,NA
2321,19,13968320,14891100,TRUE,186,1330,0.000971456,NA,0.00099615,NA,FALSE,NA,NA,NA,NA,NA,NA,1,"ASD"
2322,19,14891101,15650185,TRUE,203,1789,0.000656143,NA,0.0162196,NA,FALSE,NA,NA,NA,NA,NA,NA,1,"ASD"
2323,19,15650186,16079006,TRUE,100,1911,NA,0.000173885,NA,0.273518,FALSE,NA,NA,NA,NA,NA,NA,1,"AN"
2324,19,16079007,17045963,TRUE,142,1651,0.000789,NA,0.00308193,NA,FALSE,NA,NA,NA,NA,NA,NA,1,"ASD"
2325,19,17045964,17750518,TRUE,209,1628,0.00101378,NA,0.00129794,NA,FALSE,NA,NA,NA,NA,NA,NA,1,"ASD"
2326,19,17750519,18504867,TRUE,201,1619,0.00100122,NA,0.00110742,NA,FALSE,NA,NA,NA,NA,NA,NA,1,"ASD"
2327,19,18504868,19749166,TRUE,173,1773,0.000716073,NA,0.00785203,NA,FALSE,NA,NA,NA,NA,NA,NA,1,"ASD"
2328,19,19749167,20485499,TRUE,105,1745,0.000501396,NA,0.0171532,NA,FALSE,NA,NA,NA,NA,NA,NA,1,"ASD"
2329,19,20485500,21155862,TRUE,32,1438,0.000210485,NA,0.0719745,NA,FALSE,NA,NA,NA,NA,NA,NA,1,"ASD"
2330,19,21155863,21822653,FALSE,NA,NA,NA,NA,NA,NA,FALSE,NA,NA,NA,NA,NA,NA,NA,NA
2331,19,21822654,22729408,TRUE,69,2110,0.000246557,NA,0.100446,NA,FALSE,NA,NA,NA,NA,NA,NA,1,"ASD"
2332,19,22729409,23468992,TRUE,41,1716,0.00172337,NA,9.72721e-12,NA,FALSE,NA,NA,NA,NA,NA,NA,1,"ASD"
2333,19,23468993,24567341,TRUE,24,843,0.000354319,NA,0.00397353,NA,FALSE,NA,NA,NA,NA,NA,NA,1,"ASD"
2334,19,24567342,28555845,TRUE,48,1254,0.000281802,0.000285487,0.0386824,0.0950673,FALSE,NA,NA,NA,NA,NA,NA,2,NA
2335,19,28555846,29389090,FALSE,NA,NA,NA,NA,NA,NA,FALSE,NA,NA,NA,NA,NA,NA,NA,NA
2336,19,29389091,30375792,TRUE,328,2684,0.000401109,NA,0.140998,NA,FALSE,NA,NA,NA,NA,NA,NA,1,"ASD"
2337,19,30375793,31763008,TRUE,269,2024,0.00232316,NA,4.55201e-09,NA,FALSE,NA,NA,NA,NA,NA,NA,1,"ASD"
2338,19,31763009,33028099,TRUE,251,2148,0.00119184,NA,0.000603061,NA,FALSE,NA,NA,NA,NA,NA,NA,1,"ASD"
2339,19,33028100,33785835,TRUE,168,2036,0.000836697,NA,0.00193739,NA,FALSE,NA,NA,NA,NA,NA,NA,1,"ASD"
2340,19,33785836,34633274,TRUE,271,2191,0.0014103,0.000430853,0.000111929,0.19314,FALSE,NA,NA,NA,NA,NA,NA,2,NA
2341,19,34633275,35649343,TRUE,182,1975,0.00135635,0.000444003,2.27479e-05,0.141064,FALSE,NA,NA,NA,NA,NA,NA,2,NA
2342,19,35649344,36638122,TRUE,282,2012,0.00152474,0.000182113,5.13159e-05,0.351971,FALSE,NA,NA,NA,NA,NA,NA,2,NA
2343,19,36638123,38472870,TRUE,86,2881,0.00157305,0.000478047,1.86495e-10,0.0533241,FALSE,NA,NA,NA,NA,NA,NA,2,NA
2344,19,38472871,39370419,TRUE,218,2092,0.000619855,0.000316466,0.0239574,0.235987,FALSE,NA,NA,NA,NA,NA,NA,2,NA
2345,19,39370420,40171413,TRUE,185,1778,0.00123263,NA,5.05098e-05,NA,FALSE,NA,NA,NA,NA,NA,NA,1,"ASD"
2346,19,40171414,41004105,TRUE,142,1576,0.000777336,0.000697055,0.00298398,0.0337409,TRUE,0.430482,0.430482,FALSE,-0.4066,1,0.245608,2,NA
2347,19,41004106,41733463,TRUE,183,1591,0.00059232,NA,0.0250125,NA,FALSE,NA,NA,NA,NA,NA,NA,1,"ASD"
2348,19,41733464,43317282,TRUE,126,1323,0.000727105,NA,0.0024892,NA,FALSE,NA,NA,NA,NA,NA,NA,1,"ASD"
2349,19,43317283,43960958,TRUE,34,310,NA,5.61148e-05,NA,0.348944,FALSE,NA,NA,NA,NA,NA,NA,1,"AN"
2350,19,43960959,45040932,TRUE,226,2389,0.000808153,NA,0.00651929,NA,FALSE,NA,NA,NA,NA,NA,NA,1,"ASD"
2351,19,45040933,45893307,TRUE,271,1702,0.00105632,NA,0.0025504,NA,FALSE,NA,NA,NA,NA,NA,NA,1,"ASD"
2352,19,45893308,46765060,TRUE,234,1838,0.000858213,NA,0.00483184,NA,FALSE,NA,NA,NA,NA,NA,NA,1,"ASD"
2353,19,46765061,47752727,TRUE,254,1757,0.00119062,NA,0.000492018,NA,FALSE,NA,NA,NA,NA,NA,NA,1,"ASD"
2354,19,47752728,48573065,TRUE,182,1641,0.00217034,NA,5.26705e-10,NA,FALSE,NA,NA,NA,NA,NA,NA,1,"ASD"
2355,19,48573066,49415189,TRUE,221,2033,0.00029468,NA,0.168122,NA,FALSE,NA,NA,NA,NA,NA,NA,1,"ASD"
2356,19,49415190,50451925,TRUE,226,1745,0.00199884,0.000392185,4.13302e-08,0.193639,FALSE,NA,NA,NA,NA,NA,NA,2,NA
2357,19,50451926,51259178,TRUE,213,1393,0.000792531,NA,0.00856922,NA,FALSE,NA,NA,NA,NA,NA,NA,1,"ASD"
2358,19,51259179,51903804,TRUE,233,1367,0.000786824,NA,0.0115819,NA,FALSE,NA,NA,NA,NA,NA,NA,1,"ASD"
2359,19,51903805,52678748,TRUE,275,2411,0.000626198,NA,0.0363791,NA,FALSE,NA,NA,NA,NA,NA,NA,1,"ASD"
2360,19,52678749,53431217,TRUE,215,2006,0.000604695,0.000100949,0.0330908,0.398921,FALSE,NA,NA,NA,NA,NA,NA,2,NA
2361,19,53431218,54042240,TRUE,243,1765,0.000694413,NA,0.0253968,NA,FALSE,NA,NA,NA,NA,NA,NA,1,"ASD"
2362,19,54042241,54602370,TRUE,127,769,0.000798245,NA,0.00333034,NA,FALSE,NA,NA,NA,NA,NA,NA,1,"ASD"
2363,19,54602371,55182973,TRUE,199,1366,0.00126625,NA,0.000284451,NA,FALSE,NA,NA,NA,NA,NA,NA,1,"ASD"
2364,19,55182974,55714085,TRUE,134,1099,0.000497679,NA,0.0297337,NA,FALSE,NA,NA,NA,NA,NA,NA,1,"ASD"
2365,19,55714086,56411086,TRUE,348,1557,0.00220954,NA,6.64056e-07,NA,FALSE,NA,NA,NA,NA,NA,NA,1,"ASD"
2366,19,56411087,57143509,TRUE,272,1911,0.00126772,NA,0.000428271,NA,FALSE,NA,NA,NA,NA,NA,NA,1,"ASD"
2367,19,57143510,57959952,TRUE,291,1963,0.0012455,NA,0.000580442,NA,FALSE,NA,NA,NA,NA,NA,NA,1,"ASD"
2368,19,57959953,59118811,TRUE,220,2355,0.00105997,NA,0.000635524,NA,FALSE,NA,NA,NA,NA,NA,NA,1,"ASD"
2369,20,60795,884241,TRUE,341,1833,0.00198153,NA,4.81664e-06,NA,FALSE,NA,NA,NA,NA,NA,NA,1,"ASD"
2370,20,884242,1771285,TRUE,329,2129,0.000623906,0.000240752,0.0479107,0.32412,FALSE,NA,NA,NA,NA,NA,NA,2,NA
2371,20,1771286,2668108,TRUE,296,2212,0.000830836,NA,0.0115636,NA,FALSE,NA,NA,NA,NA,NA,NA,1,"ASD"
2372,20,2668109,3736551,TRUE,252,2188,0.000966101,0.00127961,0.00297466,0.00636629,TRUE,0.719464,0.719464,FALSE,0.14054,1,0.0208132,2,NA
2373,20,3736552,4591847,TRUE,306,2376,0.000745177,NA,0.021417,NA,FALSE,NA,NA,NA,NA,NA,NA,1,"ASD"
2374,20,4591848,5379450,TRUE,205,1887,0.000644519,NA,0.0213224,NA,FALSE,NA,NA,NA,NA,NA,NA,1,"ASD"
2375,20,5379451,6128358,TRUE,236,1979,0.000855498,NA,0.00652409,NA,FALSE,NA,NA,NA,NA,NA,NA,1,"ASD"
2376,20,6128359,7231796,TRUE,240,2158,0.00171816,NA,1.11633e-06,NA,FALSE,NA,NA,NA,NA,NA,NA,1,"ASD"
2377,20,7231797,7959828,TRUE,90,1691,0.000445133,1.55934e-05,0.0155081,0.458818,FALSE,NA,NA,NA,NA,NA,NA,2,NA
2378,20,7959829,9279550,TRUE,349,2945,0.00132707,NA,0.000499132,NA,FALSE,NA,NA,NA,NA,NA,NA,1,"ASD"
2379,20,9279551,10279603,TRUE,288,2149,0.000512228,NA,0.0727791,NA,FALSE,NA,NA,NA,NA,NA,NA,1,"ASD"
2380,20,10279604,11257012,TRUE,274,2265,0.00123082,NA,0.000374099,NA,FALSE,NA,NA,NA,NA,NA,NA,1,"ASD"
2381,20,11257013,12353961,TRUE,236,2514,0.000461655,NA,0.0694824,NA,FALSE,NA,NA,NA,NA,NA,NA,1,"ASD"
2382,20,12353962,13202335,TRUE,203,2366,0.000427375,NA,0.0730974,NA,FALSE,NA,NA,NA,NA,NA,NA,1,"ASD"
2383,20,13202336,14203755,TRUE,159,1961,0.00112662,NA,5.90461e-05,NA,FALSE,NA,NA,NA,NA,NA,NA,1,"ASD"
2384,20,14203756,15238519,TRUE,223,2384,0.0011188,0.000762319,0.000416745,0.0521462,FALSE,NA,NA,NA,NA,NA,NA,2,NA
2385,20,15238520,15962576,TRUE,242,1736,0.00178579,NA,4.97988e-07,NA,FALSE,NA,NA,NA,NA,NA,NA,1,"ASD"
2386,20,15962577,16661516,TRUE,246,2206,0.000708617,0.000585273,0.0149651,0.112916,FALSE,NA,NA,NA,NA,NA,NA,2,NA
2387,20,16661517,17359290,TRUE,232,1953,0.000954307,9.32756e-05,0.00188261,0.408893,FALSE,NA,NA,NA,NA,NA,NA,2,NA
2388,20,17359291,18058524,TRUE,259,1883,0.000574309,NA,0.0452343,NA,FALSE,NA,NA,NA,NA,NA,NA,1,"ASD"
2389,20,18058525,18959419,TRUE,181,2397,0.000932962,0.000584374,0.000891712,0.0817246,FALSE,NA,NA,NA,NA,NA,NA,2,NA
2390,20,18959420,19957928,TRUE,306,2359,0.00172868,0.000114119,6.45313e-06,0.405349,FALSE,NA,NA,NA,NA,NA,NA,2,NA
2391,20,19957929,21682377,TRUE,299,2750,0.00181384,0.000800342,2.13827e-06,0.0685738,FALSE,NA,NA,NA,NA,NA,NA,2,NA
2392,20,21682378,22780956,TRUE,129,1887,0.000684419,NA,0.00313621,NA,FALSE,NA,NA,NA,NA,NA,NA,1,"ASD"
2393,20,22780957,23808562,TRUE,217,2563,0.000135152,NA,0.314802,NA,FALSE,NA,NA,NA,NA,NA,NA,1,"ASD"
2394,20,23808563,24487128,FALSE,NA,NA,NA,NA,NA,NA,FALSE,NA,NA,NA,NA,NA,NA,NA,NA
2395,20,24487129,25181038,TRUE,125,1927,0.000779812,7.78977e-05,0.00194889,0.394241,FALSE,NA,NA,NA,NA,NA,NA,2,NA
2396,20,25181039,26318858,TRUE,36,1313,0.000519001,2.04131e-05,0.000682446,0.42503,FALSE,NA,NA,NA,NA,NA,NA,2,NA
2397,20,26318859,30569659,TRUE,50,1031,0.00032488,7.46898e-05,0.0354549,0.342784,FALSE,NA,NA,NA,NA,NA,NA,2,NA
2398,20,30569660,32484506,TRUE,285,2641,0.00109218,0.000562899,0.0016205,0.137986,FALSE,NA,NA,NA,NA,NA,NA,2,NA
2399,20,32484507,33890060,TRUE,94,1776,0.000349851,NA,0.0422287,NA,FALSE,NA,NA,NA,NA,NA,NA,1,"ASD"
2400,20,33890061,35990261,TRUE,209,2593,0.00120766,0.000110718,0.000107762,0.389145,FALSE,NA,NA,NA,NA,NA,NA,2,NA
2401,20,35990262,37253657,TRUE,269,2160,0.000687909,0.00073638,0.0238637,0.0745202,FALSE,NA,NA,NA,NA,NA,NA,2,NA
2402,20,37253658,38427594,TRUE,230,2440,0.00152186,NA,4.2746e-06,NA,FALSE,NA,NA,NA,NA,NA,NA,1,"ASD"
2403,20,38427595,40272390,TRUE,322,3203,0.00120115,0.000224478,0.00105332,0.33289,FALSE,NA,NA,NA,NA,NA,NA,2,NA
2404,20,40272391,41351514,TRUE,357,2604,0.000972482,NA,0.00731084,NA,FALSE,NA,NA,NA,NA,NA,NA,1,"ASD"
2405,20,41351515,42185671,TRUE,267,1662,0.0013131,0.000375442,0.000142092,0.221767,FALSE,NA,NA,NA,NA,NA,NA,2,NA
2406,20,42185672,43008890,TRUE,228,1660,0.000891485,NA,0.00383986,NA,FALSE,NA,NA,NA,NA,NA,NA,1,"ASD"
2407,20,43008891,44072210,TRUE,232,1727,0.00132347,NA,8.31078e-05,NA,FALSE,NA,NA,NA,NA,NA,NA,1,"ASD"
2408,20,44072211,45673603,TRUE,393,3490,0.00315266,NA,7.34718e-12,NA,FALSE,NA,NA,NA,NA,NA,NA,1,"ASD"
2409,20,45673604,46486132,TRUE,216,1719,0.00121445,NA,0.000159495,NA,FALSE,NA,NA,NA,NA,NA,NA,1,"ASD"
2410,20,46486133,47203836,TRUE,243,1713,0.000630318,0.000224225,0.0271448,0.310263,FALSE,NA,NA,NA,NA,NA,NA,2,NA
2411,20,47203837,48212975,TRUE,177,2300,0.000980849,0.0003601,0.000476181,0.185097,FALSE,NA,NA,NA,NA,NA,NA,2,NA
2412,20,48212976,49236418,TRUE,274,2338,0.00118034,NA,0.000576825,NA,FALSE,NA,NA,NA,NA,NA,NA,1,"ASD"
2413,20,49236419,50653620,TRUE,423,3378,0.00166973,0.00110773,0.000126877,0.0424499,TRUE,-0.144786,-0.144786,FALSE,-1,0.54796,0.647379,2,NA
2414,20,50653621,51533750,TRUE,124,1826,0.000298298,0.000153032,0.0942456,0.314085,FALSE,NA,NA,NA,NA,NA,NA,2,NA
2415,20,51533751,52411532,TRUE,297,1620,0.00162497,0.000187799,1.64487e-05,0.351576,FALSE,NA,NA,NA,NA,NA,NA,2,NA
2416,20,52411533,53120334,TRUE,225,1787,0.000484917,7.71821e-05,0.0649027,0.42107,FALSE,NA,NA,NA,NA,NA,NA,2,NA
2417,20,53120335,53879803,TRUE,118,1713,0.000337316,0.00016683,0.0799979,0.295977,FALSE,NA,NA,NA,NA,NA,NA,2,NA
2418,20,53879804,54743694,TRUE,138,1650,0.000835462,0.000247201,0.0011864,0.238393,FALSE,NA,NA,NA,NA,NA,NA,2,NA
2419,20,54743695,55448075,TRUE,234,1529,0.000539992,NA,0.053867,NA,FALSE,NA,NA,NA,NA,NA,NA,1,"ASD"
2420,20,55448076,56172843,TRUE,362,2194,0.000442008,0.000403156,0.125043,0.239535,FALSE,NA,NA,NA,NA,NA,NA,2,NA
2421,20,56172844,56951773,TRUE,275,1763,0.000997626,NA,0.00365053,NA,FALSE,NA,NA,NA,NA,NA,NA,1,"ASD"
2422,20,56951774,57924037,TRUE,295,1819,0.000905813,NA,0.00766089,NA,FALSE,NA,NA,NA,NA,NA,NA,1,"ASD"
2423,20,57924038,58780894,TRUE,265,1583,0.00117001,NA,0.000871174,NA,FALSE,NA,NA,NA,NA,NA,NA,1,"ASD"
2424,20,58780895,59560457,TRUE,207,1776,0.000626761,0.000679264,0.020836,0.0657129,FALSE,NA,NA,NA,NA,NA,NA,2,NA
2425,20,59560458,60125333,TRUE,179,1615,0.000928183,NA,0.00125943,NA,FALSE,NA,NA,NA,NA,NA,NA,1,"ASD"
2426,20,60125334,60766557,TRUE,218,1501,0.000463718,0.000176709,0.0790789,0.337484,FALSE,NA,NA,NA,NA,NA,NA,2,NA
2427,20,60766558,61470768,TRUE,226,1566,0.000912853,0.00041188,0.00876457,0.182647,FALSE,NA,NA,NA,NA,NA,NA,2,NA
2428,20,61470769,62179241,TRUE,310,1977,0.000546649,6.45333e-05,0.101017,0.441762,FALSE,NA,NA,NA,NA,NA,NA,2,NA
2429,20,62179242,62963627,TRUE,171,1557,0.00115872,0.000579985,0.000205572,0.0777886,FALSE,NA,NA,NA,NA,NA,NA,2,NA
2430,21,9411245,15026792,FALSE,NA,NA,NA,NA,NA,NA,FALSE,NA,NA,NA,NA,NA,NA,NA,NA
2431,21,15026793,15840033,TRUE,114,1600,0.000374213,NA,0.0488371,NA,FALSE,NA,NA,NA,NA,NA,NA,1,"ASD"
2432,21,15840034,16873443,TRUE,253,1957,0.00166502,NA,3.05528e-06,NA,FALSE,NA,NA,NA,NA,NA,NA,1,"ASD"
2433,21,16873444,18222037,TRUE,170,1668,0.00098225,0.000576613,0.000564535,0.0783591,FALSE,NA,NA,NA,NA,NA,NA,2,NA
2434,21,18222038,19479024,TRUE,253,2617,0.00134339,0.000415009,9.5676e-05,0.193753,FALSE,NA,NA,NA,NA,NA,NA,2,NA
2435,21,19479025,20407307,TRUE,245,2274,0.00166582,NA,3.03575e-06,NA,FALSE,NA,NA,NA,NA,NA,NA,1,"ASD"
2436,21,20407308,21632916,TRUE,249,3051,0.00163997,NA,2.65164e-06,NA,FALSE,NA,NA,NA,NA,NA,NA,1,"ASD"
2437,21,21632917,22201890,TRUE,169,1784,0.000668088,NA,0.00955042,NA,FALSE,NA,NA,NA,NA,NA,NA,1,"ASD"
2438,21,22201891,23266941,TRUE,226,2810,0.00111354,0.000487964,0.00046095,0.144153,FALSE,NA,NA,NA,NA,NA,NA,2,NA
2439,21,23266942,24055941,TRUE,176,1638,0.000970009,NA,0.000824632,NA,FALSE,NA,NA,NA,NA,NA,NA,1,"ASD"
2440,21,24055942,25247986,TRUE,266,3039,0.00128724,NA,0.000216258,NA,FALSE,NA,NA,NA,NA,NA,NA,1,"ASD"
2441,21,25247987,26467826,TRUE,220,3205,0.00105236,NA,0.000690231,NA,FALSE,NA,NA,NA,NA,NA,NA,1,"ASD"
2442,21,26467827,27774350,TRUE,267,2812,0.000785255,NA,0.0108577,NA,FALSE,NA,NA,NA,NA,NA,NA,1,"ASD"
2443,21,27774351,28616539,TRUE,224,2409,9.28383e-05,NA,0.368511,NA,FALSE,NA,NA,NA,NA,NA,NA,1,"ASD"
2444,21,28616540,29449870,TRUE,179,1872,0.000674504,0.000597206,0.00950324,0.0764627,FALSE,NA,NA,NA,NA,NA,NA,2,NA
2445,21,29449871,30847296,TRUE,129,3053,0.000597385,0.000476251,0.00743834,0.0894073,FALSE,NA,NA,NA,NA,NA,NA,2,NA
2446,21,30847297,32202239,TRUE,162,3007,0.000620904,0.000179085,0.0133064,0.311905,FALSE,NA,NA,NA,NA,NA,NA,2,NA
2447,21,32202240,33270272,TRUE,245,2326,0.000740238,NA,0.0167992,NA,FALSE,NA,NA,NA,NA,NA,NA,1,"ASD"
2448,21,33270273,34383794,TRUE,274,2316,0.000545996,NA,0.0541454,NA,FALSE,NA,NA,NA,NA,NA,NA,1,"ASD"
2449,21,34383795,35729261,TRUE,413,2574,0.00332093,NA,1.8424e-12,NA,FALSE,NA,NA,NA,NA,NA,NA,1,"ASD"
2450,21,35729262,37303548,TRUE,393,3404,0.00106392,NA,0.00624095,NA,FALSE,NA,NA,NA,NA,NA,NA,1,"ASD"
2451,21,37303549,38046449,TRUE,175,2141,0.00053313,NA,0.0281623,NA,FALSE,NA,NA,NA,NA,NA,NA,1,"ASD"
2452,21,38046450,39252059,TRUE,298,2767,0.000478962,NA,0.0868527,NA,FALSE,NA,NA,NA,NA,NA,NA,1,"ASD"
2453,21,39252060,40480831,TRUE,351,2592,0.000724703,NA,0.0321741,NA,FALSE,NA,NA,NA,NA,NA,NA,1,"ASD"
2454,21,40480832,41344742,TRUE,216,2502,0.000715944,NA,0.0109378,NA,FALSE,NA,NA,NA,NA,NA,NA,1,"ASD"
2455,21,41344743,42187152,TRUE,276,2317,0.00252214,0.000188353,2.52143e-10,0.346016,FALSE,NA,NA,NA,NA,NA,NA,2,NA
2456,21,42187153,43081434,TRUE,366,2160,0.00150423,NA,0.000257476,NA,FALSE,NA,NA,NA,NA,NA,NA,1,"ASD"
2457,21,43081435,43812791,TRUE,448,2489,0.00190415,0.000536985,3.62373e-05,0.200689,FALSE,NA,NA,NA,NA,NA,NA,2,NA
2458,21,43812792,44815008,TRUE,340,2963,0.000897646,NA,0.0115552,NA,FALSE,NA,NA,NA,NA,NA,NA,1,"ASD"
2459,21,44815009,46045433,TRUE,345,2604,0.00170856,NA,5.46432e-05,NA,FALSE,NA,NA,NA,NA,NA,NA,1,"ASD"
2460,21,46045434,47014880,TRUE,329,2739,0.00203176,NA,2.19178e-06,NA,FALSE,NA,NA,NA,NA,NA,NA,1,"ASD"
2461,21,47014881,48119633,TRUE,218,2814,0.000980464,NA,0.00177435,NA,FALSE,NA,NA,NA,NA,NA,NA,1,"ASD"
2462,22,16050213,17587474,TRUE,57,554,5.50373e-05,NA,0.358408,NA,FALSE,NA,NA,NA,NA,NA,NA,1,"ASD"
2463,22,17587475,18535225,TRUE,277,2184,0.00103998,NA,0.00274773,NA,FALSE,NA,NA,NA,NA,NA,NA,1,"ASD"
2464,22,18535226,19635654,TRUE,191,1942,0.00138803,0.00100186,2.45276e-05,0.0124726,TRUE,0.119994,0.119994,FALSE,-0.57594,0.78274,0.667428,2,NA
2465,22,19635655,20969184,TRUE,240,1923,0.00133757,0.000451617,0.000155313,0.16863,FALSE,NA,NA,NA,NA,NA,NA,2,NA
2466,22,20969185,22404422,TRUE,153,1780,0.000584802,NA,0.0230738,NA,FALSE,NA,NA,NA,NA,NA,NA,1,"ASD"
2467,22,22404423,23143364,TRUE,61,924,0.000111558,NA,0.257133,NA,FALSE,NA,NA,NA,NA,NA,NA,1,"ASD"
2468,22,23143365,23950732,TRUE,137,1243,0.000139553,0.000328916,0.282109,0.176421,FALSE,NA,NA,NA,NA,NA,NA,2,NA
2469,22,23950733,25282436,TRUE,193,2416,0.00192142,4.2594e-05,1.47253e-08,0.446678,FALSE,NA,NA,NA,NA,NA,NA,2,NA
2470,22,25282437,26166934,TRUE,143,1304,0.00123705,NA,2.31725e-05,NA,FALSE,NA,NA,NA,NA,NA,NA,1,"ASD"
2471,22,26166935,27192923,TRUE,373,2658,0.000773972,NA,0.0268567,NA,FALSE,NA,NA,NA,NA,NA,NA,1,"ASD"
2472,22,27192924,27952441,TRUE,395,2209,0.00143026,0.0004909,0.000690638,0.206548,FALSE,NA,NA,NA,NA,NA,NA,2,NA
2473,22,27952442,29457601,TRUE,265,2489,0.000727152,NA,0.0202052,NA,FALSE,NA,NA,NA,NA,NA,NA,1,"ASD"
2474,22,29457602,30962255,TRUE,275,2998,0.00133588,NA,0.000142383,NA,FALSE,NA,NA,NA,NA,NA,NA,1,"ASD"
2475,22,30962256,31904549,TRUE,184,1881,0.000997619,NA,0.000461235,NA,FALSE,NA,NA,NA,NA,NA,NA,1,"ASD"
2476,22,31904550,32662293,TRUE,110,1949,0.000701387,NA,0.00139214,NA,FALSE,NA,NA,NA,NA,NA,NA,1,"ASD"
2477,22,32662294,33501725,TRUE,283,2401,0.000631699,0.000130105,0.0370735,0.389853,FALSE,NA,NA,NA,NA,NA,NA,2,NA
2478,22,33501726,34361897,TRUE,256,2190,0.00125665,NA,0.0002405,NA,FALSE,NA,NA,NA,NA,NA,NA,1,"ASD"
2479,22,34361898,35368341,TRUE,185,3062,0.00140598,0.00040924,3.56975e-06,0.161324,FALSE,NA,NA,NA,NA,NA,NA,2,NA
2480,22,35368342,36135968,TRUE,193,1761,0.000786447,NA,0.00501475,NA,FALSE,NA,NA,NA,NA,NA,NA,1,"ASD"
2481,22,36135969,37364004,TRUE,278,2359,0.00127564,NA,0.000401568,NA,FALSE,NA,NA,NA,NA,NA,NA,1,"ASD"
2482,22,37364005,38718589,TRUE,352,2640,0.00186087,0.000472623,8.0057e-06,0.202015,FALSE,NA,NA,NA,NA,NA,NA,2,NA
2483,22,38718590,40378783,TRUE,312,2672,0.00149894,NA,0.000104275,NA,FALSE,NA,NA,NA,NA,NA,NA,1,"ASD"
2484,22,40378784,41722787,TRUE,111,1681,0.000513178,NA,0.0115647,NA,FALSE,NA,NA,NA,NA,NA,NA,1,"ASD"
2485,22,41722788,42867927,TRUE,158,1914,0.000586067,0.000694265,0.0147772,0.0410942,TRUE,0.0639775,0.0639775,FALSE,-1,1,0.878243,2,NA
2486,22,42867928,43574017,TRUE,163,1699,0.000861353,0.000334888,0.00127903,0.191953,FALSE,NA,NA,NA,NA,NA,NA,2,NA
2487,22,43574018,44409533,TRUE,270,2273,0.00238788,NA,2.36579e-09,NA,FALSE,NA,NA,NA,NA,NA,NA,1,"ASD"
2488,22,44409534,45170649,TRUE,378,2060,0.00145529,NA,0.000619762,NA,FALSE,NA,NA,NA,NA,NA,NA,1,"ASD"
2489,22,45170650,46351048,TRUE,394,2964,0.000393879,NA,0.170796,NA,FALSE,NA,NA,NA,NA,NA,NA,1,"ASD"
2490,22,46351049,47299625,TRUE,271,2113,0.000775429,NA,0.0182864,NA,FALSE,NA,NA,NA,NA,NA,NA,1,"ASD"
2491,22,47299626,48269177,TRUE,285,2459,0.00047029,NA,0.0918804,NA,FALSE,NA,NA,NA,NA,NA,NA,1,"ASD"
2492,22,48269178,48977538,TRUE,286,1898,0.000774758,NA,0.0188429,NA,FALSE,NA,NA,NA,NA,NA,NA,1,"ASD"
2493,22,48977539,49559207,TRUE,331,2659,0.001308,NA,0.000860102,NA,FALSE,NA,NA,NA,NA,NA,NA,1,"ASD"
2494,22,49559208,50347996,TRUE,268,2482,0.000655897,NA,0.0375909,NA,FALSE,NA,NA,NA,NA,NA,NA,1,"ASD"
2495,22,50347997,51244236,TRUE,293,2107,0.00259186,NA,1.20483e-09,NA,FALSE,NA,NA,NA,NA,NA,NA,1,"ASD"
