"locus","chr","start","stop","processed","K","n_snps","h2_ASD","h2_ADHD","p_ASD","p_ADHD","gate_pass","rho_hat","rho_raw","paramlim_drop","rho_lower","rho_upper","bivar_p","n_pheno_returned","dropped_pheno"
1,1,10539,1376204,FALSE,NA,NA,NA,NA,NA,NA,FALSE,NA,NA,NA,NA,NA,NA,NA,NA
2,1,1376205,2215495,TRUE,57,706,NA,7.41553e-05,NA,0.0797804,FALSE,NA,NA,NA,NA,NA,NA,1,"ASD"
3,1,2215496,2983519,TRUE,54,668,0.000318693,8.80287e-05,0.0849673,0.044812,FALSE,NA,NA,NA,NA,NA,NA,2,NA
4,1,2983520,3582047,TRUE,87,664,0.000194885,1.08996e-05,0.238022,0.414688,FALSE,NA,NA,NA,NA,NA,NA,2,NA
5,1,3582048,4281476,TRUE,125,1368,NA,7.5778e-05,NA,0.156517,FALSE,NA,NA,NA,NA,NA,NA,1,"ASD"
6,1,4281477,4773403,TRUE,254,1800,5.16237e-05,0.000534007,0.44615,2.08142e-06,FALSE,NA,NA,NA,NA,NA,NA,2,NA
7,1,4773404,5362404,TRUE,286,1721,NA,9.98857e-05,NA,0.177834,FALSE,NA,NA,NA,NA,NA,NA,1,"ASD"
8,1,5362405,6136814,TRUE,225,1640,0.000655836,0.000588309,0.080007,1.23365e-07,FALSE,NA,NA,NA,NA,NA,NA,2,NA
9,1,6136815,7711794,TRUE,365,2780,0.000953294,0.000165644,0.0548516,0.0966552,FALSE,NA,NA,NA,NA,NA,NA,2,NA
10,1,7711795,8580987,TRUE,230,1792,0.000824857,0.000288711,0.0423197,0.00311187,TRUE,-0.793346,-0.793346,FALSE,-1,-0.03503,0.0360168,2,NA
11,1,8580988,9475966,TRUE,296,1623,0.000531454,8.01072e-05,0.155454,0.232477,FALSE,NA,NA,NA,NA,NA,NA,2,NA
12,1,9475967,10753427,TRUE,191,1893,NA,0.000121264,NA,0.0924169,FALSE,NA,NA,NA,NA,NA,NA,1,"ASD"
13,1,10753428,11709173,TRUE,173,1563,0.000465642,0.000250034,0.124818,0.00628775,FALSE,NA,NA,NA,NA,NA,NA,2,NA
14,1,11709174,13481025,TRUE,207,2048,NA,0.00024194,NA,0.00978686,FALSE,NA,NA,NA,NA,NA,NA,1,"ASD"
15,1,13481026,14720131,TRUE,330,2526,0.000754394,0.000519078,0.0897303,3.10733e-05,FALSE,NA,NA,NA,NA,NA,NA,2,NA
16,1,14720132,15755230,TRUE,374,2473,NA,5.85953e-05,NA,0.314406,FALSE,NA,NA,NA,NA,NA,NA,1,"ASD"
17,1,15755231,16732168,TRUE,161,2110,NA,0.000120584,NA,0.0760487,FALSE,NA,NA,NA,NA,NA,NA,1,"ASD"
18,1,16732169,17557746,TRUE,110,878,NA,0.000281319,NA,0.000195138,FALSE,NA,NA,NA,NA,NA,NA,1,"ASD"
19,1,17557747,18427820,TRUE,247,1935,4.0741e-05,0.000411855,0.45433,0.000125839,FALSE,NA,NA,NA,NA,NA,NA,2,NA
20,1,18427821,19238924,TRUE,343,2057,NA,0.000302771,NA,0.00839454,FALSE,NA,NA,NA,NA,NA,NA,1,"ASD"
21,1,19238925,20556202,TRUE,334,3101,NA,0.000355694,NA,0.00218161,FALSE,NA,NA,NA,NA,NA,NA,1,"ASD"
22,1,20556203,21416121,TRUE,195,1805,NA,0.000280769,NA,0.00206404,FALSE,NA,NA,NA,NA,NA,NA,1,"ASD"
23,1,21416122,22145629,TRUE,228,1721,NA,0.00039393,NA,0.000137519,FALSE,NA,NA,NA,NA,NA,NA,1,"ASD"
24,1,22145630,22740287,TRUE,229,1684,NA,0.000267272,NA,0.00550668,FALSE,NA,NA,NA,NA,NA,NA,1,"ASD"
25,1,22740288,23907045,TRUE,242,1782,NA,0.000483466,NA,9.35663e-06,FALSE,NA,NA,NA,NA,NA,NA,1,"ASD"
26,1,23907046,25885138,TRUE,390,3037,NA,0.000289949,NA,0.0149176,FALSE,NA,NA,NA,NA,NA,NA,1,"ASD"
27,1,25885139,27992665,TRUE,240,2571,NA,0.000340514,NA,0.000864225,FALSE,NA,NA,NA,NA,NA,NA,1,"ASD"
28,1,27992666,29188426,TRUE,147,1607,NA,0.000162406,NA,0.027763,FALSE,NA,NA,NA,NA,NA,NA,1,"ASD"
29,1,29188427,30405182,TRUE,292,2138,NA,0.000364679,NA,0.00108015,FALSE,NA,NA,NA,NA,NA,NA,1,"ASD"
30,1,30405183,31639217,TRUE,306,2740,NA,0.000210525,NA,0.0367672,FALSE,NA,NA,NA,NA,NA,NA,1,"ASD"
31,1,31639218,33066846,TRUE,188,1896,5.48202e-06,0.000500411,0.481064,6.77508e-07,FALSE,NA,NA,NA,NA,NA,NA,2,NA
32,1,33066847,34371022,TRUE,232,1977,NA,0.000198393,NA,0.0260054,FALSE,NA,NA,NA,NA,NA,NA,1,"ASD"
33,1,34371023,35201626,TRUE,273,1910,NA,0.00065619,NA,1.11017e-07,FALSE,NA,NA,NA,NA,NA,NA,1,"ASD"
34,1,35201627,36855139,TRUE,146,1343,NA,0.000246837,NA,0.00288644,FALSE,NA,NA,NA,NA,NA,NA,1,"ASD"
35,1,36855140,38474036,TRUE,368,3082,NA,0.000443981,NA,0.000428013,FALSE,NA,NA,NA,NA,NA,NA,1,"ASD"
36,1,38474037,40200950,TRUE,363,3008,NA,0.000582673,NA,9.20298e-06,FALSE,NA,NA,NA,NA,NA,NA,1,"ASD"
37,1,40200951,41093875,TRUE,182,1692,NA,0.00028675,NA,0.00140676,FALSE,NA,NA,NA,NA,NA,NA,1,"ASD"
38,1,41093876,41977966,TRUE,266,2084,NA,0.000425073,NA,0.000133382,FALSE,NA,NA,NA,NA,NA,NA,1,"ASD"
39,1,41977967,43512669,TRUE,242,2843,0.00101029,0.000259771,0.0208451,0.00778076,TRUE,0.291624,0.291624,FALSE,-0.80633,1,0.427005,2,NA
40,1,43512670,45167235,TRUE,303,2808,0.000989383,0.00072574,0.035554,2.46589e-08,TRUE,-0.173451,-0.173451,FALSE,-1,0.34497,0.521591,2,NA
41,1,45167236,47257261,TRUE,213,3064,NA,0.000562741,NA,1.50189e-07,FALSE,NA,NA,NA,NA,NA,NA,1,"ASD"
42,1,47257262,48105233,TRUE,145,1428,1.54237e-05,0.000290603,0.467699,0.00040678,FALSE,NA,NA,NA,NA,NA,NA,2,NA
43,1,48105234,49185414,TRUE,241,1923,NA,0.000411128,NA,0.000120258,FALSE,NA,NA,NA,NA,NA,NA,1,"ASD"
44,1,49185415,51777577,TRUE,162,2611,NA,0.000197433,NA,0.011973,FALSE,NA,NA,NA,NA,NA,NA,1,"ASD"
45,1,51777578,53114186,TRUE,129,1731,0.000421398,0.000153287,0.114876,0.0254552,FALSE,NA,NA,NA,NA,NA,NA,2,NA
46,1,53114187,54771293,TRUE,353,3227,NA,0.000486015,NA,0.00014815,FALSE,NA,NA,NA,NA,NA,NA,1,"ASD"
47,1,54771294,55727134,TRUE,332,2316,NA,0.00022059,NA,0.037035,FALSE,NA,NA,NA,NA,NA,NA,1,"ASD"
48,1,55727135,56799636,TRUE,242,2690,0.000608898,0.000328359,0.102607,0.00130163,FALSE,NA,NA,NA,NA,NA,NA,2,NA
49,1,56799637,57529670,TRUE,187,1708,NA,1.01837e-05,NA,0.441392,FALSE,NA,NA,NA,NA,NA,NA,1,"ASD"
50,1,57529671,58387483,TRUE,230,1944,0.000308624,0.000292398,0.246757,0.0030002,FALSE,NA,NA,NA,NA,NA,NA,2,NA
51,1,58387484,59889045,TRUE,346,3201,NA,0.000405929,NA,0.000867143,FALSE,NA,NA,NA,NA,NA,NA,1,"ASD"
52,1,59889046,61377615,TRUE,325,2554,0.000883857,0.000824031,0.058083,7.39725e-10,FALSE,NA,NA,NA,NA,NA,NA,2,NA
53,1,61377616,62778733,TRUE,409,2936,NA,0.000697527,NA,1.00069e-06,FALSE,NA,NA,NA,NA,NA,NA,1,"ASD"
54,1,62778734,64344226,TRUE,344,2936,NA,0.000222095,NA,0.0363032,FALSE,NA,NA,NA,NA,NA,NA,1,"ASD"
55,1,64344227,65894184,TRUE,305,2843,0.000964083,0.000470277,0.0395446,8.15042e-05,TRUE,-0.256543,-0.256543,FALSE,-1,0.34646,0.42352,2,NA
56,1,65894185,66778015,TRUE,140,1775,0.000731509,0.000192937,0.0272503,0.00911351,TRUE,0.267513,0.267513,FALSE,-0.85315,1,0.496204,2,NA
57,1,66778016,67761890,TRUE,198,2256,0.000463696,0.000333046,0.140759,0.000421903,FALSE,NA,NA,NA,NA,NA,NA,2,NA
58,1,67761891,68633860,TRUE,227,1758,0.000295239,0.000234765,0.254281,0.0126877,FALSE,NA,NA,NA,NA,NA,NA,2,NA
59,1,68633861,69438909,TRUE,160,1783,NA,2.69739e-05,NA,0.357657,FALSE,NA,NA,NA,NA,NA,NA,1,"ASD"
60,1,69438910,70992905,TRUE,292,2675,NA,0.000350796,NA,0.00156929,FALSE,NA,NA,NA,NA,NA,NA,1,"ASD"
61,1,70992906,72513119,TRUE,236,2591,NA,0.00026471,NA,0.00638227,FALSE,NA,NA,NA,NA,NA,NA,1,"ASD"
62,1,72513120,73992170,TRUE,123,2619,2.96361e-05,0.000425974,0.448387,5.13884e-07,FALSE,NA,NA,NA,NA,NA,NA,2,NA
63,1,73992171,75132092,TRUE,140,1732,NA,0.000230527,NA,0.00283159,FALSE,NA,NA,NA,NA,NA,NA,1,"ASD"
64,1,75132093,76097247,TRUE,121,1759,0.000427587,0.000286609,0.105068,0.000181951,FALSE,NA,NA,NA,NA,NA,NA,2,NA
65,1,76097248,76977915,TRUE,185,2151,NA,0.000324367,NA,0.000392587,FALSE,NA,NA,NA,NA,NA,NA,1,"ASD"
66,1,76977916,77895394,TRUE,187,2098,NA,4.64083e-05,NA,0.290885,FALSE,NA,NA,NA,NA,NA,NA,1,"ASD"
67,1,77895395,79065286,TRUE,181,2131,NA,0.000220829,NA,0.00979601,FALSE,NA,NA,NA,NA,NA,NA,1,"ASD"
68,1,79065287,80099353,TRUE,158,2522,NA,9.6718e-05,NA,0.118296,FALSE,NA,NA,NA,NA,NA,NA,1,"ASD"
69,1,80099354,80781442,TRUE,117,1708,NA,0.000163551,NA,0.0157404,FALSE,NA,NA,NA,NA,NA,NA,1,"ASD"
70,1,80781443,82123368,TRUE,332,3190,NA,2.92746e-06,NA,0.480196,FALSE,NA,NA,NA,NA,NA,NA,1,"ASD"
71,1,82123369,83461215,TRUE,264,2961,NA,0.000111734,NA,0.143692,FALSE,NA,NA,NA,NA,NA,NA,1,"ASD"
72,1,83461216,84728347,TRUE,190,2073,0.000714984,0.000451557,0.0499892,5.23904e-06,TRUE,0.268376,0.268376,FALSE,-0.52159,1,0.398795,2,NA
73,1,84728348,86017267,TRUE,339,2951,0.000310979,0.000419207,0.283804,0.000519716,FALSE,NA,NA,NA,NA,NA,NA,2,NA
74,1,86017268,86761554,TRUE,160,1911,6.49312e-05,0.000242982,0.419011,0.00308078,FALSE,NA,NA,NA,NA,NA,NA,2,NA
75,1,86761555,87667572,TRUE,123,1745,0.000260006,2.65771e-05,0.21565,0.341813,FALSE,NA,NA,NA,NA,NA,NA,2,NA
76,1,87667573,88656689,TRUE,263,1721,NA,0.000438512,NA,8.65271e-05,FALSE,NA,NA,NA,NA,NA,NA,1,"ASD"
77,1,88656690,89753964,TRUE,154,1984,0.000235997,0.000107894,0.258813,0.0932726,FALSE,NA,NA,NA,NA,NA,NA,2,NA
78,1,89753965,90941549,TRUE,257,1988,0.000375139,0.000522488,0.217754,4.27035e-06,FALSE,NA,NA,NA,NA,NA,NA,2,NA
79,1,90941550,91870059,TRUE,223,1892,NA,0.000405943,NA,8.97517e-05,FALSE,NA,NA,NA,NA,NA,NA,1,"ASD"
80,1,91870060,92904465,TRUE,236,1980,6.25368e-05,0.000277525,0.435046,0.0047869,FALSE,NA,NA,NA,NA,NA,NA,2,NA
81,1,92904466,94168576,TRUE,133,1795,NA,0.000140089,NA,0.0359957,FALSE,NA,NA,NA,NA,NA,NA,1,"ASD"
82,1,94168577,95122541,TRUE,213,1883,NA,0.000221909,NA,0.014206,FALSE,NA,NA,NA,NA,NA,NA,1,"ASD"
83,1,95122542,96147576,TRUE,260,2477,NA,0.000533085,NA,3.75075e-06,FALSE,NA,NA,NA,NA,NA,NA,1,"ASD"
84,1,96147577,97721186,TRUE,289,3061,0.00125133,0.000794037,0.0107925,4.46016e-10,TRUE,0.593518,0.593518,FALSE,0.18867,1,0.0104186,2,NA
85,1,97721187,99425000,TRUE,298,3360,0.00158306,0.000706507,0.00240087,2.07762e-08,TRUE,-0.140215,-0.140215,FALSE,-0.79846,0.27667,0.522166,2,NA
86,1,99425001,100269207,FALSE,NA,NA,NA,NA,NA,NA,FALSE,NA,NA,NA,NA,NA,NA,NA,NA
87,1,100269208,101188315,TRUE,116,1625,NA,0.00010335,NA,0.077337,FALSE,NA,NA,NA,NA,NA,NA,1,"ASD"
88,1,101188316,102424611,FALSE,NA,NA,NA,NA,NA,NA,FALSE,NA,NA,NA,NA,NA,NA,NA,NA
89,1,102424612,103148412,TRUE,96,1679,1.25305e-05,7.97625e-05,0.464166,0.107536,FALSE,NA,NA,NA,NA,NA,NA,2,NA
90,1,103148413,103784541,TRUE,57,1844,NA,0.000174728,NA,0.00103773,FALSE,NA,NA,NA,NA,NA,NA,1,"ASD"
91,1,103784542,104984435,TRUE,144,1785,0.000663299,0.000430726,0.0412515,1.74821e-06,TRUE,0.685377,0.685377,FALSE,0.12876,1,0.0273128,2,NA
92,1,104984436,106089656,TRUE,136,3073,0.000423396,0.000231125,0.119505,0.00252056,FALSE,NA,NA,NA,NA,NA,NA,2,NA
93,1,106089657,106864947,TRUE,126,1575,NA,0.000184772,NA,0.00937024,FALSE,NA,NA,NA,NA,NA,NA,1,"ASD"
94,1,106864948,107874653,TRUE,189,1792,3.52302e-05,0.000189236,0.453025,0.0210895,FALSE,NA,NA,NA,NA,NA,NA,2,NA
95,1,107874654,109271449,TRUE,286,2593,0.00119744,0.000255281,0.0133665,0.0133581,TRUE,0.273344,0.273344,FALSE,-0.72182,1,0.455029,2,NA
96,1,109271450,110224230,TRUE,243,1857,0.000334002,9.97528e-05,0.236332,0.161262,FALSE,NA,NA,NA,NA,NA,NA,2,NA
97,1,110224231,111134062,TRUE,257,1535,0.000127563,0.000510353,0.386597,7.9692e-06,FALSE,NA,NA,NA,NA,NA,NA,2,NA
98,1,111134063,112489248,TRUE,409,3290,0.000913905,0.000403412,0.0725342,0.00172298,FALSE,NA,NA,NA,NA,NA,NA,2,NA
99,1,112489249,113418037,TRUE,253,1697,3.54875e-05,0.000335193,0.459143,0.00149177,FALSE,NA,NA,NA,NA,NA,NA,2,NA
100,1,113418038,114664387,TRUE,221,1928,NA,0.000209755,NA,0.0223045,FALSE,NA,NA,NA,NA,NA,NA,1,"ASD"
101,1,114664388,116207297,TRUE,363,3449,NA,0.000376743,NA,0.00206161,FALSE,NA,NA,NA,NA,NA,NA,1,"ASD"
102,1,116207298,117046311,TRUE,189,1647,0.00013421,0.000180423,0.362887,0.0264804,FALSE,NA,NA,NA,NA,NA,NA,2,NA
103,1,117046312,118118667,TRUE,242,1755,NA,0.000878259,NA,5.02892e-13,FALSE,NA,NA,NA,NA,NA,NA,1,"ASD"
104,1,118118668,119408888,TRUE,227,2428,NA,0.000172253,NA,0.0434407,FALSE,NA,NA,NA,NA,NA,NA,1,"ASD"
105,1,119408889,120345066,TRUE,215,1784,NA,0.000131878,NA,0.0846406,FALSE,NA,NA,NA,NA,NA,NA,1,"ASD"
106,1,120345067,145803848,TRUE,42,398,NA,0.000178503,NA,0.000561748,FALSE,NA,NA,NA,NA,NA,NA,1,"ASD"
107,1,145803849,147083835,TRUE,94,1490,9.50764e-05,0.000222763,0.357559,0.00145957,FALSE,NA,NA,NA,NA,NA,NA,2,NA
108,1,147083836,149716037,TRUE,92,829,0.000789106,0.000189811,0.00707111,0.0047301,TRUE,0.496574,0.496574,FALSE,-0.27796,1,0.152016,2,NA
109,1,149716038,151146407,TRUE,121,1755,0.000117108,0.000114947,0.349532,0.0604619,FALSE,NA,NA,NA,NA,NA,NA,2,NA
110,1,151146408,152535630,TRUE,207,1902,NA,0.000255849,NA,0.00511984,FALSE,NA,NA,NA,NA,NA,NA,1,"ASD"
111,1,152535631,153410809,TRUE,120,1582,NA,0.000202822,NA,0.00428175,FALSE,NA,NA,NA,NA,NA,NA,1,"ASD"
112,1,153410810,154685545,TRUE,195,1730,0.000302233,0.000326875,0.233674,0.000531451,FALSE,NA,NA,NA,NA,NA,NA,2,NA
113,1,154685546,156813845,TRUE,436,2623,NA,0.000721948,NA,8.29655e-07,FALSE,NA,NA,NA,NA,NA,NA,1,"ASD"
114,1,156813846,158081627,TRUE,324,2820,NA,0.000310568,NA,0.00543705,FALSE,NA,NA,NA,NA,NA,NA,1,"ASD"
115,1,158081628,158900369,FALSE,NA,NA,NA,NA,NA,NA,FALSE,NA,NA,NA,NA,NA,NA,NA,NA
116,1,158900370,159882515,TRUE,204,1975,0.000670945,2.24716e-05,0.0666545,0.393111,FALSE,NA,NA,NA,NA,NA,NA,2,NA
117,1,159882516,161054076,TRUE,290,2156,0.000915049,0.000496807,0.0435695,2.66972e-05,TRUE,-0.162676,-0.162676,FALSE,-1,0.44864,0.606056,2,NA
118,1,161054077,161945442,TRUE,178,1697,0.000533299,0.000323027,0.0986157,0.000414239,FALSE,NA,NA,NA,NA,NA,NA,2,NA
119,1,161945443,163141862,TRUE,362,2860,0.000120278,0.000175275,0.408695,0.0822879,FALSE,NA,NA,NA,NA,NA,NA,2,NA
120,1,163141863,163854567,TRUE,113,1723,0.00042736,4.45659e-05,0.0981987,0.2494,FALSE,NA,NA,NA,NA,NA,NA,2,NA
121,1,163854568,164726579,TRUE,164,1524,0.000177218,0.000427744,0.314575,4.72745e-06,FALSE,NA,NA,NA,NA,NA,NA,2,NA
122,1,164726580,165553812,TRUE,295,2060,0.000100497,0.000269133,0.413638,0.0104582,FALSE,NA,NA,NA,NA,NA,NA,2,NA
123,1,165553813,166458031,TRUE,229,1730,3.21181e-05,0.000588396,0.459953,2.12091e-07,FALSE,NA,NA,NA,NA,NA,NA,2,NA
124,1,166458032,167163954,TRUE,172,1901,0.000264979,0.000318156,0.247318,0.000343154,FALSE,NA,NA,NA,NA,NA,NA,2,NA
125,1,167163955,168179086,TRUE,244,1837,NA,0.000296855,NA,0.00318591,FALSE,NA,NA,NA,NA,NA,NA,1,"ASD"
126,1,168179087,169521551,TRUE,332,3192,NA,0.000452449,NA,0.000213897,FALSE,NA,NA,NA,NA,NA,NA,1,"ASD"
127,1,169521552,170193207,TRUE,98,1887,NA,0.000136553,NA,0.022344,FALSE,NA,NA,NA,NA,NA,NA,1,"ASD"
128,1,170193208,171044255,TRUE,161,1752,NA,0.000348978,NA,7.78634e-05,FALSE,NA,NA,NA,NA,NA,NA,1,"ASD"
129,1,171044256,172465153,TRUE,256,3161,NA,7.26945e-05,NA,0.233815,FALSE,NA,NA,NA,NA,NA,NA,1,"ASD"
130,1,172465154,173582511,TRUE,227,1686,NA,2.47446e-05,NA,0.388605,FALSE,NA,NA,NA,NA,NA,NA,1,"ASD"
131,1,173582512,175385220,TRUE,159,2918,0.00105081,0.000279464,0.00566356,0.000952657,TRUE,0.512864,0.512864,FALSE,-0.13029,1,0.0916952,2,NA
132,1,175385221,176449096,TRUE,151,1788,NA,0.000191897,NA,0.0127618,FALSE,NA,NA,NA,NA,NA,NA,1,"ASD"
133,1,176449097,177746472,TRUE,221,2218,NA,0.000440903,NA,2.40425e-05,FALSE,NA,NA,NA,NA,NA,NA,1,"ASD"
134,1,177746473,178915113,TRUE,199,2132,NA,0.000605789,NA,1.08921e-08,FALSE,NA,NA,NA,NA,NA,NA,1,"ASD"
135,1,178915114,180221608,FALSE,NA,NA,NA,NA,NA,NA,FALSE,NA,NA,NA,NA,NA,NA,NA,NA
136,1,180221609,181324205,TRUE,199,2156,NA,0.000248101,NA,0.00565903,FALSE,NA,NA,NA,NA,NA,NA,1,"ASD"
137,1,181324206,182420540,TRUE,279,2362,NA,0.000480728,NA,3.02876e-05,FALSE,NA,NA,NA,NA,NA,NA,1,"ASD"
138,1,182420541,183920616,TRUE,261,2934,NA,0.000232938,NA,0.0166982,FALSE,NA,NA,NA,NA,NA,NA,1,"ASD"
139,1,183920617,184953089,TRUE,211,1900,NA,0.000330344,NA,0.000779686,FALSE,NA,NA,NA,NA,NA,NA,1,"ASD"
140,1,184953090,186179447,TRUE,157,1384,3.71609e-05,3.55365e-05,0.446524,0.32166,FALSE,NA,NA,NA,NA,NA,NA,2,NA
141,1,186179448,187072605,TRUE,125,1729,0.000426549,5.78315e-05,0.108961,0.206828,FALSE,NA,NA,NA,NA,NA,NA,2,NA
142,1,187072606,187757076,TRUE,146,1742,0.000540266,0.000287548,0.0765983,0.000567427,FALSE,NA,NA,NA,NA,NA,NA,2,NA
143,1,187757077,188625772,TRUE,94,2446,NA,0.000277928,NA,7.4193e-05,FALSE,NA,NA,NA,NA,NA,NA,1,"ASD"
144,1,188625773,189904637,FALSE,NA,NA,NA,NA,NA,NA,FALSE,NA,NA,NA,NA,NA,NA,NA,NA
145,1,189904638,191419275,TRUE,182,3181,0.000482294,0.000369016,0.12262,9.93597e-05,FALSE,NA,NA,NA,NA,NA,NA,2,NA
146,1,191419276,192468373,TRUE,161,2066,NA,0.000198885,NA,0.0111792,FALSE,NA,NA,NA,NA,NA,NA,1,"ASD"
147,1,192468374,193575516,TRUE,152,1609,0.000180215,7.91776e-05,0.305475,0.161652,FALSE,NA,NA,NA,NA,NA,NA,2,NA
148,1,193575517,194365688,TRUE,123,2099,0.00060656,0.000314531,0.0432332,9.24951e-05,TRUE,0.713611,0.713611,FALSE,0.10014,1,0.0386047,2,NA
149,1,194365689,195161235,TRUE,94,2304,NA,0.000143258,NA,0.0171226,FALSE,NA,NA,NA,NA,NA,NA,1,"ASD"
150,1,195161236,196179110,TRUE,153,2043,NA,0.000106409,NA,0.0963403,FALSE,NA,NA,NA,NA,NA,NA,1,"ASD"
151,1,196179111,197935821,TRUE,179,2121,NA,0.000355049,NA,0.000131571,FALSE,NA,NA,NA,NA,NA,NA,1,"ASD"
152,1,197935822,199263389,TRUE,239,2684,0.00104513,NA,0.0172775,NA,FALSE,NA,NA,NA,NA,NA,NA,1,"ADHD"
153,1,199263390,200134005,TRUE,184,2364,NA,0.000306774,NA,0.000725445,FALSE,NA,NA,NA,NA,NA,NA,1,"ASD"
154,1,200134006,201067952,TRUE,209,1930,0.000399691,0.000231033,0.180528,0.0103429,FALSE,NA,NA,NA,NA,NA,NA,2,NA
155,1,201067953,202583884,TRUE,471,2980,NA,0.000719482,NA,1.80803e-06,FALSE,NA,NA,NA,NA,NA,NA,1,"ASD"
156,1,202583885,204092537,TRUE,373,2781,NA,0.000401366,NA,0.00147156,FALSE,NA,NA,NA,NA,NA,NA,1,"ASD"
157,1,204092538,205009623,TRUE,251,1840,NA,0.000271485,NA,0.00648556,FALSE,NA,NA,NA,NA,NA,NA,1,"ASD"
158,1,205009624,205917548,TRUE,260,2082,NA,0.000259875,NA,0.00958714,FALSE,NA,NA,NA,NA,NA,NA,1,"ASD"
159,1,205917549,208162951,TRUE,359,2948,NA,0.000127726,NA,0.150391,FALSE,NA,NA,NA,NA,NA,NA,1,"ASD"
160,1,208162952,209711169,TRUE,474,3042,NA,0.000909732,NA,5.6569e-09,FALSE,NA,NA,NA,NA,NA,NA,1,"ASD"
161,1,209711170,211082892,TRUE,354,2940,0.000350335,0.000332426,0.265548,0.00476142,FALSE,NA,NA,NA,NA,NA,NA,2,NA
162,1,211082893,212347582,TRUE,285,3315,NA,0.000500245,NA,2.63955e-05,FALSE,NA,NA,NA,NA,NA,NA,1,"ASD"
163,1,212347583,213958292,TRUE,388,3395,2.67014e-05,0.000721299,0.47277,2.51498e-07,FALSE,NA,NA,NA,NA,NA,NA,2,NA
164,1,213958293,214783872,TRUE,232,1801,NA,0.000249474,NA,0.00836752,FALSE,NA,NA,NA,NA,NA,NA,1,"ASD"
165,1,214783873,215825791,TRUE,153,1704,NA,0.000252593,NA,0.0020698,FALSE,NA,NA,NA,NA,NA,NA,1,"ASD"
166,1,215825792,216658126,TRUE,198,1676,0.000508608,0.000241192,0.120124,0.0063817,FALSE,NA,NA,NA,NA,NA,NA,2,NA
167,1,216658127,217352165,TRUE,222,1687,1.86291e-05,0.00015239,0.471078,0.0633379,FALSE,NA,NA,NA,NA,NA,NA,2,NA
168,1,217352166,218563960,TRUE,294,3103,NA,0.000476948,NA,4.54605e-05,FALSE,NA,NA,NA,NA,NA,NA,1,"ASD"
169,1,218563961,220073132,TRUE,268,3488,0.000205208,3.42986e-05,0.331833,0.36302,FALSE,NA,NA,NA,NA,NA,NA,2,NA
170,1,220073133,220978151,TRUE,160,1829,8.34675e-05,0.000844867,0.400611,6.00342e-15,FALSE,NA,NA,NA,NA,NA,NA,2,NA
171,1,220978152,221856864,TRUE,172,2015,0.000174362,0.000387341,0.320976,3.07523e-05,FALSE,NA,NA,NA,NA,NA,NA,2,NA
172,1,221856865,222763597,TRUE,232,1657,0.000125477,0.000242087,0.382589,0.0101829,FALSE,NA,NA,NA,NA,NA,NA,2,NA
173,1,222763598,223654902,TRUE,172,1582,NA,0.00014061,NA,0.0581944,FALSE,NA,NA,NA,NA,NA,NA,1,"ASD"
174,1,223654903,224943337,TRUE,218,2165,0.000445896,0.000427878,0.160547,3.80889e-05,FALSE,NA,NA,NA,NA,NA,NA,2,NA
175,1,224943338,226534711,TRUE,305,3237,0.00109485,0.000489364,0.0238931,4.57972e-05,TRUE,0.0971767,0.0971767,FALSE,-0.73359,0.6893,0.744565,2,NA
176,1,226534712,228045554,TRUE,301,3700,0.000959801,7.69919e-05,0.0392702,0.241187,FALSE,NA,NA,NA,NA,NA,NA,2,NA
177,1,228045555,229075156,TRUE,200,1742,NA,6.02952e-06,NA,0.460794,FALSE,NA,NA,NA,NA,NA,NA,1,"ASD"
178,1,229075157,230227247,TRUE,243,1697,NA,0.000187237,NA,0.03722,FALSE,NA,NA,NA,NA,NA,NA,1,"ASD"
179,1,230227248,231287764,TRUE,426,3122,NA,0.000644172,NA,5.95561e-06,FALSE,NA,NA,NA,NA,NA,NA,1,"ASD"
180,1,231287765,232177704,TRUE,239,1641,NA,0.000107363,NA,0.142023,FALSE,NA,NA,NA,NA,NA,NA,1,"ASD"
181,1,232177705,232954942,TRUE,292,1888,NA,0.000203575,NA,0.0366802,FALSE,NA,NA,NA,NA,NA,NA,1,"ASD"
182,1,232954943,233639473,TRUE,182,1802,NA,3.81809e-05,NA,0.320215,FALSE,NA,NA,NA,NA,NA,NA,1,"ASD"
183,1,233639474,234365796,TRUE,233,1918,NA,0.000268318,NA,0.00536231,FALSE,NA,NA,NA,NA,NA,NA,1,"ASD"
184,1,234365797,235097113,TRUE,282,1762,NA,0.000313251,NA,0.00399635,FALSE,NA,NA,NA,NA,NA,NA,1,"ASD"
185,1,235097114,236199671,TRUE,149,1658,NA,0.000116687,NA,0.0768978,FALSE,NA,NA,NA,NA,NA,NA,1,"ASD"
186,1,236199672,237409458,TRUE,296,2953,9.88907e-05,0.000102122,0.41496,0.181088,FALSE,NA,NA,NA,NA,NA,NA,2,NA
187,1,237409459,238094455,TRUE,219,1734,0.000185547,NA,0.330877,NA,FALSE,NA,NA,NA,NA,NA,NA,1,"ADHD"
188,1,238094456,238704857,TRUE,137,1825,NA,0.000268542,NA,0.000991186,FALSE,NA,NA,NA,NA,NA,NA,1,"ASD"
189,1,238704858,239332148,TRUE,171,1821,0.00014341,0.000378777,0.347949,3.76233e-05,FALSE,NA,NA,NA,NA,NA,NA,2,NA
190,1,239332149,240248508,TRUE,261,2090,0.000433942,0.000241293,0.187262,0.0137078,FALSE,NA,NA,NA,NA,NA,NA,2,NA
191,1,240248509,241033584,TRUE,226,1536,0.000447842,0.000172153,0.16367,0.0435069,FALSE,NA,NA,NA,NA,NA,NA,2,NA
192,1,241033585,241813534,TRUE,270,1727,NA,0.000165915,NA,0.0649087,FALSE,NA,NA,NA,NA,NA,NA,1,"ASD"
193,1,241813535,242417923,TRUE,192,1538,NA,0.000236342,NA,0.00733731,FALSE,NA,NA,NA,NA,NA,NA,1,"ASD"
194,1,242417924,243048003,TRUE,185,1610,NA,9.02111e-05,NA,0.151384,FALSE,NA,NA,NA,NA,NA,NA,1,"ASD"
195,1,243048004,244723196,TRUE,274,2206,NA,8.78441e-05,NA,0.204674,FALSE,NA,NA,NA,NA,NA,NA,1,"ASD"
196,1,244723197,245970505,TRUE,370,2410,NA,0.000426319,NA,0.00078322,FALSE,NA,NA,NA,NA,NA,NA,1,"ASD"
197,1,245970506,246610290,TRUE,133,1965,NA,0.00014246,NA,0.0346225,FALSE,NA,NA,NA,NA,NA,NA,1,"ASD"
198,1,246610291,247531112,TRUE,294,2408,NA,0.000379467,NA,0.000778446,FALSE,NA,NA,NA,NA,NA,NA,1,"ASD"
199,1,247531113,248341594,TRUE,267,2341,NA,2.6024e-05,NA,0.393184,FALSE,NA,NA,NA,NA,NA,NA,1,"ASD"
200,1,248341595,249240538,TRUE,52,1001,NA,1.63911e-05,NA,0.340475,FALSE,NA,NA,NA,NA,NA,NA,1,"ASD"
201,2,10181,789195,TRUE,182,1684,NA,0.000449869,NA,3.76425e-06,FALSE,NA,NA,NA,NA,NA,NA,1,"ASD"
202,2,789196,1376545,TRUE,126,2035,5.51088e-05,2.89241e-05,0.420045,0.335071,FALSE,NA,NA,NA,NA,NA,NA,2,NA
203,2,1376546,1875060,TRUE,191,1554,0.000516493,5.82482e-05,0.11286,0.253245,FALSE,NA,NA,NA,NA,NA,NA,2,NA
204,2,1875061,2680063,TRUE,253,1845,0.000601077,0.000152403,0.110132,0.0745256,FALSE,NA,NA,NA,NA,NA,NA,2,NA
205,2,2680064,3314202,TRUE,282,1736,NA,0.00024207,NA,0.0176343,FALSE,NA,NA,NA,NA,NA,NA,1,"ASD"
206,2,3314203,4016104,TRUE,263,1759,NA,0.000121507,NA,0.125493,FALSE,NA,NA,NA,NA,NA,NA,1,"ASD"
207,2,4016105,4766969,TRUE,151,1677,NA,9.81156e-05,NA,0.113097,FALSE,NA,NA,NA,NA,NA,NA,1,"ASD"
208,2,4766970,5568653,TRUE,139,1544,9.05268e-06,0.000119346,0.474036,0.0638524,FALSE,NA,NA,NA,NA,NA,NA,2,NA
209,2,5568654,6306606,TRUE,265,2118,NA,0.000391929,NA,0.000503513,FALSE,NA,NA,NA,NA,NA,NA,1,"ASD"
210,2,6306607,7108208,TRUE,200,1688,NA,0.000272987,NA,0.00307473,FALSE,NA,NA,NA,NA,NA,NA,1,"ASD"
211,2,7108209,7966709,TRUE,169,1845,0.000138375,0.000145256,0.351698,0.0478693,FALSE,NA,NA,NA,NA,NA,NA,2,NA
212,2,7966710,8978798,TRUE,200,1522,0.000430856,0.000311057,0.158524,0.00118516,FALSE,NA,NA,NA,NA,NA,NA,2,NA
213,2,8978799,9960670,TRUE,185,1633,NA,0.000239013,NA,0.00582807,FALSE,NA,NA,NA,NA,NA,NA,1,"ASD"
214,2,9960671,10611654,TRUE,250,1871,NA,0.00020164,NA,0.0302833,FALSE,NA,NA,NA,NA,NA,NA,1,"ASD"
215,2,10611655,11230349,TRUE,240,1807,3.81453e-05,0.000392297,0.45584,0.00018298,FALSE,NA,NA,NA,NA,NA,NA,2,NA
216,2,11230350,11995765,TRUE,184,1550,NA,7.55943e-05,NA,0.193309,FALSE,NA,NA,NA,NA,NA,NA,1,"ASD"
217,2,11995766,12732506,TRUE,329,1865,0.00028778,0.00031839,0.294885,0.0050936,FALSE,NA,NA,NA,NA,NA,NA,2,NA
218,2,12732507,13625450,TRUE,125,2062,NA,4.30042e-05,NA,0.264797,FALSE,NA,NA,NA,NA,NA,NA,1,"ASD"
219,2,13625451,14692120,TRUE,194,2541,0.000419767,0.000309054,0.160972,0.000866595,FALSE,NA,NA,NA,NA,NA,NA,2,NA
220,2,14692121,15721703,TRUE,165,1969,0.000494341,0.000183887,0.106734,0.0176764,FALSE,NA,NA,NA,NA,NA,NA,2,NA
221,2,15721704,17241115,TRUE,375,3059,4.73663e-05,0.000330994,0.458447,0.00629036,FALSE,NA,NA,NA,NA,NA,NA,2,NA
222,2,17241116,18656325,TRUE,333,3551,0.000591201,0.000506988,0.144516,4.14476e-05,FALSE,NA,NA,NA,NA,NA,NA,2,NA
223,2,18656326,20064517,TRUE,388,3503,NA,0.000443316,NA,0.000643404,FALSE,NA,NA,NA,NA,NA,NA,1,"ASD"
224,2,20064518,21084898,TRUE,299,2210,0.000147683,0.000495477,0.38016,3.31106e-05,FALSE,NA,NA,NA,NA,NA,NA,2,NA
225,2,21084899,22429640,TRUE,195,2014,NA,0.000452188,NA,7.27517e-06,FALSE,NA,NA,NA,NA,NA,NA,1,"ASD"
226,2,22429641,23538527,TRUE,280,2178,0.000158994,0.000281537,0.368104,0.00712604,FALSE,NA,NA,NA,NA,NA,NA,2,NA
227,2,23538528,24669224,TRUE,238,2652,NA,0.000132975,NA,0.0961461,FALSE,NA,NA,NA,NA,NA,NA,1,"ASD"
228,2,24669225,25895394,TRUE,236,2002,NA,0.0001944,NA,0.0293855,FALSE,NA,NA,NA,NA,NA,NA,1,"ASD"
229,2,25895395,26894102,TRUE,221,1693,NA,0.000141826,NA,0.0761214,FALSE,NA,NA,NA,NA,NA,NA,1,"ASD"
230,2,26894103,28819510,TRUE,330,2880,NA,0.000513125,NA,4.04434e-05,FALSE,NA,NA,NA,NA,NA,NA,1,"ASD"
231,2,28819511,29627932,TRUE,253,1836,NA,0.000249475,NA,0.0105541,FALSE,NA,NA,NA,NA,NA,NA,1,"ASD"
232,2,29627933,30575619,TRUE,278,2047,NA,0.000160605,NA,0.0734848,FALSE,NA,NA,NA,NA,NA,NA,1,"ASD"
233,2,30575620,31457418,TRUE,262,2373,0.000587517,0.000419745,0.118952,0.000165492,FALSE,NA,NA,NA,NA,NA,NA,2,NA
234,2,31457419,33123604,TRUE,307,2609,NA,0.00068664,NA,6.3114e-08,FALSE,NA,NA,NA,NA,NA,NA,1,"ASD"
235,2,33123605,33735318,TRUE,249,1795,0.000251305,0.000265569,0.29325,0.00681854,FALSE,NA,NA,NA,NA,NA,NA,2,NA
236,2,33735319,34239776,TRUE,151,1705,6.15701e-05,0.000136113,0.420148,0.0535547,FALSE,NA,NA,NA,NA,NA,NA,2,NA
237,2,34239777,34890558,TRUE,168,1613,0.00025659,8.20689e-05,0.251294,0.166015,FALSE,NA,NA,NA,NA,NA,NA,2,NA
238,2,34890559,35609257,TRUE,149,1836,0.000134167,6.37183e-05,0.346834,0.2029,FALSE,NA,NA,NA,NA,NA,NA,2,NA
239,2,35609258,36120743,TRUE,117,1808,NA,3.95568e-05,NA,0.273795,FALSE,NA,NA,NA,NA,NA,NA,1,"ASD"
240,2,36120744,36867389,TRUE,246,1903,NA,0.000103334,NA,0.155197,FALSE,NA,NA,NA,NA,NA,NA,1,"ASD"
241,2,36867390,37603360,TRUE,223,1861,NA,0.000421255,NA,6.03503e-05,FALSE,NA,NA,NA,NA,NA,NA,1,"ASD"
242,2,37603361,38887393,TRUE,374,3095,0.000898022,0.000450725,0.0675552,0.000585518,FALSE,NA,NA,NA,NA,NA,NA,2,NA
243,2,38887394,40087418,TRUE,238,1801,NA,0.000164476,NA,0.055083,FALSE,NA,NA,NA,NA,NA,NA,1,"ASD"
244,2,40087419,40786176,TRUE,258,1746,NA,0.000219022,NA,0.0228324,FALSE,NA,NA,NA,NA,NA,NA,1,"ASD"
245,2,40786177,41540439,TRUE,166,1764,0.00025235,2.75397e-05,0.253355,0.357767,FALSE,NA,NA,NA,NA,NA,NA,2,NA
246,2,41540440,42307418,TRUE,203,2257,0.000111344,0.000229177,0.387043,0.00932451,FALSE,NA,NA,NA,NA,NA,NA,2,NA
247,2,42307419,43295776,TRUE,289,2165,NA,0.000498215,NA,2.40562e-05,FALSE,NA,NA,NA,NA,NA,NA,1,"ASD"
248,2,43295777,44104110,TRUE,237,1891,NA,0.000311538,NA,0.0020947,FALSE,NA,NA,NA,NA,NA,NA,1,"ASD"
249,2,44104111,45189468,TRUE,315,2292,0.000174344,0.000625028,0.364749,6.74699e-07,FALSE,NA,NA,NA,NA,NA,NA,2,NA
250,2,45189469,45850047,TRUE,313,1752,NA,1.79966e-06,NA,0.4831,FALSE,NA,NA,NA,NA,NA,NA,1,"ASD"
251,2,45850048,46499326,TRUE,385,1755,NA,0.000600518,NA,8.45339e-06,FALSE,NA,NA,NA,NA,NA,NA,1,"ASD"
252,2,46499327,47320114,TRUE,334,2137,NA,0.000460246,NA,0.000177015,FALSE,NA,NA,NA,NA,NA,NA,1,"ASD"
253,2,47320115,48171058,TRUE,353,1870,NA,0.000336676,NA,0.00454747,FALSE,NA,NA,NA,NA,NA,NA,1,"ASD"
254,2,48171059,49114132,TRUE,257,2150,NA,0.000249823,NA,0.0112064,FALSE,NA,NA,NA,NA,NA,NA,1,"ASD"
255,2,49114133,49849185,TRUE,243,2019,NA,0.000507646,NA,4.52363e-06,FALSE,NA,NA,NA,NA,NA,NA,1,"ASD"
256,2,49849186,50756240,TRUE,228,2151,NA,0.000184639,NA,0.033779,FALSE,NA,NA,NA,NA,NA,NA,1,"ASD"
257,2,50756241,51669493,TRUE,253,2104,0.00034895,0.000418347,0.231489,0.000162711,FALSE,NA,NA,NA,NA,NA,NA,2,NA
258,2,51669494,52494111,TRUE,250,1905,0.000452318,0.000297737,0.172947,0.00332685,FALSE,NA,NA,NA,NA,NA,NA,2,NA
259,2,52494112,53032976,TRUE,123,1760,0.00076603,8.24852e-05,0.0170214,0.125317,FALSE,NA,NA,NA,NA,NA,NA,2,NA
260,2,53032977,53852120,TRUE,261,2296,NA,0.000188226,NA,0.041017,FALSE,NA,NA,NA,NA,NA,NA,1,"ASD"
261,2,53852121,54688234,TRUE,192,1824,NA,0.000236066,NA,0.00679355,FALSE,NA,NA,NA,NA,NA,NA,1,"ASD"
262,2,54688235,55663336,TRUE,273,2375,NA,0.000406145,NA,0.00030805,FALSE,NA,NA,NA,NA,NA,NA,1,"ASD"
263,2,55663337,56394698,TRUE,191,1874,NA,0.000711653,NA,1.8705e-10,FALSE,NA,NA,NA,NA,NA,NA,1,"ASD"
264,2,56394699,57433653,TRUE,231,2198,NA,0.000988132,NA,6.38888e-16,FALSE,NA,NA,NA,NA,NA,NA,1,"ASD"
265,2,57433654,57952945,TRUE,118,1560,NA,0.00031118,NA,5.85626e-05,FALSE,NA,NA,NA,NA,NA,NA,1,"ASD"
266,2,57952946,59251996,TRUE,298,2097,0.00079202,0.00078369,0.0702186,1.26997e-09,FALSE,NA,NA,NA,NA,NA,NA,2,NA
267,2,59251997,60775066,TRUE,495,3132,NA,0.000872617,NA,2.89965e-08,FALSE,NA,NA,NA,NA,NA,NA,1,"ASD"
268,2,60775067,62429910,TRUE,319,2589,NA,0.000406665,NA,0.000655136,FALSE,NA,NA,NA,NA,NA,NA,1,"ASD"
269,2,62429911,63672118,TRUE,260,1908,NA,0.000182734,NA,0.0467208,FALSE,NA,NA,NA,NA,NA,NA,1,"ASD"
270,2,63672119,64696089,TRUE,208,1875,0.000668976,0.000339388,0.0689225,0.000504547,FALSE,NA,NA,NA,NA,NA,NA,2,NA
271,2,64696090,65938002,TRUE,309,2437,0.000294344,0.000223853,0.285089,0.0289086,FALSE,NA,NA,NA,NA,NA,NA,2,NA
272,2,65938003,67224027,TRUE,304,2612,6.34516e-05,0.000552423,0.441994,6.77107e-06,FALSE,NA,NA,NA,NA,NA,NA,2,NA
273,2,67224028,67979828,TRUE,242,2051,0.000814047,8.52527e-05,0.0480157,0.195429,FALSE,NA,NA,NA,NA,NA,NA,2,NA
274,2,67979829,68877774,TRUE,212,2029,NA,0.000147426,NA,0.0680654,FALSE,NA,NA,NA,NA,NA,NA,1,"ASD"
275,2,68877775,70756283,TRUE,362,3358,NA,0.000131142,NA,0.141599,FALSE,NA,NA,NA,NA,NA,NA,1,"ASD"
276,2,70756284,71385813,TRUE,237,1756,NA,0.000383758,NA,0.000240066,FALSE,NA,NA,NA,NA,NA,NA,1,"ASD"
277,2,71385814,72160302,FALSE,NA,NA,NA,NA,NA,NA,FALSE,NA,NA,NA,NA,NA,NA,NA,NA
278,2,72160303,73544290,FALSE,NA,NA,NA,NA,NA,NA,FALSE,NA,NA,NA,NA,NA,NA,NA,NA
279,2,73544291,75148103,TRUE,230,2088,0.000572529,0.000264607,0.110458,0.00598362,FALSE,NA,NA,NA,NA,NA,NA,2,NA
280,2,75148104,75942397,TRUE,243,1837,NA,8.7593e-05,NA,0.190156,FALSE,NA,NA,NA,NA,NA,NA,1,"ASD"
281,2,75942398,76649030,TRUE,145,1884,NA,0.000155095,NA,0.027564,FALSE,NA,NA,NA,NA,NA,NA,1,"ASD"
282,2,76649031,77372830,TRUE,177,1838,2.27883e-05,0.000243559,0.463567,0.00493249,FALSE,NA,NA,NA,NA,NA,NA,2,NA
283,2,77372831,78080057,TRUE,199,1659,0.000351329,0.000424073,0.203708,2.46861e-05,FALSE,NA,NA,NA,NA,NA,NA,2,NA
284,2,78080058,79019676,TRUE,157,2058,0.000179018,0.000478068,0.309315,4.18319e-07,FALSE,NA,NA,NA,NA,NA,NA,2,NA
285,2,79019677,79900055,TRUE,280,2265,0.000247863,0.000202926,0.306015,0.0344225,FALSE,NA,NA,NA,NA,NA,NA,2,NA
286,2,79900056,80737811,TRUE,304,1777,0.000330199,0.00063628,0.26184,4.40219e-07,FALSE,NA,NA,NA,NA,NA,NA,2,NA
287,2,80737812,81623357,TRUE,153,1712,NA,0.000348602,NA,8.06486e-05,FALSE,NA,NA,NA,NA,NA,NA,1,"ASD"
288,2,81623358,82941455,TRUE,135,3329,NA,0.00024732,NA,0.00138175,FALSE,NA,NA,NA,NA,NA,NA,1,"ASD"
289,2,82941456,84395899,TRUE,131,2956,NA,0.000217459,NA,0.0040452,FALSE,NA,NA,NA,NA,NA,NA,1,"ASD"
290,2,84395900,85992794,TRUE,338,3065,NA,0.000125196,NA,0.146864,FALSE,NA,NA,NA,NA,NA,NA,1,"ASD"
291,2,85992795,86867032,TRUE,121,1970,0.000360065,0.000168388,0.142345,0.0132783,FALSE,NA,NA,NA,NA,NA,NA,2,NA
292,2,86867033,88547312,TRUE,100,726,0.000372585,0.000158559,0.114282,0.0128354,FALSE,NA,NA,NA,NA,NA,NA,2,NA
293,2,88547313,91860961,TRUE,58,958,0.000558168,0.000104142,0.0147336,0.0249787,TRUE,-0.0273577,-0.0273577,FALSE,-1,0.88285,0.949075,2,NA
294,2,91860962,97339301,TRUE,105,974,NA,0.000134778,NA,0.0297808,FALSE,NA,NA,NA,NA,NA,NA,1,"ASD"
295,2,97339302,98989360,TRUE,135,1719,1.82985e-05,2.0577e-05,0.46332,0.37833,FALSE,NA,NA,NA,NA,NA,NA,2,NA
296,2,98989361,100202436,TRUE,147,1873,4.81952e-05,0.000151216,0.433105,0.0345285,FALSE,NA,NA,NA,NA,NA,NA,2,NA
297,2,100202437,101556799,TRUE,242,2867,NA,0.000276794,NA,0.00469782,FALSE,NA,NA,NA,NA,NA,NA,1,"ASD"
298,2,101556800,102494487,TRUE,233,1833,NA,0.000257502,NA,0.0069381,FALSE,NA,NA,NA,NA,NA,NA,1,"ASD"
299,2,102494488,103305257,TRUE,158,1986,0.000361725,6.15299e-05,0.171255,0.218683,FALSE,NA,NA,NA,NA,NA,NA,2,NA
300,2,103305258,105120578,TRUE,284,2647,0.00097426,0.000416496,0.0334773,0.000282279,TRUE,-0.454235,-0.454235,FALSE,-1,0.17275,0.166067,2,NA
301,2,105120579,106546524,TRUE,391,3335,0.00119441,0.000551543,0.0274924,3.57048e-05,TRUE,0.182477,0.182477,FALSE,-0.63498,0.82603,0.53768,2,NA
302,2,106546525,107412295,TRUE,242,2107,NA,0.000573176,NA,3.78251e-07,FALSE,NA,NA,NA,NA,NA,NA,1,"ASD"
303,2,107412296,108417773,TRUE,179,2358,NA,0.000148449,NA,0.048527,FALSE,NA,NA,NA,NA,NA,NA,1,"ASD"
304,2,108417774,110097868,TRUE,275,3074,NA,0.000637802,NA,1.51809e-07,FALSE,NA,NA,NA,NA,NA,NA,1,"ASD"
305,2,110097869,112644828,TRUE,263,2271,NA,0.000409918,NA,0.000216542,FALSE,NA,NA,NA,NA,NA,NA,1,"ASD"
306,2,112644829,113930668,TRUE,220,2491,NA,0.000112198,NA,0.123331,FALSE,NA,NA,NA,NA,NA,NA,1,"ASD"
307,2,113930669,115203835,TRUE,198,2101,NA,0.000152228,NA,0.0527668,FALSE,NA,NA,NA,NA,NA,NA,1,"ASD"
308,2,115203836,116415816,TRUE,224,2237,2.2499e-05,0.000384692,0.467846,0.000192186,FALSE,NA,NA,NA,NA,NA,NA,2,NA
309,2,116415817,117822516,TRUE,153,2786,0.00031992,0.000209458,0.194948,0.008262,FALSE,NA,NA,NA,NA,NA,NA,2,NA
310,2,117822517,118663653,TRUE,128,1838,0.000199837,2.38217e-05,0.271914,0.360035,FALSE,NA,NA,NA,NA,NA,NA,2,NA
311,2,118663654,119635489,TRUE,256,2242,NA,0.000518796,NA,4.79894e-06,FALSE,NA,NA,NA,NA,NA,NA,1,"ASD"
312,2,119635490,121073752,TRUE,283,2774,NA,0.000610788,NA,5.11357e-07,FALSE,NA,NA,NA,NA,NA,NA,1,"ASD"
313,2,121073753,122026817,TRUE,226,1668,0.00136769,0.000147392,0.00275751,0.0732295,FALSE,NA,NA,NA,NA,NA,NA,2,NA
314,2,122026818,123219243,TRUE,166,2146,0.000237116,0.000138666,0.26537,0.0561072,FALSE,NA,NA,NA,NA,NA,NA,2,NA
315,2,123219244,123929872,FALSE,NA,NA,NA,NA,NA,NA,FALSE,NA,NA,NA,NA,NA,NA,NA,NA
316,2,123929873,124730991,TRUE,110,1844,NA,1.21538e-05,NA,0.411576,FALSE,NA,NA,NA,NA,NA,NA,1,"ASD"
317,2,124730992,125741528,TRUE,254,2243,NA,0.000233384,NA,0.015169,FALSE,NA,NA,NA,NA,NA,NA,1,"ASD"
318,2,125741529,126754027,TRUE,146,2434,NA,0.000288088,NA,0.0005803,FALSE,NA,NA,NA,NA,NA,NA,1,"ASD"
319,2,126754028,127895644,TRUE,261,2914,NA,0.000343988,NA,0.0011543,FALSE,NA,NA,NA,NA,NA,NA,1,"ASD"
320,2,127895645,129486897,TRUE,338,3559,0.000324923,0.000714927,0.275396,7.07289e-08,FALSE,NA,NA,NA,NA,NA,NA,2,NA
321,2,129486898,130485398,TRUE,187,2322,0.000202927,0.000149033,0.304026,0.051039,FALSE,NA,NA,NA,NA,NA,NA,2,NA
322,2,130485399,131760638,TRUE,103,1109,0.000602611,0.000169426,0.0328787,0.0101972,TRUE,0.0341577,0.0341577,FALSE,-1,0.9338,0.933808,2,NA
323,2,131760639,132598285,TRUE,44,946,0.000350592,5.62288e-05,0.0520443,0.103987,FALSE,NA,NA,NA,NA,NA,NA,2,NA
324,2,132598286,133352950,TRUE,57,658,NA,4.08427e-05,NA,0.200794,FALSE,NA,NA,NA,NA,NA,NA,1,"ASD"
325,2,133352951,134359059,TRUE,280,1843,NA,5.78229e-05,NA,0.289609,FALSE,NA,NA,NA,NA,NA,NA,1,"ASD"
326,2,134359060,135160197,TRUE,233,1807,4.45727e-05,0.000391298,0.449751,0.000144905,FALSE,NA,NA,NA,NA,NA,NA,2,NA
327,2,135160198,137061003,TRUE,115,1656,0.000430619,0.000271468,0.098408,0.00110066,FALSE,NA,NA,NA,NA,NA,NA,2,NA
328,2,137061004,138073791,TRUE,174,2672,2.30021e-05,NA,0.463046,NA,FALSE,NA,NA,NA,NA,NA,NA,1,"ADHD"
329,2,138073792,139505819,TRUE,203,2665,NA,6.20237e-05,NA,0.24418,FALSE,NA,NA,NA,NA,NA,NA,1,"ASD"
330,2,139505820,140934531,TRUE,249,3661,0.000437682,0.000308036,0.179957,0.00238795,FALSE,NA,NA,NA,NA,NA,NA,2,NA
331,2,140934532,141802664,TRUE,188,2665,NA,4.99653e-05,NA,0.277045,FALSE,NA,NA,NA,NA,NA,NA,1,"ASD"
332,2,141802665,142494980,TRUE,154,2323,0.000664937,NA,0.0455714,NA,FALSE,NA,NA,NA,NA,NA,NA,1,"ADHD"
333,2,142494981,143259780,TRUE,190,1841,0.000758485,0.000159975,0.0411257,0.0407844,TRUE,-0.479409,-0.479409,FALSE,-1,0.4115,0.304548,2,NA
334,2,143259781,144503688,TRUE,194,2034,0.000438497,0.000399587,0.151082,4.3381e-05,FALSE,NA,NA,NA,NA,NA,NA,2,NA
335,2,144503689,145977920,TRUE,276,1736,NA,0.00046822,NA,4.39103e-05,FALSE,NA,NA,NA,NA,NA,NA,1,"ASD"
336,2,145977921,147252196,TRUE,211,1978,NA,0.000732179,NA,5.92784e-11,FALSE,NA,NA,NA,NA,NA,NA,1,"ASD"
337,2,147252197,149568875,TRUE,242,3300,0.000459754,0.000204628,0.165511,0.0253,FALSE,NA,NA,NA,NA,NA,NA,2,NA
338,2,149568876,151428988,TRUE,382,3108,NA,0.000891418,NA,3.86512e-10,FALSE,NA,NA,NA,NA,NA,NA,1,"ASD"
339,2,151428989,152497375,TRUE,224,2403,0.000194363,0.000299186,0.325808,0.00209574,FALSE,NA,NA,NA,NA,NA,NA,2,NA
340,2,152497376,153999309,TRUE,255,3016,0.000548506,0.000114165,0.131308,0.134461,FALSE,NA,NA,NA,NA,NA,NA,2,NA
341,2,153999310,155207969,TRUE,216,2711,0.000425149,0.000171596,0.170319,0.0397182,FALSE,NA,NA,NA,NA,NA,NA,2,NA
342,2,155207970,156130947,TRUE,195,1891,NA,7.16586e-05,NA,0.209149,FALSE,NA,NA,NA,NA,NA,NA,1,"ASD"
343,2,156130948,157556096,TRUE,240,2499,0.000734625,0.000229407,0.0645949,0.0172306,FALSE,NA,NA,NA,NA,NA,NA,2,NA
344,2,157556097,159040979,TRUE,232,1928,0.00036967,0.000155776,0.209635,0.0622265,FALSE,NA,NA,NA,NA,NA,NA,2,NA
345,2,159040980,160200379,TRUE,246,3009,0.000260394,0.000278654,0.285854,0.00525485,FALSE,NA,NA,NA,NA,NA,NA,2,NA
346,2,160200380,161432089,TRUE,215,2820,NA,0.000320846,NA,0.00102542,FALSE,NA,NA,NA,NA,NA,NA,1,"ASD"
347,2,161432090,163607635,TRUE,254,3258,NA,0.000528691,NA,3.57046e-06,FALSE,NA,NA,NA,NA,NA,NA,1,"ASD"
348,2,163607636,164702312,TRUE,163,1785,NA,0.000355541,NA,9.28474e-05,FALSE,NA,NA,NA,NA,NA,NA,1,"ASD"
349,2,164702313,165917788,TRUE,219,1957,3.28132e-05,0.000529375,0.458447,9.10767e-07,FALSE,NA,NA,NA,NA,NA,NA,2,NA
350,2,165917789,167488576,TRUE,288,3140,NA,0.000761612,NA,1.83816e-09,FALSE,NA,NA,NA,NA,NA,NA,1,"ASD"
351,2,167488577,168437445,TRUE,87,1801,NA,0.000222572,NA,0.000678007,FALSE,NA,NA,NA,NA,NA,NA,1,"ASD"
352,2,168437446,169224445,TRUE,227,1745,8.9958e-05,0.000387289,0.410693,0.000144912,FALSE,NA,NA,NA,NA,NA,NA,2,NA
353,2,169224446,170155561,TRUE,259,1844,0.000336447,0.000482897,0.241574,1.8852e-05,FALSE,NA,NA,NA,NA,NA,NA,2,NA
354,2,170155562,170865765,TRUE,101,1821,0.000458624,0.000135978,0.0737088,0.025425,FALSE,NA,NA,NA,NA,NA,NA,2,NA
355,2,170865766,171566482,TRUE,243,1738,0.00013689,0.000103176,0.37617,0.152791,FALSE,NA,NA,NA,NA,NA,NA,2,NA
356,2,171566483,172501315,TRUE,169,1897,NA,0.000496199,NA,4.22433e-07,FALSE,NA,NA,NA,NA,NA,NA,1,"ASD"
357,2,172501316,173287857,TRUE,194,1715,NA,0.000180576,NA,0.0276905,FALSE,NA,NA,NA,NA,NA,NA,1,"ASD"
358,2,173287858,174118389,TRUE,184,2052,0.000437606,0.000407897,0.145562,3.13005e-05,FALSE,NA,NA,NA,NA,NA,NA,2,NA
359,2,174118390,174927563,TRUE,248,1605,9.03341e-05,0.000476407,0.414157,1.43458e-05,FALSE,NA,NA,NA,NA,NA,NA,2,NA
360,2,174927564,176734750,FALSE,NA,NA,NA,NA,NA,NA,FALSE,NA,NA,NA,NA,NA,NA,NA,NA
361,2,176734751,178149981,TRUE,382,2754,NA,0.000496049,NA,0.000156634,FALSE,NA,NA,NA,NA,NA,NA,1,"ASD"
362,2,178149982,179224870,TRUE,143,2441,NA,0.000268651,NA,0.000844054,FALSE,NA,NA,NA,NA,NA,NA,1,"ASD"
363,2,179224871,180336045,TRUE,276,2073,NA,0.000452238,NA,6.89069e-05,FALSE,NA,NA,NA,NA,NA,NA,1,"ASD"
364,2,180336046,181309939,TRUE,253,2434,NA,0.000346024,NA,0.000916915,FALSE,NA,NA,NA,NA,NA,NA,1,"ASD"
365,2,181309940,182307877,TRUE,189,2208,NA,0.000105541,NA,0.120979,FALSE,NA,NA,NA,NA,NA,NA,1,"ASD"
366,2,182307878,183352290,TRUE,194,1964,0.00012585,5.36465e-05,0.371828,0.282676,FALSE,NA,NA,NA,NA,NA,NA,2,NA
367,2,183352291,184148655,TRUE,136,1866,0.00031015,0.000131273,0.188613,0.0522435,FALSE,NA,NA,NA,NA,NA,NA,2,NA
368,2,184148656,184866232,TRUE,126,1513,0.000444506,0.000122278,0.101129,0.0561024,FALSE,NA,NA,NA,NA,NA,NA,2,NA
369,2,184866233,186244920,TRUE,176,2582,0.000694273,0.000524815,0.0487991,1.48435e-07,TRUE,0.321691,0.321691,FALSE,-0.35406,1,0.284679,2,NA
370,2,186244921,187498047,TRUE,86,2170,NA,0.000133506,NA,0.0191397,FALSE,NA,NA,NA,NA,NA,NA,1,"ASD"
371,2,187498048,188895310,TRUE,171,2571,0.000238056,0.000231719,0.267541,0.00603094,FALSE,NA,NA,NA,NA,NA,NA,2,NA
372,2,188895311,189882702,TRUE,102,1898,NA,0.000169343,NA,0.00913753,FALSE,NA,NA,NA,NA,NA,NA,1,"ASD"
373,2,189882703,191051954,TRUE,115,2026,NA,0.000311725,NA,6.53539e-05,FALSE,NA,NA,NA,NA,NA,NA,1,"ASD"
374,2,191051955,193033982,TRUE,312,3007,0.00011125,0.000308693,0.408281,0.00512373,FALSE,NA,NA,NA,NA,NA,NA,2,NA
375,2,193033983,195300250,TRUE,179,2202,0.000349999,0.000256745,0.192691,0.00316917,FALSE,NA,NA,NA,NA,NA,NA,2,NA
376,2,195300251,196446299,TRUE,129,2377,0.000101507,0.000365556,0.370381,1.58294e-05,FALSE,NA,NA,NA,NA,NA,NA,2,NA
377,2,196446300,198140350,TRUE,220,2977,NA,0.00047127,NA,7.88612e-06,FALSE,NA,NA,NA,NA,NA,NA,1,"ASD"
378,2,198140351,199654969,TRUE,142,1822,0.000183301,0.000144389,0.296711,0.0404197,FALSE,NA,NA,NA,NA,NA,NA,2,NA
379,2,199654970,201324132,TRUE,249,2395,9.9861e-05,0.000174762,0.406721,0.0489316,FALSE,NA,NA,NA,NA,NA,NA,2,NA
380,2,201324133,202504862,TRUE,200,2017,0.000276052,1.49855e-05,0.254653,0.422145,FALSE,NA,NA,NA,NA,NA,NA,2,NA
381,2,202504863,203639686,TRUE,208,1727,NA,0.000484831,NA,3.24057e-06,FALSE,NA,NA,NA,NA,NA,NA,1,"ASD"
382,2,203639687,205038119,TRUE,186,2198,NA,0.000597635,NA,1.04001e-08,FALSE,NA,NA,NA,NA,NA,NA,1,"ASD"
383,2,205038120,206821199,TRUE,508,2903,0.00118128,0.000637349,0.0462624,2.80402e-05,TRUE,-0.336351,-0.336351,FALSE,-1,0.25679,0.276988,2,NA
384,2,206821200,207726594,TRUE,224,1863,NA,0.000167678,NA,0.0460014,FALSE,NA,NA,NA,NA,NA,NA,1,"ASD"
385,2,207726595,208674588,TRUE,271,1792,0.0003312,0.000299852,0.249509,0.00445866,FALSE,NA,NA,NA,NA,NA,NA,2,NA
386,2,208674589,209940230,TRUE,241,2426,0.000304494,0.000288734,0.254271,0.00515761,FALSE,NA,NA,NA,NA,NA,NA,2,NA
387,2,209940231,210842457,TRUE,106,1984,NA,7.48887e-05,NA,0.129467,FALSE,NA,NA,NA,NA,NA,NA,1,"ASD"
388,2,210842458,212520453,TRUE,318,3198,NA,0.000322958,NA,0.00421497,FALSE,NA,NA,NA,NA,NA,NA,1,"ASD"
389,2,212520454,213194362,TRUE,181,1950,NA,0.000180103,NA,0.0232689,FALSE,NA,NA,NA,NA,NA,NA,1,"ASD"
390,2,213194363,214044566,TRUE,219,1880,1.45164e-05,0.000457301,0.474497,1.63763e-05,FALSE,NA,NA,NA,NA,NA,NA,2,NA
391,2,214044567,215002484,TRUE,121,2113,0.000381397,0.000204591,0.129647,0.00421065,FALSE,NA,NA,NA,NA,NA,NA,2,NA
392,2,215002485,215899570,TRUE,204,1843,0.000534208,0.000557324,0.112613,2.18478e-07,FALSE,NA,NA,NA,NA,NA,NA,2,NA
393,2,215899571,217566011,TRUE,447,3190,0.000807935,0.000531555,0.107088,0.000166622,FALSE,NA,NA,NA,NA,NA,NA,2,NA
394,2,217566012,218396258,TRUE,207,1989,0.000375427,0.000118629,0.193465,0.104066,FALSE,NA,NA,NA,NA,NA,NA,2,NA
395,2,218396259,219678783,TRUE,202,2002,5.19736e-05,0.000198878,0.439387,0.0191601,FALSE,NA,NA,NA,NA,NA,NA,2,NA
396,2,219678784,220771552,TRUE,188,1552,NA,0.000277633,NA,0.00213464,FALSE,NA,NA,NA,NA,NA,NA,1,"ASD"
397,2,220771553,221445191,TRUE,174,1824,0.000705692,0.000226282,0.0454694,0.00657552,TRUE,0.742271,0.742271,FALSE,-0.04097,1,0.0665917,2,NA
398,2,221445192,222327713,TRUE,195,1648,NA,0.000237715,NA,0.00711926,FALSE,NA,NA,NA,NA,NA,NA,1,"ASD"
399,2,222327714,223353965,TRUE,218,1677,5.29614e-06,0.000194026,0.482578,0.0260846,FALSE,NA,NA,NA,NA,NA,NA,2,NA
400,2,223353966,224123079,TRUE,156,1943,0.000131008,0.000120518,0.353057,0.0738765,FALSE,NA,NA,NA,NA,NA,NA,2,NA
401,2,224123080,224938731,TRUE,209,1708,NA,3.26073e-05,NA,0.354222,FALSE,NA,NA,NA,NA,NA,NA,1,"ASD"
402,2,224938732,226242842,TRUE,238,3008,0.000787183,0.000262097,0.0520663,0.00651438,FALSE,NA,NA,NA,NA,NA,NA,2,NA
403,2,226242843,227557841,TRUE,199,2227,0.000239529,1.70693e-06,0.281002,0.479176,FALSE,NA,NA,NA,NA,NA,NA,2,NA
404,2,227557842,228812485,TRUE,274,3346,NA,0.000247724,NA,0.015136,FALSE,NA,NA,NA,NA,NA,NA,1,"ASD"
405,2,228812486,229764918,TRUE,171,1977,NA,0.000222714,NA,0.00805647,FALSE,NA,NA,NA,NA,NA,NA,1,"ASD"
406,2,229764919,230541092,TRUE,233,1895,NA,0.000109692,NA,0.13661,FALSE,NA,NA,NA,NA,NA,NA,1,"ASD"
407,2,230541093,231847386,TRUE,387,2978,NA,0.000580291,NA,1.60899e-05,FALSE,NA,NA,NA,NA,NA,NA,1,"ASD"
408,2,231847387,233352722,TRUE,288,2855,0.000218459,0.000385713,0.328219,0.000579461,FALSE,NA,NA,NA,NA,NA,NA,2,NA
409,2,233352723,234115092,TRUE,200,1650,0.000600636,0.000252151,0.085988,0.00512927,FALSE,NA,NA,NA,NA,NA,NA,2,NA
410,2,234115093,234945577,TRUE,216,1790,NA,0.000394774,NA,9.59201e-05,FALSE,NA,NA,NA,NA,NA,NA,1,"ASD"
411,2,234945578,235625789,TRUE,254,2074,0.000452136,NA,0.174854,NA,FALSE,NA,NA,NA,NA,NA,NA,1,"ADHD"
412,2,235625790,236276287,TRUE,227,1752,NA,0.000107634,NA,0.134954,FALSE,NA,NA,NA,NA,NA,NA,1,"ASD"
413,2,236276288,237194297,TRUE,201,1708,NA,0.000305305,NA,0.0011676,FALSE,NA,NA,NA,NA,NA,NA,1,"ASD"
414,2,237194298,238185482,FALSE,NA,NA,NA,NA,NA,NA,FALSE,NA,NA,NA,NA,NA,NA,NA,NA
415,2,238185483,238814630,TRUE,174,1593,NA,7.85873e-05,NA,0.177512,FALSE,NA,NA,NA,NA,NA,NA,1,"ASD"
416,2,238814631,239634350,TRUE,190,2150,NA,0.000213602,NA,0.0121409,FALSE,NA,NA,NA,NA,NA,NA,1,"ASD"
417,2,239634351,240325600,TRUE,210,1423,0.000778464,2.7554e-06,0.0443674,0.475436,FALSE,NA,NA,NA,NA,NA,NA,2,NA
418,2,240325601,241113279,TRUE,292,2094,0.00104008,0.000355208,0.0272009,0.00154546,TRUE,0.529598,0.529598,FALSE,-0.18342,1,0.120705,2,NA
419,2,241113280,241910366,TRUE,210,2066,0.000311218,0.000553301,0.23548,2.8612e-07,FALSE,NA,NA,NA,NA,NA,NA,2,NA
420,2,241910367,243188366,TRUE,166,1597,NA,0.00019652,NA,0.01532,FALSE,NA,NA,NA,NA,NA,NA,1,"ASD"
421,3,60197,795746,TRUE,245,1521,NA,0.000308613,NA,0.00252766,FALSE,NA,NA,NA,NA,NA,NA,1,"ASD"
422,3,795747,1440048,TRUE,301,1796,NA,0.000496064,NA,3.09711e-05,FALSE,NA,NA,NA,NA,NA,NA,1,"ASD"
423,3,1440049,2140011,TRUE,311,2594,NA,0.000284698,NA,0.00995883,FALSE,NA,NA,NA,NA,NA,NA,1,"ASD"
424,3,2140012,3128152,TRUE,506,2822,NA,0.000375308,NA,0.00735748,FALSE,NA,NA,NA,NA,NA,NA,1,"ASD"
425,3,3128153,4109393,TRUE,370,2829,NA,0.00048479,NA,0.000174675,FALSE,NA,NA,NA,NA,NA,NA,1,"ASD"
426,3,4109394,4835083,TRUE,287,1775,NA,0.000115756,NA,0.145588,FALSE,NA,NA,NA,NA,NA,NA,1,"ASD"
427,3,4835084,5496182,TRUE,282,1395,NA,0.000225547,NA,0.0232789,FALSE,NA,NA,NA,NA,NA,NA,1,"ASD"
428,3,5496183,6421145,TRUE,346,2799,NA,0.000421227,NA,0.000670527,FALSE,NA,NA,NA,NA,NA,NA,1,"ASD"
429,3,6421146,7529554,TRUE,277,2523,NA,0.000539721,NA,4.82106e-06,FALSE,NA,NA,NA,NA,NA,NA,1,"ASD"
430,3,7529555,8664892,TRUE,406,3365,0.000397829,0.000505796,0.254275,0.000139918,FALSE,NA,NA,NA,NA,NA,NA,2,NA
431,3,8664893,9970731,TRUE,466,2614,NA,0.000824027,NA,6.71495e-08,FALSE,NA,NA,NA,NA,NA,NA,1,"ASD"
432,3,9970732,11226367,TRUE,442,2921,NA,0.000718894,NA,8.47883e-07,FALSE,NA,NA,NA,NA,NA,NA,1,"ASD"
433,3,11226368,11997658,TRUE,224,1655,NA,0.000390111,NA,0.000146201,FALSE,NA,NA,NA,NA,NA,NA,1,"ASD"
434,3,11997659,12859209,TRUE,187,1856,NA,0.000440591,NA,6.25701e-06,FALSE,NA,NA,NA,NA,NA,NA,1,"ASD"
435,3,12859210,14312007,TRUE,487,3405,NA,0.000210525,NA,0.0764373,FALSE,NA,NA,NA,NA,NA,NA,1,"ASD"
436,3,14312008,15150876,TRUE,293,1896,0.000503653,0.000424117,0.166604,0.000229414,FALSE,NA,NA,NA,NA,NA,NA,2,NA
437,3,15150877,16084005,TRUE,202,1748,6.14166e-05,0.000350393,0.43089,0.000271578,FALSE,NA,NA,NA,NA,NA,NA,2,NA
438,3,16084006,17182494,TRUE,354,2806,NA,0.000464191,NA,0.000214724,FALSE,NA,NA,NA,NA,NA,NA,1,"ASD"
439,3,17182495,19030988,TRUE,238,3286,6.76193e-05,0.000258644,0.431104,0.00709819,FALSE,NA,NA,NA,NA,NA,NA,2,NA
440,3,19030989,20754842,TRUE,276,3338,NA,0.00104287,NA,1.30064e-15,FALSE,NA,NA,NA,NA,NA,NA,1,"ASD"
441,3,20754843,21790867,TRUE,371,2986,NA,0.000576258,NA,1.56508e-05,FALSE,NA,NA,NA,NA,NA,NA,1,"ASD"
442,3,21790868,22648001,TRUE,303,2853,NA,0.000334812,NA,0.00268299,FALSE,NA,NA,NA,NA,NA,NA,1,"ASD"
443,3,22648002,23426044,FALSE,NA,NA,NA,NA,NA,NA,FALSE,NA,NA,NA,NA,NA,NA,NA,NA
444,3,23426045,24270189,TRUE,229,1801,0.000379457,0.000147317,0.202444,0.0724285,FALSE,NA,NA,NA,NA,NA,NA,2,NA
445,3,24270190,25516193,TRUE,400,3214,NA,0.000218845,NA,0.0483986,FALSE,NA,NA,NA,NA,NA,NA,1,"ASD"
446,3,25516194,26905340,TRUE,238,2511,NA,0.000522457,NA,2.85401e-06,FALSE,NA,NA,NA,NA,NA,NA,1,"ASD"
447,3,26905341,27614908,TRUE,91,1760,9.43057e-05,6.47648e-06,0.356351,0.439409,FALSE,NA,NA,NA,NA,NA,NA,2,NA
448,3,27614909,28649810,TRUE,209,1835,NA,9.87723e-05,NA,0.14487,FALSE,NA,NA,NA,NA,NA,NA,1,"ASD"
449,3,28649811,29877022,TRUE,395,3330,NA,0.00058417,NA,1.5402e-05,FALSE,NA,NA,NA,NA,NA,NA,1,"ASD"
450,3,29877023,31269697,TRUE,388,3381,0.000540162,0.000633742,0.182897,4.61104e-06,FALSE,NA,NA,NA,NA,NA,NA,2,NA
451,3,31269698,32378805,TRUE,298,2302,0.000111811,0.000344927,0.405803,0.00191168,FALSE,NA,NA,NA,NA,NA,NA,2,NA
452,3,32378806,33020868,TRUE,168,1511,NA,0.000397844,NA,2.06693e-05,FALSE,NA,NA,NA,NA,NA,NA,1,"ASD"
453,3,33020869,33991869,TRUE,187,1903,0.000440893,0.000283575,0.145697,0.00184029,FALSE,NA,NA,NA,NA,NA,NA,2,NA
454,3,33991870,35009559,TRUE,208,2203,0.000383888,0.000168894,0.189038,0.040384,FALSE,NA,NA,NA,NA,NA,NA,2,NA
455,3,35009560,35913033,TRUE,192,1785,0.000127253,0.000557913,0.369969,7.15483e-08,FALSE,NA,NA,NA,NA,NA,NA,2,NA
456,3,35913034,36840136,TRUE,236,2271,NA,9.18211e-05,NA,0.175435,FALSE,NA,NA,NA,NA,NA,NA,1,"ASD"
457,3,36840137,38729767,TRUE,424,3302,0.000161653,0.000670539,0.390239,2.63782e-06,FALSE,NA,NA,NA,NA,NA,NA,2,NA
458,3,38729768,39605996,TRUE,177,2167,NA,0.000130762,NA,0.069312,FALSE,NA,NA,NA,NA,NA,NA,1,"ASD"
459,3,39605997,40897627,TRUE,143,1954,NA,0.000252709,NA,0.00159496,FALSE,NA,NA,NA,NA,NA,NA,1,"ASD"
460,3,40897628,42301657,TRUE,213,2785,NA,0.000401777,NA,7.35347e-05,FALSE,NA,NA,NA,NA,NA,NA,1,"ASD"
461,3,42301658,44141693,TRUE,407,3153,0.00132443,0.00083649,0.0188676,1.1876e-08,TRUE,0.207478,0.207478,FALSE,-0.36792,0.73394,0.398645,2,NA
462,3,44141694,45844191,TRUE,322,3215,0.000760899,0.000437864,0.0854967,0.0002415,FALSE,NA,NA,NA,NA,NA,NA,2,NA
463,3,45844192,47588461,TRUE,231,3089,NA,0.000313648,NA,0.00157128,FALSE,NA,NA,NA,NA,NA,NA,1,"ASD"
464,3,47588462,50387742,TRUE,182,2592,0.000389674,0.000606134,0.170535,5.2586e-09,FALSE,NA,NA,NA,NA,NA,NA,2,NA
465,3,50387743,51953968,TRUE,95,1652,0.000323214,0.000313445,0.139509,1.79106e-05,FALSE,NA,NA,NA,NA,NA,NA,2,NA
466,3,51953969,54074844,TRUE,356,3183,0.000116779,0.000689336,0.410287,4.58347e-07,FALSE,NA,NA,NA,NA,NA,NA,2,NA
467,3,54074845,54892586,TRUE,279,1715,4.93277e-05,0.000315381,0.450366,0.00355085,FALSE,NA,NA,NA,NA,NA,NA,2,NA
468,3,54892587,55616625,TRUE,313,1739,0.000967263,0.000449022,0.0408661,0.000158759,TRUE,-0.40811,-0.40811,FALSE,-1,0.2206,0.213703,2,NA
469,3,55616626,56954878,TRUE,233,3055,0.000339085,0.000457583,0.228668,2.84923e-05,FALSE,NA,NA,NA,NA,NA,NA,2,NA
470,3,56954879,58557718,TRUE,252,3327,NA,0.000434184,NA,6.71244e-05,FALSE,NA,NA,NA,NA,NA,NA,1,"ASD"
471,3,58557719,59998583,TRUE,381,3008,NA,0.000544539,NA,3.8788e-05,FALSE,NA,NA,NA,NA,NA,NA,1,"ASD"
472,3,59998584,60571139,TRUE,277,1905,NA,0.000143229,NA,0.094858,FALSE,NA,NA,NA,NA,NA,NA,1,"ASD"
473,3,60571140,61277587,TRUE,218,1796,6.54829e-05,0.000442077,0.429915,2.12495e-05,FALSE,NA,NA,NA,NA,NA,NA,2,NA
474,3,61277588,62609818,TRUE,467,2641,NA,0.000510289,NA,0.000372992,FALSE,NA,NA,NA,NA,NA,NA,1,"ASD"
475,3,62609819,63670803,TRUE,288,2891,NA,0.000267046,NA,0.0104235,FALSE,NA,NA,NA,NA,NA,NA,1,"ASD"
476,3,63670804,64662373,TRUE,291,1789,0.000446009,0.000494935,0.193454,2.85714e-05,FALSE,NA,NA,NA,NA,NA,NA,2,NA
477,3,64662374,65326751,TRUE,280,1945,0.000229397,0.000161651,0.318491,0.0711465,FALSE,NA,NA,NA,NA,NA,NA,2,NA
478,3,65326752,66702084,TRUE,420,2694,NA,0.000141744,NA,0.144179,FALSE,NA,NA,NA,NA,NA,NA,1,"ASD"
479,3,66702085,67454740,TRUE,197,2003,NA,0.000122342,NA,0.0909794,FALSE,NA,NA,NA,NA,NA,NA,1,"ASD"
480,3,67454741,68319770,TRUE,177,1807,0.000503017,0.000243269,0.110436,0.00444748,FALSE,NA,NA,NA,NA,NA,NA,2,NA
481,3,68319771,69784969,TRUE,387,3437,0.000462863,0.000579097,0.217249,1.67762e-05,FALSE,NA,NA,NA,NA,NA,NA,2,NA
482,3,69784970,71223281,TRUE,325,2195,0.00051251,0.000296524,0.174535,0.00798649,FALSE,NA,NA,NA,NA,NA,NA,2,NA
483,3,71223282,72334704,TRUE,472,2356,NA,0.000387052,NA,0.0043181,FALSE,NA,NA,NA,NA,NA,NA,1,"ASD"
484,3,72334705,73606612,TRUE,363,2345,0.00011899,0.000545328,0.40967,3.24638e-05,FALSE,NA,NA,NA,NA,NA,NA,2,NA
485,3,73606613,74383137,TRUE,257,1864,0.000207866,6.21255e-05,0.326657,0.267631,FALSE,NA,NA,NA,NA,NA,NA,2,NA
486,3,74383138,75374967,TRUE,118,1682,NA,5.63456e-05,NA,0.218389,FALSE,NA,NA,NA,NA,NA,NA,1,"ASD"
487,3,75374968,76157470,TRUE,35,525,0.000127522,0.000136774,0.226929,0.0018344,FALSE,NA,NA,NA,NA,NA,NA,2,NA
488,3,76157471,77507832,TRUE,314,3042,NA,0.000790957,NA,2.82909e-09,FALSE,NA,NA,NA,NA,NA,NA,1,"ASD"
489,3,77507833,79023360,TRUE,305,2797,NA,0.000490726,NA,5.15733e-05,FALSE,NA,NA,NA,NA,NA,NA,1,"ASD"
490,3,79023361,80385708,TRUE,195,2415,0.000341733,0.000352611,0.207507,0.00024334,FALSE,NA,NA,NA,NA,NA,NA,2,NA
491,3,80385709,81431496,TRUE,114,2200,0.000105373,0.000112437,0.358307,0.0561122,FALSE,NA,NA,NA,NA,NA,NA,2,NA
492,3,81431497,82532742,TRUE,149,1758,0.000142458,0.000183533,0.338879,0.0141181,FALSE,NA,NA,NA,NA,NA,NA,2,NA
493,3,82532743,83529394,TRUE,111,1957,0.000127548,0.000241492,0.331943,0.000805005,FALSE,NA,NA,NA,NA,NA,NA,2,NA
494,3,83529395,84698480,TRUE,129,2665,NA,0.00041805,NA,1.10577e-06,FALSE,NA,NA,NA,NA,NA,NA,1,"ASD"
495,3,84698481,85807679,TRUE,138,2555,NA,0.000633135,NA,2.35452e-11,FALSE,NA,NA,NA,NA,NA,NA,1,"ASD"
496,3,85807680,86660979,TRUE,106,1650,0.000269716,0.000318639,0.191451,2.83745e-05,FALSE,NA,NA,NA,NA,NA,NA,2,NA
497,3,86660980,87411258,TRUE,92,1630,0.000103304,0.000508785,0.34604,7.55606e-10,FALSE,NA,NA,NA,NA,NA,NA,2,NA
498,3,87411259,88375763,TRUE,103,1943,NA,0.000307909,NA,3.79693e-05,FALSE,NA,NA,NA,NA,NA,NA,1,"ASD"
499,3,88375764,89612939,TRUE,134,2450,NA,0.000326886,NA,6.52841e-05,FALSE,NA,NA,NA,NA,NA,NA,1,"ASD"
500,3,89612940,94250144,TRUE,69,1343,1.49942e-05,3.83381e-05,0.453943,0.230396,FALSE,NA,NA,NA,NA,NA,NA,2,NA
501,3,94250145,95088587,TRUE,75,1676,NA,0.000108942,NA,0.0332181,FALSE,NA,NA,NA,NA,NA,NA,1,"ASD"
502,3,95088588,96055532,TRUE,82,2595,NA,7.96591e-05,NA,0.102002,FALSE,NA,NA,NA,NA,NA,NA,1,"ASD"
503,3,96055533,97351955,TRUE,106,1492,NA,0.000207227,NA,0.00244845,FALSE,NA,NA,NA,NA,NA,NA,1,"ASD"
504,3,97351956,98212868,FALSE,NA,NA,NA,NA,NA,NA,FALSE,NA,NA,NA,NA,NA,NA,NA,NA
505,3,98212869,99045104,TRUE,147,1963,NA,0.000228651,NA,0.00375525,FALSE,NA,NA,NA,NA,NA,NA,1,"ASD"
506,3,99045105,100552522,TRUE,194,2457,NA,0.000212237,NA,0.013364,FALSE,NA,NA,NA,NA,NA,NA,1,"ASD"
507,3,100552523,101906989,TRUE,191,2637,NA,0.000235444,NA,0.00688244,FALSE,NA,NA,NA,NA,NA,NA,1,"ASD"
508,3,101906990,103450271,TRUE,156,3328,NA,0.000188839,NA,0.0139134,FALSE,NA,NA,NA,NA,NA,NA,1,"ASD"
509,3,103450272,104116563,TRUE,139,1938,0.000282151,7.6709e-05,0.211594,0.156997,FALSE,NA,NA,NA,NA,NA,NA,2,NA
510,3,104116564,104878977,TRUE,135,2033,0.000335744,0.000102476,0.170188,0.0907516,FALSE,NA,NA,NA,NA,NA,NA,2,NA
511,3,104878978,106174685,TRUE,260,2981,0.000758319,0.000567133,0.0659221,9.88375e-07,FALSE,NA,NA,NA,NA,NA,NA,2,NA
512,3,106174686,107736519,TRUE,353,2909,NA,0.000433541,NA,0.000570016,FALSE,NA,NA,NA,NA,NA,NA,1,"ASD"
513,3,107736520,108638900,TRUE,179,1914,NA,0.000129431,NA,0.0715415,FALSE,NA,NA,NA,NA,NA,NA,1,"ASD"
514,3,108638901,109519606,TRUE,123,1688,1.99081e-05,0.00020806,0.459704,0.00429141,FALSE,NA,NA,NA,NA,NA,NA,2,NA
515,3,109519607,110935508,TRUE,134,2469,NA,0.000257165,NA,0.000986706,FALSE,NA,NA,NA,NA,NA,NA,1,"ASD"
516,3,110935509,111693782,TRUE,165,1910,NA,0.000114232,NA,0.0869101,FALSE,NA,NA,NA,NA,NA,NA,1,"ASD"
517,3,111693783,112408513,TRUE,158,1769,NA,0.000178586,NA,0.0206216,FALSE,NA,NA,NA,NA,NA,NA,1,"ASD"
518,3,112408514,113657665,TRUE,257,2795,NA,0.000292491,NA,0.0042528,FALSE,NA,NA,NA,NA,NA,NA,1,"ASD"
519,3,113657666,115649909,TRUE,396,3073,NA,0.000695213,NA,7.35349e-07,FALSE,NA,NA,NA,NA,NA,NA,1,"ASD"
520,3,115649910,116498570,TRUE,173,1817,NA,0.00032121,NA,0.000325277,FALSE,NA,NA,NA,NA,NA,NA,1,"ASD"
521,3,116498571,117241644,TRUE,227,1772,0.000242522,0.000360714,0.29103,0.000402679,FALSE,NA,NA,NA,NA,NA,NA,2,NA
522,3,117241645,118086929,TRUE,151,1966,NA,0.000422751,NA,2.3191e-06,FALSE,NA,NA,NA,NA,NA,NA,1,"ASD"
523,3,118086930,118903053,TRUE,164,1798,9.67807e-05,0.000391033,0.388888,1.78001e-05,FALSE,NA,NA,NA,NA,NA,NA,2,NA
524,3,118903054,119759983,TRUE,202,1885,NA,0.000251918,NA,0.005186,FALSE,NA,NA,NA,NA,NA,NA,1,"ASD"
525,3,119759984,120574477,TRUE,207,1861,5.9368e-05,0.000200254,0.433533,0.0203639,FALSE,NA,NA,NA,NA,NA,NA,2,NA
526,3,120574478,121362442,TRUE,81,1604,5.80196e-05,0.000129927,0.396945,0.0191901,FALSE,NA,NA,NA,NA,NA,NA,2,NA
527,3,121362443,122340832,TRUE,178,2113,NA,6.9668e-05,NA,0.204655,FALSE,NA,NA,NA,NA,NA,NA,1,"ASD"
528,3,122340833,123518507,TRUE,207,2118,NA,0.00014307,NA,0.0693609,FALSE,NA,NA,NA,NA,NA,NA,1,"ASD"
529,3,123518508,124823006,TRUE,283,2766,NA,0.00047967,NA,3.14443e-05,FALSE,NA,NA,NA,NA,NA,NA,1,"ASD"
530,3,124823007,125475722,TRUE,130,1569,0.000231245,8.4592e-05,0.245571,0.128195,FALSE,NA,NA,NA,NA,NA,NA,2,NA
531,3,125475723,125992650,TRUE,92,1622,NA,0.000100318,NA,0.0596424,FALSE,NA,NA,NA,NA,NA,NA,1,"ASD"
532,3,125992651,127495173,TRUE,353,3300,0.00047301,0.000631796,0.202153,1.65372e-06,FALSE,NA,NA,NA,NA,NA,NA,2,NA
533,3,127495174,129091975,TRUE,231,2779,0.000165894,0.000555635,0.350183,6.5773e-07,FALSE,NA,NA,NA,NA,NA,NA,2,NA
534,3,129091976,130242360,TRUE,149,1949,7.62884e-05,0.000231016,0.404467,0.00377137,FALSE,NA,NA,NA,NA,NA,NA,2,NA
535,3,130242361,131373470,TRUE,144,1831,NA,0.000739367,NA,1.11946e-12,FALSE,NA,NA,NA,NA,NA,NA,1,"ASD"
536,3,131373471,132124018,TRUE,129,2241,NA,7.36006e-05,NA,0.154311,FALSE,NA,NA,NA,NA,NA,NA,1,"ASD"
537,3,132124019,132925967,TRUE,135,1727,NA,0.000255623,NA,0.00109159,FALSE,NA,NA,NA,NA,NA,NA,1,"ASD"
538,3,132925968,133718493,TRUE,258,1700,NA,0.000406649,NA,0.000216874,FALSE,NA,NA,NA,NA,NA,NA,1,"ASD"
539,3,133718494,135288394,TRUE,389,3148,0.000167716,0.000400562,0.381796,0.00168621,FALSE,NA,NA,NA,NA,NA,NA,2,NA
540,3,135288395,137372141,TRUE,246,2934,0.000359765,0.000739858,0.221967,7.01511e-10,FALSE,NA,NA,NA,NA,NA,NA,2,NA
541,3,137372142,138693846,TRUE,195,1923,NA,0.000648935,NA,1.23161e-09,FALSE,NA,NA,NA,NA,NA,NA,1,"ASD"
542,3,138693847,139831267,TRUE,263,2240,6.86832e-05,0.000584638,0.433567,4.38039e-07,FALSE,NA,NA,NA,NA,NA,NA,2,NA
543,3,139831268,141034637,TRUE,284,2316,0.000114091,0.000209705,0.401883,0.032017,FALSE,NA,NA,NA,NA,NA,NA,2,NA
544,3,141034638,141898978,TRUE,187,1778,NA,8.56549e-05,NA,0.164499,FALSE,NA,NA,NA,NA,NA,NA,1,"ASD"
545,3,141898979,142976707,TRUE,208,1897,NA,0.000222396,NA,0.0124182,FALSE,NA,NA,NA,NA,NA,NA,1,"ASD"
546,3,142976708,144408821,TRUE,320,2933,NA,9.26143e-05,NA,0.209639,FALSE,NA,NA,NA,NA,NA,NA,1,"ASD"
547,3,144408822,145211907,TRUE,93,1785,NA,8.88441e-05,NA,0.0862222,FALSE,NA,NA,NA,NA,NA,NA,1,"ASD"
548,3,145211908,145903838,TRUE,156,1962,NA,4.55474e-05,NA,0.286433,FALSE,NA,NA,NA,NA,NA,NA,1,"ASD"
549,3,145903839,147358243,TRUE,297,3296,NA,0.00043247,NA,0.000169015,FALSE,NA,NA,NA,NA,NA,NA,1,"ASD"
550,3,147358244,148638308,TRUE,240,2525,0.000669208,0.000286404,0.0822707,0.00388471,FALSE,NA,NA,NA,NA,NA,NA,2,NA
551,3,148638309,149998411,TRUE,353,3020,NA,0.000343242,NA,0.00363806,FALSE,NA,NA,NA,NA,NA,NA,1,"ASD"
552,3,149998412,151131307,TRUE,268,2082,NA,0.000402799,NA,0.00035041,FALSE,NA,NA,NA,NA,NA,NA,1,"ASD"
553,3,151131308,151904021,TRUE,178,1869,NA,0.000172683,NA,0.0272951,FALSE,NA,NA,NA,NA,NA,NA,1,"ASD"
554,3,151904022,153406718,TRUE,319,3073,NA,0.000458259,NA,0.000155118,FALSE,NA,NA,NA,NA,NA,NA,1,"ASD"
555,3,153406719,155046423,TRUE,237,3146,NA,0.000353723,NA,0.000579286,FALSE,NA,NA,NA,NA,NA,NA,1,"ASD"
556,3,155046424,155928190,TRUE,138,1777,NA,0.000238208,NA,0.00304054,FALSE,NA,NA,NA,NA,NA,NA,1,"ASD"
557,3,155928191,156795410,TRUE,144,1758,1.38181e-05,8.06415e-05,0.469325,0.152102,FALSE,NA,NA,NA,NA,NA,NA,2,NA
558,3,156795411,157633700,TRUE,159,1839,0.000459908,0.000293628,0.118352,0.000836846,FALSE,NA,NA,NA,NA,NA,NA,2,NA
559,3,157633701,158460058,TRUE,81,1848,0.00011397,0.00020366,0.323294,0.00111928,FALSE,NA,NA,NA,NA,NA,NA,2,NA
560,3,158460059,159478751,TRUE,190,1759,0.000514275,0.000227542,0.113231,0.0104508,FALSE,NA,NA,NA,NA,NA,NA,2,NA
561,3,159478752,160584961,TRUE,146,1905,NA,0.000269388,NA,0.000973056,FALSE,NA,NA,NA,NA,NA,NA,1,"ASD"
562,3,160584962,161628883,TRUE,125,2357,0.000394089,0.000306883,0.126019,9.91151e-05,FALSE,NA,NA,NA,NA,NA,NA,2,NA
563,3,161628884,162622604,TRUE,143,3115,0.000494875,0.000233778,0.0918538,0.00273035,FALSE,NA,NA,NA,NA,NA,NA,2,NA
564,3,162622605,163250112,TRUE,42,1836,NA,7.64694e-05,NA,0.043003,FALSE,NA,NA,NA,NA,NA,NA,1,"ASD"
565,3,163250113,164037360,TRUE,72,1997,2.87564e-05,4.76605e-05,0.434117,0.186317,FALSE,NA,NA,NA,NA,NA,NA,2,NA
566,3,164037361,165054911,TRUE,123,1832,2.44299e-05,0.000286291,0.454435,0.000237509,FALSE,NA,NA,NA,NA,NA,NA,2,NA
567,3,165054912,165936511,TRUE,113,2224,6.83143e-05,6.8396e-05,0.40015,0.162774,FALSE,NA,NA,NA,NA,NA,NA,2,NA
568,3,165936512,167118893,TRUE,139,3285,NA,7.46658e-05,NA,0.163892,FALSE,NA,NA,NA,NA,NA,NA,1,"ASD"
569,3,167118894,168972662,TRUE,278,3229,0.000525081,0.000361307,0.151027,0.000923299,FALSE,NA,NA,NA,NA,NA,NA,2,NA
570,3,168972663,170174578,TRUE,248,2117,NA,6.5998e-05,NA,0.254758,FALSE,NA,NA,NA,NA,NA,NA,1,"ASD"
571,3,170174579,171134849,TRUE,250,1810,NA,0.000104338,NA,0.154335,FALSE,NA,NA,NA,NA,NA,NA,1,"ASD"
572,3,171134850,172004760,TRUE,198,1740,NA,0.000231556,NA,0.0109353,FALSE,NA,NA,NA,NA,NA,NA,1,"ASD"
573,3,172004761,173415591,TRUE,290,2535,0.000225095,0.000489794,0.324262,3.18471e-05,FALSE,NA,NA,NA,NA,NA,NA,2,NA
574,3,173415592,174684707,TRUE,269,2619,NA,0.000552898,NA,2.4727e-06,FALSE,NA,NA,NA,NA,NA,NA,1,"ASD"
575,3,174684708,175671424,TRUE,193,2253,4.1399e-05,0.000387717,0.447785,5.84964e-05,FALSE,NA,NA,NA,NA,NA,NA,2,NA
576,3,175671425,176931163,TRUE,239,2930,NA,0.000263054,NA,0.00679952,FALSE,NA,NA,NA,NA,NA,NA,1,"ASD"
577,3,176931164,178110322,TRUE,328,2313,NA,0.000321694,NA,0.00477633,FALSE,NA,NA,NA,NA,NA,NA,1,"ASD"
578,3,178110323,179372165,TRUE,241,2455,NA,4.88633e-05,NA,0.304087,FALSE,NA,NA,NA,NA,NA,NA,1,"ASD"
579,3,179372166,181424323,TRUE,285,2871,0.000408528,1.908e-05,0.210621,0.420395,FALSE,NA,NA,NA,NA,NA,NA,2,NA
580,3,181424324,183203155,TRUE,277,2411,NA,0.000125409,NA,0.123199,FALSE,NA,NA,NA,NA,NA,NA,1,"ASD"
581,3,183203156,184524268,FALSE,NA,NA,NA,NA,NA,NA,FALSE,NA,NA,NA,NA,NA,NA,NA,NA
582,3,184524269,185709996,TRUE,186,2072,NA,0.000192663,NA,0.0191397,FALSE,NA,NA,NA,NA,NA,NA,1,"ASD"
583,3,185709997,186602045,TRUE,311,1732,NA,0.000545205,NA,9.64193e-06,FALSE,NA,NA,NA,NA,NA,NA,1,"ASD"
584,3,186602046,187939199,TRUE,471,3038,NA,0.000413913,NA,0.00265424,FALSE,NA,NA,NA,NA,NA,NA,1,"ASD"
585,3,187939200,189451805,TRUE,346,2784,NA,0.000647263,NA,8.80061e-07,FALSE,NA,NA,NA,NA,NA,NA,1,"ASD"
586,3,189451806,190591293,FALSE,NA,NA,NA,NA,NA,NA,FALSE,NA,NA,NA,NA,NA,NA,NA,NA
587,3,190591294,191229357,TRUE,116,1754,0.000484359,0.000212248,0.0760669,0.00296579,FALSE,NA,NA,NA,NA,NA,NA,2,NA
588,3,191229358,192049688,TRUE,185,2402,NA,0.000100722,NA,0.126322,FALSE,NA,NA,NA,NA,NA,NA,1,"ASD"
589,3,192049689,193122090,TRUE,200,2016,NA,0.000210012,NA,0.0150993,FALSE,NA,NA,NA,NA,NA,NA,1,"ASD"
590,3,193122091,194217140,TRUE,289,2209,NA,0.00039354,NA,0.00053397,FALSE,NA,NA,NA,NA,NA,NA,1,"ASD"
591,3,194217141,195196789,TRUE,332,2939,NA,0.000369933,NA,0.00172377,FALSE,NA,NA,NA,NA,NA,NA,1,"ASD"
592,3,195196790,195710290,TRUE,122,740,NA,0.000219073,NA,0.00431695,FALSE,NA,NA,NA,NA,NA,NA,1,"ASD"
593,3,195710291,196383152,TRUE,231,1554,NA,0.000208615,NA,0.0222443,FALSE,NA,NA,NA,NA,NA,NA,1,"ASD"
594,3,196383153,197147990,TRUE,249,1646,NA,0.000385531,NA,0.000336577,FALSE,NA,NA,NA,NA,NA,NA,1,"ASD"
595,3,197147991,197962380,TRUE,126,1198,NA,0.000473696,NA,9.4444e-08,FALSE,NA,NA,NA,NA,NA,NA,1,"ASD"
596,4,10227,812415,TRUE,79,1360,0.000428045,2.72797e-05,0.0648413,0.309376,FALSE,NA,NA,NA,NA,NA,NA,2,NA
597,4,812416,1529267,TRUE,131,1581,0.000454005,0.000156412,0.100713,0.0253446,FALSE,NA,NA,NA,NA,NA,NA,2,NA
598,4,1529268,2468935,TRUE,143,1407,0.00058495,0.000294698,0.0603987,0.000475715,FALSE,NA,NA,NA,NA,NA,NA,2,NA
599,4,2468936,3549229,TRUE,244,2133,NA,0.000109641,NA,0.14263,FALSE,NA,NA,NA,NA,NA,NA,1,"ASD"
600,4,3549230,4266178,TRUE,81,629,NA,9.06971e-05,NA,0.0756085,FALSE,NA,NA,NA,NA,NA,NA,1,"ASD"
601,4,4266179,5051834,TRUE,335,2191,NA,0.000375285,NA,0.00142233,FALSE,NA,NA,NA,NA,NA,NA,1,"ASD"
602,4,5051835,5972709,TRUE,338,2599,0.000570902,0.000263046,0.154256,0.0174014,FALSE,NA,NA,NA,NA,NA,NA,2,NA
603,4,5972710,7135819,TRUE,425,2488,NA,0.000451794,NA,0.000961826,FALSE,NA,NA,NA,NA,NA,NA,1,"ASD"
604,4,7135820,7726034,TRUE,418,2063,NA,0.000515198,NA,0.000185368,FALSE,NA,NA,NA,NA,NA,NA,1,"ASD"
605,4,7726035,8309826,TRUE,287,1602,1.57076e-05,0.000282945,0.4768,0.0076135,FALSE,NA,NA,NA,NA,NA,NA,2,NA
606,4,8309827,8882616,TRUE,138,1162,NA,0.000117699,NA,0.0687625,FALSE,NA,NA,NA,NA,NA,NA,1,"ASD"
607,4,8882617,9482867,FALSE,NA,NA,NA,NA,NA,NA,FALSE,NA,NA,NA,NA,NA,NA,NA,NA
608,4,9482868,9916156,TRUE,47,1273,NA,8.14946e-05,NA,0.0479429,FALSE,NA,NA,NA,NA,NA,NA,1,"ASD"
609,4,9916157,10370666,TRUE,87,1688,7.01777e-05,NA,0.384377,NA,FALSE,NA,NA,NA,NA,NA,NA,1,"ADHD"
610,4,10370667,11050119,TRUE,195,1737,NA,0.000360387,NA,0.000175514,FALSE,NA,NA,NA,NA,NA,NA,1,"ASD"
611,4,11050120,12209028,TRUE,307,3099,NA,1.99863e-05,NA,0.419578,FALSE,NA,NA,NA,NA,NA,NA,1,"ASD"
612,4,12209029,13127576,TRUE,229,2560,0.000405244,0.000259589,0.187799,0.00646013,FALSE,NA,NA,NA,NA,NA,NA,2,NA
613,4,13127577,14395886,TRUE,331,3190,3.6595e-05,0.000305156,0.463462,0.0069634,FALSE,NA,NA,NA,NA,NA,NA,2,NA
614,4,14395887,14967147,TRUE,139,1717,0.000383181,0.000202545,0.143917,0.00692748,FALSE,NA,NA,NA,NA,NA,NA,2,NA
615,4,14967148,15910801,TRUE,226,2152,0.000458078,0.000263835,0.158525,0.00528213,FALSE,NA,NA,NA,NA,NA,NA,2,NA
616,4,15910802,17290236,TRUE,417,3166,NA,0.000579272,NA,3.01694e-05,FALSE,NA,NA,NA,NA,NA,NA,1,"ASD"
617,4,17290237,18753263,TRUE,281,3072,0.00042245,0.000197508,0.201634,0.044005,FALSE,NA,NA,NA,NA,NA,NA,2,NA
618,4,18753264,20086838,TRUE,210,3542,NA,0.000659175,NA,1.52439e-09,FALSE,NA,NA,NA,NA,NA,NA,1,"ASD"
619,4,20086839,21416380,TRUE,400,3206,0.00051071,0.000930784,0.199111,1.95294e-10,FALSE,NA,NA,NA,NA,NA,NA,2,NA
620,4,21416381,22835185,TRUE,275,3381,NA,0.000595143,NA,5.09381e-07,FALSE,NA,NA,NA,NA,NA,NA,1,"ASD"
621,4,22835186,23858350,TRUE,208,1812,NA,0.000332577,NA,0.000660453,FALSE,NA,NA,NA,NA,NA,NA,1,"ASD"
622,4,23858351,24764724,TRUE,292,1855,0.000237154,0.000432538,0.316727,0.000213635,FALSE,NA,NA,NA,NA,NA,NA,2,NA
623,4,24764725,25832018,TRUE,291,2440,0.000644894,0.000348586,0.109893,0.00165371,FALSE,NA,NA,NA,NA,NA,NA,2,NA
624,4,25832019,27385580,TRUE,365,2422,0.000476854,0.000305117,0.204118,0.0106245,FALSE,NA,NA,NA,NA,NA,NA,2,NA
625,4,27385581,28177792,TRUE,204,2225,NA,0.000276467,NA,0.00270399,FALSE,NA,NA,NA,NA,NA,NA,1,"ASD"
626,4,28177793,28927438,TRUE,125,2036,NA,0.000221704,NA,0.0027883,FALSE,NA,NA,NA,NA,NA,NA,1,"ASD"
627,4,28927439,29758399,TRUE,133,2035,NA,6.05588e-05,NA,0.205205,FALSE,NA,NA,NA,NA,NA,NA,1,"ASD"
628,4,29758400,30455555,TRUE,122,1837,0.000476711,0.000140368,0.083822,0.0307409,FALSE,NA,NA,NA,NA,NA,NA,2,NA
629,4,30455556,31395092,TRUE,178,2503,NA,0.000205773,NA,0.0124916,FALSE,NA,NA,NA,NA,NA,NA,1,"ASD"
630,4,31395093,32260117,TRUE,121,2081,NA,0.000294355,NA,0.000159534,FALSE,NA,NA,NA,NA,NA,NA,1,"ASD"
631,4,32260118,32746820,TRUE,66,1585,NA,3.51438e-05,NA,0.239527,FALSE,NA,NA,NA,NA,NA,NA,1,"ASD"
632,4,32746821,33640822,TRUE,61,1557,0.000215276,NA,0.179278,NA,FALSE,NA,NA,NA,NA,NA,NA,1,"ADHD"
633,4,33640823,34721845,TRUE,43,1856,NA,0.000145565,NA,0.00176584,FALSE,NA,NA,NA,NA,NA,NA,1,"ASD"
634,4,34721846,35411236,TRUE,120,1503,NA,3.17786e-05,NA,0.314643,FALSE,NA,NA,NA,NA,NA,NA,1,"ASD"
635,4,35411237,35993838,TRUE,83,2098,NA,0.000131856,NA,0.0187263,FALSE,NA,NA,NA,NA,NA,NA,1,"ASD"
636,4,35993839,36671801,TRUE,159,1888,0.000275566,0.000109277,0.231096,0.0952854,FALSE,NA,NA,NA,NA,NA,NA,2,NA
637,4,36671802,37880860,TRUE,361,3624,NA,0.000575266,NA,1.00148e-05,FALSE,NA,NA,NA,NA,NA,NA,1,"ASD"
638,4,37880861,38984838,TRUE,414,2919,NA,0.000346279,NA,0.00607082,FALSE,NA,NA,NA,NA,NA,NA,1,"ASD"
639,4,38984839,39820061,TRUE,181,1755,NA,0.000237558,NA,0.00562398,FALSE,NA,NA,NA,NA,NA,NA,1,"ASD"
640,4,39820062,40590541,TRUE,237,1688,NA,0.000220875,NA,0.0180258,FALSE,NA,NA,NA,NA,NA,NA,1,"ASD"
641,4,40590542,41360937,TRUE,218,1787,NA,6.73908e-05,NA,0.234021,FALSE,NA,NA,NA,NA,NA,NA,1,"ASD"
642,4,41360938,42189251,TRUE,134,1737,0.000137763,0.000213719,0.33555,0.00447131,FALSE,NA,NA,NA,NA,NA,NA,2,NA
643,4,42189252,43192424,TRUE,225,2994,0.000392028,5.61428e-05,0.193227,0.274547,FALSE,NA,NA,NA,NA,NA,NA,2,NA
644,4,43192425,43962561,TRUE,131,1891,0.000137722,0.000416761,0.333882,3.64833e-06,FALSE,NA,NA,NA,NA,NA,NA,2,NA
645,4,43962562,45186767,TRUE,224,3347,0.000363658,0.000238223,0.209321,0.00946074,FALSE,NA,NA,NA,NA,NA,NA,2,NA
646,4,45186768,46358360,TRUE,184,2037,0.000831797,0.000250099,0.0274282,0.00409017,TRUE,0.382567,0.382567,FALSE,-0.54348,1,0.298638,2,NA
647,4,46358361,47408265,TRUE,203,1740,0.000656826,0.000188514,0.0701146,0.0254236,FALSE,NA,NA,NA,NA,NA,NA,2,NA
648,4,47408266,49325138,TRUE,256,2942,0.000112903,0.000346881,0.397759,0.000932855,FALSE,NA,NA,NA,NA,NA,NA,2,NA
649,4,49325139,53879571,TRUE,102,1481,0.000161856,6.08426e-05,0.28795,0.174223,FALSE,NA,NA,NA,NA,NA,NA,2,NA
650,4,53879572,54659778,TRUE,153,1636,NA,0.000256969,NA,0.00160749,FALSE,NA,NA,NA,NA,NA,NA,1,"ASD"
651,4,54659779,55681701,TRUE,243,1803,NA,0.000525175,NA,2.00822e-06,FALSE,NA,NA,NA,NA,NA,NA,1,"ASD"
652,4,55681702,57103100,TRUE,332,3318,NA,0.000286789,NA,0.0106114,FALSE,NA,NA,NA,NA,NA,NA,1,"ASD"
653,4,57103101,58011085,FALSE,NA,NA,NA,NA,NA,NA,FALSE,NA,NA,NA,NA,NA,NA,NA,NA
654,4,58011086,58940256,TRUE,263,2284,0.00019572,0.000389235,0.337191,0.0003062,FALSE,NA,NA,NA,NA,NA,NA,2,NA
655,4,58940257,59692948,TRUE,145,2052,0.000167072,0.000125346,0.313507,0.0592648,FALSE,NA,NA,NA,NA,NA,NA,2,NA
656,4,59692949,60746709,TRUE,210,2810,NA,0.000315273,NA,0.00100623,FALSE,NA,NA,NA,NA,NA,NA,1,"ASD"
657,4,60746710,61971161,TRUE,149,3398,0.000340864,0.000275871,0.177924,0.000961266,FALSE,NA,NA,NA,NA,NA,NA,2,NA
658,4,61971162,63337954,TRUE,316,2614,0.000287487,0.00018828,0.291387,0.0550518,FALSE,NA,NA,NA,NA,NA,NA,2,NA
659,4,63337955,64117431,TRUE,116,1946,NA,2.24466e-05,NA,0.361576,FALSE,NA,NA,NA,NA,NA,NA,1,"ASD"
660,4,64117432,65563100,TRUE,163,3316,NA,0.000155872,NA,0.0350314,FALSE,NA,NA,NA,NA,NA,NA,1,"ASD"
661,4,65563101,66597446,TRUE,198,2650,NA,0.000245313,NA,0.00618727,FALSE,NA,NA,NA,NA,NA,NA,1,"ASD"
662,4,66597447,67616362,TRUE,155,2230,NA,0.000162657,NA,0.0268909,FALSE,NA,NA,NA,NA,NA,NA,1,"ASD"
663,4,67616363,68742859,TRUE,185,2526,NA,0.000336084,NA,0.000316317,FALSE,NA,NA,NA,NA,NA,NA,1,"ASD"
664,4,68742860,69603368,TRUE,86,1418,NA,0.000129054,NA,0.0227231,FALSE,NA,NA,NA,NA,NA,NA,1,"ASD"
665,4,69603369,70516836,FALSE,NA,NA,NA,NA,NA,NA,FALSE,NA,NA,NA,NA,NA,NA,NA,NA
666,4,70516837,71468300,TRUE,130,2717,0.000442642,9.41768e-05,0.105225,0.102483,FALSE,NA,NA,NA,NA,NA,NA,2,NA
667,4,71468301,73258294,TRUE,167,2696,NA,0.000236136,NA,0.00521411,FALSE,NA,NA,NA,NA,NA,NA,1,"ASD"
668,4,73258295,74885900,TRUE,157,2730,NA,0.000225358,NA,0.00600773,FALSE,NA,NA,NA,NA,NA,NA,1,"ASD"
669,4,74885901,76497358,TRUE,228,3181,NA,0.000268982,NA,0.00491637,FALSE,NA,NA,NA,NA,NA,NA,1,"ASD"
670,4,76497359,78045637,TRUE,330,3636,1.28626e-05,0.000338346,0.480403,0.00317576,FALSE,NA,NA,NA,NA,NA,NA,2,NA
671,4,78045638,78967715,TRUE,155,2106,NA,0.000220249,NA,0.00589196,FALSE,NA,NA,NA,NA,NA,NA,1,"ASD"
672,4,78967716,79880101,TRUE,138,1786,NA,0.000167737,NA,0.0184212,FALSE,NA,NA,NA,NA,NA,NA,1,"ASD"
673,4,79880102,81206182,TRUE,207,2537,NA,0.000231261,NA,0.00953676,FALSE,NA,NA,NA,NA,NA,NA,1,"ASD"
674,4,81206183,82655623,TRUE,184,2366,0.000416559,0.000216771,0.156699,0.00964646,FALSE,NA,NA,NA,NA,NA,NA,2,NA
675,4,82655624,84003062,TRUE,231,2880,4.37094e-05,0.000191909,0.450269,0.0299545,FALSE,NA,NA,NA,NA,NA,NA,2,NA
676,4,84003063,85437805,TRUE,214,2491,NA,2.1254e-05,NA,0.398493,FALSE,NA,NA,NA,NA,NA,NA,1,"ASD"
677,4,85437806,86931670,TRUE,138,2879,0.000357561,0.000126457,0.158585,0.0527875,FALSE,NA,NA,NA,NA,NA,NA,2,NA
678,4,86931671,88502717,TRUE,233,3192,NA,0.000179703,NA,0.040624,FALSE,NA,NA,NA,NA,NA,NA,1,"ASD"
679,4,88502718,89244554,TRUE,185,1919,NA,5.82659e-05,NA,0.247095,FALSE,NA,NA,NA,NA,NA,NA,1,"ASD"
680,4,89244555,90236971,TRUE,176,1899,NA,5.61939e-05,NA,0.249194,FALSE,NA,NA,NA,NA,NA,NA,1,"ASD"
681,4,90236972,91309863,TRUE,162,2266,NA,0.000113198,NA,0.0889547,FALSE,NA,NA,NA,NA,NA,NA,1,"ASD"
682,4,91309864,92219192,TRUE,192,2066,NA,0.000109732,NA,0.113812,FALSE,NA,NA,NA,NA,NA,NA,1,"ASD"
683,4,92219193,93451599,TRUE,195,2004,NA,0.000542486,NA,1.23076e-07,FALSE,NA,NA,NA,NA,NA,NA,1,"ASD"
684,4,93451600,94757265,TRUE,214,2534,NA,0.000499862,NA,8.58912e-06,FALSE,NA,NA,NA,NA,NA,NA,1,"ASD"
685,4,94757266,96183801,TRUE,246,2911,NA,0.000495891,NA,9.84934e-06,FALSE,NA,NA,NA,NA,NA,NA,1,"ASD"
686,4,96183802,97540787,TRUE,243,3313,0.000140955,0.000617602,0.372987,7.98326e-08,FALSE,NA,NA,NA,NA,NA,NA,2,NA
687,4,97540788,98445515,TRUE,161,1847,0.000878252,0.000268373,0.0161988,0.00144849,TRUE,0.490329,0.490329,FALSE,-0.25559,1,0.144271,2,NA
688,4,98445516,99532480,TRUE,93,1986,0.000328656,0.000218843,0.133545,0.000915177,FALSE,NA,NA,NA,NA,NA,NA,2,NA
689,4,99532481,100333334,TRUE,142,2062,0.000224598,0.000253255,0.260209,0.00134663,FALSE,NA,NA,NA,NA,NA,NA,2,NA
690,4,100333335,101132995,TRUE,170,1820,NA,0.000181643,NA,0.0217097,FALSE,NA,NA,NA,NA,NA,NA,1,"ASD"
691,4,101132996,102544803,TRUE,229,3094,0.000113281,0.00027956,0.391806,0.00382484,FALSE,NA,NA,NA,NA,NA,NA,2,NA
692,4,102544804,104384534,TRUE,268,3142,0.000455694,0.00048441,0.179211,1.94574e-05,FALSE,NA,NA,NA,NA,NA,NA,2,NA
693,4,104384535,105319195,TRUE,113,1543,0.000395436,0.000255541,0.114471,0.000577383,FALSE,NA,NA,NA,NA,NA,NA,2,NA
694,4,105319196,106479155,TRUE,232,2233,0.000535879,0.000512155,0.125988,3.44653e-06,FALSE,NA,NA,NA,NA,NA,NA,2,NA
695,4,106479156,108131206,TRUE,247,2790,NA,9.96254e-05,NA,0.164118,FALSE,NA,NA,NA,NA,NA,NA,1,"ASD"
696,4,108131207,109122458,TRUE,171,1712,NA,9.91157e-05,NA,0.120923,FALSE,NA,NA,NA,NA,NA,NA,1,"ASD"
697,4,109122459,109978982,TRUE,194,1860,0.00025699,0.000536197,0.265466,1.52602e-07,FALSE,NA,NA,NA,NA,NA,NA,2,NA
698,4,109978983,111733579,TRUE,333,3178,0.000327233,0.000344643,0.272609,0.00295056,FALSE,NA,NA,NA,NA,NA,NA,2,NA
699,4,111733580,112830229,TRUE,168,1830,NA,0.000406729,NA,1.48876e-05,FALSE,NA,NA,NA,NA,NA,NA,1,"ASD"
700,4,112830230,113916002,TRUE,179,1861,NA,0.000138848,NA,0.0614814,FALSE,NA,NA,NA,NA,NA,NA,1,"ASD"
701,4,113916003,115306149,TRUE,286,2752,0.00106132,0.000521035,0.0239133,8.7545e-06,TRUE,0.457334,0.457334,FALSE,-0.15734,1,0.111296,2,NA
702,4,115306150,116204703,TRUE,106,1841,0.000563745,0.000111603,0.0435367,0.0529077,FALSE,NA,NA,NA,NA,NA,NA,2,NA
703,4,116204704,117313636,TRUE,142,2352,0.000343012,0.000264888,0.171098,0.000983393,FALSE,NA,NA,NA,NA,NA,NA,2,NA
704,4,117313637,118395262,TRUE,200,2765,NA,0.000430741,NA,1.82116e-05,FALSE,NA,NA,NA,NA,NA,NA,1,"ASD"
705,4,118395263,119138097,TRUE,122,1770,0.000629358,0.000395296,0.0375913,1.54159e-06,TRUE,0.860206,0.860206,FALSE,0.35844,1,0.00595242,2,NA
706,4,119138098,119927262,TRUE,137,1610,NA,0.000468961,NA,1.22587e-07,FALSE,NA,NA,NA,NA,NA,NA,1,"ASD"
707,4,119927263,120563073,TRUE,90,1573,NA,7.29949e-05,NA,0.121225,FALSE,NA,NA,NA,NA,NA,NA,1,"ASD"
708,4,120563074,121393008,TRUE,153,1861,0.000565577,0.000223839,0.0722843,0.00527099,FALSE,NA,NA,NA,NA,NA,NA,2,NA
709,4,121393009,121981243,TRUE,119,1794,NA,0.000133505,NA,0.0367504,FALSE,NA,NA,NA,NA,NA,NA,1,"ASD"
710,4,121981244,122655434,TRUE,205,1998,NA,0.000305234,NA,0.00115765,FALSE,NA,NA,NA,NA,NA,NA,1,"ASD"
711,4,122655435,123768693,TRUE,185,1963,0.000149749,NA,0.347888,NA,FALSE,NA,NA,NA,NA,NA,NA,1,"ADHD"
712,4,123768694,124534997,TRUE,130,1801,NA,0.00012459,NA,0.0537374,FALSE,NA,NA,NA,NA,NA,NA,1,"ASD"
713,4,124534998,125486535,TRUE,181,2290,5.46588e-05,0.000130554,0.433468,0.0699354,FALSE,NA,NA,NA,NA,NA,NA,2,NA
714,4,125486536,126476842,TRUE,238,2509,NA,0.000259555,NA,0.00716557,FALSE,NA,NA,NA,NA,NA,NA,1,"ASD"
715,4,126476843,127279171,TRUE,186,1912,0.000462088,0.000225618,0.134537,0.00842988,FALSE,NA,NA,NA,NA,NA,NA,2,NA
716,4,127279172,128321876,TRUE,185,2176,0.000147875,0.000376007,0.349518,7.56379e-05,FALSE,NA,NA,NA,NA,NA,NA,2,NA
717,4,128321877,129625376,TRUE,197,1833,0.000536346,0.000411234,0.108016,5.49691e-05,FALSE,NA,NA,NA,NA,NA,NA,2,NA
718,4,129625377,131098950,TRUE,229,2894,0.000198551,0.00032007,0.324368,0.00129378,FALSE,NA,NA,NA,NA,NA,NA,2,NA
719,4,131098951,131873453,TRUE,122,1829,NA,0.000194312,NA,0.00627243,FALSE,NA,NA,NA,NA,NA,NA,1,"ASD"
720,4,131873454,132801980,TRUE,117,1612,0.000116943,9.67963e-05,0.347354,0.0879815,FALSE,NA,NA,NA,NA,NA,NA,2,NA
721,4,132801981,133524886,TRUE,69,1547,0.00014902,0.000150762,0.265715,0.00645647,FALSE,NA,NA,NA,NA,NA,NA,2,NA
722,4,133524887,134109978,TRUE,54,1366,0.000192045,6.30853e-05,0.190236,0.105346,FALSE,NA,NA,NA,NA,NA,NA,2,NA
723,4,134109979,135809542,TRUE,210,3352,NA,0.000271898,NA,0.0035058,FALSE,NA,NA,NA,NA,NA,NA,1,"ASD"
724,4,135809543,137400031,TRUE,237,3253,NA,0.000398527,NA,0.000142142,FALSE,NA,NA,NA,NA,NA,NA,1,"ASD"
725,4,137400032,138537344,TRUE,270,3373,NA,0.000478235,NA,2.43969e-05,FALSE,NA,NA,NA,NA,NA,NA,1,"ASD"
726,4,138537345,139553760,TRUE,238,2304,NA,0.000260937,NA,0.00742067,FALSE,NA,NA,NA,NA,NA,NA,1,"ASD"
727,4,139553761,141087047,TRUE,373,2661,NA,0.000600882,NA,1.17405e-05,FALSE,NA,NA,NA,NA,NA,NA,1,"ASD"
728,4,141087048,142807914,TRUE,316,3068,0.000102637,0.000377364,0.414963,0.0011394,FALSE,NA,NA,NA,NA,NA,NA,2,NA
729,4,142807915,144401042,TRUE,162,3074,NA,8.63917e-05,NA,0.148371,FALSE,NA,NA,NA,NA,NA,NA,1,"ASD"
730,4,144401043,146174871,TRUE,157,2317,NA,0.000226627,NA,0.00482298,FALSE,NA,NA,NA,NA,NA,NA,1,"ASD"
731,4,146174872,147161042,TRUE,215,1752,NA,0.000455953,NA,1.3171e-05,FALSE,NA,NA,NA,NA,NA,NA,1,"ASD"
732,4,147161043,148462208,TRUE,170,2303,NA,0.000189202,NA,0.0177082,FALSE,NA,NA,NA,NA,NA,NA,1,"ASD"
733,4,148462209,149998528,TRUE,322,2712,NA,0.000376863,NA,0.00136618,FALSE,NA,NA,NA,NA,NA,NA,1,"ASD"
734,4,149998529,151014322,TRUE,148,1535,0.000204735,0.000107478,0.281344,0.0913245,FALSE,NA,NA,NA,NA,NA,NA,2,NA
735,4,151014323,152162098,TRUE,133,1693,NA,0.000227122,NA,0.00279162,FALSE,NA,NA,NA,NA,NA,NA,1,"ASD"
736,4,152162099,153520883,FALSE,NA,NA,NA,NA,NA,NA,FALSE,NA,NA,NA,NA,NA,NA,NA,NA
737,4,153520884,155044409,TRUE,398,3234,NA,0.000549818,NA,4.81883e-05,FALSE,NA,NA,NA,NA,NA,NA,1,"ASD"
738,4,155044410,156520288,TRUE,313,2852,NA,0.000462211,NA,0.000112848,FALSE,NA,NA,NA,NA,NA,NA,1,"ASD"
739,4,156520289,157597309,TRUE,276,3175,NA,4.95386e-05,NA,0.314086,FALSE,NA,NA,NA,NA,NA,NA,1,"ASD"
740,4,157597310,159176073,TRUE,182,2873,NA,0.000315852,NA,0.000536475,FALSE,NA,NA,NA,NA,NA,NA,1,"ASD"
741,4,159176074,160828480,TRUE,240,3008,0.000228864,0.000695269,0.305851,3.20646e-09,FALSE,NA,NA,NA,NA,NA,NA,2,NA
742,4,160828481,161666201,TRUE,226,2017,NA,0.000403211,NA,9.43218e-05,FALSE,NA,NA,NA,NA,NA,NA,1,"ASD"
743,4,161666202,162239289,TRUE,122,2170,NA,0.000156829,NA,0.0197139,FALSE,NA,NA,NA,NA,NA,NA,1,"ASD"
744,4,162239290,163245541,TRUE,222,2723,NA,0.000357571,NA,0.000350919,FALSE,NA,NA,NA,NA,NA,NA,1,"ASD"
745,4,163245542,163937103,TRUE,115,1698,NA,0.000229819,NA,0.00141333,FALSE,NA,NA,NA,NA,NA,NA,1,"ASD"
746,4,163937104,164781847,TRUE,161,1579,0.000640386,0.000187643,0.0548329,0.0154247,FALSE,NA,NA,NA,NA,NA,NA,2,NA
747,4,164781848,165824650,TRUE,261,2936,NA,4.47468e-05,NA,0.328999,FALSE,NA,NA,NA,NA,NA,NA,1,"ASD"
748,4,165824651,166702855,TRUE,269,2313,NA,0.000234488,NA,0.0176765,FALSE,NA,NA,NA,NA,NA,NA,1,"ASD"
749,4,166702856,167643768,TRUE,115,2123,0.000540979,0.00011793,0.0558646,0.0546016,FALSE,NA,NA,NA,NA,NA,NA,2,NA
750,4,167643769,168623790,TRUE,162,2352,NA,6.61327e-05,NA,0.218164,FALSE,NA,NA,NA,NA,NA,NA,1,"ASD"
751,4,168623791,169555114,TRUE,226,2378,NA,0.000177373,NA,0.0404506,FALSE,NA,NA,NA,NA,NA,NA,1,"ASD"
752,4,169555115,170682809,TRUE,185,1889,NA,9.1539e-05,NA,0.148368,FALSE,NA,NA,NA,NA,NA,NA,1,"ASD"
753,4,170682810,171643019,TRUE,167,2507,0.000466252,0.00012494,0.120676,0.0730572,FALSE,NA,NA,NA,NA,NA,NA,2,NA
754,4,171643020,172555990,TRUE,98,2409,NA,0.000132885,NA,0.0272466,FALSE,NA,NA,NA,NA,NA,NA,1,"ASD"
755,4,172555991,174470206,TRUE,275,2885,0.000756708,0.000228615,0.0713976,0.0208367,FALSE,NA,NA,NA,NA,NA,NA,2,NA
756,4,174470207,175295842,TRUE,232,1538,0.000210588,0.000443105,0.316375,2.8476e-05,FALSE,NA,NA,NA,NA,NA,NA,2,NA
757,4,175295843,175959697,TRUE,197,1834,0.000108569,0.000250155,0.387847,0.00498217,FALSE,NA,NA,NA,NA,NA,NA,2,NA
758,4,175959698,177129678,TRUE,239,2228,0.000444608,0.000324634,0.171711,0.00233945,FALSE,NA,NA,NA,NA,NA,NA,2,NA
759,4,177129679,178314527,TRUE,250,2758,NA,0.000231938,NA,0.0153385,FALSE,NA,NA,NA,NA,NA,NA,1,"ASD"
760,4,178314528,179233905,TRUE,234,1985,NA,0.00068879,NA,1.60691e-09,FALSE,NA,NA,NA,NA,NA,NA,1,"ASD"
761,4,179233906,179932391,TRUE,144,1760,0.000187753,0.000268036,0.293911,0.00111911,FALSE,NA,NA,NA,NA,NA,NA,2,NA
762,4,179932392,180540877,TRUE,140,1934,NA,0.000289722,NA,0.000342619,FALSE,NA,NA,NA,NA,NA,NA,1,"ASD"
763,4,180540878,181122433,TRUE,208,1897,0.000183815,0.000680496,0.328233,7.3315e-10,FALSE,NA,NA,NA,NA,NA,NA,2,NA
764,4,181122434,182065646,TRUE,374,2610,NA,0.000377252,NA,0.00232512,FALSE,NA,NA,NA,NA,NA,NA,1,"ASD"
765,4,182065647,182946258,TRUE,430,2758,NA,4.63534e-05,NA,0.358414,FALSE,NA,NA,NA,NA,NA,NA,1,"ASD"
766,4,182946259,183603892,TRUE,311,1664,NA,0.000256375,NA,0.0160108,FALSE,NA,NA,NA,NA,NA,NA,1,"ASD"
767,4,183603893,184338584,TRUE,210,1523,NA,0.000389332,NA,0.00010782,FALSE,NA,NA,NA,NA,NA,NA,1,"ASD"
768,4,184338585,185483262,TRUE,438,2759,NA,0.000365971,NA,0.00556919,FALSE,NA,NA,NA,NA,NA,NA,1,"ASD"
769,4,185483263,186232882,TRUE,203,1918,NA,9.6097e-05,NA,0.149242,FALSE,NA,NA,NA,NA,NA,NA,1,"ASD"
770,4,186232883,186881568,TRUE,265,1634,0.000290115,0.000374647,0.273091,0.000628192,FALSE,NA,NA,NA,NA,NA,NA,2,NA
771,4,186881569,187985393,TRUE,469,2904,NA,0.000592946,NA,5.24061e-05,FALSE,NA,NA,NA,NA,NA,NA,1,"ASD"
772,4,187985394,189153279,TRUE,384,2967,NA,0.00028183,NA,0.0173493,FALSE,NA,NA,NA,NA,NA,NA,1,"ASD"
773,4,189153280,189899573,TRUE,288,3150,0.00012322,0.000359802,0.395823,0.00118444,FALSE,NA,NA,NA,NA,NA,NA,2,NA
774,4,189899574,191043880,TRUE,194,2008,NA,0.000172966,NA,0.0335084,FALSE,NA,NA,NA,NA,NA,NA,1,"ASD"
775,5,10043,598320,FALSE,NA,NA,NA,NA,NA,NA,FALSE,NA,NA,NA,NA,NA,NA,NA,NA
776,5,598321,1206609,TRUE,70,638,0.000126773,NA,0.294804,NA,FALSE,NA,NA,NA,NA,NA,NA,1,"ADHD"
777,5,1206610,2106885,TRUE,408,2687,NA,0.000579349,NA,3.22322e-05,FALSE,NA,NA,NA,NA,NA,NA,1,"ASD"
778,5,2106886,2960068,TRUE,315,2341,NA,6.3531e-05,NA,0.285757,FALSE,NA,NA,NA,NA,NA,NA,1,"ASD"
779,5,2960069,3677595,TRUE,300,2577,0.000482835,0.000579797,0.178966,1.74908e-06,FALSE,NA,NA,NA,NA,NA,NA,2,NA
780,5,3677596,4636542,TRUE,190,1790,NA,0.000227783,NA,0.00847452,FALSE,NA,NA,NA,NA,NA,NA,1,"ASD"
781,5,4636543,5828694,TRUE,327,2776,0.00102849,9.92315e-05,0.0353053,0.195967,FALSE,NA,NA,NA,NA,NA,NA,2,NA
782,5,5828695,6936733,TRUE,433,3409,NA,0.000465471,NA,0.000581176,FALSE,NA,NA,NA,NA,NA,NA,1,"ASD"
783,5,6936734,8079415,TRUE,299,2953,0.00061791,0.000178548,0.122322,0.0596989,FALSE,NA,NA,NA,NA,NA,NA,2,NA
784,5,8079416,9203855,TRUE,197,2978,NA,0.000186954,NA,0.0254874,FALSE,NA,NA,NA,NA,NA,NA,1,"ASD"
785,5,9203856,10549029,TRUE,395,2749,NA,9.94369e-05,NA,0.217587,FALSE,NA,NA,NA,NA,NA,NA,1,"ASD"
786,5,10549030,11850850,TRUE,365,2792,NA,0.000193002,NA,0.0635447,FALSE,NA,NA,NA,NA,NA,NA,1,"ASD"
787,5,11850851,12867189,TRUE,90,1800,0.000170426,0.000167684,0.267028,0.00676249,FALSE,NA,NA,NA,NA,NA,NA,2,NA
788,5,12867190,13608147,TRUE,121,1854,NA,7.17027e-05,NA,0.155127,FALSE,NA,NA,NA,NA,NA,NA,1,"ASD"
789,5,13608148,14910295,TRUE,339,2710,NA,0.000233126,NA,0.0295811,FALSE,NA,NA,NA,NA,NA,NA,1,"ASD"
790,5,14910296,16592319,TRUE,318,2722,NA,0.000345178,NA,0.00272442,FALSE,NA,NA,NA,NA,NA,NA,1,"ASD"
791,5,16592320,17803477,TRUE,350,2381,NA,0.000425834,NA,0.00062737,FALSE,NA,NA,NA,NA,NA,NA,1,"ASD"
792,5,17803478,18791410,TRUE,160,2358,0.000437786,0.000475062,0.129878,4.7612e-07,FALSE,NA,NA,NA,NA,NA,NA,2,NA
793,5,18791411,20397013,TRUE,196,3144,0.000259736,0.000357481,0.264453,0.000194953,FALSE,NA,NA,NA,NA,NA,NA,2,NA
794,5,20397014,21211399,TRUE,89,1449,7.0554e-05,0.000256428,0.385133,0.00017244,FALSE,NA,NA,NA,NA,NA,NA,2,NA
795,5,21211400,22149042,TRUE,116,1426,NA,1.37497e-05,NA,0.406411,FALSE,NA,NA,NA,NA,NA,NA,1,"ASD"
796,5,22149043,23246745,TRUE,144,2118,NA,1.44935e-05,NA,0.412279,FALSE,NA,NA,NA,NA,NA,NA,1,"ASD"
797,5,23246746,24362661,TRUE,114,2855,NA,5.71162e-05,NA,0.202344,FALSE,NA,NA,NA,NA,NA,NA,1,"ASD"
798,5,24362662,25722097,TRUE,225,2610,NA,0.000255889,NA,0.00666562,FALSE,NA,NA,NA,NA,NA,NA,1,"ASD"
799,5,25722098,26938178,TRUE,209,3218,NA,0.000301845,NA,0.00153879,FALSE,NA,NA,NA,NA,NA,NA,1,"ASD"
800,5,26938179,28315653,TRUE,191,2392,NA,0.000157055,NA,0.0446711,FALSE,NA,NA,NA,NA,NA,NA,1,"ASD"
801,5,28315654,29593755,TRUE,207,3183,0.00013706,7.67997e-05,0.366248,0.200749,FALSE,NA,NA,NA,NA,NA,NA,2,NA
802,5,29593756,30416066,TRUE,158,2738,NA,0.000211643,NA,0.00774787,FALSE,NA,NA,NA,NA,NA,NA,1,"ASD"
803,5,30416067,31679464,TRUE,352,2760,NA,0.000464884,NA,0.000190441,FALSE,NA,NA,NA,NA,NA,NA,1,"ASD"
804,5,31679465,32727914,TRUE,311,2260,NA,0.000503615,NA,4.05142e-05,FALSE,NA,NA,NA,NA,NA,NA,1,"ASD"
805,5,32727915,33971056,TRUE,258,2729,NA,0.000227723,NA,0.0186362,FALSE,NA,NA,NA,NA,NA,NA,1,"ASD"
806,5,33971057,35157146,TRUE,248,2593,NA,5.14994e-05,NA,0.298555,FALSE,NA,NA,NA,NA,NA,NA,1,"ASD"
807,5,35157147,36431967,TRUE,270,2817,NA,6.52931e-05,NA,0.270511,FALSE,NA,NA,NA,NA,NA,NA,1,"ASD"
808,5,36431968,37925487,TRUE,256,2432,NA,6.99661e-05,NA,0.245211,FALSE,NA,NA,NA,NA,NA,NA,1,"ASD"
809,5,37925488,39438985,TRUE,316,2894,0.00061648,0.000406153,0.129024,0.000678477,FALSE,NA,NA,NA,NA,NA,NA,2,NA
810,5,39438986,40290851,TRUE,175,2494,4.2766e-05,0.000383557,0.443868,5.07682e-05,FALSE,NA,NA,NA,NA,NA,NA,2,NA
811,5,40290852,41279590,TRUE,206,2327,NA,0.00015282,NA,0.0556616,FALSE,NA,NA,NA,NA,NA,NA,1,"ASD"
812,5,41279591,42856332,TRUE,164,2774,NA,0.00056321,NA,1.37701e-08,FALSE,NA,NA,NA,NA,NA,NA,1,"ASD"
813,5,42856333,44049878,TRUE,127,2305,NA,0.000571241,NA,4.46828e-10,FALSE,NA,NA,NA,NA,NA,NA,1,"ASD"
814,5,44049879,45305566,TRUE,117,1723,0.00019055,0.000197537,0.271968,0.00486531,FALSE,NA,NA,NA,NA,NA,NA,2,NA
815,5,45305567,46388848,TRUE,35,794,0.000126099,0.000213981,0.229077,2.18541e-05,FALSE,NA,NA,NA,NA,NA,NA,2,NA
816,5,46388849,50164835,TRUE,34,912,NA,4.63357e-05,NA,0.113533,FALSE,NA,NA,NA,NA,NA,NA,1,"ASD"
817,5,50164836,51203265,TRUE,184,1803,NA,0.000483321,NA,1.16556e-06,FALSE,NA,NA,NA,NA,NA,NA,1,"ASD"
818,5,51203266,52139773,TRUE,186,2133,NA,0.000271534,NA,0.00220717,FALSE,NA,NA,NA,NA,NA,NA,1,"ASD"
819,5,52139774,52837225,TRUE,179,1858,0.000487129,0.000194246,0.118616,0.0180369,FALSE,NA,NA,NA,NA,NA,NA,2,NA
820,5,52837226,53747856,TRUE,269,2219,NA,0.0003754,NA,0.000539802,FALSE,NA,NA,NA,NA,NA,NA,1,"ASD"
821,5,53747857,55221398,TRUE,266,3606,0.000241924,0.000447121,0.305587,8.55023e-05,FALSE,NA,NA,NA,NA,NA,NA,2,NA
822,5,55221399,55968966,TRUE,320,1862,0.00102479,0.000442821,0.0343999,0.000219733,TRUE,0.259245,0.259245,FALSE,-0.56907,0.98679,0.422942,2,NA
823,5,55968967,56896890,TRUE,239,1928,NA,0.000378648,NA,0.000340648,FALSE,NA,NA,NA,NA,NA,NA,1,"ASD"
824,5,56896891,57895012,TRUE,213,2380,NA,7.73069e-05,NA,0.202435,FALSE,NA,NA,NA,NA,NA,NA,1,"ASD"
825,5,57895013,58721458,TRUE,280,2182,NA,0.000394211,NA,0.000387882,FALSE,NA,NA,NA,NA,NA,NA,1,"ASD"
826,5,58721459,59868567,TRUE,185,1638,0.000425152,0.000343826,0.152695,0.000234987,FALSE,NA,NA,NA,NA,NA,NA,2,NA
827,5,59868568,60930753,TRUE,132,1722,0.000250472,0.000233118,0.231023,0.00231449,FALSE,NA,NA,NA,NA,NA,NA,2,NA
828,5,60930754,62180368,TRUE,215,2044,NA,0.000395979,NA,8.00528e-05,FALSE,NA,NA,NA,NA,NA,NA,1,"ASD"
829,5,62180369,63214089,TRUE,186,2421,NA,0.000360879,NA,0.000121745,FALSE,NA,NA,NA,NA,NA,NA,1,"ASD"
830,5,63214090,64438518,TRUE,189,1786,0.000963916,0.000269362,0.0148552,0.00256046,TRUE,-0.0381807,-0.0381807,FALSE,-1,0.62205,0.910019,2,NA
831,5,64438519,65606870,TRUE,188,2019,0.000113968,0.000281651,0.380471,0.00242831,FALSE,NA,NA,NA,NA,NA,NA,2,NA
832,5,65606871,67096191,FALSE,NA,NA,NA,NA,NA,NA,FALSE,NA,NA,NA,NA,NA,NA,NA,NA
833,5,67096192,68006993,TRUE,279,1828,0.000676543,0.000128037,0.0951732,0.122055,FALSE,NA,NA,NA,NA,NA,NA,2,NA
834,5,68006994,71468651,TRUE,249,2764,NA,7.15104e-05,NA,0.238032,FALSE,NA,NA,NA,NA,NA,NA,1,"ASD"
835,5,71468652,73314061,TRUE,340,3245,NA,0.000112601,NA,0.170034,FALSE,NA,NA,NA,NA,NA,NA,1,"ASD"
836,5,73314062,74245354,FALSE,NA,NA,NA,NA,NA,NA,FALSE,NA,NA,NA,NA,NA,NA,NA,NA
837,5,74245355,75239302,TRUE,109,1797,0.000695096,0.00040519,0.0205115,4.84564e-07,TRUE,0.0449588,0.0449588,FALSE,-0.77502,0.61401,0.875297,2,NA
838,5,75239303,75959515,TRUE,212,1595,NA,0.00026349,NA,0.00449952,FALSE,NA,NA,NA,NA,NA,NA,1,"ASD"
839,5,75959516,77290255,TRUE,397,2935,NA,0.000273891,NA,0.0214562,FALSE,NA,NA,NA,NA,NA,NA,1,"ASD"
840,5,77290256,79005158,TRUE,310,2920,NA,0.000394673,NA,0.000782239,FALSE,NA,NA,NA,NA,NA,NA,1,"ASD"
841,5,79005159,80448225,TRUE,452,3421,0.000176655,0.00073052,0.384806,8.56678e-07,FALSE,NA,NA,NA,NA,NA,NA,2,NA
842,5,80448226,81710194,TRUE,272,2021,0.000505635,0.000714483,0.157165,6.75318e-09,FALSE,NA,NA,NA,NA,NA,NA,2,NA
843,5,81710195,82720248,TRUE,237,1891,0.000533524,3.58013e-05,0.129346,0.350343,FALSE,NA,NA,NA,NA,NA,NA,2,NA
844,5,82720249,84094797,TRUE,377,2280,NA,0.000105079,NA,0.202122,FALSE,NA,NA,NA,NA,NA,NA,1,"ASD"
845,5,84094798,84697850,TRUE,118,1870,NA,0.000137166,NA,0.0318764,FALSE,NA,NA,NA,NA,NA,NA,1,"ASD"
846,5,84697851,85311779,TRUE,86,1822,NA,7.09314e-05,NA,0.122333,FALSE,NA,NA,NA,NA,NA,NA,1,"ASD"
847,5,85311780,86493763,TRUE,207,2373,NA,8.6697e-05,NA,0.177762,FALSE,NA,NA,NA,NA,NA,NA,1,"ASD"
848,5,86493764,87943482,TRUE,138,1894,0.000100893,0.000783025,0.375083,7.75797e-14,FALSE,NA,NA,NA,NA,NA,NA,2,NA
849,5,87943483,89584466,TRUE,261,1794,8.01941e-06,0.000867594,0.481877,4.65003e-12,FALSE,NA,NA,NA,NA,NA,NA,2,NA
850,5,89584467,90793804,TRUE,256,1947,NA,0.000572983,NA,5.52755e-07,FALSE,NA,NA,NA,NA,NA,NA,1,"ASD"
851,5,90793805,91956905,TRUE,174,1798,NA,0.0002303,NA,0.00730691,FALSE,NA,NA,NA,NA,NA,NA,1,"ASD"
852,5,91956906,93814604,TRUE,297,2076,0.000511765,0.000533909,0.164502,1.13877e-05,FALSE,NA,NA,NA,NA,NA,NA,2,NA
853,5,93814605,95117259,TRUE,302,2158,2.7085e-06,0.000155792,0.487142,0.0888576,FALSE,NA,NA,NA,NA,NA,NA,2,NA
854,5,95117260,96467377,TRUE,289,2629,0.000462508,0.000226898,0.184467,0.0225866,FALSE,NA,NA,NA,NA,NA,NA,2,NA
855,5,96467378,97316601,TRUE,69,2197,NA,2.59471e-05,NA,0.297429,FALSE,NA,NA,NA,NA,NA,NA,1,"ASD"
856,5,97316602,98567769,TRUE,199,2578,NA,0.000109332,NA,0.123284,FALSE,NA,NA,NA,NA,NA,NA,1,"ASD"
857,5,98567770,99257995,TRUE,54,1494,NA,0.000278028,NA,3.90928e-06,FALSE,NA,NA,NA,NA,NA,NA,1,"ASD"
858,5,99257996,100594081,FALSE,NA,NA,NA,NA,NA,NA,FALSE,NA,NA,NA,NA,NA,NA,NA,NA
859,5,100594082,101575367,TRUE,131,2322,NA,9.99784e-05,NA,0.0953768,FALSE,NA,NA,NA,NA,NA,NA,1,"ASD"
860,5,101575368,102903985,TRUE,132,2782,0.000270759,0.000152416,0.214738,0.0440089,FALSE,NA,NA,NA,NA,NA,NA,2,NA
861,5,102903986,103788460,TRUE,262,1809,0.000805672,0.000692988,0.0559553,8.91712e-09,FALSE,NA,NA,NA,NA,NA,NA,2,NA
862,5,103788461,104850490,TRUE,180,2336,0.000615154,0.000599565,0.0713906,4.1151e-09,FALSE,NA,NA,NA,NA,NA,NA,2,NA
863,5,104850491,106389388,TRUE,284,3071,NA,0.000226433,NA,0.0247625,FALSE,NA,NA,NA,NA,NA,NA,1,"ASD"
864,5,106389389,107265911,TRUE,277,1923,NA,0.000578124,NA,9.03935e-07,FALSE,NA,NA,NA,NA,NA,NA,1,"ASD"
865,5,107265912,108641784,TRUE,224,3176,NA,0.000520445,NA,1.12103e-06,FALSE,NA,NA,NA,NA,NA,NA,1,"ASD"
866,5,108641785,109606905,TRUE,186,2233,NA,0.000108871,NA,0.109613,FALSE,NA,NA,NA,NA,NA,NA,1,"ASD"
867,5,109606906,110819517,TRUE,142,2048,NA,0.000152923,NA,0.0401294,FALSE,NA,NA,NA,NA,NA,NA,1,"ASD"
868,5,110819518,111983115,TRUE,254,2566,1.95888e-05,0.000274003,0.472172,0.00610184,FALSE,NA,NA,NA,NA,NA,NA,2,NA
869,5,111983116,113121555,TRUE,193,3105,0.000401583,0.000548702,0.170406,2.00453e-07,FALSE,NA,NA,NA,NA,NA,NA,2,NA
870,5,113121556,113998532,TRUE,244,2235,0.00131722,NA,0.00473452,NA,FALSE,NA,NA,NA,NA,NA,NA,1,"ADHD"
871,5,113998533,115117631,TRUE,234,2466,NA,0.000166755,NA,0.0515708,FALSE,NA,NA,NA,NA,NA,NA,1,"ASD"
872,5,115117632,116208000,TRUE,322,3014,NA,0.000522575,NA,2.3472e-05,FALSE,NA,NA,NA,NA,NA,NA,1,"ASD"
873,5,116208001,117348497,TRUE,305,2946,NA,0.00042834,NA,0.000257067,FALSE,NA,NA,NA,NA,NA,NA,1,"ASD"
874,5,117348498,118605251,TRUE,327,2980,NA,0.000277892,NA,0.0115518,FALSE,NA,NA,NA,NA,NA,NA,1,"ASD"
875,5,118605252,119664173,TRUE,259,2411,NA,0.000263828,NA,0.00804253,FALSE,NA,NA,NA,NA,NA,NA,1,"ASD"
876,5,119664174,120371857,TRUE,142,1788,0.000154444,0.000148047,0.323725,0.0377946,FALSE,NA,NA,NA,NA,NA,NA,2,NA
877,5,120371858,120960737,TRUE,149,1947,NA,0.000649157,NA,3.42713e-11,FALSE,NA,NA,NA,NA,NA,NA,1,"ASD"
878,5,120960738,122005291,TRUE,180,1677,0.000658496,2.37198e-05,0.0592213,0.380443,FALSE,NA,NA,NA,NA,NA,NA,2,NA
879,5,122005292,123191941,TRUE,224,2844,1.83157e-05,0.000271954,0.471479,0.00427636,FALSE,NA,NA,NA,NA,NA,NA,2,NA
880,5,123191942,124109485,TRUE,271,1901,NA,0.000117288,NA,0.137824,FALSE,NA,NA,NA,NA,NA,NA,1,"ASD"
881,5,124109486,125131720,TRUE,369,2485,NA,0.000453083,NA,0.000367141,FALSE,NA,NA,NA,NA,NA,NA,1,"ASD"
882,5,125131721,126054697,TRUE,213,2342,NA,8.81402e-05,NA,0.172111,FALSE,NA,NA,NA,NA,NA,NA,1,"ASD"
883,5,126054698,126992836,TRUE,145,2031,2.73347e-05,NA,0.45489,NA,FALSE,NA,NA,NA,NA,NA,NA,1,"ADHD"
884,5,126992837,128067414,TRUE,169,1939,0.000252051,8.36387e-05,0.255405,0.16548,FALSE,NA,NA,NA,NA,NA,NA,2,NA
885,5,128067415,128734905,TRUE,142,2058,NA,6.93963e-05,NA,0.181519,FALSE,NA,NA,NA,NA,NA,NA,1,"ASD"
886,5,128734906,130573817,TRUE,167,2764,0.000497974,0.000105002,0.106441,0.106667,FALSE,NA,NA,NA,NA,NA,NA,2,NA
887,5,130573818,132554690,TRUE,186,2569,NA,0.000188486,NA,0.0237303,FALSE,NA,NA,NA,NA,NA,NA,1,"ASD"
888,5,132554691,134556570,TRUE,544,3474,NA,0.00123939,NA,6.27529e-13,FALSE,NA,NA,NA,NA,NA,NA,1,"ASD"
889,5,134556571,135344943,TRUE,196,1857,0.000122522,0.00016355,0.375344,0.0441526,FALSE,NA,NA,NA,NA,NA,NA,2,NA
890,5,135344944,136949853,TRUE,330,3050,0.000715943,0.00100252,0.10074,2.43428e-12,FALSE,NA,NA,NA,NA,NA,NA,2,NA
891,5,136949854,139408116,TRUE,302,2789,NA,0.000329821,NA,0.00347395,FALSE,NA,NA,NA,NA,NA,NA,1,"ASD"
892,5,139408117,141253830,TRUE,366,2905,NA,0.000651118,NA,1.25926e-06,FALSE,NA,NA,NA,NA,NA,NA,1,"ASD"
893,5,141253831,142532956,TRUE,304,2543,NA,0.000408311,NA,0.000519039,FALSE,NA,NA,NA,NA,NA,NA,1,"ASD"
894,5,142532957,143605908,TRUE,246,2078,3.65366e-05,0.000258834,0.457704,0.00788283,FALSE,NA,NA,NA,NA,NA,NA,2,NA
895,5,143605909,145319096,TRUE,213,3224,0.000740289,0.000596422,0.0532963,3.75824e-08,FALSE,NA,NA,NA,NA,NA,NA,2,NA
896,5,145319097,147180171,TRUE,293,3265,NA,0.000386375,NA,0.000635909,FALSE,NA,NA,NA,NA,NA,NA,1,"ASD"
897,5,147180172,148662214,FALSE,NA,NA,NA,NA,NA,NA,FALSE,NA,NA,NA,NA,NA,NA,NA,NA
898,5,148662215,149850203,TRUE,396,2346,0.000557335,0.000538658,0.178076,6.16817e-05,FALSE,NA,NA,NA,NA,NA,NA,2,NA
899,5,149850204,150981934,TRUE,277,2607,3.72729e-05,0.000243575,0.459552,0.0158481,FALSE,NA,NA,NA,NA,NA,NA,2,NA
900,5,150981935,151892617,TRUE,171,1979,0.000139924,0.000162916,0.351103,0.0315442,FALSE,NA,NA,NA,NA,NA,NA,2,NA
901,5,151892618,152878627,TRUE,167,1998,NA,0.000120659,NA,0.0804335,FALSE,NA,NA,NA,NA,NA,NA,1,"ASD"
902,5,152878628,153734494,TRUE,182,2270,NA,0.000120833,NA,0.0919139,FALSE,NA,NA,NA,NA,NA,NA,1,"ASD"
903,5,153734495,154599750,TRUE,277,1816,NA,8.70156e-05,NA,0.220009,FALSE,NA,NA,NA,NA,NA,NA,1,"ASD"
904,5,154599751,155459556,TRUE,190,1858,1.25681e-05,0.000295226,0.474465,0.0011569,FALSE,NA,NA,NA,NA,NA,NA,2,NA
905,5,155459557,156345451,TRUE,177,2013,NA,5.5982e-05,NA,0.259948,FALSE,NA,NA,NA,NA,NA,NA,1,"ASD"
906,5,156345452,157191081,TRUE,206,2222,NA,0.000226071,NA,0.0122394,FALSE,NA,NA,NA,NA,NA,NA,1,"ASD"
907,5,157191082,158484775,TRUE,324,2799,NA,0.000373372,NA,0.00127242,FALSE,NA,NA,NA,NA,NA,NA,1,"ASD"
908,5,158484776,159663733,TRUE,254,2458,NA,0.000403791,NA,0.00023124,FALSE,NA,NA,NA,NA,NA,NA,1,"ASD"
909,5,159663734,160519049,TRUE,282,2023,0.000101273,0.000585598,0.411138,8.83059e-07,FALSE,NA,NA,NA,NA,NA,NA,2,NA
910,5,160519050,161478177,TRUE,184,2072,1.99345e-05,0.000275544,0.466993,0.0019142,FALSE,NA,NA,NA,NA,NA,NA,2,NA
911,5,161478178,162386027,TRUE,153,1544,NA,1.68362e-05,NA,0.403074,FALSE,NA,NA,NA,NA,NA,NA,1,"ASD"
912,5,162386028,163781268,TRUE,339,2924,0.000680171,0.00032787,0.114819,0.00483467,FALSE,NA,NA,NA,NA,NA,NA,2,NA
913,5,163781269,165289211,TRUE,354,2915,0.00032697,0.000538346,0.278679,2.76499e-05,FALSE,NA,NA,NA,NA,NA,NA,2,NA
914,5,165289212,166863413,TRUE,430,2717,NA,0.000505393,NA,0.000262383,FALSE,NA,NA,NA,NA,NA,NA,1,"ASD"
915,5,166863414,168342743,TRUE,472,2688,NA,0.000655946,NA,9.86097e-06,FALSE,NA,NA,NA,NA,NA,NA,1,"ASD"
916,5,168342744,169506966,TRUE,375,2843,NA,9.87964e-05,NA,0.216145,FALSE,NA,NA,NA,NA,NA,NA,1,"ASD"
917,5,169506967,170898340,TRUE,317,2704,0.000125231,0.000453514,0.399132,0.000139903,FALSE,NA,NA,NA,NA,NA,NA,2,NA
918,5,170898341,172285682,TRUE,479,2844,0.000889788,0.000198637,0.0936655,0.0839655,FALSE,NA,NA,NA,NA,NA,NA,2,NA
919,5,172285683,173606995,TRUE,373,2899,NA,0.000591669,NA,8.33101e-06,FALSE,NA,NA,NA,NA,NA,NA,1,"ASD"
920,5,173606996,174662885,TRUE,359,2430,NA,0.000133902,NA,0.138008,FALSE,NA,NA,NA,NA,NA,NA,1,"ASD"
921,5,174662886,176180301,TRUE,342,2343,NA,0.000207053,NA,0.0473483,FALSE,NA,NA,NA,NA,NA,NA,1,"ASD"
922,5,176180302,177659902,TRUE,210,1954,NA,0.000162247,NA,0.0483479,FALSE,NA,NA,NA,NA,NA,NA,1,"ASD"
923,5,177659903,178595252,TRUE,352,2834,NA,0.000262794,NA,0.0200692,FALSE,NA,NA,NA,NA,NA,NA,1,"ASD"
924,5,178595253,179794710,TRUE,458,2709,NA,0.000455776,NA,0.00109475,FALSE,NA,NA,NA,NA,NA,NA,1,"ASD"
925,5,179794711,180902886,TRUE,220,1853,7.49146e-05,0.000326054,0.422138,0.00120983,FALSE,NA,NA,NA,NA,NA,NA,2,NA
926,6,63979,1380679,TRUE,443,2928,NA,0.000189717,NA,0.0887015,FALSE,NA,NA,NA,NA,NA,NA,1,"ASD"
927,6,1380680,2746531,TRUE,382,2871,0.000188727,0.000563603,0.3676,2.49366e-05,FALSE,NA,NA,NA,NA,NA,NA,2,NA
928,6,2746532,3964072,TRUE,403,2809,5.54102e-05,0.000288477,0.454719,0.0174654,FALSE,NA,NA,NA,NA,NA,NA,2,NA
929,6,3964073,4657086,TRUE,162,1813,NA,0.000191014,NA,0.0147384,FALSE,NA,NA,NA,NA,NA,NA,1,"ASD"
930,6,4657087,5378213,TRUE,179,1746,0.000317372,9.20721e-05,0.214077,0.142551,FALSE,NA,NA,NA,NA,NA,NA,2,NA
931,6,5378214,6621937,TRUE,458,3158,4.54122e-05,0.000566482,0.463562,9.3391e-05,FALSE,NA,NA,NA,NA,NA,NA,2,NA
932,6,6621938,7808323,TRUE,488,3105,NA,0.000234984,NA,0.0548803,FALSE,NA,NA,NA,NA,NA,NA,1,"ASD"
933,6,7808324,9020710,TRUE,247,2999,0.000143473,0.000277849,0.372015,0.00507009,FALSE,NA,NA,NA,NA,NA,NA,2,NA
934,6,9020711,10416550,TRUE,357,3189,NA,0.000173604,NA,0.0841026,FALSE,NA,NA,NA,NA,NA,NA,1,"ASD"
935,6,10416551,11790671,TRUE,372,3070,NA,0.000913758,NA,2.04296e-10,FALSE,NA,NA,NA,NA,NA,NA,1,"ASD"
936,6,11790672,13352326,TRUE,362,3271,NA,0.000307201,NA,0.0086452,FALSE,NA,NA,NA,NA,NA,NA,1,"ASD"
937,6,13352327,15069421,TRUE,416,2989,NA,0.000678408,NA,1.76358e-06,FALSE,NA,NA,NA,NA,NA,NA,1,"ASD"
938,6,15069422,16566882,TRUE,424,3401,0.000662729,0.000804001,0.145987,4.62437e-08,FALSE,NA,NA,NA,NA,NA,NA,2,NA
939,6,16566883,17391994,TRUE,273,1782,0.00159948,0.000337631,0.00155777,0.00169879,TRUE,-0.00402338,-0.00402338,FALSE,NA,NA,0.988666,2,NA
940,6,17391995,18208676,TRUE,179,1863,NA,0.000278727,NA,0.00159239,FALSE,NA,NA,NA,NA,NA,NA,1,"ASD"
941,6,18208677,18775022,TRUE,128,1853,0.000380783,0.000215733,0.13617,0.00332768,FALSE,NA,NA,NA,NA,NA,NA,2,NA
942,6,18775023,19449152,TRUE,118,1800,0.000309455,0.00036427,0.173212,5.98724e-06,FALSE,NA,NA,NA,NA,NA,NA,2,NA
943,6,19449153,20418020,TRUE,276,2095,NA,0.00040046,NA,0.000327798,FALSE,NA,NA,NA,NA,NA,NA,1,"ASD"
944,6,20418021,21295864,TRUE,236,2073,NA,0.00016663,NA,0.0511714,FALSE,NA,NA,NA,NA,NA,NA,1,"ASD"
945,6,21295865,22199713,TRUE,259,1660,NA,0.000248923,NA,0.0120148,FALSE,NA,NA,NA,NA,NA,NA,1,"ASD"
946,6,22199714,23192337,TRUE,287,2629,NA,0.00031264,NA,0.00363543,FALSE,NA,NA,NA,NA,NA,NA,1,"ASD"
947,6,23192338,23939306,TRUE,219,1915,0.00063855,0.000388835,0.0826604,0.000137804,FALSE,NA,NA,NA,NA,NA,NA,2,NA
948,6,23939307,24950379,TRUE,331,2949,NA,0.000540709,NA,3.75774e-05,FALSE,NA,NA,NA,NA,NA,NA,1,"ASD"
949,6,24950380,25684629,TRUE,231,2270,NA,0.000397737,NA,0.000131334,FALSE,NA,NA,NA,NA,NA,NA,1,"ASD"
950,6,25684630,26396200,TRUE,125,1792,NA,0.000475902,NA,6.42549e-08,FALSE,NA,NA,NA,NA,NA,NA,1,"ASD"
951,6,26396201,27261035,TRUE,80,1348,NA,0.000296424,NA,1.63553e-05,FALSE,NA,NA,NA,NA,NA,NA,1,"ASD"
952,6,27261036,28666364,TRUE,130,2690,0.000339913,0.000356469,0.16319,1.79621e-05,FALSE,NA,NA,NA,NA,NA,NA,2,NA
953,6,28666365,29529755,TRUE,83,2444,0.00025564,0.000143013,0.176032,0.0196395,FALSE,NA,NA,NA,NA,NA,NA,2,NA
954,6,29529756,29833843,TRUE,49,2482,0.000790988,4.68589e-06,0.000922547,0.432077,FALSE,NA,NA,NA,NA,NA,NA,2,NA
955,6,29833844,30070717,TRUE,34,1724,0.000469278,1.22309e-05,0.0107217,0.345153,FALSE,NA,NA,NA,NA,NA,NA,2,NA
956,6,30070718,30715006,TRUE,92,2284,0.000118404,0.000119188,0.327878,0.0369054,FALSE,NA,NA,NA,NA,NA,NA,2,NA
957,6,30715007,31106493,TRUE,117,2169,0.000735124,0.000169673,0.0184984,0.0129875,TRUE,0.630862,0.630862,FALSE,-0.17385,1,0.108982,2,NA
958,6,31106494,31250556,TRUE,37,1581,0.000112103,1.02876e-05,0.256349,0.367707,FALSE,NA,NA,NA,NA,NA,NA,2,NA
959,6,31250557,31320268,TRUE,23,1067,0.000169209,NA,0.126675,NA,FALSE,NA,NA,NA,NA,NA,NA,1,"ADHD"
960,6,31320269,31427209,TRUE,38,1465,6.18597e-05,6.3481e-05,0.345656,0.066133,FALSE,NA,NA,NA,NA,NA,NA,2,NA
961,6,31427210,32208901,TRUE,212,2189,0.000370895,0.000760049,0.198843,3.19442e-11,FALSE,NA,NA,NA,NA,NA,NA,2,NA
962,6,32208902,32454577,TRUE,42,1897,NA,9.90549e-05,NA,0.0167555,FALSE,NA,NA,NA,NA,NA,NA,1,"ASD"
963,6,32454578,32539567,FALSE,NA,NA,NA,NA,NA,NA,FALSE,NA,NA,NA,NA,NA,NA,NA,NA
964,6,32539568,32586784,TRUE,11,298,2.04095e-05,1.52514e-05,0.367718,0.220313,FALSE,NA,NA,NA,NA,NA,NA,2,NA
965,6,32586785,32629239,TRUE,16,336,NA,1.88353e-05,NA,0.21956,FALSE,NA,NA,NA,NA,NA,NA,1,"ASD"
966,6,32629240,32682213,TRUE,15,626,NA,3.50368e-05,NA,0.0953232,FALSE,NA,NA,NA,NA,NA,NA,1,"ASD"
967,6,32682214,32897998,TRUE,65,1681,NA,6.63637e-05,NA,0.104191,FALSE,NA,NA,NA,NA,NA,NA,1,"ASD"
968,6,32897999,33194975,TRUE,101,1913,0.000612367,7.66632e-05,0.029877,0.119996,FALSE,NA,NA,NA,NA,NA,NA,2,NA
969,6,33194976,33864262,TRUE,206,1830,NA,0.00049388,NA,2.49279e-06,FALSE,NA,NA,NA,NA,NA,NA,1,"ASD"
970,6,33864263,34979270,TRUE,190,2228,0.000113637,0.000487365,0.381367,2.17602e-06,FALSE,NA,NA,NA,NA,NA,NA,2,NA
971,6,34979271,36346353,TRUE,264,2508,NA,0.000454464,NA,7.88737e-05,FALSE,NA,NA,NA,NA,NA,NA,1,"ASD"
972,6,36346354,37570051,TRUE,379,2758,NA,0.000296538,NA,0.0125879,FALSE,NA,NA,NA,NA,NA,NA,1,"ASD"
973,6,37570052,38688720,TRUE,313,2392,0.000107058,0.000673323,0.41141,1.56515e-07,FALSE,NA,NA,NA,NA,NA,NA,2,NA
974,6,38688721,39785907,TRUE,335,2948,0.000890101,0.000346819,0.0594325,0.00277728,FALSE,NA,NA,NA,NA,NA,NA,2,NA
975,6,39785908,40778401,TRUE,273,2627,0.00112481,0.000512739,0.0164449,1.07206e-05,TRUE,0.207195,0.207195,FALSE,-0.4894,0.7928,0.456434,2,NA
976,6,40778402,42103738,TRUE,403,2661,NA,0.000204115,NA,0.0651245,FALSE,NA,NA,NA,NA,NA,NA,1,"ASD"
977,6,42103739,43770626,TRUE,314,2761,0.000195552,0.000314647,0.350168,0.00521941,FALSE,NA,NA,NA,NA,NA,NA,2,NA
978,6,43770627,44596897,TRUE,344,1712,NA,0.000494332,NA,0.000107639,FALSE,NA,NA,NA,NA,NA,NA,1,"ASD"
979,6,44596898,45408421,FALSE,NA,NA,NA,NA,NA,NA,FALSE,NA,NA,NA,NA,NA,NA,NA,NA
980,6,45408422,46430701,TRUE,226,1928,NA,0.000222377,NA,0.0167425,FALSE,NA,NA,NA,NA,NA,NA,1,"ASD"
981,6,46430702,47313443,TRUE,239,1925,NA,0.000487836,NA,9.77865e-06,FALSE,NA,NA,NA,NA,NA,NA,1,"ASD"
982,6,47313444,48393981,TRUE,198,2399,0.000520163,0.000160173,0.115198,0.0445701,FALSE,NA,NA,NA,NA,NA,NA,2,NA
983,6,48393982,49528164,TRUE,116,2342,4.15855e-05,0.000394004,0.43267,1.82543e-06,FALSE,NA,NA,NA,NA,NA,NA,2,NA
984,6,49528165,50940767,TRUE,219,3068,NA,0.000587431,NA,6.57799e-08,FALSE,NA,NA,NA,NA,NA,NA,1,"ASD"
985,6,50940768,51826423,TRUE,157,2281,0.0003958,8.47918e-05,0.150301,0.145484,FALSE,NA,NA,NA,NA,NA,NA,2,NA
986,6,51826424,52598879,TRUE,254,1943,0.000343797,0.000315713,0.235029,0.00236164,FALSE,NA,NA,NA,NA,NA,NA,2,NA
987,6,52598880,53425492,TRUE,165,1790,2.2855e-05,0.000199327,0.462205,0.0144129,FALSE,NA,NA,NA,NA,NA,NA,2,NA
988,6,53425493,54452767,TRUE,170,2174,0.000408742,0.000230112,0.152023,0.00527663,FALSE,NA,NA,NA,NA,NA,NA,2,NA
989,6,54452768,55469137,TRUE,172,3195,0.000134272,NA,0.356635,NA,FALSE,NA,NA,NA,NA,NA,NA,1,"ADHD"
990,6,55469138,56200985,TRUE,129,2023,0.000227067,NA,0.248383,NA,FALSE,NA,NA,NA,NA,NA,NA,1,"ADHD"
991,6,56200986,57316157,TRUE,155,1564,NA,5.55602e-05,NA,0.239573,FALSE,NA,NA,NA,NA,NA,NA,1,"ASD"
992,6,57316158,58141889,TRUE,20,1071,0.000147334,NA,0.140121,NA,FALSE,NA,NA,NA,NA,NA,NA,1,"ADHD"
993,6,58141890,61883560,FALSE,NA,NA,NA,NA,NA,NA,FALSE,NA,NA,NA,NA,NA,NA,NA,NA
994,6,61883561,62693128,TRUE,26,2072,NA,0.000173178,NA,7.4845e-05,FALSE,NA,NA,NA,NA,NA,NA,1,"ASD"
995,6,62693129,64010286,TRUE,110,2931,NA,0.000104698,NA,0.0675368,FALSE,NA,NA,NA,NA,NA,NA,1,"ASD"
996,6,64010287,65759861,TRUE,170,3286,9.19487e-05,0.000262046,0.395377,0.00254652,FALSE,NA,NA,NA,NA,NA,NA,2,NA
997,6,65759862,66445495,TRUE,114,1727,1.33473e-05,0.000157901,0.466112,0.0167658,FALSE,NA,NA,NA,NA,NA,NA,2,NA
998,6,66445496,67036787,TRUE,86,1886,0.000564874,5.31529e-05,0.0304559,0.189141,FALSE,NA,NA,NA,NA,NA,NA,2,NA
999,6,67036788,67559694,TRUE,123,1750,0.000148713,2.28021e-05,0.317785,0.360012,FALSE,NA,NA,NA,NA,NA,NA,2,NA
1000,6,67559695,68547494,TRUE,148,3284,NA,2.34851e-05,NA,0.368545,FALSE,NA,NA,NA,NA,NA,NA,1,"ASD"
1001,6,68547495,69294227,TRUE,188,2419,0.000646186,0.000335007,0.0662565,0.000323492,FALSE,NA,NA,NA,NA,NA,NA,2,NA
1002,6,69294228,70363348,TRUE,180,2522,NA,0.000382619,NA,4.3858e-05,FALSE,NA,NA,NA,NA,NA,NA,1,"ASD"
1003,6,70363349,71610787,TRUE,262,2566,0.000782985,0.000631289,0.0608703,1.06719e-07,FALSE,NA,NA,NA,NA,NA,NA,2,NA
1004,6,71610788,72290723,TRUE,158,1999,0.000176273,0.000334525,0.312299,0.000328291,FALSE,NA,NA,NA,NA,NA,NA,2,NA
1005,6,72290724,73170168,TRUE,186,1968,NA,0.000284096,NA,0.00154193,FALSE,NA,NA,NA,NA,NA,NA,1,"ASD"
1006,6,73170169,74401506,TRUE,238,2579,0.00031027,0.000146195,0.249228,0.0765142,FALSE,NA,NA,NA,NA,NA,NA,2,NA
1007,6,74401507,75461313,TRUE,152,2722,1.68645e-05,3.18144e-05,0.466931,0.332913,FALSE,NA,NA,NA,NA,NA,NA,2,NA
1008,6,75461314,77274030,TRUE,164,2639,0.000163427,0.000201788,0.326817,0.0110076,FALSE,NA,NA,NA,NA,NA,NA,2,NA
1009,6,77274031,78168731,TRUE,183,2217,NA,0.000302516,NA,0.000842096,FALSE,NA,NA,NA,NA,NA,NA,1,"ASD"
1010,6,78168732,78959762,TRUE,101,1864,3.35075e-05,0.000476271,0.438179,4.04708e-09,FALSE,NA,NA,NA,NA,NA,NA,2,NA
1011,6,78959763,79859903,TRUE,111,2043,NA,0.000290256,NA,0.000103677,FALSE,NA,NA,NA,NA,NA,NA,1,"ASD"
1012,6,79859904,80693927,TRUE,222,2075,NA,0.000356094,NA,0.00044125,FALSE,NA,NA,NA,NA,NA,NA,1,"ASD"
1013,6,80693928,81567706,TRUE,123,2231,NA,0.000100373,NA,0.0840279,FALSE,NA,NA,NA,NA,NA,NA,1,"ASD"
1014,6,81567707,82388204,FALSE,NA,NA,NA,NA,NA,NA,FALSE,NA,NA,NA,NA,NA,NA,NA,NA
1015,6,82388205,83571953,TRUE,229,2509,NA,0.000124191,NA,0.10713,FALSE,NA,NA,NA,NA,NA,NA,1,"ASD"
1016,6,83571954,85038134,TRUE,215,2134,NA,0.000308134,NA,0.00130422,FALSE,NA,NA,NA,NA,NA,NA,1,"ASD"
1017,6,85038135,85837203,TRUE,163,1982,NA,0.000350106,NA,9.79601e-05,FALSE,NA,NA,NA,NA,NA,NA,1,"ASD"
1018,6,85837204,86818669,TRUE,121,1955,NA,2.72832e-05,NA,0.335593,FALSE,NA,NA,NA,NA,NA,NA,1,"ASD"
1019,6,86818670,87516322,TRUE,151,1818,NA,6.45062e-06,NA,0.452094,FALSE,NA,NA,NA,NA,NA,NA,1,"ASD"
1020,6,87516323,88499745,TRUE,135,2022,NA,0.000199867,NA,0.00685338,FALSE,NA,NA,NA,NA,NA,NA,1,"ASD"
1021,6,88499746,89974267,TRUE,380,3228,0.000675927,0.000487804,0.128954,0.00016577,FALSE,NA,NA,NA,NA,NA,NA,2,NA
1022,6,89974268,91097024,TRUE,258,1831,NA,0.000380177,NA,0.000482473,FALSE,NA,NA,NA,NA,NA,NA,1,"ASD"
1023,6,91097025,92015279,TRUE,205,1961,NA,0.000405756,NA,4.68935e-05,FALSE,NA,NA,NA,NA,NA,NA,1,"ASD"
1024,6,92015280,92953798,TRUE,210,1914,NA,0.000221992,NA,0.0124884,FALSE,NA,NA,NA,NA,NA,NA,1,"ASD"
1025,6,92953799,93696825,TRUE,181,1846,NA,0.000474397,NA,1.91696e-06,FALSE,NA,NA,NA,NA,NA,NA,1,"ASD"
1026,6,93696826,95176337,TRUE,316,3346,NA,0.000308145,NA,0.00649668,FALSE,NA,NA,NA,NA,NA,NA,1,"ASD"
1027,6,95176338,96480153,TRUE,146,2352,NA,0.000527235,NA,1.99187e-08,FALSE,NA,NA,NA,NA,NA,NA,1,"ASD"
1028,6,96480154,98173003,TRUE,242,3454,0.000901906,0.000383706,0.0334761,0.00025782,TRUE,-0.243,-0.243,FALSE,-1,0.37414,0.459937,2,NA
1029,6,98173004,99678876,TRUE,247,2385,0.000458611,0.00053109,0.168419,1.7094e-06,FALSE,NA,NA,NA,NA,NA,NA,2,NA
1030,6,99678877,100878645,TRUE,245,2515,NA,6.85712e-05,NA,0.242839,FALSE,NA,NA,NA,NA,NA,NA,1,"ASD"
1031,6,100878646,101793542,TRUE,75,1771,NA,4.41101e-05,NA,0.207742,FALSE,NA,NA,NA,NA,NA,NA,1,"ASD"
1032,6,101793543,102637706,TRUE,162,1710,NA,0.00022149,NA,0.00647362,FALSE,NA,NA,NA,NA,NA,NA,1,"ASD"
1033,6,102637707,103612625,TRUE,101,1878,2.44493e-05,0.000146652,0.449738,0.0170585,FALSE,NA,NA,NA,NA,NA,NA,2,NA
1034,6,103612626,104209796,FALSE,NA,NA,NA,NA,NA,NA,FALSE,NA,NA,NA,NA,NA,NA,NA,NA
1035,6,104209797,104951344,TRUE,135,1767,NA,4.67742e-06,NA,0.459223,FALSE,NA,NA,NA,NA,NA,NA,1,"ASD"
1036,6,104951345,106053915,TRUE,190,1760,NA,0.000206792,NA,0.014359,FALSE,NA,NA,NA,NA,NA,NA,1,"ASD"
1037,6,106053916,107309327,TRUE,388,3040,NA,0.000661693,NA,1.32476e-06,FALSE,NA,NA,NA,NA,NA,NA,1,"ASD"
1038,6,107309328,109043244,TRUE,272,2605,NA,0.000400226,NA,0.000391505,FALSE,NA,NA,NA,NA,NA,NA,1,"ASD"
1039,6,109043245,110647842,TRUE,168,2998,NA,0.000134244,NA,0.0616291,FALSE,NA,NA,NA,NA,NA,NA,1,"ASD"
1040,6,110647843,111363443,TRUE,143,1780,5.99311e-05,0.000111508,0.419732,0.0784315,FALSE,NA,NA,NA,NA,NA,NA,2,NA
1041,6,111363444,112342873,TRUE,189,1830,NA,0.000313811,NA,0.000758152,FALSE,NA,NA,NA,NA,NA,NA,1,"ASD"
1042,6,112342874,113705003,TRUE,291,2327,NA,0.000417995,NA,0.000231188,FALSE,NA,NA,NA,NA,NA,NA,1,"ASD"
1043,6,113705004,115062811,TRUE,272,2479,0.000576787,0.000291285,0.127219,0.00483898,FALSE,NA,NA,NA,NA,NA,NA,2,NA
1044,6,115062812,116132147,TRUE,134,2438,0.000271704,2.92789e-05,0.215635,0.334202,FALSE,NA,NA,NA,NA,NA,NA,2,NA
1045,6,116132148,117674076,TRUE,259,2973,NA,0.000234214,NA,0.0155839,FALSE,NA,NA,NA,NA,NA,NA,1,"ASD"
1046,6,117674077,118529071,TRUE,166,1801,3.6812e-07,0.000298627,0.485029,0.000574673,FALSE,NA,NA,NA,NA,NA,NA,2,NA
1047,6,118529072,119451294,TRUE,143,2069,0.000323452,0.000221316,0.184957,0.00450917,FALSE,NA,NA,NA,NA,NA,NA,2,NA
1048,6,119451295,120339244,TRUE,136,2128,0.000642836,0.000251907,0.0418091,0.00135017,TRUE,0.946665,0.946665,FALSE,0.36615,1,0.0116356,2,NA
1049,6,120339245,121087444,TRUE,101,1883,NA,0.000101498,NA,0.0664948,FALSE,NA,NA,NA,NA,NA,NA,1,"ASD"
1050,6,121087445,121908063,TRUE,101,2221,9.77986e-05,0.000311892,0.359024,4.01976e-05,FALSE,NA,NA,NA,NA,NA,NA,2,NA
1051,6,121908064,122929290,TRUE,117,2120,NA,0.000138014,NA,0.0308919,FALSE,NA,NA,NA,NA,NA,NA,1,"ASD"
1052,6,122929291,123854857,TRUE,251,2115,0.000759105,0.000493487,0.0626446,8.31279e-06,FALSE,NA,NA,NA,NA,NA,NA,2,NA
1053,6,123854858,125365054,TRUE,390,2910,NA,0.000368715,NA,0.00307496,FALSE,NA,NA,NA,NA,NA,NA,1,"ASD"
1054,6,125365055,127545459,TRUE,309,2855,0.000148377,0.000488127,0.381545,4.75241e-05,FALSE,NA,NA,NA,NA,NA,NA,2,NA
1055,6,127545460,128763380,TRUE,158,1814,0.00014114,0.000197063,0.344403,0.0113185,FALSE,NA,NA,NA,NA,NA,NA,2,NA
1056,6,128763381,129850178,TRUE,177,2188,NA,0.000115011,NA,0.0956694,FALSE,NA,NA,NA,NA,NA,NA,1,"ASD"
1057,6,129850179,130550137,TRUE,270,1828,NA,0.000440981,NA,0.000112745,FALSE,NA,NA,NA,NA,NA,NA,1,"ASD"
1058,6,130550138,131457164,TRUE,156,2502,NA,0.000224666,NA,0.00538652,FALSE,NA,NA,NA,NA,NA,NA,1,"ASD"
1059,6,131457165,132890694,TRUE,307,2593,NA,0.000227555,NA,0.0263641,FALSE,NA,NA,NA,NA,NA,NA,1,"ASD"
1060,6,132890695,134313643,TRUE,320,2971,0.000620227,0.000577347,0.129069,4.20382e-06,FALSE,NA,NA,NA,NA,NA,NA,2,NA
1061,6,134313644,135544083,TRUE,318,2313,0.000742056,0.000186574,0.0893664,0.0575386,FALSE,NA,NA,NA,NA,NA,NA,2,NA
1062,6,135544084,137553212,TRUE,274,2372,NA,0.000364626,NA,0.00114193,FALSE,NA,NA,NA,NA,NA,NA,1,"ASD"
1063,6,137553213,138825721,TRUE,318,2864,NA,0.000279318,NA,0.0108376,FALSE,NA,NA,NA,NA,NA,NA,1,"ASD"
1064,6,138825722,139716713,TRUE,214,1920,0.000651297,0.000198097,0.0765857,0.0222277,FALSE,NA,NA,NA,NA,NA,NA,2,NA
1065,6,139716714,141449453,TRUE,309,2922,0.000166304,0.000407547,0.369062,0.000489561,FALSE,NA,NA,NA,NA,NA,NA,2,NA
1066,6,141449454,143083347,TRUE,234,2699,NA,0.000488381,NA,8.21118e-06,FALSE,NA,NA,NA,NA,NA,NA,1,"ASD"
1067,6,143083348,144791455,TRUE,444,3070,8.83499e-05,0.000856933,0.43669,2.16441e-08,FALSE,NA,NA,NA,NA,NA,NA,2,NA
1068,6,144791456,145778282,TRUE,158,2068,0.000563533,0.000196411,0.0759096,0.0114872,FALSE,NA,NA,NA,NA,NA,NA,2,NA
1069,6,145778283,147015882,TRUE,128,1909,0.000410332,0.000105937,0.119788,0.0787017,FALSE,NA,NA,NA,NA,NA,NA,2,NA
1070,6,147015883,148184844,TRUE,232,2168,NA,0.00058943,NA,1.35425e-07,FALSE,NA,NA,NA,NA,NA,NA,1,"ASD"
1071,6,148184845,149278798,TRUE,419,2928,0.000197156,0.00052742,0.368265,0.000109462,FALSE,NA,NA,NA,NA,NA,NA,2,NA
1072,6,149278799,150635315,TRUE,323,3009,0.000202893,0.000425762,0.347269,0.0003374,FALSE,NA,NA,NA,NA,NA,NA,2,NA
1073,6,150635316,151629954,TRUE,400,2975,NA,0.00026129,NA,0.0275561,FALSE,NA,NA,NA,NA,NA,NA,1,"ASD"
1074,6,151629955,152376499,TRUE,209,1791,4.79299e-05,0.000395693,0.443988,7.67769e-05,FALSE,NA,NA,NA,NA,NA,NA,2,NA
1075,6,152376500,153082361,TRUE,221,1846,NA,8.21673e-05,NA,0.199646,FALSE,NA,NA,NA,NA,NA,NA,1,"ASD"
1076,6,153082362,153791461,TRUE,170,1761,0.000306134,NA,0.21616,NA,FALSE,NA,NA,NA,NA,NA,NA,1,"ADHD"
1077,6,153791462,154462010,TRUE,110,1791,0.000175345,0.000147056,0.281034,0.0211306,FALSE,NA,NA,NA,NA,NA,NA,2,NA
1078,6,154462011,155523957,TRUE,390,2418,0.000547352,0.000426946,0.180462,0.00098107,FALSE,NA,NA,NA,NA,NA,NA,2,NA
1079,6,155523958,156762740,TRUE,390,3018,0.000188055,0.000572425,0.36931,2.3972e-05,FALSE,NA,NA,NA,NA,NA,NA,2,NA
1080,6,156762741,158220143,TRUE,334,2296,NA,0.000147748,NA,0.110466,FALSE,NA,NA,NA,NA,NA,NA,1,"ASD"
1081,6,158220144,158952060,TRUE,190,1954,0.000332997,5.8465e-05,0.210263,0.249086,FALSE,NA,NA,NA,NA,NA,NA,2,NA
1082,6,158952061,159604052,TRUE,189,1901,4.08941e-05,0.000128876,0.447714,0.0778873,FALSE,NA,NA,NA,NA,NA,NA,2,NA
1083,6,159604053,160583918,TRUE,252,2285,NA,6.50884e-05,NA,0.259747,FALSE,NA,NA,NA,NA,NA,NA,1,"ASD"
1084,6,160583919,161371014,TRUE,169,1884,NA,0.000430274,NA,4.56705e-06,FALSE,NA,NA,NA,NA,NA,NA,1,"ASD"
1085,6,161371015,162254229,TRUE,309,2115,NA,0.000429736,NA,0.000260199,FALSE,NA,NA,NA,NA,NA,NA,1,"ASD"
1086,6,162254230,163336361,TRUE,235,2805,0.000296819,0.000296465,0.256752,0.00252286,FALSE,NA,NA,NA,NA,NA,NA,2,NA
1087,6,163336362,164687462,TRUE,422,3431,0.0011874,0.000518171,0.0326968,0.000148103,TRUE,-0.0694541,-0.0694541,FALSE,-1,0.52963,0.824663,2,NA
1088,6,164687463,165835953,TRUE,275,3266,0.00018459,0.000348744,0.348446,0.00128943,FALSE,NA,NA,NA,NA,NA,NA,2,NA
1089,6,165835954,166853325,TRUE,321,2724,NA,0.000424091,NA,0.000336421,FALSE,NA,NA,NA,NA,NA,NA,1,"ASD"
1090,6,166853326,167714865,TRUE,263,2402,0.000116454,0.000416747,0.396351,0.000162813,FALSE,NA,NA,NA,NA,NA,NA,2,NA
1091,6,167714866,168707338,TRUE,229,2133,4.80706e-05,0.000109476,0.446341,0.137264,FALSE,NA,NA,NA,NA,NA,NA,2,NA
1092,6,168707339,169667886,TRUE,322,3332,0.000119674,0.000443932,0.403773,0.000242496,FALSE,NA,NA,NA,NA,NA,NA,2,NA
1093,6,169667887,171053405,TRUE,216,2814,0.000125905,0.000245609,0.378159,0.00796123,FALSE,NA,NA,NA,NA,NA,NA,2,NA
1094,7,15064,617319,TRUE,30,258,NA,5.35931e-05,NA,0.0797814,FALSE,NA,NA,NA,NA,NA,NA,1,"ASD"
1095,7,617320,1366972,TRUE,103,1436,2.41302e-05,2.50275e-05,0.450628,0.339466,FALSE,NA,NA,NA,NA,NA,NA,2,NA
1096,7,1366973,2473749,TRUE,240,2407,0.000375878,0.0005148,0.209759,6.66686e-06,FALSE,NA,NA,NA,NA,NA,NA,2,NA
1097,7,2473750,3100211,TRUE,224,1372,NA,0.000212169,NA,0.0206794,FALSE,NA,NA,NA,NA,NA,NA,1,"ASD"
1098,7,3100212,4139431,TRUE,356,3111,NA,0.000157123,NA,0.102313,FALSE,NA,NA,NA,NA,NA,NA,1,"ASD"
1099,7,4139432,4938442,TRUE,340,2317,NA,0.000462047,NA,0.000222663,FALSE,NA,NA,NA,NA,NA,NA,1,"ASD"
1100,7,4938443,6020653,TRUE,348,2387,3.06082e-05,0.000452253,0.468529,0.000434025,FALSE,NA,NA,NA,NA,NA,NA,2,NA
1101,7,6020654,6716905,TRUE,188,1704,NA,9.62611e-05,NA,0.147357,FALSE,NA,NA,NA,NA,NA,NA,1,"ASD"
1102,7,6716906,7167610,TRUE,66,714,NA,5.61519e-05,NA,0.143707,FALSE,NA,NA,NA,NA,NA,NA,1,"ASD"
1103,7,7167611,7926500,TRUE,271,2148,0.000912872,0.000145419,0.0391709,0.0895358,FALSE,NA,NA,NA,NA,NA,NA,2,NA
1104,7,7926501,8718351,TRUE,259,1968,NA,0.00033326,NA,0.00181424,FALSE,NA,NA,NA,NA,NA,NA,1,"ASD"
1105,7,8718352,9225106,TRUE,223,1580,NA,7.15387e-05,NA,0.231273,FALSE,NA,NA,NA,NA,NA,NA,1,"ASD"
1106,7,9225107,9900801,FALSE,NA,NA,NA,NA,NA,NA,FALSE,NA,NA,NA,NA,NA,NA,NA,NA
1107,7,9900802,10481677,TRUE,190,1867,8.21447e-05,0.000188399,0.40975,0.0216786,FALSE,NA,NA,NA,NA,NA,NA,2,NA
1108,7,10481678,11232447,TRUE,177,2104,NA,0.000167296,NA,0.0311702,FALSE,NA,NA,NA,NA,NA,NA,1,"ASD"
1109,7,11232448,11855413,TRUE,229,1820,NA,0.000402082,NA,0.000113677,FALSE,NA,NA,NA,NA,NA,NA,1,"ASD"
1110,7,11855414,12694915,TRUE,225,3080,NA,3.45573e-05,NA,0.349395,FALSE,NA,NA,NA,NA,NA,NA,1,"ASD"
1111,7,12694916,13213541,TRUE,146,1624,NA,0.000403168,NA,8.57118e-06,FALSE,NA,NA,NA,NA,NA,NA,1,"ASD"
1112,7,13213542,13676747,TRUE,166,1596,NA,0.000101244,NA,0.124424,FALSE,NA,NA,NA,NA,NA,NA,1,"ASD"
1113,7,13676748,15013694,TRUE,412,3093,0.000933872,0.00064975,0.0691127,4.04845e-06,FALSE,NA,NA,NA,NA,NA,NA,2,NA
1114,7,15013695,15877564,TRUE,264,2100,NA,0.000201072,NA,0.0334185,FALSE,NA,NA,NA,NA,NA,NA,1,"ASD"
1115,7,15877565,16739013,TRUE,248,2125,NA,0.000354547,NA,0.000695641,FALSE,NA,NA,NA,NA,NA,NA,1,"ASD"
1116,7,16739014,17596578,TRUE,372,2042,NA,0.000487249,NA,0.000145,FALSE,NA,NA,NA,NA,NA,NA,1,"ASD"
1117,7,17596579,19131026,TRUE,440,2869,0.00111204,0.000558465,0.0447556,9.61889e-05,TRUE,-0.074106,-0.074106,FALSE,-1,0.5723,0.817217,2,NA
1118,7,19131027,20122179,TRUE,254,2859,0.000692933,NA,0.0808819,NA,FALSE,NA,NA,NA,NA,NA,NA,1,"ADHD"
1119,7,20122180,21390644,TRUE,437,3083,0.000741908,0.000879287,0.123596,3.95753e-09,FALSE,NA,NA,NA,NA,NA,NA,2,NA
1120,7,21390645,22165060,TRUE,419,2272,NA,0.000396797,NA,0.00237408,FALSE,NA,NA,NA,NA,NA,NA,1,"ASD"
1121,7,22165061,23106680,TRUE,268,2307,NA,1.40814e-05,NA,0.435577,FALSE,NA,NA,NA,NA,NA,NA,1,"ASD"
1122,7,23106681,24151099,TRUE,247,2225,0.00023307,0.000141582,0.305333,0.0863379,FALSE,NA,NA,NA,NA,NA,NA,2,NA
1123,7,24151100,24894119,TRUE,228,2137,NA,0.000358108,NA,0.000411266,FALSE,NA,NA,NA,NA,NA,NA,1,"ASD"
1124,7,24894120,25671575,TRUE,318,2077,NA,3.92776e-05,NA,0.358119,FALSE,NA,NA,NA,NA,NA,NA,1,"ASD"
1125,7,25671576,27351286,TRUE,388,3442,0.000153871,0.000607717,0.390352,7.56132e-06,FALSE,NA,NA,NA,NA,NA,NA,2,NA
1126,7,27351287,28890886,TRUE,472,3319,NA,0.000842684,NA,4.29177e-08,FALSE,NA,NA,NA,NA,NA,NA,1,"ASD"
1127,7,28890887,30175113,TRUE,412,3312,NA,0.000587003,NA,2.04873e-05,FALSE,NA,NA,NA,NA,NA,NA,1,"ASD"
1128,7,30175114,31730554,TRUE,399,3061,NA,0.000350604,NA,0.0053503,FALSE,NA,NA,NA,NA,NA,NA,1,"ASD"
1129,7,31730555,32460228,TRUE,198,1986,NA,9.86821e-05,NA,0.140805,FALSE,NA,NA,NA,NA,NA,NA,1,"ASD"
1130,7,32460229,33159277,FALSE,NA,NA,NA,NA,NA,NA,FALSE,NA,NA,NA,NA,NA,NA,NA,NA
1131,7,33159278,34114532,TRUE,171,1772,NA,0.000128688,NA,0.0730192,FALSE,NA,NA,NA,NA,NA,NA,1,"ASD"
1132,7,34114533,35354135,TRUE,201,2714,NA,0.000301181,NA,0.00124078,FALSE,NA,NA,NA,NA,NA,NA,1,"ASD"
1133,7,35354136,36507690,TRUE,298,2769,NA,0.000171593,NA,0.0670724,FALSE,NA,NA,NA,NA,NA,NA,1,"ASD"
1134,7,36507691,37981936,TRUE,401,3392,0.00048692,6.53039e-05,0.210051,0.301411,FALSE,NA,NA,NA,NA,NA,NA,2,NA
1135,7,37981937,38966483,TRUE,275,2923,0.000370295,0.000153907,0.227931,0.0784403,FALSE,NA,NA,NA,NA,NA,NA,2,NA
1136,7,38966484,40261240,TRUE,259,2396,NA,0.000346434,NA,0.00109784,FALSE,NA,NA,NA,NA,NA,NA,1,"ASD"
1137,7,40261241,41415925,TRUE,168,1777,0.000319591,0.000331391,0.205577,0.000203452,FALSE,NA,NA,NA,NA,NA,NA,2,NA
1138,7,41415926,42494806,TRUE,298,2286,6.88419e-05,0.000331092,0.437413,0.00289652,FALSE,NA,NA,NA,NA,NA,NA,2,NA
1139,7,42494807,43448815,TRUE,225,2173,NA,0.00038082,NA,0.000209426,FALSE,NA,NA,NA,NA,NA,NA,1,"ASD"
1140,7,43448816,44989571,TRUE,278,2727,NA,0.000190032,NA,0.0480289,FALSE,NA,NA,NA,NA,NA,NA,1,"ASD"
1141,7,44989572,46247335,TRUE,292,3214,0.000301304,4.45002e-05,0.275397,0.335039,FALSE,NA,NA,NA,NA,NA,NA,2,NA
1142,7,46247336,47253454,TRUE,284,2857,NA,0.000127068,NA,0.124461,FALSE,NA,NA,NA,NA,NA,NA,1,"ASD"
1143,7,47253455,48363585,TRUE,389,2612,0.000143597,0.000146013,0.39698,0.12638,FALSE,NA,NA,NA,NA,NA,NA,2,NA
1144,7,48363586,48984625,TRUE,167,1819,0.000549271,0.000350999,0.0861797,9.83936e-05,FALSE,NA,NA,NA,NA,NA,NA,2,NA
1145,7,48984626,49632426,TRUE,169,1908,0.000132926,0.00045591,0.356685,1.83128e-06,FALSE,NA,NA,NA,NA,NA,NA,2,NA
1146,7,49632427,50894508,TRUE,277,2973,0.000259463,0.000151754,0.297338,0.0819276,FALSE,NA,NA,NA,NA,NA,NA,2,NA
1147,7,50894509,51951647,TRUE,288,2302,NA,0.000421963,NA,0.000199286,FALSE,NA,NA,NA,NA,NA,NA,1,"ASD"
1148,7,51951648,52635123,TRUE,158,2338,0.000533873,0.000330424,0.0864359,0.000136465,FALSE,NA,NA,NA,NA,NA,NA,2,NA
1149,7,52635124,53176523,TRUE,156,2245,0.000677303,3.52413e-05,0.0437675,0.318364,FALSE,NA,NA,NA,NA,NA,NA,2,NA
1150,7,53176524,54086987,TRUE,167,2918,0.000742284,0.000180188,0.0356171,0.0196438,TRUE,0.709085,0.709085,FALSE,-0.11366,1,0.0973942,2,NA
1151,7,54086988,54550500,TRUE,67,1752,NA,0.000171023,NA,0.00231994,FALSE,NA,NA,NA,NA,NA,NA,1,"ASD"
1152,7,54550501,55161394,TRUE,144,1612,NA,0.000320403,NA,0.000140691,FALSE,NA,NA,NA,NA,NA,NA,1,"ASD"
1153,7,55161395,56303513,TRUE,253,2999,NA,2.80187e-05,NA,0.390284,FALSE,NA,NA,NA,NA,NA,NA,1,"ASD"
1154,7,56303514,57383657,TRUE,76,1923,NA,3.70863e-05,NA,0.244957,FALSE,NA,NA,NA,NA,NA,NA,1,"ASD"
1155,7,57383658,61969717,FALSE,NA,NA,NA,NA,NA,NA,FALSE,NA,NA,NA,NA,NA,NA,NA,NA
1156,7,61969718,63311297,TRUE,29,468,6.49845e-05,NA,0.31934,NA,FALSE,NA,NA,NA,NA,NA,NA,1,"ADHD"
1157,7,63311298,64216135,TRUE,90,2393,0.000153599,9.3927e-05,0.28545,0.0728292,FALSE,NA,NA,NA,NA,NA,NA,2,NA
1158,7,64216136,65294277,FALSE,NA,NA,NA,NA,NA,NA,FALSE,NA,NA,NA,NA,NA,NA,NA,NA
1159,7,65294278,66453993,FALSE,NA,NA,NA,NA,NA,NA,FALSE,NA,NA,NA,NA,NA,NA,NA,NA
1160,7,66453994,66914875,TRUE,73,1539,0.000117014,3.64339e-05,0.310964,0.243415,FALSE,NA,NA,NA,NA,NA,NA,2,NA
1161,7,66914876,67474722,TRUE,157,1859,NA,0.000238543,NA,0.00326247,FALSE,NA,NA,NA,NA,NA,NA,1,"ASD"
1162,7,67474723,68569224,TRUE,343,3522,0.00031211,0.000422924,0.284247,0.000624139,FALSE,NA,NA,NA,NA,NA,NA,2,NA
1163,7,68569225,70144614,TRUE,261,2590,0.000137383,0.000487151,0.379943,1.69327e-05,FALSE,NA,NA,NA,NA,NA,NA,2,NA
1164,7,70144615,71215741,TRUE,329,2939,0.000175901,0.000175686,0.366462,0.0709477,FALSE,NA,NA,NA,NA,NA,NA,2,NA
1165,7,71215742,73128830,TRUE,255,2679,NA,0.000216363,NA,0.0255505,FALSE,NA,NA,NA,NA,NA,NA,1,"ASD"
1166,7,73128831,75243899,TRUE,136,1115,0.000124814,0.000372802,0.349655,1.99293e-05,FALSE,NA,NA,NA,NA,NA,NA,2,NA
1167,7,75243900,76451928,FALSE,NA,NA,NA,NA,NA,NA,FALSE,NA,NA,NA,NA,NA,NA,NA,NA
1168,7,76451929,77663964,TRUE,205,2152,NA,8.95411e-05,NA,0.170069,FALSE,NA,NA,NA,NA,NA,NA,1,"ASD"
1169,7,77663965,78685009,TRUE,333,2978,0.000298174,0.000312769,0.289725,0.0059292,FALSE,NA,NA,NA,NA,NA,NA,2,NA
1170,7,78685010,80055721,TRUE,195,2611,NA,0.000175861,NA,0.0332548,FALSE,NA,NA,NA,NA,NA,NA,1,"ASD"
1171,7,80055722,81533566,TRUE,289,2607,NA,0.000209374,NA,0.0335774,FALSE,NA,NA,NA,NA,NA,NA,1,"ASD"
1172,7,81533567,82759283,TRUE,301,2718,0.000398644,0.000556559,0.221986,6.32013e-06,FALSE,NA,NA,NA,NA,NA,NA,2,NA
1173,7,82759284,83953009,TRUE,233,2830,NA,0.00040711,NA,0.000139279,FALSE,NA,NA,NA,NA,NA,NA,1,"ASD"
1174,7,83953010,85356715,TRUE,142,2120,5.35161e-05,9.77894e-05,0.426277,0.105799,FALSE,NA,NA,NA,NA,NA,NA,2,NA
1175,7,85356716,86446538,TRUE,110,2318,1.25177e-05,NA,0.46653,NA,FALSE,NA,NA,NA,NA,NA,NA,1,"ADHD"
1176,7,86446539,87836641,TRUE,178,2165,NA,8.05994e-05,NA,0.170931,FALSE,NA,NA,NA,NA,NA,NA,1,"ASD"
1177,7,87836642,89330087,TRUE,258,3255,NA,0.000332292,NA,0.00152132,FALSE,NA,NA,NA,NA,NA,NA,1,"ASD"
1178,7,89330088,90660831,TRUE,188,3316,NA,0.00022937,NA,0.0074345,FALSE,NA,NA,NA,NA,NA,NA,1,"ASD"
1179,7,90660832,92530165,TRUE,233,2184,NA,0.000155173,NA,0.0632006,FALSE,NA,NA,NA,NA,NA,NA,1,"ASD"
1180,7,92530166,93691725,TRUE,215,2003,NA,0.000103231,NA,0.138062,FALSE,NA,NA,NA,NA,NA,NA,1,"ASD"
1181,7,93691726,95174847,TRUE,268,2171,NA,0.000510975,NA,8.94086e-06,FALSE,NA,NA,NA,NA,NA,NA,1,"ASD"
1182,7,95174848,96564981,TRUE,274,2611,NA,7.77956e-05,NA,0.22924,FALSE,NA,NA,NA,NA,NA,NA,1,"ASD"
1183,7,96564982,97420207,TRUE,192,1607,0.000121216,0.000181539,0.375267,0.0271296,FALSE,NA,NA,NA,NA,NA,NA,2,NA
1184,7,97420208,98173564,TRUE,118,1505,5.13798e-05,0.000150126,0.421783,0.0225742,FALSE,NA,NA,NA,NA,NA,NA,2,NA
1185,7,98173565,99465540,TRUE,151,1993,NA,0.000140625,NA,0.0455812,FALSE,NA,NA,NA,NA,NA,NA,1,"ASD"
1186,7,99465541,100849307,TRUE,267,2042,NA,0.000255751,NA,0.0116609,FALSE,NA,NA,NA,NA,NA,NA,1,"ASD"
1187,7,100849308,101950748,TRUE,316,2880,NA,0.000291125,NA,0.00829122,FALSE,NA,NA,NA,NA,NA,NA,1,"ASD"
1188,7,101950749,103191322,TRUE,117,1549,0.000163066,3.91538e-05,0.299003,0.278584,FALSE,NA,NA,NA,NA,NA,NA,2,NA
1189,7,103191323,104109231,TRUE,238,2537,NA,0.0002078,NA,0.0221641,FALSE,NA,NA,NA,NA,NA,NA,1,"ASD"
1190,7,104109232,105312563,TRUE,297,2123,NA,0.000428539,NA,0.000215581,FALSE,NA,NA,NA,NA,NA,NA,1,"ASD"
1191,7,105312564,106399739,TRUE,396,2462,4.44123e-05,0.000514727,0.461481,0.000106267,FALSE,NA,NA,NA,NA,NA,NA,2,NA
1192,7,106399740,107658603,TRUE,238,2049,0.00047362,0.000313036,0.15683,0.00179323,FALSE,NA,NA,NA,NA,NA,NA,2,NA
1193,7,107658604,109095558,TRUE,264,3059,0.000239184,0.000463595,0.306817,4.55099e-05,FALSE,NA,NA,NA,NA,NA,NA,2,NA
1194,7,109095559,110479479,TRUE,290,2795,0.000299249,0.000470751,0.276013,6.09495e-05,FALSE,NA,NA,NA,NA,NA,NA,2,NA
1195,7,110479480,111795299,TRUE,243,1815,NA,0.000366347,NA,0.000487487,FALSE,NA,NA,NA,NA,NA,NA,1,"ASD"
1196,7,111795300,113339386,TRUE,226,2673,0.000457388,0.000139505,0.158868,0.080842,FALSE,NA,NA,NA,NA,NA,NA,2,NA
1197,7,113339387,115321301,TRUE,262,2669,NA,0.000850543,NA,1.07899e-11,FALSE,NA,NA,NA,NA,NA,NA,1,"ASD"
1198,7,115321302,116835336,TRUE,217,2383,NA,0.000428908,NA,3.0511e-05,FALSE,NA,NA,NA,NA,NA,NA,1,"ASD"
1199,7,116835337,118342090,TRUE,171,2475,NA,0.000166498,NA,0.0294499,FALSE,NA,NA,NA,NA,NA,NA,1,"ASD"
1200,7,118342091,119568236,TRUE,58,1751,NA,2.68138e-05,NA,0.281232,FALSE,NA,NA,NA,NA,NA,NA,1,"ASD"
1201,7,119568237,121042050,TRUE,139,2170,NA,8.10248e-05,NA,0.143664,FALSE,NA,NA,NA,NA,NA,NA,1,"ASD"
1202,7,121042051,121946052,TRUE,142,1792,NA,0.000300939,NA,0.000242001,FALSE,NA,NA,NA,NA,NA,NA,1,"ASD"
1203,7,121946053,123859746,TRUE,329,3512,0.000216384,0.000586029,0.339772,3.44923e-06,FALSE,NA,NA,NA,NA,NA,NA,2,NA
1204,7,123859747,125389586,TRUE,173,3344,0.000794743,0.000430733,0.0292714,7.67941e-06,TRUE,0.486795,0.486795,FALSE,-0.11009,1,0.108022,2,NA
1205,7,125389587,126640872,TRUE,166,3100,NA,0.000428783,NA,4.40193e-06,FALSE,NA,NA,NA,NA,NA,NA,1,"ASD"
1206,7,126640873,127903738,TRUE,238,2288,0.000513086,0.000553312,0.138625,7.34889e-07,FALSE,NA,NA,NA,NA,NA,NA,2,NA
1207,7,127903739,128779173,TRUE,174,1961,0.000599543,0.000150386,0.0731028,0.0446916,FALSE,NA,NA,NA,NA,NA,NA,2,NA
1208,7,128779174,130418704,TRUE,374,3127,0.000827305,0.000383789,0.0834783,0.00195065,FALSE,NA,NA,NA,NA,NA,NA,2,NA
1209,7,130418705,131856481,TRUE,382,2730,NA,0.000477811,NA,0.000235198,FALSE,NA,NA,NA,NA,NA,NA,1,"ASD"
1210,7,131856482,133807216,TRUE,364,3146,0.000448552,0.000740914,0.217326,6.60391e-08,FALSE,NA,NA,NA,NA,NA,NA,2,NA
1211,7,133807217,134943221,TRUE,256,2622,NA,0.000577349,NA,6.15594e-07,FALSE,NA,NA,NA,NA,NA,NA,1,"ASD"
1212,7,134943222,136113467,TRUE,295,2663,NA,3.09307e-05,NA,0.380571,FALSE,NA,NA,NA,NA,NA,NA,1,"ASD"
1213,7,136113468,137657459,TRUE,277,2565,NA,0.000389274,NA,0.000471664,FALSE,NA,NA,NA,NA,NA,NA,1,"ASD"
1214,7,137657460,138755107,TRUE,340,2222,4.872e-05,0.000275645,0.455426,0.0148423,FALSE,NA,NA,NA,NA,NA,NA,2,NA
1215,7,138755108,140217630,TRUE,345,2561,0.000710125,4.10515e-05,0.107255,0.35995,FALSE,NA,NA,NA,NA,NA,NA,2,NA
1216,7,140217631,142098979,TRUE,251,2695,0.000317095,0.00015663,0.250347,0.06925,FALSE,NA,NA,NA,NA,NA,NA,2,NA
1217,7,142098980,144324464,TRUE,235,3116,0.000343521,0.000338171,0.226841,0.00216808,FALSE,NA,NA,NA,NA,NA,NA,2,NA
1218,7,144324465,145415775,TRUE,201,2498,7.38654e-05,NA,0.419561,NA,FALSE,NA,NA,NA,NA,NA,NA,1,"ADHD"
1219,7,145415776,146574327,TRUE,166,2395,NA,0.00012156,NA,0.0781472,FALSE,NA,NA,NA,NA,NA,NA,1,"ASD"
1220,7,146574328,147352171,TRUE,157,2073,0.000418261,1.57533e-05,0.137932,0.408444,FALSE,NA,NA,NA,NA,NA,NA,2,NA
1221,7,147352172,148622913,TRUE,346,3058,NA,0.000394123,NA,0.00114038,FALSE,NA,NA,NA,NA,NA,NA,1,"ASD"
1222,7,148622914,149842999,TRUE,215,2034,NA,0.000185933,NA,0.0312469,FALSE,NA,NA,NA,NA,NA,NA,1,"ASD"
1223,7,149843000,150897818,TRUE,268,2248,NA,0.000462042,NA,3.75902e-05,FALSE,NA,NA,NA,NA,NA,NA,1,"ASD"
1224,7,150897819,152253294,TRUE,309,1763,NA,0.000290458,NA,0.00971889,FALSE,NA,NA,NA,NA,NA,NA,1,"ASD"
1225,7,152253295,153241228,TRUE,273,2490,NA,3.33706e-05,NA,0.369006,FALSE,NA,NA,NA,NA,NA,NA,1,"ASD"
1226,7,153241229,154407487,TRUE,297,2248,NA,0.000132572,NA,0.121825,FALSE,NA,NA,NA,NA,NA,NA,1,"ASD"
1227,7,154407488,155280610,TRUE,311,2246,NA,0.000187883,NA,0.0564181,FALSE,NA,NA,NA,NA,NA,NA,1,"ASD"
1228,7,155280611,156344386,TRUE,362,2463,NA,0.00042159,NA,0.000748385,FALSE,NA,NA,NA,NA,NA,NA,1,"ASD"
1229,7,156344387,157199331,TRUE,222,2277,NA,6.70425e-05,NA,0.240845,FALSE,NA,NA,NA,NA,NA,NA,1,"ASD"
1230,7,157199332,158031247,TRUE,306,2187,NA,0.000396497,NA,0.000748176,FALSE,NA,NA,NA,NA,NA,NA,1,"ASD"
1231,7,158031248,159128566,TRUE,242,2549,NA,0.000154664,NA,0.0698684,FALSE,NA,NA,NA,NA,NA,NA,1,"ASD"
1232,8,11740,660414,TRUE,238,1667,0.000550317,0.000360002,0.12289,0.000577754,FALSE,NA,NA,NA,NA,NA,NA,2,NA
1233,8,660415,1161824,TRUE,280,1669,0.000203707,0.000694939,0.336235,3.98006e-08,FALSE,NA,NA,NA,NA,NA,NA,2,NA
1234,8,1161825,1628039,TRUE,295,1699,NA,0.000709588,NA,2.80143e-08,FALSE,NA,NA,NA,NA,NA,NA,1,"ASD"
1235,8,1628040,2070902,TRUE,308,1276,NA,0.000547856,NA,2.21404e-05,FALSE,NA,NA,NA,NA,NA,NA,1,"ASD"
1236,8,2070903,2396122,TRUE,136,1183,NA,5.64294e-05,NA,0.250176,FALSE,NA,NA,NA,NA,NA,NA,1,"ASD"
1237,8,2396123,2970491,TRUE,326,2040,NA,0.000442112,NA,0.000319777,FALSE,NA,NA,NA,NA,NA,NA,1,"ASD"
1238,8,2970492,3386667,TRUE,320,2237,0.00019854,2.52129e-05,0.349496,0.404243,FALSE,NA,NA,NA,NA,NA,NA,2,NA
1239,8,3386668,3787248,TRUE,346,2391,NA,0.000609756,NA,3.5231e-06,FALSE,NA,NA,NA,NA,NA,NA,1,"ASD"
1240,8,3787249,4273083,TRUE,468,2607,NA,0.000199091,NA,0.0822342,FALSE,NA,NA,NA,NA,NA,NA,1,"ASD"
1241,8,4273084,4893120,TRUE,521,2665,NA,0.000401491,NA,0.00481267,FALSE,NA,NA,NA,NA,NA,NA,1,"ASD"
1242,8,4893121,5566269,TRUE,387,3055,NA,0.000200037,NA,0.0599263,FALSE,NA,NA,NA,NA,NA,NA,1,"ASD"
1243,8,5566270,6019163,TRUE,253,2302,NA,0.000253658,NA,0.00983399,FALSE,NA,NA,NA,NA,NA,NA,1,"ASD"
1244,8,6019164,6663427,TRUE,354,2463,4.88715e-05,0.000167712,0.456206,0.0890499,FALSE,NA,NA,NA,NA,NA,NA,2,NA
1245,8,6663428,8064600,TRUE,178,904,NA,0.000210775,NA,0.0132185,FALSE,NA,NA,NA,NA,NA,NA,1,"ASD"
1246,8,8064601,8589770,TRUE,189,1604,NA,0.000128426,NA,0.0796247,FALSE,NA,NA,NA,NA,NA,NA,1,"ASD"
1247,8,8589771,9167795,TRUE,236,1763,0.000499303,0.000412729,0.143845,8.83621e-05,FALSE,NA,NA,NA,NA,NA,NA,2,NA
1248,8,9167796,9835863,TRUE,214,1891,NA,0.000521284,NA,8.99151e-07,FALSE,NA,NA,NA,NA,NA,NA,1,"ASD"
1249,8,9835864,10478851,TRUE,323,1997,0.000312898,0.000321106,0.278071,0.00451236,FALSE,NA,NA,NA,NA,NA,NA,2,NA
1250,8,10478852,11466761,TRUE,287,2485,0.000432756,0.000717193,0.198645,8.43089e-09,FALSE,NA,NA,NA,NA,NA,NA,2,NA
1251,8,11466762,12296849,FALSE,NA,NA,NA,NA,NA,NA,FALSE,NA,NA,NA,NA,NA,NA,NA,NA
1252,8,12296850,12947935,TRUE,143,1262,NA,0.000421837,NA,2.00963e-06,FALSE,NA,NA,NA,NA,NA,NA,1,"ASD"
1253,8,12947936,13395051,TRUE,153,1630,NA,0.000126849,NA,0.0657174,FALSE,NA,NA,NA,NA,NA,NA,1,"ASD"
1254,8,13395052,13948095,TRUE,231,3012,0.000275908,0.000559002,0.269159,4.10275e-07,FALSE,NA,NA,NA,NA,NA,NA,2,NA
1255,8,13948096,14389305,TRUE,164,1749,6.29631e-05,0.000311651,0.421927,0.000360794,FALSE,NA,NA,NA,NA,NA,NA,2,NA
1256,8,14389306,14872767,TRUE,207,1853,NA,0.000161739,NA,0.0472323,FALSE,NA,NA,NA,NA,NA,NA,1,"ASD"
1257,8,14872768,15359692,TRUE,214,1894,NA,0.00010158,NA,0.139809,FALSE,NA,NA,NA,NA,NA,NA,1,"ASD"
1258,8,15359693,15999328,TRUE,261,2195,0.00072807,0.000271338,0.0738617,0.00692902,FALSE,NA,NA,NA,NA,NA,NA,2,NA
1259,8,15999329,16988030,TRUE,270,2615,NA,0.000111428,NA,0.167675,FALSE,NA,NA,NA,NA,NA,NA,1,"ASD"
1260,8,16988031,17492672,TRUE,261,1655,NA,0.000116127,NA,0.136378,FALSE,NA,NA,NA,NA,NA,NA,1,"ASD"
1261,8,17492673,17947004,TRUE,160,1794,NA,0.000200636,NA,0.0109112,FALSE,NA,NA,NA,NA,NA,NA,1,"ASD"
1262,8,17947005,18668609,TRUE,339,2708,0.000125592,0.000368348,0.402111,0.00231534,FALSE,NA,NA,NA,NA,NA,NA,2,NA
1263,8,18668610,19488888,TRUE,375,2524,0.000126625,0.00028787,0.40612,0.0140267,FALSE,NA,NA,NA,NA,NA,NA,2,NA
1264,8,19488889,20135628,TRUE,308,1902,NA,0.00070161,NA,3.4304e-08,FALSE,NA,NA,NA,NA,NA,NA,1,"ASD"
1265,8,20135629,20812107,TRUE,234,1851,0.000150369,0.000285228,0.363239,0.00334353,FALSE,NA,NA,NA,NA,NA,NA,2,NA
1266,8,20812108,21650453,TRUE,253,1987,0.000957905,0.000351527,0.0287329,0.000850628,TRUE,-0.129776,-0.129776,FALSE,-1,0.52935,0.700491,2,NA
1267,8,21650454,22895018,TRUE,365,2247,0.000279699,0.000472424,0.308896,0.000281848,FALSE,NA,NA,NA,NA,NA,NA,2,NA
1268,8,22895019,23788494,TRUE,331,2597,NA,0.000421546,NA,0.000492347,FALSE,NA,NA,NA,NA,NA,NA,1,"ASD"
1269,8,23788495,24863243,TRUE,212,2194,0.000292932,0.000593841,0.248826,7.03161e-08,FALSE,NA,NA,NA,NA,NA,NA,2,NA
1270,8,24863244,25859277,TRUE,265,2126,NA,7.22291e-05,NA,0.241098,FALSE,NA,NA,NA,NA,NA,NA,1,"ASD"
1271,8,25859278,26679135,TRUE,311,2538,NA,0.000266751,NA,0.0122502,FALSE,NA,NA,NA,NA,NA,NA,1,"ASD"
1272,8,26679136,27406511,TRUE,207,2208,0.000106239,0.000278725,0.392486,0.00298305,FALSE,NA,NA,NA,NA,NA,NA,2,NA
1273,8,27406512,28344176,TRUE,275,2253,NA,8.25474e-05,NA,0.2167,FALSE,NA,NA,NA,NA,NA,NA,1,"ASD"
1274,8,28344177,29744540,TRUE,281,2212,NA,0.000135382,NA,0.10961,FALSE,NA,NA,NA,NA,NA,NA,1,"ASD"
1275,8,29744541,31134786,TRUE,214,2436,NA,0.000253299,NA,0.00599485,FALSE,NA,NA,NA,NA,NA,NA,1,"ASD"
1276,8,31134787,32454962,TRUE,280,3320,NA,0.000423865,NA,0.000155149,FALSE,NA,NA,NA,NA,NA,NA,1,"ASD"
1277,8,32454963,33982537,TRUE,231,2529,NA,0.000526505,NA,1.54214e-06,FALSE,NA,NA,NA,NA,NA,NA,1,"ASD"
1278,8,33982538,34792220,TRUE,86,1792,3.68569e-05,0.000194661,0.428504,0.00463075,FALSE,NA,NA,NA,NA,NA,NA,2,NA
1279,8,34792221,36641174,TRUE,168,1785,NA,0.000261339,NA,0.00266656,FALSE,NA,NA,NA,NA,NA,NA,1,"ASD"
1280,8,36641175,38803980,TRUE,416,2750,NA,0.000168548,NA,0.104857,FALSE,NA,NA,NA,NA,NA,NA,1,"ASD"
1281,8,38803981,40179577,TRUE,273,2653,NA,0.000133358,NA,0.110709,FALSE,NA,NA,NA,NA,NA,NA,1,"ASD"
1282,8,40179578,40974254,TRUE,208,2289,0.000147682,0.000162966,0.35769,0.044512,FALSE,NA,NA,NA,NA,NA,NA,2,NA
1283,8,40974255,41725002,FALSE,NA,NA,NA,NA,NA,NA,FALSE,NA,NA,NA,NA,NA,NA,NA,NA
1284,8,41725003,43825633,FALSE,NA,NA,NA,NA,NA,NA,FALSE,NA,NA,NA,NA,NA,NA,NA,NA
1285,8,43825634,49044813,TRUE,48,1634,0.000270432,3.82087e-05,0.10577,0.195382,FALSE,NA,NA,NA,NA,NA,NA,2,NA
1286,8,49044814,50288660,TRUE,141,2132,0.00068425,0.000132004,0.0356778,0.0489922,TRUE,-0.174593,-0.174593,FALSE,-1,0.81323,0.713901,2,NA
1287,8,50288661,51461455,TRUE,68,2217,2.99301e-05,4.73149e-05,0.430435,0.181777,FALSE,NA,NA,NA,NA,NA,NA,2,NA
1288,8,51461456,52326236,TRUE,89,1991,0.000269085,0.000198887,0.17257,0.00204727,FALSE,NA,NA,NA,NA,NA,NA,2,NA
1289,8,52326237,53108910,TRUE,114,1852,9.99875e-05,NA,0.364332,NA,FALSE,NA,NA,NA,NA,NA,NA,1,"ADHD"
1290,8,53108911,54119373,TRUE,152,2123,NA,0.000327959,NA,0.000142966,FALSE,NA,NA,NA,NA,NA,NA,1,"ASD"
1291,8,54119374,55275354,TRUE,163,2239,NA,0.000288227,NA,0.000743485,FALSE,NA,NA,NA,NA,NA,NA,1,"ASD"
1292,8,55275355,56346878,TRUE,232,2296,NA,0.000420514,NA,8.62052e-05,FALSE,NA,NA,NA,NA,NA,NA,1,"ASD"
1293,8,56346879,57436722,TRUE,244,2453,0.000241676,0.000413463,0.298161,0.000129397,FALSE,NA,NA,NA,NA,NA,NA,2,NA
1294,8,57436723,58675117,TRUE,264,3219,NA,0.000143033,NA,0.0911899,FALSE,NA,NA,NA,NA,NA,NA,1,"ASD"
1295,8,58675118,59555977,TRUE,205,2078,0.000160843,0.000189109,0.345797,0.0274775,FALSE,NA,NA,NA,NA,NA,NA,2,NA
1296,8,59555978,60476248,TRUE,187,1603,0.000449534,0.000251491,0.141322,0.00467523,FALSE,NA,NA,NA,NA,NA,NA,2,NA
1297,8,60476249,61324889,TRUE,112,1749,4.47378e-05,0.000298604,0.427713,9.14269e-05,FALSE,NA,NA,NA,NA,NA,NA,2,NA
1298,8,61324890,62330900,TRUE,219,1842,0.000278215,0.000207969,0.262282,0.0194699,FALSE,NA,NA,NA,NA,NA,NA,2,NA
1299,8,62330901,63253462,TRUE,176,2184,NA,6.34846e-05,NA,0.226118,FALSE,NA,NA,NA,NA,NA,NA,1,"ASD"
1300,8,63253463,64215358,TRUE,147,2348,NA,7.95834e-05,NA,0.153339,FALSE,NA,NA,NA,NA,NA,NA,1,"ASD"
1301,8,64215359,66018204,TRUE,264,2733,NA,0.000634995,NA,9.63181e-08,FALSE,NA,NA,NA,NA,NA,NA,1,"ASD"
1302,8,66018205,66960438,TRUE,148,1901,NA,0.000316308,NA,0.000189701,FALSE,NA,NA,NA,NA,NA,NA,1,"ASD"
1303,8,66960439,68683823,TRUE,237,2290,NA,0.000439102,NA,3.52896e-05,FALSE,NA,NA,NA,NA,NA,NA,1,"ASD"
1304,8,68683824,70004665,TRUE,395,2986,NA,0.000191958,NA,0.0708146,FALSE,NA,NA,NA,NA,NA,NA,1,"ASD"
1305,8,70004666,70872088,TRUE,214,1685,0.000571574,0.000448116,0.103151,1.51499e-05,FALSE,NA,NA,NA,NA,NA,NA,2,NA
1306,8,70872089,72013184,TRUE,137,2004,NA,4.81847e-05,NA,0.254518,FALSE,NA,NA,NA,NA,NA,NA,1,"ASD"
1307,8,72013185,72917489,TRUE,318,2057,0.000637955,0.000154094,0.122024,0.0935775,FALSE,NA,NA,NA,NA,NA,NA,2,NA
1308,8,72917490,73838027,TRUE,201,2107,NA,0.000213258,NA,0.0132322,FALSE,NA,NA,NA,NA,NA,NA,1,"ASD"
1309,8,73838028,75011699,TRUE,331,2423,NA,0.000313624,NA,0.00584165,FALSE,NA,NA,NA,NA,NA,NA,1,"ASD"
1310,8,75011700,76295483,TRUE,310,2903,NA,0.000427348,NA,0.000325493,FALSE,NA,NA,NA,NA,NA,NA,1,"ASD"
1311,8,76295484,77377989,TRUE,164,2556,NA,0.00031452,NA,0.000359544,FALSE,NA,NA,NA,NA,NA,NA,1,"ASD"
1312,8,77377990,78633659,TRUE,163,2586,5.22299e-05,5.18788e-05,0.432382,0.259563,FALSE,NA,NA,NA,NA,NA,NA,2,NA
1313,8,78633660,79756169,TRUE,138,2537,0.000108525,7.21348e-05,0.36722,0.170358,FALSE,NA,NA,NA,NA,NA,NA,2,NA
1314,8,79756170,81340231,TRUE,334,3247,NA,0.000876781,NA,1.17629e-10,FALSE,NA,NA,NA,NA,NA,NA,1,"ASD"
1315,8,81340232,82878769,TRUE,292,2727,0.000741381,0.000309951,0.0810571,0.00507773,FALSE,NA,NA,NA,NA,NA,NA,2,NA
1316,8,82878770,83730337,TRUE,155,2103,NA,0.000199486,NA,0.00987016,FALSE,NA,NA,NA,NA,NA,NA,1,"ASD"
1317,8,83730338,85116734,TRUE,195,3480,NA,0.00016881,NA,0.0356604,FALSE,NA,NA,NA,NA,NA,NA,1,"ASD"
1318,8,85116735,86251870,TRUE,110,1743,NA,0.00020146,NA,0.00340397,FALSE,NA,NA,NA,NA,NA,NA,1,"ASD"
1319,8,86251871,87563145,TRUE,113,1661,6.06868e-05,0.000269204,0.409101,0.000286538,FALSE,NA,NA,NA,NA,NA,NA,2,NA
1320,8,87563146,89081177,TRUE,283,3139,NA,0.000502301,NA,2.0661e-05,FALSE,NA,NA,NA,NA,NA,NA,1,"ASD"
1321,8,89081178,90364149,TRUE,168,2766,NA,0.000248923,NA,0.00294856,FALSE,NA,NA,NA,NA,NA,NA,1,"ASD"
1322,8,90364150,91457962,TRUE,168,1886,NA,4.58196e-05,NA,0.283185,FALSE,NA,NA,NA,NA,NA,NA,1,"ASD"
1323,8,91457963,92876620,TRUE,130,1930,NA,0.000246674,NA,0.00136953,FALSE,NA,NA,NA,NA,NA,NA,1,"ASD"
1324,8,92876621,94999066,TRUE,390,3209,0.000308692,0.000820661,0.298016,7.87068e-09,FALSE,NA,NA,NA,NA,NA,NA,2,NA
1325,8,94999067,96175630,TRUE,263,2890,NA,0.000144045,NA,0.0879225,FALSE,NA,NA,NA,NA,NA,NA,1,"ASD"
1326,8,96175631,96900513,TRUE,281,1914,0.00081649,0.000598945,0.0595166,6.26248e-07,FALSE,NA,NA,NA,NA,NA,NA,2,NA
1327,8,96900514,98132519,TRUE,268,1990,NA,0.000100224,NA,0.169122,FALSE,NA,NA,NA,NA,NA,NA,1,"ASD"
1328,8,98132520,99388944,TRUE,347,2610,NA,0.000333892,NA,0.00443737,FALSE,NA,NA,NA,NA,NA,NA,1,"ASD"
1329,8,99388945,101448439,TRUE,171,2430,NA,0.000367398,NA,7.33806e-05,FALSE,NA,NA,NA,NA,NA,NA,1,"ASD"
1330,8,101448440,102548680,TRUE,257,1831,0.000117499,0.000117042,0.39438,0.132056,FALSE,NA,NA,NA,NA,NA,NA,2,NA
1331,8,102548681,103716053,TRUE,332,2684,NA,1.16794e-05,NA,0.450218,FALSE,NA,NA,NA,NA,NA,NA,1,"ASD"
1332,8,103716054,104467845,TRUE,203,1820,0.000242969,0.000264918,0.280298,0.00362865,FALSE,NA,NA,NA,NA,NA,NA,2,NA
1333,8,104467846,105370130,TRUE,103,2264,2.60971e-06,8.30037e-05,0.478113,0.106181,FALSE,NA,NA,NA,NA,NA,NA,2,NA
1334,8,105370131,106500950,TRUE,285,2208,NA,0.000254523,NA,0.0135167,FALSE,NA,NA,NA,NA,NA,NA,1,"ASD"
1335,8,106500951,107787163,TRUE,227,2481,0.000613318,0.000492828,0.0944362,5.33711e-06,FALSE,NA,NA,NA,NA,NA,NA,2,NA
1336,8,107787164,108647463,TRUE,194,1956,0.000634252,0.000130265,0.072508,0.0775376,FALSE,NA,NA,NA,NA,NA,NA,2,NA
1337,8,108647464,109920827,FALSE,NA,NA,NA,NA,NA,NA,FALSE,NA,NA,NA,NA,NA,NA,NA,NA
1338,8,109920828,111207349,FALSE,NA,NA,NA,NA,NA,NA,FALSE,NA,NA,NA,NA,NA,NA,NA,NA
1339,8,111207350,112601513,TRUE,94,1882,NA,0.000142917,NA,0.01701,FALSE,NA,NA,NA,NA,NA,NA,1,"ASD"
1340,8,112601514,113650853,TRUE,106,1963,NA,7.21566e-05,NA,0.142343,FALSE,NA,NA,NA,NA,NA,NA,1,"ASD"
1341,8,113650854,114781574,TRUE,84,2214,NA,4.32508e-06,NA,0.450714,FALSE,NA,NA,NA,NA,NA,NA,1,"ASD"
1342,8,114781575,115334858,TRUE,98,1456,0.000303582,5.01782e-05,0.156729,0.209366,FALSE,NA,NA,NA,NA,NA,NA,2,NA
1343,8,115334859,116094203,TRUE,83,1809,0.000580238,1.50812e-05,0.02569,0.381276,FALSE,NA,NA,NA,NA,NA,NA,2,NA
1344,8,116094204,118300068,TRUE,322,2999,0.000515613,0.00049712,0.172085,4.61491e-05,FALSE,NA,NA,NA,NA,NA,NA,2,NA
1345,8,118300069,119423298,TRUE,277,2066,6.50761e-05,0.000343999,0.438018,0.00148531,FALSE,NA,NA,NA,NA,NA,NA,2,NA
1346,8,119423299,120216587,TRUE,176,1907,NA,0.000340185,NA,0.000182996,FALSE,NA,NA,NA,NA,NA,NA,1,"ASD"
1347,8,120216588,121554390,TRUE,210,2789,NA,0.000412289,NA,5.95131e-05,FALSE,NA,NA,NA,NA,NA,NA,1,"ASD"
1348,8,121554391,122622804,TRUE,255,2417,NA,0.000424091,NA,0.000101866,FALSE,NA,NA,NA,NA,NA,NA,1,"ASD"
1349,8,122622805,124001019,TRUE,290,2303,NA,0.000312842,NA,0.00374471,FALSE,NA,NA,NA,NA,NA,NA,1,"ASD"
1350,8,124001020,125453322,FALSE,NA,NA,NA,NA,NA,NA,FALSE,NA,NA,NA,NA,NA,NA,NA,NA
1351,8,125453323,126766827,TRUE,324,2781,NA,0.000513051,NA,3.12206e-05,FALSE,NA,NA,NA,NA,NA,NA,1,"ASD"
1352,8,126766828,128073654,TRUE,323,2858,NA,0.000336172,NA,0.00304274,FALSE,NA,NA,NA,NA,NA,NA,1,"ASD"
1353,8,128073655,129291118,TRUE,484,2899,0.000630316,0.000421594,0.172935,0.00241493,FALSE,NA,NA,NA,NA,NA,NA,2,NA
1354,8,129291119,130383563,TRUE,188,2322,0.000154476,0.000109687,0.34495,0.112264,FALSE,NA,NA,NA,NA,NA,NA,2,NA
1355,8,130383564,131545725,TRUE,248,2644,0.000297311,0.000135479,0.26186,0.0945913,FALSE,NA,NA,NA,NA,NA,NA,2,NA
1356,8,131545726,132534636,TRUE,274,2477,NA,0.000529709,NA,4.6213e-06,FALSE,NA,NA,NA,NA,NA,NA,1,"ASD"
1357,8,132534637,133461551,TRUE,232,2319,NA,0.000514301,NA,2.63806e-06,FALSE,NA,NA,NA,NA,NA,NA,1,"ASD"
1358,8,133461552,134509448,TRUE,329,2462,NA,0.00064171,NA,5.05533e-07,FALSE,NA,NA,NA,NA,NA,NA,1,"ASD"
1359,8,134509449,135313673,TRUE,329,2508,NA,0.000450607,NA,0.000206331,FALSE,NA,NA,NA,NA,NA,NA,1,"ASD"
1360,8,135313674,136220342,TRUE,266,2163,0.000236096,NA,0.309595,NA,FALSE,NA,NA,NA,NA,NA,NA,1,"ADHD"
1361,8,136220343,137527617,TRUE,216,2900,0.000113345,0.000251469,0.388672,0.00665415,FALSE,NA,NA,NA,NA,NA,NA,2,NA
1362,8,137527618,138564843,TRUE,187,2385,0.000179533,0.000413448,0.323301,1.79416e-05,FALSE,NA,NA,NA,NA,NA,NA,2,NA
1363,8,138564844,139404631,TRUE,261,2180,NA,0.000195546,NA,0.0368753,FALSE,NA,NA,NA,NA,NA,NA,1,"ASD"
1364,8,139404632,140355988,TRUE,235,2130,NA,0.000433801,NA,5.70119e-05,FALSE,NA,NA,NA,NA,NA,NA,1,"ASD"
1365,8,140355989,141527881,TRUE,354,2562,0.000233531,0.000335859,0.334397,0.00487077,FALSE,NA,NA,NA,NA,NA,NA,2,NA
1366,8,141527882,142611889,TRUE,290,2165,NA,0.000476826,NA,5.14503e-05,FALSE,NA,NA,NA,NA,NA,NA,1,"ASD"
1367,8,142611890,143611461,TRUE,200,2013,NA,0.000538796,NA,2.83315e-07,FALSE,NA,NA,NA,NA,NA,NA,1,"ASD"
1368,8,143611462,144934288,TRUE,191,2447,0.000265463,0.000216972,0.257655,0.0142886,FALSE,NA,NA,NA,NA,NA,NA,2,NA
1369,8,144934289,146303787,TRUE,65,931,NA,0.000152617,NA,0.00578107,FALSE,NA,NA,NA,NA,NA,NA,1,"ASD"
1370,9,10469,653661,TRUE,202,1539,NA,0.000273844,NA,0.00303487,FALSE,NA,NA,NA,NA,NA,NA,1,"ASD"
1371,9,653662,1103598,TRUE,216,1317,0.000348354,0.000272691,0.214644,0.00390762,FALSE,NA,NA,NA,NA,NA,NA,2,NA
1372,9,1103599,1874961,TRUE,315,2383,0.00111112,NA,0.0239741,NA,FALSE,NA,NA,NA,NA,NA,NA,1,"ADHD"
1373,9,1874962,2441120,TRUE,295,1468,NA,0.000427274,NA,0.000215747,FALSE,NA,NA,NA,NA,NA,NA,1,"ASD"
1374,9,2441121,3079045,TRUE,267,1533,NA,0.000192046,NA,0.0389346,FALSE,NA,NA,NA,NA,NA,NA,1,"ASD"
1375,9,3079046,4025355,TRUE,335,1859,NA,0.000447755,NA,0.000262341,FALSE,NA,NA,NA,NA,NA,NA,1,"ASD"
1376,9,4025356,4596614,TRUE,336,1666,NA,0.000225558,NA,0.0345867,FALSE,NA,NA,NA,NA,NA,NA,1,"ASD"
1377,9,4596615,5437591,TRUE,232,1773,NA,2.65528e-05,NA,0.382873,FALSE,NA,NA,NA,NA,NA,NA,1,"ASD"
1378,9,5437592,6859791,TRUE,432,3093,NA,0.000691639,NA,1.58455e-06,FALSE,NA,NA,NA,NA,NA,NA,1,"ASD"
1379,9,6859792,7388202,TRUE,243,1890,NA,0.000361176,NA,0.000523673,FALSE,NA,NA,NA,NA,NA,NA,1,"ASD"
1380,9,7388203,8262303,TRUE,397,2416,NA,0.000178745,NA,0.0919045,FALSE,NA,NA,NA,NA,NA,NA,1,"ASD"
1381,9,8262304,9170120,TRUE,391,2781,NA,0.000698839,NA,5.02358e-07,FALSE,NA,NA,NA,NA,NA,NA,1,"ASD"
1382,9,9170121,9920258,TRUE,316,2196,NA,0.000155197,NA,0.0930101,FALSE,NA,NA,NA,NA,NA,NA,1,"ASD"
1383,9,9920259,10675474,TRUE,274,2318,8.52315e-05,0.000338247,0.422144,0.00160583,FALSE,NA,NA,NA,NA,NA,NA,2,NA
1384,9,10675475,11270764,TRUE,151,1698,0.00061831,6.56141e-05,0.0555032,0.197827,FALSE,NA,NA,NA,NA,NA,NA,2,NA
1385,9,11270765,12044915,TRUE,103,2299,0.000184237,0.000127868,0.265812,0.0322347,FALSE,NA,NA,NA,NA,NA,NA,2,NA
1386,9,12044916,12664858,TRUE,161,1650,NA,0.00011464,NA,0.0850093,FALSE,NA,NA,NA,NA,NA,NA,1,"ASD"
1387,9,12664859,13512852,TRUE,203,1478,NA,0.000169687,NA,0.0388708,FALSE,NA,NA,NA,NA,NA,NA,1,"ASD"
1388,9,13512853,14244747,TRUE,283,1876,NA,6.74422e-05,NA,0.263829,FALSE,NA,NA,NA,NA,NA,NA,1,"ASD"
1389,9,14244748,14902924,TRUE,353,1608,0.000562319,0.000524509,0.162752,4.61049e-05,FALSE,NA,NA,NA,NA,NA,NA,2,NA
1390,9,14902925,15839403,TRUE,251,1985,7.90773e-05,0.000220348,0.423663,0.0198739,FALSE,NA,NA,NA,NA,NA,NA,2,NA
1391,9,15839404,16658377,TRUE,296,1793,0.000399363,0.000399651,0.219758,0.000481034,FALSE,NA,NA,NA,NA,NA,NA,2,NA
1392,9,16658378,17392382,TRUE,153,2038,2.27477e-06,0.000270979,0.482394,0.00114316,FALSE,NA,NA,NA,NA,NA,NA,2,NA
1393,9,17392383,17990565,TRUE,162,1538,NA,0.000229081,NA,0.0047374,FALSE,NA,NA,NA,NA,NA,NA,1,"ASD"
1394,9,17990566,18754196,TRUE,300,1968,NA,0.000112299,NA,0.159056,FALSE,NA,NA,NA,NA,NA,NA,1,"ASD"
1395,9,18754197,19463292,TRUE,229,1835,NA,0.000339355,NA,0.000813501,FALSE,NA,NA,NA,NA,NA,NA,1,"ASD"
1396,9,19463293,20483880,TRUE,328,2002,0.000391717,0.000529429,0.235033,2.38617e-05,FALSE,NA,NA,NA,NA,NA,NA,2,NA
1397,9,20483881,21674032,TRUE,302,2530,0.000474039,0.000305323,0.183909,0.00526062,FALSE,NA,NA,NA,NA,NA,NA,2,NA
1398,9,21674033,23091193,TRUE,361,2785,NA,0.000402721,NA,0.00121753,FALSE,NA,NA,NA,NA,NA,NA,1,"ASD"
1399,9,23091194,23859374,TRUE,264,1578,NA,0.000580821,NA,8.96374e-07,FALSE,NA,NA,NA,NA,NA,NA,1,"ASD"
1400,9,23859375,24757729,TRUE,218,1616,NA,0.000353469,NA,0.000389602,FALSE,NA,NA,NA,NA,NA,NA,1,"ASD"
1401,9,24757730,25957606,TRUE,327,2837,0.000501979,0.000146284,0.179987,0.107012,FALSE,NA,NA,NA,NA,NA,NA,2,NA
1402,9,25957607,26747214,TRUE,252,1757,8.35745e-05,0.000127815,0.420214,0.1099,FALSE,NA,NA,NA,NA,NA,NA,2,NA
1403,9,26747215,27366479,TRUE,204,1693,NA,0.000267823,NA,0.00340898,FALSE,NA,NA,NA,NA,NA,NA,1,"ASD"
1404,9,27366480,28067454,TRUE,217,1644,0.000350537,0.000250323,0.213801,0.00881212,FALSE,NA,NA,NA,NA,NA,NA,2,NA
1405,9,28067455,28766060,TRUE,232,1673,0.000328881,0.000353845,0.234614,0.000577906,FALSE,NA,NA,NA,NA,NA,NA,2,NA
1406,9,28766061,29596501,TRUE,168,2640,0.000494496,8.98563e-05,0.108567,0.140484,FALSE,NA,NA,NA,NA,NA,NA,2,NA
1407,9,29596502,30410078,TRUE,146,1823,NA,0.000224566,NA,0.0046571,FALSE,NA,NA,NA,NA,NA,NA,1,"ASD"
1408,9,30410079,31115153,TRUE,95,1677,4.79342e-05,0.000625178,0.41752,5.24102e-13,FALSE,NA,NA,NA,NA,NA,NA,2,NA
1409,9,31115154,32253283,TRUE,122,3227,NA,0.000232532,NA,0.00160592,FALSE,NA,NA,NA,NA,NA,NA,1,"ASD"
1410,9,32253284,33194892,TRUE,222,2156,0.000262003,0.000231995,0.274995,0.0116043,FALSE,NA,NA,NA,NA,NA,NA,2,NA
1411,9,33194893,34704544,TRUE,235,2777,NA,0.000287502,NA,0.00323799,FALSE,NA,NA,NA,NA,NA,NA,1,"ASD"
1412,9,34704545,36749273,TRUE,454,3321,NA,0.000494677,NA,0.000432346,FALSE,NA,NA,NA,NA,NA,NA,1,"ASD"
1413,9,36749274,37687112,TRUE,295,1940,3.4658e-05,0.000560137,0.462772,3.60983e-06,FALSE,NA,NA,NA,NA,NA,NA,2,NA
1414,9,37687113,38822977,TRUE,287,2059,NA,0.000213544,NA,0.031245,FALSE,NA,NA,NA,NA,NA,NA,1,"ASD"
1415,9,38822978,43903829,TRUE,4,31,1.75603e-05,NA,0.306929,NA,FALSE,NA,NA,NA,NA,NA,NA,1,"ADHD"
1416,9,43903830,66673058,FALSE,NA,NA,NA,NA,NA,NA,FALSE,NA,NA,NA,NA,NA,NA,NA,NA
1417,9,66673059,70939677,FALSE,NA,NA,NA,NA,NA,NA,FALSE,NA,NA,NA,NA,NA,NA,NA,NA
1418,9,70939678,72288878,TRUE,299,2317,NA,0.000547423,NA,6.07852e-06,FALSE,NA,NA,NA,NA,NA,NA,1,"ASD"
1419,9,72288879,73915494,TRUE,346,3645,NA,0.000521992,NA,3.38965e-05,FALSE,NA,NA,NA,NA,NA,NA,1,"ASD"
1420,9,73915495,74950318,TRUE,249,1837,2.63191e-05,0.000258565,0.466352,0.00878401,FALSE,NA,NA,NA,NA,NA,NA,2,NA
1421,9,74950319,76197744,TRUE,159,2301,0.000864459,9.82492e-05,0.0169985,0.115606,FALSE,NA,NA,NA,NA,NA,NA,2,NA
1422,9,76197745,77862308,TRUE,308,2924,0.000284408,0.000821101,0.290939,5.25305e-10,FALSE,NA,NA,NA,NA,NA,NA,2,NA
1423,9,77862309,78630915,TRUE,282,2123,NA,9.67181e-05,NA,0.18585,FALSE,NA,NA,NA,NA,NA,NA,1,"ASD"
1424,9,78630916,79451035,TRUE,353,2074,0.000542474,0.000167913,0.171022,0.086129,FALSE,NA,NA,NA,NA,NA,NA,2,NA
1425,9,79451036,80137024,TRUE,197,1680,0.000467433,0.000186478,0.138382,0.0251014,FALSE,NA,NA,NA,NA,NA,NA,2,NA
1426,9,80137025,81161597,TRUE,192,1938,NA,0.000101421,NA,0.134392,FALSE,NA,NA,NA,NA,NA,NA,1,"ASD"
1427,9,81161598,82601465,TRUE,410,2602,0.000634035,0.00098872,0.152337,3.86585e-11,FALSE,NA,NA,NA,NA,NA,NA,2,NA
1428,9,82601466,83455502,TRUE,211,2610,NA,0.000578498,NA,6.58029e-08,FALSE,NA,NA,NA,NA,NA,NA,1,"ASD"
1429,9,83455503,85135751,TRUE,356,2916,NA,0.000247612,NA,0.0259578,FALSE,NA,NA,NA,NA,NA,NA,1,"ASD"
1430,9,85135752,86769886,TRUE,395,3325,NA,0.000723179,NA,2.98863e-07,FALSE,NA,NA,NA,NA,NA,NA,1,"ASD"
1431,9,86769887,87815449,TRUE,259,2494,NA,0.000201683,NA,0.0309115,FALSE,NA,NA,NA,NA,NA,NA,1,"ASD"
1432,9,87815450,89171796,TRUE,218,2397,NA,0.000175998,NA,0.0399822,FALSE,NA,NA,NA,NA,NA,NA,1,"ASD"
1433,9,89171797,90135154,TRUE,293,2308,NA,0.000526289,NA,1.01653e-05,FALSE,NA,NA,NA,NA,NA,NA,1,"ASD"
1434,9,90135155,90890979,TRUE,187,1818,0.000578889,0.000407696,0.0867703,2.61857e-05,FALSE,NA,NA,NA,NA,NA,NA,2,NA
1435,9,90890980,91643255,TRUE,134,1666,0.000313336,0.00012254,0.184699,0.057521,FALSE,NA,NA,NA,NA,NA,NA,2,NA
1436,9,91643256,92500277,TRUE,195,1794,NA,0.000367144,NA,0.000133247,FALSE,NA,NA,NA,NA,NA,NA,1,"ASD"
1437,9,92500278,93441050,TRUE,195,2046,NA,0.000286181,NA,0.00202034,FALSE,NA,NA,NA,NA,NA,NA,1,"ASD"
1438,9,93441051,94175374,TRUE,213,1743,NA,0.000245543,NA,0.00861065,FALSE,NA,NA,NA,NA,NA,NA,1,"ASD"
1439,9,94175375,94924482,TRUE,160,2154,0.000472436,0.000152058,0.113195,0.0378549,FALSE,NA,NA,NA,NA,NA,NA,2,NA
1440,9,94924483,95854925,FALSE,NA,NA,NA,NA,NA,NA,FALSE,NA,NA,NA,NA,NA,NA,NA,NA
1441,9,95854926,96670171,TRUE,182,2191,0.000181647,0.000244288,0.319337,0.00603036,FALSE,NA,NA,NA,NA,NA,NA,2,NA
1442,9,96670172,97418633,TRUE,149,1608,0.000326186,0.00010945,0.187705,0.0890922,FALSE,NA,NA,NA,NA,NA,NA,2,NA
1443,9,97418634,98885862,TRUE,313,2615,NA,0.000254927,NA,0.0174898,FALSE,NA,NA,NA,NA,NA,NA,1,"ASD"
1444,9,98885863,100310517,FALSE,NA,NA,NA,NA,NA,NA,FALSE,NA,NA,NA,NA,NA,NA,NA,NA
1445,9,100310518,101596750,TRUE,354,2766,NA,0.000452356,NA,0.000295895,FALSE,NA,NA,NA,NA,NA,NA,1,"ASD"
1446,9,101596751,103165725,TRUE,264,2440,NA,0.000446162,NA,6.37706e-05,FALSE,NA,NA,NA,NA,NA,NA,1,"ASD"
1447,9,103165726,104222848,TRUE,194,2264,NA,0.000115514,NA,0.101458,FALSE,NA,NA,NA,NA,NA,NA,1,"ASD"
1448,9,104222849,105043411,TRUE,201,2275,NA,8.72907e-05,NA,0.168339,FALSE,NA,NA,NA,NA,NA,NA,1,"ASD"
1449,9,105043412,105846545,TRUE,191,2601,0.000131024,NA,0.366346,NA,FALSE,NA,NA,NA,NA,NA,NA,1,"ADHD"
1450,9,105846546,107061019,TRUE,236,3239,NA,0.000542493,NA,1.61158e-06,FALSE,NA,NA,NA,NA,NA,NA,1,"ASD"
1451,9,107061020,108203095,TRUE,319,3041,0.00085996,0.000351479,0.0612844,0.00221824,FALSE,NA,NA,NA,NA,NA,NA,2,NA
1452,9,108203096,109150717,TRUE,149,1615,0.000415752,0.000363216,0.13347,3.69858e-05,FALSE,NA,NA,NA,NA,NA,NA,2,NA
1453,9,109150718,110630150,TRUE,438,3052,0.00161977,0.000311326,0.00753897,0.0135775,TRUE,-0.484023,-0.484023,FALSE,-1,0.17529,0.159481,2,NA
1454,9,110630151,111368107,TRUE,202,1810,NA,9.23769e-05,NA,0.155885,FALSE,NA,NA,NA,NA,NA,NA,1,"ASD"
1455,9,111368108,112076381,TRUE,185,1877,0.000791226,5.96643e-05,0.0337129,0.242665,FALSE,NA,NA,NA,NA,NA,NA,2,NA
1456,9,112076382,112865520,TRUE,258,2077,NA,0.000576215,NA,5.4322e-07,FALSE,NA,NA,NA,NA,NA,NA,1,"ASD"
1457,9,112865521,113646149,TRUE,305,2249,NA,0.00023761,NA,0.0222838,FALSE,NA,NA,NA,NA,NA,NA,1,"ASD"
1458,9,113646150,114443475,TRUE,248,1930,NA,2.7281e-05,NA,0.384341,FALSE,NA,NA,NA,NA,NA,NA,1,"ASD"
1459,9,114443476,115390112,FALSE,NA,NA,NA,NA,NA,NA,FALSE,NA,NA,NA,NA,NA,NA,NA,NA
1460,9,115390113,116159540,TRUE,222,1761,NA,0.000336505,NA,0.00071954,FALSE,NA,NA,NA,NA,NA,NA,1,"ASD"
1461,9,116159541,117054909,TRUE,278,1897,NA,0.000272401,NA,0.0086423,FALSE,NA,NA,NA,NA,NA,NA,1,"ASD"
1462,9,117054910,117989017,TRUE,278,2191,NA,0.000210038,NA,0.0299876,FALSE,NA,NA,NA,NA,NA,NA,1,"ASD"
1463,9,117989018,119001227,TRUE,178,2171,0.000312987,0.00019926,0.21645,0.0155999,FALSE,NA,NA,NA,NA,NA,NA,2,NA
1464,9,119001228,119890464,TRUE,295,1988,0.000863705,0.000236353,0.053984,0.0208488,FALSE,NA,NA,NA,NA,NA,NA,2,NA
1465,9,119890465,121008529,TRUE,338,2501,0.000123515,0.000346784,0.403387,0.00275716,FALSE,NA,NA,NA,NA,NA,NA,2,NA
1466,9,121008530,122677719,TRUE,303,2899,NA,0.000296295,NA,0.00610001,FALSE,NA,NA,NA,NA,NA,NA,1,"ASD"
1467,9,122677720,124119883,TRUE,234,1856,NA,0.000222396,NA,0.0161822,FALSE,NA,NA,NA,NA,NA,NA,1,"ASD"
1468,9,124119884,125137578,TRUE,261,1974,NA,0.000321679,NA,0.00242693,FALSE,NA,NA,NA,NA,NA,NA,1,"ASD"
1469,9,125137579,126092931,TRUE,156,1587,0.000299511,0.000358711,0.211436,8.76842e-05,FALSE,NA,NA,NA,NA,NA,NA,2,NA
1470,9,126092932,127184582,TRUE,234,2164,6.87645e-05,0.000863214,0.429573,3.46448e-13,FALSE,NA,NA,NA,NA,NA,NA,2,NA
1471,9,127184583,128785782,TRUE,171,1746,NA,0.000437222,NA,4.54311e-06,FALSE,NA,NA,NA,NA,NA,NA,1,"ASD"
1472,9,128785783,129617771,TRUE,346,1801,NA,0.000239861,NA,0.0280912,FALSE,NA,NA,NA,NA,NA,NA,1,"ASD"
1473,9,129617772,130902727,TRUE,198,1776,NA,0.000125713,NA,0.0883462,FALSE,NA,NA,NA,NA,NA,NA,1,"ASD"
1474,9,130902728,132193798,TRUE,173,1488,0.000992185,6.09622e-05,0.0101932,0.235239,FALSE,NA,NA,NA,NA,NA,NA,2,NA
1475,9,132193799,132999452,TRUE,208,2019,NA,0.000684148,NA,3.99192e-09,FALSE,NA,NA,NA,NA,NA,NA,1,"ASD"
1476,9,132999453,134141936,TRUE,287,1753,0.000340728,0.000127419,0.249721,0.132222,FALSE,NA,NA,NA,NA,NA,NA,2,NA
1477,9,134141937,135135887,TRUE,236,1611,NA,9.52927e-05,NA,0.170563,FALSE,NA,NA,NA,NA,NA,NA,1,"ASD"
1478,9,135135888,136042490,TRUE,297,1901,0.000234812,0.000243139,0.319684,0.0190615,FALSE,NA,NA,NA,NA,NA,NA,2,NA
1479,9,136042491,136770926,TRUE,215,1663,NA,0.0001233,NA,0.109206,FALSE,NA,NA,NA,NA,NA,NA,1,"ASD"
1480,9,136770927,137593527,TRUE,106,1034,NA,4.53863e-05,NA,0.251815,FALSE,NA,NA,NA,NA,NA,NA,1,"ASD"
1481,9,137593528,138202112,TRUE,257,1461,NA,0.000581257,NA,1.07319e-06,FALSE,NA,NA,NA,NA,NA,NA,1,"ASD"
1482,9,138202113,138995791,TRUE,143,968,NA,0.00014234,NA,0.0465495,FALSE,NA,NA,NA,NA,NA,NA,1,"ASD"
1483,9,138995792,140097759,TRUE,97,884,0.00097265,0.000186115,0.00194287,0.00683451,TRUE,-0.177395,-0.177395,FALSE,-1,0.47055,0.588999,2,NA
1484,9,140097760,141146682,TRUE,68,606,NA,0.000252059,NA,7.92857e-05,FALSE,NA,NA,NA,NA,NA,NA,1,"ASD"
1485,10,60515,1329232,TRUE,257,2363,NA,0.000476624,NA,2.55893e-05,FALSE,NA,NA,NA,NA,NA,NA,1,"ASD"
1486,10,1329233,1872960,TRUE,235,1492,NA,0.000259109,NA,0.00812859,FALSE,NA,NA,NA,NA,NA,NA,1,"ASD"
1487,10,1872961,2637065,TRUE,291,2915,NA,0.000159185,NA,0.0789537,FALSE,NA,NA,NA,NA,NA,NA,1,"ASD"
1488,10,2637066,3225336,TRUE,189,1715,NA,6.03052e-05,NA,0.245575,FALSE,NA,NA,NA,NA,NA,NA,1,"ASD"
1489,10,3225337,3880322,TRUE,212,1738,4.58247e-05,0.000211707,0.44624,0.0168681,FALSE,NA,NA,NA,NA,NA,NA,2,NA
1490,10,3880323,4813182,TRUE,298,2217,0.000446068,0.000178429,0.19612,0.0591199,FALSE,NA,NA,NA,NA,NA,NA,2,NA
1491,10,4813183,5396242,TRUE,179,2235,NA,5.65048e-05,NA,0.250168,FALSE,NA,NA,NA,NA,NA,NA,1,"ASD"
1492,10,5396243,6234718,TRUE,379,2356,NA,0.000308734,NA,0.0100836,FALSE,NA,NA,NA,NA,NA,NA,1,"ASD"
1493,10,6234719,6897037,TRUE,273,1594,0.000165961,9.22651e-05,0.361417,0.193611,FALSE,NA,NA,NA,NA,NA,NA,2,NA
1494,10,6897038,7659872,TRUE,319,2140,NA,0.000318,NA,0.00504595,FALSE,NA,NA,NA,NA,NA,NA,1,"ASD"
1495,10,7659873,8771920,TRUE,377,3088,0.000347217,0.000284053,0.273476,0.0146738,FALSE,NA,NA,NA,NA,NA,NA,2,NA
1496,10,8771921,10081279,TRUE,275,3090,0.00043329,0.000567543,0.193536,1.34736e-06,FALSE,NA,NA,NA,NA,NA,NA,2,NA
1497,10,10081280,10969481,TRUE,239,2097,NA,6.63934e-05,NA,0.246213,FALSE,NA,NA,NA,NA,NA,NA,1,"ASD"
1498,10,10969482,11856924,TRUE,299,2026,NA,0.000512087,NA,1.81584e-05,FALSE,NA,NA,NA,NA,NA,NA,1,"ASD"
1499,10,11856925,12581571,TRUE,254,1705,0.000484847,0.00030469,0.158922,0.00309885,FALSE,NA,NA,NA,NA,NA,NA,2,NA
1500,10,12581572,13208061,TRUE,299,1678,NA,0.000498826,NA,3.14839e-05,FALSE,NA,NA,NA,NA,NA,NA,1,"ASD"
1501,10,13208062,14008135,TRUE,421,2142,NA,0.000262715,NA,0.0280574,FALSE,NA,NA,NA,NA,NA,NA,1,"ASD"
1502,10,14008136,14820755,TRUE,302,2360,NA,0.000514876,NA,1.9407e-05,FALSE,NA,NA,NA,NA,NA,NA,1,"ASD"
1503,10,14820756,15946677,TRUE,349,2707,NA,0.000469824,NA,0.00022303,FALSE,NA,NA,NA,NA,NA,NA,1,"ASD"
1504,10,15946678,17065860,TRUE,261,2457,0.000475503,0.000447397,0.166483,5.16458e-05,FALSE,NA,NA,NA,NA,NA,NA,2,NA
1505,10,17065861,18529742,TRUE,312,3065,0.000337502,0.000613741,0.260166,8.46433e-07,FALSE,NA,NA,NA,NA,NA,NA,2,NA
1506,10,18529743,19421514,TRUE,256,2510,NA,0.000237262,NA,0.0140968,FALSE,NA,NA,NA,NA,NA,NA,1,"ASD"
1507,10,19421515,19965624,TRUE,103,1789,0.000556075,0.000227697,0.0435367,0.00152912,TRUE,-0.0917458,-0.0917458,FALSE,-1,0.70337,0.810747,2,NA
1508,10,19965625,20616432,TRUE,201,1845,0.000359249,1.43381e-05,0.199921,0.42479,FALSE,NA,NA,NA,NA,NA,NA,2,NA
1509,10,20616433,21477692,TRUE,220,2046,NA,0.000129043,NA,0.0916928,FALSE,NA,NA,NA,NA,NA,NA,1,"ASD"
1510,10,21477693,23365685,TRUE,274,2476,0.000125885,0.000572485,0.391289,1.50993e-06,FALSE,NA,NA,NA,NA,NA,NA,2,NA
1511,10,23365686,24489447,TRUE,174,1949,NA,0.000191955,NA,0.0188941,FALSE,NA,NA,NA,NA,NA,NA,1,"ASD"
1512,10,24489448,25577761,TRUE,299,1937,NA,0.000413734,NA,0.000415796,FALSE,NA,NA,NA,NA,NA,NA,1,"ASD"
1513,10,25577762,26161974,TRUE,126,1847,0.0002975,9.48684e-05,0.189242,0.0982255,FALSE,NA,NA,NA,NA,NA,NA,2,NA
1514,10,26161975,26888716,TRUE,103,2108,0.000373128,6.58025e-05,0.117086,0.155387,FALSE,NA,NA,NA,NA,NA,NA,2,NA
1515,10,26888717,27669566,TRUE,159,2173,NA,2.91632e-05,NA,0.347439,FALSE,NA,NA,NA,NA,NA,NA,1,"ASD"
1516,10,27669567,28734422,TRUE,260,2679,NA,0.000196173,NA,0.0350941,FALSE,NA,NA,NA,NA,NA,NA,1,"ASD"
1517,10,28734423,29393749,TRUE,209,1799,5.9166e-05,7.70695e-05,0.434025,0.201827,FALSE,NA,NA,NA,NA,NA,NA,2,NA
1518,10,29393750,30000223,TRUE,244,1821,NA,0.000117875,NA,0.120094,FALSE,NA,NA,NA,NA,NA,NA,1,"ASD"
1519,10,30000224,30919469,TRUE,232,2215,NA,7.83671e-05,NA,0.209397,FALSE,NA,NA,NA,NA,NA,NA,1,"ASD"
1520,10,30919470,32457293,TRUE,286,2918,0.000862601,0.00018054,0.0517131,0.0533241,FALSE,NA,NA,NA,NA,NA,NA,2,NA
1521,10,32457294,33655458,TRUE,214,3089,NA,0.000396574,NA,7.61508e-05,FALSE,NA,NA,NA,NA,NA,NA,1,"ASD"
1522,10,33655459,35178224,TRUE,390,3088,NA,0.000587466,NA,1.58916e-05,FALSE,NA,NA,NA,NA,NA,NA,1,"ASD"
1523,10,35178225,36475838,TRUE,186,2249,0.000371827,0.000265792,0.183538,0.00284754,FALSE,NA,NA,NA,NA,NA,NA,2,NA
1524,10,36475839,37561443,TRUE,201,2309,0.000478202,8.26097e-05,0.135513,0.181803,FALSE,NA,NA,NA,NA,NA,NA,2,NA
1525,10,37561444,38566460,TRUE,50,2225,7.68674e-05,3.64504e-05,0.339248,0.202522,FALSE,NA,NA,NA,NA,NA,NA,2,NA
1526,10,38566461,42392742,TRUE,5,335,0.000132314,3.8685e-05,0.0487979,0.0254177,TRUE,0.0349312,0.0349312,FALSE,-1,1,0.952967,2,NA
1527,10,42392743,42984427,TRUE,20,585,0.000155849,0.000229965,0.129063,3.65392e-07,FALSE,NA,NA,NA,NA,NA,NA,2,NA
1528,10,42984428,43769842,TRUE,134,2068,NA,0.000253576,NA,0.00111655,FALSE,NA,NA,NA,NA,NA,NA,1,"ASD"
1529,10,43769843,44893846,TRUE,255,3271,NA,0.000241901,NA,0.0134029,FALSE,NA,NA,NA,NA,NA,NA,1,"ASD"
1530,10,44893847,46327144,TRUE,232,2961,0.000303795,0.0001292,0.250826,0.0970791,FALSE,NA,NA,NA,NA,NA,NA,2,NA
1531,10,46327145,49197320,TRUE,136,683,0.000552842,0.000253313,0.0660097,0.00140988,FALSE,NA,NA,NA,NA,NA,NA,2,NA
1532,10,49197321,50145673,TRUE,204,1735,NA,4.3108e-05,NA,0.312793,FALSE,NA,NA,NA,NA,NA,NA,1,"ASD"
1533,10,50145674,51724039,TRUE,207,2208,NA,0.000304128,NA,0.00140928,FALSE,NA,NA,NA,NA,NA,NA,1,"ASD"
1534,10,51724040,53129609,TRUE,235,2027,NA,0.000178014,NA,0.0409449,FALSE,NA,NA,NA,NA,NA,NA,1,"ASD"
1535,10,53129610,53919161,TRUE,222,2138,0.000173988,NA,0.340981,NA,FALSE,NA,NA,NA,NA,NA,NA,1,"ADHD"
1536,10,53919162,55104428,TRUE,265,2753,NA,0.000225284,NA,0.0210885,FALSE,NA,NA,NA,NA,NA,NA,1,"ASD"
1537,10,55104429,55867694,TRUE,177,2237,NA,1.29e-05,NA,0.426569,FALSE,NA,NA,NA,NA,NA,NA,1,"ASD"
1538,10,55867695,57044845,TRUE,289,3269,NA,0.000154626,NA,0.0851879,FALSE,NA,NA,NA,NA,NA,NA,1,"ASD"
1539,10,57044846,57955671,TRUE,119,2038,NA,0.000232105,NA,0.0015726,FALSE,NA,NA,NA,NA,NA,NA,1,"ASD"
1540,10,57955672,58809133,TRUE,70,2122,NA,4.82758e-05,NA,0.181909,FALSE,NA,NA,NA,NA,NA,NA,1,"ASD"
1541,10,58809134,59822946,TRUE,118,3031,NA,0.000171245,NA,0.0111882,FALSE,NA,NA,NA,NA,NA,NA,1,"ASD"
1542,10,59822947,61470383,TRUE,251,2851,NA,4.96933e-05,NA,0.307604,FALSE,NA,NA,NA,NA,NA,NA,1,"ASD"
1543,10,61470384,62626465,TRUE,269,2999,NA,0.000224287,NA,0.0214036,FALSE,NA,NA,NA,NA,NA,NA,1,"ASD"
1544,10,62626466,64069687,TRUE,343,2948,NA,0.000600459,NA,5.28545e-06,FALSE,NA,NA,NA,NA,NA,NA,1,"ASD"
1545,10,64069688,65400431,TRUE,242,2785,0.000983263,0.000289677,0.0235276,0.00384818,TRUE,0.0867886,0.0867886,FALSE,-1,0.81054,0.80777,2,NA
1546,10,65400432,66510387,TRUE,166,1946,NA,0.000258695,NA,0.00232853,FALSE,NA,NA,NA,NA,NA,NA,1,"ASD"
1547,10,66510388,67146043,TRUE,112,1813,NA,6.77029e-05,NA,0.160207,FALSE,NA,NA,NA,NA,NA,NA,1,"ASD"
1548,10,67146044,67769822,TRUE,138,1910,9.44848e-05,0.00016599,0.381736,0.0207557,FALSE,NA,NA,NA,NA,NA,NA,2,NA
1549,10,67769823,68623274,TRUE,182,3067,0.000662933,0.000188929,0.0589899,0.0197191,FALSE,NA,NA,NA,NA,NA,NA,2,NA
1550,10,68623275,69904170,TRUE,149,2354,NA,0.000106164,NA,0.0918874,FALSE,NA,NA,NA,NA,NA,NA,1,"ASD"
1551,10,69904171,71050504,TRUE,222,2812,NA,0.000265392,NA,0.00515888,FALSE,NA,NA,NA,NA,NA,NA,1,"ASD"
1552,10,71050505,71672997,TRUE,338,1900,0.0002479,2.85297e-05,0.321793,0.395834,FALSE,NA,NA,NA,NA,NA,NA,2,NA
1553,10,71672998,72659223,TRUE,383,2749,NA,0.000178519,NA,0.0819024,FALSE,NA,NA,NA,NA,NA,NA,1,"ASD"
1554,10,72659224,73514214,TRUE,382,2183,NA,0.000139931,NA,0.137566,FALSE,NA,NA,NA,NA,NA,NA,1,"ASD"
1555,10,73514215,75694023,TRUE,172,2730,NA,0.000229421,NA,0.00636407,FALSE,NA,NA,NA,NA,NA,NA,1,"ASD"
1556,10,75694024,77144961,TRUE,122,1727,NA,0.000124368,NA,0.0480148,FALSE,NA,NA,NA,NA,NA,NA,1,"ASD"
1557,10,77144962,78665481,TRUE,254,2349,NA,0.000286962,NA,0.00453939,FALSE,NA,NA,NA,NA,NA,NA,1,"ASD"
1558,10,78665482,79952996,TRUE,311,2556,NA,9.33206e-05,NA,0.20318,FALSE,NA,NA,NA,NA,NA,NA,1,"ASD"
1559,10,79952997,81190573,TRUE,491,2817,NA,0.000449626,NA,0.00159086,FALSE,NA,NA,NA,NA,NA,NA,1,"ASD"
1560,10,81190574,81763230,FALSE,NA,NA,NA,NA,NA,NA,FALSE,NA,NA,NA,NA,NA,NA,NA,NA
1561,10,81763231,82378048,TRUE,146,1775,NA,0.000289305,NA,0.000461486,FALSE,NA,NA,NA,NA,NA,NA,1,"ASD"
1562,10,82378049,83596350,TRUE,226,3185,0.000109908,0.000520827,0.393902,1.26579e-06,FALSE,NA,NA,NA,NA,NA,NA,2,NA
1563,10,83596351,84679429,TRUE,224,2213,NA,0.00018236,NA,0.0368526,FALSE,NA,NA,NA,NA,NA,NA,1,"ASD"
1564,10,84679430,85463484,TRUE,107,2554,NA,0.000205459,NA,0.00268575,FALSE,NA,NA,NA,NA,NA,NA,1,"ASD"
1565,10,85463485,86459980,TRUE,273,2676,NA,0.00022915,NA,0.0202581,FALSE,NA,NA,NA,NA,NA,NA,1,"ASD"
1566,10,86459981,87287935,TRUE,160,2329,0.000182799,0.000177441,0.30758,0.0211104,FALSE,NA,NA,NA,NA,NA,NA,2,NA
1567,10,87287936,88443652,TRUE,280,2699,NA,0.000233895,NA,0.0196003,FALSE,NA,NA,NA,NA,NA,NA,1,"ASD"
1568,10,88443653,89971628,TRUE,291,2256,0.000137508,0.000100652,0.385945,0.182158,FALSE,NA,NA,NA,NA,NA,NA,2,NA
1569,10,89971629,91021321,TRUE,291,2208,0.000198083,0.000272171,0.343006,0.0102785,FALSE,NA,NA,NA,NA,NA,NA,2,NA
1570,10,91021322,91960435,TRUE,188,2247,0.000464808,0.000324068,0.134415,0.000502957,FALSE,NA,NA,NA,NA,NA,NA,2,NA
1571,10,91960436,92911506,TRUE,177,2148,9.32252e-06,0.000118244,0.476722,0.0863361,FALSE,NA,NA,NA,NA,NA,NA,2,NA
1572,10,92911507,94503299,TRUE,165,2457,NA,9.17936e-05,NA,0.137132,FALSE,NA,NA,NA,NA,NA,NA,1,"ASD"
1573,10,94503300,95528160,TRUE,282,2648,0.000256758,0.000294415,0.300722,0.00540503,FALSE,NA,NA,NA,NA,NA,NA,2,NA
1574,10,95528161,97040172,TRUE,196,2728,NA,0.000158595,NA,0.0448976,FALSE,NA,NA,NA,NA,NA,NA,1,"ASD"
1575,10,97040173,98005994,TRUE,210,2268,0.000270927,0.000440639,0.263216,1.77356e-05,FALSE,NA,NA,NA,NA,NA,NA,2,NA
1576,10,98005995,99367800,TRUE,340,2494,NA,0.000416467,NA,0.000637367,FALSE,NA,NA,NA,NA,NA,NA,1,"ASD"
1577,10,99367801,100337830,TRUE,251,1851,0.00039878,0.000371646,0.201742,0.000441053,FALSE,NA,NA,NA,NA,NA,NA,2,NA
1578,10,100337831,101271451,TRUE,101,1539,5.41382e-05,0.000140016,0.412176,0.0213346,FALSE,NA,NA,NA,NA,NA,NA,2,NA
1579,10,101271452,102509298,TRUE,239,2293,NA,0.000546818,NA,1.88633e-06,FALSE,NA,NA,NA,NA,NA,NA,1,"ASD"
1580,10,102509299,104206837,TRUE,328,2427,0.000187062,0.000774773,0.358821,8.41739e-09,FALSE,NA,NA,NA,NA,NA,NA,2,NA
1581,10,104206838,106142283,TRUE,340,3432,0.000797023,0.000960728,0.0815456,4.72081e-12,FALSE,NA,NA,NA,NA,NA,NA,2,NA
1582,10,106142284,107877787,TRUE,281,3399,NA,0.000893542,NA,2.95018e-12,FALSE,NA,NA,NA,NA,NA,NA,1,"ASD"
1583,10,107877788,108725997,TRUE,178,1916,NA,0.000459962,NA,4.35761e-06,FALSE,NA,NA,NA,NA,NA,NA,1,"ASD"
1584,10,108725998,109579149,TRUE,189,2270,9.72616e-05,3.88325e-05,0.395774,0.330039,FALSE,NA,NA,NA,NA,NA,NA,2,NA
1585,10,109579150,110358382,TRUE,156,2005,NA,0.000215039,NA,0.00658349,FALSE,NA,NA,NA,NA,NA,NA,1,"ASD"
1586,10,110358383,112164981,TRUE,276,3347,0.000854269,0.000643727,0.0504842,8.21167e-08,FALSE,NA,NA,NA,NA,NA,NA,2,NA
1587,10,112164982,113117615,TRUE,282,1915,NA,0.000452183,NA,8.29858e-05,FALSE,NA,NA,NA,NA,NA,NA,1,"ASD"
1588,10,113117616,114255954,TRUE,188,2302,2.58294e-05,0.000115055,0.461768,0.09852,FALSE,NA,NA,NA,NA,NA,NA,2,NA
1589,10,114255955,115588903,TRUE,337,2354,NA,0.000412791,NA,0.000740639,FALSE,NA,NA,NA,NA,NA,NA,1,"ASD"
1590,10,115588904,116845213,TRUE,258,2387,4.66735e-05,0.000239296,0.450537,0.0145357,FALSE,NA,NA,NA,NA,NA,NA,2,NA
1591,10,116845214,118416049,TRUE,190,2698,NA,0.000207332,NA,0.013466,FALSE,NA,NA,NA,NA,NA,NA,1,"ASD"
1592,10,118416050,119528730,TRUE,247,1846,NA,0.000302239,NA,0.00293903,FALSE,NA,NA,NA,NA,NA,NA,1,"ASD"
1593,10,119528731,120592839,TRUE,266,2294,NA,0.000126122,NA,0.134745,FALSE,NA,NA,NA,NA,NA,NA,1,"ASD"
1594,10,120592840,121874445,TRUE,323,2932,NA,0.000134834,NA,0.125246,FALSE,NA,NA,NA,NA,NA,NA,1,"ASD"
1595,10,121874446,122803506,TRUE,293,2359,NA,0.000284161,NA,0.00755237,FALSE,NA,NA,NA,NA,NA,NA,1,"ASD"
1596,10,122803507,123856184,TRUE,343,2475,NA,0.000273883,NA,0.0149777,FALSE,NA,NA,NA,NA,NA,NA,1,"ASD"
1597,10,123856185,124894142,TRUE,338,2519,NA,0.000532468,NA,4.34197e-05,FALSE,NA,NA,NA,NA,NA,NA,1,"ASD"
1598,10,124894143,125798319,TRUE,315,2512,NA,0.00031134,NA,0.0055125,FALSE,NA,NA,NA,NA,NA,NA,1,"ASD"
1599,10,125798320,126875816,TRUE,284,2391,NA,0.00033646,NA,0.0020655,FALSE,NA,NA,NA,NA,NA,NA,1,"ASD"
1600,10,126875817,127997708,TRUE,260,2415,0.000126764,0.000361017,0.387839,0.000685794,FALSE,NA,NA,NA,NA,NA,NA,2,NA
1601,10,127997709,129134738,TRUE,341,2127,NA,0.000970115,NA,3.55276e-12,FALSE,NA,NA,NA,NA,NA,NA,1,"ASD"
1602,10,129134739,129831969,TRUE,351,2478,0.000670631,0.000643854,0.121819,8.81407e-07,FALSE,NA,NA,NA,NA,NA,NA,2,NA
1603,10,129831970,130694008,TRUE,360,2139,0.000257198,0.000347448,0.3212,0.0038432,FALSE,NA,NA,NA,NA,NA,NA,2,NA
1604,10,130694009,131694738,TRUE,216,2327,7.7878e-05,0.000246581,0.41888,0.00738505,FALSE,NA,NA,NA,NA,NA,NA,2,NA
1605,10,131694739,132576793,TRUE,253,2686,0.000175758,0.000333747,0.349025,0.00130602,FALSE,NA,NA,NA,NA,NA,NA,2,NA
1606,10,132576794,133111170,TRUE,352,2224,NA,0.000150784,NA,0.110758,FALSE,NA,NA,NA,NA,NA,NA,1,"ASD"
1607,10,133111171,133818036,TRUE,286,2048,0.000136472,0.000172886,0.38575,0.0646198,FALSE,NA,NA,NA,NA,NA,NA,2,NA
1608,10,133818037,134856054,TRUE,276,2340,0.000549716,0.000435965,0.139738,0.000246718,FALSE,NA,NA,NA,NA,NA,NA,2,NA
1609,10,134856055,135524372,TRUE,71,913,NA,5.0058e-05,NA,0.19042,FALSE,NA,NA,NA,NA,NA,NA,1,"ASD"
1610,11,87150,1061399,TRUE,112,1197,NA,0.000357581,NA,1.40107e-05,FALSE,NA,NA,NA,NA,NA,NA,1,"ASD"
1611,11,1061400,1857845,TRUE,148,1636,NA,0.000244887,NA,0.0029787,FALSE,NA,NA,NA,NA,NA,NA,1,"ASD"
1612,11,1857846,2477449,TRUE,102,926,NA,0.000264709,NA,0.000396797,FALSE,NA,NA,NA,NA,NA,NA,1,"ASD"
1613,11,2477450,3362508,FALSE,NA,NA,NA,NA,NA,NA,FALSE,NA,NA,NA,NA,NA,NA,NA,NA
1614,11,3362509,4405707,TRUE,160,1622,0.000521665,7.58813e-05,0.0923449,0.175104,FALSE,NA,NA,NA,NA,NA,NA,2,NA
1615,11,4405708,4946051,TRUE,232,1968,NA,0.000130949,NA,0.0942184,FALSE,NA,NA,NA,NA,NA,NA,1,"ASD"
1616,11,4946052,5533057,FALSE,NA,NA,NA,NA,NA,NA,FALSE,NA,NA,NA,NA,NA,NA,NA,NA
1617,11,5533058,6180840,TRUE,233,2305,NA,0.000190057,NA,0.0311291,FALSE,NA,NA,NA,NA,NA,NA,1,"ASD"
1618,11,6180841,7191230,TRUE,306,2275,NA,0.00014978,NA,0.0965679,FALSE,NA,NA,NA,NA,NA,NA,1,"ASD"
1619,11,7191231,7915071,TRUE,264,2109,NA,0.000340227,NA,0.00156089,FALSE,NA,NA,NA,NA,NA,NA,1,"ASD"
1620,11,7915072,9080939,TRUE,353,2801,NA,0.00024179,NA,0.0296761,FALSE,NA,NA,NA,NA,NA,NA,1,"ASD"
1621,11,9080940,10370100,TRUE,233,2684,NA,9.33726e-05,NA,0.170938,FALSE,NA,NA,NA,NA,NA,NA,1,"ASD"
1622,11,10370101,11081299,TRUE,240,1843,NA,0.000286119,NA,0.00409022,FALSE,NA,NA,NA,NA,NA,NA,1,"ASD"
1623,11,11081300,11632650,TRUE,363,1856,NA,0.000450124,NA,0.00033058,FALSE,NA,NA,NA,NA,NA,NA,1,"ASD"
1624,11,11632651,12470449,TRUE,349,2175,0.00016443,0.00027966,0.377661,0.012899,FALSE,NA,NA,NA,NA,NA,NA,2,NA
1625,11,12470450,13364727,TRUE,277,2069,NA,0.000212927,NA,0.0278845,FALSE,NA,NA,NA,NA,NA,NA,1,"ASD"
1626,11,13364728,15126767,TRUE,286,2865,NA,0.000269489,NA,0.00957563,FALSE,NA,NA,NA,NA,NA,NA,1,"ASD"
1627,11,15126768,16383386,TRUE,221,2136,NA,0.000213622,NA,0.0169081,FALSE,NA,NA,NA,NA,NA,NA,1,"ASD"
1628,11,16383387,17583948,TRUE,208,2205,0.000581201,0.00041427,0.0966722,4.58155e-05,FALSE,NA,NA,NA,NA,NA,NA,2,NA
1629,11,17583949,18740267,TRUE,271,2363,NA,0.000362026,NA,0.000859064,FALSE,NA,NA,NA,NA,NA,NA,1,"ASD"
1630,11,18740268,19780784,TRUE,245,2147,NA,0.000207584,NA,0.0244182,FALSE,NA,NA,NA,NA,NA,NA,1,"ASD"
1631,11,19780785,20686336,TRUE,372,2244,0.00015688,0.000369567,0.386174,0.00265365,FALSE,NA,NA,NA,NA,NA,NA,2,NA
1632,11,20686337,21442722,TRUE,264,1740,5.6274e-05,5.02473e-05,0.443485,0.308653,FALSE,NA,NA,NA,NA,NA,NA,2,NA
1633,11,21442723,22368743,TRUE,149,2017,NA,0.000116668,NA,0.0726623,FALSE,NA,NA,NA,NA,NA,NA,1,"ASD"
1634,11,22368744,23164544,TRUE,121,1686,NA,0.000126472,NA,0.0430153,FALSE,NA,NA,NA,NA,NA,NA,1,"ASD"
1635,11,23164545,24091272,TRUE,188,2656,NA,0.000278566,NA,0.00190723,FALSE,NA,NA,NA,NA,NA,NA,1,"ASD"
1636,11,24091273,24892439,TRUE,223,2522,NA,0.00048724,NA,5.02766e-06,FALSE,NA,NA,NA,NA,NA,NA,1,"ASD"
1637,11,24892440,25662918,FALSE,NA,NA,NA,NA,NA,NA,FALSE,NA,NA,NA,NA,NA,NA,NA,NA
1638,11,25662919,26356980,TRUE,119,2624,NA,0.000151236,NA,0.0229491,FALSE,NA,NA,NA,NA,NA,NA,1,"ASD"
1639,11,26356981,27018307,TRUE,167,1956,0.000472804,9.60941e-05,0.117625,0.129566,FALSE,NA,NA,NA,NA,NA,NA,2,NA
1640,11,27018308,28577718,TRUE,238,2300,NA,0.000504294,NA,3.43499e-06,FALSE,NA,NA,NA,NA,NA,NA,1,"ASD"
1641,11,28577719,29530460,TRUE,184,1875,0.000103551,0.000396296,0.388681,3.29554e-05,FALSE,NA,NA,NA,NA,NA,NA,2,NA
1642,11,29530461,30570129,TRUE,183,2027,NA,0.000253545,NA,0.0037084,FALSE,NA,NA,NA,NA,NA,NA,1,"ASD"
1643,11,30570130,32065771,TRUE,160,1714,0.000397222,0.000295775,0.151624,0.000643001,FALSE,NA,NA,NA,NA,NA,NA,2,NA
1644,11,32065772,32830422,TRUE,168,1777,0.000361456,0.000173966,0.178362,0.0243506,FALSE,NA,NA,NA,NA,NA,NA,2,NA
1645,11,32830423,33905327,TRUE,160,2115,0.000156906,8.51263e-05,0.330787,0.151709,FALSE,NA,NA,NA,NA,NA,NA,2,NA
1646,11,33905328,34672697,TRUE,204,1606,NA,1.67304e-06,NA,0.4796,FALSE,NA,NA,NA,NA,NA,NA,1,"ASD"
1647,11,34672698,35500367,TRUE,192,2223,0.000432013,0.000363994,0.153281,0.000131379,FALSE,NA,NA,NA,NA,NA,NA,2,NA
1648,11,35500368,36331189,TRUE,242,1675,NA,0.000320737,NA,0.00177082,FALSE,NA,NA,NA,NA,NA,NA,1,"ASD"
1649,11,36331190,37119024,TRUE,168,1803,NA,0.000309074,NA,0.000584048,FALSE,NA,NA,NA,NA,NA,NA,1,"ASD"
1650,11,37119025,37953086,TRUE,150,1958,NA,0.000300302,NA,0.000363103,FALSE,NA,NA,NA,NA,NA,NA,1,"ASD"
1651,11,37953087,39329140,TRUE,131,2369,NA,0.000385483,NA,7.26882e-06,FALSE,NA,NA,NA,NA,NA,NA,1,"ASD"
1652,11,39329141,40362940,TRUE,198,1874,NA,7.5669e-05,NA,0.201027,FALSE,NA,NA,NA,NA,NA,NA,1,"ASD"
1653,11,40362941,41603195,TRUE,244,2618,0.000263013,0.000199781,0.283287,0.0293739,FALSE,NA,NA,NA,NA,NA,NA,2,NA
1654,11,41603196,42858197,TRUE,198,3462,NA,0.000135013,NA,0.0777281,FALSE,NA,NA,NA,NA,NA,NA,1,"ASD"
1655,11,42858198,43949377,TRUE,218,2761,0.00026338,0.000161901,0.272259,0.0506491,FALSE,NA,NA,NA,NA,NA,NA,2,NA
1656,11,43949378,45019559,TRUE,430,2538,NA,0.000613364,NA,1.43802e-05,FALSE,NA,NA,NA,NA,NA,NA,1,"ASD"
1657,11,45019560,46316005,TRUE,277,2427,0.000296305,0.000671226,0.273425,2.76739e-08,FALSE,NA,NA,NA,NA,NA,NA,2,NA
1658,11,46316006,48066366,TRUE,142,1938,NA,0.000507882,NA,3.24076e-08,FALSE,NA,NA,NA,NA,NA,NA,1,"ASD"
1659,11,48066367,48765366,TRUE,29,1501,NA,4.02612e-05,NA,0.12739,FALSE,NA,NA,NA,NA,NA,NA,1,"ASD"
1660,11,48765367,49386071,TRUE,22,1400,0.000194057,5.63334e-05,0.096195,0.0446843,FALSE,NA,NA,NA,NA,NA,NA,2,NA
1661,11,49386072,50217008,TRUE,17,1744,5.78765e-06,4.90384e-05,0.43634,0.0502287,FALSE,NA,NA,NA,NA,NA,NA,2,NA
1662,11,50217009,51098366,TRUE,8,462,4.85601e-05,5.00519e-05,0.247861,0.0195953,FALSE,NA,NA,NA,NA,NA,NA,2,NA
1663,11,51098367,51581595,FALSE,NA,NA,NA,NA,NA,NA,FALSE,NA,NA,NA,NA,NA,NA,NA,NA
1664,11,51581596,55477633,TRUE,17,1466,3.0155e-05,0.000104047,0.364177,0.00160183,FALSE,NA,NA,NA,NA,NA,NA,2,NA
1665,11,55477634,55947452,TRUE,23,2104,3.34389e-05,5.73766e-05,0.373901,0.0447524,FALSE,NA,NA,NA,NA,NA,NA,2,NA
1666,11,55947453,56623494,TRUE,57,1929,1.54489e-05,0.000131425,0.448595,0.0082911,FALSE,NA,NA,NA,NA,NA,NA,2,NA
1667,11,56623495,57675986,TRUE,209,1906,NA,0.000569225,NA,1.12808e-07,FALSE,NA,NA,NA,NA,NA,NA,1,"ASD"
1668,11,57675987,58452708,TRUE,89,1871,NA,0.000198776,NA,0.00178912,FALSE,NA,NA,NA,NA,NA,NA,1,"ASD"
1669,11,58452709,59256232,TRUE,95,1631,0.000454492,9.69637e-05,0.069956,0.0687795,FALSE,NA,NA,NA,NA,NA,NA,2,NA
1670,11,59256233,60515105,TRUE,202,2100,NA,4.27224e-05,NA,0.311339,FALSE,NA,NA,NA,NA,NA,NA,1,"ASD"
1671,11,60515106,61717117,TRUE,257,1623,NA,0.000223987,NA,0.0210873,FALSE,NA,NA,NA,NA,NA,NA,1,"ASD"
1672,11,61717118,62800368,TRUE,261,1875,NA,0.000240733,NA,0.0139342,FALSE,NA,NA,NA,NA,NA,NA,1,"ASD"
1673,11,62800369,64594822,TRUE,238,2379,NA,0.000475944,NA,1.07725e-05,FALSE,NA,NA,NA,NA,NA,NA,1,"ASD"
1674,11,64594823,66782661,TRUE,333,2863,NA,0.000190265,NA,0.0589405,FALSE,NA,NA,NA,NA,NA,NA,1,"ASD"
1675,11,66782662,68000949,TRUE,156,1291,9.67873e-05,3.45344e-05,0.38619,0.330244,FALSE,NA,NA,NA,NA,NA,NA,2,NA
1676,11,68000950,68887344,TRUE,148,1592,NA,5.33525e-05,NA,0.240959,FALSE,NA,NA,NA,NA,NA,NA,1,"ASD"
1677,11,68887345,69713996,TRUE,231,1697,0.000366663,7.66914e-06,0.210938,0.456854,FALSE,NA,NA,NA,NA,NA,NA,2,NA
1678,11,69713997,71242834,TRUE,410,3467,0.000760822,0.000237165,0.110887,0.0410822,FALSE,NA,NA,NA,NA,NA,NA,2,NA
1679,11,71242835,72875068,TRUE,215,2517,NA,0.00035238,NA,0.000453889,FALSE,NA,NA,NA,NA,NA,NA,1,"ASD"
1680,11,72875069,74399331,TRUE,227,2604,0.000387524,0.000637703,0.196799,1.12993e-08,FALSE,NA,NA,NA,NA,NA,NA,2,NA
1681,11,74399332,75445253,TRUE,234,1758,0.000933663,0.000406928,0.0273727,0.000101644,TRUE,0.111953,0.111953,FALSE,-0.77514,0.75393,0.720172,2,NA
1682,11,75445254,76518906,TRUE,284,2041,0.000211415,0.000491089,0.331963,2.54892e-05,FALSE,NA,NA,NA,NA,NA,NA,2,NA
1683,11,76518907,77719870,TRUE,151,2100,NA,0.000100804,NA,0.110198,FALSE,NA,NA,NA,NA,NA,NA,1,"ASD"
1684,11,77719871,78912252,TRUE,287,2090,NA,0.000307262,NA,0.00441432,FALSE,NA,NA,NA,NA,NA,NA,1,"ASD"
1685,11,78912253,79802286,TRUE,326,1952,0.000290066,0.000340676,0.292663,0.00329553,FALSE,NA,NA,NA,NA,NA,NA,2,NA
1686,11,79802287,80726012,TRUE,295,2148,NA,0.000279807,NA,0.00895012,FALSE,NA,NA,NA,NA,NA,NA,1,"ASD"
1687,11,80726013,81658298,TRUE,282,2776,NA,0.000539579,NA,5.44012e-06,FALSE,NA,NA,NA,NA,NA,NA,1,"ASD"
1688,11,81658299,82833181,TRUE,256,2968,NA,0.000898966,NA,5.55235e-13,FALSE,NA,NA,NA,NA,NA,NA,1,"ASD"
1689,11,82833182,83677773,TRUE,175,1735,2.60215e-05,0.000370098,0.460194,6.35037e-05,FALSE,NA,NA,NA,NA,NA,NA,2,NA
1690,11,83677774,84613229,TRUE,213,1939,0.000217003,1.09481e-05,0.304282,0.441776,FALSE,NA,NA,NA,NA,NA,NA,2,NA
1691,11,84613230,85869059,TRUE,184,2483,0.000353153,NA,0.193797,NA,FALSE,NA,NA,NA,NA,NA,NA,1,"ADHD"
1692,11,85869060,86629333,TRUE,222,1986,NA,0.000108433,NA,0.129696,FALSE,NA,NA,NA,NA,NA,NA,1,"ASD"
1693,11,86629334,87676870,TRUE,242,3188,NA,0.000238895,NA,0.0124623,FALSE,NA,NA,NA,NA,NA,NA,1,"ASD"
1694,11,87676871,88359287,TRUE,187,1806,NA,0.000254884,NA,0.00385764,FALSE,NA,NA,NA,NA,NA,NA,1,"ASD"
1695,11,88359288,89209738,TRUE,86,1787,0.000283882,9.39772e-05,0.157032,0.0659564,FALSE,NA,NA,NA,NA,NA,NA,2,NA
1696,11,89209739,90199932,TRUE,103,1493,NA,2.86604e-05,NA,0.317245,FALSE,NA,NA,NA,NA,NA,NA,1,"ASD"
1697,11,90199933,90967061,TRUE,106,1816,NA,0.000153586,NA,0.0157564,FALSE,NA,NA,NA,NA,NA,NA,1,"ASD"
1698,11,90967062,92209168,TRUE,198,2651,3.60715e-05,0.00028578,0.453324,0.00194962,FALSE,NA,NA,NA,NA,NA,NA,2,NA
1699,11,92209169,93576641,TRUE,263,2552,NA,0.00041554,NA,0.000160447,FALSE,NA,NA,NA,NA,NA,NA,1,"ASD"
1700,11,93576642,94384535,TRUE,151,1828,NA,0.000292234,NA,0.000591629,FALSE,NA,NA,NA,NA,NA,NA,1,"ASD"
1701,11,94384536,95327210,TRUE,235,1704,0.000455042,0.000274898,0.164501,0.0047992,FALSE,NA,NA,NA,NA,NA,NA,2,NA
1702,11,95327211,96150134,TRUE,269,1836,0.000667738,0.000308611,0.0941497,0.0034542,FALSE,NA,NA,NA,NA,NA,NA,2,NA
1703,11,96150135,97091671,TRUE,175,1703,NA,0.000239733,NA,0.00520804,FALSE,NA,NA,NA,NA,NA,NA,1,"ASD"
1704,11,97091672,98145570,TRUE,308,2886,NA,0.0002699,NA,0.0126994,FALSE,NA,NA,NA,NA,NA,NA,1,"ASD"
1705,11,98145571,98929380,TRUE,182,2441,NA,3.53476e-05,NA,0.332926,FALSE,NA,NA,NA,NA,NA,NA,1,"ASD"
1706,11,98929381,99619347,TRUE,193,2411,NA,0.000337943,NA,0.000337387,FALSE,NA,NA,NA,NA,NA,NA,1,"ASD"
1707,11,99619348,100423901,TRUE,255,1926,NA,0.000116788,NA,0.130166,FALSE,NA,NA,NA,NA,NA,NA,1,"ASD"
1708,11,100423902,101152831,TRUE,187,2148,0.000258533,0.000383814,0.260662,6.10652e-05,FALSE,NA,NA,NA,NA,NA,NA,2,NA
1709,11,101152832,101881252,TRUE,145,1957,NA,0.000142611,NA,0.0395611,FALSE,NA,NA,NA,NA,NA,NA,1,"ASD"
1710,11,101881253,102671665,TRUE,250,1759,NA,0.000334746,NA,0.00117657,FALSE,NA,NA,NA,NA,NA,NA,1,"ASD"
1711,11,102671666,103495635,TRUE,173,2455,NA,0.000133802,NA,0.0613018,FALSE,NA,NA,NA,NA,NA,NA,1,"ASD"
1712,11,103495636,104875270,TRUE,193,2847,NA,2.56427e-05,NA,0.374675,FALSE,NA,NA,NA,NA,NA,NA,1,"ASD"
1713,11,104875271,105932282,TRUE,112,1888,0.000584332,0.000120208,0.0421734,0.0459083,TRUE,0.865921,0.865921,FALSE,-0.0565,1,0.0775938,2,NA
1714,11,105932283,107054024,TRUE,246,2237,NA,8.74384e-05,NA,0.191873,FALSE,NA,NA,NA,NA,NA,NA,1,"ASD"
1715,11,107054025,107846824,TRUE,168,2253,8.657e-05,2.96342e-05,0.399939,0.348867,FALSE,NA,NA,NA,NA,NA,NA,2,NA
1716,11,107846825,109891837,TRUE,265,2732,NA,0.000191703,NA,0.0387097,FALSE,NA,NA,NA,NA,NA,NA,1,"ASD"
1717,11,109891838,111117780,TRUE,251,2481,0.000353202,0.000273384,0.228076,0.00604745,FALSE,NA,NA,NA,NA,NA,NA,2,NA
1718,11,111117781,112755446,TRUE,256,2580,NA,0.000162797,NA,0.0651454,FALSE,NA,NA,NA,NA,NA,NA,1,"ASD"
1719,11,112755447,113889019,TRUE,244,2375,NA,0.00069315,NA,3.41003e-09,FALSE,NA,NA,NA,NA,NA,NA,1,"ASD"
1720,11,113889020,114742317,TRUE,234,1699,0.0002509,0.000418217,0.287835,7.74541e-05,FALSE,NA,NA,NA,NA,NA,NA,2,NA
1721,11,114742318,116247377,TRUE,417,2843,NA,0.00100904,NA,2.09791e-11,FALSE,NA,NA,NA,NA,NA,NA,1,"ASD"
1722,11,116247378,117295641,TRUE,321,2710,0.00105113,0.00017007,0.0313628,0.0739437,FALSE,NA,NA,NA,NA,NA,NA,2,NA
1723,11,117295642,118901213,TRUE,475,3460,0.000851567,0.000676077,0.102179,7.79688e-06,FALSE,NA,NA,NA,NA,NA,NA,2,NA
1724,11,118901214,120064528,TRUE,324,2208,0.000172963,0.0006553,0.367472,3.16155e-07,FALSE,NA,NA,NA,NA,NA,NA,2,NA
1725,11,120064529,121208186,TRUE,294,2071,NA,0.000520088,NA,1.11124e-05,FALSE,NA,NA,NA,NA,NA,NA,1,"ASD"
1726,11,121208187,122589224,TRUE,303,2468,NA,0.000488842,NA,3.918e-05,FALSE,NA,NA,NA,NA,NA,NA,1,"ASD"
1727,11,122589225,123398882,TRUE,285,1872,NA,0.000285659,NA,0.00657442,FALSE,NA,NA,NA,NA,NA,NA,1,"ASD"
1728,11,123398883,124403477,TRUE,229,2858,0.00053019,0.000728545,0.126927,5.47322e-10,FALSE,NA,NA,NA,NA,NA,NA,2,NA
1729,11,124403478,125266684,TRUE,328,1780,0.000411736,0.00053385,0.224431,1.84465e-05,FALSE,NA,NA,NA,NA,NA,NA,2,NA
1730,11,125266685,126304240,TRUE,289,2493,NA,0.000564009,NA,2.33787e-06,FALSE,NA,NA,NA,NA,NA,NA,1,"ASD"
1731,11,126304241,127306871,TRUE,327,2426,NA,0.000442635,NA,0.000260314,FALSE,NA,NA,NA,NA,NA,NA,1,"ASD"
1732,11,127306872,128262550,TRUE,212,2125,NA,0.000215223,NA,0.0150178,FALSE,NA,NA,NA,NA,NA,NA,1,"ASD"
1733,11,128262551,129451784,TRUE,386,2307,0.000439058,0.000777641,0.228401,2.7812e-08,FALSE,NA,NA,NA,NA,NA,NA,2,NA
1734,11,129451785,130500783,TRUE,328,2273,9.62596e-05,0.000347121,0.420963,0.00342413,FALSE,NA,NA,NA,NA,NA,NA,2,NA
1735,11,130500784,131424361,TRUE,294,1877,0.000301047,NA,0.276216,NA,FALSE,NA,NA,NA,NA,NA,NA,1,"ADHD"
1736,11,131424362,132584401,TRUE,453,2685,0.00048042,0.000134561,0.226509,0.165719,FALSE,NA,NA,NA,NA,NA,NA,2,NA
1737,11,132584402,133521642,TRUE,356,2093,2.9459e-05,0.000289791,0.469675,0.0134268,FALSE,NA,NA,NA,NA,NA,NA,2,NA
1738,11,133521643,134351064,TRUE,332,1705,NA,0.000573582,NA,6.53024e-06,FALSE,NA,NA,NA,NA,NA,NA,1,"ASD"
1739,11,134351065,134946450,TRUE,258,2223,NA,7.39573e-05,NA,0.232038,FALSE,NA,NA,NA,NA,NA,NA,1,"ASD"
1740,12,60317,1078397,TRUE,245,1792,NA,0.000388599,NA,0.000348142,FALSE,NA,NA,NA,NA,NA,NA,1,"ASD"
1741,12,1078398,1942426,TRUE,185,1832,0.00014734,0.000162612,0.349984,0.0398959,FALSE,NA,NA,NA,NA,NA,NA,2,NA
1742,12,1942427,3069506,TRUE,326,2246,NA,0.000135498,NA,0.124968,FALSE,NA,NA,NA,NA,NA,NA,1,"ASD"
1743,12,3069507,3871114,TRUE,348,2127,NA,8.25087e-05,NA,0.244457,FALSE,NA,NA,NA,NA,NA,NA,1,"ASD"
1744,12,3871115,4967643,TRUE,337,2025,NA,0.000121904,NA,0.152848,FALSE,NA,NA,NA,NA,NA,NA,1,"ASD"
1745,12,4967644,6023700,TRUE,378,2270,NA,0.000236225,NA,0.034476,FALSE,NA,NA,NA,NA,NA,NA,1,"ASD"
1746,12,6023701,6948954,TRUE,233,1694,0.000101334,0.000174289,0.402459,0.0445968,FALSE,NA,NA,NA,NA,NA,NA,2,NA
1747,12,6948955,8123317,TRUE,288,2258,0.00133284,0.000130123,0.00733644,0.120411,FALSE,NA,NA,NA,NA,NA,NA,2,NA
1748,12,8123318,8760628,TRUE,63,597,4.28427e-05,NA,0.40735,NA,FALSE,NA,NA,NA,NA,NA,NA,1,"ADHD"
1749,12,8760629,10176713,TRUE,336,2845,NA,0.000324376,NA,0.00483635,FALSE,NA,NA,NA,NA,NA,NA,1,"ASD"
1750,12,10176714,10946140,TRUE,179,1721,NA,0.000206643,NA,0.0121693,FALSE,NA,NA,NA,NA,NA,NA,1,"ASD"
1751,12,10946141,11742149,TRUE,75,1568,NA,0.000155698,NA,0.00712277,FALSE,NA,NA,NA,NA,NA,NA,1,"ASD"
1752,12,11742150,12721874,TRUE,293,1953,6.7293e-05,0.000496991,0.438049,3.14027e-05,FALSE,NA,NA,NA,NA,NA,NA,2,NA
1753,12,12721875,13559527,TRUE,254,1549,NA,0.000464066,NA,2.5168e-05,FALSE,NA,NA,NA,NA,NA,NA,1,"ASD"
1754,12,13559528,14656849,TRUE,309,2620,NA,0.00035153,NA,0.00185917,FALSE,NA,NA,NA,NA,NA,NA,1,"ASD"
1755,12,14656850,16136742,TRUE,218,2017,NA,0.000303308,NA,0.00186641,FALSE,NA,NA,NA,NA,NA,NA,1,"ASD"
1756,12,16136743,17374895,TRUE,214,1743,NA,0.000274668,NA,0.00348698,FALSE,NA,NA,NA,NA,NA,NA,1,"ASD"
1757,12,17374896,18470023,TRUE,215,2690,NA,7.06606e-05,NA,0.223676,FALSE,NA,NA,NA,NA,NA,NA,1,"ASD"
1758,12,18470024,19532765,TRUE,238,2386,NA,0.000208883,NA,0.0238536,FALSE,NA,NA,NA,NA,NA,NA,1,"ASD"
1759,12,19532766,20074930,TRUE,146,1915,NA,0.000133362,NA,0.0505255,FALSE,NA,NA,NA,NA,NA,NA,1,"ASD"
1760,12,20074931,20866285,TRUE,265,1864,NA,0.000244872,NA,0.0141321,FALSE,NA,NA,NA,NA,NA,NA,1,"ASD"
1761,12,20866286,21572252,TRUE,118,2110,6.87176e-05,NA,0.40175,NA,FALSE,NA,NA,NA,NA,NA,NA,1,"ADHD"
1762,12,21572253,22928055,TRUE,246,2325,NA,5.39956e-05,NA,0.29167,FALSE,NA,NA,NA,NA,NA,NA,1,"ASD"
1763,12,22928056,23923798,TRUE,324,1830,NA,0.00035555,NA,0.0021128,FALSE,NA,NA,NA,NA,NA,NA,1,"ASD"
1764,12,23923799,25058714,TRUE,385,2628,NA,0.000586709,NA,1.18051e-05,FALSE,NA,NA,NA,NA,NA,NA,1,"ASD"
1765,12,25058715,25990813,TRUE,283,2416,NA,0.000205148,NA,0.0341511,FALSE,NA,NA,NA,NA,NA,NA,1,"ASD"
1766,12,25990814,26958056,TRUE,279,2587,NA,0.000330725,NA,0.00210086,FALSE,NA,NA,NA,NA,NA,NA,1,"ASD"
1767,12,26958057,27797262,TRUE,184,2085,NA,9.10923e-05,NA,0.14877,FALSE,NA,NA,NA,NA,NA,NA,1,"ASD"
1768,12,27797263,28753585,TRUE,233,1983,NA,0.000309408,NA,0.00181811,FALSE,NA,NA,NA,NA,NA,NA,1,"ASD"
1769,12,28753586,29647193,TRUE,147,2339,0.00042654,0.000211282,0.126324,0.00608791,FALSE,NA,NA,NA,NA,NA,NA,2,NA
1770,12,29647194,30358377,TRUE,256,2134,NA,0.000171643,NA,0.0531271,FALSE,NA,NA,NA,NA,NA,NA,1,"ASD"
1771,12,30358378,31067298,TRUE,156,2218,0.000127126,0.000114285,0.356755,0.080578,FALSE,NA,NA,NA,NA,NA,NA,2,NA
1772,12,31067299,31797152,TRUE,185,1758,NA,8.52758e-05,NA,0.172212,FALSE,NA,NA,NA,NA,NA,NA,1,"ASD"
1773,12,31797153,32368905,FALSE,NA,NA,NA,NA,NA,NA,FALSE,NA,NA,NA,NA,NA,NA,NA,NA
1774,12,32368906,33076722,TRUE,197,2130,NA,0.000208341,NA,0.0144707,FALSE,NA,NA,NA,NA,NA,NA,1,"ASD"
1775,12,33076723,34340495,TRUE,87,3110,NA,0.000163745,NA,0.00687329,FALSE,NA,NA,NA,NA,NA,NA,1,"ASD"
1776,12,34340496,38108284,TRUE,6,568,0.000212268,4.96855e-07,0.0146361,0.41203,FALSE,NA,NA,NA,NA,NA,NA,2,NA
1777,12,38108285,38746760,TRUE,15,709,NA,2.52164e-05,NA,0.161985,FALSE,NA,NA,NA,NA,NA,NA,1,"ASD"
1778,12,38746761,40017396,TRUE,98,2188,0.000212317,0.000253705,0.233288,0.00025966,FALSE,NA,NA,NA,NA,NA,NA,2,NA
1779,12,40017397,41198229,TRUE,210,2991,NA,0.000227353,NA,0.0105111,FALSE,NA,NA,NA,NA,NA,NA,1,"ASD"
1780,12,41198230,42117736,TRUE,146,2327,0.000191536,0.000165974,0.291752,0.021571,FALSE,NA,NA,NA,NA,NA,NA,2,NA
1781,12,42117737,43072679,TRUE,165,1982,0.000563109,0.000250561,0.0801199,0.00254548,FALSE,NA,NA,NA,NA,NA,NA,2,NA
1782,12,43072680,43980531,TRUE,198,2389,0.000971351,0.000220706,0.015959,0.0107065,TRUE,0.279845,0.279845,FALSE,-0.79808,1,0.449462,2,NA
1783,12,43980532,44923825,TRUE,113,1681,NA,9.24841e-05,NA,0.0954205,FALSE,NA,NA,NA,NA,NA,NA,1,"ASD"
1784,12,44923826,46037744,FALSE,NA,NA,NA,NA,NA,NA,FALSE,NA,NA,NA,NA,NA,NA,NA,NA
1785,12,46037745,47499603,TRUE,227,2337,NA,0.000319892,NA,0.00160756,FALSE,NA,NA,NA,NA,NA,NA,1,"ASD"
1786,12,47499604,48227035,TRUE,242,1988,NA,0.000208416,NA,0.0244563,FALSE,NA,NA,NA,NA,NA,NA,1,"ASD"
1787,12,48227036,48960265,TRUE,123,1803,0.000249066,0.000317689,0.224661,5.99385e-05,FALSE,NA,NA,NA,NA,NA,NA,2,NA
1788,12,48960266,50344346,TRUE,211,1961,0.00160133,0.000324512,0.000490691,0.000909187,TRUE,0.457553,0.457553,FALSE,-0.0767,1,0.0851154,2,NA
1789,12,50344347,51769419,TRUE,122,2193,NA,0.000267707,NA,0.000468946,FALSE,NA,NA,NA,NA,NA,NA,1,"ASD"
1790,12,51769420,53039987,TRUE,350,2917,NA,0.000551032,NA,2.08043e-05,FALSE,NA,NA,NA,NA,NA,NA,1,"ASD"
1791,12,53039988,54371448,TRUE,293,2683,0.000167962,0.000213519,0.36455,0.031673,FALSE,NA,NA,NA,NA,NA,NA,2,NA
1792,12,54371449,55416802,TRUE,275,1854,NA,0.000300352,NA,0.00492634,FALSE,NA,NA,NA,NA,NA,NA,1,"ASD"
1793,12,55416803,56987105,TRUE,182,1934,NA,0.000400939,NA,2.94778e-05,FALSE,NA,NA,NA,NA,NA,NA,1,"ASD"
1794,12,56987106,58748139,TRUE,261,2408,NA,0.000223211,NA,0.0201986,FALSE,NA,NA,NA,NA,NA,NA,1,"ASD"
1795,12,58748140,60000363,TRUE,185,2582,NA,0.000351875,NA,0.000165282,FALSE,NA,NA,NA,NA,NA,NA,1,"ASD"
1796,12,60000364,61737953,TRUE,171,3460,NA,0.000264138,NA,0.00342376,FALSE,NA,NA,NA,NA,NA,NA,1,"ASD"
1797,12,61737954,63055936,TRUE,261,2817,NA,5.29351e-05,NA,0.298621,FALSE,NA,NA,NA,NA,NA,NA,1,"ASD"
1798,12,63055937,63764111,TRUE,210,1663,NA,0.000246408,NA,0.00671753,FALSE,NA,NA,NA,NA,NA,NA,1,"ASD"
1799,12,63764112,64403857,TRUE,112,1510,NA,0.000207308,NA,0.00368447,FALSE,NA,NA,NA,NA,NA,NA,1,"ASD"
1800,12,64403858,66114643,TRUE,302,2264,NA,8.27873e-05,NA,0.226742,FALSE,NA,NA,NA,NA,NA,NA,1,"ASD"
1801,12,66114644,67183620,TRUE,254,1969,0.00013034,0.000169153,0.383808,0.058528,FALSE,NA,NA,NA,NA,NA,NA,2,NA
1802,12,67183621,68006682,TRUE,187,1864,NA,6.08706e-05,NA,0.238389,FALSE,NA,NA,NA,NA,NA,NA,1,"ASD"
1803,12,68006683,68839661,TRUE,237,1793,NA,0.000532272,NA,1.33714e-06,FALSE,NA,NA,NA,NA,NA,NA,1,"ASD"
1804,12,68839662,70097805,TRUE,375,2774,4.00038e-05,8.62411e-05,0.463376,0.240366,FALSE,NA,NA,NA,NA,NA,NA,2,NA
1805,12,70097806,71177961,TRUE,237,2839,NA,0.000246756,NA,0.00973846,FALSE,NA,NA,NA,NA,NA,NA,1,"ASD"
1806,12,71177962,71948185,TRUE,141,1758,0.000570481,1.36174e-05,0.0635557,0.414893,FALSE,NA,NA,NA,NA,NA,NA,2,NA
1807,12,71948186,73154515,TRUE,158,1850,8.86799e-05,0.000495088,0.394851,4.32188e-07,FALSE,NA,NA,NA,NA,NA,NA,2,NA
1808,12,73154516,74080747,TRUE,127,2214,0.000875473,0.000116193,0.00916065,0.0604908,FALSE,NA,NA,NA,NA,NA,NA,2,NA
1809,12,74080748,75563968,TRUE,186,3079,0.00133997,0.000163512,0.00155939,0.0361052,TRUE,0.428824,0.428824,FALSE,-0.41893,1,0.235631,2,NA
1810,12,75563969,76524573,TRUE,244,1826,NA,8.45307e-05,NA,0.197229,FALSE,NA,NA,NA,NA,NA,NA,1,"ASD"
1811,12,76524574,77800463,TRUE,304,2858,0.000146212,7.17569e-05,0.382146,0.264924,FALSE,NA,NA,NA,NA,NA,NA,2,NA
1812,12,77800464,79315178,TRUE,368,3057,NA,0.000561422,NA,2.03835e-05,FALSE,NA,NA,NA,NA,NA,NA,1,"ASD"
1813,12,79315179,80952472,TRUE,130,2041,0.000122316,0.000258039,0.34906,0.000887603,FALSE,NA,NA,NA,NA,NA,NA,2,NA
1814,12,80952473,81843890,TRUE,130,1771,NA,0.000254312,NA,0.000952965,FALSE,NA,NA,NA,NA,NA,NA,1,"ASD"
1815,12,81843891,82576129,TRUE,137,1815,NA,5.46047e-06,NA,0.455531,FALSE,NA,NA,NA,NA,NA,NA,1,"ASD"
1816,12,82576130,83551125,TRUE,136,1727,0.000173697,0.000159507,0.301827,0.0240229,FALSE,NA,NA,NA,NA,NA,NA,2,NA
1817,12,83551126,84356775,TRUE,78,2179,NA,5.48761e-05,NA,0.171577,FALSE,NA,NA,NA,NA,NA,NA,1,"ASD"
1818,12,84356776,85345631,TRUE,123,2090,NA,9.93028e-05,NA,0.0863698,FALSE,NA,NA,NA,NA,NA,NA,1,"ASD"
1819,12,85345632,86933476,TRUE,131,2937,NA,0.000165589,NA,0.0189973,FALSE,NA,NA,NA,NA,NA,NA,1,"ASD"
1820,12,86933477,88344764,TRUE,132,3023,NA,4.82732e-05,NA,0.256698,FALSE,NA,NA,NA,NA,NA,NA,1,"ASD"
1821,12,88344765,90567001,TRUE,255,2881,NA,0.000270161,NA,0.00717846,FALSE,NA,NA,NA,NA,NA,NA,1,"ASD"
1822,12,90567002,92061179,TRUE,232,2856,0.000211368,0.000232243,0.315794,0.0127333,FALSE,NA,NA,NA,NA,NA,NA,2,NA
1823,12,92061180,93487547,TRUE,318,2988,0.000140319,0.000437783,0.38875,0.000239192,FALSE,NA,NA,NA,NA,NA,NA,2,NA
1824,12,93487548,94385884,TRUE,249,1799,NA,0.000156784,NA,0.0666159,FALSE,NA,NA,NA,NA,NA,NA,1,"ASD"
1825,12,94385885,95147845,TRUE,331,1977,0.000925415,0.000170701,0.0518573,0.0771307,FALSE,NA,NA,NA,NA,NA,NA,2,NA
1826,12,95147846,96017782,TRUE,223,2673,5.53049e-05,NA,0.43941,NA,FALSE,NA,NA,NA,NA,NA,NA,1,"ADHD"
1827,12,96017783,96828314,TRUE,250,1836,NA,0.000391055,NA,0.000278755,FALSE,NA,NA,NA,NA,NA,NA,1,"ASD"
1828,12,96828315,97814021,TRUE,254,2475,NA,0.000435075,NA,6.46349e-05,FALSE,NA,NA,NA,NA,NA,NA,1,"ASD"
1829,12,97814022,99244337,TRUE,373,2803,NA,0.000264482,NA,0.0207387,FALSE,NA,NA,NA,NA,NA,NA,1,"ASD"
1830,12,99244338,100931423,TRUE,305,2857,0.000155125,0.000256186,0.376061,0.0157955,FALSE,NA,NA,NA,NA,NA,NA,2,NA
1831,12,100931424,101825061,TRUE,274,1908,0.000548781,0.000214558,0.1393,0.0284299,FALSE,NA,NA,NA,NA,NA,NA,2,NA
1832,12,101825062,102966633,TRUE,214,2215,0.000570274,0.000271229,0.103636,0.00367978,FALSE,NA,NA,NA,NA,NA,NA,2,NA
1833,12,102966634,104140831,TRUE,290,2461,0.000390228,0.000626708,0.222503,3.07687e-07,FALSE,NA,NA,NA,NA,NA,NA,2,NA
1834,12,104140832,105079100,TRUE,281,2677,NA,0.000110317,NA,0.152852,FALSE,NA,NA,NA,NA,NA,NA,1,"ASD"
1835,12,105079101,106153787,TRUE,240,2477,0.000312766,0.000331458,0.24848,0.00105812,FALSE,NA,NA,NA,NA,NA,NA,2,NA
1836,12,106153788,106964977,TRUE,237,1696,NA,6.46992e-05,NA,0.253912,FALSE,NA,NA,NA,NA,NA,NA,1,"ASD"
1837,12,106964978,108183188,TRUE,249,2375,9.82747e-06,0.000493318,0.479952,8.63425e-06,FALSE,NA,NA,NA,NA,NA,NA,2,NA
1838,12,108183189,109031819,TRUE,197,2025,NA,0.000154185,NA,0.0492078,FALSE,NA,NA,NA,NA,NA,NA,1,"ASD"
1839,12,109031820,110111514,TRUE,216,2113,NA,0.000222965,NA,0.0132788,FALSE,NA,NA,NA,NA,NA,NA,1,"ASD"
1840,12,110111515,111592381,TRUE,140,2306,0.000705267,0.000106701,0.0314678,0.119841,FALSE,NA,NA,NA,NA,NA,NA,2,NA
1841,12,111592382,113947983,TRUE,236,2768,0.000100936,0.000338399,0.403386,0.000908307,FALSE,NA,NA,NA,NA,NA,NA,2,NA
1842,12,113947984,114685670,TRUE,244,2202,0.000495753,0.000355935,0.149258,0.000684207,FALSE,NA,NA,NA,NA,NA,NA,2,NA
1843,12,114685671,115439451,TRUE,236,1784,0.000119451,0.000118836,0.388385,0.117326,FALSE,NA,NA,NA,NA,NA,NA,2,NA
1844,12,115439452,116197675,TRUE,301,1904,0.00128827,0.000416822,0.0102083,0.000345232,TRUE,0.304954,0.304954,FALSE,-0.36906,0.93542,0.300719,2,NA
1845,12,116197676,117091843,TRUE,311,1930,NA,0.00054364,NA,9.60701e-06,FALSE,NA,NA,NA,NA,NA,NA,1,"ASD"
1846,12,117091844,118256124,TRUE,331,2296,0.00075678,0.00043382,0.0893862,0.000298423,FALSE,NA,NA,NA,NA,NA,NA,2,NA
1847,12,118256125,119301061,TRUE,245,2252,0.000844183,0.000102331,0.0434045,0.155421,FALSE,NA,NA,NA,NA,NA,NA,2,NA
1848,12,119301062,120567740,TRUE,344,2592,0.000501932,0.000984025,0.185822,3.44265e-12,FALSE,NA,NA,NA,NA,NA,NA,2,NA
1849,12,120567741,121817509,TRUE,250,2889,NA,0.00043646,NA,5.78235e-05,FALSE,NA,NA,NA,NA,NA,NA,1,"ASD"
1850,12,121817510,123396634,TRUE,202,2417,NA,0.000276583,NA,0.0027899,FALSE,NA,NA,NA,NA,NA,NA,1,"ASD"
1851,12,123396635,124843768,TRUE,257,2776,NA,0.000479941,NA,2.10673e-05,FALSE,NA,NA,NA,NA,NA,NA,1,"ASD"
1852,12,124843769,126079935,TRUE,453,2719,3.29358e-05,0.000380773,0.47098,0.00482849,FALSE,NA,NA,NA,NA,NA,NA,2,NA
1853,12,126079936,126871452,TRUE,202,1971,NA,0.000374258,NA,0.000111525,FALSE,NA,NA,NA,NA,NA,NA,1,"ASD"
1854,12,126871453,127545377,TRUE,175,1739,NA,8.93096e-05,NA,0.149327,FALSE,NA,NA,NA,NA,NA,NA,1,"ASD"
1855,12,127545378,128372588,TRUE,262,1880,NA,0.000309292,NA,0.00344276,FALSE,NA,NA,NA,NA,NA,NA,1,"ASD"
1856,12,128372589,129170296,TRUE,254,1803,5.12724e-05,0.000295443,0.446434,0.00373688,FALSE,NA,NA,NA,NA,NA,NA,2,NA
1857,12,129170297,129887418,TRUE,390,2122,NA,0.000434698,NA,0.00082513,FALSE,NA,NA,NA,NA,NA,NA,1,"ASD"
1858,12,129887419,130629840,TRUE,333,1934,NA,6.39219e-05,NA,0.287932,FALSE,NA,NA,NA,NA,NA,NA,1,"ASD"
1859,12,130629841,131404042,TRUE,327,2165,NA,0.000594069,NA,3.28802e-06,FALSE,NA,NA,NA,NA,NA,NA,1,"ASD"
1860,12,131404043,132012316,TRUE,194,1653,1.02602e-06,0.0002531,0.485535,0.00460915,FALSE,NA,NA,NA,NA,NA,NA,2,NA
1861,12,132012317,132957945,TRUE,147,1178,0.00015756,0.000381828,0.323531,2.52355e-05,FALSE,NA,NA,NA,NA,NA,NA,2,NA
1862,12,132957946,133841814,TRUE,96,1298,0.000247847,0.000509218,0.198786,7.08954e-09,FALSE,NA,NA,NA,NA,NA,NA,2,NA
1863,13,19020095,19648628,TRUE,50,596,0.000119341,0.000204316,0.2742,0.000233706,FALSE,NA,NA,NA,NA,NA,NA,2,NA
1864,13,19648629,20491181,TRUE,89,2334,NA,0.000136966,NA,0.0184219,FALSE,NA,NA,NA,NA,NA,NA,1,"ASD"
1865,13,20491182,21540733,TRUE,263,2311,NA,0.000132908,NA,0.104317,FALSE,NA,NA,NA,NA,NA,NA,1,"ASD"
1866,13,21540734,22795188,TRUE,356,2580,4.63358e-05,0.000278649,0.458068,0.0147761,FALSE,NA,NA,NA,NA,NA,NA,2,NA
1867,13,22795189,23729049,TRUE,362,2783,NA,0.000388544,NA,0.00162315,FALSE,NA,NA,NA,NA,NA,NA,1,"ASD"
1868,13,23729050,24818333,TRUE,415,3420,NA,0.00030408,NA,0.0135757,FALSE,NA,NA,NA,NA,NA,NA,1,"ASD"
1869,13,24818334,25977140,TRUE,297,2954,NA,0.000306123,NA,0.00452638,FALSE,NA,NA,NA,NA,NA,NA,1,"ASD"
1870,13,25977141,26681709,TRUE,145,1728,NA,4.56655e-05,NA,0.268783,FALSE,NA,NA,NA,NA,NA,NA,1,"ASD"
1871,13,26681710,27392005,TRUE,161,1864,NA,0.000237848,NA,0.00495403,FALSE,NA,NA,NA,NA,NA,NA,1,"ASD"
1872,13,27392006,28587125,TRUE,351,3110,8.20562e-05,0.000594584,0.43322,4.44257e-06,FALSE,NA,NA,NA,NA,NA,NA,2,NA
1873,13,28587126,30068525,TRUE,340,3023,NA,9.99907e-05,NA,0.199268,FALSE,NA,NA,NA,NA,NA,NA,1,"ASD"
1874,13,30068526,31433218,TRUE,396,3265,3.45032e-05,0.000513072,0.467946,0.000113206,FALSE,NA,NA,NA,NA,NA,NA,2,NA
1875,13,31433219,32986686,TRUE,358,3278,NA,0.000402377,NA,0.00105632,FALSE,NA,NA,NA,NA,NA,NA,1,"ASD"
1876,13,32986687,34722391,TRUE,307,3008,0.000158449,0.000221968,0.374125,0.0301048,FALSE,NA,NA,NA,NA,NA,NA,2,NA
1877,13,34722392,35744568,TRUE,215,1981,NA,0.000258968,NA,0.00582098,FALSE,NA,NA,NA,NA,NA,NA,1,"ASD"
1878,13,35744569,36579413,TRUE,202,1962,NA,0.000157535,NA,0.0482403,FALSE,NA,NA,NA,NA,NA,NA,1,"ASD"
1879,13,36579414,37499810,TRUE,154,1736,NA,0.000159028,NA,0.0302591,FALSE,NA,NA,NA,NA,NA,NA,1,"ASD"
1880,13,37499811,38290689,TRUE,129,1996,0.000154672,0.000129182,0.315719,0.0457342,FALSE,NA,NA,NA,NA,NA,NA,2,NA
1881,13,38290690,39381743,FALSE,NA,NA,NA,NA,NA,NA,FALSE,NA,NA,NA,NA,NA,NA,NA,NA
1882,13,39381744,40091623,TRUE,157,2108,NA,0.000336736,NA,9.84738e-05,FALSE,NA,NA,NA,NA,NA,NA,1,"ASD"
1883,13,40091624,41003943,TRUE,293,1974,NA,0.000289074,NA,0.00653028,FALSE,NA,NA,NA,NA,NA,NA,1,"ASD"
1884,13,41003944,42037054,TRUE,161,1467,0.000500308,0.000242864,0.101635,0.0034693,FALSE,NA,NA,NA,NA,NA,NA,2,NA
1885,13,42037055,42950157,TRUE,195,2025,NA,0.0005179,NA,7.5144e-07,FALSE,NA,NA,NA,NA,NA,NA,1,"ASD"
1886,13,42950158,43931931,TRUE,253,1933,NA,0.000383781,NA,0.000335483,FALSE,NA,NA,NA,NA,NA,NA,1,"ASD"
1887,13,43931932,45476446,TRUE,314,2830,0.000665613,0.000474184,0.111217,9.6252e-05,FALSE,NA,NA,NA,NA,NA,NA,2,NA
1888,13,45476447,46493236,TRUE,220,1866,NA,0.000206078,NA,0.0200591,FALSE,NA,NA,NA,NA,NA,NA,1,"ASD"
1889,13,46493237,47433528,TRUE,164,1668,NA,0.00018276,NA,0.0184235,FALSE,NA,NA,NA,NA,NA,NA,1,"ASD"
1890,13,47433529,48137479,TRUE,179,1833,NA,4.23372e-05,NA,0.3019,FALSE,NA,NA,NA,NA,NA,NA,1,"ASD"
1891,13,48137480,49381727,TRUE,170,2562,NA,0.000250589,NA,0.00338158,FALSE,NA,NA,NA,NA,NA,NA,1,"ASD"
1892,13,49381728,50419896,TRUE,223,2159,7.83167e-05,0.000484225,0.419762,7.8724e-06,FALSE,NA,NA,NA,NA,NA,NA,2,NA
1893,13,50419897,51554236,TRUE,232,2092,0.000480894,NA,0.150445,NA,FALSE,NA,NA,NA,NA,NA,NA,1,"ADHD"
1894,13,51554237,53336571,TRUE,335,2842,NA,0.000590218,NA,6.38854e-06,FALSE,NA,NA,NA,NA,NA,NA,1,"ASD"
1895,13,53336572,54684856,TRUE,296,2872,4.27751e-05,0.000590543,0.456722,1.19067e-06,FALSE,NA,NA,NA,NA,NA,NA,2,NA
1896,13,54684857,55576912,TRUE,170,1913,0.00112869,0.000207019,0.00430395,0.0111227,TRUE,0.141018,0.141018,FALSE,-0.87869,0.83674,0.680215,2,NA
1897,13,55576913,56434007,TRUE,91,1831,0.000393562,0.000155655,0.0933831,0.0103727,FALSE,NA,NA,NA,NA,NA,NA,2,NA
1898,13,56434008,58245843,TRUE,162,2483,0.000392308,0.000294044,0.155827,0.000723942,FALSE,NA,NA,NA,NA,NA,NA,2,NA
1899,13,58245844,59751795,TRUE,178,3061,0.00028145,4.12532e-05,0.238699,0.305531,FALSE,NA,NA,NA,NA,NA,NA,2,NA
1900,13,59751796,61268155,TRUE,268,3271,0.000120945,0.000319909,0.393872,0.00244742,FALSE,NA,NA,NA,NA,NA,NA,2,NA
1901,13,61268156,62135827,TRUE,175,2514,NA,8.19815e-05,NA,0.170356,FALSE,NA,NA,NA,NA,NA,NA,1,"ASD"
1902,13,62135828,63206535,TRUE,147,2929,NA,0.000278769,NA,0.000877531,FALSE,NA,NA,NA,NA,NA,NA,1,"ASD"
1903,13,63206536,63973941,TRUE,127,1783,0.000530013,0.00011388,0.0676097,0.0642644,FALSE,NA,NA,NA,NA,NA,NA,2,NA
1904,13,63973942,65187138,TRUE,123,3380,9.69158e-05,0.000313896,0.372438,8.96576e-05,FALSE,NA,NA,NA,NA,NA,NA,2,NA
1905,13,65187139,66382286,TRUE,182,2045,NA,0.000266796,NA,0.0023861,FALSE,NA,NA,NA,NA,NA,NA,1,"ASD"
1906,13,66382287,67718879,TRUE,258,2495,0.000419733,0.000546041,0.193433,1.96947e-06,FALSE,NA,NA,NA,NA,NA,NA,2,NA
1907,13,67718880,69004702,TRUE,219,2346,0.000568494,0.000300658,0.106749,0.00174345,FALSE,NA,NA,NA,NA,NA,NA,2,NA
1908,13,69004703,69751491,TRUE,132,2436,NA,0.000274494,NA,0.000478036,FALSE,NA,NA,NA,NA,NA,NA,1,"ASD"
1909,13,69751492,70427880,TRUE,133,1924,0.000408164,0.000385482,0.125081,5.31107e-06,FALSE,NA,NA,NA,NA,NA,NA,2,NA
1910,13,70427881,71010208,TRUE,176,1824,0.000969536,0.000366115,0.0120985,7.28567e-05,TRUE,0.168961,0.168961,FALSE,-0.59295,0.78714,0.564605,2,NA
1911,13,71010209,71976862,TRUE,288,2484,0.000352117,0.000373515,0.243384,0.000898548,FALSE,NA,NA,NA,NA,NA,NA,2,NA
1912,13,71976863,73114509,TRUE,210,1966,NA,0.000423293,NA,3.16445e-05,FALSE,NA,NA,NA,NA,NA,NA,1,"ASD"
1913,13,73114510,74437635,TRUE,358,3040,NA,0.000625967,NA,2.62967e-06,FALSE,NA,NA,NA,NA,NA,NA,1,"ASD"
1914,13,74437636,75882384,TRUE,334,3192,0.00123774,0.000469728,0.0165088,0.000142189,TRUE,-0.0995938,-0.0995938,FALSE,-1,0.45039,0.735156,2,NA
1915,13,75882385,76671493,TRUE,195,2004,NA,0.000188269,NA,0.0224977,FALSE,NA,NA,NA,NA,NA,NA,1,"ASD"
1916,13,76671494,77460044,TRUE,242,1970,NA,0.000147901,NA,0.0744739,FALSE,NA,NA,NA,NA,NA,NA,1,"ASD"
1917,13,77460045,78693310,TRUE,156,2499,0.000529093,9.23259e-05,0.0869849,0.126904,FALSE,NA,NA,NA,NA,NA,NA,2,NA
1918,13,78693311,79489045,TRUE,182,1836,0.000527384,8.70292e-05,0.103267,0.157819,FALSE,NA,NA,NA,NA,NA,NA,2,NA
1919,13,79489046,80778339,TRUE,243,2256,NA,0.000225331,NA,0.0174143,FALSE,NA,NA,NA,NA,NA,NA,1,"ASD"
1920,13,80778340,81724089,TRUE,156,2128,0.000321212,0.000120282,0.19623,0.0818682,FALSE,NA,NA,NA,NA,NA,NA,2,NA
1921,13,81724090,82582821,TRUE,152,2041,0.000407669,0.000132384,0.140054,0.0538962,FALSE,NA,NA,NA,NA,NA,NA,2,NA
1922,13,82582822,83829835,TRUE,133,2705,NA,0.000257216,NA,0.000983834,FALSE,NA,NA,NA,NA,NA,NA,1,"ASD"
1923,13,83829836,85035400,TRUE,193,2391,NA,9.66471e-05,NA,0.146635,FALSE,NA,NA,NA,NA,NA,NA,1,"ASD"
1924,13,85035401,85650680,TRUE,111,1862,0.000528976,0.000184742,0.0567489,0.00648955,FALSE,NA,NA,NA,NA,NA,NA,2,NA
1925,13,85650681,86321288,TRUE,126,1742,NA,0.000258394,NA,0.000845819,FALSE,NA,NA,NA,NA,NA,NA,1,"ASD"
1926,13,86321289,87043588,TRUE,96,1976,7.32047e-05,0.000219875,0.385888,0.00190501,FALSE,NA,NA,NA,NA,NA,NA,2,NA
1927,13,87043589,88029523,TRUE,102,2051,0.000775813,0.000138292,0.010229,0.0231182,TRUE,-0.74217,-0.74217,FALSE,-1,0.02563,0.0624202,2,NA
1928,13,88029524,88968400,TRUE,156,1838,NA,0.000511425,NA,1.03612e-07,FALSE,NA,NA,NA,NA,NA,NA,1,"ASD"
1929,13,88968401,89764426,TRUE,88,1978,NA,0.000169496,NA,0.00550764,FALSE,NA,NA,NA,NA,NA,NA,1,"ASD"
1930,13,89764427,90518147,TRUE,135,1825,0.000139639,0.000154141,0.334239,0.0290529,FALSE,NA,NA,NA,NA,NA,NA,2,NA
1931,13,90518148,91764204,TRUE,259,3084,0.00037933,0.000119178,0.216202,0.128957,FALSE,NA,NA,NA,NA,NA,NA,2,NA
1932,13,91764205,93285142,TRUE,258,3027,0.000325055,0.00028794,0.248196,0.00455872,FALSE,NA,NA,NA,NA,NA,NA,2,NA
1933,13,93285143,94925136,TRUE,344,3418,0.000924001,0.000546832,0.0552351,1.66943e-05,FALSE,NA,NA,NA,NA,NA,NA,2,NA
1934,13,94925137,96132647,TRUE,425,3320,0.000173931,0.000305459,0.382981,0.0138387,FALSE,NA,NA,NA,NA,NA,NA,2,NA
1935,13,96132648,97516609,TRUE,164,2347,0.000163529,0.000139297,0.326726,0.0509863,FALSE,NA,NA,NA,NA,NA,NA,2,NA
1936,13,97516610,98527335,TRUE,177,1645,NA,0.00026739,NA,0.00242215,FALSE,NA,NA,NA,NA,NA,NA,1,"ASD"
1937,13,98527336,99402294,TRUE,321,2044,NA,0.000492853,NA,6.5438e-05,FALSE,NA,NA,NA,NA,NA,NA,1,"ASD"
1938,13,99402295,100470868,TRUE,218,2554,0.000425243,7.04191e-05,0.17132,0.225983,FALSE,NA,NA,NA,NA,NA,NA,2,NA
1939,13,100470869,101573736,TRUE,262,2023,0.000575822,0.000234122,0.123425,0.0168636,FALSE,NA,NA,NA,NA,NA,NA,2,NA
1940,13,101573737,103050417,TRUE,449,3360,NA,0.000894285,NA,3.59253e-09,FALSE,NA,NA,NA,NA,NA,NA,1,"ASD"
1941,13,103050418,104378435,TRUE,354,3343,NA,0.000286056,NA,0.012409,FALSE,NA,NA,NA,NA,NA,NA,1,"ASD"
1942,13,104378436,105672500,TRUE,292,2659,NA,0.000101896,NA,0.176755,FALSE,NA,NA,NA,NA,NA,NA,1,"ASD"
1943,13,105672501,106313847,TRUE,172,1513,0.000533829,5.94751e-05,0.0949064,0.237439,FALSE,NA,NA,NA,NA,NA,NA,2,NA
1944,13,106313848,107037864,TRUE,234,1702,NA,8.30481e-05,NA,0.197136,FALSE,NA,NA,NA,NA,NA,NA,1,"ASD"
1945,13,107037865,108521978,TRUE,471,3114,0.00102434,0.000396196,0.0641545,0.00401778,FALSE,NA,NA,NA,NA,NA,NA,2,NA
1946,13,108521979,109156765,TRUE,188,1619,0.000190566,9.91898e-05,0.314583,0.132138,FALSE,NA,NA,NA,NA,NA,NA,2,NA
1947,13,109156766,109813576,TRUE,214,1864,NA,0.000156876,NA,0.0531474,FALSE,NA,NA,NA,NA,NA,NA,1,"ASD"
1948,13,109813577,110995432,TRUE,390,3022,0.000680682,0.000255886,0.130299,0.027928,FALSE,NA,NA,NA,NA,NA,NA,2,NA
1949,13,110995433,111621244,TRUE,280,1755,NA,5.02695e-05,NA,0.312383,FALSE,NA,NA,NA,NA,NA,NA,1,"ASD"
1950,13,111621245,112319064,TRUE,293,2077,NA,0.000564915,NA,2.86355e-06,FALSE,NA,NA,NA,NA,NA,NA,1,"ASD"
1951,13,112319065,113573118,TRUE,311,2397,3.61225e-06,0.00061854,0.48666,1.17912e-06,FALSE,NA,NA,NA,NA,NA,NA,2,NA
1952,13,113573119,114302561,TRUE,148,1254,0.000305539,0.000119646,0.201314,0.0755513,FALSE,NA,NA,NA,NA,NA,NA,2,NA
1953,13,114302562,115109851,TRUE,127,1352,0.000285741,0.000230775,0.198926,0.00261382,FALSE,NA,NA,NA,NA,NA,NA,2,NA
1954,14,19000059,20876080,FALSE,NA,NA,NA,NA,NA,NA,FALSE,NA,NA,NA,NA,NA,NA,NA,NA
1955,14,20876081,21982654,TRUE,433,2197,NA,0.000415842,NA,0.00188573,FALSE,NA,NA,NA,NA,NA,NA,1,"ASD"
1956,14,21982655,22760700,TRUE,223,2616,0.000189821,0.000195969,0.328959,0.032132,FALSE,NA,NA,NA,NA,NA,NA,2,NA
1957,14,22760701,23985936,TRUE,401,2467,9.66513e-05,0.000184064,0.428131,0.085272,FALSE,NA,NA,NA,NA,NA,NA,2,NA
1958,14,23985937,24906056,TRUE,222,1526,0.000130827,0.000239987,0.375697,0.0100708,FALSE,NA,NA,NA,NA,NA,NA,2,NA
1959,14,24906057,25585041,TRUE,161,1825,0.000103228,1.09037e-05,0.381657,0.43235,FALSE,NA,NA,NA,NA,NA,NA,2,NA
1960,14,25585042,26395690,TRUE,147,1608,NA,0.000172509,NA,0.0192643,FALSE,NA,NA,NA,NA,NA,NA,1,"ASD"
1961,14,26395691,27720240,TRUE,251,2317,NA,0.000313187,NA,0.00217366,FALSE,NA,NA,NA,NA,NA,NA,1,"ASD"
1962,14,27720241,29029224,TRUE,218,3104,0.00015146,0.000210181,0.357721,0.0181596,FALSE,NA,NA,NA,NA,NA,NA,2,NA
1963,14,29029225,30831154,TRUE,371,2720,0.000833968,0.000640455,0.08107,2.43326e-06,FALSE,NA,NA,NA,NA,NA,NA,2,NA
1964,14,30831155,32382245,TRUE,200,2583,0.000443288,0.00043686,0.152074,1.35164e-05,FALSE,NA,NA,NA,NA,NA,NA,2,NA
1965,14,32382246,33591113,TRUE,392,2428,NA,0.000865977,NA,1.50696e-09,FALSE,NA,NA,NA,NA,NA,NA,1,"ASD"
1966,14,33591114,34695195,TRUE,506,2376,NA,0.000755734,NA,1.65526e-06,FALSE,NA,NA,NA,NA,NA,NA,1,"ASD"
1967,14,34695196,35379988,TRUE,135,1627,0.000408486,7.9165e-05,0.126532,0.145787,FALSE,NA,NA,NA,NA,NA,NA,2,NA
1968,14,35379989,36422077,TRUE,149,1961,0.000473157,6.93796e-05,0.105349,0.187383,FALSE,NA,NA,NA,NA,NA,NA,2,NA
1969,14,36422078,37282012,TRUE,177,1722,0.000760699,0.000390293,0.0360594,2.86931e-05,TRUE,0.488097,0.488097,FALSE,-0.1779,1,0.125495,2,NA
1970,14,37282013,38722114,TRUE,199,2506,NA,0.000308503,NA,0.00135099,FALSE,NA,NA,NA,NA,NA,NA,1,"ASD"
1971,14,38722115,40343754,TRUE,260,3191,NA,0.000302603,NA,0.00347519,FALSE,NA,NA,NA,NA,NA,NA,1,"ASD"
1972,14,40343755,40965849,TRUE,89,1716,0.000128967,2.66482e-05,0.31272,0.316141,FALSE,NA,NA,NA,NA,NA,NA,2,NA
1973,14,40965850,41614833,TRUE,66,2043,0.000435431,4.19261e-05,0.048324,0.203473,FALSE,NA,NA,NA,NA,NA,NA,2,NA
1974,14,41614834,42562550,TRUE,119,2021,NA,0.000772369,NA,1.00593e-13,FALSE,NA,NA,NA,NA,NA,NA,1,"ASD"
1975,14,42562551,43321168,TRUE,103,1800,NA,0.000123419,NA,0.0384337,FALSE,NA,NA,NA,NA,NA,NA,1,"ASD"
1976,14,43321169,44623273,TRUE,214,3309,NA,0.000279846,NA,0.00309474,FALSE,NA,NA,NA,NA,NA,NA,1,"ASD"
1977,14,44623274,45817082,TRUE,209,2341,NA,0.000188679,NA,0.0273911,FALSE,NA,NA,NA,NA,NA,NA,1,"ASD"
1978,14,45817083,46748238,TRUE,93,1588,9.22901e-05,0.000295706,0.360279,3.12637e-05,FALSE,NA,NA,NA,NA,NA,NA,2,NA
1979,14,46748239,48177483,TRUE,214,3013,0.00109021,0.000339525,0.0105283,0.000501366,TRUE,0.16502,0.16502,FALSE,-0.66833,0.77789,0.587288,2,NA
1980,14,48177484,49002065,TRUE,168,2383,NA,0.000314253,NA,0.000362959,FALSE,NA,NA,NA,NA,NA,NA,1,"ASD"
1981,14,49002066,50500564,TRUE,310,2898,NA,0.000303758,NA,0.00565039,FALSE,NA,NA,NA,NA,NA,NA,1,"ASD"
1982,14,50500565,51418371,TRUE,195,1764,NA,0.000325815,NA,0.000504638,FALSE,NA,NA,NA,NA,NA,NA,1,"ASD"
1983,14,51418372,52206122,TRUE,280,2023,0.000278571,0.000512356,0.285813,1.48207e-05,FALSE,NA,NA,NA,NA,NA,NA,2,NA
1984,14,52206123,52760553,TRUE,208,1700,0.000763076,0.000276161,0.0466796,0.00343277,TRUE,0.0260891,0.0260891,FALSE,-1,0.85974,0.946226,2,NA
1985,14,52760554,54359598,TRUE,315,3004,0.000560258,0.000418541,0.150482,0.00038391,FALSE,NA,NA,NA,NA,NA,NA,2,NA
1986,14,54359599,55292832,FALSE,NA,NA,NA,NA,NA,NA,FALSE,NA,NA,NA,NA,NA,NA,NA,NA
1987,14,55292833,56206430,TRUE,90,1827,NA,3.19217e-06,NA,0.459438,FALSE,NA,NA,NA,NA,NA,NA,1,"ASD"
1988,14,56206431,57460781,TRUE,344,2872,0.000170073,0.000299049,0.373089,0.00886885,FALSE,NA,NA,NA,NA,NA,NA,2,NA
1989,14,57460782,58447798,TRUE,203,2021,NA,0.00046533,NA,7.21016e-06,FALSE,NA,NA,NA,NA,NA,NA,1,"ASD"
1990,14,58447799,59447537,TRUE,276,1886,0.000654313,0.000686766,0.101111,1.87834e-08,FALSE,NA,NA,NA,NA,NA,NA,2,NA
1991,14,59447538,60099482,TRUE,149,1909,NA,0.000317158,NA,0.000181764,FALSE,NA,NA,NA,NA,NA,NA,1,"ASD"
1992,14,60099483,61652816,TRUE,136,2013,NA,0.000233045,NA,0.00247737,FALSE,NA,NA,NA,NA,NA,NA,1,"ASD"
1993,14,61652817,62717985,TRUE,316,2233,NA,4.30917e-05,NA,0.350339,FALSE,NA,NA,NA,NA,NA,NA,1,"ASD"
1994,14,62717986,64033237,TRUE,278,3040,NA,0.000394455,NA,0.00048282,FALSE,NA,NA,NA,NA,NA,NA,1,"ASD"
1995,14,64033238,65229391,TRUE,170,2195,NA,0.000226284,NA,0.00670561,FALSE,NA,NA,NA,NA,NA,NA,1,"ASD"
1996,14,65229392,66300066,TRUE,209,2434,NA,0.000142537,NA,0.0689451,FALSE,NA,NA,NA,NA,NA,NA,1,"ASD"
1997,14,66300067,67891839,TRUE,129,3544,0.000330558,NA,0.168548,NA,FALSE,NA,NA,NA,NA,NA,NA,1,"ADHD"
1998,14,67891840,68976912,TRUE,215,1778,0.00030028,0.000292563,0.245289,0.00230488,FALSE,NA,NA,NA,NA,NA,NA,2,NA
1999,14,68976913,69794542,TRUE,289,1944,NA,0.000276176,NA,0.00825742,FALSE,NA,NA,NA,NA,NA,NA,1,"ASD"
2000,14,69794543,71140426,TRUE,272,3044,NA,9.87113e-05,NA,0.174938,FALSE,NA,NA,NA,NA,NA,NA,1,"ASD"
2001,14,71140427,72665319,TRUE,252,3009,0.000201623,0.00020545,0.329637,0.0270007,FALSE,NA,NA,NA,NA,NA,NA,2,NA
2002,14,72665320,73373373,TRUE,214,1698,NA,2.4899e-05,NA,0.386478,FALSE,NA,NA,NA,NA,NA,NA,1,"ASD"
2003,14,73373374,74245428,TRUE,154,1736,NA,0.000380278,NA,2.26831e-05,FALSE,NA,NA,NA,NA,NA,NA,1,"ASD"
2004,14,74245429,75699501,TRUE,215,2619,NA,0.000552736,NA,3.04307e-07,FALSE,NA,NA,NA,NA,NA,NA,1,"ASD"
2005,14,75699502,76694201,TRUE,251,1901,NA,0.000113563,NA,0.138805,FALSE,NA,NA,NA,NA,NA,NA,1,"ASD"
2006,14,76694202,77425453,TRUE,258,1685,0.000633053,8.90322e-05,0.101053,0.200228,FALSE,NA,NA,NA,NA,NA,NA,2,NA
2007,14,77425454,78374053,TRUE,269,2690,0.0010305,0.000300125,0.0239186,0.00401509,TRUE,0.339188,0.339188,FALSE,-0.56669,1,0.339248,2,NA
2008,14,78374054,79199451,TRUE,261,1998,0.000103154,0.000433284,0.406266,0.000102079,FALSE,NA,NA,NA,NA,NA,NA,2,NA
2009,14,79199452,81001920,TRUE,389,3257,0.000313737,0.000780011,0.294955,4.88256e-08,FALSE,NA,NA,NA,NA,NA,NA,2,NA
2010,14,81001921,82524785,TRUE,312,3357,NA,0.00036695,NA,0.00133448,FALSE,NA,NA,NA,NA,NA,NA,1,"ASD"
2011,14,82524786,84087372,TRUE,379,3536,NA,0.000667802,NA,9.68726e-07,FALSE,NA,NA,NA,NA,NA,NA,1,"ASD"
2012,14,84087373,85562936,TRUE,299,3394,NA,0.000412328,NA,0.000389537,FALSE,NA,NA,NA,NA,NA,NA,1,"ASD"
2013,14,85562937,86653343,TRUE,252,2438,NA,0.000391905,NA,0.000248101,FALSE,NA,NA,NA,NA,NA,NA,1,"ASD"
2014,14,86653344,87350275,TRUE,157,1733,NA,0.00016754,NA,0.0256826,FALSE,NA,NA,NA,NA,NA,NA,1,"ASD"
2015,14,87350276,88208595,TRUE,121,1790,NA,0.000366388,NA,8.36465e-06,FALSE,NA,NA,NA,NA,NA,NA,1,"ASD"
2016,14,88208596,89482883,TRUE,215,2746,NA,0.000472421,NA,5.88305e-06,FALSE,NA,NA,NA,NA,NA,NA,1,"ASD"
2017,14,89482884,90662836,TRUE,288,2234,0.000199813,7.75733e-05,0.341048,0.235747,FALSE,NA,NA,NA,NA,NA,NA,2,NA
2018,14,90662837,92101228,TRUE,331,2932,NA,0.000380533,NA,0.00131131,FALSE,NA,NA,NA,NA,NA,NA,1,"ASD"
2019,14,92101229,93386328,TRUE,412,3180,NA,0.000242022,NA,0.036703,FALSE,NA,NA,NA,NA,NA,NA,1,"ASD"
2020,14,93386329,94892240,TRUE,448,3610,0.00182839,0.00039583,0.00350278,0.00298794,TRUE,0.625832,0.625832,FALSE,0.07988,1,0.0344589,2,NA
2021,14,94892241,95946792,TRUE,492,3153,NA,0.000311697,NA,0.0177989,FALSE,NA,NA,NA,NA,NA,NA,1,"ASD"
2022,14,95946793,97174314,TRUE,351,2965,NA,0.000147318,NA,0.113525,FALSE,NA,NA,NA,NA,NA,NA,1,"ASD"
2023,14,97174315,98268391,TRUE,266,2223,NA,0.000548492,NA,2.18247e-06,FALSE,NA,NA,NA,NA,NA,NA,1,"ASD"
2024,14,98268392,98885322,TRUE,185,1958,NA,0.000299631,NA,0.000877504,FALSE,NA,NA,NA,NA,NA,NA,1,"ASD"
2025,14,98885323,99474533,FALSE,NA,NA,NA,NA,NA,NA,FALSE,NA,NA,NA,NA,NA,NA,NA,NA
2026,14,99474534,100786189,TRUE,356,2507,NA,0.000501154,NA,8.21086e-05,FALSE,NA,NA,NA,NA,NA,NA,1,"ASD"
2027,14,100786190,102004377,TRUE,363,2255,NA,0.000392291,NA,0.00149033,FALSE,NA,NA,NA,NA,NA,NA,1,"ASD"
2028,14,102004378,103617472,TRUE,265,3024,NA,0.000595929,NA,7.58275e-07,FALSE,NA,NA,NA,NA,NA,NA,1,"ASD"
2029,14,103617473,104439106,TRUE,130,1838,NA,0.000138866,NA,0.0375703,FALSE,NA,NA,NA,NA,NA,NA,1,"ASD"
2030,14,104439107,105091340,TRUE,91,977,0.000496002,NA,0.0517832,NA,FALSE,NA,NA,NA,NA,NA,NA,1,"ADHD"
2031,14,105091341,106347143,TRUE,66,905,NA,0.000182865,NA,0.00149319,FALSE,NA,NA,NA,NA,NA,NA,1,"ASD"
2032,14,106347144,106876548,FALSE,NA,NA,NA,NA,NA,NA,FALSE,NA,NA,NA,NA,NA,NA,NA,NA
2033,14,106876549,107289435,FALSE,NA,NA,NA,NA,NA,NA,FALSE,NA,NA,NA,NA,NA,NA,NA,NA
2034,15,20000205,22799926,TRUE,10,64,4.26481e-06,8.04176e-06,0.423326,0.34809,FALSE,NA,NA,NA,NA,NA,NA,2,NA
2035,15,22799927,24099946,TRUE,148,1049,0.000340115,0.000257405,0.177656,0.00445013,FALSE,NA,NA,NA,NA,NA,NA,2,NA
2036,15,24099947,24531187,TRUE,90,1849,NA,0.000113001,NA,0.0406048,FALSE,NA,NA,NA,NA,NA,NA,1,"ASD"
2037,15,24531188,25384327,TRUE,138,2561,0.00061938,NA,0.0483237,NA,FALSE,NA,NA,NA,NA,NA,NA,1,"ADHD"
2038,15,25384328,26392947,TRUE,343,2353,0.000305953,0.000783969,0.287855,1.11434e-08,FALSE,NA,NA,NA,NA,NA,NA,2,NA
2039,15,26392948,27563172,TRUE,320,2235,NA,0.000331445,NA,0.00378933,FALSE,NA,NA,NA,NA,NA,NA,1,"ASD"
2040,15,27563173,29141035,TRUE,150,1559,4.90254e-05,NA,0.432901,NA,FALSE,NA,NA,NA,NA,NA,NA,1,"ADHD"
2041,15,29141036,30604119,TRUE,203,2194,NA,0.000227318,NA,0.0110029,FALSE,NA,NA,NA,NA,NA,NA,1,"ASD"
2042,15,30604120,32177320,TRUE,283,2332,NA,0.000632266,NA,1.58662e-07,FALSE,NA,NA,NA,NA,NA,NA,1,"ASD"
2043,15,32177321,33484267,TRUE,317,2192,NA,0.00069889,NA,6.52047e-08,FALSE,NA,NA,NA,NA,NA,NA,1,"ASD"
2044,15,33484268,34410072,TRUE,364,2604,NA,0.000534947,NA,4.5492e-05,FALSE,NA,NA,NA,NA,NA,NA,1,"ASD"
2045,15,34410073,35118927,TRUE,150,1290,NA,0.00025055,NA,0.00235734,FALSE,NA,NA,NA,NA,NA,NA,1,"ASD"
2046,15,35118928,36583327,TRUE,294,2761,0.000691961,9.27737e-05,0.0958651,0.199948,FALSE,NA,NA,NA,NA,NA,NA,2,NA
2047,15,36583328,37962915,TRUE,402,2841,NA,0.000347505,NA,0.00550748,FALSE,NA,NA,NA,NA,NA,NA,1,"ASD"
2048,15,37962916,39238840,TRUE,343,2595,2.3627e-05,0.000406225,0.473204,0.000833336,FALSE,NA,NA,NA,NA,NA,NA,2,NA
2049,15,39238841,40604780,TRUE,274,2543,NA,0.000366346,NA,0.000734349,FALSE,NA,NA,NA,NA,NA,NA,1,"ASD"
2050,15,40604781,42332685,TRUE,281,2862,NA,0.000724422,NA,7.04214e-09,FALSE,NA,NA,NA,NA,NA,NA,1,"ASD"
2051,15,42332686,44987755,TRUE,228,2815,NA,0.000176523,NA,0.0425126,FALSE,NA,NA,NA,NA,NA,NA,1,"ASD"
2052,15,44987756,46022642,TRUE,133,1666,NA,0.000114284,NA,0.0684999,FALSE,NA,NA,NA,NA,NA,NA,1,"ASD"
2053,15,46022643,46884071,TRUE,125,1572,NA,0.000135003,NA,0.0368543,FALSE,NA,NA,NA,NA,NA,NA,1,"ASD"
2054,15,46884072,47693316,TRUE,100,1700,0.000314995,0.000207101,0.150822,0.00216303,FALSE,NA,NA,NA,NA,NA,NA,2,NA
2055,15,47693317,49260006,TRUE,212,2093,0.000446629,0.000248682,0.156993,0.00639257,FALSE,NA,NA,NA,NA,NA,NA,2,NA
2056,15,49260007,50195876,TRUE,82,1817,NA,0.000142323,NA,0.0127079,FALSE,NA,NA,NA,NA,NA,NA,1,"ASD"
2057,15,50195877,51605477,TRUE,197,3076,NA,0.00023654,NA,0.00738376,FALSE,NA,NA,NA,NA,NA,NA,1,"ASD"
2058,15,51605478,53263126,TRUE,300,3067,NA,0.000551018,NA,5.21421e-06,FALSE,NA,NA,NA,NA,NA,NA,1,"ASD"
2059,15,53263127,54332799,TRUE,276,2939,NA,0.000227887,NA,0.0254182,FALSE,NA,NA,NA,NA,NA,NA,1,"ASD"
2060,15,54332800,55136717,TRUE,238,2594,3.67044e-05,0.0002534,0.456864,0.00796477,FALSE,NA,NA,NA,NA,NA,NA,2,NA
2061,15,55136718,56322588,TRUE,248,3271,NA,0.000252044,NA,0.00958334,FALSE,NA,NA,NA,NA,NA,NA,1,"ASD"
2062,15,56322589,57641164,TRUE,141,2330,NA,0.000341859,NA,5.17544e-05,FALSE,NA,NA,NA,NA,NA,NA,1,"ASD"
2063,15,57641165,58712954,TRUE,430,2810,NA,0.000774611,NA,1.24917e-07,FALSE,NA,NA,NA,NA,NA,NA,1,"ASD"
2064,15,58712955,59901116,TRUE,276,2159,NA,0.000316374,NA,0.00307112,FALSE,NA,NA,NA,NA,NA,NA,1,"ASD"
2065,15,59901117,61130595,TRUE,319,2251,0.000807296,0.000335704,0.0729212,0.00307982,FALSE,NA,NA,NA,NA,NA,NA,2,NA
2066,15,61130596,62106138,TRUE,444,2343,0.000883257,0.000631596,0.0873815,9.97717e-06,FALSE,NA,NA,NA,NA,NA,NA,2,NA
2067,15,62106139,63218978,TRUE,388,2410,NA,0.000588588,NA,1.49289e-05,FALSE,NA,NA,NA,NA,NA,NA,1,"ASD"
2068,15,63218979,64339945,TRUE,268,2594,4.05485e-05,0.000159803,0.456294,0.0701764,FALSE,NA,NA,NA,NA,NA,NA,2,NA
2069,15,64339946,66355634,TRUE,251,2979,NA,0.000293923,NA,0.00405619,FALSE,NA,NA,NA,NA,NA,NA,1,"ASD"
2070,15,66355635,67396520,TRUE,351,2767,NA,0.000375679,NA,0.00187818,FALSE,NA,NA,NA,NA,NA,NA,1,"ASD"
2071,15,67396521,69089815,TRUE,313,2868,NA,0.000265021,NA,0.0141316,FALSE,NA,NA,NA,NA,NA,NA,1,"ASD"
2072,15,69089816,70767983,TRUE,424,2950,NA,0.000438608,NA,0.00125559,FALSE,NA,NA,NA,NA,NA,NA,1,"ASD"
2073,15,70767984,72058129,TRUE,280,2226,0.000552462,0.000153582,0.140237,0.0810857,FALSE,NA,NA,NA,NA,NA,NA,2,NA
2074,15,72058130,73375718,TRUE,127,1610,NA,0.000613617,NA,5.26951e-11,FALSE,NA,NA,NA,NA,NA,NA,1,"ASD"
2075,15,73375719,74458113,TRUE,222,1937,0.000542334,0.000205961,0.118479,0.0205605,FALSE,NA,NA,NA,NA,NA,NA,2,NA
2076,15,74458114,76401952,TRUE,270,2613,0.000214025,0.00028004,0.326189,0.00645441,FALSE,NA,NA,NA,NA,NA,NA,2,NA
2077,15,76401953,77897163,TRUE,147,2276,NA,0.000329093,NA,9.77508e-05,FALSE,NA,NA,NA,NA,NA,NA,1,"ASD"
2078,15,77897164,78514101,TRUE,195,1571,0.000607418,0.000537315,0.0812954,2.66516e-07,FALSE,NA,NA,NA,NA,NA,NA,2,NA
2079,15,78514102,79292536,TRUE,197,1708,0.000118397,0.000412487,0.379238,2.91757e-05,FALSE,NA,NA,NA,NA,NA,NA,2,NA
2080,15,79292537,79998206,TRUE,222,1706,0.000263644,0.000345146,0.273834,0.000523861,FALSE,NA,NA,NA,NA,NA,NA,2,NA
2081,15,79998207,81077025,TRUE,390,2612,0.000361831,0.000503257,0.26892,0.000142899,FALSE,NA,NA,NA,NA,NA,NA,2,NA
2082,15,81077026,82191077,TRUE,223,1609,0.000158673,0.000405178,0.35345,8.86832e-05,FALSE,NA,NA,NA,NA,NA,NA,2,NA
2083,15,82191078,84209760,TRUE,327,2496,NA,0.000647819,NA,9.52302e-07,FALSE,NA,NA,NA,NA,NA,NA,1,"ASD"
2084,15,84209761,85494083,TRUE,253,2195,NA,0.000381059,NA,0.000343459,FALSE,NA,NA,NA,NA,NA,NA,1,"ASD"
2085,15,85494084,86341598,FALSE,NA,NA,NA,NA,NA,NA,FALSE,NA,NA,NA,NA,NA,NA,NA,NA
2086,15,86341599,87158587,TRUE,259,2464,NA,0.000278725,NA,0.00742339,FALSE,NA,NA,NA,NA,NA,NA,1,"ASD"
2087,15,87158588,88035757,TRUE,279,2279,0.000505506,0.000586403,0.160139,1.31934e-06,FALSE,NA,NA,NA,NA,NA,NA,2,NA
2088,15,88035758,89385187,TRUE,385,2234,0.000159739,0.000715738,0.386232,2.66664e-07,FALSE,NA,NA,NA,NA,NA,NA,2,NA
2089,15,89385188,90632718,TRUE,291,2185,NA,0.000244554,NA,0.017101,FALSE,NA,NA,NA,NA,NA,NA,1,"ASD"
2090,15,90632719,91593623,TRUE,189,2040,NA,0.000380876,NA,6.49762e-05,FALSE,NA,NA,NA,NA,NA,NA,1,"ASD"
2091,15,91593624,92675405,TRUE,380,2349,NA,0.000597774,NA,7.71227e-06,FALSE,NA,NA,NA,NA,NA,NA,1,"ASD"
2092,15,92675406,93707010,TRUE,417,2625,0.000184367,0.00066993,0.375621,2.3657e-06,FALSE,NA,NA,NA,NA,NA,NA,2,NA
2093,15,93707011,94565521,TRUE,336,2375,0.00120713,0.00018727,0.0189157,0.0613428,FALSE,NA,NA,NA,NA,NA,NA,2,NA
2094,15,94565522,95662425,TRUE,417,2430,NA,0.000226364,NA,0.04817,FALSE,NA,NA,NA,NA,NA,NA,1,"ASD"
2095,15,95662426,96864278,TRUE,366,2316,NA,0.000359789,NA,0.00324048,FALSE,NA,NA,NA,NA,NA,NA,1,"ASD"
2096,15,96864279,98025684,TRUE,286,1961,0.000902733,0.000510735,0.044589,1.91881e-05,TRUE,0.24807,0.24807,FALSE,-0.57271,1,0.429036,2,NA
2097,15,98025685,98828261,TRUE,245,2149,0.000507901,0.000381437,0.144212,0.000329135,FALSE,NA,NA,NA,NA,NA,NA,2,NA
2098,15,98828262,99925972,TRUE,381,2554,NA,0.000731725,NA,1.29252e-07,FALSE,NA,NA,NA,NA,NA,NA,1,"ASD"
2099,15,99925973,100742117,TRUE,289,2275,NA,0.000307539,NA,0.0046463,FALSE,NA,NA,NA,NA,NA,NA,1,"ASD"
2100,15,100742118,101550750,TRUE,310,2307,NA,0.000423586,NA,0.000302001,FALSE,NA,NA,NA,NA,NA,NA,1,"ASD"
2101,15,101550751,102520975,TRUE,296,1783,0.000128033,0.000142306,0.393706,0.106452,FALSE,NA,NA,NA,NA,NA,NA,2,NA
2102,16,60169,1049079,TRUE,88,729,NA,0.000679556,NA,7.92961e-14,FALSE,NA,NA,NA,NA,NA,NA,1,"ASD"
2103,16,1049080,1996492,TRUE,90,1393,NA,0.000114583,NA,0.0394023,FALSE,NA,NA,NA,NA,NA,NA,1,"ASD"
2104,16,1996493,3379996,TRUE,172,1142,NA,0.000183609,NA,0.0231074,FALSE,NA,NA,NA,NA,NA,NA,1,"ASD"
2105,16,3379997,4816145,TRUE,358,2509,NA,0.000489732,NA,0.000132077,FALSE,NA,NA,NA,NA,NA,NA,1,"ASD"
2106,16,4816146,5782968,TRUE,461,2680,NA,0.000609724,NA,2.79069e-05,FALSE,NA,NA,NA,NA,NA,NA,1,"ASD"
2107,16,5782969,6446081,TRUE,359,1832,NA,0.000254188,NA,0.0234877,FALSE,NA,NA,NA,NA,NA,NA,1,"ASD"
2108,16,6446082,7051429,TRUE,338,2439,0.000515741,0.000153722,0.177609,0.101196,FALSE,NA,NA,NA,NA,NA,NA,2,NA
2109,16,7051430,7704354,TRUE,390,2706,0.000354686,0.000683655,0.272741,9.91844e-07,FALSE,NA,NA,NA,NA,NA,NA,2,NA
2110,16,7704355,8341012,TRUE,282,2450,NA,0.000359386,NA,0.00111167,FALSE,NA,NA,NA,NA,NA,NA,1,"ASD"
2111,16,8341013,9104469,TRUE,326,2451,NA,0.000431252,NA,0.000351221,FALSE,NA,NA,NA,NA,NA,NA,1,"ASD"
2112,16,9104470,9754796,TRUE,329,1896,NA,0.000490606,NA,7.84469e-05,FALSE,NA,NA,NA,NA,NA,NA,1,"ASD"
2113,16,9754797,10351808,TRUE,188,1808,0.000596251,0.000579462,0.0814227,1.6131e-08,FALSE,NA,NA,NA,NA,NA,NA,2,NA
2114,16,10351809,11022542,TRUE,209,1424,NA,0.000385283,NA,0.000109883,FALSE,NA,NA,NA,NA,NA,NA,1,"ASD"
2115,16,11022543,11916631,TRUE,274,2363,NA,9.33938e-05,NA,0.191974,FALSE,NA,NA,NA,NA,NA,NA,1,"ASD"
2116,16,11916632,12793149,TRUE,290,2587,0.000366272,0.000855908,0.235946,1.22737e-10,FALSE,NA,NA,NA,NA,NA,NA,2,NA
2117,16,12793150,13893407,TRUE,345,3241,0.000948988,0.000598321,0.0510493,5.80253e-06,FALSE,NA,NA,NA,NA,NA,NA,2,NA
2118,16,13893408,15921108,TRUE,272,2167,NA,0.000728175,NA,4.10493e-09,FALSE,NA,NA,NA,NA,NA,NA,1,"ASD"
2119,16,15921109,17343277,TRUE,240,2084,NA,0.00041495,NA,0.0001054,FALSE,NA,NA,NA,NA,NA,NA,1,"ASD"
2120,16,17343278,19104257,TRUE,224,2344,NA,0.000274479,NA,0.00441829,FALSE,NA,NA,NA,NA,NA,NA,1,"ASD"
2121,16,19104258,20351261,TRUE,262,2614,NA,0.000116535,NA,0.134444,FALSE,NA,NA,NA,NA,NA,NA,1,"ASD"
2122,16,20351262,22667048,TRUE,247,2159,NA,0.000303567,NA,0.00290806,FALSE,NA,NA,NA,NA,NA,NA,1,"ASD"
2123,16,22667049,24014705,TRUE,279,2640,0.000562082,0.000119415,0.135907,0.140609,FALSE,NA,NA,NA,NA,NA,NA,2,NA
2124,16,24014706,25235251,TRUE,376,2392,0.000216369,0.000399462,0.349438,0.00145949,FALSE,NA,NA,NA,NA,NA,NA,2,NA
2125,16,25235252,26154122,TRUE,298,2515,0.000558909,0.000570402,0.144684,2.50732e-06,FALSE,NA,NA,NA,NA,NA,NA,2,NA
2126,16,26154123,27443061,TRUE,498,3315,NA,0.000470327,NA,0.00117661,FALSE,NA,NA,NA,NA,NA,NA,1,"ASD"
2127,16,27443062,29043177,TRUE,219,1593,0.0001889,0.000130536,0.328257,0.0909549,FALSE,NA,NA,NA,NA,NA,NA,2,NA
2128,16,29043178,31384210,TRUE,192,1643,NA,0.000411545,NA,3.13955e-05,FALSE,NA,NA,NA,NA,NA,NA,1,"ASD"
2129,16,31384211,32847928,TRUE,43,740,0.000117885,3.06179e-05,0.261988,0.223592,FALSE,NA,NA,NA,NA,NA,NA,2,NA
2130,16,32847929,35259453,TRUE,16,56,NA,4.16866e-05,NA,0.0806241,FALSE,NA,NA,NA,NA,NA,NA,1,"ASD"
2131,16,35259454,49010761,TRUE,190,2065,NA,2.69757e-05,NA,0.371108,FALSE,NA,NA,NA,NA,NA,NA,1,"ASD"
2132,16,49010762,50467033,TRUE,449,2817,NA,0.000165866,NA,0.115111,FALSE,NA,NA,NA,NA,NA,NA,1,"ASD"
2133,16,50467034,52041336,TRUE,395,2754,NA,0.000468954,NA,0.000325148,FALSE,NA,NA,NA,NA,NA,NA,1,"ASD"
2134,16,52041337,53393882,TRUE,262,2576,NA,0.000221293,NA,0.0221029,FALSE,NA,NA,NA,NA,NA,NA,1,"ASD"
2135,16,53393883,54866095,TRUE,398,3031,0.000538789,0.000602208,0.186404,1.10738e-05,FALSE,NA,NA,NA,NA,NA,NA,2,NA
2136,16,54866096,55907389,TRUE,289,2541,0.000526614,0.000137125,0.154805,0.111384,FALSE,NA,NA,NA,NA,NA,NA,2,NA
2137,16,55907390,57119889,TRUE,393,2907,7.25082e-05,0.00075059,0.443024,1.20807e-07,FALSE,NA,NA,NA,NA,NA,NA,2,NA
2138,16,57119890,58508978,TRUE,394,3196,NA,0.000645716,NA,3.47868e-06,FALSE,NA,NA,NA,NA,NA,NA,1,"ASD"
2139,16,58508979,59885499,TRUE,258,3171,NA,0.000487345,NA,1.71213e-05,FALSE,NA,NA,NA,NA,NA,NA,1,"ASD"
2140,16,59885500,61092844,TRUE,258,2615,NA,0.00030861,NA,0.00290222,FALSE,NA,NA,NA,NA,NA,NA,1,"ASD"
2141,16,61092845,62607090,TRUE,224,2274,NA,0.000382684,NA,0.000175866,FALSE,NA,NA,NA,NA,NA,NA,1,"ASD"
2142,16,62607091,64207176,TRUE,303,2944,0.00127715,0.000841403,0.0109194,1.11481e-10,TRUE,0.156341,0.156341,FALSE,-0.39207,0.62577,0.491564,2,NA
2143,16,64207177,65072403,TRUE,177,2121,0.000339441,8.44225e-05,0.198197,0.162124,FALSE,NA,NA,NA,NA,NA,NA,2,NA
2144,16,65072404,65882820,TRUE,256,1776,0.000427618,0.000626927,0.18837,7.78671e-08,FALSE,NA,NA,NA,NA,NA,NA,2,NA
2145,16,65882821,66738843,TRUE,243,1783,9.11639e-06,0.000218112,0.480301,0.0198535,FALSE,NA,NA,NA,NA,NA,NA,2,NA
2146,16,66738844,68435728,TRUE,126,1698,0.000127248,0.000231909,0.341717,0.00220745,FALSE,NA,NA,NA,NA,NA,NA,2,NA
2147,16,68435729,69549149,TRUE,172,1843,0.00063375,0.000171814,0.062027,0.0270462,FALSE,NA,NA,NA,NA,NA,NA,2,NA
2148,16,69549150,71062712,TRUE,131,1456,NA,0.00013001,NA,0.0514628,FALSE,NA,NA,NA,NA,NA,NA,1,"ASD"
2149,16,71062713,72089511,TRUE,154,1668,0.000831755,0.000391693,0.0189916,1.18429e-05,TRUE,0.530761,0.530761,FALSE,-0.0492,1,0.0715629,2,NA
2150,16,72089512,73140781,TRUE,254,1548,0.000784168,0.00093145,0.057987,1.51163e-13,FALSE,NA,NA,NA,NA,NA,NA,2,NA
2151,16,73140782,74135275,TRUE,430,2026,NA,0.00131302,NA,2.76394e-16,FALSE,NA,NA,NA,NA,NA,NA,1,"ASD"
2152,16,74135276,74889127,TRUE,205,1556,NA,0.000204837,NA,0.0186455,FALSE,NA,NA,NA,NA,NA,NA,1,"ASD"
2153,16,74889128,75525959,TRUE,144,1469,NA,1.54697e-05,NA,0.406353,FALSE,NA,NA,NA,NA,NA,NA,1,"ASD"
2154,16,75525960,76635467,TRUE,269,2695,0.000605664,0.000274739,0.115118,0.00772324,FALSE,NA,NA,NA,NA,NA,NA,2,NA
2155,16,76635468,77270665,TRUE,179,1814,NA,0.000362722,NA,0.000104429,FALSE,NA,NA,NA,NA,NA,NA,1,"ASD"
2156,16,77270666,77739132,TRUE,202,1745,5.63841e-05,0.000257667,0.435413,0.00421366,FALSE,NA,NA,NA,NA,NA,NA,2,NA
2157,16,77739133,78280636,TRUE,275,2122,0.000315577,0.000436098,0.260614,0.000106938,FALSE,NA,NA,NA,NA,NA,NA,2,NA
2158,16,78280637,78973580,TRUE,451,2854,NA,0.00025073,NA,0.0412262,FALSE,NA,NA,NA,NA,NA,NA,1,"ASD"
2159,16,78973581,79662634,TRUE,432,2026,NA,0.000276144,NA,0.0259094,FALSE,NA,NA,NA,NA,NA,NA,1,"ASD"
2160,16,79662635,80559685,TRUE,368,2740,NA,0.000337857,NA,0.00489954,FALSE,NA,NA,NA,NA,NA,NA,1,"ASD"
2161,16,80559686,81437861,TRUE,342,2587,0.000158208,0.000481097,0.380606,0.000118355,FALSE,NA,NA,NA,NA,NA,NA,2,NA
2162,16,81437862,82310204,TRUE,457,2540,3.77553e-06,0.000563788,0.488895,9.38307e-05,FALSE,NA,NA,NA,NA,NA,NA,2,NA
2163,16,82310205,83077869,TRUE,488,2819,NA,0.000554666,NA,0.000141655,FALSE,NA,NA,NA,NA,NA,NA,1,"ASD"
2164,16,83077870,83778371,TRUE,449,2724,0.000346861,0.00025698,0.290276,0.0337788,FALSE,NA,NA,NA,NA,NA,NA,2,NA
2165,16,83778372,84440154,TRUE,526,2576,NA,0.000268927,NA,0.0392151,FALSE,NA,NA,NA,NA,NA,NA,1,"ASD"
2166,16,84440155,85146805,TRUE,478,2558,NA,0.000905237,NA,7.76198e-09,FALSE,NA,NA,NA,NA,NA,NA,1,"ASD"
2167,16,85146806,86058597,TRUE,373,1598,NA,0.000327486,NA,0.00738789,FALSE,NA,NA,NA,NA,NA,NA,1,"ASD"
2168,16,86058598,86748867,TRUE,519,2333,NA,0.000517643,NA,0.000513817,FALSE,NA,NA,NA,NA,NA,NA,1,"ASD"
2169,16,86748868,87669168,TRUE,479,2536,NA,0.000250544,NA,0.0429209,FALSE,NA,NA,NA,NA,NA,NA,1,"ASD"
2170,16,87669169,88387228,TRUE,224,1555,NA,0.0003724,NA,0.000308311,FALSE,NA,NA,NA,NA,NA,NA,1,"ASD"
2171,16,88387229,89106304,TRUE,46,235,NA,0.000155317,NA,0.00247736,FALSE,NA,NA,NA,NA,NA,NA,1,"ASD"
2172,16,89106305,90292787,TRUE,240,2277,NA,0.00048998,NA,1.09267e-05,FALSE,NA,NA,NA,NA,NA,NA,1,"ASD"
2173,17,52,815653,TRUE,201,1403,0.000117463,9.4207e-05,0.381197,0.160105,FALSE,NA,NA,NA,NA,NA,NA,2,NA
2174,17,815654,1480056,TRUE,173,1097,NA,0.000444388,NA,7.4988e-06,FALSE,NA,NA,NA,NA,NA,NA,1,"ASD"
2175,17,1480057,2699135,TRUE,307,2074,NA,0.000491757,NA,5.09056e-05,FALSE,NA,NA,NA,NA,NA,NA,1,"ASD"
2176,17,2699136,3430440,FALSE,NA,NA,NA,NA,NA,NA,FALSE,NA,NA,NA,NA,NA,NA,NA,NA
2177,17,3430441,4463971,TRUE,263,1908,NA,0.000379304,NA,0.000565556,FALSE,NA,NA,NA,NA,NA,NA,1,"ASD"
2178,17,4463972,5573784,TRUE,278,2664,NA,0.000240953,NA,0.0179365,FALSE,NA,NA,NA,NA,NA,NA,1,"ASD"
2179,17,5573785,6305078,TRUE,284,1893,NA,0.000341879,NA,0.00174059,FALSE,NA,NA,NA,NA,NA,NA,1,"ASD"
2180,17,6305079,7264458,TRUE,325,1930,NA,0.000230477,NA,0.0300351,FALSE,NA,NA,NA,NA,NA,NA,1,"ASD"
2181,17,7264459,8554763,TRUE,332,2409,NA,0.000458398,NA,0.000180273,FALSE,NA,NA,NA,NA,NA,NA,1,"ASD"
2182,17,8554764,9619356,TRUE,337,1972,NA,0.000457457,NA,0.000217758,FALSE,NA,NA,NA,NA,NA,NA,1,"ASD"
2183,17,9619357,10572617,TRUE,306,2259,NA,0.000402816,NA,0.000528749,FALSE,NA,NA,NA,NA,NA,NA,1,"ASD"
2184,17,10572618,11778164,TRUE,322,2366,NA,0.000348157,NA,0.00286503,FALSE,NA,NA,NA,NA,NA,NA,1,"ASD"
2185,17,11778165,12676353,TRUE,204,1572,NA,0.000353471,NA,0.000301488,FALSE,NA,NA,NA,NA,NA,NA,1,"ASD"
2186,17,12676354,13648446,TRUE,368,2781,0.00025073,0.000425773,0.326878,0.000695011,FALSE,NA,NA,NA,NA,NA,NA,2,NA
2187,17,13648447,14508610,TRUE,261,2073,NA,0.000732872,NA,1.81463e-09,FALSE,NA,NA,NA,NA,NA,NA,1,"ASD"
2188,17,14508611,15308722,TRUE,317,2415,0.00018933,0.00020284,0.35501,0.0432354,FALSE,NA,NA,NA,NA,NA,NA,2,NA
2189,17,15308723,16405207,TRUE,129,1462,NA,5.48974e-05,NA,0.226795,FALSE,NA,NA,NA,NA,NA,NA,1,"ASD"
2190,17,16405208,17326540,TRUE,153,1515,0.000403875,9.19406e-06,0.142876,0.43937,FALSE,NA,NA,NA,NA,NA,NA,2,NA
2191,17,17326541,18900978,TRUE,166,1910,NA,0.000202249,NA,0.0114889,FALSE,NA,NA,NA,NA,NA,NA,1,"ASD"
2192,17,18900979,20402494,TRUE,95,1186,NA,0.00013636,NA,0.0220973,FALSE,NA,NA,NA,NA,NA,NA,1,"ASD"
2193,17,20402495,21432873,TRUE,112,900,0.000190421,1.25965e-05,0.26787,0.412786,FALSE,NA,NA,NA,NA,NA,NA,2,NA
2194,17,21432874,25872110,TRUE,76,1647,0.000300905,0.000112526,0.130882,0.0351926,FALSE,NA,NA,NA,NA,NA,NA,2,NA
2195,17,25872111,27344401,TRUE,258,1716,NA,0.000925903,NA,3.04236e-13,FALSE,NA,NA,NA,NA,NA,NA,1,"ASD"
2196,17,27344402,29783141,TRUE,187,2677,NA,0.000358213,NA,0.000141785,FALSE,NA,NA,NA,NA,NA,NA,1,"ASD"
2197,17,29783142,31318753,TRUE,321,2630,7.6539e-05,0.000274489,0.434158,0.0123847,FALSE,NA,NA,NA,NA,NA,NA,2,NA
2198,17,31318754,32356061,TRUE,378,2574,NA,0.00055216,NA,3.60183e-05,FALSE,NA,NA,NA,NA,NA,NA,1,"ASD"
2199,17,32356062,33614189,TRUE,331,2546,0.000249306,0.00021418,0.319203,0.0378379,FALSE,NA,NA,NA,NA,NA,NA,2,NA
2200,17,33614190,34474611,TRUE,168,1789,NA,0.00017611,NA,0.0242612,FALSE,NA,NA,NA,NA,NA,NA,1,"ASD"
2201,17,34474612,36116884,TRUE,282,1859,NA,0.000294715,NA,0.00667489,FALSE,NA,NA,NA,NA,NA,NA,1,"ASD"
2202,17,36116885,37361178,TRUE,304,1794,NA,0.000535709,NA,1.92906e-05,FALSE,NA,NA,NA,NA,NA,NA,1,"ASD"
2203,17,37361179,38880481,TRUE,198,2183,NA,0.000562835,NA,1.97027e-07,FALSE,NA,NA,NA,NA,NA,NA,1,"ASD"
2204,17,38880482,40233545,TRUE,227,3045,0.000916653,0.00030644,0.027806,0.00179362,TRUE,-0.0416305,-0.0416305,FALSE,-1,0.6637,0.905,2,NA
2205,17,40233546,42348003,TRUE,298,2776,0.000171367,0.000407841,0.363242,0.000395455,FALSE,NA,NA,NA,NA,NA,NA,2,NA
2206,17,42348004,43460500,TRUE,227,1848,0.000146772,0.000534431,0.364147,1.01752e-06,FALSE,NA,NA,NA,NA,NA,NA,2,NA
2207,17,43460501,44865832,TRUE,75,2398,0.000976904,0.000206206,0.000701674,0.000683243,TRUE,0.389232,0.389232,FALSE,-0.25238,0.94883,0.172543,2,NA
2208,17,44865833,45883901,TRUE,148,1906,NA,0.000292909,NA,0.000526605,FALSE,NA,NA,NA,NA,NA,NA,1,"ASD"
2209,17,45883902,47516224,TRUE,299,3319,0.000653971,0.000699114,0.109772,3.06116e-08,FALSE,NA,NA,NA,NA,NA,NA,2,NA
2210,17,47516225,48722590,TRUE,390,1798,NA,0.000244901,NA,0.0352827,FALSE,NA,NA,NA,NA,NA,NA,1,"ASD"
2211,17,48722591,49909298,TRUE,262,2090,7.57501e-05,0.000192086,0.427868,0.0402327,FALSE,NA,NA,NA,NA,NA,NA,2,NA
2212,17,49909299,51110385,TRUE,139,2687,NA,0.000236314,NA,0.00282749,FALSE,NA,NA,NA,NA,NA,NA,1,"ASD"
2213,17,51110386,52102649,TRUE,167,1962,NA,9.38238e-05,NA,0.130765,FALSE,NA,NA,NA,NA,NA,NA,1,"ASD"
2214,17,52102650,53468006,TRUE,320,2824,NA,0.000298457,NA,0.0075941,FALSE,NA,NA,NA,NA,NA,NA,1,"ASD"
2215,17,53468007,54950107,TRUE,210,2524,NA,0.000162549,NA,0.0467544,FALSE,NA,NA,NA,NA,NA,NA,1,"ASD"
2216,17,54950108,56245227,TRUE,418,2204,NA,0.000314222,NA,0.0125515,FALSE,NA,NA,NA,NA,NA,NA,1,"ASD"
2217,17,56245228,58652809,TRUE,194,2453,NA,0.0003828,NA,9.40473e-05,FALSE,NA,NA,NA,NA,NA,NA,1,"ASD"
2218,17,58652810,60453120,FALSE,NA,NA,NA,NA,NA,NA,FALSE,NA,NA,NA,NA,NA,NA,NA,NA
2219,17,60453121,62112373,TRUE,147,1812,0.000177214,0.000175911,0.30531,0.0182739,FALSE,NA,NA,NA,NA,NA,NA,2,NA
2220,17,62112374,63548724,TRUE,178,1968,0.000335739,0.000244477,0.201235,0.00524302,FALSE,NA,NA,NA,NA,NA,NA,2,NA
2221,17,63548725,64438387,TRUE,128,2414,0.000111218,0.000313245,0.359599,7.94194e-05,FALSE,NA,NA,NA,NA,NA,NA,2,NA
2222,17,64438388,65582327,TRUE,358,2342,0.000753863,0.000488797,0.098312,0.000192861,FALSE,NA,NA,NA,NA,NA,NA,2,NA
2223,17,65582328,66757556,TRUE,320,2333,0.000701956,0.000269504,0.101709,0.0140491,FALSE,NA,NA,NA,NA,NA,NA,2,NA
2224,17,66757557,68176219,TRUE,204,2316,NA,0.000256665,NA,0.0046845,FALSE,NA,NA,NA,NA,NA,NA,1,"ASD"
2225,17,68176220,69245590,TRUE,272,2596,NA,0.000326024,NA,0.00220089,FALSE,NA,NA,NA,NA,NA,NA,1,"ASD"
2226,17,69245591,70495119,TRUE,366,2314,NA,0.000767158,NA,3.05109e-08,FALSE,NA,NA,NA,NA,NA,NA,1,"ASD"
2227,17,70495120,71466953,TRUE,375,1930,NA,0.000240978,NA,0.0327514,FALSE,NA,NA,NA,NA,NA,NA,1,"ASD"
2228,17,71466954,72383472,TRUE,378,2119,0.000202957,0.000284205,0.35808,0.0165079,FALSE,NA,NA,NA,NA,NA,NA,2,NA
2229,17,72383473,73741321,TRUE,289,2556,0.000236663,0.000639642,0.316198,2.18748e-07,FALSE,NA,NA,NA,NA,NA,NA,2,NA
2230,17,73741322,74908266,TRUE,264,2241,0.000542139,0.000346923,0.137856,0.00127455,FALSE,NA,NA,NA,NA,NA,NA,2,NA
2231,17,74908267,75619256,TRUE,264,1726,NA,0.000229719,NA,0.0203235,FALSE,NA,NA,NA,NA,NA,NA,1,"ASD"
2232,17,75619257,76596287,TRUE,365,2161,NA,0.000231162,NA,0.0379096,FALSE,NA,NA,NA,NA,NA,NA,1,"ASD"
2233,17,76596288,77412786,TRUE,273,1651,NA,0.000131842,NA,0.116804,FALSE,NA,NA,NA,NA,NA,NA,1,"ASD"
2234,17,77412787,78438332,TRUE,264,1715,NA,0.000485415,NA,3.72008e-05,FALSE,NA,NA,NA,NA,NA,NA,1,"ASD"
2235,17,78438333,79333774,TRUE,194,1941,NA,1.937e-06,NA,0.478131,FALSE,NA,NA,NA,NA,NA,NA,1,"ASD"
2236,17,79333775,80459149,TRUE,64,1407,NA,0.000171306,NA,0.0030151,FALSE,NA,NA,NA,NA,NA,NA,1,"ASD"
2237,17,80459150,81192460,TRUE,117,1492,NA,9.54499e-05,NA,0.0964573,FALSE,NA,NA,NA,NA,NA,NA,1,"ASD"
2238,18,10719,848350,TRUE,209,1607,NA,0.000218914,NA,0.0139429,FALSE,NA,NA,NA,NA,NA,NA,1,"ASD"
2239,18,848351,1940211,TRUE,228,2322,0.00046236,8.5215e-05,0.157412,0.19169,FALSE,NA,NA,NA,NA,NA,NA,2,NA
2240,18,1940212,2839842,FALSE,NA,NA,NA,NA,NA,NA,FALSE,NA,NA,NA,NA,NA,NA,NA,NA
2241,18,2839843,3722828,TRUE,299,1868,NA,0.00033691,NA,0.00261541,FALSE,NA,NA,NA,NA,NA,NA,1,"ASD"
2242,18,3722829,4603961,TRUE,270,1742,NA,0.000204841,NA,0.0335771,FALSE,NA,NA,NA,NA,NA,NA,1,"ASD"
2243,18,4603962,5575812,TRUE,211,2094,NA,0.000161832,NA,0.0502153,FALSE,NA,NA,NA,NA,NA,NA,1,"ASD"
2244,18,5575813,6756496,TRUE,357,2406,0.000274554,0.000464847,0.310054,0.00025002,FALSE,NA,NA,NA,NA,NA,NA,2,NA
2245,18,6756497,7862479,TRUE,304,2123,9.4054e-05,NA,0.419575,NA,FALSE,NA,NA,NA,NA,NA,NA,1,"ADHD"
2246,18,7862480,8788524,TRUE,293,2241,0.000226146,0.000497065,0.324377,2.84592e-05,FALSE,NA,NA,NA,NA,NA,NA,2,NA
2247,18,8788525,9816164,TRUE,409,2837,NA,0.000701851,NA,7.36228e-07,FALSE,NA,NA,NA,NA,NA,NA,1,"ASD"
2248,18,9816165,10675548,TRUE,335,1986,NA,0.000352412,NA,0.00264768,FALSE,NA,NA,NA,NA,NA,NA,1,"ASD"
2249,18,10675549,11872226,TRUE,301,2733,NA,0.000358177,NA,0.00152529,FALSE,NA,NA,NA,NA,NA,NA,1,"ASD"
2250,18,11872227,12735558,TRUE,198,2051,NA,0.000415705,NA,2.45444e-05,FALSE,NA,NA,NA,NA,NA,NA,1,"ASD"
2251,18,12735559,13641479,TRUE,292,1901,NA,0.000611679,NA,6.22407e-07,FALSE,NA,NA,NA,NA,NA,NA,1,"ASD"
2252,18,13641480,14439251,TRUE,98,1310,0.000452455,5.2052e-05,0.0735094,0.202521,FALSE,NA,NA,NA,NA,NA,NA,2,NA
2253,18,14439252,15220934,TRUE,24,509,NA,2.93802e-05,NA,0.17613,FALSE,NA,NA,NA,NA,NA,NA,1,"ASD"
2254,18,15220935,20009696,TRUE,115,1317,NA,7.00419e-05,NA,0.156607,FALSE,NA,NA,NA,NA,NA,NA,1,"ASD"
2255,18,20009697,21622716,TRUE,210,2576,0.000163957,4.22664e-07,0.344975,0.485275,FALSE,NA,NA,NA,NA,NA,NA,2,NA
2256,18,21622717,22746153,TRUE,320,2339,NA,0.000381583,NA,0.00103278,FALSE,NA,NA,NA,NA,NA,NA,1,"ASD"
2257,18,22746154,24088163,TRUE,312,2578,NA,0.000373744,NA,0.00119054,FALSE,NA,NA,NA,NA,NA,NA,1,"ASD"
2258,18,24088164,25305260,TRUE,312,2441,0.000495222,0.000349359,0.177688,0.00204251,FALSE,NA,NA,NA,NA,NA,NA,2,NA
2259,18,25305261,26861067,TRUE,235,2810,0.000384923,0.000381366,0.202181,0.000221986,FALSE,NA,NA,NA,NA,NA,NA,2,NA
2260,18,26861068,27823155,TRUE,109,1971,0.000295448,0.000149109,0.174583,0.0196876,FALSE,NA,NA,NA,NA,NA,NA,2,NA
2261,18,27823156,28792734,TRUE,238,2265,8.13698e-05,0.000681085,0.419765,6.48197e-09,FALSE,NA,NA,NA,NA,NA,NA,2,NA
2262,18,28792735,30401128,TRUE,342,3176,NA,0.000453959,NA,0.000244062,FALSE,NA,NA,NA,NA,NA,NA,1,"ASD"
2263,18,30401129,32458907,TRUE,269,3166,NA,0.000178398,NA,0.055757,FALSE,NA,NA,NA,NA,NA,NA,1,"ASD"
2264,18,32458908,34153297,TRUE,364,2958,NA,0.000885981,NA,3.29404e-10,FALSE,NA,NA,NA,NA,NA,NA,1,"ASD"
2265,18,34153298,36056932,TRUE,417,3623,NA,0.000154482,NA,0.122859,FALSE,NA,NA,NA,NA,NA,NA,1,"ASD"
2266,18,36056933,37679127,TRUE,255,2757,0.000737959,0.000624415,0.0691789,9.75171e-08,FALSE,NA,NA,NA,NA,NA,NA,2,NA
2267,18,37679128,38498381,TRUE,156,2156,NA,6.95267e-05,NA,0.192442,FALSE,NA,NA,NA,NA,NA,NA,1,"ASD"
2268,18,38498382,39410165,TRUE,188,1769,NA,0.000483014,NA,1.36089e-06,FALSE,NA,NA,NA,NA,NA,NA,1,"ASD"
2269,18,39410166,40471407,TRUE,139,2049,0.000337771,0.000344038,0.172132,5.7074e-05,FALSE,NA,NA,NA,NA,NA,NA,2,NA
2270,18,40471408,41425454,TRUE,182,1993,NA,0.000482297,NA,9.52702e-07,FALSE,NA,NA,NA,NA,NA,NA,1,"ASD"
2271,18,41425455,42974165,TRUE,386,2824,NA,0.000872448,NA,1.23899e-09,FALSE,NA,NA,NA,NA,NA,NA,1,"ASD"
2272,18,42974166,44300145,TRUE,434,2921,NA,0.000509615,NA,0.000219666,FALSE,NA,NA,NA,NA,NA,NA,1,"ASD"
2273,18,44300146,45718492,TRUE,343,2968,NA,0.000731757,NA,3.86819e-08,FALSE,NA,NA,NA,NA,NA,NA,1,"ASD"
2274,18,45718493,46558306,TRUE,393,1922,NA,0.000409435,NA,0.00133528,FALSE,NA,NA,NA,NA,NA,NA,1,"ASD"
2275,18,46558307,47455925,TRUE,169,2060,0.000201022,0.000247656,0.296682,0.00317794,FALSE,NA,NA,NA,NA,NA,NA,2,NA
2276,18,47455926,48228379,TRUE,242,1785,NA,0.00048047,NA,9.6535e-06,FALSE,NA,NA,NA,NA,NA,NA,1,"ASD"
2277,18,48228380,49790996,TRUE,347,3013,NA,0.000315317,NA,0.00693228,FALSE,NA,NA,NA,NA,NA,NA,1,"ASD"
2278,18,49790997,50372823,TRUE,161,1889,0.000133505,0.000359091,0.352863,6.07264e-05,FALSE,NA,NA,NA,NA,NA,NA,2,NA
2279,18,50372824,51060986,TRUE,78,1730,NA,0.000349805,NA,4.91877e-07,FALSE,NA,NA,NA,NA,NA,NA,1,"ASD"
2280,18,51060987,52512523,TRUE,132,3323,NA,4.79216e-05,NA,0.248951,FALSE,NA,NA,NA,NA,NA,NA,1,"ASD"
2281,18,52512524,53762996,TRUE,261,2070,NA,0.000298143,NA,0.00351389,FALSE,NA,NA,NA,NA,NA,NA,1,"ASD"
2282,18,53762997,54957867,TRUE,211,2154,0.00109474,0.000465639,0.00990205,8.1092e-06,TRUE,-0.38985,-0.38985,FALSE,-1,0.1255,0.15134,2,NA
2283,18,54957868,55809315,TRUE,255,2249,NA,0.000222258,NA,0.0191004,FALSE,NA,NA,NA,NA,NA,NA,1,"ASD"
2284,18,55809316,56832312,TRUE,369,2438,0.00061763,0.000292827,0.146243,0.0119399,FALSE,NA,NA,NA,NA,NA,NA,2,NA
2285,18,56832313,57635821,TRUE,241,2000,NA,0.000218116,NA,0.0205954,FALSE,NA,NA,NA,NA,NA,NA,1,"ASD"
2286,18,57635822,58527236,TRUE,148,1895,NA,0.00017913,NA,0.0172677,FALSE,NA,NA,NA,NA,NA,NA,1,"ASD"
2287,18,58527237,59449422,TRUE,202,1501,0.000732577,0.000396224,0.0508357,6.75085e-05,FALSE,NA,NA,NA,NA,NA,NA,2,NA
2288,18,59449423,60780194,TRUE,326,3164,NA,0.000257301,NA,0.0169584,FALSE,NA,NA,NA,NA,NA,NA,1,"ASD"
2289,18,60780195,62074993,TRUE,232,2800,0.00020429,0.000407636,0.321085,0.000113884,FALSE,NA,NA,NA,NA,NA,NA,2,NA
2290,18,62074994,63109755,FALSE,NA,NA,NA,NA,NA,NA,FALSE,NA,NA,NA,NA,NA,NA,NA,NA
2291,18,63109756,64253143,TRUE,159,2458,0.000417121,8.92713e-05,0.139952,0.13838,FALSE,NA,NA,NA,NA,NA,NA,2,NA
2292,18,64253144,65294195,TRUE,165,2572,0.00147902,0.000176781,0.000349716,0.022309,TRUE,0.0363747,0.0363747,FALSE,-1,0.70358,0.910949,2,NA
2293,18,65294196,66407960,TRUE,251,2877,NA,0.00024814,NA,0.0108582,FALSE,NA,NA,NA,NA,NA,NA,1,"ASD"
2294,18,66407961,67195980,TRUE,156,1819,NA,0.000119759,NA,0.0733524,FALSE,NA,NA,NA,NA,NA,NA,1,"ASD"
2295,18,67195981,68051035,TRUE,207,1784,NA,0.000233382,NA,0.0105317,FALSE,NA,NA,NA,NA,NA,NA,1,"ASD"
2296,18,68051036,69311742,TRUE,357,3286,NA,0.000513876,NA,6.047e-05,FALSE,NA,NA,NA,NA,NA,NA,1,"ASD"
2297,18,69311743,70540349,TRUE,290,3037,0.00015971,0.000331218,0.369769,0.00238929,FALSE,NA,NA,NA,NA,NA,NA,2,NA
2298,18,70540350,71491860,TRUE,270,2529,NA,0.000111409,NA,0.148521,FALSE,NA,NA,NA,NA,NA,NA,1,"ASD"
2299,18,71491861,72785206,TRUE,275,2475,NA,0.000206277,NA,0.0312576,FALSE,NA,NA,NA,NA,NA,NA,1,"ASD"
2300,18,72785207,73568260,TRUE,236,1966,NA,0.000263335,NA,0.00702977,FALSE,NA,NA,NA,NA,NA,NA,1,"ASD"
2301,18,73568261,74471745,TRUE,316,2376,NA,0.000343305,NA,0.00335907,FALSE,NA,NA,NA,NA,NA,NA,1,"ASD"
2302,18,74471746,75240760,TRUE,325,2406,NA,0.000133775,NA,0.127428,FALSE,NA,NA,NA,NA,NA,NA,1,"ASD"
2303,18,75240761,76231685,TRUE,346,2706,NA,9.80224e-05,NA,0.20546,FALSE,NA,NA,NA,NA,NA,NA,1,"ASD"
2304,18,76231686,77148137,TRUE,229,2629,NA,0.000184358,NA,0.0387656,FALSE,NA,NA,NA,NA,NA,NA,1,"ASD"
2305,18,77148138,78017072,TRUE,143,1693,0.000389317,0.000652907,0.143536,3.97836e-10,FALSE,NA,NA,NA,NA,NA,NA,2,NA
2306,19,64705,762046,TRUE,33,242,NA,5.18689e-05,NA,0.105292,FALSE,NA,NA,NA,NA,NA,NA,1,"ASD"
2307,19,762047,1515920,TRUE,35,124,NA,1.2204e-05,NA,0.359625,FALSE,NA,NA,NA,NA,NA,NA,1,"ASD"
2308,19,1515921,2253174,TRUE,61,388,7.22749e-06,8.05673e-05,0.463885,0.0821699,FALSE,NA,NA,NA,NA,NA,NA,2,NA
2309,19,2253175,3085446,TRUE,166,1267,NA,0.000227,NA,0.00842291,FALSE,NA,NA,NA,NA,NA,NA,1,"ASD"
2310,19,3085447,3893909,TRUE,110,758,NA,0.000244859,NA,0.00120207,FALSE,NA,NA,NA,NA,NA,NA,1,"ASD"
2311,19,3893910,4741718,TRUE,96,843,NA,0.000168259,NA,0.0115878,FALSE,NA,NA,NA,NA,NA,NA,1,"ASD"
2312,19,4741719,5478684,TRUE,287,1647,NA,0.00029268,NA,0.00660201,FALSE,NA,NA,NA,NA,NA,NA,1,"ASD"
2313,19,5478685,6455428,TRUE,199,1896,NA,0.000414727,NA,7.37975e-05,FALSE,NA,NA,NA,NA,NA,NA,1,"ASD"
2314,19,6455429,7249359,TRUE,224,1608,0.000127721,0.000132778,0.378765,0.0916855,FALSE,NA,NA,NA,NA,NA,NA,2,NA
2315,19,7249360,8199016,TRUE,217,1806,0.000453328,4.14211e-06,0.156264,0.470557,FALSE,NA,NA,NA,NA,NA,NA,2,NA
2316,19,8199017,9105577,TRUE,176,1457,0.000454403,4.88376e-06,0.132137,0.463633,FALSE,NA,NA,NA,NA,NA,NA,2,NA
2317,19,9105578,10028840,TRUE,92,1858,0.000693955,0.000148189,0.0142775,0.0140885,TRUE,0.15072,0.15072,FALSE,-1,0.98967,0.700316,2,NA
2318,19,10028841,11681978,TRUE,369,3073,NA,0.0006474,NA,2.93315e-06,FALSE,NA,NA,NA,NA,NA,NA,1,"ASD"
2319,19,11681979,13213186,TRUE,225,2395,NA,0.000509309,NA,2.55246e-06,FALSE,NA,NA,NA,NA,NA,NA,1,"ASD"
2320,19,13213187,13968319,TRUE,222,1321,0.000262506,0.000265047,0.27464,0.00578263,FALSE,NA,NA,NA,NA,NA,NA,2,NA
2321,19,13968320,14891100,TRUE,175,1250,NA,0.000267435,NA,0.00229171,FALSE,NA,NA,NA,NA,NA,NA,1,"ASD"
2322,19,14891101,15650185,TRUE,214,1726,NA,9.09243e-06,NA,0.449163,FALSE,NA,NA,NA,NA,NA,NA,1,"ASD"
2323,19,15650186,16079006,TRUE,114,1734,0.000155203,NA,0.304764,NA,FALSE,NA,NA,NA,NA,NA,NA,1,"ADHD"
2324,19,16079007,17045963,TRUE,160,1726,0.00015545,5.16966e-05,0.332115,0.261355,FALSE,NA,NA,NA,NA,NA,NA,2,NA
2325,19,17045964,17750518,TRUE,189,1515,NA,0.000519434,NA,4.06702e-07,FALSE,NA,NA,NA,NA,NA,NA,1,"ASD"
2326,19,17750519,18504867,TRUE,210,1496,NA,0.000232513,NA,0.0119051,FALSE,NA,NA,NA,NA,NA,NA,1,"ASD"
2327,19,18504868,19749166,TRUE,187,1743,NA,0.00038348,NA,7.90356e-05,FALSE,NA,NA,NA,NA,NA,NA,1,"ASD"
2328,19,19749167,20485499,TRUE,121,1743,8.33454e-07,NA,0.481913,NA,FALSE,NA,NA,NA,NA,NA,NA,1,"ADHD"
2329,19,20485500,21155862,TRUE,44,1757,NA,9.78438e-05,NA,0.0211702,FALSE,NA,NA,NA,NA,NA,NA,1,"ASD"
2330,19,21155863,21822653,TRUE,64,1587,NA,5.57592e-05,NA,0.142766,FALSE,NA,NA,NA,NA,NA,NA,1,"ASD"
2331,19,21822654,22729408,FALSE,NA,NA,NA,NA,NA,NA,FALSE,NA,NA,NA,NA,NA,NA,NA,NA
2332,19,22729409,23468992,TRUE,59,1848,NA,6.26965e-05,NA,0.110438,FALSE,NA,NA,NA,NA,NA,NA,1,"ASD"
2333,19,23468993,24567341,FALSE,NA,NA,NA,NA,NA,NA,FALSE,NA,NA,NA,NA,NA,NA,NA,NA
2334,19,24567342,28555845,TRUE,52,1422,0.000529942,0.00021455,0.0149048,0.000132077,TRUE,0.247271,0.247271,FALSE,-0.65075,0.97543,0.455597,2,NA
2335,19,28555846,29389090,TRUE,185,2705,NA,0.000321775,NA,0.000486525,FALSE,NA,NA,NA,NA,NA,NA,1,"ASD"
2336,19,29389091,30375792,TRUE,346,2616,NA,0.000252253,NA,0.0211747,FALSE,NA,NA,NA,NA,NA,NA,1,"ASD"
2337,19,30375793,31763008,TRUE,277,1976,NA,0.00040244,NA,0.000372603,FALSE,NA,NA,NA,NA,NA,NA,1,"ASD"
2338,19,31763009,33028099,TRUE,271,2233,NA,0.000476962,NA,2.49475e-05,FALSE,NA,NA,NA,NA,NA,NA,1,"ASD"
2339,19,33028100,33785835,TRUE,178,1984,0.000124574,0.000139935,0.367662,0.0586336,FALSE,NA,NA,NA,NA,NA,NA,2,NA
2340,19,33785836,34633274,TRUE,272,2122,0.000711128,0.000508679,0.0824109,1.60556e-05,FALSE,NA,NA,NA,NA,NA,NA,2,NA
2341,19,34633275,35649343,TRUE,212,2023,0.000849594,0.000369794,0.0329804,0.000251962,TRUE,-0.324241,-0.324241,FALSE,-1,0.29689,0.327387,2,NA
2342,19,35649344,36638122,TRUE,306,2021,0.000330486,0.000333321,0.262329,0.00326555,FALSE,NA,NA,NA,NA,NA,NA,2,NA
2343,19,36638123,38472870,TRUE,131,2962,0.000312349,0.000212911,0.18286,0.00450623,FALSE,NA,NA,NA,NA,NA,NA,2,NA
2344,19,38472871,39370419,TRUE,226,1970,0.000247501,0.000298257,0.287036,0.0025557,FALSE,NA,NA,NA,NA,NA,NA,2,NA
2345,19,39370420,40171413,TRUE,201,1709,NA,0.000198381,NA,0.0204579,FALSE,NA,NA,NA,NA,NA,NA,1,"ASD"
2346,19,40171414,41004105,TRUE,155,1594,0.000903498,0.000188697,0.0128197,0.0193515,TRUE,0.39052,0.39052,FALSE,-0.59216,1,0.313811,2,NA
2347,19,41004106,41733463,TRUE,196,1507,NA,8.77425e-05,NA,0.166532,FALSE,NA,NA,NA,NA,NA,NA,1,"ASD"
2348,19,41733464,43317282,TRUE,163,1586,NA,0.000136324,NA,0.0619255,FALSE,NA,NA,NA,NA,NA,NA,1,"ASD"
2349,19,43317283,43960958,TRUE,60,573,0.000245407,NA,0.149317,NA,FALSE,NA,NA,NA,NA,NA,NA,1,"ADHD"
2350,19,43960959,45040932,TRUE,251,2296,NA,0.000257887,NA,0.00915292,FALSE,NA,NA,NA,NA,NA,NA,1,"ASD"
2351,19,45040933,45893307,TRUE,264,1544,NA,6.44488e-05,NA,0.271029,FALSE,NA,NA,NA,NA,NA,NA,1,"ASD"
2352,19,45893308,46765060,TRUE,257,1833,NA,7.88568e-05,NA,0.220594,FALSE,NA,NA,NA,NA,NA,NA,1,"ASD"
2353,19,46765061,47752727,TRUE,251,1669,NA,0.000298143,NA,0.00366928,FALSE,NA,NA,NA,NA,NA,NA,1,"ASD"
2354,19,47752728,48573065,TRUE,174,1561,NA,0.000213191,NA,0.0110746,FALSE,NA,NA,NA,NA,NA,NA,1,"ASD"
2355,19,48573066,49415189,TRUE,229,1877,0.000171683,0.000179552,0.345046,0.0434657,FALSE,NA,NA,NA,NA,NA,NA,2,NA
2356,19,49415190,50451925,TRUE,244,1670,0.000544764,0.00019975,0.127917,0.0311026,FALSE,NA,NA,NA,NA,NA,NA,2,NA
2357,19,50451926,51259178,TRUE,201,1267,NA,0.000248271,NA,0.00613487,FALSE,NA,NA,NA,NA,NA,NA,1,"ASD"
2358,19,51259179,51903804,TRUE,238,1305,NA,0.000170344,NA,0.0505493,FALSE,NA,NA,NA,NA,NA,NA,1,"ASD"
2359,19,51903805,52678748,TRUE,293,2328,NA,0.000134643,NA,0.113826,FALSE,NA,NA,NA,NA,NA,NA,1,"ASD"
2360,19,52678749,53431217,TRUE,263,2122,NA,0.000231189,NA,0.0189577,FALSE,NA,NA,NA,NA,NA,NA,1,"ASD"
2361,19,53431218,54042240,TRUE,272,1778,NA,0.000114324,NA,0.147992,FALSE,NA,NA,NA,NA,NA,NA,1,"ASD"
2362,19,54042241,54602370,TRUE,103,604,NA,5.2653e-07,NA,0.478443,FALSE,NA,NA,NA,NA,NA,NA,1,"ASD"
2363,19,54602371,55182973,FALSE,NA,NA,NA,NA,NA,NA,FALSE,NA,NA,NA,NA,NA,NA,NA,NA
2364,19,55182974,55714085,TRUE,139,963,NA,5.50153e-05,NA,0.238624,FALSE,NA,NA,NA,NA,NA,NA,1,"ASD"
2365,19,55714086,56411086,TRUE,313,1371,7.21175e-06,4.55783e-06,0.484046,0.474021,FALSE,NA,NA,NA,NA,NA,NA,2,NA
2366,19,56411087,57143509,TRUE,277,1836,5.37836e-05,0.000374596,0.446738,0.00076439,FALSE,NA,NA,NA,NA,NA,NA,2,NA
2367,19,57143510,57959952,TRUE,296,1869,NA,0.000133134,NA,0.122162,FALSE,NA,NA,NA,NA,NA,NA,1,"ASD"
2368,19,57959953,59118811,TRUE,213,2155,NA,0.000238086,NA,0.00889851,FALSE,NA,NA,NA,NA,NA,NA,1,"ASD"
2369,20,60795,884241,FALSE,NA,NA,NA,NA,NA,NA,FALSE,NA,NA,NA,NA,NA,NA,NA,NA
2370,20,884242,1771285,TRUE,333,2089,0.000321082,0.000455946,0.276187,0.000189834,FALSE,NA,NA,NA,NA,NA,NA,2,NA
2371,20,1771286,2668108,TRUE,304,2150,NA,0.000214046,NA,0.0341545,FALSE,NA,NA,NA,NA,NA,NA,1,"ASD"
2372,20,2668109,3736551,TRUE,243,2079,0.000880061,0.000265391,0.0369572,0.00710469,TRUE,0.254751,0.254751,FALSE,-0.95625,1,0.512089,2,NA
2373,20,3736552,4591847,TRUE,320,2276,NA,0.000188239,NA,0.0582081,FALSE,NA,NA,NA,NA,NA,NA,1,"ASD"
2374,20,4591848,5379450,TRUE,202,1821,NA,0.000241811,NA,0.00750961,FALSE,NA,NA,NA,NA,NA,NA,1,"ASD"
2375,20,5379451,6128358,FALSE,NA,NA,NA,NA,NA,NA,FALSE,NA,NA,NA,NA,NA,NA,NA,NA
2376,20,6128359,7231796,TRUE,251,2132,NA,0.000186888,NA,0.0408751,FALSE,NA,NA,NA,NA,NA,NA,1,"ASD"
2377,20,7231797,7959828,TRUE,98,1680,0.000264227,0.000128546,0.187231,0.0285845,FALSE,NA,NA,NA,NA,NA,NA,2,NA
2378,20,7959829,9279550,TRUE,357,2836,NA,0.000885759,NA,2.16796e-10,FALSE,NA,NA,NA,NA,NA,NA,1,"ASD"
2379,20,9279551,10279603,TRUE,275,2069,NA,0.00013498,NA,0.106483,FALSE,NA,NA,NA,NA,NA,NA,1,"ASD"
2380,20,10279604,11257012,TRUE,283,2245,NA,0.000456829,NA,6.6633e-05,FALSE,NA,NA,NA,NA,NA,NA,1,"ASD"
2381,20,11257013,12353961,TRUE,253,2467,0.00026432,0.000486513,0.285787,1.03931e-05,FALSE,NA,NA,NA,NA,NA,NA,2,NA
2382,20,12353962,13202335,TRUE,210,2247,NA,8.5514e-05,NA,0.178326,FALSE,NA,NA,NA,NA,NA,NA,1,"ASD"
2383,20,13202336,14203755,TRUE,168,1917,NA,0.000200979,NA,0.0123567,FALSE,NA,NA,NA,NA,NA,NA,1,"ASD"
2384,20,14203756,15238519,TRUE,229,2288,0.00110306,0.000263708,0.011782,0.00591187,TRUE,-0.651034,-0.651034,FALSE,-1,0.02276,0.059297,2,NA
2385,20,15238520,15962576,TRUE,245,1690,NA,0.000302283,NA,0.00281043,FALSE,NA,NA,NA,NA,NA,NA,1,"ASD"
2386,20,15962577,16661516,TRUE,256,2157,0.000931933,0.000233988,0.0327584,0.0158482,TRUE,0.981358,0.981358,FALSE,0.32262,1,0.0159816,2,NA
2387,20,16661517,17359290,TRUE,246,1910,0.000125698,0.000249524,0.385661,0.0102096,FALSE,NA,NA,NA,NA,NA,NA,2,NA
2388,20,17359291,18058524,TRUE,252,1846,0.000195831,0.000473092,0.333874,3.01463e-05,FALSE,NA,NA,NA,NA,NA,NA,2,NA
2389,20,18058525,18959419,TRUE,193,2345,0.000754741,9.29338e-05,0.0429248,0.150823,FALSE,NA,NA,NA,NA,NA,NA,2,NA
2390,20,18959420,19957928,TRUE,315,2306,0.000131631,0.000393626,0.394323,0.000972449,FALSE,NA,NA,NA,NA,NA,NA,2,NA
2391,20,19957929,21682377,TRUE,317,2739,0.000971162,0.000646501,0.0411748,3.11025e-07,TRUE,0.160867,0.160867,FALSE,-0.57813,0.76982,0.5722,2,NA
2392,20,21682378,22780956,TRUE,152,1860,NA,0.00027507,NA,0.000878374,FALSE,NA,NA,NA,NA,NA,NA,1,"ASD"
2393,20,22780957,23808562,TRUE,234,2480,NA,0.000279517,NA,0.00378506,FALSE,NA,NA,NA,NA,NA,NA,1,"ASD"
2394,20,23808563,24487128,TRUE,147,1806,NA,0.00017623,NA,0.0187135,FALSE,NA,NA,NA,NA,NA,NA,1,"ASD"
2395,20,24487129,25181038,TRUE,128,1853,0.000247086,9.16903e-05,0.230558,0.113522,FALSE,NA,NA,NA,NA,NA,NA,2,NA
2396,20,25181039,26318858,TRUE,53,1347,NA,0.000155737,NA,0.00252516,FALSE,NA,NA,NA,NA,NA,NA,1,"ASD"
2397,20,26318859,30569659,TRUE,58,1126,NA,0.000102042,NA,0.0300201,FALSE,NA,NA,NA,NA,NA,NA,1,"ASD"
2398,20,30569660,32484506,TRUE,300,2599,0.00091052,0.000669167,0.0468215,8.35202e-08,TRUE,0.410212,0.410212,FALSE,-0.14543,1,0.151259,2,NA
2399,20,32484507,33890060,TRUE,102,1713,NA,7.19645e-05,NA,0.136054,FALSE,NA,NA,NA,NA,NA,NA,1,"ASD"
2400,20,33890061,35990261,TRUE,223,2526,NA,0.000424208,NA,4.8875e-05,FALSE,NA,NA,NA,NA,NA,NA,1,"ASD"
2401,20,35990262,37253657,TRUE,295,2147,0.000914926,0.000509741,0.0448341,2.18545e-05,TRUE,-0.532697,-0.532697,FALSE,-1,0.079,0.0909457,2,NA
2402,20,37253658,38427594,TRUE,235,2393,NA,0.000364462,NA,0.000428419,FALSE,NA,NA,NA,NA,NA,NA,1,"ASD"
2403,20,38427595,40272390,TRUE,324,3110,0.000724487,0.000484425,0.0962896,8.70466e-05,FALSE,NA,NA,NA,NA,NA,NA,2,NA
2404,20,40272391,41351514,TRUE,376,2561,NA,0.000609195,NA,6.20701e-06,FALSE,NA,NA,NA,NA,NA,NA,1,"ASD"
2405,20,41351515,42185671,TRUE,274,1626,0.000592658,0.000388924,0.121957,0.000431347,FALSE,NA,NA,NA,NA,NA,NA,2,NA
2406,20,42185672,43008890,TRUE,249,1651,NA,0.000169747,NA,0.053825,FALSE,NA,NA,NA,NA,NA,NA,1,"ASD"
2407,20,43008891,44072210,TRUE,236,1714,NA,0.000309994,NA,0.00199632,FALSE,NA,NA,NA,NA,NA,NA,1,"ASD"
2408,20,44072211,45673603,TRUE,400,3342,NA,0.000504179,NA,0.000210407,FALSE,NA,NA,NA,NA,NA,NA,1,"ASD"
2409,20,45673604,46486132,TRUE,228,1694,NA,0.000318297,NA,0.00147701,FALSE,NA,NA,NA,NA,NA,NA,1,"ASD"
2410,20,46486133,47203836,TRUE,244,1637,0.000177693,0.000117797,0.344994,0.125121,FALSE,NA,NA,NA,NA,NA,NA,2,NA
2411,20,47203837,48212975,TRUE,187,2259,0.000315956,0.000251699,0.219816,0.00417048,FALSE,NA,NA,NA,NA,NA,NA,2,NA
2412,20,48212976,49236418,TRUE,276,2255,NA,0.000571418,NA,2.60349e-06,FALSE,NA,NA,NA,NA,NA,NA,1,"ASD"
2413,20,49236419,50653620,TRUE,433,3317,0.00160012,0.000420056,0.00786418,0.00158967,TRUE,0.138118,0.138118,FALSE,-0.74778,0.74202,0.647145,2,NA
2414,20,50653621,51533750,TRUE,141,1814,0.000104428,0.000113255,0.372733,0.0748024,FALSE,NA,NA,NA,NA,NA,NA,2,NA
2415,20,51533751,52411532,TRUE,316,1631,0.000128923,0.000550497,0.396383,9.31711e-06,FALSE,NA,NA,NA,NA,NA,NA,2,NA
2416,20,52411533,53120334,TRUE,222,1793,2.31992e-05,0.000226461,0.467092,0.0127727,FALSE,NA,NA,NA,NA,NA,NA,2,NA
2417,20,53120335,53879803,TRUE,122,1686,0.000245972,0.000167153,0.226381,0.0146607,FALSE,NA,NA,NA,NA,NA,NA,2,NA
2418,20,53879804,54743694,TRUE,150,1667,0.000439048,7.10243e-05,0.122182,0.184299,FALSE,NA,NA,NA,NA,NA,NA,2,NA
2419,20,54743695,55448075,TRUE,241,1551,NA,0.000228607,NA,0.0164255,FALSE,NA,NA,NA,NA,NA,NA,1,"ASD"
2420,20,55448076,56172843,TRUE,356,2115,0.000332903,0.000191888,0.275858,0.0617611,FALSE,NA,NA,NA,NA,NA,NA,2,NA
2421,20,56172844,56951773,TRUE,261,1713,NA,0.000330314,NA,0.00180212,FALSE,NA,NA,NA,NA,NA,NA,1,"ASD"
2422,20,56951774,57924037,TRUE,296,1782,NA,0.000154007,NA,0.090662,FALSE,NA,NA,NA,NA,NA,NA,1,"ASD"
2423,20,57924038,58780894,TRUE,269,1595,NA,0.000300667,NA,0.00446752,FALSE,NA,NA,NA,NA,NA,NA,1,"ASD"
2424,20,58780895,59560457,TRUE,207,1752,0.000730821,0.000359642,0.0531347,0.000243736,FALSE,NA,NA,NA,NA,NA,NA,2,NA
2425,20,59560458,60125333,TRUE,170,1634,NA,0.00014763,NA,0.0487516,FALSE,NA,NA,NA,NA,NA,NA,1,"ASD"
2426,20,60125334,60766557,TRUE,186,1362,0.00036252,7.23053e-05,0.189198,0.210087,FALSE,NA,NA,NA,NA,NA,NA,2,NA
2427,20,60766558,61470768,TRUE,116,810,0.000557674,0.000241593,0.0516563,0.00181127,FALSE,NA,NA,NA,NA,NA,NA,2,NA
2428,20,61470769,62179241,TRUE,137,947,NA,8.02066e-05,NA,0.157298,FALSE,NA,NA,NA,NA,NA,NA,1,"ASD"
2429,20,62179242,62963627,TRUE,87,990,0.000420665,0.000181546,0.0762989,0.00532177,FALSE,NA,NA,NA,NA,NA,NA,2,NA
2430,21,9411245,15026792,FALSE,NA,NA,NA,NA,NA,NA,FALSE,NA,NA,NA,NA,NA,NA,NA,NA
2431,21,15026793,15840033,TRUE,121,1557,NA,0.000100167,NA,0.0832461,FALSE,NA,NA,NA,NA,NA,NA,1,"ASD"
2432,21,15840034,16873443,TRUE,254,1908,NA,0.000480652,NA,1.72591e-05,FALSE,NA,NA,NA,NA,NA,NA,1,"ASD"
2433,21,16873444,18222037,TRUE,171,1624,0.000535988,0.000261528,0.0934863,0.00252562,FALSE,NA,NA,NA,NA,NA,NA,2,NA
2434,21,18222038,19479024,TRUE,268,2507,0.000421063,0.000188757,0.197026,0.043648,FALSE,NA,NA,NA,NA,NA,NA,2,NA
2435,21,19479025,20407307,TRUE,261,2265,NA,0.000380527,NA,0.000519928,FALSE,NA,NA,NA,NA,NA,NA,1,"ASD"
2436,21,20407308,21632916,TRUE,261,2951,NA,1.90996e-05,NA,0.416377,FALSE,NA,NA,NA,NA,NA,NA,1,"ASD"
2437,21,21632917,22201890,TRUE,177,1709,NA,7.22551e-05,NA,0.197185,FALSE,NA,NA,NA,NA,NA,NA,1,"ASD"
2438,21,22201891,23266941,TRUE,229,2757,0.000396441,0.000422303,0.192718,7.22671e-05,FALSE,NA,NA,NA,NA,NA,NA,2,NA
2439,21,23266942,24055941,TRUE,190,1634,NA,0.000245617,NA,0.0061053,FALSE,NA,NA,NA,NA,NA,NA,1,"ASD"
2440,21,24055942,25247986,FALSE,NA,NA,NA,NA,NA,NA,FALSE,NA,NA,NA,NA,NA,NA,NA,NA
2441,21,25247987,26467826,TRUE,235,3153,NA,0.00029637,NA,0.0026758,FALSE,NA,NA,NA,NA,NA,NA,1,"ASD"
2442,21,26467827,27774350,TRUE,273,2725,NA,0.000255766,NA,0.0127588,FALSE,NA,NA,NA,NA,NA,NA,1,"ASD"
2443,21,27774351,28616539,TRUE,226,2322,NA,0.00019771,NA,0.0257283,FALSE,NA,NA,NA,NA,NA,NA,1,"ASD"
2444,21,28616540,29449870,TRUE,194,1917,0.000409008,3.21592e-05,0.166851,0.350246,FALSE,NA,NA,NA,NA,NA,NA,2,NA
2445,21,29449871,30847296,TRUE,142,2947,0.000488277,0.000243391,0.0938837,0.00204139,FALSE,NA,NA,NA,NA,NA,NA,2,NA
2446,21,30847297,32202239,TRUE,167,3012,9.7787e-05,0.000331773,0.388887,0.000270602,FALSE,NA,NA,NA,NA,NA,NA,2,NA
2447,21,32202240,33270272,TRUE,258,2326,NA,0.000416145,NA,0.000160131,FALSE,NA,NA,NA,NA,NA,NA,1,"ASD"
2448,21,33270273,34383794,TRUE,271,2259,NA,0.000149255,NA,0.0833519,FALSE,NA,NA,NA,NA,NA,NA,1,"ASD"
2449,21,34383795,35729261,TRUE,404,2490,NA,0.000979441,NA,3.53185e-11,FALSE,NA,NA,NA,NA,NA,NA,1,"ASD"
2450,21,35729262,37303548,TRUE,382,3313,0.000740157,0.000689174,0.109232,5.84433e-07,FALSE,NA,NA,NA,NA,NA,NA,2,NA
2451,21,37303549,38046449,TRUE,178,2062,NA,0.000306921,NA,0.000649381,FALSE,NA,NA,NA,NA,NA,NA,1,"ASD"
2452,21,38046450,39252059,TRUE,294,2647,NA,0.000720005,NA,9.3944e-09,FALSE,NA,NA,NA,NA,NA,NA,1,"ASD"
2453,21,39252060,40480831,TRUE,343,2486,NA,0.000177951,NA,0.0722942,FALSE,NA,NA,NA,NA,NA,NA,1,"ASD"
2454,21,40480832,41344742,TRUE,224,2378,0.000215521,3.57514e-05,0.309738,0.344775,FALSE,NA,NA,NA,NA,NA,NA,2,NA
2455,21,41344743,42187152,TRUE,270,2216,0.000505207,0.000360998,0.156513,0.000788776,FALSE,NA,NA,NA,NA,NA,NA,2,NA
2456,21,42187153,43081434,TRUE,358,2055,NA,0.000227195,NA,0.0370418,FALSE,NA,NA,NA,NA,NA,NA,1,"ASD"
2457,21,43081435,43812791,TRUE,418,2343,0.00075628,0.000175608,0.114338,0.0989987,FALSE,NA,NA,NA,NA,NA,NA,2,NA
2458,21,43812792,44815008,TRUE,299,2640,NA,0.000814276,NA,8.27995e-10,FALSE,NA,NA,NA,NA,NA,NA,1,"ASD"
2459,21,44815009,46045433,TRUE,230,1941,NA,0.000304837,NA,0.00479141,FALSE,NA,NA,NA,NA,NA,NA,1,"ASD"
2460,21,46045434,47014880,TRUE,231,2188,NA,0.000242517,NA,0.0111862,FALSE,NA,NA,NA,NA,NA,NA,1,"ASD"
2461,21,47014881,48119633,TRUE,156,2173,NA,0.000328147,NA,0.000338958,FALSE,NA,NA,NA,NA,NA,NA,1,"ASD"
2462,22,16050213,17587474,TRUE,69,673,NA,1.54517e-05,NA,0.368792,FALSE,NA,NA,NA,NA,NA,NA,1,"ASD"
2463,22,17587475,18535225,TRUE,276,2105,NA,0.000221884,NA,0.0251696,FALSE,NA,NA,NA,NA,NA,NA,1,"ASD"
2464,22,18535226,19635654,TRUE,158,1672,0.000754264,0.000323318,0.0303281,0.000256566,TRUE,0.520412,0.520412,FALSE,-0.17879,1,0.120089,2,NA
2465,22,19635655,20969184,TRUE,155,1552,0.000245221,0.000355938,0.252004,9.82158e-05,FALSE,NA,NA,NA,NA,NA,NA,2,NA
2466,22,20969185,22404422,TRUE,154,1670,NA,0.000276279,NA,0.00130879,FALSE,NA,NA,NA,NA,NA,NA,1,"ASD"
2467,22,22404423,23143364,TRUE,71,942,6.08223e-05,6.77755e-05,0.386167,0.127495,FALSE,NA,NA,NA,NA,NA,NA,2,NA
2468,22,23143365,23950732,TRUE,137,1223,0.000621598,0.000244242,0.0472469,0.00223906,TRUE,-0.474007,-0.474007,FALSE,-1,0.27935,0.221249,2,NA
2469,22,23950733,25282436,TRUE,205,2398,0.000441815,0.000364346,0.155633,0.000267088,FALSE,NA,NA,NA,NA,NA,NA,2,NA
2470,22,25282437,26166934,TRUE,166,1401,NA,0.000231271,NA,0.00730007,FALSE,NA,NA,NA,NA,NA,NA,1,"ASD"
2471,22,26166935,27192923,TRUE,400,2641,NA,0.000557308,NA,4.05543e-05,FALSE,NA,NA,NA,NA,NA,NA,1,"ASD"
2472,22,27192924,27952441,TRUE,387,2182,0.000784422,0.000207036,0.0980465,0.0591142,FALSE,NA,NA,NA,NA,NA,NA,2,NA
2473,22,27952442,29457601,TRUE,267,2436,NA,0.000531515,NA,6.89761e-06,FALSE,NA,NA,NA,NA,NA,NA,1,"ASD"
2474,22,29457602,30962255,TRUE,285,2921,NA,0.000348071,NA,0.00154081,FALSE,NA,NA,NA,NA,NA,NA,1,"ASD"
2475,22,30962256,31904549,TRUE,198,1823,NA,0.000208089,NA,0.0170886,FALSE,NA,NA,NA,NA,NA,NA,1,"ASD"
2476,22,31904550,32662293,TRUE,121,1861,NA,0.000242445,NA,0.00110141,FALSE,NA,NA,NA,NA,NA,NA,1,"ASD"
2477,22,32662294,33501725,TRUE,293,2304,0.000144149,0.00035605,0.381533,0.00161998,FALSE,NA,NA,NA,NA,NA,NA,2,NA
2478,22,33501726,34361897,TRUE,274,2193,NA,0.000526497,NA,1.05732e-05,FALSE,NA,NA,NA,NA,NA,NA,1,"ASD"
2479,22,34361898,35368341,TRUE,218,2935,0.000239089,0.00018384,0.289824,0.0321505,FALSE,NA,NA,NA,NA,NA,NA,2,NA
2480,22,35368342,36135968,TRUE,199,1751,NA,0.000371645,NA,0.000143166,FALSE,NA,NA,NA,NA,NA,NA,1,"ASD"
2481,22,36135969,37364004,TRUE,292,2328,NA,0.00019222,NA,0.0462838,FALSE,NA,NA,NA,NA,NA,NA,1,"ASD"
2482,22,37364005,38718589,TRUE,336,2557,0.000341834,0.000468655,0.265115,0.000174984,FALSE,NA,NA,NA,NA,NA,NA,2,NA
2483,22,38718590,40378783,TRUE,322,2606,NA,0.00106939,NA,2.5529e-14,FALSE,NA,NA,NA,NA,NA,NA,1,"ASD"
2484,22,40378784,41722787,TRUE,143,1663,5.86299e-05,0.000222156,0.421108,0.00409801,FALSE,NA,NA,NA,NA,NA,NA,2,NA
2485,22,41722788,42867927,TRUE,175,1888,0.000589939,0.000371811,0.0766923,8.46633e-05,FALSE,NA,NA,NA,NA,NA,NA,2,NA
2486,22,42867928,43574017,TRUE,175,1703,0.000419593,0.000282035,0.149386,0.00140858,FALSE,NA,NA,NA,NA,NA,NA,2,NA
2487,22,43574018,44409533,TRUE,243,2127,NA,0.000123745,NA,0.114829,FALSE,NA,NA,NA,NA,NA,NA,1,"ASD"
2488,22,44409534,45170649,TRUE,318,1711,NA,0.000451037,NA,0.000217867,FALSE,NA,NA,NA,NA,NA,NA,1,"ASD"
2489,22,45170650,46351048,TRUE,379,2766,NA,0.000304845,NA,0.0119814,FALSE,NA,NA,NA,NA,NA,NA,1,"ASD"
2490,22,46351049,47299625,TRUE,214,1806,NA,0.000296995,NA,0.00230455,FALSE,NA,NA,NA,NA,NA,NA,1,"ASD"
2491,22,47299626,48269177,TRUE,276,2304,NA,0.000562095,NA,2.41734e-06,FALSE,NA,NA,NA,NA,NA,NA,1,"ASD"
2492,22,48269178,48977538,TRUE,284,1852,NA,0.000495478,NA,3.51425e-05,FALSE,NA,NA,NA,NA,NA,NA,1,"ASD"
2493,22,48977539,49559207,TRUE,321,2498,NA,0.000196425,NA,0.0522438,FALSE,NA,NA,NA,NA,NA,NA,1,"ASD"
2494,22,49559208,50347996,TRUE,262,2281,NA,0.000633262,NA,1.25619e-07,FALSE,NA,NA,NA,NA,NA,NA,1,"ASD"
2495,22,50347997,51244236,TRUE,181,1478,0.000344897,0.000706051,0.197184,1.80205e-10,FALSE,NA,NA,NA,NA,NA,NA,2,NA
