locus,chr,K,p_1,p_2,theta_1,theta_2,slope,intercept,floored,rho_hat,rho_corrected,rho_corrected_unclipped,rho_lower,rho_upper,ci_width,ci_width_corrected
1,1,201,0.000667104,0.00169,0.3271013551767927,0.2771371794439774,0.9347709352413248,0.018102657019260417,False,0.189104,0.18293395369272267,0.18293395369272267,-0.42951,0.82437,1.25388,1.341376750953743
3,1,289,2.57158e-05,1.01128e-05,0.37179958479032554,0.3952721745946782,0.9951936484294799,0.0014356870727618603,False,-0.0667198,-0.06848464837001157,-0.06848464837001157,-0.5522,0.33337,0.88557,0.8898469171276588
7,1,328,0.0218511,0.00210959,0.0,0.20580837074911537,0.0,0.10804777148349959,True,-0.389486,-1.0,-inf,-1.0,0.26739,1.26739,
8,1,318,0.00774664,0.00211375,0.12385433400655349,0.20888979419568593,0.7821327685624367,0.050646296897597955,False,-0.213967,-0.3383227343663893,-0.3383227343663893,-1.0,0.39789,1.39789,1.787279674484586
9,1,500,0.00468812,0.00519567,0.13184525066920594,0.12622510472818904,0.7886442014713931,0.05197294667144855,False,-0.104366,-0.19823761637981116,-0.19823761637981116,-1.0,0.51738,1.51738,1.9240362094452559
11,1,359,0.00292311,0.0198038,0.18086932687118365,0.0,0.0,0.11387691161686414,True,-0.0312923,-1.0,-inf,-1.0,0.69766,1.69766,
14,1,366,0.00716028,0.0137022,0.1225315093036028,0.05659725884464515,0.5276403336410362,0.10416859926695252,False,0.574369,0.891138093042246,0.891138093042246,-0.09599,1.0,1.09599,2.0771535648857786
26,1,506,0.0352651,0.00760778,0.0,0.1018046441958874,0.0,0.14144291858020405,True,0.0326748,-1.0,-inf,-1.0,0.94924,1.94924,
27,1,418,2.76613e-07,0.0015844,0.38938235244878505,0.1944567935631871,0.9563026122636044,0.008449705845300245,False,-0.409523,-0.43707159270007967,-0.43707159270007967,-1.0,0.00745,1.00745,1.0534845216153157
29,1,357,0.0084795,0.00193048,0.10956864437895604,0.20146115150717572,0.7664618587131335,0.052433309879965834,False,0.312821,0.33972687245940364,0.33972687245940364,-0.39607,1.0,1.39607,1.8214474525111526
30,1,402,0.00853815,0.000453722,0.10330087985340523,0.24106888706488208,0.7905970652523151,0.04151518296640725,False,0.428655,0.4896803113100844,0.4896803113100844,-0.17011,1.0,1.17011,1.4800333209263372
31,1,298,0.00353618,0.00390534,0.18672007700802984,0.18042543758871651,0.8372683300092552,0.0419555065879424,False,-0.283674,-0.3889189342493617,-0.3889189342493617,-1.0,0.33699,1.3369900000000001,1.5968476915700622
32,1,329,3.11668e-06,3.06851e-07,0.3944019382437598,0.4411823193963491,0.9988894134265662,0.0003294144360417542,False,-0.131859,-0.13233538433707673,-0.13233538433707673,-0.55597,0.21997,0.77594,0.7768027066562193
34,1,273,0.000468136,0.00106135,0.29267638751635383,0.2591695612000642,0.9505232543160081,0.013559141320881804,False,0.0746032,0.06422153103770743,0.06422153103770743,-0.56822,0.63976,1.20798,1.270857913801653
37,1,239,0.0278003,0.0201552,0.0,0.0,0.0,0.21794,True,0.129388,-1.0,-inf,-1.0,1.0,2.0,
38,1,280,0.00344952,5.71277e-05,0.19409024496023355,0.35632017440366665,0.9166665852905311,0.018089517348563126,False,0.268306,0.2729634598517982,0.2729634598517982,-0.29913,0.86922,1.16835,1.2745637495117152
39,1,310,0.0407299,0.00112969,0.0,0.24033764319885687,0.0,0.09955743181839852,True,0.626638,1.0,inf,-0.04713,1.0,1.04713,
40,1,380,0.000165385,0.0128351,0.27685741336605485,0.0639746237084229,0.660759473174236,0.05372199624445648,False,-0.0562207,-0.16638837687229893,-0.16638837687229893,-0.8901,0.55855,1.44865,2.192401409004097
41,1,279,2.85333e-05,2.96955e-06,0.37611354504259337,0.43238431326050114,0.9959078323314976,0.001193849881562751,False,0.045363,0.04435064037505744,0.04435064037505744,-0.40486,0.45154,0.8564,0.859918932452917
42,1,187,0.0176479,0.0281587,0.02268137389574553,0.0,0.0,0.20502249735945474,True,0.0136635,-1.0,-inf,-1.0,1.0,2.0,
44,1,212,0.00187513,0.0329488,0.26348575583910516,0.0,0.0,0.10612157123199863,True,0.274431,1.0,inf,-0.58878,1.0,1.5887799999999999,
46,1,479,0.00201785,1.93312e-05,0.1729994092000262,0.2907381202726814,0.9449718133976279,0.01174746486842073,False,0.168195,0.16555788533953747,0.16555788533953747,-0.36346,0.68359,1.04705,1.1080224670779881
48,1,286,0.00519664,2.64956e-06,0.16386719510542908,0.4291995586323864,0.8852626716548322,0.020440947021726375,False,0.158925,0.1564327260285399,0.1564327260285399,-0.3994,0.7218,1.1212,1.2665167479660329
54,1,411,0.046734,0.00842533,0.0,0.10340256028254302,0.0,0.146222866311624,True,-0.973383,-1.0,-inf,-1.0,-0.20539,0.79461,
60,1,357,0.00460002,9.34857e-06,0.15539883530233425,0.35470953443988285,0.8955343473644274,0.019599289561402874,False,-0.0569112,-0.08543557238935004,-0.08543557238935004,-0.72445,0.43837,1.16282,1.2984649929086458
61,1,265,0.0147082,0.00118085,0.05343377721039799,0.25822743482419314,0.5629653390384235,0.07474940573834815,False,0.160311,0.15198376938764271,0.15198376938764271,-0.66579,0.94066,1.6064500000000002,2.853550456132712
62,1,159,1.76226e-05,6.97544e-06,0.5294026228295386,0.5623444918084237,0.9963027645890562,0.0012337107660270184,False,0.478078,0.478613837261263,0.478613837261263,0.07336,0.9263,0.85294,0.8561052225442847
66,1,231,0.0195441,0.00212725,0.0,0.24482342635283522,0.0,0.10812630530810147,True,-0.0591346,-1.0,-inf,-1.0,0.68945,1.68945,
67,1,205,0.0345907,6.42605e-06,0.0,0.49028919913802976,0.0,0.07291230837976743,True,0.251236,1.0,inf,-0.47144,1.0,1.47144,
68,1,187,0.0222796,0.000528136,0.0,0.35132099182186843,0.0,0.09193518742546868,True,0.521522,1.0,inf,-0.14973,1.0,1.14973,
70,1,415,0.00518799,0.00290771,0.1375436837560788,0.16893765075276507,0.8216348410406508,0.04408085579666209,False,-0.396943,-0.5367638198473648,-0.5367638198473648,-1.0,0.19048,1.19048,1.4489161614570583
80,1,259,0.00541367,3.30647e-07,0.16858301231403688,0.5016553443557206,0.8819050515056431,0.01984749662886487,False,0.35721,0.38253835012643245,0.38253835012643245,-0.11774,0.95065,1.06839,1.2114569455929276
82,1,259,0.00668374,0.000790061,0.15038647536845826,0.27939483398139336,0.8315680463194837,0.03807891716337039,False,-0.09854,-0.16429072493591484,-0.16429072493591484,-0.9563,0.5008,1.4571,1.7522318305147941
84,1,309,0.00136818,7.55729e-05,0.23243952133005097,0.33059475389319437,0.9559415228598653,0.010862071041583918,False,0.314231,0.3173509275450606,0.3173509275450606,-0.20536,0.87393,1.0792899999999999,1.1290334964958066
85,1,400,8.91732e-07,0.00565133,0.378237082405255,0.13439320981030908,0.8740251586711665,0.02103135126797839,False,0.0545127,0.03830707663258267,0.03830707663258267,-0.50881,0.5819,1.09071,1.2479160229875679
93,1,206,0.01494,0.0297173,0.05642232469308864,0.0,0.0,0.1860516417248543,True,-0.591413,-1.0,-inf,-1.0,0.18908,1.18908,
94,1,235,0.0302688,0.00566408,0.0,0.17276348966384053,0.0,0.1308361965142129,True,-0.395952,-1.0,-inf,-1.0,0.34938,1.34938,
95,1,347,0.00213858,0.000387586,0.19952552827386455,0.26478903691319217,0.9303015419948515,0.017546999403988586,False,0.219695,0.2172929867046594,0.2172929867046594,-0.35562,0.81526,1.17088,1.2586026649910464
96,1,283,0.0237176,0.0019705,0.0,0.22505471682489436,0.0,0.10694160479910346,True,0.591561,1.0,inf,-0.09188,1.0,1.09188,
97,1,350,0.000653265,9.97345e-05,0.24634050914981317,0.3025098699680741,0.9700835745336943,0.00787517217342517,False,-0.00068373,-0.008822850317344375,-0.008822850317344375,-0.592,0.48177,1.07377,1.1068840130770654
99,1,289,0.0356394,0.000359992,0.0,0.29353544358152533,0.0,0.08936407902474185,True,-0.208202,-1.0,-inf,-1.0,0.47552,1.47552,
100,1,266,0.000207864,4.92474e-05,0.32579393078394825,0.3705116785455495,0.9847837164887185,0.004347228054425693,False,0.0447252,0.04100186799345485,0.04100186799345485,-0.48621,0.5012,0.9874099999999999,1.0026668632587117
105,1,245,0.00722455,0.0114243,0.1469077204529906,0.09389491126326133,0.6054273845729169,0.09337660665289217,False,0.336707,0.4019150761057149,0.4019150761057149,-0.46278,1.0,1.46278,2.416111390521062
112,1,282,0.0235138,2.53141e-06,0.0,0.43355938768260105,0.0,0.07135460709151516,True,0.223485,1.0,inf,-0.38889,0.93813,1.32702,
113,1,519,8.85463e-15,0.00178242,0.557746125865356,0.1710924644444541,0.952072315968632,0.007095474957056769,False,-0.0155543,-0.023789973279511902,-0.023789973279511902,-0.44446,0.35494,0.7994,0.8396421013320777
119,1,429,0.0291003,0.00138531,0.0,0.197077413771465,0.0,0.1021404333279414,True,-0.769196,-1.0,-inf,-1.0,-0.10988,0.89012,
122,1,327,0.0417358,0.00308258,0.0,0.18634364847524196,0.0,0.11494797546101686,True,0.517073,1.0,inf,-0.25095,1.0,1.25095,
126,1,409,0.0038212,0.000604209,0.15619003907261497,0.23025524008119488,0.8918162016978799,0.025687766508634313,False,0.00764505,-0.020231429384534365,-0.020231429384534365,-0.71371,0.58766,1.30137,1.45923565586989
132,1,239,0.0487204,0.00389977,0.0,0.20112726235736772,0.0,0.12024381143287942,True,0.575159,1.0,inf,-0.2174,1.0,1.2174,
134,1,221,0.0146479,0.000784655,0.058380469475793034,0.3036848688408848,0.5729825939612025,0.07080639893714598,False,0.555652,0.8461785858292297,0.8461785858292297,-0.07652,1.0,1.07652,1.8788005278793731
138,1,328,0.00129648,5.85698e-13,0.2278734402138148,0.6627996467367808,0.9629562881744863,0.006060321141626711,False,-0.403546,-0.4253633588271523,-0.4253633588271523,-0.98161,-0.03684,0.94477,0.9811141082956498
140,1,234,0.0275874,0.0010835,0.0,0.2795068178383183,0.0,0.09896388232589362,True,0.286893,1.0,inf,-0.48748,1.0,1.4874800000000001,
144,1,163,0.00922574,0.0075422,0.14600028131272746,0.1731225982050748,0.6628126566202367,0.0847572051157161,False,-0.637319,-1.0,-1.0894122161119728,-1.0,0.04517,1.04517,1.5768709145197233
152,1,288,0.0242736,3.44939e-06,0.0,0.42152664353613295,0.0,0.07203146614751306,True,0.190466,1.0,inf,-0.4646,0.90367,1.3682699999999999,
153,1,199,0.0279916,0.00497069,0.0,0.19948668751019735,0.0,0.12680535233066742,True,-0.0247729,-1.0,-inf,-1.0,0.8099,1.8098999999999998,
157,1,321,0.0496654,0.000120228,0.0,0.31126742039583993,0.0,0.08322102911772024,True,-0.285073,-1.0,-inf,-1.0,0.40642,1.40642,
158,1,307,0.0176143,0.00641425,0.019450904026841267,0.14218504958307743,0.3234446901430146,0.12325146608281097,False,0.242366,0.3682686330838241,0.3682686330838241,-0.62398,1.0,1.62398,5.020889349835793
159,1,408,0.00279531,1.05639e-06,0.1722074756002087,0.37126820295125873,0.9321125637159945,0.012727047353403447,False,-0.00452907,-0.018512911449889237,-0.018512911449889237,-0.57033,0.46443,1.03476,1.1101234338852675
161,1,403,0.0150202,4.01599e-08,0.04223987516230197,0.42901490495479055,0.565765319921535,0.0478395124345252,False,0.0968265,0.08658534880198863,0.08658534880198863,-0.50804,0.64258,1.15062,2.033740774637048
165,1,193,0.00711056,0.00126492,0.16635909777903427,0.3002008406284255,0.8163365653593188,0.04338587551721296,False,0.161748,0.14499182017001622,0.14499182017001622,-0.6059,0.89597,1.50187,1.839768134530317
172,1,259,0.045492,3.23746e-06,0.0,0.4482243869595166,0.0,0.07172875193932572,True,0.163811,1.0,inf,-0.57857,1.0,1.57857,
173,1,226,0.034393,1.75865e-05,0.0,0.43591054272085855,0.0,0.07571524454547382,True,0.38046,1.0,inf,-0.27922,1.0,1.27922,
178,1,394,0.00392482,0.000290142,0.15749646412394316,0.25657452485387977,0.8976997965013724,0.023212855649280523,False,0.521925,0.5555444551668192,0.5555444551668192,0.01193,1.0,0.98807,1.1006686242447972
180,1,289,0.00819575,0.000438607,0.12404340428574041,0.28652901630345096,0.8020595059571641,0.04031034602884623,False,0.0745712,0.04271609988621412,0.04271609988621412,-0.67045,0.73901,1.40946,1.7573010350621983
181,1,337,0.0481623,0.00246112,0.0,0.1954849308098074,0.0,0.11065462907351539,True,0.00100204,-1.0,-inf,-1.0,0.85858,1.85858,
187,1,301,0.00110337,0.0305689,0.2449551092625794,0.0,0.0,0.09927655806894185,True,-0.435551,-1.0,-inf,-1.0,0.23468,1.23468,
192,1,340,0.003096,3.38487e-08,0.182602750284556,0.4737741266350635,0.9272615663674432,0.01256993782783723,False,0.14995,0.14815675226392766,0.14815675226392766,-0.35273,0.6112,0.96393,1.0395448651842714
195,1,438,0.00984336,0.0203593,0.08725933114912619,0.0,0.0,0.15419517470418376,True,0.152859,-1.0,-inf,-0.8589,1.0,1.8589,
198,1,332,0.00235249,0.0438226,0.19920845310600013,0.0,0.0,0.1098645988853391,True,-0.00780966,-1.0,-inf,-1.0,0.86055,1.86055,
201,2,228,0.000374075,0.0138789,0.3307876484856682,0.06693796173943833,0.6160475785687282,0.06218300195775336,False,-0.0226715,-0.1377401760995425,-0.1377401760995425,-0.86951,0.65221,1.52172,2.470133887280968
204,2,322,0.0112055,0.0165348,0.0854873262656757,0.030449855840753746,0.3392704131641895,0.14272485993846903,False,0.19598,0.15696959709763492,0.15696959709763492,-0.75803,1.0,1.75803,5.181795794109531
205,2,325,0.000288014,0.047691,0.2833888305779243,0.0,0.0,0.08798942256850541,True,-0.238559,-1.0,-inf,-1.0,0.45451,1.45451,
208,2,215,0.037085,0.0458967,0.0,0.0,0.0,0.21794000000000002,True,-0.0452678,-1.0,-inf,-1.0,1.0,2.0,
223,2,438,0.00683389,0.0346067,0.11627242222710889,0.0,0.0,0.1372249632914458,True,-0.167757,-1.0,-inf,-1.0,0.65114,1.65114,
227,2,283,0.0487021,1.09242e-06,0.0,0.45168836256298306,0.0,0.06975472606439162,True,0.333413,1.0,inf,-0.31034,1.0,1.31034,
230,2,376,0.000226797,4.6656e-08,0.26974703373531034,0.4429684104075196,0.9882885753206927,0.0025775937929588717,False,-0.11275,-0.11669424970893333,-0.11669424970893333,-0.5911,0.2706,0.8616999999999999,0.8719113237956679
231,2,278,0.00193756,0.00208603,0.22795625000268202,0.22406499958948423,0.9003100811740066,0.02663188645077551,False,0.655066,0.6980196342239607,0.6980196342239607,0.11457,1.0,0.8854299999999999,0.9834722708485026
233,2,312,0.00657472,0.0271674,0.13909629199625528,0.0,0.0,0.13595577823853272,True,0.880649,1.0,inf,0.23073,1.0,0.76927,
234,2,353,1.43226e-10,0.00305892,0.5536483666978649,0.17995227541341807,0.9278938382403829,0.011387742790039953,False,-0.237397,-0.2681176795632401,-0.2681176795632401,-0.82554,0.16812,0.99366,1.070876816990544
240,2,273,0.0159979,8.41817e-05,0.03841105615162615,0.3498039295270605,0.5049631479414091,0.06479082879054478,False,0.191563,0.25105232278091827,0.25105232278091827,-0.50986,0.9101,1.41996,2.81200718466045
242,2,441,0.0228858,1.07035e-05,0.0,0.31485375120587655,0.0,0.07534155205192755,True,-0.336859,-1.0,-inf,-1.0,0.22254,1.22254,
243,2,279,0.0173421,0.014709,0.023135280387775015,0.05229987627543295,0.23253041328197735,0.16942491369767934,False,-0.438764,-1.0,-2.6155241592426055,-1.0,0.32016,1.32016,5.677364871833396
244,2,304,0.000424645,7.17009e-05,0.28026484786989075,0.3349046952551938,0.9772363798518882,0.0061990166691986434,False,0.000514263,-0.0058171735993498685,-0.0058171735993498685,-0.54488,0.47054,1.01542,1.0390730645474935
245,2,217,0.0295829,5.81016e-06,0.0,0.4779386774736407,0.0,0.07275944948753349,True,-0.0576948,-1.0,-inf,-0.94703,0.58531,1.53234,
248,2,275,0.0294709,0.00235607,0.0,0.21862461680945783,0.0,0.10986887870558673,True,0.920933,1.0,inf,0.29549,1.0,0.70451,
254,2,279,0.000267378,3.39095e-07,0.30931052433388745,0.4808554494837694,0.9870897493522379,0.0030429149461574743,False,0.316589,0.31764698727709634,0.31764698727709634,-0.10267,0.75809,0.8607600000000001,0.872017970569404
256,2,246,0.00194407,1.03738e-06,0.24226606821230698,0.4892037507567809,0.9504728533578074,0.010106440224089972,False,0.577517,0.5969771338248911,0.5969771338248911,0.16187,1.0,0.83813,0.8818031962081556
267,2,522,0.0154267,4.81564e-12,0.03506426234811898,0.4865014252260346,0.544410837215758,0.043255082519004215,False,-0.272905,-0.5807380399257287,-0.5807380399257287,-1.0,0.16331,1.16331,2.1368237376563526
268,2,366,0.0022052,0.000168304,0.1929549671287285,0.2817774120595569,0.9352380498651989,0.015506316015837454,False,0.0747854,0.06338395234529516,0.06338395234529516,-0.5548,0.62907,1.18387,1.2658488394164864
270,2,218,0.0495573,2.13053e-07,0.0,0.5633377008567981,0.0,0.066618190382322,True,-0.465869,-1.0,-inf,-1.0,0.1156,1.1156,
284,2,191,0.0312087,6.56856e-07,0.0,0.5764046525677212,0.0,0.06818576883954061,True,0.491226,1.0,inf,-0.07955,1.0,1.07955,
285,2,324,0.0274755,0.000124243,0.0,0.30883533166458793,0.0,0.08338605004703196,True,0.252774,1.0,inf,-0.45934,1.0,1.45934,
286,2,368,0.0213993,0.000336066,0.0,0.261298098295907,0.0,0.08909922418717983,True,-0.658532,-1.0,-inf,-1.0,-0.06517,0.93483,
287,2,192,0.00720961,0.00173018,0.1652246311324866,0.2822915913755451,0.8062195898829332,0.0467326204345294,False,0.264606,0.270240741231687,0.270240741231687,-0.4371,1.0,1.4371,1.7825168453282978
289,2,187,0.000190466,0.0068088,0.3967060034837362,0.17374436808361965,0.845581207824657,0.03227311503822444,False,0.16389,0.15565256623946658,0.15565256623946658,-0.53336,0.82402,1.35738,1.6052627322359696
290,2,399,0.00153204,3.26326e-05,0.20026400970855884,0.30838082655545945,0.9542154928871612,0.010465965003068354,False,0.157666,0.15426288515977646,0.15426288515977646,-0.39079,0.66087,1.05166,1.1021200219858114
291,2,145,0.0410388,0.0157939,0.0,0.052578738050312074,0.0,0.19207641757050267,True,0.528278,1.0,inf,-0.40154,1.0,1.40154,
292,2,149,0.00758923,0.0133043,0.17992200320442547,0.08898073491187479,0.5459033211658652,0.10557816713572392,False,-0.257196,-0.6645392198035374,-0.6645392198035374,-1.0,0.50957,1.50957,2.7652698590953215
294,2,176,0.000233119,0.00143183,0.40114286248110476,0.3073699012652121,0.9511418864346424,0.013488049112515568,False,0.317349,0.3194696345741937,0.3194696345741937,-0.24346,0.93754,1.181,1.2416654306193806
296,2,176,0.00621144,5.3157e-05,0.189111769667995,0.4607977329048983,0.8642523190404129,0.027147206553542278,False,0.29254,0.30707790722635925,0.30707790722635925,-0.30911,0.96706,1.27617,1.4766173857849094
300,2,365,0.000114292,2.77377e-06,0.29247425534979526,0.37535912464418103,0.9915875634431784,0.0021804128875498575,False,0.237768,0.2375862665062057,0.2375862665062057,-0.1646,0.65183,0.81643,0.8233564337626793
302,2,266,0.0414917,0.0138682,0.0,0.06280475943387046,0.0,0.17887290567968278,True,0.198581,1.0,inf,-0.95275,1.0,1.95275,
305,2,377,6.52916e-06,0.0268084,0.35197129958163487,0.0,0.0,0.07388143129973712,True,-0.176654,-1.0,-inf,-1.0,0.41275,1.41275,
309,2,211,0.0387827,0.0194945,0.0,0.0,0.0,0.21793999999999997,True,-0.962195,-1.0,-inf,-1.0,-0.1468,0.8532,
310,2,161,0.00615948,0.00397308,0.19845545386224053,0.24319270892428624,0.7934959539013261,0.05422749806817939,False,0.277406,0.28125978567947885,0.28125978567947885,-0.47695,1.0,1.47695,1.861320139993636
313,2,380,0.00795992,2.2886e-08,0.11191771241440193,0.4522497316898572,0.8208840872138146,0.025610020637126463,False,-0.449175,-0.5783825366241505,-0.5783825366241505,-1.0,0.00382,1.00382,1.222852307208309
320,2,416,0.00163777,0.00585198,0.1936113657286112,0.12970445219614063,0.8304018659891316,0.04013394863467957,False,-0.0734344,-0.13676311829984011,-0.13676311829984011,-0.96646,0.55572,1.52218,1.8330642816979443
322,2,194,6.32751e-05,0.0107411,0.43067196993848517,0.11352924474774512,0.7446906243891726,0.0428344483845374,False,0.173654,0.17566966379194912,0.17566966379194912,-0.50174,0.84778,1.34952,1.812188787937185
336,2,257,6.80495e-06,0.00670322,0.4314747703929651,0.15067340338754812,0.8526616106998036,0.02577237645566495,False,0.319911,0.3449652474713001,0.3449652474713001,-0.20717,0.96854,1.17571,1.3788705686363214
339,2,259,0.0328687,0.0047476,0.0,0.1789479924240321,0.0,0.12541269259952006,True,0.37233,1.0,inf,-0.47248,1.0,1.47248,
340,2,308,0.00592504,0.00116942,0.14828606827750265,0.23965689626613393,0.8393827383885482,0.03782661659892245,False,0.14317,0.1255010123311761,0.1255010123311761,-0.62323,0.85931,1.48254,1.7662264568916306
344,2,332,0.00260048,0.0440968,0.19409020564128152,0.0,0.0,0.11164613794792987,True,0.750648,1.0,inf,0.06922,1.0,0.9307799999999999,
345,2,296,0.00190635,1.30507e-08,0.22171818041412195,0.5297988006000616,0.9509728854198286,0.008935345542053932,False,-0.166082,-0.18404031095459528,-0.18404031095459528,-0.73119,0.25144,0.98263,1.0332891873843444
346,2,233,1.67029e-07,0.0269248,0.5483734393043591,0.0,0.0,0.06637989433244922,True,0.488812,1.0,inf,-0.05003,1.0,1.05003,
347,2,359,0.0192104,7.438e-05,0.0022722276189200354,0.3060113450462049,0.13574677208804908,0.08007218445067274,False,-0.105153,-1.0,-1.3644905260106708,-0.98886,0.52598,1.51484,11.159307707275966
349,2,250,0.000449886,9.12624e-06,0.3079771635898598,0.4303249871377471,0.9807923593367186,0.004917436781802704,False,0.068766,0.06509896066214894,0.06509896066214894,-0.44449,0.52784,0.9723299999999999,0.991371915516918
352,2,279,0.0284356,0.000416441,0.0,0.29370766429802314,0.0,0.09037263620043309,True,0.0674952,-1.0,-inf,-0.85445,0.84936,1.70381,
358,2,237,0.0136769,1.09907e-05,0.06824438394459544,0.43795511893110345,0.6340550001527528,0.049818104529811544,False,-0.274031,-0.5107586951475688,-0.5107586951475688,-1.0,0.28056,1.28056,2.0196355200913088
367,2,178,0.0236674,0.0226558,0.0,0.0,0.0,0.21794000000000002,True,0.134942,-1.0,-inf,-1.0,1.0,2.0,
374,2,440,0.000991247,0.00172035,0.20635135496507073,0.18651429306672523,0.9237386712032167,0.01972691154316516,False,0.274645,0.2759634260247988,0.2759634260247988,-0.30814,0.93974,1.24788,1.3509015470518004
375,2,296,0.000443876,1.72348e-06,0.2825798281622419,0.430790184152519,0.9817385668791528,0.004313392981614721,False,0.248721,0.24895386130681635,0.24895386130681635,-0.20975,0.69814,0.90789,0.9247777673501104
377,2,288,9.44721e-06,0.000254739,0.39767274123055785,0.3058341524203795,0.9860046422776898,0.003691850252182973,False,-0.0997174,-0.1048770419714309,-0.1048770419714309,-0.63285,0.32316,0.95601,0.9695796135316346
378,2,206,0.0083121,5.7119e-07,0.14365678252394642,0.5560271053394679,0.8169738884103184,0.028420529677812972,False,0.177335,0.1822756791064,0.1822756791064,-0.39909,0.77689,1.17598,1.4394340096820497
379,2,275,0.00349395,5.88876e-08,0.19499271326864967,0.5216490261583553,0.9204445473233394,0.013845454190525389,False,0.0114489,-0.002603692093667771,-0.002603692093667771,-0.5573,0.48602,1.04332,1.1334957690107281
382,2,229,0.0414983,3.08021e-08,0.0,0.5930224198799113,0.0,0.06407581911332536,True,0.044359,-1.0,-inf,-0.7162,0.70889,1.42509,
383,2,657,0.000376836,0.00128993,0.19380291597064014,0.16311409416096223,0.9459990591093148,0.013468130962899375,False,-0.180395,-0.2049295177369701,-0.2049295177369701,-0.9092,0.31488,1.22408,1.2939547753382612
384,2,244,0.0164289,0.00332579,0.035080546738903096,0.2102237807624334,0.4406911245422009,0.09881625318993933,False,0.240517,0.3215420935859835,0.3215420935859835,-0.59546,1.0,1.59546,3.620358820834881
385,2,301,0.000866162,3.16615e-06,0.25498387425730423,0.41346635903652135,0.971430675219226,0.006473714378679343,False,0.0416745,0.036236024370320384,0.036236024370320384,-0.481,0.49571,0.97671,1.0054345872695265
386,2,323,0.00167191,0.000169178,0.21840374093700007,0.3004603112080436,0.9460895027241387,0.013471870369973483,False,-0.153526,-0.17651381807865468,-0.17651381807865468,-0.8853,0.34985,1.23515,1.305531872453452
392,2,238,0.00911872,3.0038e-07,0.12376856040934976,0.5281385439043329,0.7941180323785129,0.03034510950608758,False,0.15869,0.16161941331252555,0.16161941331252555,-0.41116,0.72884,1.1400000000000001,1.4355548589993787
396,2,324,2.02049e-06,5.00861e-07,0.40683848827096564,0.4352473808145641,0.999012982767888,0.00030081439381062847,False,0.0831541,0.08293514402248725,0.08293514402248725,-0.3053,0.43269,0.73799,0.7387191285095297
402,2,294,0.000878956,8.95853e-08,0.2574626662245988,0.49427390169191376,0.9719636577881331,0.005759152888053379,False,0.262262,0.2639016850647091,0.2639016850647091,-0.16736,0.72217,0.8895299999999999,0.9151885390697376
408,2,399,2.36026e-05,0.000278994,0.315369905050182,0.2560304304697292,0.9837651072881229,0.004241519552429472,False,-0.405288,-0.41628790909381924,-0.41628790909381924,-1.0,0.03276,1.03276,1.0498034463195567
413,2,306,0.0482496,0.0374378,0.0,0.0,0.0,0.21794,True,-0.765719,-1.0,-inf,-1.0,0.12296,1.12296,
419,2,351,0.000178259,8.96609e-06,0.28631851838807104,0.3588177334561155,0.9883907020316666,0.0030606408790271873,False,-0.0677264,-0.0716184811669336,-0.0716184811669336,-0.58399,0.3374,0.9213899999999999,0.9322123307170487
420,2,287,0.0199701,0.000332402,0.0,0.29737174928713866,0.0,0.08881631696884906,True,-0.159246,-1.0,-inf,-1.0,0.49047,1.49047,
424,3,613,0.000703927,0.0385143,0.18515887088984329,0.0,0.0,0.0952339907877571,True,-0.266749,-1.0,-inf,-1.0,0.39335,1.3933499999999999,
427,3,378,0.00475753,0.024233,0.14917213651039418,0.0,0.0,0.12536975551888407,True,0.0614766,-1.0,-inf,-0.9181,0.96086,1.8789600000000002,
431,3,627,0.0307292,1.61887e-05,0.0,0.2566363622408478,0.0,0.07705625118712262,True,0.126694,1.0,inf,-0.59336,0.8621,1.45546,
432,3,522,0.000563508,3.72712e-08,0.20606769134157515,0.37456023254834514,0.9786204957034147,0.004272608915253074,False,0.0179215,0.013947072582959087,0.013947072582959087,-0.43494,0.40538,0.84032,0.8586781123932962
433,3,281,0.00618633,0.00351435,0.15131635677066987,0.1925644381227955,0.7940727772092147,0.05157683924442207,False,-0.0567062,-0.13636412474053708,-0.13636412474053708,-0.99011,0.62688,1.61699,2.036324687622393
435,3,591,0.0239724,5.8603e-06,0.0,0.2805371041490077,0.0,0.07442782529428277,True,0.313908,1.0,inf,-0.27344,1.0,1.27344,
436,3,351,0.0367807,0.00982535,0.0,0.09632092667483357,0.0,0.15431683247210606,True,0.00905258,-1.0,-inf,-1.0,1.0,2.0,
437,3,220,0.0330033,0.0393738,0.0,0.0,0.0,0.21794,True,-0.335414,-1.0,-inf,-1.0,0.63106,1.63106,
438,3,389,0.00460115,0.0258573,0.14920713353228207,0.0,0.0,0.1244312141397525,True,0.070933,-1.0,-inf,-0.99103,0.93346,1.92449,
440,3,370,0.0208536,5.97632e-06,0.0,0.35729363556817983,0.0,0.07364596849153067,True,-0.0910792,-1.0,-inf,-0.92388,0.50976,1.43364,
441,3,390,4.34204e-05,0.0393959,0.3056629802825633,0.0,0.0,0.07933044346888922,True,-0.246954,-1.0,-inf,-1.0,0.38585,1.38585,
442,3,364,0.0104829,0.0213416,0.08819244301653953,0.0,0.0,0.15807449626167622,True,0.235223,1.0,inf,-0.73218,1.0,1.73218,
446,3,360,9.07588e-05,4.74909e-05,0.3005364133788813,0.3165547152458387,0.9889832892410528,0.003125130008965863,False,0.0289072,0.0260692675715677,0.0260692675715677,-0.48248,0.46744,0.9499200000000001,0.9605015679577052
449,3,471,0.0013496,5.95217e-05,0.18926294435072752,0.27085115304442037,0.9561163615559812,0.010317768706959456,False,0.350056,0.3553314690067132,0.3553314690067132,-0.13679,0.92997,1.06676,1.115721938137276
452,3,205,0.045199,0.00027455,0.0,0.3629396484390393,0.0,0.0872955689639867,True,0.266135,1.0,inf,-0.56088,1.0,1.56088,
453,3,210,0.000773629,0.00100369,0.3125780549441062,0.2995750014704081,0.9457089730211364,0.015428179260392838,False,0.443505,0.45265174905984495,0.45265174905984495,-0.09256,1.0,1.09256,1.1552814144395154
454,3,232,0.00582798,0.00434586,0.17129146496026273,0.19585432797634988,0.7888521781245207,0.05415127030416112,False,-0.458255,-0.6495593021272962,-0.6495593021272962,-1.0,0.17059,1.17059,1.4839155325438194
457,3,459,0.046624,4.2854e-10,0.0,0.4640819324523848,0.0,0.06102720734975701,True,-0.10776,-1.0,-inf,-0.89596,0.46108,1.35704,
461,3,467,3.459e-05,3.08543e-05,0.28316332593315796,0.28544165910434227,0.9928104493768791,0.0020120644314523643,False,-0.016483,-0.018628998559655052,-0.018628998559655052,-0.50699,0.39917,0.9061600000000001,0.9127220614657473
462,3,360,0.000100307,5.96687e-06,0.2979671866531815,0.3625667880165697,0.9917062219170973,0.0022289379125425986,False,0.0880259,0.08651449410249812,0.08651449410249812,-0.37434,0.50294,0.8772800000000001,0.8846168155566307
463,3,268,3.96771e-05,7.02336e-05,0.3751692433848896,0.35867912191928086,0.9905459731194796,0.002804759256394958,False,0.237787,0.23722497200567744,0.23722497200567744,-0.23373,0.69347,0.9272,0.9360494365344931
464,3,222,2.52858e-05,2.16965e-09,0.4292694725850174,0.6633755563417149,0.997018954112562,0.0007531524090125235,False,0.0884286,0.08793759359271823,0.08793759359271823,-0.30501,0.44882,0.75383,0.7560839208628463
465,3,134,9.80815e-11,6.68641e-13,0.9848794412007668,1.126256711948966,0.9999980398927892,8.01042410452665e-07,False,0.172413,0.17241253690464636,0.17241253690464636,-0.12589,0.45515,0.58104,0.5810411389029261
466,3,444,0.0186312,3.30864e-13,0.00800847314263423,0.5653614204160694,0.263878080080011,0.052556710719972255,False,-0.132755,-0.7022626156131784,-0.7022626156131784,-0.82079,0.31288,1.13367,4.296188602161489
469,3,290,0.0205035,1.06071e-07,0.0,0.49463137070495633,0.0,0.06613768618200129,True,-0.00150463,-1.0,-inf,,,,
471,3,457,0.0132004,0.0101572,0.05615775451554819,0.08287105469619396,0.49259921593759687,0.11636472009361665,False,0.169522,0.10791182402758309,0.10791182402758309,-0.74789,1.0,1.74789,3.5483004102495874
485,3,282,0.0335696,0.00742015,0.0,0.1350185527300322,0.0,0.14080415754851217,True,-0.310481,-1.0,-inf,-1.0,0.4764,1.4764,
486,3,170,0.000691296,0.00482565,0.3554727529504177,0.21850791178369267,0.8764881273920002,0.03071783726401485,False,-0.0277129,-0.06666460781148985,-0.06666460781148985,-0.86255,0.5998,1.46235,1.668419633191425
491,3,147,4.35279e-05,0.00239707,0.5173200685516525,0.29922332967744014,0.9409376506892262,0.01433290798280619,False,0.430657,0.44245661942875936,0.44245661942875936,-0.10359,1.0,1.10359,1.1728619842044081
495,3,153,0.0263292,2.3644e-06,0.0,0.6120565218912989,0.0,0.07021001488548217,True,0.338409,1.0,inf,-0.28986,1.0,1.28986,
496,3,126,0.0384033,0.0374601,0.0,0.0,0.0,0.21794,True,0.491061,1.0,inf,-0.60988,1.0,1.60988,
499,3,183,0.0212544,7.55097e-05,0.0,0.43802637114619136,0.0,0.08053583985850796,True,0.481523,1.0,inf,-0.13522,1.0,1.13522,
500,3,151,1.27711e-05,0.000127378,0.5569822461491977,0.4640214116169811,0.9905181676236056,0.0029314998515226572,False,0.0357313,0.0331137794546149,0.0331137794546149,-0.49216,0.49225,0.98441,0.9938333613423166
505,3,166,0.0160979,0.0064591,0.04548770202782464,0.19015087709548337,0.4320212551575044,0.11510453834833512,False,0.412921,0.6893560400010603,0.6893560400010603,-0.40925,1.0,1.4092500000000001,3.2619922820376557
506,3,241,0.0338242,0.000729035,0.0,0.29358277864406207,0.0,0.09490876369069155,True,-0.0692793,-1.0,-inf,-1.0,0.68972,1.6897199999999999,
511,3,320,1.01151e-06,0.00151331,0.4239746749589667,0.22394335883417002,0.9581450649741858,0.008585990155785138,False,-0.0993551,-0.1126563128086385,-0.1126563128086385,-0.67473,0.34649,1.02122,1.0658302561183817
528,3,308,0.0317015,0.00012124,0.0,0.3178370369533749,0.0,0.08321583874135585,True,-0.419278,-1.0,-inf,-1.0,0.18326,1.18326,
529,3,347,0.0236334,0.000264346,0.0,0.27656895270491244,0.0,0.08751625268351969,True,-0.6337,-1.0,-inf,-1.0,-0.03227,0.96773,
530,3,154,0.0381139,0.0178609,0.0,0.02121450069250978,0.0,0.2067697146067721,True,0.69251,1.0,inf,-0.16655,1.0,1.16655,
533,3,325,0.00581882,0.00367567,0.14593384425215197,0.17669180579857405,0.7974063228211243,0.050631054194188875,False,-0.302376,-0.4426940746410109,-0.4426940746410109,-1.0,0.3254,1.3254000000000001,1.6621388143887545
539,3,438,1.78953e-06,1.12227e-05,0.3484926661827356,0.31506733854589797,0.9974589216543778,0.0007164458025112166,False,-0.097312,-0.09827817835337217,-0.09827817835337217,-0.54784,0.27704,0.8248800000000001,0.8269814245902581
540,3,287,0.00873094,8.19672e-05,0.11808405929476809,0.3414187346141208,0.7978518294602885,0.03634294434321039,False,0.0474772,0.013955292506280817,0.013955292506280817,-0.67919,0.66337,1.34256,1.6827184577720182
546,3,386,1.65444e-06,0.000296765,0.37410366696809816,0.25861936899678684,0.9855671407267891,0.003417610610085076,False,-0.220986,-0.22768982582414687,-0.22768982582414687,-0.78116,0.18822,0.9693799999999999,0.9835758112685736
555,3,323,0.00217317,0.000494647,0.20591157825471992,0.26645645837949494,0.9272254393654635,0.018613101174168763,False,-0.235196,-0.2737296566710467,-0.2737296566710467,-1.0,0.30199,1.30199,1.4041784713014374
562,3,157,0.036939,0.0346198,0.0,0.0,0.0,0.21793999999999997,True,0.493527,1.0,inf,-0.57906,1.0,1.5790600000000001,
569,3,384,0.00564239,7.41921e-05,0.1370682303247433,0.29556136450320175,0.8695516544224701,0.02565983594673055,False,0.00664442,-0.021868069424075806,-0.021868069424075806,-0.70303,0.56264,1.26567,1.4555432027101596
570,3,330,0.00837864,4.35148e-06,0.11466513211852619,0.38664775891131037,0.810227472102261,0.030439923807196734,False,-0.0601409,-0.11179678167684283,-0.11179678167684283,-0.78229,0.47675,1.2590400000000002,1.5539339794702658
575,3,308,0.00207253,0.00911461,0.2132202882595709,0.1099994820167308,0.7491810818242174,0.05604405287074571,False,0.152839,0.12920100290515021,0.12920100290515021,-0.61944,0.89561,1.51505,2.022274770087535
579,3,383,0.003871,4.29758e-05,0.16040506186013467,0.3087924643337374,0.9076185508123487,0.01895534306022409,False,-0.416726,-0.480026926146755,-0.480026926146755,-1.0,0.0702,1.0702,1.179129711531497
581,3,516,0.00165977,0.000763648,0.1740961262951544,0.19873647348942203,0.9294293860982021,0.017983560305527908,False,0.27141,0.2726688476661695,0.2726688476661695,-0.29809,0.8987,1.19679,1.2876610293377888
584,3,601,0.000182997,0.000699533,0.21797920074150356,0.1870608694753974,0.96505064796639,0.008898359121235811,False,-0.323151,-0.34407454139422555,-0.34407454139422555,-1.0,0.13102,1.13102,1.1719799394812596
585,3,528,0.01982,0.00635131,0.0,0.11159751297889234,0.0,0.13436926424265255,True,-0.270458,-1.0,-inf,-1.0,0.44308,1.44308,
586,3,393,0.00771731,0.0143389,0.1127432192935582,0.04903238991645911,0.4941303840027492,0.11036502981176631,False,0.154874,0.09007535587608405,0.09007535587608405,-0.80525,1.0,1.80525,3.653387968933228
592,3,162,1.26477e-06,0.000674362,0.6125399500950935,0.3660664318528629,0.9773838939580219,0.0054853721333490615,False,-0.0929042,-0.10066625073481601,-0.10066625073481601,-0.65773,0.35482,1.01255,1.035979829685518
593,3,280,0.00656179,0.0447303,0.14654201812741863,0.0,0.0,0.1359324158950391,True,0.0211315,-1.0,-inf,-1.0,0.96993,1.96993,
597,4,202,0.00188328,0.00235777,0.26981437386490226,0.25536644364368877,0.8985432078334429,0.027867175936004716,False,-0.11905,-0.16350596683074345,-0.16350596683074345,-0.97733,0.47957,1.4569,1.6214022734787132
598,4,299,0.0020397,0.00289529,0.21720440325512153,0.1983262275730311,0.8829525118168626,0.030667911376255318,False,-0.119812,-0.17042809138920834,-0.17042809138920834,-0.95664,0.47178,1.42842,1.6177766990669997
600,4,347,0.000144078,0.0401819,0.29395845829779915,0.0,0.0,0.08417885335916801,True,-0.486196,-1.0,-inf,-1.0,0.15679,1.15679,
603,4,672,0.00249896,0.00469519,0.1407133532669648,0.11564424530665791,0.8368598347005944,0.0394277720234713,False,0.13029,0.10857520484184392,0.10857520484184392,-0.59262,0.83454,1.42716,1.7053751904709333
611,4,390,0.0123933,1.51258e-06,0.06744211417575605,0.373715394744316,0.6841672788869541,0.04234285171909664,False,-0.0277933,-0.10251316291126711,-0.10251316291126711,-0.73428,0.50628,1.2405599999999999,1.8132407647705984
617,4,323,0.000368019,0.00962622,0.27640740406407216,0.10210090595298896,0.7644896610289286,0.0447194269600855,False,-0.245864,-0.38010118615468064,-0.38010118615468064,-1.0,0.32335,1.32335,1.731024064104281
619,4,448,0.00041731,0.00167728,0.23069210573338497,0.1858704555313691,0.9377556532989015,0.015728660399508664,False,-0.073333,-0.0949732055319543,-0.0949732055319543,-0.77588,0.44442,1.2203,1.3012984733359318
628,4,170,0.00497986,0.0196549,0.21542112635636063,0.0,0.0,0.126895641382856,True,-0.21066,-1.0,-inf,-1.0,0.55078,1.55078,
636,4,171,0.00200063,0.0342,0.2897963503205522,0.0,0.0,0.10708699257210388,True,0.326338,1.0,inf,-0.54963,1.0,1.54963,
637,4,396,0.0215349,0.000245749,0.0,0.26052001979676315,0.0,0.08720512553252983,True,0.0725716,-1.0,-inf,-0.74172,0.79214,1.53386,
638,4,442,0.000659561,0.000722863,0.21888596125073315,0.21606295675413098,0.9519361521539819,0.012750849837732907,False,0.129505,0.12264913975384072,0.12264913975384072,-0.47301,0.68664,1.15965,1.218201449095106
644,4,152,0.00118287,0.00310984,0.34451278417640036,0.2725754056642379,0.9002214027601699,0.027551711910945943,False,0.193373,0.18420056175139715,0.18420056175139715,-0.513,0.89402,1.4070200000000002,1.5629710598814186
656,4,227,0.0002294,0.048414,0.3506349011513048,0.0,0.0,0.08628570740378982,True,-0.246858,-1.0,-inf,-1.0,0.47006,1.47006,
657,4,213,0.00637557,0.020464,0.16984228100881302,0.0,0.0,0.13497720923529896,True,-0.689322,-1.0,-inf,-1.0,-0.01019,0.98981,
658,4,348,0.0116098,0.00856572,0.0785777109378337,0.10991736307064842,0.5721672329861539,0.10042415171501806,False,0.315571,0.37602091815381594,0.37602091815381594,-0.50031,1.0,1.50031,2.622152953726217
659,4,176,0.00173322,0.00874415,0.29514884007502185,0.14811154320822012,0.7707144796801699,0.05296700605979935,False,-0.4796,-0.6910042825208154,-0.6910042825208154,-1.0,0.13683,1.13683,1.475033919787987
660,4,219,0.017088,0.00459983,0.028415948734990017,0.1968600799684197,0.3821309359649775,0.11029326744814458,False,-0.0510361,-0.42218347761022545,-0.42218347761022545,-1.0,0.7519,1.7519,4.5845542328992765
661,4,223,2.24344e-05,0.0167766,0.43183762720749846,0.032061140628417695,0.4519020181220498,0.0641378858761821,False,0.213489,0.3304944614862975,0.3304944614862975,-0.45397,0.9292,1.38317,3.0607741159200423
662,4,195,0.0267254,0.00312397,0.0,0.23989573261288713,0.0,0.11523326981665753,True,-0.160408,-1.0,-inf,-1.0,0.60721,1.60721,
667,4,293,7.63151e-09,0.000104289,0.5429988003497008,0.33073503663602516,0.9928958774619605,0.001628847286917745,False,-0.148114,-0.15081425020082698,-0.15081425020082698,-0.60149,0.22924,0.83073,0.8366738334371084
670,4,360,5.07409e-05,0.0015647,0.314962577168096,0.20978545196263956,0.9527623407787399,0.011095670497680161,False,-0.136621,-0.15504041687557044,-0.15504041687557044,-0.80938,0.34829,1.15767,1.215066916954105
673,4,268,0.0163693,0.000291332,0.03450118211600706,0.3128872900940482,0.4760426718978906,0.0721567357049475,False,0.174109,0.21416622986462208,0.21416622986462208,-0.56933,0.91359,1.48292,3.1150988924750864
674,4,281,0.00130052,0.00234902,0.2462187290532964,0.21644875033327443,0.9074456683948803,0.024566574015993308,False,-0.389782,-0.45660978772305644,-0.45660978772305644,-1.0,0.1637,1.1637,1.2823908257321792
678,4,262,0.0423069,0.00234996,0.0,0.2241330045601876,0.0,0.109818354796188,True,-0.374923,-1.0,-inf,-1.0,0.37284,1.37284,
679,4,208,0.0331992,0.0331939,0.0,0.0,0.0,0.21794,True,-0.387853,-1.0,-inf,-1.0,0.53535,1.53535,
681,4,216,0.0173417,3.34454e-05,0.025386157203358975,0.4269818769134865,0.40345267002788204,0.06783464384380809,False,0.17729,0.27129664589560804,0.27129664589560804,-0.51682,0.87716,1.39398,3.455126470977783
683,4,236,0.000468132,0.0157295,0.3157847530504284,0.04390079920372889,0.5163275125532322,0.07204474829325629,False,0.0175241,-0.10559314963413911,-0.10559314963413911,-0.83,0.71825,1.54825,2.998581253871067
684,4,266,6.78385e-05,1.67527e-06,0.3611462799517799,0.45739430721536417,0.9939726856105559,0.001654582652887561,False,0.095808,0.0947243507896577,0.0947243507896577,-0.34916,0.5093,0.85846,0.8636655840021237
688,4,124,0.00118199,0.000484258,0.38380332221423896,0.44334485746224495,0.9512468392185983,0.01473392304190388,False,0.203332,0.19826407740079327,0.19826407740079327,-0.43833,0.83319,1.27152,1.3366877529332872
691,4,297,0.0173822,0.00252822,0.02219642915883735,0.20659071072070387,0.3752527365045683,0.09889784653249606,False,0.303568,0.5454194828103867,0.5454194828103867,-0.47906,1.0,1.47906,3.941503568440983
692,4,334,0.0452536,0.000111432,0.0,0.3069687055204756,0.0,0.08291173891666523,True,-0.387674,-1.0,-inf,-1.0,0.25351,1.25351,
693,4,162,0.0193804,0.0234801,0.0,0.0,0.0,0.21794,True,0.520462,1.0,inf,-0.37489,1.0,1.37489,
694,4,249,0.00147077,0.000105843,0.25566118167820967,0.360075475482469,0.953275667971033,0.01188498148329526,False,-0.108552,-0.1263401401397722,-0.1263401401397722,-0.78279,0.39157,1.17436,1.2319206704389365
695,4,320,0.0137264,0.000634274,0.05957710630686821,0.25889368247440103,0.6155488216983052,0.06472560075158658,False,0.22918,0.2671671091736999,0.2671671091736999,-0.48963,1.0,1.48963,2.4200030078688095
699,4,242,0.0306385,7.91497e-05,0.0,0.37501597824756894,0.0,0.08105149650983082,True,-0.132255,-1.0,-inf,-1.0,0.54429,1.5442900000000002,
704,4,221,0.00432454,0.000134555,0.200986790197692,0.3753746984162775,0.8979296683706341,0.022784196351664107,False,0.484013,0.5136580512873272,0.5136580512873272,-0.05095,1.0,1.05095,1.170414607089477
717,4,228,0.00849862,0.0155388,0.13446232405739914,0.04682969622803936,0.4325949611960437,0.12234867928245916,False,-0.572798,-1.0,-1.606922737519895,-1.0,0.14156,1.14156,2.6388656882266988
725,4,321,0.000172996,0.0479849,0.3007758565928289,0.0,0.0,0.08503433404605976,True,-0.177812,-1.0,-inf,-1.0,0.54614,1.5461399999999998,
729,4,241,0.01209,0.000826434,0.0865970648712983,0.2879672206378296,0.6802690632252966,0.059746307265475536,False,0.0406358,-0.02809257145234367,-0.02809257145234367,-0.78307,0.74465,1.52772,2.2457584543926825
735,4,170,0.00914631,2.91193e-07,0.1443648077325054,0.6399228961674782,0.7974282036251454,0.030308516382785654,False,-0.2038,-0.2935794286162911,-0.2935794286162911,-0.97593,0.31872,1.2946499999999999,1.6235317413084476
736,4,288,0.00124399,0.00752386,0.24518208259923152,0.13241166194974763,0.802985507169435,0.0445151192196025,False,0.527959,0.6020580402310894,0.6020580402310894,-0.06483,1.0,1.06483,1.3260886908825793
737,4,520,0.00153504,0.00283742,0.17616541037133004,0.1529544529412679,0.8908032575623688,0.027377858293708843,False,-0.157669,-0.20773033408081465,-0.20773033408081465,-1.0,0.40022,1.40022,1.5718622356990706
738,4,405,0.0168721,0.000620479,0.024877875880692322,0.2305495384147312,0.4355679651798035,0.07948937323241567,False,-0.213767,-0.6732735110842203,-0.6732735110842203,-1.0,0.41196,1.41196,3.2416525384669637
744,4,251,0.00685775,0.00131666,0.1502362447253541,0.26018252210335474,0.8182428451084133,0.04253988362494462,False,0.510264,0.5716201726311267,0.5716201726311267,-0.08216,1.0,1.08216,1.322541353669422
754,4,149,0.0485122,0.00155538,0.0,0.3295614481129693,0.0,0.10332356349719496,True,0.295007,1.0,inf,-0.64076,1.0,1.64076,
757,4,228,0.0378775,0.00207242,0.0,0.24801407626947916,0.0,0.10770042530949751,True,-0.225454,-1.0,-inf,-1.0,0.51108,1.51108,
758,4,331,0.0178891,5.09934e-09,0.016114408888611983,0.5143071433568536,0.35136748081985825,0.056485012123499906,False,0.0639807,0.02133290155084967,0.02133290155084967,-0.54496,0.61652,1.16148,3.305599019265748
768,4,606,0.047529,0.0179146,0.0,0.013805150796357097,0.0,0.20498517128692756,True,-0.0466737,-1.0,-inf,-1.0,1.0,2.0,
771,4,538,5.15405e-05,1.05903e-07,0.2560462384157722,0.3543292023154535,0.9951263639208414,0.0011533084257553457,False,0.024593,0.023554487574714875,0.023554487574714875,-0.38612,0.39103,0.77715,0.7809560958047529
772,4,494,0.000136831,0.000642948,0.24667469326931116,0.2079752343920388,0.9683227116996831,0.008164361447410432,False,0.0592604,0.05276757214844359,0.05276757214844359,-0.50465,0.54358,1.04823,1.0825213405973477
773,4,350,0.0149581,0.000385403,0.04523267329594025,0.26380453704608253,0.5595306204058413,0.06701315305994004,False,-0.120808,-0.3356762725938193,-0.3356762725938193,-1.0,0.50909,1.50909,2.697064190884531
774,4,275,0.00529752,0.00177908,0.1654926828419905,0.2336178823895137,0.8422641884566545,0.03916737188667218,False,0.14113,0.12105777440230694,0.12105777440230694,-0.61583,0.82841,1.44424,1.7147113931632212
782,5,479,0.0100434,0.000223627,0.08223638411835547,0.23901108805202317,0.7536632803283148,0.043890789041971835,False,-0.209572,-0.33630773272058184,-0.33630773272058184,-1.0,0.36049,1.36049,1.8051695438941062
783,5,338,0.00641714,5.81759e-07,0.1358822372074079,0.4224424047745726,0.8581032629889997,0.022991856924992653,False,-0.00311964,-0.030429317835291094,-0.030429317835291094,-0.60913,0.51673,1.1258599999999999,1.3120332348793695
785,5,532,0.0175668,2.59576e-06,0.01704422290573405,0.30906421548784413,0.39138103783791794,0.06325397556866627,False,-0.388512,-1.0,-1.154286825095894,-1.0,0.11881,1.11881,2.858620862626797
789,5,436,0.000918198,0.0498418,0.20983071556479496,0.0,0.0,0.09749683508724363,True,0.346134,1.0,inf,-0.46405,1.0,1.46405,
799,5,257,0.0487658,1.15687e-05,0.0,0.4176780809030258,0.0,0.07473135631187698,True,0.47834,1.0,inf,-0.14047,1.0,1.14047,
800,5,306,0.00400605,0.00277032,0.17648449594815377,0.19855562495149998,0.8489208139000848,0.03885637110615808,False,0.291201,0.29725343608260507,0.29725343608260507,-0.39387,1.0,1.39387,1.6419317057339273
801,5,241,0.00024012,0.0451447,0.33801498049202366,0.0,0.0,0.08660994911592354,True,0.179755,1.0,inf,-0.65634,1.0,1.6563400000000001,
802,5,192,0.0300663,0.00864015,0.0,0.14368871926903617,0.0,0.147936864254655,True,-0.146478,-1.0,-inf,-1.0,0.69993,1.6999300000000002,
809,5,430,0.0264691,0.00987816,0.0,0.08763240214611301,0.0,0.15441512221568188,True,0.10014,-1.0,-inf,-0.94973,1.0,1.94973,
815,5,90,4.6499e-05,1.53257e-05,0.6791683290209981,0.7395862037066682,0.9941293729635537,0.0021518852198883763,False,-0.159266,-0.1623711054213124,-0.1623711054213124,-0.71943,0.29625,1.0156800000000001,1.0216778898426497
818,5,210,0.00106689,0.00546775,0.2964135709058546,0.1857224696662657,0.8541868524970393,0.03571293440233139,False,0.193902,0.1851925783395465,0.1851925783395465,-0.53572,0.87029,1.40601,1.6460215887072243
827,5,158,0.0375319,1.56981e-05,0.0,0.5355048891137043,0.0,0.0748776961338204,True,0.0641035,-1.0,-inf,-0.8109,0.79411,1.60501,
832,5,401,0.00440601,0.00540087,0.14963965264478354,0.13719108762948337,0.7910690291693516,0.05193134314861628,False,-0.499677,-0.6972948286546158,-0.6972948286546158,-1.0,0.11056,1.11056,1.4038724296489327
839,5,456,0.000234003,0.00222662,0.2438383668351029,0.17310749424974928,0.9320200052912997,0.016254671011821216,False,-0.0314803,-0.051216680694425455,-0.051216680694425455,-0.69072,0.48835,1.17907,1.2650694119290773
840,5,394,0.0105715,2.01774e-09,0.08435672655745904,0.4814261254633029,0.7474308512126812,0.03169552979999794,False,-0.0243402,-0.07497112235744868,-0.07497112235744868,-0.60664,0.46727,1.07391,1.4368018101709576
841,5,484,0.000286599,3.22949e-05,0.23169395965788223,0.27938390464422624,0.9827825570345013,0.004452609902083741,False,-0.0566768,-0.06220034072088007,-0.06220034072088007,-0.59463,0.38982,0.98445,1.0016966550266522
848,5,206,0.00663858,1.57345e-07,0.16847626465377197,0.5893856192329349,0.8572440939190432,0.02285442652336933,False,0.0106929,-0.014186772017023482,-0.014186772017023482,-0.60428,0.52476,1.12904,1.3170577762028008
849,5,360,4.93977e-06,9.84747e-05,0.3664633421714917,0.2984427232600268,0.9919207549984319,0.002159867272756755,False,0.525571,0.5276743430255885,0.5276743430255885,0.13662,1.0,0.86338,0.8704122740141321
850,5,299,0.00782722,1.43774e-07,0.1264732159501026,0.4802680872375727,0.8257747412608728,0.026175480500599757,False,0.127904,0.12319160954726138,0.12319160954726138,-0.42215,0.66605,1.0882,1.3177927897605963
851,5,208,4.06317e-07,1.2768e-06,0.561899215557589,0.5315918931425192,0.9992189406005112,0.00026032004814075194,False,0.0405121,0.040283243557882036,0.040283243557882036,-0.35466,0.40067,0.7553300000000001,0.7559204187483289
852,5,373,4.1426e-05,0.00105727,0.3139333511189414,0.22153721964565248,0.9637194498429708,0.00876778777887794,False,0.168495,0.16574036380312565,0.16574036380312565,-0.37547,0.67582,1.05129,1.0908672645045174
853,5,353,0.0200241,1.54623e-05,0.0,0.3458350060555115,0.0,0.07597610518569672,True,-0.172592,-1.0,-inf,-1.0,0.40014,1.40014,
856,5,246,0.034047,1.98696e-05,0.0,0.4128094594903377,0.0,0.07619089696103303,True,0.282698,1.0,inf,-0.39996,1.0,1.39996,
861,5,298,0.000207336,5.49981e-05,0.30703255036752247,0.3457528784367254,0.9843783912668014,0.004409250694255304,False,0.268739,0.268524534519269,0.268524534519269,-0.21722,0.76547,0.98269,0.9982848147807993
862,5,199,2.89827e-05,0.00270839,0.45128931049788723,0.24777767594152575,0.934223329648762,0.014820594091915131,False,0.251621,0.25347301698953956,0.25347301698953956,-0.30821,0.84545,1.15366,1.2348867378785533
864,5,312,0.0170104,4.01085e-06,0.025775512723337876,0.40030627856058193,0.4332317312940935,0.06147845779114225,False,0.308225,0.5695486373350553,0.5695486373350553,-0.26803,1.0,1.26803,2.926909338363341
867,5,242,0.000536307,0.0104417,0.3060828409442074,0.10633887345262626,0.7398337094765619,0.050040330410338514,False,-0.392246,-0.5978185702341943,-0.5978185702341943,-1.0,0.19807,1.19807,1.6193774150243083
873,5,372,0.00757083,3.05833e-05,0.11715539482128089,0.32133503067843755,0.8277569431456796,0.030381313521668455,False,0.112222,0.09887043190156382,0.09887043190156382,-0.54351,0.70791,1.25142,1.5118206018838052
875,5,282,0.000863493,0.00840067,0.26374789504012863,0.12298722892727584,0.7886613385130313,0.04509432480924291,False,-0.0553067,-0.12730562524916256,-0.12730562524916256,-0.95304,0.57075,1.52379,1.9321220980262643
881,5,421,0.0257402,0.015747,0.0,0.034917854505339116,0.0,0.19058729515509779,True,0.161663,-1.0,-inf,-0.96296,1.0,1.96296,
884,5,188,0.0349763,0.00760924,0.0,0.16066198854802705,0.0,0.14207240537900992,True,0.165921,1.0,inf,-0.96807,1.0,1.96807,
887,5,260,0.0133676,0.000132622,0.06911813117852425,0.344678238180185,0.6423563833306128,0.0551753307043803,False,0.187227,0.20557384144130839,0.20557384144130839,-0.50996,0.8903,1.4002599999999998,2.1798802601441625
888,5,628,0.000333913,1.09359e-13,0.20069899650339038,0.4780091257312498,0.9847648922300034,0.002623127337023856,False,0.152058,0.15174675076462196,0.15174675076462196,-0.19275,0.4974,0.69015,0.7008271775785517
891,5,386,8.98905e-06,8.61671e-15,0.3411562375783306,0.6595900505227136,0.9983404197422059,0.0003496869360760131,False,0.191784,0.1917525417966716,0.1917525417966716,-0.11574,0.4945,0.61024,0.6112544257775097
892,5,387,0.000190143,3.15424e-07,0.27057748400475173,0.403528711601278,0.9893364745864918,0.002479620989717463,False,-0.2093,-0.2140622795477484,-0.2140622795477484,-0.71386,0.17833,0.89219,0.9018064358467167
893,5,453,0.0114437,0.00223401,0.0717463307987654,0.1735154000452696,0.6765004522373151,0.06652106248462758,False,0.172676,0.15691776282528405,0.15691776282528405,-0.6203,0.93915,1.55945,2.3051721471029376
895,5,291,0.000370101,0.00201777,0.2915221091073181,0.22072174823824234,0.9338044353971666,0.01700479234061074,False,0.296699,0.2995211813707325,0.2995211813707325,-0.26605,0.95453,1.22058,1.307104521816564
896,5,437,0.0401733,3.1106e-05,0.0,0.29518299179081214,0.0,0.07837372906592906,True,0.121084,1.0,inf,-0.67611,0.86008,1.53619,
901,5,181,0.0280725,0.0232063,0.0,0.0,0.0,0.21794000000000002,True,0.272549,1.0,inf,-0.83371,1.0,1.83371,
902,5,197,0.0110272,1.01606e-05,0.10887814678883,0.4872837204469445,0.737951192337675,0.04013245571367229,False,0.156027,0.15704906434150206,0.15704906434150206,-0.48673,0.80711,1.2938399999999999,1.753286685399051
903,5,293,0.00519508,2.45349e-05,0.16199987942614158,0.3702846085421112,0.883156153817842,0.022548110877154307,False,-0.153567,-0.1994155961160629,-0.1994155961160629,-0.91811,0.36373,1.2818399999999999,1.4514307514686577
909,5,312,0.00574634,0.00423977,0.14973291264263053,0.17116745107851739,0.7892775615579688,0.05297869985521574,False,-0.0812313,-0.17004157522265842,-0.17004157522265842,-1.0,0.59421,1.59421,2.019834438031104
914,5,549,0.0145079,6.14389e-06,0.04187524937830691,0.29046995361673317,0.5926848050019032,0.05201252525278966,False,0.244881,0.3254149138285922,0.3254149138285922,-0.32994,0.92733,1.25727,2.121313030787018
915,5,596,1.30786e-07,0.000976443,0.333149128507707,0.17875835468796838,0.9687144743541313,0.006090898739676838,False,-0.177897,-0.18992995728937223,-0.18992995728937223,-0.7137,0.22216,0.93586,0.9660844601542304
922,5,326,0.0138882,7.87902e-05,0.05746540420446416,0.3203023916606868,0.6190005815451128,0.05547436459801681,False,-0.317347,-0.6022956612858134,-0.6022956612858134,-1.0,0.24542,1.24542,2.011985185686346
923,5,425,0.000603848,0.00939269,0.22591123881143602,0.09262731097305611,0.7643596420378147,0.04625686799192852,False,0.113674,0.08820080012117672,0.08820080012117672,-0.61489,0.79549,1.41038,1.8451785291016518
924,5,565,0.0117377,0.0021581,0.06329876686188325,0.1576668332335225,0.6678175416843637,0.06698470969831966,False,-0.195418,-0.3929257518999723,-0.3929257518999723,-1.0,0.4458,1.4458,2.1649625979476603
925,5,353,3.4441e-06,0.0272679,0.37774089522955506,0.0,0.0,0.07235472051557633,True,0.254964,1.0,inf,-0.37718,0.98659,1.36377,
935,6,501,0.000183435,8.19436e-05,0.23834028348477804,0.25594985719504354,0.983433901587888,0.004463566139532702,False,0.269109,0.2691034277272333,0.2691034277272333,-0.20723,0.76739,0.97462,0.9910376268566126
936,6,474,0.0011853,1.75833e-06,0.19311704665970394,0.3346336788850435,0.9639596171305818,0.007476418090483997,False,-0.19669,-0.21179976262722094,-0.21179976262722094,-0.78948,0.22153,1.01101,1.0488094957851795
937,6,535,0.0225369,0.00792337,0.0,0.09658650665864141,0.0,0.14314675947550917,True,-0.28688,-1.0,-inf,-1.0,0.45662,1.45662,
943,6,383,0.0102747,0.00151002,0.08828118485939836,0.20491603179203544,0.724204059781924,0.05708479827612422,False,-0.312073,-0.5097427904329711,-0.5097427904329711,-1.0,0.29936,1.29936,1.7941904390749617
948,6,356,0.0241985,7.46267e-08,0.0,0.44814479172081256,0.0,0.06604719528626392,True,-0.0543575,-1.0,-inf,-0.82104,0.5039,1.32494,
949,6,248,0.00257124,8.27101e-08,0.22498958614130407,0.5452478546408069,0.9387291736973548,0.01131384637467716,False,-0.13684,-0.15782384368768088,-0.15782384368768088,-0.7301,0.31471,1.04481,1.1130047187995944
950,6,133,0.0286674,4.99397e-21,0.0,1.6105633343015922,0.0,0.0447092360309075,True,0.208587,1.0,inf,-0.3091,0.83877,1.14787,
951,6,88,8.63328e-10,8.88506e-11,1.1900972662354643,1.2807896958046852,0.9999915186889085,3.998624499615309e-06,False,0.666501,0.666502654191854,0.666502654191854,0.38775,0.95352,0.5657700000000001,0.565774798512074
952,6,147,4.65314e-07,3.83902e-10,0.6806821640533184,0.8934453229890597,0.9997140913094685,9.21279156492315e-05,False,0.448593,0.448629139054032,0.448629139054032,0.12298,0.79434,0.6713600000000001,0.6715520025536739
953,6,57,6.97816e-08,9.42297e-07,1.31534549070562,1.1556452319430297,0.9995455451368085,0.0002084211956422509,False,0.740853,0.7409813213693881,0.7409813213693881,0.42436,1.0,0.5756399999999999,0.5759017213379823
954,6,34,0.000867169,6.29474e-11,0.8327267675124479,2.4199818450284782,0.979930791252327,0.00509657109429402,False,0.776734,0.787440741523769,0.787440741523769,0.39452,1.0,0.60548,0.6178803701292127
957,6,79,0.000776079,2.58264e-11,0.5282011780262192,1.423286713330117,0.9778732209203538,0.004722065239987354,False,0.739278,0.7511770636981592,0.7511770636981592,0.38874,1.0,0.61126,0.6250912561289845
958,6,32,0.00850865,0.00963322,0.34215491533303616,0.29873886177083997,0.6746187556302436,0.09337151238392538,False,0.769683,1.0,1.0025091682846108,0.032,1.0,0.968,1.434884506132168
959,6,19,0.00237271,1.63626e-07,0.9072778073109333,2.6019501068300577,0.9635653362174804,0.010882515725742144,False,0.839278,0.8597190591415025,0.8597190591415025,0.406,1.0,0.594,0.6164605322268795
960,6,44,0.00158625,1.81862e-08,0.6329147907494754,1.6466320050523022,0.9667879879105264,0.008105763702012166,False,0.757809,0.7754577484131616,0.7754577484131616,0.35042,1.0,0.64958,0.6718949843428516
961,6,136,1.72689e-05,1.23294e-09,0.5788339751107263,0.9014070184095971,0.9977193061168126,0.0006342360254838036,False,0.504366,0.5048832481102049,0.5048832481102049,0.15959,0.8924,0.73281,0.7344851357564117
965,6,17,0.0103378,0.00604979,0.3636132032282466,0.6213463513898593,0.7256011094374424,0.08523429129800983,False,1.0,1.0,1.2607005375325389,0.40059,1.0,0.59941,0.8260874910523797
966,6,12,0.0187248,0.000178279,0.006683426838172483,2.02471933557771,0.15940243680058322,0.07924922357928917,False,0.729089,1.0,4.076724229966936,0.00779,1.0,0.99221,6.224559799178489
968,6,73,0.0457654,0.000229593,0.0,0.6542656981880036,0.0,0.08516139771080689,True,0.376746,1.0,inf,-0.45104,1.0,1.4510399999999999,
969,6,203,0.00316114,4.42482e-07,0.23421883234114305,0.5674205344825635,0.9283587968426376,0.01358496393354087,False,0.303463,0.3122478475481018,0.3122478475481018,-0.1936,0.84019,1.03379,1.1135673012588836
970,6,282,0.00012021,0.00108723,0.3331944008817025,0.25385605498416114,0.9601342209893801,0.010376604333314473,False,0.0108664,0.000510132496038744,0.000510132496038744,-0.60395,0.53511,1.13906,1.1863549648571468
971,6,309,0.00342497,1.07992e-06,0.18537892301936362,0.43074805886764805,0.920849255587334,0.014687303507279809,False,0.0567018,0.045625813603902624,0.045625813603902624,-0.51752,0.56057,1.07809,1.1707562268836011
973,6,353,0.000452269,0.000239263,0.2575639864265454,0.2770714518013384,0.9700875279705621,0.008204302901333562,False,0.1736,0.1704956432587859,0.1704956432587859,-0.36263,0.69914,1.06177,1.09450948433616
980,6,323,0.000164966,0.0026762,0.30119786702524715,0.1952041098997146,0.9267009234048734,0.017286619464020846,False,0.326931,0.33413625983913725,0.33413625983913725,-0.2231,0.95073,1.17383,1.2666761954732144
986,6,276,0.0449485,0.011193,0.0,0.09165522411660061,0.0,0.16248007132401251,True,-0.18676,-1.0,-inf,-1.0,0.69232,1.69232,
990,6,158,0.0264635,0.00158722,0.0,0.31823034582448256,0.0,0.10362202851918029,True,-0.073624,-1.0,-inf,-1.0,0.72481,1.72481,
995,6,152,0.00445326,0.00761611,0.23918838050876767,0.1777420341110071,0.7557750600993568,0.06282663496849523,False,0.271941,0.27668862876212647,0.27668862876212647,-0.51857,1.0,1.51857,2.0092883189349533
996,6,239,0.00608435,2.53557e-05,0.16499517312602752,0.41229679967169514,0.8656259926578388,0.025451139942044957,False,0.106073,0.09313706004877667,0.09313706004877667,-0.5525,0.69111,1.2436099999999999,1.4366597243476826
997,6,136,0.00529922,0.00184216,0.23359657419060853,0.3328519833747169,0.8487324086964286,0.040146964067895,False,-0.184758,-0.264989249571991,-0.264989249571991,-1.0,0.46431,1.46431,1.725290545048279
998,6,96,0.00249274,0.000580468,0.36946126431013515,0.4968101538776999,0.9273183202652283,0.021364127790164292,False,0.303557,0.3043106838751163,0.3043106838751163,-0.34518,0.99798,1.34316,1.448434664394244
1000,6,175,0.0125784,0.00842755,0.09302426757043698,0.15337116008541576,0.5537360386054303,0.10582334266089959,False,0.253708,0.26706706269569164,0.26706706269569164,-0.60168,1.0,1.60168,2.892497306178209
1001,6,198,0.0197408,0.000285114,0.0,0.36814972416424985,0.0,0.08750710206313794,True,-0.301208,-1.0,-inf,-1.0,0.33123,1.3312300000000001,
1004,6,177,3.72183e-06,2.3963e-08,0.5494498553677739,0.6940739433468524,0.9989970156019207,0.00030759333892641644,False,0.125579,0.12539717807424522,0.12539717807424522,-0.25525,0.48316,0.73841,0.7391513572791703
1022,6,333,0.00273794,3.0547e-05,0.191107036410728,0.3406443693232444,0.9311374628496603,0.01480791247530358,False,-0.08541,-0.10762955683105684,-0.10762955683105684,-0.76539,0.41741,1.1828,1.2702743120013127
1026,6,352,0.0074525,0.0190136,0.12146525618007807,0.004288895226696545,0.15428620209666902,0.1379863908851576,False,0.166874,0.1872339115376155,0.1872339115376155,-0.8056,1.0,1.8056,11.702925961381107
1033,6,166,0.00615692,0.000313303,0.1955612145374554,0.40025915414786406,0.857913789219745,0.03183117746053545,False,-0.825317,-0.9991075889339581,-0.9991075889339581,-1.0,-0.26827,0.73173,0.852917867966073
1045,6,271,0.0101331,0.00150339,0.1046116597119158,0.2438157313972367,0.7313717882206673,0.05679177804149778,False,0.090634,0.04627225510138416,0.04627225510138416,-0.73793,0.82429,1.56222,2.1360134820084853
1046,6,182,0.0187075,0.0020806,0.008498894781238388,0.2779891309068363,0.2204285572823852,0.1038974550977366,False,-0.193097,-1.0,-1.3473501744026064,-1.0,0.54008,1.5400800000000001,6.986753526799363
1049,6,119,4.87087e-05,0.0398938,0.5771123472754123,0.0,0.0,0.07823822576940516,True,0.158333,1.0,inf,-0.67773,1.0,1.67773,
1052,6,273,0.00428071,1.1902e-05,0.18193934229672423,0.4034959054732476,0.9032260809784187,0.01889918713923404,False,0.476369,0.5064842817262454,0.5064842817262454,-0.02081,1.0,1.02081,1.130182156491992
1054,6,418,0.01266,0.00813827,0.06310363871660583,0.10545739335175763,0.547369640768678,0.10332024247039356,False,-0.141191,-0.4467022360374671,-0.4467022360374671,-1.0,0.5767,1.5767,2.8805031966804377
1056,6,242,0.000106059,0.000729902,0.365532127866467,0.2929009846360213,0.9688187740076211,0.00850883871907268,False,-0.127638,-0.14052869573933516,-0.14052869573933516,-0.78155,0.36486,1.14641,1.1833069617940557
1057,6,301,0.0352363,0.00143378,0.0,0.23340652911229895,0.0,0.10244665370307093,True,0.0480522,-1.0,-inf,-1.0,0.88264,1.8826399999999999,
1059,6,377,0.0108309,0.0173528,0.08345750715091123,0.020791628860727655,0.2969925039377792,0.1455306559433099,False,0.0962281,-0.16600606173426835,-0.16600606173426835,-0.95434,1.0,1.95434,6.580435445634816
1063,6,429,0.00237548,0.00207475,0.175444615387712,0.18122325795400687,0.8899938035288187,0.028232445459061475,False,0.00584362,-0.02515615880727478,-0.02515615880727478,-0.74132,0.60657,1.34789,1.5144936904679858
1064,6,277,0.00233697,3.16516e-05,0.21828750236767194,0.37476946100470393,0.9395540580856871,0.013522621250051521,False,0.180294,0.17750056775843223,0.17750056775843223,-0.38294,0.72849,1.11143,1.1829335315357
1066,6,297,0.000315301,0.0326687,0.29391022243243564,0.0,0.0,0.08849455232280805,True,-0.0987092,-1.0,-inf,-1.0,0.59887,1.59887,
1067,6,525,6.38924e-05,0.000177627,0.2550007570343894,0.23358563148575884,0.9844847553962828,0.004150934582651749,False,-0.0793002,-0.08476630453161292,-0.08476630453161292,-0.61989,0.3553,0.97519,0.9905587614786971
1072,6,382,5.79656e-05,0.00515297,0.30225271502304357,0.14339068532635474,0.8807073981278721,0.023605293197506816,False,-0.480865,-0.5728012439430666,-0.5728012439430666,-1.0,0.01951,1.01951,1.1576035379822878
1079,6,461,0.00441033,6.52245e-07,0.1401761998003569,0.35592041974132715,0.8996068605005627,0.017275944316060703,False,-0.033486,-0.056426808803809646,-0.056426808803809646,-0.645,0.44594,1.09094,1.2126852827611552
1087,6,512,0.0180511,4.9127e-07,0.013014556434610296,0.34114971999719457,0.34207311016656894,0.06274890848411664,False,0.01758,-0.13204460433070028,-0.13204460433070028,-0.67978,0.56856,1.24834,3.6493368315098893
1088,6,329,0.000321997,4.45277e-06,0.2780931138637947,0.38678298662073607,0.9844869986053432,0.003844176268480404,False,-0.0740969,-0.0791692286225154,-0.0791692286225154,-0.61984,0.35642,0.9762599999999999,0.9916433649027382
1093,6,322,0.0470892,0.00307912,0.0,0.1878138630202898,0.0,0.11492501712674882,True,-0.208057,-1.0,-inf,-1.0,0.59943,1.59943,
1094,7,189,0.00460407,0.000351146,0.2116183868288933,0.3682508493375847,0.8874712014001429,0.026732490519889206,False,0.526097,0.56268249458943,0.56268249458943,-0.02643,1.0,1.02643,1.156578375028536
1095,7,320,0.00016515,0.00218199,0.30263199000812624,0.20666306594451386,0.9362796934705379,0.01544154092508152,False,-0.442149,-0.4887327409920812,-0.4887327409920812,-1.0,0.06948,1.06948,1.1422655083287392
1096,7,413,4.33193e-09,8.08468e-05,0.4577427244815703,0.2826752900119088,0.9938035396516621,0.0013747478075658043,False,-0.15699,-0.1593521671929989,-0.1593521671929989,-0.58768,0.19806,0.78574,0.7906391642310004
1097,7,378,0.0328714,0.00658247,0.0,0.12713739417102826,0.0,0.13589896066280485,True,-0.0931983,-1.0,-inf,-1.0,0.75105,1.75105,
1098,7,413,0.00152891,0.00536503,0.19699337076311055,0.1357517833960562,0.8425133485490602,0.037619343015477646,False,-0.440557,-0.5675593672657793,-0.5675593672657793,-1.0,0.12782,1.12782,1.3386375443692167
1100,7,508,0.00932012,0.0105838,0.08643445349997352,0.07566387618985934,0.5825466920347937,0.09809577577848458,False,-0.152221,-0.429693927029516,-0.429693927029516,-1.0,0.56216,1.56216,2.6816047904134304
1103,7,324,0.0198094,0.011523,0.0,0.08195119341573102,0.0,0.16429082266113257,True,0.338174,1.0,inf,-0.54386,1.0,1.54386,
1109,7,283,0.0464119,0.00818257,0.0,0.12541344635182208,0.0,0.14512095712561301,True,0.240961,1.0,inf,-0.84227,1.0,1.84227,
1113,7,515,0.000187375,0.00458145,0.23461628952086125,0.1312916768321772,0.8865413972951773,0.024053324474559736,False,0.204457,0.20349154148452492,0.20349154148452492,-0.39142,0.85054,1.24196,1.4009046884772656
1117,7,560,0.0137766,8.67032e-05,0.047385241709976676,0.24099600793052323,0.623584458001755,0.05506728403579242,False,-0.13586,-0.3061771049387749,-0.3061771049387749,-1.0,0.43491,1.43491,2.3010676125541947
1118,7,333,0.00958256,0.00156985,0.10117700115977356,0.21792158521466265,0.7439450355466574,0.05476613672383807,False,-0.377202,-0.5806452306068876,-0.5806452306068876,-1.0,0.22509,1.22509,1.646748000811368
1119,7,487,0.00162693,9.7029e-10,0.17967505827531804,0.438685275860269,0.9553341698143869,0.007681945073374316,False,0.0399604,0.03378760641723629,0.03378760641723629,-0.42245,0.4462,0.8686499999999999,0.909262986132665
1122,7,261,0.00102145,0.000855436,0.26694880782034935,0.2748474812769285,0.9426492540604201,0.015872783335359165,False,-0.4732,-0.5188279534818488,-0.5188279534818488,-1.0,0.04311,1.04311,1.1065727740268712
1123,7,240,0.000424733,0.00233122,0.3169428305751995,0.2347108608046606,0.927340465422653,0.018859128238302113,False,0.10783,0.09594197069913013,0.09594197069913013,-0.56933,0.70305,1.27238,1.3720742784798987
1124,7,346,0.0206565,3.11401e-07,0.0,0.42896554530070935,0.0,0.06802462981336622,True,0.374344,1.0,inf,-0.14673,1.0,1.14673,
1125,7,440,0.0237291,3.38663e-05,0.0,0.29238996749357904,0.0,0.07865941448434177,True,-0.569703,-1.0,-inf,-1.0,-0.03452,0.96548,
1126,7,537,0.00132202,9.29133e-05,0.17842286843476599,0.24467099178063317,0.9549098643962279,0.010739924224956166,False,-0.510309,-0.5456524679995907,-0.5456524679995907,-1.0,-0.04831,0.95169,0.9966280959949411
1127,7,476,0.0137495,0.00088706,0.050579136793124355,0.2020912588315221,0.6096172361428817,0.06704549030765038,False,0.0947265,0.04540719660010035,0.04540719660010035,-0.73249,0.80793,1.5404200000000001,2.5268642496829887
1128,7,535,0.0202242,0.00130539,0.0,0.17914725494763098,0.0,0.10151523724346224,True,-0.537595,-1.0,-inf,-1.0,0.09516,1.09516,
1140,7,371,0.0283934,7.352e-06,0.0,0.3525388804148153,0.0,0.07413714201119959,True,-0.884311,-1.0,-inf,-1.0,-0.32013,0.67987,
1146,7,323,0.0322823,0.00321187,0.0,0.18513831572035908,0.0,0.11580463402406165,True,0.173838,1.0,inf,-0.7656,1.0,1.7656,
1147,7,325,0.000610074,0.00240811,0.25825293130241245,0.20011850905371256,0.9199688669827548,0.020436754813828464,False,0.283426,0.28586754902772316,0.28586754902772316,-0.32394,0.95759,1.28153,1.3930145312450262
1150,7,180,0.0370651,0.00105375,0.0,0.32193967206304,0.0,0.09853962540695531,True,0.0539552,-1.0,-inf,-1.0,0.95277,1.9527700000000001,
1151,7,83,0.0467983,0.0213486,0.0,0.0,0.0,0.21794,True,0.840765,1.0,inf,0.00032,1.0,0.99968,
1158,7,93,0.00503677,0.000956433,0.28962057762802684,0.46591028803036455,0.8744583360501929,0.03393719563661486,False,0.120181,0.0986254013575266,0.0986254013575266,-0.66553,0.84158,1.50711,1.7234783383819143
1162,7,391,5.09701e-07,0.00203855,0.3928721652746398,0.19031940912633397,0.9472738495287005,0.010111224838840405,False,-0.17469,-0.19508743425228622,-0.19508743425228622,-0.82091,0.27438,1.09529,1.1562548681618756
1164,7,354,0.0336489,8.39867e-06,0.0,0.35859736403893866,0.0,0.07438697725213972,True,0.567558,1.0,inf,-0.00199,1.0,1.00199,
1165,7,327,3.26387e-05,3.83588e-07,0.3423125638403931,0.4383059385638399,0.9962043966017564,0.0010098333545502116,False,0.0730358,0.07230039025238608,0.07230039025238608,-0.34079,0.46009,0.80088,0.803931404771907
1167,7,267,5.50099e-05,0.0221429,0.366571751635931,0.0,0.0,0.07971276537338862,True,0.488143,1.0,inf,-0.11268,1.0,1.1126800000000001,
1171,7,445,1.7925e-05,0.0324291,0.3034565912231752,0.0,0.0,0.07674049760431392,True,-0.177835,-1.0,-inf,-1.0,0.42473,1.42473,
1172,7,362,0.00610999,4.12738e-05,0.1352311176683533,0.31897107341468695,0.8612186117528239,0.026157173937590504,False,0.270604,0.2838382992732716,0.2838382992732716,-0.29971,0.92053,1.22024,1.4168760211956706
1174,7,212,0.0475224,0.000547232,0.0,0.32717452528830704,0.0,0.09230940641547665,True,0.0572033,-1.0,-inf,-0.97758,0.91844,1.89602,
1176,7,237,0.0016182,0.000718493,0.2570876969810557,0.2967964759384775,0.9341667083099741,0.018013972950470972,False,0.0839684,0.07060241653103753,0.07060241653103753,-0.58748,0.67251,1.2599900000000002,1.3487849532547371
1179,7,359,0.000937169,1.27479e-11,0.2303413485124336,0.5849025701272844,0.9704160693269434,0.005146045361409098,False,0.285382,0.2887791778148889,0.2887791778148889,-0.09232,0.70611,0.79843,0.82277079413346
1182,7,309,0.00165756,0.0216502,0.22369530392676537,0.0,0.0,0.10440972358779972,True,-0.286613,-1.0,-inf,-1.0,0.39599,1.39599,
1185,7,246,0.000100543,0.00996867,0.36408108281327684,0.11132873948016798,0.764116845196278,0.04128653145801146,False,0.559683,0.6784256515230057,0.6784256515230057,0.03208,1.0,0.96792,1.266717264623804
1186,7,282,0.00580057,4.03855e-10,0.15635294210802428,0.609903380227701,0.8732412717996358,0.018454973526752134,False,0.377738,0.4114361495223567,0.4114361495223567,-0.05593,0.94333,0.99926,1.1443114661090812
1193,7,334,0.000522405,0.000205886,0.26007214544602286,0.28956269868453943,0.9694704270879911,0.0083570748806725,False,-0.133382,-0.14620257711874277,-0.14620257711874277,-0.78892,0.34332,1.13224,1.1678953461230597
1194,7,373,0.00210234,1.04552e-05,0.1933588308740588,0.3442293496206146,0.9446944100677718,0.01166396400261835,False,0.332063,0.33915627379905466,0.33915627379905466,-0.16009,0.89515,1.05524,1.1170173007843855
1195,7,311,0.000253117,3.38047e-07,0.2940450392897918,0.4530302612237492,0.9874306283606947,0.0029377147541092678,False,0.184919,0.18429779269457247,0.18429779269457247,-0.24587,0.60528,0.8511500000000001,0.861984604845665
1196,7,303,0.0209942,2.01837e-06,0.0,0.4219085783531412,0.0,0.07102009755909149,True,0.344918,1.0,inf,-0.2245,1.0,1.2245,
1199,7,229,0.00116514,1.03989e-06,0.2789937337592682,0.509000527568508,0.9661331084522086,0.007387093312833495,False,-0.253094,-0.26961201415624464,-0.26961201415624464,-0.87566,0.18828,1.06394,1.1012354205565762
1208,7,432,0.00389835,0.00237321,0.15116712231172313,0.17490138885904372,0.8558783212363551,0.03615739119367173,False,0.515171,0.5596748941068765,0.5596748941068765,-0.05535,1.0,1.05535,1.2330607912530125
1209,7,526,0.0330423,5.59578e-11,0.0,0.45579570272772635,0.0,0.0596518377061817,True,0.0735186,1.0,inf,-0.55689,0.64114,1.1980300000000002,
1210,7,424,0.00248831,5.00344e-08,0.17437760849205797,0.41395215651379713,0.9384033555985524,0.010896877799545523,False,-0.0758925,-0.09248621851334674,-0.09248621851334674,-0.63191,0.34963,0.98154,1.045968126759237
1213,7,395,0.00201333,3.48214e-06,0.1899182132349578,0.3555888767338909,0.9471256527551934,0.010728453673528145,False,0.291134,0.2960594990862835,0.2960594990862835,-0.19612,0.8093,1.00542,1.0615486942785552
1216,7,389,1.10511e-05,0.00315593,0.3355552152201535,0.17013005353763258,0.9238651124833929,0.015192047576564243,False,0.0602211,0.048739855867482154,0.048739855867482154,-0.52624,0.57927,1.10551,1.1966140782482164
1220,7,213,0.00266872,0.0131414,0.24040443156853752,0.07817964346559941,0.6163201715653088,0.07789618074458773,False,0.120572,0.06924293772022046,0.06924293772022046,-0.79165,0.89115,1.6827999999999999,2.7303990322531257
1222,7,351,0.00113604,0.0181421,0.22556690369155835,0.013256801642986047,0.3117038581403062,0.09210661585709735,False,0.10737,0.0489675817103046,0.0489675817103046,-0.74189,0.85843,1.60032,5.134103920137085
1226,7,426,0.00336051,0.000146263,0.15981666880346057,0.26419960459612124,0.9129539412891429,0.019329325792383632,False,0.00460072,-0.016132912216344678,-0.016132912216344678,-0.68112,0.5417,1.22282,1.3394103959651116
1229,7,283,0.0229664,0.0154729,0.0,0.04363426426460623,0.0,0.18929880693486142,True,-0.0452967,-1.0,-inf,-1.0,0.88833,1.8883299999999998,
1233,8,285,0.00291108,0.0238871,0.20275356555669227,0.0,0.0,0.11379249956379488,True,0.192919,1.0,inf,-0.70675,1.0,1.70675,
1234,8,330,2.26277e-05,8.42338e-07,0.3494931872201648,0.42062544745134844,0.9967438017285766,0.000904413792317715,False,-0.175511,-0.17699173397052878,-0.17699173397052878,-0.64526,0.19752,0.84278,0.8455332238218398
1241,8,598,0.00520546,4.17341e-09,0.11649768535739077,0.3757961792982659,0.8827015754146229,0.017627649501713232,False,-0.363757,-0.43206521900968525,-0.43206521900968525,-1.0,0.0497,1.0497,1.1891901286195559
1242,8,433,0.00015101,0.00205525,0.261245081069539,0.1808066036298797,0.9382685238456193,0.014619440637332056,False,-0.253245,-0.28548803869009026,-0.28548803869009026,-1.0,0.25453,1.25453,1.3370692590838926
1244,8,483,0.00157245,1.67475e-09,0.1816140211755804,0.433372513280561,0.95646032644289,0.00758070126352207,False,-0.207804,-0.22518937305486095,-0.22518937305486095,-0.76886,0.18179,0.95065,0.9939251777807672
1249,8,344,0.00998159,8.63815e-06,0.09556801088848042,0.36349554284202057,0.7650201858828987,0.03640336912200293,False,-0.158541,-0.25482251673793477,-0.25482251673793477,-0.95767,0.38041,1.3380800000000002,1.7490780304780345
1250,8,400,0.00195643,0.000797601,0.1899863722589395,0.22376647063323107,0.9236174206935777,0.01967818357736174,False,0.043536,0.025830842823127528,0.025830842823127528,-0.64166,0.60951,1.2511700000000001,1.3546409714321448
1254,8,269,0.00069046,0.00758788,0.2795924913353889,0.13588909074247602,0.8123519686011812,0.04058520854960808,False,0.360147,0.3933784908537332,0.3933784908537332,-0.26864,1.0,1.26864,1.5616876046777088
1260,8,312,0.000130043,0.000796695,0.3136734044087084,0.25363832005515863,0.9657986122485571,0.009068977159971675,False,-0.112662,-0.1260417809842981,-0.1260417809842981,-0.75091,0.37846,1.12937,1.169363867039132
1267,8,503,0.0288622,0.00162936,0.0,0.17687407273287853,0.0,0.10433147239729418,True,-0.0513063,-1.0,-inf,-1.0,0.69512,1.69512,
1271,8,330,0.00372396,1.51692e-05,0.1746105804847058,0.35886346607346475,0.9129975113010393,0.01733094385735252,False,0.166697,0.16359963120797333,0.16359963120797333,-0.404,0.70858,1.11258,1.2186013501992483
1274,8,424,0.0342603,7.20986e-05,0.0,0.2815002927679614,0.0,0.08133772230860065,True,-0.0998598,-1.0,-inf,-1.0,0.56317,1.56317,
1276,8,313,0.0217261,0.00889711,0.0,0.11162198335080412,0.0,0.14910950937512335,True,0.0375296,-1.0,-inf,-1.0,0.94848,1.94848,
1277,8,293,0.00135703,1.22924e-08,0.23912720893410672,0.5339651468506098,0.9619609723102645,0.007195157492240847,False,-0.111225,-0.12310287101132665,-0.12310287101132665,-0.6522,0.30821,0.96041,0.9983876972612106
1278,8,123,0.0106436,0.000104213,0.14156813219453,0.5298550626909253,0.753403525388715,0.043945305478016596,False,0.578304,0.7092596152191929,0.7092596152191929,0.00164,1.0,0.99836,1.3251331674946716
1279,8,287,0.00125702,0.00109275,0.24514359563667384,0.25137387120163995,0.9324710827224151,0.018361432935816487,False,-0.272441,-0.31186214599470286,-0.31186214599470286,-1.0,0.27326,1.27326,1.3654686173029922
1280,8,574,0.000406271,0.0001525,0.20493262255179598,0.22674415276434312,0.9736249675699326,0.006888100174592211,False,-0.196902,-0.2093106760431907,-0.2093106760431907,-0.89045,0.25885,1.1493,1.180433984626066
1284,8,290,5.35415e-05,0.00170039,0.3515240452583584,0.22968927567945036,0.9505460419519886,0.011769891757786938,False,-0.486027,-0.523695717816613,-0.523695717816613,-1.0,-0.01278,0.98722,1.0385819901713544
1291,8,222,0.00869948,0.00597463,0.13343439046847336,0.17267144728242825,0.699372799188523,0.0744554807603417,False,-0.614301,-0.9848202297251203,-0.9848202297251203,-1.0,0.03423,1.03423,1.4787964318886997
1293,8,270,0.00982188,0.000503939,0.10843054469336492,0.29154356368977236,0.7576493094072979,0.047201797493936146,False,0.146467,0.13101734704109758,0.13101734704109758,-0.59131,0.84871,1.44002,1.9006418696883847
1295,8,255,0.0237603,0.0136949,0.0,0.06593230631138623,0.0,0.17781351749778948,True,0.174003,-1.0,-inf,-0.9314,1.0,1.9314,
1296,8,245,1.69286e-06,6.47769e-09,0.47834338169633445,0.6041481703893988,0.9993644178951133,0.0001848233071658598,False,0.300411,0.3004171164360425,0.3004171164360425,-0.0365,0.6439,0.6804,0.6808327250964926
1297,8,162,0.0137902,0.000558794,0.07881314990801239,0.37625054884332804,0.6215006277181668,0.06444287376844098,False,0.216186,0.24415603052354481,0.24415603052354481,-0.53543,1.0,1.5354299999999999,2.4705204331608086
1298,8,283,0.00405542,0.000123467,0.1824896462012897,0.33175891828202014,0.9020063286009578,0.02155744895645986,False,-0.36859,-0.4325329397207131,-0.4325329397207131,-1.0,0.15781,1.15781,1.2835940982762308
1301,8,318,0.000156913,7.03551e-08,0.3051262225847616,0.4778892086878485,0.9907551709690298,0.002142144250413821,False,0.373058,0.3743769062409271,0.3743769062409271,-0.01987,0.79199,0.81186,0.8194355414829101
1303,8,321,0.00062017,0.00110168,0.2592968662177572,0.23718021979534992,0.9454709420465263,0.01472316952782716,False,0.0772558,0.0661391352089757,0.0661391352089757,-0.56491,0.63115,1.1960600000000001,1.2650415224936047
1322,8,220,0.0489267,0.011744,0.0,0.09450679476510704,0.0,0.1659338907059554,True,-0.193667,-1.0,-inf,-1.0,0.72917,1.7291699999999999,
1324,8,476,0.0173092,0.000121054,0.019786576579057923,0.25408120118751953,0.40881439739724906,0.0722602330553362,False,0.0461848,-0.06378305955305787,-0.06378305955305787,-0.71728,0.6732,1.3904800000000002,3.401250075468494
1325,8,287,0.00425805,0.00297246,0.17793384993286748,0.20082384094165226,0.8411081125500471,0.04092884614248411,False,-0.000384479,-0.04911773471929973,-0.04911773471929973,-0.83334,0.66764,1.50098,1.7845268373995018
1330,8,414,2.21028e-06,0.0143039,0.35520767397248637,0.04836013964444023,0.6020631379985131,0.049696173250356725,False,0.0260449,-0.039283709228541304,-0.039283709228541304,-0.63761,0.58352,1.22113,2.028242426632364
1335,8,276,0.00113066,0.00177677,0.2548964008201187,0.23325713239670576,0.9217283875711216,0.02109850603517785,False,-0.402698,-0.4597845870321285,-0.4597845870321285,-1.0,0.13173,1.1317300000000001,1.2278345934231896
1338,8,244,0.0100367,0.00207002,0.11090617140273891,0.2397071656083843,0.7265266216755226,0.06013177777987882,False,0.43673,0.5183543327725648,0.5183543327725648,-0.22876,1.0,1.22876,1.6912800761054316
1339,8,146,0.0450285,0.00183196,0.0,0.32116364432048233,0.0,0.10568767786157252,True,0.70867,1.0,inf,-0.01539,1.0,1.01539,
1350,8,427,0.0114919,0.000450469,0.07309943810940213,0.23409318112213282,0.7033016773755594,0.05284201850663813,False,-0.051265,-0.14802612002167248,-0.14802612002167248,-0.91336,0.58369,1.49705,2.1286029141667795
1353,8,570,0.00552673,1.32656e-06,0.1157758145314699,0.30833695181523063,0.8754423080015238,0.020834549717678907,False,0.151093,0.1487915869404091,0.1487915869404091,-0.37573,0.67691,1.05264,1.2024093311219861
1354,8,260,0.00586317,0.000180685,0.16164079583473634,0.3344859417739053,0.8635754635782826,0.028721046973555972,False,0.40006,0.4300017412349539,0.4300017412349539,-0.17715,1.0,1.17715,1.3631119104778642
1359,8,396,0.00956413,0.044895,0.09386688387931962,0.0,0.0,0.15270892640392855,True,-0.790071,-1.0,-inf,-1.0,-0.02252,0.97748,
1360,8,330,0.029604,0.000370565,0.0,0.273153198434003,0.0,0.0896710316915102,True,-0.368587,-1.0,-inf,-1.0,0.28664,1.28664,
1362,8,247,0.000766147,7.39138e-05,0.2876869945364535,0.3730790884467706,0.969327187296798,0.008194391738817542,False,0.177369,0.1745278688952969,0.1745278688952969,-0.37249,0.71509,1.08758,1.121994734340402
1367,8,363,0.00931553,0.0180066,0.10008034800660086,0.014505323991107311,0.2643121554717537,0.14146736469839233,False,0.0601722,-0.3075725539496806,-0.3075725539496806,-1.0,0.89976,1.8997600000000001,7.187561981813667
1368,8,403,0.0316579,0.0270321,0.0,0.0,0.0,0.21794,True,-0.488921,-1.0,-inf,-1.0,0.36958,1.36958,
1371,9,286,0.00207281,0.0011874,0.22123952659880045,0.24814445635007495,0.914776443403821,0.022721730792755395,False,-0.428214,-0.492946373995874,-0.492946373995874,-1.0,0.12142,1.12142,1.2258951442029622
1374,9,322,0.0468753,0.0379682,0.0,0.0,0.0,0.21793999999999997,True,-0.239726,-1.0,-inf,-1.0,0.77016,1.77016,
1376,9,398,0.0449504,0.00598535,0.0,0.13084296076099755,0.0,0.13247579649370697,True,-0.518837,-1.0,-inf,-1.0,0.24382,1.24382,
1382,9,366,0.0359639,0.000122651,0.0,0.29022032165493483,0.0,0.0834599537773388,True,0.234801,1.0,inf,-0.51638,1.0,1.5163799999999998,
1385,9,138,0.012863,0.0379205,0.09890012597099888,0.0,0.0,0.17307448016626084,True,0.542076,1.0,inf,-0.39424,1.0,1.39424,
1386,9,218,0.0313312,0.000170888,0.0,0.3693998801158669,0.0,0.08459300824485236,True,0.125282,1.0,inf,-0.69675,0.95982,1.6565699999999999,
1388,9,352,0.0382319,0.0240159,0.0,0.0,0.0,0.21794000000000002,True,0.191584,-1.0,-inf,-1.0,1.0,2.0,
1389,9,448,0.000104754,9.03652e-07,0.2653173745173605,0.3559342655155294,0.9923069757136639,0.0018887977305809603,False,-0.451476,-0.4568795834620859,-0.4568795834620859,-1.0,-0.06141,0.93859,0.945866574529489
1392,9,188,0.0456459,0.00374905,0.0,0.22986575931419068,0.0,0.11931747440450008,True,0.164803,1.0,inf,-0.90901,1.0,1.9090099999999999,
1393,9,208,0.0394497,0.00115948,0.0,0.2934806653060073,0.0,0.09969652515123746,True,-0.329707,-1.0,-inf,-1.0,0.39737,1.39737,
1394,9,316,0.0476672,8.21493e-05,0.0,0.32444930428907376,0.0,0.08151125553312193,True,0.160412,1.0,inf,-0.67811,0.98974,1.66785,
1396,9,432,0.00802699,0.00209358,0.10501200551110412,0.18024015769272597,0.7736257793569434,0.05131231568511701,False,-0.254599,-0.395425441922835,-0.395425441922835,-1.0,0.36203,1.36203,1.7605799035447767
1399,9,366,0.0059181,4.72486e-06,0.13682751901229515,0.3641556521670707,0.8680234817460094,0.02300201619496362,False,-0.199211,-0.2559988535655593,-0.2559988535655593,-0.94104,0.29208,1.23312,1.4206067300386933
1400,9,284,0.0353895,5.42874e-05,0.0,0.35506818058387574,0.0,0.07973751211091624,True,0.59671,1.0,inf,0.01877,1.0,0.98123,
1402,9,283,3.05811e-05,0.00508559,0.3714120283497399,0.16633460930117286,0.8852833835761008,0.02250625842022561,False,0.562166,0.6095898235430781,0.6095898235430781,0.06395,1.0,0.93605,1.0573450460787228
1407,9,173,1.25856e-05,8.65091e-05,0.516603894193061,0.44636581492967753,0.9920127945342953,0.002468910661047492,False,0.318505,0.31858065851591866,0.31858065851591866,-0.14368,0.78382,0.9275,0.9349677797607631
1411,9,288,0.000808495,0.0474276,0.26362102744455695,0.0,0.0,0.09599295189972606,True,-0.0645083,-1.0,-inf,-1.0,0.74362,1.74362,
1412,9,496,0.00852474,0.00173134,0.09434547611323399,0.17586863198662497,0.7667782228242748,0.05101110025301293,False,-0.176235,-0.29636483338819564,-0.29636483338819564,-1.0,0.45254,1.45254,1.8943417493651011
1420,9,325,0.0216882,4.54643e-05,0.0,0.33513406805874,0.0,0.07925402946199364,True,0.263372,1.0,inf,-0.4293,1.0,1.4293,
1422,9,385,0.00815822,1.749e-07,0.10920483943601068,0.41492919469292366,0.8156826885232661,0.027256424466716462,False,0.353739,0.4002568402234408,0.4002568402234408,-0.13715,0.99611,1.13326,1.3893392810036025
1429,9,472,0.0302476,0.00174258,0.0,0.179839309238019,0.0,0.10524434442893295,True,-0.437113,-1.0,-inf,-1.0,0.21214,1.21214,
1432,9,319,0.00499628,8.65199e-07,0.15830801532199945,0.42789810543856016,0.8891284711490358,0.01915313331048853,False,0.0393973,0.022768550717254157,0.022768550717254157,-0.54047,0.54044,1.08091,1.215696083382778
1434,9,241,0.0353797,0.0117932,0.0,0.09015131581259693,0.0,0.1661602261358196,True,-0.0765257,-1.0,-inf,-1.0,0.8785,1.8784999999999998,
1441,9,207,0.00143531,0.000126419,0.28244857544392193,0.3911191840841842,0.953870996577489,0.012125321307961245,False,0.291267,0.292640912338886,0.292640912338886,-0.26026,0.87542,1.13568,1.1906012490943176
1442,9,170,0.00637303,0.045221,0.18947295645906234,0.0,0.0,0.13504214013139737,True,-0.0530512,-1.0,-inf,-1.0,0.90013,1.9001299999999999,
1446,9,326,0.0177566,3.32682e-06,0.017580562033742066,0.3949612244826789,0.3648902088696859,0.06442299121809746,False,0.096954,0.08915286842766565,0.08915286842766565,-0.56373,0.72554,1.28927,3.5333093863870713
1452,9,212,0.00235109,0.0168017,0.2493588284584413,0.03237605653676024,0.424180597276938,0.0947014201958341,False,-0.0293536,-0.29245802611485633,-0.29245802611485633,-1.0,0.74003,1.74003,4.1020971047951384
1461,9,383,0.00116326,0.00662521,0.21508536259237904,0.1258937508312384,0.8227759794190411,0.04025667988755905,False,-0.1665,-0.25129158490206427,-0.25129158490206427,-1.0,0.43861,1.43861,1.7484832274950428
1462,9,320,0.0136574,0.000564999,0.060288235616456444,0.2630574657027964,0.6196875021810048,0.06361387205085874,False,-0.0327779,-0.15554900124918708,-0.15554900124918708,-0.89726,0.62713,1.52439,2.4599334255328267
1463,9,232,0.0036355,0.000268737,0.20924534046103183,0.34065538190967704,0.9068844161479416,0.022238892226882415,False,0.0555244,0.03670314229733954,0.03670314229733954,-0.63718,0.65291,1.29009,1.422551735401687
1464,9,321,0.00795621,0.00652317,0.12091159515004654,0.1378895701245642,0.7016750647960406,0.07314346723203395,False,0.394602,0.458130192871263,0.458130192871263,-0.3239,1.0,1.3239,1.886770766729219
1466,9,454,0.00200852,2.45376e-07,0.17766709166440386,0.3745099562325433,0.9476060187716715,0.009794897705413877,False,0.594852,0.6174054308487433,0.6174054308487433,0.19317,1.0,0.8068299999999999,0.8514403496991803
1467,9,316,0.00839324,0.000540281,0.11679480976830048,0.26635355683167866,0.7941386418578895,0.04206585489070685,False,-0.158813,-0.25295187049549717,-0.25295187049549717,-1.0,0.4266,1.4266,1.7964117659133996
1469,9,220,0.0234811,0.00147617,0.0,0.2721850863255744,0.0,0.10273032812551444,True,-0.051023,-1.0,-inf,-1.0,0.71636,1.7163599999999999,
1470,9,330,0.007056,0.00179696,0.1297469195788936,0.21278774266025327,0.8030213423114652,0.04602290822614024,False,-0.200932,-0.3075321852782771,-0.3075321852782771,-1.0,0.42029,1.42029,1.7686827549461532
1471,9,248,0.000258557,0.00503215,0.33026625871795035,0.1781460316919024,0.8790862922137136,0.02699869905889752,False,-0.0938685,-0.1374918482172324,-0.1374918482172324,-0.9139,0.48591,1.39981,1.5923465220632673
1472,9,377,0.0086807,0.028745,0.10484445479833518,0.0,0.0,0.147738534029635,True,-0.0967633,-1.0,-inf,-1.0,0.77916,1.77916,
1473,9,284,0.0118653,0.0134762,0.08304223877541503,0.06537004996701576,0.44941624424422044,0.1282418439226929,False,0.193127,0.1443765260119245,0.1443765260119245,-0.79131,1.0,1.79131,3.985859485369584
1474,9,297,1.01766e-07,0.000993937,0.48896780964942654,0.25105442379155496,0.9694328592461086,0.006218208800512617,False,-0.170414,-0.18220159046173948,-0.18220159046173948,-0.71791,0.24814,0.9660500000000001,0.9965104759820714
1481,9,442,0.004081,0.00143064,0.14714216153415263,0.19305647729832637,0.8696018931058572,0.03198547488990381,False,-0.0355203,-0.07762836698618628,-0.07762836698618628,-0.84893,0.57721,1.42614,1.639991829946942
1482,9,416,0.0167202,0.0226038,0.026073128867513423,0.0,0.0,0.1973298783349461,True,-0.969432,-1.0,-inf,-1.0,-0.25414,0.74586,
1483,9,448,1.86854e-06,3.63642e-05,0.3436351921659516,0.2882301215109316,0.9955141528125538,0.0011975888616677479,False,-0.160918,-0.16284609154340432,-0.16284609154340432,-0.61681,0.22572,0.84253,0.8463264913107074
1484,9,334,6.0402e-09,3.06442e-11,0.5088142424306774,0.5956221498100058,0.9999776856019346,6.842837335182356e-06,False,-0.041212,-0.0412197626315267,-0.0412197626315267,-0.35532,0.24384,0.59916,0.5991733701930928
1485,10,349,0.000270194,0.00123033,0.2751002392845043,0.22303461300027747,0.9515885238764379,0.012608784033654638,False,0.0117941,-0.0008561305787252463,-0.0008561305787252463,-0.59754,0.52464,1.12218,1.179270211696787
1486,10,301,0.000336489,0.00416006,0.28969658618881394,0.17542346875438602,0.8931940506366082,0.024719604864169038,False,-0.078736,-0.1158265718299768,-0.1158265718299768,-0.83979,0.48194,1.32173,1.479779224971282
1493,10,362,0.00672383,8.97367e-05,0.12807742124794724,0.29996190062568434,0.8452401670824443,0.029669616808163313,False,0.272249,0.286994623113049,0.286994623113049,-0.30058,0.95173,1.25231,1.481602565484622
1495,10,458,0.00340923,0.0301648,0.15376511789718542,0.0,0.0,0.11706113828456714,True,0.359957,1.0,inf,-0.44046,1.0,1.44046,
1496,10,314,1.55846e-05,0.0333656,0.3678562146896695,0.0,0.0,0.07582921067269825,True,-0.199996,-1.0,-inf,-1.0,0.40568,1.40568,
1499,10,323,0.00198274,0.000291253,0.21039757558076747,0.28394068399026134,0.93621965000146,0.016070459962780555,False,-0.338878,-0.37912947027145505,-0.37912947027145505,-1.0,0.16966,1.16966,1.2493435701741316
1500,10,339,0.00112939,0.0440518,0.22976691065011676,0.0,0.0,0.09959363412668082,True,-0.641305,-1.0,-inf,-1.0,0.03097,1.03097,
1503,10,424,0.0212005,0.00120915,0.0,0.2031811678306807,0.0,0.1004860518152737,True,-0.0203598,-1.0,-inf,-1.0,0.70671,1.70671,
1505,10,366,0.0169533,1.94557e-05,0.02494328541599175,0.3342527659472888,0.4377387561810184,0.06470617480822467,False,0.198916,0.3065979954863203,0.3065979954863203,-0.44806,0.8943,1.34236,3.0665779098730135
1507,10,144,0.0204998,0.00505685,0.0,0.23224565493097565,0.0,0.12739150854309736,True,-0.706412,-1.0,-inf,-1.0,-0.00566,0.99434,
1510,10,411,0.000875138,7.00207e-10,0.21766622680973194,0.48594470178400717,0.9715720867190882,0.005207722610995333,False,-0.459636,-0.4784449131105967,-0.4784449131105967,-1.0,-0.08136,0.91864,0.9455191360037575
1517,10,238,0.0234142,0.0415621,0.0,0.0,0.0,0.21794,True,-0.219061,-1.0,-inf,-1.0,0.73114,1.73114,
1520,10,313,0.00534103,0.0205382,0.15495532102666404,0.0,0.0,0.1288611522539402,True,-0.0653683,-1.0,-inf,-1.0,0.75189,1.75189,
1522,10,466,0.00277662,3.05564e-07,0.16195858365777757,0.36593926440311686,0.9323339121870734,0.012213796888150137,False,-0.190461,-0.21738434507087123,-0.21738434507087123,-0.80107,0.24433,1.0453999999999999,1.1212720961181122
1523,10,264,0.0127133,0.00855168,0.07608514319135444,0.12493036586280243,0.5416991563390353,0.10658794353911391,False,0.252518,0.26939317655047684,0.26939317655047684,-0.61129,1.0,1.61129,2.9745108168334227
1530,10,277,0.00675417,0.0128916,0.1447459875205527,0.07253766732063331,0.5653000692428568,0.09829738003461977,False,-0.254066,-0.6233209567912542,-0.6233209567912542,-1.0,0.46249,1.46249,2.587103875573212
1533,10,241,0.00562731,0.000640987,0.1712369271786104,0.2991978387257326,0.8580186018421267,0.03300892272523937,False,0.208258,0.20424857561189103,0.20424857561189103,-0.46651,0.90142,1.3679299999999999,1.5942894443816449
1534,10,282,0.00875742,0.000151254,0.11872825939304363,0.32610211581566584,0.7949841094113289,0.038157831358864865,False,0.428945,0.4915660124709988,0.4915660124709988,-0.15827,1.0,1.15827,1.4569725184289248
1538,10,334,0.00352993,0.033779,0.17674933527046482,0.0,0.0,0.11786506557081511,True,-0.38349,-1.0,-inf,-1.0,0.33417,1.33417,
1541,10,171,4.42536e-05,0.0106154,0.47508097696150725,0.12210003425491017,0.7511973373527716,0.04151486916749388,False,-0.116415,-0.21023752523410244,-0.21023752523410244,-0.94307,0.49197,1.4350399999999999,1.910336909682212
1542,10,375,0.0119305,0.000258863,0.07300541199933945,0.2663852797855586,0.6926600805238884,0.051946634029231296,False,-0.0790383,-0.18910420524041432,-0.18910420524041432,-0.97609,0.53819,1.5142799999999998,2.1861805560595973
1543,10,298,0.0381327,1.7114e-11,0.0,0.6453259604054637,0.0,0.05747020942729514,True,0.301674,1.0,inf,-0.20649,1.0,1.20649,
1551,10,270,0.00268563,7.97914e-07,0.21308350726488803,0.4706376793211469,0.9358725811111975,0.01234877545252639,False,-0.0754005,-0.09376198985158674,-0.09376198985158674,-0.66856,0.38921,1.05777,1.1302500162405327
1552,10,400,0.000165318,0.0362836,0.26969138583530883,0.0,0.0,0.0850281594005003,True,-0.185897,-1.0,-inf,-1.0,0.46699,1.46699,
1555,10,304,0.000227639,1.22443e-05,0.300921348076359,0.3800993444198648,0.9865252470429137,0.0035951231618992696,False,-0.00539554,-0.009113464849327041,-0.009113464849327041,-0.53368,0.43606,0.96974,0.9829854865922316
1556,10,219,0.00649028,0.00037324,0.16583772925352747,0.33799158989369166,0.8463160167464914,0.033574132887054915,False,0.296541,0.31071947347029255,0.31071947347029255,-0.35699,1.0,1.35699,1.6034081515043308
1558,10,397,0.0241889,0.00923288,0.0,0.09699629974693053,0.0,0.15082114910430883,True,0.178956,1.0,inf,-0.77275,1.0,1.77275,
1572,10,249,0.0006765,0.0286722,0.2918691590876063,0.0,0.0,0.09424066665687703,True,-0.164017,-1.0,-inf,-1.0,0.51933,1.51933,
1574,10,247,0.0429051,0.0220166,0.0,0.0,0.0,0.21794,True,0.119834,-1.0,-inf,-1.0,1.0,2.0,
1579,10,281,0.0207189,0.00586039,0.0,0.15578579778545942,0.0,0.13191099879695845,True,-0.329115,-1.0,-inf,-1.0,0.42157,1.42157,
1581,10,378,4.07491e-09,6.86114e-10,0.481474106535554,0.5092341737767828,0.9999776270144759,7.161045014105356e-06,False,0.272932,0.2729309452350728,0.2729309452350728,-0.02874,0.55826,0.587,0.5870131332363323
1582,10,333,0.00045714,0.000423247,0.26498951139692856,0.2675485237561087,0.9648506128007723,0.009699116662644693,False,0.442229,0.44828689291268187,0.44828689291268187,-0.04815,1.0,1.04815,1.0863339734608508
1583,10,248,0.000692668,0.0179569,0.2914665847164102,0.01686226148718108,0.333130156898542,0.08644473907141083,False,-0.0906278,-0.5315416074004371,-0.5315416074004371,-1.0,0.59091,1.59091,4.775640893071494
1586,10,335,1.8709e-05,0.000263422,0.35116710171807464,0.2817334585883063,0.9847649680033643,0.004039970780319475,False,-0.214395,-0.22181431902802337,-0.22181431902802337,-0.79999,0.22264,1.02263,1.038450831647076
1587,10,356,0.0259156,0.0156215,0.0,0.038399752308122787,0.0,0.19000965932781594,True,-0.739989,-1.0,-inf,-1.0,-0.00311,0.99689,
1589,10,479,0.00333712,5.3014e-12,0.15158367257146407,0.5088485758590406,0.9213999231645364,0.01159822932934247,False,0.2236,0.230086594692281,0.230086594692281,-0.17763,0.66274,0.8403700000000001,0.9120578142808606
1591,10,318,0.0262549,0.0105938,0.0,0.09242814565860155,0.0,0.15884579917815714,True,0.0728408,-1.0,-inf,-1.0,1.0,2.0,
1592,10,360,3.19346e-06,0.00174567,0.37531708492404825,0.20508928755086578,0.9527397474001358,0.009790541309954767,False,-0.349174,-0.37677082570503406,-0.37677082570503406,-1.0,0.10115,1.10115,1.1557720804709266
1597,10,402,0.00558515,1.78579e-05,0.13485684133749376,0.31999700535477665,0.8735706340471915,0.023287548088006933,False,0.219713,0.2248535427547143,0.2248535427547143,-0.33599,0.82295,1.1589399999999999,1.3266700537204554
1598,10,416,0.00200946,0.00277311,0.18528454755639598,0.1709894890995715,0.8839091273556752,0.029697616250371556,False,0.127863,0.11105823066145101,0.11105823066145101,-0.59112,0.80001,1.39113,1.573838256610993
1606,10,388,0.0294451,0.00273588,0.0,0.17746459908614945,0.0,0.11260020868760771,True,-0.475905,-1.0,-inf,-1.0,0.19475,1.19475,
1608,10,489,8.36088e-10,6.12341e-05,0.439669723859993,0.2651652678439481,0.994734681599171,0.0011356322429811137,False,-0.166566,-0.1685893086319037,-0.1685893086319037,-0.58738,0.1675,0.75488,0.7588757223045928
1609,10,209,7.82491e-05,0.0133535,0.4062430009810655,0.07613682644370266,0.6469532457328226,0.0533235598588104,False,-0.625253,-1.0,-1.0488803701574556,-1.0,-0.05879,0.94121,1.4548346518207265
1611,11,301,0.0263705,0.00117778,0.0,0.24215011686057827,0.0,0.1000264839497517,True,-0.39051,-1.0,-inf,-1.0,0.28354,1.28354,
1620,11,424,0.0299893,1.24947e-05,0.0,0.3183408925521459,0.0,0.0756790109523643,True,-0.126603,-1.0,-inf,-1.0,0.48137,1.48137,
1623,11,388,0.0158436,0.000374618,0.03506119131007288,0.2511764141081126,0.5089858756995514,0.07093812949955802,False,0.198139,0.24991041318311003,0.24991041318311003,-0.5438,0.93794,1.4817399999999998,2.9111613322540486
1629,11,337,0.0211149,3.35291e-05,0.0,0.3362564997169069,0.0,0.07825438831130972,True,-0.627683,-1.0,-inf,-1.0,-0.0763,0.9237,
1634,11,176,6.94442e-05,0.0226839,0.4506915347843305,0.0,0.0,0.080141706135558,True,-0.0179077,-1.0,-inf,-0.92004,0.65406,1.5741,
1635,11,242,0.000468176,6.87154e-06,0.3116544410176504,0.4456417535427423,0.9806252078800529,0.0049068335880637776,False,-0.253353,-0.2633624258409369,-0.2633624258409369,-0.87023,0.17741,1.04764,1.0683388429967262
1640,11,273,0.0140649,0.0343416,0.05993125178281055,0.0,0.0,0.1801022078936837,True,-0.00401178,-1.0,-inf,-1.0,1.0,2.0,
1643,11,222,0.0106185,0.00101964,0.1083353055721692,0.2902678894918267,0.7269458642735307,0.05534995531229779,False,0.362656,0.4227358043983189,0.4227358043983189,-0.32732,1.0,1.32732,1.8258856198686129
1651,11,196,0.00657293,0.00261527,0.17361170326161127,0.25216369312667103,0.8051608133169227,0.04907917440940557,False,-0.274338,-0.40168022221183786,-0.40168022221183786,-1.0,0.36048,1.36048,1.6896997189858216
1652,11,273,0.00752397,0.0488774,0.13576359040656497,0.0,0.0,0.14140962170328378,True,0.63485,1.0,inf,-0.1808,1.0,1.1808,
1655,11,250,0.0117525,2.01476e-05,0.08917512110903067,0.40882569542585967,0.7096509710736857,0.04389810092213999,False,-0.165058,-0.2944491157476952,-0.2944491157476952,-1.0,0.38137,1.38137,1.9465484531219888
1657,11,345,2.78227e-05,1.28873e-12,0.3365428381206603,0.6323805485313498,0.9967736147225761,0.0006887491827716956,False,0.257669,0.2578120518255808,0.2578120518255808,-0.07237,0.59159,0.66396,0.6661091246730028
1658,11,180,0.000153825,8.23793e-06,0.41387174141090766,0.5191622403198687,0.9898471837864328,0.0029593481892074653,False,0.174329,0.1731273823048699,0.1731273823048699,-0.30018,0.64037,0.94055,0.950197177307857
1659,11,50,0.0154836,8.97668e-07,0.08750296717480212,1.2569173911866203,0.5693846382734161,0.05113905141484767,False,-0.223397,-0.4821627296573052,-0.4821627296573052,-1.0,0.39176,1.39176,2.4443230576440014
1660,11,42,0.000665206,0.000228946,0.7731846662880567,0.9012252563189481,0.9733518020990792,0.010400003219954683,False,-0.291442,-0.3101057629615706,-0.3101057629615706,-1.0,0.29596,1.29596,1.3314404896618068
1664,11,39,0.0488275,0.00187574,0.0,0.6487493402860007,0.0,0.10556714605254088,True,0.580193,1.0,inf,-0.31698,1.0,1.31698,
1669,11,142,0.00128467,0.0198017,0.35148482768179795,0.0,0.0,0.10079306379073365,True,0.243842,1.0,inf,-0.59922,1.0,1.5992199999999999,
1670,11,270,0.0166345,0.000344019,0.03141336998807122,0.3057554495260557,0.45605738401532075,0.07443121348159369,False,0.445947,0.8146250878506236,0.8146250878506236,-0.20511,1.0,1.20511,2.642452555837832
1672,11,304,0.00280139,0.00234024,0.1985737812148242,0.2083435219466846,0.8790617567597807,0.03168021629706539,False,0.0795223,0.05442403031987241,0.05442403031987241,-0.66642,0.73809,1.4045100000000001,1.5977375755453407
1673,11,368,0.00189364,1.79303e-07,0.19933262454563908,0.4247541312614219,0.9504461617481819,0.009384620560615396,False,-0.075713,-0.08953439340960986,-0.08953439340960986,-0.632,0.36363,0.99563,1.0475396083127007
1674,11,386,0.000242808,3.1184e-10,0.2642691229639045,0.5151935514929087,0.9878264560803611,0.0024383406306731485,False,-0.146433,-0.15070596633075217,-0.15070596633075217,-0.5816,0.21777,0.79937,0.8092210884610789
1677,11,324,0.00397476,0.00318366,0.17216361413365516,0.18536175329498858,0.8416709452978529,0.040578315572690225,False,-0.459822,-0.5945320060865439,-0.5945320060865439,-1.0,0.14624,1.14624,1.3618623838730293
1679,11,304,0.000177833,0.000571514,0.3085936421454673,0.26964239570405424,0.9693804450564031,0.008405591674216922,False,0.0630475,0.05636786733675421,0.05636786733675421,-0.53791,0.58344,1.12135,1.1567697757042692
1681,11,297,0.000526601,0.00443222,0.2759144646601196,0.17227669380061905,0.8832638835745192,0.027525637985890337,False,0.156973,0.1465557059689155,0.1465557059689155,-0.5255,0.79772,1.32322,1.498102690042078
1684,11,400,0.0391987,1.56568e-05,0.0,0.32356136453374845,0.0,0.07619719148368416,True,0.0104445,-1.0,-inf,-0.82492,0.69374,1.5186600000000001,
1688,11,269,0.0196129,5.37021e-05,0.0,0.36580664531132034,0.0,0.07963108341727453,True,0.374283,1.0,inf,-0.24658,1.0,1.24658,
1689,11,205,0.00331602,0.0012518,0.2295284749629406,0.2915268242714495,0.8925688073981798,0.028559423279166565,False,-0.326458,-0.39774796109449,-0.39774796109449,-1.0,0.24485,1.24485,1.3946823927543612
1690,11,250,0.0040947,0.000100458,0.19320016929480593,0.36098602418485237,0.9028552385655606,0.02130754420637266,False,-0.175997,-0.21853397508092923,-0.21853397508092923,-0.95077,0.3562,1.30697,1.447596407677148
1691,11,192,0.00463484,6.39426e-07,0.20938137253611838,0.5754501830107867,0.9000788547310282,0.017989126113406122,False,-0.183488,-0.22384386107327653,-0.22384386107327653,-0.85489,0.29643,1.1513200000000001,1.2791323715121055
1692,11,237,6.28324e-05,0.000159283,0.386618457907396,0.35576047464419297,0.9858458903132205,0.004178693349008547,False,-0.347233,-0.3564570251820586,-0.3564570251820586,-1.0,0.09354,1.09354,1.1092403090026202
1695,11,97,0.0159682,8.77525e-06,0.05869696959219432,0.7355017301378879,0.5217921651344349,0.05788324139974802,False,-0.366301,-0.8129371610830164,-0.8129371610830164,-1.0,0.23332,1.23332,2.3636230714239383
1697,11,129,0.0298398,0.000336106,0.0,0.45507347529502906,0.0,0.08824681066646511,True,-0.279457,-1.0,-inf,-1.0,0.41643,1.41643,
1700,11,182,0.00654113,0.0135165,0.18047095321001802,0.07865245772818141,0.5510784107966158,0.10104826580225293,False,0.20749,0.19315170420826208,0.19315170420826208,-0.71091,1.0,1.7109100000000002,3.104658005975557
1701,11,329,0.00394159,1.42945e-05,0.17141328667305783,0.36081590852270634,0.9087700143907497,0.017964015155869508,False,-0.0451389,-0.06943771708640108,-0.06943771708640108,-0.68987,0.46601,1.15588,1.2719169665549712
1706,11,208,0.00760363,0.00125305,0.15319717756000178,0.289287870199901,0.8043311304752881,0.04515388325061042,False,-0.394788,-0.546966126986337,-0.546966126986337,-1.0,0.22825,1.22825,1.5270452099425935
1714,11,272,0.000529446,0.00049842,0.28852863754069413,0.2908510030493589,0.9616172737579769,0.010787634142013742,False,5.74899e-08,-0.011218160224967834,-0.011218160224967834,,,,
1716,11,377,0.0277707,1.80539e-06,0.0,0.37718715643849,0.0,0.0711711492867927,True,0.177402,1.0,inf,-0.49411,0.91315,1.40726,
1717,11,311,0.00206611,0.0229951,0.21235018948117976,0.0,0.0,0.1077046888805105,True,-0.342265,-1.0,-inf,-1.0,0.32094,1.32094,
1718,11,355,0.0187034,2.31899e-09,0.007483838202356275,0.5076875702557136,0.24550833514244566,0.0590601319151969,False,-0.0620363,-0.4932477418533912,-0.4932477418533912,-0.75584,0.44451,1.20035,4.889243370509391
1719,11,306,0.0212781,0.000102278,0.0,0.323817687767283,0.0,0.08242582239898447,True,0.567086,1.0,inf,0.00794,1.0,0.99206,
1721,11,507,0.000215232,0.000837752,0.23324619720523454,0.19771095082231135,0.9609779707413807,0.010015297122456007,False,0.311047,0.31325557093187306,0.31325557093187306,-0.19073,0.86676,1.05749,1.1004310527369965
1724,11,397,0.0104513,1.78982e-06,0.0852261168806294,0.3670986212627099,0.7506496983253863,0.036066417488587924,False,-0.0159127,-0.06924550506654088,-0.06924550506654088,-0.68392,0.5023,1.18622,1.5802577455853528
1725,11,403,0.0390045,0.000853763,0.0,0.22064178246801228,0.0,0.09671883380087896,True,0.717569,1.0,inf,0.06989,1.0,0.93011,
1732,11,285,0.0106555,5.31227e-07,0.09636270072757669,0.4656578344262297,0.746913055439647,0.03551937338911765,False,-0.144491,-0.2410057932153297,-0.2410057932153297,-0.87058,0.36086,1.23144,1.6487059518261484
1734,11,404,0.017427,0.00315314,0.019642138562645923,0.1671233549435674,0.36840233305711206,0.10281776569711364,False,0.257455,0.4197509636262632,0.4197509636262632,-0.54374,1.0,1.5437400000000001,4.190364342129938
1738,11,408,0.000700472,2.40035e-08,0.2258306223993857,0.4343316596963387,0.9755615028173988,0.004845905920499374,False,-0.114265,-0.12209471732587834,-0.12209471732587834,-0.60586,0.28299,0.8888499999999999,0.9111163134595018
1739,11,305,0.000509767,0.0092543,0.27333699588287597,0.10892102869080604,0.7723220695403402,0.04501607212046204,False,0.111096,0.08556006682402133,0.08556006682402133,-0.66296,0.79439,1.45735,1.886971844359394
1744,12,466,0.0441122,0.00361669,0.0,0.1496601471702434,0.0,0.11837505377289449,True,-0.822837,-1.0,-inf,-1.0,-0.09875,0.90125,
1751,12,143,1.91224e-05,0.00273945,0.5586737069165062,0.29232257785343013,0.9363064733987247,0.014592972689394171,False,-0.161405,-0.1879704751485208,-0.1879704751485208,-0.88087,0.35444,1.2353100000000001,1.3193436498584852
1762,12,332,0.000161484,0.0454832,0.2975366628113295,0.0,0.0,0.0847091526419543,True,-0.141558,-1.0,-inf,-1.0,0.56879,1.56879,
1763,12,370,0.00143293,3.23911e-05,0.21057796161785822,0.32093526858467925,0.9564283822311156,0.010094995996658961,False,-0.172309,-0.1907137004562272,-0.1907137004562272,-0.83812,0.29098,1.1291,1.1805379482424845
1764,12,465,4.0711e-05,0.000730985,0.28049143755083467,0.2103982785213775,0.9707033375711945,0.007171798971743029,False,0.373025,0.3768949656067543,0.3768949656067543,-0.09516,0.90084,0.996,1.0260601374793872
1771,12,174,0.00504032,0.00279595,0.2117760755493437,0.2628306996713442,0.8344389674081036,0.043830506667664845,False,-0.0131587,-0.06829643496238212,-0.06829643496238212,-0.87977,0.67281,1.55258,1.8606273923454864
1774,12,209,0.036418,0.00334417,0.0,0.22669099374945312,0.0,0.11669360162361649,True,-0.340467,-1.0,-inf,-1.0,0.41233,1.4123299999999999,
1779,12,221,0.00404222,0.00307203,0.20630526979548244,0.2264455069742283,0.8457704011985995,0.04073359552526204,False,0.550154,0.6023152427098457,0.6023152427098457,-0.04147,1.0,1.04147,1.2313861995218336
1783,12,161,0.000161099,0.00211133,0.4377258699150393,0.2950372252693283,0.9410143428864024,0.01545076197828246,False,-0.358782,-0.39769081609360674,-0.39769081609360674,-1.0,0.17568,1.17568,1.249375218228662
1785,12,284,0.013387,0.00708012,0.06634430523411088,0.13886226924143114,0.5423664923270565,0.10252408124681944,False,-0.417517,-0.9588370384305113,-0.9588370384305113,-1.0,0.25008,1.25008,2.3048621507506035
1786,12,270,0.0120509,2.72072e-06,0.08280949538433703,0.4422777371144313,0.6994564017484882,0.04181962251821431,False,0.0959023,0.07732101292745452,0.07732101292745452,-0.57097,0.67826,1.2492299999999998,1.7860012387865745
1791,12,343,0.00464268,2.0091e-06,0.15778568057109807,0.39463991772521284,0.8957887086408377,0.01860073880839322,False,-0.228164,-0.2754720353450362,-0.2754720353450362,-0.93075,0.24224,1.17299,1.3094494144492557
1793,12,296,0.0021809,0.00449997,0.21484315657955497,0.1715104823736041,0.8502659107927711,0.03804948235490014,False,-0.33149,-0.4346163684374325,-0.4346163684374325,-1.0,0.25638,1.25638,1.4776318608711199
1801,12,301,0.00788356,0.008933,0.12541356902147305,0.11322077030141603,0.6542591224806411,0.08417623065680879,False,-0.296074,-0.581192095900902,-0.581192095900902,-1.0,0.36832,1.36832,2.091403777163974
1807,12,228,0.010257,0.00291337,0.11159741254137236,0.22652231828297742,0.7083592137063303,0.0660328061448512,False,0.60919,0.7667821401139133,0.7667821401139133,-0.01517,1.0,1.01517,1.4331288142471545
1810,12,302,0.0262997,0.000863921,0.0,0.25465765051654465,0.0,0.0966736783889446,True,0.504081,1.0,inf,-0.16988,1.0,1.16988,
1819,12,167,0.00835317,0.0167706,0.15798535244223672,0.035946180740805356,0.3680021055583542,0.1294700274500322,False,0.109998,-0.05291281532340175,-0.05291281532340175,-0.9911,1.0,1.9910999999999999,5.410566868847087
1829,12,421,0.00757108,0.00045931,0.11078294442990345,0.2351886621603913,0.8143449945228453,0.037981449760155904,False,-0.0521431,-0.11067121473861727,-0.11067121473861727,-0.86833,0.54124,1.40957,1.7309248653587157
1834,12,318,0.0111815,0.003261,0.08621051168211108,0.18567563209341245,0.6720953572472161,0.07170447954455231,False,0.0477493,-0.03564253090910863,-0.03564253090910863,-0.87413,0.79367,1.6678,2.48149311257113
1835,12,289,0.0237322,0.00820884,0.0,0.12388685422941535,0.0,0.14525713224863307,True,0.198968,1.0,inf,-0.7933,1.0,1.7933,
1839,12,264,0.0214001,0.00247936,0.0,0.22019277590830438,0.0,0.11076309748172039,True,-0.327721,-1.0,-inf,-1.0,0.35548,1.35548,
1841,12,356,0.000865849,0.00134394,0.23423483018726943,0.21727756094469117,0.9346368078622492,0.017377364427076308,False,0.20641,0.20225250491181612,0.20225250491181612,-0.40644,0.81687,1.2233100000000001,1.3088613563144593
1845,12,368,0.00154112,6.06454e-06,0.20815096363949392,0.358023616134989,0.9564006453227936,0.009351587729388202,False,0.256167,0.2580669654267218,0.2580669654267218,-0.2218,0.7874,1.0091999999999999,1.0552063143572914
1848,12,394,0.0413404,0.00292493,0.0,0.1729001684098541,0.0,0.11388991077834575,True,-0.215383,-1.0,-inf,-1.0,0.54277,1.54277,
1849,12,281,0.00198427,5.11163e-11,0.22549366052837672,0.6482777374485078,0.9496561507594756,0.008401545147386414,False,-0.0094987,-0.018849185711134413,-0.018849185711134413,-0.50443,0.39728,0.90171,0.9495120936971436
1850,12,260,0.00188136,0.00899269,0.23735225908629728,0.12036242136346603,0.757100696496438,0.054558923819530876,False,-0.0231313,-0.10261544359825642,-0.10261544359825642,-0.91769,0.68055,1.59824,2.1110005675546484
1851,12,323,1.47015e-05,8.4947e-06,0.363716992844003,0.37630823479920533,0.9962031965145725,0.0011301089531022233,False,-0.122472,-0.12407319047514638,-0.12407319047514638,-0.60459,0.27795,0.8825399999999999,0.8859036018833835
1852,12,593,3.66344e-06,0.000101533,0.28722333974205244,0.23124357836424952,0.9918127867697113,0.0020512756887269786,False,-0.177788,-0.18132381240461243,-0.18132381240461243,-0.68452,0.21039,0.89491,0.9022973003954515
1853,12,270,0.000477285,6.1611e-06,0.2936240820508914,0.4224957453775439,0.9803188162278426,0.004888745885655046,False,0.0489288,0.044924215862555995,0.044924215862555995,-0.46111,0.50844,0.96955,0.989014985686718
1860,12,251,0.0204536,0.00538851,0.0,0.17154109066994272,0.0,0.12920925010562756,True,-0.030657,-1.0,-inf,-1.0,0.76778,1.7677800000000001,
1861,12,330,0.010791,0.00550646,0.08887004564445132,0.14892788083677444,0.6491203594366802,0.08136607603686126,False,-0.631321,-1.0,-1.0979274731967206,-1.0,0.00835,1.00835,1.5534099113376547
1863,13,106,3.49947e-06,0.00588056,0.7395306983944402,0.25025673878919624,0.8804898850146563,0.02271528372573165,False,-0.402047,-0.482415858438466,-0.482415858438466,-1.0,0.11506,1.11506,1.2664086424813832
1877,13,270,0.000426636,0.0306162,0.2978573475923409,0.0,0.0,0.09052625062498922,True,-0.0116729,-1.0,-inf,-1.0,0.72481,1.72481,
1881,13,240,0.00758553,0.00029673,0.14340839451168225,0.33088453263391143,0.8220862592249722,0.036468693957758765,False,0.191502,0.1885852053875709,0.1885852053875709,-0.48001,0.88365,1.36366,1.6587797018838393
1883,13,355,0.0109457,1.60096e-05,0.0845187670129077,0.344031384212403,0.7342676168425429,0.04061645487724011,False,-0.189705,-0.31367508193763977,-0.31367508193763977,-1.0,0.34108,1.34108,1.8264185553583832
1890,13,214,0.0303325,0.00299569,0.0,0.23190249222363324,0.0,0.11436626700575019,True,0.142832,1.0,inf,-0.84721,1.0,1.84721,
1893,13,255,0.0441497,1.23345e-06,0.0,0.47547030701204257,0.0,0.06980075338228384,True,-0.408751,-1.0,-inf,-1.0,0.16959,1.16959,
1896,13,177,0.000150878,0.000251191,0.4184658096679683,0.396625664467268,0.9797919589091983,0.006172347176950769,False,-0.0405241,-0.047659553390229786,-0.047659553390229786,-0.6128,0.45529,1.06809,1.0901191730427178
1899,13,207,0.000529584,0.00281934,0.3328082719588046,0.2401006080642315,0.9165451871292325,0.0217442739533299,False,0.502242,0.5242488125999183,0.5242488125999183,-0.04998,1.0,1.04998,1.1455845437241416
1900,13,322,0.0109732,0.0226472,0.08792172015323003,0.0,0.0,0.16105201460887963,True,0.19063,1.0,inf,-0.83105,1.0,1.8310499999999998,
1909,13,134,0.000544932,0.00483833,0.41812227806546,0.24570198759008946,0.8818189054615745,0.029685624473566555,False,0.00538554,-0.02755677421187409,-0.02755677421187409,-0.79691,0.64466,1.44157,1.6347687615581712
1910,13,187,0.0133455,0.0047508,0.0800208119643757,0.20988018366336417,0.5826036842886962,0.09075850324418998,False,0.387863,0.5099598659739792,0.5099598659739792,-0.40059,1.0,1.40059,2.404018439584685
1914,13,442,0.000701449,0.00539016,0.21699540810998907,0.13129024084475566,0.857651214403094,0.032175103541587334,False,0.0563748,0.02821624461320808,0.02821624461320808,-0.67663,0.66964,1.34627,1.5697173599141627
1921,13,169,0.0476503,0.00649087,0.0,0.1879470135911698,0.0,0.13572205715259159,True,-0.544783,-1.0,-inf,-1.0,0.24263,1.2426300000000001,
1923,13,245,0.0469382,0.000561434,0.0,0.3022254884466531,0.0,0.09261489754244853,True,-0.0289904,-1.0,-inf,-1.0,0.7817,1.7816999999999998,
1933,13,425,0.0363949,0.003736,0.0,0.15457641006957573,0.0,0.11913736103185227,True,-0.131707,-1.0,-inf,-1.0,0.65564,1.65564,
1934,13,482,0.00048599,0.00230983,0.21836019614037666,0.16712547571072248,0.9233660525581284,0.018844171481949976,False,-0.114314,-0.14420951594770406,-0.14420951594770406,-0.88804,0.41894,1.30698,1.4154516471328926
1937,13,388,0.0150555,0.0419235,0.0425257340522197,0.0,0.0,0.18610241195729002,True,-0.244679,-1.0,-inf,-1.0,0.63787,1.63787,
1940,13,513,0.0150333,1.54232e-09,0.03854565594943448,0.42060378009374866,0.5660210272592822,0.04539131840321428,False,0.114049,0.12129881804785866,0.12129881804785866,-0.43335,0.65497,1.08832,1.9227554235391748
1946,13,251,0.0130872,1.97887e-05,0.07342763619025235,0.4084415990933087,0.6584187078013448,0.04876945095044762,False,-0.457632,-0.7691176525671213,-0.7691176525671213,-1.0,0.09056,1.09056,1.656332037772291
1948,13,546,0.00768428,7.18752e-08,0.09784636166125461,0.3569150459766617,0.8263102258564712,0.02540687477494791,False,0.201722,0.21337642898259107,0.21337642898259107,-0.29446,0.7368,1.03126,1.248030059087189
1949,13,350,0.00160733,0.00109759,0.21157699993272647,0.22724008288604505,0.9245887802918888,0.019961993482097214,False,-0.214967,-0.2540902490812522,-0.2540902490812522,-1.0,0.32615,1.32615,1.4343133166523392
1955,14,592,0.0338944,0.0423875,0.0,0.0,0.0,0.21793999999999997,True,0.169712,-1.0,-inf,-1.0,1.0,2.0,
1956,14,280,0.0138678,0.015722,0.06146210066208924,0.041075915775139936,0.3243292291710103,0.15342772498148713,False,0.540344,1.0,1.1929738063000854,-0.23404,1.0,1.23404,3.804899124122183
1958,14,308,0.00540567,2.86628e-05,0.15525866493322343,0.35664611529163237,0.8781456067604722,0.0234085017351752,False,0.158821,0.1542027850761208,0.1542027850761208,-0.44953,0.72071,1.17024,1.3326263788041715
1960,14,217,0.000450549,0.0166853,0.3316812530911595,0.03353739234800203,0.4518253064370454,0.07648980975751368,False,0.279111,0.4484502911983712,0.4484502911983712,-0.43237,1.0,1.43237,3.170185422536924
1963,14,465,0.00605361,3.11519e-09,0.12116074161710323,0.43380031125776436,0.8649412858004978,0.019755462313469505,False,0.819143,0.9242101756614639,0.9242101756614639,0.42551,1.0,0.57449,0.6641953730631704
1965,14,500,0.0436274,1.41485e-05,0.0,0.2901030809295163,0.0,0.07628000237903401,True,-0.140507,-1.0,-inf,-1.0,0.48237,1.48237,
1972,14,100,0.0196534,0.0124059,0.0,0.12239926673542638,0.0,0.1704683645576572,True,-0.102101,-1.0,-inf,-1.0,0.81616,1.81616,
1974,14,135,0.000402842,0.00248479,0.4338813815794899,0.30962518131555505,0.9286707723350344,0.01962520651313123,False,0.495162,0.5120617636013105,0.5120617636013105,-0.06108,1.0,1.06108,1.1425792989393195
1975,14,150,0.0383129,3.6282e-06,0.0,0.6042578464320301,0.0,0.07109361642784098,True,0.0959179,1.0,inf,-0.71902,0.84624,1.5652599999999999,
1982,14,246,0.00108297,0.000444961,0.2724227374703586,0.3110247242654488,0.9510242114484408,0.013551596154459803,False,-0.077394,-0.09562910708229679,-0.09562910708229679,-0.76217,0.48197,1.24414,1.3082106480813291
1990,14,307,0.0317157,0.00019076,0.0,0.30487280170277664,0.0,0.08551568035687743,True,0.0455148,-1.0,-inf,-0.823,0.77387,1.59687,
1992,14,200,0.000213176,0.00139728,0.3781142263389647,0.2890579915577584,0.9518603939215732,0.013055674465825806,False,-0.5003,-0.5393182421960534,-0.5393182421960534,-1.0,0.00286,1.00286,1.0535788718640908
1994,14,343,0.0345512,1.00843e-05,0.0,0.360670554724018,0.0,0.07479686256594954,True,0.0593991,-1.0,-inf,-0.68602,0.74492,1.43094,
1995,14,210,0.000140315,0.00181722,0.3842611464655175,0.26665858181942054,0.9459165509351396,0.013879623204895537,False,-0.0054002,-0.02038216075808735,-0.02038216075808735,-0.66053,0.51175,1.17228,1.2393059396635737
1996,14,248,0.0282767,1.25078e-08,0.0,0.5861481364673234,0.0,0.06315404578270857,True,0.392293,1.0,inf,-0.13924,1.0,1.13924,
1999,14,314,8.45983e-05,0.00614016,0.32472778944917036,0.14416275557860156,0.85947320594542,0.02765860849864625,False,-0.13482,-0.18904441392087365,-0.18904441392087365,-0.91165,0.4081,1.31975,1.5355336162554083
2000,14,334,0.0311679,0.00102872,0.0,0.23521605030881565,0.0,0.09854760850089413,True,0.348326,1.0,inf,-0.41384,1.0,1.41384,
2003,14,167,1.43922e-05,0.00198103,0.5222169160592224,0.29405299220133707,0.9498169695409939,0.011698517135151208,False,0.0451774,0.035247720285549025,0.035247720285549025,-0.567,0.56955,1.13655,1.1965989621655697
2009,14,492,0.000756913,0.00311503,0.2036444659902036,0.1528389336398031,0.9014471093150158,0.023975484820563303,False,-0.519535,-0.6029310862548126,-0.6029310862548126,-1.0,0.00814,1.00814,1.1183573496242694
2011,14,418,0.0178494,3.51664e-05,0.015473509225049375,0.29943104139861404,0.35740473700066033,0.07053959063251777,False,-0.00313313,-0.20613246833486054,-0.20613246833486054,-0.77479,0.62263,1.3974199999999999,3.9099090060393293
2020,14,496,0.0252601,9.58646e-05,0.0,0.25392550456233265,0.0,0.08272880797911579,True,0.118299,1.0,inf,-0.66302,0.83723,1.50025,
2026,14,507,0.0451138,0.000168766,0.0,0.23882296072179407,0.0,0.08541388737003672,True,0.288482,1.0,inf,-0.46944,1.0,1.46944,
2028,14,366,2.21771e-05,4.69163e-07,0.33134538938223607,0.4086123437397703,0.9968835405272854,0.0008395806600590947,False,0.427449,0.42794308662603936,0.42794308662603936,0.06762,0.83634,0.76872,0.7711231741206179
2041,15,355,0.0207425,0.000387529,0.0,0.2617294607816196,0.0,0.09004400579217023,True,-0.258758,-1.0,-inf,-1.0,0.35149,1.35149,
2042,15,368,0.00910027,0.0222472,0.10166754288228073,0.0,0.0,0.15013664659461187,True,-0.0125878,-1.0,-inf,-1.0,0.85711,1.85711,
2045,15,200,0.0441086,0.00529039,0.0,0.19328767234748837,0.0,0.12869727165246783,True,-0.170761,-1.0,-inf,-1.0,0.70435,1.70435,
2046,15,402,0.0104722,0.000745583,0.0845683361717104,0.22545597778933757,0.730730624336575,0.051903529925901574,False,0.074947,0.031534835555878646,0.031534835555878646,-0.68813,0.74135,1.4294799999999999,1.9562338738681089
2048,15,440,2.18727e-05,3.30555e-06,0.30128360661160913,0.3368639227649076,0.9962547498777861,0.001042360777024537,False,-0.136366,-0.13792492411592605,-0.13792492411592605,-0.60509,0.23638,0.84147,0.8446333632067763
2050,15,319,0.000202555,4.28127e-06,0.29703825558473945,0.3941177792469764,0.9882070643279759,0.0030329791907557422,False,0.358857,0.36007030677444124,0.36007030677444124,-0.0667,0.81497,0.88167,0.8921915576464475
2051,15,310,6.26628e-06,1.82193e-05,0.39167008180949575,0.3666113981767372,0.9961742058338348,0.0011366312058257143,False,0.0496782,0.048727992061933775,0.048727992061933775,-0.40252,0.44282,0.84534,0.8485865173475546
2053,15,189,0.0175914,0.000689079,0.023347780334252312,0.336255682374594,0.371562740831633,0.08450054680154598,False,-0.217932,-0.8139474537318796,-0.8139474537318796,-1.0,0.43233,1.4323299999999999,3.854880596461728
2054,15,117,0.0168772,0.00189147,0.03949443527873279,0.35793409032365087,0.42796913868362113,0.09216112227487339,False,0.0944485,0.005344725865426425,0.005344725865426425,-0.87249,0.94863,1.82112,4.255260100299602
2058,15,368,0.00896521,2.11685e-06,0.10305147049732609,0.37900843189857514,0.7942133235598406,0.03153862525195405,False,0.0210857,-0.013161357209548833,-0.013161357209548833,-0.59898,0.55421,1.15319,1.4519902471934694
2059,15,311,0.00355838,0.006219,0.18249233804651552,0.14380441217757164,0.7916895982514032,0.05180878220475006,False,0.328581,0.34959688545429163,0.34959688545429163,-0.38216,1.0,1.38216,1.7458357455406295
2060,15,247,0.00693808,6.62424e-07,0.1502733552991827,0.4988164789642459,0.8485265368420979,0.024564837090262057,False,0.00976898,-0.017437117695018434,-0.017437117695018434,-0.61806,0.54472,1.1627800000000001,1.370351956613446
2066,15,491,0.00523847,0.000537578,0.12679871108707017,0.21362339733549235,0.863984232864484,0.030174168414854458,False,-0.545385,-0.6661686018350418,-0.6661686018350418,-1.0,-0.00844,0.99156,1.14765983253253
2067,15,445,0.0250568,7.76548e-05,0.0,0.2729807958161136,0.0,0.08170073326273168,True,-0.557385,-1.0,-inf,-1.0,0.01269,1.01269,
2069,15,360,0.00132318,0.00566624,0.2167040724579482,0.14096357960461892,0.840871938605258,0.037681338686102975,False,0.244517,0.2459775999386688,0.2459775999386688,-0.43831,1.0,1.43831,1.7104982744289263
2070,15,401,0.00394024,0.00346795,0.15597219986738523,0.16283580074986875,0.8357192873488093,0.04147763197394728,False,-0.265283,-0.3670618072571929,-0.3670618072571929,-1.0,0.3298,1.3298,1.5912041520766926
2071,15,440,0.000765642,0.00244629,0.2147435959037925,0.17206006929816545,0.914515949719565,0.021459990785632654,False,0.244864,0.24428661882045236,0.24428661882045236,-0.35747,0.88885,1.24632,1.3628193148322698
2074,15,203,4.88155e-06,9.45747e-05,0.5010247193031827,0.40592068443402074,0.992389115141328,0.0022095640368898287,False,0.179669,0.17882041757162748,0.17882041757162748,-0.28858,0.60788,0.89646,0.9033351800441034
2075,15,268,0.00252707,9.54467e-10,0.217442421881307,0.611527481503256,0.9393308098243438,0.010288093566967929,False,-0.0235099,-0.035980927287254855,-0.035980927287254855,-0.53429,0.40333,0.9376200000000001,0.9981786929519926
2076,15,354,0.000894111,0.000221044,0.23371599995729184,0.27896153164430165,0.9602184115422745,0.010516869146827312,False,-0.269163,-0.2912669302993407,-0.2912669302993407,-0.98597,0.20737,1.19334,1.2427797526640763
2082,15,328,0.00940151,0.0304239,0.10380835390651004,0.0,0.0,0.15194799150030502,True,0.416127,1.0,inf,-0.45408,1.0,1.45408,
2083,15,331,0.0294469,1.31423e-06,0.0,0.4109817989510988,0.0,0.070355411390804,True,0.382186,1.0,inf,-0.2027,1.0,1.2027,
2084,15,257,1.87005e-06,2.55237e-05,0.46349775671631255,0.39622077472093853,0.9963345891867587,0.0010749272603231504,False,0.235157,0.23494323621820898,0.23494323621820898,-0.18415,0.64218,0.82633,0.8293699816990977
2085,15,176,0.0375929,0.00719002,0.0,0.172586395361311,0.0,0.13971037426095334,True,-0.134212,-1.0,-inf,-1.0,0.7626,1.7626,
2086,15,311,1.61165e-07,0.0136421,0.46772751186442474,0.061172087689122266,0.6343524850797246,0.04421354175528936,False,-0.0531696,-0.15351581974657255,-0.15351581974657255,-0.74226,0.49028,1.23254,1.9429891566438742
2088,15,526,0.0118972,0.00109655,0.06379772248962018,0.1861363382938932,0.6780492308809061,0.06051602468853754,False,-0.183288,-0.3595668479290109,-0.3595668479290109,-1.0,0.41586,1.41586,2.0881374618780217
2090,15,276,0.00103461,1.10418e-05,0.2588573122723671,0.4030149094810952,0.9670255849297931,0.007765707837335128,False,0.262828,0.2637596110563948,0.2637596110563948,-0.23751,0.77438,1.01189,1.046394237928528
2091,15,487,0.0300391,0.00892193,0.0,0.09152685340475421,0.0,0.14884791454134083,True,-0.0427648,-1.0,-inf,-1.0,0.82987,1.82987,
2092,15,535,0.00792263,0.0124564,0.0965930178265459,0.0588473963727558,0.5573753655772719,0.10050666768218786,False,-0.337315,-0.7855059529384427,-0.7855059529384427,-1.0,0.34101,1.34101,2.4059369732121554
2095,15,489,0.00146346,6.128e-06,0.18307865353049513,0.3082912095978975,0.9574003968290271,0.008998257480849944,False,-0.00703815,-0.016749948646317233,-0.016749948646317233,-0.54972,0.46036,1.0100799999999999,1.0550235861040491
2100,15,371,0.0224251,0.0329647,0.0,0.0,0.0,0.21794,True,-0.0331737,-1.0,-inf,-1.0,1.0,2.0,
2101,15,443,0.0282181,0.000666567,0.0,0.2183191956622905,0.0,0.0944809741905868,True,-0.468261,-1.0,-inf,-1.0,0.15822,1.15822,
2104,16,447,0.000434569,0.00130945,0.22981927825564896,0.1951957791513441,0.9447667574186823,0.014229211482441328,False,0.160316,0.15462735894381063,0.15462735894381063,-0.43536,0.71136,1.14672,1.2137598946994068
2106,16,613,0.00902063,1.07282e-05,0.08236066636478398,0.2660894054825372,0.7902229934268309,0.03337061850229054,False,-0.384,-0.5281681525012929,-0.5281681525012929,-1.0,0.11716,1.11716,1.4137275291818512
2109,16,445,0.0465594,0.00152859,0.0,0.18997943985842236,0.0,0.10342513627892866,True,-0.10236,-1.0,-inf,-1.0,0.69829,1.69829,
2110,16,378,0.0456433,0.0303387,0.0,0.0,0.0,0.21794,True,-0.161739,-1.0,-inf,-1.0,0.84923,1.84923,
2113,16,217,0.016618,1.82859e-08,0.03437571626158693,0.6236581354025548,0.4657885036830542,0.0524261128343085,False,0.360285,0.6609413601482405,0.6609413601482405,-0.16512,1.0,1.16512,2.501392779742812
2114,16,323,0.0358969,0.00978585,0.0,0.10038446454478739,0.0,0.15416143641306596,True,0.250953,1.0,inf,-0.72328,1.0,1.72328,
2116,16,417,0.00274666,9.88127e-05,0.17124162515821265,0.27658146617070284,0.9268290676371409,0.0163902215206915,False,-0.314015,-0.35648992145124125,-0.35648992145124125,-1.0,0.17972,1.17972,1.2728560650429097
2119,16,333,0.00113557,0.000317341,0.231614517360902,0.2768273407465106,0.9523293474217996,0.012616842358565881,False,0.121557,0.11439336395162358,0.11439336395162358,-0.47886,0.67401,1.15287,1.210579095479012
2122,16,372,3.28405e-05,0.00859796,0.3197173455611721,0.1063274492865444,0.8016019450817791,0.03388120340368491,False,-0.0341911,-0.08492033211912954,-0.08492033211912954,-0.74828,0.52745,1.2757299999999998,1.5914756792036606
2123,16,394,0.00738593,1.53456e-05,0.11608222386193526,0.32654984392142344,0.8329053150575816,0.02876250266213618,False,0.0920322,0.07596265288989032,0.07596265288989032,-0.5258,0.6662,1.1920000000000002,1.4311350623541081
2126,16,606,0.00357469,0.0134251,0.13325508204715836,0.04875412587686095,0.5884983919273878,0.082872143745455,False,-0.466455,-0.9334386487384556,-0.9334386487384556,-1.0,0.1591,1.1591,1.9695890692306532
2127,16,323,0.018848,0.0192553,0.006039482537808153,0.00166312872122233,0.02445493328133481,0.21228531948910806,False,-0.313795,-1.0,-21.512236955912613,-1.0,0.49613,1.49613,61.1790669305125
2128,16,288,0.024746,3.34317e-05,0.0,0.365588002938766,0.0,0.07803842049960306,True,-0.0598476,-1.0,-inf,-0.91811,0.57479,1.4929000000000001,
2130,16,54,0.0160714,0.000679799,0.07109640296159646,0.6676648866386686,0.5144074716148347,0.07681620459121734,False,-0.200701,-0.5394890624742127,-0.5394890624742127,-1.0,0.56389,1.56389,3.0401774591076913
2131,16,316,1.61137e-11,0.00464292,0.6250374938054784,0.16408807281777008,0.8968558795490208,0.01490703298925162,False,-0.13677,-0.16912085480837968,-0.16912085480837968,-0.69455,0.26767,0.9622200000000001,1.0728814093116579
2132,16,537,0.000220034,5.784e-09,0.22621487980678004,0.3936079792191993,0.9883643681829297,0.0023906976401662913,False,-0.363985,-0.37068889716626885,-0.37068889716626885,-0.87701,-0.01018,0.86683,0.8770348546595563
2133,16,521,0.00375345,2.87674e-05,0.14041117462992966,0.27127744645879587,0.9097796045415102,0.01793924836877952,False,0.569052,0.6057651203435778,0.6057651203435778,0.10463,1.0,0.89537,0.9841614337477129
2134,16,385,0.00982319,0.00744428,0.09248857684493302,0.11668407166220277,0.6396985300496763,0.08589351811808989,False,0.195118,0.17074368120468905,0.17074368120468905,-0.62473,1.0,1.62473,2.539837007088058
2135,16,547,0.000591711,5.42365e-07,0.20016358755803138,0.32816826908104346,0.9776254228149207,0.004720105790664223,False,-0.0721792,-0.07865927378324983,-0.07865927378324983,-0.57572,0.33964,0.91536,0.936309529844634
2140,16,314,0.0035022,0.00389806,0.18260103303293326,0.1760212729425212,0.8375938568919443,0.04171766619345452,False,0.0597488,0.021527299487908765,0.021527299487908765,-0.78536,0.7532,1.53856,1.836880711743908
2142,16,382,0.0182444,0.0311996,0.011966958594690961,0.0,0.0,0.20860459813741078,True,-0.212564,-1.0,-inf,-1.0,0.66621,1.66621,
2145,16,321,0.0146213,2.13462e-07,0.05028944598350809,0.4542367459745889,0.5872846817067681,0.04794684494594109,False,-0.338574,-0.65814903229322,-0.65814903229322,-1.0,0.14867,1.14867,1.9558998144847448
2146,16,188,4.78494e-05,1.52299e-05,0.44817526375991346,0.4870666828236128,0.9935489319752826,0.0020314174292607435,False,0.292703,0.2925588999354594,0.2925588999354594,-0.14658,0.74785,0.8944300000000001,0.9002374933077292
2147,16,228,0.000542264,8.1634e-07,0.315301085113725,0.5163427236928785,0.9798694182322563,0.004702709233981373,False,0.165336,0.16393336476998213,0.16393336476998213,-0.29432,0.62622,0.92054,0.9394517094540106
2149,16,160,0.0115525,5.6582e-05,0.11186868161884028,0.48318319881212596,0.720879515852944,0.04549288852191028,False,0.0688064,0.03234037167848389,0.03234037167848389,-0.68468,0.72741,1.41209,1.9588432864945766
2150,16,305,0.0211499,0.00895548,0.0,0.11228621320318846,0.0,0.1494599514872733,True,-0.174507,-1.0,-inf,-1.0,0.62849,1.62849,
2152,16,229,0.0170758,0.0480616,0.0280920538625859,0.0,0.0,0.20066582777893016,True,0.307785,1.0,inf,-0.79439,1.0,1.79439,
2158,16,535,0.00104111,4.92603e-05,0.18622081899763973,0.25763121602284583,0.963026138024169,0.008749132235748965,False,-0.153982,-0.168978936095777,-0.168978936095777,-0.79608,0.32168,1.11776,1.1606746233215404
2160,16,446,0.0231228,2.49543e-06,0.0,0.3394245882846654,0.0,0.0720952009557554,True,-0.110612,-1.0,-inf,-0.93002,0.43331,1.36333,
2161,16,441,0.002022,0.00300116,0.17988865295494835,0.1626490352624372,0.8791298811280529,0.030679466267317438,False,-0.26579,-0.337230564711216,-0.337230564711216,-1.0,0.302,1.302,1.4810098347804337
2163,16,545,0.0336325,0.00138635,0.0,0.17564731461751448,0.0,0.10226258021096774,True,0.231822,1.0,inf,-0.59759,1.0,1.5975899999999998,
2168,16,640,0.0495308,0.00212369,0.0,0.1494744975349181,0.0,0.10830212657062348,True,-0.562406,-1.0,-inf,-1.0,0.14378,1.14378,
2169,16,598,0.00493943,1.51699e-05,0.11914542431841656,0.26382870544286335,0.8862528873898062,0.020941015542665573,False,-0.139733,-0.1812959007850265,-0.1812959007850265,-0.83665,0.34909,1.18574,1.3379251191973478
2171,16,438,1.14e-06,0.000195655,0.3562598327952233,0.2533584036314114,0.9888198821616344,0.0026610371179775767,False,-0.0342132,-0.03729115664358177,-0.03729115664358177,-0.51855,0.3616,0.88015,0.8901014389758488
2172,16,383,0.000433074,9.13332e-07,0.24845504084715783,0.38668351481468805,0.9819269727963137,0.004083157177149989,False,0.297462,0.2987786779981928,0.2987786779981928,-0.12934,0.75507,0.88441,0.9006881616474934
2174,17,433,1.30499e-05,0.000215555,0.3140320550936393,0.2523771923396062,0.9865823002423466,0.0034598945313910937,False,-0.209711,-0.21607005769212284,-0.21607005769212284,-0.77193,0.20255,0.97448,0.9877331062604977
2186,17,475,0.0075051,0.0244033,0.10563110403262407,0.0,0.0,0.14092780473402117,True,-0.616499,-1.0,-inf,-1.0,0.07182,1.07182,
2193,17,227,0.00444661,0.000575624,0.19614552247282202,0.31343409810308,0.8838139522191703,0.028177606370040093,False,-0.000717293,-0.03269341844795257,-0.03269341844795257,,,,
2195,17,313,0.00806161,1.6863e-05,0.12110637593136582,0.3665951165900953,0.8176189240596705,0.031099719835864882,False,-0.157601,-0.2307929944905401,-0.2307929944905401,-0.94959,0.37047,1.32006,1.6145174251173042
2196,17,277,0.012189,0.0027142,0.08034452675496058,0.20977209461401897,0.6480231416270428,0.07340797686822591,False,0.298951,0.348047791264808,0.348047791264808,-0.47324,1.0,1.47324,2.273437328643882
2206,17,237,0.00627288,0.00145803,0.16286023109499995,0.2626484757472147,0.8290779063048715,0.04122561744550847,False,0.350549,0.3730932644594512,0.3730932644594512,-0.30965,1.0,1.30965,1.579646484414229
2210,17,564,4.1917e-05,0.00686023,0.253888225832347,0.1037792260161369,0.8424414335281541,0.028411144029847055,False,-0.167686,-0.23277243524050098,-0.23277243524050098,-0.95656,0.34001,1.29657,1.5390624776964619
2212,17,189,0.0228075,0.000185081,0.0,0.39561156828171085,0.0,0.08489094162389342,True,-0.307669,-1.0,-inf,-1.0,0.33691,1.33691,
2217,17,301,0.00138374,5.06879e-05,0.23501973658393654,0.34611863798073444,0.956912973666808,0.010434409292416846,False,-0.0666756,-0.08058205021187866,-0.08058205021187866,-0.70452,0.40972,1.1142400000000001,1.1644110077537444
2219,17,266,0.0159231,0.0015891,0.039652003187111366,0.24335539041329898,0.4902267777979289,0.08419435357900387,False,-0.407296,-1.0,-1.0025775331709763,-1.0,0.23516,1.23516,2.5195686077130857
2221,17,180,0.0126242,0.0103598,0.09124052189633733,0.12290713579454977,0.5142068876131369,0.11607323384840769,False,0.138628,0.04386321283304429,0.04386321283304429,-0.83879,1.0,1.83879,3.575973104007529
2223,17,378,0.0275516,0.011629,0.0,0.07565307223911467,0.0,0.16475558253055758,True,-0.394977,-1.0,-inf,-1.0,0.37193,1.3719299999999999,
2225,17,323,0.027671,0.0364963,0.0,0.0,0.0,0.21794,True,-1.0,-1.0,-inf,-1.0,-0.15811,0.84189,
2226,17,497,2.13164e-05,0.00804894,0.2834878565219759,0.09855384505838524,0.8151463218617262,0.03126693362961446,False,-0.322305,-0.4337527191708179,-0.4337527191708179,-1.0,0.18395,1.18395,1.452438621444009
2228,17,541,0.002327,0.000184551,0.15803423582859746,0.22930648739261392,0.9312189892038865,0.015971659537528292,False,0.0764995,0.06499850321374771,0.06499850321374771,-0.53715,0.62637,1.16352,1.249459056880607
2232,17,578,0.0132994,0.000805777,0.05056928613757996,0.1867454998882509,0.6303909647705218,0.06396911268139346,False,-0.0134222,-0.12276716673686122,-0.12276716673686122,-0.86077,0.63263,1.4934,2.3690060350779856
2236,17,305,0.00820899,0.00636528,0.12084224922705367,0.1432496315029573,0.6996014847816567,0.07363474577369025,False,-0.374628,-0.640740129237421,-0.640740129237421,-1.0,0.27375,1.27375,1.8206793834886343
2242,18,417,0.0235415,0.0013418,0.0,0.20102094605726284,0.0,0.1017307781692165,True,-0.148487,-1.0,-inf,-1.0,0.54647,1.54647,
2247,18,456,0.000158817,0.0160011,0.2532972317497343,0.031693124584450394,0.5035136199499701,0.06718769333075214,False,-0.434248,-0.9958731471465968,-0.9958731471465968,-1.0,0.11958,1.11958,2.223534688319341
2250,18,256,0.0272925,0.0315401,0.0,0.0,0.0,0.21793999999999997,True,-0.252677,-1.0,-inf,-1.0,0.68344,1.68344,
2257,18,402,0.00258044,0.000142957,0.17721861932965863,0.2727070636603717,0.928504300956754,0.016515493089750897,False,0.0391153,0.02434001316629519,0.02434001316629519,-0.58548,0.56952,1.155,1.243936079574278
2263,18,354,4.41025e-07,1.04869e-05,0.4171998687731439,0.3538248445412373,0.9979087580754789,0.0005869012697093947,False,-0.205022,-0.20603978029638434,-0.20603978029638434,-0.66433,0.15241,0.81674,0.8184515802578258
2264,18,427,0.00243683,0.000145363,0.1747165330070307,0.26403568579786374,0.9310267895946115,0.015990868264556892,False,0.0661067,0.0538285603546001,0.0538285603546001,-0.52545,0.61702,1.1424699999999999,1.2271075470314394
2265,18,457,9.62308e-06,0.000771396,0.31105953890774307,0.21054299470659962,0.972100529619502,0.006410164199997199,False,-0.140845,-0.15148141546392901,-0.15148141546392901,-0.70654,0.3054,1.01194,1.0409828707696436
2266,18,284,0.00110324,1.3406e-07,0.25230062724358815,0.4955835337118412,0.9671865053039047,0.006676073867996645,False,0.482517,0.4919846622368732,0.4919846622368732,0.07305,1.0,0.9269499999999999,0.9583984008428015
2267,18,185,0.0377911,0.0175722,0.0,0.023787167973838588,0.0,0.2044745126738295,True,0.313129,1.0,inf,-0.77542,1.0,1.77542,
2268,18,248,0.0099895,0.0166011,0.11066324135497907,0.03284187472855503,0.3544584167720015,0.13683623028854597,False,0.412621,0.7780454819580352,0.7780454819580352,-0.40702,1.0,1.40702,3.9694924240014258
2269,18,185,0.037508,0.0326352,0.0,0.0,0.0,0.21793999999999997,True,0.23907,1.0,inf,-1.0,1.0,2.0,
2270,18,198,0.00698506,6.64165e-07,0.1662762511669404,0.5644968606559767,0.8495629017211438,0.024683890905242027,False,0.0437252,0.022413065655505746,0.022413065655505746,-0.57236,0.58003,1.15239,1.3564504731378382
2272,18,491,0.0166296,2.43729e-05,0.02551167103867933,0.28273052812334426,0.46499547684940895,0.06379793877155923,False,-0.129571,-0.415851225224246,-0.415851225224246,-0.96004,0.44152,1.40156,3.0141368460104436
2275,18,197,0.0305227,0.000117077,0.0,0.4046189023711386,0.0,0.0825813280199191,True,-0.271005,-1.0,-inf,-1.0,0.37575,1.37575,
2277,18,422,0.0177368,6.1681e-06,0.01649205577596794,0.33274616743722674,0.3699719837987002,0.06565200890114913,False,-0.150616,-0.5845523941586328,-0.5845523941586328,-0.97896,0.39464,1.3736000000000002,3.7127135571091476
2280,18,184,0.00411981,9.21108e-08,0.22433154933959962,0.6430594612899154,0.9107774046986892,0.01572547153404832,False,0.28865,0.2996610665327637,0.2996610665327637,-0.22012,0.85029,1.07041,1.1752707022350009
2281,18,279,1.26053e-05,2.97066e-05,0.3973341498057339,0.3750339801446805,0.9946886162567111,0.0015915767314748648,False,0.479248,0.4802069868519041,0.4802069868519041,0.07764,0.93724,0.8595999999999999,0.8641900449558907
2282,18,284,0.000353585,0.000390594,0.29684179902661817,0.293314272775904,0.9687973988752832,0.008805312921242257,False,0.165652,0.16189833628873027,0.16189833628873027,-0.39931,0.71302,1.11233,1.1481554361018618
2284,18,425,0.0360953,0.00866756,0.0,0.09953599920615147,0.0,0.147557615230052,True,-0.0631842,-1.0,-inf,-1.0,0.86173,1.86173,
2285,18,340,0.0248698,0.00312098,0.0,0.1821617405799785,0.0,0.1152023778877222,True,0.0463385,-1.0,-inf,-0.97643,0.87716,1.85359,
2288,18,357,0.0108655,0.00127107,0.08511281426795612,0.2192270396578592,0.7105728919049137,0.05794131402915358,False,0.419843,0.5093097275364042,0.5093097275364042,-0.22881,1.0,1.22881,1.7293229364629843
2293,18,350,0.0118142,4.67159e-07,0.07634462483250055,0.418689717546146,0.7063037472226322,0.03915743307036496,False,-0.133116,-0.24390842289565695,-0.24390842289565695,-0.8632,0.38401,1.24721,1.7658266785421286
2294,18,239,0.030055,0.000104339,0.0,0.3685206744494764,0.0,0.08224848038042336,True,0.24875,1.0,inf,-0.47048,1.0,1.47048,
2296,18,409,0.0423426,0.0159689,0.0,0.033228111462426185,0.0,0.19214788787763284,True,-0.240412,-1.0,-inf,-1.0,0.69096,1.69096,
2302,18,435,0.0270864,0.000222004,0.0,0.2510389608300437,0.0,0.08671417374895417,True,0.163766,1.0,inf,-0.61353,0.97412,1.58765,
2303,18,500,0.0147014,0.000220351,0.041682002667600915,0.23430836341563926,0.576160696374216,0.06267191813129405,False,0.350267,0.49915775872693885,0.49915775872693885,-0.2504,1.0,1.2504,2.1702278684901235
2305,18,376,0.000881635,0.000820903,0.22726256811757917,0.22978356166407213,0.9451081894231353,0.014695264636516553,False,-0.307587,-0.3410003936514693,-0.3410003936514693,-1.0,0.20031,1.20031,1.2700239120059174
2308,19,348,0.0218379,3.11843e-05,0.0,0.33232972935465144,0.0,0.07806004968300007,True,-0.24388,-1.0,-inf,-1.0,0.33605,1.33605,
2309,19,425,0.0124001,0.00124418,0.0650207984303376,0.20191876200067005,0.6582193838014857,0.0641579339255937,False,-0.828555,-1.0,-1.3562543976900407,-1.0,-0.22009,0.77991,1.1848785058496778
2312,19,396,0.00225401,2.66945e-09,0.18471542973235763,0.47582311000355754,0.9432669032482184,0.009674606706068048,False,0.197376,0.19899075505306774,0.19899075505306774,-0.25269,0.65088,0.90357,0.9579155135078747
2313,19,362,0.00401486,3.90969e-11,0.1626451572371577,0.5655389024457651,0.9088894068056874,0.01356495865800777,False,-0.00649956,-0.0220758636944895,-0.0220758636944895,-0.5168,0.42401,0.94081,1.0351204370468992
2318,19,524,0.0142718,0.0174526,0.04450723906457049,0.01807382206179799,0.2407089874764139,0.16538088406042628,False,-0.183153,-1.0,-1.4479471153713266,-1.0,0.56693,1.5669300000000002,6.509644764109763
2319,19,311,4.3652e-05,0.000711635,0.3440836680362348,0.2583835357609783,0.9716123326983208,0.007266965664990988,False,0.398302,0.40245993301571525,0.40245993301571525,-0.07783,0.96543,1.04326,1.0737410023426754
2321,19,330,0.000634323,0.0359376,0.2548620694596109,0.0,0.0,0.09384381355864194,True,-0.324662,-1.0,-inf,-1.0,0.36264,1.36264,
2322,19,279,0.000169351,0.0443866,0.3243586728902585,0.0,0.0,0.08478299305336569,True,-0.0733444,-1.0,-inf,-1.0,0.6883,1.6883,
2327,19,303,0.00503109,2.81047e-05,0.16175129387901516,0.3602690961848799,0.8861326020276052,0.022197640556343597,False,-0.187328,-0.23644953371190416,-0.23644953371190416,-0.9389,0.31698,1.2558799999999999,1.4172596709864378
2328,19,169,0.042425,7.81135e-05,0.0,0.4561992256658783,0.0,0.08058718434092063,True,-0.044739,-1.0,-inf,-1.0,0.70221,1.70221,
2334,19,95,3.09226e-05,3.77431e-08,0.6804035635118229,0.985419715418397,0.9968832919220855,0.0009696283167558476,False,-0.054274,-0.05541634488651214,-0.05541634488651214,-0.5176,0.35887,0.87647,0.8792102416623743
2338,19,404,0.000985074,0.0091892,0.21543519928882313,0.09667671076823847,0.7631179757731111,0.048822581228921955,False,0.0488107,-1.5569321257200464e-05,-1.5569321257200464e-05,-0.75351,0.70839,1.4619,1.9156933087822445
2342,19,394,0.0111671,0.0092889,0.07869287374781092,0.09677045983248285,0.5691381979900926,0.10153250806206239,False,0.06016,-0.07269325483365746,-0.07269325483365746,-0.94468,0.90036,1.84504,3.2418136869318306
2343,19,157,9.7209e-06,0.000676165,0.5546902242817999,0.3720819063833264,0.976280003313308,0.00623987283277321,False,0.0872342,0.08296219004009865,0.08296219004009865,-0.46005,0.59423,1.05428,1.0798951083930584
2348,19,295,7.75118e-07,0.000356523,0.44890663722364255,0.2907560358546305,0.9843162589195866,0.003678691700228323,False,-0.0927021,-0.09791648855421589,-0.09791648855421589,-0.59708,0.32141,0.91849,0.9331248891572315
2351,19,386,7.38251e-10,0.000149859,0.5022570321224362,0.27722052172275613,0.9909983115022758,0.00188354766111584,False,0.297303,0.29810288161949683,0.29810288161949683,-0.06837,0.67659,0.7449600000000001,0.7517268105842674
2352,19,306,0.00247703,0.00225308,0.20465924609063657,0.20964544576688446,0.8866015565088119,0.029823756962597526,False,0.144217,0.12902441034262446,0.12902441034262446,-0.5632,0.80177,1.36497,1.5395529028562376
2354,19,280,0.0482847,0.000861471,0.0,0.26481009089663,0.0,0.09660542497957622,True,-0.787322,-1.0,-inf,-1.0,-0.08689,0.91311,
2355,19,315,0.00183511,0.000415391,0.21677120222741178,0.2759296638563761,0.9358475419667269,0.01658835517623668,False,-0.034762,-0.054870428006170244,-0.054870428006170244,-0.75738,0.50079,1.25817,1.3444177000838167
2356,19,375,0.0389164,0.0041141,0.0,0.15851488467972258,0.0,0.12149901205642477,True,-0.366587,-1.0,-inf,-1.0,0.40327,1.40327,
2357,19,334,0.000248851,0.030836,0.2838988799797014,0.0,0.0,0.08711597783499687,True,-0.582557,-1.0,-inf,-1.0,0.0385,1.0385,
2365,19,457,0.00116602,0.0245628,0.19712992043729086,0.0,0.0,0.10010349674914472,True,-0.127441,-1.0,-inf,-1.0,0.56052,1.56052,
2384,20,264,5.95413e-05,0.000764337,0.3664707933129363,0.2780583839237246,0.9699003118954385,0.007905528359489745,False,0.287407,0.28817546320228665,0.28817546320228665,-0.20377,0.82659,1.03036,1.0623359817117777
2385,20,336,0.0107604,2.99136e-05,0.08848350605215528,0.3395384004636356,0.7398154466340443,0.04112848977515241,False,-0.0559039,-0.13115756127642772,-0.13115756127642772,-0.80638,0.50302,1.3094000000000001,1.7699008664355524
2386,20,277,0.0333167,0.000935722,0.0,0.26275156368448827,0.0,0.09744724831563122,True,0.681125,1.0,inf,0.02722,1.0,0.97278,
2387,20,282,0.0196664,0.0248521,0.0,0.0,0.0,0.21794,True,0.316485,1.0,inf,-0.72002,1.0,1.7200199999999999,
2392,20,253,0.0078554,0.00807482,0.1363528962711797,0.13351054640751628,0.6755448268901045,0.08024587900905007,False,-0.309522,-0.5769681944029693,-0.5769681944029693,-1.0,0.38371,1.38371,2.0482874635721213
2401,20,370,0.0473325,0.0135368,0.0,0.05793708069178138,0.0,0.1764086639920285,True,-0.595472,-1.0,-inf,-1.0,0.21212,1.21212,
2402,20,276,0.0146098,5.43807e-09,0.05363088722687676,0.5681507849290246,0.5889435710980815,0.04451639773364279,False,0.0723711,0.047296046061632506,0.047296046061632506,-0.52925,0.62432,1.15357,1.9587105736618808
2404,20,430,0.00494632,8.20392e-05,0.13816652974498542,0.2765565550581618,0.8834249815537433,0.023506666441521776,False,-0.547663,-0.6465400892749993,-0.6465400892749993,-1.0,-0.05245,0.94755,1.0725868294254883
2405,20,353,5.70996e-08,5.88799e-11,0.4549562084635209,0.5673558571388493,0.9999159179635567,2.400024506537635e-05,False,-0.357671,-0.3577250784981523,-0.3577250784981523,-0.71781,-0.06686,0.6509499999999999,0.6510047378040886
2408,20,497,0.000943271,1.29926e-08,0.19601248160726356,0.3991526019662755,0.9697571204740837,0.005703399598385496,False,0.175052,0.17462991178536055,0.17462991178536055,-0.24949,0.59116,0.84065,0.8668665403446925
2411,20,238,0.00548772,7.67893e-10,0.1744513134274881,0.6589692014942484,0.8811923185854637,0.01782547837887423,False,0.000880009,-0.019230160115417245,-0.019230160115417245,,,,
2412,20,343,6.16878e-06,0.000562187,0.3713273080754525,0.2540812802991892,0.9778655222042081,0.005278843325354196,False,0.0900399,0.08667966581292874,0.08667966581292874,-0.39086,0.54186,0.93272,0.95383258620015
2414,20,198,0.00198797,0.00149245,0.2691689361784587,0.2867247991111368,0.9127251991165698,0.024242738070311135,False,0.0457944,0.023612432252937465,0.023612432252937465,-0.71578,0.66145,1.37723,1.5089207587705764
2415,20,410,0.000195989,0.0033376,0.2619403434875948,0.163092862840469,0.9118814713569436,0.019967239626561273,False,0.571748,0.6051014059451721,0.6051014059451721,0.0846,1.0,0.9154,1.0038585372700035
2422,20,408,2.01002e-08,0.000432804,0.4371249692091251,0.24067694113472657,0.9822546259212711,0.0036411830795418567,False,0.211361,0.21147247509843453,0.21147247509843453,-0.203,0.62794,0.83094,0.8459517298996165
2423,20,405,0.0361121,0.0129691,0.0,0.06107799498198663,0.0,0.1727604767361205,True,0.239388,1.0,inf,-0.77863,1.0,1.7786300000000002,
2424,20,312,0.0205537,9.38825e-10,0.0,0.5614180759810787,0.0,0.06092119649773919,True,-0.00671274,-1.0,-inf,-0.67898,0.51109,1.19007,
2426,20,349,0.00199843,0.0327857,0.20213168214466584,0.0,0.0,0.10720235795565791,True,0.0918138,-1.0,-inf,-0.88419,0.93944,1.82363,
2427,20,353,0.00427193,0.00210186,0.16085595617356033,0.19866243733691985,0.8548086885721625,0.03655209711448878,False,0.186924,0.1759129322102309,0.1759129322102309,-0.53367,0.89734,1.4310100000000001,1.6740704898429386
2428,20,419,0.00620829,0.00203891,0.1253303841763831,0.18403136055151612,0.8157724074800284,0.04376907407545805,False,0.414973,0.4550336865048107,0.4550336865048107,-0.20281,1.0,1.20281,1.4744431032125183
2429,20,281,0.00114583,1.31009e-05,0.2519801739190514,0.39483413816783164,0.9644498886911897,0.00832542401777594,False,-0.05746,-0.06821030806178048,-0.06821030806178048,-0.64144,0.43201,1.07345,1.1130179106109175
2434,21,392,0.000230279,0.0481876,0.2636516925104056,0.0,0.0,0.08681504941135704,True,0.0420474,-1.0,-inf,-0.94692,0.86247,1.80939,
2437,21,245,0.00303843,0.0269713,0.21579783463110197,0.0,0.0,0.11465539802355386,True,0.029252,-1.0,-inf,-1.0,0.88942,1.8894199999999999,
2444,21,248,0.000683615,0.000956046,0.2920310934471034,0.2771230613592446,0.9479918146216655,0.014522165564695284,False,-0.331189,-0.3646773740368901,-0.3646773740368901,-1.0,0.18045,1.18045,1.245211173549116
2456,21,483,0.0190023,0.00168887,0.004619340488774087,0.1790227805585381,0.19464043898296723,0.10166391543836166,False,0.037059,-0.33191928550888217,-0.33191928550888217,-0.91523,0.79584,1.7110699999999999,8.790927563360734
2458,21,420,0.00118265,4.00802e-06,0.20492500215938708,0.34165203457175775,0.9638285368648487,0.007778500668478298,False,-0.286658,-0.3054863903762638,-0.3054863903762638,-0.9662,0.15042,1.11662,1.1585255647567283
2459,21,484,2.59026e-07,0.00631429,0.3612120488657496,0.11635130833409482,0.8588027164827403,0.022224083156805897,False,0.194358,0.20043476055615567,0.20043476055615567,-0.33059,0.73993,1.07052,1.246526099014167
2460,21,447,0.0244961,0.000133474,0.0,0.2599962144480636,0.0,0.08409503670259304,True,0.244062,1.0,inf,-0.42913,1.0,1.42913,
2463,22,452,0.0228063,0.000958508,0.0,0.20475343963455225,0.0,0.09796081071884737,True,0.061654,-1.0,-inf,-0.81514,0.81064,1.62578,
2464,22,277,0.000959798,0.000135231,0.26165618988897876,0.3327085029558551,0.9623168531646108,0.009987849525541478,False,-0.151473,-0.16778345821812443,-0.16778345821812443,-0.80546,0.34113,1.14659,1.1914890570911243
2465,22,375,0.000613365,0.003071,0.2400058624190372,0.17456795035519224,0.9065493179876105,0.02297962375788291,False,-0.228446,-0.2773435694772858,-0.2773435694772858,-1.0,0.31919,1.3191899999999999,1.4551773122816785
2475,22,229,0.0354926,0.00449259,0.0,0.19448305746318809,0.0,0.12390342900109673,True,0.420151,1.0,inf,-0.406,1.0,1.4060000000000001,
2478,22,341,0.0280758,0.0244439,0.0,0.0,0.0,0.21793999999999997,True,0.335803,1.0,inf,-0.64142,1.0,1.64142,
2480,22,276,0.0341335,0.00688149,0.0,0.14332268071045437,0.0,0.13775882925490532,True,0.368679,1.0,inf,-0.53488,1.0,1.53488,
2483,22,476,0.0338155,8.0143e-06,0.0,0.3078596393104661,0.0,0.07475380212628317,True,0.151215,1.0,inf,-0.55676,0.87275,1.42951,
2484,22,193,0.0401469,0.000174014,0.0,0.3936501785706139,0.0,0.08457340970226476,True,-0.106984,-1.0,-inf,-1.0,0.62081,1.62081,
2485,22,205,9.47494e-09,6.40587e-09,0.6600546811515182,0.6693285452253069,0.9999484051981192,1.8698320003263325e-05,False,0.321,0.3209978635011682,0.3209978635011682,-0.00168,0.63213,0.63381,0.6338427029886842
2486,22,223,0.0332485,0.000588255,0.0,0.3154068611191651,0.0,0.09294864396880101,True,0.238927,1.0,inf,-0.57654,1.0,1.57654,
2495,22,375,6.51835e-07,0.00458512,0.397304604156632,0.15202162370744282,0.896843605910775,0.017808935430965372,False,0.215868,0.22084013674591452,0.22084013674591452,-0.28167,0.74845,1.03012,1.1486060593071612
