"locus","chr","start","stop","processed","K","n_snps","h2_MDD","h2_BIP","p_MDD","p_BIP","gate_pass","rho_hat","rho_raw","paramlim_drop","rho_lower","rho_upper","bivar_p","n_pheno_returned","dropped_pheno"
1,1,10539,1376204,TRUE,201,1421,0.000430794,0.000166921,0.000667104,0.00169,TRUE,0.189104,0.189104,FALSE,-0.42951,0.82437,0.489608,2,NA
2,1,1376205,2215495,TRUE,171,1235,1.1879e-05,8.72906e-05,0.444081,0.0365933,FALSE,NA,NA,NA,NA,NA,NA,2,NA
3,1,2215496,2983519,TRUE,289,1560,0.000637735,0.000291227,2.57158e-05,1.01128e-05,TRUE,-0.0667198,-0.0667198,FALSE,-0.5522,0.33337,0.743451,2,NA
4,1,2983520,3582047,TRUE,334,1544,0.00026131,4.05646e-05,0.0490053,0.262351,FALSE,NA,NA,NA,NA,NA,NA,2,NA
5,1,3582048,4281476,TRUE,264,1882,5.81216e-05,0.000203024,0.326225,0.000707977,FALSE,NA,NA,NA,NA,NA,NA,2,NA
6,1,4281477,4773403,TRUE,272,1915,0.000237383,9.74158e-05,0.0479638,0.0514475,FALSE,NA,NA,NA,NA,NA,NA,2,NA
7,1,4773404,5362404,TRUE,328,1796,0.000315394,0.000196738,0.0218511,0.00210959,TRUE,-0.389486,-0.389486,FALSE,-1,0.26739,0.242299,2,NA
8,1,5362405,6136814,TRUE,318,1860,0.000379256,0.000193337,0.00774664,0.00211375,TRUE,-0.213967,-0.213967,FALSE,-1,0.39789,0.483218,2,NA
9,1,6136815,7711794,TRUE,500,3244,0.000509254,0.000212761,0.00468812,0.00519567,TRUE,-0.104366,-0.104366,FALSE,-1,0.51738,0.7316,2,NA
10,1,7711795,8580987,TRUE,272,1862,0.000379796,6.21833e-05,0.00464634,0.142363,FALSE,NA,NA,NA,NA,NA,NA,2,NA
11,1,8580988,9475966,TRUE,359,1757,0.000459784,0.000142988,0.00292311,0.0198038,TRUE,-0.0312923,-0.0312923,FALSE,-1,0.69766,0.925075,2,NA
12,1,9475967,10753427,TRUE,294,2147,0.000168049,7.81117e-05,0.124494,0.103439,FALSE,NA,NA,NA,NA,NA,NA,2,NA
13,1,10753428,11709173,TRUE,333,2003,0.000451963,0.000109778,0.00336466,0.0583057,FALSE,NA,NA,NA,NA,NA,NA,2,NA
14,1,11709174,13481025,TRUE,366,2534,0.000412476,0.00015798,0.00716028,0.0137022,TRUE,0.574369,0.574369,FALSE,-0.09599,1,0.0914709,2,NA
15,1,13481026,14720131,TRUE,412,2742,0.00016757,0.000271387,0.158733,0.000223991,FALSE,NA,NA,NA,NA,NA,NA,2,NA
16,1,14720132,15755230,TRUE,517,2849,NA,3.46156e-06,NA,0.47462,FALSE,NA,NA,NA,NA,NA,NA,1,"MDD"
17,1,15755231,16732168,TRUE,216,2238,2.59311e-05,2.83137e-05,0.403806,0.285935,FALSE,NA,NA,NA,NA,NA,NA,2,NA
18,1,16732169,17557746,TRUE,171,1095,NA,0.000109903,NA,0.0130705,FALSE,NA,NA,NA,NA,NA,NA,1,"MDD"
19,1,17557747,18427820,TRUE,353,2155,0.000252002,0.000195232,0.056711,0.0028953,FALSE,NA,NA,NA,NA,NA,NA,2,NA
20,1,18427821,19238924,TRUE,459,2294,0.00063436,6.03391e-05,0.000397874,0.209903,FALSE,NA,NA,NA,NA,NA,NA,2,NA
21,1,19238925,20556202,TRUE,433,3341,8.24623e-05,0.000216066,0.309944,0.00262163,FALSE,NA,NA,NA,NA,NA,NA,2,NA
22,1,20556203,21416121,TRUE,226,1878,0.00014762,7.42741e-05,0.120977,0.0856329,FALSE,NA,NA,NA,NA,NA,NA,2,NA
23,1,21416122,22145629,TRUE,258,1835,3.16146e-05,0.000204925,0.395214,0.000471412,FALSE,NA,NA,NA,NA,NA,NA,2,NA
24,1,22145630,22740287,TRUE,252,1720,4.17904e-05,0.000111072,0.365615,0.0290349,FALSE,NA,NA,NA,NA,NA,NA,2,NA
25,1,22740288,23907045,TRUE,328,1950,0.000227355,0.000172684,0.0704658,0.00562964,FALSE,NA,NA,NA,NA,NA,NA,2,NA
26,1,23907046,25885138,TRUE,506,3292,0.000350282,0.000202971,0.0352651,0.00760778,TRUE,0.0326748,0.0326748,FALSE,-1,0.94924,0.929476,2,NA
27,1,25885139,27992665,TRUE,418,3023,0.000961133,0.000229573,2.76613e-07,0.0015844,TRUE,-0.409523,-0.409523,FALSE,-1,0.00745,0.0570653,2,NA
28,1,27992666,29188426,TRUE,218,1921,0.000278989,4.93107e-05,0.018269,0.188367,FALSE,NA,NA,NA,NA,NA,NA,2,NA
29,1,29188427,30405182,TRUE,357,2265,0.000393998,0.000205408,0.0084795,0.00193048,TRUE,0.312821,0.312821,FALSE,-0.39607,1,0.304351,2,NA
30,1,30405183,31639217,TRUE,402,2944,0.000418738,0.00025383,0.00853815,0.000453722,TRUE,0.428655,0.428655,FALSE,-0.17011,1,0.131355,2,NA
31,1,31639218,33066846,TRUE,298,2147,0.000416602,0.000172906,0.00353618,0.00390534,TRUE,-0.283674,-0.283674,FALSE,-1,0.33699,0.347032,2,NA
32,1,33066847,34371022,TRUE,329,2137,0.000762543,0.000361199,3.11668e-06,3.06851e-07,TRUE,-0.131859,-0.131859,FALSE,-0.55597,0.21997,0.46581,2,NA
33,1,34371023,35201626,TRUE,339,2044,NA,0.000155812,NA,0.0120409,FALSE,NA,NA,NA,NA,NA,NA,1,"MDD"
34,1,35201627,36855139,TRUE,273,1656,0.000525728,0.000196885,0.000468136,0.00106135,TRUE,0.0746032,0.0746032,FALSE,-0.56822,0.63976,0.773257,2,NA
35,1,36855140,38474036,TRUE,498,3349,0.000510078,9.91826e-05,0.00437388,0.107751,FALSE,NA,NA,NA,NA,NA,NA,2,NA
36,1,38474037,40200950,TRUE,479,3255,0.000304796,0.000647018,0.0514683,2.47417e-13,FALSE,NA,NA,NA,NA,NA,NA,2,NA
37,1,40200951,41093875,TRUE,239,1839,0.000254832,0.000117599,0.0278003,0.0201552,TRUE,0.129388,0.129388,FALSE,-1,1,0.74749,2,NA
38,1,41093876,41977966,TRUE,280,2128,0.000398558,0.00025098,0.00344952,5.71277e-05,TRUE,0.268306,0.268306,FALSE,-0.29913,0.86922,0.295652,2,NA
39,1,41977967,43512669,TRUE,310,2979,0.000262181,0.00020497,0.0407299,0.00112969,TRUE,0.626638,0.626638,FALSE,-0.04713,1,0.0711558,2,NA
40,1,43512670,45167235,TRUE,380,2947,0.000635128,0.00016295,0.000165385,0.0128351,TRUE,-0.0562207,-0.0562207,FALSE,-0.8901,0.55855,0.84326,2,NA
41,1,45167236,47257261,TRUE,279,3254,0.000618009,0.000301508,2.85333e-05,2.96955e-06,TRUE,0.045363,0.045363,FALSE,-0.40486,0.45154,0.820578,2,NA
42,1,47257262,48105233,TRUE,187,1512,0.000252244,9.58543e-05,0.0176479,0.0281587,TRUE,0.0136635,0.0136635,FALSE,-1,1,0.972909,2,NA
43,1,48105234,49185414,TRUE,301,2031,1.04802e-05,0.000171557,0.460194,0.00446083,FALSE,NA,NA,NA,NA,NA,NA,2,NA
44,1,49185415,51777577,TRUE,212,2776,0.000381347,9.76343e-05,0.00187513,0.0329488,TRUE,0.274431,0.274431,FALSE,-0.58878,1,0.43621,2,NA
45,1,51777578,53114186,TRUE,154,1852,0.000150684,8.22273e-05,0.078098,0.0376261,FALSE,NA,NA,NA,NA,NA,NA,2,NA
46,1,53114187,54771293,TRUE,479,3473,0.00056388,0.0003508,0.00201785,1.93312e-05,TRUE,0.168195,0.168195,FALSE,-0.36346,0.68359,0.474077,2,NA
47,1,54771294,55727134,TRUE,395,2434,NA,0.000173852,NA,0.00930811,FALSE,NA,NA,NA,NA,NA,NA,1,"MDD"
48,1,55727135,56799636,TRUE,286,2785,0.000380886,0.000307526,0.00519664,2.64956e-06,TRUE,0.158925,0.158925,FALSE,-0.3994,0.7218,0.516863,2,NA
49,1,56799637,57529670,TRUE,266,1866,0.000132427,6.40279e-06,0.164629,0.44474,FALSE,NA,NA,NA,NA,NA,NA,2,NA
50,1,57529671,58387483,TRUE,258,2010,NA,8.1745e-06,NA,0.431908,FALSE,NA,NA,NA,NA,NA,NA,1,"MDD"
51,1,58387484,59889045,TRUE,417,3325,NA,0.000207056,NA,0.00315854,FALSE,NA,NA,NA,NA,NA,NA,1,"MDD"
52,1,59889046,61377615,TRUE,380,2704,NA,0.000208984,NA,0.00225939,FALSE,NA,NA,NA,NA,NA,NA,1,"MDD"
53,1,61377616,62778733,TRUE,507,3173,0.000158833,0.000253191,0.196968,0.00140548,FALSE,NA,NA,NA,NA,NA,NA,2,NA
54,1,62778734,64344226,TRUE,411,3105,0.000288861,0.000178421,0.046734,0.00842533,TRUE,-0.973383,-0.973383,FALSE,-1,-0.20539,0.0126475,2,NA
55,1,64344227,65894184,TRUE,399,3058,0.000226005,0.000157102,0.0925225,0.0167824,FALSE,NA,NA,NA,NA,NA,NA,2,NA
56,1,65894185,66778015,TRUE,166,1896,0.000308205,NA,0.00448397,NA,FALSE,NA,NA,NA,NA,NA,NA,1,"BIP"
57,1,66778016,67761890,TRUE,225,2324,0.000227581,2.90688e-05,0.0386534,0.282715,FALSE,NA,NA,NA,NA,NA,NA,2,NA
58,1,67761891,68633860,TRUE,265,1834,0.000206661,0.000115273,0.069808,0.0288356,FALSE,NA,NA,NA,NA,NA,NA,2,NA
59,1,68633861,69438909,TRUE,194,1863,0.000143487,5.96043e-05,0.109673,0.115054,FALSE,NA,NA,NA,NA,NA,NA,2,NA
60,1,69438910,70992905,TRUE,357,2840,0.000431041,0.000316171,0.00460002,9.34857e-06,TRUE,-0.0569112,-0.0569112,FALSE,-0.72445,0.43837,0.816934,2,NA
61,1,70992906,72513119,TRUE,265,2674,0.000308851,0.000188858,0.0147082,0.00118085,TRUE,0.160311,0.160311,FALSE,-0.66579,0.94066,0.610784,2,NA
62,1,72513120,73992170,TRUE,159,2718,0.000504602,0.000223936,1.76226e-05,6.97544e-06,TRUE,0.478078,0.478078,FALSE,0.07336,0.9263,0.0231813,2,NA
63,1,73992171,75132092,TRUE,200,1864,0.000247445,1.26922e-05,0.0227274,0.387319,FALSE,NA,NA,NA,NA,NA,NA,2,NA
64,1,75132093,76097247,TRUE,153,1828,6.91174e-05,0.000130911,0.243544,0.00281369,FALSE,NA,NA,NA,NA,NA,NA,2,NA
65,1,76097248,76977915,TRUE,217,2245,NA,0.000163509,NA,0.00177826,FALSE,NA,NA,NA,NA,NA,NA,1,"MDD"
66,1,76977916,77895394,TRUE,231,2194,0.00027285,0.000166918,0.0195441,0.00212725,TRUE,-0.0591346,-0.0591346,FALSE,-1,0.68945,0.859733,2,NA
67,1,77895395,79065286,TRUE,205,2198,0.000224881,0.00025712,0.0345907,6.42605e-06,TRUE,0.251236,0.251236,FALSE,-0.47144,1,0.400964,2,NA
68,1,79065287,80099353,TRUE,187,2681,0.000239239,0.000173757,0.0222796,0.000528136,TRUE,0.521522,0.521522,FALSE,-0.14973,1,0.107701,2,NA
69,1,80099354,80781442,TRUE,131,1740,6.44617e-05,5.64353e-05,0.243047,0.0883719,FALSE,NA,NA,NA,NA,NA,NA,2,NA
70,1,80781443,82123368,TRUE,415,3380,0.00046131,0.000217878,0.00518799,0.00290771,TRUE,-0.396943,-0.396943,FALSE,-1,0.19048,0.18357,2,NA
71,1,82123369,83461215,TRUE,323,3123,0.000102018,0.000193278,0.240876,0.00207805,FALSE,NA,NA,NA,NA,NA,NA,2,NA
72,1,83461216,84728347,TRUE,261,2296,0.000226939,0.000310109,0.0505478,7.91275e-07,FALSE,NA,NA,NA,NA,NA,NA,2,NA
73,1,84728348,86017267,TRUE,392,3069,NA,0.000293371,NA,6.63702e-05,FALSE,NA,NA,NA,NA,NA,NA,1,"MDD"
74,1,86017268,86761554,TRUE,174,1935,NA,0.000165841,NA,0.000618918,FALSE,NA,NA,NA,NA,NA,NA,1,"MDD"
75,1,86761555,87667572,TRUE,175,1870,0.000109693,0.000200931,0.157647,6.88335e-05,FALSE,NA,NA,NA,NA,NA,NA,2,NA
76,1,87667573,88656689,TRUE,349,1876,0.000445555,6.09585e-05,0.00336178,0.178328,FALSE,NA,NA,NA,NA,NA,NA,2,NA
77,1,88656690,89753964,TRUE,224,2145,0.000626434,7.43239e-05,5.34892e-06,0.0847734,FALSE,NA,NA,NA,NA,NA,NA,2,NA
78,1,89753965,90941549,TRUE,317,2113,0.000133536,0.000145808,0.182276,0.0137181,FALSE,NA,NA,NA,NA,NA,NA,2,NA
79,1,90941550,91870059,TRUE,241,1939,0.000259186,6.87739e-05,0.0269496,0.109388,FALSE,NA,NA,NA,NA,NA,NA,2,NA
80,1,91870060,92904465,TRUE,259,2021,0.000360418,0.000326057,0.00541367,3.30647e-07,TRUE,0.35721,0.35721,FALSE,-0.11774,0.95065,0.133964,2,NA
81,1,92904466,94168576,TRUE,182,1920,0.000162004,3.40603e-05,0.0805303,0.231087,FALSE,NA,NA,NA,NA,NA,NA,2,NA
82,1,94168577,95122541,TRUE,259,2004,0.000352632,0.00020121,0.00668374,0.000790061,TRUE,-0.09854,-0.09854,FALSE,-0.9563,0.5008,0.736488,2,NA
83,1,95122542,96147576,TRUE,289,2521,NA,0.000264535,NA,3.52316e-05,FALSE,NA,NA,NA,NA,NA,NA,1,"MDD"
84,1,96147577,97721186,TRUE,309,3114,0.000466866,0.000258267,0.00136818,7.55729e-05,TRUE,0.314231,0.314231,FALSE,-0.20536,0.87393,0.198896,2,NA
85,1,97721187,99425000,TRUE,400,3602,0.000882289,0.000189364,8.91732e-07,0.00565133,TRUE,0.0545127,0.0545127,FALSE,-0.50881,0.5819,0.817367,2,NA
86,1,99425001,100269207,TRUE,248,2022,NA,0.000213013,NA,0.000255694,FALSE,NA,NA,NA,NA,NA,NA,1,"MDD"
87,1,100269208,101188315,TRUE,150,1705,3.01954e-05,0.000205019,0.370377,2.6425e-05,FALSE,NA,NA,NA,NA,NA,NA,2,NA
88,1,101188316,102424611,TRUE,331,3004,4.92756e-05,0.000148407,0.364197,0.0139248,FALSE,NA,NA,NA,NA,NA,NA,2,NA
89,1,102424612,103148412,TRUE,130,1801,NA,0.000135788,NA,0.00118005,FALSE,NA,NA,NA,NA,NA,NA,1,"MDD"
90,1,103148413,103784541,TRUE,78,1925,5.15235e-05,NA,0.232675,NA,FALSE,NA,NA,NA,NA,NA,NA,1,"BIP"
91,1,103784542,104984435,TRUE,165,1913,3.97089e-05,0.000165954,0.345405,0.000653983,FALSE,NA,NA,NA,NA,NA,NA,2,NA
92,1,104984436,106089656,TRUE,200,3280,NA,0.000202334,NA,0.000129273,FALSE,NA,NA,NA,NA,NA,NA,1,"MDD"
93,1,106089657,106864947,TRUE,206,1787,0.00027538,0.00010009,0.01494,0.0297173,TRUE,-0.591413,-0.591413,FALSE,-1,0.18908,0.137068,2,NA
94,1,106864948,107874653,TRUE,235,1877,0.000248296,0.000145241,0.0302688,0.00566408,TRUE,-0.395952,-0.395952,FALSE,-1,0.34938,0.283886,2,NA
95,1,107874654,109271449,TRUE,347,2750,0.000471015,0.000238804,0.00213858,0.000387586,TRUE,0.219695,0.219695,FALSE,-0.35562,0.81526,0.402694,2,NA
96,1,109271450,110224230,TRUE,283,1968,0.00028751,0.00018362,0.0237176,0.0019705,TRUE,0.591561,0.591561,FALSE,-0.09188,1,0.0785978,2,NA
97,1,110224231,111134062,TRUE,350,1733,0.000538901,0.000270897,0.000653265,9.97345e-05,TRUE,-0.00068373,-0.00068373,FALSE,-0.592,0.48177,0.997696,2,NA
98,1,111134063,112489248,TRUE,455,3378,NA,0.000407174,NA,4.60734e-07,FALSE,NA,NA,NA,NA,NA,NA,1,"MDD"
99,1,112489249,113418037,TRUE,289,1764,0.000262701,0.000220754,0.0356394,0.000359992,TRUE,-0.208202,-0.208202,FALSE,-1,0.47552,0.524607,2,NA
100,1,113418038,114664387,TRUE,266,2032,0.000525047,0.000256616,0.000207864,4.92474e-05,TRUE,0.0447252,0.0447252,FALSE,-0.48621,0.5012,0.843534,2,NA
101,1,114664388,116207297,TRUE,395,3506,4.84877e-05,0.000237135,0.376521,0.000704278,FALSE,NA,NA,NA,NA,NA,NA,2,NA
102,1,116207298,117046311,TRUE,251,1762,7.49767e-05,9.51506e-05,0.281002,0.049201,FALSE,NA,NA,NA,NA,NA,NA,2,NA
103,1,117046312,118118667,TRUE,309,1893,5.43161e-05,0.00018271,0.348139,0.00294008,FALSE,NA,NA,NA,NA,NA,NA,2,NA
104,1,118118668,119408888,TRUE,260,2528,0.000144018,0.000199746,0.14169,0.000659153,FALSE,NA,NA,NA,NA,NA,NA,2,NA
105,1,119408889,120345066,TRUE,245,1869,0.000338368,0.00013305,0.00722455,0.0114243,TRUE,0.336707,0.336707,FALSE,-0.46278,1,0.324903,2,NA
106,1,120345067,145803848,TRUE,63,262,9.4571e-05,0.000137237,0.0888862,0.000146299,FALSE,NA,NA,NA,NA,NA,NA,2,NA
107,1,145803849,147083835,TRUE,130,1584,0.00010498,7.35851e-05,0.137599,0.0410053,FALSE,NA,NA,NA,NA,NA,NA,2,NA
108,1,147083836,149716037,TRUE,129,907,3.64514e-05,5.43774e-05,0.337153,0.0993969,FALSE,NA,NA,NA,NA,NA,NA,2,NA
109,1,149716038,151146407,TRUE,173,2045,NA,0.000118072,NA,0.0100781,FALSE,NA,NA,NA,NA,NA,NA,1,"MDD"
110,1,151146408,152535630,TRUE,268,2022,0.000220048,0.000148808,0.0607595,0.00727497,FALSE,NA,NA,NA,NA,NA,NA,2,NA
111,1,152535631,153410809,TRUE,179,1698,9.96721e-05,0.000152317,0.184066,0.00151121,FALSE,NA,NA,NA,NA,NA,NA,2,NA
112,1,153410810,154685545,TRUE,282,1939,0.000291504,0.000307041,0.0235138,2.53141e-06,TRUE,0.223485,0.223485,FALSE,-0.38889,0.93813,0.417538,2,NA
113,1,154685546,156813845,TRUE,519,2822,0.0017026,0.0002496,8.85463e-15,0.00178242,TRUE,-0.0155543,-0.0155543,FALSE,-0.44446,0.35494,0.930681,2,NA
114,1,156813846,158081627,TRUE,404,2989,7.21787e-05,0.000148528,0.325483,0.0215116,FALSE,NA,NA,NA,NA,NA,NA,2,NA
115,1,158081628,158900369,TRUE,197,2302,0.000194741,1.73699e-06,0.0553769,0.472679,FALSE,NA,NA,NA,NA,NA,NA,2,NA
116,1,158900370,159882515,TRUE,260,2091,NA,0.00012449,NA,0.0191019,FALSE,NA,NA,NA,NA,NA,NA,1,"MDD"
117,1,159882516,161054076,TRUE,390,2425,NA,0.000170534,NA,0.0105687,FALSE,NA,NA,NA,NA,NA,NA,1,"MDD"
118,1,161054077,161945442,TRUE,218,1784,5.92949e-05,6.30622e-05,0.306632,0.116651,FALSE,NA,NA,NA,NA,NA,NA,2,NA
119,1,161945443,163141862,TRUE,429,2986,0.000337733,0.00023364,0.0291003,0.00138531,TRUE,-0.769196,-0.769196,FALSE,-1,-0.10988,0.0207212,2,NA
120,1,163141863,163854567,TRUE,176,1868,NA,0.000119372,NA,0.008534,FALSE,NA,NA,NA,NA,NA,NA,1,"MDD"
121,1,163854568,164726579,TRUE,254,1787,NA,0.000144869,NA,0.00773361,FALSE,NA,NA,NA,NA,NA,NA,1,"MDD"
122,1,164726580,165553812,TRUE,327,2118,0.000267415,0.000185466,0.0417358,0.00308258,TRUE,0.517073,0.517073,FALSE,-0.25095,1,0.155436,2,NA
123,1,165553813,166458031,TRUE,285,1831,0.0002601,7.86878e-05,0.0379344,0.101653,FALSE,NA,NA,NA,NA,NA,NA,2,NA
124,1,166458032,167163954,TRUE,192,1970,NA,0.000140215,NA,0.00393913,FALSE,NA,NA,NA,NA,NA,NA,1,"MDD"
125,1,167163955,168179086,TRUE,333,2016,0.00014647,0.000151292,0.167508,0.0130327,FALSE,NA,NA,NA,NA,NA,NA,2,NA
126,1,168179087,169521551,TRUE,409,3398,0.000474744,0.000246464,0.0038212,0.000604209,TRUE,0.00764505,0.00764505,FALSE,-0.71371,0.58766,0.977637,2,NA
127,1,169521552,170193207,FALSE,NA,NA,NA,NA,NA,NA,FALSE,NA,NA,NA,NA,NA,NA,NA,NA
128,1,170193208,171044255,TRUE,180,1791,0.000289806,3.76196e-05,0.00741023,0.208373,FALSE,NA,NA,NA,NA,NA,NA,2,NA
129,1,171044256,172465153,TRUE,292,3231,0.0001084,0.00038009,0.218348,1.7169e-08,FALSE,NA,NA,NA,NA,NA,NA,2,NA
130,1,172465154,173582511,TRUE,270,1775,5.40022e-05,0.000180445,0.337171,0.00179527,FALSE,NA,NA,NA,NA,NA,NA,2,NA
131,1,173582512,175385220,TRUE,179,2986,8.28798e-05,0.000190314,0.222996,0.00014568,FALSE,NA,NA,NA,NA,NA,NA,2,NA
132,1,175385221,176449096,TRUE,239,2003,0.000221312,0.000157004,0.0487204,0.00389977,TRUE,0.575159,0.575159,FALSE,-0.2174,1,0.13359,2,NA
133,1,176449097,177746472,TRUE,266,2302,0.000358465,7.71594e-05,0.00626738,0.0936112,FALSE,NA,NA,NA,NA,NA,NA,2,NA
134,1,177746473,178915113,TRUE,221,2213,0.000282864,0.000181244,0.0146479,0.000784655,TRUE,0.555652,0.555652,FALSE,-0.07652,1,0.0772353,2,NA
135,1,178915114,180221608,TRUE,233,3393,0.00016808,0.000230857,0.094987,5.3938e-05,FALSE,NA,NA,NA,NA,NA,NA,2,NA
136,1,180221609,181324205,TRUE,266,2303,0.000137024,0.000170258,0.155074,0.00287608,FALSE,NA,NA,NA,NA,NA,NA,2,NA
137,1,181324206,182420540,TRUE,315,2430,NA,0.0001325,NA,0.0213963,FALSE,NA,NA,NA,NA,NA,NA,1,"MDD"
138,1,182420541,183920616,TRUE,328,3125,0.00049067,0.000543697,0.00129648,5.85698e-13,TRUE,-0.403546,-0.403546,FALSE,-0.98161,-0.03684,0.032174,2,NA
139,1,183920617,184953089,TRUE,239,1958,0.000106323,0.000165389,0.202368,0.00261251,FALSE,NA,NA,NA,NA,NA,NA,2,NA
140,1,184953090,186179447,TRUE,234,1570,0.000256948,0.000183051,0.0275874,0.0010835,TRUE,0.286893,0.286893,FALSE,-0.48748,1,0.393275,2,NA
141,1,186179448,187072605,TRUE,165,1837,7.66459e-05,6.19434e-05,0.229933,0.087865,FALSE,NA,NA,NA,NA,NA,NA,2,NA
142,1,187072606,187757076,TRUE,159,1748,NA,0.000108073,NA,0.0116618,FALSE,NA,NA,NA,NA,NA,NA,1,"MDD"
143,1,187757077,188625772,TRUE,144,2636,0.00013347,6.9203e-05,0.0982851,0.0577347,FALSE,NA,NA,NA,NA,NA,NA,2,NA
144,1,188625773,189904637,TRUE,163,3054,0.000279057,0.000130037,0.00922574,0.0075422,TRUE,-0.637319,-0.637319,FALSE,-1,0.04517,0.0662191,2,NA
145,1,189904638,191419275,TRUE,212,3300,9.52907e-05,0.000121908,0.211533,0.0127008,FALSE,NA,NA,NA,NA,NA,NA,2,NA
146,1,191419276,192468373,TRUE,194,2144,9.24483e-05,0.000102406,0.209899,0.0232406,FALSE,NA,NA,NA,NA,NA,NA,2,NA
147,1,192468374,193575516,TRUE,224,1865,0.000132021,4.04559e-05,0.148757,0.221718,FALSE,NA,NA,NA,NA,NA,NA,2,NA
148,1,193575517,194365688,TRUE,158,2192,0.000138069,7.04982e-05,0.0990095,0.0642782,FALSE,NA,NA,NA,NA,NA,NA,2,NA
149,1,194365689,195161235,TRUE,118,2366,0.000207071,3.30621e-05,0.0157255,0.18827,FALSE,NA,NA,NA,NA,NA,NA,2,NA
150,1,195161236,196179110,TRUE,211,2212,NA,8.54223e-05,NA,0.0527184,FALSE,NA,NA,NA,NA,NA,NA,1,"MDD"
151,1,196179111,197935821,TRUE,241,2283,0.000214966,0.000136725,0.0552671,0.00903715,FALSE,NA,NA,NA,NA,NA,NA,2,NA
152,1,197935822,199263389,TRUE,288,2824,0.000291884,0.000306641,0.0242736,3.44939e-06,TRUE,0.190466,0.190466,FALSE,-0.4646,0.90367,0.492701,2,NA
153,1,199263390,200134005,TRUE,199,2406,0.000233198,0.000137335,0.0279916,0.00497069,TRUE,-0.0247729,-0.0247729,FALSE,-1,0.8099,0.946071,2,NA
154,1,200134006,201067952,TRUE,248,2031,0.000201129,0.00017296,0.067004,0.00191184,FALSE,NA,NA,NA,NA,NA,NA,2,NA
155,1,201067953,202583884,TRUE,578,3251,0.000281918,0.000199705,0.0827738,0.0117989,FALSE,NA,NA,NA,NA,NA,NA,2,NA
156,1,202583885,204092537,TRUE,523,3143,0.0002388,0.000354625,0.107767,2.61282e-05,FALSE,NA,NA,NA,NA,NA,NA,2,NA
157,1,204092538,205009623,TRUE,321,1990,0.000257927,0.000255941,0.0496654,0.000120228,TRUE,-0.285073,-0.285073,FALSE,-1,0.40642,0.384799,2,NA
158,1,205009624,205917548,TRUE,307,2180,0.000326786,0.000163478,0.0176143,0.00641425,TRUE,0.242366,0.242366,FALSE,-0.62398,1,0.485665,2,NA
159,1,205917549,208162951,TRUE,408,3028,0.000504235,0.000380735,0.00279531,1.05639e-06,TRUE,-0.00452907,-0.00452907,FALSE,-0.57033,0.46443,0.984008,2,NA
160,1,208162952,209711169,TRUE,594,3287,0.000317325,NA,0.0634732,NA,FALSE,NA,NA,NA,NA,NA,NA,1,"BIP"
161,1,209711170,211082892,TRUE,403,3064,0.000377537,0.000428398,0.0150202,4.01599e-08,TRUE,0.0968265,0.0968265,FALSE,-0.50804,0.64258,0.688844,2,NA
162,1,211082893,212347582,TRUE,320,3409,7.75603e-05,0.000380534,0.294341,1.08429e-07,FALSE,NA,NA,NA,NA,NA,NA,2,NA
163,1,212347583,213958292,TRUE,465,3575,0.000211679,0.000162311,0.120778,0.0204971,FALSE,NA,NA,NA,NA,NA,NA,2,NA
164,1,213958293,214783872,TRUE,287,1905,0.000132881,0.000186243,0.174273,0.00192063,FALSE,NA,NA,NA,NA,NA,NA,2,NA
165,1,214783873,215825791,TRUE,193,1807,0.000304823,0.000165327,0.00711056,0.00126492,TRUE,0.161748,0.161748,FALSE,-0.6059,0.89597,0.59553,2,NA
166,1,215825792,216658126,TRUE,267,1859,0.000140169,0.000158893,0.152387,0.00505981,FALSE,NA,NA,NA,NA,NA,NA,2,NA
167,1,216658127,217352165,TRUE,270,1790,0.000148534,0.000153565,0.138945,0.00660644,FALSE,NA,NA,NA,NA,NA,NA,2,NA
168,1,217352166,218563960,TRUE,342,3223,9.67501e-05,0.000266032,0.259464,9.41482e-05,FALSE,NA,NA,NA,NA,NA,NA,2,NA
169,1,218563961,220073132,TRUE,321,3632,NA,NA,NA,NA,FALSE,NA,NA,NA,NA,NA,NA,0,"MDD,BIP"
170,1,220073133,220978151,TRUE,212,1969,0.000132593,0.00015676,0.138454,0.00248458,FALSE,NA,NA,NA,NA,NA,NA,2,NA
171,1,220978152,221856864,TRUE,190,2050,NA,0.00025292,NA,3.70876e-06,FALSE,NA,NA,NA,NA,NA,NA,1,"MDD"
172,1,221856865,222763597,TRUE,259,1717,0.000233706,0.000288917,0.045492,3.23746e-06,TRUE,0.163811,0.163811,FALSE,-0.57857,1,0.586121,2,NA
173,1,222763598,223654902,TRUE,226,1782,0.000235155,0.000248155,0.034393,1.75865e-05,TRUE,0.38046,0.38046,FALSE,-0.27922,1,0.210965,2,NA
174,1,223654903,224943337,TRUE,280,2307,0.000454367,2.86567e-05,0.00122897,0.306948,FALSE,NA,NA,NA,NA,NA,NA,2,NA
175,1,224943338,226534711,TRUE,327,3297,7.08012e-07,0.000194439,0.487732,0.002135,FALSE,NA,NA,NA,NA,NA,NA,2,NA
176,1,226534712,228045554,TRUE,309,3720,NA,0.000163584,NA,0.00594561,FALSE,NA,NA,NA,NA,NA,NA,1,"MDD"
177,1,228045555,229075156,TRUE,226,1791,NA,0.000136497,NA,0.00858992,FALSE,NA,NA,NA,NA,NA,NA,1,"MDD"
178,1,229075157,230227247,TRUE,394,1981,0.000467259,0.000260665,0.00392482,0.000290142,TRUE,0.521925,0.521925,FALSE,0.01193,1,0.0501026,2,NA
179,1,230227248,231287764,TRUE,461,3196,0.000403653,0.000116966,0.0146641,0.065094,FALSE,NA,NA,NA,NA,NA,NA,2,NA
180,1,231287765,232177704,TRUE,289,1791,0.000359307,0.000222643,0.00819575,0.000438607,TRUE,0.0745712,0.0745712,FALSE,-0.67045,0.73901,0.795586,2,NA
181,1,232177705,232954942,TRUE,337,2002,0.000261896,0.000193858,0.0481623,0.00246112,TRUE,0.00100204,0.00100204,FALSE,-1,0.85858,0.997816,2,NA
182,1,232954943,233639473,TRUE,224,1888,0.000123178,0.000154943,0.162641,0.00341301,FALSE,NA,NA,NA,NA,NA,NA,2,NA
183,1,233639474,234365796,TRUE,289,2033,9.20346e-05,6.00522e-05,0.254591,0.15879,FALSE,NA,NA,NA,NA,NA,NA,2,NA
184,1,234365797,235097113,TRUE,360,1910,0.000282817,8.802e-05,0.0402911,0.099563,FALSE,NA,NA,NA,NA,NA,NA,2,NA
185,1,235097114,236199671,TRUE,244,1890,0.000217163,8.29256e-05,0.0522255,0.0714941,FALSE,NA,NA,NA,NA,NA,NA,2,NA
186,1,236199672,237409458,TRUE,452,3356,1.2101e-07,0.000210079,0.490883,0.00388862,FALSE,NA,NA,NA,NA,NA,NA,2,NA
187,1,237409459,238094455,TRUE,301,1904,0.000477499,0.000120394,0.00110337,0.0305689,TRUE,-0.435551,-0.435551,FALSE,-1,0.23468,0.194222,2,NA
188,1,238094456,238704857,TRUE,165,1873,4.25665e-05,0.000531952,0.335176,5.04294e-18,FALSE,NA,NA,NA,NA,NA,NA,2,NA
189,1,238704858,239332148,TRUE,194,1890,NA,0.000121315,NA,0.00963298,FALSE,NA,NA,NA,NA,NA,NA,1,"MDD"
190,1,239332149,240248508,TRUE,337,2228,0.000200585,0.000186863,0.096756,0.00317352,FALSE,NA,NA,NA,NA,NA,NA,2,NA
191,1,240248509,241033584,TRUE,331,1777,3.95895e-05,0.000171039,0.387295,0.00554193,FALSE,NA,NA,NA,NA,NA,NA,2,NA
192,1,241033585,241813534,TRUE,340,1902,0.000446247,0.000398657,0.003096,3.38487e-08,TRUE,0.14995,0.14995,FALSE,-0.35273,0.6112,0.492404,2,NA
193,1,241813535,242417923,TRUE,275,1770,5.45502e-05,7.76738e-05,0.336473,0.0942853,FALSE,NA,NA,NA,NA,NA,NA,2,NA
194,1,242417924,243048003,TRUE,225,1712,0.000103886,8.60474e-05,0.199116,0.0564943,FALSE,NA,NA,NA,NA,NA,NA,2,NA
195,1,243048004,244723196,TRUE,438,2649,0.000427204,0.00015749,0.00984336,0.0203593,TRUE,0.152859,0.152859,FALSE,-0.8589,1,0.668514,2,NA
196,1,244723197,245970505,TRUE,597,2942,0.000350106,0.000115696,0.0463393,0.0926474,FALSE,NA,NA,NA,NA,NA,NA,2,NA
197,1,245970506,246610290,TRUE,165,2029,0.000186284,0.000143854,0.0512169,0.00179946,FALSE,NA,NA,NA,NA,NA,NA,2,NA
198,1,246610291,247531112,TRUE,332,2536,0.000457087,0.00011351,0.00235249,0.0438226,TRUE,-0.00780966,-0.00780966,FALSE,-1,0.86055,0.982736,2,NA
199,1,247531113,248341594,TRUE,287,2382,9.75403e-05,2.19727e-05,0.242432,0.347099,FALSE,NA,NA,NA,NA,NA,NA,2,NA
200,1,248341595,249240538,TRUE,96,1160,4.84545e-05,9.55394e-05,0.269279,0.00655585,FALSE,NA,NA,NA,NA,NA,NA,2,NA
201,2,10181,789195,TRUE,228,1813,0.000464815,0.000123174,0.000374075,0.0138789,TRUE,-0.0226715,-0.0226715,FALSE,-0.86951,0.65221,0.940298,2,NA
202,2,789196,1376545,TRUE,149,2099,NA,4.07745e-05,NA,0.169418,FALSE,NA,NA,NA,NA,NA,NA,1,"MDD"
203,2,1376546,1875060,TRUE,233,1662,0.000206936,9.57129e-05,0.0564179,0.0449927,FALSE,NA,NA,NA,NA,NA,NA,2,NA
204,2,1875061,2680063,TRUE,322,1983,0.000357163,0.000141712,0.0112055,0.0165348,TRUE,0.19598,0.19598,FALSE,-0.75803,1,0.5848,2,NA
205,2,2680064,3314202,TRUE,325,1819,0.000559059,0.00010923,0.000288014,0.047691,TRUE,-0.238559,-0.238559,FALSE,-1,0.45451,0.47691,2,NA
206,2,3314203,4016104,TRUE,312,1861,0.000222183,9.03073e-05,0.0690389,0.0773032,FALSE,NA,NA,NA,NA,NA,NA,2,NA
207,2,4016105,4766969,TRUE,238,1877,0.000306981,NA,0.0116504,NA,FALSE,NA,NA,NA,NA,NA,NA,1,"BIP"
208,2,4766970,5568653,TRUE,215,1710,0.000226756,8.99729e-05,0.037085,0.0458967,TRUE,-0.0452678,-0.0452678,FALSE,-1,1,0.921028,2,NA
209,2,5568654,6306606,TRUE,311,2190,0.00018802,0.000191027,0.109385,0.00195324,FALSE,NA,NA,NA,NA,NA,NA,2,NA
210,2,6306607,7108208,TRUE,291,1878,0.000205218,0.000105826,0.0781527,0.044404,FALSE,NA,NA,NA,NA,NA,NA,2,NA
211,2,7108209,7966709,TRUE,253,2012,6.24355e-05,8.51581e-05,0.310808,0.0678072,FALSE,NA,NA,NA,NA,NA,NA,2,NA
212,2,7966710,8978798,TRUE,376,1991,NA,0.000141866,NA,0.0237314,FALSE,NA,NA,NA,NA,NA,NA,1,"MDD"
213,2,8978799,9960670,TRUE,271,1809,NA,0.000127589,NA,0.0182265,FALSE,NA,NA,NA,NA,NA,NA,1,"MDD"
214,2,9960671,10611654,TRUE,332,2084,NA,9.10777e-05,NA,0.0818526,FALSE,NA,NA,NA,NA,NA,NA,1,"MDD"
215,2,10611655,11230349,TRUE,299,1935,0.000275705,9.96102e-05,0.0318323,0.0558878,FALSE,NA,NA,NA,NA,NA,NA,2,NA
216,2,11230350,11995765,TRUE,305,1832,0.000422601,3.87942e-06,0.00325329,0.464387,FALSE,NA,NA,NA,NA,NA,NA,2,NA
217,2,11995766,12732506,TRUE,351,1934,0.000425898,7.69447e-05,0.00496381,0.126036,FALSE,NA,NA,NA,NA,NA,NA,2,NA
218,2,12732507,13625450,TRUE,199,2231,0.000167266,2.26454e-05,0.0811116,0.313702,FALSE,NA,NA,NA,NA,NA,NA,2,NA
219,2,13625451,14692120,TRUE,269,2703,NA,0.000157779,NA,0.00492133,FALSE,NA,NA,NA,NA,NA,NA,1,"MDD"
220,2,14692121,15721703,TRUE,236,2104,0.000122803,0.000144018,0.167415,0.0059619,FALSE,NA,NA,NA,NA,NA,NA,2,NA
221,2,15721704,17241115,TRUE,543,3434,0.000161446,0.00059786,0.203857,1.04654e-10,FALSE,NA,NA,NA,NA,NA,NA,2,NA
222,2,17241116,18656325,TRUE,391,3690,0.00026011,0.000152382,0.0613739,0.0175872,FALSE,NA,NA,NA,NA,NA,NA,2,NA
223,2,18656326,20064517,TRUE,438,3601,0.000451459,0.000138877,0.00683389,0.0346067,TRUE,-0.167757,-0.167757,FALSE,-1,0.65114,0.648694,2,NA
224,2,20064518,21084898,TRUE,387,2372,0.000469112,4.52047e-05,0.00324434,0.253857,FALSE,NA,NA,NA,NA,NA,NA,2,NA
225,2,21084899,22429640,TRUE,279,2168,0.000204111,0.000156672,0.0768605,0.00674395,FALSE,NA,NA,NA,NA,NA,NA,2,NA
226,2,22429641,23538527,TRUE,360,2329,0.000259991,0.000329165,0.0538125,5.0456e-06,FALSE,NA,NA,NA,NA,NA,NA,2,NA
227,2,23538528,24669224,TRUE,283,2760,0.000238958,0.000320532,0.0487021,1.09242e-06,TRUE,0.333413,0.333413,FALSE,-0.31034,1,0.259664,2,NA
228,2,24669225,25895394,TRUE,277,2093,0.00010647,6.74146e-05,0.216852,0.126328,FALSE,NA,NA,NA,NA,NA,NA,2,NA
229,2,25895395,26894102,TRUE,271,1822,0.000182037,0.000146418,0.0976221,0.00894236,FALSE,NA,NA,NA,NA,NA,NA,2,NA
230,2,26894103,28819510,TRUE,376,2977,0.000614072,0.00041942,0.000226797,4.6656e-08,TRUE,-0.11275,-0.11275,FALSE,-0.5911,0.2706,0.56281,2,NA
231,2,28819511,29627932,TRUE,278,1906,0.000428249,0.000181197,0.00193756,0.00208603,TRUE,0.655066,0.655066,FALSE,0.11457,1,0.0215732,2,NA
232,2,29627933,30575619,TRUE,349,2178,NA,0.000275219,NA,7.61998e-05,FALSE,NA,NA,NA,NA,NA,NA,1,"MDD"
233,2,30575620,31457418,TRUE,312,2529,0.000385165,0.000128182,0.00657472,0.0271674,TRUE,0.880649,0.880649,FALSE,0.23073,1,0.0156939,2,NA
234,2,31457419,33123604,TRUE,353,3140,0.0012438,0.000201511,1.43226e-10,0.00305892,TRUE,-0.237397,-0.237397,FALSE,-0.82554,0.16812,0.244757,2,NA
235,2,33123605,33735318,TRUE,299,1904,0.000106013,0.000128123,0.226788,0.0225823,FALSE,NA,NA,NA,NA,NA,NA,2,NA
236,2,33735319,34239776,TRUE,184,1790,NA,6.39713e-05,NA,0.099889,FALSE,NA,NA,NA,NA,NA,NA,1,"MDD"
237,2,34239777,34890558,TRUE,206,1685,0.000174567,0.000215847,0.0766646,7.65152e-05,FALSE,NA,NA,NA,NA,NA,NA,2,NA
238,2,34890559,35609257,TRUE,195,1972,8.51833e-05,0.000188737,0.230933,0.000260747,FALSE,NA,NA,NA,NA,NA,NA,2,NA
239,2,35609258,36120743,TRUE,131,1844,8.4263e-05,5.99255e-05,0.183537,0.0727364,FALSE,NA,NA,NA,NA,NA,NA,2,NA
240,2,36120744,36867389,TRUE,273,1991,0.000314403,0.000243651,0.0159979,8.41817e-05,TRUE,0.191563,0.191563,FALSE,-0.50986,0.9101,0.507259,2,NA
241,2,36867390,37603360,TRUE,257,1922,6.01727e-05,0.000152927,0.318068,0.00542934,FALSE,NA,NA,NA,NA,NA,NA,2,NA
242,2,37603361,38887393,TRUE,441,3289,0.000363665,0.000355064,0.0228858,1.07035e-05,TRUE,-0.336859,-0.336859,FALSE,-1,0.22254,0.22289,2,NA
243,2,38887394,40087418,TRUE,279,1895,0.000313057,0.000135736,0.0173421,0.014709,TRUE,-0.438764,-0.438764,FALSE,-1,0.32016,0.237122,2,NA
244,2,40087419,40786176,TRUE,304,1893,0.00053195,0.000265082,0.000424645,7.17009e-05,TRUE,0.000514263,0.000514263,FALSE,-0.54488,0.47054,0.99824,2,NA
245,2,40786177,41540439,TRUE,217,1868,0.000244463,0.000260443,0.0295829,5.81016e-06,TRUE,-0.0576948,-0.0576948,FALSE,-0.94703,0.58531,0.843317,2,NA
246,2,41540440,42307418,TRUE,250,2365,0.000140517,0.000152013,0.141838,0.00501798,FALSE,NA,NA,NA,NA,NA,NA,2,NA
247,2,42307419,43295776,TRUE,326,2233,0.000360047,NA,0.0107085,NA,FALSE,NA,NA,NA,NA,NA,NA,1,"BIP"
248,2,43295777,44104110,TRUE,275,1973,0.000269216,0.000179049,0.0294709,0.00235607,TRUE,0.920933,0.920933,FALSE,0.29549,1,0.00835174,2,NA
249,2,44104111,45189468,TRUE,339,2340,0.000195277,0.000314194,0.103159,6.5881e-06,FALSE,NA,NA,NA,NA,NA,NA,2,NA
250,2,45189469,45850047,TRUE,341,1812,1.56421e-05,0.000155047,0.449412,0.0112184,FALSE,NA,NA,NA,NA,NA,NA,2,NA
251,2,45850048,46499326,TRUE,439,1866,0.000161627,0.000299011,0.175505,9.58448e-05,FALSE,NA,NA,NA,NA,NA,NA,2,NA
252,2,46499327,47320114,TRUE,375,2259,NA,0.000152594,NA,0.017161,FALSE,NA,NA,NA,NA,NA,NA,1,"MDD"
253,2,47320115,48171058,TRUE,412,1976,0.000265803,0.000280037,0.0608491,0.000155636,FALSE,NA,NA,NA,NA,NA,NA,2,NA
254,2,48171059,49114132,TRUE,279,2202,0.000522504,0.000336012,0.000267378,3.39095e-07,TRUE,0.316589,0.316589,FALSE,-0.10267,0.75809,0.124812,2,NA
255,2,49114133,49849185,TRUE,261,2057,9.28015e-05,0.000201439,0.238442,0.000575494,FALSE,NA,NA,NA,NA,NA,NA,2,NA
256,2,49849186,50756240,TRUE,246,2189,0.000403638,0.000298925,0.00194407,1.03738e-06,TRUE,0.577517,0.577517,FALSE,0.16187,1,0.0124738,2,NA
257,2,50756241,51669493,TRUE,268,2164,0.000122066,0.000238747,0.182214,0.000102255,FALSE,NA,NA,NA,NA,NA,NA,2,NA
258,2,51669494,52494111,TRUE,265,1943,0.000209805,0.00045912,0.0658931,1.15336e-11,FALSE,NA,NA,NA,NA,NA,NA,2,NA
259,2,52494112,53032976,TRUE,149,1847,0.000418149,NA,0.000133708,NA,FALSE,NA,NA,NA,NA,NA,NA,1,"BIP"
260,2,53032977,53852120,TRUE,308,2411,0.000452195,8.68036e-05,0.00186734,0.0843945,FALSE,NA,NA,NA,NA,NA,NA,2,NA
261,2,53852121,54688234,TRUE,215,1888,6.8261e-05,0.000116625,0.279331,0.0169939,FALSE,NA,NA,NA,NA,NA,NA,2,NA
262,2,54688235,55663336,TRUE,285,2393,0.000156274,0.00030419,0.134549,3.83718e-06,FALSE,NA,NA,NA,NA,NA,NA,2,NA
263,2,55663337,56394698,TRUE,205,1914,0.000159051,7.51531e-05,0.0959489,0.0802784,FALSE,NA,NA,NA,NA,NA,NA,2,NA
264,2,56394699,57433653,TRUE,275,2312,NA,0.000233303,NA,0.000129454,FALSE,NA,NA,NA,NA,NA,NA,1,"MDD"
265,2,57433654,57952945,TRUE,125,1604,6.57142e-05,2.26589e-05,0.23746,0.273632,FALSE,NA,NA,NA,NA,NA,NA,2,NA
266,2,57952946,59251996,TRUE,309,2128,0.00014409,0.000313773,0.161394,4.05425e-06,FALSE,NA,NA,NA,NA,NA,NA,2,NA
267,2,59251997,60775066,TRUE,522,3211,0.000424455,0.000628837,0.0154267,4.81564e-12,TRUE,-0.272905,-0.272905,FALSE,-1,0.16331,0.207918,2,NA
268,2,60775067,62429910,TRUE,366,2720,0.000482425,0.000266851,0.0022052,0.000168304,TRUE,0.0747854,0.0747854,FALSE,-0.5548,0.62907,0.768958,2,NA
269,2,62429911,63672118,TRUE,286,1955,0.000200968,0.000613522,0.0804005,5.91761e-17,FALSE,NA,NA,NA,NA,NA,NA,2,NA
270,2,63672119,64696089,TRUE,218,1908,0.000208196,0.000307579,0.0495573,2.13053e-07,TRUE,-0.465869,-0.465869,FALSE,-1,0.1156,0.113711,2,NA
271,2,64696090,65938002,TRUE,442,2712,0.000274331,0.000394673,0.0615459,8.68049e-07,FALSE,NA,NA,NA,NA,NA,NA,2,NA
272,2,65938003,67224027,TRUE,404,2798,NA,6.02493e-05,NA,0.198755,FALSE,NA,NA,NA,NA,NA,NA,1,"MDD"
273,2,67224028,67979828,TRUE,256,2111,5.85446e-05,0.000314708,0.320902,5.70878e-07,FALSE,NA,NA,NA,NA,NA,NA,2,NA
274,2,67979829,68877774,TRUE,248,2092,4.4221e-05,0.000173842,0.35881,0.00202351,FALSE,NA,NA,NA,NA,NA,NA,2,NA
275,2,68877775,70756283,TRUE,440,3512,0.000258622,0.00028342,0.0746507,0.000171285,FALSE,NA,NA,NA,NA,NA,NA,2,NA
276,2,70756284,71385813,TRUE,258,1787,NA,0.000204471,NA,0.000475174,FALSE,NA,NA,NA,NA,NA,NA,1,"MDD"
277,2,71385814,72160302,TRUE,283,1870,0.000188111,0.000195875,0.0941883,0.0013519,FALSE,NA,NA,NA,NA,NA,NA,2,NA
278,2,72160303,73544290,TRUE,264,1953,8.96074e-05,0.0001249,0.253006,0.0189514,FALSE,NA,NA,NA,NA,NA,NA,2,NA
279,2,73544291,75148103,TRUE,327,2273,0.000157426,0.000190465,0.15157,0.00262154,FALSE,NA,NA,NA,NA,NA,NA,2,NA
280,2,75148104,75942397,TRUE,291,1957,NA,6.00055e-05,NA,0.161888,FALSE,NA,NA,NA,NA,NA,NA,1,"MDD"
281,2,75942398,76649030,TRUE,154,1914,NA,8.94757e-05,NA,0.0250913,FALSE,NA,NA,NA,NA,NA,NA,1,"MDD"
282,2,76649031,77372830,TRUE,247,1964,NA,6.74954e-05,NA,0.113478,FALSE,NA,NA,NA,NA,NA,NA,1,"MDD"
283,2,77372831,78080057,TRUE,271,1805,8.27737e-05,0.00014617,0.267662,0.00882351,FALSE,NA,NA,NA,NA,NA,NA,2,NA
284,2,78080058,79019676,TRUE,191,2136,0.000225301,0.000274702,0.0312087,6.56856e-07,TRUE,0.491226,0.491226,FALSE,-0.07955,1,0.0850169,2,NA
285,2,79019677,79900055,TRUE,324,2341,0.000295794,0.000251884,0.0274755,0.000124243,TRUE,0.252774,0.252774,FALSE,-0.45934,1,0.407547,2,NA
286,2,79900056,80737811,TRUE,368,1876,0.000340297,0.000249334,0.0213993,0.000336066,TRUE,-0.658532,-0.658532,FALSE,-1,-0.06517,0.0312531,2,NA
287,2,80737812,81623357,TRUE,192,1800,0.000310118,0.000156217,0.00720961,0.00173018,TRUE,0.264606,0.264606,FALSE,-0.4371,1,0.392122,2,NA
288,2,81623358,82941455,TRUE,165,3419,NA,0.000136297,NA,0.0027016,FALSE,NA,NA,NA,NA,NA,NA,1,"MDD"
289,2,82941456,84395899,TRUE,187,3131,0.000456155,0.00012851,0.000190466,0.0068088,TRUE,0.16389,0.16389,FALSE,-0.53336,0.82402,0.563266,2,NA
290,2,84395900,85992794,TRUE,399,3289,0.000528563,0.000314251,0.00153204,3.26326e-05,TRUE,0.157666,0.157666,FALSE,-0.39079,0.66087,0.506215,2,NA
291,2,85992795,86867032,TRUE,145,2035,0.000183133,9.72407e-05,0.0410388,0.0157939,TRUE,0.528278,0.528278,FALSE,-0.40154,1,0.211254,2,NA
292,2,86867033,88547312,TRUE,149,853,0.000267618,0.000102298,0.00758923,0.0133043,TRUE,-0.257196,-0.257196,FALSE,-1,0.50957,0.472082,2,NA
293,2,88547313,91860961,TRUE,115,1190,4.89737e-05,2.07136e-06,0.283972,0.461097,FALSE,NA,NA,NA,NA,NA,NA,2,NA
294,2,91860962,97339301,TRUE,176,1327,0.000438358,0.000155977,0.000233119,0.00143183,TRUE,0.317349,0.317349,FALSE,-0.24346,0.93754,0.228071,2,NA
295,2,97339302,98989360,TRUE,172,1826,0.000121637,0.000271705,0.137731,2.73761e-07,FALSE,NA,NA,NA,NA,NA,NA,2,NA
296,2,98989361,100202436,TRUE,176,2056,0.000298072,0.000216061,0.00621144,5.3157e-05,TRUE,0.29254,0.29254,FALSE,-0.30911,0.96706,0.284169,2,NA
297,2,100202437,101556799,TRUE,270,3023,0.000283071,8.24947e-05,0.0245829,0.0829028,FALSE,NA,NA,NA,NA,NA,NA,2,NA
298,2,101556800,102494487,TRUE,253,1886,0.00027338,NA,0.0259748,NA,FALSE,NA,NA,NA,NA,NA,NA,1,"BIP"
299,2,102494488,103305257,TRUE,166,2003,2.58186e-05,NA,0.390767,NA,FALSE,NA,NA,NA,NA,NA,NA,1,"BIP"
300,2,103305258,105120578,TRUE,365,2814,0.000641856,0.000344483,0.000114292,2.77377e-06,TRUE,0.237768,0.237768,FALSE,-0.1646,0.65183,0.244511,2,NA
301,2,105120579,106546524,TRUE,464,3472,0.000237956,7.66907e-05,0.093808,0.156594,FALSE,NA,NA,NA,NA,NA,NA,2,NA
302,2,106546525,107412295,TRUE,266,2164,0.00024173,0.000134762,0.0414917,0.0138682,TRUE,0.198581,0.198581,FALSE,-0.95275,1,0.62543,2,NA
303,2,107412296,108417773,TRUE,233,2479,0.000326562,5.93038e-05,0.00843987,0.135525,FALSE,NA,NA,NA,NA,NA,NA,2,NA
304,2,108417774,110097868,TRUE,347,3264,3.2313e-05,0.000226841,0.408275,0.000783519,FALSE,NA,NA,NA,NA,NA,NA,2,NA
305,2,110097869,112644828,TRUE,377,2540,0.000777342,0.000138224,6.52916e-06,0.0268084,TRUE,-0.176654,-0.176654,FALSE,-1,0.41275,0.527397,2,NA
306,2,112644829,113930668,TRUE,249,2551,0.000150921,0.000156856,0.126115,0.00413964,FALSE,NA,NA,NA,NA,NA,NA,2,NA
307,2,113930669,115203835,TRUE,238,2205,0.000157891,6.44874e-05,0.112654,0.120955,FALSE,NA,NA,NA,NA,NA,NA,2,NA
308,2,115203836,116415816,TRUE,271,2324,0.000397864,4.16015e-05,0.00335735,0.233945,FALSE,NA,NA,NA,NA,NA,NA,2,NA
309,2,116415817,117822516,TRUE,211,2995,0.000224439,0.000112991,0.0387827,0.0194945,TRUE,-0.962195,-0.962195,FALSE,-1,-0.1468,0.0224618,2,NA
310,2,117822517,118663653,TRUE,161,1930,0.000289345,0.000129996,0.00615948,0.00397308,TRUE,0.277406,0.277406,FALSE,-0.47695,1,0.391453,2,NA
311,2,118663654,119635489,TRUE,278,2283,0.000127042,0.000146141,0.177923,0.00930805,FALSE,NA,NA,NA,NA,NA,NA,2,NA
312,2,119635490,121073752,TRUE,367,2986,1.93471e-05,0.000254126,0.442146,0.00029288,FALSE,NA,NA,NA,NA,NA,NA,2,NA
313,2,121073753,122026817,TRUE,380,2103,0.000416853,0.000430055,0.00795992,2.2886e-08,TRUE,-0.449175,-0.449175,FALSE,-1,0.00382,0.0505246,2,NA
314,2,122026818,123219243,TRUE,197,2225,NA,0.00010767,NA,0.0200245,FALSE,NA,NA,NA,NA,NA,NA,1,"MDD"
315,2,123219244,123929872,TRUE,129,1904,0.000241297,2.63136e-06,0.0095357,0.45736,FALSE,NA,NA,NA,NA,NA,NA,2,NA
316,2,123929873,124730991,TRUE,140,1921,0.000110916,0.000104103,0.130712,0.0107806,FALSE,NA,NA,NA,NA,NA,NA,2,NA
317,2,124730992,125741528,TRUE,266,2275,0.000129098,0.000221461,0.167944,0.00020678,FALSE,NA,NA,NA,NA,NA,NA,2,NA
318,2,125741529,126754027,TRUE,160,2470,0.000285669,7.2908e-05,0.00633776,0.0567064,FALSE,NA,NA,NA,NA,NA,NA,2,NA
319,2,126754028,127895644,TRUE,323,2986,0.000306628,8.58476e-05,0.0267182,0.0922532,FALSE,NA,NA,NA,NA,NA,NA,2,NA
320,2,127895645,129486897,TRUE,416,3747,0.000534381,0.000191919,0.00163777,0.00585198,TRUE,-0.0734344,-0.0734344,FALSE,-0.96646,0.55572,0.801277,2,NA
321,2,129486898,130485398,TRUE,252,2449,3.14656e-06,0.000156461,0.478681,0.00440103,FALSE,NA,NA,NA,NA,NA,NA,2,NA
322,2,130485399,131760638,TRUE,194,1304,0.000508772,0.00012473,6.32751e-05,0.0107411,TRUE,0.173654,0.173654,FALSE,-0.50174,0.84778,0.539528,2,NA
323,2,131760639,132598285,TRUE,115,1335,5.94017e-05,9.85289e-05,0.247029,0.00824922,FALSE,NA,NA,NA,NA,NA,NA,2,NA
324,2,132598286,133352950,TRUE,99,979,0.000128865,6.60327e-05,0.071932,0.0404256,FALSE,NA,NA,NA,NA,NA,NA,2,NA
325,2,133352951,134359059,TRUE,343,1959,NA,0.000206899,NA,0.00154879,FALSE,NA,NA,NA,NA,NA,NA,1,"MDD"
326,2,134359060,135160197,TRUE,269,1882,0.000181476,0.00013109,0.0962389,0.0155322,FALSE,NA,NA,NA,NA,NA,NA,2,NA
327,2,135160198,137061003,TRUE,182,2666,0.000140439,0.00012454,0.136797,0.0104534,FALSE,NA,NA,NA,NA,NA,NA,2,NA
328,2,137061004,138073791,TRUE,191,2718,NA,0.000219982,NA,3.34084e-05,FALSE,NA,NA,NA,NA,NA,NA,1,"MDD"
329,2,138073792,139505819,TRUE,271,2848,0.000142618,0.000189161,0.153776,0.00134777,FALSE,NA,NA,NA,NA,NA,NA,2,NA
330,2,139505820,140934531,TRUE,281,3748,NA,0.000182075,NA,0.0020708,FALSE,NA,NA,NA,NA,NA,NA,1,"MDD"
331,2,140934532,141802664,TRUE,210,2720,0.000272269,NA,0.0160972,NA,FALSE,NA,NA,NA,NA,NA,NA,1,"BIP"
332,2,141802665,142494980,TRUE,174,2366,0.000149544,5.93942e-05,0.089673,0.102906,FALSE,NA,NA,NA,NA,NA,NA,2,NA
333,2,142494981,143259780,TRUE,222,1952,0.000188279,7.00929e-05,0.0684849,0.0954195,FALSE,NA,NA,NA,NA,NA,NA,2,NA
334,2,143259781,144503688,TRUE,269,2218,NA,0.000181582,NA,0.00194273,FALSE,NA,NA,NA,NA,NA,NA,1,"MDD"
335,2,144503689,145977920,TRUE,331,1851,0.000143828,0.000122748,0.170171,0.0332389,FALSE,NA,NA,NA,NA,NA,NA,2,NA
336,2,145977921,147252196,TRUE,257,2094,0.000655756,0.000149311,6.80495e-06,0.00670322,TRUE,0.319911,0.319911,FALSE,-0.20717,0.96854,0.210389,2,NA
337,2,147252197,149568875,TRUE,355,3564,0.000174729,0.00027337,0.133556,8.10718e-05,FALSE,NA,NA,NA,NA,NA,NA,2,NA
338,2,149568876,151428988,TRUE,464,3317,0.000269413,0.000250358,0.0700512,0.00101542,FALSE,NA,NA,NA,NA,NA,NA,2,NA
339,2,151428989,152497375,TRUE,259,2477,0.000255594,0.000157356,0.0328687,0.0047476,TRUE,0.37233,0.37233,FALSE,-0.47248,1,0.310579,2,NA
340,2,152497376,153999309,TRUE,308,3167,0.000394917,0.000202642,0.00592504,0.00116942,TRUE,0.14317,0.14317,FALSE,-0.62323,0.85931,0.624053,2,NA
341,2,153999310,155207969,TRUE,249,2794,0.000127897,0.000162325,0.165234,0.00303621,FALSE,NA,NA,NA,NA,NA,NA,2,NA
342,2,155207970,156130947,TRUE,232,1975,NA,0.000127714,NA,0.012043,FALSE,NA,NA,NA,NA,NA,NA,1,"MDD"
343,2,156130948,157556096,TRUE,263,2555,0.000109142,0.000244004,0.208495,8.01307e-05,FALSE,NA,NA,NA,NA,NA,NA,2,NA
344,2,157556097,159040979,TRUE,332,2134,0.000460336,0.000112933,0.00260048,0.0440968,TRUE,0.750648,0.750648,FALSE,0.06922,1,0.0392536,2,NA
345,2,159040980,160200379,TRUE,296,3165,0.000447509,0.000394375,0.00190635,1.30507e-08,TRUE,-0.166082,-0.166082,FALSE,-0.73119,0.25144,0.436148,2,NA
346,2,160200380,161432089,TRUE,233,2882,0.000760577,0.000109693,1.67029e-07,0.0269248,TRUE,0.488812,0.488812,FALSE,-0.05003,1,0.0717158,2,NA
347,2,161432090,163607635,TRUE,359,3547,0.000343317,0.000282747,0.0192104,7.438e-05,TRUE,-0.105153,-0.105153,FALSE,-0.98886,0.52598,0.715029,2,NA
348,2,163607636,164702312,TRUE,229,1968,0.00036924,NA,0.00328066,NA,FALSE,NA,NA,NA,NA,NA,NA,1,"BIP"
349,2,164702313,165917788,TRUE,250,2022,0.000481455,0.000269986,0.000449886,9.12624e-06,TRUE,0.068766,0.068766,FALSE,-0.44449,0.52784,0.759067,2,NA
350,2,165917789,167488576,TRUE,304,3162,7.43827e-05,0.000430816,0.296142,1.0732e-09,FALSE,NA,NA,NA,NA,NA,NA,2,NA
351,2,167488577,168437445,TRUE,137,1971,4.61196e-05,4.78228e-05,0.310662,0.128333,FALSE,NA,NA,NA,NA,NA,NA,2,NA
352,2,168437446,169224445,TRUE,279,1848,0.000281359,0.00021483,0.0284356,0.000416441,TRUE,0.0674952,0.0674952,FALSE,-0.85445,0.84936,0.833808,2,NA
353,2,169224446,170155561,TRUE,333,1990,0.000115608,0.000337162,0.221011,1.98064e-06,FALSE,NA,NA,NA,NA,NA,NA,2,NA
354,2,170155562,170865765,TRUE,137,1904,6.67606e-05,0.000364783,0.238607,3.89045e-12,FALSE,NA,NA,NA,NA,NA,NA,2,NA
355,2,170865766,171566482,TRUE,321,1881,NA,0.000279829,NA,2.83399e-05,FALSE,NA,NA,NA,NA,NA,NA,1,"MDD"
356,2,171566483,172501315,TRUE,189,1934,0.00012581,4.98197e-05,0.13815,0.153116,FALSE,NA,NA,NA,NA,NA,NA,2,NA
357,2,172501316,173287857,TRUE,215,1759,0.000109883,4.71722e-05,0.18174,0.180817,FALSE,NA,NA,NA,NA,NA,NA,2,NA
358,2,173287858,174118389,TRUE,237,2155,0.000301329,0.000266116,0.0136769,1.09907e-05,TRUE,-0.274031,-0.274031,FALSE,-1,0.28056,0.317539,2,NA
359,2,174118390,174927563,TRUE,340,1816,3.5419e-05,0.000142635,0.39993,0.017807,FALSE,NA,NA,NA,NA,NA,NA,2,NA
360,2,174927564,176734750,TRUE,420,3488,NA,0.000226399,NA,0.0016356,FALSE,NA,NA,NA,NA,NA,NA,1,"MDD"
361,2,176734751,178149981,TRUE,449,2904,NA,5.83532e-05,NA,0.216045,FALSE,NA,NA,NA,NA,NA,NA,1,"MDD"
362,2,178149982,179224870,TRUE,178,2549,NA,0.000233418,NA,8.88224e-06,FALSE,NA,NA,NA,NA,NA,NA,1,"MDD"
363,2,179224871,180336045,TRUE,293,2116,NA,0.000176233,NA,0.00314633,FALSE,NA,NA,NA,NA,NA,NA,1,"MDD"
364,2,180336046,181309939,TRUE,285,2499,5.28018e-05,0.00015214,0.343443,0.00737576,FALSE,NA,NA,NA,NA,NA,NA,2,NA
365,2,181309940,182307877,TRUE,230,2302,NA,0.000312246,NA,2.5425e-07,FALSE,NA,NA,NA,NA,NA,NA,1,"MDD"
366,2,182307878,183352290,TRUE,241,2074,8.1137e-05,0.000200349,0.262792,0.000917867,FALSE,NA,NA,NA,NA,NA,NA,2,NA
367,2,183352291,184148655,TRUE,178,1985,0.00023229,0.000102088,0.0236674,0.0226558,TRUE,0.134942,0.134942,FALSE,-1,1,0.739037,2,NA
368,2,184148656,184866232,TRUE,167,1679,0.000168509,0.000183406,0.0659741,0.00018198,FALSE,NA,NA,NA,NA,NA,NA,2,NA
369,2,184866233,186244920,TRUE,204,2649,6.22945e-05,0.0002881,0.291653,4.12364e-07,FALSE,NA,NA,NA,NA,NA,NA,2,NA
370,2,186244921,187498047,TRUE,102,2228,NA,9.12325e-05,NA,0.00929898,FALSE,NA,NA,NA,NA,NA,NA,1,"MDD"
371,2,187498048,188895310,TRUE,197,2635,0.00014055,0.000105324,0.116447,0.0228144,FALSE,NA,NA,NA,NA,NA,NA,2,NA
372,2,188895311,189882702,TRUE,125,1963,0.000109052,3.47683e-05,0.123942,0.188482,FALSE,NA,NA,NA,NA,NA,NA,2,NA
373,2,189882703,191051954,TRUE,188,2208,3.33048e-05,0.000143242,0.376026,0.0034876,FALSE,NA,NA,NA,NA,NA,NA,2,NA
374,2,191051955,193033982,TRUE,440,3329,0.000573477,0.000228609,0.000991247,0.00172035,TRUE,0.274645,0.274645,FALSE,-0.30814,0.93974,0.302042,2,NA
375,2,193033983,195300250,TRUE,296,2527,0.000521414,0.000318282,0.000443876,1.72348e-06,TRUE,0.248721,0.248721,FALSE,-0.20975,0.69814,0.246433,2,NA
376,2,195300251,196446299,TRUE,205,2585,2.09195e-05,0.000150464,0.419895,0.00367604,FALSE,NA,NA,NA,NA,NA,NA,2,NA
377,2,196446300,198140350,TRUE,288,3175,0.0006748,0.00022837,9.44721e-06,0.000254739,TRUE,-0.0997174,-0.0997174,FALSE,-0.63285,0.32316,0.647522,2,NA
378,2,198140351,199654969,TRUE,206,1961,0.000305429,0.000289671,0.0083121,5.7119e-07,TRUE,0.177335,0.177335,FALSE,-0.39909,0.77689,0.480507,2,NA
379,2,199654970,201324132,TRUE,275,2451,0.000399081,0.000356664,0.00349395,5.88876e-08,TRUE,0.0114489,0.0114489,FALSE,-0.5573,0.48602,0.959244,2,NA
380,2,201324133,202504862,TRUE,217,2068,NA,0.000200082,NA,0.000279171,FALSE,NA,NA,NA,NA,NA,NA,1,"MDD"
381,2,202504863,203639686,TRUE,255,1820,0.000143926,0.000208107,0.140246,0.000391188,FALSE,NA,NA,NA,NA,NA,NA,2,NA
382,2,203639687,205038119,TRUE,229,2347,0.000232406,0.000341912,0.0414983,3.08021e-08,TRUE,0.044359,0.044359,FALSE,-0.7162,0.70889,0.87404,2,NA
383,2,205038120,206821199,TRUE,657,3238,0.000759933,0.000285932,0.000376836,0.00128993,TRUE,-0.180395,-0.180395,FALSE,-0.9092,0.31488,0.466441,2,NA
384,2,206821200,207726594,TRUE,244,1905,0.000290188,0.000160089,0.0164289,0.00332579,TRUE,0.240517,0.240517,FALSE,-0.59546,1,0.474935,2,NA
385,2,207726595,208674588,TRUE,301,1907,0.000491839,0.000312214,0.000866162,3.16615e-06,TRUE,0.0416745,0.0416745,FALSE,-0.481,0.49571,0.851563,2,NA
386,2,208674589,209940230,TRUE,323,2608,0.000476827,0.000247809,0.00167191,0.000169178,TRUE,-0.153526,-0.153526,FALSE,-0.8853,0.34985,0.543211,2,NA
387,2,209940231,210842457,TRUE,143,2106,4.88012e-05,0.000209352,0.304416,1.14035e-05,FALSE,NA,NA,NA,NA,NA,NA,2,NA
388,2,210842458,212520453,TRUE,374,3327,1.33671e-05,0.000195445,0.457261,0.00352333,FALSE,NA,NA,NA,NA,NA,NA,2,NA
389,2,212520454,213194362,TRUE,214,2020,0.000186708,0.000133575,0.0675845,0.00702065,FALSE,NA,NA,NA,NA,NA,NA,2,NA
390,2,213194363,214044566,TRUE,264,1971,0.000213081,0.000244049,0.0624794,7.88128e-05,FALSE,NA,NA,NA,NA,NA,NA,2,NA
391,2,214044567,215002484,TRUE,146,2197,0.000203182,2.96687e-05,0.0275519,0.2401,FALSE,NA,NA,NA,NA,NA,NA,2,NA
392,2,215002485,215899570,TRUE,238,1952,0.000323221,0.00032341,0.00911872,3.0038e-07,TRUE,0.15869,0.15869,FALSE,-0.41116,0.72884,0.521403,2,NA
393,2,215899571,217566011,TRUE,575,3499,0.000283522,0.000640925,0.0820884,2.1588e-11,FALSE,NA,NA,NA,NA,NA,NA,2,NA
394,2,217566012,218396258,TRUE,266,2112,0.000216138,0.000121602,0.0606143,0.0218607,FALSE,NA,NA,NA,NA,NA,NA,2,NA
395,2,218396259,219678783,TRUE,291,2189,0.000110806,6.12789e-05,0.2157,0.153454,FALSE,NA,NA,NA,NA,NA,NA,2,NA
396,2,219678784,220771552,TRUE,324,1855,0.000799056,0.000358319,2.02049e-06,5.00861e-07,TRUE,0.0831541,0.0831541,FALSE,-0.3053,0.43269,0.643891,2,NA
397,2,220771553,221445191,TRUE,202,1870,0.000170255,0.000125422,0.0778618,0.00922184,FALSE,NA,NA,NA,NA,NA,NA,2,NA
398,2,221445192,222327713,TRUE,283,1794,5.63546e-05,0.000205649,0.33461,0.000666752,FALSE,NA,NA,NA,NA,NA,NA,2,NA
399,2,222327714,223353965,TRUE,298,1840,NA,0.000159633,NA,0.00621338,FALSE,NA,NA,NA,NA,NA,NA,1,"MDD"
400,2,223353966,224123079,TRUE,190,2044,0.000119317,9.86e-05,0.149564,0.027253,FALSE,NA,NA,NA,NA,NA,NA,2,NA
401,2,224123080,224938731,TRUE,242,1765,NA,0.000283109,NA,3.31423e-06,FALSE,NA,NA,NA,NA,NA,NA,1,"MDD"
402,2,224938732,226242842,TRUE,294,3135,0.000478622,0.000361497,0.000878956,8.95853e-08,TRUE,0.262262,0.262262,FALSE,-0.16736,0.72217,0.213188,2,NA
403,2,226242843,227557841,TRUE,291,2428,0.000447453,8.1685e-05,0.00163859,0.0922567,FALSE,NA,NA,NA,NA,NA,NA,2,NA
404,2,227557842,228812485,TRUE,402,3606,0.000177946,1.21393e-05,0.144781,0.423039,FALSE,NA,NA,NA,NA,NA,NA,2,NA
405,2,228812486,229764918,TRUE,244,2116,0.000209625,0.000184653,0.0585703,0.00101345,FALSE,NA,NA,NA,NA,NA,NA,2,NA
406,2,229764919,230541092,TRUE,308,2048,9.50002e-05,3.38163e-05,0.251826,0.285832,FALSE,NA,NA,NA,NA,NA,NA,2,NA
407,2,230541093,231847386,TRUE,436,3133,0.000257805,0.00014248,0.0722215,0.0314363,FALSE,NA,NA,NA,NA,NA,NA,2,NA
408,2,231847387,233352722,TRUE,399,3155,0.000739994,0.000263014,2.36026e-05,0.000278994,TRUE,-0.405288,-0.405288,FALSE,-1,0.03276,0.0648185,2,NA
409,2,233352723,234115092,TRUE,266,1788,9.11331e-06,0.000198005,0.461723,0.00072961,FALSE,NA,NA,NA,NA,NA,NA,2,NA
410,2,234115093,234945577,TRUE,273,1918,0.000147067,0.000177674,0.142713,0.00222198,FALSE,NA,NA,NA,NA,NA,NA,2,NA
411,2,234945578,235625789,TRUE,344,2250,0.000219419,0.000170711,0.0809931,0.00693746,FALSE,NA,NA,NA,NA,NA,NA,2,NA
412,2,235625790,236276287,TRUE,329,1970,NA,NA,NA,NA,FALSE,NA,NA,NA,NA,NA,NA,0,"MDD,BIP"
413,2,236276288,237194297,TRUE,306,1887,0.000250737,0.000113917,0.0482496,0.0374378,TRUE,-0.765719,-0.765719,FALSE,-1,0.12296,0.091797,2,NA
414,2,237194298,238185482,TRUE,316,2168,2.24608e-05,7.62926e-05,0.430642,0.117757,FALSE,NA,NA,NA,NA,NA,NA,2,NA
415,2,238185483,238814630,TRUE,245,1760,0.000201321,9.466e-05,0.0666878,0.0487421,FALSE,NA,NA,NA,NA,NA,NA,2,NA
416,2,238814631,239634350,TRUE,262,2325,NA,0.000206551,NA,0.000470641,FALSE,NA,NA,NA,NA,NA,NA,1,"MDD"
417,2,239634351,240325600,TRUE,336,1744,0.000311977,5.26688e-05,0.0246076,0.208328,FALSE,NA,NA,NA,NA,NA,NA,2,NA
418,2,240325601,241113279,TRUE,391,2395,0.000131497,0.000213844,0.209692,0.00225233,FALSE,NA,NA,NA,NA,NA,NA,2,NA
419,2,241113280,241910366,TRUE,351,2484,0.000600738,0.000315409,0.000178259,8.96609e-06,TRUE,-0.0677264,-0.0677264,FALSE,-0.58399,0.3374,0.749767,2,NA
420,2,241910367,243188366,TRUE,287,2605,0.000311746,0.000225753,0.0199701,0.000332402,TRUE,-0.159246,-0.159246,FALSE,-1,0.49047,0.604246,2,NA
421,3,60197,795746,TRUE,328,1780,0.000219729,0.000163438,0.0794189,0.00847016,FALSE,NA,NA,NA,NA,NA,NA,2,NA
422,3,795747,1440048,TRUE,346,1879,NA,0.000140722,NA,0.0194926,FALSE,NA,NA,NA,NA,NA,NA,1,"MDD"
423,3,1440049,2140011,TRUE,365,2742,0.00020242,0.000197585,0.10422,0.00322307,FALSE,NA,NA,NA,NA,NA,NA,2,NA
424,3,2140012,3128152,TRUE,613,3037,0.00069117,0.000157103,0.000703927,0.0385143,TRUE,-0.266749,-0.266749,FALSE,-1,0.39335,0.415158,2,NA
425,3,3128153,4109393,TRUE,472,3101,0.000100412,0.000226398,0.285917,0.00260303,FALSE,NA,NA,NA,NA,NA,NA,2,NA
426,3,4109394,4835083,TRUE,352,1890,0.000187263,0.000100956,0.119232,0.0686751,FALSE,NA,NA,NA,NA,NA,NA,2,NA
427,3,4835084,5496182,TRUE,378,1605,0.000442292,0.000140138,0.00475753,0.024233,TRUE,0.0614766,0.0614766,FALSE,-0.9181,0.96086,0.859803,2,NA
428,3,5496183,6421145,TRUE,441,2965,8.50406e-05,8.17914e-05,0.30709,0.138055,FALSE,NA,NA,NA,NA,NA,NA,2,NA
429,3,6421146,7529554,TRUE,392,2773,NA,9.13315e-05,NA,0.101621,FALSE,NA,NA,NA,NA,NA,NA,1,"MDD"
430,3,7529555,8664892,TRUE,452,3453,0.000230392,0.000397259,0.0975673,7.10669e-07,FALSE,NA,NA,NA,NA,NA,NA,2,NA
431,3,8664893,9970731,TRUE,627,3010,0.000400515,0.000396728,0.0307292,1.61887e-05,TRUE,0.126694,0.126694,FALSE,-0.59336,0.8621,0.65404,2,NA
432,3,9970732,11226367,TRUE,522,3119,0.000664924,0.00048548,0.000563508,3.72712e-08,TRUE,0.0179215,0.0179215,FALSE,-0.43494,0.40538,0.927309,2,NA
433,3,11226368,11997658,TRUE,281,1771,0.000370149,0.000171566,0.00618633,0.00351435,TRUE,-0.0567062,-0.0567062,FALSE,-0.99011,0.62688,0.855303,2,NA
434,3,11997659,12859209,TRUE,211,1898,3.97262e-05,7.23437e-05,0.360274,0.0842066,FALSE,NA,NA,NA,NA,NA,NA,2,NA
435,3,12859210,14312007,TRUE,591,3607,0.000412803,0.000412276,0.0239724,5.8603e-06,TRUE,0.313908,0.313908,FALSE,-0.27344,1,0.245128,2,NA
436,3,14312008,15150876,TRUE,351,2022,0.000286208,0.000162326,0.0367807,0.00982535,TRUE,0.00905258,0.00905258,FALSE,-1,1,0.981215,2,NA
437,3,15150877,16084005,TRUE,220,1814,0.000237024,9.65354e-05,0.0330033,0.0393738,TRUE,-0.335414,-0.335414,FALSE,-1,0.63106,0.446921,2,NA
438,3,16084006,17182494,TRUE,389,2885,0.000448364,0.000139832,0.00460115,0.0258573,TRUE,0.070933,0.070933,FALSE,-0.99103,0.93346,0.839017,2,NA
439,3,17182495,19030988,TRUE,304,3492,0.000249855,0.000147564,0.051218,0.0118898,FALSE,NA,NA,NA,NA,NA,NA,2,NA
440,3,19030989,20754842,TRUE,370,3560,0.000339181,0.000327671,0.0208536,5.97632e-06,TRUE,-0.0910792,-0.0910792,FALSE,-0.92388,0.50976,0.737642,2,NA
441,3,20754843,21790867,TRUE,390,3098,0.000704438,0.000127025,4.34204e-05,0.0393959,TRUE,-0.246954,-0.246954,FALSE,-1,0.38585,0.419493,2,NA
442,3,21790868,22648001,TRUE,364,3016,0.000381623,0.000141574,0.0104829,0.0213416,TRUE,0.235223,0.235223,FALSE,-0.73218,1,0.518088,2,NA
443,3,22648002,23426044,TRUE,162,1853,NA,2.21051e-05,NA,0.300036,FALSE,NA,NA,NA,NA,NA,NA,1,"MDD"
444,3,23426045,24270189,TRUE,259,1868,0.000131555,0.000149515,0.16158,0.00652889,FALSE,NA,NA,NA,NA,NA,NA,2,NA
445,3,24270190,25516193,TRUE,498,3489,0.000224518,0.000363903,0.114859,9.76058e-06,FALSE,NA,NA,NA,NA,NA,NA,2,NA
446,3,25516194,26905340,TRUE,360,2802,0.000652157,0.000289867,9.07588e-05,4.74909e-05,TRUE,0.0289072,0.0289072,FALSE,-0.48248,0.46744,0.893835,2,NA
447,3,26905341,27614908,TRUE,125,1846,NA,7.57123e-05,NA,0.034995,FALSE,NA,NA,NA,NA,NA,NA,1,"MDD"
448,3,27614909,28649810,TRUE,255,1981,1.81896e-05,0.000152794,0.434214,0.00578949,FALSE,NA,NA,NA,NA,NA,NA,2,NA
449,3,28649811,29877022,TRUE,471,3502,0.00057771,0.000316142,0.0013496,5.95217e-05,TRUE,0.350056,0.350056,FALSE,-0.13679,0.92997,0.141454,2,NA
450,3,29877023,31269697,TRUE,459,3529,5.8397e-05,0.000369038,0.364625,4.5072e-06,FALSE,NA,NA,NA,NA,NA,NA,2,NA
451,3,31269698,32378805,TRUE,419,2515,0.0001213,0.000276078,0.235913,0.000194326,FALSE,NA,NA,NA,NA,NA,NA,2,NA
452,3,32378806,33020868,TRUE,205,1620,0.000211502,0.00019786,0.045199,0.00027455,TRUE,0.266135,0.266135,FALSE,-0.56088,1,0.435406,2,NA
453,3,33020869,33991869,TRUE,210,1967,0.000417766,0.000175149,0.000773629,0.00100369,TRUE,0.443505,0.443505,FALSE,-0.09256,1,0.0981917,2,NA
454,3,33991870,35009559,TRUE,232,2262,0.000340519,0.000150738,0.00582798,0.00434586,TRUE,-0.458255,-0.458255,FALSE,-1,0.17059,0.149087,2,NA
455,3,35009560,35913033,TRUE,210,1817,NA,0.000168324,NA,0.00131031,FALSE,NA,NA,NA,NA,NA,NA,1,"MDD"
456,3,35913034,36840136,TRUE,269,2366,0.000187674,0.000273694,0.0880013,1.28142e-05,FALSE,NA,NA,NA,NA,NA,NA,2,NA
457,3,36840137,38729767,TRUE,459,3373,0.000304657,0.000527918,0.046624,4.2854e-10,TRUE,-0.10776,-0.10776,FALSE,-0.89596,0.46108,0.675575,2,NA
458,3,38729768,39605996,TRUE,194,2208,3.72946e-05,6.58663e-05,0.36322,0.0938281,FALSE,NA,NA,NA,NA,NA,NA,2,NA
459,3,39605997,40897627,TRUE,242,2234,NA,0.000251558,NA,2.59767e-05,FALSE,NA,NA,NA,NA,NA,NA,1,"MDD"
460,3,40897628,42301657,TRUE,297,2956,0.000172316,0.000204059,0.12072,0.000928853,FALSE,NA,NA,NA,NA,NA,NA,2,NA
461,3,42301658,44141693,TRUE,467,3339,0.000774396,0.000338939,3.459e-05,3.08543e-05,TRUE,-0.016483,-0.016483,FALSE,-0.50699,0.39917,0.935848,2,NA
462,3,44141694,45844191,TRUE,360,3308,0.000634626,0.00032343,0.000100307,5.96687e-06,TRUE,0.0880259,0.0880259,FALSE,-0.37434,0.50294,0.669612,2,NA
463,3,45844192,47588461,TRUE,268,3204,0.000596179,0.000243813,3.96771e-05,7.02336e-05,TRUE,0.237787,0.237787,FALSE,-0.23373,0.69347,0.275329,2,NA
464,3,47588462,50387742,TRUE,222,2776,0.000567757,0.000370454,2.52858e-05,2.16965e-09,TRUE,0.0884286,0.0884286,FALSE,-0.30501,0.44882,0.627798,2,NA
465,3,50387743,51953968,TRUE,134,1878,0.000796413,0.000385319,9.80815e-11,6.68641e-13,TRUE,0.172413,0.172413,FALSE,-0.12589,0.45515,0.23401,2,NA
466,3,51953969,54074844,TRUE,444,3374,0.000379055,0.000619959,0.0186312,3.30864e-13,TRUE,-0.132755,-0.132755,FALSE,-0.82079,0.31288,0.542903,2,NA
467,3,54074845,54892586,TRUE,339,1829,0.000541563,8.65053e-05,0.000508968,0.0980227,FALSE,NA,NA,NA,NA,NA,NA,2,NA
468,3,54892587,55616625,TRUE,337,1762,0.000164619,8.21385e-05,0.140331,0.104524,FALSE,NA,NA,NA,NA,NA,NA,2,NA
469,3,55616626,56954878,TRUE,290,3202,0.000301048,0.000366583,0.0205035,1.06071e-07,TRUE,-0.00150463,-0.00150463,FALSE,NA,NA,0.995339,2,NA
470,3,56954879,58557718,TRUE,287,3419,0.000121042,0.000137147,0.1921,0.0141272,FALSE,NA,NA,NA,NA,NA,NA,2,NA
471,3,58557719,59998583,TRUE,457,3200,0.000411036,0.000183029,0.0132004,0.0101572,TRUE,0.169522,0.169522,FALSE,-0.74789,1,0.622351,2,NA
472,3,59998584,60571139,TRUE,331,2015,0.000275873,7.87395e-05,0.0383033,0.113075,FALSE,NA,NA,NA,NA,NA,NA,2,NA
473,3,60571140,61277587,TRUE,270,1879,NA,0.000398272,NA,2.09564e-09,FALSE,NA,NA,NA,NA,NA,NA,1,"MDD"
474,3,61277588,62609818,TRUE,596,2856,0.00017487,0.000303982,0.193087,0.000486793,FALSE,NA,NA,NA,NA,NA,NA,2,NA
475,3,62609819,63670803,TRUE,381,3102,0.000195941,0.00022372,0.114308,0.00114939,FALSE,NA,NA,NA,NA,NA,NA,2,NA
476,3,63670804,64662373,TRUE,347,1888,0.000128877,0.000219147,0.202793,0.00104205,FALSE,NA,NA,NA,NA,NA,NA,2,NA
477,3,64662374,65326751,TRUE,295,1975,0.000133289,0.000123588,0.173958,0.0251377,FALSE,NA,NA,NA,NA,NA,NA,2,NA
478,3,65326752,66702084,TRUE,529,2923,0.000161425,0.000246928,0.198115,0.00199056,FALSE,NA,NA,NA,NA,NA,NA,2,NA
479,3,66702085,67454740,TRUE,228,2086,0.000164789,NA,0.0971818,NA,FALSE,NA,NA,NA,NA,NA,NA,1,"BIP"
480,3,67454741,68319770,TRUE,247,1966,0.000123617,0.000185822,0.17083,0.00103384,FALSE,NA,NA,NA,NA,NA,NA,2,NA
481,3,68319771,69784969,TRUE,427,3497,0.000178866,0.000461075,0.148253,1.13922e-08,FALSE,NA,NA,NA,NA,NA,NA,2,NA
482,3,69784970,71223281,TRUE,388,2335,1.47303e-05,0.000671483,0.454884,5.5814e-16,FALSE,NA,NA,NA,NA,NA,NA,2,NA
483,3,71223282,72334704,TRUE,557,2520,NA,0.000243894,NA,0.00266938,FALSE,NA,NA,NA,NA,NA,NA,1,"MDD"
484,3,72334705,73606612,TRUE,471,2545,0.000407996,9.5837e-05,0.0148468,0.108202,FALSE,NA,NA,NA,NA,NA,NA,2,NA
485,3,73606613,74383137,TRUE,282,1956,0.000268688,0.000155116,0.0335696,0.00742015,TRUE,-0.310481,-0.310481,FALSE,-1,0.4764,0.410112,2,NA
486,3,74383138,75374967,TRUE,170,1854,0.000389634,0.000137417,0.000691296,0.00482565,TRUE,-0.0277129,-0.0277129,FALSE,-0.86255,0.5998,0.924397,2,NA
487,3,75374968,76157470,TRUE,71,715,3.43214e-05,NA,0.300292,NA,FALSE,NA,NA,NA,NA,NA,NA,1,"BIP"
488,3,76157471,77507832,TRUE,362,3163,0.000154537,0.000236275,0.164959,0.000704128,FALSE,NA,NA,NA,NA,NA,NA,2,NA
489,3,77507833,79023360,TRUE,333,2866,0.000186223,7.31389e-05,0.112226,0.13256,FALSE,NA,NA,NA,NA,NA,NA,2,NA
490,3,79023361,80385708,TRUE,223,2491,0.000105761,0.000141977,0.195605,0.00609104,FALSE,NA,NA,NA,NA,NA,NA,2,NA
491,3,80385709,81431496,TRUE,147,2297,0.000464579,0.000131301,4.35279e-05,0.00239707,TRUE,0.430657,0.430657,FALSE,-0.10359,1,0.0989964,2,NA
492,3,81431497,82532742,TRUE,182,1860,NA,0.000134392,NA,0.0044748,FALSE,NA,NA,NA,NA,NA,NA,1,"MDD"
493,3,82532743,83529394,TRUE,122,2004,2.59767e-05,0.0001093,0.373429,0.00509405,FALSE,NA,NA,NA,NA,NA,NA,2,NA
494,3,83529395,84698480,TRUE,146,2733,6.21344e-05,0.000175079,0.259641,0.000156812,FALSE,NA,NA,NA,NA,NA,NA,2,NA
495,3,84698481,85807679,TRUE,153,2612,0.000210233,0.000233342,0.0263292,2.3644e-06,TRUE,0.338409,0.338409,FALSE,-0.28986,1,0.24339,2,NA
496,3,85807680,86660979,TRUE,126,1702,0.00017414,7.5335e-05,0.0384033,0.0374601,TRUE,0.491061,0.491061,FALSE,-0.60988,1,0.286849,2,NA
497,3,86660980,87411258,TRUE,128,1728,5.33859e-05,0.000297226,0.279531,3.64524e-09,FALSE,NA,NA,NA,NA,NA,NA,2,NA
498,3,87411259,88375763,TRUE,154,2086,0.000259318,7.62825e-06,0.0101432,0.416711,FALSE,NA,NA,NA,NA,NA,NA,2,NA
499,3,88375764,89612939,TRUE,183,2585,0.000239019,0.000204161,0.0212544,7.55097e-05,TRUE,0.481523,0.481523,FALSE,-0.13522,1,0.112273,2,NA
500,3,89612940,94250144,TRUE,151,1649,0.000512274,0.000179125,1.27711e-05,0.000127378,TRUE,0.0357313,0.0357313,FALSE,-0.49216,0.49225,0.873227,2,NA
501,3,94250145,95088587,TRUE,107,1770,0.000117464,0.000142127,0.0902331,0.000298525,FALSE,NA,NA,NA,NA,NA,NA,2,NA
502,3,95088588,96055532,TRUE,103,2667,0.000120374,0.000128857,0.0848704,0.00112204,FALSE,NA,NA,NA,NA,NA,NA,2,NA
503,3,96055533,97351955,TRUE,169,1716,0.00017893,0.000112636,0.0578785,0.0106893,FALSE,NA,NA,NA,NA,NA,NA,2,NA
504,3,97351956,98212868,TRUE,154,2180,NA,3.14074e-05,NA,0.229116,FALSE,NA,NA,NA,NA,NA,NA,1,"MDD"
505,3,98212869,99045104,TRUE,166,2042,0.000245181,0.000123778,0.0160979,0.0064591,TRUE,0.412921,0.412921,FALSE,-0.40925,1,0.24838,2,NA
506,3,99045105,100552522,TRUE,241,2583,0.000245657,0.000188912,0.0338242,0.000729035,TRUE,-0.0692793,-0.0692793,FALSE,-1,0.68972,0.83716,2,NA
507,3,100552523,101906989,TRUE,252,2775,0.000268689,4.01716e-05,0.0245845,0.231105,FALSE,NA,NA,NA,NA,NA,NA,2,NA
508,3,101906990,103450271,TRUE,226,3546,0.000170425,0.000100739,0.0908327,0.0339277,FALSE,NA,NA,NA,NA,NA,NA,2,NA
509,3,103450272,104116563,TRUE,155,1947,0.000130778,7.40034e-05,0.106232,0.0510241,FALSE,NA,NA,NA,NA,NA,NA,2,NA
510,3,104116564,104878977,TRUE,159,2065,NA,5.16134e-05,NA,0.124836,FALSE,NA,NA,NA,NA,NA,NA,1,"MDD"
511,3,104878978,106174685,TRUE,320,3127,0.000795726,0.000201126,1.01151e-06,0.00151331,TRUE,-0.0993551,-0.0993551,FALSE,-0.67473,0.34649,0.654706,2,NA
512,3,106174686,107736519,TRUE,414,3027,0.000188326,0.000280973,0.134092,0.000160464,FALSE,NA,NA,NA,NA,NA,NA,2,NA
513,3,107736520,108638900,TRUE,187,1930,0.000129655,0.000176662,0.130612,0.000409338,FALSE,NA,NA,NA,NA,NA,NA,2,NA
514,3,108638901,109519606,TRUE,147,1824,7.83868e-05,3.82027e-05,0.216191,0.191246,FALSE,NA,NA,NA,NA,NA,NA,2,NA
515,3,109519607,110935508,TRUE,227,2814,NA,0.000127632,NA,0.0119771,FALSE,NA,NA,NA,NA,NA,NA,1,"MDD"
516,3,110935509,111693782,TRUE,182,1953,6.97568e-05,5.60249e-05,0.260001,0.120415,FALSE,NA,NA,NA,NA,NA,NA,2,NA
517,3,111693783,112408513,TRUE,183,1815,0.000227655,7.58514e-05,0.027547,0.0617082,FALSE,NA,NA,NA,NA,NA,NA,2,NA
518,3,112408514,113657665,TRUE,300,2961,0.000204313,0.000160584,0.0809223,0.00668119,FALSE,NA,NA,NA,NA,NA,NA,2,NA
519,3,113657666,115649909,TRUE,512,3309,0.000164978,0.000639125,0.191985,2.04327e-12,FALSE,NA,NA,NA,NA,NA,NA,2,NA
520,3,115649910,116498570,TRUE,210,1890,NA,6.4719e-05,NA,0.104652,FALSE,NA,NA,NA,NA,NA,NA,1,"MDD"
521,3,116498571,117241644,TRUE,287,1885,5.92668e-05,0.000153552,0.329132,0.00756802,FALSE,NA,NA,NA,NA,NA,NA,2,NA
522,3,117241645,118086929,TRUE,186,2045,0.000161044,2.65928e-05,0.082146,0.281968,FALSE,NA,NA,NA,NA,NA,NA,2,NA
523,3,118086930,118903053,TRUE,174,1830,2.91673e-05,1.94803e-05,0.381768,0.327042,FALSE,NA,NA,NA,NA,NA,NA,2,NA
524,3,118903054,119759983,TRUE,220,1923,NA,6.79244e-05,NA,0.0997677,FALSE,NA,NA,NA,NA,NA,NA,1,"MDD"
525,3,119759984,120574477,TRUE,233,1909,0.00013491,0.000108583,0.144086,0.0265574,FALSE,NA,NA,NA,NA,NA,NA,2,NA
526,3,120574478,121362442,TRUE,92,1658,NA,0.0001705,NA,1.36651e-05,FALSE,NA,NA,NA,NA,NA,NA,1,"MDD"
527,3,121362443,122340832,TRUE,199,2160,NA,0.000159294,NA,0.00165448,FALSE,NA,NA,NA,NA,NA,NA,1,"MDD"
528,3,122340833,123518507,TRUE,308,2275,0.000282429,0.000248817,0.0317015,0.00012124,TRUE,-0.419278,-0.419278,FALSE,-1,0.18326,0.177279,2,NA
529,3,123518508,124823006,TRUE,347,2967,0.000319274,0.000246138,0.0236334,0.000264346,TRUE,-0.6337,-0.6337,FALSE,-1,-0.03227,0.0391168,2,NA
530,3,124823007,125475722,TRUE,154,1691,0.000193845,9.92042e-05,0.0381139,0.0178609,TRUE,0.69251,0.69251,FALSE,-0.16655,1,0.101034,2,NA
531,3,125475723,125992650,TRUE,123,1696,0.000458153,3.62245e-05,1.16215e-05,0.176244,FALSE,NA,NA,NA,NA,NA,NA,2,NA
532,3,125992651,127495173,TRUE,428,3556,NA,0.000298515,NA,9.08312e-05,FALSE,NA,NA,NA,NA,NA,NA,1,"MDD"
533,3,127495174,129091975,TRUE,325,2986,0.000401343,0.0001817,0.00581882,0.00367567,TRUE,-0.302376,-0.302376,FALSE,-1,0.3254,0.326924,2,NA
534,3,129091976,130242360,TRUE,211,2106,0.000318282,6.76375e-05,0.00785497,0.0991089,FALSE,NA,NA,NA,NA,NA,NA,2,NA
535,3,130242361,131373470,TRUE,196,1938,0.000260919,8.68473e-05,0.0188731,0.0508512,FALSE,NA,NA,NA,NA,NA,NA,2,NA
536,3,131373471,132124018,TRUE,167,2315,9.64663e-05,NA,0.181343,NA,FALSE,NA,NA,NA,NA,NA,NA,1,"BIP"
537,3,132124019,132925967,TRUE,157,1790,7.32132e-05,0.000103302,0.233916,0.0143379,FALSE,NA,NA,NA,NA,NA,NA,2,NA
538,3,132925968,133718493,TRUE,293,1799,0.000160476,0.000230301,0.130216,0.000270082,FALSE,NA,NA,NA,NA,NA,NA,2,NA
539,3,133718494,135288394,TRUE,438,3256,0.000891552,0.000346922,1.78953e-06,1.12227e-05,TRUE,-0.097312,-0.097312,FALSE,-0.54784,0.27704,0.603129,2,NA
540,3,135288395,137372141,TRUE,287,3063,0.000354522,0.000252634,0.00873094,8.19672e-05,TRUE,0.0474772,0.0474772,FALSE,-0.67919,0.66337,0.862118,2,NA
541,3,137372142,138693846,TRUE,259,2060,0.00035356,4.33008e-05,0.00693872,0.219474,FALSE,NA,NA,NA,NA,NA,NA,2,NA
542,3,138693847,139831267,TRUE,284,2294,9.14582e-05,0.000185202,0.252963,0.00181253,FALSE,NA,NA,NA,NA,NA,NA,2,NA
543,3,139831268,141034637,TRUE,367,2478,7.1174e-05,0.000234014,0.322643,0.000655474,FALSE,NA,NA,NA,NA,NA,NA,2,NA
544,3,141034638,141898978,TRUE,258,1937,5.18391e-05,0.000120072,0.339457,0.0207812,FALSE,NA,NA,NA,NA,NA,NA,2,NA
545,3,141898979,142976707,TRUE,247,1969,0.000215833,0.000202362,0.053914,0.000424207,FALSE,NA,NA,NA,NA,NA,NA,2,NA
546,3,142976708,144408821,TRUE,386,3193,0.000847001,0.000259289,1.65444e-06,0.000296765,TRUE,-0.220986,-0.220986,FALSE,-0.78116,0.18822,0.286371,2,NA
547,3,144408822,145211907,TRUE,159,1943,1.97656e-05,0.000121595,0.412193,0.00583655,FALSE,NA,NA,NA,NA,NA,NA,2,NA
548,3,145211908,145903838,TRUE,180,2007,0.000199412,7.83763e-05,0.0432771,0.0602934,FALSE,NA,NA,NA,NA,NA,NA,2,NA
549,3,145903839,147358243,TRUE,326,3392,2.05615e-05,0.000159206,0.435305,0.00852433,FALSE,NA,NA,NA,NA,NA,NA,2,NA
550,3,147358244,148638308,TRUE,365,2864,NA,2.06778e-05,NA,0.370721,FALSE,NA,NA,NA,NA,NA,NA,1,"MDD"
551,3,148638309,149998411,TRUE,421,3227,0.000216871,0.000210871,0.104409,0.00287028,FALSE,NA,NA,NA,NA,NA,NA,2,NA
552,3,149998412,151131307,TRUE,332,2281,NA,0.000170121,NA,0.0069516,FALSE,NA,NA,NA,NA,NA,NA,1,"MDD"
553,3,151131308,151904021,TRUE,192,1903,5.63283e-05,7.32927e-05,0.302433,0.0728149,FALSE,NA,NA,NA,NA,NA,NA,2,NA
554,3,151904022,153406718,TRUE,343,3171,0.000208862,0.000329555,0.0909256,3.94324e-06,FALSE,NA,NA,NA,NA,NA,NA,2,NA
555,3,153406719,155046423,TRUE,323,3494,0.000456378,0.000228574,0.00217317,0.000494647,TRUE,-0.235196,-0.235196,FALSE,-1,0.30199,0.375936,2,NA
556,3,155046424,155928190,TRUE,174,1869,0.000157975,0.000111088,0.0815928,0.0157903,FALSE,NA,NA,NA,NA,NA,NA,2,NA
557,3,155928191,156795410,TRUE,198,1887,0.0001406,7.53987e-05,0.11836,0.0740865,FALSE,NA,NA,NA,NA,NA,NA,2,NA
558,3,156795411,157633700,TRUE,175,1876,NA,8.77492e-05,NA,0.0399207,FALSE,NA,NA,NA,NA,NA,NA,1,"MDD"
559,3,157633701,158460058,TRUE,85,1858,3.91138e-05,2.61675e-05,0.290385,0.203301,FALSE,NA,NA,NA,NA,NA,NA,2,NA
560,3,158460059,159478751,TRUE,244,1827,0.000219589,0.000157963,0.0511446,0.00395918,FALSE,NA,NA,NA,NA,NA,NA,2,NA
561,3,159478752,160584961,TRUE,196,2030,NA,0.000156997,NA,0.00179522,FALSE,NA,NA,NA,NA,NA,NA,1,"MDD"
562,3,160584962,161628883,TRUE,157,2485,0.000205926,8.45783e-05,0.036939,0.0346198,TRUE,0.493527,0.493527,FALSE,-0.57906,1,0.27131,2,NA
563,3,161628884,162622604,TRUE,147,3122,0.000121303,0.000109393,0.116427,0.00841907,FALSE,NA,NA,NA,NA,NA,NA,2,NA
564,3,162622605,163250112,TRUE,50,1870,NA,8.39995e-07,NA,0.459996,FALSE,NA,NA,NA,NA,NA,NA,1,"MDD"
565,3,163250113,164037360,TRUE,89,2063,1.51321e-05,6.75511e-05,0.404729,0.0276288,FALSE,NA,NA,NA,NA,NA,NA,2,NA
566,3,164037361,165054911,TRUE,155,1947,4.0563e-05,0.000135207,0.336734,0.00248658,FALSE,NA,NA,NA,NA,NA,NA,2,NA
567,3,165054912,165936511,TRUE,138,2344,NA,9.45354e-05,NA,0.0189763,FALSE,NA,NA,NA,NA,NA,NA,1,"MDD"
568,3,165936512,167118893,TRUE,161,3337,0.00012686,0.000220933,0.119883,1.12926e-05,FALSE,NA,NA,NA,NA,NA,NA,2,NA
569,3,167118894,168972662,TRUE,384,3460,0.000434607,0.000285051,0.00564239,7.41921e-05,TRUE,0.00664442,0.00664442,FALSE,-0.70303,0.56264,0.979754,2,NA
570,3,168972663,170174578,TRUE,330,2283,0.00038164,0.000322039,0.00837864,4.35148e-06,TRUE,-0.0601409,-0.0601409,FALSE,-0.78229,0.47675,0.8126,2,NA
571,3,170174579,171134849,TRUE,281,1863,4.1672e-05,NA,0.371977,NA,FALSE,NA,NA,NA,NA,NA,NA,1,"BIP"
572,3,171134850,172004760,TRUE,270,1887,NA,2.3193e-05,NA,0.337989,FALSE,NA,NA,NA,NA,NA,NA,1,"MDD"
573,3,172004761,173415591,TRUE,444,2890,NA,6.03263e-05,NA,0.20663,FALSE,NA,NA,NA,NA,NA,NA,1,"MDD"
574,3,173415592,174684707,TRUE,344,2790,0.000228449,0.000194651,0.0739363,0.00262622,FALSE,NA,NA,NA,NA,NA,NA,2,NA
575,3,174684708,175671424,TRUE,308,2474,0.000446346,0.000152532,0.00207253,0.00911461,TRUE,0.152839,0.152839,FALSE,-0.61944,0.89561,0.621584,2,NA
576,3,175671425,176931163,TRUE,325,3120,NA,0.000156191,NA,0.009622,FALSE,NA,NA,NA,NA,NA,NA,1,"MDD"
577,3,176931164,178110322,TRUE,387,2426,NA,0.000362503,NA,1.25372e-06,FALSE,NA,NA,NA,NA,NA,NA,1,"MDD"
578,3,178110323,179372165,TRUE,283,2551,2.18816e-05,0.000161442,0.426609,0.0052527,FALSE,NA,NA,NA,NA,NA,NA,2,NA
579,3,179372166,181424323,TRUE,383,3152,0.00046321,0.000299157,0.003871,4.29758e-05,TRUE,-0.416726,-0.416726,FALSE,-1,0.0702,0.098028,2,NA
580,3,181424324,183203155,TRUE,443,2938,NA,0.000233093,NA,0.00155988,FALSE,NA,NA,NA,NA,NA,NA,1,"MDD"
581,3,183203156,184524268,TRUE,516,3035,0.000581443,0.000269216,0.00165977,0.000763648,TRUE,0.27141,0.27141,FALSE,-0.29809,0.8987,0.297578,2,NA
582,3,184524269,185709996,TRUE,230,2155,0.000569523,6.62467e-05,2.93081e-05,0.110904,FALSE,NA,NA,NA,NA,NA,NA,2,NA
583,3,185709997,186602045,TRUE,407,1899,0.000154254,3.94209e-05,0.178308,0.285828,FALSE,NA,NA,NA,NA,NA,NA,2,NA
584,3,186602046,187939199,TRUE,601,3315,0.000773708,0.00029318,0.000182997,0.000699533,TRUE,-0.323151,-0.323151,FALSE,-1,0.13102,0.170439,2,NA
585,3,187939200,189451805,TRUE,528,3332,0.000410056,0.000213899,0.01982,0.00635131,TRUE,-0.270458,-0.270458,FALSE,-1,0.44308,0.431238,2,NA
586,3,189451806,190591293,TRUE,393,3154,0.000418073,0.000160071,0.00771731,0.0143389,TRUE,0.154874,0.154874,FALSE,-0.80525,1,0.650276,2,NA
587,3,190591294,191229357,TRUE,150,1862,0.000105745,5.94846e-05,0.15005,0.0900074,FALSE,NA,NA,NA,NA,NA,NA,2,NA
588,3,191229358,192049688,TRUE,234,2515,0.000106417,0.000120252,0.19834,0.0167013,FALSE,NA,NA,NA,NA,NA,NA,2,NA
589,3,192049689,193122090,TRUE,308,2324,NA,0.000183542,NA,0.00306994,FALSE,NA,NA,NA,NA,NA,NA,1,"MDD"
590,3,193122091,194217140,TRUE,489,2713,0.0003366,NA,0.0380606,NA,FALSE,NA,NA,NA,NA,NA,NA,1,"BIP"
591,3,194217141,195196789,TRUE,447,3314,4.07928e-07,0.000199725,0.490177,0.00543602,FALSE,NA,NA,NA,NA,NA,NA,2,NA
592,3,195196790,195710290,TRUE,162,839,0.000589361,0.000165859,1.26477e-06,0.000674362,TRUE,-0.0929042,-0.0929042,FALSE,-0.65773,0.35482,0.681526,2,NA
593,3,195710291,196383152,TRUE,280,1655,0.000364697,0.000103947,0.00656179,0.0447303,TRUE,0.0211315,0.0211315,FALSE,-1,0.96993,0.95652,2,NA
594,3,196383153,197147990,TRUE,295,1754,8.28907e-05,0.000222729,0.274175,0.000410682,FALSE,NA,NA,NA,NA,NA,NA,2,NA
595,3,197147991,197962380,TRUE,194,1396,6.77713e-05,NA,0.273168,NA,FALSE,NA,NA,NA,NA,NA,NA,1,"BIP"
596,4,10227,812415,TRUE,158,1670,0.000309666,NA,0.00353303,NA,FALSE,NA,NA,NA,NA,NA,NA,1,"BIP"
597,4,812416,1529267,TRUE,202,1875,0.000383874,0.000155692,0.00188328,0.00235777,TRUE,-0.11905,-0.11905,FALSE,-0.97733,0.47957,0.681626,2,NA
598,4,1529268,2468935,TRUE,299,1936,0.000448645,0.000180057,0.0020397,0.00289529,TRUE,-0.119812,-0.119812,FALSE,-0.95664,0.47178,0.677186,2,NA
599,4,2468936,3549229,TRUE,324,2391,0.000151206,7.695e-05,0.155685,0.116569,FALSE,NA,NA,NA,NA,NA,NA,2,NA
600,4,3549230,4266178,TRUE,347,1936,0.00062733,0.000119816,0.000144078,0.0401819,TRUE,-0.486196,-0.486196,FALSE,-1,0.15679,0.128802,2,NA
601,4,4266179,5051834,TRUE,386,2281,5.70267e-05,7.15359e-05,0.355265,0.151361,FALSE,NA,NA,NA,NA,NA,NA,2,NA
602,4,5051835,5972709,TRUE,460,2918,NA,7.67206e-05,NA,0.156902,FALSE,NA,NA,NA,NA,NA,NA,1,"MDD"
603,4,5972710,7135819,TRUE,672,3132,0.000632771,0.000250309,0.00249896,0.00469519,TRUE,0.13029,0.13029,FALSE,-0.59262,0.83454,0.651296,2,NA
604,4,7135820,7726034,TRUE,560,2355,0.000452343,0.000111033,0.0131329,0.0955696,FALSE,NA,NA,NA,NA,NA,NA,2,NA
605,4,7726035,8309826,TRUE,383,1842,0.000153033,2.34928e-05,0.172711,0.359428,FALSE,NA,NA,NA,NA,NA,NA,2,NA
606,4,8309827,8882616,TRUE,203,1348,9.99343e-05,NA,0.198121,NA,FALSE,NA,NA,NA,NA,NA,NA,1,"BIP"
607,4,8882617,9482867,TRUE,17,304,3.61509e-05,NA,0.156476,NA,FALSE,NA,NA,NA,NA,NA,NA,1,"BIP"
608,4,9482868,9916156,TRUE,80,1490,0.00011096,1.18238e-06,0.0790514,0.464177,FALSE,NA,NA,NA,NA,NA,NA,2,NA
609,4,9916157,10370666,TRUE,107,1742,0.000143386,3.69386e-05,0.0554392,0.155923,FALSE,NA,NA,NA,NA,NA,NA,2,NA
610,4,10370667,11050119,TRUE,221,1827,0.000149552,8.58539e-05,0.118627,0.0590106,FALSE,NA,NA,NA,NA,NA,NA,2,NA
611,4,11050120,12209028,TRUE,390,3280,0.000383488,0.000361437,0.0123933,1.51258e-06,TRUE,-0.0277933,-0.0277933,FALSE,-0.73428,0.50628,0.912339,2,NA
612,4,12209029,13127576,TRUE,259,2622,0.00014899,0.00031829,0.134283,4.76657e-07,FALSE,NA,NA,NA,NA,NA,NA,2,NA
613,4,13127577,14395886,TRUE,452,3492,6.85964e-05,0.000368724,0.342301,4.51604e-06,FALSE,NA,NA,NA,NA,NA,NA,2,NA
614,4,14395887,14967147,TRUE,168,1771,NA,0.000216409,NA,1.90986e-05,FALSE,NA,NA,NA,NA,NA,NA,1,"MDD"
615,4,14967148,15910801,TRUE,254,2203,0.000109344,0.000216526,0.209801,0.000216434,FALSE,NA,NA,NA,NA,NA,NA,2,NA
616,4,15910802,17290236,TRUE,505,3339,0.000251178,0.000139218,0.091679,0.0435983,FALSE,NA,NA,NA,NA,NA,NA,2,NA
617,4,17290237,18753263,TRUE,323,3424,0.000562715,0.000167784,0.000368019,0.00962622,TRUE,-0.245864,-0.245864,FALSE,-1,0.32335,0.393566,2,NA
618,4,18753264,20086838,TRUE,242,3630,6.03839e-05,7.32022e-05,0.310378,0.0929,FALSE,NA,NA,NA,NA,NA,NA,2,NA
619,4,20086839,21416380,TRUE,448,3387,0.000629142,0.000234922,0.00041731,0.00167728,TRUE,-0.073333,-0.073333,FALSE,-0.77588,0.44442,0.775027,2,NA
620,4,21416381,22835185,TRUE,345,3693,0.000112575,0.000223196,0.231897,0.0010235,FALSE,NA,NA,NA,NA,NA,NA,2,NA
621,4,22835186,23858350,TRUE,279,1940,0.000126521,0.000364113,0.1796,4.69556e-08,FALSE,NA,NA,NA,NA,NA,NA,2,NA
622,4,23858351,24764724,TRUE,352,1970,2.01718e-05,0.000246682,0.438732,0.000294189,FALSE,NA,NA,NA,NA,NA,NA,2,NA
623,4,24764725,25832018,TRUE,396,2683,0.000432198,9.80373e-05,0.00642837,0.0858829,FALSE,NA,NA,NA,NA,NA,NA,2,NA
624,4,25832019,27385580,TRUE,498,2722,8.56883e-05,0.00019396,0.317299,0.010578,FALSE,NA,NA,NA,NA,NA,NA,2,NA
625,4,27385581,28177792,TRUE,249,2356,6.956e-05,NA,0.290908,NA,FALSE,NA,NA,NA,NA,NA,NA,1,"BIP"
626,4,28177793,28927438,TRUE,158,2123,0.000163954,4.06838e-05,0.0630004,0.177475,FALSE,NA,NA,NA,NA,NA,NA,2,NA
627,4,28927439,29758399,TRUE,178,2136,7.11249e-05,8.89234e-05,0.254161,0.0350597,FALSE,NA,NA,NA,NA,NA,NA,2,NA
628,4,29758400,30455555,TRUE,170,2017,0.000306239,0.000101694,0.00497986,0.0196549,TRUE,-0.21066,-0.21066,FALSE,-1,0.55078,0.555826,2,NA
629,4,30455556,31395092,TRUE,241,2647,0.0001647,0.000180831,0.103467,0.00118369,FALSE,NA,NA,NA,NA,NA,NA,2,NA
630,4,31395093,32260117,TRUE,183,2296,0.000179354,0.000109667,0.0608372,0.0158909,FALSE,NA,NA,NA,NA,NA,NA,2,NA
631,4,32260118,32746820,TRUE,108,1705,4.35061e-05,NA,0.297324,NA,FALSE,NA,NA,NA,NA,NA,NA,1,"BIP"
632,4,32746821,33640822,TRUE,142,1819,0.000137654,1.00018e-06,0.0967696,0.475475,FALSE,NA,NA,NA,NA,NA,NA,2,NA
633,4,33640823,34721845,TRUE,87,2011,1.59187e-05,8.48189e-05,0.401356,0.00902287,FALSE,NA,NA,NA,NA,NA,NA,2,NA
634,4,34721846,35411236,TRUE,167,1642,4.16272e-06,7.37818e-05,0.47015,0.0584649,FALSE,NA,NA,NA,NA,NA,NA,2,NA
635,4,35411237,35993838,TRUE,110,2211,NA,0.000138305,NA,0.000470808,FALSE,NA,NA,NA,NA,NA,NA,1,"MDD"
636,4,35993839,36671801,TRUE,171,1916,0.000340684,8.75981e-05,0.00200063,0.0342,TRUE,0.326338,0.326338,FALSE,-0.54963,1,0.365353,2,NA
637,4,36671802,37880860,TRUE,396,3739,0.000348882,0.000262066,0.0215349,0.000245749,TRUE,0.0725716,0.0725716,FALSE,-0.74172,0.79214,0.809509,2,NA
638,4,37880861,38984838,TRUE,442,3014,0.0006072,0.000251687,0.000659561,0.000722863,TRUE,0.129505,0.129505,FALSE,-0.47301,0.68664,0.605721,2,NA
639,4,38984839,39820061,TRUE,211,1816,NA,9.21943e-05,NA,0.0409721,FALSE,NA,NA,NA,NA,NA,NA,1,"MDD"
640,4,39820062,40590541,TRUE,317,1855,NA,0.000259001,NA,8.7639e-05,FALSE,NA,NA,NA,NA,NA,NA,1,"MDD"
641,4,40590542,41360937,TRUE,241,1986,0.000203204,0.000111798,0.0624262,0.0254586,FALSE,NA,NA,NA,NA,NA,NA,2,NA
642,4,41360938,42189251,TRUE,194,1873,0.000274611,6.98646e-05,0.0143148,0.082619,FALSE,NA,NA,NA,NA,NA,NA,2,NA
643,4,42189252,43192424,TRUE,251,3075,0.000204321,0.000249596,0.0648908,3.13974e-05,FALSE,NA,NA,NA,NA,NA,NA,2,NA
644,4,43192425,43962561,TRUE,152,1955,0.00035014,0.000136466,0.00118287,0.00310984,TRUE,0.193373,0.193373,FALSE,-0.513,0.89402,0.510233,2,NA
645,4,43962562,45186767,TRUE,235,3411,NA,7.65112e-05,NA,0.0826795,FALSE,NA,NA,NA,NA,NA,NA,1,"MDD"
646,4,45186768,46358360,TRUE,230,2178,NA,0.000262842,NA,7.10282e-06,FALSE,NA,NA,NA,NA,NA,NA,1,"MDD"
647,4,46358361,47408265,TRUE,224,1785,3.7418e-05,0.00018286,0.369954,0.000732288,FALSE,NA,NA,NA,NA,NA,NA,2,NA
648,4,47408266,49325138,TRUE,298,3074,0.0001759,0.00036889,0.111935,5.32737e-08,FALSE,NA,NA,NA,NA,NA,NA,2,NA
649,4,49325139,53879571,TRUE,205,1748,NA,0.000143259,NA,0.0040282,FALSE,NA,NA,NA,NA,NA,NA,1,"MDD"
650,4,53879572,54659778,TRUE,183,1708,NA,7.66022e-05,NA,0.0597834,FALSE,NA,NA,NA,NA,NA,NA,1,"MDD"
651,4,54659779,55681701,TRUE,317,1932,0.000175107,0.000315665,0.120722,3.20678e-06,FALSE,NA,NA,NA,NA,NA,NA,2,NA
652,4,55681702,57103100,TRUE,402,3615,0.000294093,0.000116674,0.0432296,0.0545474,FALSE,NA,NA,NA,NA,NA,NA,2,NA
653,4,57103101,58011085,TRUE,305,2497,8.13478e-05,4.14053e-05,0.280861,0.24609,FALSE,NA,NA,NA,NA,NA,NA,2,NA
654,4,58011086,58940256,TRUE,286,2326,0.000539588,4.24023e-05,0.000210615,0.233344,FALSE,NA,NA,NA,NA,NA,NA,2,NA
655,4,58940257,59692948,TRUE,170,2105,0.000262236,6.62639e-05,0.0111767,0.0784299,FALSE,NA,NA,NA,NA,NA,NA,2,NA
656,4,59692949,60746709,TRUE,227,2853,0.000482696,9.13974e-05,0.0002294,0.048414,TRUE,-0.246858,-0.246858,FALSE,-1,0.47006,0.467203,2,NA
657,4,60746710,61971161,TRUE,213,3603,0.000326357,0.000111124,0.00637557,0.020464,TRUE,-0.689322,-0.689322,FALSE,-1,-0.01019,0.0556629,2,NA
658,4,61971162,63337954,TRUE,348,2691,0.000367893,0.000165266,0.0116098,0.00856572,TRUE,0.315571,0.315571,FALSE,-0.50031,1,0.354006,2,NA
659,4,63337955,64117431,TRUE,176,2189,0.000359659,0.000122024,0.00173322,0.00874415,TRUE,-0.4796,-0.4796,FALSE,-1,0.13683,0.129555,2,NA
660,4,64117432,65563100,TRUE,219,3535,0.000275471,0.000145899,0.017088,0.00459983,TRUE,-0.0510361,-0.0510361,FALSE,-1,0.7519,0.882591,2,NA
661,4,65563101,66597446,TRUE,223,2729,0.000576239,0.000118726,2.24344e-05,0.0167766,TRUE,0.213489,0.213489,FALSE,-0.45397,0.9292,0.452375,2,NA
662,4,66597447,67616362,TRUE,195,2357,0.000234082,0.000145241,0.0267254,0.00312397,TRUE,-0.160408,-0.160408,FALSE,-1,0.60721,0.651474,2,NA
663,4,67616363,68742859,TRUE,216,2624,2.47715e-05,0.000109867,0.407812,0.0208823,FALSE,NA,NA,NA,NA,NA,NA,2,NA
664,4,68742860,69603368,TRUE,105,992,5.19369e-05,5.93497e-06,0.262699,0.41692,FALSE,NA,NA,NA,NA,NA,NA,2,NA
665,4,69603369,70516836,TRUE,97,2133,0.000230192,NA,0.00525002,NA,FALSE,NA,NA,NA,NA,NA,NA,1,"BIP"
666,4,70516837,71468300,TRUE,168,2830,NA,0.000118726,NA,0.00763288,FALSE,NA,NA,NA,NA,NA,NA,1,"MDD"
667,4,71468301,73258294,TRUE,293,3133,0.000964131,0.000254588,7.63151e-09,0.000104289,TRUE,-0.148114,-0.148114,FALSE,-0.60149,0.22924,0.432345,2,NA
668,4,73258295,74885900,TRUE,263,2970,0.000228014,0.000203847,0.0528561,0.00062188,FALSE,NA,NA,NA,NA,NA,NA,2,NA
669,4,74885901,76497358,TRUE,348,3411,0.000198005,0.000280365,0.105815,4.7133e-05,FALSE,NA,NA,NA,NA,NA,NA,2,NA
670,4,76497359,78045637,TRUE,360,3703,0.000689295,0.000209674,5.07409e-05,0.0015647,TRUE,-0.136621,-0.136621,FALSE,-0.80938,0.34829,0.572335,2,NA
671,4,78045638,78967715,TRUE,202,2219,0.000192992,0.000203421,0.0556123,0.000147748,FALSE,NA,NA,NA,NA,NA,NA,2,NA
672,4,78967716,79880101,TRUE,195,1908,0.000171753,0.000130924,0.0747056,0.00668,FALSE,NA,NA,NA,NA,NA,NA,2,NA
673,4,79880102,81206182,TRUE,268,2649,0.000310103,0.000216774,0.0163693,0.000291332,TRUE,0.174109,0.174109,FALSE,-0.56933,0.91359,0.563375,2,NA
674,4,81206183,82655623,TRUE,281,2597,0.000465548,0.00017882,0.00130052,0.00234902,TRUE,-0.389782,-0.389782,FALSE,-1,0.1637,0.16421,2,NA
675,4,82655624,84003062,TRUE,312,3069,6.68921e-05,0.00029251,0.316897,1.15142e-05,FALSE,NA,NA,NA,NA,NA,NA,2,NA
676,4,84003063,85437805,TRUE,320,2700,0.000294708,7.99442e-06,0.0286501,0.439095,FALSE,NA,NA,NA,NA,NA,NA,2,NA
677,4,85437806,86931670,TRUE,237,3115,0.000133336,2.24623e-05,0.151206,0.329526,FALSE,NA,NA,NA,NA,NA,NA,2,NA
678,4,86931671,88502717,TRUE,262,3296,0.000240035,0.000173203,0.0423069,0.00234996,TRUE,-0.374923,-0.374923,FALSE,-1,0.37284,0.302457,2,NA
679,4,88502718,89244554,TRUE,208,1981,0.000230286,9.84551e-05,0.0331992,0.0331939,TRUE,-0.387853,-0.387853,FALSE,-1,0.53535,0.373235,2,NA
680,4,89244555,90236971,TRUE,252,2055,0.000100741,0.000227629,0.219903,0.000125772,FALSE,NA,NA,NA,NA,NA,NA,2,NA
681,4,90236972,91309863,TRUE,216,2379,0.000298142,0.000232737,0.0173417,3.34454e-05,TRUE,0.17729,0.17729,FALSE,-0.51682,0.87716,0.538449,2,NA
682,4,91309864,92219192,TRUE,237,2169,NA,0.000213491,NA,0.000191418,FALSE,NA,NA,NA,NA,NA,NA,1,"MDD"
683,4,92219193,93451599,TRUE,236,2123,0.000462997,0.000121603,0.000468132,0.0157295,TRUE,0.0175241,0.0175241,FALSE,-0.83,0.71825,0.954564,2,NA
684,4,93451600,94757265,TRUE,266,2674,0.000577512,0.00032584,6.78385e-05,1.67527e-06,TRUE,0.095808,0.095808,FALSE,-0.34916,0.5093,0.637565,2,NA
685,4,94757266,96183801,TRUE,302,3076,3.92012e-05,9.56398e-05,0.383612,0.065714,FALSE,NA,NA,NA,NA,NA,NA,2,NA
686,4,96183802,97540787,TRUE,313,3485,0.00011811,0.000163389,0.210086,0.00664242,FALSE,NA,NA,NA,NA,NA,NA,2,NA
687,4,97540788,98445515,TRUE,171,1872,NA,0.000178516,NA,0.000238337,FALSE,NA,NA,NA,NA,NA,NA,1,"MDD"
688,4,98445516,99532480,TRUE,124,2073,0.000313294,0.000144972,0.00118199,0.000484258,TRUE,0.203332,0.203332,FALSE,-0.43833,0.83319,0.4592,2,NA
689,4,99532481,100333334,TRUE,170,2115,0.000100227,5.37391e-05,0.17577,0.124999,FALSE,NA,NA,NA,NA,NA,NA,2,NA
690,4,100333335,101132995,TRUE,194,1918,0.000216467,3.10224e-05,0.0363831,0.258057,FALSE,NA,NA,NA,NA,NA,NA,2,NA
691,4,101132996,102544803,TRUE,297,3257,0.000315703,0.000180466,0.0173822,0.00252822,TRUE,0.303568,0.303568,FALSE,-0.47906,1,0.35734,2,NA
692,4,102544804,104384534,TRUE,334,3310,0.00026319,0.0002573,0.0452536,0.000111432,TRUE,-0.387674,-0.387674,FALSE,-1,0.25351,0.230087,2,NA
693,4,104384535,105319195,TRUE,162,1666,0.000232227,9.37234e-05,0.0193804,0.0234801,TRUE,0.520462,0.520462,FALSE,-0.37489,1,0.1954,2,NA
694,4,105319196,106479155,TRUE,249,2296,0.000424183,0.000230493,0.00147077,0.000105843,TRUE,-0.108552,-0.108552,FALSE,-0.78279,0.39157,0.665949,2,NA
695,4,106479156,108131206,TRUE,320,3033,0.00034367,0.000221015,0.0137264,0.000634274,TRUE,0.22918,0.22918,FALSE,-0.48963,1,0.448144,2,NA
696,4,108131207,109122458,TRUE,217,1818,NA,0.000140368,NA,0.00540741,FALSE,NA,NA,NA,NA,NA,NA,1,"MDD"
697,4,109122459,109978982,TRUE,246,1958,0.000162181,3.31057e-05,0.108285,0.267518,FALSE,NA,NA,NA,NA,NA,NA,2,NA
698,4,109978983,111733579,TRUE,459,3425,0.000292143,4.46333e-05,0.0544344,0.272157,FALSE,NA,NA,NA,NA,NA,NA,2,NA
699,4,111733580,112830229,TRUE,242,1983,0.000252213,0.000231534,0.0306385,7.91497e-05,TRUE,-0.132255,-0.132255,FALSE,-1,0.54429,0.669038,2,NA
700,4,112830230,113916002,TRUE,218,1992,0.000152624,0.000148671,0.108961,0.00400744,FALSE,NA,NA,NA,NA,NA,NA,2,NA
701,4,113916003,115306149,TRUE,375,2939,0.000193591,0.000224651,0.116955,0.000986774,FALSE,NA,NA,NA,NA,NA,NA,2,NA
702,4,115306150,116204703,TRUE,151,1951,0.000348937,7.13663e-07,0.00108157,0.478136,FALSE,NA,NA,NA,NA,NA,NA,2,NA
703,4,116204704,117313636,TRUE,182,2457,3.86925e-05,0.00014618,0.354732,0.00237501,FALSE,NA,NA,NA,NA,NA,NA,2,NA
704,4,117313637,118395262,TRUE,221,2820,0.000346422,0.000213301,0.00432454,0.000134555,TRUE,0.484013,0.484013,FALSE,-0.05095,1,0.0739122,2,NA
705,4,118395263,119138097,TRUE,139,1807,0.000153625,0.00016926,0.0686725,0.000154659,FALSE,NA,NA,NA,NA,NA,NA,2,NA
706,4,119138098,119927262,TRUE,152,1641,3.63874e-05,0.000126876,0.348446,0.00344787,FALSE,NA,NA,NA,NA,NA,NA,2,NA
707,4,119927263,120563073,TRUE,96,1585,NA,6.91427e-05,NA,0.0296532,FALSE,NA,NA,NA,NA,NA,NA,1,"MDD"
708,4,120563074,121393008,TRUE,171,1905,NA,0.000214497,NA,2.6799e-05,FALSE,NA,NA,NA,NA,NA,NA,1,"MDD"
709,4,121393009,121981243,TRUE,133,1866,0.000109782,8.24983e-05,0.128221,0.0298245,FALSE,NA,NA,NA,NA,NA,NA,2,NA
710,4,121981244,122655434,TRUE,231,2115,6.23894e-06,6.82001e-05,0.468035,0.108008,FALSE,NA,NA,NA,NA,NA,NA,2,NA
711,4,122655435,123768693,TRUE,213,2027,0.000127026,0.000193043,0.149741,0.000382533,FALSE,NA,NA,NA,NA,NA,NA,2,NA
712,4,123768694,124534997,TRUE,174,1912,NA,0.00014027,NA,0.00314834,FALSE,NA,NA,NA,NA,NA,NA,1,"MDD"
713,4,124534998,125486535,TRUE,207,2368,NA,9.95766e-05,NA,0.0303536,FALSE,NA,NA,NA,NA,NA,NA,1,"MDD"
714,4,125486536,126476842,TRUE,253,2538,0.000360758,6.85722e-05,0.0050759,0.110779,FALSE,NA,NA,NA,NA,NA,NA,2,NA
715,4,126476843,127279171,TRUE,231,2000,1.66569e-06,NA,0.482358,NA,FALSE,NA,NA,NA,NA,NA,NA,1,"BIP"
716,4,127279172,128321876,TRUE,210,2306,5.9158e-05,0.000138814,0.303638,0.00629465,FALSE,NA,NA,NA,NA,NA,NA,2,NA
717,4,128321877,129625376,TRUE,228,1912,0.000322094,0.000126696,0.00849862,0.0155388,TRUE,-0.572798,-0.572798,FALSE,-1,0.14156,0.107881,2,NA
718,4,129625377,131098950,TRUE,298,3118,0.000216639,0.000159237,0.0722096,0.00690753,FALSE,NA,NA,NA,NA,NA,NA,2,NA
719,4,131098951,131873453,TRUE,163,1918,2.09178e-05,4.30077e-05,0.408108,0.167809,FALSE,NA,NA,NA,NA,NA,NA,2,NA
720,4,131873454,132801980,TRUE,134,1684,0.000132658,0.00011484,0.0877596,0.00478321,FALSE,NA,NA,NA,NA,NA,NA,2,NA
721,4,132801981,133524886,TRUE,100,1681,3.38528e-05,2.46491e-05,0.326787,0.232613,FALSE,NA,NA,NA,NA,NA,NA,2,NA
722,4,133524887,134109978,TRUE,88,1558,0.000102161,3.43164e-05,0.110334,0.155569,FALSE,NA,NA,NA,NA,NA,NA,2,NA
723,4,134109979,135809542,TRUE,256,3491,0.000135443,5.99536e-05,0.154313,0.143667,FALSE,NA,NA,NA,NA,NA,NA,2,NA
724,4,135809543,137400031,TRUE,294,3444,NA,0.00012362,NA,0.0248429,FALSE,NA,NA,NA,NA,NA,NA,1,"MDD"
725,4,137400032,138537344,TRUE,321,3534,0.000578958,0.000107747,0.000172996,0.0479849,TRUE,-0.177812,-0.177812,FALSE,-1,0.54614,0.590348,2,NA
726,4,138537345,139553760,TRUE,282,2418,0.000165879,0.000175874,0.118806,0.00304793,FALSE,NA,NA,NA,NA,NA,NA,2,NA
727,4,139553761,141087047,TRUE,530,2908,0.00061763,0.000135581,0.00114898,0.0541472,FALSE,NA,NA,NA,NA,NA,NA,2,NA
728,4,141087048,142807914,TRUE,396,3232,0.000145417,0.00019468,0.188504,0.00462069,FALSE,NA,NA,NA,NA,NA,NA,2,NA
729,4,142807915,144401042,TRUE,241,3294,0.000309464,0.000187396,0.01209,0.000826434,TRUE,0.0406358,0.0406358,FALSE,-0.78307,0.74465,0.894661,2,NA
730,4,144401043,146174871,TRUE,251,2567,6.09034e-05,8.08091e-05,0.31414,0.0788886,FALSE,NA,NA,NA,NA,NA,NA,2,NA
731,4,146174872,147161042,TRUE,297,1912,0.000208823,0.000204106,0.0783207,0.000968488,FALSE,NA,NA,NA,NA,NA,NA,2,NA
732,4,147161043,148462208,TRUE,232,2461,0.000178253,0.000140008,0.0867802,0.00758906,FALSE,NA,NA,NA,NA,NA,NA,2,NA
733,4,148462209,149998528,TRUE,384,2849,NA,0.000122038,NA,0.0438781,FALSE,NA,NA,NA,NA,NA,NA,1,"MDD"
734,4,149998529,151014322,TRUE,209,1662,5.25467e-05,8.84862e-05,0.322231,0.0469909,FALSE,NA,NA,NA,NA,NA,NA,2,NA
735,4,151014323,152162098,TRUE,170,1800,0.000287159,0.000271149,0.00914631,2.91193e-07,TRUE,-0.2038,-0.2038,FALSE,-0.97593,0.31872,0.421971,2,NA
736,4,152162099,153520883,TRUE,288,2749,0.00045871,0.000153211,0.00124399,0.00752386,TRUE,0.527959,0.527959,FALSE,-0.06483,1,0.0769449,2,NA
737,4,153520884,155044409,TRUE,520,3493,0.000593136,0.000235398,0.00153504,0.00283742,TRUE,-0.157669,-0.157669,FALSE,-1,0.40022,0.567652,2,NA
738,4,155044410,156520288,TRUE,405,3023,0.000372186,0.000244938,0.0168721,0.000620479,TRUE,-0.213767,-0.213767,FALSE,-1,0.41196,0.481673,2,NA
739,4,156520289,157597309,TRUE,320,3310,0.000176069,9.65141e-05,0.121093,0.0661915,FALSE,NA,NA,NA,NA,NA,NA,2,NA
740,4,157597310,159176073,TRUE,303,3225,0.00032706,8.05533e-05,0.0166926,0.101528,FALSE,NA,NA,NA,NA,NA,NA,2,NA
741,4,159176074,160828480,TRUE,303,3138,0.000237809,0.000245297,0.0556154,0.00015427,FALSE,NA,NA,NA,NA,NA,NA,2,NA
742,4,160828481,161666201,TRUE,246,2077,NA,0.000128188,NA,0.0141019,FALSE,NA,NA,NA,NA,NA,NA,1,"MDD"
743,4,161666202,162239289,TRUE,143,2214,0.000144637,0.000129406,0.0765498,0.00242816,FALSE,NA,NA,NA,NA,NA,NA,2,NA
744,4,162239290,163245541,TRUE,251,2815,0.000343928,0.000180661,0.00685775,0.00131666,TRUE,0.510264,0.510264,FALSE,-0.08216,1,0.0893549,2,NA
745,4,163245542,163937103,FALSE,NA,NA,NA,NA,NA,NA,FALSE,NA,NA,NA,NA,NA,NA,NA,NA
746,4,163937104,164781847,TRUE,224,1722,0.000205231,0.000128121,0.0545162,0.0107725,FALSE,NA,NA,NA,NA,NA,NA,2,NA
747,4,164781848,165824650,TRUE,303,3002,0.000135552,0.000190187,0.176129,0.00193919,FALSE,NA,NA,NA,NA,NA,NA,2,NA
748,4,165824651,166702855,TRUE,300,2397,5.6277e-05,0.000153879,0.339877,0.00871742,FALSE,NA,NA,NA,NA,NA,NA,2,NA
749,4,166702856,167643768,TRUE,184,2297,0.000125064,0.000145188,0.138882,0.00265924,FALSE,NA,NA,NA,NA,NA,NA,2,NA
750,4,167643769,168623790,TRUE,228,2511,0.000150276,9.48986e-05,0.11966,0.0471146,FALSE,NA,NA,NA,NA,NA,NA,2,NA
751,4,168623791,169555114,TRUE,252,2424,0.000246236,8.45374e-05,0.0359842,0.0700248,FALSE,NA,NA,NA,NA,NA,NA,2,NA
752,4,169555115,170682809,TRUE,279,2101,5.28566e-05,0.000102658,0.342961,0.0449715,FALSE,NA,NA,NA,NA,NA,NA,2,NA
753,4,170682810,171643019,TRUE,216,2629,NA,0.000112203,NA,0.0199833,FALSE,NA,NA,NA,NA,NA,NA,1,"MDD"
754,4,171643020,172555990,TRUE,149,2525,0.000178724,0.000139365,0.0485122,0.00155538,TRUE,0.295007,0.295007,FALSE,-0.64076,1,0.43011,2,NA
755,4,172555991,174470206,TRUE,400,3206,0.000397691,8.33012e-05,0.01149,0.121878,FALSE,NA,NA,NA,NA,NA,NA,2,NA
756,4,174470207,175295842,TRUE,309,1714,NA,0.000185781,NA,0.00252295,FALSE,NA,NA,NA,NA,NA,NA,1,"MDD"
757,4,175295843,175959697,TRUE,228,1884,0.000229761,0.000163552,0.0378775,0.00207242,TRUE,-0.225454,-0.225454,FALSE,-1,0.51108,0.529539,2,NA
758,4,175959698,177129678,TRUE,331,2502,0.000336703,0.000440853,0.0178891,5.09934e-09,TRUE,0.0639807,0.0639807,FALSE,-0.54496,0.61652,0.791984,2,NA
759,4,177129679,178314527,TRUE,378,3100,9.39044e-05,0.000278595,0.277993,8.80579e-05,FALSE,NA,NA,NA,NA,NA,NA,2,NA
760,4,178314528,179233905,TRUE,257,2091,0.000255404,6.2583e-05,0.0325538,0.134237,FALSE,NA,NA,NA,NA,NA,NA,2,NA
761,4,179233906,179932391,TRUE,199,1919,NA,4.3864e-06,NA,0.451781,FALSE,NA,NA,NA,NA,NA,NA,1,"MDD"
762,4,179932392,180540877,TRUE,189,2032,NA,0.000113419,NA,0.0132607,FALSE,NA,NA,NA,NA,NA,NA,1,"MDD"
763,4,180540878,181122433,TRUE,236,1964,7.83064e-05,4.71864e-05,0.263964,0.190772,FALSE,NA,NA,NA,NA,NA,NA,2,NA
764,4,181122434,182065646,TRUE,457,2800,NA,0.000262877,NA,0.00055014,FALSE,NA,NA,NA,NA,NA,NA,1,"MDD"
765,4,182065647,182946258,TRUE,470,2840,0.000290659,0.000194496,0.0565425,0.00782508,FALSE,NA,NA,NA,NA,NA,NA,2,NA
766,4,182946259,183603892,TRUE,380,1819,7.59685e-05,0.000343662,0.312518,2.91697e-06,FALSE,NA,NA,NA,NA,NA,NA,2,NA
767,4,183603893,184338584,TRUE,320,1862,0.000125667,7.20249e-05,0.195962,0.129778,FALSE,NA,NA,NA,NA,NA,NA,2,NA
768,4,184338585,185483262,TRUE,606,3208,0.000348831,0.000188654,0.047529,0.0179146,TRUE,-0.0466737,-0.0466737,FALSE,-1,1,0.909089,2,NA
769,4,185483263,186232882,FALSE,NA,NA,NA,NA,NA,NA,FALSE,NA,NA,NA,NA,NA,NA,NA,NA
770,4,186232883,186881568,TRUE,354,1838,1.24562e-05,5.63847e-05,0.458439,0.196328,FALSE,NA,NA,NA,NA,NA,NA,2,NA
771,4,186881569,187985393,TRUE,538,3055,0.000807824,0.000471357,5.15405e-05,1.05903e-07,TRUE,0.024593,0.024593,FALSE,-0.38612,0.39103,0.89349,2,NA
772,4,187985394,189153279,TRUE,494,3282,0.000738267,0.000269333,0.000136831,0.000642948,TRUE,0.0592604,0.0592604,FALSE,-0.50465,0.54358,0.800952,2,NA
773,4,189153280,189899573,TRUE,350,3283,0.00035645,0.000239692,0.0149581,0.000385403,TRUE,-0.120808,-0.120808,FALSE,-1,0.50909,0.684502,2,NA
774,4,189899574,191043880,TRUE,275,2220,0.000374181,0.000184387,0.00529752,0.00177908,TRUE,0.14113,0.14113,FALSE,-0.61583,0.82841,0.6366,2,NA
775,5,10043,598320,TRUE,159,1634,3.85578e-05,NA,0.345137,NA,FALSE,NA,NA,NA,NA,NA,NA,1,"BIP"
776,5,598321,1206609,TRUE,208,1153,0.000712605,2.46432e-05,2.50693e-07,0.307161,FALSE,NA,NA,NA,NA,NA,NA,2,NA
777,5,1206610,2106885,TRUE,514,2937,0.000638407,4.52558e-05,0.000696795,0.283445,FALSE,NA,NA,NA,NA,NA,NA,2,NA
778,5,2106886,2960068,TRUE,471,2738,8.00114e-05,7.35682e-05,0.322126,0.170535,FALSE,NA,NA,NA,NA,NA,NA,2,NA
779,5,2960069,3677595,TRUE,379,2791,0.000123315,0.000145333,0.21965,0.0204819,FALSE,NA,NA,NA,NA,NA,NA,2,NA
780,5,3677596,4636542,TRUE,315,2113,0.000162965,2.18639e-05,0.135887,0.353671,FALSE,NA,NA,NA,NA,NA,NA,2,NA
781,5,4636543,5828694,TRUE,488,3245,0.000528345,9.66611e-05,0.00348443,0.112803,FALSE,NA,NA,NA,NA,NA,NA,2,NA
782,5,5828695,6936733,TRUE,479,3567,0.000440402,0.000293778,0.0100434,0.000223627,TRUE,-0.209572,-0.209572,FALSE,-1,0.36049,0.451191,2,NA
783,5,6936734,8079415,TRUE,338,3150,0.000400262,0.000361027,0.00641714,5.81759e-07,TRUE,-0.00311964,-0.00311964,FALSE,-0.60913,0.51673,0.989576,2,NA
784,5,8079416,9203855,TRUE,275,3272,0.000266774,8.87414e-05,0.0324517,0.0705065,FALSE,NA,NA,NA,NA,NA,NA,2,NA
785,5,9203856,10549029,TRUE,532,3267,0.000420117,0.00040816,0.0175668,2.59576e-06,TRUE,-0.388512,-0.388512,FALSE,-1,0.11881,0.134255,2,NA
786,5,10549030,11850850,TRUE,460,3089,0.000195213,0.000508959,0.139569,1.68963e-09,FALSE,NA,NA,NA,NA,NA,NA,2,NA
787,5,11850851,12867189,TRUE,150,1983,0.000194938,NA,0.0347632,NA,FALSE,NA,NA,NA,NA,NA,NA,1,"BIP"
788,5,12867190,13608147,TRUE,147,1948,NA,5.88532e-05,NA,0.0885935,FALSE,NA,NA,NA,NA,NA,NA,1,"MDD"
789,5,13608148,14910295,TRUE,436,2954,0.000571376,0.000123991,0.000918198,0.0498418,TRUE,0.346134,0.346134,FALSE,-0.46405,1,0.31983,2,NA
790,5,14910296,16592319,TRUE,417,2954,0.00014688,0.000417284,0.191624,1.44127e-07,FALSE,NA,NA,NA,NA,NA,NA,2,NA
791,5,16592320,17803477,TRUE,495,2721,4.55187e-05,0.000226648,0.395637,0.00306594,FALSE,NA,NA,NA,NA,NA,NA,2,NA
792,5,17803478,18791410,TRUE,209,2533,7.58963e-05,0.000128459,0.257962,0.00901571,FALSE,NA,NA,NA,NA,NA,NA,2,NA
793,5,18791411,20397013,TRUE,276,3438,0.000227224,0.00015154,0.0555712,0.0077411,FALSE,NA,NA,NA,NA,NA,NA,2,NA
794,5,20397014,21211399,TRUE,125,1582,9.30796e-05,3.24837e-05,0.1587,0.198927,FALSE,NA,NA,NA,NA,NA,NA,2,NA
795,5,21211400,22149042,TRUE,162,1564,NA,3.20368e-05,NA,0.232605,FALSE,NA,NA,NA,NA,NA,NA,1,"MDD"
796,5,22149043,23246745,TRUE,197,2329,NA,0.000154168,NA,0.0023095,FALSE,NA,NA,NA,NA,NA,NA,1,"MDD"
797,5,23246746,24362661,TRUE,169,3120,NA,6.82255e-05,NA,0.0772073,FALSE,NA,NA,NA,NA,NA,NA,1,"MDD"
798,5,24362662,25722097,TRUE,318,2943,0.000243145,0.000235068,0.0547519,0.000321907,FALSE,NA,NA,NA,NA,NA,NA,2,NA
799,5,25722098,26938178,TRUE,257,3478,0.000227215,0.000269107,0.0487658,1.15687e-05,TRUE,0.47834,0.47834,FALSE,-0.14047,1,0.125564,2,NA
800,5,26938179,28315653,TRUE,306,2716,0.000410252,0.000182436,0.00400605,0.00277032,TRUE,0.291201,0.291201,FALSE,-0.39387,1,0.327641,2,NA
801,5,28315654,29593755,TRUE,241,3329,0.000495024,9.52913e-05,0.00024012,0.0451447,TRUE,0.179755,0.179755,FALSE,-0.65634,1,0.592892,2,NA
802,5,29593756,30416066,TRUE,192,2883,0.000225225,0.000123563,0.0300663,0.00864015,TRUE,-0.146478,-0.146478,FALSE,-1,0.69993,0.70253,2,NA
803,5,30416067,31679464,TRUE,428,3011,2.11848e-05,0.00030539,0.442395,5.45355e-05,FALSE,NA,NA,NA,NA,NA,NA,2,NA
804,5,31679465,32727914,TRUE,440,2596,0.000337489,5.65509e-05,0.0300251,0.2222,FALSE,NA,NA,NA,NA,NA,NA,2,NA
805,5,32727915,33971056,TRUE,319,2925,NA,NA,NA,NA,FALSE,NA,NA,NA,NA,NA,NA,0,"MDD,BIP"
806,5,33971057,35157146,TRUE,293,2745,NA,5.40444e-05,NA,0.183758,FALSE,NA,NA,NA,NA,NA,NA,1,"MDD"
807,5,35157147,36431967,TRUE,303,2959,0.000366099,5.75791e-05,0.00872445,0.181083,FALSE,NA,NA,NA,NA,NA,NA,2,NA
808,5,36431968,37925487,TRUE,305,2595,0.000184632,5.75901e-05,0.103797,0.176481,FALSE,NA,NA,NA,NA,NA,NA,2,NA
809,5,37925488,39438985,TRUE,430,3188,0.000347174,0.000178639,0.0264691,0.00987816,TRUE,0.10014,0.10014,FALSE,-0.94973,1,0.785113,2,NA
810,5,39438986,40290851,TRUE,181,2550,0.00031261,5.33323e-05,0.00569614,0.132285,FALSE,NA,NA,NA,NA,NA,NA,2,NA
811,5,40290852,41279590,TRUE,215,2397,2.29389e-05,4.49267e-05,0.412789,0.189654,FALSE,NA,NA,NA,NA,NA,NA,2,NA
812,5,41279591,42856332,TRUE,201,2966,0.000403642,1.72073e-05,0.00091732,0.355497,FALSE,NA,NA,NA,NA,NA,NA,2,NA
813,5,42856333,44049878,TRUE,169,2508,0.000141236,0.000112306,0.100211,0.011966,FALSE,NA,NA,NA,NA,NA,NA,2,NA
814,5,44049879,45305566,TRUE,166,1911,6.64908e-05,0.000101154,0.260319,0.0183802,FALSE,NA,NA,NA,NA,NA,NA,2,NA
815,5,45305567,46388848,TRUE,90,1881,0.000369028,0.000170839,4.6499e-05,1.53257e-05,TRUE,-0.159266,-0.159266,FALSE,-0.71943,0.29625,0.486222,2,NA
816,5,46388849,50164835,TRUE,65,1412,9.70096e-05,4.77378e-05,0.0830809,0.0550254,FALSE,NA,NA,NA,NA,NA,NA,2,NA
817,5,50164836,51203265,TRUE,210,1922,0.000157455,0.00023006,0.0979884,3.18534e-05,FALSE,NA,NA,NA,NA,NA,NA,2,NA
818,5,51203266,52139773,TRUE,210,2288,0.000405271,0.00013987,0.00106689,0.00546775,TRUE,0.193902,0.193902,FALSE,-0.53572,0.87029,0.512055,2,NA
819,5,52139774,52837225,TRUE,203,1960,0.00038031,3.9534e-05,0.00156489,0.215516,FALSE,NA,NA,NA,NA,NA,NA,2,NA
820,5,52837226,53747856,TRUE,288,2300,4.69869e-06,0.00013138,0.475611,0.0180136,FALSE,NA,NA,NA,NA,NA,NA,2,NA
821,5,53747857,55221398,TRUE,327,3844,0.000395186,1.8076e-05,0.00651079,0.380904,FALSE,NA,NA,NA,NA,NA,NA,2,NA
822,5,55221399,55968966,TRUE,347,1967,NA,0.00017099,NA,0.0070757,FALSE,NA,NA,NA,NA,NA,NA,1,"MDD"
823,5,55968967,56896890,TRUE,281,2065,0.000182575,3.25407e-05,0.0987827,0.287969,FALSE,NA,NA,NA,NA,NA,NA,2,NA
824,5,56896891,57895012,TRUE,247,2518,0.000170164,8.30638e-05,0.101094,0.0711454,FALSE,NA,NA,NA,NA,NA,NA,2,NA
825,5,57895013,58721458,TRUE,290,2245,NA,0.00020749,NA,0.000676114,FALSE,NA,NA,NA,NA,NA,NA,1,"MDD"
826,5,58721459,59868567,TRUE,214,1720,0.000176578,0.000186916,0.078004,0.000479648,FALSE,NA,NA,NA,NA,NA,NA,2,NA
827,5,59868568,60930753,TRUE,158,1843,0.000204875,0.000214605,0.0375319,1.56981e-05,TRUE,0.0641035,0.0641035,FALSE,-0.8109,0.79411,0.837223,2,NA
828,5,60930754,62180368,TRUE,263,2185,0.000323407,7.58732e-05,0.011172,0.0950338,FALSE,NA,NA,NA,NA,NA,NA,2,NA
829,5,62180369,63214089,TRUE,210,2573,0.00019361,0.00032335,0.0580321,4.31777e-08,FALSE,NA,NA,NA,NA,NA,NA,2,NA
830,5,63214090,64438518,TRUE,212,1875,NA,0.000110635,NA,0.0196524,FALSE,NA,NA,NA,NA,NA,NA,1,"MDD"
831,5,64438519,65606870,TRUE,221,2121,0.000226334,4.20813e-05,0.0385323,0.210517,FALSE,NA,NA,NA,NA,NA,NA,2,NA
832,5,65606871,67096191,TRUE,401,3236,0.000468292,0.000189885,0.00440601,0.00540087,TRUE,-0.499677,-0.499677,FALSE,-1,0.11056,0.104607,2,NA
833,5,67096192,68006993,TRUE,340,2050,0.000128945,0.000201837,0.198592,0.00209735,FALSE,NA,NA,NA,NA,NA,NA,2,NA
834,5,68006994,71468651,TRUE,327,3046,7.77459e-05,0.000438324,0.296778,2.44528e-09,FALSE,NA,NA,NA,NA,NA,NA,2,NA
835,5,71468652,73314061,TRUE,441,3526,0.000175272,0.000170941,0.160382,0.0131221,FALSE,NA,NA,NA,NA,NA,NA,2,NA
836,5,73314062,74245354,TRUE,312,2161,NA,2.74409e-05,NA,0.321848,FALSE,NA,NA,NA,NA,NA,NA,1,"MDD"
837,5,74245355,75239302,TRUE,148,1926,NA,0.000250705,NA,5.1286e-07,FALSE,NA,NA,NA,NA,NA,NA,1,"MDD"
838,5,75239303,75959515,TRUE,267,1718,0.000148238,7.97619e-05,0.138854,0.0871668,FALSE,NA,NA,NA,NA,NA,NA,2,NA
839,5,75959516,77290255,TRUE,456,3171,0.000670347,0.000229581,0.000234003,0.00222662,TRUE,-0.0314803,-0.0314803,FALSE,-0.69072,0.48835,0.901413,2,NA
840,5,77290256,79005158,TRUE,394,3217,0.000401043,0.00047849,0.0105715,2.01774e-09,TRUE,-0.0243402,-0.0243402,FALSE,-0.60664,0.46727,0.914503,2,NA
841,5,79005159,80448225,TRUE,484,3524,0.000672665,0.00033595,0.000286599,3.22949e-05,TRUE,-0.0566768,-0.0566768,FALSE,-0.59463,0.38982,0.795789,2,NA
842,5,80448226,81710194,TRUE,313,2132,0.000172196,0.000132598,0.122802,0.0213069,FALSE,NA,NA,NA,NA,NA,NA,2,NA
843,5,81710195,82720248,TRUE,292,2066,0.000215044,0.000213715,0.070044,0.000512981,FALSE,NA,NA,NA,NA,NA,NA,2,NA
844,5,82720249,84094797,TRUE,419,2405,6.06082e-05,0.000266839,0.353097,0.000336019,FALSE,NA,NA,NA,NA,NA,NA,2,NA
845,5,84094798,84697850,TRUE,126,1938,8.57564e-05,NA,0.175197,NA,FALSE,NA,NA,NA,NA,NA,NA,1,"BIP"
846,5,84697851,85311779,TRUE,88,1858,NA,3.43378e-05,NA,0.149116,FALSE,NA,NA,NA,NA,NA,NA,1,"MDD"
847,5,85311780,86493763,TRUE,242,2496,0.000145149,0.000234592,0.135261,6.97351e-05,FALSE,NA,NA,NA,NA,NA,NA,2,NA
848,5,86493764,87943482,TRUE,206,2125,0.000320403,0.00032304,0.00663858,1.57345e-07,TRUE,0.0106929,0.0106929,FALSE,-0.60428,0.52476,0.964778,2,NA
849,5,87943483,89584466,TRUE,360,2022,0.000778129,0.000274588,4.93977e-06,9.84747e-05,TRUE,0.525571,0.525571,FALSE,0.13662,1,0.0109629,2,NA
850,5,89584467,90793804,TRUE,299,2077,0.000370395,0.000357814,0.00782722,1.43774e-07,TRUE,0.127904,0.127904,FALSE,-0.42215,0.66605,0.592014,2,NA
851,5,90793805,91956905,TRUE,208,1895,0.000692693,0.00028229,4.06317e-07,1.2768e-06,TRUE,0.0405121,0.0405121,FALSE,-0.35466,0.40067,0.82575,2,NA
852,5,91956906,93814604,TRUE,373,2318,0.00069255,0.000229401,4.1426e-05,0.00105727,TRUE,0.168495,0.168495,FALSE,-0.37547,0.67582,0.473096,2,NA
853,5,93814605,95117259,TRUE,353,2374,0.000333944,0.000305332,0.0200241,1.54623e-05,TRUE,-0.172592,-0.172592,FALSE,-1,0.40014,0.535536,2,NA
854,5,95117260,96467377,TRUE,337,2769,0.000147435,0.000175174,0.166625,0.00531876,FALSE,NA,NA,NA,NA,NA,NA,2,NA
855,5,96467378,97316601,TRUE,118,2406,0.000179786,5.29295e-05,0.0300675,0.0882108,FALSE,NA,NA,NA,NA,NA,NA,2,NA
856,5,97316602,98567769,TRUE,246,2718,0.000246631,0.000259166,0.034047,1.98696e-05,TRUE,0.282698,0.282698,FALSE,-0.39996,1,0.348152,2,NA
857,5,98567770,99257995,TRUE,89,1616,0.000132196,6.64668e-05,0.0544033,0.0314712,FALSE,NA,NA,NA,NA,NA,NA,2,NA
858,5,99257996,100594081,TRUE,158,2494,0.000231021,3.70875e-05,0.0185531,0.196979,FALSE,NA,NA,NA,NA,NA,NA,2,NA
859,5,100594082,101575367,TRUE,152,2465,0.000137704,6.5248e-05,0.0965258,0.0741434,FALSE,NA,NA,NA,NA,NA,NA,2,NA
860,5,101575368,102903985,TRUE,172,2923,0.000171207,4.07274e-05,0.0720212,0.212488,FALSE,NA,NA,NA,NA,NA,NA,2,NA
861,5,102903986,103788460,TRUE,298,1913,0.000550899,0.000260099,0.000207336,5.49981e-05,TRUE,0.268739,0.268739,FALSE,-0.21722,0.76547,0.233235,2,NA
862,5,103788461,104850490,TRUE,199,2446,0.00053701,0.000150847,2.89827e-05,0.00270839,TRUE,0.251621,0.251621,FALSE,-0.30821,0.84545,0.320598,2,NA
863,5,104850491,106389388,TRUE,328,3237,1.63869e-05,0.000226323,0.446447,0.000530365,FALSE,NA,NA,NA,NA,NA,NA,2,NA
864,5,106389389,107265911,TRUE,312,2041,0.000323238,0.000311022,0.0170104,4.01085e-06,TRUE,0.308225,0.308225,FALSE,-0.26803,1,0.249469,2,NA
865,5,107265912,108641784,TRUE,269,3356,0.000219703,0.000171241,0.0572207,0.00272235,FALSE,NA,NA,NA,NA,NA,NA,2,NA
866,5,108641785,109606905,TRUE,279,2490,0.000134539,0.000117469,0.167831,0.0276185,FALSE,NA,NA,NA,NA,NA,NA,2,NA
867,5,109606906,110819517,TRUE,242,2353,0.000479636,0.000141706,0.000536307,0.0104417,TRUE,-0.392246,-0.392246,FALSE,-1,0.19807,0.189628,2,NA
868,5,110819518,111983115,TRUE,288,2754,0.00014709,0.000208525,0.148555,0.000643289,FALSE,NA,NA,NA,NA,NA,NA,2,NA
869,5,111983116,113121555,TRUE,247,3333,NA,0.000225148,NA,0.000159174,FALSE,NA,NA,NA,NA,NA,NA,1,"MDD"
870,5,113121556,113998532,TRUE,254,2299,0.000197566,0.000236598,0.0722955,7.82551e-05,FALSE,NA,NA,NA,NA,NA,NA,2,NA
871,5,113998533,115117631,TRUE,283,2619,1.0347e-05,0.000258913,0.45932,4.25661e-05,FALSE,NA,NA,NA,NA,NA,NA,2,NA
872,5,115117632,116208000,TRUE,401,3254,5.521e-06,0.000243899,0.477451,0.000638112,FALSE,NA,NA,NA,NA,NA,NA,2,NA
873,5,116208001,117348497,TRUE,372,3212,0.000412312,0.000302733,0.00757083,3.05833e-05,TRUE,0.112222,0.112222,FALSE,-0.54351,0.70791,0.666405,2,NA
874,5,117348498,118605251,TRUE,350,3142,0.000177581,0.000430294,0.127926,7.20324e-09,FALSE,NA,NA,NA,NA,NA,NA,2,NA
875,5,118605252,119664173,TRUE,282,2522,0.00047585,0.000149382,0.000863493,0.00840067,TRUE,-0.0553067,-0.0553067,FALSE,-0.95304,0.57075,0.852129,2,NA
876,5,119664174,120371857,TRUE,163,1959,0.000270247,3.84981e-05,0.00937132,0.206367,FALSE,NA,NA,NA,NA,NA,NA,2,NA
877,5,120371858,120960737,TRUE,184,2068,0.000144479,0.000211628,0.104242,4.54008e-05,FALSE,NA,NA,NA,NA,NA,NA,2,NA
878,5,120960738,122005291,TRUE,255,1863,9.65121e-05,0.00013061,0.232689,0.0144276,FALSE,NA,NA,NA,NA,NA,NA,2,NA
879,5,122005292,123191941,TRUE,237,2934,6.3617e-05,0.000158862,0.302107,0.00318032,FALSE,NA,NA,NA,NA,NA,NA,2,NA
880,5,123191942,124109485,TRUE,329,2041,NA,0.000100291,NA,0.0636159,FALSE,NA,NA,NA,NA,NA,NA,1,"MDD"
881,5,124109486,125131720,TRUE,421,2613,0.000341973,0.000161339,0.0257402,0.015747,TRUE,0.161663,0.161663,FALSE,-0.96296,1,0.67059,2,NA
882,5,125131721,126054697,TRUE,260,2546,0.000210541,0.000161144,0.0620382,0.00405248,FALSE,NA,NA,NA,NA,NA,NA,2,NA
883,5,126054698,126992836,TRUE,209,2196,0.000155693,0.000149176,0.104433,0.00553163,FALSE,NA,NA,NA,NA,NA,NA,2,NA
884,5,126992837,128067414,TRUE,188,2004,0.000220935,0.000133018,0.0349763,0.00760924,TRUE,0.165921,0.165921,FALSE,-0.96807,1,0.667666,2,NA
885,5,128067415,128734905,TRUE,151,2116,0.00010386,0.000158762,0.152618,0.00056536,FALSE,NA,NA,NA,NA,NA,NA,2,NA
886,5,128734906,130573817,TRUE,219,2970,0.000191407,0.000219375,0.0649202,7.56454e-05,FALSE,NA,NA,NA,NA,NA,NA,2,NA
887,5,130573818,132554690,TRUE,260,2800,0.00031888,0.000232245,0.0133676,0.000132622,TRUE,0.187227,0.187227,FALSE,-0.50996,0.8903,0.518353,2,NA
888,5,132554691,134556570,TRUE,628,3696,0.000758724,0.000750092,0.000333913,1.09359e-13,TRUE,0.152058,0.152058,FALSE,-0.19275,0.4974,0.362774,2,NA
889,5,134556571,135344943,TRUE,262,2028,7.42794e-05,0.000159391,0.284973,0.00534195,FALSE,NA,NA,NA,NA,NA,NA,2,NA
890,5,135344944,136949853,TRUE,367,3206,0.000163271,0.000286737,0.154613,8.07694e-05,FALSE,NA,NA,NA,NA,NA,NA,2,NA
891,5,136949854,139408116,TRUE,386,3078,0.000784624,0.00065215,8.98905e-06,8.61671e-15,TRUE,0.191784,0.191784,FALSE,-0.11574,0.4945,0.209873,2,NA
892,5,139408117,141253830,TRUE,387,3077,0.000628664,0.000395103,0.000190143,3.15424e-07,TRUE,-0.2093,-0.2093,FALSE,-0.71386,0.17833,0.29239,2,NA
893,5,141253831,142532956,TRUE,453,2912,0.000428902,0.000228725,0.0114437,0.00223401,TRUE,0.172676,0.172676,FALSE,-0.6203,0.93915,0.577516,2,NA
894,5,142532957,143605908,TRUE,286,2206,2.4896e-05,0.00022941,0.419449,0.000240885,FALSE,NA,NA,NA,NA,NA,NA,2,NA
895,5,143605909,145319096,TRUE,291,3429,0.000523564,0.000186255,0.000370101,0.00201777,TRUE,0.296699,0.296699,FALSE,-0.26605,0.95453,0.260708,2,NA
896,5,145319097,147180171,TRUE,437,3712,0.00031282,0.000319976,0.0401733,3.1106e-05,TRUE,0.121084,0.121084,FALSE,-0.67611,0.86008,0.688468,2,NA
897,5,147180172,148662214,TRUE,359,3248,NA,0.000317256,NA,9.95824e-06,FALSE,NA,NA,NA,NA,NA,NA,1,"MDD"
898,5,148662215,149850203,TRUE,468,2539,7.63166e-05,0.000235518,0.329321,0.00174087,FALSE,NA,NA,NA,NA,NA,NA,2,NA
899,5,149850204,150981934,TRUE,355,2830,NA,0.000184286,NA,0.00428384,FALSE,NA,NA,NA,NA,NA,NA,1,"MDD"
900,5,150981935,151892617,TRUE,190,2083,NA,0.000156442,NA,0.00154483,FALSE,NA,NA,NA,NA,NA,NA,1,"MDD"
901,5,151892618,152878627,TRUE,181,2083,0.000224468,0.000100299,0.0280725,0.0232063,TRUE,0.272549,0.272549,FALSE,-0.83371,1,0.510417,2,NA
902,5,152878628,153734494,TRUE,197,2305,0.000282567,0.000246429,0.0110272,1.01606e-05,TRUE,0.156027,0.156027,FALSE,-0.48673,0.80711,0.564547,2,NA
903,5,153734495,154599750,TRUE,293,1894,0.000386913,0.000284316,0.00519508,2.45349e-05,TRUE,-0.153567,-0.153567,FALSE,-0.91811,0.36373,0.548759,2,NA
904,5,154599751,155459556,TRUE,224,1954,0.000180378,0.00019985,0.0766647,0.000277586,FALSE,NA,NA,NA,NA,NA,NA,2,NA
905,5,155459557,156345451,TRUE,208,2146,0.000146612,0.000235379,0.11704,2.65518e-05,FALSE,NA,NA,NA,NA,NA,NA,2,NA
906,5,156345452,157191081,TRUE,229,2301,NA,8.77847e-05,NA,0.055391,FALSE,NA,NA,NA,NA,NA,NA,1,"MDD"
907,5,157191082,158484775,TRUE,359,2916,6.19862e-05,9.14055e-05,0.338199,0.0884571,FALSE,NA,NA,NA,NA,NA,NA,2,NA
908,5,158484776,159663733,TRUE,343,2674,0.000159722,0.000122598,0.151025,0.0354376,FALSE,NA,NA,NA,NA,NA,NA,2,NA
909,5,159663734,160519049,TRUE,312,2139,0.000392519,0.000175005,0.00574634,0.00423977,TRUE,-0.0812313,-0.0812313,FALSE,-1,0.59421,0.794297,2,NA
910,5,160519050,161478177,TRUE,207,2201,0.000197063,0.000219519,0.0539144,5.69776e-05,FALSE,NA,NA,NA,NA,NA,NA,2,NA
911,5,161478178,162386027,TRUE,234,1745,2.02147e-05,1.56524e-05,0.424973,0.374753,FALSE,NA,NA,NA,NA,NA,NA,2,NA
912,5,162386028,163781268,TRUE,422,3221,0.000252592,0.000210893,0.0727863,0.00310906,FALSE,NA,NA,NA,NA,NA,NA,2,NA
913,5,163781269,165289211,TRUE,444,3209,0.000247712,0.000267375,0.0809243,0.000385484,FALSE,NA,NA,NA,NA,NA,NA,2,NA
914,5,165289212,166863413,TRUE,549,3039,0.000442386,0.00039196,0.0145079,6.14389e-06,TRUE,0.244881,0.244881,FALSE,-0.32994,0.92733,0.344182,2,NA
915,5,166863414,168342743,TRUE,596,2930,0.00114946,0.000281091,1.30786e-07,0.000976443,TRUE,-0.177897,-0.177897,FALSE,-0.7137,0.22216,0.381682,2,NA
916,5,168342744,169506966,TRUE,434,3098,NA,0.000555954,NA,6.42678e-11,FALSE,NA,NA,NA,NA,NA,NA,1,"MDD"
917,5,169506967,170898340,TRUE,469,3119,0.000116353,0.000263325,0.254258,0.00061144,FALSE,NA,NA,NA,NA,NA,NA,2,NA
918,5,170898341,172285682,TRUE,596,3184,0.000321112,0.000230524,0.0606317,0.00570406,FALSE,NA,NA,NA,NA,NA,NA,2,NA
919,5,172285683,173606995,TRUE,498,3270,NA,0.000112372,NA,0.0801467,FALSE,NA,NA,NA,NA,NA,NA,1,"MDD"
920,5,173606996,174662885,TRUE,511,2799,4.27814e-05,0.000209854,0.402142,0.00606809,FALSE,NA,NA,NA,NA,NA,NA,2,NA
921,5,174662886,176180301,TRUE,461,2637,0.000101417,0.000333433,0.281416,2.56361e-05,FALSE,NA,NA,NA,NA,NA,NA,2,NA
922,5,176180302,177659902,TRUE,326,2335,0.000353804,0.000266841,0.0138882,7.87902e-05,TRUE,-0.317347,-0.317347,FALSE,-1,0.24542,0.260325,2,NA
923,5,177659903,178595252,TRUE,425,3059,0.000595008,0.000179291,0.000603848,0.00939269,TRUE,0.113674,0.113674,FALSE,-0.61489,0.79549,0.694351,2,NA
924,5,178595253,179794710,TRUE,565,3025,0.000463357,0.000253824,0.0117377,0.0021581,TRUE,-0.195418,-0.195418,FALSE,-1,0.4458,0.525172,2,NA
925,5,179794711,180902886,TRUE,353,2398,0.000785992,0.000135936,3.4441e-06,0.0272679,TRUE,0.254964,0.254964,FALSE,-0.37718,0.98659,0.358998,2,NA
926,6,63979,1380679,TRUE,578,3212,0.000226271,0.000153589,0.130188,0.0395541,FALSE,NA,NA,NA,NA,NA,NA,2,NA
927,6,1380680,2746531,TRUE,524,3198,0.000615148,3.87519e-05,0.00108784,0.310062,FALSE,NA,NA,NA,NA,NA,NA,2,NA
928,6,2746532,3964072,TRUE,523,3103,NA,0.00030237,NA,0.000236342,FALSE,NA,NA,NA,NA,NA,NA,1,"MDD"
929,6,3964073,4657086,TRUE,215,1920,0.000212228,6.76645e-05,0.0471774,0.0982901,FALSE,NA,NA,NA,NA,NA,NA,2,NA
930,6,4657087,5378213,TRUE,229,1848,0.000414969,8.44116e-05,0.00123607,0.0604204,FALSE,NA,NA,NA,NA,NA,NA,2,NA
931,6,5378214,6621937,TRUE,571,3394,0.0001655,0.000109783,0.201413,0.0994605,FALSE,NA,NA,NA,NA,NA,NA,2,NA
932,6,6621938,7808323,TRUE,555,3235,0.000236206,0.000180332,0.115391,0.0177257,FALSE,NA,NA,NA,NA,NA,NA,2,NA
933,6,7808324,9020710,TRUE,310,3174,0.000166651,0.000216117,0.129031,0.000618862,FALSE,NA,NA,NA,NA,NA,NA,2,NA
934,6,9020711,10416550,TRUE,411,3299,0.000382738,6.2487e-05,0.015006,0.18883,FALSE,NA,NA,NA,NA,NA,NA,2,NA
935,6,10416551,11790671,TRUE,501,3267,0.000709207,0.000326685,0.000183435,8.19436e-05,TRUE,0.269109,0.269109,FALSE,-0.20723,0.76739,0.223851,2,NA
936,6,11790672,13352326,TRUE,474,3525,0.000592135,0.000395238,0.0011853,1.75833e-06,TRUE,-0.19669,-0.19669,FALSE,-0.78948,0.22153,0.365387,2,NA
937,6,13352327,15069421,TRUE,535,3247,0.000398496,0.000205434,0.0225369,0.00792337,TRUE,-0.28688,-0.28688,FALSE,-1,0.45662,0.415357,2,NA
938,6,15069422,16566882,TRUE,489,3569,9.14024e-05,0.000430915,0.304235,3.5367e-07,FALSE,NA,NA,NA,NA,NA,NA,2,NA
939,6,16566883,17391994,TRUE,297,1821,0.000208151,0.000357177,0.0760094,1.24998e-07,FALSE,NA,NA,NA,NA,NA,NA,2,NA
940,6,17391995,18208676,TRUE,219,1951,0.000140083,0.000294868,0.127976,4.89413e-07,FALSE,NA,NA,NA,NA,NA,NA,2,NA
941,6,18208677,18775022,TRUE,134,1883,7.59287e-06,0.00010557,0.452464,0.00923489,FALSE,NA,NA,NA,NA,NA,NA,2,NA
942,6,18775023,19449152,TRUE,135,1848,5.05396e-05,0.000296042,0.290392,2.82488e-09,FALSE,NA,NA,NA,NA,NA,NA,2,NA
943,6,19449153,20418020,TRUE,383,2328,0.000393694,0.000217421,0.0102747,0.00151002,TRUE,-0.312073,-0.312073,FALSE,-1,0.29936,0.304598,2,NA
944,6,20418021,21295864,TRUE,254,2102,0.000147391,0.000159837,0.133163,0.00379299,FALSE,NA,NA,NA,NA,NA,NA,2,NA
945,6,21295865,22199713,TRUE,350,1847,0.000252422,9.07704e-05,0.0575283,0.0887664,FALSE,NA,NA,NA,NA,NA,NA,2,NA
946,6,22199714,23192337,TRUE,306,2711,0.000236847,8.39784e-05,0.05566,0.0900693,FALSE,NA,NA,NA,NA,NA,NA,2,NA
947,6,23192338,23939306,TRUE,312,2119,0.000219808,0.000277124,0.0714365,3.41468e-05,FALSE,NA,NA,NA,NA,NA,NA,2,NA
948,6,23939307,24950379,TRUE,356,3017,0.000327899,0.000401079,0.0241985,7.46267e-08,TRUE,-0.0543575,-0.0543575,FALSE,-0.82104,0.5039,0.832681,2,NA
949,6,24950380,25684629,TRUE,248,2307,0.000394013,0.000336676,0.00257124,8.27101e-08,TRUE,-0.13684,-0.13684,FALSE,-0.7301,0.31471,0.541204,2,NA
950,6,25684630,26396200,TRUE,133,1822,0.000194867,0.000540681,0.0286674,4.99397e-21,TRUE,0.208587,0.208587,FALSE,-0.3091,0.83877,0.368733,2,NA
951,6,26396201,27261035,TRUE,88,1380,0.000621509,0.000288624,8.63328e-10,8.88506e-11,TRUE,0.666501,0.666501,FALSE,0.38775,0.95352,5.35337e-05,2,NA
952,6,27261036,28666364,TRUE,147,2536,0.000589638,0.000330121,4.65314e-07,3.83902e-10,TRUE,0.448593,0.448593,FALSE,0.12298,0.79434,0.00857497,2,NA
953,6,28666365,29529755,TRUE,57,256,0.000444748,0.000186492,6.97816e-08,9.42297e-07,TRUE,0.740853,0.740853,FALSE,0.42436,1,0.000276536,2,NA
954,6,29529756,29833843,TRUE,34,294,0.000186879,0.000222633,0.000867169,6.29474e-11,TRUE,0.776734,0.776734,FALSE,0.39452,1,0.00136368,2,NA
955,6,29833844,30070717,TRUE,22,73,NA,3.89685e-05,NA,0.0335717,FALSE,NA,NA,NA,NA,NA,NA,1,"MDD"
956,6,30070718,30715006,TRUE,52,256,4.11116e-07,0.000156194,0.47131,0.000205239,FALSE,NA,NA,NA,NA,NA,NA,2,NA
957,6,30715007,31106493,TRUE,79,385,0.000275171,0.000335062,0.000776079,2.58264e-11,TRUE,0.739278,0.739278,FALSE,0.38874,1,0.000739195,2,NA
958,6,31106494,31250556,TRUE,32,200,0.000129729,5.5322e-05,0.00850865,0.00963322,TRUE,0.769683,0.769683,FALSE,0.032,1,0.0533935,2,NA
959,6,31250557,31320268,TRUE,19,185,0.000128796,0.00012653,0.00237271,1.63626e-07,TRUE,0.839278,0.839278,FALSE,0.406,1,0.00433394,2,NA
960,6,31320269,31427209,TRUE,44,331,0.000194122,0.000200427,0.00158625,1.81862e-08,TRUE,0.757809,0.757809,FALSE,0.35042,1,0.0029935,2,NA
961,6,31427210,32208901,TRUE,136,697,0.000469386,0.00035124,1.72689e-05,1.23294e-09,TRUE,0.504366,0.504366,FALSE,0.15959,0.8924,0.00736758,2,NA
962,6,32208902,32454577,TRUE,24,86,7.72035e-05,8.40989e-05,0.0567771,0.00116925,FALSE,NA,NA,NA,NA,NA,NA,2,NA
963,6,32454578,32539567,TRUE,3,4,NA,2.68532e-05,NA,0.00964696,FALSE,NA,NA,NA,NA,NA,NA,1,"MDD"
964,6,32539568,32586784,TRUE,12,175,0.000115562,5.42951e-05,0.00416161,0.00154067,TRUE,NA,1.27914,TRUE,NA,NA,NA,2,NA
965,6,32586785,32629239,TRUE,17,197,0.000104755,4.66691e-05,0.0103378,0.00604979,TRUE,1,1.04536,FALSE,0.40059,1,0.014621,2,NA
966,6,32629240,32682213,TRUE,12,62,7.30577e-05,7.02402e-05,0.0187248,0.000178279,TRUE,0.729089,0.729089,FALSE,0.00779,1,0.0697788,2,NA
967,6,32682214,32897998,TRUE,65,393,4.76089e-05,2.85986e-05,0.228678,0.182757,FALSE,NA,NA,NA,NA,NA,NA,2,NA
968,6,32897999,33194975,TRUE,73,352,0.000126618,0.000142611,0.0457654,0.000229593,TRUE,0.376746,0.376746,FALSE,-0.45104,1,0.303941,2,NA
969,6,33194976,33864262,TRUE,203,1584,0.000347736,0.000291744,0.00316114,4.42482e-07,TRUE,0.303463,0.303463,FALSE,-0.1936,0.84019,0.198008,2,NA
970,6,33864263,34979270,TRUE,282,2420,0.000572672,0.000198902,0.00012021,0.00108723,TRUE,0.0108664,0.0108664,FALSE,-0.60395,0.53511,0.964787,2,NA
971,6,34979271,36346353,TRUE,309,2610,0.000428191,0.000336954,0.00342497,1.07992e-06,TRUE,0.0567018,0.0567018,FALSE,-0.51752,0.56057,0.808101,2,NA
972,6,36346354,37570051,TRUE,445,2907,NA,0.000258536,NA,0.00062307,FALSE,NA,NA,NA,NA,NA,NA,1,"MDD"
973,6,37570052,38688720,TRUE,353,2487,0.000558879,0.000254787,0.000452269,0.000239263,TRUE,0.1736,0.1736,FALSE,-0.36263,0.69914,0.471058,2,NA
974,6,38688721,39785907,TRUE,366,3012,0.000336095,8.61729e-05,0.0206724,0.102605,FALSE,NA,NA,NA,NA,NA,NA,2,NA
975,6,39785908,40778401,TRUE,339,2740,4.45381e-05,0.000278077,0.377504,6.2373e-05,FALSE,NA,NA,NA,NA,NA,NA,2,NA
976,6,40778402,42103738,TRUE,493,2914,7.21225e-05,0.000123178,0.343048,0.0639975,FALSE,NA,NA,NA,NA,NA,NA,2,NA
977,6,42103739,43770626,TRUE,423,2958,0.000234037,0.000311216,0.089924,4.49007e-05,FALSE,NA,NA,NA,NA,NA,NA,2,NA
978,6,43770627,44596897,TRUE,438,1934,NA,0.000170531,NA,0.0141719,FALSE,NA,NA,NA,NA,NA,NA,1,"MDD"
979,6,44596898,45408421,TRUE,97,1987,2.59182e-05,6.10805e-05,0.360118,0.0510794,FALSE,NA,NA,NA,NA,NA,NA,2,NA
980,6,45408422,46430701,TRUE,323,2084,0.00059059,0.000191722,0.000164966,0.0026762,TRUE,0.326931,0.326931,FALSE,-0.2231,0.95073,0.206712,2,NA
981,6,46430702,47313443,TRUE,280,2011,NA,3.88929e-05,NA,0.251705,FALSE,NA,NA,NA,NA,NA,NA,1,"MDD"
982,6,47313444,48393981,TRUE,231,2483,0.000122599,9.44582e-05,0.167288,0.0445199,FALSE,NA,NA,NA,NA,NA,NA,2,NA
983,6,48393982,49528164,TRUE,148,2442,0.000163518,4.49726e-05,0.0592994,0.148308,FALSE,NA,NA,NA,NA,NA,NA,2,NA
984,6,49528165,50940767,TRUE,232,3121,0.000394981,7.28982e-05,0.00197169,0.0904579,FALSE,NA,NA,NA,NA,NA,NA,2,NA
985,6,50940768,51826423,TRUE,165,2305,0.000122172,0.000230788,0.132914,4.50981e-06,FALSE,NA,NA,NA,NA,NA,NA,2,NA
986,6,51826424,52598879,TRUE,276,1999,0.000242148,0.000142151,0.0449485,0.011193,TRUE,-0.18676,-0.18676,FALSE,-1,0.69232,0.642973,2,NA
987,6,52598880,53425492,TRUE,239,1939,0.000104924,0.000218584,0.206754,0.000198764,FALSE,NA,NA,NA,NA,NA,NA,2,NA
988,6,53425493,54452767,TRUE,217,2286,1.10333e-05,4.65969e-06,0.45162,0.45169,FALSE,NA,NA,NA,NA,NA,NA,2,NA
989,6,54452768,55469137,TRUE,189,3253,NA,0.000162743,NA,0.00109616,FALSE,NA,NA,NA,NA,NA,NA,1,"MDD"
990,6,55469138,56200985,TRUE,158,2099,0.000212244,0.000142531,0.0264635,0.00158722,TRUE,-0.073624,-0.073624,FALSE,-1,0.72481,0.832345,2,NA
991,6,56200986,57316157,TRUE,189,1646,7.58985e-05,1.04177e-05,0.246452,0.402568,FALSE,NA,NA,NA,NA,NA,NA,2,NA
992,6,57316158,58141889,TRUE,46,1236,0.000215365,3.22134e-05,0.000893214,0.0959836,FALSE,NA,NA,NA,NA,NA,NA,2,NA
993,6,58141890,61883560,TRUE,50,1341,5.15976e-05,7.38797e-05,0.197237,0.00605404,FALSE,NA,NA,NA,NA,NA,NA,2,NA
994,6,61883561,62693128,TRUE,54,1656,1.14172e-05,5.66849e-05,0.402417,0.0251145,FALSE,NA,NA,NA,NA,NA,NA,2,NA
995,6,62693129,64010286,TRUE,152,3136,0.000292523,0.00011369,0.00445326,0.00761611,TRUE,0.271941,0.271941,FALSE,-0.51857,1,0.411321,2,NA
996,6,64010287,65759861,TRUE,239,3454,0.000341693,0.000246012,0.00608435,2.53557e-05,TRUE,0.106073,0.106073,FALSE,-0.5525,0.69111,0.685674,2,NA
997,6,65759862,66445495,TRUE,136,1786,0.000269322,0.00013302,0.00529922,0.00184216,TRUE,-0.184758,-0.184758,FALSE,-1,0.46431,0.553031,2,NA
998,6,66445496,67036787,TRUE,96,1915,0.000273051,0.000128102,0.00249274,0.000580468,TRUE,0.303557,0.303557,FALSE,-0.34518,0.99798,0.29736,2,NA
999,6,67036788,67559694,TRUE,140,1804,0.00011779,0.000151847,0.116805,0.000541389,FALSE,NA,NA,NA,NA,NA,NA,2,NA
1000,6,67559695,68547494,TRUE,175,3362,0.00026202,0.000118288,0.0125784,0.00842755,TRUE,0.253708,0.253708,FALSE,-0.60168,1,0.4747,2,NA
1001,6,68547495,69294227,TRUE,198,2505,0.000252671,0.000189407,0.0197408,0.000285114,TRUE,-0.301208,-0.301208,FALSE,-1,0.33123,0.333357,2,NA
1002,6,69294228,70363348,TRUE,190,2559,1.59282e-05,0.00021685,0.431156,3.47697e-05,FALSE,NA,NA,NA,NA,NA,NA,2,NA
1003,6,70363349,71610787,TRUE,307,2639,0.000414572,3.63747e-05,0.00385772,0.272476,FALSE,NA,NA,NA,NA,NA,NA,2,NA
1004,6,71610788,72290723,TRUE,177,2055,0.00058603,0.000325554,3.72183e-06,2.3963e-08,TRUE,0.125579,0.125579,FALSE,-0.25525,0.48316,0.491793,2,NA
1005,6,72290724,73170168,TRUE,190,1986,0.000159464,0.000250597,0.0850724,3.32463e-06,FALSE,NA,NA,NA,NA,NA,NA,2,NA
1006,6,73170169,74401506,TRUE,276,2685,NA,8.09559e-05,NA,0.0871369,FALSE,NA,NA,NA,NA,NA,NA,1,"MDD"
1007,6,74401507,75461313,TRUE,179,2798,0.000135304,7.74994e-05,0.114726,0.0540763,FALSE,NA,NA,NA,NA,NA,NA,2,NA
1008,6,75461314,77274030,TRUE,291,2953,0.000324017,8.59823e-05,0.0152039,0.0814264,FALSE,NA,NA,NA,NA,NA,NA,2,NA
1009,6,77274031,78168731,TRUE,201,2246,0.000155803,0.00023038,0.0991602,2.38695e-05,FALSE,NA,NA,NA,NA,NA,NA,2,NA
1010,6,78168732,78959762,TRUE,108,1904,4.87939e-05,7.54706e-05,0.275123,0.0264716,FALSE,NA,NA,NA,NA,NA,NA,2,NA
1011,6,78959763,79859903,TRUE,128,2099,6.37805e-05,0.000101953,0.239808,0.00856374,FALSE,NA,NA,NA,NA,NA,NA,2,NA
1012,6,79859904,80693927,TRUE,227,2031,5.39968e-05,0.000177152,0.323494,0.00109693,FALSE,NA,NA,NA,NA,NA,NA,2,NA
1013,6,80693928,81567706,TRUE,136,2282,NA,8.32719e-05,NA,0.0264267,FALSE,NA,NA,NA,NA,NA,NA,1,"MDD"
1014,6,81567707,82388204,TRUE,109,2228,NA,0.000127705,NA,0.00102843,FALSE,NA,NA,NA,NA,NA,NA,1,"MDD"
1015,6,82388205,83571953,TRUE,262,2584,3.13532e-05,0.000324476,0.397409,3.52323e-07,FALSE,NA,NA,NA,NA,NA,NA,2,NA
1016,6,83571954,85038134,TRUE,259,2246,0.000103588,9.09077e-05,0.218931,0.0591104,FALSE,NA,NA,NA,NA,NA,NA,2,NA
1017,6,85038135,85837203,TRUE,177,2014,7.14294e-05,0.000102199,0.251998,0.0198809,FALSE,NA,NA,NA,NA,NA,NA,2,NA
1018,6,85837204,86818669,TRUE,128,1972,NA,7.24199e-05,NA,0.0401972,FALSE,NA,NA,NA,NA,NA,NA,1,"MDD"
1019,6,86818670,87516322,TRUE,164,1870,8.15286e-05,8.54908e-06,0.216947,0.410858,FALSE,NA,NA,NA,NA,NA,NA,2,NA
1020,6,87516323,88499745,TRUE,152,2105,0.000160305,2.0718e-05,0.0638752,0.307137,FALSE,NA,NA,NA,NA,NA,NA,2,NA
1021,6,88499746,89974267,TRUE,436,3324,0.000236567,0.000266742,0.0890788,0.000346973,FALSE,NA,NA,NA,NA,NA,NA,2,NA
1022,6,89974268,91097024,TRUE,333,1980,0.000447314,0.000287677,0.00273794,3.0547e-05,TRUE,-0.08541,-0.08541,FALSE,-0.76539,0.41741,0.728537,2,NA
1023,6,91097025,92015279,TRUE,270,2097,0.000201388,4.95928e-05,0.0749164,0.19385,FALSE,NA,NA,NA,NA,NA,NA,2,NA
1024,6,92015280,92953798,TRUE,231,1996,1.9458e-05,0.000216478,0.427332,0.000126251,FALSE,NA,NA,NA,NA,NA,NA,2,NA
1025,6,92953799,93696825,TRUE,183,1889,NA,6.78375e-05,NA,0.0860578,FALSE,NA,NA,NA,NA,NA,NA,1,"MDD"
1026,6,93696826,95176337,TRUE,352,3440,0.000398828,0.000146265,0.0074525,0.0190136,TRUE,0.166874,0.166874,FALSE,-0.8056,1,0.635145,2,NA
1027,6,95176338,96480153,TRUE,201,2609,0.000415787,4.91098e-05,0.000905068,0.164035,FALSE,NA,NA,NA,NA,NA,NA,2,NA
1028,6,96480154,98173003,TRUE,300,3693,3.30018e-05,0.000292017,0.399594,1.01495e-05,FALSE,NA,NA,NA,NA,NA,NA,2,NA
1029,6,98173004,99678876,TRUE,325,2558,0.000212423,0.000115968,0.0808078,0.0380445,FALSE,NA,NA,NA,NA,NA,NA,2,NA
1030,6,99678877,100878645,TRUE,306,2650,0.000105266,0.000222424,0.233438,0.000428432,FALSE,NA,NA,NA,NA,NA,NA,2,NA
1031,6,100878646,101793542,TRUE,124,1926,0.000267081,4.95346e-05,0.00413159,0.106735,FALSE,NA,NA,NA,NA,NA,NA,2,NA
1032,6,101793543,102637706,TRUE,228,1840,NA,0.000173062,NA,0.00149231,FALSE,NA,NA,NA,NA,NA,NA,1,"MDD"
1033,6,102637707,103612625,TRUE,166,2031,0.000295798,0.000175718,0.00615692,0.000313303,TRUE,-0.825317,-0.825317,FALSE,-1,-0.26827,0.00470431,2,NA
1034,6,103612626,104209796,TRUE,101,1935,NA,NA,NA,NA,FALSE,NA,NA,NA,NA,NA,NA,0,"MDD,BIP"
1035,6,104209797,104951344,TRUE,170,1845,6.06282e-05,8.39536e-05,0.27963,0.039748,FALSE,NA,NA,NA,NA,NA,NA,2,NA
1036,6,104951345,106053915,TRUE,256,1912,0.000153063,5.45316e-05,0.129374,0.166688,FALSE,NA,NA,NA,NA,NA,NA,2,NA
1037,6,106053916,107309327,TRUE,443,3223,NA,0.000129671,NA,0.0456854,FALSE,NA,NA,NA,NA,NA,NA,1,"MDD"
1038,6,107309328,109043244,TRUE,409,2977,0.000289799,0.000130146,0.0500842,0.0405266,FALSE,NA,NA,NA,NA,NA,NA,2,NA
1039,6,109043245,110647842,TRUE,255,3197,0.000277914,7.39486e-05,0.0231711,0.0973892,FALSE,NA,NA,NA,NA,NA,NA,2,NA
1040,6,110647843,111363443,TRUE,165,1832,0.000187279,1.52633e-05,0.0449348,0.355123,FALSE,NA,NA,NA,NA,NA,NA,2,NA
1041,6,111363444,112342873,TRUE,217,1924,0.00018227,0.000201995,0.0834002,0.000287816,FALSE,NA,NA,NA,NA,NA,NA,2,NA
1042,6,112342874,113705003,TRUE,330,2488,0.000167138,0.000207898,0.136103,0.00121338,FALSE,NA,NA,NA,NA,NA,NA,2,NA
1043,6,113705004,115062811,TRUE,290,2521,0.000243754,4.67107e-05,0.0461115,0.213737,FALSE,NA,NA,NA,NA,NA,NA,2,NA
1044,6,115062812,116132147,TRUE,149,2490,2.13453e-05,0.000192926,0.401783,4.66831e-05,FALSE,NA,NA,NA,NA,NA,NA,2,NA
1045,6,116132148,117674076,TRUE,271,3197,0.000341828,0.000186962,0.0101331,0.00150339,TRUE,0.090634,0.090634,FALSE,-0.73793,0.82429,0.7696,2,NA
1046,6,117674077,118529071,TRUE,182,1850,0.000248277,0.000148148,0.0187075,0.0020806,TRUE,-0.193097,-0.193097,FALSE,-1,0.54008,0.56682,2,NA
1047,6,118529072,119451294,TRUE,148,2083,1.48797e-05,9.68702e-05,0.429004,0.0178973,FALSE,NA,NA,NA,NA,NA,NA,2,NA
1048,6,119451295,120339244,TRUE,142,2426,0.000126078,0.000156907,0.109547,0.000869363,FALSE,NA,NA,NA,NA,NA,NA,2,NA
1049,6,120339245,121087444,TRUE,119,1927,0.000411993,7.02269e-05,4.87087e-05,0.0398938,TRUE,0.158333,0.158333,FALSE,-0.67773,1,0.631544,2,NA
1050,6,121087445,121908063,FALSE,NA,NA,NA,NA,NA,NA,FALSE,NA,NA,NA,NA,NA,NA,NA,NA
1051,6,121908064,122929290,TRUE,146,2197,0.000196284,3.64225e-05,0.0315457,0.191968,FALSE,NA,NA,NA,NA,NA,NA,2,NA
1052,6,122929291,123854857,TRUE,273,2170,0.00039256,0.000275765,0.00428071,1.1902e-05,TRUE,0.476369,0.476369,FALSE,-0.02081,1,0.0578664,2,NA
1053,6,123854858,125365054,TRUE,514,3186,0.000806066,8.85132e-05,5.24962e-05,0.135408,FALSE,NA,NA,NA,NA,NA,NA,2,NA
1054,6,125365055,127545459,TRUE,418,3089,0.000397808,0.000181992,0.01266,0.00813827,TRUE,-0.141191,-0.141191,FALSE,-1,0.5767,0.676792,2,NA
1055,6,127545460,128763380,TRUE,242,2033,5.60386e-05,0.000300389,0.325697,1.08079e-06,FALSE,NA,NA,NA,NA,NA,NA,2,NA
1056,6,128763381,129850178,TRUE,242,2317,0.000532517,0.000189099,0.000106059,0.000729902,TRUE,-0.127638,-0.127638,FALSE,-0.78155,0.36486,0.60069,2,NA
1057,6,129850179,130550137,TRUE,301,1887,0.00026928,0.000198755,0.0352363,0.00143378,TRUE,0.0480522,0.0480522,FALSE,-1,0.88264,0.889137,2,NA
1058,6,130550138,131457164,TRUE,191,2580,0.000310217,3.64203e-05,0.00588903,0.224886,FALSE,NA,NA,NA,NA,NA,NA,2,NA
1059,6,131457165,132890694,TRUE,377,2711,0.000387882,0.000150025,0.0108309,0.0173528,TRUE,0.0962281,0.0962281,FALSE,-0.95434,1,0.787702,2,NA
1060,6,132890695,134313643,TRUE,381,3137,0.000657971,8.02602e-05,0.000101919,0.12518,FALSE,NA,NA,NA,NA,NA,NA,2,NA
1061,6,134313644,135544083,TRUE,401,2501,0.000229452,0.000139014,0.088563,0.0287691,FALSE,NA,NA,NA,NA,NA,NA,2,NA
1062,6,135544084,137553212,TRUE,463,2838,0.000159994,0.00031499,0.191502,9.1667e-05,FALSE,NA,NA,NA,NA,NA,NA,2,NA
1063,6,137553213,138825721,TRUE,429,3125,0.000517422,0.000223074,0.00237548,0.00207475,TRUE,0.00584362,0.00584362,FALSE,-0.74132,0.60657,0.983352,2,NA
1064,6,138825722,139716713,TRUE,277,2078,0.000424345,0.000262772,0.00233697,3.16516e-05,TRUE,0.180294,0.180294,FALSE,-0.38294,0.72849,0.465741,2,NA
1065,6,139716714,141449453,TRUE,338,3025,0.000259021,0.000106445,0.0488995,0.0553609,FALSE,NA,NA,NA,NA,NA,NA,2,NA
1066,6,141449454,143083347,TRUE,297,2900,0.000535815,0.000118596,0.000315301,0.0326687,TRUE,-0.0987092,-0.0987092,FALSE,-1,0.59887,0.759316,2,NA
1067,6,143083348,144791455,TRUE,525,3224,0.000789141,0.00031412,6.38924e-05,0.000177627,TRUE,-0.0793002,-0.0793002,FALSE,-0.61989,0.3553,0.717078,2,NA
1068,6,144791456,145778282,TRUE,188,2173,0.00028655,7.45331e-05,0.00955894,0.0672108,FALSE,NA,NA,NA,NA,NA,NA,2,NA
1069,6,145778283,147015882,TRUE,161,2003,NA,9.5681e-05,NA,0.0221648,FALSE,NA,NA,NA,NA,NA,NA,1,"MDD"
1070,6,147015883,148184844,TRUE,328,2371,0.000181289,0.000153925,0.116911,0.0113635,FALSE,NA,NA,NA,NA,NA,NA,2,NA
1071,6,148184845,149278798,TRUE,467,3143,4.44936e-05,0.000162426,0.393918,0.0198597,FALSE,NA,NA,NA,NA,NA,NA,2,NA
1072,6,149278799,150635315,TRUE,382,3178,0.000684146,0.000187246,5.79656e-05,0.00515297,TRUE,-0.480865,-0.480865,FALSE,-1,0.01951,0.063673,2,NA
1073,6,150635316,151629954,TRUE,449,3086,5.64772e-05,0.000155345,0.367333,0.0239779,FALSE,NA,NA,NA,NA,NA,NA,2,NA
1074,6,151629955,152376499,TRUE,258,1871,0.000173226,0.000163247,0.101468,0.00375125,FALSE,NA,NA,NA,NA,NA,NA,2,NA
1075,6,152376500,153082361,TRUE,259,1910,NA,0.000368079,NA,1.90797e-08,FALSE,NA,NA,NA,NA,NA,NA,1,"MDD"
1076,6,153082362,153791461,TRUE,204,1857,1.88666e-05,0.000126262,0.424003,0.00927315,FALSE,NA,NA,NA,NA,NA,NA,2,NA
1077,6,153791462,154462010,TRUE,130,1834,NA,0.000111803,NA,0.0050601,FALSE,NA,NA,NA,NA,NA,NA,1,"MDD"
1078,6,154462011,155523957,TRUE,498,2694,0.000109988,0.000206077,0.272314,0.00658291,FALSE,NA,NA,NA,NA,NA,NA,2,NA
1079,6,155523958,156762740,TRUE,461,3135,0.000492532,0.000408995,0.00441033,6.52245e-07,TRUE,-0.033486,-0.033486,FALSE,-0.645,0.44594,0.883915,2,NA
1080,6,156762741,158220143,TRUE,446,2654,0.000280937,0.000159984,0.0581381,0.0192927,FALSE,NA,NA,NA,NA,NA,NA,2,NA
1081,6,158220144,158952060,TRUE,204,1990,0.000122002,0.000148283,0.150173,0.00317377,FALSE,NA,NA,NA,NA,NA,NA,2,NA
1082,6,158952061,159604052,TRUE,215,1943,0.000384379,4.67658e-05,0.00182012,0.180522,FALSE,NA,NA,NA,NA,NA,NA,2,NA
1083,6,159604053,160583918,TRUE,294,2384,0.000241613,0.000162697,0.0504504,0.00564399,FALSE,NA,NA,NA,NA,NA,NA,2,NA
1084,6,160583919,161371014,TRUE,183,1911,0.000144662,4.15212e-05,0.100664,0.193395,FALSE,NA,NA,NA,NA,NA,NA,2,NA
1085,6,161371015,162254229,TRUE,379,2271,0.000257587,0.000174155,0.0589996,0.0076707,FALSE,NA,NA,NA,NA,NA,NA,2,NA
1086,6,162254230,163336361,TRUE,303,2944,0.000283037,1.02344e-06,0.0291641,0.482493,FALSE,NA,NA,NA,NA,NA,NA,2,NA
1087,6,163336362,164687462,TRUE,512,3598,0.000406908,0.000431696,0.0180511,4.9127e-07,TRUE,0.01758,0.01758,FALSE,-0.67978,0.56856,0.944333,2,NA
1088,6,164687463,165835953,TRUE,329,3388,0.000556232,0.000315359,0.000321997,4.45277e-06,TRUE,-0.0740969,-0.0740969,FALSE,-0.61984,0.35642,0.730387,2,NA
1089,6,165835954,166853325,TRUE,432,2953,0.000409996,7.2287e-05,0.0112533,0.161151,FALSE,NA,NA,NA,NA,NA,NA,2,NA
1090,6,166853326,167714865,TRUE,349,2573,0.000143139,0.000369068,0.177989,3.87732e-07,FALSE,NA,NA,NA,NA,NA,NA,2,NA
1091,6,167714866,168707338,TRUE,386,2691,NA,0.000175212,NA,0.0078822,FALSE,NA,NA,NA,NA,NA,NA,1,"MDD"
1092,6,168707339,169667886,TRUE,377,3438,0.000193439,NA,0.116874,NA,FALSE,NA,NA,NA,NA,NA,NA,1,"BIP"
1093,6,169667887,171053405,TRUE,322,3148,0.00026073,0.000184871,0.0470892,0.00307912,TRUE,-0.208057,-0.208057,FALSE,-1,0.59943,0.574059,2,NA
1094,7,15064,617319,TRUE,189,980,0.000324944,0.000190864,0.00460407,0.000351146,TRUE,0.526097,0.526097,FALSE,-0.02643,1,0.0635806,2,NA
1095,7,617320,1366972,TRUE,320,2265,0.000584498,0.000196216,0.00016515,0.00218199,TRUE,-0.442149,-0.442149,FALSE,-1,0.06948,0.0849157,2,NA
1096,7,1366973,2473749,TRUE,413,2989,0.00110699,0.000302592,4.33193e-09,8.08468e-05,TRUE,-0.15699,-0.15699,FALSE,-0.58768,0.19806,0.386874,2,NA
1097,7,2473750,3100211,TRUE,378,1789,0.00030858,0.000181073,0.0328714,0.00658247,TRUE,-0.0931983,-0.0931983,FALSE,-1,0.75105,0.799645,2,NA
1098,7,3100212,4139431,TRUE,413,3233,0.000530421,0.000192745,0.00152891,0.00536503,TRUE,-0.440557,-0.440557,FALSE,-1,0.12782,0.129186,2,NA
1099,7,4139432,4938442,TRUE,432,2530,9.28281e-05,9.81861e-05,0.289947,0.0948419,FALSE,NA,NA,NA,NA,NA,NA,2,NA
1100,7,4938443,6020653,TRUE,508,2994,0.000464483,0.000192102,0.00932012,0.0105838,TRUE,-0.152221,-0.152221,FALSE,-1,0.56216,0.648982,2,NA
1101,7,6020654,6716905,TRUE,242,1821,0.000201933,0.00014015,0.0658774,0.00849739,FALSE,NA,NA,NA,NA,NA,NA,2,NA
1102,7,6716906,7167610,TRUE,140,1146,1.84804e-05,4.37218e-05,0.412124,0.148612,FALSE,NA,NA,NA,NA,NA,NA,2,NA
1103,7,7167611,7926500,TRUE,324,2262,0.000319042,0.000151003,0.0198094,0.011523,TRUE,0.338174,0.338174,FALSE,-0.54386,1,0.354713,2,NA
1104,7,7926501,8718351,TRUE,369,2313,0.000142831,7.79085e-06,0.187771,0.446408,FALSE,NA,NA,NA,NA,NA,NA,2,NA
1105,7,8718352,9225106,TRUE,290,1761,3.38058e-05,0.000111156,0.395639,0.0389508,FALSE,NA,NA,NA,NA,NA,NA,2,NA
1106,7,9225107,9900801,TRUE,255,2318,4.49708e-05,0.000109707,0.357558,0.0299081,FALSE,NA,NA,NA,NA,NA,NA,2,NA
1107,7,9900802,10481677,TRUE,203,1927,5.90331e-05,NA,0.301101,NA,FALSE,NA,NA,NA,NA,NA,NA,1,"BIP"
1108,7,10481678,11232447,TRUE,191,2135,5.35547e-05,NA,0.31015,NA,FALSE,NA,NA,NA,NA,NA,NA,1,"BIP"
1109,7,11232448,11855413,TRUE,283,1924,0.00024162,0.000150314,0.0464119,0.00818257,TRUE,0.240961,0.240961,FALSE,-0.84227,1,0.54152,2,NA
1110,7,11855414,12694915,TRUE,247,3151,0.000115674,0.000164717,0.185953,0.00265877,FALSE,NA,NA,NA,NA,NA,NA,2,NA
1111,7,12694916,13213541,TRUE,189,1713,2.92551e-05,0.000180463,0.386407,0.000477811,FALSE,NA,NA,NA,NA,NA,NA,2,NA
1112,7,13213542,13676747,TRUE,185,1594,0.000138327,0.000157137,0.112465,0.00155173,FALSE,NA,NA,NA,NA,NA,NA,2,NA
1113,7,13676748,15013694,TRUE,515,3281,0.000718378,0.000217391,0.000187375,0.00458145,TRUE,0.204457,0.204457,FALSE,-0.39142,0.85054,0.433574,2,NA
1114,7,15013695,15877564,TRUE,308,2171,0.000187398,0.000120357,0.103975,0.0301194,FALSE,NA,NA,NA,NA,NA,NA,2,NA
1115,7,15877565,16739013,TRUE,277,2212,0.000161032,0.000129975,0.123844,0.0176928,FALSE,NA,NA,NA,NA,NA,NA,2,NA
1116,7,16739014,17596578,TRUE,421,2165,0.000192282,0.000256738,0.131938,0.000509017,FALSE,NA,NA,NA,NA,NA,NA,2,NA
1117,7,17596579,19131026,TRUE,560,3182,0.000452873,0.00034348,0.0137766,8.67032e-05,TRUE,-0.13586,-0.13586,FALSE,-1,0.43491,0.621339,2,NA
1118,7,19131027,20122179,TRUE,333,3013,0.000376742,0.000204577,0.00958256,0.00156985,TRUE,-0.377202,-0.377202,FALSE,-1,0.22509,0.216301,2,NA
1119,7,20122180,21390644,TRUE,487,3176,0.000567192,0.000525168,0.00162693,9.7029e-10,TRUE,0.0399604,0.0399604,FALSE,-0.42245,0.4462,0.839615,2,NA
1120,7,21390645,22165060,TRUE,474,2368,0.000292033,0.000315928,0.0580667,7.73478e-05,FALSE,NA,NA,NA,NA,NA,NA,2,NA
1121,7,22165061,23106680,TRUE,285,2365,NA,0.000117275,NA,0.0286996,FALSE,NA,NA,NA,NA,NA,NA,1,"MDD"
1122,7,23106681,24151099,TRUE,261,2271,0.000448225,0.000192993,0.00102145,0.000855436,TRUE,-0.4732,-0.4732,FALSE,-1,0.04311,0.074282,2,NA
1123,7,24151100,24894119,TRUE,240,2160,0.00048029,0.000165519,0.000424733,0.00233122,TRUE,0.10783,0.10783,FALSE,-0.56933,0.70305,0.689478,2,NA
1124,7,24894120,25671575,TRUE,346,2117,0.000326905,0.000366214,0.0206565,3.11401e-07,TRUE,0.374344,0.374344,FALSE,-0.14673,1,0.149308,2,NA
1125,7,25671576,27351286,TRUE,440,3550,0.000358273,0.000320924,0.0237291,3.38663e-05,TRUE,-0.569703,-0.569703,FALSE,-1,-0.03452,0.0460797,2,NA
1126,7,27351287,28890886,TRUE,537,3460,0.000610525,0.000328285,0.00132202,9.29133e-05,TRUE,-0.510309,-0.510309,FALSE,-1,-0.04831,0.0328302,2,NA
1127,7,28890887,30175113,TRUE,476,3429,0.000412895,0.000255202,0.0137495,0.00088706,TRUE,0.0947265,0.0947265,FALSE,-0.73249,0.80793,0.752384,2,NA
1128,7,30175114,31730554,TRUE,535,3389,0.000411407,0.000264805,0.0202242,0.00130539,TRUE,-0.537595,-0.537595,FALSE,-1,0.09516,0.0885808,2,NA
1129,7,31730555,32460228,TRUE,249,2076,NA,0.000215904,NA,0.00022895,FALSE,NA,NA,NA,NA,NA,NA,1,"MDD"
1130,7,32460229,33159277,TRUE,107,1703,5.95695e-06,NA,0.454208,NA,FALSE,NA,NA,NA,NA,NA,NA,1,"BIP"
1131,7,33159278,34114532,TRUE,251,1940,0.000127417,0.000356304,0.168519,4.20708e-08,FALSE,NA,NA,NA,NA,NA,NA,2,NA
1132,7,34114533,35354135,TRUE,250,2850,0.000120267,7.11694e-05,0.179509,0.102949,FALSE,NA,NA,NA,NA,NA,NA,2,NA
1133,7,35354136,36507690,TRUE,348,2860,NA,0.000211975,NA,0.00129457,FALSE,NA,NA,NA,NA,NA,NA,1,"MDD"
1134,7,36507691,37981936,TRUE,511,3629,0.000310315,0.000295112,0.0527667,0.000277769,FALSE,NA,NA,NA,NA,NA,NA,2,NA
1135,7,37981937,38966483,TRUE,313,3020,0.000215669,NA,0.074759,NA,FALSE,NA,NA,NA,NA,NA,NA,1,"BIP"
1136,7,38966484,40261240,TRUE,288,2483,0.00014535,5.15635e-05,0.152075,0.196065,FALSE,NA,NA,NA,NA,NA,NA,2,NA
1137,7,40261241,41415925,TRUE,271,1980,0.000189672,9.80474e-05,0.0869193,0.0511336,FALSE,NA,NA,NA,NA,NA,NA,2,NA
1138,7,41415926,42494806,TRUE,366,2397,0.00022743,0.000162918,0.0803576,0.0107796,FALSE,NA,NA,NA,NA,NA,NA,2,NA
1139,7,42494807,43448815,TRUE,255,2239,7.72329e-05,0.000141733,0.273922,0.00911425,FALSE,NA,NA,NA,NA,NA,NA,2,NA
1140,7,43448816,44989571,TRUE,371,2958,0.000318042,0.00033143,0.0283934,7.352e-06,TRUE,-0.884311,-0.884311,FALSE,-1,-0.32013,0.00185352,2,NA
1141,7,44989572,46247335,TRUE,350,3348,4.55519e-05,0.000221632,0.375687,0.000945213,FALSE,NA,NA,NA,NA,NA,NA,2,NA
1142,7,46247336,47253454,TRUE,316,2960,5.40275e-05,0.000156299,0.349371,0.00941392,FALSE,NA,NA,NA,NA,NA,NA,2,NA
1143,7,47253455,48363585,TRUE,412,2666,3.09081e-05,0.000150065,0.418135,0.0213046,FALSE,NA,NA,NA,NA,NA,NA,2,NA
1144,7,48363586,48984625,TRUE,175,1835,4.86406e-05,0.000217311,0.317647,2.17472e-05,FALSE,NA,NA,NA,NA,NA,NA,2,NA
1145,7,48984626,49632426,TRUE,177,1924,NA,0.000121575,NA,0.00785003,FALSE,NA,NA,NA,NA,NA,NA,1,"MDD"
1146,7,49632427,50894508,TRUE,323,3086,0.000286482,0.000183551,0.0322823,0.00321187,TRUE,0.173838,0.173838,FALSE,-0.7656,1,0.622875,2,NA
1147,7,50894509,51951647,TRUE,325,2378,0.000522185,0.000190858,0.000610074,0.00240811,TRUE,0.283426,0.283426,FALSE,-0.32394,0.95759,0.291987,2,NA
1148,7,51951648,52635123,TRUE,163,2360,0.000463484,7.28201e-05,6.46991e-05,0.0581123,FALSE,NA,NA,NA,NA,NA,NA,2,NA
1149,7,52635124,53176523,TRUE,162,2268,NA,0.000179895,NA,0.000172243,FALSE,NA,NA,NA,NA,NA,NA,1,"MDD"
1150,7,53176524,54086987,TRUE,180,2959,0.000207454,0.000159859,0.0370651,0.00105375,TRUE,0.0539552,0.0539552,FALSE,-1,0.95277,0.878082,2,NA
1151,7,54086988,54550500,TRUE,83,1823,0.000133709,7.033e-05,0.0467983,0.0213486,TRUE,0.840765,0.840765,FALSE,0.00032,1,0.0671528,2,NA
1152,7,54550501,55161394,TRUE,169,1658,0.000138374,0.000192313,0.10321,8.62254e-05,FALSE,NA,NA,NA,NA,NA,NA,2,NA
1153,7,55161395,56303513,TRUE,283,3079,5.38391e-05,NA,0.34269,NA,FALSE,NA,NA,NA,NA,NA,NA,1,"BIP"
1154,7,56303514,57383657,TRUE,113,2187,9.05184e-05,7.94975e-05,0.154609,0.0234492,FALSE,NA,NA,NA,NA,NA,NA,2,NA
1155,7,57383658,61969717,TRUE,48,803,8.86548e-05,3.81833e-05,0.0707363,0.067263,FALSE,NA,NA,NA,NA,NA,NA,2,NA
1156,7,61969718,63311297,TRUE,78,1607,NA,7.13764e-05,NA,0.018255,FALSE,NA,NA,NA,NA,NA,NA,1,"MDD"
1157,7,63311298,64216135,TRUE,113,2568,3.38238e-05,0.000117234,0.337458,0.00253154,FALSE,NA,NA,NA,NA,NA,NA,2,NA
1158,7,64216136,65294277,TRUE,93,1764,0.000228268,0.000118964,0.00503677,0.000956433,TRUE,0.120181,0.120181,FALSE,-0.66553,0.84158,0.697542,2,NA
1159,7,65294278,66453993,TRUE,57,2303,5.31759e-05,3.29724e-05,0.193079,0.111896,FALSE,NA,NA,NA,NA,NA,NA,2,NA
1160,7,66453994,66914875,TRUE,83,1572,NA,5.48918e-05,NA,0.0509174,FALSE,NA,NA,NA,NA,NA,NA,1,"MDD"
1161,7,66914876,67474722,TRUE,172,1922,1.12187e-05,6.19665e-05,0.44483,0.0957405,FALSE,NA,NA,NA,NA,NA,NA,2,NA
1162,7,67474723,68569224,TRUE,391,3618,0.000895998,0.000216917,5.09701e-07,0.00203855,TRUE,-0.17469,-0.17469,FALSE,-0.82091,0.27438,0.428678,2,NA
1163,7,68569225,70144614,TRUE,320,2831,7.54423e-05,0.000117461,0.300339,0.0385101,FALSE,NA,NA,NA,NA,NA,NA,2,NA
1164,7,70144615,71215741,TRUE,354,3008,0.000296213,0.000316226,0.0336489,8.39867e-06,TRUE,0.567558,0.567558,FALSE,-0.00199,1,0.0506515,2,NA
1165,7,71215742,73128830,TRUE,327,2857,0.000667143,0.000363551,3.26387e-05,3.83588e-07,TRUE,0.0730358,0.0730358,FALSE,-0.34079,0.46009,0.702265,2,NA
1166,7,73128831,75243899,TRUE,310,1640,0.00053327,8.0965e-05,0.000414025,0.100855,FALSE,NA,NA,NA,NA,NA,NA,2,NA
1167,7,75243900,76451928,TRUE,267,2223,0.000582286,0.000121938,5.50099e-05,0.0221429,TRUE,0.488143,0.488143,FALSE,-0.11268,1,0.0981728,2,NA
1168,7,76451929,77663964,TRUE,241,2248,NA,4.32006e-05,NA,0.213192,FALSE,NA,NA,NA,NA,NA,NA,1,"MDD"
1169,7,77663965,78685009,TRUE,386,3144,0.00016709,0.000472666,0.152153,1.00276e-09,FALSE,NA,NA,NA,NA,NA,NA,2,NA
1170,7,78685010,80055721,TRUE,289,2848,0.000239092,0.00013022,0.0516299,0.0204229,FALSE,NA,NA,NA,NA,NA,NA,2,NA
1171,7,80055722,81533566,TRUE,445,2978,0.000804868,0.000143732,1.7925e-05,0.0324291,TRUE,-0.177835,-0.177835,FALSE,-1,0.42473,0.539846,2,NA
1172,7,81533567,82759283,TRUE,362,2856,0.000416586,0.000289234,0.00610999,4.12738e-05,TRUE,0.270604,0.270604,FALSE,-0.29971,0.92053,0.297549,2,NA
1173,7,82759284,83953009,TRUE,274,3010,0.000159719,0.000159357,0.1246,0.00540537,FALSE,NA,NA,NA,NA,NA,NA,2,NA
1174,7,83953010,85356715,TRUE,212,2296,0.000209522,0.000184257,0.0475224,0.000547232,TRUE,0.0572033,0.0572033,FALSE,-0.97758,0.91844,0.870171,2,NA
1175,7,85356716,86446538,TRUE,143,2413,5.08464e-05,0.000108644,0.293698,0.00816785,FALSE,NA,NA,NA,NA,NA,NA,2,NA
1176,7,86446539,87836641,TRUE,237,2289,0.000406556,0.000187958,0.0016182,0.000718493,TRUE,0.0839684,0.0839684,FALSE,-0.58748,0.67251,0.755973,2,NA
1177,7,87836642,89330087,TRUE,299,3352,0.00012529,0.000250775,0.189241,8.54919e-05,FALSE,NA,NA,NA,NA,NA,NA,2,NA
1178,7,89330088,90660831,TRUE,213,3384,0.000161837,0.000206491,0.0957153,0.000143519,FALSE,NA,NA,NA,NA,NA,NA,2,NA
1179,7,90660832,92530165,TRUE,359,2452,0.000523904,0.00051971,0.000937169,1.27479e-11,TRUE,0.285382,0.285382,FALSE,-0.09232,0.70611,0.129834,2,NA
1180,7,92530166,93691725,TRUE,297,2198,0.000143488,0.000118135,0.16053,0.0307667,FALSE,NA,NA,NA,NA,NA,NA,2,NA
1181,7,93691726,95174847,TRUE,321,2284,0.00013418,0.000200636,0.185704,0.00167995,FALSE,NA,NA,NA,NA,NA,NA,2,NA
1182,7,95174848,96564981,TRUE,309,2747,0.000463876,0.000131845,0.00165756,0.0216502,TRUE,-0.286613,-0.286613,FALSE,-1,0.39599,0.38444,2,NA
1183,7,96564982,97420207,TRUE,250,1710,8.45155e-05,4.18298e-05,0.254189,0.222246,FALSE,NA,NA,NA,NA,NA,NA,2,NA
1184,7,97420208,98173564,TRUE,174,1692,0.00010878,8.98206e-05,0.162105,0.0344605,FALSE,NA,NA,NA,NA,NA,NA,2,NA
1185,7,98173565,99465540,TRUE,246,2273,0.000553392,0.000137899,0.000100543,0.00996867,TRUE,0.559683,0.559683,FALSE,0.03208,1,0.0467134,2,NA
1186,7,99465541,100849307,TRUE,282,2074,0.000372989,0.000431292,0.00580057,4.03855e-10,TRUE,0.377738,0.377738,FALSE,-0.05593,0.94333,0.0845378,2,NA
1187,7,100849308,101950748,TRUE,352,2956,0.000113594,0.000169701,0.230056,0.00742233,FALSE,NA,NA,NA,NA,NA,NA,2,NA
1188,7,101950749,103191322,TRUE,162,1688,0.00024537,9.40167e-06,0.0147141,0.402938,FALSE,NA,NA,NA,NA,NA,NA,2,NA
1189,7,103191323,104109231,TRUE,266,2582,5.71399e-05,8.54563e-05,0.328287,0.072631,FALSE,NA,NA,NA,NA,NA,NA,2,NA
1190,7,104109232,105312563,TRUE,323,2185,0.000171803,0.000196983,0.128108,0.00182594,FALSE,NA,NA,NA,NA,NA,NA,2,NA
1191,7,105312564,106399739,TRUE,473,2614,0.000186729,0.000126265,0.150864,0.0536298,FALSE,NA,NA,NA,NA,NA,NA,2,NA
1192,7,106399740,107658603,TRUE,342,2264,0.000102006,0.000291529,0.248224,2.31693e-05,FALSE,NA,NA,NA,NA,NA,NA,2,NA
1193,7,107658604,109095558,TRUE,334,3216,0.000542293,0.0002502,0.000522405,0.000205886,TRUE,-0.133382,-0.133382,FALSE,-0.78892,0.34332,0.578953,2,NA
1194,7,109095559,110479479,TRUE,373,2996,0.000492113,0.000322067,0.00210234,1.04552e-05,TRUE,0.332063,0.332063,FALSE,-0.16009,0.89515,0.158133,2,NA
1195,7,110479480,111795299,TRUE,311,1999,0.000561449,0.000354347,0.000253117,3.38047e-07,TRUE,0.184919,0.184919,FALSE,-0.24587,0.60528,0.364169,2,NA
1196,7,111795300,113339386,TRUE,303,2878,0.000310222,0.00031957,0.0209942,2.01837e-06,TRUE,0.344918,0.344918,FALSE,-0.2245,1,0.203252,2,NA
1197,7,113339387,115321301,TRUE,341,2860,0.000251001,0.000503023,0.0576995,3.30006e-11,FALSE,NA,NA,NA,NA,NA,NA,2,NA
1198,7,115321302,116835336,TRUE,335,2664,NA,0.000335244,NA,1.80916e-06,FALSE,NA,NA,NA,NA,NA,NA,1,"MDD"
1199,7,116835337,118342090,TRUE,229,2649,0.000416996,0.000288698,0.00116514,1.03989e-06,TRUE,-0.253094,-0.253094,FALSE,-0.87566,0.18828,0.26235,2,NA
1200,7,118342091,119568236,TRUE,106,1873,0.000145111,4.82347e-05,0.0559987,0.0971512,FALSE,NA,NA,NA,NA,NA,NA,2,NA
1201,7,119568237,121042050,TRUE,244,2413,0.000487511,NA,0.000393744,NA,FALSE,NA,NA,NA,NA,NA,NA,1,"BIP"
1202,7,121042051,121946052,TRUE,194,1905,0.000227425,3.42565e-05,0.0300463,0.236671,FALSE,NA,NA,NA,NA,NA,NA,2,NA
1203,7,121946053,123859746,TRUE,365,3602,NA,0.000323333,NA,7.08815e-06,FALSE,NA,NA,NA,NA,NA,NA,1,"MDD"
1204,7,123859747,125389586,TRUE,237,3499,0.000168392,4.22899e-05,0.0978735,0.217182,FALSE,NA,NA,NA,NA,NA,NA,2,NA
1205,7,125389587,126640872,TRUE,199,3206,0.000122134,0.000201745,0.14764,0.000140882,FALSE,NA,NA,NA,NA,NA,NA,2,NA
1206,7,126640873,127903738,TRUE,263,2346,0.000194772,6.77158e-05,0.077411,0.11976,FALSE,NA,NA,NA,NA,NA,NA,2,NA
1207,7,127903739,128779173,TRUE,234,2124,9.75903e-05,0.000107594,0.216462,0.0287059,FALSE,NA,NA,NA,NA,NA,NA,2,NA
1208,7,128779174,130418704,TRUE,432,3245,0.000481816,0.000219528,0.00389835,0.00237321,TRUE,0.515171,0.515171,FALSE,-0.05535,1,0.0754027,2,NA
1209,7,130418705,131856481,TRUE,526,3096,0.000360911,0.000590548,0.0330423,5.59578e-11,TRUE,0.0735186,0.0735186,FALSE,-0.55689,0.64114,0.757941,2,NA
1210,7,131856482,133807216,TRUE,424,3288,0.000510741,0.000435915,0.00248831,5.00344e-08,TRUE,-0.0758925,-0.0758925,FALSE,-0.63191,0.34963,0.722623,2,NA
1211,7,133807217,134943221,TRUE,274,2693,0.000118509,0.000114074,0.193272,0.0312574,FALSE,NA,NA,NA,NA,NA,NA,2,NA
1212,7,134943222,136113467,TRUE,374,2821,0.000192746,0.000274838,0.115878,0.000101826,FALSE,NA,NA,NA,NA,NA,NA,2,NA
1213,7,136113468,137657459,TRUE,395,2820,0.000507934,0.000351203,0.00201333,3.48214e-06,TRUE,0.291134,0.291134,FALSE,-0.19612,0.8093,0.202589,2,NA
1214,7,137657460,138755107,TRUE,460,2563,0.000205182,0.000154375,0.126886,0.024588,FALSE,NA,NA,NA,NA,NA,NA,2,NA
1215,7,138755108,140217630,TRUE,484,2923,0.00019641,0.000414251,0.14766,8.53561e-07,FALSE,NA,NA,NA,NA,NA,NA,2,NA
1216,7,140217631,142098979,TRUE,389,3037,0.000768987,0.000201717,1.10511e-05,0.00315593,TRUE,0.0602211,0.0602211,FALSE,-0.52624,0.57927,0.802421,2,NA
1217,7,142098980,144324464,TRUE,359,3394,0.000397274,NA,0.00929496,NA,FALSE,NA,NA,NA,NA,NA,NA,1,"BIP"
1218,7,144324465,145415775,TRUE,260,2661,6.96826e-05,0.000156887,0.294901,0.00490528,FALSE,NA,NA,NA,NA,NA,NA,2,NA
1219,7,145415776,146574327,TRUE,256,2636,7.26095e-05,0.000149472,0.287755,0.00650764,FALSE,NA,NA,NA,NA,NA,NA,2,NA
1220,7,146574328,147352171,TRUE,213,2186,0.000363161,0.000119706,0.00266872,0.0131414,TRUE,0.120572,0.120572,FALSE,-0.79165,0.89115,0.712821,2,NA
1221,7,147352172,148622913,TRUE,456,3354,0.000568081,0.000101746,0.00126789,0.0914932,FALSE,NA,NA,NA,NA,NA,NA,2,NA
1222,7,148622914,149842999,TRUE,351,2405,0.000512696,0.000145404,0.00113604,0.0181421,TRUE,0.10737,0.10737,FALSE,-0.74189,0.85843,0.733738,2,NA
1223,7,149843000,150897818,TRUE,320,2513,0.000148425,8.62178e-05,0.158749,0.0873644,FALSE,NA,NA,NA,NA,NA,NA,2,NA
1224,7,150897819,152253294,TRUE,521,2508,6.3386e-05,8.81274e-05,0.364289,0.147258,FALSE,NA,NA,NA,NA,NA,NA,2,NA
1225,7,152253295,153241228,TRUE,429,3039,0.000782488,NA,1.63237e-05,NA,FALSE,NA,NA,NA,NA,NA,NA,1,"BIP"
1226,7,153241229,154407487,TRUE,426,2522,0.000494769,0.000285969,0.00336051,0.000146263,TRUE,0.00460072,0.00460072,FALSE,-0.68112,0.5417,0.985701,2,NA
1227,7,154407488,155280610,TRUE,510,2806,0.000641296,0.000122603,0.000645683,0.0657835,FALSE,NA,NA,NA,NA,NA,NA,2,NA
1228,7,155280611,156344386,TRUE,583,2975,6.69175e-05,0.000442717,0.363556,1.09641e-06,FALSE,NA,NA,NA,NA,NA,NA,2,NA
1229,7,156344387,157199331,TRUE,283,2413,0.000290546,0.000135078,0.0229664,0.0154729,TRUE,-0.0452967,-0.0452967,FALSE,-1,0.88833,0.905595,2,NA
1230,7,157199332,158031247,TRUE,424,2506,0.000203554,0.000206871,0.120152,0.00393693,FALSE,NA,NA,NA,NA,NA,NA,2,NA
1231,7,158031248,159128566,TRUE,345,2864,3.95061e-05,0.000107436,0.390309,0.0577361,FALSE,NA,NA,NA,NA,NA,NA,2,NA
1232,8,11740,660414,TRUE,281,1773,0.000204789,0.000112519,0.0757183,0.0344929,FALSE,NA,NA,NA,NA,NA,NA,2,NA
1233,8,660415,1161824,TRUE,285,1685,0.000414134,0.000126003,0.00291108,0.0238871,TRUE,0.192919,0.192919,FALSE,-0.70675,1,0.572936,2,NA
1234,8,1161825,1628039,TRUE,330,1781,0.000683908,0.000349415,2.26277e-05,8.42338e-07,TRUE,-0.175511,-0.175511,FALSE,-0.64526,0.19752,0.36051,2,NA
1235,8,1628040,2070902,TRUE,414,1564,0.000220641,0.000354267,0.0990859,4.08433e-06,FALSE,NA,NA,NA,NA,NA,NA,2,NA
1236,8,2070903,2396122,TRUE,151,1203,0.000150945,0.000180745,0.0812859,0.00030381,FALSE,NA,NA,NA,NA,NA,NA,2,NA
1237,8,2396123,2970491,TRUE,391,2229,0.000175991,0.000237102,0.145463,0.000852233,FALSE,NA,NA,NA,NA,NA,NA,2,NA
1238,8,2970492,3386667,TRUE,358,2342,0.000178703,0.000136708,0.129475,0.025227,FALSE,NA,NA,NA,NA,NA,NA,2,NA
1239,8,3386668,3787248,TRUE,395,2512,0.000139098,0.000225011,0.198458,0.00155162,FALSE,NA,NA,NA,NA,NA,NA,2,NA
1240,8,3787249,4273083,TRUE,520,2771,0.000225236,0.000331928,0.11789,6.90753e-05,FALSE,NA,NA,NA,NA,NA,NA,2,NA
1241,8,4273084,4893120,TRUE,598,2870,0.000541765,0.000558735,0.00520546,4.17341e-09,TRUE,-0.363757,-0.363757,FALSE,-1,0.0497,0.085959,2,NA
1242,8,4893121,5566269,TRUE,433,3181,0.000674791,0.000222749,0.00015101,0.00205525,TRUE,-0.253245,-0.253245,FALSE,-1,0.25453,0.310668,2,NA
1243,8,5566270,6019163,TRUE,281,2373,9.66908e-05,0.00016004,0.240626,0.00540569,FALSE,NA,NA,NA,NA,NA,NA,2,NA
1244,8,6019164,6663427,TRUE,483,2812,0.000578461,0.000529151,0.00157245,1.67475e-09,TRUE,-0.207804,-0.207804,FALSE,-0.76886,0.18179,0.294572,2,NA
1245,8,6663428,8064600,TRUE,249,1188,5.12727e-05,0.000132076,0.341592,0.0127967,FALSE,NA,NA,NA,NA,NA,NA,2,NA
1246,8,8064601,8589770,TRUE,220,1679,0.000186401,0.000155114,0.068799,0.00316474,FALSE,NA,NA,NA,NA,NA,NA,2,NA
1247,8,8589771,9167795,TRUE,291,1890,2.96238e-05,0.000228217,0.407187,0.000288974,FALSE,NA,NA,NA,NA,NA,NA,2,NA
1248,8,9167796,9835863,TRUE,235,1937,0.000117763,0.000430757,0.17634,2.28757e-11,FALSE,NA,NA,NA,NA,NA,NA,2,NA
1249,8,9835864,10478851,TRUE,344,2036,0.000375247,0.000311116,0.00998159,8.63815e-06,TRUE,-0.158541,-0.158541,FALSE,-0.95767,0.38041,0.541203,2,NA
1250,8,10478852,11466761,TRUE,400,2695,0.000512553,0.000239357,0.00195643,0.000797601,TRUE,0.043536,0.043536,FALSE,-0.64166,0.60951,0.87017,2,NA
1251,8,11466762,12296849,TRUE,227,1466,NA,9.96466e-05,NA,0.0364696,FALSE,NA,NA,NA,NA,NA,NA,1,"MDD"
1252,8,12296850,12947935,TRUE,185,1427,7.07108e-05,7.95091e-05,0.261637,0.0547104,FALSE,NA,NA,NA,NA,NA,NA,2,NA
1253,8,12947936,13395051,TRUE,186,1710,NA,8.94844e-05,NA,0.0398106,FALSE,NA,NA,NA,NA,NA,NA,1,"MDD"
1254,8,13395052,13948095,TRUE,269,3109,0.000473031,0.000148155,0.00069046,0.00758788,TRUE,0.360147,0.360147,FALSE,-0.26864,1,0.219282,2,NA
1255,8,13948096,14389305,TRUE,176,1789,4.30789e-05,5.93994e-05,0.337869,0.106397,FALSE,NA,NA,NA,NA,NA,NA,2,NA
1256,8,14389306,14872767,TRUE,215,1895,0.000145472,0.000114136,0.122298,0.0192992,FALSE,NA,NA,NA,NA,NA,NA,2,NA
1257,8,14872768,15359692,TRUE,229,1927,0.000194401,7.52595e-05,0.0656779,0.0825766,FALSE,NA,NA,NA,NA,NA,NA,2,NA
1258,8,15359693,15999328,TRUE,292,2285,0.000211179,0.000133734,0.0730978,0.017942,FALSE,NA,NA,NA,NA,NA,NA,2,NA
1259,8,15999329,16988030,TRUE,380,2807,NA,0.000394608,NA,6.81289e-07,FALSE,NA,NA,NA,NA,NA,NA,1,"MDD"
1260,8,16988031,17492672,TRUE,312,1742,0.000590167,0.000211741,0.000130043,0.000796695,TRUE,-0.112662,-0.112662,FALSE,-0.75091,0.37846,0.642373,2,NA
1261,8,17492673,17947004,TRUE,193,1886,0.000199553,9.64796e-05,0.0504363,0.0300883,FALSE,NA,NA,NA,NA,NA,NA,2,NA
1262,8,17947005,18668609,TRUE,395,2835,3.33197e-05,0.000422342,0.412469,7.92236e-08,FALSE,NA,NA,NA,NA,NA,NA,2,NA
1263,8,18668610,19488888,TRUE,439,2635,1.61708e-05,0.000254719,0.453989,0.000639096,FALSE,NA,NA,NA,NA,NA,NA,2,NA
1264,8,19488889,20135628,TRUE,337,1986,0.000215128,9.36461e-05,0.0850383,0.0810335,FALSE,NA,NA,NA,NA,NA,NA,2,NA
1265,8,20135629,20812107,TRUE,266,1923,0.000208111,0.00017295,0.0668243,0.00266849,FALSE,NA,NA,NA,NA,NA,NA,2,NA
1266,8,20812108,21650453,TRUE,380,2266,0.000319022,0.000106649,0.0292348,0.0667845,FALSE,NA,NA,NA,NA,NA,NA,2,NA
1267,8,21650454,22895018,TRUE,503,2557,0.000367908,0.000250182,0.0288622,0.00162936,TRUE,-0.0513063,-0.0513063,FALSE,-1,0.69512,0.8766,2,NA
1268,8,22895019,23788494,TRUE,376,2684,6.25483e-05,0.000147812,0.341588,0.0191285,FALSE,NA,NA,NA,NA,NA,NA,2,NA
1269,8,23788495,24863243,TRUE,264,2311,0.000122017,0.000184829,0.187281,0.00159521,FALSE,NA,NA,NA,NA,NA,NA,2,NA
1270,8,24863244,25859277,TRUE,328,2270,0.000243552,0.000229507,0.0575387,0.000522272,FALSE,NA,NA,NA,NA,NA,NA,2,NA
1271,8,25859278,26679135,TRUE,330,2647,0.000429409,0.000295467,0.00372396,1.51692e-05,TRUE,0.166697,0.166697,FALSE,-0.404,0.70858,0.499234,2,NA
1272,8,26679136,27406511,TRUE,224,2264,8.25742e-05,0.000239648,0.249663,3.32173e-05,FALSE,NA,NA,NA,NA,NA,NA,2,NA
1273,8,27406512,28344176,TRUE,315,2322,NA,0.000183075,NA,0.00291455,FALSE,NA,NA,NA,NA,NA,NA,1,"MDD"
1274,8,28344177,29744540,TRUE,424,2514,0.000321291,0.000299641,0.0342603,7.20986e-05,TRUE,-0.0998598,-0.0998598,FALSE,-1,0.56317,0.742321,2,NA
1275,8,29744541,31134786,TRUE,294,2633,0.00020136,NA,0.0844805,NA,FALSE,NA,NA,NA,NA,NA,NA,1,"BIP"
1276,8,31134787,32454962,TRUE,313,3396,0.000307941,0.00015509,0.0217261,0.00889711,TRUE,0.0375296,0.0375296,FALSE,-1,0.94848,0.917361,2,NA
1277,8,32454963,33982537,TRUE,293,2691,0.000459212,0.000390635,0.00135703,1.22924e-08,TRUE,-0.111225,-0.111225,FALSE,-0.6522,0.30821,0.593342,2,NA
1278,8,33982538,34792220,TRUE,123,1906,0.000237023,0.000181868,0.0106436,0.000104213,TRUE,0.578304,0.578304,FALSE,0.00164,1,0.0518171,2,NA
1279,8,34792221,36641174,TRUE,287,2113,0.000464035,0.000203512,0.00125702,0.00109275,TRUE,-0.272441,-0.272441,FALSE,-1,0.27326,0.312133,2,NA
1280,8,36641175,38803980,TRUE,574,3124,0.000711747,0.00032819,0.000406271,0.0001525,TRUE,-0.196902,-0.196902,FALSE,-0.89045,0.25885,0.392026,2,NA
1281,8,38803981,40179577,TRUE,310,2745,NA,0.000271657,NA,3.97294e-05,FALSE,NA,NA,NA,NA,NA,NA,1,"MDD"
1282,8,40179578,40974254,TRUE,247,2393,0.000150903,0.000291069,0.124951,1.84359e-06,FALSE,NA,NA,NA,NA,NA,NA,2,NA
1283,8,40974255,41725002,TRUE,268,2000,0.000119519,0.000194783,0.186809,0.000917878,FALSE,NA,NA,NA,NA,NA,NA,2,NA
1284,8,41725003,43825633,TRUE,290,3368,0.000632969,0.000203482,5.35415e-05,0.00170039,TRUE,-0.486027,-0.486027,FALSE,-1,-0.01278,0.0486129,2,NA
1285,8,43825634,49044813,TRUE,121,2348,0.000130676,2.30551e-05,0.0918255,0.273698,FALSE,NA,NA,NA,NA,NA,NA,2,NA
1286,8,49044814,50288660,TRUE,208,2289,NA,8.37206e-05,NA,0.0548335,FALSE,NA,NA,NA,NA,NA,NA,1,"MDD"
1287,8,50288661,51461455,TRUE,140,2463,3.07257e-05,6.0479e-05,0.366944,0.0802643,FALSE,NA,NA,NA,NA,NA,NA,2,NA
1288,8,51461456,52326236,TRUE,142,2131,0.000177341,4.87115e-05,0.0448948,0.126546,FALSE,NA,NA,NA,NA,NA,NA,2,NA
1289,8,52326237,53108910,TRUE,158,2102,0.000132219,0.000108871,0.113616,0.0112731,FALSE,NA,NA,NA,NA,NA,NA,2,NA
1290,8,53108911,54119373,TRUE,202,2234,NA,0.0001677,NA,0.00133123,FALSE,NA,NA,NA,NA,NA,NA,1,"MDD"
1291,8,54119374,55275354,TRUE,222,2363,0.000321129,0.000140541,0.00869948,0.00597463,TRUE,-0.614301,-0.614301,FALSE,-1,0.03423,0.0656654,2,NA
1292,8,55275355,56346878,TRUE,257,2343,0.000167706,0.000106267,0.108093,0.036325,FALSE,NA,NA,NA,NA,NA,NA,2,NA
1293,8,56346879,57436722,TRUE,270,2517,0.00033758,0.000211081,0.00982188,0.000503939,TRUE,0.146467,0.146467,FALSE,-0.59131,0.84871,0.619343,2,NA
1294,8,57436723,58675117,TRUE,316,3340,0.000114998,0.00019851,0.214636,0.00157339,FALSE,NA,NA,NA,NA,NA,NA,2,NA
1295,8,58675118,59555977,TRUE,255,2171,0.000275328,0.000132353,0.0237603,0.0136949,TRUE,0.174003,0.174003,FALSE,-0.9314,1,0.648204,2,NA
1296,8,59555978,60476248,TRUE,245,1718,0.000693235,0.000371025,1.69286e-06,6.47769e-09,TRUE,0.300411,0.300411,FALSE,-0.0365,0.6439,0.0807841,2,NA
1297,8,60476249,61324889,TRUE,162,1860,0.000247999,0.000164467,0.0137902,0.000558794,TRUE,0.216186,0.216186,FALSE,-0.53543,1,0.489998,2,NA
1298,8,61324890,62330900,TRUE,283,1961,0.000396973,0.000238997,0.00405542,0.000123467,TRUE,-0.36859,-0.36859,FALSE,-1,0.15781,0.164238,2,NA
1299,8,62330901,63253462,TRUE,200,2246,3.36636e-05,0.000184269,0.375634,0.000528339,FALSE,NA,NA,NA,NA,NA,NA,2,NA
1300,8,63253463,64215358,TRUE,169,2404,0.000114715,0.000175371,0.144064,0.000284927,FALSE,NA,NA,NA,NA,NA,NA,2,NA
1301,8,64215359,66018204,TRUE,318,2876,0.000583026,0.00037935,0.000156913,7.03551e-08,TRUE,0.373058,0.373058,FALSE,-0.01987,0.79199,0.0559,2,NA
1302,8,66018205,66960438,TRUE,197,2025,5.30248e-05,0.000167885,0.316024,0.000998734,FALSE,NA,NA,NA,NA,NA,NA,2,NA
1303,8,66960439,68683823,TRUE,321,2522,0.000532341,0.000208824,0.00062017,0.00110168,TRUE,0.0772558,0.0772558,FALSE,-0.56491,0.63115,0.766025,2,NA
1304,8,68683824,70004665,TRUE,421,3053,7.78618e-05,0.000429658,0.317391,4.62507e-08,FALSE,NA,NA,NA,NA,NA,NA,2,NA
1305,8,70004666,70872088,TRUE,289,1822,NA,3.66058e-05,NA,0.267813,FALSE,NA,NA,NA,NA,NA,NA,1,"MDD"
1306,8,70872089,72013184,TRUE,182,2133,0.000134121,9.28267e-05,0.117579,0.0304481,FALSE,NA,NA,NA,NA,NA,NA,2,NA
1307,8,72013185,72917489,TRUE,365,2137,0.000154606,0.000209592,0.164472,0.00168486,FALSE,NA,NA,NA,NA,NA,NA,2,NA
1308,8,72917490,73838027,TRUE,267,2292,5.40561e-05,0.000196803,0.336435,0.000809547,FALSE,NA,NA,NA,NA,NA,NA,2,NA
1309,8,73838028,75011699,TRUE,374,2504,0.000121365,0.000348507,0.222099,2.04837e-06,FALSE,NA,NA,NA,NA,NA,NA,2,NA
1310,8,75011700,76295483,TRUE,329,2942,NA,0.00029853,NA,1.49876e-05,FALSE,NA,NA,NA,NA,NA,NA,1,"MDD"
1311,8,76295484,77377989,TRUE,179,2640,2.12436e-06,8.07562e-05,0.478343,0.0504549,FALSE,NA,NA,NA,NA,NA,NA,2,NA
1312,8,77377990,78633659,TRUE,230,2771,4.01883e-05,5.68268e-05,0.364514,0.145681,FALSE,NA,NA,NA,NA,NA,NA,2,NA
1313,8,78633660,79756169,TRUE,167,2611,NA,0.000190484,NA,0.000104642,FALSE,NA,NA,NA,NA,NA,NA,1,"MDD"
1314,8,79756170,81340231,TRUE,395,3388,0.00010524,0.000206335,0.257193,0.00277226,FALSE,NA,NA,NA,NA,NA,NA,2,NA
1315,8,81340232,82878769,TRUE,373,2910,0.000186171,0.000120095,0.125472,0.0461718,FALSE,NA,NA,NA,NA,NA,NA,2,NA
1316,8,82878770,83730337,TRUE,169,2133,NA,8.54476e-05,NA,0.0355494,FALSE,NA,NA,NA,NA,NA,NA,1,"MDD"
1317,8,83730338,85116734,TRUE,231,3608,NA,0.000225304,NA,8.24618e-05,FALSE,NA,NA,NA,NA,NA,NA,1,"MDD"
1318,8,85116735,86251870,TRUE,153,1882,0.000170905,0.000130923,0.0551128,0.0031107,FALSE,NA,NA,NA,NA,NA,NA,2,NA
1319,8,86251871,87563145,TRUE,149,1755,5.44396e-05,0.000103014,0.286989,0.0125526,FALSE,NA,NA,NA,NA,NA,NA,2,NA
1320,8,87563146,89081177,TRUE,301,3182,0.000128197,0.000166319,0.184624,0.00540462,FALSE,NA,NA,NA,NA,NA,NA,2,NA
1321,8,89081178,90364149,TRUE,230,2939,0.000290803,7.90069e-05,0.0142891,0.0736893,FALSE,NA,NA,NA,NA,NA,NA,2,NA
1322,8,90364150,91457962,TRUE,220,2009,0.000210691,0.000126092,0.0489267,0.011744,TRUE,-0.193667,-0.193667,FALSE,-1,0.72917,0.638572,2,NA
1323,8,91457963,92876620,TRUE,183,2052,NA,9.35307e-05,NA,0.0303376,FALSE,NA,NA,NA,NA,NA,NA,1,"MDD"
1324,8,92876621,94999066,TRUE,476,3407,0.000397268,0.000306919,0.0173092,0.000121054,TRUE,0.0461848,0.0461848,FALSE,-0.71728,0.6732,0.871381,2,NA
1325,8,94999067,96175630,TRUE,287,2955,0.000397307,0.00017518,0.00425805,0.00297246,TRUE,-0.000384479,-0.000384479,FALSE,-0.83334,0.66764,0.998979,2,NA
1326,8,96175631,96900513,TRUE,319,1991,0.000131517,0.000185862,0.185752,0.00300054,FALSE,NA,NA,NA,NA,NA,NA,2,NA
1327,8,96900514,98132519,TRUE,315,2081,0.000175742,0.000201389,0.118355,0.00136922,FALSE,NA,NA,NA,NA,NA,NA,2,NA
1328,8,98132520,99388944,TRUE,394,2711,0.00023006,1.08707e-05,0.0854658,0.429028,FALSE,NA,NA,NA,NA,NA,NA,2,NA
1329,8,99388945,101448439,TRUE,249,2693,0.000121402,0.000222662,0.175476,0.000152732,FALSE,NA,NA,NA,NA,NA,NA,2,NA
1330,8,101448440,102548680,TRUE,414,2156,0.000863093,0.000163584,2.21028e-06,0.0143039,TRUE,0.0260449,0.0260449,FALSE,-0.63761,0.58352,0.919167,2,NA
1331,8,102548681,103716053,TRUE,373,2765,0.000267713,0.000343528,0.0513852,3.13039e-06,FALSE,NA,NA,NA,NA,NA,NA,2,NA
1332,8,103716054,104467845,TRUE,228,1858,0.000123362,9.06858e-05,0.160452,0.047862,FALSE,NA,NA,NA,NA,NA,NA,2,NA
1333,8,104467846,105370130,TRUE,112,2290,0.000118268,4.08197e-05,0.0921292,0.135916,FALSE,NA,NA,NA,NA,NA,NA,2,NA
1334,8,105370131,106500950,TRUE,300,2255,4.77086e-05,0.000115267,0.361093,0.0351824,FALSE,NA,NA,NA,NA,NA,NA,2,NA
1335,8,106500951,107787163,TRUE,276,2599,0.000455441,0.000185913,0.00113066,0.00177677,TRUE,-0.402698,-0.402698,FALSE,-1,0.13173,0.143235,2,NA
1336,8,107787164,108647463,TRUE,204,2071,NA,6.99481e-05,NA,0.0871877,FALSE,NA,NA,NA,NA,NA,NA,1,"MDD"
1337,8,108647464,109920827,TRUE,246,2743,NA,8.08818e-05,NA,0.0801372,FALSE,NA,NA,NA,NA,NA,NA,1,"MDD"
1338,8,109920828,111207349,TRUE,244,2424,0.000322433,0.000170625,0.0100367,0.00207002,TRUE,0.43673,0.43673,FALSE,-0.22876,1,0.167216,2,NA
1339,8,111207350,112601513,TRUE,146,2024,0.000179077,0.000135209,0.0450285,0.00183196,TRUE,0.70867,0.70867,FALSE,-0.01539,1,0.0595398,2,NA
1340,8,112601514,113650853,TRUE,132,2032,0.000100335,0.000116834,0.147098,0.00428501,FALSE,NA,NA,NA,NA,NA,NA,2,NA
1341,8,113650854,114781574,TRUE,102,2285,8.89926e-05,9.10576e-05,0.144594,0.00896894,FALSE,NA,NA,NA,NA,NA,NA,2,NA
1342,8,114781575,115334858,TRUE,117,1494,NA,9.04556e-05,NA,0.0131583,FALSE,NA,NA,NA,NA,NA,NA,1,"MDD"
1343,8,115334859,116094203,TRUE,108,1937,1.53162e-06,6.84676e-05,0.474899,0.0413439,FALSE,NA,NA,NA,NA,NA,NA,2,NA
1344,8,116094204,118300068,TRUE,443,3288,0.000222652,0.000247067,0.107926,0.000851431,FALSE,NA,NA,NA,NA,NA,NA,2,NA
1345,8,118300069,119423298,TRUE,328,2196,0.000485521,9.86351e-05,0.00129512,0.067072,FALSE,NA,NA,NA,NA,NA,NA,2,NA
1346,8,119423299,120216587,TRUE,219,1989,0.000143311,5.82086e-05,0.125395,0.133752,FALSE,NA,NA,NA,NA,NA,NA,2,NA
1347,8,120216588,121554390,TRUE,264,2937,0.000167721,0.000132268,0.109928,0.0140489,FALSE,NA,NA,NA,NA,NA,NA,2,NA
1348,8,121554391,122622804,TRUE,309,2514,NA,9.85166e-05,NA,0.0604706,FALSE,NA,NA,NA,NA,NA,NA,1,"MDD"
1349,8,122622805,124001019,TRUE,373,2471,0.000235369,0.000126218,0.0750008,0.0351631,FALSE,NA,NA,NA,NA,NA,NA,2,NA
1350,8,124001020,125453322,TRUE,427,3080,0.000405764,0.000257891,0.0114919,0.000450469,TRUE,-0.051265,-0.051265,FALSE,-0.91336,0.58369,0.859458,2,NA
1351,8,125453323,126766827,TRUE,423,3022,0.00040347,2.42228e-06,0.0122685,0.477547,FALSE,NA,NA,NA,NA,NA,NA,2,NA
1352,8,126766828,128073654,TRUE,399,3044,6.78886e-05,0.000170361,0.333279,0.0100074,FALSE,NA,NA,NA,NA,NA,NA,2,NA
1353,8,128073655,129291118,TRUE,570,3112,0.000527828,0.000431129,0.00552673,1.32656e-06,TRUE,0.151093,0.151093,FALSE,-0.37573,0.67691,0.516322,2,NA
1354,8,129291119,130383563,TRUE,260,2478,0.000358606,0.000224975,0.00586317,0.000180685,TRUE,0.40006,0.40006,FALSE,-0.17715,1,0.145165,2,NA
1355,8,130383564,131545725,TRUE,295,2832,0.000254567,5.87691e-05,0.0454984,0.17041,FALSE,NA,NA,NA,NA,NA,NA,2,NA
1356,8,131545726,132534636,TRUE,339,2599,7.54797e-05,4.25427e-05,0.303869,0.250085,FALSE,NA,NA,NA,NA,NA,NA,2,NA
1357,8,132534637,133461551,TRUE,292,2504,4.3484e-05,0.000122309,0.371107,0.0278278,FALSE,NA,NA,NA,NA,NA,NA,2,NA
1358,8,133461552,134509448,TRUE,422,2635,0.000161973,0.000186868,0.171015,0.00690387,FALSE,NA,NA,NA,NA,NA,NA,2,NA
1359,8,134509449,135313673,TRUE,396,2652,0.000404734,0.000123169,0.00956413,0.044895,TRUE,-0.790071,-0.790071,FALSE,-1,-0.02252,0.0445586,2,NA
1360,8,135313674,136220342,TRUE,330,2291,0.000295252,0.000234536,0.029604,0.000370565,TRUE,-0.368587,-0.368587,FALSE,-1,0.28664,0.248682,2,NA
1361,8,136220343,137527617,TRUE,290,3109,NA,0.000416729,NA,1.78703e-09,FALSE,NA,NA,NA,NA,NA,NA,1,"MDD"
1362,8,137527618,138564843,TRUE,247,2923,0.000463728,0.000235302,0.000766147,7.39138e-05,TRUE,0.177369,0.177369,FALSE,-0.37249,0.71509,0.463117,2,NA
1363,8,138564844,139404631,TRUE,316,2334,5.92497e-05,0.000131158,0.336798,0.0232288,FALSE,NA,NA,NA,NA,NA,NA,2,NA
1364,8,139404632,140355988,TRUE,353,2429,NA,0.000208628,NA,0.00182223,FALSE,NA,NA,NA,NA,NA,NA,1,"MDD"
1365,8,140355989,141527881,TRUE,436,2722,0.000229867,0.000196364,0.095671,0.00558035,FALSE,NA,NA,NA,NA,NA,NA,2,NA
1366,8,141527882,142611889,TRUE,389,2423,0.000113168,0.000119347,0.24161,0.0488313,FALSE,NA,NA,NA,NA,NA,NA,2,NA
1367,8,142611890,143611461,TRUE,363,2430,0.000390636,0.000148826,0.00931553,0.0180066,TRUE,0.0601722,0.0601722,FALSE,-1,0.89976,0.865213,2,NA
1368,8,143611462,144934288,TRUE,403,3350,0.000322976,0.00014202,0.0316579,0.0270321,TRUE,-0.488921,-0.488921,FALSE,-1,0.36958,0.233464,2,NA
1369,8,144934289,146303787,TRUE,263,1551,0.000223971,0.000352996,0.0565015,1.3437e-07,FALSE,NA,NA,NA,NA,NA,NA,2,NA
1370,9,10469,653661,TRUE,239,1646,0.000133628,9.01276e-05,0.150292,0.0543494,FALSE,NA,NA,NA,NA,NA,NA,2,NA
1371,9,653662,1103598,TRUE,286,1499,0.000433783,0.000195063,0.00207281,0.0011874,TRUE,-0.428214,-0.428214,FALSE,-1,0.12142,0.12206,2,NA
1372,9,1103599,1874961,TRUE,394,2530,0.000241164,1.08194e-05,0.0757665,0.429421,FALSE,NA,NA,NA,NA,NA,NA,2,NA
1373,9,1874962,2441120,TRUE,377,1635,0.000194315,NA,0.11751,NA,FALSE,NA,NA,NA,NA,NA,NA,1,"BIP"
1374,9,2441121,3079045,TRUE,322,1643,0.000256462,0.000115748,0.0468753,0.0379682,TRUE,-0.239726,-0.239726,FALSE,-1,0.77016,0.595646,2,NA
1375,9,3079046,4025355,TRUE,447,2107,NA,0.000221697,NA,0.00258497,FALSE,NA,NA,NA,NA,NA,NA,1,"MDD"
1376,9,4025356,4596614,TRUE,398,1773,0.000287771,0.000186049,0.0449504,0.00598535,TRUE,-0.518837,-0.518837,FALSE,-1,0.24382,0.170731,2,NA
1377,9,4596615,5437591,TRUE,304,1906,0.0003054,8.84012e-05,0.0216946,0.0785313,FALSE,NA,NA,NA,NA,NA,NA,2,NA
1378,9,5437592,6859791,TRUE,509,3244,0.000141787,0.000283672,0.222114,0.000402943,FALSE,NA,NA,NA,NA,NA,NA,2,NA
1379,9,6859792,7388202,TRUE,271,1955,5.10947e-05,0.000204921,0.345614,0.000615305,FALSE,NA,NA,NA,NA,NA,NA,2,NA
1380,9,7388203,8262303,TRUE,448,2572,8.37739e-05,0.000360366,0.310875,8.22044e-06,FALSE,NA,NA,NA,NA,NA,NA,2,NA
1381,9,8262304,9170120,TRUE,470,2949,0.000831785,5.08405e-05,1.152e-05,0.251678,FALSE,NA,NA,NA,NA,NA,NA,2,NA
1382,9,9170121,9920258,TRUE,366,2306,0.000296074,0.000269773,0.0359639,0.000122651,TRUE,0.234801,0.234801,FALSE,-0.51638,1,0.452856,2,NA
1383,9,9920259,10675474,TRUE,349,2500,NA,0.000115646,NA,0.043682,FALSE,NA,NA,NA,NA,NA,NA,1,"MDD"
1384,9,10675475,11270764,TRUE,201,1800,0.000154202,9.83807e-06,0.0982298,0.409328,FALSE,NA,NA,NA,NA,NA,NA,2,NA
1385,9,11270765,12044915,TRUE,138,2464,0.000232928,7.68037e-05,0.012863,0.0379205,TRUE,0.542076,0.542076,FALSE,-0.39424,1,0.189499,2,NA
1386,9,12044916,12664858,TRUE,218,1765,0.000241551,0.000205909,0.0313312,0.000170888,TRUE,0.125282,0.125282,FALSE,-0.69675,0.95982,0.695456,2,NA
1387,9,12664859,13512852,TRUE,312,1707,0.000194416,0.000183467,0.0996129,0.00341089,FALSE,NA,NA,NA,NA,NA,NA,2,NA
1388,9,13512853,14244747,TRUE,352,2078,0.000286921,0.000138308,0.0382319,0.0240159,TRUE,0.191584,0.191584,FALSE,-1,1,0.646356,2,NA
1389,9,14244748,14902924,TRUE,448,1797,0.000703508,0.000397491,0.000104754,9.03652e-07,TRUE,-0.451476,-0.451476,FALSE,-1,-0.06141,0.0221514,2,NA
1390,9,14902925,15839403,TRUE,318,2147,0.000148742,0.000103124,0.161586,0.0559581,FALSE,NA,NA,NA,NA,NA,NA,2,NA
1391,9,15839404,16658377,TRUE,361,1911,0.000321868,9.80755e-05,0.0257666,0.0775622,FALSE,NA,NA,NA,NA,NA,NA,2,NA
1392,9,16658378,17392382,TRUE,188,2111,0.000203641,0.000138668,0.0456459,0.00374905,TRUE,0.164803,0.164803,FALSE,-0.90901,1,0.666596,2,NA
1393,9,17392383,17990565,TRUE,208,1684,0.000228693,0.000169665,0.0394497,0.00115948,TRUE,-0.329707,-0.329707,FALSE,-1,0.39737,0.350708,2,NA
1394,9,17990566,18754196,TRUE,316,2007,0.000252756,0.000261549,0.0476672,8.21493e-05,TRUE,0.160412,0.160412,FALSE,-0.67811,0.98974,0.619597,2,NA
1395,9,18754197,19463292,FALSE,NA,NA,NA,NA,NA,NA,FALSE,NA,NA,NA,NA,NA,NA,NA,NA
1396,9,19463293,20483880,TRUE,432,2219,0.000442263,0.000222653,0.00802699,0.00209358,TRUE,-0.254599,-0.254599,FALSE,-1,0.36203,0.398225,2,NA
1397,9,20483881,21674032,TRUE,346,2613,0.000586813,9.96466e-05,0.000212264,0.0682134,FALSE,NA,NA,NA,NA,NA,NA,2,NA
1398,9,21674033,23091193,TRUE,451,2997,0.000126995,0.000200465,0.235006,0.00518756,FALSE,NA,NA,NA,NA,NA,NA,2,NA
1399,9,23091194,23859374,TRUE,366,1759,0.000429784,0.000335648,0.0059181,4.72486e-06,TRUE,-0.199211,-0.199211,FALSE,-0.94104,0.29208,0.418343,2,NA
1400,9,23859375,24757729,TRUE,284,1761,0.000260957,0.00025425,0.0353895,5.42874e-05,TRUE,0.59671,0.59671,FALSE,0.01877,1,0.0535785,2,NA
1401,9,24757730,25957606,TRUE,426,3017,0.000189615,0.000185608,0.13675,0.00728757,FALSE,NA,NA,NA,NA,NA,NA,2,NA
1402,9,25957607,26747214,TRUE,283,1802,0.000629825,0.000161683,3.05811e-05,0.00508559,TRUE,0.562166,0.562166,FALSE,0.06395,1,0.0296296,2,NA
1403,9,26747215,27366479,TRUE,243,1785,0.000121104,2.34398e-05,0.174641,0.325756,FALSE,NA,NA,NA,NA,NA,NA,2,NA
1404,9,27366480,28067454,TRUE,283,1789,0.000187074,NA,0.102171,NA,FALSE,NA,NA,NA,NA,NA,NA,1,"BIP"
1405,9,28067455,28766060,TRUE,288,1783,0.000120059,0.000230909,0.193843,0.000203031,FALSE,NA,NA,NA,NA,NA,NA,2,NA
1406,9,28766061,29596501,TRUE,185,2669,0.000154603,6.97668e-05,0.0884572,0.0760404,FALSE,NA,NA,NA,NA,NA,NA,2,NA
1407,9,29596502,30410078,TRUE,173,1902,0.000530785,0.00020068,1.25856e-05,8.65091e-05,TRUE,0.318505,0.318505,FALSE,-0.14368,0.78382,0.147979,2,NA
1408,9,30410079,31115153,TRUE,121,1772,0.000128522,0.000187563,0.0927812,2.3677e-05,FALSE,NA,NA,NA,NA,NA,NA,2,NA
1409,9,31115154,32253283,TRUE,189,3431,7.50959e-05,9.13593e-05,0.247897,0.0341638,FALSE,NA,NA,NA,NA,NA,NA,2,NA
1410,9,32253284,33194892,TRUE,279,2265,0.000187773,6.8516e-05,0.0906761,0.124625,FALSE,NA,NA,NA,NA,NA,NA,2,NA
1411,9,33194893,34704544,TRUE,288,2952,0.000505683,0.000102512,0.000808495,0.0474276,TRUE,-0.0645083,-0.0645083,FALSE,-1,0.74362,0.853508,2,NA
1412,9,34704545,36749273,TRUE,496,3444,0.000464565,0.000244983,0.00852474,0.00173134,TRUE,-0.176235,-0.176235,FALSE,-1,0.45254,0.554734,2,NA
1413,9,36749274,37687112,TRUE,328,2006,8.68738e-05,0.000111582,0.275044,0.0445141,FALSE,NA,NA,NA,NA,NA,NA,2,NA
1414,9,37687113,38822977,TRUE,366,2372,NA,0.000122599,NA,0.0407662,FALSE,NA,NA,NA,NA,NA,NA,1,"MDD"
1415,9,38822978,43903829,TRUE,11,64,2.40176e-05,1.75536e-05,0.187533,0.0979873,FALSE,NA,NA,NA,NA,NA,NA,2,NA
1416,9,43903830,66673058,TRUE,4,30,7.99432e-05,3.55897e-06,0.0130427,0.261154,FALSE,NA,NA,NA,NA,NA,NA,2,NA
1417,9,66673059,70939677,TRUE,2,9,1.35705e-05,3.40344e-06,0.151148,0.189004,FALSE,NA,NA,NA,NA,NA,NA,2,NA
1418,9,70939678,72288878,TRUE,356,2538,0.000205384,0.000365026,0.0982634,6.27318e-07,FALSE,NA,NA,NA,NA,NA,NA,2,NA
1419,9,72288879,73915494,TRUE,351,3670,0.000140964,0.000169242,0.17954,0.00702388,FALSE,NA,NA,NA,NA,NA,NA,2,NA
1420,9,73915495,74950318,TRUE,325,1993,0.000318141,0.000274907,0.0216882,4.54643e-05,TRUE,0.263372,0.263372,FALSE,-0.4293,1,0.362021,2,NA
1421,9,74950319,76197744,TRUE,202,2440,9.3248e-05,0.000145782,0.211343,0.00341229,FALSE,NA,NA,NA,NA,NA,NA,2,NA
1422,9,76197745,77862308,TRUE,385,3197,0.000412718,0.000407219,0.00815822,1.749e-07,TRUE,0.353739,0.353739,FALSE,-0.13715,0.99611,0.13505,2,NA
1423,9,77862309,78630915,TRUE,316,2189,0.000129131,8.39018e-05,0.188742,0.0928407,FALSE,NA,NA,NA,NA,NA,NA,2,NA
1424,9,78630916,79451035,TRUE,409,2164,0.000108505,0.000230511,0.254023,0.00116871,FALSE,NA,NA,NA,NA,NA,NA,2,NA
1425,9,79451036,80137024,TRUE,238,1909,0.00017607,0.000270968,0.0895786,1.34549e-05,FALSE,NA,NA,NA,NA,NA,NA,2,NA
1426,9,80137025,81161597,TRUE,269,2113,NA,0.00019688,NA,0.00103555,FALSE,NA,NA,NA,NA,NA,NA,1,"MDD"
1427,9,81161598,82601465,TRUE,521,2807,9.96713e-05,0.000299116,0.294019,0.000253092,FALSE,NA,NA,NA,NA,NA,NA,2,NA
1428,9,82601466,83455502,TRUE,230,2656,0.000116551,9.69246e-05,0.174418,0.039647,FALSE,NA,NA,NA,NA,NA,NA,2,NA
1429,9,83455503,85135751,TRUE,472,3215,0.000350556,0.00024045,0.0302476,0.00174258,TRUE,-0.437113,-0.437113,FALSE,-1,0.21214,0.192123,2,NA
1430,9,85135752,86769886,TRUE,454,3407,0.000256261,0.000459924,0.0763135,2.28731e-08,FALSE,NA,NA,NA,NA,NA,NA,2,NA
1431,9,86769887,87815449,TRUE,320,2602,0.000234166,0.000128223,0.0624546,0.0249984,FALSE,NA,NA,NA,NA,NA,NA,2,NA
1432,9,87815450,89171796,TRUE,319,2635,0.000410892,0.000348808,0.00499628,8.65199e-07,TRUE,0.0393973,0.0393973,FALSE,-0.54047,0.54044,0.868049,2,NA
1433,9,89171797,90135154,TRUE,347,2416,4.15791e-05,8.9962e-05,0.385846,0.0890616,FALSE,NA,NA,NA,NA,NA,NA,2,NA
1434,9,90135155,90890979,TRUE,241,1935,0.000242911,0.000131764,0.0353797,0.0117932,TRUE,-0.0765257,-0.0765257,FALSE,-1,0.8785,0.845895,2,NA
1435,9,90890980,91643255,TRUE,193,1862,1.02031e-05,6.0093e-05,0.451785,0.112343,FALSE,NA,NA,NA,NA,NA,NA,2,NA
1436,9,91643256,92500277,TRUE,259,1917,NA,0.000190135,NA,0.0010369,FALSE,NA,NA,NA,NA,NA,NA,1,"MDD"
1437,9,92500278,93441050,TRUE,255,2203,0.000111816,0.000200559,0.198595,0.000688558,FALSE,NA,NA,NA,NA,NA,NA,2,NA
1438,9,93441051,94175374,TRUE,255,1831,3.89841e-05,7.41694e-05,0.374392,0.103713,FALSE,NA,NA,NA,NA,NA,NA,2,NA
1439,9,94175375,94924482,TRUE,203,2249,5.15534e-05,0.00011822,0.324259,0.0135897,FALSE,NA,NA,NA,NA,NA,NA,2,NA
1440,9,94924483,95854925,TRUE,159,2002,3.57332e-05,4.03726e-05,0.35438,0.185828,FALSE,NA,NA,NA,NA,NA,NA,2,NA
1441,9,95854926,96670171,TRUE,207,2247,0.000389853,0.000213825,0.00143531,0.000126419,TRUE,0.291267,0.291267,FALSE,-0.26026,0.87542,0.254429,2,NA
1442,9,96670172,97418633,TRUE,170,1662,0.000289786,8.06602e-05,0.00637303,0.045221,TRUE,-0.0530512,-0.0530512,FALSE,-1,0.90013,0.893893,2,NA
1443,9,97418634,98885862,TRUE,356,2794,0.000205577,0.000198648,0.100504,0.00277431,FALSE,NA,NA,NA,NA,NA,NA,2,NA
1444,9,98885863,100310517,TRUE,250,2122,0.000155643,0.000151908,0.1216,0.00560132,FALSE,NA,NA,NA,NA,NA,NA,2,NA
1445,9,100310518,101596750,TRUE,414,2917,NA,0.000315583,NA,3.44387e-05,FALSE,NA,NA,NA,NA,NA,NA,1,"MDD"
1446,9,101596751,103165725,TRUE,326,2566,0.000328627,0.000320543,0.0177566,3.32682e-06,TRUE,0.096954,0.096954,FALSE,-0.56373,0.72554,0.716298,2,NA
1447,9,103165726,104222848,TRUE,235,2406,NA,8.60022e-05,NA,0.0631741,FALSE,NA,NA,NA,NA,NA,NA,1,"MDD"
1448,9,104222849,105043411,TRUE,259,2409,NA,0.000157108,NA,0.00446698,FALSE,NA,NA,NA,NA,NA,NA,1,"MDD"
1449,9,105043412,105846545,TRUE,202,2626,0.000194014,7.39421e-05,0.0550807,0.0742297,FALSE,NA,NA,NA,NA,NA,NA,2,NA
1450,9,105846546,107061019,TRUE,259,3319,0.000200096,0.00015186,0.0708767,0.00739867,FALSE,NA,NA,NA,NA,NA,NA,2,NA
1451,9,107061020,108203095,TRUE,376,3182,0.000927542,0.000115258,1.75743e-07,0.0513367,FALSE,NA,NA,NA,NA,NA,NA,2,NA
1452,9,108203096,109150717,TRUE,212,1737,0.000376607,0.000116218,0.00235109,0.0168017,TRUE,-0.0293536,-0.0293536,FALSE,-1,0.74003,0.929844,2,NA
1453,9,109150718,110630150,TRUE,551,3379,0.000108949,0.0003193,0.283971,0.000157224,FALSE,NA,NA,NA,NA,NA,NA,2,NA
1454,9,110630151,111368107,TRUE,245,1889,0.000214803,0.000112037,0.0543412,0.0260426,FALSE,NA,NA,NA,NA,NA,NA,2,NA
1455,9,111368108,112076381,TRUE,211,1931,9.3044e-05,5.16196e-05,0.214434,0.155686,FALSE,NA,NA,NA,NA,NA,NA,2,NA
1456,9,112076382,112865520,TRUE,306,2157,NA,0.000262356,NA,5.10424e-05,FALSE,NA,NA,NA,NA,NA,NA,1,"MDD"
1457,9,112865521,113646149,TRUE,313,2264,0.00010661,0.000268069,0.229339,4.99647e-05,FALSE,NA,NA,NA,NA,NA,NA,2,NA
1458,9,113646150,114443475,TRUE,256,1946,7.10262e-05,0.000188182,0.290344,0.00112227,FALSE,NA,NA,NA,NA,NA,NA,2,NA
1459,9,114443476,115390112,TRUE,223,2329,0.000247772,7.83547e-05,0.0289592,0.0784478,FALSE,NA,NA,NA,NA,NA,NA,2,NA
1460,9,115390113,116159540,TRUE,273,1858,6.99153e-05,NA,0.297669,NA,FALSE,NA,NA,NA,NA,NA,NA,1,"BIP"
1461,9,116159541,117054909,TRUE,383,2121,0.000524583,0.000178609,0.00116326,0.00662521,TRUE,-0.1665,-0.1665,FALSE,-1,0.43861,0.567747,2,NA
1462,9,117054910,117989017,TRUE,320,2281,0.000346887,0.000222421,0.0136574,0.000564999,TRUE,-0.0327779,-0.0327779,FALSE,-0.89726,0.62713,0.913419,2,NA
1463,9,117989018,119001227,TRUE,232,2297,0.000364227,0.000206838,0.0036355,0.000268737,TRUE,0.0555244,0.0555244,FALSE,-0.63718,0.65291,0.838481,2,NA
1464,9,119001228,119890464,TRUE,321,2025,0.000377148,0.000165124,0.00795621,0.00652317,TRUE,0.394602,0.394602,FALSE,-0.3239,1,0.227,2,NA
1465,9,119890465,121008529,TRUE,347,2537,NA,0.000213217,NA,0.00119267,FALSE,NA,NA,NA,NA,NA,NA,1,"MDD"
1466,9,121008530,122677719,TRUE,454,3205,0.000538107,0.000418265,0.00200852,2.45376e-07,TRUE,0.594852,0.594852,FALSE,0.19317,1,0.00605137,2,NA
1467,9,122677720,124119883,TRUE,316,2045,0.000374966,0.000220583,0.00839324,0.000540281,TRUE,-0.158813,-0.158813,FALSE,-1,0.4266,0.583391,2,NA
1468,9,124119884,125137578,TRUE,343,2142,0.000192328,0.000200162,0.109005,0.0022975,FALSE,NA,NA,NA,NA,NA,NA,2,NA
1469,9,125137579,126092931,TRUE,220,1759,0.000260456,0.000176967,0.0234811,0.00147617,TRUE,-0.051023,-0.051023,FALSE,-1,0.71636,0.878923,2,NA
1470,9,126092932,127184582,TRUE,330,2371,0.000391927,0.000199946,0.007056,0.00179696,TRUE,-0.200932,-0.200932,FALSE,-1,0.42029,0.503401,2,NA
1471,9,127184583,128785782,TRUE,248,1928,0.000500726,0.00015393,0.000258557,0.00503215,TRUE,-0.0938685,-0.0938685,FALSE,-0.9139,0.48591,0.734019,2,NA
1472,9,128785783,129617771,TRUE,377,1861,0.000401469,0.000135302,0.0086807,0.028745,TRUE,-0.0967633,-0.0967633,FALSE,-1,0.77916,0.793191,2,NA
1473,9,129617772,130902727,TRUE,284,1971,0.000336656,0.000139856,0.0118653,0.0134762,TRUE,0.193127,0.193127,FALSE,-0.79131,1,0.587561,2,NA
1474,9,130902728,132193798,TRUE,297,1802,0.000861697,0.000206131,1.01766e-07,0.000993937,TRUE,-0.170414,-0.170414,FALSE,-0.71791,0.24814,0.420881,2,NA
1475,9,132193799,132999452,TRUE,331,2403,0.000138136,0.000193432,0.181057,0.00386472,FALSE,NA,NA,NA,NA,NA,NA,2,NA
1476,9,132999453,134141936,TRUE,466,2249,8.1425e-05,5.04554e-05,0.320305,0.254352,FALSE,NA,NA,NA,NA,NA,NA,2,NA
1477,9,134141937,135135887,TRUE,327,1807,0.000205598,0.000235444,0.0887775,0.000346375,FALSE,NA,NA,NA,NA,NA,NA,2,NA
1478,9,135135888,136042490,TRUE,373,2043,5.49395e-05,6.6604e-05,0.358538,0.166051,FALSE,NA,NA,NA,NA,NA,NA,2,NA
1479,9,136042491,136770926,TRUE,373,2305,0.000224294,0.000170595,0.08426,0.0104211,FALSE,NA,NA,NA,NA,NA,NA,2,NA
1480,9,136770927,137593527,TRUE,378,2174,0.00023437,2.71861e-05,0.0796376,0.341109,FALSE,NA,NA,NA,NA,NA,NA,2,NA
1481,9,137593528,138202112,TRUE,442,2106,0.000489478,0.000240516,0.004081,0.00143064,TRUE,-0.0355203,-0.0355203,FALSE,-0.84893,0.57721,0.900076,2,NA
1482,9,138202113,138995791,TRUE,416,2009,0.00037751,0.000153555,0.0167202,0.0226038,TRUE,-0.969432,-0.969432,FALSE,-1,-0.25414,0.010492,2,NA
1483,9,138995792,140097759,TRUE,448,2431,0.000901608,0.00033739,1.86854e-06,3.63642e-05,TRUE,-0.160918,-0.160918,FALSE,-0.61681,0.22572,0.404777,2,NA
1484,9,140097760,141146682,TRUE,334,1386,0.00100331,0.000593534,6.0402e-09,3.06442e-11,TRUE,-0.041212,-0.041212,FALSE,-0.35532,0.24384,0.77696,2,NA
1485,10,60515,1329232,TRUE,349,2639,0.000588453,0.00021607,0.000270194,0.00123033,TRUE,0.0117941,0.0117941,FALSE,-0.59754,0.52464,0.962708,2,NA
1486,10,1329233,1872960,TRUE,301,1623,0.00053493,0.000173398,0.000336489,0.00416006,TRUE,-0.078736,-0.078736,FALSE,-0.83979,0.48194,0.772492,2,NA
1487,10,1872961,2637065,TRUE,324,3044,9.58658e-05,0.000120364,0.256145,0.0338103,FALSE,NA,NA,NA,NA,NA,NA,2,NA
1488,10,2637066,3225336,TRUE,312,2004,0.000288946,2.70512e-05,0.0294667,0.325964,FALSE,NA,NA,NA,NA,NA,NA,2,NA
1489,10,3225337,3880322,TRUE,267,1835,NA,0.000247456,NA,5.79024e-05,FALSE,NA,NA,NA,NA,NA,NA,1,"MDD"
1490,10,3880323,4813182,TRUE,399,2419,NA,0.000359705,NA,2.12944e-06,FALSE,NA,NA,NA,NA,NA,NA,1,"MDD"
1491,10,4813183,5396242,TRUE,211,2290,0.000155964,6.23114e-05,0.100691,0.112496,FALSE,NA,NA,NA,NA,NA,NA,2,NA
1492,10,5396243,6234718,TRUE,443,2506,0.000115439,0.000185571,0.249584,0.00896456,FALSE,NA,NA,NA,NA,NA,NA,2,NA
1493,10,6234719,6897037,TRUE,362,1773,0.000414274,0.000275735,0.00672383,8.97367e-05,TRUE,0.272249,0.272249,FALSE,-0.30058,0.95173,0.306819,2,NA
1494,10,6897038,7659872,TRUE,411,2333,0.000253891,5.66407e-05,0.0703028,0.213426,FALSE,NA,NA,NA,NA,NA,NA,2,NA
1495,10,7659873,8771920,TRUE,458,3324,0.000512835,0.000148703,0.00340923,0.0301648,TRUE,0.359957,0.359957,FALSE,-0.44046,1,0.299973,2,NA
1496,10,8771921,10081279,TRUE,314,3173,0.000676635,0.000118048,1.55846e-05,0.0333656,TRUE,-0.199996,-0.199996,FALSE,-1,0.40568,0.499386,2,NA
1497,10,10081280,10969481,TRUE,289,2238,0.000181052,0.000120688,0.102483,0.0264801,FALSE,NA,NA,NA,NA,NA,NA,2,NA
1498,10,10969482,11856924,TRUE,391,2240,6.22853e-05,0.00018865,0.344609,0.00506952,FALSE,NA,NA,NA,NA,NA,NA,2,NA
1499,10,11856925,12581571,TRUE,323,1883,0.000458921,0.000235184,0.00198274,0.000291253,TRUE,-0.338878,-0.338878,FALSE,-1,0.16966,0.19175,2,NA
1500,10,12581572,13208061,TRUE,339,1766,0.000504823,0.000115287,0.00112939,0.0440518,TRUE,-0.641305,-0.641305,FALSE,-1,0.03097,0.0666855,2,NA
1501,10,13208062,14008135,TRUE,474,2257,0.000183844,0.000235443,0.154761,0.00192223,FALSE,NA,NA,NA,NA,NA,NA,2,NA
1502,10,14008136,14820755,TRUE,379,2528,NA,0.000145408,NA,0.0212257,FALSE,NA,NA,NA,NA,NA,NA,1,"MDD"
1503,10,14820756,15946677,TRUE,424,2807,0.000365954,0.000236182,0.0212005,0.00120915,TRUE,-0.0203598,-0.0203598,FALSE,-1,0.70671,0.949014,2,NA
1504,10,15946678,17065860,TRUE,346,2606,0.000111744,0.000200668,0.232551,0.00201406,FALSE,NA,NA,NA,NA,NA,NA,2,NA
1505,10,17065861,18529742,TRUE,366,3172,0.000349725,0.000303033,0.0169533,1.94557e-05,TRUE,0.198916,0.198916,FALSE,-0.44806,0.8943,0.468785,2,NA
1506,10,18529743,19421514,TRUE,280,2578,0.000168268,0.000213062,0.114064,0.000414744,FALSE,NA,NA,NA,NA,NA,NA,2,NA
1507,10,19421515,19965624,TRUE,144,1871,0.000218729,0.000121719,0.0204998,0.00505685,TRUE,-0.706412,-0.706412,FALSE,-1,-0.00566,0.0517791,2,NA
1508,10,19965625,20616432,TRUE,223,1885,8.14963e-05,0.000194797,0.248345,0.000361969,FALSE,NA,NA,NA,NA,NA,NA,2,NA
1509,10,20616433,21477692,TRUE,269,2131,0.000321116,NA,0.0124114,NA,FALSE,NA,NA,NA,NA,NA,NA,1,"BIP"
1510,10,21477693,23365685,TRUE,411,2935,0.000574479,0.000515267,0.000875138,7.00207e-10,TRUE,-0.459636,-0.459636,FALSE,-1,-0.08136,0.0178834,2,NA
1511,10,23365686,24489447,TRUE,261,2144,8.46296e-05,9.24033e-05,0.263804,0.061244,FALSE,NA,NA,NA,NA,NA,NA,2,NA
1512,10,24489448,25577761,TRUE,378,2096,0.000237847,4.57836e-05,0.0742392,0.251035,FALSE,NA,NA,NA,NA,NA,NA,2,NA
1513,10,25577762,26161974,TRUE,176,1985,0.000299116,2.80444e-05,0.0067595,0.266823,FALSE,NA,NA,NA,NA,NA,NA,2,NA
1514,10,26161975,26888716,TRUE,155,2243,NA,NA,NA,NA,FALSE,NA,NA,NA,NA,NA,NA,0,"MDD,BIP"
1515,10,26888717,27669566,TRUE,176,2218,0.000138772,7.96627e-05,0.108284,0.0489874,FALSE,NA,NA,NA,NA,NA,NA,2,NA
1516,10,27669567,28734422,TRUE,280,2719,3.68125e-05,3.57231e-05,0.386213,0.266368,FALSE,NA,NA,NA,NA,NA,NA,2,NA
1517,10,28734423,29393749,TRUE,238,1859,0.000266887,9.75513e-05,0.0234142,0.0415621,TRUE,-0.219061,-0.219061,FALSE,-1,0.73114,0.60758,2,NA
1518,10,29393750,30000223,TRUE,264,1877,NA,1.09368e-05,NA,0.412783,FALSE,NA,NA,NA,NA,NA,NA,1,"MDD"
1519,10,30000224,30919469,TRUE,330,2388,6.52556e-05,8.53755e-05,0.325875,0.0929684,FALSE,NA,NA,NA,NA,NA,NA,2,NA
1520,10,30919470,32457293,TRUE,313,2991,0.000398064,0.000132023,0.00534103,0.0205382,TRUE,-0.0653683,-0.0653683,FALSE,-1,0.75189,0.851159,2,NA
1521,10,32457294,33655458,TRUE,237,3301,0.000171676,0.000176756,0.0964613,0.00135621,FALSE,NA,NA,NA,NA,NA,NA,2,NA
1522,10,33655459,35178224,TRUE,466,3249,0.000522976,0.000423855,0.00277662,3.05564e-07,TRUE,-0.190461,-0.190461,FALSE,-0.80107,0.24433,0.38688,2,NA
1523,10,35178225,36475838,TRUE,264,2474,0.000320055,0.000145109,0.0127133,0.00855168,TRUE,0.252518,0.252518,FALSE,-0.61129,1,0.467653,2,NA
1524,10,36475839,37561443,TRUE,242,2399,NA,4.08328e-05,NA,0.224628,FALSE,NA,NA,NA,NA,NA,NA,1,"MDD"
1525,10,37561444,38566460,TRUE,82,2451,NA,3.2326e-05,NA,0.157327,FALSE,NA,NA,NA,NA,NA,NA,1,"MDD"
1526,10,38566461,42392742,TRUE,20,481,NA,2.84705e-05,NA,0.0502998,FALSE,NA,NA,NA,NA,NA,NA,1,"MDD"
1527,10,42392743,42984427,FALSE,NA,NA,NA,NA,NA,NA,FALSE,NA,NA,NA,NA,NA,NA,NA,NA
1528,10,42984428,43769842,TRUE,156,2135,0.000141466,1.91371e-05,0.0896111,0.320746,FALSE,NA,NA,NA,NA,NA,NA,2,NA
1529,10,43769843,44893846,TRUE,286,3367,0.000339219,9.6392e-05,0.0110134,0.0600491,FALSE,NA,NA,NA,NA,NA,NA,2,NA
1530,10,44893847,46327144,TRUE,277,3126,0.000362403,0.000137691,0.00675417,0.0128916,TRUE,-0.254066,-0.254066,FALSE,-1,0.46249,0.456501,2,NA
1531,10,46327145,49197320,TRUE,80,504,NA,7.10091e-05,NA,0.0228908,FALSE,NA,NA,NA,NA,NA,NA,1,"MDD"
1532,10,49197321,50145673,TRUE,231,1784,NA,0.000136014,NA,0.00864806,FALSE,NA,NA,NA,NA,NA,NA,1,"MDD"
1533,10,50145674,51724039,TRUE,241,2156,0.000349324,0.000194606,0.00562731,0.000640987,TRUE,0.208258,0.208258,FALSE,-0.46651,0.90142,0.470399,2,NA
1534,10,51724040,53129609,TRUE,282,2235,0.000351124,0.000234108,0.00875742,0.000151254,TRUE,0.428945,0.428945,FALSE,-0.15827,1,0.125941,2,NA
1535,10,53129610,53919161,TRUE,297,2268,9.51205e-05,0.000180721,0.248848,0.00277248,FALSE,NA,NA,NA,NA,NA,NA,2,NA
1536,10,53919162,55104428,TRUE,343,2915,0.000248003,0.000289417,0.0587399,3.04614e-05,FALSE,NA,NA,NA,NA,NA,NA,2,NA
1537,10,55104429,55867694,TRUE,200,2289,0.000250616,6.80069e-05,0.0213457,0.089218,FALSE,NA,NA,NA,NA,NA,NA,2,NA
1538,10,55867695,57044845,TRUE,334,3411,0.000435859,0.000122401,0.00352993,0.033779,TRUE,-0.38349,-0.38349,FALSE,-1,0.33417,0.283305,2,NA
1539,10,57044846,57955671,TRUE,134,2080,1.43983e-05,0.000221643,0.42458,2.24144e-06,FALSE,NA,NA,NA,NA,NA,NA,2,NA
1540,10,57955672,58809133,TRUE,95,2297,9.62362e-05,3.41255e-05,0.121846,0.167219,FALSE,NA,NA,NA,NA,NA,NA,2,NA
1541,10,58809134,59822946,TRUE,171,3188,0.000485822,0.000112746,4.42536e-05,0.0106154,TRUE,-0.116415,-0.116415,FALSE,-0.94307,0.49197,0.680679,2,NA
1542,10,59822947,61470383,TRUE,375,3147,0.000381414,0.000259441,0.0119305,0.000258863,TRUE,-0.0790383,-0.0790383,FALSE,-0.97609,0.53819,0.783273,2,NA
1543,10,61470384,62626465,TRUE,298,3071,0.000261424,0.000478507,0.0381327,1.7114e-11,TRUE,0.301674,0.301674,FALSE,-0.20649,1,0.229284,2,NA
1544,10,62626466,64069687,TRUE,374,3051,0.000235363,0.000397562,0.0766816,1.66603e-07,FALSE,NA,NA,NA,NA,NA,NA,2,NA
1545,10,64069688,65400431,TRUE,267,2875,0.000162835,0.00032905,0.119543,5.18628e-07,FALSE,NA,NA,NA,NA,NA,NA,2,NA
1546,10,65400432,66510387,TRUE,233,2048,0.000148035,0.000125904,0.124717,0.0136334,FALSE,NA,NA,NA,NA,NA,NA,2,NA
1547,10,66510388,67146043,TRUE,128,1855,0.000107528,9.34834e-05,0.127173,0.0143818,FALSE,NA,NA,NA,NA,NA,NA,2,NA
1548,10,67146044,67769822,TRUE,155,1960,7.37189e-05,NA,0.231083,NA,FALSE,NA,NA,NA,NA,NA,NA,1,"BIP"
1549,10,67769823,68623274,TRUE,191,3079,0.000133355,8.36525e-05,0.124763,0.0476561,FALSE,NA,NA,NA,NA,NA,NA,2,NA
1550,10,68623275,69904170,TRUE,207,2504,8.89981e-05,0.000167577,0.229505,0.00116704,FALSE,NA,NA,NA,NA,NA,NA,2,NA
1551,10,69904171,71050504,TRUE,270,2931,0.000407743,0.000317425,0.00268563,7.97914e-07,TRUE,-0.0754005,-0.0754005,FALSE,-0.66856,0.38921,0.744411,2,NA
1552,10,71050505,71672997,TRUE,400,2031,0.000640931,0.000130715,0.000165318,0.0362836,TRUE,-0.185897,-0.185897,FALSE,-1,0.46699,0.554491,2,NA
1553,10,71672998,72659223,TRUE,426,2842,0.000239102,0.000137543,0.083881,0.0331378,FALSE,NA,NA,NA,NA,NA,NA,2,NA
1554,10,72659224,73514214,TRUE,467,2359,0.000113247,0.000289619,0.259775,0.000215624,FALSE,NA,NA,NA,NA,NA,NA,2,NA
1555,10,73514215,75694023,TRUE,304,3126,0.000569859,0.000292588,0.000227639,1.22443e-05,TRUE,-0.00539554,-0.00539554,FALSE,-0.53368,0.43606,0.980236,2,NA
1556,10,75694024,77144961,TRUE,219,2029,0.000332836,0.000197131,0.00649028,0.00037324,TRUE,0.296541,0.296541,FALSE,-0.35699,1,0.30039,2,NA
1557,10,77144962,78665481,TRUE,373,2582,0.00024439,0.000216913,0.0703976,0.00152153,FALSE,NA,NA,NA,NA,NA,NA,2,NA
1558,10,78665482,79952996,TRUE,397,2737,0.000338209,0.000174705,0.0241889,0.00923288,TRUE,0.178956,0.178956,FALSE,-0.77275,1,0.622151,2,NA
1559,10,79952997,81190573,TRUE,587,3027,0.000301947,0.00018034,0.070136,0.0210855,FALSE,NA,NA,NA,NA,NA,NA,2,NA
1560,10,81190574,81763230,TRUE,63,1338,NA,NA,NA,NA,FALSE,NA,NA,NA,NA,NA,NA,0,"MDD,BIP"
1561,10,81763231,82378048,TRUE,165,1797,NA,7.4672e-05,NA,0.0549623,FALSE,NA,NA,NA,NA,NA,NA,1,"MDD"
1562,10,82378049,83596350,TRUE,301,3366,NA,0.000252655,NA,7.43195e-05,FALSE,NA,NA,NA,NA,NA,NA,1,"MDD"
1563,10,83596351,84679429,TRUE,301,2368,7.9037e-05,0.000107022,0.288125,0.0457381,FALSE,NA,NA,NA,NA,NA,NA,2,NA
1564,10,84679430,85463484,TRUE,135,2627,1.13103e-05,9.26427e-05,0.43724,0.0163479,FALSE,NA,NA,NA,NA,NA,NA,2,NA
1565,10,85463485,86459980,TRUE,295,2723,0.000108789,0.000108534,0.221236,0.0411721,FALSE,NA,NA,NA,NA,NA,NA,2,NA
1566,10,86459981,87287935,TRUE,174,2367,9.13715e-05,3.84534e-05,0.1983,0.202908,FALSE,NA,NA,NA,NA,NA,NA,2,NA
1567,10,87287936,88443652,TRUE,325,2812,0.000118724,0.000104945,0.210972,0.0553684,FALSE,NA,NA,NA,NA,NA,NA,2,NA
1568,10,88443653,89971628,TRUE,348,2393,NA,0.000170903,NA,0.0072805,FALSE,NA,NA,NA,NA,NA,NA,1,"MDD"
1569,10,89971629,91021321,TRUE,330,2306,0.000145229,0.000148609,0.169361,0.0143013,FALSE,NA,NA,NA,NA,NA,NA,2,NA
1570,10,91021322,91960435,TRUE,239,2378,NA,0.000129653,NA,0.0132218,FALSE,NA,NA,NA,NA,NA,NA,1,"MDD"
1571,10,91960436,92911506,TRUE,234,2308,0.000268052,8.841e-05,0.0214274,0.0554612,FALSE,NA,NA,NA,NA,NA,NA,2,NA
1572,10,92911507,94503299,TRUE,249,2690,0.000462532,0.000111336,0.0006765,0.0286722,TRUE,-0.164017,-0.164017,FALSE,-1,0.51933,0.617449,2,NA
1573,10,94503300,95528160,TRUE,331,2754,9.99439e-05,0.00019735,0.25072,0.00201906,FALSE,NA,NA,NA,NA,NA,NA,2,NA
1574,10,95528161,97040172,TRUE,247,2827,0.000230904,0.000116473,0.0429051,0.0220166,TRUE,0.119834,0.119834,FALSE,-1,1,0.778309,2,NA
1575,10,97040173,98005994,TRUE,247,2364,0.000329497,7.60132e-05,0.00944583,0.0904869,FALSE,NA,NA,NA,NA,NA,NA,2,NA
1576,10,98005995,99367800,TRUE,425,2696,6.04349e-05,0.000290885,0.355937,0.000143618,FALSE,NA,NA,NA,NA,NA,NA,2,NA
1577,10,99367801,100337830,TRUE,306,1946,NA,0.000279829,NA,2.09798e-05,FALSE,NA,NA,NA,NA,NA,NA,1,"MDD"
1578,10,100337831,101271451,TRUE,136,1633,NA,4.8211e-05,NA,0.12104,FALSE,NA,NA,NA,NA,NA,NA,1,"MDD"
1579,10,101271452,102509298,TRUE,281,2385,0.000297233,0.000162527,0.0207189,0.00586039,TRUE,-0.329115,-0.329115,FALSE,-1,0.42157,0.350415,2,NA
1580,10,102509299,104206837,TRUE,367,2492,0.000185373,0.000301026,0.12361,2.90804e-05,FALSE,NA,NA,NA,NA,NA,NA,2,NA
1581,10,104206838,106142283,TRUE,378,3507,0.00106047,0.000482199,4.07491e-09,6.86114e-10,TRUE,0.272932,0.272932,FALSE,-0.02874,0.55826,0.0651436,2,NA
1582,10,106142284,107877787,TRUE,333,3532,0.000542205,0.000232023,0.00045714,0.000423247,TRUE,0.442229,0.442229,FALSE,-0.04815,1,0.0726243,2,NA
1583,10,107877788,108725997,TRUE,248,2074,0.000465831,0.000124528,0.000692668,0.0179569,TRUE,-0.0906278,-0.0906278,FALSE,-1,0.59091,0.773924,2,NA
1584,10,108725998,109579149,TRUE,225,2354,0.000198884,0.000301868,0.0621608,8.29019e-07,FALSE,NA,NA,NA,NA,NA,NA,2,NA
1585,10,109579150,110358382,TRUE,196,2111,0.000139889,0.000220778,0.116542,3.59189e-05,FALSE,NA,NA,NA,NA,NA,NA,2,NA
1586,10,110358383,112164981,TRUE,335,3494,0.000697756,0.000244282,1.8709e-05,0.000263422,TRUE,-0.214395,-0.214395,FALSE,-0.79999,0.22264,0.328936,2,NA
1587,10,112164982,113117615,TRUE,356,2061,0.000318114,0.000150147,0.0259156,0.0156215,TRUE,-0.739989,-0.739989,FALSE,-1,-0.00311,0.0536422,2,NA
1588,10,113117616,114255954,TRUE,290,2529,0.000196443,0.000158995,0.0879962,0.00603422,FALSE,NA,NA,NA,NA,NA,NA,2,NA
1589,10,114255955,115588903,TRUE,479,2630,0.00052417,0.000618941,0.00333712,5.3014e-12,TRUE,0.2236,0.2236,FALSE,-0.17763,0.66274,0.251996,2,NA
1590,10,115588904,116845213,TRUE,342,2530,3.3474e-05,0.000248937,0.404596,0.000215233,FALSE,NA,NA,NA,NA,NA,NA,2,NA
1591,10,116845214,118416049,TRUE,318,3021,0.000300414,0.000152146,0.0262549,0.0105938,TRUE,0.0728408,0.0728408,FALSE,-1,1,0.845234,2,NA
1592,10,118416050,119528730,TRUE,360,2119,0.000793481,0.000209687,3.19346e-06,0.00174567,TRUE,-0.349174,-0.349174,FALSE,-1,0.10115,0.1255,2,NA
1593,10,119528731,120592839,TRUE,372,2498,0.000224222,0.000166758,0.0863619,0.0120548,FALSE,NA,NA,NA,NA,NA,NA,2,NA
1594,10,120592840,121874445,TRUE,388,3055,0.000212885,0.000100768,0.0999396,0.0774279,FALSE,NA,NA,NA,NA,NA,NA,2,NA
1595,10,121874446,122803506,TRUE,351,2482,0.000218952,5.37634e-05,0.0842385,0.206908,FALSE,NA,NA,NA,NA,NA,NA,2,NA
1596,10,122803507,123856184,TRUE,408,2617,0.000169369,0.000157474,0.159505,0.0177974,FALSE,NA,NA,NA,NA,NA,NA,2,NA
1597,10,123856185,124894142,TRUE,402,2637,0.000443839,0.000327981,0.00558515,1.78579e-05,TRUE,0.219713,0.219713,FALSE,-0.33599,0.82295,0.38108,2,NA
1598,10,124894143,125798319,TRUE,416,2733,0.000513811,0.000211906,0.00200946,0.00277311,TRUE,0.127863,0.127863,FALSE,-0.59112,0.80001,0.650698,2,NA
1599,10,125798320,126875816,TRUE,402,2636,0.000122424,0.000130534,0.227293,0.0356657,FALSE,NA,NA,NA,NA,NA,NA,2,NA
1600,10,126875817,127997708,TRUE,356,2614,NA,0.000435364,NA,5.84125e-09,FALSE,NA,NA,NA,NA,NA,NA,1,"MDD"
1601,10,127997709,129134738,TRUE,427,2344,NA,0.000102756,NA,0.0841925,FALSE,NA,NA,NA,NA,NA,NA,1,"MDD"
1602,10,129134739,129831969,TRUE,406,2617,0.000189161,0.000227703,0.130457,0.00126102,FALSE,NA,NA,NA,NA,NA,NA,2,NA
1603,10,129831970,130694008,TRUE,486,2453,0.000186503,0.000297849,0.153195,0.000176136,FALSE,NA,NA,NA,NA,NA,NA,2,NA
1604,10,130694009,131694738,TRUE,385,2669,0.000222147,0.000165604,0.0899813,0.0109541,FALSE,NA,NA,NA,NA,NA,NA,2,NA
1605,10,131694739,132576793,TRUE,329,2852,0.00014178,0.000283073,0.171992,2.81247e-05,FALSE,NA,NA,NA,NA,NA,NA,2,NA
1606,10,132576794,133111170,TRUE,388,2287,0.000317224,0.000204536,0.0294451,0.00273588,TRUE,-0.475905,-0.475905,FALSE,-1,0.19475,0.167771,2,NA
1607,10,133111171,133818036,TRUE,335,2138,0.000236158,6.04275e-05,0.0635286,0.176495,FALSE,NA,NA,NA,NA,NA,NA,2,NA
1608,10,133818037,134856054,TRUE,489,3243,0.00126106,0.000339701,8.36088e-10,6.12341e-05,TRUE,-0.166566,-0.166566,FALSE,-0.58738,0.1675,0.338236,2,NA
1609,10,134856055,135524372,TRUE,209,1562,0.000517114,0.00012252,7.82491e-05,0.0133535,TRUE,-0.625253,-0.625253,FALSE,-1,-0.05879,0.0307321,2,NA
1610,11,87150,1061399,TRUE,371,2222,0.00089586,1.44015e-05,3.02631e-07,0.409275,FALSE,NA,NA,NA,NA,NA,NA,2,NA
1611,11,1061400,1857845,TRUE,301,2431,0.000288659,0.000205679,0.0263705,0.00117778,TRUE,-0.39051,-0.39051,FALSE,-1,0.28354,0.238161,2,NA
1612,11,1857846,2477449,TRUE,299,1711,0.000145435,4.6133e-05,0.15888,0.2303,FALSE,NA,NA,NA,NA,NA,NA,2,NA
1613,11,2477450,3362508,TRUE,458,1978,0.000316817,NA,0.0412702,NA,FALSE,NA,NA,NA,NA,NA,NA,1,"BIP"
1614,11,3362509,4405707,TRUE,239,2092,0.000359935,2.22061e-05,0.00471724,0.33587,FALSE,NA,NA,NA,NA,NA,NA,2,NA
1615,11,4405708,4946051,TRUE,259,2013,NA,9.34729e-05,NA,0.0553591,FALSE,NA,NA,NA,NA,NA,NA,1,"MDD"
1616,11,4946052,5533057,TRUE,211,2125,0.000128425,1.21037e-05,0.14387,0.394095,FALSE,NA,NA,NA,NA,NA,NA,2,NA
1617,11,5533058,6180840,TRUE,259,2361,6.72728e-05,0.000165287,0.299299,0.00308277,FALSE,NA,NA,NA,NA,NA,NA,2,NA
1618,11,6180841,7191230,TRUE,384,2429,NA,0.000222956,NA,0.00148063,FALSE,NA,NA,NA,NA,NA,NA,1,"MDD"
1619,11,7191231,7915071,TRUE,316,2217,3.45987e-05,0.000243632,0.397949,0.000232935,FALSE,NA,NA,NA,NA,NA,NA,2,NA
1620,11,7915072,9080939,TRUE,424,2973,0.000332272,0.000339552,0.0299893,1.24947e-05,TRUE,-0.126603,-0.126603,FALSE,-1,0.48137,0.657368,2,NA
1621,11,9080940,10370100,TRUE,275,2778,0.00030926,NA,0.0159452,NA,FALSE,NA,NA,NA,NA,NA,NA,1,"BIP"
1622,11,10370101,11081299,TRUE,299,1939,NA,0.000100479,NA,0.0556858,FALSE,NA,NA,NA,NA,NA,NA,1,"MDD"
1623,11,11081300,11632650,TRUE,388,1906,0.000364134,0.000249603,0.0158436,0.000374618,TRUE,0.198139,0.198139,FALSE,-0.5438,0.93794,0.504618,2,NA
1624,11,11632651,12470449,TRUE,434,2338,NA,0.000298069,NA,9.14828e-05,FALSE,NA,NA,NA,NA,NA,NA,1,"MDD"
1625,11,12470450,13364727,TRUE,318,2137,NA,0.000223139,NA,0.000498588,FALSE,NA,NA,NA,NA,NA,NA,1,"MDD"
1626,11,13364728,15126767,TRUE,332,2968,0.000190191,0.000282393,0.105758,2.92419e-05,FALSE,NA,NA,NA,NA,NA,NA,2,NA
1627,11,15126768,16383386,TRUE,292,2285,8.3775e-05,3.52855e-05,0.271916,0.273205,FALSE,NA,NA,NA,NA,NA,NA,2,NA
1628,11,16383387,17583948,TRUE,275,2343,NA,0.000183745,NA,0.00194535,FALSE,NA,NA,NA,NA,NA,NA,1,"MDD"
1629,11,17583949,18740267,TRUE,337,2488,0.000321258,0.00028418,0.0211149,3.35291e-05,TRUE,-0.627683,-0.627683,FALSE,-1,-0.0763,0.0283851,2,NA
1630,11,18740268,19780784,TRUE,334,2320,4.35986e-05,2.32799e-05,0.378406,0.349706,FALSE,NA,NA,NA,NA,NA,NA,2,NA
1631,11,19780785,20686336,TRUE,453,2391,0.000104883,0.00022939,0.272743,0.00193901,FALSE,NA,NA,NA,NA,NA,NA,2,NA
1632,11,20686337,21442722,TRUE,351,1885,0.000200036,0.000111808,0.102158,0.0492609,FALSE,NA,NA,NA,NA,NA,NA,2,NA
1633,11,21442723,22368743,TRUE,228,2226,0.000150825,0.000129172,0.118154,0.0113938,FALSE,NA,NA,NA,NA,NA,NA,2,NA
1634,11,22368744,23164544,TRUE,176,1783,0.000473141,9.80147e-05,6.94442e-05,0.0226839,TRUE,-0.0179077,-0.0179077,FALSE,-0.92004,0.65406,0.953211,2,NA
1635,11,23164545,24091272,TRUE,242,2768,0.000469943,0.000267561,0.000468176,6.87154e-06,TRUE,-0.253353,-0.253353,FALSE,-0.87023,0.17741,0.258484,2,NA
1636,11,24091273,24892439,TRUE,267,2624,0.000340927,7.52489e-05,0.0088366,0.0993717,FALSE,NA,NA,NA,NA,NA,NA,2,NA
1637,11,24892440,25662918,TRUE,147,2135,0.000219369,5.05826e-05,0.0215407,0.127265,FALSE,NA,NA,NA,NA,NA,NA,2,NA
1638,11,25662919,26356980,TRUE,181,2775,NA,0.000170655,NA,0.000739793,FALSE,NA,NA,NA,NA,NA,NA,1,"MDD"
1639,11,26356981,27018307,TRUE,186,2001,0.000166715,0.000225413,0.0744906,1.9772e-05,FALSE,NA,NA,NA,NA,NA,NA,2,NA
1640,11,27018308,28577718,TRUE,273,2390,0.000318254,0.000109789,0.0140649,0.0343416,TRUE,-0.00401178,-0.00401178,FALSE,-1,1,0.99192,2,NA
1641,11,28577719,29530460,TRUE,188,1892,NA,0.000259632,NA,1.74297e-06,FALSE,NA,NA,NA,NA,NA,NA,1,"MDD"
1642,11,29530461,30570129,TRUE,195,2047,3.23246e-05,4.13645e-05,0.377962,0.199061,FALSE,NA,NA,NA,NA,NA,NA,2,NA
1643,11,30570130,32065771,TRUE,222,1855,0.000301867,0.000177455,0.0106185,0.00101964,TRUE,0.362656,0.362656,FALSE,-0.32732,1,0.240311,2,NA
1644,11,32065772,32830422,TRUE,200,1845,0.000139797,0.000247499,0.118555,8.08012e-06,FALSE,NA,NA,NA,NA,NA,NA,2,NA
1645,11,32830423,33905327,TRUE,230,2282,0.000142026,0.000147372,0.130659,0.00505134,FALSE,NA,NA,NA,NA,NA,NA,2,NA
1646,11,33905328,34672697,TRUE,297,1777,0.000323388,2.93659e-05,0.0154149,0.311594,FALSE,NA,NA,NA,NA,NA,NA,2,NA
1647,11,34672698,35500367,TRUE,226,2290,0.000211214,0.000130778,0.0503124,0.00987138,FALSE,NA,NA,NA,NA,NA,NA,2,NA
1648,11,35500368,36331189,TRUE,319,1821,7.11193e-05,4.17449e-05,0.310146,0.250605,FALSE,NA,NA,NA,NA,NA,NA,2,NA
1649,11,36331190,37119024,TRUE,239,1958,1.47826e-05,8.81075e-05,0.442461,0.0630223,FALSE,NA,NA,NA,NA,NA,NA,2,NA
1650,11,37119025,37953086,TRUE,194,2066,0.00010226,0.000124658,0.188633,0.00868838,FALSE,NA,NA,NA,NA,NA,NA,2,NA
1651,11,37953087,39329140,TRUE,196,2574,0.000323829,0.00015148,0.00657293,0.00261527,TRUE,-0.274338,-0.274338,FALSE,-1,0.36048,0.382096,2,NA
1652,11,39329141,40362940,TRUE,273,2128,0.000358171,0.000102016,0.00752397,0.0488774,TRUE,0.63485,0.63485,FALSE,-0.1808,1,0.10896,2,NA
1653,11,40362941,41603195,TRUE,286,2719,NA,0.000192595,NA,0.00141955,FALSE,NA,NA,NA,NA,NA,NA,1,"MDD"
1654,11,41603196,42858197,TRUE,232,3539,4.84111e-05,7.32105e-05,0.341743,0.0932656,FALSE,NA,NA,NA,NA,NA,NA,2,NA
1655,11,42858198,43949377,TRUE,250,2846,0.000312026,0.000256343,0.0117525,2.01476e-05,TRUE,-0.165058,-0.165058,FALSE,-1,0.38137,0.544282,2,NA
1656,11,43949378,45019559,TRUE,522,2715,0.000250811,0.000288621,0.0966678,0.000394615,FALSE,NA,NA,NA,NA,NA,NA,2,NA
1657,11,45019560,46316005,TRUE,345,2612,0.000690145,0.000547021,2.78227e-05,1.28873e-12,TRUE,0.257669,0.257669,FALSE,-0.07237,0.59159,0.117198,2,NA
1658,11,46316006,48066366,TRUE,180,2092,0.000458244,0.000238647,0.000153825,8.23793e-06,TRUE,0.174329,0.174329,FALSE,-0.30018,0.64037,0.430446,2,NA
1659,11,48066367,48765366,TRUE,50,1591,0.000140711,0.000156228,0.0154836,8.97668e-07,TRUE,-0.223397,-0.223397,FALSE,-1,0.39176,0.457052,2,NA
1660,11,48765367,49386071,TRUE,42,1408,0.000211072,9.87234e-05,0.000665206,0.000228946,TRUE,-0.291442,-0.291442,FALSE,-1,0.29596,0.309054,2,NA
1661,11,49386072,50217008,TRUE,33,1913,0.00010445,3.33301e-05,0.0257344,0.0602896,FALSE,NA,NA,NA,NA,NA,NA,2,NA
1662,11,50217009,51098366,TRUE,27,1824,4.77052e-05,2.19092e-05,0.139273,0.120328,FALSE,NA,NA,NA,NA,NA,NA,2,NA
1663,11,51098367,51581595,FALSE,NA,NA,NA,NA,NA,NA,FALSE,NA,NA,NA,NA,NA,NA,NA,NA
1664,11,51581596,55477633,TRUE,39,2120,9.22244e-05,7.66132e-05,0.0488275,0.00187574,TRUE,0.580193,0.580193,FALSE,-0.31698,1,0.167576,2,NA
1665,11,55477634,55947452,TRUE,29,2140,3.54949e-05,5.79565e-05,0.204325,0.00474397,FALSE,NA,NA,NA,NA,NA,NA,2,NA
1666,11,55947453,56623494,TRUE,61,1940,8.92717e-05,3.28347e-05,0.089282,0.117974,FALSE,NA,NA,NA,NA,NA,NA,2,NA
1667,11,56623495,57675986,TRUE,219,1933,0.000157282,0.000155843,0.103833,0.00285974,FALSE,NA,NA,NA,NA,NA,NA,2,NA
1668,11,57675987,58452708,TRUE,93,1878,2.44901e-05,5.49633e-05,0.362472,0.0587716,FALSE,NA,NA,NA,NA,NA,NA,2,NA
1669,11,58452709,59256232,TRUE,142,1803,0.000336516,9.2783e-05,0.00128467,0.0198017,TRUE,0.243842,0.243842,FALSE,-0.59922,1,0.470654,2,NA
1670,11,59256233,60515105,TRUE,270,2341,0.000312263,0.000216743,0.0166345,0.000344019,TRUE,0.445947,0.445947,FALSE,-0.20511,1,0.142196,2,NA
1671,11,60515106,61717117,TRUE,338,1811,0.000188047,0.000397137,0.113081,5.68576e-08,FALSE,NA,NA,NA,NA,NA,NA,2,NA
1672,11,61717118,62800368,TRUE,304,1959,0.000430699,0.000186833,0.00280139,0.00234024,TRUE,0.0795223,0.0795223,FALSE,-0.66642,0.73809,0.783086,2,NA
1673,11,62800369,64594822,TRUE,368,2697,0.000494278,0.000390019,0.00189364,1.79303e-07,TRUE,-0.075713,-0.075713,FALSE,-0.632,0.36363,0.726396,2,NA
1674,11,64594823,66782661,TRUE,386,2993,0.000617665,0.000498943,0.000242808,3.1184e-10,TRUE,-0.146433,-0.146433,FALSE,-0.5816,0.21777,0.424917,2,NA
1675,11,66782662,68000949,TRUE,253,1785,0.000210166,0.000126609,0.062737,0.0188692,FALSE,NA,NA,NA,NA,NA,NA,2,NA
1676,11,68000950,68887344,TRUE,203,1734,1.36812e-05,0.000135302,0.441231,0.0065156,FALSE,NA,NA,NA,NA,NA,NA,2,NA
1677,11,68887345,69713996,TRUE,324,1952,0.000425151,0.000184793,0.00397476,0.00318366,TRUE,-0.459822,-0.459822,FALSE,-1,0.14624,0.124517,2,NA
1678,11,69713997,71242834,TRUE,509,3733,0.000294158,0.000288071,0.0632351,0.000379731,FALSE,NA,NA,NA,NA,NA,NA,2,NA
1679,11,71242835,72875068,TRUE,304,3063,0.000571525,0.000221457,0.000177833,0.000571514,TRUE,0.0630475,0.0630475,FALSE,-0.53791,0.58344,0.79452,2,NA
1680,11,72875069,74399331,TRUE,296,2878,0.000425436,7.74894e-05,0.00277736,0.108039,FALSE,NA,NA,NA,NA,NA,NA,2,NA
1681,11,74399332,75445253,TRUE,297,1883,0.000508944,0.000169694,0.000526601,0.00443222,TRUE,0.156973,0.156973,FALSE,-0.5255,0.79772,0.573394,2,NA
1682,11,75445254,76518906,TRUE,353,2168,0.000216286,0.000238259,0.0876618,0.000453074,FALSE,NA,NA,NA,NA,NA,NA,2,NA
1683,11,76518907,77719870,TRUE,215,2259,4.22068e-05,1.09177e-05,0.353842,0.406217,FALSE,NA,NA,NA,NA,NA,NA,2,NA
1684,11,77719871,78912252,TRUE,400,2308,0.000305545,0.000325277,0.0391987,1.56568e-05,TRUE,0.0104445,0.0104445,FALSE,-0.82492,0.69374,0.97194,2,NA
1685,11,78912253,79802286,TRUE,379,2083,7.4294e-05,0.000349019,0.316372,3.34247e-06,FALSE,NA,NA,NA,NA,NA,NA,2,NA
1686,11,79802287,80726012,TRUE,351,2264,NA,0.000326724,NA,4.34893e-06,FALSE,NA,NA,NA,NA,NA,NA,1,"MDD"
1687,11,80726013,81658298,TRUE,292,2830,0.0001342,0.000258059,0.172032,5.81056e-05,FALSE,NA,NA,NA,NA,NA,NA,2,NA
1688,11,81658299,82833181,TRUE,269,3023,0.000293934,0.000248407,0.0196129,5.37021e-05,TRUE,0.374283,0.374283,FALSE,-0.24658,1,0.19892,2,NA
1689,11,82833182,83677773,TRUE,205,1804,0.000363308,0.000167688,0.00331602,0.0012518,TRUE,-0.326458,-0.326458,FALSE,-1,0.24485,0.260003,2,NA
1690,11,83677774,84613229,TRUE,250,2011,0.000374542,0.000234447,0.0040947,0.000100458,TRUE,-0.175997,-0.175997,FALSE,-0.95077,0.3562,0.507036,2,NA
1691,11,84613230,85869059,TRUE,192,2511,0.000329618,0.000281665,0.00463484,6.39426e-07,TRUE,-0.183488,-0.183488,FALSE,-0.85489,0.29643,0.450693,2,NA
1692,11,85869060,86629333,TRUE,237,2024,0.000543012,0.000215416,6.28324e-05,0.000159283,TRUE,-0.347233,-0.347233,FALSE,-1,0.09354,0.128594,2,NA
1693,11,86629334,87676870,TRUE,292,3303,0.000204778,0.000121602,0.0779393,0.0256355,FALSE,NA,NA,NA,NA,NA,NA,2,NA
1694,11,87676871,88359287,TRUE,197,1819,NA,0.000129111,NA,0.0070794,FALSE,NA,NA,NA,NA,NA,NA,1,"MDD"
1695,11,88359288,89209738,TRUE,97,1806,0.000192698,0.000178962,0.0159682,8.77525e-06,TRUE,-0.366301,-0.366301,FALSE,-1,0.23332,0.213454,2,NA
1696,11,89209739,90199932,TRUE,112,1510,3.54317e-05,9.39238e-05,0.329575,0.00976196,FALSE,NA,NA,NA,NA,NA,NA,2,NA
1697,11,90199933,90967061,TRUE,129,1872,0.000188174,0.00015292,0.0298398,0.000336106,TRUE,-0.279457,-0.279457,FALSE,-1,0.41643,0.404934,2,NA
1698,11,90967062,92209168,TRUE,260,2810,0.000289296,2.82163e-05,0.019621,0.304138,FALSE,NA,NA,NA,NA,NA,NA,2,NA
1699,11,92209169,93576641,TRUE,320,2669,8.53667e-05,3.42054e-05,0.277027,0.289477,FALSE,NA,NA,NA,NA,NA,NA,2,NA
1700,11,93576642,94384535,TRUE,182,1911,0.000299778,0.000112526,0.00654113,0.0135165,TRUE,0.20749,0.20749,FALSE,-0.71091,1,0.552592,2,NA
1701,11,94384536,95327210,TRUE,329,1896,0.000428974,0.000297818,0.00394159,1.42945e-05,TRUE,-0.0451389,-0.0451389,FALSE,-0.68987,0.46601,0.855112,2,NA
1702,11,95327211,96150134,TRUE,311,1953,0.000237812,7.26637e-05,0.0582548,0.125494,FALSE,NA,NA,NA,NA,NA,NA,2,NA
1703,11,96150135,97091671,TRUE,246,1876,NA,0.000100199,NA,0.0410977,FALSE,NA,NA,NA,NA,NA,NA,1,"MDD"
1704,11,97091672,98145570,TRUE,321,2927,0.000243523,0.000174516,0.0575367,0.00514775,FALSE,NA,NA,NA,NA,NA,NA,2,NA
1705,11,98145571,98929380,TRUE,212,2535,0.000310726,8.15722e-05,0.00791047,0.0623661,FALSE,NA,NA,NA,NA,NA,NA,2,NA
1706,11,98929381,99619347,TRUE,208,2443,0.000308792,0.0001691,0.00760363,0.00125305,TRUE,-0.394788,-0.394788,FALSE,-1,0.22825,0.195514,2,NA
1707,11,99619348,100423901,TRUE,277,1958,NA,0.000149162,NA,0.00781835,FALSE,NA,NA,NA,NA,NA,NA,1,"MDD"
1708,11,100423902,101152831,TRUE,220,2254,0.000134417,8.5709e-06,0.139633,0.42338,FALSE,NA,NA,NA,NA,NA,NA,2,NA
1709,11,101152832,101881252,TRUE,176,2024,7.31678e-05,0.000151187,0.245832,0.00161884,FALSE,NA,NA,NA,NA,NA,NA,2,NA
1710,11,101881253,102671665,TRUE,287,1835,0.000192241,9.39808e-05,0.0879618,0.0610766,FALSE,NA,NA,NA,NA,NA,NA,2,NA
1711,11,102671666,103495635,TRUE,199,2523,0.000249741,2.87023e-05,0.0207102,0.275052,FALSE,NA,NA,NA,NA,NA,NA,2,NA
1712,11,103495636,104875270,TRUE,236,2964,0.000337697,7.85993e-05,0.00629344,0.0776135,FALSE,NA,NA,NA,NA,NA,NA,2,NA
1713,11,104875271,105932282,TRUE,142,1969,3.24741e-05,6.36104e-05,0.358313,0.0698458,FALSE,NA,NA,NA,NA,NA,NA,2,NA
1714,11,105932283,107054024,TRUE,272,2308,0.000494902,0.000208469,0.000529446,0.00049842,TRUE,5.74899e-08,5.74899e-08,FALSE,NA,NA,1,2,NA
1715,11,107054025,107846824,TRUE,193,2303,NA,0.00020197,NA,0.000110768,FALSE,NA,NA,NA,NA,NA,NA,1,"MDD"
1716,11,107846825,109891837,TRUE,377,3053,0.000321559,0.000355175,0.0277707,1.80539e-06,TRUE,0.177402,0.177402,FALSE,-0.49411,0.91315,0.517651,2,NA
1717,11,109891838,111117780,TRUE,311,2587,0.000449898,0.000128773,0.00206611,0.0229951,TRUE,-0.342265,-0.342265,FALSE,-1,0.32094,0.306619,2,NA
1718,11,111117781,112755446,TRUE,355,2796,0.000341987,0.000452402,0.0187034,2.31899e-09,TRUE,-0.0620363,-0.0620363,FALSE,-0.75584,0.44451,0.796322,2,NA
1719,11,112755447,113889019,TRUE,306,2506,0.000306195,0.000253261,0.0212781,0.000102278,TRUE,0.567086,0.567086,FALSE,0.00794,1,0.0558547,2,NA
1720,11,113889020,114742317,TRUE,302,1827,0.000109654,0.000146852,0.219898,0.0110615,FALSE,NA,NA,NA,NA,NA,NA,2,NA
1721,11,114742318,116247377,TRUE,507,3017,0.000707457,0.000268308,0.000215232,0.000837752,TRUE,0.311047,0.311047,FALSE,-0.19073,0.86676,0.197608,2,NA
1722,11,116247378,117295641,TRUE,363,2793,0.000258053,0.000311796,0.0552713,1.15165e-05,FALSE,NA,NA,NA,NA,NA,NA,2,NA
1723,11,117295642,118901213,TRUE,574,3630,0.00019386,0.000151383,0.165975,0.0427397,FALSE,NA,NA,NA,NA,NA,NA,2,NA
1724,11,118901214,120064528,TRUE,397,2326,0.000397724,0.000359898,0.0104513,1.78982e-06,TRUE,-0.0159127,-0.0159127,FALSE,-0.68392,0.5023,0.949076,2,NA
1725,11,120064529,121208186,TRUE,403,2276,0.000303884,0.000237385,0.0390045,0.000853763,TRUE,0.717569,0.717569,FALSE,0.06989,1,0.0340102,2,NA
1726,11,121208187,122589224,TRUE,407,2668,NA,0.000263009,NA,0.000291658,FALSE,NA,NA,NA,NA,NA,NA,1,"MDD"
1727,11,122589225,123398882,TRUE,386,2098,0.000499004,6.34608e-05,0.00201482,0.180209,FALSE,NA,NA,NA,NA,NA,NA,2,NA
1728,11,123398883,124403477,TRUE,251,2908,2.08664e-05,0.000104768,0.425556,0.0360008,FALSE,NA,NA,NA,NA,NA,NA,2,NA
1729,11,124403478,125266684,TRUE,386,1884,NA,0.000212824,NA,0.00190785,FALSE,NA,NA,NA,NA,NA,NA,1,"MDD"
1730,11,125266685,126304240,TRUE,324,2571,5.48655e-05,0.000481414,0.348031,5.03158e-11,FALSE,NA,NA,NA,NA,NA,NA,2,NA
1731,11,126304241,127306871,TRUE,422,2615,0.000115102,0.000310564,0.245816,4.60788e-05,FALSE,NA,NA,NA,NA,NA,NA,2,NA
1732,11,127306872,128262550,TRUE,285,2284,0.000338573,0.00032893,0.0106555,5.31227e-07,TRUE,-0.144491,-0.144491,FALSE,-0.87058,0.36086,0.562633,2,NA
1733,11,128262551,129451784,TRUE,459,2559,0.000365187,6.84948e-05,0.0240785,0.184056,FALSE,NA,NA,NA,NA,NA,NA,2,NA
1734,11,129451785,130500783,TRUE,404,2418,0.000371795,0.000209268,0.017427,0.00315314,TRUE,0.257455,0.257455,FALSE,-0.54374,1,0.433733,2,NA
1735,11,130500784,131424361,TRUE,456,2202,NA,0.000187692,NA,0.00867166,FALSE,NA,NA,NA,NA,NA,NA,1,"MDD"
1736,11,131424362,132584401,TRUE,514,2784,0.000307717,0.000251232,0.0549211,0.00154771,FALSE,NA,NA,NA,NA,NA,NA,2,NA
1737,11,132584402,133521642,TRUE,500,2385,0.000126075,0.00029624,0.246271,0.0002398,FALSE,NA,NA,NA,NA,NA,NA,2,NA
1738,11,133521643,134351064,TRUE,408,1848,0.000580884,0.000440344,0.000700472,2.40035e-08,TRUE,-0.114265,-0.114265,FALSE,-0.60586,0.28299,0.568091,2,NA
1739,11,134351065,134946450,TRUE,305,2348,0.000511587,0.000151817,0.000509767,0.0092543,TRUE,0.111096,0.111096,FALSE,-0.66296,0.79439,0.703117,2,NA
1740,12,60317,1078397,TRUE,352,2077,0.000118706,0.000326502,0.222137,5.75767e-06,FALSE,NA,NA,NA,NA,NA,NA,2,NA
1741,12,1078398,1942426,TRUE,345,2272,0.00044777,3.07216e-06,0.00329652,0.471485,FALSE,NA,NA,NA,NA,NA,NA,2,NA
1742,12,1942427,3069506,TRUE,445,2460,0.00014504,0.000350449,0.202965,8.39552e-06,FALSE,NA,NA,NA,NA,NA,NA,2,NA
1743,12,3069507,3871114,TRUE,434,2276,5.64232e-05,0.000360781,0.364994,4.28147e-06,FALSE,NA,NA,NA,NA,NA,NA,2,NA
1744,12,3871115,4967643,TRUE,466,2319,0.000312351,0.000213414,0.0441122,0.00361669,TRUE,-0.822837,-0.822837,FALSE,-1,-0.09875,0.0243024,2,NA
1745,12,4967644,6023700,TRUE,446,2427,NA,0.00011117,NA,0.0710654,FALSE,NA,NA,NA,NA,NA,NA,1,"MDD"
1746,12,6023701,6948954,TRUE,352,1993,0.000266174,0.000105681,0.0492801,0.0601863,FALSE,NA,NA,NA,NA,NA,NA,2,NA
1747,12,6948955,8123317,TRUE,342,2410,0.000217537,0.000253187,0.0850199,0.00016677,FALSE,NA,NA,NA,NA,NA,NA,2,NA
1748,12,8123318,8760628,FALSE,NA,NA,NA,NA,NA,NA,FALSE,NA,NA,NA,NA,NA,NA,NA,NA
1749,12,8760629,10176713,TRUE,391,2966,0.000269838,0.000254043,0.0538443,0.000354414,FALSE,NA,NA,NA,NA,NA,NA,2,NA
1750,12,10176714,10946140,TRUE,203,1789,0.000184987,0.000128459,0.0651216,0.00789627,FALSE,NA,NA,NA,NA,NA,NA,2,NA
1751,12,10946141,11742149,TRUE,143,1927,0.000484991,0.000136869,1.91224e-05,0.00273945,TRUE,-0.161405,-0.161405,FALSE,-0.88087,0.35444,0.530249,2,NA
1752,12,11742150,12721874,TRUE,377,2142,NA,0.0002072,NA,0.00247971,FALSE,NA,NA,NA,NA,NA,NA,1,"MDD"
1753,12,12721875,13559527,TRUE,332,1695,7.90744e-05,0.000133286,0.294423,0.0231925,FALSE,NA,NA,NA,NA,NA,NA,2,NA
1754,12,13559528,14656849,TRUE,365,2744,3.18201e-06,0.000247432,0.482154,0.000340234,FALSE,NA,NA,NA,NA,NA,NA,2,NA
1755,12,14656850,16136742,TRUE,348,2296,NA,0.00020685,NA,0.00165923,FALSE,NA,NA,NA,NA,NA,NA,1,"MDD"
1756,12,16136743,17374895,TRUE,325,1958,NA,1.15903e-05,NA,0.41789,FALSE,NA,NA,NA,NA,NA,NA,1,"MDD"
1757,12,17374896,18470023,TRUE,239,2721,0.000195528,0.000248582,0.0686128,2.17458e-05,FALSE,NA,NA,NA,NA,NA,NA,2,NA
1758,12,18470024,19532765,TRUE,289,2507,0.000187353,0.000350536,0.0997897,2.00054e-07,FALSE,NA,NA,NA,NA,NA,NA,2,NA
1759,12,19532766,20074930,TRUE,182,2013,NA,0.000191054,NA,0.000185441,FALSE,NA,NA,NA,NA,NA,NA,1,"MDD"
1760,12,20074931,20866285,TRUE,321,1982,NA,0.000129855,NA,0.0248488,FALSE,NA,NA,NA,NA,NA,NA,1,"MDD"
1761,12,20866286,21572252,FALSE,NA,NA,NA,NA,NA,NA,FALSE,NA,NA,NA,NA,NA,NA,NA,NA
1762,12,21572253,22928055,TRUE,332,2555,0.000599795,0.000113618,0.000161484,0.0454832,TRUE,-0.141558,-0.141558,FALSE,-1,0.56879,0.663874,2,NA
1763,12,22928056,23923798,TRUE,370,1926,0.000510331,0.000296176,0.00143293,3.23911e-05,TRUE,-0.172309,-0.172309,FALSE,-0.83812,0.29098,0.467616,2,NA
1764,12,23923799,25058714,TRUE,465,2788,0.000763139,0.000257317,4.0711e-05,0.000730985,TRUE,0.373025,0.373025,FALSE,-0.09516,0.90084,0.103891,2,NA
1765,12,25058715,25990813,TRUE,331,2501,0.000211279,9.06565e-05,0.0846426,0.0827762,FALSE,NA,NA,NA,NA,NA,NA,2,NA
1766,12,25990814,26958056,TRUE,313,2650,7.33916e-05,0.00034139,0.301682,5.43461e-07,FALSE,NA,NA,NA,NA,NA,NA,2,NA
1767,12,26958057,27797262,TRUE,201,2116,NA,0.00013301,NA,0.00632192,FALSE,NA,NA,NA,NA,NA,NA,1,"MDD"
1768,12,27797263,28753585,TRUE,263,2128,3.82828e-05,8.80406e-05,0.37854,0.0678113,FALSE,NA,NA,NA,NA,NA,NA,2,NA
1769,12,28753586,29647193,TRUE,184,2448,0.000116589,6.5752e-05,0.149209,0.0890041,FALSE,NA,NA,NA,NA,NA,NA,2,NA
1770,12,29647194,30358377,TRUE,287,2211,NA,0.000189655,NA,0.00152329,FALSE,NA,NA,NA,NA,NA,NA,1,"MDD"
1771,12,30358378,31067298,TRUE,174,2330,0.000304752,0.000141803,0.00504032,0.00279595,TRUE,-0.0131587,-0.0131587,FALSE,-0.87977,0.67281,0.966308,2,NA
1772,12,31067299,31797152,TRUE,197,1788,NA,8.01032e-05,NA,0.0622223,FALSE,NA,NA,NA,NA,NA,NA,1,"MDD"
1773,12,31797153,32368905,TRUE,236,1973,0.000553407,5.06659e-05,4.64666e-05,0.173716,FALSE,NA,NA,NA,NA,NA,NA,2,NA
1774,12,32368906,33076722,TRUE,209,2157,0.000223944,0.000149192,0.036418,0.00334417,TRUE,-0.340467,-0.340467,FALSE,-1,0.41233,0.35339,2,NA
1775,12,33076723,34340495,TRUE,113,3249,3.24252e-05,0.000156659,0.345918,0.000150238,FALSE,NA,NA,NA,NA,NA,NA,2,NA
1776,12,34340496,38108284,TRUE,38,1559,4.91861e-05,5.7895e-05,0.173735,0.0140298,FALSE,NA,NA,NA,NA,NA,NA,2,NA
1777,12,38108285,38746760,TRUE,46,1652,0.000161794,1.16365e-05,0.00916572,0.301433,FALSE,NA,NA,NA,NA,NA,NA,2,NA
1778,12,38746761,40017396,TRUE,135,2372,1.34411e-05,0.000146859,0.432828,0.000803688,FALSE,NA,NA,NA,NA,NA,NA,2,NA
1779,12,40017397,41198229,TRUE,221,3031,0.000372447,0.000153419,0.00404222,0.00307203,TRUE,0.550154,0.550154,FALSE,-0.04147,1,0.0717344,2,NA
1780,12,41198230,42117736,TRUE,159,2386,NA,0.000147001,NA,0.00141287,FALSE,NA,NA,NA,NA,NA,NA,1,"MDD"
1781,12,42117737,43072679,TRUE,184,2049,0.000101751,6.53469e-05,0.180456,0.0912541,FALSE,NA,NA,NA,NA,NA,NA,2,NA
1782,12,43072680,43980531,TRUE,208,2416,0.000203367,4.37403e-05,0.0490308,0.194673,FALSE,NA,NA,NA,NA,NA,NA,2,NA
1783,12,43980532,44923825,TRUE,161,1813,0.000438326,0.000140892,0.000161099,0.00211133,TRUE,-0.358782,-0.358782,FALSE,-1,0.17568,0.178495,2,NA
1784,12,44923826,46037744,TRUE,207,2112,0.000280612,2.9277e-05,0.0148618,0.277118,FALSE,NA,NA,NA,NA,NA,NA,2,NA
1785,12,46037745,47499603,TRUE,284,2491,0.00032734,0.000158394,0.013387,0.00708012,TRUE,-0.417517,-0.417517,FALSE,-1,0.25008,0.224943,2,NA
1786,12,47499604,48227035,TRUE,270,2044,0.000322484,0.000297853,0.0120509,2.72072e-06,TRUE,0.0959023,0.0959023,FALSE,-0.57097,0.67826,0.712449,2,NA
1787,12,48227036,48960265,TRUE,149,1862,8.08895e-05,3.95463e-05,0.208268,0.176435,FALSE,NA,NA,NA,NA,NA,NA,2,NA
1788,12,48960266,50344346,TRUE,265,2130,4.81058e-05,0.000170458,0.353262,0.00318587,FALSE,NA,NA,NA,NA,NA,NA,2,NA
1789,12,50344347,51769419,TRUE,164,2309,0.000133595,2.29456e-05,0.111892,0.296886,FALSE,NA,NA,NA,NA,NA,NA,2,NA
1790,12,51769420,53039987,TRUE,451,3157,0.000257666,0.000222739,0.0768788,0.00245057,FALSE,NA,NA,NA,NA,NA,NA,2,NA
1791,12,53039988,54371448,TRUE,343,2779,0.000429038,0.000336781,0.00464268,2.0091e-06,TRUE,-0.228164,-0.228164,FALSE,-0.93075,0.24224,0.33974,2,NA
1792,12,54371449,55416802,TRUE,336,2027,0.000221165,0.000297821,0.0797795,1.96539e-05,FALSE,NA,NA,NA,NA,NA,NA,2,NA
1793,12,55416803,56987105,TRUE,296,2242,0.000440854,0.000170001,0.0021809,0.00449997,TRUE,-0.33149,-0.33149,FALSE,-1,0.25638,0.262997,2,NA
1794,12,56987106,58748139,TRUE,313,2520,NA,0.000246154,NA,0.000151343,FALSE,NA,NA,NA,NA,NA,NA,1,"MDD"
1795,12,58748140,60000363,TRUE,246,2775,0.000185042,1.01261e-05,0.0824332,0.416928,FALSE,NA,NA,NA,NA,NA,NA,2,NA
1796,12,60000364,61737953,TRUE,210,3674,9.65792e-05,0.000164486,0.211863,0.00263558,FALSE,NA,NA,NA,NA,NA,NA,2,NA
1797,12,61737954,63055936,TRUE,287,2875,0.000220531,0.000135044,0.0618019,0.0154391,FALSE,NA,NA,NA,NA,NA,NA,2,NA
1798,12,63055937,63764111,TRUE,243,1742,6.9958e-05,NA,0.288397,NA,FALSE,NA,NA,NA,NA,NA,NA,1,"BIP"
1799,12,63764112,64403857,TRUE,133,1546,0.000110227,7.90693e-05,0.127259,0.033155,FALSE,NA,NA,NA,NA,NA,NA,2,NA
1800,12,64403858,66114643,TRUE,383,2443,0.000205626,0.000276234,0.107301,0.00012298,FALSE,NA,NA,NA,NA,NA,NA,2,NA
1801,12,66114644,67183620,TRUE,301,2059,0.00037078,0.00015397,0.00788356,0.008933,TRUE,-0.296074,-0.296074,FALSE,-1,0.36832,0.376919,2,NA
1802,12,67183621,68006682,TRUE,247,2012,NA,0.000233927,NA,7.29886e-05,FALSE,NA,NA,NA,NA,NA,NA,1,"MDD"
1803,12,68006683,68839661,TRUE,263,1848,1.60679e-05,0.000203494,0.441369,0.00055615,FALSE,NA,NA,NA,NA,NA,NA,2,NA
1804,12,68839662,70097805,TRUE,426,3059,0.000137063,0.000226535,0.212218,0.00198008,FALSE,NA,NA,NA,NA,NA,NA,2,NA
1805,12,70097806,71177961,TRUE,264,2935,0.000124445,0.000212278,0.176637,0.000365711,FALSE,NA,NA,NA,NA,NA,NA,2,NA
1806,12,71177962,71948185,TRUE,185,1863,NA,0.000134038,NA,0.00505872,FALSE,NA,NA,NA,NA,NA,NA,1,"MDD"
1807,12,71948186,73154515,TRUE,228,2014,0.000317158,0.000163195,0.010257,0.00291337,TRUE,0.60919,0.60919,FALSE,-0.01517,1,0.0597764,2,NA
1808,12,73154516,74080747,TRUE,140,2256,0.000113901,4.39249e-05,0.123841,0.146259,FALSE,NA,NA,NA,NA,NA,NA,2,NA
1809,12,74080748,75563968,TRUE,212,3143,0.000185833,8.45414e-05,0.0671996,0.0543436,FALSE,NA,NA,NA,NA,NA,NA,2,NA
1810,12,75563969,76524573,TRUE,302,1955,0.000291513,0.000205569,0.0262997,0.000863921,TRUE,0.504081,0.504081,FALSE,-0.16988,1,0.122733,2,NA
1811,12,76524574,77800463,TRUE,348,2959,4.64264e-05,0.000412988,0.373591,3.83044e-08,FALSE,NA,NA,NA,NA,NA,NA,2,NA
1812,12,77800464,79315178,TRUE,465,3353,0.000106239,0.000263994,0.27364,0.000639953,FALSE,NA,NA,NA,NA,NA,NA,2,NA
1813,12,79315179,80952472,TRUE,253,2417,5.68006e-05,0.000212612,0.33037,0.000334333,FALSE,NA,NA,NA,NA,NA,NA,2,NA
1814,12,80952473,81843890,TRUE,163,1861,0.000147489,6.80507e-05,0.0894905,0.0694811,FALSE,NA,NA,NA,NA,NA,NA,2,NA
1815,12,81843891,82576129,TRUE,142,1829,NA,0.000130267,NA,0.00245959,FALSE,NA,NA,NA,NA,NA,NA,1,"MDD"
1816,12,82576130,83551125,TRUE,198,1876,0.000110409,0.000139906,0.170939,0.00481139,FALSE,NA,NA,NA,NA,NA,NA,2,NA
1817,12,83551126,84356775,TRUE,108,2306,NA,0.000168142,NA,6.45977e-05,FALSE,NA,NA,NA,NA,NA,NA,1,"MDD"
1818,12,84356776,85345631,TRUE,141,2148,NA,1.66158e-05,NA,0.333197,FALSE,NA,NA,NA,NA,NA,NA,1,"MDD"
1819,12,85345632,86933476,TRUE,167,3092,0.000278717,0.000102832,0.00835317,0.0167706,TRUE,0.109998,0.109998,FALSE,-0.9911,1,0.761644,2,NA
1820,12,86933477,88344764,TRUE,165,3115,6.84085e-05,0.000109394,0.25542,0.0122355,FALSE,NA,NA,NA,NA,NA,NA,2,NA
1821,12,88344765,90567001,TRUE,331,3122,0.000631711,0.000102841,8.06417e-05,0.0604319,FALSE,NA,NA,NA,NA,NA,NA,2,NA
1822,12,90567002,92061179,TRUE,279,2996,0.000208116,0.000172433,0.0725496,0.00297494,FALSE,NA,NA,NA,NA,NA,NA,2,NA
1823,12,92061180,93487547,TRUE,394,3220,0.000143485,0.000272306,0.191242,0.000165272,FALSE,NA,NA,NA,NA,NA,NA,2,NA
1824,12,93487548,94385884,TRUE,315,1919,0.000473925,9.3752e-05,0.00147611,0.0725379,FALSE,NA,NA,NA,NA,NA,NA,2,NA
1825,12,94385885,95147845,TRUE,375,2081,0.000205737,0.000352697,0.101978,1.80785e-06,FALSE,NA,NA,NA,NA,NA,NA,2,NA
1826,12,95147846,96017782,TRUE,239,2725,7.65854e-05,9.9683e-05,0.267486,0.038108,FALSE,NA,NA,NA,NA,NA,NA,2,NA
1827,12,96017783,96828314,TRUE,303,1995,0.000191151,0.000207927,0.097368,0.000858818,FALSE,NA,NA,NA,NA,NA,NA,2,NA
1828,12,96828315,97814021,TRUE,274,2535,0.000237903,7.7503e-05,0.0460382,0.0949852,FALSE,NA,NA,NA,NA,NA,NA,2,NA
1829,12,97814022,99244337,TRUE,421,2927,0.000434906,0.000257421,0.00757108,0.00045931,TRUE,-0.0521431,-0.0521431,FALSE,-0.86833,0.54124,0.852784,2,NA
1830,12,99244338,100931423,TRUE,381,3105,0.000252118,0.000340191,0.0642497,5.08879e-06,FALSE,NA,NA,NA,NA,NA,NA,2,NA
1831,12,100931424,101825061,TRUE,296,1990,6.11625e-05,8.32194e-05,0.327046,0.0924025,FALSE,NA,NA,NA,NA,NA,NA,2,NA
1832,12,101825062,102966633,TRUE,305,2457,0.000408799,6.87424e-05,0.00416934,0.136058,FALSE,NA,NA,NA,NA,NA,NA,2,NA
1833,12,102966634,104140831,TRUE,349,2582,0.000130667,0.000117189,0.196926,0.042739,FALSE,NA,NA,NA,NA,NA,NA,2,NA
1834,12,104140832,105079100,TRUE,318,2771,0.000353203,0.000181928,0.0111815,0.003261,TRUE,0.0477493,0.0477493,FALSE,-0.87413,0.79367,0.881609,2,NA
1835,12,105079101,106153787,TRUE,289,2638,0.000291678,0.000152768,0.0237322,0.00820884,TRUE,0.198968,0.198968,FALSE,-0.7933,1,0.584861,2,NA
1836,12,106153788,106964977,TRUE,287,1784,0.000226976,0.000208771,0.0598087,0.000647172,FALSE,NA,NA,NA,NA,NA,NA,2,NA
1837,12,106964978,108183188,TRUE,279,2483,0.000122363,0.000268777,0.188515,2.45223e-05,FALSE,NA,NA,NA,NA,NA,NA,2,NA
1838,12,108183189,109031819,TRUE,248,2169,0.000182072,0.000177224,0.0867,0.00165702,FALSE,NA,NA,NA,NA,NA,NA,2,NA
1839,12,109031820,110111514,TRUE,264,2203,0.000284086,0.000173077,0.0214001,0.00247936,TRUE,-0.327721,-0.327721,FALSE,-1,0.35548,0.331703,2,NA
1840,12,110111515,111592381,TRUE,198,1893,NA,0.000160189,NA,0.00164969,FALSE,NA,NA,NA,NA,NA,NA,1,"MDD"
1841,12,111592382,113947983,TRUE,356,3134,0.000535448,0.000216525,0.000865849,0.00134394,TRUE,0.20641,0.20641,FALSE,-0.40644,0.81687,0.436467,2,NA
1842,12,113947984,114685670,TRUE,276,2255,NA,0.00014748,NA,0.00896978,FALSE,NA,NA,NA,NA,NA,NA,1,"MDD"
1843,12,114685671,115439451,TRUE,293,1905,0.000154123,0.000184014,0.140592,0.00206617,FALSE,NA,NA,NA,NA,NA,NA,2,NA
1844,12,115439452,116197675,TRUE,357,2037,0.000277404,0.000100087,0.042861,0.0727749,FALSE,NA,NA,NA,NA,NA,NA,2,NA
1845,12,116197676,117091843,TRUE,368,2073,0.000503117,0.000329054,0.00154112,6.06454e-06,TRUE,0.256167,0.256167,FALSE,-0.2218,0.7874,0.263291,2,NA
1846,12,117091844,118256124,TRUE,441,2628,0.000197313,0.000202634,0.133706,0.00506837,FALSE,NA,NA,NA,NA,NA,NA,2,NA
1847,12,118256125,119301061,TRUE,308,2384,8.43463e-05,0.000286922,0.276083,1.50153e-05,FALSE,NA,NA,NA,NA,NA,NA,2,NA
1848,12,119301062,120567740,TRUE,394,2695,0.000294231,0.000203196,0.0413404,0.00292493,TRUE,-0.215383,-0.215383,FALSE,-1,0.54277,0.548308,2,NA
1849,12,120567741,121817509,TRUE,281,2962,0.000431425,0.000459975,0.00198427,5.11163e-11,TRUE,-0.0094987,-0.0094987,FALSE,-0.50443,0.39728,0.962363,2,NA
1850,12,121817510,123396634,TRUE,260,2599,0.000423218,0.000144422,0.00188136,0.00899269,TRUE,-0.0231313,-0.0231313,FALSE,-0.91769,0.68055,0.940467,2,NA
1851,12,123396635,124843768,TRUE,323,2963,0.000703445,0.000305322,1.47015e-05,8.4947e-06,TRUE,-0.122472,-0.122472,FALSE,-0.60459,0.27795,0.538125,2,NA
1852,12,124843769,126079935,TRUE,593,3078,0.000985087,0.00034312,3.66344e-06,0.000101533,TRUE,-0.177788,-0.177788,FALSE,-0.68452,0.21039,0.371434,2,NA
1853,12,126079936,126871452,TRUE,270,2105,0.000489513,0.000282473,0.000477285,6.1611e-06,TRUE,0.0489288,0.0489288,FALSE,-0.46111,0.50844,0.825692,2,NA
1854,12,126871453,127545377,TRUE,233,1879,2.76185e-05,0.000229414,0.402736,6.72128e-05,FALSE,NA,NA,NA,NA,NA,NA,2,NA
1855,12,127545378,128372588,TRUE,392,2166,0.000545312,0.000119036,0.00105888,0.0505318,FALSE,NA,NA,NA,NA,NA,NA,2,NA
1856,12,128372589,129170296,TRUE,424,2168,0.000204598,0.000253867,0.118514,0.000536988,FALSE,NA,NA,NA,NA,NA,NA,2,NA
1857,12,129170297,129887418,TRUE,462,2273,0.000186206,7.49061e-05,0.149298,0.164862,FALSE,NA,NA,NA,NA,NA,NA,2,NA
1858,12,129887419,130629840,TRUE,418,2123,7.28379e-05,0.000137366,0.326729,0.036692,FALSE,NA,NA,NA,NA,NA,NA,2,NA
1859,12,130629841,131404042,TRUE,421,2363,0.000153845,0.000154534,0.181634,0.0200591,FALSE,NA,NA,NA,NA,NA,NA,2,NA
1860,12,131404043,132012316,TRUE,251,1827,0.000283641,0.000153815,0.0204536,0.00538851,TRUE,-0.030657,-0.030657,FALSE,-1,0.76778,0.930497,2,NA
1861,12,132012317,132957945,TRUE,330,1883,0.000370502,0.000173987,0.010791,0.00550646,TRUE,-0.631321,-0.631321,FALSE,-1,0.00835,0.0559269,2,NA
1862,12,132957946,133841814,TRUE,231,2074,0.000692206,6.65096e-06,1.05142e-06,0.439829,FALSE,NA,NA,NA,NA,NA,NA,2,NA
1863,13,19020095,19648628,TRUE,106,1080,0.000464803,0.000102048,3.49947e-06,0.00588056,TRUE,-0.402047,-0.402047,FALSE,-1,0.11506,0.133224,2,NA
1864,13,19648629,20491181,TRUE,143,2545,2.4245e-05,4.60242e-05,0.390646,0.138829,FALSE,NA,NA,NA,NA,NA,NA,2,NA
1865,13,20491182,21540733,TRUE,336,2468,NA,0.000162668,NA,0.00915167,FALSE,NA,NA,NA,NA,NA,NA,1,"MDD"
1866,13,21540734,22795188,TRUE,516,3011,NA,0.000181363,NA,0.0142557,FALSE,NA,NA,NA,NA,NA,NA,1,"MDD"
1867,13,22795189,23729049,TRUE,467,3069,0.000337057,7.25294e-05,0.0340619,0.16944,FALSE,NA,NA,NA,NA,NA,NA,2,NA
1868,13,23729050,24818333,TRUE,480,3579,NA,0.000139679,NA,0.0384458,FALSE,NA,NA,NA,NA,NA,NA,1,"MDD"
1869,13,24818334,25977140,TRUE,346,3094,0.000303483,5.40791e-05,0.028334,0.201669,FALSE,NA,NA,NA,NA,NA,NA,2,NA
1870,13,25977141,26681709,TRUE,211,1851,0.000120403,0.000112802,0.15764,0.0179532,FALSE,NA,NA,NA,NA,NA,NA,2,NA
1871,13,26681710,27392005,TRUE,202,1879,0.00010931,0.000107802,0.177526,0.0224257,FALSE,NA,NA,NA,NA,NA,NA,2,NA
1872,13,27392006,28587125,TRUE,470,3353,0.000210701,8.74557e-05,0.122705,0.127392,FALSE,NA,NA,NA,NA,NA,NA,2,NA
1873,13,28587126,30068525,TRUE,454,3293,2.91916e-05,0.000302688,0.42637,9.45856e-05,FALSE,NA,NA,NA,NA,NA,NA,2,NA
1874,13,30068526,31433218,TRUE,512,3530,0.000294106,0.000389371,0.0624251,3.84893e-06,FALSE,NA,NA,NA,NA,NA,NA,2,NA
1875,13,31433219,32986686,TRUE,455,3458,0.000126226,0.000234168,0.234486,0.001615,FALSE,NA,NA,NA,NA,NA,NA,2,NA
1876,13,32986687,34722391,TRUE,418,3220,0.000113459,0.000351375,0.251931,4.82111e-06,FALSE,NA,NA,NA,NA,NA,NA,2,NA
1877,13,34722392,35744568,TRUE,270,2088,0.000499545,0.000114267,0.000426636,0.0306162,TRUE,-0.0116729,-0.0116729,FALSE,-1,0.72481,0.971219,2,NA
1878,13,35744569,36579413,TRUE,247,2043,7.80886e-05,4.88353e-05,0.266932,0.186622,FALSE,NA,NA,NA,NA,NA,NA,2,NA
1879,13,36579414,37499810,TRUE,228,1893,2.09882e-05,0.000113521,0.421691,0.0208832,FALSE,NA,NA,NA,NA,NA,NA,2,NA
1880,13,37499811,38290689,TRUE,156,2057,0.000164092,4.9805e-05,0.0633853,0.13142,FALSE,NA,NA,NA,NA,NA,NA,2,NA
1881,13,38290690,39381743,TRUE,240,2163,0.00033334,0.000205143,0.00758553,0.00029673,TRUE,0.191502,0.191502,FALSE,-0.48001,0.88365,0.502791,2,NA
1882,13,39381744,40091623,TRUE,192,2179,0.00016545,6.84246e-05,0.080326,0.0831455,FALSE,NA,NA,NA,NA,NA,NA,2,NA
1883,13,40091624,41003943,TRUE,355,2106,0.00037604,0.000305284,0.0109457,1.60096e-05,TRUE,-0.189705,-0.189705,FALSE,-1,0.34108,0.472518,2,NA
1884,13,41003944,42037054,TRUE,230,1668,0.000173489,0.000182682,0.0914155,0.00109029,FALSE,NA,NA,NA,NA,NA,NA,2,NA
1885,13,42037055,42950157,TRUE,226,2091,0.000104325,0.000120961,0.198523,0.0177221,FALSE,NA,NA,NA,NA,NA,NA,2,NA
1886,13,42950158,43931931,TRUE,311,2050,0.000339664,8.60651e-05,0.0133675,0.0884918,FALSE,NA,NA,NA,NA,NA,NA,2,NA
1887,13,43931932,45476446,TRUE,383,3021,0.000175053,0.000407821,0.142788,9.86415e-08,FALSE,NA,NA,NA,NA,NA,NA,2,NA
1888,13,45476447,46493236,TRUE,269,1962,0.000102089,8.50072e-05,0.225534,0.0749696,FALSE,NA,NA,NA,NA,NA,NA,2,NA
1889,13,46493237,47433528,TRUE,232,1850,1.55637e-05,0.000150647,0.43916,0.00474375,FALSE,NA,NA,NA,NA,NA,NA,2,NA
1890,13,47433529,48137479,TRUE,214,1923,0.00023824,0.000158258,0.0303325,0.00299569,TRUE,0.142832,0.142832,FALSE,-0.84721,1,0.688653,2,NA
1891,13,48137480,49381727,TRUE,225,2752,0.000305972,8.77537e-05,0.0116001,0.0579531,FALSE,NA,NA,NA,NA,NA,NA,2,NA
1892,13,49381728,50419896,TRUE,237,2186,2.91099e-05,0.000164553,0.399744,0.00266714,FALSE,NA,NA,NA,NA,NA,NA,2,NA
1893,13,50419897,51554236,TRUE,255,2151,0.000234414,0.000305852,0.0441497,1.23345e-06,TRUE,-0.408751,-0.408751,FALSE,-1,0.16959,0.166418,2,NA
1894,13,51554237,53336571,TRUE,366,2929,0.000195004,0.000235426,0.112285,0.00058166,FALSE,NA,NA,NA,NA,NA,NA,2,NA
1895,13,53336572,54684856,TRUE,327,2931,7.29913e-05,0.000262654,0.305448,7.92576e-05,FALSE,NA,NA,NA,NA,NA,NA,2,NA
1896,13,54684857,55576912,TRUE,177,1935,0.000453826,0.000183514,0.000150878,0.000251191,TRUE,-0.0405241,-0.0405241,FALSE,-0.6128,0.45529,0.867207,2,NA
1897,13,55576913,56434007,TRUE,100,1859,7.42041e-05,3.6451e-05,0.181859,0.147785,FALSE,NA,NA,NA,NA,NA,NA,2,NA
1898,13,56434008,58245843,TRUE,197,2608,0.000397612,7.94413e-05,0.000946303,0.0602654,FALSE,NA,NA,NA,NA,NA,NA,2,NA
1899,13,58245844,59751795,TRUE,207,3150,0.00042695,0.000150855,0.000529584,0.00281934,TRUE,0.502242,0.502242,FALSE,-0.04998,1,0.0706563,2,NA
1900,13,59751796,61268155,TRUE,322,3374,0.00035778,0.000131444,0.0109732,0.0226472,TRUE,0.19063,0.19063,FALSE,-0.83105,1,0.60566,2,NA
1901,13,61268156,62135827,TRUE,193,2555,4.69717e-05,6.87895e-05,0.331731,0.085852,FALSE,NA,NA,NA,NA,NA,NA,2,NA
1902,13,62135828,63206535,TRUE,153,2951,0.000105544,9.69445e-05,0.152831,0.0181786,FALSE,NA,NA,NA,NA,NA,NA,2,NA
1903,13,63206536,63973941,TRUE,142,1825,NA,7.16945e-05,NA,0.0503414,FALSE,NA,NA,NA,NA,NA,NA,1,"MDD"
1904,13,63973942,65187138,TRUE,179,3626,0.00022799,7.94785e-05,0.0261054,0.0527792,FALSE,NA,NA,NA,NA,NA,NA,2,NA
1905,13,65187139,66382286,TRUE,215,2122,NA,9.54399e-05,NA,0.0366349,FALSE,NA,NA,NA,NA,NA,NA,1,"MDD"
1906,13,66382287,67718879,TRUE,288,2581,3.33752e-05,0.000236802,0.396174,0.000174755,FALSE,NA,NA,NA,NA,NA,NA,2,NA
1907,13,67718880,69004702,TRUE,255,2464,0.000212499,0.000145544,0.0598544,0.00770288,FALSE,NA,NA,NA,NA,NA,NA,2,NA
1908,13,69004703,69751491,TRUE,138,2461,3.20041e-05,7.54485e-05,0.357116,0.0401274,FALSE,NA,NA,NA,NA,NA,NA,2,NA
1909,13,69751492,70427880,TRUE,134,1924,0.000349459,0.000114211,0.000544932,0.00483833,TRUE,0.00538554,0.00538554,FALSE,-0.79691,0.64466,0.985389,2,NA
1910,13,70427881,71010208,TRUE,187,1856,0.000267693,0.000133981,0.0133455,0.0047508,TRUE,0.387863,0.387863,FALSE,-0.40059,1,0.25906,2,NA
1911,13,71010209,71976862,TRUE,343,2594,6.13082e-05,0.000191153,0.337785,0.0030592,FALSE,NA,NA,NA,NA,NA,NA,2,NA
1912,13,71976863,73114509,TRUE,337,2250,0.000110602,0.000145704,0.234395,0.0160179,FALSE,NA,NA,NA,NA,NA,NA,2,NA
1913,13,73114510,74437635,TRUE,408,3214,1.8103e-05,0.000366551,0.448098,2.14857e-06,FALSE,NA,NA,NA,NA,NA,NA,2,NA
1914,13,74437636,75882384,TRUE,442,3416,0.000594821,0.000199317,0.000701449,0.00539016,TRUE,0.0563748,0.0563748,FALSE,-0.67663,0.66964,0.840006,2,NA
1915,13,75882385,76671493,TRUE,213,2031,0.000196454,0.000102511,0.0567599,0.0272728,FALSE,NA,NA,NA,NA,NA,NA,2,NA
1916,13,76671494,77460044,TRUE,263,2006,0.000129699,0.000195879,0.1673,0.000778334,FALSE,NA,NA,NA,NA,NA,NA,2,NA
1917,13,77460045,78693310,TRUE,193,2653,2.56001e-07,0.000198742,0.485583,0.000166828,FALSE,NA,NA,NA,NA,NA,NA,2,NA
1918,13,78693311,79489045,TRUE,216,1910,0.000172734,7.62277e-05,0.0814924,0.0764626,FALSE,NA,NA,NA,NA,NA,NA,2,NA
1919,13,79489046,80778339,TRUE,292,2338,6.94311e-05,0.000224138,0.305408,0.000318072,FALSE,NA,NA,NA,NA,NA,NA,2,NA
1920,13,80778340,81724089,TRUE,194,2212,0.000307274,3.39099e-05,0.00665554,0.245823,FALSE,NA,NA,NA,NA,NA,NA,2,NA
1921,13,81724090,82582821,TRUE,169,2087,0.000186207,0.00012214,0.0476503,0.00649087,TRUE,-0.544783,-0.544783,FALSE,-1,0.24263,0.173975,2,NA
1922,13,82582822,83829835,TRUE,160,2784,2.24229e-05,0.00012315,0.40119,0.00494069,FALSE,NA,NA,NA,NA,NA,NA,2,NA
1923,13,83829836,85035400,TRUE,245,2509,0.000226931,0.000199382,0.0469382,0.000561434,TRUE,-0.0289904,-0.0289904,FALSE,-1,0.7817,0.933602,2,NA
1924,13,85035401,85650680,TRUE,118,1874,1.48952e-06,6.63228e-05,0.476078,0.0486089,FALSE,NA,NA,NA,NA,NA,NA,2,NA
1925,13,85650681,86321288,TRUE,136,1799,0.000234627,3.63457e-05,0.0118297,0.189051,FALSE,NA,NA,NA,NA,NA,NA,2,NA
1926,13,86321289,87043588,TRUE,105,1987,0.000102534,4.421e-05,0.116069,0.114846,FALSE,NA,NA,NA,NA,NA,NA,2,NA
1927,13,87043589,88029523,TRUE,121,2114,1.15922e-05,3.10533e-05,0.432723,0.20586,FALSE,NA,NA,NA,NA,NA,NA,2,NA
1928,13,88029524,88968400,TRUE,188,1915,4.05669e-05,0.000179805,0.351594,0.000417538,FALSE,NA,NA,NA,NA,NA,NA,2,NA
1929,13,88968401,89764426,TRUE,98,2002,NA,8.16083e-06,NA,0.390647,FALSE,NA,NA,NA,NA,NA,NA,1,"MDD"
1930,13,89764427,90518147,TRUE,155,1874,9.66314e-05,2.03958e-05,0.178134,0.313626,FALSE,NA,NA,NA,NA,NA,NA,2,NA
1931,13,90518148,91764204,TRUE,311,3202,NA,0.000115411,NA,0.036288,FALSE,NA,NA,NA,NA,NA,NA,1,"MDD"
1932,13,91764205,93285142,TRUE,376,3282,0.000318107,1.3103e-06,0.0283773,0.48264,FALSE,NA,NA,NA,NA,NA,NA,2,NA
1933,13,93285143,94925136,TRUE,425,3597,0.000316214,0.000204765,0.0363949,0.003736,TRUE,-0.131707,-0.131707,FALSE,-1,0.65564,0.712632,2,NA
1934,13,94925137,96132647,TRUE,482,3469,0.00064025,0.000231541,0.00048599,0.00230983,TRUE,-0.114314,-0.114314,FALSE,-0.88804,0.41894,0.662139,2,NA
1935,13,96132648,97516609,TRUE,221,2474,5.75324e-05,9.37798e-05,0.312207,0.0425326,FALSE,NA,NA,NA,NA,NA,NA,2,NA
1936,13,97516610,98527335,TRUE,250,1829,0.000169897,0.000273439,0.108626,9.713e-06,FALSE,NA,NA,NA,NA,NA,NA,2,NA
1937,13,98527336,99402294,TRUE,388,2172,0.000374395,0.00012419,0.0150555,0.0419235,TRUE,-0.244679,-0.244679,FALSE,-1,0.63787,0.54317,2,NA
1938,13,99402295,100470868,TRUE,243,2621,NA,0.000135924,NA,0.0101226,FALSE,NA,NA,NA,NA,NA,NA,1,"MDD"
1939,13,100470869,101573736,TRUE,343,2190,0.000347677,4.99517e-05,0.0150711,0.220008,FALSE,NA,NA,NA,NA,NA,NA,2,NA
1940,13,101573737,103050417,TRUE,513,3498,0.000423988,0.000533879,0.0150333,1.54232e-09,TRUE,0.114049,0.114049,FALSE,-0.43335,0.65497,0.617793,2,NA
1941,13,103050418,104378435,TRUE,435,3530,0.000196544,0.000333403,0.129496,1.51813e-05,FALSE,NA,NA,NA,NA,NA,NA,2,NA
1942,13,104378436,105672500,TRUE,401,3019,0.00014815,4.66132e-06,0.186838,0.464374,FALSE,NA,NA,NA,NA,NA,NA,2,NA
1943,13,105672501,106313847,TRUE,243,1684,NA,0.000128791,NA,0.0132349,FALSE,NA,NA,NA,NA,NA,NA,1,"MDD"
1944,13,106313848,107037864,TRUE,302,1880,8.74345e-05,9.57968e-05,0.268462,0.0671044,FALSE,NA,NA,NA,NA,NA,NA,2,NA
1945,13,107037865,108521978,TRUE,612,3423,0.000268738,0.000233986,0.0980041,0.00530104,FALSE,NA,NA,NA,NA,NA,NA,2,NA
1946,13,108521979,109156765,TRUE,251,1765,0.000306737,0.000255685,0.0130872,1.97887e-05,TRUE,-0.457632,-0.457632,FALSE,-1,0.09056,0.0960389,2,NA
1947,13,109156766,109813576,TRUE,256,1931,NA,0.000169018,NA,0.00240859,FALSE,NA,NA,NA,NA,NA,NA,1,"MDD"
1948,13,109813577,110995432,TRUE,546,3423,0.000487561,0.000480978,0.00768428,7.18752e-08,TRUE,0.201722,0.201722,FALSE,-0.29446,0.7368,0.374103,2,NA
1949,13,110995433,111621244,TRUE,350,1881,0.000486794,0.000216305,0.00160733,0.00109759,TRUE,-0.214967,-0.214967,FALSE,-1,0.32615,0.424735,2,NA
1950,13,111621245,112319064,TRUE,328,2152,5.54087e-05,0.00019934,0.347846,0.00178203,FALSE,NA,NA,NA,NA,NA,NA,2,NA
1951,13,112319065,113573118,TRUE,484,2814,0.000164395,0.000111799,0.184726,0.07974,FALSE,NA,NA,NA,NA,NA,NA,2,NA
1952,13,113573119,114302561,TRUE,296,1740,0.000172981,0.000357885,0.114646,1.40712e-07,FALSE,NA,NA,NA,NA,NA,NA,2,NA
1953,13,114302562,115109851,TRUE,186,1560,0.000363401,6.37477e-05,0.00173491,0.0970037,FALSE,NA,NA,NA,NA,NA,NA,2,NA
1954,14,19000059,20876080,TRUE,209,1548,0.000475614,5.51156e-05,0.000202626,0.1443,FALSE,NA,NA,NA,NA,NA,NA,2,NA
1955,14,20876081,21982654,TRUE,592,2605,0.000377772,0.000151068,0.0338944,0.0423875,TRUE,0.169712,0.169712,FALSE,-1,1,0.693479,2,NA
1956,14,21982655,22760700,TRUE,280,2796,0.000321223,0.000134224,0.0138678,0.015722,TRUE,0.540344,0.540344,FALSE,-0.23404,1,0.139674,2,NA
1957,14,22760701,23985936,TRUE,533,2745,0.000476675,9.13632e-05,0.00851754,0.131869,FALSE,NA,NA,NA,NA,NA,NA,2,NA
1958,14,23985937,24906056,TRUE,308,1795,0.000400042,0.000275587,0.00540567,2.86628e-05,TRUE,0.158821,0.158821,FALSE,-0.44953,0.72071,0.537289,2,NA
1959,14,24906057,25585041,TRUE,179,1866,5.69662e-05,6.82729e-05,0.296036,0.0776321,FALSE,NA,NA,NA,NA,NA,NA,2,NA
1960,14,25585042,26395690,TRUE,217,1791,0.000446105,0.000115816,0.000450549,0.0166853,TRUE,0.279111,0.279111,FALSE,-0.43237,1,0.367381,2,NA
1961,14,26395691,27720240,TRUE,349,2505,0.000189607,0.000148071,0.113909,0.0152709,FALSE,NA,NA,NA,NA,NA,NA,2,NA
1962,14,27720241,29029224,TRUE,275,3263,0.000121726,4.86739e-06,0.185861,0.45567,FALSE,NA,NA,NA,NA,NA,NA,2,NA
1963,14,29029225,30831154,TRUE,465,2949,0.000469546,0.00050549,0.00605361,3.11519e-09,TRUE,0.819143,0.819143,FALSE,0.42551,1,0.000181641,2,NA
1964,14,30831155,32382245,TRUE,280,2790,NA,3.23481e-05,NA,0.285132,FALSE,NA,NA,NA,NA,NA,NA,1,"MDD"
1965,14,32382246,33591113,TRUE,500,2648,0.000325347,0.000356923,0.0436274,1.41485e-05,TRUE,-0.140507,-0.140507,FALSE,-1,0.48237,0.636751,2,NA
1966,14,33591114,34695195,TRUE,670,2693,0.000354449,0.000333214,0.0531539,0.000304355,FALSE,NA,NA,NA,NA,NA,NA,2,NA
1967,14,34695196,35379988,TRUE,181,1759,NA,0.000102897,NA,0.0196398,FALSE,NA,NA,NA,NA,NA,NA,1,"MDD"
1968,14,35379989,36422077,TRUE,178,2025,5.52214e-05,0.000138028,0.300308,0.00330924,FALSE,NA,NA,NA,NA,NA,NA,2,NA
1969,14,36422078,37282012,TRUE,247,1829,0.000124147,9.09825e-05,0.169858,0.0549369,FALSE,NA,NA,NA,NA,NA,NA,2,NA
1970,14,37282013,38722114,TRUE,295,2725,0.000180026,2.34818e-05,0.107822,0.343915,FALSE,NA,NA,NA,NA,NA,NA,2,NA
1971,14,38722115,40343754,TRUE,277,3229,0.000177666,0.000129946,0.101308,0.0174607,FALSE,NA,NA,NA,NA,NA,NA,2,NA
1972,14,40343755,40965849,TRUE,100,1963,0.000188915,8.75873e-05,0.0196534,0.0124059,TRUE,-0.102101,-0.102101,FALSE,-1,0.81616,0.794356,2,NA
1973,14,40965850,41614833,TRUE,82,2055,0.00013844,3.25352e-05,0.0410475,0.152276,FALSE,NA,NA,NA,NA,NA,NA,2,NA
1974,14,41614834,42562550,TRUE,135,2060,0.000365901,0.000135141,0.000402842,0.00248479,TRUE,0.495162,0.495162,FALSE,-0.06108,1,0.0794743,2,NA
1975,14,42562551,43321168,TRUE,150,1989,0.000191156,0.000226452,0.0383129,3.6282e-06,TRUE,0.0959179,0.0959179,FALSE,-0.71902,0.84624,0.753298,2,NA
1976,14,43321169,44623273,TRUE,248,3429,NA,0.00030988,NA,5.64035e-07,FALSE,NA,NA,NA,NA,NA,NA,1,"MDD"
1977,14,44623274,45817082,TRUE,250,2448,0.000330981,4.18536e-05,0.00945242,0.224673,FALSE,NA,NA,NA,NA,NA,NA,2,NA
1978,14,45817083,46748238,TRUE,133,1694,NA,6.0796e-05,NA,0.0712938,FALSE,NA,NA,NA,NA,NA,NA,1,"MDD"
1979,14,46748239,48177483,TRUE,246,3115,NA,0.000124274,NA,0.01551,FALSE,NA,NA,NA,NA,NA,NA,1,"MDD"
1980,14,48177484,49002065,TRUE,179,2416,NA,0.000241007,NA,5.22135e-06,FALSE,NA,NA,NA,NA,NA,NA,1,"MDD"
1981,14,49002066,50500564,TRUE,378,3069,0.000254608,9.59084e-05,0.0620047,0.0840798,FALSE,NA,NA,NA,NA,NA,NA,2,NA
1982,14,50500565,51418371,TRUE,246,1868,0.000434541,0.0002003,0.00108297,0.000444961,TRUE,-0.077394,-0.077394,FALSE,-0.76217,0.48197,0.765609,2,NA
1983,14,51418372,52206122,TRUE,300,2067,NA,0.000227009,NA,0.000342481,FALSE,NA,NA,NA,NA,NA,NA,1,"MDD"
1984,14,52206123,52760553,TRUE,220,1726,0.000140253,7.9047e-05,0.130896,0.0731568,FALSE,NA,NA,NA,NA,NA,NA,2,NA
1985,14,52760554,54359598,TRUE,379,3173,0.000187197,0.000457271,0.127314,4.01655e-09,FALSE,NA,NA,NA,NA,NA,NA,2,NA
1986,14,54359599,55292832,TRUE,272,1768,0.000171634,0.000124953,0.110999,0.0199513,FALSE,NA,NA,NA,NA,NA,NA,2,NA
1987,14,55292833,56206430,TRUE,123,1915,0.000159378,5.46659e-05,0.0561783,0.0872825,FALSE,NA,NA,NA,NA,NA,NA,2,NA
1988,14,56206431,57460781,TRUE,435,3114,0.000428154,2.55279e-05,0.00948486,0.357882,FALSE,NA,NA,NA,NA,NA,NA,2,NA
1989,14,57460782,58447798,TRUE,258,2139,4.14679e-05,0.000369088,0.370224,2.2245e-08,FALSE,NA,NA,NA,NA,NA,NA,2,NA
1990,14,58447799,59447537,TRUE,307,1953,0.000282103,0.000239121,0.0317157,0.00019076,TRUE,0.0455148,0.0455148,FALSE,-0.823,0.77387,0.885117,2,NA
1991,14,59447538,60099482,TRUE,156,1935,0.000124851,5.63563e-05,0.116066,0.103392,FALSE,NA,NA,NA,NA,NA,NA,2,NA
1992,14,60099483,61652816,TRUE,200,2197,0.000477357,0.000164788,0.000213176,0.00139728,TRUE,-0.5003,-0.5003,FALSE,-1,0.00286,0.0552962,2,NA
1993,14,61652817,62717985,TRUE,383,2417,0.000557539,0.000108262,0.000899728,0.0707014,FALSE,NA,NA,NA,NA,NA,NA,2,NA
1994,14,62717986,64033237,TRUE,343,3186,0.000289564,0.000315473,0.0345512,1.00843e-05,TRUE,0.0593991,0.0593991,FALSE,-0.68602,0.74492,0.838846,2,NA
1995,14,64033238,65229391,TRUE,210,2314,0.000490116,0.000161534,0.000140315,0.00181722,TRUE,-0.0054002,-0.0054002,FALSE,-0.66053,0.51175,0.983342,2,NA
1996,14,65229392,66300066,TRUE,248,2533,0.000262534,0.000368777,0.0282767,1.25078e-08,TRUE,0.392293,0.392293,FALSE,-0.13924,1,0.134448,2,NA
1997,14,66300067,67891839,TRUE,159,3695,6.28926e-05,6.27766e-05,0.274426,0.0842801,FALSE,NA,NA,NA,NA,NA,NA,2,NA
1998,14,67891840,68976912,TRUE,247,1960,3.95895e-05,0.000185007,0.372748,0.00128505,FALSE,NA,NA,NA,NA,NA,NA,2,NA
1999,14,68976913,69794542,TRUE,314,2001,0.000603003,0.000164477,8.45983e-05,0.00614016,TRUE,-0.13482,-0.13482,FALSE,-0.91165,0.4081,0.613386,2,NA
2000,14,69794543,71140426,TRUE,334,3198,0.000294167,0.000212735,0.0311679,0.00102872,TRUE,0.348326,0.348326,FALSE,-0.41384,1,0.29615,2,NA
2001,14,71140427,72665319,TRUE,301,3212,6.53239e-05,0.000216634,0.317109,0.000648823,FALSE,NA,NA,NA,NA,NA,NA,2,NA
2002,14,72665320,73373373,TRUE,276,1840,NA,0.000596052,NA,4.97502e-16,FALSE,NA,NA,NA,NA,NA,NA,1,"MDD"
2003,14,73373374,74245428,TRUE,167,1781,0.000519848,0.000144802,1.43922e-05,0.00198103,TRUE,0.0451774,0.0451774,FALSE,-0.567,0.56955,0.855685,2,NA
2004,14,74245429,75699501,TRUE,286,2813,0.000134903,0.000160415,0.168909,0.0062043,FALSE,NA,NA,NA,NA,NA,NA,2,NA
2005,14,75699502,76694201,TRUE,326,2053,9.7346e-05,0.00030056,0.255035,1.33858e-05,FALSE,NA,NA,NA,NA,NA,NA,2,NA
2006,14,76694202,77425453,TRUE,335,1827,0.000216815,0.00022945,0.0810892,0.000671929,FALSE,NA,NA,NA,NA,NA,NA,2,NA
2007,14,77425454,78374053,TRUE,282,2715,7.38153e-05,0.000228006,0.290117,0.000208506,FALSE,NA,NA,NA,NA,NA,NA,2,NA
2008,14,78374054,79199451,TRUE,296,2059,8.95761e-06,0.000384652,0.464157,2.65472e-08,FALSE,NA,NA,NA,NA,NA,NA,2,NA
2009,14,79199452,81001920,TRUE,492,3461,0.000625231,0.000228945,0.000756913,0.00311503,TRUE,-0.519535,-0.519535,FALSE,-1,0.00814,0.0548661,2,NA
2010,14,81001921,82524785,TRUE,379,3483,0.000137844,0.000390705,0.194736,1.74922e-07,FALSE,NA,NA,NA,NA,NA,NA,2,NA
2011,14,82524786,84087372,TRUE,418,3624,0.000367819,0.000308824,0.0178494,3.51664e-05,TRUE,-0.00313313,-0.00313313,FALSE,-0.77479,0.62263,0.991016,2,NA
2012,14,84087373,85562936,TRUE,325,3497,NA,0.000151586,NA,0.0125528,FALSE,NA,NA,NA,NA,NA,NA,1,"MDD"
2013,14,85562937,86653343,TRUE,294,2608,0.000157853,0.000112911,0.136791,0.0388886,FALSE,NA,NA,NA,NA,NA,NA,2,NA
2014,14,86653344,87350275,TRUE,181,1788,0.000161044,NA,0.0810282,NA,FALSE,NA,NA,NA,NA,NA,NA,1,"BIP"
2015,14,87350276,88208595,TRUE,188,1984,8.25067e-05,0.000128532,0.233208,0.0069413,FALSE,NA,NA,NA,NA,NA,NA,2,NA
2016,14,88208596,89482883,TRUE,287,2897,9.71337e-05,0.000261789,0.240008,3.83239e-05,FALSE,NA,NA,NA,NA,NA,NA,2,NA
2017,14,89482884,90662836,TRUE,436,2589,1.69585e-05,0.000274496,0.452555,0.000283372,FALSE,NA,NA,NA,NA,NA,NA,2,NA
2018,14,90662837,92101228,TRUE,415,3119,0.000230951,0.000378008,0.090069,1.15465e-06,FALSE,NA,NA,NA,NA,NA,NA,2,NA
2019,14,92101229,93386328,TRUE,472,3314,0.000103517,0.000357855,0.277791,1.01441e-05,FALSE,NA,NA,NA,NA,NA,NA,2,NA
2020,14,93386329,94892240,TRUE,496,3700,0.000372213,0.000315471,0.0252601,9.58646e-05,TRUE,0.118299,0.118299,FALSE,-0.66302,0.83723,0.687245,2,NA
2021,14,94892241,95946792,TRUE,584,3367,0.000386265,NA,0.0301226,NA,FALSE,NA,NA,NA,NA,NA,NA,1,"BIP"
2022,14,95946793,97174314,TRUE,485,3397,NA,9.41302e-05,NA,0.116295,FALSE,NA,NA,NA,NA,NA,NA,1,"MDD"
2023,14,97174315,98268391,TRUE,396,2471,0.000183548,0.00036713,0.134566,1.3943e-06,FALSE,NA,NA,NA,NA,NA,NA,2,NA
2024,14,98268392,98885322,TRUE,219,2018,7.6808e-05,0.000238366,0.259453,2.36857e-05,FALSE,NA,NA,NA,NA,NA,NA,2,NA
2025,14,98885323,99474533,TRUE,250,1926,4.65815e-05,0.000165904,0.352959,0.0035208,FALSE,NA,NA,NA,NA,NA,NA,2,NA
2026,14,99474534,100786189,TRUE,507,2832,0.000324007,0.0003047,0.0451138,0.000168766,TRUE,0.288482,0.288482,FALSE,-0.46944,1,0.367091,2,NA
2027,14,100786190,102004377,TRUE,565,2721,0.000442005,0.000118811,0.0152575,0.0816801,FALSE,NA,NA,NA,NA,NA,NA,2,NA
2028,14,102004378,103617472,TRUE,366,3289,0.000718313,0.000381765,2.21771e-05,4.69163e-07,TRUE,0.427449,0.427449,FALSE,0.06762,0.83634,0.0236278,2,NA
2029,14,103617473,104439106,TRUE,177,1950,4.79438e-05,0.000132179,0.322433,0.00481046,FALSE,NA,NA,NA,NA,NA,NA,2,NA
2030,14,104439107,105091340,TRUE,268,1747,0.000182261,0.000152807,0.0970754,0.00786894,FALSE,NA,NA,NA,NA,NA,NA,2,NA
2031,14,105091341,106347143,TRUE,229,1669,0.000209235,0.000136247,0.0572651,0.0102677,FALSE,NA,NA,NA,NA,NA,NA,2,NA
2032,14,106347144,106876548,TRUE,5,35,6.40966e-06,NA,0.302552,NA,FALSE,NA,NA,NA,NA,NA,NA,1,"BIP"
2033,14,106876549,107289435,TRUE,47,1103,9.36902e-05,NA,0.0644635,NA,FALSE,NA,NA,NA,NA,NA,NA,1,"BIP"
2034,15,20000205,22799926,TRUE,11,88,3.50668e-05,1.01595e-05,0.13442,0.188319,FALSE,NA,NA,NA,NA,NA,NA,2,NA
2035,15,22799927,24099946,TRUE,235,1072,2.80303e-05,0.000143734,0.404696,0.0117938,FALSE,NA,NA,NA,NA,NA,NA,2,NA
2036,15,24099947,24531187,TRUE,114,1896,0.000102692,NA,0.125354,NA,FALSE,NA,NA,NA,NA,NA,NA,1,"BIP"
2037,15,24531188,25384327,TRUE,199,2718,8.35786e-06,1.73335e-05,0.458167,0.352256,FALSE,NA,NA,NA,NA,NA,NA,2,NA
2038,15,25384328,26392947,TRUE,510,2803,NA,0.000234196,NA,0.00285027,FALSE,NA,NA,NA,NA,NA,NA,1,"MDD"
2039,15,26392948,27563172,TRUE,445,2556,NA,0.000382818,NA,1.61847e-06,FALSE,NA,NA,NA,NA,NA,NA,1,"MDD"
2040,15,27563173,29141035,TRUE,252,2090,NA,8.25944e-06,NA,0.430121,FALSE,NA,NA,NA,NA,NA,NA,1,"MDD"
2041,15,29141036,30604119,TRUE,355,2519,0.000339079,0.000242064,0.0207425,0.000387529,TRUE,-0.258758,-0.258758,FALSE,-1,0.35149,0.398252,2,NA
2042,15,30604120,32177320,TRUE,368,2511,0.000395093,0.000141786,0.00910027,0.0222472,TRUE,-0.0125878,-0.0125878,FALSE,-1,0.85711,0.972183,2,NA
2043,15,32177321,33484267,TRUE,389,2339,0.000376835,NA,0.0139533,NA,FALSE,NA,NA,NA,NA,NA,NA,1,"BIP"
2044,15,33484268,34410072,TRUE,432,2723,3.3171e-05,0.000350038,0.416174,7.10687e-06,FALSE,NA,NA,NA,NA,NA,NA,2,NA
2045,15,34410073,35118927,TRUE,200,1480,0.000208448,0.000139127,0.0441086,0.00529039,TRUE,-0.170761,-0.170761,FALSE,-1,0.70435,0.658743,2,NA
2046,15,35118928,36583327,TRUE,402,3010,0.000403153,0.000240522,0.0104722,0.000745583,TRUE,0.074947,0.074947,FALSE,-0.68813,0.74135,0.799236,2,NA
2047,15,36583328,37962915,TRUE,476,3027,0.000185925,0.000143813,0.152617,0.0347475,FALSE,NA,NA,NA,NA,NA,NA,2,NA
2048,15,37962916,39238840,TRUE,440,2827,0.00077784,0.000369264,2.18727e-05,3.30555e-06,TRUE,-0.136366,-0.136366,FALSE,-0.60509,0.23638,0.48029,2,NA
2049,15,39238841,40604780,TRUE,386,2787,0.00041338,7.0149e-06,0.00835766,0.450211,FALSE,NA,NA,NA,NA,NA,NA,2,NA
2050,15,40604781,42332685,TRUE,319,3016,0.00057628,0.000322092,0.000202555,4.28127e-06,TRUE,0.358857,0.358857,FALSE,-0.0667,0.81497,0.0897859,2,NA
2051,15,42332686,44987755,TRUE,310,3070,0.000737619,0.000284084,6.26628e-06,1.82193e-05,TRUE,0.0496782,0.0496782,FALSE,-0.40252,0.44282,0.803222,2,NA
2052,15,44987756,46022642,TRUE,205,1831,NA,5.96017e-05,NA,0.120888,FALSE,NA,NA,NA,NA,NA,NA,1,"MDD"
2053,15,46022643,46884071,TRUE,189,1771,0.000257411,0.000173041,0.0175914,0.000689079,TRUE,-0.217932,-0.217932,FALSE,-1,0.43233,0.495307,2,NA
2054,15,46884072,47693316,TRUE,117,1861,0.000206524,0.000125159,0.0168772,0.00189147,TRUE,0.0944485,0.0944485,FALSE,-0.87249,0.94863,0.78235,2,NA
2055,15,47693317,49260006,TRUE,287,2313,0.000176607,0.000239456,0.109754,0.000140984,FALSE,NA,NA,NA,NA,NA,NA,2,NA
2056,15,49260007,50195876,TRUE,108,1890,NA,3.9593e-05,NA,0.142721,FALSE,NA,NA,NA,NA,NA,NA,1,"MDD"
2057,15,50195877,51605477,TRUE,227,3182,0.000100581,0.000292524,0.209434,7.22254e-07,FALSE,NA,NA,NA,NA,NA,NA,2,NA
2058,15,51605478,53263126,TRUE,368,3285,0.000400042,0.000347664,0.00896521,2.11685e-06,TRUE,0.0210857,0.0210857,FALSE,-0.59898,0.55421,0.932374,2,NA
2059,15,53263127,54332799,TRUE,311,3014,0.000423954,0.000169281,0.00355838,0.006219,TRUE,0.328581,0.328581,FALSE,-0.38216,1,0.289166,2,NA
2060,15,54332800,55136717,TRUE,247,2616,0.000339058,0.000305273,0.00693808,6.62424e-07,TRUE,0.00976898,0.00976898,FALSE,-0.61806,0.54472,0.968181,2,NA
2061,15,55136718,56322588,TRUE,294,3407,4.60027e-05,0.000239058,0.363953,0.000152203,FALSE,NA,NA,NA,NA,NA,NA,2,NA
2062,15,56322589,57641164,TRUE,218,2557,NA,0.000155491,NA,0.00288678,FALSE,NA,NA,NA,NA,NA,NA,1,"MDD"
2063,15,57641165,58712954,TRUE,517,2954,0.000174434,0.000313637,0.177324,0.000140054,FALSE,NA,NA,NA,NA,NA,NA,2,NA
2064,15,58712955,59901116,TRUE,408,2401,0.000120062,0.000120228,0.234726,0.0497961,FALSE,NA,NA,NA,NA,NA,NA,2,NA
2065,15,59901117,61130595,TRUE,416,2469,9.77072e-05,0.000178431,0.278636,0.00941289,FALSE,NA,NA,NA,NA,NA,NA,2,NA
2066,15,61130596,62106138,TRUE,491,2411,0.00050392,0.000271569,0.00523847,0.000537578,TRUE,-0.545385,-0.545385,FALSE,-1,-0.00844,0.047018,2,NA
2067,15,62106139,63218978,TRUE,445,2505,0.000354116,0.000305142,0.0250568,7.76548e-05,TRUE,-0.557385,-0.557385,FALSE,-1,0.01269,0.0578103,2,NA
2068,15,63218979,64339945,TRUE,298,2656,0.000215125,0.000271347,0.0729825,3.14284e-05,FALSE,NA,NA,NA,NA,NA,NA,2,NA
2069,15,64339946,66355634,TRUE,360,3278,0.000522176,0.000180554,0.00132318,0.00566624,TRUE,0.244517,0.244517,FALSE,-0.43831,1,0.400626,2,NA
2070,15,66355635,67396520,TRUE,401,2856,0.000463315,0.000201488,0.00394024,0.00346795,TRUE,-0.265283,-0.265283,FALSE,-1,0.3298,0.37191,2,NA
2071,15,67396521,69089815,TRUE,440,3190,0.000590115,0.000220643,0.000765642,0.00244629,TRUE,0.244864,0.244864,FALSE,-0.35747,0.88885,0.36023,2,NA
2072,15,69089816,70767983,TRUE,591,3315,0.000493301,0.000144338,0.00998245,0.0535132,FALSE,NA,NA,NA,NA,NA,NA,2,NA
2073,15,70767984,72058129,TRUE,398,2437,0.00013493,3.10847e-05,0.206835,0.322637,FALSE,NA,NA,NA,NA,NA,NA,2,NA
2074,15,72058130,73375718,TRUE,203,1791,0.000606949,0.000212397,4.88155e-06,9.45747e-05,TRUE,0.179669,0.179669,FALSE,-0.28858,0.60788,0.400263,2,NA
2075,15,73375719,74458113,TRUE,268,2058,0.000409355,0.000411222,0.00252707,9.54467e-10,TRUE,-0.0235099,-0.0235099,FALSE,-0.53429,0.40333,0.910959,2,NA
2076,15,74458114,76401952,TRUE,354,2814,0.000540536,0.000258084,0.000894111,0.000221044,TRUE,-0.269163,-0.269163,FALSE,-0.98597,0.20737,0.27407,2,NA
2077,15,76401953,77897163,TRUE,171,2362,NA,8.12162e-05,NA,0.0438536,FALSE,NA,NA,NA,NA,NA,NA,1,"MDD"
2078,15,77897164,78514101,TRUE,212,1621,3.49803e-06,0.000108142,0.475737,0.0256537,FALSE,NA,NA,NA,NA,NA,NA,2,NA
2079,15,78514102,79292536,TRUE,221,1741,0.000142363,0.000139292,0.126363,0.00639433,FALSE,NA,NA,NA,NA,NA,NA,2,NA
2080,15,79292537,79998206,TRUE,261,1778,0.00015157,2.30506e-05,0.129975,0.333772,FALSE,NA,NA,NA,NA,NA,NA,2,NA
2081,15,79998207,81077025,TRUE,409,2666,NA,0.000162159,NA,0.0145332,FALSE,NA,NA,NA,NA,NA,NA,1,"MDD"
2082,15,81077026,82191077,TRUE,328,1824,0.000375379,0.000124079,0.00940151,0.0304239,TRUE,0.416127,0.416127,FALSE,-0.45408,1,0.268586,2,NA
2083,15,82191078,84209760,TRUE,331,2506,0.000294168,0.000345719,0.0294469,1.31423e-06,TRUE,0.382186,0.382186,FALSE,-0.2027,1,0.16765,2,NA
2084,15,84209761,85494083,TRUE,257,2208,0.000709677,0.000254607,1.87005e-06,2.55237e-05,TRUE,0.235157,0.235157,FALSE,-0.18415,0.64218,0.236629,2,NA
2085,15,85494084,86341598,TRUE,176,2166,0.000207547,0.000124635,0.0375929,0.00719002,TRUE,-0.134212,-0.134212,FALSE,-1,0.7626,0.730071,2,NA
2086,15,86341599,87158587,TRUE,311,2610,0.000864423,0.000148099,1.61165e-07,0.0136421,TRUE,-0.0531696,-0.0531696,FALSE,-0.74226,0.49028,0.830489,2,NA
2087,15,87158588,88035757,TRUE,335,2362,0.000104554,0.000142093,0.241079,0.0174978,FALSE,NA,NA,NA,NA,NA,NA,2,NA
2088,15,88035758,89385187,TRUE,526,2519,0.000447012,0.000263374,0.0118972,0.00109655,TRUE,-0.183288,-0.183288,FALSE,-1,0.41586,0.538741,2,NA
2089,15,89385188,90632718,TRUE,436,2497,0.000197888,0.000325734,0.129743,2.53256e-05,FALSE,NA,NA,NA,NA,NA,NA,2,NA
2090,15,90632719,91593623,TRUE,276,2214,0.000459633,0.000276672,0.00103461,1.10418e-05,TRUE,0.262828,0.262828,FALSE,-0.23751,0.77438,0.256976,2,NA
2091,15,91593624,92675405,TRUE,487,2524,0.000357049,0.00019089,0.0300391,0.00892193,TRUE,-0.0427648,-0.0427648,FALSE,-1,0.82987,0.907478,2,NA
2092,15,92675406,93707010,TRUE,535,2880,0.000481698,0.000190004,0.00792263,0.0124564,TRUE,-0.337315,-0.337315,FALSE,-1,0.34101,0.312331,2,NA
2093,15,93707011,94565521,TRUE,485,2708,NA,NA,NA,NA,FALSE,NA,NA,NA,NA,NA,NA,0,"MDD,BIP"
2094,15,94565522,95662425,TRUE,543,2674,NA,8.2757e-05,NA,0.156392,FALSE,NA,NA,NA,NA,NA,NA,1,"MDD"
2095,15,95662426,96864278,TRUE,489,2533,0.000579909,0.000375678,0.00146346,6.128e-06,TRUE,-0.00703815,-0.00703815,FALSE,-0.54972,0.46036,0.975049,2,NA
2096,15,96864279,98025684,TRUE,447,2314,0.000275471,0.000203361,0.0624668,0.00504812,FALSE,NA,NA,NA,NA,NA,NA,2,NA
2097,15,98025685,98828261,TRUE,374,2435,0.000175879,0.000103962,0.137978,0.0672255,FALSE,NA,NA,NA,NA,NA,NA,2,NA
2098,15,98828262,99925972,TRUE,509,2783,0.000298061,0.000133629,0.059095,0.0500404,FALSE,NA,NA,NA,NA,NA,NA,2,NA
2099,15,99925973,100742117,TRUE,355,2410,3.2832e-05,0.000152885,0.408038,0.0146367,FALSE,NA,NA,NA,NA,NA,NA,2,NA
2100,15,100742118,101550750,TRUE,371,2424,0.000332463,0.000128417,0.0224251,0.0329647,TRUE,-0.0331737,-0.0331737,FALSE,-1,1,0.934889,2,NA
2101,15,101550751,102520975,TRUE,443,2188,0.000346303,0.000259031,0.0282181,0.000666567,TRUE,-0.468261,-0.468261,FALSE,-1,0.15822,0.142855,2,NA
2102,16,60169,1049079,TRUE,386,2436,0.000684755,6.26265e-05,7.37182e-05,0.191958,FALSE,NA,NA,NA,NA,NA,NA,2,NA
2103,16,1049080,1996492,TRUE,408,2777,0.000170778,0.000375781,0.155653,1.37066e-06,FALSE,NA,NA,NA,NA,NA,NA,2,NA
2104,16,1996493,3379996,TRUE,447,1995,0.000629085,0.000241315,0.000434569,0.00130945,TRUE,0.160316,0.160316,FALSE,-0.43536,0.71136,0.526555,2,NA
2105,16,3379997,4816145,TRUE,561,2998,0.000167092,0.000257182,0.198663,0.00203073,FALSE,NA,NA,NA,NA,NA,NA,2,NA
2106,16,4816146,5782968,TRUE,613,3180,0.000507768,0.000401624,0.00902063,1.07282e-05,TRUE,-0.384,-0.384,FALSE,-1,0.11716,0.126148,2,NA
2107,16,5782969,6446081,TRUE,489,2114,NA,0.000278095,NA,0.000418779,FALSE,NA,NA,NA,NA,NA,NA,1,"MDD"
2108,16,6446082,7051429,TRUE,441,2640,0.000200829,9.60195e-05,0.126879,0.100593,FALSE,NA,NA,NA,NA,NA,NA,2,NA
2109,16,7051430,7704354,TRUE,445,2829,0.000303029,0.00023662,0.0465594,0.00152859,TRUE,-0.10236,-0.10236,FALSE,-1,0.69829,0.770984,2,NA
2110,16,7704355,8341012,TRUE,378,2687,0.000280422,0.000132509,0.0456433,0.0303387,TRUE,-0.161739,-0.161739,FALSE,-1,0.84923,0.710677,2,NA
2111,16,8341013,9104469,TRUE,440,2694,0.000249425,0.00024991,0.0793153,0.000847846,FALSE,NA,NA,NA,NA,NA,NA,2,NA
2112,16,9104470,9754796,TRUE,367,1996,NA,0.000417255,NA,3.3967e-08,FALSE,NA,NA,NA,NA,NA,NA,1,"MDD"
2113,16,9754797,10351808,TRUE,217,1934,0.0002739,0.000338538,0.016618,1.82859e-08,TRUE,0.360285,0.360285,FALSE,-0.16512,1,0.151092,2,NA
2114,16,10351809,11022542,TRUE,323,1808,0.000280754,0.000161386,0.0358969,0.00978585,TRUE,0.250953,0.250953,FALSE,-0.72328,1,0.51383,2,NA
2115,16,11022543,11916631,TRUE,381,2611,0.000151588,0.00014806,0.173908,0.0198858,FALSE,NA,NA,NA,NA,NA,NA,2,NA
2116,16,11916632,12793149,TRUE,417,2865,0.000502456,0.000297829,0.00274666,9.88127e-05,TRUE,-0.314015,-0.314015,FALSE,-1,0.17972,0.211672,2,NA
2117,16,12793150,13893407,TRUE,419,3426,0.000252783,0.000670878,0.0716947,7.95283e-15,FALSE,NA,NA,NA,NA,NA,NA,2,NA
2118,16,13893408,15921108,TRUE,407,2500,0.000207985,0.000327862,0.112879,1.49901e-05,FALSE,NA,NA,NA,NA,NA,NA,2,NA
2119,16,15921109,17343277,TRUE,333,2395,0.000498418,0.000240822,0.00113557,0.000317341,TRUE,0.121557,0.121557,FALSE,-0.47886,0.67401,0.630451,2,NA
2120,16,17343278,19104257,TRUE,324,2630,0.000137152,0.000175625,0.178383,0.00483544,FALSE,NA,NA,NA,NA,NA,NA,2,NA
2121,16,19104258,20351261,TRUE,396,2928,0.00033883,0.000103614,0.0261981,0.0763672,FALSE,NA,NA,NA,NA,NA,NA,2,NA
2122,16,20351262,22667048,TRUE,372,2439,0.000710537,0.000171535,3.28405e-05,0.00859796,TRUE,-0.0341911,-0.0341911,FALSE,-0.74828,0.52745,0.896567,2,NA
2123,16,22667049,24014705,TRUE,394,2941,0.000425193,0.000326892,0.00738593,1.53456e-05,TRUE,0.0920322,0.0920322,FALSE,-0.5258,0.6662,0.717916,2,NA
2124,16,24014706,25235251,TRUE,467,2581,0.000106029,0.000189865,0.27303,0.00850093,FALSE,NA,NA,NA,NA,NA,NA,2,NA
2125,16,25235252,26154122,TRUE,374,2664,NA,0.000326164,NA,7.55395e-06,FALSE,NA,NA,NA,NA,NA,NA,1,"MDD"
2126,16,26154123,27443061,TRUE,606,3518,0.000573288,0.000199398,0.00357469,0.0134251,TRUE,-0.466455,-0.466455,FALSE,-1,0.1591,0.142667,2,NA
2127,16,27443062,29043177,TRUE,323,1839,0.000322275,0.000136639,0.018848,0.0192553,TRUE,-0.313795,-0.313795,FALSE,-1,0.49613,0.408397,2,NA
2128,16,29043178,31384210,TRUE,288,1958,0.000296785,0.000266514,0.024746,3.34317e-05,TRUE,-0.0598476,-0.0598476,FALSE,-0.91811,0.57479,0.838055,2,NA
2129,16,31384211,32847928,TRUE,90,924,4.80463e-05,0.000208484,0.267808,4.55684e-07,FALSE,NA,NA,NA,NA,NA,NA,2,NA
2130,16,32847929,35259453,TRUE,54,330,0.00015022,0.000102339,0.0160714,0.000679799,TRUE,-0.200701,-0.200701,FALSE,-1,0.56389,0.563343,2,NA
2131,16,35259454,49010761,TRUE,316,2531,0.00116745,0.000174008,1.61137e-11,0.00464292,TRUE,-0.13677,-0.13677,FALSE,-0.69455,0.26767,0.509538,2,NA
2132,16,49010762,50467033,TRUE,537,3037,0.000727354,0.000522725,0.000220034,5.784e-09,TRUE,-0.363985,-0.363985,FALSE,-0.87701,-0.01018,0.0490592,2,NA
2133,16,50467034,52041336,TRUE,521,3035,0.000534752,0.000349604,0.00375345,2.87674e-05,TRUE,0.569052,0.569052,FALSE,0.10463,1,0.0200087,2,NA
2134,16,52041337,53393882,TRUE,385,2813,0.000398478,0.000177128,0.00982319,0.00744428,TRUE,0.195118,0.195118,FALSE,-0.62473,1,0.555793,2,NA
2135,16,53393883,54866095,TRUE,547,3344,0.000668429,0.000445669,0.000591711,5.42365e-07,TRUE,-0.0721792,-0.0721792,FALSE,-0.57572,0.33964,0.724665,2,NA
2136,16,54866096,55907389,TRUE,389,2775,0.000203014,0.000129101,0.111384,0.0377559,FALSE,NA,NA,NA,NA,NA,NA,2,NA
2137,16,55907390,57119889,TRUE,440,3026,0.000390738,0.000119653,0.0154709,0.0582106,FALSE,NA,NA,NA,NA,NA,NA,2,NA
2138,16,57119890,58508978,TRUE,517,3492,0.000145005,0.000387605,0.219114,5.51146e-06,FALSE,NA,NA,NA,NA,NA,NA,2,NA
2139,16,58508979,59885499,TRUE,319,3317,6.35134e-05,0.000268219,0.328035,6.30633e-05,FALSE,NA,NA,NA,NA,NA,NA,2,NA
2140,16,59885500,61092844,TRUE,314,2722,0.000421722,0.000176631,0.0035022,0.00389806,TRUE,0.0597488,0.0597488,FALSE,-0.78536,0.7532,0.8425,2,NA
2141,16,61092845,62607090,TRUE,335,2528,7.61861e-05,0.000274279,0.301738,5.28567e-05,FALSE,NA,NA,NA,NA,NA,NA,2,NA
2142,16,62607091,64207176,TRUE,382,3138,0.000351941,0.000133073,0.0182444,0.0311996,TRUE,-0.212564,-0.212564,FALSE,-1,0.66621,0.590025,2,NA
2143,16,64207177,65072403,TRUE,198,2160,2.79112e-05,0.000390974,0.393026,6.49682e-11,FALSE,NA,NA,NA,NA,NA,NA,2,NA
2144,16,65072404,65882820,TRUE,275,1810,0.00016587,0.000258123,0.115746,3.35448e-05,FALSE,NA,NA,NA,NA,NA,NA,2,NA
2145,16,65882821,66738843,TRUE,321,1928,0.000343564,0.000365968,0.0146213,2.13462e-07,TRUE,-0.338574,-0.338574,FALSE,-1,0.14867,0.177542,2,NA
2146,16,66738844,68435728,TRUE,188,1916,0.000512593,0.000232948,4.78494e-05,1.52299e-05,TRUE,0.292703,0.292703,FALSE,-0.14658,0.74785,0.175663,2,NA
2147,16,68435729,69549149,TRUE,228,1991,0.000447366,0.000293976,0.000542264,8.1634e-07,TRUE,0.165336,0.165336,FALSE,-0.29432,0.62622,0.445889,2,NA
2148,16,69549150,71062712,TRUE,184,1626,0.000592989,8.22997e-05,3.75247e-06,0.0501328,FALSE,NA,NA,NA,NA,NA,NA,2,NA
2149,16,71062713,72089511,TRUE,160,1679,0.000253324,0.000196042,0.0115525,5.6582e-05,TRUE,0.0688064,0.0688064,FALSE,-0.68468,0.72741,0.81114,2,NA
2150,16,72089512,73140781,TRUE,305,1694,0.000310875,0.000159204,0.0211499,0.00895548,TRUE,-0.174507,-0.174507,FALSE,-1,0.62849,0.629313,2,NA
2151,16,73140782,74135275,TRUE,513,2176,0.000238019,NA,0.107164,NA,FALSE,NA,NA,NA,NA,NA,NA,1,"BIP"
2152,16,74135276,74889127,TRUE,229,1610,0.000278886,9.23074e-05,0.0170758,0.0480616,TRUE,0.307785,0.307785,FALSE,-0.79439,1,0.467603,2,NA
2153,16,74889128,75525959,TRUE,199,1594,0.000165882,NA,0.0829605,NA,FALSE,NA,NA,NA,NA,NA,NA,1,"BIP"
2154,16,75525960,76635467,TRUE,338,2873,7.23909e-05,5.12474e-05,0.312873,0.213288,FALSE,NA,NA,NA,NA,NA,NA,2,NA
2155,16,76635468,77270665,TRUE,206,1889,8.40244e-05,4.43777e-05,0.233739,0.186123,FALSE,NA,NA,NA,NA,NA,NA,2,NA
2156,16,77270666,77739132,TRUE,215,1770,0.000144424,0.000123442,0.118922,0.0115613,FALSE,NA,NA,NA,NA,NA,NA,2,NA
2157,16,77739133,78280636,TRUE,334,2235,NA,7.85224e-05,NA,0.114328,FALSE,NA,NA,NA,NA,NA,NA,1,"MDD"
2158,16,78280637,78973580,TRUE,535,3064,0.000633865,0.000353154,0.00104111,4.92603e-05,TRUE,-0.153982,-0.153982,FALSE,-0.79608,0.32168,0.507335,2,NA
2159,16,78973581,79662634,TRUE,599,2355,0.000360177,NA,0.0425042,NA,FALSE,NA,NA,NA,NA,NA,NA,1,"BIP"
2160,16,79662635,80559685,TRUE,446,2885,0.000362195,0.00037526,0.0231228,2.49543e-06,TRUE,-0.110612,-0.110612,FALSE,-0.93002,0.43331,0.679821,2,NA
2161,16,80559686,81437861,TRUE,441,2774,0.000534082,0.000216579,0.002022,0.00300116,TRUE,-0.26579,-0.26579,FALSE,-1,0.302,0.34857,2,NA
2162,16,81437862,82310204,TRUE,577,2798,0.000238412,0.000298713,0.119815,0.000505941,FALSE,NA,NA,NA,NA,NA,NA,2,NA
2163,16,82310205,83077869,TRUE,545,2998,0.000366145,0.000261832,0.0336325,0.00138635,TRUE,0.231822,0.231822,FALSE,-0.59759,1,0.487192,2,NA
2164,16,83077870,83778371,TRUE,509,2858,0.000577564,8.20649e-05,0.00172418,0.152557,FALSE,NA,NA,NA,NA,NA,NA,2,NA
2165,16,83778372,84440154,TRUE,630,2789,NA,0.000273628,NA,0.00163718,FALSE,NA,NA,NA,NA,NA,NA,1,"MDD"
2166,16,84440155,85146805,TRUE,572,2745,NA,0.00019692,NA,0.0122648,FALSE,NA,NA,NA,NA,NA,NA,1,"MDD"
2167,16,85146806,86058597,TRUE,675,2311,0.000226423,0.000241314,0.149039,0.00616717,FALSE,NA,NA,NA,NA,NA,NA,2,NA
2168,16,86058598,86748867,TRUE,640,2596,0.000355123,0.000271007,0.0495308,0.00212369,TRUE,-0.562406,-0.562406,FALSE,-1,0.14378,0.113599,2,NA
2169,16,86748868,87669168,TRUE,598,2787,0.000551583,0.000393982,0.00493943,1.51699e-05,TRUE,-0.139733,-0.139733,FALSE,-0.83665,0.34909,0.566322,2,NA
2170,16,87669169,88387228,TRUE,412,2400,0.000825149,NA,5.01172e-06,NA,FALSE,NA,NA,NA,NA,NA,NA,1,"BIP"
2171,16,88387229,89106304,TRUE,438,2097,0.000912648,0.000288731,1.14e-06,0.000195655,TRUE,-0.0342132,-0.0342132,FALSE,-0.51855,0.3616,0.865404,2,NA
2172,16,89106305,90292787,TRUE,383,2784,0.000585029,0.000374796,0.000433074,9.13332e-07,TRUE,0.297462,0.297462,FALSE,-0.12934,0.75507,0.154092,2,NA
2173,17,52,815653,TRUE,404,2092,0.000387295,NA,0.0133059,NA,FALSE,NA,NA,NA,NA,NA,NA,1,"BIP"
2174,17,815654,1480056,TRUE,433,1895,0.000795246,0.000280348,1.30499e-05,0.000215555,TRUE,-0.209711,-0.209711,FALSE,-0.77193,0.20255,0.324764,2,NA
2175,17,1480057,2699135,TRUE,484,2542,0.000335539,4.06526e-05,0.0379256,0.296007,FALSE,NA,NA,NA,NA,NA,NA,2,NA
2176,17,2699136,3430440,TRUE,290,1798,0.000248526,5.37891e-06,0.0455078,0.454163,FALSE,NA,NA,NA,NA,NA,NA,2,NA
2177,17,3430441,4463971,TRUE,482,2512,2.15458e-05,0.000172146,0.444948,0.0174349,FALSE,NA,NA,NA,NA,NA,NA,2,NA
2178,17,4463972,5573784,TRUE,371,2845,4.3336e-05,0.000199294,0.385537,0.00307005,FALSE,NA,NA,NA,NA,NA,NA,2,NA
2179,17,5573785,6305078,TRUE,386,2116,0.000269255,8.28382e-05,0.0545968,0.11768,FALSE,NA,NA,NA,NA,NA,NA,2,NA
2180,17,6305079,7264458,TRUE,418,2140,0.000249209,7.54902e-05,0.0751941,0.149838,FALSE,NA,NA,NA,NA,NA,NA,2,NA
2181,17,7264459,8554763,TRUE,401,2569,0.00040836,0.000103178,0.00976548,0.0763524,FALSE,NA,NA,NA,NA,NA,NA,2,NA
2182,17,8554764,9619356,TRUE,472,2306,0.000164597,0.000165228,0.180291,0.0192807,FALSE,NA,NA,NA,NA,NA,NA,2,NA
2183,17,9619357,10572617,TRUE,445,2552,0.000147356,1.62216e-05,0.198893,0.405552,FALSE,NA,NA,NA,NA,NA,NA,2,NA
2184,17,10572618,11778164,TRUE,451,2626,0.000231242,9.17495e-05,0.0985017,0.112178,FALSE,NA,NA,NA,NA,NA,NA,2,NA
2185,17,11778165,12676353,TRUE,297,1743,0.000147215,0.000109983,0.152894,0.0397024,FALSE,NA,NA,NA,NA,NA,NA,2,NA
2186,17,12676354,13648446,TRUE,475,3019,0.000460199,0.000155379,0.0075051,0.0244033,TRUE,-0.616499,-0.616499,FALSE,-1,0.07182,0.0832322,2,NA
2187,17,13648447,14508610,TRUE,362,2294,0.000259887,0.000122156,0.054513,0.0391961,FALSE,NA,NA,NA,NA,NA,NA,2,NA
2188,17,14508611,15308722,TRUE,375,2525,NA,0.000162243,NA,0.0115109,FALSE,NA,NA,NA,NA,NA,NA,1,"MDD"
2189,17,15308723,16405207,TRUE,196,1622,0.00029954,7.82008e-05,0.00885309,0.0640658,FALSE,NA,NA,NA,NA,NA,NA,2,NA
2190,17,16405208,17326540,TRUE,215,1713,4.81273e-06,4.0143e-05,0.471501,0.21641,FALSE,NA,NA,NA,NA,NA,NA,2,NA
2191,17,17326541,18900978,TRUE,225,2059,8.97593e-05,7.2362e-05,0.239125,0.0892426,FALSE,NA,NA,NA,NA,NA,NA,2,NA
2192,17,18900979,20402494,TRUE,194,1503,8.9503e-05,9.16842e-05,0.220287,0.0394926,FALSE,NA,NA,NA,NA,NA,NA,2,NA
2193,17,20402495,21432873,TRUE,227,1272,0.000355049,0.000189532,0.00444661,0.000575624,TRUE,-0.000717293,-0.000717293,FALSE,NA,NA,0.997978,2,NA
2194,17,21432874,25872110,TRUE,163,2278,NA,0.000140085,NA,0.00304229,FALSE,NA,NA,NA,NA,NA,NA,1,"MDD"
2195,17,25872111,27344401,TRUE,313,1830,0.000372102,0.000288473,0.00806161,1.6863e-05,TRUE,-0.157601,-0.157601,FALSE,-0.94959,0.37047,0.544645,2,NA
2196,17,27344402,29783141,TRUE,277,2938,0.000326898,0.000174282,0.012189,0.0027142,TRUE,0.298951,0.298951,FALSE,-0.47324,1,0.353486,2,NA
2197,17,29783142,31318753,TRUE,430,2903,0.000210439,0.000122629,0.112588,0.0523487,FALSE,NA,NA,NA,NA,NA,NA,2,NA
2198,17,31318754,32356061,TRUE,488,2757,0.000127039,0.000302656,0.240519,0.000154173,FALSE,NA,NA,NA,NA,NA,NA,2,NA
2199,17,32356062,33614189,TRUE,418,2727,0.000643429,8.33965e-05,0.000205976,0.1256,FALSE,NA,NA,NA,NA,NA,NA,2,NA
2200,17,33614190,34474611,TRUE,250,1996,0.000156484,6.29422e-05,0.120416,0.131317,FALSE,NA,NA,NA,NA,NA,NA,2,NA
2201,17,34474612,36116884,TRUE,406,2132,0.000160037,0.000280189,0.170363,0.000132809,FALSE,NA,NA,NA,NA,NA,NA,2,NA
2202,17,36116885,37361178,TRUE,382,1990,0.0002465,1.4603e-05,0.0698282,0.407793,FALSE,NA,NA,NA,NA,NA,NA,2,NA
2203,17,37361179,38880481,TRUE,286,2405,4.1553e-05,0.000310605,0.374936,3.4495e-06,FALSE,NA,NA,NA,NA,NA,NA,2,NA
2204,17,38880482,40233545,TRUE,302,3261,0.000316157,6.46259e-05,0.0188671,0.148312,FALSE,NA,NA,NA,NA,NA,NA,2,NA
2205,17,40233546,42348003,TRUE,369,2938,0.000142507,0.000364216,0.186012,8.86737e-07,FALSE,NA,NA,NA,NA,NA,NA,2,NA
2206,17,42348004,43460500,TRUE,237,1844,0.000340889,0.000177829,0.00627288,0.00145803,TRUE,0.350549,0.350549,FALSE,-0.30965,1,0.243271,2,NA
2207,17,43460501,44865832,TRUE,94,471,0.000526475,3.04815e-05,9.41604e-07,0.183681,FALSE,NA,NA,NA,NA,NA,NA,2,NA
2208,17,44865833,45883901,TRUE,157,1884,0.000158668,0.000206427,0.0718028,2.99208e-05,FALSE,NA,NA,NA,NA,NA,NA,2,NA
2209,17,45883902,47516224,TRUE,336,3409,0.000199807,0.000388569,0.0972399,7.56873e-08,FALSE,NA,NA,NA,NA,NA,NA,2,NA
2210,17,47516225,48722590,TRUE,564,2227,0.000842872,0.000220443,4.1917e-05,0.00686023,TRUE,-0.167686,-0.167686,FALSE,-0.95656,0.34001,0.512493,2,NA
2211,17,48722591,49909298,TRUE,350,2262,0.000248285,0.000390747,0.0593624,1.04402e-07,FALSE,NA,NA,NA,NA,NA,NA,2,NA
2212,17,49909299,51110385,TRUE,189,2849,0.000241059,0.000198942,0.0228075,0.000185081,TRUE,-0.307669,-0.307669,FALSE,-1,0.33691,0.325071,2,NA
2213,17,51110386,52102649,TRUE,201,2037,NA,0.000101792,NA,0.0253432,FALSE,NA,NA,NA,NA,NA,NA,1,"MDD"
2214,17,52102650,53468006,TRUE,385,2947,8.79597e-05,0.000368235,0.288867,1.02082e-06,FALSE,NA,NA,NA,NA,NA,NA,2,NA
2215,17,53468007,54950107,TRUE,356,2835,NA,0.000140149,NA,0.0210636,FALSE,NA,NA,NA,NA,NA,NA,1,"MDD"
2216,17,54950108,56245227,TRUE,622,2670,0.00041129,6.01324e-05,0.0263294,0.245537,FALSE,NA,NA,NA,NA,NA,NA,2,NA
2217,17,56245228,58652809,TRUE,301,2872,0.000472962,0.000270063,0.00138374,5.06879e-05,TRUE,-0.0666756,-0.0666756,FALSE,-0.70452,0.40972,0.783569,2,NA
2218,17,58652810,60453120,TRUE,377,2211,NA,2.09554e-05,NA,0.371206,FALSE,NA,NA,NA,NA,NA,NA,1,"MDD"
2219,17,60453121,62112373,TRUE,266,2096,0.000308361,0.000183642,0.0159231,0.0015891,TRUE,-0.407296,-0.407296,FALSE,-1,0.23516,0.205903,2,NA
2220,17,62112374,63548724,TRUE,311,2314,8.89852e-05,7.57672e-05,0.272027,0.11784,FALSE,NA,NA,NA,NA,NA,NA,2,NA
2221,17,63548725,64438387,TRUE,180,2550,0.000291716,0.000115643,0.0126242,0.0103598,TRUE,0.138628,0.138628,FALSE,-0.83879,1,0.69996,2,NA
2222,17,64438388,65582327,TRUE,477,2606,NA,0.00025313,NA,0.00129539,FALSE,NA,NA,NA,NA,NA,NA,1,"MDD"
2223,17,65582328,66757556,TRUE,378,2481,0.000321266,0.00016323,0.0275516,0.011629,TRUE,-0.394977,-0.394977,FALSE,-1,0.37193,0.292589,2,NA
2224,17,66757557,68176219,TRUE,321,2530,0.000305886,NA,0.0237727,NA,FALSE,NA,NA,NA,NA,NA,NA,1,"BIP"
2225,17,68176220,69245590,TRUE,323,2693,0.000295068,0.000116513,0.027671,0.0364963,TRUE,-1,-1.24256,FALSE,-1,-0.15811,0.00346767,2,NA
2226,17,69245591,70495119,TRUE,497,2592,0.000833914,0.000201049,2.13164e-05,0.00804894,TRUE,-0.322305,-0.322305,FALSE,-1,0.18395,0.207481,2,NA
2227,17,70495120,71466953,TRUE,543,2324,5.5797e-05,NA,0.379883,NA,FALSE,NA,NA,NA,NA,NA,NA,1,"BIP"
2228,17,71466954,72383472,TRUE,541,2430,0.000575706,0.000317397,0.002327,0.000184551,TRUE,0.0764995,0.0764995,FALSE,-0.53715,0.62637,0.760343,2,NA
2229,17,72383473,73741321,TRUE,438,2903,0.000157247,0.000261219,0.186334,0.000537892,FALSE,NA,NA,NA,NA,NA,NA,2,NA
2230,17,73741322,74908266,TRUE,375,2551,8.95113e-05,0.000369208,0.286032,8.44458e-07,FALSE,NA,NA,NA,NA,NA,NA,2,NA
2231,17,74908267,75619256,TRUE,419,2122,0.000160901,8.03636e-05,0.172286,0.138859,FALSE,NA,NA,NA,NA,NA,NA,2,NA
2232,17,75619257,76596287,TRUE,578,2806,0.000458383,0.000285412,0.0132994,0.000805777,TRUE,-0.0134222,-0.0134222,FALSE,-0.86077,0.63263,0.963886,2,NA
2233,17,76596288,77412786,TRUE,508,2313,3.48934e-05,0.000158912,0.418234,0.0274256,FALSE,NA,NA,NA,NA,NA,NA,2,NA
2234,17,77412787,78438332,TRUE,466,2406,0.000185225,0.000255697,0.152062,0.000929233,FALSE,NA,NA,NA,NA,NA,NA,2,NA
2235,17,78438333,79333774,TRUE,350,2734,NA,0.000252978,NA,0.000225277,FALSE,NA,NA,NA,NA,NA,NA,1,"MDD"
2236,17,79333775,80459149,TRUE,305,2619,0.000368483,0.000163652,0.00820899,0.00636528,TRUE,-0.374628,-0.374628,FALSE,-1,0.27375,0.25231,2,NA
2237,17,80459150,81192460,TRUE,217,1841,NA,0.000100605,NA,0.0334742,FALSE,NA,NA,NA,NA,NA,NA,1,"MDD"
2238,18,10719,848350,TRUE,342,2086,9.45447e-05,0.000153407,0.262813,0.0121869,FALSE,NA,NA,NA,NA,NA,NA,2,NA
2239,18,848351,1940211,TRUE,340,2605,9.87956e-05,0.000114402,0.254742,0.0431963,FALSE,NA,NA,NA,NA,NA,NA,2,NA
2240,18,1940212,2839842,TRUE,379,2584,0.000346448,NA,0.019606,NA,FALSE,NA,NA,NA,NA,NA,NA,1,"BIP"
2241,18,2839843,3722828,TRUE,450,2216,0.000330966,NA,0.0353357,NA,FALSE,NA,NA,NA,NA,NA,NA,1,"BIP"
2242,18,3722829,4603961,TRUE,417,2055,0.000349502,0.000232527,0.0235415,0.0013418,TRUE,-0.148487,-0.148487,FALSE,-1,0.54647,0.646585,2,NA
2243,18,4603962,5575812,TRUE,365,2498,0.00018305,4.98041e-05,0.128977,0.229809,FALSE,NA,NA,NA,NA,NA,NA,2,NA
2244,18,5575813,6756496,TRUE,507,2719,0.000333304,0.000125425,0.0425293,0.062662,FALSE,NA,NA,NA,NA,NA,NA,2,NA
2245,18,6756497,7862479,TRUE,440,2382,0.000263763,0.000116287,0.0711396,0.0613866,FALSE,NA,NA,NA,NA,NA,NA,2,NA
2246,18,7862480,8788524,TRUE,404,2552,0.000165055,0.000146044,0.162904,0.0248543,FALSE,NA,NA,NA,NA,NA,NA,2,NA
2247,18,8788525,9816164,TRUE,456,2932,0.000683386,0.000167898,0.000158817,0.0160011,TRUE,-0.434248,-0.434248,FALSE,-1,0.11958,0.129366,2,NA
2248,18,9816165,10675548,TRUE,472,2298,NA,0.000192541,NA,0.00788624,FALSE,NA,NA,NA,NA,NA,NA,1,"MDD"
2249,18,10675549,11872226,TRUE,461,3134,0.000211897,7.74863e-05,0.119576,0.152805,FALSE,NA,NA,NA,NA,NA,NA,2,NA
2250,18,11872227,12735558,TRUE,256,2193,0.000265751,0.00010856,0.0272925,0.0315401,TRUE,-0.252677,-0.252677,FALSE,-1,0.68344,0.546636,2,NA
2251,18,12735559,13641479,TRUE,345,1990,0.000109383,0.000244693,0.235067,0.000288091,FALSE,NA,NA,NA,NA,NA,NA,2,NA
2252,18,13641480,14439251,TRUE,171,1811,0.000268486,7.71194e-05,0.0107283,0.0537872,FALSE,NA,NA,NA,NA,NA,NA,2,NA
2253,18,14439252,15220934,TRUE,70,723,NA,3.52036e-05,NA,0.118509,FALSE,NA,NA,NA,NA,NA,NA,1,"MDD"
2254,18,15220935,20009696,TRUE,220,1701,NA,0.000208243,NA,0.000209935,FALSE,NA,NA,NA,NA,NA,NA,1,"MDD"
2255,18,20009697,21622716,TRUE,298,2761,NA,0.000165138,NA,0.00631983,FALSE,NA,NA,NA,NA,NA,NA,1,"MDD"
2256,18,21622717,22746153,TRUE,379,2447,0.000121614,9.80777e-06,0.222651,0.433778,FALSE,NA,NA,NA,NA,NA,NA,2,NA
2257,18,22746154,24088163,TRUE,402,2759,0.000496513,0.000277576,0.00258044,0.000142957,TRUE,0.0391153,0.0391153,FALSE,-0.58548,0.56952,0.877393,2,NA
2258,18,24088164,25305260,TRUE,412,2584,2.76155e-05,0.00028363,0.42585,0.000118739,FALSE,NA,NA,NA,NA,NA,NA,2,NA
2259,18,25305261,26861067,TRUE,289,2924,0.000136674,0.000119569,0.16525,0.0285327,FALSE,NA,NA,NA,NA,NA,NA,2,NA
2260,18,26861068,27823155,TRUE,157,2095,NA,6.83578e-05,NA,0.0658618,FALSE,NA,NA,NA,NA,NA,NA,1,"MDD"
2261,18,27823156,28792734,TRUE,258,2288,NA,0.000223504,NA,0.000179015,FALSE,NA,NA,NA,NA,NA,NA,1,"MDD"
2262,18,28792735,30401128,TRUE,423,3355,0.00013383,0.000285961,0.213548,0.000122916,FALSE,NA,NA,NA,NA,NA,NA,2,NA
2263,18,30401129,32458907,TRUE,354,3418,0.000873979,0.000319228,4.41025e-07,1.04869e-05,TRUE,-0.205022,-0.205022,FALSE,-0.66433,0.15241,0.268678,2,NA
2264,18,32458908,34153297,TRUE,427,3142,0.000512272,0.000287586,0.00243683,0.000145363,TRUE,0.0661067,0.0661067,FALSE,-0.52545,0.61702,0.793426,2,NA
2265,18,34153298,36056932,TRUE,457,3747,0.000833372,0.000254776,9.62308e-06,0.000771396,TRUE,-0.140845,-0.140845,FALSE,-0.70654,0.3054,0.524009,2,NA
2266,18,36056933,37679127,TRUE,284,2868,0.00046368,0.000354696,0.00110324,1.3406e-07,TRUE,0.482517,0.482517,FALSE,0.07305,1,0.0248291,2,NA
2267,18,37679128,38498381,TRUE,185,2226,0.00020947,0.000106961,0.0377911,0.0175722,TRUE,0.313129,0.313129,FALSE,-0.77542,1,0.452421,2,NA
2268,18,38498382,39410165,TRUE,248,1911,0.000325129,0.0001263,0.0099895,0.0166011,TRUE,0.412621,0.412621,FALSE,-0.40702,1,0.253317,2,NA
2269,18,39410166,40471407,TRUE,185,2180,0.000211424,9.32752e-05,0.037508,0.0326352,TRUE,0.23907,0.23907,FALSE,-1,1,0.588968,2,NA
2270,18,40471408,41425454,TRUE,198,2044,0.000322034,0.000276611,0.00698506,6.64165e-07,TRUE,0.0437252,0.0437252,FALSE,-0.57236,0.58003,0.860741,2,NA
2271,18,41425455,42974165,TRUE,419,2894,0.000219374,0.000486299,0.0998353,1.73912e-09,FALSE,NA,NA,NA,NA,NA,NA,2,NA
2272,18,42974166,44300145,TRUE,491,3093,0.000408451,0.000344823,0.0166296,2.43729e-05,TRUE,-0.129571,-0.129571,FALSE,-0.96004,0.44152,0.633581,2,NA
2273,18,44300146,45718492,TRUE,428,3173,0.000203861,0.000308287,0.120166,5.10571e-05,FALSE,NA,NA,NA,NA,NA,NA,2,NA
2274,18,45718493,46558306,TRUE,475,2133,NA,0.000133036,NA,0.0480085,FALSE,NA,NA,NA,NA,NA,NA,1,"MDD"
2275,18,46558307,47455925,TRUE,197,2128,0.000226667,0.000204451,0.0305227,0.000117077,TRUE,-0.271005,-0.271005,FALSE,-1,0.37575,0.391252,2,NA
2276,18,47455926,48228379,TRUE,259,1812,NA,0.000349106,NA,4.4333e-08,FALSE,NA,NA,NA,NA,NA,NA,1,"MDD"
2277,18,48228380,49790996,TRUE,422,3187,0.000375066,0.000352752,0.0177368,6.1681e-06,TRUE,-0.150616,-0.150616,FALSE,-0.97896,0.39464,0.572377,2,NA
2278,18,49790997,50372823,TRUE,196,1971,0.000293568,7.33921e-05,0.00872388,0.0742901,FALSE,NA,NA,NA,NA,NA,NA,2,NA
2279,18,50372824,51060986,TRUE,99,1799,0.000125867,0.000189621,0.0696019,3.52781e-06,FALSE,NA,NA,NA,NA,NA,NA,2,NA
2280,18,51060987,52512523,TRUE,184,3493,0.000319388,0.000290963,0.00411981,9.21108e-08,TRUE,0.28865,0.28865,FALSE,-0.22012,0.85029,0.219489,2,NA
2281,18,52512524,53762996,TRUE,279,2105,0.000645964,0.000259236,1.26053e-05,2.97066e-05,TRUE,0.479248,0.479248,FALSE,0.07764,0.93724,0.0208582,2,NA
2282,18,53762997,54957867,TRUE,284,2394,0.000522216,0.000223257,0.000353585,0.000390594,TRUE,0.165652,0.165652,FALSE,-0.39931,0.71302,0.500298,2,NA
2283,18,54957868,55809315,TRUE,323,2404,0.000145111,7.02213e-05,0.165204,0.134327,FALSE,NA,NA,NA,NA,NA,NA,2,NA
2284,18,55809316,56832312,TRUE,425,2530,0.000315523,0.00018088,0.0360953,0.00866756,TRUE,-0.0631842,-0.0631842,FALSE,-1,0.86173,0.866811,2,NA
2285,18,56832313,57635821,TRUE,340,2185,0.000311785,0.000191973,0.0248698,0.00312098,TRUE,0.0463385,0.0463385,FALSE,-0.97643,0.87716,0.89241,2,NA
2286,18,57635822,58527236,TRUE,205,2374,0.00033654,8.59994e-05,0.00533276,0.0524294,FALSE,NA,NA,NA,NA,NA,NA,2,NA
2287,18,58527237,59449422,TRUE,311,1831,0.000214721,0.000109091,0.0761306,0.0466849,FALSE,NA,NA,NA,NA,NA,NA,2,NA
2288,18,59449423,60780194,TRUE,357,3246,0.000375838,0.000213111,0.0108655,0.00127107,TRUE,0.419843,0.419843,FALSE,-0.22881,1,0.167443,2,NA
2289,18,60780195,62074993,TRUE,356,3117,0.000157214,0.000236731,0.160225,0.000550473,FALSE,NA,NA,NA,NA,NA,NA,2,NA
2290,18,62074994,63109755,TRUE,225,2575,0.000172832,NA,0.0876732,NA,FALSE,NA,NA,NA,NA,NA,NA,1,"BIP"
2291,18,63109756,64253143,TRUE,208,2574,3.15515e-05,9.54275e-05,0.384973,0.0355757,FALSE,NA,NA,NA,NA,NA,NA,2,NA
2292,18,64253144,65294195,TRUE,222,2709,0.000107944,7.33434e-05,0.191655,0.0846424,FALSE,NA,NA,NA,NA,NA,NA,2,NA
2293,18,65294196,66407960,TRUE,350,3154,0.000369105,0.000360326,0.0118142,4.67159e-07,TRUE,-0.133116,-0.133116,FALSE,-0.8632,0.38401,0.590853,2,NA
2294,18,66407961,67195980,TRUE,239,1982,0.000254072,0.000224038,0.030055,0.000104339,TRUE,0.24875,0.24875,FALSE,-0.47048,1,0.425642,2,NA
2295,18,67195981,68051035,TRUE,304,2053,0.000157939,0.000603271,0.144129,9.26543e-16,FALSE,NA,NA,NA,NA,NA,NA,2,NA
2296,18,68051036,69311742,TRUE,409,3445,0.000298905,0.000159775,0.0423426,0.0159689,TRUE,-0.240412,-0.240412,FALSE,-1,0.69096,0.552071,2,NA
2297,18,69311743,70540349,TRUE,393,3336,0.00022977,0.000247829,0.0863412,0.000519998,FALSE,NA,NA,NA,NA,NA,NA,2,NA
2298,18,70540350,71491860,TRUE,370,2793,0.000337461,NA,0.0215966,NA,FALSE,NA,NA,NA,NA,NA,NA,1,"BIP"
2299,18,71491861,72785206,TRUE,458,2881,NA,7.45336e-05,NA,0.160827,FALSE,NA,NA,NA,NA,NA,NA,1,"MDD"
2300,18,72785207,73568260,TRUE,356,2203,0.000234042,8.43013e-05,0.0722496,0.107587,FALSE,NA,NA,NA,NA,NA,NA,2,NA
2301,18,73568261,74471745,TRUE,458,2704,NA,0.000322876,NA,5.36173e-05,FALSE,NA,NA,NA,NA,NA,NA,1,"MDD"
2302,18,74471746,75240760,TRUE,435,2644,0.000343117,0.000277284,0.0270864,0.000222004,TRUE,0.163766,0.163766,FALSE,-0.61353,0.97412,0.592725,2,NA
2303,18,75240761,76231685,TRUE,500,3193,0.000419394,0.000297475,0.0147014,0.000220351,TRUE,0.350267,0.350267,FALSE,-0.2504,1,0.221294,2,NA
2304,18,76231686,77148137,TRUE,327,2880,4.43565e-05,0.000226673,0.375279,0.000592297,FALSE,NA,NA,NA,NA,NA,NA,2,NA
2305,18,77148138,78017072,TRUE,376,2516,0.000539331,0.000232788,0.000881635,0.000820903,TRUE,-0.307587,-0.307587,FALSE,-1,0.20031,0.233602,2,NA
2306,19,64705,762046,TRUE,386,1533,0.000227056,4.87815e-05,0.0994431,0.2489,FALSE,NA,NA,NA,NA,NA,NA,2,NA
2307,19,762047,1515920,TRUE,432,1765,0.000578807,NA,0.000971233,NA,FALSE,NA,NA,NA,NA,NA,NA,1,"BIP"
2308,19,1515921,2253174,TRUE,348,1568,0.000328184,0.00030094,0.0218379,3.11843e-05,TRUE,-0.24388,-0.24388,FALSE,-1,0.33605,0.393182,2,NA
2309,19,2253175,3085446,TRUE,425,2237,0.000405106,0.00023828,0.0124001,0.00124418,TRUE,-0.828555,-0.828555,FALSE,-1,-0.22009,0.00671411,2,NA
2310,19,3085447,3893909,TRUE,414,1923,0.000248087,NA,0.0762625,NA,FALSE,NA,NA,NA,NA,NA,NA,1,"BIP"
2311,19,3893910,4741718,TRUE,338,1756,0.000584926,9.51185e-05,0.000231067,0.079686,FALSE,NA,NA,NA,NA,NA,NA,2,NA
2312,19,4741719,5478684,TRUE,396,1958,0.000495454,0.00047295,0.00225401,2.66945e-09,TRUE,0.197376,0.197376,FALSE,-0.25269,0.65088,0.337862,2,NA
2313,19,5478685,6455428,TRUE,362,2414,0.000452949,0.000528111,0.00401486,3.90969e-11,TRUE,-0.00649956,-0.00649956,FALSE,-0.5168,0.42401,0.974753,2,NA
2314,19,6455429,7249359,TRUE,420,2234,4.76091e-05,NA,0.382013,NA,FALSE,NA,NA,NA,NA,NA,NA,1,"BIP"
2315,19,7249360,8199016,TRUE,387,2326,0.000789988,6.23527e-05,6.69756e-06,0.184623,FALSE,NA,NA,NA,NA,NA,NA,2,NA
2316,19,8199017,9105577,TRUE,331,2060,0.000102486,4.92192e-05,0.245757,0.219843,FALSE,NA,NA,NA,NA,NA,NA,2,NA
2317,19,9105578,10028840,TRUE,151,2043,NA,6.70563e-05,NA,0.0673441,FALSE,NA,NA,NA,NA,NA,NA,1,"MDD"
2318,19,10028841,11681978,TRUE,524,3435,0.0004339,0.000179746,0.0142718,0.0174526,TRUE,-0.183153,-0.183153,FALSE,-1,0.56693,0.611752,2,NA
2319,19,11681979,13213186,TRUE,311,2696,0.000652723,0.000222412,4.3652e-05,0.000711635,TRUE,0.398302,0.398302,FALSE,-0.07783,0.96543,0.0898766,2,NA
2320,19,13213187,13968319,TRUE,328,1660,0.0005848,2.18697e-05,0.000212133,0.36012,FALSE,NA,NA,NA,NA,NA,NA,2,NA
2321,19,13968320,14891100,TRUE,330,1742,0.000527422,0.000120467,0.000634323,0.0359376,TRUE,-0.324662,-0.324662,FALSE,-1,0.36264,0.327388,2,NA
2322,19,14891101,15650185,TRUE,279,1879,0.000548541,0.000103851,0.000169351,0.0443866,TRUE,-0.0733444,-0.0733444,FALSE,-1,0.6883,0.824154,2,NA
2323,19,15650186,16079006,TRUE,128,1777,3.1879e-05,NA,0.353287,NA,FALSE,NA,NA,NA,NA,NA,NA,1,"BIP"
2324,19,16079007,17045963,TRUE,266,1996,5.34324e-05,0.000181947,0.338767,0.00170323,FALSE,NA,NA,NA,NA,NA,NA,2,NA
2325,19,17045964,17750518,TRUE,303,1842,0.00011922,2.34633e-05,0.203631,0.343681,FALSE,NA,NA,NA,NA,NA,NA,2,NA
2326,19,17750519,18504867,TRUE,296,1759,0.000251001,6.71843e-05,0.0452914,0.13874,FALSE,NA,NA,NA,NA,NA,NA,2,NA
2327,19,18504868,19749166,TRUE,303,2108,0.000394669,0.000275188,0.00503109,2.81047e-05,TRUE,-0.187328,-0.187328,FALSE,-0.9389,0.31698,0.465491,2,NA
2328,19,19749167,20485499,TRUE,169,1884,0.000197661,0.000203366,0.042425,7.81135e-05,TRUE,-0.044739,-0.044739,FALSE,-1,0.70221,0.891898,2,NA
2329,19,20485500,21155862,TRUE,73,1937,NA,5.71769e-05,NA,0.0357061,FALSE,NA,NA,NA,NA,NA,NA,1,"MDD"
2330,19,21155863,21822653,TRUE,85,1670,NA,5.49748e-05,NA,0.0559483,FALSE,NA,NA,NA,NA,NA,NA,1,"MDD"
2331,19,21822654,22729408,TRUE,157,2318,NA,0.000235163,NA,3.38002e-06,FALSE,NA,NA,NA,NA,NA,NA,1,"MDD"
2332,19,22729409,23468992,TRUE,94,1979,1.67827e-05,9.27148e-06,0.400126,0.37662,FALSE,NA,NA,NA,NA,NA,NA,2,NA
2333,19,23468993,24567341,TRUE,72,1080,NA,4.28082e-05,NA,0.0832566,FALSE,NA,NA,NA,NA,NA,NA,1,"MDD"
2334,19,24567342,28555845,TRUE,95,2297,0.000391683,0.000242187,3.09226e-05,3.77431e-08,TRUE,-0.054274,-0.054274,FALSE,-0.5176,0.35887,0.789675,2,NA
2335,19,28555846,29389090,TRUE,206,2769,0.000114635,0.000141453,0.170184,0.00478229,FALSE,NA,NA,NA,NA,NA,NA,2,NA
2336,19,29389091,30375792,TRUE,408,2771,0.000567899,0.000111256,0.000824754,0.0637451,FALSE,NA,NA,NA,NA,NA,NA,2,NA
2337,19,30375793,31763008,TRUE,469,2430,6.34703e-05,0.00035254,0.356302,2.12772e-05,FALSE,NA,NA,NA,NA,NA,NA,2,NA
2338,19,31763009,33028099,TRUE,404,2470,0.000549776,0.00017515,0.000985074,0.0091892,TRUE,0.0488107,0.0488107,FALSE,-0.75351,0.70839,0.868485,2,NA
2339,19,33028100,33785835,TRUE,236,2150,0.00010152,5.67796e-05,0.213234,0.148313,FALSE,NA,NA,NA,NA,NA,NA,2,NA
2340,19,33785836,34633274,TRUE,358,2346,NA,4.42195e-05,NA,0.252871,FALSE,NA,NA,NA,NA,NA,NA,1,"MDD"
2341,19,34633275,35649343,TRUE,283,2199,0.000116424,0.000111533,0.200912,0.0367356,FALSE,NA,NA,NA,NA,NA,NA,2,NA
2342,19,35649344,36638122,TRUE,394,2237,0.000396961,0.00017403,0.0111671,0.0092889,TRUE,0.06016,0.06016,FALSE,-0.94468,0.90036,0.859273,2,NA
2343,19,36638123,38472870,TRUE,157,3061,0.000513142,0.000161251,9.7209e-06,0.000676165,TRUE,0.0872342,0.0872342,FALSE,-0.46005,0.59423,0.711989,2,NA
2344,19,38472871,39370419,TRUE,264,2088,0.000100459,0.000226055,0.224962,0.000192815,FALSE,NA,NA,NA,NA,NA,NA,2,NA
2345,19,39370420,40171413,TRUE,243,1828,NA,2.8669e-05,NA,0.295257,FALSE,NA,NA,NA,NA,NA,NA,1,"MDD"
2346,19,40171414,41004105,TRUE,214,1719,0.00011838,3.65933e-05,0.168001,0.247331,FALSE,NA,NA,NA,NA,NA,NA,2,NA
2347,19,41004106,41733463,TRUE,271,1700,0.000645492,4.97699e-05,1.29878e-05,0.194688,FALSE,NA,NA,NA,NA,NA,NA,2,NA
2348,19,41733464,43317282,TRUE,295,2004,0.000791984,0.000226873,7.75118e-07,0.000356523,TRUE,-0.0927021,-0.0927021,FALSE,-0.59708,0.32141,0.658958,2,NA
2349,19,43317283,43960958,TRUE,130,1642,0.000209304,NA,0.0275457,NA,FALSE,NA,NA,NA,NA,NA,NA,1,"BIP"
2350,19,43960959,45040932,TRUE,318,2457,0.000198816,0.000137458,0.0949433,0.018745,FALSE,NA,NA,NA,NA,NA,NA,2,NA
2351,19,45040933,45893307,TRUE,386,1933,0.00115878,0.000278565,7.38251e-10,0.000149859,TRUE,0.297303,0.297303,FALSE,-0.06837,0.67659,0.101744,2,NA
2352,19,45893308,46765060,TRUE,306,1957,0.000435986,0.000189503,0.00247703,0.00225308,TRUE,0.144217,0.144217,FALSE,-0.5632,0.80177,0.615208,2,NA
2353,19,46765061,47752727,TRUE,362,1934,1.81581e-05,0.000157296,0.444545,0.0132616,FALSE,NA,NA,NA,NA,NA,NA,2,NA
2354,19,47752728,48573065,TRUE,280,1916,0.0002416,0.000206788,0.0482847,0.000861471,TRUE,-0.787322,-0.787322,FALSE,-1,-0.08689,0.0260453,2,NA
2355,19,48573066,49415189,TRUE,315,2147,0.000466377,0.000233721,0.00183511,0.000415391,TRUE,-0.034762,-0.034762,FALSE,-0.75738,0.50079,0.894322,2,NA
2356,19,49415190,50451925,TRUE,375,1976,0.000295093,0.00019354,0.0389164,0.0041141,TRUE,-0.366587,-0.366587,FALSE,-1,0.40327,0.314964,2,NA
2357,19,50451926,51259178,TRUE,334,1603,0.000572429,0.000125067,0.000248851,0.030836,TRUE,-0.582557,-0.582557,FALSE,-1,0.0385,0.0648749,2,NA
2358,19,51259179,51903804,TRUE,359,1618,0.000462479,6.46166e-05,0.00296694,0.166834,FALSE,NA,NA,NA,NA,NA,NA,2,NA
2359,19,51903805,52678748,TRUE,353,2452,NA,6.15346e-05,NA,0.174823,FALSE,NA,NA,NA,NA,NA,NA,1,"MDD"
2360,19,52678749,53431217,TRUE,359,2440,0.000258545,0.000146156,0.055511,0.0178986,FALSE,NA,NA,NA,NA,NA,NA,2,NA
2361,19,53431218,54042240,TRUE,371,2052,0.000555301,2.65865e-05,0.000636955,0.342095,FALSE,NA,NA,NA,NA,NA,NA,2,NA
2362,19,54042241,54602370,TRUE,311,1346,6.4806e-05,NA,0.323035,NA,FALSE,NA,NA,NA,NA,NA,NA,1,"BIP"
2363,19,54602371,55182973,TRUE,321,1608,0.000466356,2.6994e-05,0.00365071,0.327642,FALSE,NA,NA,NA,NA,NA,NA,2,NA
2364,19,55182974,55714085,TRUE,209,1295,0.000221505,0.000109421,0.0523047,0.0216574,FALSE,NA,NA,NA,NA,NA,NA,2,NA
2365,19,55714086,56411086,TRUE,457,1740,0.000584526,0.000155303,0.00116602,0.0245628,TRUE,-0.127441,-0.127441,FALSE,-1,0.56052,0.691921,2,NA
2366,19,56411087,57143509,TRUE,380,2068,0.000134746,3.96834e-05,0.200179,0.278562,FALSE,NA,NA,NA,NA,NA,NA,2,NA
2367,19,57143510,57959952,TRUE,375,2026,8.31855e-05,0.000224284,0.296655,0.00124397,FALSE,NA,NA,NA,NA,NA,NA,2,NA
2368,19,57959953,59118811,TRUE,298,2342,9.17986e-05,0.00012514,0.255778,0.0248193,FALSE,NA,NA,NA,NA,NA,NA,2,NA
2369,20,60795,884241,TRUE,513,2198,NA,9.38686e-05,NA,0.122068,FALSE,NA,NA,NA,NA,NA,NA,1,"MDD"
2370,20,884242,1771285,TRUE,413,2242,0.000165949,6.73296e-06,0.162924,0.453673,FALSE,NA,NA,NA,NA,NA,NA,2,NA
2371,20,1771286,2668108,TRUE,401,2351,0.000350021,6.17159e-05,0.0219439,0.190866,FALSE,NA,NA,NA,NA,NA,NA,2,NA
2372,20,2668109,3736551,TRUE,332,2300,0.000428691,2.61099e-05,0.00372399,0.334489,FALSE,NA,NA,NA,NA,NA,NA,2,NA
2373,20,3736552,4591847,TRUE,361,2339,0.000187312,0.000178229,0.119041,0.0059264,FALSE,NA,NA,NA,NA,NA,NA,2,NA
2374,20,4591848,5379450,TRUE,323,2151,NA,0.000122631,NA,0.0315777,FALSE,NA,NA,NA,NA,NA,NA,1,"MDD"
2375,20,5379451,6128358,TRUE,310,2048,0.000104414,6.01668e-05,0.232997,0.166037,FALSE,NA,NA,NA,NA,NA,NA,2,NA
2376,20,6128359,7231796,TRUE,380,2387,NA,0.000130381,NA,0.0338435,FALSE,NA,NA,NA,NA,NA,NA,1,"MDD"
2377,20,7231797,7959828,TRUE,167,1831,1.48853e-05,2.3018e-05,0.431438,0.29623,FALSE,NA,NA,NA,NA,NA,NA,2,NA
2378,20,7959829,9279550,TRUE,428,2973,6.30299e-05,0.000191982,0.349971,0.00592608,FALSE,NA,NA,NA,NA,NA,NA,2,NA
2379,20,9279551,10279603,TRUE,390,2268,0.000274778,3.2636e-05,0.0511883,0.312864,FALSE,NA,NA,NA,NA,NA,NA,2,NA
2380,20,10279604,11257012,TRUE,372,2405,8.19339e-05,0.00011302,0.297559,0.0518137,FALSE,NA,NA,NA,NA,NA,NA,2,NA
2381,20,11257013,12353961,TRUE,302,2577,NA,0.000282289,NA,1.44726e-05,FALSE,NA,NA,NA,NA,NA,NA,1,"MDD"
2382,20,12353962,13202335,TRUE,273,2415,5.76752e-05,0.000116381,0.327815,0.0265233,FALSE,NA,NA,NA,NA,NA,NA,2,NA
2383,20,13202336,14203755,TRUE,236,2124,0.000266963,4.80755e-05,0.0225557,0.186192,FALSE,NA,NA,NA,NA,NA,NA,2,NA
2384,20,14203756,15238519,TRUE,264,2396,0.000577066,0.000198736,5.95413e-05,0.000764337,TRUE,0.287407,0.287407,FALSE,-0.20377,0.82659,0.229547,2,NA
2385,20,15238520,15962576,TRUE,336,1914,0.000369391,0.000288614,0.0107604,2.99136e-05,TRUE,-0.0559039,-0.0559039,FALSE,-0.80638,0.50302,0.835208,2,NA
2386,20,15962577,16661516,TRUE,277,2224,0.000263171,0.000197557,0.0333167,0.000935722,TRUE,0.681125,0.681125,FALSE,0.02722,1,0.0440568,2,NA
2387,20,16661517,17359290,TRUE,282,1965,0.000299395,0.000121735,0.0196664,0.0248521,TRUE,0.316485,0.316485,FALSE,-0.72002,1,0.420363,2,NA
2388,20,17359291,18058524,TRUE,295,1964,0.000153122,0.00017336,0.142192,0.00398776,FALSE,NA,NA,NA,NA,NA,NA,2,NA
2389,20,18058525,18959419,TRUE,218,2431,0.000143022,0.000276807,0.12413,2.14503e-06,FALSE,NA,NA,NA,NA,NA,NA,2,NA
2390,20,18959420,19957928,TRUE,384,2430,0.000399797,5.77689e-05,0.00965795,0.207252,FALSE,NA,NA,NA,NA,NA,NA,2,NA
2391,20,19957929,21682377,TRUE,438,3013,NA,0.000290275,NA,0.000130538,FALSE,NA,NA,NA,NA,NA,NA,1,"MDD"
2392,20,21682378,22780956,TRUE,253,2058,0.000343272,0.000142869,0.0078554,0.00807482,TRUE,-0.309522,-0.309522,FALSE,-1,0.38371,0.355875,2,NA
2393,20,22780957,23808562,TRUE,314,2621,2.76721e-05,0.000183088,0.415445,0.00293541,FALSE,NA,NA,NA,NA,NA,NA,2,NA
2394,20,23808563,24487128,TRUE,187,1887,4.57772e-05,0.000114088,0.335175,0.0142497,FALSE,NA,NA,NA,NA,NA,NA,2,NA
2395,20,24487129,25181038,TRUE,159,1955,NA,1.557e-05,NA,0.354413,FALSE,NA,NA,NA,NA,NA,NA,1,"MDD"
2396,20,25181039,26318858,TRUE,88,1532,0.000133842,NA,0.0569754,NA,FALSE,NA,NA,NA,NA,NA,NA,1,"BIP"
2397,20,26318859,30569659,TRUE,107,1387,NA,9.82967e-05,NA,0.006943,FALSE,NA,NA,NA,NA,NA,NA,1,"MDD"
2398,20,30569660,32484506,TRUE,418,2867,0.000189822,0.000372032,0.133601,1.95539e-06,FALSE,NA,NA,NA,NA,NA,NA,2,NA
2399,20,32484507,33890060,TRUE,131,1811,7.13109e-05,0.000218295,0.222035,2.63583e-06,FALSE,NA,NA,NA,NA,NA,NA,2,NA
2400,20,33890061,35990261,TRUE,326,2805,5.46143e-05,0.000388968,0.34958,5.66995e-08,FALSE,NA,NA,NA,NA,NA,NA,2,NA
2401,20,35990262,37253657,TRUE,370,2307,0.000275249,0.000157416,0.0473325,0.0135368,TRUE,-0.595472,-0.595472,FALSE,-1,0.21212,0.142547,2,NA
2402,20,37253658,38427594,TRUE,276,2488,0.000318299,0.000392873,0.0146098,5.43807e-09,TRUE,0.0723711,0.0723711,FALSE,-0.52925,0.62432,0.763789,2,NA
2403,20,38427595,40272390,TRUE,471,3412,NA,0.000316931,NA,6.70426e-05,FALSE,NA,NA,NA,NA,NA,NA,1,"MDD"
2404,20,40272391,41351514,TRUE,430,2686,0.000469306,0.00030191,0.00494632,8.20392e-05,TRUE,-0.547663,-0.547663,FALSE,-1,-0.05245,0.0348298,2,NA
2405,20,41351515,42185671,TRUE,353,1783,0.000943288,0.000502306,5.70996e-08,5.88799e-11,TRUE,-0.357671,-0.357671,FALSE,-0.71781,-0.06686,0.017313,2,NA
2406,20,42185672,43008890,TRUE,320,1792,NA,7.644e-05,NA,0.11552,FALSE,NA,NA,NA,NA,NA,NA,1,"MDD"
2407,20,43008891,44072210,TRUE,305,1858,NA,0.000257782,NA,6.72571e-05,FALSE,NA,NA,NA,NA,NA,NA,1,"MDD"
2408,20,44072211,45673603,TRUE,497,3551,0.000616085,0.000499578,0.000943271,1.29926e-08,TRUE,0.175052,0.175052,FALSE,-0.24949,0.59116,0.376752,2,NA
2409,20,45673604,46486132,TRUE,287,1834,0.000356561,7.84988e-05,0.00819947,0.098656,FALSE,NA,NA,NA,NA,NA,NA,2,NA
2410,20,46486133,47203836,TRUE,290,1732,0.000114121,0.000271966,0.208028,2.50595e-05,FALSE,NA,NA,NA,NA,NA,NA,2,NA
2411,20,47203837,48212975,TRUE,238,2404,0.000348666,0.000396156,0.00548772,7.67893e-10,TRUE,0.000880009,0.000880009,FALSE,NA,NA,0.99684,2,NA
2412,20,48212976,49236418,TRUE,343,2401,0.000748092,0.000237133,6.16878e-06,0.000562187,TRUE,0.0900399,0.0900399,FALSE,-0.39086,0.54186,0.682324,2,NA
2413,20,49236419,50653620,TRUE,543,3556,0.000143855,0.000423213,0.2255,1.32262e-06,FALSE,NA,NA,NA,NA,NA,NA,2,NA
2414,20,50653621,51533750,TRUE,198,1936,0.000364993,0.000160408,0.00198797,0.00149245,TRUE,0.0457944,0.0457944,FALSE,-0.71578,0.66145,0.872706,2,NA
2415,20,51533751,52411532,TRUE,410,1824,0.000648038,0.000204397,0.000195989,0.0033376,TRUE,0.571748,0.571748,FALSE,0.0846,1,0.0281988,2,NA
2416,20,52411533,53120334,TRUE,299,1993,0.000399684,9.99636e-05,0.00442572,0.054771,FALSE,NA,NA,NA,NA,NA,NA,2,NA
2417,20,53120335,53879803,TRUE,199,1848,0.000300966,NA,0.00966074,NA,FALSE,NA,NA,NA,NA,NA,NA,1,"BIP"
2418,20,53879804,54743694,TRUE,243,1887,0.000189271,5.99756e-05,0.077341,0.141069,FALSE,NA,NA,NA,NA,NA,NA,2,NA
2419,20,54743695,55448075,TRUE,361,1841,0.000262349,5.41705e-05,0.0531534,0.210227,FALSE,NA,NA,NA,NA,NA,NA,2,NA
2420,20,55448076,56172843,TRUE,396,2196,0.000158878,NA,0.167782,NA,FALSE,NA,NA,NA,NA,NA,NA,1,"BIP"
2421,20,56172844,56951773,FALSE,NA,NA,NA,NA,NA,NA,FALSE,NA,NA,NA,NA,NA,NA,NA,NA
2422,20,56951774,57924037,TRUE,408,1976,0.00104244,0.000256041,2.01002e-08,0.000432804,TRUE,0.211361,0.211361,FALSE,-0.203,0.62794,0.281067,2,NA
2423,20,57924038,58780894,TRUE,405,1887,0.000315794,0.000166518,0.0361121,0.0129691,TRUE,0.239388,0.239388,FALSE,-0.77863,1,0.538545,2,NA
2424,20,58780895,59560457,TRUE,312,1970,0.000312337,0.000433382,0.0205537,9.38825e-10,TRUE,-0.00671274,-0.00671274,FALSE,-0.67898,0.51109,0.977821,2,NA
2425,20,59560458,60125333,FALSE,NA,NA,NA,NA,NA,NA,FALSE,NA,NA,NA,NA,NA,NA,NA,NA
2426,20,60125334,60766557,TRUE,349,1830,0.000478788,0.000127225,0.00199843,0.0327857,TRUE,0.0918138,0.0918138,FALSE,-0.88419,0.93944,0.789807,2,NA
2427,20,60766558,61470768,TRUE,353,1872,0.000436446,0.000205148,0.00427193,0.00210186,TRUE,0.186924,0.186924,FALSE,-0.53367,0.89734,0.522372,2,NA
2428,20,61470769,62179241,TRUE,419,2299,0.000448036,0.000222751,0.00620829,0.00203891,TRUE,0.414973,0.414973,FALSE,-0.20281,1,0.161388,2,NA
2429,20,62179242,62963627,TRUE,281,1777,0.000457587,0.000280531,0.00114583,1.31009e-05,TRUE,-0.05746,-0.05746,FALSE,-0.64144,0.43201,0.805508,2,NA
2430,21,9411245,15026792,TRUE,28,439,5.4037e-05,6.04129e-05,0.124621,0.00716707,FALSE,NA,NA,NA,NA,NA,NA,2,NA
2431,21,15026793,15840033,TRUE,172,1936,4.97916e-05,3.54604e-05,0.313761,0.215882,FALSE,NA,NA,NA,NA,NA,NA,2,NA
2432,21,15840034,16873443,TRUE,398,2201,0.000111072,4.5131e-05,0.249812,0.257271,FALSE,NA,NA,NA,NA,NA,NA,2,NA
2433,21,16873444,18222037,TRUE,362,2111,NA,0.00018749,NA,0.00437012,FALSE,NA,NA,NA,NA,NA,NA,1,"MDD"
2434,21,18222038,19479024,TRUE,392,2803,0.000625788,0.000120575,0.000230279,0.0481876,TRUE,0.0420474,0.0420474,FALSE,-0.94692,0.86247,0.89867,2,NA
2435,21,19479025,20407307,TRUE,339,2478,NA,0.000234562,NA,0.00046576,FALSE,NA,NA,NA,NA,NA,NA,1,"MDD"
2436,21,20407308,21632916,TRUE,346,3178,0.000310832,5.81328e-05,0.0263467,0.185421,FALSE,NA,NA,NA,NA,NA,NA,2,NA
2437,21,21632917,22201890,TRUE,245,1869,0.000381604,0.00011076,0.00303843,0.0269713,TRUE,0.029252,0.029252,FALSE,-1,0.88942,0.933438,2,NA
2438,21,22201891,23266941,TRUE,303,2907,0.000113993,8.79067e-05,0.212127,0.0808167,FALSE,NA,NA,NA,NA,NA,NA,2,NA
2439,21,23266942,24055941,TRUE,263,1809,1.34761e-05,0.00022131,0.449088,0.000258791,FALSE,NA,NA,NA,NA,NA,NA,2,NA
2440,21,24055942,25247986,TRUE,351,3224,0.000140779,0.000261826,0.181049,0.000127295,FALSE,NA,NA,NA,NA,NA,NA,2,NA
2441,21,25247987,26467826,TRUE,309,3347,NA,0.000152768,NA,0.00916512,FALSE,NA,NA,NA,NA,NA,NA,1,"MDD"
2442,21,26467827,27774350,TRUE,343,2860,NA,0.000324146,NA,5.49799e-06,FALSE,NA,NA,NA,NA,NA,NA,1,"MDD"
2443,21,27774351,28616539,TRUE,315,2537,0.00018243,0.000178395,0.110149,0.00384918,FALSE,NA,NA,NA,NA,NA,NA,2,NA
2444,21,28616540,29449870,TRUE,248,2078,0.000457574,0.00018749,0.000683615,0.000956046,TRUE,-0.331189,-0.331189,FALSE,-1,0.18045,0.207905,2,NA
2445,21,29449871,30847296,TRUE,194,3109,8.81075e-05,0.00011282,0.21893,0.0144939,FALSE,NA,NA,NA,NA,NA,NA,2,NA
2446,21,30847297,32202239,TRUE,274,3264,NA,0.000123105,NA,0.023798,FALSE,NA,NA,NA,NA,NA,NA,1,"MDD"
2447,21,32202240,33270272,TRUE,357,2538,NA,0.000114316,NA,0.0482874,FALSE,NA,NA,NA,NA,NA,NA,1,"MDD"
2448,21,33270273,34383794,TRUE,351,2438,0.000136455,9.73468e-05,0.190079,0.0749248,FALSE,NA,NA,NA,NA,NA,NA,2,NA
2449,21,34383795,35729261,TRUE,493,2647,0.000144243,0.000270732,0.214194,0.000596024,FALSE,NA,NA,NA,NA,NA,NA,2,NA
2450,21,35729262,37303548,TRUE,530,3618,0.000170765,NA,0.186837,NA,FALSE,NA,NA,NA,NA,NA,NA,1,"BIP"
2451,21,37303549,38046449,TRUE,247,2260,3.20994e-05,5.59721e-05,0.392466,0.15841,FALSE,NA,NA,NA,NA,NA,NA,2,NA
2452,21,38046450,39252059,TRUE,392,2883,0.000190574,0.000297073,0.125739,5.15297e-05,FALSE,NA,NA,NA,NA,NA,NA,2,NA
2453,21,39252060,40480831,TRUE,477,2747,0.000279474,0.000578821,0.0647713,2.03749e-11,FALSE,NA,NA,NA,NA,NA,NA,2,NA
2454,21,40480832,41344742,TRUE,286,2512,0.000184954,0.000141439,0.0968651,0.0120681,FALSE,NA,NA,NA,NA,NA,NA,2,NA
2455,21,41344743,42187152,TRUE,377,2459,0.000221717,4.80245e-05,0.0886231,0.237361,FALSE,NA,NA,NA,NA,NA,NA,2,NA
2456,21,42187153,43081434,TRUE,483,2390,0.000396851,0.00024183,0.0190023,0.00168887,TRUE,0.037059,0.037059,FALSE,-0.91523,0.79584,0.907422,2,NA
2457,21,43081435,43812791,TRUE,524,2601,NA,0.000218549,NA,0.00498284,FALSE,NA,NA,NA,NA,NA,NA,1,"MDD"
2458,21,43812792,44815008,TRUE,420,3046,0.000551599,0.000361484,0.00118265,4.00802e-06,TRUE,-0.286658,-0.286658,FALSE,-0.9662,0.15042,0.196235,2,NA
2459,21,44815009,46045433,TRUE,484,2713,0.00105197,0.000213329,2.59026e-07,0.00631429,TRUE,0.194358,0.194358,FALSE,-0.33059,0.73993,0.398174,2,NA
2460,21,46045434,47014880,TRUE,447,2927,0.000356117,0.000296714,0.0244961,0.000133474,TRUE,0.244062,0.244062,FALSE,-0.42913,1,0.411579,2,NA
2461,21,47014881,48119633,TRUE,308,2919,0.000146564,0.000354291,0.15865,2.59509e-07,FALSE,NA,NA,NA,NA,NA,NA,2,NA
2462,22,16050213,17587474,TRUE,140,961,0.000127308,5.94235e-05,0.101968,0.0838477,FALSE,NA,NA,NA,NA,NA,NA,2,NA
2463,22,17587475,18535225,TRUE,452,2634,0.000366251,0.000250671,0.0228063,0.000958508,TRUE,0.061654,0.061654,FALSE,-0.81514,0.81064,0.845815,2,NA
2464,22,18535226,19635654,TRUE,277,2149,0.000468294,0.000239532,0.000959798,0.000135231,TRUE,-0.151473,-0.151473,FALSE,-0.80546,0.34113,0.538866,2,NA
2465,22,19635655,20969184,TRUE,375,2280,0.000557433,0.000199919,0.000613365,0.003071,TRUE,-0.228446,-0.228446,FALSE,-1,0.31919,0.398368,2,NA
2466,22,20969185,22404422,TRUE,252,2072,4.20686e-05,8.44386e-05,0.364876,0.0703606,FALSE,NA,NA,NA,NA,NA,NA,2,NA
2467,22,22404423,23143364,FALSE,NA,NA,NA,NA,NA,NA,FALSE,NA,NA,NA,NA,NA,NA,NA,NA
2468,22,23143365,23950732,TRUE,280,1891,0.000145969,0.000189476,0.148334,0.00145838,FALSE,NA,NA,NA,NA,NA,NA,2,NA
2469,22,23950733,25282436,TRUE,311,2617,0.000170501,0.000110534,0.124664,0.0447849,FALSE,NA,NA,NA,NA,NA,NA,2,NA
2470,22,25282437,26166934,TRUE,301,1915,0.00022225,0.000187158,0.068595,0.00307691,FALSE,NA,NA,NA,NA,NA,NA,2,NA
2471,22,26166935,27192923,TRUE,471,2807,0.000138561,0.000176323,0.218025,0.0138329,FALSE,NA,NA,NA,NA,NA,NA,2,NA
2472,22,27192924,27952441,TRUE,521,2444,5.99817e-05,0.000170533,0.368984,0.0204801,FALSE,NA,NA,NA,NA,NA,NA,2,NA
2473,22,27952442,29457601,TRUE,335,2620,NA,0.000275546,NA,6.81124e-05,FALSE,NA,NA,NA,NA,NA,NA,1,"MDD"
2474,22,29457602,30962255,TRUE,319,3005,0.000246576,0.00026171,0.0535066,7.5399e-05,FALSE,NA,NA,NA,NA,NA,NA,2,NA
2475,22,30962256,31904549,TRUE,229,1900,0.000240444,0.000152678,0.0354926,0.00449259,TRUE,0.420151,0.420151,FALSE,-0.406,1,0.257409,2,NA
2476,22,31904550,32662293,TRUE,137,1889,NA,0.000167576,NA,0.000199317,FALSE,NA,NA,NA,NA,NA,NA,1,"MDD"
2477,22,32662294,33501725,TRUE,341,2374,2.88405e-05,5.79578e-05,0.415766,0.18668,FALSE,NA,NA,NA,NA,NA,NA,2,NA
2478,22,33501726,34361897,TRUE,341,2325,0.000304702,0.000134522,0.0280758,0.0244439,TRUE,0.335803,0.335803,FALSE,-0.64142,1,0.405237,2,NA
2479,22,34361898,35368341,TRUE,258,3024,NA,5.99706e-05,NA,0.145503,FALSE,NA,NA,NA,NA,NA,NA,1,"MDD"
2480,22,35368342,36135968,TRUE,276,1938,0.000263733,0.000154713,0.0341335,0.00688149,TRUE,0.368679,0.368679,FALSE,-0.53488,1,0.326797,2,NA
2481,22,36135969,37364004,TRUE,428,2732,4.51473e-05,3.50004e-06,0.388667,0.471942,FALSE,NA,NA,NA,NA,NA,NA,2,NA
2482,22,37364005,38718589,TRUE,499,2894,0.000145809,0.000111713,0.214492,0.0826372,FALSE,NA,NA,NA,NA,NA,NA,2,NA
2483,22,38718590,40378783,TRUE,476,2974,0.000342526,0.000369435,0.0338155,8.0143e-06,TRUE,0.151215,0.151215,FALSE,-0.55676,0.87275,0.596526,2,NA
2484,22,40378784,41722787,TRUE,193,1782,0.000212338,0.000194074,0.0401469,0.000174014,TRUE,-0.106984,-0.106984,FALSE,-1,0.62081,0.746731,2,NA
2485,22,41722788,42867927,TRUE,205,1963,0.000810322,0.000347352,9.47494e-09,6.40587e-09,TRUE,0.321,0.321,FALSE,-0.00168,0.63213,0.0468798,2,NA
2486,22,42867928,43574017,TRUE,223,1810,0.000239137,0.000187321,0.0332485,0.000588255,TRUE,0.238927,0.238927,FALSE,-0.57654,1,0.476188,2,NA
2487,22,43574018,44409533,TRUE,328,2363,0.000415881,6.5147e-05,0.00437784,0.156593,FALSE,NA,NA,NA,NA,NA,NA,2,NA
2488,22,44409534,45170649,TRUE,539,2404,0.00014331,0.000246235,0.226398,0.00226023,FALSE,NA,NA,NA,NA,NA,NA,2,NA
2489,22,45170650,46351048,TRUE,589,3352,0.000487954,6.60718e-05,0.0102695,0.218522,FALSE,NA,NA,NA,NA,NA,NA,2,NA
2490,22,46351049,47299625,TRUE,409,2454,0.000433062,5.86033e-05,0.00745194,0.204547,FALSE,NA,NA,NA,NA,NA,NA,2,NA
2491,22,47299626,48269177,TRUE,437,2645,0.000109145,0.000398802,0.260696,6.26971e-07,FALSE,NA,NA,NA,NA,NA,NA,2,NA
2492,22,48269178,48977538,TRUE,413,2192,0.000227843,0.000188746,0.0920088,0.00686152,FALSE,NA,NA,NA,NA,NA,NA,2,NA
2493,22,48977539,49559207,TRUE,463,2922,0.000212393,7.36267e-05,0.118879,0.166479,FALSE,NA,NA,NA,NA,NA,NA,2,NA
2494,22,49559208,50347996,TRUE,386,2676,1.25956e-05,6.53227e-05,0.460051,0.172724,FALSE,NA,NA,NA,NA,NA,NA,2,NA
2495,22,50347997,51244236,TRUE,375,2246,0.000866792,0.000190317,6.51835e-07,0.00458512,TRUE,0.215868,0.215868,FALSE,-0.28167,0.74845,0.352128,2,NA
