locus	chr	start	stop	phen	h2.obs	h2.latent	ascertained	p
1	1	10539	1376204	ASD	0.000253163	0.000407749	FALSE	0.201959
2	1	1376205	2215495	ASD	0.000429098	0.000691112	FALSE	0.1077
2	1	1376205	2215495	SCZ	0.000432062	0.000691994	FALSE	0.000796146
3	1	2215496	2983519	ASD	0.000605273	0.000974863	FALSE	0.0789989
3	1	2215496	2983519	SCZ	0.000451251	0.000722728	FALSE	0.00292289
4	1	2983520	3582047	SCZ	0.00049065	0.00078583	FALSE	0.00205704
6	1	4281477	4773403	ASD	0.000104105	0.000167672	FALSE	0.405703
6	1	4281477	4773403	SCZ	0.000116238	0.000186168	FALSE	0.249491
7	1	4773404	5362404	SCZ	0.000533162	0.000853917	FALSE	0.00428897
8	1	5362405	6136814	ASD	0.000852575	0.00137317	FALSE	0.0519367
8	1	5362405	6136814	SCZ	0.000555365	0.000889478	FALSE	0.00221568
9	1	6136815	7711794	ASD	0.000706585	0.00113804	FALSE	0.136524
9	1	6136815	7711794	SCZ	0.000517844	0.000829384	FALSE	0.0150293
10	1	7711795	8580987	ASD	0.000887426	0.0014293	FALSE	0.0405959
10	1	7711795	8580987	SCZ	0.000483109	0.000773751	FALSE	0.00495788
11	1	8580988	9475966	ASD	0.000766365	0.00123432	FALSE	0.0880142
11	1	8580988	9475966	SCZ	0.000284348	0.000455414	FALSE	0.0805298
12	1	9475967	10753427	SCZ	0.000152137	0.000243664	FALSE	0.191182
13	1	10753428	11709173	ASD	0.000374895	0.000603812	FALSE	0.217894
13	1	10753428	11709173	SCZ	0.000634409	0.00101608	FALSE	0.00044128
14	1	11709174	13481025	SCZ	0.000583022	0.000933773	FALSE	0.00165762
15	1	13481026	14720131	ASD	0.000431621	0.000695176	FALSE	0.230065
15	1	13481026	14720131	SCZ	0.000475537	0.000761624	FALSE	0.0155505
16	1	14720132	15755230	SCZ	5.85737e-05	9.38122e-05	FALSE	0.391027
17	1	15755231	16732168	SCZ	0.000271869	0.000435429	FALSE	0.0465539
18	1	16732169	17557746	ASD	6.44491e-05	0.000103803	FALSE	0.418236
18	1	16732169	17557746	SCZ	0.000185403	0.000296942	FALSE	0.0897364
19	1	17557747	18427820	ASD	0.000809846	0.00130435	FALSE	0.068783
19	1	17557747	18427820	SCZ	0.000122244	0.000195787	FALSE	0.255774
20	1	18427821	19238924	SCZ	0.000458447	0.000734254	FALSE	0.0215911
21	1	19238925	20556202	SCZ	0.000186312	0.0002984	FALSE	0.194448
22	1	20556203	21416121	SCZ	0.000450725	0.000721885	FALSE	0.0045284
23	1	21416122	22145629	SCZ	0.000763844	0.00122338	FALSE	3.23036e-05
24	1	22145630	22740287	SCZ	0.000282732	0.000452826	FALSE	0.0551406
25	1	22740288	23907045	SCZ	9.35523e-05	0.000149834	FALSE	0.303411
26	1	23907046	25885138	SCZ	0.00072042	0.00115383	FALSE	0.0018623
27	1	25885139	27992665	SCZ	0.000826208	0.00132326	FALSE	0.000115777
28	1	27992666	29188426	SCZ	0.000487919	0.000781455	FALSE	0.00198782
29	1	29188427	30405182	SCZ	0.000770652	0.00123428	FALSE	0.000146824
30	1	30405183	31639217	ASD	7.10045e-06	1.14361e-05	FALSE	0.485179
30	1	30405183	31639217	SCZ	0.00107411	0.0017203	FALSE	1.50137e-06
31	1	31639218	33066846	SCZ	0.000450987	0.000722306	FALSE	0.00861479
32	1	33066847	34371022	ASD	2.65473e-05	4.27574e-05	FALSE	0.46869
32	1	33066847	34371022	SCZ	0.000373232	0.000597772	FALSE	0.0265938
33	1	34371023	35201626	SCZ	0.000445415	0.000713381	FALSE	0.0143479
34	1	35201627	36855139	ASD	0.000145921	0.000235023	FALSE	0.360715
34	1	35201627	36855139	SCZ	0.000248409	0.000397854	FALSE	0.0654031
35	1	36855140	38474036	SCZ	0.000603028	0.000965815	FALSE	0.00569565
36	1	38474037	40200950	SCZ	0.000862052	0.00138067	FALSE	0.000195865
37	1	40200951	41093875	ASD	0.000306399	0.00049349	FALSE	0.243591
37	1	40200951	41093875	SCZ	0.000638376	0.00102243	FALSE	0.000176799
38	1	41093876	41977966	SCZ	0.000634885	0.00101684	FALSE	0.000637558
39	1	41977967	43512669	ASD	0.00136671	0.00220124	FALSE	0.0061793
39	1	41977967	43512669	SCZ	0.000653363	0.00104643	FALSE	0.000565655
40	1	43512670	45167235	ASD	0.00048678	0.000784016	FALSE	0.199508
40	1	43512670	45167235	SCZ	0.000666207	0.001067	FALSE	0.00146271
41	1	45167236	47257261	ASD	0.000272111	0.000438267	FALSE	0.286637
42	1	47257262	48105233	SCZ	0.000136888	0.000219241	FALSE	0.171983
43	1	48105234	49185414	SCZ	0.000842518	0.00134938	FALSE	1.75349e-05
44	1	49185415	51777577	SCZ	0.000453042	0.000725596	FALSE	0.00316583
45	1	51777578	53114186	ASD	0.000445435	0.000717425	FALSE	0.119028
45	1	51777578	53114186	SCZ	0.000106001	0.000169771	FALSE	0.20981
46	1	53114187	54771293	ASD	0.000260744	0.000419959	FALSE	0.335136
46	1	53114187	54771293	SCZ	0.000844022	0.00135179	FALSE	0.000289734
47	1	54771294	55727134	SCZ	0.000108364	0.000173557	FALSE	0.300673
48	1	55727135	56799636	ASD	0.000975046	0.00157042	FALSE	0.0299114
48	1	55727135	56799636	SCZ	0.000801178	0.00128317	FALSE	2.68194e-05
49	1	56799637	57529670	ASD	9.32903e-06	1.50255e-05	FALSE	0.47939
49	1	56799637	57529670	SCZ	0.000441494	0.0007071	FALSE	0.00565624
50	1	57529671	58387483	ASD	0.000429262	0.000691377	FALSE	0.181102
50	1	57529671	58387483	SCZ	0.000265332	0.000424958	FALSE	0.0645718
51	1	58387484	59889045	SCZ	0.000523923	0.00083912	FALSE	0.00970607
52	1	59889046	61377615	ASD	0.000930196	0.00149819	FALSE	0.0588268
52	1	59889046	61377615	SCZ	0.00111271	0.00178213	FALSE	8.56382e-07
53	1	61377616	62778733	SCZ	0.000595766	0.000954184	FALSE	0.00736777
54	1	62778734	64344226	SCZ	0.000121639	0.000194819	FALSE	0.276705
55	1	64344227	65894184	ASD	0.000569844	0.000917799	FALSE	0.16099
55	1	64344227	65894184	SCZ	0.00041452	0.000663899	FALSE	0.0258639
56	1	65894185	66778015	ASD	0.000810396	0.00130524	FALSE	0.0216631
56	1	65894185	66778015	SCZ	0.000462539	0.000740806	FALSE	0.00102769
57	1	66778016	67761890	ASD	0.000593027	0.000955138	FALSE	0.0977706
57	1	66778016	67761890	SCZ	0.000193174	0.000309389	FALSE	0.117773
58	1	67761891	68633860	ASD	0.000290565	0.000467989	FALSE	0.266689
58	1	67761891	68633860	SCZ	0.00091189	0.00146049	FALSE	1.56089e-06
59	1	68633861	69438909	SCZ	0.000167559	0.000268364	FALSE	0.128161
60	1	69438910	70992905	SCZ	0.000995927	0.00159509	FALSE	4.3565e-06
61	1	70992906	72513119	SCZ	0.00092406	0.00147998	FALSE	1.6359e-06
62	1	72513120	73992170	ASD	0.000294224	0.000473882	FALSE	0.214549
62	1	72513120	73992170	SCZ	0.000604086	0.00096751	FALSE	5.36324e-05
63	1	73992171	75132092	SCZ	0.000702063	0.00112443	FALSE	9.62942e-06
64	1	75132093	76097247	ASD	0.000287562	0.000463152	FALSE	0.209087
64	1	75132093	76097247	SCZ	0.000312713	0.000500845	FALSE	0.0121214
65	1	76097248	76977915	ASD	0.000154194	0.000248347	FALSE	0.351297
65	1	76097248	76977915	SCZ	0.000443859	0.000710889	FALSE	0.00409937
66	1	76977916	77895394	SCZ	0.000238286	0.000381641	FALSE	0.0730168
67	1	77895395	79065286	SCZ	0.000111697	0.000178895	FALSE	0.230105
68	1	79065287	80099353	ASD	0.000107428	0.000173026	FALSE	0.384555
68	1	79065287	80099353	SCZ	0.000183003	0.000293099	FALSE	0.10963
69	1	80099354	80781442	SCZ	0.000119978	0.000192158	FALSE	0.164012
70	1	80781443	82123368	SCZ	0.000423775	0.000678722	FALSE	0.0285226
71	1	82123369	83461215	SCZ	0.000330022	0.000528566	FALSE	0.0473935
72	1	83461216	84728347	ASD	0.000417573	0.00067255	FALSE	0.187799
72	1	83461216	84728347	SCZ	0.000549479	0.000880051	FALSE	0.00138947
73	1	84728348	86017267	ASD	0.000584336	0.000941141	FALSE	0.158074
73	1	84728348	86017267	SCZ	0.000497648	0.000797038	FALSE	0.0112923
74	1	86017268	86761554	ASD	5.65515e-05	9.10828e-05	FALSE	0.430139
74	1	86017268	86761554	SCZ	0.000661643	0.00105969	FALSE	2.65577e-05
75	1	86761555	87667572	ASD	0.000501613	0.000807906	FALSE	0.0985018
76	1	87667573	88656689	ASD	9.19377e-05	0.000148076	FALSE	0.422477
76	1	87667573	88656689	SCZ	0.000259973	0.000416375	FALSE	0.0944291
77	1	88656690	89753964	ASD	0.000238886	0.000384754	FALSE	0.281489
77	1	88656690	89753964	SCZ	0.000129686	0.000207707	FALSE	0.196729
78	1	89753965	90941549	ASD	0.000661014	0.00106464	FALSE	0.108156
78	1	89753965	90941549	SCZ	0.00055034	0.00088143	FALSE	0.00317495
79	1	90941550	91870059	SCZ	0.000490064	0.000784891	FALSE	0.00330402
80	1	91870060	92904465	ASD	7.6884e-05	0.000123831	FALSE	0.425277
81	1	92904466	94168576	ASD	0.000165099	0.000265911	FALSE	0.330405
82	1	94168577	95122541	SCZ	0.000239054	0.000382871	FALSE	0.0849176
83	1	95122542	96147576	SCZ	0.000660865	0.00105845	FALSE	0.000409165
84	1	96147577	97721186	ASD	0.00120722	0.00194437	FALSE	0.0149142
84	1	96147577	97721186	SCZ	0.00108684	0.00174069	FALSE	2.52085e-07
85	1	97721187	99425000	ASD	0.00176766	0.00284703	FALSE	0.00209443
85	1	97721187	99425000	SCZ	0.00148396	0.00237672	FALSE	3.79527e-10
86	1	99425001	100269207	SCZ	0.000108918	0.000174444	FALSE	0.244406
87	1	100269208	101188315	SCZ	0.000253221	0.000405561	FALSE	0.0313378
88	1	101188316	102424611	SCZ	0.000793482	0.00127085	FALSE	5.59037e-05
89	1	102424612	103148412	SCZ	9.33931e-05	0.000149579	FALSE	0.220145
90	1	103148413	103784541	SCZ	0.000154942	0.000248156	FALSE	0.0592681
91	1	103784542	104984435	ASD	0.00056537	0.000910593	FALSE	0.0810556
91	1	103784542	104984435	SCZ	0.00038761	0.0006208	FALSE	0.00560826
92	1	104984436	106089656	ASD	0.00028871	0.000465002	FALSE	0.240903
92	1	104984436	106089656	SCZ	0.000118816	0.000190297	FALSE	0.211006
93	1	106089657	106864947	SCZ	0.000324907	0.000520373	FALSE	0.019966
94	1	106864948	107874653	SCZ	1.70778e-05	2.73519e-05	FALSE	0.446833
95	1	107874654	109271449	ASD	0.00101405	0.00163324	FALSE	0.0370093
95	1	107874654	109271449	SCZ	0.000341939	0.000547653	FALSE	0.0456971
96	1	109271450	110224230	ASD	0.00031705	0.000510646	FALSE	0.257844
96	1	109271450	110224230	SCZ	0.000284241	0.000455242	FALSE	0.0608673
97	1	110224231	111134062	ASD	0.000329945	0.000531415	FALSE	0.264593
97	1	110224231	111134062	SCZ	1.09303e-05	1.75061e-05	FALSE	0.466913
98	1	111134063	112489248	ASD	0.000919215	0.0014805	FALSE	0.0779666
98	1	111134063	112489248	SCZ	0.000942356	0.00150929	FALSE	6.84733e-05
99	1	112489249	113418037	ASD	9.41289e-05	0.000151606	FALSE	0.416221
99	1	112489249	113418037	SCZ	0.000226187	0.000362263	FALSE	0.110389
100	1	113418038	114664387	SCZ	0.000328404	0.000525975	FALSE	0.0349111
101	1	114664388	116207297	SCZ	0.00149689	0.00239744	FALSE	5.42584e-10
102	1	116207298	117046311	SCZ	0.000304448	0.000487607	FALSE	0.0375531
103	1	117046312	118118667	SCZ	0.000352934	0.000565262	FALSE	0.0306069
104	1	118118668	119408888	SCZ	0.000444128	0.000711319	FALSE	0.00776818
106	1	120345067	145803848	ASD	0.000134992	0.000217421	FALSE	0.286961
107	1	145803849	147083835	ASD	0.000217845	0.000350865	FALSE	0.249136
107	1	145803849	147083835	SCZ	9.17559e-05	0.000146957	FALSE	0.217159
108	1	147083836	149716037	ASD	0.000542022	0.00087299	FALSE	0.0521221
108	1	147083836	149716037	SCZ	2.35825e-05	3.77699e-05	FALSE	0.402691
109	1	149716038	151146407	SCZ	0.000498161	0.00079786	FALSE	0.000666574
110	1	151146408	152535630	SCZ	0.000383001	0.000613419	FALSE	0.0184481
111	1	152535631	153410809	SCZ	0.000133061	0.000213112	FALSE	0.163614
112	1	153410810	154685545	ASD	0.000817367	0.00131647	FALSE	0.050476
112	1	153410810	154685545	SCZ	0.000252873	0.000405004	FALSE	0.0766545
113	1	154685546	156813845	SCZ	0.0010529	0.00168634	FALSE	3.01333e-05
114	1	156813846	158081627	SCZ	0.000416426	0.000666952	FALSE	0.0286213
115	1	158081628	158900369	SCZ	0.000175747	0.000281479	FALSE	0.125405
116	1	158900370	159882515	ASD	0.000679813	0.00109492	FALSE	0.0759486
116	1	158900370	159882515	SCZ	0.000594671	0.00095243	FALSE	0.000557302
117	1	159882516	161054076	ASD	0.00147028	0.00236805	FALSE	0.00629838
117	1	159882516	161054076	SCZ	0.000155413	0.000248911	FALSE	0.217434
118	1	161054077	161945442	ASD	0.00100836	0.00162408	FALSE	0.0150452
119	1	161945443	163141862	SCZ	9.56387e-05	0.000153176	FALSE	0.323309
120	1	163141863	163854567	ASD	0.000341935	0.000550726	FALSE	0.18021
120	1	163141863	163854567	SCZ	0.000252838	0.000404948	FALSE	0.0362455
121	1	163854568	164726579	ASD	0.000143926	0.000231809	FALSE	0.361748
121	1	163854568	164726579	SCZ	0.000271233	0.00043441	FALSE	0.049175
122	1	164726580	165553812	ASD	0.000354567	0.000571071	FALSE	0.251967
122	1	164726580	165553812	SCZ	0.000454646	0.000728165	FALSE	0.0127703
123	1	165553813	166458031	SCZ	0.000518856	0.000831005	FALSE	0.00312752
124	1	166458032	167163954	ASD	0.000342414	0.000551497	FALSE	0.201818
124	1	166458032	167163954	SCZ	0.000581975	0.000932097	FALSE	0.000224256
125	1	167163955	168179086	SCZ	0.000490232	0.00078516	FALSE	0.00671842
126	1	168179087	169521551	SCZ	0.000230013	0.000368391	FALSE	0.139643
127	1	169521552	170193207	SCZ	0.000136164	0.000218082	FALSE	0.123479
128	1	170193208	171044255	SCZ	9.54517e-05	0.000152876	FALSE	0.247991
129	1	171044256	172465153	SCZ	0.000504538	0.000808074	FALSE	0.00447328
130	1	172465154	173582511	SCZ	0.000397161	0.000636096	FALSE	0.0154461
131	1	173582512	175385220	ASD	0.000958002	0.00154297	FALSE	0.0119969
131	1	173582512	175385220	SCZ	0.000493426	0.000790275	FALSE	0.000826221
132	1	175385221	176449096	SCZ	0.000555871	0.000890288	FALSE	0.000626179
133	1	176449097	177746472	SCZ	0.00101924	0.00163243	FALSE	1.64766e-07
134	1	177746473	178915113	SCZ	0.000739812	0.00118489	FALSE	2.12093e-05
135	1	178915114	180221608	SCZ	0.00017576	0.000281499	FALSE	0.140268
136	1	180221609	181324205	SCZ	0.000311266	0.000498526	FALSE	0.0380596
137	1	181324206	182420540	SCZ	0.000398318	0.00063795	FALSE	0.0221464
138	1	182420541	183920616	SCZ	0.000566398	0.000907148	FALSE	0.00283809
139	1	183920617	184953089	SCZ	0.000720059	0.00115325	FALSE	5.39858e-05
140	1	184953090	186179447	SCZ	0.000346146	0.000554391	FALSE	0.0196431
141	1	186179448	187072605	ASD	7.99562e-05	0.000128779	FALSE	0.402592
141	1	186179448	187072605	SCZ	0.000380644	0.000609643	FALSE	0.00474514
142	1	187072606	187757076	ASD	0.000689767	0.00111095	FALSE	0.0398449
142	1	187072606	187757076	SCZ	0.00068338	0.00109451	FALSE	6.08536e-06
143	1	187757077	188625772	SCZ	0.000181256	0.000290301	FALSE	0.0759784
144	1	188625773	189904637	SCZ	0.000458968	0.000735087	FALSE	0.000568806
145	1	189904638	191419275	ASD	0.000616643	0.000993175	FALSE	0.083158
145	1	189904638	191419275	SCZ	0.000358158	0.000573629	FALSE	0.0148343
146	1	191419276	192468373	SCZ	0.000105284	0.000168624	FALSE	0.234719
147	1	192468374	193575516	SCZ	0.000344564	0.000551857	FALSE	0.0174305
148	1	193575517	194365688	ASD	0.000382875	0.000616664	FALSE	0.14882
148	1	193575517	194365688	SCZ	0.000375386	0.000601222	FALSE	0.00474987
149	1	194365689	195161235	SCZ	7.76826e-05	0.000124417	FALSE	0.243564
150	1	195161236	196179110	SCZ	0.000264354	0.000423391	FALSE	0.0462009
151	1	196179111	197935821	SCZ	0.000566406	0.000907162	FALSE	0.000939795
152	1	197935822	199263389	ASD	0.00111954	0.00180316	FALSE	0.0165415
152	1	197935822	199263389	SCZ	0.000716946	0.00114827	FALSE	0.00013972
153	1	199263390	200134005	SCZ	0.000371691	0.000595304	FALSE	0.0108468
154	1	200134006	201067952	ASD	0.000492471	0.000793181	FALSE	0.14601
154	1	200134006	201067952	SCZ	0.00111681	0.0017887	FALSE	6.12014e-09
155	1	201067953	202583884	SCZ	0.000295358	0.000473047	FALSE	0.121798
156	1	202583885	204092537	SCZ	0.000295392	0.000473102	FALSE	0.103863
157	1	204092538	205009623	SCZ	0.00108927	0.00174459	FALSE	1.74267e-07
158	1	205009624	205917548	SCZ	0.000477479	0.000764735	FALSE	0.00720881
159	1	205917549	208162951	SCZ	0.000615205	0.000985318	FALSE	0.00470421
160	1	208162952	209711169	SCZ	0.000827635	0.00132555	FALSE	0.00107937
161	1	209711170	211082892	ASD	0.000174602	0.000281217	FALSE	0.376276
161	1	209711170	211082892	SCZ	0.000639364	0.00102401	FALSE	0.00240295
162	1	211082893	212347582	SCZ	0.000227392	0.000364193	FALSE	0.12091
163	1	212347583	213958292	ASD	0.000169345	0.000272751	FALSE	0.387253
163	1	212347583	213958292	SCZ	0.0006661	0.00106683	FALSE	0.00281847
164	1	213958293	214783872	SCZ	0.000495578	0.000793723	FALSE	0.00487882
165	1	214783873	215825791	SCZ	0.000423237	0.00067786	FALSE	0.00429451
166	1	215825792	216658126	ASD	0.000739078	0.00119037	FALSE	0.0656799
166	1	215825792	216658126	SCZ	0.000157161	0.00025171	FALSE	0.178942
167	1	216658127	217352165	SCZ	0.000132951	0.000212935	FALSE	0.215438
168	1	217352166	218563960	SCZ	0.000254517	0.000407637	FALSE	0.10168
169	1	218563961	220073132	ASD	0.000133143	0.000214443	FALSE	0.39193
169	1	218563961	220073132	SCZ	0.000485061	0.000776877	FALSE	0.00799103
170	1	220073133	220978151	ASD	0.000456918	0.000735919	FALSE	0.145781
170	1	220073133	220978151	SCZ	0.000235279	0.000376826	FALSE	0.0696199
171	1	220978152	221856864	ASD	2.85416e-05	4.59695e-05	FALSE	0.459098
171	1	220978152	221856864	SCZ	0.000291698	0.000467186	FALSE	0.0315293
172	1	221856865	222763597	ASD	0.000303557	0.000488914	FALSE	0.257794
172	1	221856865	222763597	SCZ	0.00026089	0.000417843	FALSE	0.0701729
174	1	223654903	224943337	ASD	0.00038507	0.000620201	FALSE	0.218342
174	1	223654903	224943337	SCZ	0.000823491	0.00131891	FALSE	1.97364e-05
175	1	224943338	226534711	ASD	0.00117562	0.00189348	FALSE	0.0191902
175	1	224943338	226534711	SCZ	0.00028959	0.000463811	FALSE	0.0727889
176	1	226534712	228045554	ASD	0.000978115	0.00157537	FALSE	0.0373143
176	1	226534712	228045554	SCZ	0.000801141	0.00128312	FALSE	6.12425e-05
177	1	228045555	229075156	SCZ	5.69265e-05	9.1174e-05	FALSE	0.352971
179	1	230227248	231287764	SCZ	0.000638014	0.00102185	FALSE	0.00427742
180	1	231287765	232177704	SCZ	0.000302613	0.000484669	FALSE	0.0497074
181	1	232177705	232954942	SCZ	0.000255957	0.000409943	FALSE	0.0942797
182	1	232954943	233639473	SCZ	0.00037468	0.000600091	FALSE	0.0127203
183	1	233639474	234365796	ASD	8.53443e-05	0.000137457	FALSE	0.420627
183	1	233639474	234365796	SCZ	0.000368029	0.000589438	FALSE	0.023621
184	1	234365797	235097113	SCZ	0.000451724	0.000723486	FALSE	0.0128369
185	1	235097114	236199671	SCZ	0.000426633	0.000683299	FALSE	0.00491061
186	1	236199672	237409458	ASD	0.000392489	0.000632149	FALSE	0.24596
186	1	236199672	237409458	SCZ	0.000340018	0.000544577	FALSE	0.0550418
187	1	237409459	238094455	ASD	0.000176365	0.000284057	FALSE	0.354605
187	1	237409459	238094455	SCZ	0.000643921	0.00103131	FALSE	0.000600742
188	1	238094456	238704857	SCZ	0.000593043	0.000949823	FALSE	6.36105e-05
189	1	238704858	239332148	ASD	0.00041463	0.00066781	FALSE	0.161988
189	1	238704858	239332148	SCZ	0.000584337	0.00093588	FALSE	0.00024015
190	1	239332149	240248508	ASD	5.03376e-05	8.10745e-05	FALSE	0.451763
190	1	239332149	240248508	SCZ	0.000788467	0.00126282	FALSE	7.82542e-05
191	1	240248509	241033584	ASD	0.000403816	0.000650392	FALSE	0.205051
191	1	240248509	241033584	SCZ	0.000334124	0.000535136	FALSE	0.0339517
192	1	241033585	241813534	SCZ	0.000562416	0.00090077	FALSE	0.00274475
193	1	241813535	242417923	ASD	7.6824e-05	0.000123734	FALSE	0.422706
193	1	241813535	242417923	SCZ	0.000126788	0.000203064	FALSE	0.218217
194	1	242417924	243048003	SCZ	0.000230972	0.000369927	FALSE	0.0777079
195	1	243048004	244723196	SCZ	0.00123717	0.00198146	FALSE	5.72899e-08
197	1	245970506	246610290	SCZ	0.000302395	0.000484318	FALSE	0.0162749
198	1	246610291	247531112	SCZ	0.000364313	0.000583487	FALSE	0.0361748
199	1	247531113	248341594	SCZ	0.000157284	0.000251908	FALSE	0.191685
201	2	10181	789195	SCZ	0.000272666	0.000436705	FALSE	0.0476914
202	2	789196	1376545	SCZ	0.000299365	0.000479466	FALSE	0.0152189
203	2	1376546	1875060	ASD	0.000551076	0.000887571	FALSE	0.112004
204	2	1875061	2680063	ASD	0.000449226	0.00072353	FALSE	0.195295
204	2	1875061	2680063	SCZ	0.000662138	0.00106049	FALSE	0.000596463
205	2	2680064	3314202	SCZ	0.000162544	0.000260331	FALSE	0.197074
207	2	4016105	4766969	SCZ	5.07816e-05	8.13322e-05	FALSE	0.358157
208	2	4766970	5568653	SCZ	0.000286346	0.000458615	FALSE	0.0306697
209	2	5568654	6306606	SCZ	0.000140323	0.000224743	FALSE	0.226367
210	2	6306607	7108208	SCZ	0.000304889	0.000488312	FALSE	0.0397638
211	2	7108209	7966709	ASD	0.000235908	0.000379957	FALSE	0.285604
211	2	7108209	7966709	SCZ	0.000630315	0.00100952	FALSE	0.000129494
212	2	7966710	8978798	SCZ	0.000631878	0.00101202	FALSE	0.000442867
213	2	8978799	9960670	SCZ	0.000288021	0.000461297	FALSE	0.0498506
214	2	9960671	10611654	SCZ	0.000200387	0.000320941	FALSE	0.145626
215	2	10611655	11230349	SCZ	0.000424925	0.000680563	FALSE	0.012439
216	2	11230350	11995765	SCZ	0.000165857	0.000265638	FALSE	0.165429
217	2	11995766	12732506	ASD	0.000445905	0.000718181	FALSE	0.21071
217	2	11995766	12732506	SCZ	0.000718959	0.00115149	FALSE	0.000453789
219	2	13625451	14692120	ASD	6.20695e-06	9.99702e-06	FALSE	0.482519
219	2	13625451	14692120	SCZ	0.00021175	0.00033914	FALSE	0.10602
220	2	14692121	15721703	ASD	0.000414808	0.000668096	FALSE	0.163663
220	2	14692121	15721703	SCZ	4.67467e-05	7.487e-05	FALSE	0.367285
221	2	15721704	17241115	SCZ	0.000462027	0.000739987	FALSE	0.0276838
222	2	17241116	18656325	ASD	0.000517323	0.000833209	FALSE	0.186365
222	2	17241116	18656325	SCZ	0.000714937	0.00114505	FALSE	0.000726311
223	2	18656326	20064517	SCZ	0.000459653	0.000736185	FALSE	0.0241622
224	2	20064518	21084898	ASD	0.000395152	0.000636438	FALSE	0.244856
224	2	20064518	21084898	SCZ	0.000319829	0.000512241	FALSE	0.0660677
225	2	21084899	22429640	SCZ	0.000683404	0.00109455	FALSE	0.00017044
226	2	22429641	23538527	ASD	0.000429157	0.000691207	FALSE	0.219093
226	2	22429641	23538527	SCZ	0.000513904	0.000823074	FALSE	0.00767906
227	2	23538528	24669224	SCZ	0.000712371	0.00114094	FALSE	0.000165777
228	2	24669225	25895394	SCZ	0.000589146	0.000943581	FALSE	0.00111173
229	2	25895395	26894102	SCZ	0.000133961	0.000214553	FALSE	0.218612
230	2	26894103	28819510	SCZ	0.00102683	0.00164459	FALSE	4.28317e-06
231	2	28819511	29627932	SCZ	0.000492902	0.000789436	FALSE	0.00516447
232	2	29627933	30575619	ASD	3.29172e-06	5.30169e-06	FALSE	0.487062
232	2	29627933	30575619	SCZ	0.000211054	0.000338026	FALSE	0.140551
233	2	30575620	31457418	ASD	0.000724082	0.00116622	FALSE	0.0878327
233	2	30575620	31457418	SCZ	0.000269608	0.000431806	FALSE	0.0803199
234	2	31457419	33123604	SCZ	0.00060831	0.000974275	FALSE	0.00288857
235	2	33123605	33735318	ASD	0.000376117	0.000605781	FALSE	0.22097
235	2	33123605	33735318	SCZ	0.000346675	0.000555238	FALSE	0.0305847
236	2	33735319	34239776	ASD	0.000238991	0.000384923	FALSE	0.264468
236	2	33735319	34239776	SCZ	0.00029763	0.000476686	FALSE	0.0230029
237	2	34239777	34890558	ASD	0.000376396	0.00060623	FALSE	0.185567
237	2	34239777	34890558	SCZ	0.000135214	0.00021656	FALSE	0.185395
238	2	34890559	35609257	SCZ	0.000197776	0.00031676	FALSE	0.0926619
239	2	35609258	36120743	SCZ	0.000379914	0.000608474	FALSE	0.00249823
240	2	36120744	36867389	SCZ	0.000445979	0.000714284	FALSE	0.00889562
241	2	36867390	37603360	SCZ	0.000815121	0.00130551	FALSE	1.13197e-05
242	2	37603361	38887393	ASD	0.000820222	0.00132106	FALSE	0.0989012
242	2	37603361	38887393	SCZ	0.00101461	0.00162502	FALSE	1.90088e-05
243	2	38887394	40087418	SCZ	0.000428269	0.000685919	FALSE	0.0125704
244	2	40087419	40786176	SCZ	0.00055109	0.000882631	FALSE	0.0029394
245	2	40786177	41540439	ASD	0.000209347	0.000337178	FALSE	0.306025
245	2	40786177	41540439	SCZ	1.24106e-05	1.98769e-05	FALSE	0.455122
246	2	41540440	42307418	SCZ	0.000548378	0.000878288	FALSE	0.00120321
247	2	42307419	43295776	ASD	7.3859e-05	0.000118958	FALSE	0.435274
248	2	43295777	44104110	SCZ	0.000172983	0.000277051	FALSE	0.16018
249	2	44104111	45189468	SCZ	7.20387e-05	0.000115378	FALSE	0.349731
250	2	45189469	45850047	SCZ	0.000458616	0.000734524	FALSE	0.013014
251	2	45850048	46499326	SCZ	0.000531674	0.000851534	FALSE	0.0103788
252	2	46499327	47320114	SCZ	0.000331778	0.000531378	FALSE	0.0568745
253	2	47320115	48171058	SCZ	0.000213025	0.000341183	FALSE	0.160163
254	2	48171059	49114132	SCZ	0.00049864	0.000798627	FALSE	0.00441643
255	2	49114133	49849185	SCZ	1.16203e-05	1.86112e-05	FALSE	0.461846
256	2	49849186	50756240	SCZ	0.000340961	0.000546086	FALSE	0.0266534
257	2	50756241	51669493	ASD	0.000310217	0.000499641	FALSE	0.259086
257	2	50756241	51669493	SCZ	0.00030475	0.000488091	FALSE	0.0477174
258	2	51669494	52494111	ASD	0.000217042	0.000349571	FALSE	0.321651
258	2	51669494	52494111	SCZ	0.000462935	0.000741442	FALSE	0.00674881
259	2	52494112	53032976	ASD	0.000720086	0.00115978	FALSE	0.0301934
259	2	52494112	53032976	SCZ	0.000205672	0.000329406	FALSE	0.0626654
260	2	53032977	53852120	SCZ	2.57019e-05	4.11644e-05	FALSE	0.433675
261	2	53852121	54688234	SCZ	0.000612015	0.000980208	FALSE	0.000260053
262	2	54688235	55663336	SCZ	0.000418753	0.000670679	FALSE	0.0151838
263	2	55663337	56394698	ASD	2.81266e-05	4.53011e-05	FALSE	0.460625
263	2	55663337	56394698	SCZ	0.000478066	0.000765674	FALSE	0.00211515
264	2	56394699	57433653	SCZ	0.000508294	0.000814088	FALSE	0.00366709
265	2	57433654	57952945	SCZ	0.00055067	0.000881959	FALSE	3.59192e-05
266	2	57952946	59251996	ASD	0.000828743	0.00133479	FALSE	0.0622306
266	2	57952946	59251996	SCZ	0.00160116	0.00256443	FALSE	7.5125e-13
267	2	59251997	60775066	ASD	2.17691e-05	3.50616e-05	FALSE	0.479087
267	2	59251997	60775066	SCZ	0.00171598	0.00274833	FALSE	3.95638e-10
268	2	60775067	62429910	SCZ	0.000484773	0.000776417	FALSE	0.0126984
269	2	62429911	63672118	SCZ	0.000539327	0.000863791	FALSE	0.00277674
270	2	63672119	64696089	ASD	0.000636607	0.00102533	FALSE	0.0823728
270	2	63672119	64696089	SCZ	9.25111e-05	0.000148167	FALSE	0.276069
271	2	64696090	65938002	SCZ	0.000442437	0.000708611	FALSE	0.0214251
272	2	65938003	67224027	SCZ	0.000210909	0.000337793	FALSE	0.152759
273	2	67224028	67979828	ASD	0.000749498	0.00120715	FALSE	0.0652754
273	2	67224028	67979828	SCZ	0.000622915	0.000997666	FALSE	0.000475086
274	2	67979829	68877774	SCZ	0.000433388	0.000694118	FALSE	0.00771057
275	2	68877775	70756283	SCZ	0.000674932	0.00108098	FALSE	0.00214783
276	2	70756284	71385813	SCZ	0.000363264	0.000581808	FALSE	0.0227125
277	2	71385814	72160302	SCZ	0.000189101	0.000302866	FALSE	0.145546
278	2	72160303	73544290	SCZ	0.000710316	0.00113765	FALSE	4.95392e-05
279	2	73544291	75148103	ASD	0.000691614	0.00111392	FALSE	0.0987721
279	2	73544291	75148103	SCZ	0.000486923	0.00077986	FALSE	0.00742619
280	2	75148104	75942397	SCZ	7.70732e-05	0.000123441	FALSE	0.325587
281	2	75942398	76649030	SCZ	0.000387532	0.000620675	FALSE	0.00383367
283	2	77372831	78080057	ASD	0.000208209	0.000335345	FALSE	0.318854
283	2	77372831	78080057	SCZ	0.000377018	0.000603836	FALSE	0.0158277
284	2	78080058	79019676	ASD	7.88054e-05	0.000126925	FALSE	0.412574
284	2	78080058	79019676	SCZ	0.000478316	0.000766076	FALSE	0.00175699
285	2	79019677	79900055	ASD	0.000315626	0.000508353	FALSE	0.272466
285	2	79019677	79900055	SCZ	0.000829143	0.00132796	FALSE	4.16659e-05
286	2	79900056	80737811	ASD	0.000564962	0.000909937	FALSE	0.156664
286	2	79900056	80737811	SCZ	0.000936419	0.00149978	FALSE	1.20795e-05
287	2	80737812	81623357	SCZ	0.00031776	0.000508927	FALSE	0.0211015
288	2	81623358	82941455	SCZ	0.000597702	0.000957285	FALSE	6.98458e-05
289	2	82941456	84395899	SCZ	0.00030064	0.000481507	FALSE	0.0251437
290	2	84395900	85992794	SCZ	0.000644242	0.00103182	FALSE	0.00223882
291	2	85992795	86867032	ASD	0.000384577	0.000619405	FALSE	0.143905
291	2	85992795	86867032	SCZ	0.000311892	0.000499529	FALSE	0.012071
292	2	86867033	88547312	ASD	0.000650408	0.00104756	FALSE	0.0416311
292	2	86867033	88547312	SCZ	0.000239249	0.000383183	FALSE	0.038309
293	2	88547313	91860961	ASD	0.000595464	0.000959063	FALSE	0.0236358
293	2	88547313	91860961	SCZ	0.00017918	0.000286977	FALSE	0.0454699
294	2	91860962	97339301	SCZ	0.000349942	0.000560471	FALSE	0.00822379
295	2	97339302	98989360	SCZ	0.000443979	0.000711082	FALSE	0.00192735
296	2	98989361	100202436	SCZ	0.00015698	0.000251421	FALSE	0.133722
297	2	100202437	101556799	SCZ	0.000369085	0.00059113	FALSE	0.0235389
298	2	101556800	102494487	SCZ	0.000189205	0.000303032	FALSE	0.135241
299	2	102494488	103305257	ASD	0.000371713	0.000598688	FALSE	0.168662
299	2	102494488	103305257	SCZ	0.000266308	0.000426522	FALSE	0.0337118
300	2	103305258	105120578	ASD	0.000610092	0.000982623	FALSE	0.13766
300	2	103305258	105120578	SCZ	0.000946771	0.00151636	FALSE	9.74869e-06
301	2	105120579	106546524	ASD	0.00132649	0.00213647	FALSE	0.0209997
301	2	105120579	106546524	SCZ	0.000507698	0.000813134	FALSE	0.0152277
302	2	106546525	107412295	SCZ	0.000454778	0.000728376	FALSE	0.00750358
303	2	107412296	108417773	SCZ	0.000240152	0.000384629	FALSE	0.0741631
304	2	108417774	110097868	SCZ	0.000381011	0.000610231	FALSE	0.031661
305	2	110097869	112644828	SCZ	0.000296525	0.000474917	FALSE	0.0753651
306	2	112644829	113930668	SCZ	0.000161116	0.000258046	FALSE	0.168314
307	2	113930669	115203835	SCZ	0.000230934	0.000369867	FALSE	0.0828822
308	2	115203836	116415816	SCZ	0.000457273	0.000732373	FALSE	0.00733524
309	2	116415817	117822516	ASD	0.000367362	0.000591679	FALSE	0.194981
309	2	116415817	117822516	SCZ	1.14285e-05	1.83039e-05	FALSE	0.457446
310	2	117822517	118663653	SCZ	0.000234789	0.00037604	FALSE	0.0508558
311	2	118663654	119635489	SCZ	0.00082541	0.00132198	FALSE	2.09936e-05
312	2	119635490	121073752	SCZ	0.000825987	0.00132291	FALSE	9.67052e-05
313	2	121073753	122026817	ASD	0.00166768	0.002686	FALSE	0.00181269
313	2	121073753	122026817	SCZ	0.000512978	0.00082159	FALSE	0.00573013
314	2	122026818	123219243	ASD	0.000308252	0.000496475	FALSE	0.229563
314	2	122026818	123219243	SCZ	0.000233373	0.000373772	FALSE	0.0677336
315	2	123219244	123929872	SCZ	0.000198614	0.000318103	FALSE	0.0499493
316	2	123929873	124730991	SCZ	0.000199855	0.00032009	FALSE	0.0630596
317	2	124730992	125741528	SCZ	0.00111347	0.00178334	FALSE	2.32919e-08
318	2	125741529	126754027	SCZ	0.000244519	0.000391623	FALSE	0.044149
320	2	127895645	129486897	ASD	6.38834e-06	1.02892e-05	FALSE	0.486233
320	2	127895645	129486897	SCZ	0.000290543	0.000465336	FALSE	0.0919312
321	2	129486898	130485398	ASD	1.92396e-05	3.09877e-05	FALSE	0.47087
322	2	130485399	131760638	ASD	0.000234272	0.000377322	FALSE	0.26151
322	2	130485399	131760638	SCZ	6.50654e-05	0.000104209	FALSE	0.307657
323	2	131760639	132598285	ASD	0.000388999	0.000626528	FALSE	0.100011
323	2	131760639	132598285	SCZ	0.000172699	0.000276597	FALSE	0.0587894
325	2	133352951	134359059	SCZ	0.000536323	0.000858981	FALSE	0.0047637
326	2	134359060	135160197	SCZ	0.000632271	0.00101265	FALSE	0.000457245
327	2	135160198	137061003	ASD	0.000441094	0.000710433	FALSE	0.131605
327	2	135160198	137061003	SCZ	0.000302949	0.000485206	FALSE	0.0213591
328	2	137061004	138073791	ASD	0.000117174	0.000188722	FALSE	0.376032
328	2	137061004	138073791	SCZ	0.000307504	0.000492501	FALSE	0.0233662
329	2	138073792	139505819	SCZ	0.000538118	0.000861855	FALSE	0.00193917
330	2	139505820	140934531	ASD	0.000195917	0.000315547	FALSE	0.339562
330	2	139505820	140934531	SCZ	5.05203e-05	8.09138e-05	FALSE	0.37971
331	2	140934532	141802664	SCZ	0.000481424	0.000771053	FALSE	0.00214904
332	2	141802665	142494980	ASD	0.00073482	0.00118351	FALSE	0.0365677
332	2	141802665	142494980	SCZ	3.58226e-05	5.73738e-05	FALSE	0.386382
333	2	142494981	143259780	ASD	0.00114023	0.00183648	FALSE	0.0077817
333	2	142494981	143259780	SCZ	0.000251083	0.000402137	FALSE	0.0615572
334	2	143259781	144503688	ASD	0.000207098	0.000333555	FALSE	0.323403
334	2	143259781	144503688	SCZ	0.000267185	0.000427926	FALSE	0.0639187
335	2	144503689	145977920	SCZ	0.00104341	0.00167114	FALSE	8.57517e-07
336	2	145977921	147252196	SCZ	0.000804842	0.00128904	FALSE	1.53573e-05
337	2	147252197	149568875	ASD	7.00189e-05	0.000112774	FALSE	0.438539
337	2	147252197	149568875	SCZ	0.00153723	0.00246204	FALSE	9.78247e-12
338	2	149568876	151428988	SCZ	0.000480028	0.000768817	FALSE	0.0222277
339	2	151428989	152497375	SCZ	0.000452069	0.000724038	FALSE	0.00622716
340	2	152497376	153999309	ASD	0.000162329	0.00026145	FALSE	0.366807
340	2	152497376	153999309	SCZ	0.000594723	0.000952514	FALSE	0.00138254
341	2	153999310	155207969	ASD	0.000261452	0.000421098	FALSE	0.28359
341	2	153999310	155207969	SCZ	0.000250372	0.000400998	FALSE	0.0741612
342	2	155207970	156130947	SCZ	0.000451895	0.000723759	FALSE	0.00472115
343	2	156130948	157556096	ASD	0.000667091	0.00107443	FALSE	0.087726
343	2	156130948	157556096	SCZ	0.000827558	0.00132542	FALSE	1.16897e-05
344	2	157556097	159040979	ASD	0.000474255	0.000763842	FALSE	0.175141
344	2	157556097	159040979	SCZ	0.000441753	0.000707516	FALSE	0.0108588
345	2	159040980	160200379	ASD	0.000335345	0.000540113	FALSE	0.249638
345	2	159040980	160200379	SCZ	0.000283781	0.000454507	FALSE	0.0648315
346	2	160200380	161432089	SCZ	0.000967822	0.00155007	FALSE	2.13191e-07
347	2	161432090	163607635	SCZ	0.00113001	0.00180983	FALSE	1.77728e-07
348	2	163607636	164702312	SCZ	0.00034898	0.00055893	FALSE	0.017186
349	2	164702313	165917788	SCZ	0.000157609	0.000252428	FALSE	0.175628
350	2	165917789	167488576	SCZ	0.000788477	0.00126283	FALSE	7.00771e-05
351	2	167488577	168437445	SCZ	0.000355338	0.000569113	FALSE	0.0029366
352	2	168437446	169224445	ASD	0.000106897	0.00017217	FALSE	0.40407
352	2	168437446	169224445	SCZ	0.000339859	0.000544321	FALSE	0.0329827
353	2	169224446	170155561	ASD	0.000549406	0.000884882	FALSE	0.147451
353	2	169224446	170155561	SCZ	0.000408728	0.000654622	FALSE	0.0188345
354	2	170155562	170865765	ASD	0.000282046	0.000454268	FALSE	0.200875
354	2	170155562	170865765	SCZ	0.000136808	0.000219113	FALSE	0.133343
355	2	170865766	171566482	ASD	0.000221246	0.000356342	FALSE	0.326044
355	2	170865766	171566482	SCZ	3.13746e-05	5.02498e-05	FALSE	0.421888
356	2	171566483	172501315	SCZ	0.000183358	0.000293668	FALSE	0.115065
357	2	172501316	173287857	SCZ	0.000915218	0.00146582	FALSE	3.47075e-07
358	2	173287858	174118389	ASD	0.000340858	0.000548991	FALSE	0.216242
358	2	173287858	174118389	SCZ	0.00045025	0.000721125	FALSE	0.00424203
359	2	174118390	174927563	SCZ	0.000957993	0.00153433	FALSE	2.88613e-06
360	2	174927564	176734750	SCZ	0.00115161	0.00184443	FALSE	9.77364e-07
361	2	176734751	178149981	SCZ	0.000431661	0.000691353	FALSE	0.0303268
362	2	178149982	179224870	SCZ	0.000213191	0.000341448	FALSE	0.0721972
363	2	179224871	180336045	SCZ	0.000892248	0.00142903	FALSE	7.35683e-06
364	2	180336046	181309939	SCZ	0.000493175	0.000789874	FALSE	0.00453097
365	2	181309940	182307877	SCZ	0.000243622	0.000390187	FALSE	0.06894
366	2	182307878	183352290	ASD	0.000421304	0.000678559	FALSE	0.179041
366	2	182307878	183352290	SCZ	8.81603e-05	0.000141198	FALSE	0.291585
367	2	183352291	184148655	ASD	0.000225013	0.00036241	FALSE	0.278528
367	2	183352291	184148655	SCZ	0.000229972	0.000368325	FALSE	0.0603109
368	2	184148656	184866232	ASD	0.000562534	0.000906026	FALSE	0.0768333
368	2	184148656	184866232	SCZ	0.00075068	0.0012023	FALSE	1.47329e-06
369	2	184866233	186244920	ASD	0.000800202	0.00128882	FALSE	0.0355164
369	2	184866233	186244920	SCZ	0.000880811	0.00141072	FALSE	3.39701e-07
370	2	186244921	187498047	SCZ	0.000118913	0.000190453	FALSE	0.139528
371	2	187498048	188895310	ASD	0.000200114	0.000322306	FALSE	0.307228
372	2	188895311	189882702	SCZ	0.000137142	0.000219647	FALSE	0.132154
373	2	189882703	191051954	ASD	6.66366e-06	1.07326e-05	FALSE	0.478589
373	2	189882703	191051954	SCZ	0.000101369	0.000162353	FALSE	0.229519
374	2	191051955	193033982	ASD	0.000374378	0.000602979	FALSE	0.260185
374	2	191051955	193033982	SCZ	0.000292273	0.000468107	FALSE	0.087638
375	2	193033983	195300250	ASD	0.000487578	0.0007853	FALSE	0.162063
375	2	193033983	195300250	SCZ	0.00077204	0.00123651	FALSE	4.39567e-05
376	2	195300251	196446299	SCZ	0.000409248	0.000655455	FALSE	0.00388397
377	2	196446300	198140350	ASD	6.22691e-06	1.00292e-05	FALSE	0.483483
377	2	196446300	198140350	SCZ	0.000444485	0.000711892	FALSE	0.00915996
378	2	198140351	199654969	ASD	0.000156508	0.000252074	FALSE	0.343207
378	2	198140351	199654969	SCZ	0.00103847	0.00166322	FALSE	4.22182e-09
379	2	199654970	201324132	ASD	2.09558e-05	3.37518e-05	FALSE	0.471976
379	2	199654970	201324132	SCZ	0.00153821	0.00246362	FALSE	8.49097e-13
380	2	201324133	202504862	ASD	0.000281978	0.000454158	FALSE	0.257344
380	2	201324133	202504862	SCZ	0.00076028	0.00121767	FALSE	1.31819e-05
381	2	202504863	203639686	SCZ	0.000660286	0.00105752	FALSE	0.000182792
382	2	203639687	205038119	SCZ	0.00010112	0.000161954	FALSE	0.255344
383	2	205038120	206821199	ASD	0.00130821	0.00210703	FALSE	0.0411257
383	2	205038120	206821199	SCZ	0.000810284	0.00129776	FALSE	0.00172759
384	2	206821200	207726594	SCZ	0.000313331	0.000501833	FALSE	0.0363906
385	2	207726595	208674588	ASD	0.000500667	0.000806382	FALSE	0.165988
385	2	207726595	208674588	SCZ	0.000626781	0.00100386	FALSE	0.000873459
386	2	208674589	209940230	ASD	0.000288585	0.000464799	FALSE	0.286205
386	2	208674589	209940230	SCZ	0.00043179	0.000691559	FALSE	0.0149915
387	2	209940231	210842457	SCZ	0.000327152	0.00052397	FALSE	0.00747943
388	2	210842458	212520453	SCZ	0.000370055	0.000592683	FALSE	0.0406762
389	2	212520454	213194362	SCZ	0.000614442	0.000984096	FALSE	0.000180678
390	2	213194363	214044566	SCZ	0.000530985	0.000850431	FALSE	0.00216469
391	2	214044567	215002484	ASD	0.000359566	0.000579122	FALSE	0.160548
391	2	214044567	215002484	SCZ	0.00018581	0.000297595	FALSE	0.0822377
392	2	215002485	215899570	ASD	0.000632131	0.00101812	FALSE	0.0904131
392	2	215002485	215899570	SCZ	0.000627758	0.00100542	FALSE	0.000333962
393	2	215899571	217566011	ASD	0.000334268	0.000538378	FALSE	0.308936
393	2	215899571	217566011	SCZ	0.000587756	0.000941355	FALSE	0.0113821
394	2	217566012	218396258	ASD	0.000346064	0.000557376	FALSE	0.226651
394	2	217566012	218396258	SCZ	0.000294077	0.000470996	FALSE	0.04533
395	2	218396259	219678783	SCZ	0.000432155	0.000692144	FALSE	0.00967536
396	2	219678784	220771552	SCZ	0.000417827	0.000669196	FALSE	0.015303
397	2	220771553	221445191	ASD	0.000731955	0.0011789	FALSE	0.046359
397	2	220771553	221445191	SCZ	0.000451178	0.00072261	FALSE	0.00272868
398	2	221445192	222327713	ASD	0.000144607	0.000232906	FALSE	0.370135
398	2	221445192	222327713	SCZ	0.000276596	0.000442998	FALSE	0.0562225
399	2	222327714	223353965	ASD	0.000377847	0.000608567	FALSE	0.222021
399	2	222327714	223353965	SCZ	0.000238907	0.000382635	FALSE	0.094687
400	2	223353966	224123079	ASD	0.000157922	0.000254352	FALSE	0.337965
400	2	223353966	224123079	SCZ	0.000145564	0.000233137	FALSE	0.158012
401	2	224123080	224938731	SCZ	0.000330081	0.000528661	FALSE	0.028601
402	2	224938732	226242842	ASD	0.000563109	0.000906952	FALSE	0.137103
402	2	224938732	226242842	SCZ	0.000823583	0.00131906	FALSE	2.55661e-05
403	2	226242843	227557841	ASD	0.000432159	0.000696042	FALSE	0.188625
403	2	226242843	227557841	SCZ	0.000657657	0.00105331	FALSE	0.000319448
404	2	227557842	228812485	ASD	1.58634e-05	2.55498e-05	FALSE	0.478347
404	2	227557842	228812485	SCZ	0.000376648	0.000603243	FALSE	0.0345074
405	2	228812486	229764918	SCZ	0.000377338	0.000604348	FALSE	0.0146214
406	2	229764919	230541092	SCZ	0.000488211	0.000781924	FALSE	0.00511821
407	2	230541093	231847386	SCZ	0.000267954	0.000429157	FALSE	0.117731
408	2	231847387	233352722	ASD	0.000288487	0.000464641	FALSE	0.304682
408	2	231847387	233352722	SCZ	0.000143458	0.000229764	FALSE	0.24258
409	2	233352723	234115092	ASD	0.000266963	0.000429975	FALSE	0.280577
409	2	233352723	234115092	SCZ	0.000683324	0.00109442	FALSE	0.000131476
410	2	234115093	234945577	SCZ	0.000258186	0.000413513	FALSE	0.070987
411	2	234945578	235625789	ASD	0.000746711	0.00120266	FALSE	0.0816203
411	2	234945578	235625789	SCZ	0.00027096	0.000433972	FALSE	0.0788397
412	2	235625790	236276287	SCZ	4.62482e-05	7.40716e-05	FALSE	0.388145
413	2	236276288	237194297	SCZ	9.88068e-05	0.00015825	FALSE	0.283928
414	2	237194298	238185482	SCZ	0.000277647	0.000444682	FALSE	0.066537
415	2	238185483	238814630	SCZ	0.000397617	0.000636827	FALSE	0.00914213
416	2	238814631	239634350	SCZ	0.000247285	0.000396054	FALSE	0.0785436
417	2	239634351	240325600	ASD	0.000966511	0.00155668	FALSE	0.0358442
418	2	240325601	241113279	ASD	0.00124776	0.00200966	FALSE	0.0172503
418	2	240325601	241113279	SCZ	0.000497985	0.000797578	FALSE	0.00947027
419	2	241113280	241910366	ASD	0.000142459	0.000229447	FALSE	0.389414
419	2	241113280	241910366	SCZ	0.000575226	0.000921288	FALSE	0.00315207
420	2	241910367	243188366	SCZ	0.000259258	0.00041523	FALSE	0.0743749
421	3	60197	795746	SCZ	0.0004614	0.000738983	FALSE	0.0106865
422	3	795747	1440048	SCZ	0.000451922	0.000723802	FALSE	0.0145736
423	3	1440049	2140011	SCZ	0.000232783	0.000372828	FALSE	0.124567
424	3	2140012	3128152	SCZ	0.000865109	0.00138557	FALSE	0.000719579
425	3	3128153	4109393	SCZ	0.00132185	0.00211708	FALSE	8.75885e-08
426	3	4109394	4835083	SCZ	0.000420609	0.000673652	FALSE	0.0205537
427	3	4835084	5496182	SCZ	0.000819174	0.001312	FALSE	7.53604e-05
428	3	5496183	6421145	SCZ	9.9477e-05	0.000159323	FALSE	0.316485
429	3	6421146	7529554	SCZ	0.000425593	0.000681633	FALSE	0.0188022
430	3	7529555	8664892	ASD	0.000470064	0.000757092	FALSE	0.225253
430	3	7529555	8664892	SCZ	3.51225e-05	5.62525e-05	FALSE	0.429383
431	3	8664893	9970731	SCZ	0.000434438	0.0006958	FALSE	0.0482314
432	3	9970732	11226367	SCZ	0.00110622	0.00177173	FALSE	1.03609e-05
433	3	11226368	11997658	SCZ	0.000785342	0.00125781	FALSE	3.10531e-05
434	3	11997659	12859209	SCZ	0.000401289	0.000642708	FALSE	0.00864584
435	3	12859210	14312007	SCZ	0.000641743	0.00102782	FALSE	0.00844582
436	3	14312008	15150876	ASD	0.000442496	0.000712691	FALSE	0.208716
436	3	14312008	15150876	SCZ	0.000380204	0.000608939	FALSE	0.031161
437	3	15150877	16084005	ASD	0.000118361	0.000190635	FALSE	0.383946
437	3	15150877	16084005	SCZ	0.00022519	0.000360667	FALSE	0.0848238
438	3	16084006	17182494	SCZ	0.00127732	0.00204577	FALSE	3.71576e-08
439	3	17182495	19030988	SCZ	0.00110166	0.00176442	FALSE	1.02721e-07
440	3	19030989	20754842	SCZ	0.000344857	0.000552326	FALSE	0.0467541
441	3	20754843	21790867	SCZ	0.000196953	0.000315441	FALSE	0.17564
442	3	21790868	22648001	SCZ	0.00049825	0.000798001	FALSE	0.0101076
444	3	23426045	24270189	ASD	0.000157504	0.000253678	FALSE	0.36199
444	3	23426045	24270189	SCZ	0.000527981	0.000845619	FALSE	0.00217262
445	3	24270190	25516193	SCZ	0.00140028	0.00224269	FALSE	3.80656e-08
446	3	25516194	26905340	SCZ	0.000307511	0.000492512	FALSE	0.0597345
447	3	26905341	27614908	ASD	6.53062e-06	1.05183e-05	FALSE	0.475057
447	3	26905341	27614908	SCZ	0.000158137	0.000253273	FALSE	0.0987408
448	3	27614909	28649810	SCZ	0.000476671	0.00076344	FALSE	0.00398146
449	3	28649811	29877022	SCZ	0.00102836	0.00164703	FALSE	2.03957e-05
450	3	29877023	31269697	ASD	3.80206e-05	6.12366e-05	FALSE	0.467368
450	3	29877023	31269697	SCZ	0.00141598	0.00226785	FALSE	1.84666e-08
451	3	31269698	32378805	ASD	5.91926e-05	9.53366e-05	FALSE	0.449951
451	3	31269698	32378805	SCZ	0.000522121	0.000836233	FALSE	0.00839127
452	3	32378806	33020868	SCZ	0.000235362	0.000376959	FALSE	0.0685949
453	3	33020869	33991869	ASD	5.7548e-05	9.26877e-05	FALSE	0.434525
453	3	33020869	33991869	SCZ	0.00055647	0.000891247	FALSE	0.00056939
454	3	33991870	35009559	ASD	0.000342997	0.000552436	FALSE	0.217477
454	3	33991870	35009559	SCZ	0.00121657	0.00194847	FALSE	1.40613e-10
455	3	35009560	35913033	ASD	8.14906e-05	0.00013125	FALSE	0.413393
455	3	35009560	35913033	SCZ	0.00048721	0.000780319	FALSE	0.00201031
456	3	35913034	36840136	SCZ	0.000601312	0.000963067	FALSE	0.000808369
457	3	36840137	38729767	ASD	5.28732e-05	8.51585e-05	FALSE	0.458771
457	3	36840137	38729767	SCZ	0.00109848	0.00175934	FALSE	7.61032e-06
458	3	38729768	39605996	SCZ	0.000436346	0.000698855	FALSE	0.00386705
459	3	39605997	40897627	SCZ	0.00015197	0.000243397	FALSE	0.168048
460	3	40897628	42301657	SCZ	0.000413197	0.00066178	FALSE	0.0149167
461	3	42301658	44141693	ASD	0.00130187	0.00209682	FALSE	0.0256892
461	3	42301658	44141693	SCZ	0.00106947	0.00171287	FALSE	1.25461e-05
462	3	44141694	45844191	ASD	0.00127438	0.00205254	FALSE	0.0157394
462	3	44141694	45844191	SCZ	0.00112511	0.00180199	FALSE	4.06886e-07
463	3	45844192	47588461	SCZ	0.000384971	0.000616573	FALSE	0.0184291
464	3	47588462	50387742	ASD	0.000133055	0.000214301	FALSE	0.371656
464	3	47588462	50387742	SCZ	0.000838297	0.00134262	FALSE	2.7082e-06
465	3	50387743	51953968	ASD	0.000580257	0.00093457	FALSE	0.0546711
465	3	50387743	51953968	SCZ	0.000733327	0.0011745	FALSE	5.85156e-07
466	3	51953969	54074844	ASD	0.00177274	0.0028552	FALSE	0.00360168
466	3	51953969	54074844	SCZ	0.00148259	0.00237452	FALSE	2.77828e-09
467	3	54074845	54892586	SCZ	0.000637175	0.00102051	FALSE	0.00115716
468	3	54892587	55616625	ASD	0.000743566	0.0011976	FALSE	0.0930442
468	3	54892587	55616625	SCZ	0.000379964	0.000608554	FALSE	0.0325556
469	3	55616626	56954878	ASD	0.000460739	0.000742073	FALSE	0.179242
469	3	55616626	56954878	SCZ	0.000926767	0.00148432	FALSE	2.64856e-06
470	3	56954879	58557718	SCZ	0.000390552	0.000625512	FALSE	0.0199556
471	3	58557719	59998583	SCZ	0.000790249	0.00126567	FALSE	0.000505298
472	3	59998584	60571139	SCZ	0.00103105	0.00165134	FALSE	8.28998e-07
473	3	60571140	61277587	SCZ	0.000534852	0.000856625	FALSE	0.00200333
474	3	61277588	62609818	SCZ	0.0012375	0.00198199	FALSE	3.53365e-06
475	3	62609819	63670803	SCZ	0.000503871	0.000807005	FALSE	0.00892767
476	3	63670804	64662373	ASD	0.000543562	0.000875469	FALSE	0.160675
476	3	63670804	64662373	SCZ	0.000868588	0.00139114	FALSE	2.87532e-05
477	3	64662374	65326751	ASD	9.79888e-05	0.000157822	FALSE	0.414776
477	3	64662374	65326751	SCZ	0.000540387	0.000865489	FALSE	0.00316149
478	3	65326752	66702084	SCZ	0.000175303	0.000280768	FALSE	0.228745
479	3	66702085	67454740	SCZ	0.000379945	0.000608523	FALSE	0.0124458
480	3	67454741	68319770	ASD	0.00102379	0.00164894	FALSE	0.0160926
480	3	67454741	68319770	SCZ	0.00023952	0.000383617	FALSE	0.0751135
481	3	68319771	69784969	ASD	0.000307872	0.000495864	FALSE	0.303988
481	3	68319771	69784969	SCZ	0.000751487	0.00120359	FALSE	0.000754087
482	3	69784970	71223281	ASD	0.000715775	0.00115284	FALSE	0.112237
482	3	69784970	71223281	SCZ	0.00123706	0.00198129	FALSE	8.03863e-08
483	3	71223282	72334704	SCZ	0.000860369	0.00137797	FALSE	0.000504088
484	3	72334705	73606612	SCZ	0.000292884	0.000469086	FALSE	0.102
485	3	73606613	74383137	ASD	0.000210539	0.000339097	FALSE	0.331197
485	3	73606613	74383137	SCZ	0.000304215	0.000487234	FALSE	0.0528404
486	3	74383138	75374967	SCZ	0.000302607	0.000484658	FALSE	0.0189082
487	3	75374968	76157470	ASD	0.000101991	0.000164269	FALSE	0.30947
488	3	76157471	77507832	SCZ	0.000733014	0.001174	FALSE	0.00044479
489	3	77507833	79023360	SCZ	0.000590755	0.000946158	FALSE	0.00239408
490	3	79023361	80385708	ASD	0.000341567	0.000550134	FALSE	0.221383
490	3	79023361	80385708	SCZ	0.00052103	0.000834486	FALSE	0.00163162
491	3	80385709	81431496	ASD	0.000291151	0.000468933	FALSE	0.203241
491	3	80385709	81431496	SCZ	0.000504271	0.000807645	FALSE	0.00023864
492	3	81431497	82532742	ASD	5.05875e-05	8.1477e-05	FALSE	0.434806
492	3	81431497	82532742	SCZ	0.000698247	0.00111832	FALSE	8.80748e-06
493	3	82532743	83529394	ASD	0.000127194	0.000204861	FALSE	0.336941
494	3	83529395	84698480	SCZ	0.00026312	0.000421415	FALSE	0.0268476
495	3	84698481	85807679	SCZ	0.000373274	0.00059784	FALSE	0.0049707
496	3	85807680	86660979	ASD	5.76077e-05	9.27839e-05	FALSE	0.416588
496	3	85807680	86660979	SCZ	0.00030401	0.000486905	FALSE	0.0110554
497	3	86660980	87411258	ASD	3.72691e-05	6.00263e-05	FALSE	0.439311
497	3	86660980	87411258	SCZ	0.000177806	0.000284776	FALSE	0.076219
498	3	87411259	88375763	SCZ	0.00016645	0.000266587	FALSE	0.106976
499	3	88375764	89612939	SCZ	0.000176965	0.000283429	FALSE	0.107305
500	3	89612940	94250144	ASD	1.87749e-05	3.02392e-05	FALSE	0.460545
500	3	89612940	94250144	SCZ	7.12729e-05	0.000114151	FALSE	0.266185
501	3	94250145	95088587	SCZ	0.000144578	0.000231557	FALSE	0.0955296
502	3	95088588	96055532	SCZ	5.26989e-05	8.4403e-05	FALSE	0.301579
503	3	96055533	97351955	SCZ	0.000148277	0.000237482	FALSE	0.142194
504	3	97351956	98212868	SCZ	4.08244e-05	6.53847e-05	FALSE	0.367072
506	3	99045105	100552522	SCZ	0.000433851	0.00069486	FALSE	0.00614502
507	3	100552523	101906989	SCZ	0.000487706	0.000781114	FALSE	0.00265654
508	3	101906990	103450271	SCZ	0.00049899	0.000799187	FALSE	0.00170966
509	3	103450272	104116563	ASD	0.000181654	0.000292575	FALSE	0.303031
510	3	104116564	104878977	ASD	0.000304198	0.000489946	FALSE	0.203018
510	3	104116564	104878977	SCZ	0.000503851	0.000806972	FALSE	0.000376787
511	3	104878978	106174685	ASD	0.000392826	0.000632691	FALSE	0.225507
511	3	104878978	106174685	SCZ	0.000491905	0.00078784	FALSE	0.00723181
512	3	106174686	107736519	SCZ	0.00060512	0.000969165	FALSE	0.00402436
513	3	107736520	108638900	SCZ	0.000415356	0.000665239	FALSE	0.00461867
514	3	108638901	109519606	SCZ	0.000152547	0.000244321	FALSE	0.123218
515	3	109519607	110935508	SCZ	0.000142163	0.00022769	FALSE	0.16492
516	3	110935509	111693782	SCZ	0.000288949	0.000462783	FALSE	0.0302294
517	3	111693783	112408513	SCZ	6.72166e-05	0.000107655	FALSE	0.311474
518	3	112408514	113657665	SCZ	0.000410555	0.000657548	FALSE	0.0170621
519	3	113657666	115649909	SCZ	0.00119477	0.00191355	FALSE	2.1107e-06
520	3	115649910	116498570	SCZ	0.000215343	0.000344896	FALSE	0.0851009
521	3	116498571	117241644	SCZ	0.000261759	0.000419236	FALSE	0.0751242
522	3	117241645	118086929	SCZ	0.000559063	0.0008954	FALSE	0.000254748
523	3	118086930	118903053	ASD	7.8464e-05	0.000126375	FALSE	0.408805
523	3	118086930	118903053	SCZ	0.000175139	0.000280504	FALSE	0.113325
524	3	118903054	119759983	SCZ	0.000666982	0.00106824	FALSE	8.91755e-05
525	3	119759984	120574477	ASD	0.000272763	0.000439316	FALSE	0.266984
525	3	119759984	120574477	SCZ	0.00033569	0.000537644	FALSE	0.0240971
526	3	120574478	121362442	SCZ	0.000115061	0.000184282	FALSE	0.135615
527	3	121362443	122340832	SCZ	1.63629e-05	2.6207e-05	FALSE	0.443317
528	3	122340833	123518507	SCZ	0.000590995	0.000946544	FALSE	0.00099325
529	3	123518508	124823006	SCZ	0.000697917	0.00111779	FALSE	0.00053827
530	3	124823007	125475722	ASD	0.000111679	0.000179872	FALSE	0.368395
530	3	124823007	125475722	SCZ	0.000307417	0.000492362	FALSE	0.0145547
531	3	125475723	125992650	SCZ	0.000331116	0.000530319	FALSE	0.00506791
532	3	125992651	127495173	ASD	0.000474928	0.000764927	FALSE	0.216931
532	3	125992651	127495173	SCZ	0.000273176	0.000437521	FALSE	0.111131
533	3	127495174	129091975	SCZ	0.000862252	0.00138099	FALSE	2.23446e-05
534	3	129091976	130242360	SCZ	0.000296997	0.000475672	FALSE	0.030431
535	3	130242361	131373470	SCZ	0.000365877	0.000585992	FALSE	0.00904293
536	3	131373471	132124018	SCZ	8.71959e-06	1.39654e-05	FALSE	0.458372
537	3	132124019	132925967	SCZ	0.000130585	0.000209146	FALSE	0.164587
538	3	132925968	133718493	ASD	0.000206681	0.000332883	FALSE	0.334159
538	3	132925968	133718493	SCZ	0.000215343	0.000344895	FALSE	0.121211
539	3	133718494	135288394	ASD	0.000355905	0.000573226	FALSE	0.278815
539	3	133718494	135288394	SCZ	0.00036616	0.000586445	FALSE	0.0544473
540	3	135288395	137372141	ASD	0.000359407	0.000578866	FALSE	0.236536
540	3	135288395	137372141	SCZ	0.000640502	0.00102583	FALSE	0.000683244
541	3	137372142	138693846	ASD	7.02596e-05	0.000113161	FALSE	0.429784
542	3	138693847	139831267	ASD	0.000299892	0.000483012	FALSE	0.272206
543	3	139831268	141034637	ASD	0.00010656	0.000171627	FALSE	0.41501
543	3	139831268	141034637	SCZ	0.000372735	0.000596976	FALSE	0.0364646
544	3	141034638	141898978	SCZ	0.000283401	0.000453897	FALSE	0.0511272
545	3	141898979	142976707	SCZ	0.0007704	0.00123388	FALSE	2.34159e-05
546	3	142976708	144408821	SCZ	0.000407293	0.000652324	FALSE	0.0304687
548	3	145211908	145903838	SCZ	0.000261382	0.000418632	FALSE	0.0411415
549	3	145903839	147358243	SCZ	0.000591434	0.000947247	FALSE	0.00217867
550	3	147358244	148638308	ASD	0.000626657	0.0010093	FALSE	0.119554
550	3	147358244	148638308	SCZ	0.000334758	0.000536152	FALSE	0.0426673
551	3	148638309	149998411	SCZ	0.000445276	0.000713158	FALSE	0.0238738
553	3	151131308	151904021	SCZ	0.000125646	0.000201235	FALSE	0.196742
554	3	151904022	153406718	SCZ	0.00084151	0.00134777	FALSE	6.23279e-05
555	3	153406719	155046423	SCZ	0.000469407	0.000751807	FALSE	0.00879936
556	3	155046424	155928190	SCZ	0.000399712	0.000640182	FALSE	0.00455071
557	3	155928191	156795410	SCZ	0.00030863	0.000494304	FALSE	0.0239305
558	3	156795411	157633700	ASD	0.000291962	0.000470239	FALSE	0.226836
558	3	156795411	157633700	SCZ	0.000360523	0.000577418	FALSE	0.00907492
559	3	157633701	158460058	ASD	9.86832e-05	0.000158941	FALSE	0.345337
559	3	157633701	158460058	SCZ	0.000242318	0.000388099	FALSE	0.0129606
560	3	158460059	159478751	ASD	0.000321445	0.000517724	FALSE	0.234679
560	3	158460059	159478751	SCZ	0.000140966	0.000225773	FALSE	0.19255
561	3	159478752	160584961	SCZ	0.000506755	0.000811624	FALSE	0.000862841
562	3	160584962	161628883	ASD	0.000435903	0.000702072	FALSE	0.124481
562	3	160584962	161628883	SCZ	0.000729541	0.00116844	FALSE	1.76523e-06
563	3	161628884	162622604	ASD	0.000538765	0.000867743	FALSE	0.0764902
563	3	161628884	162622604	SCZ	0.000587498	0.000940942	FALSE	4.77217e-05
564	3	162622605	163250112	SCZ	0.000249509	0.000399616	FALSE	0.00228087
565	3	163250113	164037360	ASD	0.000137681	0.000221751	FALSE	0.301566
565	3	163250113	164037360	SCZ	0.000280618	0.00044944	FALSE	0.00643565
566	3	164037361	165054911	ASD	5.16266e-05	8.31506e-05	FALSE	0.429964
566	3	164037361	165054911	SCZ	0.00022895	0.000366688	FALSE	0.0490785
567	3	165054912	165936511	ASD	0.000154978	0.000249611	FALSE	0.314772
567	3	165054912	165936511	SCZ	3.11054e-05	4.98186e-05	FALSE	0.386161
568	3	165936512	167118893	ASD	0.000229703	0.000369964	FALSE	0.265884
568	3	165936512	167118893	SCZ	0.000223629	0.000358166	FALSE	0.0579241
569	3	167118894	168972662	ASD	0.000601269	0.000968414	FALSE	0.144696
569	3	167118894	168972662	SCZ	0.000484536	0.000776038	FALSE	0.0112257
570	3	168972663	170174578	SCZ	0.000237933	0.000381076	FALSE	0.112554
571	3	170174579	171134849	SCZ	0.000346693	0.000555268	FALSE	0.0320093
572	3	171134850	172004760	SCZ	0.000229899	0.000368208	FALSE	0.089519
573	3	172004761	173415591	SCZ	0.000667963	0.00106982	FALSE	0.00141041
574	3	173415592	174684707	SCZ	0.000307602	0.000492657	FALSE	0.0589123
575	3	174684708	175671424	ASD	0.000448405	0.000722208	FALSE	0.175834
575	3	174684708	175671424	SCZ	0.000377467	0.000604554	FALSE	0.0183557
576	3	175671425	176931163	SCZ	0.000655561	0.00104995	FALSE	0.000573265
577	3	176931164	178110322	SCZ	0.00057631	0.000923023	FALSE	0.00449252
578	3	178110323	179372165	SCZ	0.000458298	0.000734015	FALSE	0.00734326
579	3	179372166	181424323	ASD	0.00156198	0.00251575	FALSE	0.00480386
579	3	179372166	181424323	SCZ	0.00113744	0.00182173	FALSE	3.92123e-07
580	3	181424324	183203155	SCZ	0.000722564	0.00115727	FALSE	0.000388586
581	3	183203156	184524268	SCZ	0.000516573	0.000827348	FALSE	0.0178877
582	3	184524269	185709996	SCZ	0.00076103	0.00121887	FALSE	1.50611e-05
583	3	185709997	186602045	SCZ	0.000343661	0.000550411	FALSE	0.0532048
584	3	186602046	187939199	SCZ	0.000852042	0.00136464	FALSE	0.000702326
585	3	187939200	189451805	SCZ	0.000975928	0.00156305	FALSE	2.69864e-05
586	3	189451806	190591293	SCZ	0.000868951	0.00139172	FALSE	4.12866e-05
587	3	190591294	191229357	ASD	0.000342876	0.000552241	FALSE	0.166325
587	3	190591294	191229357	SCZ	0.000354442	0.000567677	FALSE	0.00509311
588	3	191229358	192049688	SCZ	0.000406602	0.000651217	FALSE	0.00897267
589	3	192049689	193122090	SCZ	0.000153012	0.000245066	FALSE	0.187349
590	3	193122091	194217140	SCZ	0.000463609	0.00074252	FALSE	0.0146127
591	3	194217141	195196789	SCZ	0.00061485	0.00098475	FALSE	0.00404558
593	3	195710291	196383152	SCZ	0.00040021	0.00064098	FALSE	0.0148763
594	3	196383153	197147990	SCZ	0.000575397	0.000921561	FALSE	0.00169291
595	3	197147991	197962380	SCZ	0.00025825	0.000413616	FALSE	0.0363629
596	4	10227	812415	ASD	0.00040888	0.000658548	FALSE	0.125512
596	4	10227	812415	SCZ	0.000319867	0.000512302	FALSE	0.00939119
597	4	812416	1529267	ASD	0.000225145	0.000362622	FALSE	0.285272
597	4	812416	1529267	SCZ	0.00025851	0.000414032	FALSE	0.0461567
598	4	1529268	2468935	ASD	0.00116901	0.00188282	FALSE	0.0119179
599	4	2468936	3549229	SCZ	0.000459541	0.000736005	FALSE	0.0126256
600	4	3549230	4266178	SCZ	0.000128464	0.000205749	FALSE	0.175688
601	4	4266179	5051834	SCZ	0.000392453	0.000628556	FALSE	0.0343952
602	4	5051835	5972709	ASD	0.000853906	0.00137532	FALSE	0.0840222
602	4	5051835	5972709	SCZ	0.000356776	0.000571415	FALSE	0.0553118
603	4	5972710	7135819	SCZ	0.000820091	0.00131347	FALSE	0.00123225
604	4	7135820	7726034	ASD	0.000557523	0.000897956	FALSE	0.203569
604	4	7135820	7726034	SCZ	0.000250933	0.000401896	FALSE	0.150566
605	4	7726035	8309826	SCZ	0.000516148	0.000826667	FALSE	0.00849426
606	4	8309827	8882616	SCZ	2.24309e-05	3.59256e-05	FALSE	0.424558
607	4	8882617	9482867	ASD	1.45921e-05	2.35023e-05	FALSE	0.392998
608	4	9482868	9916156	SCZ	3.96481e-05	6.35007e-05	FALSE	0.314184
609	4	9916157	10370666	ASD	0.000131491	0.000211782	FALSE	0.320962
609	4	9916157	10370666	SCZ	0.000153069	0.000245157	FALSE	0.0882662
610	4	10370667	11050119	SCZ	0.000216576	0.00034687	FALSE	0.0939176
611	4	11050120	12209028	SCZ	0.000275922	0.00044192	FALSE	0.0952438
612	4	12209029	13127576	ASD	0.000249331	0.000401576	FALSE	0.294982
612	4	12209029	13127576	SCZ	0.000506416	0.000811081	FALSE	0.00302264
613	4	13127577	14395886	SCZ	0.000615517	0.000985817	FALSE	0.00411441
614	4	14395887	14967147	ASD	0.000185143	0.000298194	FALSE	0.299895
614	4	14395887	14967147	SCZ	0.000193297	0.000309587	FALSE	0.079232
615	4	14967148	15910801	ASD	0.000510991	0.00082301	FALSE	0.141904
615	4	14967148	15910801	SCZ	0.000158573	0.000253972	FALSE	0.174117
616	4	15910802	17290236	SCZ	0.000328893	0.000526758	FALSE	0.0814005
617	4	17290237	18753263	ASD	1.55743e-05	2.50842e-05	FALSE	0.47781
617	4	17290237	18753263	SCZ	0.000440667	0.000705777	FALSE	0.0144979
618	4	18753264	20086838	SCZ	0.00105686	0.00169268	FALSE	3.18178e-08
619	4	20086839	21416380	ASD	0.000742674	0.00119616	FALSE	0.120768
619	4	20086839	21416380	SCZ	0.000731343	0.00117133	FALSE	0.00113021
620	4	21416381	22835185	SCZ	0.000205023	0.000328367	FALSE	0.148865
621	4	22835186	23858350	SCZ	0.000719296	0.00115203	FALSE	9.85052e-05
622	4	23858351	24764724	ASD	0.000258763	0.000416768	FALSE	0.313024
622	4	23858351	24764724	SCZ	0.00071137	0.00113934	FALSE	0.000458254
623	4	24764725	25832018	ASD	0.000948771	0.00152811	FALSE	0.0501673
623	4	24764725	25832018	SCZ	0.000793975	0.00127164	FALSE	0.000149804
624	4	25832019	27385580	SCZ	0.00113041	0.00181047	FALSE	4.10697e-06
625	4	27385581	28177792	SCZ	0.000247855	0.000396967	FALSE	0.0741391
626	4	28177793	28927438	SCZ	0.000278935	0.000446745	FALSE	0.0244534
627	4	28927439	29758399	SCZ	0.000134243	0.000215005	FALSE	0.163959
628	4	29758400	30455555	ASD	0.000231453	0.000372782	FALSE	0.25721
628	4	29758400	30455555	SCZ	0.000198531	0.000317969	FALSE	0.0748784
629	4	30455556	31395092	SCZ	0.000647429	0.00103693	FALSE	0.000117744
630	4	31395093	32260117	SCZ	0.000583898	0.000935176	FALSE	9.35907e-05
631	4	32260118	32746820	SCZ	0.000159481	0.000255426	FALSE	0.0631398
632	4	32746821	33640822	ASD	0.000182667	0.000294206	FALSE	0.250663
632	4	32746821	33640822	SCZ	0.000212375	0.000340143	FALSE	0.0258653
633	4	33640823	34721845	ASD	0.000157012	0.000252887	FALSE	0.248607
633	4	33640823	34721845	SCZ	0.000327668	0.000524796	FALSE	0.000683373
634	4	34721846	35411236	SCZ	3.24113e-05	5.19103e-05	FALSE	0.392868
636	4	35993839	36671801	ASD	0.000172432	0.000277722	FALSE	0.321712
636	4	35993839	36671801	SCZ	0.000151844	0.000243195	FALSE	0.143947
637	4	36671802	37880860	SCZ	0.000558124	0.000893896	FALSE	0.00652772
638	4	37880861	38984838	SCZ	0.000668077	0.00107	FALSE	0.00260626
639	4	38984839	39820061	SCZ	0.000444967	0.000712664	FALSE	0.00387645
640	4	39820062	40590541	SCZ	0.000102159	0.000163619	FALSE	0.284204
641	4	40590542	41360937	SCZ	5.61979e-05	9.0007e-05	FALSE	0.359959
642	4	41360938	42189251	ASD	0.000400081	0.000644377	FALSE	0.156186
642	4	41360938	42189251	SCZ	0.000326423	0.000522802	FALSE	0.0151202
643	4	42189252	43192424	ASD	0.000417507	0.000672444	FALSE	0.186423
643	4	42189252	43192424	SCZ	0.000653374	0.00104645	FALSE	0.00021711
644	4	43192425	43962561	ASD	5.35868e-05	8.63078e-05	FALSE	0.427682
644	4	43192425	43962561	SCZ	0.000459464	0.000735882	FALSE	0.000949697
645	4	43962562	45186767	ASD	0.000605326	0.000974948	FALSE	0.099883
645	4	43962562	45186767	SCZ	0.000809619	0.00129669	FALSE	8.57523e-06
646	4	45186768	46358360	ASD	0.000401015	0.000645881	FALSE	0.184571
646	4	45186768	46358360	SCZ	0.000253957	0.000406741	FALSE	0.0633699
647	4	46358361	47408265	ASD	0.000751163	0.00120984	FALSE	0.0534781
647	4	46358361	47408265	SCZ	0.000625691	0.00100211	FALSE	0.00023183
648	4	47408266	49325138	SCZ	0.000695031	0.00111317	FALSE	0.000283569
649	4	49325139	53879571	ASD	0.000148845	0.000239732	FALSE	0.338175
649	4	49325139	53879571	SCZ	0.00020449	0.000327513	FALSE	0.0741471
650	4	53879572	54659778	SCZ	0.000503581	0.000806541	FALSE	0.000772093
651	4	54659779	55681701	SCZ	0.000854682	0.00136887	FALSE	2.11929e-05
652	4	55681702	57103100	SCZ	0.00022679	0.00036323	FALSE	0.145054
653	4	57103101	58011085	SCZ	0.000866483	0.00138777	FALSE	1.3344e-05
654	4	58011086	58940256	SCZ	0.000480734	0.000769948	FALSE	0.00638903
655	4	58940257	59692948	ASD	0.000219677	0.000353815	FALSE	0.277779
655	4	58940257	59692948	SCZ	0.00021179	0.000339205	FALSE	0.0693853
656	4	59692949	60746709	SCZ	0.000543331	0.000870204	FALSE	0.00110766
657	4	60746710	61971161	ASD	0.000304435	0.000490329	FALSE	0.232165
657	4	60746710	61971161	SCZ	0.000286079	0.000458187	FALSE	0.0361349
658	4	61971162	63337954	ASD	9.69259e-05	0.00015611	FALSE	0.421769
658	4	61971162	63337954	SCZ	0.001247	0.0019972	FALSE	2.62223e-08
659	4	63337955	64117431	SCZ	0.000473839	0.000758905	FALSE	0.000948343
660	4	64117432	65563100	SCZ	6.65839e-05	0.000106641	FALSE	0.327254
661	4	65563101	66597446	SCZ	0.000516322	0.000826947	FALSE	0.00158106
662	4	66597447	67616362	SCZ	0.000195509	0.00031313	FALSE	0.0960952
663	4	67616363	68742859	SCZ	0.000192106	0.000307679	FALSE	0.113633
664	4	68742860	69603368	SCZ	3.56358e-05	5.70746e-05	FALSE	0.365589
665	4	69603369	70516836	SCZ	0.000265122	0.000424622	FALSE	0.0121575
666	4	70516837	71468300	ASD	0.000439488	0.000707847	FALSE	0.131743
666	4	70516837	71468300	SCZ	5.4095e-05	8.6639e-05	FALSE	0.33751
667	4	71468301	73258294	ASD	0.000359102	0.000578375	FALSE	0.216885
667	4	71468301	73258294	SCZ	0.000121926	0.000195277	FALSE	0.22961
668	4	73258295	74885900	SCZ	4.41472e-05	7.07065e-05	FALSE	0.38766
669	4	74885901	76497358	SCZ	0.000493993	0.000791183	FALSE	0.00696435
670	4	76497359	78045637	ASD	0.000186282	0.000300029	FALSE	0.363027
670	4	76497359	78045637	SCZ	0.000739268	0.00118402	FALSE	0.000362371
671	4	78045638	78967715	SCZ	0.000549843	0.000880633	FALSE	0.00042958
672	4	78967716	79880101	SCZ	0.000464497	0.000743942	FALSE	0.0015397
673	4	79880102	81206182	ASD	1.83567e-05	2.95657e-05	FALSE	0.472802
673	4	79880102	81206182	SCZ	0.000485146	0.000777014	FALSE	0.00399959
674	4	81206183	82655623	ASD	0.000217241	0.000349892	FALSE	0.311435
674	4	81206183	82655623	SCZ	0.000440013	0.000704729	FALSE	0.00671899
675	4	82655624	84003062	ASD	0.000138691	0.000223377	FALSE	0.383543
675	4	82655624	84003062	SCZ	0.000548429	0.000878369	FALSE	0.00252299
676	4	84003063	85437805	SCZ	0.000409938	0.000656561	FALSE	0.0150186
677	4	85437806	86931670	ASD	9.61412e-05	0.000154847	FALSE	0.395171
677	4	85437806	86931670	SCZ	0.000335562	0.000537439	FALSE	0.0157092
678	4	86931671	88502717	SCZ	0.000788644	0.0012631	FALSE	2.5842e-05
679	4	88502718	89244554	SCZ	0.000255094	0.000408561	FALSE	0.0545339
681	4	90236972	91309863	SCZ	0.00043502	0.000696732	FALSE	0.00444961
682	4	91309864	92219192	SCZ	0.000501557	0.000803298	FALSE	0.00230301
683	4	92219193	93451599	SCZ	0.00036439	0.000583611	FALSE	0.0182448
684	4	93451600	94757265	SCZ	0.000503632	0.000806622	FALSE	0.00368015
685	4	94757266	96183801	ASD	8.29258e-05	0.000133562	FALSE	0.425239
685	4	94757266	96183801	SCZ	0.00030884	0.000494641	FALSE	0.0521633
686	4	96183802	97540787	ASD	0.000242104	0.000389936	FALSE	0.312857
686	4	96183802	97540787	SCZ	0.000318001	0.000509313	FALSE	0.0486072
687	4	97540788	98445515	ASD	0.000644578	0.00103817	FALSE	0.058138
687	4	97540788	98445515	SCZ	0.000458264	0.00073396	FALSE	0.00163038
688	4	98445516	99532480	ASD	0.000158584	0.000255418	FALSE	0.299737
688	4	98445516	99532480	SCZ	7.28614e-05	0.000116695	FALSE	0.254659
689	4	99532481	100333334	ASD	0.000215813	0.000347591	FALSE	0.278637
689	4	99532481	100333334	SCZ	7.77254e-05	0.000124486	FALSE	0.277082
690	4	100333335	101132995	SCZ	0.0004715	0.000755159	FALSE	0.0017799
691	4	101132996	102544803	SCZ	0.000713576	0.00114287	FALSE	0.000195861
692	4	102544804	104384534	ASD	9.37522e-05	0.000150999	FALSE	0.421055
692	4	102544804	104384534	SCZ	0.00084432	0.00135227	FALSE	3.56926e-05
693	4	104384535	105319195	ASD	0.000745279	0.00120036	FALSE	0.0288404
693	4	104384535	105319195	SCZ	0.000104066	0.000166672	FALSE	0.213395
694	4	105319196	106479155	ASD	0.000347215	0.000559229	FALSE	0.228639
694	4	105319196	106479155	SCZ	0.000380543	0.000609481	FALSE	0.0169033
695	4	106479156	108131206	SCZ	0.000348821	0.000558676	FALSE	0.0368569
696	4	108131207	109122458	SCZ	0.000239447	0.000383501	FALSE	0.0700426
697	4	109122459	109978982	ASD	0.000218126	0.000351318	FALSE	0.310415
697	4	109122459	109978982	SCZ	0.000336127	0.000538345	FALSE	0.0261937
698	4	109978983	111733579	ASD	0.000552104	0.000889227	FALSE	0.188101
698	4	109978983	111733579	SCZ	0.000533825	0.00085498	FALSE	0.0112795
699	4	111733580	112830229	SCZ	9.46128e-05	0.000151533	FALSE	0.269921
700	4	112830230	113916002	SCZ	0.000225095	0.000360515	FALSE	0.0819769
701	4	113916003	115306149	ASD	0.000690429	0.00111202	FALSE	0.111835
701	4	113916003	115306149	SCZ	0.00037741	0.000604464	FALSE	0.0344004
702	4	115306150	116204703	ASD	0.000264388	0.000425827	FALSE	0.226866
702	4	115306150	116204703	SCZ	0.000437817	0.000701211	FALSE	0.00116865
703	4	116204704	117313636	ASD	0.000247929	0.000399319	FALSE	0.262101
703	4	116204704	117313636	SCZ	0.000317704	0.000508837	FALSE	0.0185958
704	4	117313637	118395262	SCZ	0.000140992	0.000225814	FALSE	0.189385
705	4	118395263	119138097	ASD	0.000678863	0.00109339	FALSE	0.0335914
705	4	118395263	119138097	SCZ	0.000380059	0.000608705	FALSE	0.00306412
706	4	119138098	119927262	SCZ	0.000104962	0.000168109	FALSE	0.210379
707	4	119927263	120563073	SCZ	0.000119168	0.000190861	FALSE	0.13323
708	4	120563074	121393008	ASD	0.000486962	0.000784308	FALSE	0.110592
708	4	120563074	121393008	SCZ	0.000192082	0.000307641	FALSE	0.0908118
709	4	121393009	121981243	SCZ	0.000459521	0.000735974	FALSE	0.000490277
710	4	121981244	122655434	SCZ	0.000282229	0.000452021	FALSE	0.0475772
711	4	122655435	123768693	ASD	5.98946e-05	9.64673e-05	FALSE	0.432745
711	4	122655435	123768693	SCZ	0.000681729	0.00109186	FALSE	5.33362e-05
712	4	123768694	124534997	ASD	7.32128e-05	0.000117918	FALSE	0.406705
712	4	123768694	124534997	SCZ	0.000405794	0.000649924	FALSE	0.00263833
713	4	124534998	125486535	SCZ	0.000669905	0.00107293	FALSE	4.99885e-05
714	4	125486536	126476842	SCZ	0.000147735	0.000236615	FALSE	0.193049
715	4	126476843	127279171	ASD	0.000113206	0.000182331	FALSE	0.389036
715	4	126476843	127279171	SCZ	2.08543e-05	3.34004e-05	FALSE	0.435856
716	4	127279172	128321876	SCZ	0.000163789	0.000262326	FALSE	0.144441
717	4	128321877	129625376	ASD	0.000565992	0.000911595	FALSE	0.107698
717	4	128321877	129625376	SCZ	0.000170147	0.00027251	FALSE	0.152859
718	4	129625377	131098950	ASD	0.000280721	0.000452133	FALSE	0.282729
718	4	129625377	131098950	SCZ	0.00035334	0.000565912	FALSE	0.0299423
719	4	131098951	131873453	SCZ	4.14446e-05	6.6378e-05	FALSE	0.366689
720	4	131873454	132801980	ASD	0.000125058	0.00020142	FALSE	0.348371
720	4	131873454	132801980	SCZ	0.000116585	0.000186723	FALSE	0.175829
721	4	132801981	133524886	ASD	0.000196853	0.000317055	FALSE	0.247232
721	4	132801981	133524886	SCZ	0.000239111	0.000382962	FALSE	0.0192501
722	4	133524887	134109978	ASD	6.76541e-05	0.000108965	FALSE	0.383801
722	4	133524887	134109978	SCZ	0.000254985	0.000408386	FALSE	0.0098521
723	4	134109979	135809542	SCZ	0.000494715	0.000792341	FALSE	0.00392721
724	4	135809543	137400031	SCZ	0.000356893	0.000571602	FALSE	0.031773
725	4	137400032	138537344	ASD	0.000136822	0.000220367	FALSE	0.389324
725	4	137400032	138537344	SCZ	0.000261731	0.000419191	FALSE	0.0883679
726	4	138537345	139553760	SCZ	0.000218432	0.000349842	FALSE	0.115288
727	4	139553761	141087047	SCZ	0.000950936	0.00152303	FALSE	9.33145e-05
728	4	141087048	142807914	ASD	0.000204957	0.000330107	FALSE	0.355211
728	4	141087048	142807914	SCZ	0.00118257	0.00189402	FALSE	2.44057e-07
729	4	142807915	144401042	SCZ	0.000190101	0.000304468	FALSE	0.119918
730	4	144401043	146174871	ASD	0.000403163	0.000649341	FALSE	0.190916
730	4	144401043	146174871	SCZ	0.000285673	0.000457537	FALSE	0.0485005
731	4	146174872	147161042	SCZ	0.000283705	0.000454385	FALSE	0.0622744
732	4	147161043	148462208	SCZ	0.000250081	0.000400532	FALSE	0.0652973
733	4	148462209	149998528	SCZ	0.000649636	0.00104046	FALSE	0.00163833
734	4	149998529	151014322	ASD	0.000190365	0.000306605	FALSE	0.315627
734	4	149998529	151014322	SCZ	0.00010654	0.000170635	FALSE	0.234928
735	4	151014323	152162098	SCZ	0.000639581	0.00102436	FALSE	3.97644e-05
736	4	152162099	153520883	SCZ	0.000738476	0.00118275	FALSE	0.000115605
737	4	153520884	155044409	SCZ	0.000739438	0.00118429	FALSE	0.00154967
738	4	155044410	156520288	SCZ	0.000340918	0.000546017	FALSE	0.0582605
739	4	156520289	157597309	SCZ	0.000634368	0.00101601	FALSE	0.000895052
740	4	157597310	159176073	SCZ	7.72694e-05	0.000123755	FALSE	0.320992
741	4	159176074	160828480	SCZ	0.000227847	0.000364922	FALSE	0.112744
742	4	160828481	161666201	SCZ	0.00031186	0.000499478	FALSE	0.0375091
743	4	161666202	162239289	SCZ	0.000166029	0.000265914	FALSE	0.101408
744	4	162239290	163245541	SCZ	0.000314558	0.000503799	FALSE	0.037312
745	4	163245542	163937103	ASD	5.79686e-05	9.33651e-05	FALSE	0.422855
745	4	163245542	163937103	SCZ	0.00011623	0.000186156	FALSE	0.187188
746	4	163937104	164781847	ASD	0.000755072	0.00121613	FALSE	0.0475805
746	4	163937104	164781847	SCZ	0.000341518	0.000546979	FALSE	0.0195255
747	4	164781848	165824650	SCZ	0.000575319	0.000921436	FALSE	0.00218152
748	4	165824651	166702855	SCZ	0.000515807	0.000826122	FALSE	0.0042264
749	4	166702856	167643768	ASD	0.000280003	0.000450978	FALSE	0.22573
749	4	166702856	167643768	SCZ	0.000271547	0.000434912	FALSE	0.0293083
750	4	167643769	168623790	SCZ	0.000436624	0.000699301	FALSE	0.00500922
751	4	168623791	169555114	ASD	0.000118088	0.000190195	FALSE	0.391665
751	4	168623791	169555114	SCZ	0.000321076	0.000514239	FALSE	0.0353174
752	4	169555115	170682809	SCZ	0.000548951	0.000879205	FALSE	0.00122054
753	4	170682810	171643019	ASD	0.000332586	0.000535668	FALSE	0.216177
753	4	170682810	171643019	SCZ	0.000331713	0.000531275	FALSE	0.0203012
754	4	171643020	172555990	SCZ	0.000127861	0.000204783	FALSE	0.149502
755	4	172555991	174470206	ASD	0.000948741	0.00152806	FALSE	0.053611
755	4	172555991	174470206	SCZ	0.000435257	0.000697112	FALSE	0.0211418
756	4	174470207	175295842	SCZ	0.000263624	0.000422223	FALSE	0.0765809
757	4	175295843	175959697	ASD	2.53494e-05	4.08282e-05	FALSE	0.465374
757	4	175295843	175959697	SCZ	0.000121743	0.000194984	FALSE	0.223163
758	4	175959698	177129678	ASD	0.000269462	0.000433999	FALSE	0.299454
758	4	175959698	177129678	SCZ	0.00139192	0.00222932	FALSE	2.34844e-10
760	4	178314528	179233905	SCZ	0.000585511	0.000937759	FALSE	0.000919308
761	4	179233906	179932391	ASD	0.000149543	0.000240856	FALSE	0.338912
761	4	179233906	179932391	SCZ	0.000178243	0.000285476	FALSE	0.104183
762	4	179932392	180540877	SCZ	0.000171813	0.000275178	FALSE	0.116533
763	4	180540878	181122433	SCZ	0.000272175	0.000435918	FALSE	0.0560142
764	4	181122434	182065646	SCZ	0.000176026	0.000281925	FALSE	0.213076
765	4	182065647	182946258	SCZ	0.000722917	0.00115783	FALSE	0.00151201
766	4	182946259	183603892	SCZ	0.00113327	0.00181506	FALSE	4.32154e-07
767	4	183603893	184338584	SCZ	0.000418712	0.000670612	FALSE	0.0130099
768	4	184338585	185483262	SCZ	0.000396523	0.000635076	FALSE	0.0600105
769	4	185483263	186232882	SCZ	0.000537898	0.000861503	FALSE	0.00208412
770	4	186232883	186881568	ASD	1.22189e-05	1.96799e-05	FALSE	0.480065
770	4	186232883	186881568	SCZ	0.000356866	0.00057156	FALSE	0.0349799
771	4	186881569	187985393	SCZ	0.000247815	0.000396903	FALSE	0.159075
772	4	187985394	189153279	SCZ	0.000624162	0.000999663	FALSE	0.00438498
773	4	189153280	189899573	ASD	0.000465575	0.000749862	FALSE	0.200454
773	4	189153280	189899573	SCZ	0.000834645	0.00133677	FALSE	6.54507e-05
774	4	189899574	191043880	SCZ	0.000130583	0.000209144	FALSE	0.215544
775	5	10043	598320	SCZ	6.1344e-05	9.82491e-05	FALSE	0.299054
776	5	598321	1206609	SCZ	0.000210829	0.000337665	FALSE	0.0648192
777	5	1206610	2106885	SCZ	5.68233e-05	9.10087e-05	FALSE	0.400367
779	5	2960069	3677595	ASD	0.000300999	0.000484794	FALSE	0.290774
779	5	2960069	3677595	SCZ	0.000184202	0.00029502	FALSE	0.179084
780	5	3677596	4636542	SCZ	0.000432981	0.000693467	FALSE	0.00833256
781	5	4636543	5828694	ASD	0.000822484	0.00132471	FALSE	0.0960671
781	5	4636543	5828694	SCZ	0.000375381	0.000601214	FALSE	0.0501396
782	5	5828695	6936733	SCZ	0.000853723	0.00136733	FALSE	0.000302615
783	5	6936734	8079415	ASD	0.00115976	0.00186793	FALSE	0.0200258
783	5	6936734	8079415	SCZ	0.00127486	0.00204182	FALSE	5.97744e-09
784	5	8079416	9203855	SCZ	0.000148859	0.000238414	FALSE	0.187922
786	5	10549030	11850850	SCZ	0.000435848	0.000698058	FALSE	0.0300944
787	5	11850851	12867189	ASD	0.000298029	0.00048001	FALSE	0.195708
787	5	11850851	12867189	SCZ	0.000519341	0.000831782	FALSE	0.000152446
788	5	12867190	13608147	SCZ	0.000171743	0.000275066	FALSE	0.10206
789	5	13608148	14910295	SCZ	0.000270564	0.000433338	FALSE	0.106506
790	5	14910296	16592319	SCZ	0.000370545	0.000593469	FALSE	0.0462939
791	5	16592320	17803477	SCZ	0.00045811	0.000733713	FALSE	0.0251552
792	5	17803478	18791410	ASD	0.000505831	0.000814699	FALSE	0.120222
792	5	17803478	18791410	SCZ	0.000521929	0.000835926	FALSE	0.000894357
793	5	18791411	20397013	ASD	0.000156932	0.000252757	FALSE	0.362684
793	5	18791411	20397013	SCZ	0.000180231	0.00028866	FALSE	0.148612
794	5	20397014	21211399	SCZ	6.01309e-05	9.63063e-05	FALSE	0.289208
795	5	21211400	22149042	SCZ	0.000182524	0.000292332	FALSE	0.0923087
796	5	22149043	23246745	SCZ	0.000993891	0.00159183	FALSE	8.62988e-09
797	5	23246746	24362661	SCZ	0.000360938	0.000578081	FALSE	0.00631565
798	5	24362662	25722097	SCZ	0.000202212	0.000323864	FALSE	0.133579
799	5	25722098	26938178	SCZ	0.000127932	0.000204898	FALSE	0.224127
800	5	26938179	28315653	SCZ	0.000503687	0.00080671	FALSE	0.00438077
801	5	28315654	29593755	ASD	0.00027178	0.000437734	FALSE	0.273257
801	5	28315654	29593755	SCZ	0.00044762	0.000716912	FALSE	0.00592889
802	5	29593756	30416066	SCZ	0.000138799	0.000222302	FALSE	0.175298
803	5	30416067	31679464	SCZ	0.000710365	0.00113773	FALSE	0.00124299
804	5	31679465	32727914	SCZ	0.000379955	0.000608539	FALSE	0.0380143
805	5	32727915	33971056	SCZ	0.000105682	0.000169261	FALSE	0.281725
806	5	33971057	35157146	SCZ	0.000352302	0.00056425	FALSE	0.0310659
807	5	35157147	36431967	ASD	0.000401755	0.000647073	FALSE	0.217341
807	5	35157147	36431967	SCZ	0.000415154	0.000664914	FALSE	0.0168176
808	5	36431968	37925487	SCZ	0.00045535	0.000729293	FALSE	0.00987333
809	5	37925488	39438985	ASD	0.000440318	0.000709183	FALSE	0.222561
809	5	37925488	39438985	SCZ	0.000234312	0.000375277	FALSE	0.133874
810	5	39438986	40290851	ASD	0.000102068	0.000164392	FALSE	0.388569
810	5	39438986	40290851	SCZ	0.000313647	0.00050234	FALSE	0.0214859
811	5	40290852	41279590	SCZ	0.000238345	0.000381735	FALSE	0.0709808
812	5	41279591	42856332	SCZ	0.000861761	0.0013802	FALSE	7.13729e-07
813	5	42856333	44049878	SCZ	9.42747e-05	0.000150991	FALSE	0.242949
814	5	44049879	45305566	ASD	0.000135485	0.000218214	FALSE	0.347906
814	5	44049879	45305566	SCZ	0.000488499	0.000782385	FALSE	0.000590978
815	5	45305567	46388848	ASD	0.000103167	0.000166163	FALSE	0.331184
815	5	45305567	46388848	SCZ	0.000816773	0.00130815	FALSE	1.62766e-10
816	5	46388849	50164835	ASD	0.000159581	0.000257023	FALSE	0.217912
816	5	46388849	50164835	SCZ	0.000339843	0.000544295	FALSE	0.000151734
817	5	50164836	51203265	SCZ	0.000304342	0.000487437	FALSE	0.03019
818	5	51203266	52139773	SCZ	0.000459076	0.000735261	FALSE	0.00331662
819	5	52139774	52837225	ASD	0.000473892	0.000763258	FALSE	0.128906
819	5	52139774	52837225	SCZ	0.00041143	0.00065895	FALSE	0.00520788
820	5	52837226	53747856	SCZ	0.000763632	0.00122304	FALSE	7.05183e-05
821	5	53747857	55221398	ASD	8.8841e-05	0.000143089	FALSE	0.425045
821	5	53747857	55221398	SCZ	0.000648939	0.00103935	FALSE	0.000962025
822	5	55221399	55968966	ASD	0.000949278	0.00152892	FALSE	0.04824
823	5	55968967	56896890	SCZ	0.000784297	0.00125614	FALSE	3.81221e-05
824	5	56896891	57895012	ASD	8.6738e-05	0.000139702	FALSE	0.415534
824	5	56896891	57895012	SCZ	0.000832734	0.00133371	FALSE	5.82614e-06
825	5	57895013	58721458	SCZ	0.000808162	0.00129436	FALSE	3.49614e-05
826	5	58721459	59868567	ASD	0.000308963	0.000497621	FALSE	0.23597
826	5	58721459	59868567	SCZ	0.000609206	0.00097571	FALSE	0.000232325
827	5	59868568	60930753	ASD	8.88327e-05	0.000143075	FALSE	0.392723
827	5	59868568	60930753	SCZ	0.000569563	0.000912217	FALSE	9.98168e-05
828	5	60930754	62180368	SCZ	8.29152e-05	0.000132798	FALSE	0.306674
829	5	62180369	63214089	ASD	3.26511e-05	5.25884e-05	FALSE	0.456894
829	5	62180369	63214089	SCZ	0.000371777	0.000595442	FALSE	0.0119843
830	5	63214090	64438518	ASD	0.000810238	0.00130498	FALSE	0.0354771
830	5	63214090	64438518	SCZ	0.000514946	0.000824742	FALSE	0.00114324
831	5	64438519	65606870	ASD	0.000184749	0.00029756	FALSE	0.328238
831	5	64438519	65606870	SCZ	0.000174935	0.000280178	FALSE	0.13717
832	5	65606871	67096191	ASD	4.80967e-05	7.74653e-05	FALSE	0.456308
832	5	65606871	67096191	SCZ	0.000362873	0.00058118	FALSE	0.0420416
833	5	67096192	68006993	ASD	0.00071375	0.00114958	FALSE	0.09848
833	5	67096192	68006993	SCZ	0.000453655	0.000726579	FALSE	0.0132972
835	5	71468652	73314061	SCZ	0.00086606	0.00138709	FALSE	0.000117361
837	5	74245355	75239302	ASD	0.000543618	0.000875559	FALSE	0.0728913
837	5	74245355	75239302	SCZ	0.000433547	0.000694373	FALSE	0.00130844
838	5	75239303	75959515	SCZ	0.000571248	0.000914916	FALSE	0.00103124
839	5	75959516	77290255	ASD	3.19764e-05	5.15018e-05	FALSE	0.470614
839	5	75959516	77290255	SCZ	0.000516746	0.000827626	FALSE	0.0135904
840	5	77290256	79005158	ASD	0.000171429	0.000276107	FALSE	0.374265
840	5	77290256	79005158	SCZ	0.000623443	0.000998513	FALSE	0.00223431
841	5	79005159	80448225	ASD	0.000512271	0.000825071	FALSE	0.216582
841	5	79005159	80448225	SCZ	0.00147922	0.00236912	FALSE	1.21185e-08
842	5	80448226	81710194	ASD	0.000572008	0.000921286	FALSE	0.136697
842	5	80448226	81710194	SCZ	0.000397198	0.000636156	FALSE	0.0205039
843	5	81710195	82720248	ASD	0.000333064	0.000536439	FALSE	0.246043
843	5	81710195	82720248	SCZ	8.48776e-05	0.000135941	FALSE	0.308468
844	5	82720249	84094797	SCZ	0.000458346	0.000734091	FALSE	0.0228476
845	5	84094798	84697850	SCZ	1.18611e-05	1.89969e-05	FALSE	0.44445
846	5	84697851	85311779	SCZ	3.72242e-05	5.96187e-05	FALSE	0.342328
847	5	85311780	86493763	SCZ	0.000445391	0.000713343	FALSE	0.00653522
848	5	86493764	87943482	ASD	0.000277337	0.000446683	FALSE	0.244017
848	5	86493764	87943482	SCZ	0.000954082	0.00152807	FALSE	3.87072e-08
849	5	87943483	89584466	ASD	0.000268098	0.000431803	FALSE	0.307221
849	5	87943483	89584466	SCZ	0.00129484	0.00207383	FALSE	6.67049e-09
850	5	89584467	90793804	SCZ	0.000708415	0.0011346	FALSE	0.000212293
851	5	90793805	91956905	SCZ	0.000927247	0.00148509	FALSE	1.72099e-07
852	5	91956906	93814604	ASD	0.000495916	0.00079873	FALSE	0.190538
852	5	91956906	93814604	SCZ	0.00104173	0.00166844	FALSE	2.52745e-06
853	5	93814605	95117259	SCZ	0.000685964	0.00109865	FALSE	0.000706516
854	5	95117260	96467377	ASD	0.000834312	0.00134376	FALSE	0.0664674
854	5	95117260	96467377	SCZ	0.000573095	0.000917874	FALSE	0.00279256
855	5	96467378	97316601	ASD	4.86358e-05	7.83336e-05	FALSE	0.420947
855	5	96467378	97316601	SCZ	0.000203408	0.00032578	FALSE	0.0421302
856	5	97316602	98567769	SCZ	0.000258744	0.000414407	FALSE	0.0684163
857	5	98567770	99257995	ASD	0.000381212	0.000613986	FALSE	0.0848802
857	5	98567770	99257995	SCZ	0.000154697	0.000247763	FALSE	0.0614746
858	5	99257996	100594081	ASD	5.77104e-05	9.29493e-05	FALSE	0.424614
858	5	99257996	100594081	SCZ	0.000306122	0.000490288	FALSE	0.0164028
859	5	100594082	101575367	SCZ	0.000226647	0.000362999	FALSE	0.0493996
860	5	101575368	102903985	ASD	0.000392516	0.000632192	FALSE	0.155708
860	5	101575368	102903985	SCZ	0.000494467	0.000791942	FALSE	0.000930321
861	5	102903986	103788460	ASD	0.000767142	0.00123557	FALSE	0.0730914
861	5	102903986	103788460	SCZ	0.00112577	0.00180305	FALSE	5.4004e-08
862	5	103788461	104850490	ASD	0.000458575	0.000738588	FALSE	0.139803
862	5	103788461	104850490	SCZ	0.000465286	0.000745207	FALSE	0.00225965
863	5	104850491	106389388	SCZ	0.000174812	0.000279981	FALSE	0.183818
864	5	106389389	107265911	SCZ	0.00122331	0.00195926	FALSE	8.71665e-09
865	5	107265912	108641784	SCZ	0.000300026	0.000480525	FALSE	0.04775
866	5	108641785	109606905	SCZ	0.000299597	0.000479837	FALSE	0.042504
867	5	109606906	110819517	SCZ	0.000653615	0.00104684	FALSE	6.0377e-05
868	5	110819518	111983115	SCZ	0.000518048	0.000829711	FALSE	0.00368859
869	5	111983116	113121555	ASD	0.000303725	0.000489185	FALSE	0.248623
869	5	111983116	113121555	SCZ	0.000446855	0.000715687	FALSE	0.00579466
870	5	113121556	113998532	ASD	0.00134881	0.00217242	FALSE	0.00422695
870	5	113121556	113998532	SCZ	0.000498047	0.000797677	FALSE	0.00336294
871	5	113998533	115117631	SCZ	0.000446922	0.000715795	FALSE	0.00912156
872	5	115117632	116208000	SCZ	0.000385143	0.000616849	FALSE	0.0362398
873	5	116208001	117348497	SCZ	0.000785017	0.00125729	FALSE	0.000188733
874	5	117348498	118605251	SCZ	0.000273604	0.000438207	FALSE	0.0917805
875	5	118605252	119664173	SCZ	0.000346511	0.000554975	FALSE	0.0331961
876	5	119664174	120371857	ASD	1.88731e-05	3.03974e-05	FALSE	0.465488
876	5	119664174	120371857	SCZ	0.000182659	0.000292549	FALSE	0.0983066
877	5	120371858	120960737	SCZ	0.000486222	0.000778738	FALSE	0.00119818
878	5	120960738	122005291	ASD	0.000579838	0.000933897	FALSE	0.103001
878	5	120960738	122005291	SCZ	3.07941e-05	4.93201e-05	FALSE	0.412605
879	5	122005292	123191941	ASD	0.000119146	0.000191899	FALSE	0.38863
879	5	122005292	123191941	SCZ	0.000489206	0.000783518	FALSE	0.00320908
880	5	123191942	124109485	SCZ	0.000517289	0.000828495	FALSE	0.0052949
881	5	124109486	125131720	SCZ	0.000635604	0.00101799	FALSE	0.00314192
882	5	125131721	126054697	SCZ	0.000292963	0.000469212	FALSE	0.0440889
883	5	126054698	126992836	SCZ	0.000100689	0.000161265	FALSE	0.251055
884	5	126992837	128067414	ASD	0.000139377	0.000224483	FALSE	0.355481
884	5	126992837	128067414	SCZ	0.000376804	0.000603493	FALSE	0.00858611
885	5	128067415	128734905	SCZ	3.23289e-05	5.17783e-05	FALSE	0.389108
886	5	128734906	130573817	ASD	0.000397563	0.000640321	FALSE	0.179534
886	5	128734906	130573817	SCZ	0.000646141	0.00103487	FALSE	0.000104827
887	5	130573818	132554690	ASD	0.000488765	0.000787213	FALSE	0.152494
887	5	130573818	132554690	SCZ	0.000408232	0.000653828	FALSE	0.0118017
888	5	132554691	134556570	SCZ	0.000876722	0.00140417	FALSE	0.00101928
889	5	134556571	135344943	ASD	7.5624e-05	0.000121801	FALSE	0.423382
889	5	134556571	135344943	SCZ	0.000198694	0.00031823	FALSE	0.118675
890	5	135344944	136949853	ASD	0.00044841	0.000722216	FALSE	0.215862
890	5	135344944	136949853	SCZ	0.000645614	0.00103402	FALSE	0.0018246
891	5	136949854	139408116	SCZ	0.00131853	0.00211177	FALSE	1.58955e-08
892	5	139408117	141253830	SCZ	0.000805178	0.00128958	FALSE	0.000269259
893	5	141253831	142532956	SCZ	0.000100338	0.000160702	FALSE	0.308564
894	5	142532957	143605908	ASD	0.000149357	0.000240556	FALSE	0.373609
894	5	142532957	143605908	SCZ	0.000720105	0.00115333	FALSE	0.000140322
895	5	143605909	145319096	ASD	0.000593965	0.000956649	FALSE	0.116955
895	5	143605909	145319096	SCZ	0.000708841	0.00113529	FALSE	0.000137774
896	5	145319097	147180171	SCZ	0.000255087	0.00040855	FALSE	0.113832
897	5	147180172	148662214	ASD	9.31436e-06	1.50019e-05	FALSE	0.482439
898	5	148662215	149850203	ASD	0.000330948	0.00053303	FALSE	0.29716
898	5	148662215	149850203	SCZ	0.000451146	0.000722559	FALSE	0.0281593
899	5	149850204	150981934	SCZ	0.000469611	0.000752133	FALSE	0.0110617
900	5	150981935	151892617	ASD	0.000134871	0.000217225	FALSE	0.360207
900	5	150981935	151892617	SCZ	0.000412526	0.000660705	FALSE	0.00480961
901	5	151892618	152878627	SCZ	0.00101088	0.00161904	FALSE	3.31776e-09
902	5	152878628	153734494	SCZ	0.000800036	0.00128135	FALSE	2.83002e-06
903	5	153734495	154599750	ASD	3.88315e-05	6.25426e-05	FALSE	0.459278
903	5	153734495	154599750	SCZ	0.000670814	0.00107438	FALSE	0.000472856
904	5	154599751	155459556	SCZ	0.000154095	0.0002468	FALSE	0.164614
905	5	155459557	156345451	SCZ	0.000573384	0.000918337	FALSE	0.000528673
906	5	156345452	157191081	ASD	3.44441e-05	5.54763e-05	FALSE	0.457214
906	5	156345452	157191081	SCZ	0.000291902	0.000467513	FALSE	0.0422528
907	5	157191082	158484775	SCZ	0.000668425	0.00107056	FALSE	0.00104019
908	5	158484776	159663733	SCZ	0.000818862	0.0013115	FALSE	4.68187e-05
909	5	159663734	160519049	ASD	0.000356461	0.000574122	FALSE	0.246881
909	5	159663734	160519049	SCZ	0.00025388	0.000406617	FALSE	0.0963014
910	5	160519050	161478177	ASD	7.83685e-05	0.000126222	FALSE	0.415544
910	5	160519050	161478177	SCZ	0.000504636	0.00080823	FALSE	0.00136623
911	5	161478178	162386027	SCZ	0.000608191	0.000974085	FALSE	0.000205811
912	5	162386028	163781268	ASD	0.000692478	0.00111532	FALSE	0.124068
912	5	162386028	163781268	SCZ	0.000361167	0.000578449	FALSE	0.0494396
913	5	163781269	165289211	ASD	9.18591e-05	0.00014795	FALSE	0.431357
913	5	163781269	165289211	SCZ	0.000276811	0.000443342	FALSE	0.105107
914	5	165289212	166863413	SCZ	0.000684924	0.00109698	FALSE	0.00392851
915	5	166863414	168342743	SCZ	0.000643422	0.00103051	FALSE	0.00724776
916	5	168342744	169506966	SCZ	0.000845122	0.00135356	FALSE	0.000208036
917	5	169506967	170898340	ASD	0.000352822	0.000568261	FALSE	0.275228
917	5	169506967	170898340	SCZ	0.000860659	0.00137844	FALSE	0.000118041
918	5	170898341	172285682	ASD	0.000924578	0.00148914	FALSE	0.0973359
918	5	170898341	172285682	SCZ	0.000845003	0.00135336	FALSE	0.000795265
919	5	172285683	173606995	ASD	5.46394e-05	8.80032e-05	FALSE	0.456783
919	5	172285683	173606995	SCZ	0.000699853	0.00112089	FALSE	0.00176824
920	5	173606996	174662885	SCZ	0.00030708	0.000491821	FALSE	0.0875706
921	5	174662886	176180301	SCZ	0.000870608	0.00139437	FALSE	9.30408e-05
922	5	176180302	177659902	SCZ	0.000465904	0.000746196	FALSE	0.0106309
923	5	177659903	178595252	SCZ	0.00101316	0.00162269	FALSE	1.41605e-05
924	5	178595253	179794710	SCZ	0.000528596	0.000846605	FALSE	0.0224935
925	5	179794711	180902886	ASD	0.00047244	0.000760919	FALSE	0.178845
926	6	63979	1380679	SCZ	0.00050129	0.000802871	FALSE	0.0232444
927	6	1380680	2746531	SCZ	0.000490364	0.000785371	FALSE	0.0217014
928	6	2746532	3964072	ASD	9.5548e-05	0.000153891	FALSE	0.433835
928	6	2746532	3964072	SCZ	0.000277913	0.000445108	FALSE	0.12001
929	6	3964073	4657086	SCZ	0.000178316	0.000285592	FALSE	0.119831
930	6	4657087	5378213	ASD	0.000510483	0.000822192	FALSE	0.124188
930	6	4657087	5378213	SCZ	0.000288041	0.00046133	FALSE	0.0380261
931	6	5378214	6621937	SCZ	0.000342906	0.000549202	FALSE	0.0857701
932	6	6621938	7808323	SCZ	0.000852023	0.00136461	FALSE	0.000649661
933	6	7808324	9020710	ASD	0.000727132	0.00117113	FALSE	0.0832354
933	6	7808324	9020710	SCZ	0.000388643	0.000622454	FALSE	0.021563
934	6	9020711	10416550	SCZ	0.000139389	0.000223246	FALSE	0.254802
935	6	10416551	11790671	SCZ	0.000319855	0.000512283	FALSE	0.0885035
936	6	11790672	13352326	SCZ	0.000693752	0.00111112	FALSE	0.00178879
937	6	13352327	15069421	SCZ	0.000661169	0.00105893	FALSE	0.00380691
938	6	15069422	16566882	ASD	0.000987909	0.00159114	FALSE	0.0695148
938	6	15069422	16566882	SCZ	0.000367506	0.000588601	FALSE	0.0631279
939	6	16566883	17391994	ASD	0.00160613	0.00258686	FALSE	0.00181319
939	6	16566883	17391994	SCZ	0.000369823	0.000592312	FALSE	0.0269782
940	6	17391995	18208676	SCZ	0.000285896	0.000457893	FALSE	0.0423146
941	6	18208677	18775022	ASD	0.000300817	0.000484501	FALSE	0.191996
941	6	18208677	18775022	SCZ	0.000233538	0.000374036	FALSE	0.0410429
942	6	18775023	19449152	ASD	0.000178406	0.000287344	FALSE	0.295416
942	6	18775023	19449152	SCZ	0.000449684	0.000720219	FALSE	0.000721665
943	6	19449153	20418020	SCZ	0.00051527	0.000825262	FALSE	0.00681208
944	6	20418021	21295864	SCZ	0.000303292	0.000485756	FALSE	0.0439408
945	6	21295865	22199713	SCZ	0.000409903	0.000656504	FALSE	0.0210113
946	6	22199714	23192337	SCZ	0.00028839	0.000461889	FALSE	0.0670766
947	6	23192338	23939306	ASD	0.000774986	0.00124821	FALSE	0.0643364
947	6	23192338	23939306	SCZ	0.00028124	0.000450437	FALSE	0.0620302
948	6	23939307	24950379	SCZ	0.00122486	0.00196174	FALSE	8.62638e-08
949	6	24950380	25684629	SCZ	0.0012031	0.0019269	FALSE	1.01854e-09
950	6	25684630	26396200	SCZ	0.00174051	0.00278762	FALSE	9.79814e-23
951	6	26396201	27261035	SCZ	0.00183919	0.00294566	FALSE	9.85283e-30
952	6	27261036	28666364	ASD	8.73177e-05	0.000140635	FALSE	0.39218
952	6	27261036	28666364	SCZ	0.00266719	0.0042718	FALSE	3.61535e-39
953	6	28666365	29529755	ASD	0.000213192	0.00034337	FALSE	0.221061
953	6	28666365	29529755	SCZ	0.00237266	0.00380008	FALSE	2.81842e-40
954	6	29529756	29833843	ASD	0.000777701	0.00125258	FALSE	0.00114741
954	6	29529756	29833843	SCZ	0.00129182	0.002069	FALSE	1.2263e-22
955	6	29833844	30070717	ASD	0.000467033	0.000752211	FALSE	0.010983
955	6	29833844	30070717	SCZ	0.00121021	0.00193829	FALSE	1.40172e-23
956	6	30070718	30715006	ASD	0.000285344	0.000459579	FALSE	0.164571
956	6	30070718	30715006	SCZ	0.00148972	0.00238594	FALSE	1.49439e-19
957	6	30715007	31106493	ASD	0.000739937	0.00119175	FALSE	0.0179471
957	6	30715007	31106493	SCZ	0.00153398	0.00245684	FALSE	6.85242e-20
958	6	31106494	31250556	ASD	0.000111128	0.000178984	FALSE	0.257902
958	6	31106494	31250556	SCZ	0.000967474	0.00154952	FALSE	1.03313e-17
959	6	31250557	31320268	ASD	0.000168888	0.000272013	FALSE	0.12705
959	6	31250557	31320268	SCZ	0.000877706	0.00140574	FALSE	3.29776e-18
960	6	31320269	31427209	ASD	6.55508e-05	0.000105577	FALSE	0.338806
960	6	31320269	31427209	SCZ	0.00121389	0.00194418	FALSE	4.79631e-23
961	6	31427210	32208901	ASD	0.000367042	0.000591164	FALSE	0.201151
961	6	31427210	32208901	SCZ	0.0022524	0.00360746	FALSE	2.11081e-25
962	6	32208902	32454577	SCZ	0.00109788	0.00175837	FALSE	1.84346e-19
963	6	32454578	32539567	ASD	5.10379e-05	8.22024e-05	FALSE	0.146897
963	6	32454578	32539567	SCZ	9.84147e-05	0.000157622	FALSE	0.0130375
964	6	32539568	32586784	SCZ	0.000444707	0.000712246	FALSE	4.24353e-10
965	6	32586785	32629239	SCZ	0.000761151	0.00121907	FALSE	1.77664e-16
966	6	32629240	32682213	SCZ	0.000922639	0.00147771	FALSE	1.68881e-21
967	6	32682214	32897998	SCZ	0.000814043	0.00130378	FALSE	2.39732e-11
968	6	32897999	33194975	ASD	0.000579403	0.000933196	FALSE	0.036654
968	6	32897999	33194975	SCZ	0.00102927	0.00164849	FALSE	1.27819e-12
969	6	33194976	33864262	SCZ	0.00128962	0.00206547	FALSE	1.88268e-11
970	6	33864263	34979270	ASD	3.87e-05	6.23308e-05	FALSE	0.456358
970	6	33864263	34979270	SCZ	0.000778664	0.00124712	FALSE	2.88701e-05
971	6	34979271	36346353	SCZ	0.000961827	0.00154047	FALSE	3.21701e-06
972	6	36346354	37570051	SCZ	0.000896367	0.00143563	FALSE	0.000111976
973	6	37570052	38688720	SCZ	0.000675381	0.0010817	FALSE	0.000913731
974	6	38688721	39785907	ASD	0.00107957	0.00173877	FALSE	0.0343423
974	6	38688721	39785907	SCZ	0.000419103	0.000671239	FALSE	0.0247514
975	6	39785908	40778401	ASD	0.000910947	0.00146719	FALSE	0.0494994
975	6	39785908	40778401	SCZ	0.000161626	0.000258861	FALSE	0.199139
976	6	40778402	42103738	SCZ	0.0008366	0.00133991	FALSE	0.000378791
977	6	42103739	43770626	ASD	0.000230845	0.000371802	FALSE	0.340975
977	6	42103739	43770626	SCZ	0.00104061	0.00166665	FALSE	4.72205e-06
978	6	43770627	44596897	SCZ	0.000330693	0.000529641	FALSE	0.0650731
979	6	44596898	45408421	SCZ	5.79737e-05	9.28513e-05	FALSE	0.27984
980	6	45408422	46430701	SCZ	0.000204062	0.000326827	FALSE	0.134741
981	6	46430702	47313443	SCZ	0.000556426	0.000891177	FALSE	0.00190605
982	6	47313444	48393981	ASD	0.000372263	0.000599572	FALSE	0.205679
982	6	47313444	48393981	SCZ	0.000421985	0.000675855	FALSE	0.0079073
983	6	48393982	49528164	SCZ	0.000231131	0.000370182	FALSE	0.0456562
984	6	49528165	50940767	SCZ	0.000665868	0.00106646	FALSE	0.000128885
985	6	50940768	51826423	ASD	0.00029593	0.000476629	FALSE	0.216782
985	6	50940768	51826423	SCZ	0.000215677	0.00034543	FALSE	0.0646299
986	6	51826424	52598879	ASD	0.000387783	0.00062457	FALSE	0.214357
986	6	51826424	52598879	SCZ	0.000559733	0.000896473	FALSE	0.00177625
987	6	52598880	53425492	SCZ	0.000310582	0.000497432	FALSE	0.0292557
988	6	53425493	54452767	ASD	0.000481071	0.000774821	FALSE	0.136921
988	6	53425493	54452767	SCZ	0.000418286	0.00066993	FALSE	0.00614947
989	6	54452768	55469137	ASD	7.7875e-05	0.000125427	FALSE	0.41229
989	6	54452768	55469137	SCZ	0.000647546	0.00103712	FALSE	5.53433e-05
990	6	55469138	56200985	ASD	0.000222152	0.000357802	FALSE	0.268988
990	6	55469138	56200985	SCZ	0.000261451	0.000418742	FALSE	0.031517
991	6	56200986	57316157	SCZ	0.00035714	0.000571999	FALSE	0.0120554
992	6	57316158	58141889	ASD	0.000217942	0.000351021	FALSE	0.128824
993	6	58141890	61883560	ASD	0.000206335	0.000332326	FALSE	0.152947
995	6	62693129	64010286	SCZ	6.38574e-05	0.000102275	FALSE	0.300812
996	6	64010287	65759861	ASD	0.000305111	0.000491417	FALSE	0.246788
996	6	64010287	65759861	SCZ	0.000342029	0.000547797	FALSE	0.023418
997	6	65759862	66445495	SCZ	0.000477604	0.000764935	FALSE	0.000367439
998	6	66445496	67036787	ASD	0.000676797	0.00109006	FALSE	0.0172969
998	6	66445496	67036787	SCZ	0.000501527	0.000803251	FALSE	3.58426e-05
999	6	67036788	67559694	ASD	0.000153513	0.00024725	FALSE	0.322916
999	6	67036788	67559694	SCZ	0.000129954	0.000208136	FALSE	0.155721
1000	6	67559695	68547494	SCZ	3.23097e-05	5.17476e-05	FALSE	0.39673
1001	6	68547495	69294227	ASD	0.000588927	0.000948536	FALSE	0.0874476
1001	6	68547495	69294227	SCZ	0.000732402	0.00117302	FALSE	1.26693e-05
1002	6	69294228	70363348	SCZ	0.000741202	0.00118712	FALSE	6.68098e-06
1003	6	70363349	71610787	ASD	0.000635103	0.00102291	FALSE	0.114365
1003	6	70363349	71610787	SCZ	0.0003505	0.000561364	FALSE	0.0356178
1004	6	71610788	72290723	ASD	0.000268884	0.000433069	FALSE	0.242552
1004	6	71610788	72290723	SCZ	0.000320613	0.000513497	FALSE	0.0169327
1005	6	72290724	73170168	SCZ	0.000639319	0.00102394	FALSE	6.93853e-05
1006	6	73170169	74401506	ASD	0.000488473	0.000786743	FALSE	0.159452
1006	6	73170169	74401506	SCZ	0.000488447	0.000782301	FALSE	0.00448288
1007	6	74401507	75461313	SCZ	0.000263676	0.000422305	FALSE	0.0393738
1009	6	77274031	78168731	SCZ	0.000312467	0.000500451	FALSE	0.0251407
1010	6	78168732	78959762	ASD	4.12364e-05	6.64159e-05	FALSE	0.429731
1010	6	78168732	78959762	SCZ	9.66404e-05	0.00015478	FALSE	0.190157
1011	6	78959763	79859903	SCZ	0.000141417	0.000226494	FALSE	0.123734
1012	6	79859904	80693927	ASD	5.48298e-05	8.83098e-05	FALSE	0.440343
1012	6	79859904	80693927	SCZ	0.000423477	0.000678245	FALSE	0.00793738
1013	6	80693928	81567706	SCZ	0.000485993	0.00077837	FALSE	0.000307262
1014	6	81567707	82388204	ASD	0.000124023	0.000199753	FALSE	0.331591
1014	6	81567707	82388204	SCZ	4.12454e-05	6.6059e-05	FALSE	0.34134
1015	6	82388205	83571953	SCZ	0.000432258	0.000692308	FALSE	0.00951129
1016	6	83571954	85038134	ASD	1.55246e-05	2.50042e-05	FALSE	0.475587
1016	6	83571954	85038134	SCZ	0.000971259	0.00155558	FALSE	6.00751e-07
1017	6	85038135	85837203	SCZ	0.000682755	0.00109351	FALSE	1.37579e-05
1018	6	85837204	86818669	SCZ	0.000115533	0.000185038	FALSE	0.172052
1019	6	86818670	87516322	SCZ	0.000211148	0.000338177	FALSE	0.0665312
1020	6	87516323	88499745	SCZ	0.000219152	0.000350996	FALSE	0.0576447
1021	6	88499746	89974267	ASD	0.000709708	0.00114307	FALSE	0.127833
1021	6	88499746	89974267	SCZ	0.000336016	0.000538166	FALSE	0.069149
1022	6	89974268	91097024	SCZ	0.000520236	0.000833215	FALSE	0.0042311
1023	6	91097025	92015279	SCZ	0.000348874	0.000558759	FALSE	0.0229069
1024	6	92015280	92953798	SCZ	0.000492952	0.000789516	FALSE	0.0025304
1025	6	92953799	93696825	SCZ	0.000932067	0.00149281	FALSE	5.03492e-08
1026	6	93696826	95176337	SCZ	0.000715178	0.00114544	FALSE	0.000532207
1027	6	95176338	96480153	SCZ	0.000546792	0.000875747	FALSE	0.000349868
1028	6	96480154	98173003	ASD	0.000657096	0.00105833	FALSE	0.10434
1028	6	96480154	98173003	SCZ	0.000485149	0.000777019	FALSE	0.00654028
1029	6	98173004	99678876	ASD	0.000504345	0.000812307	FALSE	0.169387
1029	6	98173004	99678876	SCZ	0.000114481	0.000183353	FALSE	0.267088
1030	6	99678877	100878645	SCZ	0.000271682	0.000435128	FALSE	0.0713016
1031	6	100878646	101793542	SCZ	7.17823e-05	0.000114967	FALSE	0.254278
1032	6	101793543	102637706	SCZ	0.000303686	0.000486387	FALSE	0.0309418
1033	6	102637707	103612625	ASD	9.54659e-05	0.000153759	FALSE	0.387492
1033	6	102637707	103612625	SCZ	0.000154066	0.000246754	FALSE	0.130344
1034	6	103612626	104209796	ASD	0.000143108	0.000230491	FALSE	0.300162
1034	6	103612626	104209796	SCZ	0.00026332	0.000421736	FALSE	0.0106152
1035	6	104209797	104951344	SCZ	0.000633803	0.00101511	FALSE	2.76315e-05
1036	6	104951345	106053915	SCZ	0.000215486	0.000345125	FALSE	0.0966046
1037	6	106053916	107309327	SCZ	0.000460207	0.000737073	FALSE	0.0235832
1038	6	107309328	109043244	SCZ	0.000911409	0.00145972	FALSE	2.86991e-05
1039	6	109043245	110647842	SCZ	0.000459115	0.000735323	FALSE	0.00351639
1040	6	110647843	111363443	ASD	0.000113275	0.000182443	FALSE	0.370858
1040	6	110647843	111363443	SCZ	0.000437015	0.000699927	FALSE	0.00181993
1041	6	111363444	112342873	SCZ	0.00041671	0.000667407	FALSE	0.00690166
1042	6	112342874	113705003	SCZ	0.00059485	0.000952717	FALSE	0.00201933
1043	6	113705004	115062811	ASD	0.000906183	0.00145951	FALSE	0.043509
1043	6	113705004	115062811	SCZ	0.000412556	0.000660754	FALSE	0.0159721
1044	6	115062812	116132147	ASD	0.000363745	0.000585854	FALSE	0.161856
1044	6	115062812	116132147	SCZ	0.000231859	0.000371348	FALSE	0.0457164
1045	6	116132148	117674076	SCZ	0.000380479	0.000609379	FALSE	0.0205587
1046	6	117674077	118529071	SCZ	0.000631195	0.00101093	FALSE	5.29234e-05
1047	6	118529072	119451294	ASD	0.000241692	0.000389273	FALSE	0.248747
1047	6	118529072	119451294	SCZ	0.000413946	0.00066298	FALSE	0.00231666
1048	6	119451295	120339244	ASD	0.000661128	0.00106482	FALSE	0.039826
1048	6	119451295	120339244	SCZ	0.000479835	0.000768508	FALSE	0.000461284
1049	6	120339245	121087444	SCZ	0.00036917	0.000591266	FALSE	0.00217214
1050	6	121087445	121908063	ASD	3.5693e-05	5.74878e-05	FALSE	0.440411
1050	6	121087445	121908063	SCZ	0.000353724	0.000566527	FALSE	0.00434877
1051	6	121908064	122929290	SCZ	0.000457983	0.000733509	FALSE	0.000761845
1052	6	122929291	123854857	ASD	0.000545334	0.000878324	FALSE	0.137376
1052	6	122929291	123854857	SCZ	0.000671401	0.00107532	FALSE	0.000282869
1053	6	123854858	125365054	SCZ	0.000820622	0.00131432	FALSE	0.000438391
1054	6	125365055	127545459	SCZ	0.000265682	0.000425519	FALSE	0.108303
1055	6	127545460	128763380	ASD	0.000269012	0.000433275	FALSE	0.264104
1055	6	127545460	128763380	SCZ	0.000315738	0.000505689	FALSE	0.0278521
1056	6	128763381	129850178	SCZ	0.000292721	0.000468824	FALSE	0.0380674
1057	6	129850179	130550137	SCZ	0.000472097	0.000756115	FALSE	0.00795136
1058	6	130550138	131457164	SCZ	0.000518012	0.000829653	FALSE	0.000691385
1059	6	131457165	132890694	SCZ	0.000401009	0.000642259	FALSE	0.0287514
1060	6	132890695	134313643	ASD	0.000556103	0.000895668	FALSE	0.166614
1060	6	132890695	134313643	SCZ	0.000546861	0.000875857	FALSE	0.00588183
1061	6	134313644	135544083	ASD	0.000535729	0.000862854	FALSE	0.181167
1062	6	135544084	137553212	SCZ	0.000408432	0.000654148	FALSE	0.0336641
1063	6	137553213	138825721	SCZ	0.000158695	0.000254167	FALSE	0.221918
1064	6	138825722	139716713	ASD	0.000602525	0.000970436	FALSE	0.103539
1064	6	138825722	139716713	SCZ	0.000373343	0.000597949	FALSE	0.0174492
1065	6	139716714	141449453	ASD	8.48502e-05	0.000136661	FALSE	0.429511
1065	6	139716714	141449453	SCZ	0.000624139	0.000999626	FALSE	0.00168722
1066	6	141449454	143083347	SCZ	0.000734205	0.00117591	FALSE	0.000124904
1067	6	143083348	144791455	ASD	0.000113955	0.000183538	FALSE	0.425034
1067	6	143083348	144791455	SCZ	0.000538583	0.0008626	FALSE	0.016302
1068	6	144791456	145778282	ASD	0.000690343	0.00111188	FALSE	0.0509757
1068	6	144791456	145778282	SCZ	0.000490635	0.000785806	FALSE	0.00109253
1069	6	145778283	147015882	ASD	0.000549381	0.000884842	FALSE	0.0813979
1069	6	145778283	147015882	SCZ	0.000647892	0.00103767	FALSE	2.34208e-05
1070	6	147015883	148184844	SCZ	0.000206546	0.000330805	FALSE	0.13693
1071	6	148184845	149278798	ASD	0.000779786	0.00125594	FALSE	0.11344
1071	6	148184845	149278798	SCZ	0.00032759	0.000524671	FALSE	0.0793764
1072	6	149278799	150635315	ASD	0.00037591	0.000605447	FALSE	0.254727
1072	6	149278799	150635315	SCZ	0.000470638	0.000753779	FALSE	0.0149249
1073	6	150635316	151629954	SCZ	0.000593711	0.000950893	FALSE	0.00536945
1074	6	151629955	152376499	ASD	0.000263802	0.000424884	FALSE	0.279991
1074	6	151629955	152376499	SCZ	0.00023902	0.000382816	FALSE	0.0822925
1075	6	152376500	153082361	SCZ	0.00029742	0.00047635	FALSE	0.0450369
1076	6	153082362	153791461	ASD	0.000507131	0.000816794	FALSE	0.116846
1076	6	153082362	153791461	SCZ	8.18479e-05	0.000131088	FALSE	0.284641
1077	6	153791462	154462010	ASD	5.66536e-06	9.12472e-06	FALSE	0.476661
1077	6	153791462	154462010	SCZ	0.000119194	0.000190902	FALSE	0.163309
1078	6	154462011	155523957	SCZ	9.89979e-05	0.000158556	FALSE	0.328817
1079	6	155523958	156762740	ASD	0.000265159	0.00042707	FALSE	0.331968
1079	6	155523958	156762740	SCZ	0.000289367	0.000463453	FALSE	0.106216
1080	6	156762741	158220143	ASD	7.56341e-06	1.21817e-05	FALSE	0.485935
1080	6	156762741	158220143	SCZ	0.000525879	0.000842253	FALSE	0.0116184
1081	6	158220144	158952060	ASD	0.000454588	0.000732167	FALSE	0.146373
1081	6	158220144	158952060	SCZ	0.000426716	0.000683432	FALSE	0.00492214
1082	6	158952061	159604052	SCZ	8.33287e-05	0.00013346	FALSE	0.287463
1083	6	159604053	160583918	ASD	0.000259972	0.000418715	FALSE	0.296349
1083	6	159604053	160583918	SCZ	0.000542645	0.000869106	FALSE	0.00257903
1085	6	161371015	162254229	SCZ	0.000307803	0.00049298	FALSE	0.0648922
1086	6	162254230	163336361	ASD	6.03435e-05	9.71902e-05	FALSE	0.441248
1086	6	162254230	163336361	SCZ	0.000123775	0.000198239	FALSE	0.240523
1087	6	163336362	164687462	ASD	0.00118838	0.00191403	FALSE	0.0404315
1087	6	163336362	164687462	SCZ	0.000666816	0.00106798	FALSE	0.003781
1088	6	164687463	165835953	ASD	0.000467239	0.000752543	FALSE	0.191265
1088	6	164687463	165835953	SCZ	0.000500812	0.000802106	FALSE	0.00703125
1089	6	165835954	166853325	SCZ	0.000697781	0.00111757	FALSE	0.0009104
1090	6	166853326	167714865	SCZ	0.000695793	0.00111439	FALSE	0.000461296
1091	6	167714866	168707338	ASD	0.000331795	0.000534395	FALSE	0.26848
1091	6	167714866	168707338	SCZ	9.11722e-05	0.000146022	FALSE	0.314693
1092	6	168707339	169667886	ASD	0.000111927	0.000180271	FALSE	0.413654
1093	6	169667887	171053405	ASD	0.000174359	0.000280825	FALSE	0.357259
1094	7	15064	617319	ASD	0.000352227	0.000567302	FALSE	0.146308
1095	7	617320	1366972	SCZ	0.000235782	0.000377631	FALSE	0.085294
1096	7	1366973	2473749	ASD	0.000723114	0.00116466	FALSE	0.110581
1096	7	1366973	2473749	SCZ	0.00141227	0.00226191	FALSE	1.88913e-09
1097	7	2473750	3100211	SCZ	0.00111022	0.00177814	FALSE	4.42669e-07
1098	7	3100212	4139431	SCZ	0.000868994	0.00139179	FALSE	0.000129092
1099	7	4139432	4938442	SCZ	0.000591441	0.000947258	FALSE	0.0043538
1100	7	4938443	6020653	SCZ	0.000674977	0.00108105	FALSE	0.00333787
1101	7	6020654	6716905	SCZ	0.000698876	0.00111933	FALSE	0.000115114
1102	7	6716906	7167610	SCZ	0.000227071	0.000363678	FALSE	0.0190848
1103	7	7167611	7926500	ASD	0.00104489	0.00168292	FALSE	0.027606
1104	7	7926501	8718351	SCZ	0.000357049	0.000571854	FALSE	0.037997
1105	7	8718352	9225106	SCZ	0.000339704	0.000544073	FALSE	0.0305063
1106	7	9225107	9900801	SCZ	0.000163724	0.000262221	FALSE	0.161869
1107	7	9900802	10481677	ASD	0.000403477	0.000649847	FALSE	0.171676
1107	7	9900802	10481677	SCZ	0.000108289	0.000173436	FALSE	0.234042
1108	7	10481678	11232447	SCZ	0.000298778	0.000478525	FALSE	0.0281805
1109	7	11232448	11855413	SCZ	0.000333461	0.000534075	FALSE	0.0326204
1110	7	11855414	12694915	SCZ	0.000595861	0.000954336	FALSE	0.000640498
1111	7	12694916	13213541	SCZ	0.000213193	0.000341452	FALSE	0.0732082
1112	7	13213542	13676747	SCZ	0.000558595	0.00089465	FALSE	0.000339237
1113	7	13676748	15013694	ASD	0.000818438	0.00131819	FALSE	0.107371
1113	7	13676748	15013694	SCZ	0.000932933	0.00149419	FALSE	0.000105464
1114	7	15013695	15877564	SCZ	0.000330048	0.000528608	FALSE	0.0414933
1115	7	15877565	16739013	SCZ	0.000758441	0.00121473	FALSE	5.61501e-05
1116	7	16739014	17596578	SCZ	0.00038981	0.000624324	FALSE	0.0417224
1117	7	17596579	19131026	ASD	0.00188094	0.00302947	FALSE	0.00439369
1117	7	17596579	19131026	SCZ	0.000659809	0.00105676	FALSE	0.00531792
1118	7	19131027	20122179	ASD	0.000508562	0.000819098	FALSE	0.167861
1118	7	19131027	20122179	SCZ	0.00055258	0.000885018	FALSE	0.00315848
1119	7	20122180	21390644	ASD	0.00058579	0.000943483	FALSE	0.186654
1119	7	20122180	21390644	SCZ	0.00081407	0.00130382	FALSE	0.000621953
1120	7	21390645	22165060	SCZ	0.000507244	0.000812407	FALSE	0.016817
1121	7	22165061	23106680	SCZ	0.000475085	0.000760901	FALSE	0.0069543
1122	7	23106681	24151099	ASD	0.000217612	0.000350489	FALSE	0.319678
1122	7	23106681	24151099	SCZ	0.000661635	0.00105968	FALSE	0.000276038
1123	7	24151100	24894119	SCZ	0.000634106	0.00101559	FALSE	0.000277751
1124	7	24894120	25671575	SCZ	0.000753883	0.00120743	FALSE	0.000261103
1125	7	25671576	27351286	SCZ	0.00131603	0.00210776	FALSE	8.90735e-08
1126	7	27351287	28890886	SCZ	0.000441538	0.000707172	FALSE	0.0402518
1127	7	28890887	30175113	SCZ	0.000949648	0.00152096	FALSE	7.56123e-05
1128	7	30175114	31730554	SCZ	0.000402192	0.000644155	FALSE	0.0471573
1129	7	31730555	32460228	SCZ	0.00045546	0.000729469	FALSE	0.00535771
1130	7	32460229	33159277	ASD	8.58645e-05	0.000138295	FALSE	0.374433
1131	7	33159278	34114532	SCZ	0.000182256	0.000291903	FALSE	0.13208
1132	7	34114533	35354135	SCZ	0.000272629	0.000436645	FALSE	0.0543183
1133	7	35354136	36507690	SCZ	0.000312093	0.000499852	FALSE	0.0638321
1134	7	36507691	37981936	ASD	6.44836e-05	0.000103858	FALSE	0.45181
1134	7	36507691	37981936	SCZ	0.000717591	0.0011493	FALSE	0.00181667
1135	7	37981937	38966483	ASD	0.000500069	0.000805419	FALSE	0.172855
1135	7	37981937	38966483	SCZ	0.000401249	0.000642644	FALSE	0.0216506
1136	7	38966484	40261240	SCZ	0.00032145	0.000514838	FALSE	0.0438505
1137	7	40261241	41415925	ASD	0.00031116	0.000501159	FALSE	0.247336
1137	7	40261241	41415925	SCZ	0.000516848	0.000827789	FALSE	0.00204192
1138	7	41415926	42494806	ASD	6.31716e-05	0.000101745	FALSE	0.445626
1138	7	41415926	42494806	SCZ	0.000848613	0.00135915	FALSE	6.66959e-05
1139	7	42494807	43448815	SCZ	0.00027902	0.000446881	FALSE	0.0565501
1140	7	43448816	44989571	SCZ	0.000660885	0.00105848	FALSE	0.00131404
1141	7	44989572	46247335	ASD	0.000147174	0.000237041	FALSE	0.386695
1141	7	44989572	46247335	SCZ	0.000914216	0.00146422	FALSE	1.62683e-05
1142	7	46247336	47253454	SCZ	0.000562062	0.000900204	FALSE	0.00278731
1143	7	47253455	48363585	ASD	0.000291484	0.000469469	FALSE	0.30994
1143	7	47253455	48363585	SCZ	0.000580139	0.000929157	FALSE	0.00561936
1144	7	48363586	48984625	ASD	0.000440678	0.000709764	FALSE	0.137076
1144	7	48363586	48984625	SCZ	0.000243398	0.000389828	FALSE	0.0509919
1145	7	48984626	49632426	ASD	0.000114271	0.000184047	FALSE	0.376713
1145	7	48984626	49632426	SCZ	0.000355734	0.000569747	FALSE	0.010728
1146	7	49632427	50894508	ASD	0.000350259	0.000564132	FALSE	0.251457
1146	7	49632427	50894508	SCZ	0.000203405	0.000325775	FALSE	0.144602
1147	7	50894509	51951647	SCZ	0.000573045	0.000917793	FALSE	0.00266566
1148	7	51951648	52635123	ASD	0.000492333	0.00079296	FALSE	0.105026
1148	7	51951648	52635123	SCZ	0.000275581	0.000441373	FALSE	0.0291153
1149	7	52635124	53176523	ASD	0.000632781	0.00101917	FALSE	0.0568124
1149	7	52635124	53176523	SCZ	0.000243046	0.000389265	FALSE	0.0450644
1150	7	53176524	54086987	ASD	0.000599786	0.000966024	FALSE	0.074076
1150	7	53176524	54086987	SCZ	0.000190491	0.000305093	FALSE	0.0988021
1151	7	54086988	54550500	SCZ	0.00010685	0.000171132	FALSE	0.133699
1152	7	54550501	55161394	SCZ	0.000360578	0.000577506	FALSE	0.00749631
1153	7	55161395	56303513	SCZ	0.000320419	0.000513187	FALSE	0.045277
1154	7	56303514	57383657	SCZ	9.77021e-05	0.000156481	FALSE	0.189069
1155	7	57383658	61969717	ASD	0.000249041	0.000401109	FALSE	0.0994428
1155	7	57383658	61969717	SCZ	3.90675e-05	6.25709e-05	FALSE	0.262532
1156	7	61969718	63311297	ASD	5.5173e-05	8.88625e-05	FALSE	0.384643
1156	7	61969718	63311297	SCZ	1.68504e-05	2.69877e-05	FALSE	0.39731
1157	7	63311298	64216135	ASD	0.000145741	0.000234733	FALSE	0.310094
1157	7	63311298	64216135	SCZ	1.58688e-05	2.54156e-05	FALSE	0.426729
1159	7	65294278	66453993	SCZ	5.77511e-05	9.24948e-05	FALSE	0.221281
1160	7	66453994	66914875	ASD	3.88041e-05	6.24985e-05	FALSE	0.423639
1161	7	66914876	67474722	SCZ	0.000371219	0.000594548	FALSE	0.00697231
1162	7	67474723	68569224	ASD	3.40418e-05	5.48283e-05	FALSE	0.467287
1162	7	67474723	68569224	SCZ	0.000897372	0.00143724	FALSE	4.55486e-05
1163	7	68569225	70144614	SCZ	0.000547404	0.000876728	FALSE	0.00320223
1164	7	70144615	71215741	ASD	0.000171939	0.000276927	FALSE	0.372563
1164	7	70144615	71215741	SCZ	0.000588468	0.000942496	FALSE	0.00324506
1165	7	71215742	73128830	ASD	5.85558e-05	9.43109e-05	FALSE	0.446554
1165	7	71215742	73128830	SCZ	0.000821941	0.00131643	FALSE	5.66811e-05
1166	7	73128831	75243899	ASD	0.000191887	0.000309056	FALSE	0.338825
1166	7	73128831	75243899	SCZ	0.000242877	0.000388994	FALSE	0.0866571
1167	7	75243900	76451928	SCZ	2.30012e-05	3.68389e-05	FALSE	0.435383
1169	7	77663965	78685009	ASD	0.000256041	0.000412384	FALSE	0.319836
1169	7	77663965	78685009	SCZ	0.000701816	0.00112403	FALSE	0.000660978
1170	7	78685010	80055721	SCZ	0.000603902	0.000967215	FALSE	0.000763063
1171	7	80055722	81533566	SCZ	7.28215e-05	0.000116632	FALSE	0.358225
1172	7	81533567	82759283	ASD	0.00024587	0.000396002	FALSE	0.323776
1172	7	81533567	82759283	SCZ	0.000628969	0.00100736	FALSE	0.00173221
1173	7	82759284	83953009	SCZ	0.000335636	0.000537558	FALSE	0.0338799
1174	7	83953010	85356715	SCZ	0.000576353	0.000923092	FALSE	0.000329719
1175	7	85356716	86446538	ASD	5.28263e-05	8.50829e-05	FALSE	0.425184
1175	7	85356716	86446538	SCZ	0.000681993	0.00109229	FALSE	2.56139e-06
1176	7	86446539	87836641	SCZ	0.00141261	0.00226245	FALSE	5.18998e-13
1177	7	87836642	89330087	SCZ	0.000426322	0.000682801	FALSE	0.0144028
1178	7	89330088	90660831	SCZ	0.000290708	0.000465601	FALSE	0.0369658
1179	7	90660832	92530165	SCZ	0.000595334	0.000953492	FALSE	0.00209627
1180	7	92530166	93691725	ASD	8.19564e-05	0.000132	FALSE	0.421961
1180	7	92530166	93691725	SCZ	8.98646e-05	0.000143928	FALSE	0.296289
1181	7	93691726	95174847	SCZ	0.000453394	0.000726161	FALSE	0.0114416
1182	7	95174848	96564981	ASD	9.07585e-05	0.000146177	FALSE	0.420819
1182	7	95174848	96564981	SCZ	0.000198961	0.000318658	FALSE	0.14438
1184	7	97420208	98173564	SCZ	0.000259923	0.000416295	FALSE	0.0297327
1185	7	98173565	99465540	SCZ	0.000295592	0.000473423	FALSE	0.0401794
1186	7	99465541	100849307	SCZ	0.000545511	0.000873695	FALSE	0.00271282
1187	7	100849308	101950748	SCZ	0.000289424	0.000463544	FALSE	0.0784016
1188	7	101950749	103191322	ASD	7.89566e-06	1.27169e-05	FALSE	0.476469
1188	7	101950749	103191322	SCZ	0.000189104	0.00030287	FALSE	0.0852119
1189	7	103191323	104109231	SCZ	0.000314559	0.000503801	FALSE	0.0405206
1190	7	104109232	105312563	ASD	9.32733e-05	0.000150227	FALSE	0.421763
1190	7	104109232	105312563	SCZ	0.00101982	0.00163336	FALSE	1.40829e-06
1191	7	105312564	106399739	SCZ	0.000647279	0.00103669	FALSE	0.00364146
1192	7	106399740	107658603	ASD	0.000120344	0.000193828	FALSE	0.400412
1192	7	106399740	107658603	SCZ	0.000228577	0.00036609	FALSE	0.116451
1193	7	107658604	109095558	ASD	0.000226976	0.000365571	FALSE	0.330296
1193	7	107658604	109095558	SCZ	0.000648114	0.00103803	FALSE	0.000980755
1194	7	109095559	110479479	ASD	6.61947e-05	0.000106614	FALSE	0.443769
1194	7	109095559	110479479	SCZ	0.000551239	0.00088287	FALSE	0.00523244
1195	7	110479480	111795299	SCZ	0.00125217	0.00200549	FALSE	2.73176e-09
1196	7	111795300	113339386	ASD	0.000134475	0.000216588	FALSE	0.38586
1196	7	111795300	113339386	SCZ	0.000404995	0.000648644	FALSE	0.0170034
1197	7	113339387	115321301	ASD	0.000132602	0.000213571	FALSE	0.395388
1197	7	113339387	115321301	SCZ	0.000847479	0.00135733	FALSE	4.69092e-05
1198	7	115321302	116835336	SCZ	0.000266846	0.000427383	FALSE	0.0799
1199	7	116835337	118342090	SCZ	7.51855e-05	0.000120418	FALSE	0.310789
1200	7	118342091	119568236	SCZ	0.000188552	0.000301987	FALSE	0.0437482
1201	7	119568237	121042050	SCZ	0.000442965	0.000709457	FALSE	0.00418176
1202	7	121042051	121946052	SCZ	0.000306651	0.000491136	FALSE	0.0215283
1203	7	121946053	123859746	ASD	0.000527883	0.000850216	FALSE	0.180177
1203	7	121946053	123859746	SCZ	0.000733951	0.0011755	FALSE	0.000506996
1204	7	123859747	125389586	ASD	0.000282975	0.000455764	FALSE	0.259902
1204	7	123859747	125389586	SCZ	0.000308709	0.000494432	FALSE	0.0338026
1205	7	125389587	126640872	SCZ	0.000802133	0.0012847	FALSE	2.30173e-06
1206	7	126640873	127903738	ASD	0.000535223	0.000862039	FALSE	0.138606
1206	7	126640873	127903738	SCZ	0.000624565	0.00100031	FALSE	0.000564508
1207	7	127903739	128779173	ASD	0.000338362	0.00054497	FALSE	0.223395
1207	7	127903739	128779173	SCZ	0.000257887	0.000413034	FALSE	0.0610356
1208	7	128779174	130418704	ASD	0.000946498	0.00152445	FALSE	0.0679269
1208	7	128779174	130418704	SCZ	0.000396089	0.00063438	FALSE	0.0420046
1209	7	130418705	131856481	SCZ	0.00104108	0.00166741	FALSE	2.43108e-05
1210	7	131856482	133807216	ASD	0.00064311	0.0010358	FALSE	0.149053
1210	7	131856482	133807216	SCZ	0.000934633	0.00149692	FALSE	5.20682e-05
1211	7	133807217	134943221	SCZ	0.000769991	0.00123322	FALSE	4.34117e-05
1212	7	134943222	136113467	SCZ	0.000507034	0.00081207	FALSE	0.00880599
1213	7	136113468	137657459	SCZ	0.000757018	0.00121245	FALSE	0.00024371
1214	7	137657460	138755107	ASD	0.000443307	0.000713997	FALSE	0.228846
1214	7	137657460	138755107	SCZ	0.000520297	0.000833313	FALSE	0.0105938
1215	7	138755108	140217630	ASD	0.000421824	0.000679396	FALSE	0.246358
1215	7	138755108	140217630	SCZ	0.000406373	0.00065085	FALSE	0.0389435
1216	7	140217631	142098979	ASD	0.000417516	0.000672459	FALSE	0.226636
1216	7	140217631	142098979	SCZ	0.00101675	0.00162844	FALSE	3.07424e-06
1217	7	142098980	144324464	ASD	0.000535279	0.000862129	FALSE	0.163849
1217	7	142098980	144324464	SCZ	0.000114947	0.000184101	FALSE	0.273294
1218	7	144324465	145415775	ASD	0.000129187	0.00020807	FALSE	0.384481
1218	7	144324465	145415775	SCZ	0.000241642	0.000387016	FALSE	0.085525
1219	7	145415776	146574327	SCZ	0.000285522	0.000457295	FALSE	0.047019
1220	7	146574328	147352171	ASD	0.000395813	0.000637503	FALSE	0.176006
1220	7	146574328	147352171	SCZ	0.000443376	0.000710116	FALSE	0.00351999
1221	7	147352172	148622913	SCZ	0.000477179	0.000764255	FALSE	0.0169929
1222	7	148622914	149842999	SCZ	0.000411803	0.000659548	FALSE	0.0166708
1223	7	149843000	150897818	SCZ	9.98973e-05	0.000159996	FALSE	0.289841
1226	7	153241229	154407487	SCZ	0.00044108	0.000706439	FALSE	0.018798
1227	7	154407488	155280610	SCZ	0.000643165	0.0010301	FALSE	0.00328072
1228	7	155280611	156344386	SCZ	0.000378509	0.000606224	FALSE	0.0578704
1229	7	156344387	157199331	SCZ	0.000263273	0.00042166	FALSE	0.0711452
1230	7	157199332	158031247	ASD	1.03651e-06	1.66943e-06	FALSE	0.489685
1230	7	157199332	158031247	SCZ	0.000345561	0.000553454	FALSE	0.0566731
1231	7	158031248	159128566	SCZ	0.000253343	0.000405756	FALSE	0.101353
1232	8	11740	660414	ASD	0.000569172	0.000916717	FALSE	0.127713
1232	8	11740	660414	SCZ	0.000347221	0.000556113	FALSE	0.0301988
1233	8	660415	1161824	ASD	0.000300521	0.000484024	FALSE	0.27181
1233	8	660415	1161824	SCZ	0.00085145	0.00136369	FALSE	1.55917e-05
1234	8	1161825	1628039	SCZ	0.000886992	0.00142062	FALSE	2.16956e-05
1235	8	1628040	2070902	SCZ	0.000200449	0.000321041	FALSE	0.17048
1236	8	2070903	2396122	SCZ	0.000372223	0.000596155	FALSE	0.00464198
1237	8	2396123	2970491	SCZ	0.000566387	0.00090713	FALSE	0.00538565
1238	8	2970492	3386667	ASD	0.000329044	0.000529964	FALSE	0.273879
1238	8	2970492	3386667	SCZ	0.000818786	0.00131138	FALSE	9.35334e-05
1239	8	3386668	3787248	SCZ	0.000425403	0.000681329	FALSE	0.0262917
1240	8	3787249	4273083	SCZ	0.000851277	0.00136341	FALSE	0.000519201
1241	8	4273084	4893120	SCZ	0.000772729	0.00123761	FALSE	0.00229368
1242	8	4893121	5566269	SCZ	0.000472094	0.000756111	FALSE	0.0213486
1243	8	5566270	6019163	SCZ	0.00047223	0.000756328	FALSE	0.00598157
1244	8	6019164	6663427	SCZ	8.65952e-05	0.000138692	FALSE	0.343466
1245	8	6663428	8064600	ASD	0.000400746	0.000645448	FALSE	0.18262
1245	8	6663428	8064600	SCZ	0.000474382	0.000759774	FALSE	0.00287592
1246	8	8064601	8589770	ASD	8.08743e-06	1.30258e-05	FALSE	0.479833
1246	8	8064601	8589770	SCZ	0.000413019	0.000661495	FALSE	0.00728209
1247	8	8589771	9167795	ASD	0.000484998	0.000781145	FALSE	0.163709
1247	8	8589771	9167795	SCZ	0.000320468	0.000513265	FALSE	0.0407429
1248	8	9167796	9835863	SCZ	0.000851363	0.00136355	FALSE	2.55642e-06
1249	8	9835864	10478851	ASD	0.000479847	0.00077285	FALSE	0.191622
1249	8	9835864	10478851	SCZ	0.000731572	0.00117169	FALSE	0.000315854
1250	8	10478852	11466761	ASD	0.000794675	0.00127992	FALSE	0.0806812
1250	8	10478852	11466761	SCZ	0.000349399	0.0005596	FALSE	0.0446571
1251	8	11466762	12296849	SCZ	4.10758e-05	6.57874e-05	FALSE	0.388955
1252	8	12296850	12947935	ASD	7.65283e-05	0.000123258	FALSE	0.408839
1252	8	12296850	12947935	SCZ	0.000340554	0.000545435	FALSE	0.011229
1253	8	12947936	13395051	SCZ	9.75026e-05	0.000156161	FALSE	0.242543
1254	8	13395052	13948095	ASD	0.000311595	0.000501861	FALSE	0.257437
1254	8	13395052	13948095	SCZ	0.000429658	0.000688145	FALSE	0.0101744
1255	8	13948096	14389305	ASD	1.99222e-05	3.20871e-05	FALSE	0.465578
1255	8	13948096	14389305	SCZ	0.000573051	0.000917804	FALSE	0.000155547
1256	8	14389306	14872767	SCZ	0.000369283	0.000591448	FALSE	0.0139739
1257	8	14872768	15359692	SCZ	0.000607072	0.000972293	FALSE	0.000341824
1258	8	15359693	15999328	ASD	0.000761872	0.00122708	FALSE	0.0714488
1258	8	15359693	15999328	SCZ	0.000627678	0.0010053	FALSE	0.000712474
1259	8	15999329	16988030	SCZ	7.50987e-06	1.20279e-05	FALSE	0.474571
1260	8	16988031	17492672	SCZ	0.000282553	0.000452539	FALSE	0.0660291
1261	8	17492673	17947004	SCZ	3.31795e-05	5.31406e-05	FALSE	0.39707
1262	8	17947005	18668609	ASD	0.000148906	0.000239831	FALSE	0.391303
1262	8	17947005	18668609	SCZ	0.000438154	0.000701751	FALSE	0.0230078
1263	8	18668610	19488888	SCZ	0.000570916	0.000914384	FALSE	0.00690635
1264	8	19488889	20135628	SCZ	0.000801339	0.00128343	FALSE	9.48228e-05
1265	8	20135629	20812107	ASD	6.0065e-05	9.67417e-05	FALSE	0.439694
1265	8	20135629	20812107	SCZ	0.000175341	0.000280827	FALSE	0.157995
1266	8	20812108	21650453	ASD	0.000812586	0.00130876	FALSE	0.0734204
1266	8	20812108	21650453	SCZ	0.000473348	0.000758119	FALSE	0.0109812
1267	8	21650454	22895018	ASD	0.000260926	0.000420251	FALSE	0.335379
1267	8	21650454	22895018	SCZ	0.000261469	0.000418772	FALSE	0.128939
1268	8	22895019	23788494	SCZ	0.000176024	0.000281921	FALSE	0.192963
1269	8	23788495	24863243	ASD	0.000591522	0.000952715	FALSE	0.115765
1269	8	23788495	24863243	SCZ	0.00054856	0.000878579	FALSE	0.00224871
1270	8	24863244	25859277	SCZ	0.000216564	0.000346852	FALSE	0.127136
1271	8	25859278	26679135	SCZ	0.000544281	0.000871725	FALSE	0.00425689
1272	8	26679136	27406511	ASD	0.000408573	0.000658055	FALSE	0.178259
1272	8	26679136	27406511	SCZ	0.000452831	0.000725258	FALSE	0.00420538
1273	8	27406512	28344176	SCZ	0.000631638	0.00101164	FALSE	0.000840706
1274	8	28344177	29744540	SCZ	0.000330805	0.00052982	FALSE	0.0549452
1275	8	29744541	31134786	SCZ	8.94104e-05	0.000143201	FALSE	0.296317
1276	8	31134787	32454962	SCZ	0.00125765	0.00201427	FALSE	4.69872e-09
1277	8	32454963	33982537	SCZ	0.00115565	0.0018509	FALSE	2.0127e-08
1278	8	33982538	34792220	SCZ	0.00057648	0.000923296	FALSE	2.37993e-05
1279	8	34792221	36641174	SCZ	0.000554737	0.000888472	FALSE	0.00133649
1280	8	36641175	38803980	ASD	0.000184646	0.000297394	FALSE	0.389389
1280	8	36641175	38803980	SCZ	0.00071245	0.00114107	FALSE	0.00349799
1281	8	38803981	40179577	SCZ	1.32213e-05	2.11753e-05	FALSE	0.461715
1282	8	40179578	40974254	ASD	0.000102194	0.000164596	FALSE	0.400928
1282	8	40179578	40974254	SCZ	0.000352669	0.000564839	FALSE	0.0205452
1283	8	40974255	41725002	SCZ	0.000157932	0.000252946	FALSE	0.18314
1284	8	41725003	43825633	SCZ	0.000405802	0.000649936	FALSE	0.012339
1285	8	43825634	49044813	ASD	0.000369142	0.000594546	FALSE	0.0911407
1285	8	43825634	49044813	SCZ	0.000130174	0.000208488	FALSE	0.0941236
1286	8	49044814	50288660	ASD	0.000427037	0.000687793	FALSE	0.151082
1286	8	49044814	50288660	SCZ	0.00017242	0.000276149	FALSE	0.123937
1288	8	51461456	52326236	SCZ	0.000360389	0.000577203	FALSE	0.00281666
1289	8	52326237	53108910	SCZ	0.000206448	0.000330648	FALSE	0.0575527
1290	8	53108911	54119373	SCZ	0.000150319	0.000240752	FALSE	0.151878
1291	8	54119374	55275354	SCZ	9.63074e-05	0.000154247	FALSE	0.265647
1292	8	55275355	56346878	SCZ	0.000231296	0.000370446	FALSE	0.093558
1293	8	56346879	57436722	ASD	0.00043787	0.000705241	FALSE	0.184791
1293	8	56346879	57436722	SCZ	0.000279842	0.000448197	FALSE	0.0607313
1294	8	57436723	58675117	SCZ	0.000549007	0.000879296	FALSE	0.00312382
1295	8	58675118	59555977	ASD	0.000160883	0.000259121	FALSE	0.356133
1295	8	58675118	59555977	SCZ	0.000776301	0.00124333	FALSE	2.00518e-05
1296	8	59555978	60476248	ASD	0.00010805	0.000174028	FALSE	0.392896
1296	8	59555978	60476248	SCZ	0.000366935	0.000587687	FALSE	0.0154662
1297	8	60476249	61324889	SCZ	0.000582388	0.000932758	FALSE	6.35071e-05
1298	8	61324890	62330900	ASD	0.000718188	0.00115673	FALSE	0.0728221
1298	8	61324890	62330900	SCZ	0.00067536	0.00108166	FALSE	0.000194121
1299	8	62330901	63253462	SCZ	0.000426693	0.000683396	FALSE	0.00414446
1300	8	63253463	64215358	SCZ	0.000554002	0.000887295	FALSE	0.000192864
1301	8	64215359	66018204	ASD	0.000212303	0.000341938	FALSE	0.337779
1301	8	64215359	66018204	SCZ	0.0011541	0.00184842	FALSE	6.65505e-08
1302	8	66018205	66960438	SCZ	0.000366099	0.000586348	FALSE	0.00967214
1304	8	68683824	70004665	ASD	2.5858e-05	4.16473e-05	FALSE	0.474051
1304	8	68683824	70004665	SCZ	0.00073366	0.00117504	FALSE	0.000912082
1305	8	70004666	70872088	ASD	0.000391229	0.00063012	FALSE	0.21159
1305	8	70004666	70872088	SCZ	0.000115803	0.000185471	FALSE	0.251836
1306	8	70872089	72013184	SCZ	0.000116029	0.000185833	FALSE	0.204632
1307	8	72013185	72917489	ASD	0.000701584	0.00112998	FALSE	0.11178
1307	8	72013185	72917489	SCZ	0.000174484	0.000279456	FALSE	0.194311
1308	8	72917490	73838027	SCZ	0.000349643	0.000559991	FALSE	0.021429
1309	8	73838028	75011699	SCZ	0.000330376	0.000529133	FALSE	0.0580505
1310	8	75011700	76295483	SCZ	0.000463612	0.000742526	FALSE	0.0116754
1311	8	76295484	77377989	SCZ	0.000571633	0.000915533	FALSE	0.000214769
1312	8	77377990	78633659	ASD	0.00033502	0.000539589	FALSE	0.22047
1312	8	77377990	78633659	SCZ	7.22855e-05	0.000115773	FALSE	0.31498
1313	8	78633660	79756169	SCZ	0.000295043	0.000472543	FALSE	0.0227122
1314	8	79756170	81340231	SCZ	0.000467799	0.000749231	FALSE	0.0168446
1315	8	81340232	82878769	ASD	0.000829977	0.00133677	FALSE	0.0766339
1315	8	81340232	82878769	SCZ	0.00029933	0.00047941	FALSE	0.074958
1317	8	83730338	85116734	SCZ	0.00040884	0.000654802	FALSE	0.00920122
1318	8	85116735	86251870	SCZ	0.00023493	0.000376265	FALSE	0.0429695
1319	8	86251871	87563145	ASD	0.000214675	0.000345759	FALSE	0.270768
1319	8	86251871	87563145	SCZ	0.000189955	0.000304233	FALSE	0.0796629
1320	8	87563146	89081177	SCZ	0.000393073	0.000629549	FALSE	0.0224929
1321	8	89081178	90364149	SCZ	0.000438617	0.000702493	FALSE	0.00516711
1322	8	90364150	91457962	SCZ	0.000435031	0.000696749	FALSE	0.00501309
1323	8	91457963	92876620	SCZ	0.000147565	0.000236341	FALSE	0.154143
1324	8	92876621	94999066	ASD	0.0001248	0.000201005	FALSE	0.414537
1324	8	92876621	94999066	SCZ	0.000538666	0.000862732	FALSE	0.0123016
1325	8	94999067	96175630	SCZ	0.000586925	0.000940025	FALSE	0.0013036
1326	8	96175631	96900513	ASD	0.000874275	0.00140812	FALSE	0.0533248
1326	8	96175631	96900513	SCZ	2.11973e-05	3.39498e-05	FALSE	0.444819
1327	8	96900514	98132519	SCZ	0.000513099	0.000821784	FALSE	0.0049657
1328	8	98132520	99388944	SCZ	0.000477925	0.000765448	FALSE	0.0153245
1329	8	99388945	101448439	ASD	8.14423e-05	0.000131172	FALSE	0.420033
1329	8	99388945	101448439	SCZ	5.99038e-05	9.59425e-05	FALSE	0.352047
1331	8	102548681	103716053	ASD	0.000171951	0.000276947	FALSE	0.374095
1331	8	102548681	103716053	SCZ	0.000818574	0.00131104	FALSE	0.000136559
1332	8	103716054	104467845	ASD	0.000280089	0.000451116	FALSE	0.261438
1332	8	103716054	104467845	SCZ	0.000698787	0.00111918	FALSE	5.17416e-05
1333	8	104467846	105370130	ASD	2.17156e-05	3.49754e-05	FALSE	0.45538
1333	8	104467846	105370130	SCZ	0.000310728	0.000497664	FALSE	0.00663708
1334	8	105370131	106500950	SCZ	0.0003544	0.00056761	FALSE	0.0332968
1335	8	106500951	107787163	ASD	0.000415161	0.000668665	FALSE	0.199752
1335	8	106500951	107787163	SCZ	0.000481985	0.000771951	FALSE	0.00545025
1336	8	107787164	108647463	ASD	0.000553501	0.000891477	FALSE	0.103928
1336	8	107787164	108647463	SCZ	0.000257896	0.000413048	FALSE	0.0533026
1337	8	108647464	109920827	SCZ	0.000350846	0.000561919	FALSE	0.0238222
1338	8	109920828	111207349	SCZ	0.000505902	0.000810258	FALSE	0.00235998
1339	8	111207350	112601513	SCZ	0.000428366	0.000686075	FALSE	0.00113706
1340	8	112601514	113650853	SCZ	0.000525947	0.000842361	FALSE	8.68861e-05
1341	8	113650854	114781574	SCZ	0.000227673	0.000364642	FALSE	0.0233056
1342	8	114781575	115334858	ASD	0.00045838	0.000738275	FALSE	0.0816296
1342	8	114781575	115334858	SCZ	0.000145846	0.000233588	FALSE	0.105144
1343	8	115334859	116094203	ASD	0.000601727	0.000969152	FALSE	0.0319351
1343	8	115334859	116094203	SCZ	0.000316705	0.000507237	FALSE	0.00446474
1344	8	116094204	118300068	ASD	9.65249e-05	0.000155465	FALSE	0.428387
1344	8	116094204	118300068	SCZ	0.000878722	0.00140737	FALSE	9.97255e-05
1345	8	118300069	119423298	SCZ	0.000761261	0.00121924	FALSE	0.000154281
1346	8	119423299	120216587	SCZ	0.000246643	0.000395025	FALSE	0.0591091
1347	8	120216588	121554390	SCZ	0.000780159	0.00124951	FALSE	3.31118e-05
1348	8	121554391	122622804	SCZ	0.000192305	0.000307997	FALSE	0.150204
1349	8	122622805	124001019	SCZ	0.000357826	0.000573097	FALSE	0.0421786
1350	8	124001020	125453322	SCZ	0.00020047	0.000321075	FALSE	0.176854
1351	8	125453323	126766827	SCZ	0.000145791	0.0002335	FALSE	0.242448
1352	8	126766828	128073654	SCZ	7.50333e-06	1.20174e-05	FALSE	0.475885
1353	8	128073655	129291118	ASD	0.00133542	0.00215085	FALSE	0.03184
1353	8	128073655	129291118	SCZ	0.000772313	0.00123694	FALSE	0.00175191
1354	8	129291119	130383563	SCZ	8.34866e-05	0.000133713	FALSE	0.301252
1355	8	130383564	131545725	ASD	0.00028485	0.000458783	FALSE	0.279013
1355	8	130383564	131545725	SCZ	0.000144852	0.000231996	FALSE	0.207354
1356	8	131545726	132534636	SCZ	0.00020632	0.000330444	FALSE	0.144812
1357	8	132534637	133461551	SCZ	0.000597832	0.000957493	FALSE	0.00096234
1358	8	133461552	134509448	SCZ	0.00019742	0.00031619	FALSE	0.180636
1359	8	134509449	135313673	SCZ	0.000317637	0.000508731	FALSE	0.0701874
1360	8	135313674	136220342	ASD	0.000394375	0.000635187	FALSE	0.223938
1360	8	135313674	136220342	SCZ	0.00067805	0.00108597	FALSE	0.000471007
1361	8	136220343	137527617	ASD	0.000258712	0.000416685	FALSE	0.296201
1361	8	136220343	137527617	SCZ	0.000176495	0.000282676	FALSE	0.163401
1362	8	137527618	138564843	SCZ	0.000175767	0.000281511	FALSE	0.147162
1363	8	138564844	139404631	SCZ	0.000182585	0.00029243	FALSE	0.161821
1364	8	139404632	140355988	SCZ	0.0004364	0.000698942	FALSE	0.0108968
1365	8	140355989	141527881	ASD	0.000658717	0.00106094	FALSE	0.142113
1365	8	140355989	141527881	SCZ	0.000215603	0.000345311	FALSE	0.162998
1366	8	141527882	142611889	SCZ	0.000432807	0.000693187	FALSE	0.0219772
1367	8	142611890	143611461	SCZ	0.00108665	0.00174038	FALSE	1.53215e-07
1368	8	143611462	144934288	ASD	0.000475834	0.000766386	FALSE	0.206432
1368	8	143611462	144934288	SCZ	0.00138737	0.00222202	FALSE	3.31831e-09
1369	8	144934289	146303787	SCZ	0.000159706	0.000255786	FALSE	0.149918
1370	9	10469	653661	SCZ	0.000526661	0.000843505	FALSE	0.00144649
1371	9	653662	1103598	ASD	0.000511288	0.000823489	FALSE	0.147694
1371	9	653662	1103598	SCZ	0.000397925	0.00063732	FALSE	0.0147203
1372	9	1103599	1874961	ASD	0.00126246	0.00203334	FALSE	0.0177644
1372	9	1103599	1874961	SCZ	0.000598359	0.000958338	FALSE	0.00310567
1373	9	1874962	2441120	SCZ	0.000128208	0.000205338	FALSE	0.251983
1374	9	2441121	3079045	SCZ	0.000239722	0.000383941	FALSE	0.106006
1375	9	3079046	4025355	SCZ	0.000579733	0.000928506	FALSE	0.00482561
1376	9	4025356	4596614	SCZ	0.000186614	0.000298882	FALSE	0.185269
1377	9	4596615	5437591	SCZ	0.000173315	0.000277583	FALSE	0.168238
1378	9	5437592	6859791	SCZ	0.00103571	0.0016588	FALSE	3.34152e-05
1379	9	6859792	7388202	SCZ	0.000542795	0.000869346	FALSE	0.00223433
1380	9	7388203	8262303	SCZ	0.000463172	0.00074182	FALSE	0.0238371
1382	9	9170121	9920258	SCZ	8.66608e-05	0.000138797	FALSE	0.326692
1383	9	9920259	10675474	ASD	0.00012314	0.000198331	FALSE	0.403366
1383	9	9920259	10675474	SCZ	0.000529717	0.000848399	FALSE	0.00593259
1384	9	10675475	11270764	ASD	0.00053913	0.000868331	FALSE	0.103646
1384	9	10675475	11270764	SCZ	0.000342021	0.000547783	FALSE	0.0157623
1385	9	11270765	12044915	ASD	0.00016522	0.000266107	FALSE	0.309249
1385	9	11270765	12044915	SCZ	0.000289905	0.000464314	FALSE	0.0161286
1386	9	12044916	12664858	SCZ	0.000459999	0.000736739	FALSE	0.00241088
1388	9	13512853	14244747	SCZ	0.000669766	0.0010727	FALSE	0.000621871
1389	9	14244748	14902924	ASD	0.000344418	0.000554726	FALSE	0.275776
1389	9	14244748	14902924	SCZ	0.000839694	0.00134486	FALSE	0.000134605
1390	9	14902925	15839403	ASD	0.000488869	0.000787381	FALSE	0.176515
1390	9	14902925	15839403	SCZ	0.000392753	0.000629037	FALSE	0.0232734
1391	9	15839404	16658377	ASD	9.11304e-05	0.000146776	FALSE	0.425122
1391	9	15839404	16658377	SCZ	8.98865e-05	0.000143963	FALSE	0.318562
1392	9	16658378	17392382	SCZ	0.000282465	0.000452399	FALSE	0.0302117
1393	9	17392383	17990565	SCZ	0.000338659	0.000542399	FALSE	0.0175155
1394	9	17990566	18754196	SCZ	0.000750314	0.00120171	FALSE	0.000168908
1395	9	18754197	19463292	SCZ	0.000289854	0.000464233	FALSE	0.0543923
1396	9	19463293	20483880	ASD	0.000451858	0.00072777	FALSE	0.22048
1396	9	19463293	20483880	SCZ	0.000572568	0.00091703	FALSE	0.00527354
1397	9	20483881	21674032	ASD	0.000631392	0.00101693	FALSE	0.131196
1397	9	20483881	21674032	SCZ	0.000352973	0.000565325	FALSE	0.0437539
1398	9	21674033	23091193	SCZ	0.000703126	0.00112613	FALSE	0.00147435
1399	9	23091194	23859374	ASD	0.000176169	0.000283741	FALSE	0.366666
1399	9	23091194	23859374	SCZ	0.0012541	0.00200857	FALSE	1.96798e-08
1400	9	23859375	24757729	SCZ	0.000236134	0.000378195	FALSE	0.0958323
1401	9	24757730	25957606	ASD	0.000374034	0.000602425	FALSE	0.262202
1401	9	24757730	25957606	SCZ	0.000849245	0.00136016	FALSE	0.000144532
1402	9	25957607	26747214	ASD	0.000205354	0.000330746	FALSE	0.334812
1402	9	25957607	26747214	SCZ	0.0012605	0.00201883	FALSE	1.79466e-09
1403	9	26747215	27366479	SCZ	0.000300618	0.000481472	FALSE	0.0359963
1404	9	27366480	28067454	ASD	0.000368086	0.000592845	FALSE	0.219692
1404	9	27366480	28067454	SCZ	0.000391802	0.000627515	FALSE	0.0158115
1405	9	28067455	28766060	ASD	0.000148572	0.000239293	FALSE	0.374842
1405	9	28067455	28766060	SCZ	0.000548662	0.000878743	FALSE	0.00230995
1406	9	28766061	29596501	ASD	0.000593233	0.000955471	FALSE	0.0772168
1406	9	28766061	29596501	SCZ	0.000236	0.00037798	FALSE	0.057558
1408	9	30410079	31115153	SCZ	0.000156656	0.000250902	FALSE	0.100963
1409	9	31115154	32253283	ASD	0.000190549	0.000306901	FALSE	0.308557
1409	9	31115154	32253283	SCZ	0.000462923	0.000741421	FALSE	0.00162876
1410	9	32253284	33194892	ASD	0.0010932	0.00176073	FALSE	0.0171794
1410	9	32253284	33194892	SCZ	0.000942918	0.00151019	FALSE	1.20621e-06
1411	9	33194893	34704544	SCZ	0.000672621	0.00107728	FALSE	0.000319434
1412	9	34704545	36749273	ASD	1.9591e-05	3.15536e-05	FALSE	0.479741
1412	9	34704545	36749273	SCZ	0.000950276	0.00152197	FALSE	0.000113175
1413	9	36749274	37687112	ASD	6.76922e-05	0.000109026	FALSE	0.439649
1413	9	36749274	37687112	SCZ	0.000185946	0.000297813	FALSE	0.166623
1414	9	37687113	38822977	SCZ	0.000349372	0.000559557	FALSE	0.0430806
1415	9	38822978	43903829	SCZ	4.87672e-05	7.8106e-05	FALSE	0.0546691
1418	9	70939678	72288878	ASD	1.14879e-05	1.85025e-05	FALSE	0.481877
1418	9	70939678	72288878	SCZ	0.000530811	0.000850152	FALSE	0.00676618
1419	9	72288879	73915494	SCZ	0.00111427	0.00178463	FALSE	5.46743e-07
1420	9	73915495	74950318	ASD	0.0004938	0.000795322	FALSE	0.172298
1420	9	73915495	74950318	SCZ	0.000230494	0.000369161	FALSE	0.112028
1421	9	74950319	76197744	ASD	0.000905329	0.00145814	FALSE	0.0214885
1422	9	76197745	77862308	SCZ	0.000819864	0.0013131	FALSE	0.000145633
1423	9	77862309	78630915	SCZ	0.000269165	0.000431097	FALSE	0.0823473
1424	9	78630916	79451035	ASD	0.00100587	0.00162008	FALSE	0.0511056
1424	9	78630916	79451035	SCZ	0.000491611	0.000787368	FALSE	0.0140962
1425	9	79451036	80137024	ASD	0.000545598	0.000878748	FALSE	0.117648
1425	9	79451036	80137024	SCZ	0.000316688	0.00050721	FALSE	0.0311036
1426	9	80137025	81161597	SCZ	6.21593e-05	9.95549e-05	FALSE	0.345185
1427	9	81161598	82601465	ASD	0.000233661	0.000376338	FALSE	0.355108
1427	9	81161598	82601465	SCZ	0.000726074	0.00116289	FALSE	0.00189238
1428	9	82601466	83455502	SCZ	0.000121236	0.000194172	FALSE	0.224112
1429	9	83455503	85135751	SCZ	0.000844175	0.00135204	FALSE	0.000213508
1430	9	85135752	86769886	SCZ	0.000360009	0.000576593	FALSE	0.0596341
1431	9	86769887	87815449	SCZ	0.000198421	0.000317792	FALSE	0.145979
1432	9	87815450	89171796	SCZ	0.000146493	0.000234624	FALSE	0.207519
1433	9	89171797	90135154	SCZ	0.000301011	0.000482102	FALSE	0.0686905
1434	9	90135155	90890979	ASD	0.000596022	0.000959963	FALSE	0.0967153
1434	9	90135155	90890979	SCZ	0.000218135	0.000349367	FALSE	0.0918704
1435	9	90890980	91643255	ASD	0.000347678	0.000559976	FALSE	0.182939
1435	9	90890980	91643255	SCZ	0.000271511	0.000434854	FALSE	0.0305129
1436	9	91643256	92500277	SCZ	0.000867013	0.00138862	FALSE	2.15186e-06
1438	9	93441051	94175374	SCZ	0.000621579	0.000995526	FALSE	0.000393962
1439	9	94175375	94924482	ASD	0.000340044	0.000547681	FALSE	0.209153
1439	9	94175375	94924482	SCZ	0.00028518	0.000456747	FALSE	0.0361464
1440	9	94924483	95854925	SCZ	0.000459661	0.000736197	FALSE	0.001115
1441	9	95854926	96670171	SCZ	0.000401493	0.000643035	FALSE	0.00757398
1442	9	96670172	97418633	ASD	0.000236356	0.000380679	FALSE	0.265977
1442	9	96670172	97418633	SCZ	4.12926e-05	6.61346e-05	FALSE	0.371979
1443	9	97418634	98885862	SCZ	0.000428834	0.000686825	FALSE	0.0212979
1444	9	98885863	100310517	SCZ	0.000611193	0.000978892	FALSE	0.000497181
1445	9	100310518	101596750	SCZ	0.000505673	0.000809891	FALSE	0.0118256
1446	9	101596751	103165725	SCZ	0.00062107	0.000994711	FALSE	0.00159513
1447	9	103165726	104222848	SCZ	5.89381e-05	9.43957e-05	FALSE	0.348211
1448	9	104222849	105043411	SCZ	0.000518159	0.000829888	FALSE	0.00187959
1449	9	105043412	105846545	ASD	9.47242e-05	0.000152564	FALSE	0.400334
1449	9	105043412	105846545	SCZ	4.6207e-05	7.40055e-05	FALSE	0.370054
1451	9	107061020	108203095	ASD	0.000680499	0.00109602	FALSE	0.11855
1452	9	108203096	109150717	ASD	2.24817e-05	3.62094e-05	FALSE	0.465026
1452	9	108203096	109150717	SCZ	0.00063416	0.00101568	FALSE	9.06626e-05
1453	9	109150718	110630150	ASD	0.00110681	0.00178264	FALSE	0.0563122
1453	9	109150718	110630150	SCZ	0.000641198	0.00102695	FALSE	0.00604508
1454	9	110630151	111368107	SCZ	0.0001356	0.000217178	FALSE	0.205036
1455	9	111368108	112076381	ASD	0.000777406	0.0012521	FALSE	0.0418235
1455	9	111368108	112076381	SCZ	0.000727642	0.0011654	FALSE	1.71681e-05
1456	9	112076382	112865520	SCZ	5.33981e-05	8.55229e-05	FALSE	0.378134
1457	9	112865521	113646149	SCZ	0.000281927	0.000451536	FALSE	0.0755782
1458	9	113646150	114443475	SCZ	0.000314904	0.000504353	FALSE	0.041391
1459	9	114443476	115390112	ASD	0.000154633	0.000249054	FALSE	0.353572
1459	9	114443476	115390112	SCZ	0.00040359	0.000646394	FALSE	0.00846043
1460	9	115390113	116159540	SCZ	8.63596e-05	0.000138314	FALSE	0.301223
1461	9	116159541	117054909	SCZ	0.000174299	0.000279158	FALSE	0.189326
1462	9	117054910	117989017	SCZ	0.000466885	0.000747767	FALSE	0.0106268
1463	9	117989018	119001227	ASD	0.000129493	0.000208564	FALSE	0.371142
1463	9	117989018	119001227	SCZ	0.00026364	0.000422248	FALSE	0.0511695
1464	9	119001228	119890464	ASD	0.00068793	0.00110799	FALSE	0.103016
1464	9	119001228	119890464	SCZ	0.000483848	0.000774936	FALSE	0.00863533
1465	9	119890465	121008529	ASD	0.000178081	0.00028682	FALSE	0.368007
1465	9	119890465	121008529	SCZ	0.000372213	0.00059614	FALSE	0.0375056
1466	9	121008530	122677719	SCZ	0.00105147	0.00168404	FALSE	3.99955e-06
1467	9	122677720	124119883	SCZ	0.000282136	0.000451872	FALSE	0.0710533
1468	9	124119884	125137578	SCZ	0.000376539	0.000603068	FALSE	0.0290707
1469	9	125137579	126092931	ASD	0.000201584	0.000324675	FALSE	0.310871
1469	9	125137579	126092931	SCZ	0.000307756	0.000492906	FALSE	0.0297888
1470	9	126092932	127184582	ASD	0.000382132	0.000615468	FALSE	0.232797
1470	9	126092932	127184582	SCZ	0.000375345	0.000601156	FALSE	0.0286435
1471	9	127184583	128785782	SCZ	0.000256847	0.000411369	FALSE	0.0686477
1472	9	128785783	129617771	SCZ	0.000721137	0.00115498	FALSE	0.00061515
1473	9	129617772	130902727	SCZ	0.00072892	0.00116745	FALSE	7.70226e-05
1474	9	130902728	132193798	ASD	0.000850127	0.00136923	FALSE	0.0429505
1474	9	130902728	132193798	SCZ	0.000853282	0.00136662	FALSE	5.28652e-06
1475	9	132193799	132999452	SCZ	0.000458227	0.000733901	FALSE	0.0113452
1476	9	132999453	134141936	ASD	0.000142534	0.000229568	FALSE	0.399512
1476	9	132999453	134141936	SCZ	0.000299672	0.000479957	FALSE	0.0890058
1477	9	134141937	135135887	SCZ	0.000760626	0.00121823	FALSE	0.000120345
1478	9	135135888	136042490	ASD	1.7107e-05	2.75529e-05	FALSE	0.477725
1478	9	135135888	136042490	SCZ	0.000223667	0.000358227	FALSE	0.134274
1479	9	136042491	136770926	SCZ	0.000341179	0.000546436	FALSE	0.0487569
1480	9	136770927	137593527	SCZ	9.25888e-05	0.000148291	FALSE	0.281178
1481	9	137593528	138202112	SCZ	0.000224042	0.000358828	FALSE	0.146888
1482	9	138202113	138995791	SCZ	0.000105374	0.000168769	FALSE	0.285248
1483	9	138995792	140097759	ASD	0.00110671	0.00178249	FALSE	0.0194821
1483	9	138995792	140097759	SCZ	0.000408635	0.000654473	FALSE	0.0169678
1484	9	140097760	141146682	ASD	0.000335	0.000539557	FALSE	0.228886
1484	9	140097760	141146682	SCZ	0.000460264	0.000737164	FALSE	0.00536969
1485	10	60515	1329232	SCZ	0.000325426	0.000521206	FALSE	0.0517801
1486	10	1329233	1872960	SCZ	0.000339008	0.000542958	FALSE	0.0357583
1487	10	1872961	2637065	SCZ	0.000564041	0.000903374	FALSE	0.00327093
1488	10	2637066	3225336	SCZ	0.000311134	0.000498314	FALSE	0.0415836
1489	10	3225337	3880322	SCZ	0.000870375	0.001394	FALSE	3.59548e-06
1490	10	3880323	4813182	ASD	0.0005206	0.000838487	FALSE	0.176816
1490	10	3880323	4813182	SCZ	0.000267773	0.000428868	FALSE	0.0949107
1491	10	4813183	5396242	SCZ	0.000190535	0.000305163	FALSE	0.109586
1492	10	5396243	6234718	SCZ	7.66398e-05	0.000122747	FALSE	0.359486
1493	10	6234719	6897037	SCZ	0.00044221	0.000708248	FALSE	0.013308
1494	10	6897038	7659872	SCZ	0.000219805	0.000352042	FALSE	0.143241
1495	10	7659873	8771920	ASD	2.37522e-05	3.82556e-05	FALSE	0.47587
1496	10	8771921	10081279	ASD	0.000636646	0.00102539	FALSE	0.116408
1496	10	8771921	10081279	SCZ	0.000872939	0.00139811	FALSE	1.53617e-05
1498	10	10969482	11856924	SCZ	0.000508655	0.000814666	FALSE	0.00870595
1499	10	11856925	12581571	ASD	0.000833434	0.00134234	FALSE	0.062382
1499	10	11856925	12581571	SCZ	0.000170086	0.000272411	FALSE	0.183691
1500	10	12581572	13208061	SCZ	0.000280654	0.000449499	FALSE	0.0776716
1501	10	13208062	14008135	SCZ	0.000547769	0.000877312	FALSE	0.0120617
1502	10	14008136	14820755	SCZ	0.000562281	0.000900554	FALSE	0.00415997
1503	10	14820756	15946677	SCZ	0.000912966	0.00146222	FALSE	5.73137e-05
1504	10	15946678	17065860	ASD	0.000365056	0.000587966	FALSE	0.239178
1504	10	15946678	17065860	SCZ	0.000210566	0.000337244	FALSE	0.132187
1505	10	17065861	18529742	ASD	9.4672e-05	0.00015248	FALSE	0.424622
1505	10	17065861	18529742	SCZ	0.000743434	0.00119069	FALSE	0.000375988
1506	10	18529743	19421514	SCZ	0.00118028	0.00189034	FALSE	8.85654e-09
1507	10	19421515	19965624	ASD	0.000571566	0.000920573	FALSE	0.0565398
1507	10	19421515	19965624	SCZ	0.000329337	0.000527469	FALSE	0.00744991
1508	10	19965625	20616432	ASD	0.000411909	0.000663428	FALSE	0.17853
1508	10	19965625	20616432	SCZ	0.000379948	0.000608528	FALSE	0.0126493
1509	10	20616433	21477692	SCZ	0.000532829	0.000853384	FALSE	0.00190168
1510	10	21477693	23365685	SCZ	0.0001556	0.00024921	FALSE	0.228196
1511	10	23365686	24489447	SCZ	0.000403912	0.000646909	FALSE	0.0121318
1512	10	24489448	25577761	SCZ	0.0006252	0.00100133	FALSE	0.0019643
1513	10	25577762	26161974	ASD	0.00054003	0.00086978	FALSE	0.0829341
1513	10	25577762	26161974	SCZ	0.000149461	0.000239379	FALSE	0.138062
1514	10	26161975	26888716	ASD	0.00026502	0.000426845	FALSE	0.219269
1515	10	26888717	27669566	SCZ	0.000440499	0.000705508	FALSE	0.00239253
1516	10	27669567	28734422	SCZ	0.000774656	0.0012407	FALSE	5.31428e-05
1517	10	28734423	29393749	SCZ	0.000458449	0.000734256	FALSE	0.00437264
1518	10	29393750	30000223	SCZ	0.000162574	0.000260381	FALSE	0.173617
1519	10	30000224	30919469	SCZ	9.09413e-05	0.000145652	FALSE	0.299682
1520	10	30919470	32457293	ASD	0.000723549	0.00116536	FALSE	0.0900003
1521	10	32457294	33655458	SCZ	0.000370195	0.000592908	FALSE	0.017772
1522	10	33655459	35178224	SCZ	0.00106946	0.00171286	FALSE	9.4119e-06
1523	10	35178225	36475838	ASD	0.000383292	0.000617336	FALSE	0.204067
1523	10	35178225	36475838	SCZ	0.000182402	0.000292137	FALSE	0.139858
1524	10	36475839	37561443	ASD	0.000371737	0.000598725	FALSE	0.208415
1524	10	36475839	37561443	SCZ	0.000489827	0.000784512	FALSE	0.00298574
1525	10	37561444	38566460	SCZ	6.76375e-05	0.000108329	FALSE	0.23047
1526	10	38566461	42392742	ASD	5.51964e-05	8.89002e-05	FALSE	0.30678
1526	10	38566461	42392742	SCZ	0.000102065	0.000163468	FALSE	0.0292497
1527	10	42392743	42984427	SCZ	8.84408e-05	0.000141648	FALSE	0.0935608
1528	10	42984428	43769842	SCZ	7.58642e-05	0.000121505	FALSE	0.272657
1529	10	43769843	44893846	SCZ	0.000303702	0.000486412	FALSE	0.052571
1530	10	44893847	46327144	ASD	0.000331725	0.000534281	FALSE	0.250705
1530	10	44893847	46327144	SCZ	0.000371082	0.000594328	FALSE	0.0242992
1531	10	46327145	49197320	ASD	0.000548227	0.000882983	FALSE	0.104922
1531	10	46327145	49197320	SCZ	0.000307468	0.000492443	FALSE	0.028194
1532	10	49197321	50145673	SCZ	0.000220483	0.000353128	FALSE	0.0934013
1534	10	51724040	53129609	SCZ	0.000562758	0.000901318	FALSE	0.00172071
1535	10	53129610	53919161	ASD	4.88461e-05	7.86723e-05	FALSE	0.450205
1535	10	53129610	53919161	SCZ	0.000414437	0.000663766	FALSE	0.0143406
1536	10	53919162	55104428	SCZ	0.000519468	0.000831985	FALSE	0.00537179
1537	10	55104429	55867694	SCZ	0.000352105	0.000563935	FALSE	0.0142691
1538	10	55867695	57044845	SCZ	0.000393645	0.000630466	FALSE	0.024625
1539	10	57044846	57955671	SCZ	0.000193765	0.000310336	FALSE	0.0664131
1540	10	57955672	58809133	SCZ	2.10673e-05	3.37417e-05	FALSE	0.401565
1541	10	58809134	59822946	SCZ	0.000426752	0.00068349	FALSE	0.00261214
1542	10	59822947	61470383	SCZ	0.000179617	0.000287676	FALSE	0.182431
1543	10	61470384	62626465	SCZ	0.00135068	0.00216326	FALSE	2.35751e-10
1544	10	62626466	64069687	SCZ	0.00122887	0.00196818	FALSE	1.07281e-07
1545	10	64069688	65400431	ASD	0.000926687	0.00149254	FALSE	0.0334753
1545	10	64069688	65400431	SCZ	0.00138518	0.00221851	FALSE	2.21778e-11
1546	10	65400432	66510387	SCZ	0.000549315	0.000879788	FALSE	0.000906933
1547	10	66510388	67146043	SCZ	0.00021861	0.000350128	FALSE	0.0414759
1548	10	67146044	67769822	ASD	0.000121809	0.000196188	FALSE	0.360582
1548	10	67146044	67769822	SCZ	0.000127532	0.000204257	FALSE	0.170781
1549	10	67769823	68623274	ASD	0.000837403	0.00134873	FALSE	0.0272542
1549	10	67769823	68623274	SCZ	0.000431829	0.000691622	FALSE	0.00361126
1550	10	68623275	69904170	SCZ	0.00037677	0.000603438	FALSE	0.00890989
1551	10	69904171	71050504	SCZ	0.000308924	0.000494775	FALSE	0.0443685
1552	10	71050505	71672997	ASD	0.000390186	0.00062844	FALSE	0.250813
1552	10	71050505	71672997	SCZ	7.41749e-05	0.000118799	FALSE	0.355202
1553	10	71672998	72659223	SCZ	0.000231879	0.000371379	FALSE	0.146468
1554	10	72659224	73514214	SCZ	0.000210256	0.000336748	FALSE	0.175323
1555	10	73514215	75694023	SCZ	5.30292e-05	8.4932e-05	FALSE	0.371682
1556	10	75694024	77144961	SCZ	0.000117201	0.00018771	FALSE	0.20503
1557	10	77144962	78665481	SCZ	0.000649655	0.00104049	FALSE	0.0011297
1558	10	78665482	79952996	SCZ	0.00103478	0.00165731	FALSE	4.52065e-06
1559	10	79952997	81190573	SCZ	0.000909933	0.00145736	FALSE	0.000442821
1560	10	81190574	81763230	SCZ	0.000115493	0.000184974	FALSE	0.0920029
1561	10	81763231	82378048	SCZ	2.63683e-05	4.22317e-05	FALSE	0.40984
1562	10	82378049	83596350	SCZ	0.000570613	0.000913899	FALSE	0.00147204
1563	10	83596351	84679429	SCZ	0.00029641	0.000474733	FALSE	0.0502542
1564	10	84679430	85463484	SCZ	0.00029338	0.00046988	FALSE	0.0135598
1565	10	85463485	86459980	SCZ	0.000415252	0.000665071	FALSE	0.0159952
1566	10	86459981	87287935	ASD	0.000281267	0.000453012	FALSE	0.232081
1566	10	86459981	87287935	SCZ	0.000243426	0.000389874	FALSE	0.0488123
1567	10	87287936	88443652	SCZ	0.000909822	0.00145718	FALSE	1.08776e-05
1568	10	88443653	89971628	SCZ	0.00038557	0.000617532	FALSE	0.0303458
1569	10	89971629	91021321	SCZ	0.000653952	0.00104738	FALSE	0.000782261
1570	10	91021322	91960435	ASD	0.000143479	0.00023109	FALSE	0.364221
1570	10	91021322	91960435	SCZ	0.000537077	0.000860187	FALSE	0.00114106
1571	10	91960436	92911506	SCZ	0.000430192	0.000688999	FALSE	0.00638175
1572	10	92911507	94503299	SCZ	0.000465503	0.000745555	FALSE	0.00409779
1573	10	94503300	95528160	ASD	0.000137195	0.000220969	FALSE	0.388003
1573	10	94503300	95528160	SCZ	0.000447034	0.000715974	FALSE	0.0123761
1575	10	97040173	98005994	ASD	0.000143164	0.000230582	FALSE	0.368404
1575	10	97040173	98005994	SCZ	0.000182868	0.000292883	FALSE	0.137007
1576	10	98005995	99367800	SCZ	0.000241422	0.000386663	FALSE	0.131099
1577	10	99367801	100337830	ASD	0.000420781	0.000677716	FALSE	0.206438
1577	10	99367801	100337830	SCZ	0.0001761	0.000282044	FALSE	0.170892
1578	10	100337831	101271451	ASD	0.000515792	0.000830742	FALSE	0.0739731
1578	10	100337831	101271451	SCZ	0.000398103	0.000637605	FALSE	0.0018087
1579	10	101271452	102509298	SCZ	0.000361676	0.000579263	FALSE	0.026656
1580	10	102509299	104206837	ASD	0.000223999	0.000360776	FALSE	0.341177
1580	10	102509299	104206837	SCZ	0.00107683	0.00172467	FALSE	1.4221e-06
1581	10	104206838	106142283	ASD	0.00131207	0.00211324	FALSE	0.0152431
1581	10	104206838	106142283	SCZ	0.00105917	0.00169637	FALSE	2.42678e-06
1582	10	106142284	107877787	SCZ	0.000672106	0.00107645	FALSE	0.000708383
1583	10	107877788	108725997	SCZ	7.62592e-05	0.000122137	FALSE	0.311052
1584	10	108725998	109579149	SCZ	0.00023665	0.000379021	FALSE	0.0768377
1585	10	109579150	110358382	SCZ	7.55646e-05	0.000121025	FALSE	0.296861
1586	10	110358383	112164981	ASD	0.00086262	0.00138935	FALSE	0.0620862
1587	10	112164982	113117615	SCZ	0.00069152	0.00110755	FALSE	0.000526889
1588	10	113117616	114255954	SCZ	0.000270025	0.000432474	FALSE	0.0662539
1589	10	114255955	115588903	ASD	0.000253831	0.000408824	FALSE	0.333672
1589	10	114255955	115588903	SCZ	0.000485095	0.000776932	FALSE	0.0174164
1590	10	115588904	116845213	SCZ	0.000297281	0.000476128	FALSE	0.0671968
1593	10	119528731	120592839	ASD	0.000279862	0.00045075	FALSE	0.298897
1593	10	119528731	120592839	SCZ	0.000299663	0.000479944	FALSE	0.0688827
1594	10	120592840	121874445	SCZ	0.000292422	0.000468345	FALSE	0.0832069
1595	10	121874446	122803506	SCZ	0.000206328	0.000330456	FALSE	0.146885
1596	10	122803507	123856184	SCZ	0.000367429	0.000588477	FALSE	0.046957
1597	10	123856185	124894142	ASD	0.000393553	0.000633863	FALSE	0.248511
1597	10	123856185	124894142	SCZ	0.000366956	0.000587719	FALSE	0.0459938
1598	10	124894143	125798319	SCZ	0.000357573	0.000572693	FALSE	0.048588
1599	10	125798320	126875816	ASD	0.000128005	0.000206167	FALSE	0.402132
1599	10	125798320	126875816	SCZ	6.62863e-05	0.000106165	FALSE	0.36399
1600	10	126875817	127997708	ASD	1.2258e-05	1.97429e-05	FALSE	0.480324
1600	10	126875817	127997708	SCZ	0.000366681	0.00058728	FALSE	0.0331421
1601	10	127997709	129134738	SCZ	0.000591985	0.000948129	FALSE	0.00393627
1602	10	129134739	129831969	ASD	0.000480351	0.000773661	FALSE	0.207322
1602	10	129134739	129831969	SCZ	0.000624205	0.000999733	FALSE	0.00276442
1603	10	129831970	130694008	ASD	0.00042105	0.000678151	FALSE	0.240552
1603	10	129831970	130694008	SCZ	0.000243976	0.000390754	FALSE	0.13173
1604	10	130694009	131694738	ASD	0.000176946	0.000284993	FALSE	0.354186
1604	10	130694009	131694738	SCZ	0.000201838	0.000323266	FALSE	0.13315
1605	10	131694739	132576793	ASD	0.000166678	0.000268454	FALSE	0.366105
1605	10	131694739	132576793	SCZ	0.00045704	0.000732	FALSE	0.0100231
1606	10	132576794	133111170	SCZ	0.000280397	0.000449086	FALSE	0.093439
1607	10	133111171	133818036	ASD	2.41602e-05	3.89129e-05	FALSE	0.47196
1608	10	133818037	134856054	ASD	0.000890292	0.00143392	FALSE	0.0843818
1608	10	133818037	134856054	SCZ	0.000322298	0.000516196	FALSE	0.0842944
1609	10	134856055	135524372	ASD	8.69136e-06	1.39985e-05	FALSE	0.472258
1610	11	87150	1061399	SCZ	0.000419019	0.000671104	FALSE	0.0135052
1611	11	1061400	1857845	SCZ	0.000319752	0.000512118	FALSE	0.0394538
1612	11	1857846	2477449	ASD	0.000258872	0.000416943	FALSE	0.275031
1612	11	1857846	2477449	SCZ	4.29195e-05	6.87403e-05	FALSE	0.383268
1613	11	2477450	3362508	SCZ	4.28806e-05	6.8678e-05	FALSE	0.41301
1614	11	3362509	4405707	ASD	0.000468668	0.000754845	FALSE	0.145523
1614	11	3362509	4405707	SCZ	0.000140701	0.000225347	FALSE	0.184814
1615	11	4405708	4946051	SCZ	0.000244178	0.000391078	FALSE	0.0830305
1617	11	5533058	6180840	SCZ	0.000275542	0.000441311	FALSE	0.059865
1618	11	6180841	7191230	SCZ	0.000473234	0.000757936	FALSE	0.0139014
1619	11	7191231	7915071	SCZ	0.000388703	0.000622551	FALSE	0.0219244
1620	11	7915072	9080939	SCZ	0.000715494	0.00114594	FALSE	0.00101671
1621	11	9080940	10370100	SCZ	0.000177291	0.00028395	FALSE	0.161185
1622	11	10370101	11081299	SCZ	0.000277465	0.000444391	FALSE	0.0682605
1623	11	11081300	11632650	SCZ	0.000654709	0.00104859	FALSE	0.00171064
1624	11	11632651	12470449	ASD	7.77712e-05	0.00012526	FALSE	0.439382
1624	11	11632651	12470449	SCZ	0.000403441	0.000646155	FALSE	0.0344001
1625	11	12470450	13364727	ASD	4.3302e-05	6.97429e-05	FALSE	0.45704
1625	11	12470450	13364727	SCZ	0.000146421	0.00023451	FALSE	0.217872
1626	11	13364728	15126767	SCZ	0.000358447	0.000574092	FALSE	0.0389662
1627	11	15126768	16383386	SCZ	0.000322896	0.000517153	FALSE	0.0405353
1628	11	16383387	17583948	ASD	0.000602254	0.00097	FALSE	0.113072
1628	11	16383387	17583948	SCZ	0.000532169	0.000852327	FALSE	0.00246693
1629	11	17583949	18740267	SCZ	0.000528658	0.000846703	FALSE	0.0044927
1630	11	18740268	19780784	SCZ	0.000303809	0.000486583	FALSE	0.0573352
1631	11	19780785	20686336	ASD	0.000239683	0.000386037	FALSE	0.341524
1631	11	19780785	20686336	SCZ	0.000922842	0.00147803	FALSE	5.83739e-05
1632	11	20686337	21442722	SCZ	0.000416682	0.000667362	FALSE	0.0176031
1634	11	22368744	23164544	SCZ	0.000166983	0.000267442	FALSE	0.109791
1635	11	23164545	24091272	ASD	0.000258331	0.000416072	FALSE	0.283002
1635	11	23164545	24091272	SCZ	0.000247539	0.000396461	FALSE	0.0742466
1636	11	24091273	24892439	SCZ	0.000438841	0.000702852	FALSE	0.00854954
1637	11	24892440	25662918	SCZ	0.000337744	0.000540934	FALSE	0.00523826
1639	11	26356981	27018307	ASD	0.000608833	0.000980596	FALSE	0.0748469
1640	11	27018308	28577718	SCZ	0.000985382	0.0015782	FALSE	5.69034e-07
1641	11	28577719	29530460	ASD	0.000235334	0.000379032	FALSE	0.277292
1641	11	28577719	29530460	SCZ	0.000641624	0.00102763	FALSE	6.84295e-05
1642	11	29530461	30570129	SCZ	0.000597118	0.00095635	FALSE	0.000192449
1643	11	30570130	32065771	ASD	0.000617401	0.000994395	FALSE	0.0833879
1643	11	30570130	32065771	SCZ	0.000234935	0.000376275	FALSE	0.0718984
1644	11	32065772	32830422	ASD	0.000222573	0.00035848	FALSE	0.290241
1644	11	32065772	32830422	SCZ	0.000359256	0.000575388	FALSE	0.0123774
1646	11	33905328	34672697	SCZ	0.000317015	0.000507734	FALSE	0.0387469
1647	11	34672698	35500367	ASD	0.000223008	0.000359181	FALSE	0.298038
1647	11	34672698	35500367	SCZ	0.000109289	0.000175038	FALSE	0.238541
1648	11	35500368	36331189	SCZ	0.000354435	0.000567667	FALSE	0.0308062
1649	11	36331190	37119024	SCZ	0.000169628	0.000271678	FALSE	0.145664
1650	11	37119025	37953086	SCZ	0.000376618	0.000603195	FALSE	0.00947485
1651	11	37953087	39329140	SCZ	0.000134489	0.000215399	FALSE	0.177174
1652	11	39329141	40362940	SCZ	0.000184037	0.000294756	FALSE	0.143803
1653	11	40362941	41603195	ASD	0.000175269	0.000282291	FALSE	0.356367
1653	11	40362941	41603195	SCZ	0.000495687	0.000793896	FALSE	0.00531538
1654	11	41603196	42858197	SCZ	0.000974356	0.00156054	FALSE	1.50163e-07
1655	11	42858198	43949377	ASD	0.000483385	0.000778547	FALSE	0.153132
1655	11	42858198	43949377	SCZ	0.000480271	0.000769206	FALSE	0.00397251
1656	11	43949378	45019559	SCZ	0.00027829	0.000445712	FALSE	0.121471
1657	11	45019560	46316005	ASD	5.63335e-05	9.07316e-05	FALSE	0.448491
1657	11	45019560	46316005	SCZ	0.000989969	0.00158554	FALSE	2.96545e-06
1658	11	46316006	48066366	SCZ	0.00103292	0.00165434	FALSE	2.59154e-09
1659	11	48066367	48765366	SCZ	0.00059957	0.000960277	FALSE	5.90738e-09
1660	11	48765367	49386071	ASD	3.77655e-05	6.08257e-05	FALSE	0.395863
1660	11	48765367	49386071	SCZ	0.000400801	0.000641926	FALSE	7.53125e-06
1661	11	49386072	50217008	SCZ	0.000318063	0.000509413	FALSE	6.21728e-05
1662	11	50217009	51098366	SCZ	0.000119977	0.000192157	FALSE	0.0306903
1664	11	51581596	55477633	ASD	1.71935e-06	2.76922e-06	FALSE	0.466298
1664	11	51581596	55477633	SCZ	0.00016226	0.000259878	FALSE	0.0169988
1665	11	55477634	55947452	SCZ	0.000167992	0.000269057	FALSE	0.00849085
1666	11	55947453	56623494	SCZ	0.000161985	0.000259436	FALSE	0.0395507
1667	11	56623495	57675986	SCZ	0.000939251	0.00150431	FALSE	2.78393e-07
1668	11	57675987	58452708	SCZ	0.000498589	0.000798545	FALSE	3.32297e-05
1669	11	58452709	59256232	ASD	0.000365501	0.000588681	FALSE	0.147842
1669	11	58452709	59256232	SCZ	0.00036641	0.000586845	FALSE	0.00385964
1670	11	59256233	60515105	SCZ	0.0005068	0.000811696	FALSE	0.00321525
1671	11	60515106	61717117	SCZ	0.000667103	0.00106844	FALSE	0.000703514
1672	11	61717118	62800368	SCZ	0.000110485	0.000176953	FALSE	0.273682
1673	11	62800369	64594822	SCZ	0.00081763	0.00130952	FALSE	9.68399e-05
1674	11	64594823	66782661	SCZ	0.00129563	0.0020751	FALSE	4.25841e-08
1675	11	66782662	68000949	SCZ	0.000387959	0.000621358	FALSE	0.0138227
1676	11	68000950	68887344	SCZ	0.000756546	0.00121169	FALSE	7.83537e-06
1677	11	68887345	69713996	ASD	0.000352988	0.000568528	FALSE	0.244325
1677	11	68887345	69713996	SCZ	0.000282344	0.000452205	FALSE	0.0688116
1678	11	69713997	71242834	ASD	0.000628139	0.00101169	FALSE	0.173735
1678	11	69713997	71242834	SCZ	0.000726311	0.00116327	FALSE	0.00210367
1679	11	71242835	72875068	SCZ	0.000533803	0.000854944	FALSE	0.00365757
1680	11	72875069	74399331	ASD	0.0003398	0.000547288	FALSE	0.24771
1680	11	72875069	74399331	SCZ	0.000382659	0.00061287	FALSE	0.0219989
1681	11	74399332	75445253	ASD	0.0010439	0.00168132	FALSE	0.0247657
1682	11	75445254	76518906	ASD	0.000431815	0.000695488	FALSE	0.213754
1682	11	75445254	76518906	SCZ	0.000659983	0.00105703	FALSE	0.000935695
1683	11	76518907	77719870	SCZ	7.55577e-05	0.000121014	FALSE	0.303848
1684	11	77719871	78912252	SCZ	0.000541792	0.000867739	FALSE	0.00686884
1685	11	78912253	79802286	ASD	0.000331198	0.000533432	FALSE	0.276822
1685	11	78912253	79802286	SCZ	0.000774653	0.00124069	FALSE	0.000260036
1686	11	79802287	80726012	SCZ	0.000442163	0.000708172	FALSE	0.0161281
1687	11	80726013	81658298	SCZ	0.000655282	0.00104951	FALSE	0.000556627
1688	11	81658299	82833181	SCZ	0.000472116	0.000756145	FALSE	0.00636665
1689	11	82833182	83677773	ASD	0.000210487	0.000339013	FALSE	0.303403
1689	11	82833182	83677773	SCZ	0.000492557	0.000788884	FALSE	0.00161929
1690	11	83677774	84613229	ASD	4.61913e-05	7.43965e-05	FALSE	0.44903
1690	11	83677774	84613229	SCZ	0.00054376	0.000870891	FALSE	0.00152667
1691	11	84613230	85869059	ASD	0.000541179	0.000871632	FALSE	0.0995223
1691	11	84613230	85869059	SCZ	0.000213621	0.000342137	FALSE	0.0798855
1692	11	85869060	86629333	SCZ	0.000205459	0.000329065	FALSE	0.108128
1693	11	86629334	87676870	SCZ	0.000397904	0.000637287	FALSE	0.017366
1694	11	87676871	88359287	SCZ	0.000449135	0.00071934	FALSE	0.00312563
1695	11	88359288	89209738	ASD	0.000255284	0.000411165	FALSE	0.190095
1695	11	88359288	89209738	SCZ	0.000194245	0.000311105	FALSE	0.041959
1696	11	89209739	90199932	SCZ	0.000289854	0.000464233	FALSE	0.00974142
1697	11	90199933	90967061	SCZ	0.000390604	0.000625596	FALSE	0.00190025
1698	11	90967062	92209168	SCZ	0.000576397	0.000923163	FALSE	0.00105366
1699	11	92209169	93576641	SCZ	0.000605539	0.000969836	FALSE	0.00135862
1700	11	93576642	94384535	SCZ	0.000622474	0.00099696	FALSE	7.26689e-05
1701	11	94384536	95327210	SCZ	0.000220793	0.000353625	FALSE	0.1186
1702	11	95327211	96150134	ASD	0.000620448	0.000999304	FALSE	0.119538
1702	11	95327211	96150134	SCZ	0.000228583	0.000366101	FALSE	0.113713
1703	11	96150135	97091671	SCZ	0.000302671	0.00048476	FALSE	0.0358566
1704	11	97091672	98145570	SCZ	0.00062511	0.00100118	FALSE	0.00144065
1705	11	98145571	98929380	SCZ	0.000206716	0.000331078	FALSE	0.0938018
1706	11	98929381	99619347	SCZ	8.29654e-05	0.000132878	FALSE	0.289398
1707	11	99619348	100423901	SCZ	1.13815e-05	1.82287e-05	FALSE	0.463405
1708	11	100423902	101152831	ASD	0.000741258	0.00119388	FALSE	0.0519656
1709	11	101152832	101881252	SCZ	0.00032231	0.000516215	FALSE	0.0183145
1710	11	101881253	102671665	SCZ	0.000544773	0.000872514	FALSE	0.00267254
1711	11	102671666	103495635	SCZ	0.000233024	0.000373213	FALSE	0.0649123
1712	11	103495636	104875270	SCZ	0.000509919	0.000816691	FALSE	0.00176904
1713	11	104875271	105932282	ASD	0.000578995	0.000932539	FALSE	0.0562255
1713	11	104875271	105932282	SCZ	0.000341389	0.000546772	FALSE	0.0063231
1714	11	105932283	107054024	SCZ	0.000483944	0.000775089	FALSE	0.00525798
1715	11	107054025	107846824	ASD	0.000294762	0.000474748	FALSE	0.234407
1715	11	107054025	107846824	SCZ	0.000190257	0.000304718	FALSE	0.104316
1716	11	107846825	109891837	SCZ	0.000379629	0.000608018	FALSE	0.0353581
1717	11	109891838	111117780	ASD	0.000253787	0.000408754	FALSE	0.304229
1717	11	109891838	111117780	SCZ	0.000421474	0.000675037	FALSE	0.0146923
1718	11	111117781	112755446	SCZ	0.000176546	0.000282757	FALSE	0.187219
1719	11	112755447	113889019	SCZ	0.00186259	0.00298315	FALSE	1.24097e-16
1720	11	113889020	114742317	ASD	0.000122368	0.000197088	FALSE	0.393929
1720	11	113889020	114742317	SCZ	0.000493873	0.000790991	FALSE	0.00504946
1721	11	114742318	116247377	SCZ	0.000849283	0.00136022	FALSE	0.000429552
1722	11	116247378	117295641	ASD	0.000997578	0.00160671	FALSE	0.0443209
1722	11	116247378	117295641	SCZ	0.000412531	0.000660714	FALSE	0.025231
1723	11	117295642	118901213	SCZ	0.000802334	0.00128503	FALSE	0.00130453
1724	11	118901214	120064528	ASD	0.000122012	0.000196515	FALSE	0.409355
1724	11	118901214	120064528	SCZ	0.000443098	0.000709669	FALSE	0.0215963
1726	11	121208187	122589224	SCZ	0.000500461	0.000801542	FALSE	0.0108114
1727	11	122589225	123398882	SCZ	0.000661367	0.00105925	FALSE	0.000924877
1728	11	123398883	124403477	ASD	0.000651052	0.00104859	FALSE	0.0894537
1728	11	123398883	124403477	SCZ	0.00091352	0.0014631	FALSE	1.22705e-06
1729	11	124403478	125266684	ASD	0.000141567	0.00022801	FALSE	0.394527
1729	11	124403478	125266684	SCZ	0.0012288	0.00196806	FALSE	8.15214e-08
1730	11	125266685	126304240	ASD	0.000140125	0.000225687	FALSE	0.387341
1730	11	125266685	126304240	SCZ	0.0007226	0.00115732	FALSE	0.000253191
1731	11	126304241	127306871	SCZ	0.000649678	0.00104053	FALSE	0.0020036
1732	11	127306872	128262550	SCZ	0.000442932	0.000709404	FALSE	0.00844685
1733	11	128262551	129451784	ASD	0.000368175	0.000592988	FALSE	0.274034
1733	11	128262551	129451784	SCZ	0.000385363	0.000617202	FALSE	0.049253
1734	11	129451785	130500783	SCZ	0.000990922	0.00158707	FALSE	1.00222e-05
1735	11	130500784	131424361	ASD	0.000233997	0.00037688	FALSE	0.334965
1735	11	130500784	131424361	SCZ	0.000467098	0.000748108	FALSE	0.0148745
1736	11	131424362	132584401	ASD	0.00064836	0.00104426	FALSE	0.168539
1736	11	131424362	132584401	SCZ	0.00140482	0.00224998	FALSE	9.03523e-08
1737	11	132584402	133521642	SCZ	0.000440035	0.000704764	FALSE	0.0278904
1738	11	133521643	134351064	SCZ	0.00155461	0.00248988	FALSE	1.39063e-10
1739	11	134351065	134946450	SCZ	0.00040743	0.000652544	FALSE	0.016125
1740	12	60317	1078397	SCZ	0.000253465	0.000405952	FALSE	0.0952281
1741	12	1078398	1942426	ASD	0.000142229	0.000229076	FALSE	0.375354
1741	12	1078398	1942426	SCZ	0.000439828	0.000704433	FALSE	0.00857842
1742	12	1942427	3069506	SCZ	0.00126783	0.00203056	FALSE	4.04048e-08
1743	12	3069507	3871114	SCZ	3.24865e-06	5.20306e-06	FALSE	0.48463
1744	12	3871115	4967643	SCZ	0.000205625	0.000329331	FALSE	0.169714
1745	12	4967644	6023700	SCZ	0.00059491	0.000952813	FALSE	0.00538707
1746	12	6023701	6948954	SCZ	0.000331506	0.000530942	FALSE	0.0441372
1747	12	6948955	8123317	ASD	0.00106711	0.0017187	FALSE	0.030067
1747	12	6948955	8123317	SCZ	0.000599984	0.00096094	FALSE	0.00202563
1748	12	8123318	8760628	SCZ	3.58223e-05	5.73733e-05	FALSE	0.341391
1749	12	8760629	10176713	SCZ	0.00049034	0.000785332	FALSE	0.0119723
1750	12	10176714	10946140	SCZ	0.000146002	0.000233839	FALSE	0.166439
1751	12	10946141	11742149	SCZ	7.56021e-05	0.000121085	FALSE	0.25859
1752	12	11742150	12721874	SCZ	0.000479088	0.000767312	FALSE	0.0106033
1753	12	12721875	13559527	SCZ	0.000163499	0.000261862	FALSE	0.185539
1754	12	13559528	14656849	SCZ	0.000850295	0.00136184	FALSE	6.65028e-05
1755	12	14656850	16136742	SCZ	0.00044049	0.000705493	FALSE	0.0147768
1756	12	16136743	17374895	SCZ	4.9341e-05	7.90249e-05	FALSE	0.38471
1757	12	17374896	18470023	SCZ	0.000430985	0.00069027	FALSE	0.00751748
1758	12	18470024	19532765	SCZ	0.000395958	0.000634171	FALSE	0.0167918
1759	12	19532766	20074930	SCZ	2.74311e-05	4.39339e-05	FALSE	0.408922
1760	12	20074931	20866285	SCZ	0.000262848	0.00042098	FALSE	0.0835219
1761	12	20866286	21572252	ASD	0.000243511	0.000392203	FALSE	0.239906
1761	12	20866286	21572252	SCZ	9.90254e-06	1.586e-05	FALSE	0.452902
1762	12	21572253	22928055	SCZ	0.0003368	0.000539422	FALSE	0.0446364
1763	12	22928056	23923798	SCZ	0.00148708	0.00238172	FALSE	1.98408e-10
1764	12	23923799	25058714	SCZ	0.000513676	0.000822708	FALSE	0.0159018
1765	12	25058715	25990813	SCZ	0.00046288	0.000741352	FALSE	0.0110917
1766	12	25990814	26958056	SCZ	0.000510797	0.000818098	FALSE	0.00534428
1767	12	26958057	27797262	SCZ	5.99791e-05	9.60631e-05	FALSE	0.336431
1768	12	27797263	28753585	SCZ	8.25509e-05	0.000132214	FALSE	0.30961
1769	12	28753586	29647193	ASD	0.000332404	0.000535375	FALSE	0.198298
1769	12	28753586	29647193	SCZ	8.83819e-06	1.41553e-05	FALSE	0.460977
1770	12	29647194	30358377	SCZ	0.00078386	0.00125544	FALSE	4.13667e-05
1771	12	30358378	31067298	ASD	0.000329906	0.000531351	FALSE	0.197968
1771	12	30358378	31067298	SCZ	0.000546021	0.000874513	FALSE	0.000265175
1772	12	31067299	31797152	SCZ	8.96185e-06	1.43534e-05	FALSE	0.4633
1773	12	31797153	32368905	SCZ	9.92988e-05	0.000159038	FALSE	0.268815
1774	12	32368906	33076722	SCZ	0.000215255	0.000344755	FALSE	0.0897221
1775	12	33076723	34340495	SCZ	0.000263951	0.000422747	FALSE	0.0150763
1776	12	34340496	38108284	ASD	0.000153217	0.000246774	FALSE	0.18744
1777	12	38108285	38746760	SCZ	0.000106936	0.000171269	FALSE	0.0531734
1778	12	38746761	40017396	ASD	0.000210517	0.000339062	FALSE	0.257436
1778	12	38746761	40017396	SCZ	0.000190085	0.000304443	FALSE	0.065115
1779	12	40017397	41198229	SCZ	0.000113258	0.000181395	FALSE	0.237233
1780	12	41198230	42117736	ASD	0.000336204	0.000541496	FALSE	0.185432
1780	12	41198230	42117736	SCZ	0.00036487	0.000584378	FALSE	0.006366
1781	12	42117737	43072679	ASD	0.000480749	0.000774301	FALSE	0.12151
1781	12	42117737	43072679	SCZ	0.000364118	0.000583175	FALSE	0.00958607
1782	12	43072680	43980531	ASD	0.00103653	0.00166945	FALSE	0.0121241
1782	12	43072680	43980531	SCZ	6.95131e-05	0.000111333	FALSE	0.317967
1783	12	43980532	44923825	SCZ	2.21295e-05	3.54428e-05	FALSE	0.418801
1784	12	44923826	46037744	SCZ	0.000121122	0.000193991	FALSE	0.209704
1785	12	46037745	47499603	SCZ	0.000261544	0.000418891	FALSE	0.0792372
1786	12	47499604	48227035	SCZ	0.000286991	0.000459648	FALSE	0.0559204
1787	12	48227036	48960265	ASD	7.1254e-05	0.000114763	FALSE	0.406538
1787	12	48227036	48960265	SCZ	0.000521475	0.000835199	FALSE	0.000167678
1788	12	48960266	50344346	ASD	0.00121346	0.00195441	FALSE	0.00855796
1788	12	48960266	50344346	SCZ	0.0011083	0.00177507	FALSE	2.10574e-08
1789	12	50344347	51769419	SCZ	0.000204981	0.000328299	FALSE	0.0716223
1790	12	51769420	53039987	SCZ	0.000968136	0.00155058	FALSE	2.98033e-05
1791	12	53039988	54371448	ASD	3.10303e-05	4.9978e-05	FALSE	0.467285
1791	12	53039988	54371448	SCZ	0.000686146	0.00109894	FALSE	0.000632312
1792	12	54371449	55416802	SCZ	0.000251382	0.000402616	FALSE	0.0978832
1793	12	55416803	56987105	SCZ	0.000357296	0.000572249	FALSE	0.0299399
1794	12	56987106	58748139	SCZ	0.00123762	0.00198218	FALSE	7.91437e-09
1796	12	60000364	61737953	SCZ	0.000323633	0.000518334	FALSE	0.0246075
1797	12	61737954	63055936	SCZ	3.38528e-05	5.42189e-05	FALSE	0.415695
1798	12	63055937	63764111	SCZ	4.80066e-05	7.68878e-05	FALSE	0.373094
1799	12	63764112	64403857	SCZ	0.000308631	0.000494307	FALSE	0.0107781
1800	12	64403858	66114643	SCZ	0.000402101	0.000644008	FALSE	0.0286757
1801	12	66114644	67183620	ASD	0.000335138	0.000539778	FALSE	0.253763
1801	12	66114644	67183620	SCZ	0.000204701	0.000327851	FALSE	0.135714
1802	12	67183621	68006682	SCZ	0.000455067	0.000728839	FALSE	0.00429537
1803	12	68006683	68839661	SCZ	0.000169298	0.000271149	FALSE	0.164691
1804	12	68839662	70097805	ASD	0.000218434	0.000351813	FALSE	0.3537
1804	12	68839662	70097805	SCZ	0.000552542	0.000884956	FALSE	0.00850768
1805	12	70097806	71177961	SCZ	0.00057803	0.000925778	FALSE	0.000944706
1806	12	71177962	71948185	ASD	0.000569543	0.000917315	FALSE	0.0773564
1806	12	71177962	71948185	SCZ	0.000413691	0.000662572	FALSE	0.00332752
1807	12	71948186	73154515	ASD	0.000285324	0.000459548	FALSE	0.25212
1807	12	71948186	73154515	SCZ	0.000555949	0.000890414	FALSE	0.000647556
1808	12	73154516	74080747	ASD	0.000646829	0.00104179	FALSE	0.0414299
1808	12	73154516	74080747	SCZ	0.00030792	0.000493168	FALSE	0.0120406
1809	12	74080748	75563968	ASD	0.0010001	0.00161078	FALSE	0.0149748
1809	12	74080748	75563968	SCZ	0.000433579	0.000694423	FALSE	0.0047642
1810	12	75563969	76524573	SCZ	0.000374532	0.000599854	FALSE	0.0235845
1811	12	76524574	77800463	ASD	0.000433641	0.000698429	FALSE	0.215182
1811	12	76524574	77800463	SCZ	0.000543661	0.000870732	FALSE	0.00518822
1812	12	77800464	79315178	SCZ	0.00078352	0.00125489	FALSE	0.000597221
1813	12	79315179	80952472	ASD	6.47286e-05	0.000104253	FALSE	0.424143
1813	12	79315179	80952472	SCZ	0.000300225	0.000480843	FALSE	0.0261029
1814	12	80952473	81843890	SCZ	0.00037742	0.000604479	FALSE	0.0047402
1815	12	81843891	82576129	SCZ	0.000427587	0.000684828	FALSE	0.00139205
1816	12	82576130	83551125	ASD	0.000157158	0.000253122	FALSE	0.338214
1816	12	82576130	83551125	SCZ	0.000211628	0.000338945	FALSE	0.0771945
1817	12	83551126	84356775	SCZ	0.000330498	0.000529328	FALSE	0.00329316
1818	12	84356776	85345631	ASD	1.02575e-05	1.65209e-05	FALSE	0.472706
1818	12	84356776	85345631	SCZ	0.000206626	0.000330935	FALSE	0.060161
1819	12	85345632	86933476	SCZ	9.83464e-05	0.000157512	FALSE	0.232759
1820	12	86933477	88344764	SCZ	0.000187067	0.000299608	FALSE	0.0950243
1821	12	88344765	90567001	SCZ	0.000830783	0.00133059	FALSE	3.43551e-05
1822	12	90567002	92061179	SCZ	0.000361356	0.000578752	FALSE	0.0258244
1823	12	92061180	93487547	ASD	0.00015172	0.000244363	FALSE	0.387281
1823	12	92061180	93487547	SCZ	0.000204756	0.000327939	FALSE	0.159601
1825	12	94385885	95147845	ASD	0.000987405	0.00159033	FALSE	0.0467378
1825	12	94385885	95147845	SCZ	0.000110517	0.000177005	FALSE	0.288882
1826	12	95147846	96017782	ASD	4.32795e-05	6.97067e-05	FALSE	0.450633
1826	12	95147846	96017782	SCZ	0.000398556	0.000638331	FALSE	0.0112953
1827	12	96017783	96828314	SCZ	0.000356977	0.000571738	FALSE	0.0302887
1828	12	96828315	97814021	SCZ	0.00016012	0.00025645	FALSE	0.182836
1829	12	97814022	99244337	SCZ	0.000488732	0.000782758	FALSE	0.0163137
1830	12	99244338	100931423	SCZ	0.00121822	0.00195111	FALSE	1.17048e-07
1831	12	100931424	101825061	ASD	0.000429226	0.000691318	FALSE	0.199684
1831	12	100931424	101825061	SCZ	0.000729657	0.00116863	FALSE	0.00015437
1832	12	101825062	102966633	ASD	0.000733175	0.00118086	FALSE	0.0732428
1832	12	101825062	102966633	SCZ	0.00013037	0.000208801	FALSE	0.228921
1833	12	102966634	104140831	ASD	0.000376666	0.000606665	FALSE	0.242873
1833	12	102966634	104140831	SCZ	0.000865839	0.00138674	FALSE	3.2948e-05
1834	12	104140832	105079100	SCZ	0.000860144	0.00137761	FALSE	2.27028e-05
1835	12	105079101	106153787	ASD	0.000333255	0.000536746	FALSE	0.245532
1835	12	105079101	106153787	SCZ	0.000722768	0.00115759	FALSE	0.000111913
1836	12	106153788	106964977	SCZ	0.000483853	0.000774944	FALSE	0.00479495
1837	12	106964978	108183188	SCZ	0.000470199	0.000753075	FALSE	0.0070228
1838	12	108183189	109031819	SCZ	0.000323402	0.000517964	FALSE	0.0311616
1839	12	109031820	110111514	SCZ	0.000832881	0.00133395	FALSE	9.23651e-06
1840	12	110111515	111592381	ASD	0.000773332	0.00124554	FALSE	0.035997
1840	12	110111515	111592381	SCZ	0.00105994	0.00169762	FALSE	2.14452e-09
1841	12	111592382	113947983	ASD	0.0001171	0.000188604	FALSE	0.402746
1841	12	111592382	113947983	SCZ	0.000580882	0.000930346	FALSE	0.00221881
1842	12	113947984	114685670	ASD	0.000473268	0.000762252	FALSE	0.167119
1842	12	113947984	114685670	SCZ	0.000408877	0.000654861	FALSE	0.0136793
1843	12	114685671	115439451	ASD	0.000224096	0.000360933	FALSE	0.316041
1843	12	114685671	115439451	SCZ	0.000453777	0.000726773	FALSE	0.00737946
1844	12	115439452	116197675	ASD	0.000935284	0.00150638	FALSE	0.0501374
1844	12	115439452	116197675	SCZ	0.000556119	0.000890685	FALSE	0.00419047
1845	12	116197676	117091843	SCZ	0.000682612	0.00109328	FALSE	0.000979321
1846	12	117091844	118256124	ASD	0.000763811	0.00123021	FALSE	0.103772
1846	12	117091844	118256124	SCZ	0.000446867	0.000715707	FALSE	0.0223635
1847	12	118256125	119301061	ASD	0.00101737	0.0016386	FALSE	0.0281963
1847	12	118256125	119301061	SCZ	0.000434549	0.000695977	FALSE	0.0121405
1848	12	119301062	120567740	ASD	0.000526113	0.000847366	FALSE	0.185915
1848	12	119301062	120567740	SCZ	0.000789478	0.00126443	FALSE	0.000276421
1849	12	120567741	121817509	SCZ	0.000779729	0.00124882	FALSE	4.31236e-05
1850	12	121817510	123396634	ASD	5.87276e-05	9.45876e-05	FALSE	0.44007
1850	12	121817510	123396634	SCZ	0.000762068	0.00122054	FALSE	3.60159e-05
1851	12	123396635	124843768	SCZ	0.00080767	0.00129357	FALSE	7.35621e-05
1852	12	124843769	126079935	ASD	0.000515557	0.000830364	FALSE	0.230286
1852	12	124843769	126079935	SCZ	0.000448683	0.000718615	FALSE	0.0413607
1853	12	126079936	126871452	SCZ	0.000517015	0.000828057	FALSE	0.00194344
1854	12	126871453	127545377	SCZ	0.000363341	0.00058193	FALSE	0.014838
1855	12	127545378	128372588	SCZ	0.000196158	0.000314168	FALSE	0.156992
1856	12	128372589	129170296	ASD	0.000465217	0.000749285	FALSE	0.195113
1857	12	129170297	129887418	SCZ	2.01486e-05	3.22703e-05	FALSE	0.455215
1860	12	131404043	132012316	SCZ	0.000272265	0.000436063	FALSE	0.0556736
1861	12	132012317	132957945	ASD	0.000250413	0.00040332	FALSE	0.294593
1861	12	132012317	132957945	SCZ	9.25484e-05	0.000148226	FALSE	0.288934
1862	12	132957946	133841814	ASD	0.000618729	0.000996536	FALSE	0.0805883
1862	12	132957946	133841814	SCZ	5.99815e-05	9.6067e-05	FALSE	0.340277
1863	13	19020095	19648628	ASD	2.56522e-05	4.13158e-05	FALSE	0.441517
1864	13	19648629	20491181	ASD	0.000265533	0.000427671	FALSE	0.214674
1864	13	19648629	20491181	SCZ	0.000254609	0.000407785	FALSE	0.0249472
1865	13	20491182	21540733	SCZ	5.52315e-05	8.84593e-05	FALSE	0.37676
1867	13	22795189	23729049	SCZ	0.000519448	0.000831953	FALSE	0.0123984
1868	13	23729050	24818333	SCZ	0.00028281	0.000452952	FALSE	0.11111
1869	13	24818334	25977140	ASD	0.000275935	0.000444425	FALSE	0.30345
1869	13	24818334	25977140	SCZ	0.000373574	0.000598319	FALSE	0.0341947
1870	13	25977141	26681709	SCZ	0.000118911	0.000190449	FALSE	0.196352
1871	13	26681710	27392005	ASD	8.90965e-06	1.435e-05	FALSE	0.478206
1871	13	26681710	27392005	SCZ	0.00061241	0.000980841	FALSE	0.000215848
1872	13	27392006	28587125	ASD	0.000207341	0.000333947	FALSE	0.362686
1872	13	27392006	28587125	SCZ	0.000101456	0.000162494	FALSE	0.318415
1873	13	28587126	30068525	ASD	0.000204644	0.000329603	FALSE	0.361451
1873	13	28587126	30068525	SCZ	0.00083951	0.00134457	FALSE	0.000201846
1874	13	30068526	31433218	ASD	0.000698449	0.00112493	FALSE	0.144999
1874	13	30068526	31433218	SCZ	0.000364745	0.000584178	FALSE	0.0643273
1875	13	31433219	32986686	SCZ	0.000142314	0.000227931	FALSE	0.254404
1876	13	32986687	34722391	SCZ	1.27229e-05	2.03771e-05	FALSE	0.466319
1877	13	34722392	35744568	SCZ	0.000349689	0.000560066	FALSE	0.0277782
1878	13	35744569	36579413	SCZ	6.58011e-05	0.000105388	FALSE	0.336363
1879	13	36579414	37499810	SCZ	0.000257758	0.000412827	FALSE	0.0507099
1880	13	37499811	38290689	ASD	0.0003548	0.000571447	FALSE	0.169719
1880	13	37499811	38290689	SCZ	0.000391507	0.000627042	FALSE	0.00368787
1881	13	38290690	39381743	SCZ	0.00118185	0.00189286	FALSE	5.18558e-10
1882	13	39381744	40091623	SCZ	0.000538654	0.000862713	FALSE	0.000505241
1883	13	40091624	41003943	SCZ	0.000961674	0.00154023	FALSE	5.95045e-06
1884	13	41003944	42037054	ASD	0.000591152	0.000952119	FALSE	0.095572
1884	13	41003944	42037054	SCZ	0.000529536	0.00084811	FALSE	0.0011621
1885	13	42037055	42950157	SCZ	0.000568276	0.000910156	FALSE	0.000723705
1886	13	42950158	43931931	SCZ	0.000403981	0.000647019	FALSE	0.0174037
1887	13	43931932	45476446	ASD	0.000884697	0.00142491	FALSE	0.0681139
1887	13	43931932	45476446	SCZ	0.000823608	0.0013191	FALSE	0.000136822
1888	13	45476447	46493236	SCZ	0.000599483	0.000960137	FALSE	0.000775981
1889	13	46493237	47433528	SCZ	0.000310208	0.000496832	FALSE	0.0264178
1890	13	47433529	48137479	SCZ	0.000126351	0.000202364	FALSE	0.206732
1891	13	48137480	49381727	SCZ	0.000207506	0.000332343	FALSE	0.100322
1892	13	49381728	50419896	ASD	9.17673e-05	0.000147802	FALSE	0.410139
1892	13	49381728	50419896	SCZ	0.000245628	0.0003934	FALSE	0.0746383
1893	13	50419897	51554236	ASD	0.000447735	0.000721129	FALSE	0.174344
1893	13	50419897	51554236	SCZ	0.000572976	0.000917684	FALSE	0.0010538
1894	13	51554237	53336571	SCZ	0.00068701	0.00110032	FALSE	0.00104064
1895	13	53336572	54684856	SCZ	0.000453161	0.000725787	FALSE	0.0135076
1896	13	54684857	55576912	ASD	0.00111719	0.00179937	FALSE	0.0051547
1896	13	54684857	55576912	SCZ	0.000235066	0.000376484	FALSE	0.0583244
1897	13	55576913	56434007	ASD	0.00033993	0.000547496	FALSE	0.134075
1897	13	55576913	56434007	SCZ	0.000288383	0.000461877	FALSE	0.00784201
1898	13	56434008	58245843	ASD	0.000845181	0.00136126	FALSE	0.0279208
1898	13	56434008	58245843	SCZ	0.000653786	0.00104711	FALSE	6.29007e-05
1899	13	58245844	59751795	ASD	9.57443e-05	0.000154207	FALSE	0.400634
1899	13	58245844	59751795	SCZ	0.000612893	0.000981615	FALSE	0.000186601
1900	13	59751796	61268155	ASD	2.26149e-05	3.64239e-05	FALSE	0.472433
1900	13	59751796	61268155	SCZ	0.000332147	0.000531969	FALSE	0.0458878
1901	13	61268156	62135827	SCZ	0.000146486	0.000234613	FALSE	0.165662
1902	13	62135828	63206535	SCZ	0.000404307	0.000647542	FALSE	0.00285231
1903	13	63206536	63973941	ASD	0.000566168	0.000911879	FALSE	0.0612165
1903	13	63206536	63973941	SCZ	0.000274804	0.000440129	FALSE	0.0204737
1904	13	63973942	65187138	SCZ	0.000200047	0.000320398	FALSE	0.0795789
1905	13	65187139	66382286	SCZ	0.00049616	0.000794655	FALSE	0.00164305
1906	13	66382287	67718879	ASD	0.000679994	0.00109521	FALSE	0.0941089
1906	13	66382287	67718879	SCZ	0.000488367	0.000782173	FALSE	0.00591739
1907	13	67718880	69004702	ASD	0.000429932	0.000692456	FALSE	0.177886
1907	13	67718880	69004702	SCZ	0.000403179	0.000645735	FALSE	0.0114279
1908	13	69004703	69751491	SCZ	0.000115586	0.000185123	FALSE	0.178191
1909	13	69751492	70427880	ASD	0.000427565	0.000688644	FALSE	0.115
1909	13	69751492	70427880	SCZ	0.000283164	0.000453519	FALSE	0.0175376
1910	13	70427881	71010208	ASD	0.000949012	0.00152849	FALSE	0.0146879
1910	13	70427881	71010208	SCZ	0.000255137	0.00040863	FALSE	0.0472163
1911	13	71010209	71976862	ASD	0.00012125	0.000195287	FALSE	0.403252
1911	13	71010209	71976862	SCZ	0.00062459	0.00100035	FALSE	0.00155396
1912	13	71976863	73114509	SCZ	0.000237472	0.000380337	FALSE	0.0951826
1913	13	73114510	74437635	SCZ	0.00122087	0.00195535	FALSE	2.10303e-07
1914	13	74437636	75882384	ASD	0.00116419	0.00187506	FALSE	0.0317536
1914	13	74437636	75882384	SCZ	0.000824258	0.00132014	FALSE	0.000220704
1915	13	75882385	76671493	SCZ	0.000565286	0.000905367	FALSE	0.000483391
1916	13	76671494	77460044	ASD	0.000102564	0.000165191	FALSE	0.405124
1916	13	76671494	77460044	SCZ	0.000369423	0.000591671	FALSE	0.0206937
1917	13	77460045	78693310	ASD	0.000484994	0.000781139	FALSE	0.118359
1917	13	77460045	78693310	SCZ	0.000266802	0.000427313	FALSE	0.0397767
1918	13	78693311	79489045	ASD	0.000750704	0.0012091	FALSE	0.0503063
1918	13	78693311	79489045	SCZ	6.25748e-05	0.00010022	FALSE	0.336295
1919	13	79489046	80778339	SCZ	0.000803748	0.00128729	FALSE	3.68994e-05
1920	13	80778340	81724089	ASD	0.000239266	0.000385366	FALSE	0.273196
1920	13	80778340	81724089	SCZ	0.000113522	0.000181818	FALSE	0.216669
1921	13	81724090	82582821	ASD	0.000389069	0.00062664	FALSE	0.160453
1921	13	81724090	82582821	SCZ	0.000419753	0.00067228	FALSE	0.0030106
1922	13	82582822	83829835	SCZ	0.000266529	0.000426876	FALSE	0.0295628
1923	13	83829836	85035400	SCZ	0.000636852	0.00101999	FALSE	0.000328083
1924	13	85035401	85650680	ASD	0.000480902	0.000774548	FALSE	0.077416
1924	13	85035401	85650680	SCZ	0.000422393	0.000676508	FALSE	0.000696843
1925	13	85650681	86321288	SCZ	0.000130045	0.000208282	FALSE	0.152515
1926	13	86321289	87043588	ASD	6.24905e-05	0.000100648	FALSE	0.40272
1926	13	86321289	87043588	SCZ	0.000248262	0.000397618	FALSE	0.018395
1927	13	87043589	88029523	ASD	0.000467458	0.000752895	FALSE	0.0844705
1927	13	87043589	88029523	SCZ	4.21355e-05	6.74847e-05	FALSE	0.346827
1928	13	88029524	88968400	SCZ	0.000667701	0.0010694	FALSE	3.43933e-05
1929	13	88968401	89764426	SCZ	0.000201889	0.000323347	FALSE	0.0357366
1930	13	89764427	90518147	ASD	0.000180351	0.000290477	FALSE	0.304782
1930	13	89764427	90518147	SCZ	0.000310558	0.000497392	FALSE	0.0162379
1931	13	90518148	91764204	ASD	0.00029535	0.000475695	FALSE	0.282623
1932	13	91764205	93285142	ASD	0.00051834	0.000834847	FALSE	0.176458
1932	13	91764205	93285142	SCZ	0.000758709	0.00121516	FALSE	0.000246258
1933	13	93285143	94925136	ASD	0.000583204	0.000939317	FALSE	0.167044
1933	13	93285143	94925136	SCZ	0.000843787	0.00135142	FALSE	0.000154065
1934	13	94925137	96132647	ASD	7.85594e-05	0.000126529	FALSE	0.443473
1934	13	94925137	96132647	SCZ	7.23646e-05	0.0001159	FALSE	0.370533
1935	13	96132648	97516609	ASD	0.000102545	0.000165161	FALSE	0.395674
1935	13	96132648	97516609	SCZ	0.000410106	0.00065683	FALSE	0.00723328
1936	13	97516610	98527335	SCZ	0.000372101	0.00059596	FALSE	0.0162261
1937	13	98527336	99402294	SCZ	0.000319897	0.000512351	FALSE	0.0656457
1938	13	99402295	100470868	ASD	0.000171768	0.000276652	FALSE	0.346527
1938	13	99402295	100470868	SCZ	0.000191075	0.000306027	FALSE	0.127723
1939	13	100470869	101573736	ASD	0.00070901	0.00114194	FALSE	0.096246
1939	13	100470869	101573736	SCZ	0.000394841	0.000632381	FALSE	0.0244649
1940	13	101573737	103050417	SCZ	0.00106015	0.00169794	FALSE	2.69557e-05
1941	13	103050418	104378435	SCZ	0.000640392	0.00102566	FALSE	0.00290665
1942	13	104378436	105672500	SCZ	0.000496261	0.000794817	FALSE	0.0114668
1943	13	105672501	106313847	ASD	0.00064138	0.00103302	FALSE	0.0777643
1945	13	107037865	108521978	ASD	0.001078	0.00173625	FALSE	0.0679757
1945	13	107037865	108521978	SCZ	0.00110012	0.00176197	FALSE	2.95514e-05
1946	13	108521979	109156765	ASD	0.000112385	0.000181009	FALSE	0.39045
1946	13	108521979	109156765	SCZ	0.000264732	0.000423997	FALSE	0.0555201
1947	13	109156766	109813576	SCZ	0.000516388	0.000827051	FALSE	0.00203702
1948	13	109813577	110995432	ASD	0.000669155	0.00107775	FALSE	0.154176
1948	13	109813577	110995432	SCZ	0.000788628	0.00126307	FALSE	0.000788911
1949	13	110995433	111621244	SCZ	0.000127165	0.000203668	FALSE	0.254018
1950	13	111621245	112319064	SCZ	0.000979992	0.00156956	FALSE	3.01469e-06
1951	13	112319065	113573118	SCZ	0.000691185	0.00110701	FALSE	0.00185936
1952	13	113573119	114302561	ASD	8.99098e-05	0.00014481	FALSE	0.417822
1952	13	113573119	114302561	SCZ	0.000159019	0.000254686	FALSE	0.185563
1953	13	114302562	115109851	SCZ	0.000188088	0.000301244	FALSE	0.0994536
1955	14	20876081	21982654	SCZ	0.000473915	0.000759027	FALSE	0.0313003
1957	14	22760701	23985936	SCZ	0.000467052	0.000748035	FALSE	0.0294057
1958	14	23985937	24906056	ASD	6.9283e-05	0.000111588	FALSE	0.433953
1958	14	23985937	24906056	SCZ	0.000486346	0.000778936	FALSE	0.00530682
1959	14	24906057	25585041	ASD	0.000409003	0.000658746	FALSE	0.155155
1959	14	24906057	25585041	SCZ	0.000111062	0.000177877	FALSE	0.215645
1960	14	25585042	26395690	SCZ	0.000297274	0.000476117	FALSE	0.0256827
1961	14	26395691	27720240	ASD	0.000130517	0.000210213	FALSE	0.394619
1961	14	26395691	27720240	SCZ	0.000230946	0.000369885	FALSE	0.116923
1962	14	27720241	29029224	SCZ	0.000328737	0.000526508	FALSE	0.0366175
1963	14	29029225	30831154	ASD	0.000838713	0.00135084	FALSE	0.0973047
1963	14	29029225	30831154	SCZ	0.00132976	0.00212976	FALSE	9.42136e-08
1964	14	30831155	32382245	ASD	0.000426879	0.000687538	FALSE	0.184228
1964	14	30831155	32382245	SCZ	0.000536291	0.000858928	FALSE	0.00177513
1965	14	32382246	33591113	ASD	0.00032992	0.000531374	FALSE	0.299511
1965	14	32382246	33591113	SCZ	0.00106685	0.00170867	FALSE	1.10698e-05
1966	14	33591114	34695195	SCZ	0.00131767	0.0021104	FALSE	1.78823e-06
1967	14	34695196	35379988	ASD	0.00028609	0.000460782	FALSE	0.224614
1967	14	34695196	35379988	SCZ	0.00060629	0.000971039	FALSE	5.4314e-05
1968	14	35379989	36422077	ASD	0.000291126	0.000468892	FALSE	0.228062
1968	14	35379989	36422077	SCZ	0.000801668	0.00128396	FALSE	7.87612e-07
1969	14	36422078	37282012	ASD	0.000952421	0.00153398	FALSE	0.0221491
1969	14	36422078	37282012	SCZ	0.000204619	0.00032772	FALSE	0.105413
1970	14	37282013	38722114	SCZ	6.92148e-05	0.000110855	FALSE	0.339184
1971	14	38722115	40343754	ASD	0.000158082	0.00025461	FALSE	0.367641
1971	14	38722115	40343754	SCZ	0.000635513	0.00101784	FALSE	0.00059428
1972	14	40343755	40965849	ASD	9.9723e-05	0.000160616	FALSE	0.35116
1972	14	40343755	40965849	SCZ	0.000174992	0.000280269	FALSE	0.0552285
1973	14	40965850	41614833	ASD	0.000315484	0.000508124	FALSE	0.120773
1973	14	40965850	41614833	SCZ	5.02585e-06	8.04945e-06	FALSE	0.457714
1974	14	41614834	42562550	SCZ	0.000145187	0.000232532	FALSE	0.127273
1975	14	42562551	43321168	SCZ	0.000232889	0.000372997	FALSE	0.0405612
1976	14	43321169	44623273	ASD	2.17997e-05	3.5111e-05	FALSE	0.469392
1976	14	43321169	44623273	SCZ	0.000437664	0.000700967	FALSE	0.00736824
1977	14	44623274	45817082	SCZ	0.000132956	0.000212944	FALSE	0.217047
1978	14	45817083	46748238	ASD	8.46572e-05	0.00013635	FALSE	0.386787
1978	14	45817083	46748238	SCZ	0.000361163	0.000578442	FALSE	0.00343152
1979	14	46748239	48177483	ASD	0.000858894	0.00138335	FALSE	0.0394823
1979	14	46748239	48177483	SCZ	0.000621792	0.000995867	FALSE	0.00037461
1980	14	48177484	49002065	SCZ	0.000275407	0.000441094	FALSE	0.0326741
1981	14	49002066	50500564	SCZ	0.000616155	0.000986839	FALSE	0.00262902
1982	14	50500565	51418371	SCZ	0.000651392	0.00104327	FALSE	0.000186772
1983	14	51418372	52206122	ASD	0.000135024	0.000217472	FALSE	0.387373
1983	14	51418372	52206122	SCZ	0.000528772	0.000846887	FALSE	0.00370732
1984	14	52206123	52760553	ASD	0.000670198	0.00107943	FALSE	0.072011
1984	14	52206123	52760553	SCZ	0.000335894	0.000537972	FALSE	0.0230776
1985	14	52760554	54359598	ASD	0.0010315	0.00166134	FALSE	0.041984
1985	14	52760554	54359598	SCZ	0.000579401	0.000927975	FALSE	0.00419138
1986	14	54359599	55292832	SCZ	0.000254049	0.000406888	FALSE	0.073257
1987	14	55292833	56206430	SCZ	0.00029226	0.000468086	FALSE	0.00969398
1988	14	56206431	57460781	SCZ	0.00129745	0.00207801	FALSE	5.50458e-08
1989	14	57460782	58447798	SCZ	0.000473235	0.000757937	FALSE	0.00498811
1990	14	58447799	59447537	ASD	0.000378414	0.000609479	FALSE	0.231649
1990	14	58447799	59447537	SCZ	0.00030217	0.000483959	FALSE	0.0587631
1991	14	59447538	60099482	SCZ	0.000426833	0.000683619	FALSE	0.00194537
1992	14	60099483	61652816	SCZ	0.000414773	0.000664305	FALSE	0.00548492
1993	14	61652817	62717985	SCZ	0.000794778	0.00127292	FALSE	0.000199757
1994	14	62717986	64033237	SCZ	0.000562225	0.000900465	FALSE	0.00343089
1995	14	64033238	65229391	SCZ	5.39962e-05	8.64808e-05	FALSE	0.353474
1996	14	65229392	66300066	SCZ	0.000725455	0.00116189	FALSE	4.67302e-05
1998	14	67891840	68976912	ASD	0.000216302	0.000348379	FALSE	0.314626
1998	14	67891840	68976912	SCZ	0.000184614	0.000295679	FALSE	0.140125
1999	14	68976913	69794542	SCZ	0.000423374	0.000678079	FALSE	0.0164863
2000	14	69794543	71140426	ASD	0.000113419	0.000182674	FALSE	0.407595
2000	14	69794543	71140426	SCZ	0.000222162	0.000355816	FALSE	0.127704
2001	14	71140427	72665319	ASD	0.000509677	0.000820895	FALSE	0.158667
2001	14	71140427	72665319	SCZ	0.00102704	0.00164492	FALSE	4.53682e-07
2002	14	72665320	73373373	ASD	5.13948e-05	8.27773e-05	FALSE	0.44623
2002	14	72665320	73373373	SCZ	0.000683616	0.00109489	FALSE	0.000191345
2003	14	73373374	74245428	SCZ	0.000412955	0.000661393	FALSE	0.00337462
2004	14	74245429	75699501	SCZ	0.000372968	0.000597349	FALSE	0.0227864
2005	14	75699502	76694201	SCZ	0.000477112	0.000764146	FALSE	0.00783909
2006	14	76694202	77425453	ASD	0.000242931	0.000391269	FALSE	0.316532
2006	14	76694202	77425453	SCZ	0.000144998	0.000232231	FALSE	0.22111
2007	14	77425454	78374053	ASD	0.0010486	0.00168889	FALSE	0.0237502
2007	14	77425454	78374053	SCZ	0.000488076	0.000781707	FALSE	0.00567124
2008	14	78374054	79199451	SCZ	0.000966157	0.00154741	FALSE	1.64883e-06
2009	14	79199452	81001920	ASD	0.000115618	0.000186217	FALSE	0.421616
2009	14	79199452	81001920	SCZ	0.000702559	0.00112523	FALSE	0.00238861
2010	14	81001921	82524785	SCZ	0.000645191	0.00103334	FALSE	0.00173887
2011	14	82524786	84087372	SCZ	0.000595863	0.000954339	FALSE	0.00526285
2012	14	84087373	85562936	SCZ	0.000874099	0.00139996	FALSE	2.299e-05
2013	14	85562937	86653343	SCZ	0.000182999	0.000293092	FALSE	0.154532
2014	14	86653344	87350275	SCZ	0.000387694	0.000620934	FALSE	0.00598428
2015	14	87350276	88208595	SCZ	8.61086e-05	0.000137912	FALSE	0.260607
2016	14	88208596	89482883	SCZ	0.000602443	0.000964878	FALSE	0.000980853
2017	14	89482884	90662836	SCZ	4.1595e-05	6.6619e-05	FALSE	0.411408
2018	14	90662837	92101228	SCZ	0.00117033	0.00187441	FALSE	4.39069e-07
2019	14	92101229	93386328	SCZ	0.000560181	0.000897191	FALSE	0.0103027
2020	14	93386329	94892240	ASD	0.00181461	0.00292264	FALSE	0.00461545
2020	14	93386329	94892240	SCZ	0.000495687	0.000793897	FALSE	0.0221769
2021	14	94892241	95946792	SCZ	0.000938512	0.00150313	FALSE	0.000241502
2022	14	95946793	97174314	SCZ	0.000382324	0.000612333	FALSE	0.0473029
2023	14	97174315	98268391	SCZ	7.36524e-05	0.000117962	FALSE	0.346028
2024	14	98268392	98885322	SCZ	0.000386445	0.000618934	FALSE	0.0101876
2025	14	98885323	99474533	SCZ	0.0001861	0.000298059	FALSE	0.13472
2026	14	99474534	100786189	SCZ	0.00116606	0.00186757	FALSE	2.33988e-06
2027	14	100786190	102004377	SCZ	0.000674378	0.00108009	FALSE	0.00365572
2028	14	102004378	103617472	SCZ	0.000760059	0.00121732	FALSE	0.000318642
2029	14	103617473	104439106	SCZ	0.00117183	0.00187681	FALSE	1.58645e-11
2030	14	104439107	105091340	ASD	0.000113807	0.0001833	FALSE	0.3821
2030	14	104439107	105091340	SCZ	0.000299096	0.000479036	FALSE	0.0301843
2031	14	105091341	106347143	SCZ	2.30447e-05	3.69085e-05	FALSE	0.41516
2034	15	20000205	22799926	ASD	4.03186e-05	6.49378e-05	FALSE	0.331635
2035	15	22799927	24099946	SCZ	0.000380801	0.000609895	FALSE	0.0163842
2037	15	24531188	25384327	ASD	0.000856957	0.00138023	FALSE	0.023946
2038	15	25384328	26392947	ASD	0.000695961	0.00112093	FALSE	0.137923
2039	15	26392948	27563172	SCZ	0.00075485	0.00120897	FALSE	0.000387433
2040	15	27563173	29141035	ASD	0.000197475	0.000318056	FALSE	0.315791
2040	15	27563173	29141035	SCZ	0.000607152	0.00097242	FALSE	0.000208564
2041	15	29141036	30604119	SCZ	0.000464055	0.000743235	FALSE	0.00738984
2043	15	32177321	33484267	SCZ	0.000257952	0.000413138	FALSE	0.108686
2044	15	33484268	34410072	SCZ	0.000560063	0.000897002	FALSE	0.00748684
2045	15	34410073	35118927	SCZ	0.000707274	0.00113278	FALSE	1.3246e-05
2046	15	35118928	36583327	ASD	0.000423873	0.000682697	FALSE	0.224652
2046	15	35118928	36583327	SCZ	0.000456899	0.000731774	FALSE	0.0156116
2047	15	36583328	37962915	SCZ	0.000499409	0.000799858	FALSE	0.0195755
2048	15	37962916	39238840	SCZ	0.00107631	0.00172383	FALSE	4.35195e-06
2049	15	39238841	40604780	ASD	0.00028303	0.000455853	FALSE	0.304019
2049	15	39238841	40604780	SCZ	0.00089878	0.0014395	FALSE	3.06775e-05
2050	15	40604781	42332685	SCZ	0.000731829	0.0011721	FALSE	0.000271448
2051	15	42332686	44987755	SCZ	0.000742236	0.00118877	FALSE	0.000191928
2052	15	44987756	46022642	SCZ	0.000176396	0.000282517	FALSE	0.108964
2053	15	46022643	46884071	ASD	0.000121436	0.000195587	FALSE	0.36655
2053	15	46022643	46884071	SCZ	0.00017414	0.000278904	FALSE	0.111631
2054	15	46884072	47693316	ASD	0.000421786	0.000679335	FALSE	0.0990932
2054	15	46884072	47693316	SCZ	0.000434989	0.000696682	FALSE	0.000463782
2055	15	47693317	49260006	ASD	0.000270741	0.000436059	FALSE	0.280693
2055	15	47693317	49260006	SCZ	0.000337958	0.000541277	FALSE	0.0299299
2056	15	49260007	50195876	SCZ	0.000196116	0.000314101	FALSE	0.0475933
2057	15	50195877	51605477	SCZ	0.000466376	0.000746952	FALSE	0.00390568
2058	15	51605478	53263126	SCZ	0.000698326	0.00111844	FALSE	0.000725779
2059	15	53263127	54332799	SCZ	0.000536728	0.000859628	FALSE	0.00451565
2060	15	54332800	55136717	ASD	0.000166048	0.000267439	FALSE	0.354127
2060	15	54332800	55136717	SCZ	0.000464979	0.000744715	FALSE	0.00527599
2061	15	55136718	56322588	SCZ	0.000847009	0.00135658	FALSE	1.55581e-05
2062	15	56322589	57641164	SCZ	0.000581489	0.000931319	FALSE	0.000404413
2063	15	57641165	58712954	SCZ	0.000478029	0.000765615	FALSE	0.0275343
2064	15	58712955	59901116	SCZ	0.000597204	0.000956487	FALSE	0.00221918
2065	15	59901117	61130595	ASD	0.000657833	0.00105952	FALSE	0.135136
2065	15	59901117	61130595	SCZ	8.62412e-05	0.000138125	FALSE	0.335588
2066	15	61130596	62106138	ASD	0.000821041	0.00132238	FALSE	0.109945
2066	15	61130596	62106138	SCZ	0.00183771	0.0029433	FALSE	7.78399e-12
2067	15	62106139	63218978	ASD	0.000133282	0.000214667	FALSE	0.407275
2067	15	62106139	63218978	SCZ	0.000836392	0.00133957	FALSE	0.000268027
2068	15	63218979	64339945	ASD	0.000173465	0.000279386	FALSE	0.359304
2068	15	63218979	64339945	SCZ	0.000803867	0.00128748	FALSE	4.31325e-05
2069	15	64339946	66355634	SCZ	0.000587929	0.000941632	FALSE	0.00303296
2070	15	66355635	67396520	SCZ	0.000221919	0.000355428	FALSE	0.148181
2071	15	67396521	69089815	SCZ	0.00026241	0.000420278	FALSE	0.114422
2072	15	69089816	70767983	SCZ	0.00104364	0.0016715	FALSE	4.25476e-05
2073	15	70767984	72058129	ASD	0.000339556	0.000546895	FALSE	0.268743
2073	15	70767984	72058129	SCZ	0.000442668	0.000708981	FALSE	0.0175933
2074	15	72058130	73375718	SCZ	0.000856511	0.0013718	FALSE	2.26257e-07
2075	15	73375719	74458113	ASD	0.000642085	0.00103415	FALSE	0.0968356
2075	15	73375719	74458113	SCZ	0.00028097	0.000450004	FALSE	0.0588316
2076	15	74458114	76401952	SCZ	0.000382036	0.000611872	FALSE	0.0336278
2077	15	76401953	77897163	SCZ	0.000313804	0.000502591	FALSE	0.0183102
2078	15	77897164	78514101	ASD	0.0005001	0.000805469	FALSE	0.129298
2078	15	77897164	78514101	SCZ	0.000644386	0.00103205	FALSE	0.000143053
2079	15	78514102	79292536	ASD	0.000369623	0.000595321	FALSE	0.200655
2079	15	78514102	79292536	SCZ	0.000744322	0.00119211	FALSE	1.75198e-05
2080	15	79292537	79998206	ASD	0.000250981	0.000404234	FALSE	0.288954
2080	15	79292537	79998206	SCZ	0.000189843	0.000304054	FALSE	0.130683
2081	15	79998207	81077025	ASD	0.000243876	0.00039279	FALSE	0.338156
2081	15	79998207	81077025	SCZ	0.000934181	0.00149619	FALSE	4.54581e-05
2082	15	81077026	82191077	ASD	4.88932e-05	7.87482e-05	FALSE	0.450437
2083	15	82191078	84209760	SCZ	0.000866127	0.0013872	FALSE	3.56793e-05
2084	15	84209761	85494083	SCZ	0.000545641	0.000873904	FALSE	0.00178478
2085	15	85494084	86341598	SCZ	0.00042513	0.000680892	FALSE	0.00317068
2086	15	86341599	87158587	SCZ	0.000508274	0.000814056	FALSE	0.00598425
2087	15	87158588	88035757	ASD	0.00038374	0.000618058	FALSE	0.232612
2087	15	87158588	88035757	SCZ	0.000560248	0.000897298	FALSE	0.0031975
2088	15	88035758	89385187	SCZ	0.000270548	0.000433312	FALSE	0.127359
2089	15	89385188	90632718	SCZ	0.00107262	0.00171792	FALSE	3.92083e-06
2090	15	90632719	91593623	SCZ	0.000722549	0.00115724	FALSE	9.00708e-05
2091	15	91593624	92675405	SCZ	0.000757459	0.00121315	FALSE	0.000816916
2092	15	92675406	93707010	ASD	0.000125225	0.00020169	FALSE	0.418076
2092	15	92675406	93707010	SCZ	0.000740852	0.00118656	FALSE	0.00170301
2093	15	93707011	94565521	ASD	0.0011549	0.0018601	FALSE	0.0327682
2093	15	93707011	94565521	SCZ	0.000249321	0.000399315	FALSE	0.127019
2094	15	94565522	95662425	SCZ	0.000162586	0.000260399	FALSE	0.245078
2095	15	95662426	96864278	SCZ	0.000763534	0.00122288	FALSE	0.000754928
2096	15	96864279	98025684	ASD	0.000852963	0.0013738	FALSE	0.077909
2096	15	96864279	98025684	SCZ	0.000601089	0.00096271	FALSE	0.00354689
2097	15	98025685	98828261	ASD	0.000420859	0.000677842	FALSE	0.209429
2097	15	98025685	98828261	SCZ	0.000347448	0.000556476	FALSE	0.0370495
2098	15	98828262	99925972	SCZ	0.000283173	0.000453532	FALSE	0.112209
2099	15	99925973	100742117	SCZ	0.000388176	0.000621707	FALSE	0.0313406
2100	15	100742118	101550750	SCZ	0.000756138	0.00121104	FALSE	0.000306707
2101	15	101550751	102520975	ASD	0.000189069	0.000304518	FALSE	0.364845
2101	15	101550751	102520975	SCZ	0.000496879	0.000795806	FALSE	0.0114615
2103	16	1049080	1996492	SCZ	0.000454595	0.000728084	FALSE	0.00693292
2104	16	1996493	3379996	SCZ	0.000287834	0.000460998	FALSE	0.0848061
2105	16	3379997	4816145	SCZ	0.000533387	0.000854278	FALSE	0.02033
2106	16	4816146	5782968	SCZ	0.000423787	0.000678742	FALSE	0.0546492
2107	16	5782969	6446081	SCZ	0.000596378	0.000955164	FALSE	0.00543596
2108	16	6446082	7051429	ASD	0.000334919	0.000539425	FALSE	0.287927
2108	16	6446082	7051429	SCZ	0.000625733	0.00100218	FALSE	0.00358845
2109	16	7051430	7704354	ASD	0.000659271	0.00106183	FALSE	0.149619
2109	16	7051430	7704354	SCZ	0.000544004	0.000871282	FALSE	0.0107235
2110	16	7704355	8341012	SCZ	0.000540164	0.000865131	FALSE	0.00519867
2111	16	8341013	9104469	SCZ	0.000355862	0.000569952	FALSE	0.051735
2112	16	9104470	9754796	SCZ	0.000105367	0.000168756	FALSE	0.297309
2113	16	9754797	10351808	ASD	0.000408357	0.000657706	FALSE	0.174594
2113	16	9754797	10351808	SCZ	0.00061005	0.000977062	FALSE	0.000230653
2115	16	11022543	11916631	SCZ	0.000389493	0.000623815	FALSE	0.0294384
2116	16	11916632	12793149	ASD	0.000369497	0.000595117	FALSE	0.260366
2116	16	11916632	12793149	SCZ	0.000943661	0.00151138	FALSE	2.43405e-05
2117	16	12793150	13893407	ASD	0.00120102	0.00193439	FALSE	0.0265815
2117	16	12793150	13893407	SCZ	0.00133422	0.0021369	FALSE	2.1609e-08
2118	16	13893408	15921108	SCZ	0.00104124	0.00166766	FALSE	2.38879e-06
2120	16	17343278	19104257	SCZ	0.000166517	0.000266696	FALSE	0.177585
2121	16	19104258	20351261	SCZ	0.000396369	0.000634828	FALSE	0.0267476
2122	16	20351262	22667048	SCZ	0.000396579	0.000635165	FALSE	0.0259012
2123	16	22667049	24014705	ASD	0.000732597	0.00117993	FALSE	0.10052
2123	16	22667049	24014705	SCZ	0.000416689	0.000667374	FALSE	0.0238321
2124	16	24014706	25235251	ASD	0.000469099	0.000755538	FALSE	0.226713
2124	16	24014706	25235251	SCZ	0.00076195	0.00122035	FALSE	0.000790507
2125	16	25235252	26154122	ASD	0.000944578	0.00152135	FALSE	0.049955
2125	16	25235252	26154122	SCZ	0.00059205	0.000948233	FALSE	0.00269308
2126	16	26154123	27443061	SCZ	0.000818253	0.00131052	FALSE	0.00130818
2127	16	27443062	29043177	ASD	0.000361544	0.000582308	FALSE	0.241891
2127	16	27443062	29043177	SCZ	0.000585402	0.000937585	FALSE	0.00187484
2128	16	29043178	31384210	SCZ	0.000578663	0.000926792	FALSE	0.0014169
2129	16	31384211	32847928	ASD	3.01329e-05	4.85325e-05	FALSE	0.42746
2129	16	31384211	32847928	SCZ	6.45988e-07	1.03462e-06	FALSE	0.473373
2131	16	35259454	49010761	SCZ	8.82985e-06	1.4142e-05	FALSE	0.468852
2132	16	49010762	50467033	SCZ	0.000308737	0.000494476	FALSE	0.110877
2133	16	50467034	52041336	SCZ	0.000750697	0.00120232	FALSE	0.00148214
2134	16	52041337	53393882	SCZ	0.000269666	0.000431899	FALSE	0.0943034
2135	16	53393883	54866095	ASD	0.000318532	0.000513032	FALSE	0.311957
2135	16	53393883	54866095	SCZ	0.000177328	0.00028401	FALSE	0.227598
2136	16	54866096	55907389	ASD	0.000540817	0.000871049	FALSE	0.16908
2136	16	54866096	55907389	SCZ	0.000616376	0.000987194	FALSE	0.0021724
2137	16	55907390	57119889	SCZ	0.000859265	0.00137621	FALSE	0.000213387
2138	16	57119890	58508978	SCZ	0.000371964	0.000595741	FALSE	0.0609779
2139	16	58508979	59885499	SCZ	0.000621816	0.000995906	FALSE	0.00125125
2140	16	59885500	61092844	SCZ	0.000446328	0.000714843	FALSE	0.0119983
2141	16	61092845	62607090	SCZ	0.000546429	0.000875166	FALSE	0.00366323
2142	16	62607091	64207176	ASD	0.000979612	0.00157778	FALSE	0.049492
2142	16	62607091	64207176	SCZ	0.000817054	0.0013086	FALSE	0.000138122
2143	16	64207177	65072403	ASD	0.000117844	0.000189801	FALSE	0.377631
2143	16	64207177	65072403	SCZ	0.000618826	0.000991118	FALSE	0.0001224
2144	16	65072404	65882820	ASD	0.000371799	0.000598825	FALSE	0.223858
2144	16	65072404	65882820	SCZ	0.00090375	0.00144745	FALSE	3.62955e-06
2145	16	65882821	66738843	ASD	0.000325468	0.000524204	FALSE	0.255627
2145	16	65882821	66738843	SCZ	0.00045242	0.0007246	FALSE	0.00920153
2146	16	66738844	68435728	ASD	0.000143046	0.000230393	FALSE	0.353734
2146	16	66738844	68435728	SCZ	0.000297396	0.000476312	FALSE	0.0284532
2147	16	68435729	69549149	ASD	0.000604065	0.000972916	FALSE	0.092052
2147	16	68435729	69549149	SCZ	0.000226307	0.000362456	FALSE	0.0829997
2148	16	69549150	71062712	SCZ	0.000589017	0.000943376	FALSE	0.000185336
2149	16	71062713	72089511	ASD	0.000719351	0.0011586	FALSE	0.0370506
2149	16	71062713	72089511	SCZ	0.000544642	0.000872303	FALSE	0.000221204
2150	16	72089512	73140781	ASD	0.000792179	0.0012759	FALSE	0.0673901
2150	16	72089512	73140781	SCZ	0.000724905	0.00116102	FALSE	0.000196694
2151	16	73140782	74135275	SCZ	0.000487264	0.000780406	FALSE	0.0235207
2152	16	74135276	74889127	ASD	9.05679e-05	0.00014587	FALSE	0.409206
2152	16	74135276	74889127	SCZ	0.000366867	0.000587577	FALSE	0.0162638
2154	16	75525960	76635467	ASD	0.000526246	0.00084758	FALSE	0.168824
2154	16	75525960	76635467	SCZ	0.000181379	0.000290498	FALSE	0.178263
2155	16	76635468	77270665	SCZ	0.00036221	0.000580119	FALSE	0.0129169
2156	16	77270666	77739132	ASD	4.50466e-05	7.25528e-05	FALSE	0.446426
2156	16	77270666	77739132	SCZ	0.000495057	0.000792888	FALSE	0.0018111
2157	16	77739133	78280636	ASD	0.000266777	0.000429676	FALSE	0.30116
2157	16	77739133	78280636	SCZ	0.00040127	0.000642678	FALSE	0.021438
2158	16	78280637	78973580	SCZ	0.000627578	0.00100513	FALSE	0.00709308
2159	16	78973581	79662634	SCZ	0.000489722	0.000784343	FALSE	0.026205
2162	16	81437862	82310204	SCZ	0.000278494	0.000446038	FALSE	0.132894
2163	16	82310205	83077869	SCZ	0.000819112	0.0013119	FALSE	0.000891717
2164	16	83077870	83778371	ASD	0.000365671	0.000588956	FALSE	0.28536
2164	16	83077870	83778371	SCZ	0.000760738	0.0012184	FALSE	0.0012485
2165	16	83778372	84440154	SCZ	0.000128089	0.000205148	FALSE	0.307836
2168	16	86058598	86748867	SCZ	0.000270524	0.000433273	FALSE	0.153588
2169	16	86748868	87669168	SCZ	0.000834932	0.00133723	FALSE	0.00089789
2170	16	87669169	88387228	SCZ	0.000448042	0.000717588	FALSE	0.0177313
2171	16	88387229	89106304	ASD	0.000126166	0.000203206	FALSE	0.392208
2172	16	89106305	90292787	SCZ	0.00110246	0.00176571	FALSE	1.00997e-06
2173	17	52	815653	SCZ	0.000334933	0.000536432	FALSE	0.0488329
2174	17	815654	1480056	SCZ	0.000440299	0.000705187	FALSE	0.0150304
2175	17	1480057	2699135	SCZ	0.000583793	0.000935008	FALSE	0.00638244
2176	17	2699136	3430440	SCZ	0.000221681	0.000355046	FALSE	0.0966993
2177	17	3430441	4463971	SCZ	0.000607002	0.000972179	FALSE	0.00420202
2178	17	4463972	5573784	ASD	0.000146344	0.000235704	FALSE	0.387419
2178	17	4463972	5573784	SCZ	0.000645062	0.00103314	FALSE	0.00129211
2179	17	5573785	6305078	SCZ	0.000471339	0.000754901	FALSE	0.0132986
2180	17	6305079	7264458	SCZ	0.000354462	0.00056771	FALSE	0.0504538
2181	17	7264459	8554763	SCZ	0.000886831	0.00142036	FALSE	6.31604e-05
2182	17	8554764	9619356	SCZ	0.000178818	0.000286397	FALSE	0.206652
2183	17	9619357	10572617	SCZ	0.000366382	0.000586801	FALSE	0.0424646
2185	17	11778165	12676353	SCZ	8.14237e-05	0.000130409	FALSE	0.307595
2186	17	12676354	13648446	ASD	0.000223146	0.000359402	FALSE	0.355176
2186	17	12676354	13648446	SCZ	0.000297715	0.000476823	FALSE	0.0968555
2187	17	13648447	14508610	SCZ	0.000142366	0.000228015	FALSE	0.224263
2188	17	14508611	15308722	ASD	0.000326734	0.000526243	FALSE	0.276893
2188	17	14508611	15308722	SCZ	5.14667e-06	8.24296e-06	FALSE	0.479827
2189	17	15308723	16405207	ASD	6.78112e-05	0.000109218	FALSE	0.422684
2189	17	15308723	16405207	SCZ	5.45204e-06	8.73203e-06	FALSE	0.471866
2190	17	16405208	17326540	ASD	7.30789e-05	0.000117702	FALSE	0.420839
2190	17	16405208	17326540	SCZ	0.000137	0.000219421	FALSE	0.186672
2191	17	17326541	18900978	SCZ	0.000488709	0.00078272	FALSE	0.00207438
2192	17	18900979	20402494	SCZ	0.000542417	0.000868741	FALSE	0.000413599
2193	17	20402495	21432873	SCZ	0.000174435	0.000279376	FALSE	0.13549
2194	17	21432874	25872110	ASD	0.000448908	0.000723019	FALSE	0.109994
2195	17	25872111	27344401	SCZ	0.000331889	0.000531556	FALSE	0.0444259
2196	17	27344402	29783141	SCZ	0.00053754	0.00086093	FALSE	0.0023979
2197	17	29783142	31318753	ASD	0.000115025	0.000185261	FALSE	0.415735
2197	17	29783142	31318753	SCZ	0.000765823	0.00122655	FALSE	0.000469815
2198	17	31318754	32356061	SCZ	0.000700627	0.00112213	FALSE	0.00193087
2199	17	32356062	33614189	SCZ	0.000146244	0.000234226	FALSE	0.23928
2201	17	34474612	36116884	SCZ	0.000390898	0.000626066	FALSE	0.0330241
2202	17	36116885	37361178	SCZ	0.000531121	0.000850648	FALSE	0.00677496
2203	17	37361179	38880481	SCZ	0.000602982	0.000965741	FALSE	0.000919946
2204	17	38880482	40233545	ASD	0.00117456	0.00189177	FALSE	0.0151654
2204	17	38880482	40233545	SCZ	0.000375252	0.000601007	FALSE	0.025758
2205	17	40233546	42348003	ASD	0.00012732	0.000205064	FALSE	0.404038
2205	17	40233546	42348003	SCZ	0.000395312	0.000633135	FALSE	0.0325044
2206	17	42348004	43460500	ASD	0.000610321	0.000982992	FALSE	0.104269
2206	17	42348004	43460500	SCZ	0.000538491	0.000862453	FALSE	0.00185115
2207	17	43460501	44865832	ASD	0.0011043	0.0017786	FALSE	0.000392858
2207	17	43460501	44865832	SCZ	0.000602161	0.000964427	FALSE	8.06045e-07
2208	17	44865833	45883901	SCZ	0.00064802	0.00103787	FALSE	2.08227e-05
2209	17	45883902	47516224	ASD	0.000559215	0.00090068	FALSE	0.154501
2209	17	45883902	47516224	SCZ	0.000843937	0.00135166	FALSE	4.53732e-05
2210	17	47516225	48722590	SCZ	0.000293199	0.00046959	FALSE	0.120039
2211	17	48722591	49909298	ASD	0.000403072	0.000649194	FALSE	0.22664
2211	17	48722591	49909298	SCZ	0.000785642	0.00125829	FALSE	0.000113058
2212	17	49909299	51110385	SCZ	0.000428724	0.000686649	FALSE	0.00344919
2213	17	51110386	52102649	SCZ	0.00036518	0.000584875	FALSE	0.0111167
2214	17	52102650	53468006	SCZ	0.000526146	0.00084268	FALSE	0.00837543
2215	17	53468007	54950107	SCZ	0.000731602	0.00117174	FALSE	0.000125634
2216	17	54950108	56245227	SCZ	0.000168348	0.000269627	FALSE	0.241356
2217	17	56245228	58652809	SCZ	0.000607039	0.000972239	FALSE	0.000813088
2219	17	60453121	62112373	ASD	8.6189e-05	0.000138817	FALSE	0.416827
2219	17	60453121	62112373	SCZ	0.00022681	0.00036326	FALSE	0.0954131
2220	17	62112374	63548724	ASD	0.000332557	0.000535622	FALSE	0.234572
2220	17	62112374	63548724	SCZ	0.000305921	0.000489966	FALSE	0.0390463
2221	17	63548725	64438387	ASD	0.00020219	0.000325651	FALSE	0.293545
2221	17	63548725	64438387	SCZ	0.000212113	0.000339722	FALSE	0.069784
2222	17	64438388	65582327	ASD	0.000922257	0.0014854	FALSE	0.0768716
2222	17	64438388	65582327	SCZ	0.000596182	0.000954851	FALSE	0.00630652
2223	17	65582328	66757556	ASD	0.000468153	0.000754015	FALSE	0.205092
2223	17	65582328	66757556	SCZ	0.00101392	0.00162391	FALSE	4.00958e-06
2225	17	68176220	69245590	SCZ	0.000438882	0.000702917	FALSE	0.0136314
2226	17	69245591	70495119	SCZ	0.000217816	0.000348855	FALSE	0.169808
2227	17	70495120	71466953	SCZ	0.000785966	0.00125881	FALSE	0.000710455
2228	17	71466954	72383472	SCZ	0.000352933	0.00056526	FALSE	0.071248
2229	17	72383473	73741321	SCZ	0.000629445	0.00100812	FALSE	0.00283949
2230	17	73741322	74908266	ASD	0.00079187	0.0012754	FALSE	0.0848707
2230	17	73741322	74908266	SCZ	0.000999089	0.00160015	FALSE	4.77875e-06
2231	17	74908267	75619256	SCZ	0.00010392	0.000166439	FALSE	0.297299
2232	17	75619257	76596287	SCZ	0.000774258	0.00124006	FALSE	0.0010307
2233	17	76596288	77412786	SCZ	0.000653351	0.00104641	FALSE	0.00257927
2234	17	77412787	78438332	SCZ	1.50055e-05	2.40329e-05	FALSE	0.462989
2235	17	78438333	79333774	SCZ	0.00062667	0.00100368	FALSE	0.00134744
2236	17	79333775	80459149	SCZ	0.000393824	0.000630752	FALSE	0.00781532
2237	17	80459150	81192460	SCZ	0.00048368	0.000774666	FALSE	0.00178433
2239	18	848351	1940211	ASD	0.000559481	0.000901108	FALSE	0.140166
2239	18	848351	1940211	SCZ	0.000118884	0.000190406	FALSE	0.253798
2240	18	1940212	2839842	SCZ	9.93142e-05	0.000159063	FALSE	0.304552
2241	18	2839843	3722828	SCZ	0.000319319	0.000511425	FALSE	0.067592
2242	18	3722829	4603961	SCZ	0.000143289	0.000229492	FALSE	0.23237
2243	18	4603962	5575812	SCZ	0.000529725	0.000848413	FALSE	0.00346484
2244	18	5575813	6756496	ASD	0.000359063	0.000578313	FALSE	0.282074
2244	18	5575813	6756496	SCZ	0.000321775	0.000515358	FALSE	0.0827743
2245	18	6756497	7862479	SCZ	0.000376693	0.000603315	FALSE	0.0360625
2246	18	7862480	8788524	ASD	0.000289647	0.00046651	FALSE	0.298042
2246	18	7862480	8788524	SCZ	0.000158669	0.000254125	FALSE	0.216876
2247	18	8788525	9816164	SCZ	0.000651189	0.00104295	FALSE	0.00320746
2248	18	9816165	10675548	SCZ	0.000398718	0.000638591	FALSE	0.0383888
2250	18	11872227	12735558	SCZ	6.18076e-05	9.89917e-05	FALSE	0.346755
2251	18	12735559	13641479	SCZ	0.000770149	0.00123348	FALSE	0.000147858
2252	18	13641480	14439251	ASD	0.000211687	0.000340946	FALSE	0.260385
2253	18	14439252	15220934	ASD	5.44737e-06	8.77362e-06	FALSE	0.465397
2255	18	20009697	21622716	ASD	0.0010319	0.00166199	FALSE	0.0252679
2255	18	20009697	21622716	SCZ	4.75729e-05	7.61932e-05	FALSE	0.387159
2256	18	21622717	22746153	ASD	0.000178379	0.000287301	FALSE	0.370626
2256	18	21622717	22746153	SCZ	0.000536133	0.000858676	FALSE	0.00693013
2257	18	22746154	24088163	SCZ	0.0006954	0.00111376	FALSE	0.00101216
2258	18	24088164	25305260	ASD	0.000518869	0.000835698	FALSE	0.184428
2258	18	24088164	25305260	SCZ	0.000400087	0.000640783	FALSE	0.0312517
2259	18	25305261	26861067	ASD	0.000347146	0.000559119	FALSE	0.239507
2259	18	25305261	26861067	SCZ	0.000591556	0.000947442	FALSE	0.001096
2260	18	26861068	27823155	ASD	0.000195458	0.000314807	FALSE	0.285039
2260	18	26861068	27823155	SCZ	0.000349761	0.000560181	FALSE	0.00632641
2261	18	27823156	28792734	ASD	0.000186851	0.000300945	FALSE	0.341075
2261	18	27823156	28792734	SCZ	0.000308815	0.000494601	FALSE	0.0426394
2262	18	28792735	30401128	SCZ	0.000440301	0.000705191	FALSE	0.0250576
2263	18	30401129	32458907	SCZ	0.000951045	0.0015232	FALSE	1.08609e-05
2264	18	32458908	34153297	SCZ	0.000497182	0.000796291	FALSE	0.015599
2265	18	34153298	36056932	SCZ	0.00107196	0.00171685	FALSE	1.00349e-05
2266	18	36056933	37679127	ASD	0.000926299	0.00149191	FALSE	0.038369
2266	18	36056933	37679127	SCZ	0.000951319	0.00152364	FALSE	1.75751e-06
2267	18	37679128	38498381	SCZ	0.000111292	0.000178246	FALSE	0.216541
2268	18	38498382	39410165	SCZ	0.00076496	0.00122517	FALSE	2.09786e-05
2269	18	39410166	40471407	ASD	0.000371759	0.000598762	FALSE	0.171379
2270	18	40471408	41425454	SCZ	0.000242472	0.000388346	FALSE	0.0614089
2271	18	41425455	42974165	SCZ	0.000825087	0.00132147	FALSE	0.000261621
2272	18	42974166	44300145	ASD	6.56937e-05	0.000105807	FALSE	0.451909
2272	18	42974166	44300145	SCZ	0.000862467	0.00138134	FALSE	0.000333552
2273	18	44300146	45718492	SCZ	0.000824557	0.00132062	FALSE	0.000261485
2274	18	45718493	46558306	SCZ	0.000944875	0.00151332	FALSE	6.40138e-05
2275	18	46558307	47455925	ASD	2.18075e-05	3.51235e-05	FALSE	0.466018
2275	18	46558307	47455925	SCZ	0.000377918	0.000605277	FALSE	0.00954795
2276	18	47455926	48228379	SCZ	0.000722127	0.00115657	FALSE	8.24333e-05
2277	18	48228380	49790996	SCZ	0.000926253	0.0014835	FALSE	4.68591e-05
2278	18	49790997	50372823	ASD	5.36376e-05	8.63895e-05	FALSE	0.435139
2278	18	49790997	50372823	SCZ	0.000431075	0.000690414	FALSE	0.00360061
2279	18	50372824	51060986	SCZ	0.000338465	0.000542089	FALSE	0.00252578
2280	18	51060987	52512523	SCZ	0.000470536	0.000753615	FALSE	0.00147313
2281	18	52512524	53762996	SCZ	0.00188912	0.00302564	FALSE	1.84242e-17
2282	18	53762997	54957867	ASD	0.00150129	0.00241801	FALSE	0.00243514
2282	18	53762997	54957867	SCZ	0.000714994	0.00114514	FALSE	0.000145733
2283	18	54957868	55809315	SCZ	5.59516e-05	8.96126e-05	FALSE	0.372064
2284	18	55809316	56832312	ASD	0.000412621	0.000664574	FALSE	0.246325
2286	18	57635822	58527236	SCZ	0.000315544	0.000505379	FALSE	0.0242542
2287	18	58527237	59449422	ASD	0.000804884	0.00129636	FALSE	0.0586224
2287	18	58527237	59449422	SCZ	0.000125739	0.000201385	FALSE	0.237933
2288	18	59449423	60780194	SCZ	0.000327322	0.000524241	FALSE	0.0581519
2289	18	60780195	62074993	ASD	8.66989e-05	0.000139639	FALSE	0.424571
2289	18	60780195	62074993	SCZ	0.000669844	0.00107283	FALSE	0.000537144
2290	18	62074994	63109755	SCZ	0.000213813	0.000342445	FALSE	0.0918619
2291	18	63109756	64253143	ASD	0.000439229	0.000707429	FALSE	0.154726
2291	18	63109756	64253143	SCZ	0.000296672	0.000475152	FALSE	0.0325088
2292	18	64253144	65294195	ASD	0.00117212	0.00188783	FALSE	0.00609286
2292	18	64253144	65294195	SCZ	0.000295866	0.000473862	FALSE	0.0346978
2293	18	65294196	66407960	ASD	0.000650532	0.00104776	FALSE	0.11237
2293	18	65294196	66407960	SCZ	0.000102636	0.000164383	FALSE	0.287329
2294	18	66407961	67195980	SCZ	0.000293475	0.000470032	FALSE	0.0369447
2296	18	68051036	69311742	SCZ	0.000705251	0.00112954	FALSE	0.00117257
2297	18	69311743	70540349	SCZ	0.000639033	0.00102348	FALSE	0.00186269
2298	18	70540350	71491860	SCZ	0.000642437	0.00102893	FALSE	0.00112321
2299	18	71491861	72785206	SCZ	7.57395e-05	0.000121305	FALSE	0.348391
2300	18	72785207	73568260	SCZ	0.000222856	0.000356928	FALSE	0.122242
2301	18	73568261	74471745	SCZ	0.000302771	0.000484921	FALSE	0.0832012
2302	18	74471746	75240760	SCZ	0.000391442	0.000626937	FALSE	0.0349455
2305	18	77148138	78017072	SCZ	0.00114105	0.00182752	FALSE	2.47891e-08
2306	19	64705	762046	SCZ	5.01705e-05	8.03536e-05	FALSE	0.331395
2307	19	762047	1515920	ASD	0.000937548	0.00151003	FALSE	0.0228438
2307	19	762047	1515920	SCZ	0.000445225	0.000713077	FALSE	0.00528579
2308	19	1515921	2253174	SCZ	0.00067414	0.00107971	FALSE	7.25304e-05
2309	19	2253175	3085446	SCZ	0.000372089	0.000595941	FALSE	0.0335092
2311	19	3893910	4741718	SCZ	9.36665e-06	1.50017e-05	FALSE	0.465724
2312	19	4741719	5478684	SCZ	0.000794839	0.00127302	FALSE	0.000209142
2313	19	5478685	6455428	SCZ	0.000308495	0.000494089	FALSE	0.0596162
2314	19	6455429	7249359	ASD	2.17331e-05	3.50036e-05	FALSE	0.473761
2314	19	6455429	7249359	SCZ	0.000342198	0.000548067	FALSE	0.0444059
2315	19	7249360	8199016	ASD	0.00074307	0.0011968	FALSE	0.0962726
2315	19	7249360	8199016	SCZ	0.000165636	0.000265284	FALSE	0.202057
2316	19	8199017	9105577	ASD	0.000456321	0.000734958	FALSE	0.183496
2317	19	9105578	10028840	ASD	0.000334677	0.000539037	FALSE	0.174991
2317	19	9105578	10028840	SCZ	0.00027491	0.000440298	FALSE	0.0218237
2318	19	10028841	11681978	SCZ	0.00071961	0.00115253	FALSE	0.00217824
2319	19	11681979	13213186	SCZ	0.000892145	0.00142887	FALSE	1.15485e-05
2320	19	13213187	13968319	ASD	0.000384197	0.000618793	FALSE	0.223564
2320	19	13213187	13968319	SCZ	0.000455533	0.000729586	FALSE	0.00928907
2321	19	13968320	14891100	SCZ	0.000625443	0.00100172	FALSE	0.000733328
2322	19	14891101	15650185	SCZ	0.000361937	0.000579682	FALSE	0.024644
2323	19	15650186	16079006	SCZ	9.44986e-05	0.00015135	FALSE	0.213021
2324	19	16079007	17045963	ASD	0.000123881	0.000199524	FALSE	0.381407
2324	19	16079007	17045963	SCZ	0.000155055	0.000248338	FALSE	0.168391
2325	19	17045964	17750518	SCZ	0.000501664	0.00080347	FALSE	0.00411615
2326	19	17750519	18504867	SCZ	0.000470709	0.000753892	FALSE	0.00629345
2327	19	18504868	19749166	SCZ	0.000811142	0.00129913	FALSE	2.82435e-05
2328	19	19749167	20485499	ASD	0.000112023	0.000180426	FALSE	0.373572
2328	19	19749167	20485499	SCZ	0.000376876	0.000603609	FALSE	0.00627053
2329	19	20485500	21155862	ASD	3.61008e-05	5.81445e-05	FALSE	0.422616
2330	19	21155863	21822653	SCZ	9.19328e-05	0.00014724	FALSE	0.175507
2331	19	21822654	22729408	SCZ	0.000197323	0.000316035	FALSE	0.0757541
2333	19	23468993	24567341	SCZ	7.59024e-06	1.21566e-05	FALSE	0.440657
2334	19	24567342	28555845	ASD	0.000247726	0.000398992	FALSE	0.191793
2334	19	24567342	28555845	SCZ	0.000139733	0.000223797	FALSE	0.0973197
2335	19	28555846	29389090	SCZ	0.000438149	0.000701744	FALSE	0.00415077
2337	19	30375793	31763008	SCZ	0.000838784	0.0013434	FALSE	0.000138498
2338	19	31763009	33028099	SCZ	0.000617658	0.000989247	FALSE	0.00245744
2339	19	33028100	33785835	ASD	0.000325259	0.000523868	FALSE	0.229775
2339	19	33028100	33785835	SCZ	0.000226947	0.00036348	FALSE	0.0827306
2340	19	33785836	34633274	ASD	0.00046429	0.000747793	FALSE	0.200736
2340	19	33785836	34633274	SCZ	0.000338921	0.000542819	FALSE	0.0492919
2341	19	34633275	35649343	ASD	0.000253312	0.000407989	FALSE	0.296471
2341	19	34633275	35649343	SCZ	0.000524175	0.000839523	FALSE	0.00278997
2342	19	35649344	36638122	ASD	0.000157924	0.000254355	FALSE	0.385651
2342	19	35649344	36638122	SCZ	0.000484531	0.00077603	FALSE	0.0138314
2343	19	36638123	38472870	ASD	0.000135432	0.000218129	FALSE	0.348863
2343	19	36638123	38472870	SCZ	0.000827867	0.00132592	FALSE	1.75796e-07
2344	19	38472871	39370419	ASD	0.000632256	0.00101832	FALSE	0.100913
2344	19	38472871	39370419	SCZ	0.000947865	0.00151811	FALSE	9.52651e-07
2345	19	39370420	40171413	SCZ	0.00048845	0.000782307	FALSE	0.0030649
2346	19	40171414	41004105	ASD	0.00123855	0.00199483	FALSE	0.00366919
2347	19	41004106	41733463	SCZ	2.39123e-09	3.82982e-09	FALSE	0.487979
2348	19	41733464	43317282	SCZ	0.000506687	0.000811514	FALSE	0.00420066
2349	19	43317283	43960958	ASD	0.00040127	0.000646292	FALSE	0.122943
2350	19	43960959	45040932	SCZ	0.000391105	0.000626397	FALSE	0.0232934
2352	19	45893308	46765060	SCZ	0.000685093	0.00109725	FALSE	0.000389014
2353	19	46765061	47752727	SCZ	0.000139115	0.000222808	FALSE	0.235923
2354	19	47752728	48573065	SCZ	6.87667e-05	0.000110137	FALSE	0.334016
2355	19	48573066	49415189	SCZ	0.000230551	0.000369252	FALSE	0.11168
2356	19	49415190	50451925	ASD	0.000219617	0.000353719	FALSE	0.339251
2356	19	49415190	50451925	SCZ	0.000854897	0.00136921	FALSE	4.79812e-05
2357	19	50451926	51259178	SCZ	0.000646178	0.00103492	FALSE	0.000484295
2358	19	51259179	51903804	SCZ	5.80942e-05	9.30442e-05	FALSE	0.369785
2359	19	51903805	52678748	SCZ	0.000424202	0.000679406	FALSE	0.0200607
2360	19	52678749	53431217	SCZ	0.000103581	0.000165896	FALSE	0.290001
2361	19	53431218	54042240	ASD	6.63858e-05	0.000106922	FALSE	0.442307
2361	19	53431218	54042240	SCZ	2.59381e-05	4.15427e-05	FALSE	0.438024
2362	19	54042241	54602370	SCZ	7.77356e-05	0.000124502	FALSE	0.292998
2363	19	54602371	55182973	SCZ	3.86339e-05	6.18764e-05	FALSE	0.400729
2364	19	55182974	55714085	SCZ	0.00045484	0.000728475	FALSE	0.00246766
2365	19	55714086	56411086	SCZ	0.000585761	0.00093816	FALSE	0.00599525
2366	19	56411087	57143509	ASD	0.000257072	0.000414045	FALSE	0.316818
2367	19	57143510	57959952	SCZ	0.000576199	0.000922845	FALSE	0.00404941
2368	19	57959953	59118811	SCZ	0.000293306	0.000469761	FALSE	0.0583885
2369	20	60795	884241	SCZ	0.000215706	0.000345477	FALSE	0.161048
2370	20	884242	1771285	ASD	0.000561569	0.000904473	FALSE	0.16818
2370	20	884242	1771285	SCZ	0.000177914	0.000284948	FALSE	0.195523
2371	20	1771286	2668108	SCZ	0.000384755	0.000616227	FALSE	0.0324291
2372	20	2668109	3736551	ASD	0.00139485	0.00224657	FALSE	0.00659108
2372	20	2668109	3736551	SCZ	0.000367835	0.000589129	FALSE	0.0311564
2373	20	3736552	4591847	SCZ	0.00025237	0.000404199	FALSE	0.10889
2374	20	4591848	5379450	SCZ	0.000249279	0.000399247	FALSE	0.0819203
2376	20	6128359	7231796	SCZ	0.000251225	0.000402364	FALSE	0.100159
2377	20	7231797	7959828	ASD	0.00037186	0.000598924	FALSE	0.1388
2377	20	7231797	7959828	SCZ	0.000102239	0.000163748	FALSE	0.196716
2378	20	7959829	9279550	SCZ	0.000435993	0.000698291	FALSE	0.0267264
2379	20	9279551	10279603	SCZ	0.000318948	0.00051083	FALSE	0.0586398
2380	20	10279604	11257012	SCZ	0.000272731	0.000436808	FALSE	0.085853
2381	20	11257013	12353961	ASD	0.000245091	0.000394748	FALSE	0.309988
2381	20	11257013	12353961	SCZ	8.87019e-05	0.000142066	FALSE	0.307969
2382	20	12353962	13202335	SCZ	0.000283031	0.000453305	FALSE	0.0520516
2384	20	14203756	15238519	ASD	0.00108022	0.00173981	FALSE	0.0174117
2384	20	14203756	15238519	SCZ	0.000613471	0.00098254	FALSE	0.000657972
2385	20	15238520	15962576	SCZ	0.000438545	0.000702377	FALSE	0.0116936
2386	20	15962577	16661516	ASD	0.000764169	0.00123078	FALSE	0.0682274
2386	20	15962577	16661516	SCZ	0.000625339	0.00100155	FALSE	0.000662864
2387	20	16661517	17359290	ASD	6.12378e-05	9.86307e-05	FALSE	0.440118
2387	20	16661517	17359290	SCZ	0.000472014	0.000755983	FALSE	0.00655589
2388	20	17359291	18058524	ASD	4.75711e-05	7.66187e-05	FALSE	0.451638
2388	20	17359291	18058524	SCZ	0.000363982	0.000582957	FALSE	0.0273138
2389	20	18058525	18959419	ASD	0.000643348	0.00103619	FALSE	0.0776217
2389	20	18058525	18959419	SCZ	0.00034036	0.000545123	FALSE	0.0214233
2390	20	18959420	19957928	SCZ	0.000823863	0.00131951	FALSE	0.000119463
2391	20	19957929	21682377	ASD	0.00102854	0.00165659	FALSE	0.0536117
2391	20	19957929	21682377	SCZ	0.000739348	0.00118415	FALSE	0.000963325
2392	20	21682378	22780956	ASD	0.000206809	0.00033309	FALSE	0.312495
2393	20	22780957	23808562	SCZ	0.000600059	0.00096106	FALSE	0.00132709
2394	20	23808563	24487128	SCZ	0.000366709	0.000587324	FALSE	0.00867419
2395	20	24487129	25181038	ASD	0.00029064	0.00046811	FALSE	0.216458
2395	20	24487129	25181038	SCZ	0.000196765	0.000315141	FALSE	0.0792321
2396	20	25181039	26318858	ASD	0.000248151	0.000399676	FALSE	0.188946
2396	20	25181039	26318858	SCZ	7.74966e-05	0.000124119	FALSE	0.217672
2397	20	26318859	30569659	ASD	1.03678e-05	1.66985e-05	FALSE	0.467199
2397	20	26318859	30569659	SCZ	0.000144355	0.0002312	FALSE	0.0938028
2398	20	30569660	32484506	ASD	0.000670065	0.00107922	FALSE	0.133883
2398	20	30569660	32484506	SCZ	0.000504648	0.00080825	FALSE	0.0123933
2399	20	32484507	33890060	SCZ	0.000492629	0.000788998	FALSE	0.000228141
2400	20	33890061	35990261	ASD	0.000308088	0.000496212	FALSE	0.276384
2400	20	33890061	35990261	SCZ	0.000514995	0.000824821	FALSE	0.00546764
2401	20	35990262	37253657	ASD	0.00127434	0.00205247	FALSE	0.0156321
2401	20	35990262	37253657	SCZ	0.000599068	0.000959473	FALSE	0.00273959
2402	20	37253658	38427594	SCZ	0.000971443	0.00155587	FALSE	9.0504e-07
2403	20	38427595	40272390	ASD	0.00101041	0.00162738	FALSE	0.0554248
2403	20	38427595	40272390	SCZ	0.000800089	0.00128143	FALSE	0.000399072
2404	20	40272391	41351514	SCZ	0.000410201	0.000656982	FALSE	0.0365645
2405	20	41351515	42185671	ASD	0.000798619	0.00128627	FALSE	0.0758859
2405	20	41351515	42185671	SCZ	0.000771875	0.00123624	FALSE	0.000150248
2406	20	42185672	43008890	SCZ	0.000447531	0.00071677	FALSE	0.0107679
2407	20	43008891	44072210	SCZ	0.000756804	0.0012121	FALSE	8.96764e-05
2408	20	44072211	45673603	SCZ	0.000295918	0.000473945	FALSE	0.106748
2409	20	45673604	46486132	SCZ	0.000323291	0.000517786	FALSE	0.0380822
2410	20	46486133	47203836	ASD	0.000134369	0.000216417	FALSE	0.382666
2410	20	46486133	47203836	SCZ	0.00042318	0.000677769	FALSE	0.0114793
2411	20	47203837	48212975	ASD	0.000103927	0.000167387	FALSE	0.39798
2411	20	47203837	48212975	SCZ	0.000436985	0.000699879	FALSE	0.0061087
2412	20	48212976	49236418	SCZ	9.84814e-05	0.000157729	FALSE	0.304952
2413	20	49236419	50653620	ASD	0.00139667	0.00224951	FALSE	0.0229806
2413	20	49236419	50653620	SCZ	0.000693661	0.00111097	FALSE	0.00320946
2414	20	50653621	51533750	ASD	0.000145317	0.00023405	FALSE	0.35212
2414	20	50653621	51533750	SCZ	3.4727e-05	5.5619e-05	FALSE	0.395105
2415	20	51533751	52411532	SCZ	0.000519312	0.000831735	FALSE	0.00931535
2416	20	52411533	53120334	SCZ	0.000304464	0.000487632	FALSE	0.046055
2417	20	53120335	53879803	SCZ	1.81225e-05	2.90252e-05	FALSE	0.431622
2418	20	53879804	54743694	ASD	0.000481225	0.000775068	FALSE	0.131291
2418	20	53879804	54743694	SCZ	0.000241771	0.000387222	FALSE	0.0626991
2419	20	54743695	55448075	SCZ	4.6768e-05	7.4904e-05	FALSE	0.39209
2420	20	55448076	56172843	ASD	0.00038029	0.0006125	FALSE	0.257071
2420	20	55448076	56172843	SCZ	0.000442858	0.000709286	FALSE	0.0223624
2421	20	56172844	56951773	SCZ	0.000462177	0.000740227	FALSE	0.0132333
2422	20	56951774	57924037	ASD	0.000215093	0.000346433	FALSE	0.344087
2422	20	56951774	57924037	SCZ	0.000198321	0.000317632	FALSE	0.163412
2424	20	58780895	59560457	ASD	0.000635827	0.00102407	FALSE	0.0980799
2424	20	58780895	59560457	SCZ	0.000157612	0.000252433	FALSE	0.179652
2425	20	59560458	60125333	SCZ	0.000218897	0.000350587	FALSE	0.0892599
2426	20	60125334	60766557	SCZ	0.000148009	0.000237053	FALSE	0.199882
2427	20	60766558	61470768	SCZ	0.000284717	0.000456005	FALSE	0.0657804
2428	20	61470769	62179241	ASD	0.000361966	0.000582989	FALSE	0.25914
2428	20	61470769	62179241	SCZ	0.00091066	0.00145852	FALSE	2.54811e-05
2429	20	62179242	62963627	ASD	0.000798523	0.00128611	FALSE	0.0507407
2429	20	62179242	62963627	SCZ	0.00059947	0.000960116	FALSE	0.000563079
2431	21	15026793	15840033	SCZ	0.00041749	0.000668656	FALSE	0.00244762
2432	21	15840034	16873443	SCZ	0.000491604	0.000787358	FALSE	0.00941669
2433	21	16873444	18222037	ASD	0.000569625	0.000917447	FALSE	0.120211
2433	21	16873444	18222037	SCZ	0.000635799	0.0010183	FALSE	0.000355409
2434	21	18222038	19479024	ASD	0.00029363	0.000472925	FALSE	0.296453
2434	21	18222038	19479024	SCZ	0.00052061	0.000833814	FALSE	0.00747636
2435	21	19479025	20407307	SCZ	0.000296383	0.00047469	FALSE	0.0657763
2436	21	20407308	21632916	SCZ	0.000422392	0.000676507	FALSE	0.0196263
2437	21	21632917	22201890	SCZ	0.00068977	0.00110474	FALSE	8.01299e-05
2438	21	22201891	23266941	ASD	0.00014335	0.000230882	FALSE	0.379522
2438	21	22201891	23266941	SCZ	0.000302094	0.000483837	FALSE	0.0534723
2439	21	23266942	24055941	SCZ	0.000312328	0.000500227	FALSE	0.0384392
2440	21	24055942	25247986	SCZ	0.000656872	0.00105205	FALSE	0.0010566
2441	21	25247987	26467826	SCZ	0.000457383	0.00073255	FALSE	0.00926397
2442	21	26467827	27774350	SCZ	0.000465505	0.000745558	FALSE	0.0132286
2443	21	27774351	28616539	SCZ	0.000283337	0.000453795	FALSE	0.0588596
2444	21	28616540	29449870	ASD	0.000499329	0.000804228	FALSE	0.138438
2444	21	28616540	29449870	SCZ	0.000289086	0.000463002	FALSE	0.0436062
2445	21	29449871	30847296	ASD	0.000510746	0.000822616	FALSE	0.105966
2445	21	29449871	30847296	SCZ	0.000395448	0.000633352	FALSE	0.00536035
2446	21	30847297	32202239	ASD	0.000319347	0.000514345	FALSE	0.237464
2446	21	30847297	32202239	SCZ	0.000523834	0.000838977	FALSE	0.00153136
2447	21	32202240	33270272	SCZ	0.000310063	0.0004966	FALSE	0.0593489
2448	21	33270273	34383794	SCZ	0.000140335	0.000224762	FALSE	0.232328
2449	21	34383795	35729261	SCZ	0.000595921	0.000954432	FALSE	0.00806244
2450	21	35729262	37303548	SCZ	0.000504578	0.000808137	FALSE	0.0197107
2451	21	37303549	38046449	ASD	3.20852e-05	5.1677e-05	FALSE	0.458897
2451	21	37303549	38046449	SCZ	0.000111659	0.000178833	FALSE	0.237943
2452	21	38046450	39252059	SCZ	0.000701534	0.00112358	FALSE	0.000817937
2453	21	39252060	40480831	SCZ	0.000268928	0.000430718	FALSE	0.114193
2454	21	40480832	41344742	ASD	0.000398075	0.000641146	FALSE	0.203024
2454	21	40480832	41344742	SCZ	0.000233437	0.000373875	FALSE	0.0920446
2455	21	41344743	42187152	ASD	0.000623093	0.00100356	FALSE	0.131493
2455	21	41344743	42187152	SCZ	0.000353694	0.000566479	FALSE	0.0409997
2456	21	42187153	43081434	SCZ	0.000200021	0.000320355	FALSE	0.184324
2457	21	43081435	43812791	ASD	0.000615655	0.000991584	FALSE	0.177651
2457	21	43081435	43812791	SCZ	0.000288472	0.000462019	FALSE	0.115329
2458	21	43812792	44815008	SCZ	0.000672777	0.00107753	FALSE	0.00162899
2459	21	44815009	46045433	SCZ	0.000338448	0.000542061	FALSE	0.0711901
2460	21	46045434	47014880	SCZ	0.000464223	0.000743504	FALSE	0.0192269
2461	21	47014881	48119633	SCZ	0.000333158	0.000533589	FALSE	0.038777
2463	22	17587475	18535225	SCZ	6.53727e-05	0.000104702	FALSE	0.367306
2464	22	18535226	19635654	ASD	0.00104747	0.00168707	FALSE	0.0174236
2464	22	18535226	19635654	SCZ	7.0548e-05	0.00011299	FALSE	0.328987
2465	22	19635655	20969184	ASD	0.000178881	0.000288108	FALSE	0.356401
2465	22	19635655	20969184	SCZ	0.000816525	0.00130775	FALSE	3.37027e-05
2466	22	20969185	22404422	SCZ	0.00013523	0.000216586	FALSE	0.202044
2467	22	22404423	23143364	ASD	0.000302821	0.000487729	FALSE	0.168106
2467	22	22404423	23143364	SCZ	0.000229677	0.000367853	FALSE	0.0278281
2468	22	23143365	23950732	ASD	0.000446597	0.000719296	FALSE	0.161231
2469	22	23950733	25282436	SCZ	0.000300952	0.000482007	FALSE	0.0587576
2470	22	25282437	26166934	SCZ	0.000741676	0.00118788	FALSE	7.10606e-05
2471	22	26166935	27192923	SCZ	0.000826614	0.00132391	FALSE	0.000351193
2472	22	27192924	27952441	ASD	0.000481608	0.000775686	FALSE	0.225976
2473	22	27952442	29457601	SCZ	0.000741024	0.00118683	FALSE	0.000233706
2474	22	29457602	30962255	SCZ	0.000790285	0.00126573	FALSE	9.71453e-05
2475	22	30962256	31904549	SCZ	0.000718997	0.00115155	FALSE	4.52651e-05
2476	22	31904550	32662293	SCZ	0.000380567	0.00060952	FALSE	0.00383512
2477	22	32662294	33501725	ASD	0.00022642	0.000364675	FALSE	0.332107
2477	22	32662294	33501725	SCZ	0.000410907	0.000658113	FALSE	0.0218477
2478	22	33501726	34361897	SCZ	0.000422738	0.000677062	FALSE	0.0184536
2479	22	34361898	35368341	ASD	0.000113307	0.000182495	FALSE	0.395247
2479	22	34361898	35368341	SCZ	9.36619e-05	0.00015001	FALSE	0.284544
2480	22	35368342	36135968	SCZ	0.000372966	0.000597346	FALSE	0.0182685
2481	22	36135969	37364004	SCZ	0.00044913	0.000719331	FALSE	0.0182806
2482	22	37364005	38718589	ASD	0.000495223	0.000797614	FALSE	0.21794
2482	22	37364005	38718589	SCZ	0.000294285	0.00047133	FALSE	0.102363
2483	22	38718590	40378783	SCZ	0.00133955	0.00214543	FALSE	7.23492e-08
2484	22	40378784	41722787	ASD	0.000448423	0.000722237	FALSE	0.141879
2484	22	40378784	41722787	SCZ	0.00127803	0.0020469	FALSE	2.8628e-12
2485	22	41722788	42867927	ASD	0.000957026	0.0015414	FALSE	0.017362
2485	22	41722788	42867927	SCZ	0.00173541	0.00277945	FALSE	3.83864e-18
2486	22	42867928	43574017	ASD	0.000400422	0.000644926	FALSE	0.183858
2486	22	42867928	43574017	SCZ	0.000245247	0.000392789	FALSE	0.0674549
2487	22	43574018	44409533	SCZ	0.000495952	0.000794322	FALSE	0.0076548
2488	22	44409534	45170649	SCZ	0.000303731	0.000486459	FALSE	0.0979503
2489	22	45170650	46351048	SCZ	0.000124583	0.000199533	FALSE	0.297795
2490	22	46351049	47299625	ASD	0.000269501	0.000434062	FALSE	0.310919
2490	22	46351049	47299625	SCZ	0.000329542	0.000527797	FALSE	0.0564157
2491	22	47299626	48269177	SCZ	0.000548265	0.000878106	FALSE	0.00773581
2492	22	48269178	48977538	SCZ	0.000327047	0.000523802	FALSE	0.0592105
2493	22	48977539	49559207	SCZ	0.000459808	0.000736433	FALSE	0.0200047
2494	22	49559208	50347996	SCZ	0.000210955	0.000337867	FALSE	0.139934
2495	22	50347997	51244236	SCZ	0.00105999	0.0016977	FALSE	2.02253e-06
